BEGIN DSCRDATA
% INDEX	K01	L01	M01	K02	L02	M02	K03	L03	M03	K04	L04	M04	K05	L05	M05	K06	L06	M06	K07	L07	M07	K08	L08	M08	K09	L09	M09	K10	L10	M10	K11	L11	M11	K12	L12	M12	K13	L13	M13	K14	L14	M14	K15	L15	M15	K16	L16	M16	K17	L17	M17	K18	L18	M18
0	0	0	0	0	0	0	0	0	0	0	0	0	0	0	0	0	0	0	0	0	0	0	0	0	0	0	0	0	0	0	0	0	0	0	0	0	0	0	0	0	0	0	0	0	0	0	0	0	0	0	0	0	0	0
1	1.0518905382571E-09	1E10	1E10	1E-30	9.4585753453693E-11	1E10	1E-30	1E10	0.36597670622538	8.00946435659034E-08	1E10	44198.0883510988	2.02989287597199E-07	1E10	1397.66627414828	1.66876895469616E-07	1E10	171.950516910232	1.30406102903575E-07	1E10	22.1515176323009	8.66385339077156E-08	1E10	3.34189012739038	5.06102021434292E-08	1E10	0.778499078181702	1.49527246078202E-08	1E10	0.24597060890099	1.3058625533186E-11	2.62861111604977E-10	5.06646494563435	1.23525854887942E-12	2.34211213046326E-10	15.6879573855277	1E10	1E-30	1E-10	1E10	1E-30	1E-10	1E10	1E-30	1E-10	1E10	1E-30	1E-10	1E10	1E-30	1E-10	1E10	1E-30	1E-10
2	1.0518905382571E-09	1E10	1E10	1E-30	9.4585753453693E-11	1E10	1E-30	1E10	0.36597670622538	8.00946435659034E-08	1E10	44198.0883510988	2.02989287597199E-07	1E10	1397.66627414828	1.66876895469616E-07	1E10	171.950516910232	1.30406102903575E-07	1E10	22.1515176323009	8.66385339077156E-08	1E10	3.34189012739038	5.06102021434292E-08	1E10	0.778499078181702	1.49527246078202E-08	1E10	0.24597060890099	1.3058625533186E-11	2.62861111604977E-10	5.06646494563435	1.23525854887942E-12	2.34211213046326E-10	15.6879573855277	1E10	1E-30	1E-10	1E10	1E-30	1E-10	1E10	1E-30	1E-10	1E10	1E-30	1E-10	1E10	1E-30	1E-10	1E10	1E-30	1E-10
3	1.0518905382571E-09	1E10	1E10	1E-30	9.4585753453693E-11	1E10	1E-30	1E10	0.36597670622538	8.00946435659034E-08	1E10	44198.0883510988	2.02989287597199E-07	1E10	1397.66627414828	1.66876895469616E-07	1E10	171.950516910232	1.30406102903575E-07	1E10	22.1515176323009	8.66385339077156E-08	1E10	3.34189012739038	5.06102021434292E-08	1E10	0.778499078181702	1.49527246078202E-08	1E10	0.24597060890099	1.3058625533186E-11	2.62861111604977E-10	5.06646494563435	1.23525854887942E-12	2.34211213046326E-10	15.6879573855277	1E10	1E-30	1E-10	1E10	1E-30	1E-10	1E10	1E-30	1E-10	1E10	1E-30	1E-10	1E10	1E-30	1E-10	1E10	1E-30	1E-10
4	1.0518905382571E-09	1E10	1E10	1E-30	9.4585753453693E-11	1E10	1E-30	1E10	0.36597670622538	8.00946435659034E-08	1E10	44198.0883510988	2.02989287597199E-07	1E10	1397.66627414828	1.66876895469616E-07	1E10	171.950516910232	1.30406102903575E-07	1E10	22.1515176323009	8.66385339077156E-08	1E10	3.34189012739038	5.06102021434292E-08	1E10	0.778499078181702	1.49527246078202E-08	1E10	0.24597060890099	1.3058625533186E-11	2.62861111604977E-10	5.06646494563435	1.23525854887942E-12	2.34211213046326E-10	15.6879573855277	1E10	1E-30	1E-10	1E10	1E-30	1E-10	1E10	1E-30	1E-10	1E10	1E-30	1E-10	1E10	1E-30	1E-10	1E10	1E-30	1E-10
5	1.0518905382571E-09	1E10	1E10	1E-30	9.4585753453693E-11	1E10	1E-30	1E10	0.36597670622538	8.00946435659034E-08	1E10	44198.0883510988	2.02989287597199E-07	1E10	1397.66627414828	1.66876895469616E-07	1E10	171.950516910232	1.30406102903575E-07	1E10	22.1515176323009	8.66385339077156E-08	1E10	3.34189012739038	5.06102021434292E-08	1E10	0.778499078181702	1.49527246078202E-08	1E10	0.24597060890099	1.3058625533186E-11	2.62861111604977E-10	5.06646494563435	1.23525854887942E-12	2.34211213046326E-10	15.6879573855277	1E10	1E-30	1E-10	1E10	1E-30	1E-10	1E10	1E-30	1E-10	1E10	1E-30	1E-10	1E10	1E-30	1E-10	1E10	1E-30	1E-10
6	1.0518905382571E-09	1E10	1E10	1E-30	9.4585753453693E-11	1E10	1E-30	1E10	0.36597670622538	8.00946435659034E-08	1E10	44198.0883510988	2.02989287597199E-07	1E10	1397.66627414828	1.66876895469616E-07	1E10	171.950516910232	1.30406102903575E-07	1E10	22.1515176323009	8.66385339077156E-08	1E10	3.34189012739038	5.06102021434292E-08	1E10	0.778499078181702	1.49527246078202E-08	1E10	0.24597060890099	1.3058625533186E-11	2.62861111604977E-10	5.06646494563435	1.23525854887942E-12	2.34211213046326E-10	15.6879573855277	1E10	1E-30	1E-10	1E10	1E-30	1E-10	1E10	1E-30	1E-10	1E10	1E-30	1E-10	1E10	1E-30	1E-10	1E10	1E-30	1E-10
7	1.0518905382571E-09	1E10	1E10	1E-30	9.4585753453693E-11	1E10	1E-30	1E10	0.36597670622538	8.00946435659034E-08	1E10	44198.0883510988	2.02989287597199E-07	1E10	1397.66627414828	1.66876895469616E-07	1E10	171.950516910232	1.30406102903575E-07	1E10	22.1515176323009	8.66385339077156E-08	1E10	3.34189012739038	5.06102021434292E-08	1E10	0.778499078181702	1.49527246078202E-08	1E10	0.24597060890099	1.3058625533186E-11	2.62861111604977E-10	5.06646494563435	1.23525854887942E-12	2.34211213046326E-10	15.6879573855277	1E10	1E-30	1E-10	1E10	1E-30	1E-10	1E10	1E-30	1E-10	1E10	1E-30	1E-10	1E10	1E-30	1E-10	1E10	1E-30	1E-10
8	1.0518905382571E-09	1E10	1E10	1E-30	9.4585753453693E-11	1E10	1E-30	1E10	0.36597670622538	8.00946435659034E-08	1E10	44198.0883510988	2.02989287597199E-07	1E10	1397.66627414828	1.66876895469616E-07	1E10	171.950516910232	1.30406102903575E-07	1E10	22.1515176323009	8.66385339077156E-08	1E10	3.34189012739038	5.06102021434292E-08	1E10	0.778499078181702	1.49527246078202E-08	1E10	0.24597060890099	1.3058625533186E-11	2.62861111604977E-10	5.06646494563435	1.23525854887942E-12	2.34211213046326E-10	15.6879573855277	1E10	1E-30	1E-10	1E10	1E-30	1E-10	1E10	1E-30	1E-10	1E10	1E-30	1E-10	1E10	1E-30	1E-10	1E10	1E-30	1E-10
9	9.53414857078204E-10	1E10	1E10	1E-30	1.40732964703389E-10	1E10	1E-30	1E10	0.134839832581817	4.51614023648401E-08	1E10	41978.4943178167	5.3985462001297E-08	1E10	3041.073083363	4.88419814525981E-08	1E10	365.617401119966	3.35758353411262E-08	1E10	55.9430736492827	2.80606516132972E-08	1E10	7.29523814756898	2.33406484168024E-08	1E10	1.17081864922768	1.57225953042095E-08	1E10	0.243581976034258	1E-30	8.46878594319545E-11	2.09999330805578	6.82116948587817E-09	8.90422395243908E-12	0.144907892894381	1.00063264974403E-09	2.35288347325828E-11	0.422773512021741	4.38636563565685E-12	1.28213901650753E-10	40.8814415116195	2.63123736648888E-12	1.1509529078217E-10	25.5515702342498	1E10	1E-30	1E-10	1E10	1E-30	1E-10	1E10	1E-30	1E-10
10	9.53414857078204E-10	1E10	1E10	1E-30	1.40732964703389E-10	1E10	1E-30	1E10	0.134839832581817	4.51614023648401E-08	1E10	41978.4943178167	5.3985462001297E-08	1E10	3041.073083363	4.88419814525981E-08	1E10	365.617401119966	3.35758353411262E-08	1E10	55.9430736492827	2.80606516132972E-08	1E10	7.29523814756898	2.33406484168024E-08	1E10	1.17081864922768	1.57225953042095E-08	1E10	0.243581976034258	1E-30	8.46878594319545E-11	2.09999330805578	6.82116948587817E-09	8.90422395243908E-12	0.144907892894381	1.00063264974403E-09	2.35288347325828E-11	0.422773512021741	4.38636563565685E-12	1.28213901650753E-10	40.8814415116195	2.63123736648888E-12	1.1509529078217E-10	25.5515702342498	1E10	1E-30	1E-10	1E10	1E-30	1E-10	1E10	1E-30	1E-10
11	1.17231405438177E-09	1E10	1E10	1E-30	1.13048103854887E-10	1E10	1E-30	1E10	0.240384222826534	9.19219410430657E-08	1E10	9704.91615231228	1.34927163471214E-07	1E10	404.568241304572	1.44152203198032E-07	1E10	44.3600255442458	1.20181606421969E-07	1E10	7.44018401638225	7.25426920703374E-08	1E10	2.09746206329339	4.54640127725169E-08	1E10	0.536116926721416	2.43595098926271E-08	1E10	0.143562971585662	1.9048538373339E-09	1.07777796695427E-11	0.14476343170029	1.42297304921232E-11	2.50723062239941E-10	5.47215413515049	1.16410387547326E-12	2.38474121997303E-10	25.4561786791049	1E10	1E-30	1E-10	1E10	1E-30	1E-10	1E10	1E-30	1E-10	1E10	1E-30	1E-10	1E10	1E-30	1E-10
12	1.17231405438177E-09	1E10	1E10	1E-30	1.13048103854887E-10	1E10	1E-30	1E10	0.240384222826534	9.19219410430657E-08	1E10	9704.91615231228	1.34927163471214E-07	1E10	404.568241304572	1.44152203198032E-07	1E10	44.3600255442458	1.20181606421969E-07	1E10	7.44018401638225	7.25426920703374E-08	1E10	2.09746206329339	4.54640127725169E-08	1E10	0.536116926721416	2.43595098926271E-08	1E10	0.143562971585662	1.9048538373339E-09	1.07777796695427E-11	0.14476343170029	1.42297304921232E-11	2.50723062239941E-10	5.47215413515049	1.16410387547326E-12	2.38474121997303E-10	25.4561786791049	1E10	1E-30	1E-10	1E10	1E-30	1E-10	1E10	1E-30	1E-10	1E10	1E-30	1E-10	1E10	1E-30	1E-10
13	1.17231405438177E-09	1E10	1E10	1E-30	1.13048103854887E-10	1E10	1E-30	1E10	0.240384222826534	9.19219410430657E-08	1E10	9704.91615231228	1.34927163471214E-07	1E10	404.568241304572	1.44152203198032E-07	1E10	44.3600255442458	1.20181606421969E-07	1E10	7.44018401638225	7.25426920703374E-08	1E10	2.09746206329339	4.54640127725169E-08	1E10	0.536116926721416	2.43595098926271E-08	1E10	0.143562971585662	1.9048538373339E-09	1.07777796695427E-11	0.14476343170029	1.42297304921232E-11	2.50723062239941E-10	5.47215413515049	1.16410387547326E-12	2.38474121997303E-10	25.4561786791049	1E10	1E-30	1E-10	1E10	1E-30	1E-10	1E10	1E-30	1E-10	1E10	1E-30	1E-10	1E10	1E-30	1E-10
14	1.18907277066199E-09	1E10	1E10	1E-30	9.91892294749315E-11	1E10	1E-30	1E10	0.120532208234406	6.91339788820661E-08	1E10	50407.8271370704	1.18126191095148E-07	1E10	6799.82878000042	6.95578581576996E-08	1E10	1594.03545653187	5.87627880706114E-08	1E10	187.282836036621	4.80347830955783E-08	1E10	29.7276994473477	3.74395849579003E-08	1E10	4.7633546490455	2.38718358999993E-08	1E10	0.830662964184804	1.59938328287081E-08	1E10	0.121967710557714	1E-30	5.53568310462465E-11	0.770239309540073	1.61320987704802E-08	3.38641074151364E-12	4.64555109627778E-02	1.43583488297753E-09	1.34174266909132E-11	0.210474765544335	2.30136699514625E-12	2.62880775746808E-10	61.1467357604665	2.52682083794536E-12	1.145955188879E-10	23.7571926377605	1E10	1E-30	1E-10	1E10	1E-30	1E-10
15	1.54597625106252E-09	1E10	1E10	1E-30	6.53860593981168E-11	1E10	1E-30	1E10	0.419504114736293	1.69425115113417E-07	1E10	9647.6517369164	2.48470794656606E-07	1E10	652.261309184006	2.2253509627678E-07	1E10	55.5164411094188	1.72061929167277E-07	1E10	7.62280674280465	8.37174477668817E-08	1E10	1.36145607288487	3.22129323477091E-08	1E10	0.284672731997883	8.50170914928751E-10	1.82741606510611E-11	0.133360104305829	1.11899156318877E-11	2.36178324792693E-10	4.57044266293502	1.45763237557927E-12	2.19316143284475E-10	28.8780576700612	1E10	1E-30	1E-10	1E10	1E-30	1E-10	1E10	1E-30	1E-10	1E10	1E-30	1E-10	1E10	1E-30	1E-10	1E10	1E-30	1E-10
16	1.54597625106252E-09	1E10	1E10	1E-30	6.53860593981168E-11	1E10	1E-30	1E10	0.419504114736293	1.69425115113417E-07	1E10	9647.6517369164	2.48470794656606E-07	1E10	652.261309184006	2.2253509627678E-07	1E10	55.5164411094188	1.72061929167277E-07	1E10	7.62280674280465	8.37174477668817E-08	1E10	1.36145607288487	3.22129323477091E-08	1E10	0.284672731997883	8.50170914928751E-10	1.82741606510611E-11	0.133360104305829	1.11899156318877E-11	2.36178324792693E-10	4.57044266293502	1.45763237557927E-12	2.19316143284475E-10	28.8780576700612	1E10	1E-30	1E-10	1E10	1E-30	1E-10	1E10	1E-30	1E-10	1E10	1E-30	1E-10	1E10	1E-30	1E-10	1E10	1E-30	1E-10
17	1.54597625106252E-09	1E10	1E10	1E-30	6.53860593981168E-11	1E10	1E-30	1E10	0.419504114736293	1.69425115113417E-07	1E10	9647.6517369164	2.48470794656606E-07	1E10	652.261309184006	2.2253509627678E-07	1E10	55.5164411094188	1.72061929167277E-07	1E10	7.62280674280465	8.37174477668817E-08	1E10	1.36145607288487	3.22129323477091E-08	1E10	0.284672731997883	8.50170914928751E-10	1.82741606510611E-11	0.133360104305829	1.11899156318877E-11	2.36178324792693E-10	4.57044266293502	1.45763237557927E-12	2.19316143284475E-10	28.8780576700612	1E10	1E-30	1E-10	1E10	1E-30	1E-10	1E10	1E-30	1E-10	1E10	1E-30	1E-10	1E10	1E-30	1E-10	1E10	1E-30	1E-10
18	1.54597625106252E-09	1E10	1E10	1E-30	6.53860593981168E-11	1E10	1E-30	1E10	0.419504114736293	1.69425115113417E-07	1E10	9647.6517369164	2.48470794656606E-07	1E10	652.261309184006	2.2253509627678E-07	1E10	55.5164411094188	1.72061929167277E-07	1E10	7.62280674280465	8.37174477668817E-08	1E10	1.36145607288487	3.22129323477091E-08	1E10	0.284672731997883	8.50170914928751E-10	1.82741606510611E-11	0.133360104305829	1.11899156318877E-11	2.36178324792693E-10	4.57044266293502	1.45763237557927E-12	2.19316143284475E-10	28.8780576700612	1E10	1E-30	1E-10	1E10	1E-30	1E-10	1E10	1E-30	1E-10	1E10	1E-30	1E-10	1E10	1E-30	1E-10	1E10	1E-30	1E-10
19	1.54597625106252E-09	1E10	1E10	1E-30	6.53860593981168E-11	1E10	1E-30	1E10	0.419504114736293	1.69425115113417E-07	1E10	9647.6517369164	2.48470794656606E-07	1E10	652.261309184006	2.2253509627678E-07	1E10	55.5164411094188	1.72061929167277E-07	1E10	7.62280674280465	8.37174477668817E-08	1E10	1.36145607288487	3.22129323477091E-08	1E10	0.284672731997883	8.50170914928751E-10	1.82741606510611E-11	0.133360104305829	1.11899156318877E-11	2.36178324792693E-10	4.57044266293502	1.45763237557927E-12	2.19316143284475E-10	28.8780576700612	1E10	1E-30	1E-10	1E10	1E-30	1E-10	1E10	1E-30	1E-10	1E10	1E-30	1E-10	1E10	1E-30	1E-10	1E10	1E-30	1E-10
20	1.54597625106252E-09	1E10	1E10	1E-30	6.53860593981168E-11	1E10	1E-30	1E10	0.419504114736293	1.69425115113417E-07	1E10	9647.6517369164	2.48470794656606E-07	1E10	652.261309184006	2.2253509627678E-07	1E10	55.5164411094188	1.72061929167277E-07	1E10	7.62280674280465	8.37174477668817E-08	1E10	1.36145607288487	3.22129323477091E-08	1E10	0.284672731997883	8.50170914928751E-10	1.82741606510611E-11	0.133360104305829	1.11899156318877E-11	2.36178324792693E-10	4.57044266293502	1.45763237557927E-12	2.19316143284475E-10	28.8780576700612	1E10	1E-30	1E-10	1E10	1E-30	1E-10	1E10	1E-30	1E-10	1E10	1E-30	1E-10	1E10	1E-30	1E-10	1E10	1E-30	1E-10
21	1.54597625106252E-09	1E10	1E10	1E-30	6.53860593981168E-11	1E10	1E-30	1E10	0.419504114736293	1.69425115113417E-07	1E10	9647.6517369164	2.48470794656606E-07	1E10	652.261309184006	2.2253509627678E-07	1E10	55.5164411094188	1.72061929167277E-07	1E10	7.62280674280465	8.37174477668817E-08	1E10	1.36145607288487	3.22129323477091E-08	1E10	0.284672731997883	8.50170914928751E-10	1.82741606510611E-11	0.133360104305829	1.11899156318877E-11	2.36178324792693E-10	4.57044266293502	1.45763237557927E-12	2.19316143284475E-10	28.8780576700612	1E10	1E-30	1E-10	1E10	1E-30	1E-10	1E10	1E-30	1E-10	1E10	1E-30	1E-10	1E10	1E-30	1E-10	1E10	1E-30	1E-10
22	1.54597625106252E-09	1E10	1E10	1E-30	6.53860593981168E-11	1E10	1E-30	1E10	0.419504114736293	1.69425115113417E-07	1E10	9647.6517369164	2.48470794656606E-07	1E10	652.261309184006	2.2253509627678E-07	1E10	55.5164411094188	1.72061929167277E-07	1E10	7.62280674280465	8.37174477668817E-08	1E10	1.36145607288487	3.22129323477091E-08	1E10	0.284672731997883	8.50170914928751E-10	1.82741606510611E-11	0.133360104305829	1.11899156318877E-11	2.36178324792693E-10	4.57044266293502	1.45763237557927E-12	2.19316143284475E-10	28.8780576700612	1E10	1E-30	1E-10	1E10	1E-30	1E-10	1E10	1E-30	1E-10	1E10	1E-30	1E-10	1E10	1E-30	1E-10	1E10	1E-30	1E-10
23	1.4344692073106E-09	1E10	1E10	1E-30	2.16539101433018E-10	1E10	1E-30	1E10	0.117496576898659	5.76785797124674E-08	1E10	144131.046438169	1.00637723598441E-07	1E10	8105.0843655112	6.8631790699668E-08	1E10	1345.10918966792	8.71576798685616E-08	1E10	119.882982718386	8.28233924894454E-08	1E10	31.5324372217118	4.93849016964876E-08	1E10	8.98807155606959	3.19782951340091E-08	1E10	1.54869095859069	2.51533988588064E-08	1E10	0.183051253735778	3.05927331196619E-07	1E10	4.89916466015544E-02	1E-30	7.29895183622554E-11	0.890737452698496	2.05527246741276E-08	3.88059232956337E-12	6.27070110647493E-02	1.52449284111526E-09	1.84597072954862E-11	0.224446393938258	4.28556943273001E-12	1.47164255585701E-10	40.1407274172577	4.51363777549703E-12	6.72259374628697E-11	29.2492497303996	1E10	1E-30	1E-10
24	1.81671993488879E-09	1E10	1E10	1E-30	1.63372470703398E-10	1E10	1E-30	1E10	0.210738497161807	1.9250783386028E-07	1E10	37436.3919779451	2.89870974924479E-07	1E10	2308.30921813282	2.88367970096013E-07	1E10	230.830921813282	2.31060899918989E-07	1E10	30.4294418147547	1.62608731618424E-07	1E10	4.03650708616737	9.58348728887478E-08	1E10	0.724375454898125	2.82285063037131E-08	1E10	0.196490701804149	3.54303589005886E-09	1.13869662344168E-11	0.151698771159281	2.95841654055272E-11	1.22323371555818E-10	2.48256906559671	1.53920203050032E-12	2.14690337664134E-10	20.0237178744036	1E10	1E-30	1E-10	1E10	1E-30	1E-10	1E10	1E-30	1E-10	1E10	1E-30	1E-10	1E10	1E-30	1E-10
25	1.81671993488879E-09	1E10	1E10	1E-30	1.63372470703398E-10	1E10	1E-30	1E10	0.210738497161807	1.9250783386028E-07	1E10	37436.3919779451	2.89870974924479E-07	1E10	2308.30921813282	2.88367970096013E-07	1E10	230.830921813282	2.31060899918989E-07	1E10	30.4294418147547	1.62608731618424E-07	1E10	4.03650708616737	9.58348728887478E-08	1E10	0.724375454898125	2.82285063037131E-08	1E10	0.196490701804149	3.54303589005886E-09	1.13869662344168E-11	0.151698771159281	2.95841654055272E-11	1.22323371555818E-10	2.48256906559671	1.53920203050032E-12	2.14690337664134E-10	20.0237178744036	1E10	1E-30	1E-10	1E10	1E-30	1E-10	1E10	1E-30	1E-10	1E10	1E-30	1E-10	1E10	1E-30	1E-10
26	1.81671993488879E-09	1E10	1E10	1E-30	1.63372470703398E-10	1E10	1E-30	1E10	0.210738497161807	1.9250783386028E-07	1E10	37436.3919779451	2.89870974924479E-07	1E10	2308.30921813282	2.88367970096013E-07	1E10	230.830921813282	2.31060899918989E-07	1E10	30.4294418147547	1.62608731618424E-07	1E10	4.03650708616737	9.58348728887478E-08	1E10	0.724375454898125	2.82285063037131E-08	1E10	0.196490701804149	3.54303589005886E-09	1.13869662344168E-11	0.151698771159281	2.95841654055272E-11	1.22323371555818E-10	2.48256906559671	1.53920203050032E-12	2.14690337664134E-10	20.0237178744036	1E10	1E-30	1E-10	1E10	1E-30	1E-10	1E10	1E-30	1E-10	1E10	1E-30	1E-10	1E10	1E-30	1E-10
27	1.81671993488879E-09	1E10	1E10	1E-30	1.63372470703398E-10	1E10	1E-30	1E10	0.210738497161807	1.9250783386028E-07	1E10	37436.3919779451	2.89870974924479E-07	1E10	2308.30921813282	2.88367970096013E-07	1E10	230.830921813282	2.31060899918989E-07	1E10	30.4294418147547	1.62608731618424E-07	1E10	4.03650708616737	9.58348728887478E-08	1E10	0.724375454898125	2.82285063037131E-08	1E10	0.196490701804149	3.54303589005886E-09	1.13869662344168E-11	0.151698771159281	2.95841654055272E-11	1.22323371555818E-10	2.48256906559671	1.53920203050032E-12	2.14690337664134E-10	20.0237178744036	1E10	1E-30	1E-10	1E10	1E-30	1E-10	1E10	1E-30	1E-10	1E10	1E-30	1E-10	1E10	1E-30	1E-10
28	1.87067263904962E-09	1E10	1E10	1E-30	1.66072974704501E-10	1E10	1E-30	1E10	9.90923231231564E-02	9.13073801836348E-08	1E10	43576.6919310923	1.2853064715366E-07	1E10	3883.77675643512	1.03061705619548E-07	1E10	523.907068870319	8.69748839410109E-08	1E10	72.3193073982809	6.4416031891483E-08	1E10	10.5623075294133	5.35126578819622E-08	1E10	1.48859970840822	3.4205006047915E-08	1E10	0.269925294399206	1E-30	7.17236018454755E-11	0.553268723777832	1.83810913650166E-08	6.22530223312654E-12	7.76701313502949E-02	2.55182378238621E-09	1.6874536103935E-11	0.199965220466296	1.97881449518491E-12	2.46911696928108E-10	60.7877559687013	1E10	1E-30	1E-10	1E10	1E-30	1E-10	1E10	1E-30	1E-10	1E10	1E-30	1E-10
29	2.25882764756276E-09	1E10	1E10	1E-30	1.83790598580063E-10	1E10	1E-30	1E10	0.352640953484705	2.26841120035803E-07	1E10	10439.1336834885	5.85318237783475E-07	1E10	629.020007129773	3.72616924577624E-07	1E10	140.820038654383	3.41315233821585E-07	1E10	16.1683037360361	2.75665748861048E-07	1E10	3.26913513098024	1.18794764423145E-07	1E10	0.926168479685046	6.17945913076376E-08	1E10	0.198492687690846	1.50031625681129E-08	1.03868719834847E-11	4.42758386959478E-02	2.26703236933422E-09	2.81305587678503E-11	0.182844189715499	1.80737399461507E-11	1.4287953723187E-10	2.98522326501988	2.15796759720651E-12	1.35105704600845E-10	15.4942680853695	1E10	1E-30	1E-10	1E10	1E-30	1E-10	1E10	1E-30	1E-10	1E10	1E-30	1E-10
30	2.25882764756276E-09	1E10	1E10	1E-30	1.83790598580063E-10	1E10	1E-30	1E10	0.352640953484705	2.26841120035803E-07	1E10	10439.1336834885	5.85318237783475E-07	1E10	629.020007129773	3.72616924577624E-07	1E10	140.820038654383	3.41315233821585E-07	1E10	16.1683037360361	2.75665748861048E-07	1E10	3.26913513098024	1.18794764423145E-07	1E10	0.926168479685046	6.17945913076376E-08	1E10	0.198492687690846	1.50031625681129E-08	1.03868719834847E-11	4.42758386959478E-02	2.26703236933422E-09	2.81305587678503E-11	0.182844189715499	1.80737399461507E-11	1.4287953723187E-10	2.98522326501988	2.15796759720651E-12	1.35105704600845E-10	15.4942680853695	1E10	1E-30	1E-10	1E10	1E-30	1E-10	1E10	1E-30	1E-10	1E10	1E-30	1E-10
31	2.25882764756276E-09	1E10	1E10	1E-30	1.83790598580063E-10	1E10	1E-30	1E10	0.352640953484705	2.26841120035803E-07	1E10	10439.1336834885	5.85318237783475E-07	1E10	629.020007129773	3.72616924577624E-07	1E10	140.820038654383	3.41315233821585E-07	1E10	16.1683037360361	2.75665748861048E-07	1E10	3.26913513098024	1.18794764423145E-07	1E10	0.926168479685046	6.17945913076376E-08	1E10	0.198492687690846	1.50031625681129E-08	1.03868719834847E-11	4.42758386959478E-02	2.26703236933422E-09	2.81305587678503E-11	0.182844189715499	1.80737399461507E-11	1.4287953723187E-10	2.98522326501988	2.15796759720651E-12	1.35105704600845E-10	15.4942680853695	1E10	1E-30	1E-10	1E10	1E-30	1E-10	1E10	1E-30	1E-10	1E10	1E-30	1E-10
32	2.25882764756276E-09	1E10	1E10	1E-30	1.83790598580063E-10	1E10	1E-30	1E10	0.352640953484705	2.26841120035803E-07	1E10	10439.1336834885	5.85318237783475E-07	1E10	629.020007129773	3.72616924577624E-07	1E10	140.820038654383	3.41315233821585E-07	1E10	16.1683037360361	2.75665748861048E-07	1E10	3.26913513098024	1.18794764423145E-07	1E10	0.926168479685046	6.17945913076376E-08	1E10	0.198492687690846	1.50031625681129E-08	1.03868719834847E-11	4.42758386959478E-02	2.26703236933422E-09	2.81305587678503E-11	0.182844189715499	1.80737399461507E-11	1.4287953723187E-10	2.98522326501988	2.15796759720651E-12	1.35105704600845E-10	15.4942680853695	1E10	1E-30	1E-10	1E10	1E-30	1E-10	1E10	1E-30	1E-10	1E10	1E-30	1E-10
33	2.25882764756276E-09	1E10	1E10	1E-30	1.83790598580063E-10	1E10	1E-30	1E10	0.352640953484705	2.26841120035803E-07	1E10	10439.1336834885	5.85318237783475E-07	1E10	629.020007129773	3.72616924577624E-07	1E10	140.820038654383	3.41315233821585E-07	1E10	16.1683037360361	2.75665748861048E-07	1E10	3.26913513098024	1.18794764423145E-07	1E10	0.926168479685046	6.17945913076376E-08	1E10	0.198492687690846	1.50031625681129E-08	1.03868719834847E-11	4.42758386959478E-02	2.26703236933422E-09	2.81305587678503E-11	0.182844189715499	1.80737399461507E-11	1.4287953723187E-10	2.98522326501988	2.15796759720651E-12	1.35105704600845E-10	15.4942680853695	1E10	1E-30	1E-10	1E10	1E-30	1E-10	1E10	1E-30	1E-10	1E10	1E-30	1E-10
34	2.25882764756276E-09	1E10	1E10	1E-30	1.83790598580063E-10	1E10	1E-30	1E10	0.352640953484705	2.26841120035803E-07	1E10	10439.1336834885	5.85318237783475E-07	1E10	629.020007129773	3.72616924577624E-07	1E10	140.820038654383	3.41315233821585E-07	1E10	16.1683037360361	2.75665748861048E-07	1E10	3.26913513098024	1.18794764423145E-07	1E10	0.926168479685046	6.17945913076376E-08	1E10	0.198492687690846	1.50031625681129E-08	1.03868719834847E-11	4.42758386959478E-02	2.26703236933422E-09	2.81305587678503E-11	0.182844189715499	1.80737399461507E-11	1.4287953723187E-10	2.98522326501988	2.15796759720651E-12	1.35105704600845E-10	15.4942680853695	1E10	1E-30	1E-10	1E10	1E-30	1E-10	1E10	1E-30	1E-10	1E10	1E-30	1E-10
35	2.25882764756276E-09	1E10	1E10	1E-30	1.83790598580063E-10	1E10	1E-30	1E10	0.352640953484705	2.26841120035803E-07	1E10	10439.1336834885	5.85318237783475E-07	1E10	629.020007129773	3.72616924577624E-07	1E10	140.820038654383	3.41315233821585E-07	1E10	16.1683037360361	2.75665748861048E-07	1E10	3.26913513098024	1.18794764423145E-07	1E10	0.926168479685046	6.17945913076376E-08	1E10	0.198492687690846	1.50031625681129E-08	1.03868719834847E-11	4.42758386959478E-02	2.26703236933422E-09	2.81305587678503E-11	0.182844189715499	1.80737399461507E-11	1.4287953723187E-10	2.98522326501988	2.15796759720651E-12	1.35105704600845E-10	15.4942680853695	1E10	1E-30	1E-10	1E10	1E-30	1E-10	1E10	1E-30	1E-10	1E10	1E-30	1E-10
36	2.25882764756276E-09	1E10	1E10	1E-30	1.83790598580063E-10	1E10	1E-30	1E10	0.352640953484705	2.26841120035803E-07	1E10	10439.1336834885	5.85318237783475E-07	1E10	629.020007129773	3.72616924577624E-07	1E10	140.820038654383	3.41315233821585E-07	1E10	16.1683037360361	2.75665748861048E-07	1E10	3.26913513098024	1.18794764423145E-07	1E10	0.926168479685046	6.17945913076376E-08	1E10	0.198492687690846	1.50031625681129E-08	1.03868719834847E-11	4.42758386959478E-02	2.26703236933422E-09	2.81305587678503E-11	0.182844189715499	1.80737399461507E-11	1.4287953723187E-10	2.98522326501988	2.15796759720651E-12	1.35105704600845E-10	15.4942680853695	1E10	1E-30	1E-10	1E10	1E-30	1E-10	1E10	1E-30	1E-10	1E10	1E-30	1E-10
37	2.1446585569054E-09	1E10	1E10	1E-30	2.15399593540127E-10	1E10	1E-30	1E10	8.35232686832794E-02	8.65588009311113E-08	1E10	11197.4519610605	1.28029848526988E-07	1E10	500.171806490436	1.06177807492455E-07	1E10	83.0078581520922	9.18324034207625E-08	1E10	13.2715030391874	7.27384258025394E-08	1E10	2.47652765648278	5.44785350170485E-08	1E10	0.50359680059638	3.41053771464619E-08	1E10	8.61343791322933E-02	1E-30	7.68022319687375E-11	0.913357620788337	1.25654781623826E-08	1.249970261559E-11	0.11970300040018	2.44543080264305E-09	2.47222826862889E-11	0.262112582842846	2.76211354009838E-12	1.79497133298621E-10	54.4381014728015	1E10	1E-30	1E-10	1E10	1E-30	1E-10	1E10	1E-30	1E-10	1E10	1E-30	1E-10
38	2.77776806655334E-09	1E10	1E10	1E-30	1.04942010675249E-10	1E10	1E-30	1E10	0.156578172263598	4.07453583235899E-07	1E10	6740.56101528839	8.37468157062112E-07	1E10	477.195175515748	6.65930189902595E-07	1E10	158.014173634611	5.74769062645879E-07	1E10	41.5619623176917	3.72539916357435E-07	1E10	7.91946865578304	2.31650673210164E-07	1E10	1.29286699286013	1.24690157321309E-07	1E10	0.261129995656721	5.84208882207057E-08	1E10	8.10967007249851E-02	1E-30	4.16520348451729E-11	0.201794402022079	2.62944502713132E-08	9.19124803187691E-12	6.15595083475282E-02	3.53256577910213E-09	2.73546279646358E-11	0.159623580767852	1.6776995811391E-11	1.16973598064203E-10	2.53071729307018	2.01832335591891E-12	1.89104437714774E-10	32.1795137102289	1E10	1E-30	1E-10	1E10	1E-30	1E-10
39	2.77776806655334E-09	1E10	1E10	1E-30	1.04942010675249E-10	1E10	1E-30	1E10	0.156578172263598	4.07453583235899E-07	1E10	6740.56101528839	8.37468157062112E-07	1E10	477.195175515748	6.65930189902595E-07	1E10	158.014173634611	5.74769062645879E-07	1E10	41.5619623176917	3.72539916357435E-07	1E10	7.91946865578304	2.31650673210164E-07	1E10	1.29286699286013	1.24690157321309E-07	1E10	0.261129995656721	5.84208882207057E-08	1E10	8.10967007249851E-02	1E-30	4.16520348451729E-11	0.201794402022079	2.62944502713132E-08	9.19124803187691E-12	6.15595083475282E-02	3.53256577910213E-09	2.73546279646358E-11	0.159623580767852	1.6776995811391E-11	1.16973598064203E-10	2.53071729307018	2.01832335591891E-12	1.89104437714774E-10	32.1795137102289	1E10	1E-30	1E-10	1E10	1E-30	1E-10
40	2.77776806655334E-09	1E10	1E10	1E-30	1.04942010675249E-10	1E10	1E-30	1E10	0.156578172263598	4.07453583235899E-07	1E10	6740.56101528839	8.37468157062112E-07	1E10	477.195175515748	6.65930189902595E-07	1E10	158.014173634611	5.74769062645879E-07	1E10	41.5619623176917	3.72539916357435E-07	1E10	7.91946865578304	2.31650673210164E-07	1E10	1.29286699286013	1.24690157321309E-07	1E10	0.261129995656721	5.84208882207057E-08	1E10	8.10967007249851E-02	1E-30	4.16520348451729E-11	0.201794402022079	2.62944502713132E-08	9.19124803187691E-12	6.15595083475282E-02	3.53256577910213E-09	2.73546279646358E-11	0.159623580767852	1.6776995811391E-11	1.16973598064203E-10	2.53071729307018	2.01832335591891E-12	1.89104437714774E-10	32.1795137102289	1E10	1E-30	1E-10	1E10	1E-30	1E-10
41	2.77776806655334E-09	1E10	1E10	1E-30	1.04942010675249E-10	1E10	1E-30	1E10	0.156578172263598	4.07453583235899E-07	1E10	6740.56101528839	8.37468157062112E-07	1E10	477.195175515748	6.65930189902595E-07	1E10	158.014173634611	5.74769062645879E-07	1E10	41.5619623176917	3.72539916357435E-07	1E10	7.91946865578304	2.31650673210164E-07	1E10	1.29286699286013	1.24690157321309E-07	1E10	0.261129995656721	5.84208882207057E-08	1E10	8.10967007249851E-02	1E-30	4.16520348451729E-11	0.201794402022079	2.62944502713132E-08	9.19124803187691E-12	6.15595083475282E-02	3.53256577910213E-09	2.73546279646358E-11	0.159623580767852	1.6776995811391E-11	1.16973598064203E-10	2.53071729307018	2.01832335591891E-12	1.89104437714774E-10	32.1795137102289	1E10	1E-30	1E-10	1E10	1E-30	1E-10
42	2.75351648355138E-09	1E10	1E10	1E-30	1.63149336063391E-10	1E10	1E-30	1E10	6.46915525899899E-02	1.33985760642359E-07	1E10	38428.5648482687	1.6398831273326E-07	1E10	3346.98807971082	1.52253109129302E-07	1E10	384.285648482687	1.23699026207169E-07	1E10	56.8400126123402	8.90478572455658E-08	1E10	7.18427487461858	5.89883931912857E-08	1E10	0.8834240962102	4.93795244158871E-08	1E10	0.123356052350371	1E-30	9.06074833236011E-11	0.426787503896329	1.59761212645703E-08	1.46397716385899E-11	0.146431000854669	5.2137585699245E-09	1.83136458549216E-11	0.212020470625556	1.98659025677294E-12	1.82496163831599E-10	41.332746042635	1E10	1E-30	1E-10	1E10	1E-30	1E-10	1E10	1E-30	1E-10	1E10	1E-30	1E-10
43	3.27969931277931E-09	1E10	1E10	1E-30	1.42249596724938E-10	1E10	1E-30	1E10	0.291279938584183	2.82580655425842E-07	1E10	23047.0525212634	5.79273052195234E-07	1E10	1155.08884963944	4.6840941384755E-07	1E10	145.417070569119	3.96619754810572E-07	1E10	16.6961136201402	3.13457202250561E-07	1E10	2.11487088382159	1.40198547864285E-07	1E10	0.395452709810634	1.41973368063156E-07	1E10	6.92103377776251E-02	7.01008068649193E-09	1.69303988177308E-11	5.36875132418257E-02	9.33284062129823E-09	7.95698512479442E-12	8.10125667141809E-02	3.60821114832159E-11	9.09736824034998E-11	1.96517616410992	1.19819840530761E-12	2.24761683677768E-10	24.0175310789693	1E10	1E-30	1E-10	1E10	1E-30	1E-10	1E10	1E-30	1E-10	1E10	1E-30	1E-10
44	3.27969931277931E-09	1E10	1E10	1E-30	1.42249596724938E-10	1E10	1E-30	1E10	0.291279938584183	2.82580655425842E-07	1E10	23047.0525212634	5.79273052195234E-07	1E10	1155.08884963944	4.6840941384755E-07	1E10	145.417070569119	3.96619754810572E-07	1E10	16.6961136201402	3.13457202250561E-07	1E10	2.11487088382159	1.40198547864285E-07	1E10	0.395452709810634	1.41973368063156E-07	1E10	6.92103377776251E-02	7.01008068649193E-09	1.69303988177308E-11	5.36875132418257E-02	9.33284062129823E-09	7.95698512479442E-12	8.10125667141809E-02	3.60821114832159E-11	9.09736824034998E-11	1.96517616410992	1.19819840530761E-12	2.24761683677768E-10	24.0175310789693	1E10	1E-30	1E-10	1E10	1E-30	1E-10	1E10	1E-30	1E-10	1E10	1E-30	1E-10
45	3.27969931277931E-09	1E10	1E10	1E-30	1.42249596724938E-10	1E10	1E-30	1E10	0.291279938584183	2.82580655425842E-07	1E10	23047.0525212634	5.79273052195234E-07	1E10	1155.08884963944	4.6840941384755E-07	1E10	145.417070569119	3.96619754810572E-07	1E10	16.6961136201402	3.13457202250561E-07	1E10	2.11487088382159	1.40198547864285E-07	1E10	0.395452709810634	1.41973368063156E-07	1E10	6.92103377776251E-02	7.01008068649193E-09	1.69303988177308E-11	5.36875132418257E-02	9.33284062129823E-09	7.95698512479442E-12	8.10125667141809E-02	3.60821114832159E-11	9.09736824034998E-11	1.96517616410992	1.19819840530761E-12	2.24761683677768E-10	24.0175310789693	1E10	1E-30	1E-10	1E10	1E-30	1E-10	1E10	1E-30	1E-10	1E10	1E-30	1E-10
46	3.27969931277931E-09	1E10	1E10	1E-30	1.42249596724938E-10	1E10	1E-30	1E10	0.291279938584183	2.82580655425842E-07	1E10	23047.0525212634	5.79273052195234E-07	1E10	1155.08884963944	4.6840941384755E-07	1E10	145.417070569119	3.96619754810572E-07	1E10	16.6961136201402	3.13457202250561E-07	1E10	2.11487088382159	1.40198547864285E-07	1E10	0.395452709810634	1.41973368063156E-07	1E10	6.92103377776251E-02	7.01008068649193E-09	1.69303988177308E-11	5.36875132418257E-02	9.33284062129823E-09	7.95698512479442E-12	8.10125667141809E-02	3.60821114832159E-11	9.09736824034998E-11	1.96517616410992	1.19819840530761E-12	2.24761683677768E-10	24.0175310789693	1E10	1E-30	1E-10	1E10	1E-30	1E-10	1E10	1E-30	1E-10	1E10	1E-30	1E-10
47	3.40416959508195E-09	1E10	1E10	1E-30	1.88378615764028E-10	1E10	1E-30	1E10	6.10879623600043E-02	1.65416344073847E-07	1E10	41263.2222125681	1.9779822117102E-07	1E10	4126.32222125681	1.6245330307997E-07	1E10	496.093045238858	1.84817907446625E-07	1E10	46.2980968064641	2.35309629662869E-07	1E10	11.1061398707297	1.17833250364961E-07	1E10	4.41225464888453	7.8236441763431E-08	1E10	0.668696187179099	8.51303485980424E-07	1E10	0.203722839426367	6.35302473214818E-08	1E10	0.109913074477221	1E-30	3.0366829101372E-11	0.844416383998666	1E-30	8.80208248008047E-11	0.417581665790978	1.61239757815854E-08	1.90815465047101E-11	0.179557493044559	5.78640442177943E-09	2.28413005044307E-11	0.224867024651641	4.04016771036403E-12	8.35304087633792E-11	26.6294809038187	1E10	1E-30	1E-10
48	4.06253161452735E-09	1E10	1E10	1E-30	1.35826005107955E-10	1E10	1E-30	1E10	0.425053147464396	6.87661818714407E-07	1E10	5372.66408695521	7.98832459631926E-07	1E10	724.752443393576	8.63613750437336E-07	1E10	141.315463791241	5.6477393955085E-07	1E10	23.9988089378162	4.93592067767999E-07	1E10	2.99884632507605	3.58504659448482E-07	1E10	0.499708546514404	1.31438402699706E-07	1E10	0.164125356188876	1E-30	6.55424052705573E-11	0.264653939863669	2.26557393169783E-08	6.34440508619398E-12	5.03127067462541E-02	3.51857275052262E-08	3.00518655877645E-12	1.87710649320012E-02	6.62594748551902E-11	3.76701033251299E-11	0.89461716217197	1.78773342001455E-12	2.03616225080807E-10	30.7988990760323	1E10	1E-30	1E-10	1E10	1E-30	1E-10	1E10	1E-30	1E-10
49	4.06253161452735E-09	1E10	1E10	1E-30	1.35826005107955E-10	1E10	1E-30	1E10	0.425053147464396	6.87661818714407E-07	1E10	5372.66408695521	7.98832459631926E-07	1E10	724.752443393576	8.63613750437336E-07	1E10	141.315463791241	5.6477393955085E-07	1E10	23.9988089378162	4.93592067767999E-07	1E10	2.99884632507605	3.58504659448482E-07	1E10	0.499708546514404	1.31438402699706E-07	1E10	0.164125356188876	1E-30	6.55424052705573E-11	0.264653939863669	2.26557393169783E-08	6.34440508619398E-12	5.03127067462541E-02	3.51857275052262E-08	3.00518655877645E-12	1.87710649320012E-02	6.62594748551902E-11	3.76701033251299E-11	0.89461716217197	1.78773342001455E-12	2.03616225080807E-10	30.7988990760323	1E10	1E-30	1E-10	1E10	1E-30	1E-10	1E10	1E-30	1E-10
50	4.06253161452735E-09	1E10	1E10	1E-30	1.35826005107955E-10	1E10	1E-30	1E10	0.425053147464396	6.87661818714407E-07	1E10	5372.66408695521	7.98832459631926E-07	1E10	724.752443393576	8.63613750437336E-07	1E10	141.315463791241	5.6477393955085E-07	1E10	23.9988089378162	4.93592067767999E-07	1E10	2.99884632507605	3.58504659448482E-07	1E10	0.499708546514404	1.31438402699706E-07	1E10	0.164125356188876	1E-30	6.55424052705573E-11	0.264653939863669	2.26557393169783E-08	6.34440508619398E-12	5.03127067462541E-02	3.51857275052262E-08	3.00518655877645E-12	1.87710649320012E-02	6.62594748551902E-11	3.76701033251299E-11	0.89461716217197	1.78773342001455E-12	2.03616225080807E-10	30.7988990760323	1E10	1E-30	1E-10	1E10	1E-30	1E-10	1E10	1E-30	1E-10
51	4.06253161452735E-09	1E10	1E10	1E-30	1.35826005107955E-10	1E10	1E-30	1E10	0.425053147464396	6.87661818714407E-07	1E10	5372.66408695521	7.98832459631926E-07	1E10	724.752443393576	8.63613750437336E-07	1E10	141.315463791241	5.6477393955085E-07	1E10	23.9988089378162	4.93592067767999E-07	1E10	2.99884632507605	3.58504659448482E-07	1E10	0.499708546514404	1.31438402699706E-07	1E10	0.164125356188876	1E-30	6.55424052705573E-11	0.264653939863669	2.26557393169783E-08	6.34440508619398E-12	5.03127067462541E-02	3.51857275052262E-08	3.00518655877645E-12	1.87710649320012E-02	6.62594748551902E-11	3.76701033251299E-11	0.89461716217197	1.78773342001455E-12	2.03616225080807E-10	30.7988990760323	1E10	1E-30	1E-10	1E10	1E-30	1E-10	1E10	1E-30	1E-10
52	4.25807749561224E-09	1E10	1E10	1E-30	1.89874176562723E-10	1E10	1E-30	1E10	6.96852305867158E-02	2.32147530582933E-07	1E10	26181.4533772885	2.59134115844004E-07	1E10	3147.70302421079	2.00113468977941E-07	1E10	369.822858682102	2.72293869801724E-07	1E10	30.0603305111855	3.08259737258755E-07	1E10	8.47215224208935	1.6442890994999E-07	1E10	4.32938775581494	9.91158441642803E-08	1E10	0.785225041762776	8.14887505022642E-08	1E10	0.101743980104823	1E-30	2.83705051281314E-11	0.904318732376813	1E-30	7.63368784840451E-11	0.308240986340063	3.86371385485752E-08	8.38168586438353E-12	7.34107606057229E-02	6.08845223161521E-09	1.99042700795424E-11	0.143118762477193	2.56487939296731E-12	1.70805779745135E-10	38.6544302750923	1E10	1E-30	1E-10	1E10	1E-30	1E-10
53	4.80195501879715E-09	1E10	1E10	1E-30	1.94589031102884E-10	1E10	1E-30	1E10	0.196624811347022	4.43827857227758E-07	1E10	7729.53027235988	7.28278601699294E-07	1E10	322.220451915396	7.0246921509659E-07	1E10	26.8011298211556	5.24380574432404E-07	1E10	3.07718142643679	3.35272401155945E-07	1E10	0.552764921380489	1.556045212693E-07	1E10	0.119407315387715	1E-30	1.04651362852891E-10	0.363256271758557	2.78146716730436E-08	1.68647136389506E-11	6.92576933270843E-02	9.09328899607344E-09	2.16135178622932E-11	0.117444286595182	5.32999400904248E-11	4.74907784808711E-11	0.994216677871787	2.21408247250872E-12	1.08776360584411E-10	9.40377735258125	1E10	1E-30	1E-10	1E10	1E-30	1E-10	1E10	1E-30	1E-10	1E10	1E-30	1E-10
54	4.80195501879715E-09	1E10	1E10	1E-30	1.94589031102884E-10	1E10	1E-30	1E10	0.196624811347022	4.43827857227758E-07	1E10	7729.53027235988	7.28278601699294E-07	1E10	322.220451915396	7.0246921509659E-07	1E10	26.8011298211556	5.24380574432404E-07	1E10	3.07718142643679	3.35272401155945E-07	1E10	0.552764921380489	1.556045212693E-07	1E10	0.119407315387715	1E-30	1.04651362852891E-10	0.363256271758557	2.78146716730436E-08	1.68647136389506E-11	6.92576933270843E-02	9.09328899607344E-09	2.16135178622932E-11	0.117444286595182	5.32999400904248E-11	4.74907784808711E-11	0.994216677871787	2.21408247250872E-12	1.08776360584411E-10	9.40377735258125	1E10	1E-30	1E-10	1E10	1E-30	1E-10	1E10	1E-30	1E-10	1E10	1E-30	1E-10
55	4.80195501879715E-09	1E10	1E10	1E-30	1.94589031102884E-10	1E10	1E-30	1E10	0.196624811347022	4.43827857227758E-07	1E10	7729.53027235988	7.28278601699294E-07	1E10	322.220451915396	7.0246921509659E-07	1E10	26.8011298211556	5.24380574432404E-07	1E10	3.07718142643679	3.35272401155945E-07	1E10	0.552764921380489	1.556045212693E-07	1E10	0.119407315387715	1E-30	1.04651362852891E-10	0.363256271758557	2.78146716730436E-08	1.68647136389506E-11	6.92576933270843E-02	9.09328899607344E-09	2.16135178622932E-11	0.117444286595182	5.32999400904248E-11	4.74907784808711E-11	0.994216677871787	2.21408247250872E-12	1.08776360584411E-10	9.40377735258125	1E10	1E-30	1E-10	1E10	1E-30	1E-10	1E10	1E-30	1E-10	1E10	1E-30	1E-10
56	4.80195501879715E-09	1E10	1E10	1E-30	1.94589031102884E-10	1E10	1E-30	1E10	0.196624811347022	4.43827857227758E-07	1E10	7729.53027235988	7.28278601699294E-07	1E10	322.220451915396	7.0246921509659E-07	1E10	26.8011298211556	5.24380574432404E-07	1E10	3.07718142643679	3.35272401155945E-07	1E10	0.552764921380489	1.556045212693E-07	1E10	0.119407315387715	1E-30	1.04651362852891E-10	0.363256271758557	2.78146716730436E-08	1.68647136389506E-11	6.92576933270843E-02	9.09328899607344E-09	2.16135178622932E-11	0.117444286595182	5.32999400904248E-11	4.74907784808711E-11	0.994216677871787	2.21408247250872E-12	1.08776360584411E-10	9.40377735258125	1E10	1E-30	1E-10	1E10	1E-30	1E-10	1E10	1E-30	1E-10	1E10	1E-30	1E-10
57	4.80195501879715E-09	1E10	1E10	1E-30	1.94589031102884E-10	1E10	1E-30	1E10	0.196624811347022	4.43827857227758E-07	1E10	7729.53027235988	7.28278601699294E-07	1E10	322.220451915396	7.0246921509659E-07	1E10	26.8011298211556	5.24380574432404E-07	1E10	3.07718142643679	3.35272401155945E-07	1E10	0.552764921380489	1.556045212693E-07	1E10	0.119407315387715	1E-30	1.04651362852891E-10	0.363256271758557	2.78146716730436E-08	1.68647136389506E-11	6.92576933270843E-02	9.09328899607344E-09	2.16135178622932E-11	0.117444286595182	5.32999400904248E-11	4.74907784808711E-11	0.994216677871787	2.21408247250872E-12	1.08776360584411E-10	9.40377735258125	1E10	1E-30	1E-10	1E10	1E-30	1E-10	1E10	1E-30	1E-10	1E10	1E-30	1E-10
58	4.80195501879715E-09	1E10	1E10	1E-30	1.94589031102884E-10	1E10	1E-30	1E10	0.196624811347022	4.43827857227758E-07	1E10	7729.53027235988	7.28278601699294E-07	1E10	322.220451915396	7.0246921509659E-07	1E10	26.8011298211556	5.24380574432404E-07	1E10	3.07718142643679	3.35272401155945E-07	1E10	0.552764921380489	1.556045212693E-07	1E10	0.119407315387715	1E-30	1.04651362852891E-10	0.363256271758557	2.78146716730436E-08	1.68647136389506E-11	6.92576933270843E-02	9.09328899607344E-09	2.16135178622932E-11	0.117444286595182	5.32999400904248E-11	4.74907784808711E-11	0.994216677871787	2.21408247250872E-12	1.08776360584411E-10	9.40377735258125	1E10	1E-30	1E-10	1E10	1E-30	1E-10	1E10	1E-30	1E-10	1E10	1E-30	1E-10
59	4.80195501879715E-09	1E10	1E10	1E-30	1.94589031102884E-10	1E10	1E-30	1E10	0.196624811347022	4.43827857227758E-07	1E10	7729.53027235988	7.28278601699294E-07	1E10	322.220451915396	7.0246921509659E-07	1E10	26.8011298211556	5.24380574432404E-07	1E10	3.07718142643679	3.35272401155945E-07	1E10	0.552764921380489	1.556045212693E-07	1E10	0.119407315387715	1E-30	1.04651362852891E-10	0.363256271758557	2.78146716730436E-08	1.68647136389506E-11	6.92576933270843E-02	9.09328899607344E-09	2.16135178622932E-11	0.117444286595182	5.32999400904248E-11	4.74907784808711E-11	0.994216677871787	2.21408247250872E-12	1.08776360584411E-10	9.40377735258125	1E10	1E-30	1E-10	1E10	1E-30	1E-10	1E10	1E-30	1E-10	1E10	1E-30	1E-10
60	4.80195501879715E-09	1E10	1E10	1E-30	1.94589031102884E-10	1E10	1E-30	1E10	0.196624811347022	4.43827857227758E-07	1E10	7729.53027235988	7.28278601699294E-07	1E10	322.220451915396	7.0246921509659E-07	1E10	26.8011298211556	5.24380574432404E-07	1E10	3.07718142643679	3.35272401155945E-07	1E10	0.552764921380489	1.556045212693E-07	1E10	0.119407315387715	1E-30	1.04651362852891E-10	0.363256271758557	2.78146716730436E-08	1.68647136389506E-11	6.92576933270843E-02	9.09328899607344E-09	2.16135178622932E-11	0.117444286595182	5.32999400904248E-11	4.74907784808711E-11	0.994216677871787	2.21408247250872E-12	1.08776360584411E-10	9.40377735258125	1E10	1E-30	1E-10	1E10	1E-30	1E-10	1E10	1E-30	1E-10	1E10	1E-30	1E-10
61	4.69968060243439E-09	1E10	1E10	1E-30	2.6592234892764E-10	1E10	1E-30	1E10	7.35084870109676E-02	2.87356896321739E-07	1E10	8697.06372578969	3.18789459087831E-07	1E10	889.964436401974	2.62075875385995E-07	1E10	117.320161536245	3.12496470414102E-07	1E10	16.5719132911153	1.76474318713117E-07	1E10	4.90514834420917	1.36514404441881E-07	1E10	0.665400549471752	8.38179496823439E-08	1E10	0.149746935495759	1E-30	7.08769631527647E-11	0.463210070244426	2.94830276640773E-08	1.33329969136563E-11	8.73951568607403E-02	5.39158172130282E-09	2.82026431500729E-11	0.170854196504836	3.19583659358079E-12	1.15547338966682E-10	32.619401900769	1E10	1E-30	1E-10	1E10	1E-30	1E-10	1E10	1E-30	1E-10	1E10	1E-30	1E-10
62	4.69968060243439E-09	1E10	1E10	1E-30	2.6592234892764E-10	1E10	1E-30	1E10	7.35084870109676E-02	2.87356896321739E-07	1E10	8697.06372578969	3.18789459087831E-07	1E10	889.964436401974	2.62075875385995E-07	1E10	117.320161536245	3.12496470414102E-07	1E10	16.5719132911153	1.76474318713117E-07	1E10	4.90514834420917	1.36514404441881E-07	1E10	0.665400549471752	8.38179496823439E-08	1E10	0.149746935495759	1E-30	7.08769631527647E-11	0.463210070244426	2.94830276640773E-08	1.33329969136563E-11	8.73951568607403E-02	5.39158172130282E-09	2.82026431500729E-11	0.170854196504836	3.19583659358079E-12	1.15547338966682E-10	32.619401900769	1E10	1E-30	1E-10	1E10	1E-30	1E-10	1E10	1E-30	1E-10	1E10	1E-30	1E-10
63	4.69968060243439E-09	1E10	1E10	1E-30	2.6592234892764E-10	1E10	1E-30	1E10	7.35084870109676E-02	2.87356896321739E-07	1E10	8697.06372578969	3.18789459087831E-07	1E10	889.964436401974	2.62075875385995E-07	1E10	117.320161536245	3.12496470414102E-07	1E10	16.5719132911153	1.76474318713117E-07	1E10	4.90514834420917	1.36514404441881E-07	1E10	0.665400549471752	8.38179496823439E-08	1E10	0.149746935495759	1E-30	7.08769631527647E-11	0.463210070244426	2.94830276640773E-08	1.33329969136563E-11	8.73951568607403E-02	5.39158172130282E-09	2.82026431500729E-11	0.170854196504836	3.19583659358079E-12	1.15547338966682E-10	32.619401900769	1E10	1E-30	1E-10	1E10	1E-30	1E-10	1E10	1E-30	1E-10	1E10	1E-30	1E-10
64	5.72688479313484E-09	1E10	1E10	1E-30	2.1227445941549E-10	1E10	1E-30	1E10	0.132145621899294	6.71338264267379E-07	1E10	10394.8067138613	9.09247883577532E-07	1E10	735.895959256604	9.04533358573276E-07	1E10	73.5895959256604	7.58934032512303E-07	1E10	9.26438123544784	6.08157754166174E-07	1E10	1.17054580750272	2.90711829794488E-07	1E10	0.215512816474915	4.93470216843375E-06	1E10	6.58324808875095E-02	5.08873705609063E-07	1E10	2.50380398630287E-02	8.18103435055412E-09	2.01077225394556E-11	7.68405744377172E-02	6.67820022206708E-09	1.65980636338099E-11	9.90751335333973E-02	2.04349519189008E-11	2.67838334296905E-10	4.10893216623589	3.0655136486235E-12	1.14889760830879E-10	10.0646140308863	1E10	1E-30	1E-10	1E10	1E-30	1E-10	1E10	1E-30	1E-10
65	5.72688479313484E-09	1E10	1E10	1E-30	2.1227445941549E-10	1E10	1E-30	1E10	0.132145621899294	6.71338264267379E-07	1E10	10394.8067138613	9.09247883577532E-07	1E10	735.895959256604	9.04533358573276E-07	1E10	73.5895959256604	7.58934032512303E-07	1E10	9.26438123544784	6.08157754166174E-07	1E10	1.17054580750272	2.90711829794488E-07	1E10	0.215512816474915	4.93470216843375E-06	1E10	6.58324808875095E-02	5.08873705609063E-07	1E10	2.50380398630287E-02	8.18103435055412E-09	2.01077225394556E-11	7.68405744377172E-02	6.67820022206708E-09	1.65980636338099E-11	9.90751335333973E-02	2.04349519189008E-11	2.67838334296905E-10	4.10893216623589	3.0655136486235E-12	1.14889760830879E-10	10.0646140308863	1E10	1E-30	1E-10	1E10	1E-30	1E-10	1E10	1E-30	1E-10
66	5.72688479313484E-09	1E10	1E10	1E-30	2.1227445941549E-10	1E10	1E-30	1E10	0.132145621899294	6.71338264267379E-07	1E10	10394.8067138613	9.09247883577532E-07	1E10	735.895959256604	9.04533358573276E-07	1E10	73.5895959256604	7.58934032512303E-07	1E10	9.26438123544784	6.08157754166174E-07	1E10	1.17054580750272	2.90711829794488E-07	1E10	0.215512816474915	4.93470216843375E-06	1E10	6.58324808875095E-02	5.08873705609063E-07	1E10	2.50380398630287E-02	8.18103435055412E-09	2.01077225394556E-11	7.68405744377172E-02	6.67820022206708E-09	1.65980636338099E-11	9.90751335333973E-02	2.04349519189008E-11	2.67838334296905E-10	4.10893216623589	3.0655136486235E-12	1.14889760830879E-10	10.0646140308863	1E10	1E-30	1E-10	1E10	1E-30	1E-10	1E10	1E-30	1E-10
67	5.72688479313484E-09	1E10	1E10	1E-30	2.1227445941549E-10	1E10	1E-30	1E10	0.132145621899294	6.71338264267379E-07	1E10	10394.8067138613	9.09247883577532E-07	1E10	735.895959256604	9.04533358573276E-07	1E10	73.5895959256604	7.58934032512303E-07	1E10	9.26438123544784	6.08157754166174E-07	1E10	1.17054580750272	2.90711829794488E-07	1E10	0.215512816474915	4.93470216843375E-06	1E10	6.58324808875095E-02	5.08873705609063E-07	1E10	2.50380398630287E-02	8.18103435055412E-09	2.01077225394556E-11	7.68405744377172E-02	6.67820022206708E-09	1.65980636338099E-11	9.90751335333973E-02	2.04349519189008E-11	2.67838334296905E-10	4.10893216623589	3.0655136486235E-12	1.14889760830879E-10	10.0646140308863	1E10	1E-30	1E-10	1E10	1E-30	1E-10	1E10	1E-30	1E-10
68	5.5241836284592E-09	1E10	1E10	1E-30	2.42429367691945E-10	1E10	1E-30	1E10	5.91359504925821E-02	3.47617940040547E-07	1E10	9424.6553699339	3.9462552595202E-07	1E10	1362.27716972766	3.07672143615166E-07	1E10	175.495295318345	2.60964614271153E-07	1E10	25.9576563389421	1.98565454477281E-07	1E10	3.97411240255742	1.35628354524469E-07	1E10	0.604073936466655	1.2265391362689E-07	1E10	6.98981924598243E-02	1E-30	7.62349826855116E-11	0.35689320635094	2.87777507501443E-08	1.59364228133591E-11	0.101202876603689	5.31269219686205E-09	3.49240782430371E-11	0.159246850772535	4.2917023787581E-12	8.0421997181038E-11	13.7685325481529	1E10	1E-30	1E-10	1E10	1E-30	1E-10	1E10	1E-30	1E-10	1E10	1E-30	1E-10
69	6.7540244344234E-09	1E10	1E10	1E-30	2.11979075743673E-10	1E10	1E-30	1E10	0.110759910983173	8.16332240264351E-07	1E10	7689.09885210045	1.07059022267386E-06	1E10	596.864081341595	1.00310152662413E-06	1E10	63.9551385760428	8.49379178300932E-07	1E10	7.51407359388115	6.48590869277088E-07	1E10	1.02209503982499	3.33721461801315E-07	1E10	0.201198397741619	5.48594320572302E-07	1E10	1.51131528325338E-02	2.37067716628485E-08	8.73448317266904E-12	5.06986840881036E-02	4.64830508805719E-09	2.70599027919388E-11	0.135904091297853	3.221721183936E-11	1.6392671191958E-10	2.40253997498472	1.9030887547265E-12	1.64165170961372E-10	22.5052409918946	1E10	1E-30	1E-10	1E10	1E-30	1E-10	1E10	1E-30	1E-10	1E10	1E-30	1E-10
70	6.7540244344234E-09	1E10	1E10	1E-30	2.11979075743673E-10	1E10	1E-30	1E10	0.110759910983173	8.16332240264351E-07	1E10	7689.09885210045	1.07059022267386E-06	1E10	596.864081341595	1.00310152662413E-06	1E10	63.9551385760428	8.49379178300932E-07	1E10	7.51407359388115	6.48590869277088E-07	1E10	1.02209503982499	3.33721461801315E-07	1E10	0.201198397741619	5.48594320572302E-07	1E10	1.51131528325338E-02	2.37067716628485E-08	8.73448317266904E-12	5.06986840881036E-02	4.64830508805719E-09	2.70599027919388E-11	0.135904091297853	3.221721183936E-11	1.6392671191958E-10	2.40253997498472	1.9030887547265E-12	1.64165170961372E-10	22.5052409918946	1E10	1E-30	1E-10	1E10	1E-30	1E-10	1E10	1E-30	1E-10	1E10	1E-30	1E-10
71	6.7540244344234E-09	1E10	1E10	1E-30	2.11979075743673E-10	1E10	1E-30	1E10	0.110759910983173	8.16332240264351E-07	1E10	7689.09885210045	1.07059022267386E-06	1E10	596.864081341595	1.00310152662413E-06	1E10	63.9551385760428	8.49379178300932E-07	1E10	7.51407359388115	6.48590869277088E-07	1E10	1.02209503982499	3.33721461801315E-07	1E10	0.201198397741619	5.48594320572302E-07	1E10	1.51131528325338E-02	2.37067716628485E-08	8.73448317266904E-12	5.06986840881036E-02	4.64830508805719E-09	2.70599027919388E-11	0.135904091297853	3.221721183936E-11	1.6392671191958E-10	2.40253997498472	1.9030887547265E-12	1.64165170961372E-10	22.5052409918946	1E10	1E-30	1E-10	1E10	1E-30	1E-10	1E10	1E-30	1E-10	1E10	1E-30	1E-10
72	6.7540244344234E-09	1E10	1E10	1E-30	2.11979075743673E-10	1E10	1E-30	1E10	0.110759910983173	8.16332240264351E-07	1E10	7689.09885210045	1.07059022267386E-06	1E10	596.864081341595	1.00310152662413E-06	1E10	63.9551385760428	8.49379178300932E-07	1E10	7.51407359388115	6.48590869277088E-07	1E10	1.02209503982499	3.33721461801315E-07	1E10	0.201198397741619	5.48594320572302E-07	1E10	1.51131528325338E-02	2.37067716628485E-08	8.73448317266904E-12	5.06986840881036E-02	4.64830508805719E-09	2.70599027919388E-11	0.135904091297853	3.221721183936E-11	1.6392671191958E-10	2.40253997498472	1.9030887547265E-12	1.64165170961372E-10	22.5052409918946	1E10	1E-30	1E-10	1E10	1E-30	1E-10	1E10	1E-30	1E-10	1E10	1E-30	1E-10
73	6.7803711719885E-09	1E10	1E10	1E-30	2.14977172636468E-10	1E10	1E-30	1E10	4.41715766954677E-02	2.77949456063263E-07	1E10	26902.4598028617	4.12768669928409E-07	1E10	1621.03350431944	3.15847963268034E-07	1E10	239.768425374059	2.66185910213431E-07	1E10	26.9024598028617	2.1512563050039E-07	1E10	3.18017901249226	1.46735748002924E-07	1E10	0.475666034214261	1.12886729625972E-07	1E10	6.18567375327325E-02	1E-30	3.59886978651201E-11	0.676414219383104	1E-30	8.72096800807934E-11	0.274640887918711	2.75234850564711E-08	2.26568441635359E-11	0.140768026667558	9.87044142772133E-09	2.75617978697544E-11	0.154420001461625	6.57465409733972E-12	4.89878638559817E-11	5.9973905326082	1E10	1E-30	1E-10	1E10	1E-30	1E-10	1E10	1E-30	1E-10
74	8.49275030994378E-09	1E10	1E10	1E-30	1.73666555175316E-10	1E10	1E-30	1E10	0.118938791042707	9.76453279524605E-07	1E10	6517.87986187325	1.35329465288972E-06	1E10	494.431749995136	1.210915907376E-06	1E10	55.4761547887357	1.15045782808281E-06	1E10	5.80906654153758	7.64570971605726E-07	1E10	0.856226388936902	3.61103888574751E-07	1E10	0.135209053307981	7.22143084242223E-06	1E10	5.13261726706438E-02	3.15621114643619E-08	9.29372694708145E-12	4.30900330131876E-02	4.5058810527106E-09	3.77389337544383E-11	9.04495027921095E-02	2.20662448670203E-11	1.9929819662317E-10	3.24700094417895	2.05677547520449E-12	1.3710842082198E-10	14.3175996155418	1E10	1E-30	1E-10	1E10	1E-30	1E-10	1E10	1E-30	1E-10	1E10	1E-30	1E-10
75	8.49275030994378E-09	1E10	1E10	1E-30	1.73666555175316E-10	1E10	1E-30	1E10	0.118938791042707	9.76453279524605E-07	1E10	6517.87986187325	1.35329465288972E-06	1E10	494.431749995136	1.210915907376E-06	1E10	55.4761547887357	1.15045782808281E-06	1E10	5.80906654153758	7.64570971605726E-07	1E10	0.856226388936902	3.61103888574751E-07	1E10	0.135209053307981	7.22143084242223E-06	1E10	5.13261726706438E-02	3.15621114643619E-08	9.29372694708145E-12	4.30900330131876E-02	4.5058810527106E-09	3.77389337544383E-11	9.04495027921095E-02	2.20662448670203E-11	1.9929819662317E-10	3.24700094417895	2.05677547520449E-12	1.3710842082198E-10	14.3175996155418	1E10	1E-30	1E-10	1E10	1E-30	1E-10	1E10	1E-30	1E-10	1E10	1E-30	1E-10
76	8.49275030994378E-09	1E10	1E10	1E-30	1.73666555175316E-10	1E10	1E-30	1E10	0.118938791042707	9.76453279524605E-07	1E10	6517.87986187325	1.35329465288972E-06	1E10	494.431749995136	1.210915907376E-06	1E10	55.4761547887357	1.15045782808281E-06	1E10	5.80906654153758	7.64570971605726E-07	1E10	0.856226388936902	3.61103888574751E-07	1E10	0.135209053307981	7.22143084242223E-06	1E10	5.13261726706438E-02	3.15621114643619E-08	9.29372694708145E-12	4.30900330131876E-02	4.5058810527106E-09	3.77389337544383E-11	9.04495027921095E-02	2.20662448670203E-11	1.9929819662317E-10	3.24700094417895	2.05677547520449E-12	1.3710842082198E-10	14.3175996155418	1E10	1E-30	1E-10	1E10	1E-30	1E-10	1E10	1E-30	1E-10	1E10	1E-30	1E-10
77	8.49275030994378E-09	1E10	1E10	1E-30	1.73666555175316E-10	1E10	1E-30	1E10	0.118938791042707	9.76453279524605E-07	1E10	6517.87986187325	1.35329465288972E-06	1E10	494.431749995136	1.210915907376E-06	1E10	55.4761547887357	1.15045782808281E-06	1E10	5.80906654153758	7.64570971605726E-07	1E10	0.856226388936902	3.61103888574751E-07	1E10	0.135209053307981	7.22143084242223E-06	1E10	5.13261726706438E-02	3.15621114643619E-08	9.29372694708145E-12	4.30900330131876E-02	4.5058810527106E-09	3.77389337544383E-11	9.04495027921095E-02	2.20662448670203E-11	1.9929819662317E-10	3.24700094417895	2.05677547520449E-12	1.3710842082198E-10	14.3175996155418	1E10	1E-30	1E-10	1E10	1E-30	1E-10	1E10	1E-30	1E-10	1E10	1E-30	1E-10
78	7.84932619014309E-09	1E10	1E10	1E-30	1.84799619221947E-10	1E10	1E-30	1E10	6.33215301005212E-02	4.05184816960976E-07	1E10	2975.42380914926	5.61471570623097E-07	1E10	265.184926124976	4.60155816131844E-07	1E10	69.7507423119666	3.11268346148946E-07	1E10	11.8453755385792	2.20172150534435E-07	1E10	1.72990201952588	1.40028228633202E-07	1E10	0.207708873245187	1E-30	7.4412479082084E-11	0.270417547521101	7.04408859886812E-08	9.08468053371857E-12	5.84167490060502E-02	1.27680105617497E-08	2.08810093563027E-11	0.126452054836686	2.33148690885955E-12	2.0531085782307E-10	64.4003859702143	1E10	1E-30	1E-10	1E10	1E-30	1E-10	1E10	1E-30	1E-10	1E10	1E-30	1E-10	1E10	1E-30	1E-10
79	1.01561860041264E-08	1E10	1E10	1E-30	1.69944606396311E-10	1E10	1E-30	1E10	0.38610976473584	1.29707603672884E-06	1E10	2644.85726056566	3.44220963232791E-06	1E10	210.088479888281	1.58751337976441E-06	1E10	87.579455085248	1.58555305874583E-06	1E10	11.0256001557904	2.02021438261055E-06	1E10	1.52195649628562	1.33131309470037E-06	1E10	1.08834739527713	8.87421628229812E-07	1E10	0.260428822969094	7.59807376336045E-07	1E10	9.39018807493108E-02	1E-30	7.75161174124984E-11	0.16209737683965	2.1097427949679E-08	1.82064938026348E-11	6.15874393217864E-02	5.61542054035628E-11	8.21093241165321E-11	1.58074999821035	1.4293224875099E-12	1.69839066900145E-10	20.8733306385263	1E10	1E-30	1E-10	1E10	1E-30	1E-10	1E10	1E-30	1E-10
80	1.01561860041264E-08	1E10	1E10	1E-30	1.69944606396311E-10	1E10	1E-30	1E10	0.38610976473584	1.29707603672884E-06	1E10	2644.85726056566	3.44220963232791E-06	1E10	210.088479888281	1.58751337976441E-06	1E10	87.579455085248	1.58555305874583E-06	1E10	11.0256001557904	2.02021438261055E-06	1E10	1.52195649628562	1.33131309470037E-06	1E10	1.08834739527713	8.87421628229812E-07	1E10	0.260428822969094	7.59807376336045E-07	1E10	9.39018807493108E-02	1E-30	7.75161174124984E-11	0.16209737683965	2.1097427949679E-08	1.82064938026348E-11	6.15874393217864E-02	5.61542054035628E-11	8.21093241165321E-11	1.58074999821035	1.4293224875099E-12	1.69839066900145E-10	20.8733306385263	1E10	1E-30	1E-10	1E10	1E-30	1E-10	1E10	1E-30	1E-10
81	1.01561860041264E-08	1E10	1E10	1E-30	1.69944606396311E-10	1E10	1E-30	1E10	0.38610976473584	1.29707603672884E-06	1E10	2644.85726056566	3.44220963232791E-06	1E10	210.088479888281	1.58751337976441E-06	1E10	87.579455085248	1.58555305874583E-06	1E10	11.0256001557904	2.02021438261055E-06	1E10	1.52195649628562	1.33131309470037E-06	1E10	1.08834739527713	8.87421628229812E-07	1E10	0.260428822969094	7.59807376336045E-07	1E10	9.39018807493108E-02	1E-30	7.75161174124984E-11	0.16209737683965	2.1097427949679E-08	1.82064938026348E-11	6.15874393217864E-02	5.61542054035628E-11	8.21093241165321E-11	1.58074999821035	1.4293224875099E-12	1.69839066900145E-10	20.8733306385263	1E10	1E-30	1E-10	1E10	1E-30	1E-10	1E10	1E-30	1E-10
82	1.01561860041264E-08	1E10	1E10	1E-30	1.69944606396311E-10	1E10	1E-30	1E10	0.38610976473584	1.29707603672884E-06	1E10	2644.85726056566	3.44220963232791E-06	1E10	210.088479888281	1.58751337976441E-06	1E10	87.579455085248	1.58555305874583E-06	1E10	11.0256001557904	2.02021438261055E-06	1E10	1.52195649628562	1.33131309470037E-06	1E10	1.08834739527713	8.87421628229812E-07	1E10	0.260428822969094	7.59807376336045E-07	1E10	9.39018807493108E-02	1E-30	7.75161174124984E-11	0.16209737683965	2.1097427949679E-08	1.82064938026348E-11	6.15874393217864E-02	5.61542054035628E-11	8.21093241165321E-11	1.58074999821035	1.4293224875099E-12	1.69839066900145E-10	20.8733306385263	1E10	1E-30	1E-10	1E10	1E-30	1E-10	1E10	1E-30	1E-10
83	1.01561860041264E-08	1E10	1E10	1E-30	1.69944606396311E-10	1E10	1E-30	1E10	0.38610976473584	1.29707603672884E-06	1E10	2644.85726056566	3.44220963232791E-06	1E10	210.088479888281	1.58751337976441E-06	1E10	87.579455085248	1.58555305874583E-06	1E10	11.0256001557904	2.02021438261055E-06	1E10	1.52195649628562	1.33131309470037E-06	1E10	1.08834739527713	8.87421628229812E-07	1E10	0.260428822969094	7.59807376336045E-07	1E10	9.39018807493108E-02	1E-30	7.75161174124984E-11	0.16209737683965	2.1097427949679E-08	1.82064938026348E-11	6.15874393217864E-02	5.61542054035628E-11	8.21093241165321E-11	1.58074999821035	1.4293224875099E-12	1.69839066900145E-10	20.8733306385263	1E10	1E-30	1E-10	1E10	1E-30	1E-10	1E10	1E-30	1E-10
84	1.01561860041264E-08	1E10	1E10	1E-30	1.69944606396311E-10	1E10	1E-30	1E10	0.38610976473584	1.29707603672884E-06	1E10	2644.85726056566	3.44220963232791E-06	1E10	210.088479888281	1.58751337976441E-06	1E10	87.579455085248	1.58555305874583E-06	1E10	11.0256001557904	2.02021438261055E-06	1E10	1.52195649628562	1.33131309470037E-06	1E10	1.08834739527713	8.87421628229812E-07	1E10	0.260428822969094	7.59807376336045E-07	1E10	9.39018807493108E-02	1E-30	7.75161174124984E-11	0.16209737683965	2.1097427949679E-08	1.82064938026348E-11	6.15874393217864E-02	5.61542054035628E-11	8.21093241165321E-11	1.58074999821035	1.4293224875099E-12	1.69839066900145E-10	20.8733306385263	1E10	1E-30	1E-10	1E10	1E-30	1E-10	1E10	1E-30	1E-10
85	1.01561860041264E-08	1E10	1E10	1E-30	1.69944606396311E-10	1E10	1E-30	1E10	0.38610976473584	1.29707603672884E-06	1E10	2644.85726056566	3.44220963232791E-06	1E10	210.088479888281	1.58751337976441E-06	1E10	87.579455085248	1.58555305874583E-06	1E10	11.0256001557904	2.02021438261055E-06	1E10	1.52195649628562	1.33131309470037E-06	1E10	1.08834739527713	8.87421628229812E-07	1E10	0.260428822969094	7.59807376336045E-07	1E10	9.39018807493108E-02	1E-30	7.75161174124984E-11	0.16209737683965	2.1097427949679E-08	1.82064938026348E-11	6.15874393217864E-02	5.61542054035628E-11	8.21093241165321E-11	1.58074999821035	1.4293224875099E-12	1.69839066900145E-10	20.8733306385263	1E10	1E-30	1E-10	1E10	1E-30	1E-10	1E10	1E-30	1E-10
86	1.01561860041264E-08	1E10	1E10	1E-30	1.69944606396311E-10	1E10	1E-30	1E10	0.38610976473584	1.29707603672884E-06	1E10	2644.85726056566	3.44220963232791E-06	1E10	210.088479888281	1.58751337976441E-06	1E10	87.579455085248	1.58555305874583E-06	1E10	11.0256001557904	2.02021438261055E-06	1E10	1.52195649628562	1.33131309470037E-06	1E10	1.08834739527713	8.87421628229812E-07	1E10	0.260428822969094	7.59807376336045E-07	1E10	9.39018807493108E-02	1E-30	7.75161174124984E-11	0.16209737683965	2.1097427949679E-08	1.82064938026348E-11	6.15874393217864E-02	5.61542054035628E-11	8.21093241165321E-11	1.58074999821035	1.4293224875099E-12	1.69839066900145E-10	20.8733306385263	1E10	1E-30	1E-10	1E10	1E-30	1E-10	1E10	1E-30	1E-10
87	1.01561860041264E-08	1E10	1E10	1E-30	1.69944606396311E-10	1E10	1E-30	1E10	0.38610976473584	1.29707603672884E-06	1E10	2644.85726056566	3.44220963232791E-06	1E10	210.088479888281	1.58751337976441E-06	1E10	87.579455085248	1.58555305874583E-06	1E10	11.0256001557904	2.02021438261055E-06	1E10	1.52195649628562	1.33131309470037E-06	1E10	1.08834739527713	8.87421628229812E-07	1E10	0.260428822969094	7.59807376336045E-07	1E10	9.39018807493108E-02	1E-30	7.75161174124984E-11	0.16209737683965	2.1097427949679E-08	1.82064938026348E-11	6.15874393217864E-02	5.61542054035628E-11	8.21093241165321E-11	1.58074999821035	1.4293224875099E-12	1.69839066900145E-10	20.8733306385263	1E10	1E-30	1E-10	1E10	1E-30	1E-10	1E10	1E-30	1E-10
88	1.01561860041264E-08	1E10	1E10	1E-30	1.69944606396311E-10	1E10	1E-30	1E10	0.38610976473584	1.29707603672884E-06	1E10	2644.85726056566	3.44220963232791E-06	1E10	210.088479888281	1.58751337976441E-06	1E10	87.579455085248	1.58555305874583E-06	1E10	11.0256001557904	2.02021438261055E-06	1E10	1.52195649628562	1.33131309470037E-06	1E10	1.08834739527713	8.87421628229812E-07	1E10	0.260428822969094	7.59807376336045E-07	1E10	9.39018807493108E-02	1E-30	7.75161174124984E-11	0.16209737683965	2.1097427949679E-08	1.82064938026348E-11	6.15874393217864E-02	5.61542054035628E-11	8.21093241165321E-11	1.58074999821035	1.4293224875099E-12	1.69839066900145E-10	20.8733306385263	1E10	1E-30	1E-10	1E10	1E-30	1E-10	1E10	1E-30	1E-10
89	9.82039363343792E-09	1E10	1E10	1E-30	2.3740700221523E-10	1E10	1E-30	1E10	9.17996695041124E-02	5.10140651250017E-07	1E10	7799.56188072404	7.9941808668477E-07	1E10	779.956188072404	5.68128635257029E-07	1E10	182.839577076641	5.09452301758735E-07	1E10	27.6738898543669	3.88821188637239E-07	1E10	5.15311943192418	2.73606311172185E-07	1E10	0.863620120514478	2.15960620032971E-07	1E10	0.137328905422949	5.05894992381781E-07	1E10	1.08780365769079E-02	1E-30	9.31126660032E-11	0.239550928118277	1E-30	1.08691191657464E-11	0.136042465712705	5.49360827398559E-08	1.57174329856249E-11	0.072281064270129	1.53547323037283E-08	2.55314597338598E-11	0.139662959275179	3.37377841142525E-12	1.20489271437455E-10	26.3003004710344	1E10	1E-30	1E-10	1E10	1E-30	1E-10
90	9.82039363343792E-09	1E10	1E10	1E-30	2.3740700221523E-10	1E10	1E-30	1E10	9.17996695041124E-02	5.10140651250017E-07	1E10	7799.56188072404	7.9941808668477E-07	1E10	779.956188072404	5.68128635257029E-07	1E10	182.839577076641	5.09452301758735E-07	1E10	27.6738898543669	3.88821188637239E-07	1E10	5.15311943192418	2.73606311172185E-07	1E10	0.863620120514478	2.15960620032971E-07	1E10	0.137328905422949	5.05894992381781E-07	1E10	1.08780365769079E-02	1E-30	9.31126660032E-11	0.239550928118277	1E-30	1.08691191657464E-11	0.136042465712705	5.49360827398559E-08	1.57174329856249E-11	0.072281064270129	1.53547323037283E-08	2.55314597338598E-11	0.139662959275179	3.37377841142525E-12	1.20489271437455E-10	26.3003004710344	1E10	1E-30	1E-10	1E10	1E-30	1E-10
91	9.82039363343792E-09	1E10	1E10	1E-30	2.3740700221523E-10	1E10	1E-30	1E10	9.17996695041124E-02	5.10140651250017E-07	1E10	7799.56188072404	7.9941808668477E-07	1E10	779.956188072404	5.68128635257029E-07	1E10	182.839577076641	5.09452301758735E-07	1E10	27.6738898543669	3.88821188637239E-07	1E10	5.15311943192418	2.73606311172185E-07	1E10	0.863620120514478	2.15960620032971E-07	1E10	0.137328905422949	5.05894992381781E-07	1E10	1.08780365769079E-02	1E-30	9.31126660032E-11	0.239550928118277	1E-30	1.08691191657464E-11	0.136042465712705	5.49360827398559E-08	1.57174329856249E-11	0.072281064270129	1.53547323037283E-08	2.55314597338598E-11	0.139662959275179	3.37377841142525E-12	1.20489271437455E-10	26.3003004710344	1E10	1E-30	1E-10	1E10	1E-30	1E-10
92	9.82039363343792E-09	1E10	1E10	1E-30	2.3740700221523E-10	1E10	1E-30	1E10	9.17996695041124E-02	5.10140651250017E-07	1E10	7799.56188072404	7.9941808668477E-07	1E10	779.956188072404	5.68128635257029E-07	1E10	182.839577076641	5.09452301758735E-07	1E10	27.6738898543669	3.88821188637239E-07	1E10	5.15311943192418	2.73606311172185E-07	1E10	0.863620120514478	2.15960620032971E-07	1E10	0.137328905422949	5.05894992381781E-07	1E10	1.08780365769079E-02	1E-30	9.31126660032E-11	0.239550928118277	1E-30	1.08691191657464E-11	0.136042465712705	5.49360827398559E-08	1.57174329856249E-11	0.072281064270129	1.53547323037283E-08	2.55314597338598E-11	0.139662959275179	3.37377841142525E-12	1.20489271437455E-10	26.3003004710344	1E10	1E-30	1E-10	1E10	1E-30	1E-10
93	1.26323001028632E-08	1E10	1E10	1E-30	1.5669397375504E-10	1E10	1E-30	1E10	0.192866204431643	1.9571311872674E-06	1E10	1887.75079637643	3.17754836897614E-06	1E10	306.157330286067	2.12410005812456E-06	1E10	71.7702835678017	1.74469111730227E-06	1E10	7.8694551063108	1.40310901401091E-06	1E10	0.907504738494437	1.48253403595285E-06	1E10	0.140151589883869	8.29899075795479E-07	1E10	4.93928008115851E-02	1E-30	3.58816518141082E-11	0.306074813996438	1E-30	1.00920271750855E-10	0.185857576958501	1.60154085837009E-07	4.2890564364582E-12	1.63225922647078E-02	2.72043117513224E-07	1.97245489025416E-12	1.15149604698421E-02	1.83890863930516E-12	1.44136633898923E-10	24.2635990672502	1E10	1E-30	1E-10	1E10	1E-30	1E-10	1E10	1E-30	1E-10
94	1.26323001028632E-08	1E10	1E10	1E-30	1.5669397375504E-10	1E10	1E-30	1E10	0.192866204431643	1.9571311872674E-06	1E10	1887.75079637643	3.17754836897614E-06	1E10	306.157330286067	2.12410005812456E-06	1E10	71.7702835678017	1.74469111730227E-06	1E10	7.8694551063108	1.40310901401091E-06	1E10	0.907504738494437	1.48253403595285E-06	1E10	0.140151589883869	8.29899075795479E-07	1E10	4.93928008115851E-02	1E-30	3.58816518141082E-11	0.306074813996438	1E-30	1.00920271750855E-10	0.185857576958501	1.60154085837009E-07	4.2890564364582E-12	1.63225922647078E-02	2.72043117513224E-07	1.97245489025416E-12	1.15149604698421E-02	1.83890863930516E-12	1.44136633898923E-10	24.2635990672502	1E10	1E-30	1E-10	1E10	1E-30	1E-10	1E10	1E-30	1E-10
95	1.26323001028632E-08	1E10	1E10	1E-30	1.5669397375504E-10	1E10	1E-30	1E10	0.192866204431643	1.9571311872674E-06	1E10	1887.75079637643	3.17754836897614E-06	1E10	306.157330286067	2.12410005812456E-06	1E10	71.7702835678017	1.74469111730227E-06	1E10	7.8694551063108	1.40310901401091E-06	1E10	0.907504738494437	1.48253403595285E-06	1E10	0.140151589883869	8.29899075795479E-07	1E10	4.93928008115851E-02	1E-30	3.58816518141082E-11	0.306074813996438	1E-30	1.00920271750855E-10	0.185857576958501	1.60154085837009E-07	4.2890564364582E-12	1.63225922647078E-02	2.72043117513224E-07	1.97245489025416E-12	1.15149604698421E-02	1.83890863930516E-12	1.44136633898923E-10	24.2635990672502	1E10	1E-30	1E-10	1E10	1E-30	1E-10	1E10	1E-30	1E-10
96	1.26323001028632E-08	1E10	1E10	1E-30	1.5669397375504E-10	1E10	1E-30	1E10	0.192866204431643	1.9571311872674E-06	1E10	1887.75079637643	3.17754836897614E-06	1E10	306.157330286067	2.12410005812456E-06	1E10	71.7702835678017	1.74469111730227E-06	1E10	7.8694551063108	1.40310901401091E-06	1E10	0.907504738494437	1.48253403595285E-06	1E10	0.140151589883869	8.29899075795479E-07	1E10	4.93928008115851E-02	1E-30	3.58816518141082E-11	0.306074813996438	1E-30	1.00920271750855E-10	0.185857576958501	1.60154085837009E-07	4.2890564364582E-12	1.63225922647078E-02	2.72043117513224E-07	1.97245489025416E-12	1.15149604698421E-02	1.83890863930516E-12	1.44136633898923E-10	24.2635990672502	1E10	1E-30	1E-10	1E10	1E-30	1E-10	1E10	1E-30	1E-10
97	1.18877488268677E-08	1E10	1E10	1E-30	1.60659417619981E-10	1E10	1E-30	1E10	3.60210427570031E-02	6.09206058810926E-07	1E10	10788.9251284016	6.20183971548659E-07	1E10	1078.89251284016	5.06106781265389E-07	1E10	123.87343458233	4.76443661969779E-07	1E10	12.9711409696273	3.46965579170497E-07	1E10	1.79828006841188	2.46911368917096E-07	1E10	0.224541688410723	2.89345477989642E-07	1E10	1.86783019953116E-02	1E-30	9.29596457547495E-11	0.185276861782428	1E-30	1.17343007740198E-11	0.124340844621018	5.92545619004394E-08	1.93121037853693E-11	8.39911416480523E-02	2.00220684419668E-08	2.5902813276692E-11	0.121019919727434	2.23314947025744E-12	1.60546939216995E-10	44.1946422607984	1E10	1E-30	1E-10	1E10	1E-30	1E-10	1E10	1E-30	1E-10
98	1.50768917389127E-08	1E10	1E10	1E-30	1.40500450128531E-10	1E10	1E-30	1E10	0.066672213579139	2.08937215615018E-06	1E10	1904.33933255276	3.64492330774825E-06	1E10	213.670387437729	2.47378985270008E-06	1E10	45.6819187991118	2.28063276767378E-06	1E10	5.75101284357196	1.78679938428425E-06	1E10	0.775790286328645	1.22294562464616E-06	1E10	0.144348563304676	6.29574670376353E-07	1E10	3.49970647960732E-02	1E-30	8.07941034001565E-11	0.132433443524355	6.88407609018446E-08	2.11303720383469E-11	2.81066196685905E-02	2.32999413067422E-08	2.71397651379123E-11	5.00122731205388E-02	5.16795334547527E-11	7.78168258554785E-11	0.966185278526582	1.73944864993154E-12	1.71742877826787E-10	28.8564921472224	1E10	1E-30	1E-10	1E10	1E-30	1E-10	1E10	1E-30	1E-10
99	1.50768917389127E-08	1E10	1E10	1E-30	1.40500450128531E-10	1E10	1E-30	1E10	0.066672213579139	2.08937215615018E-06	1E10	1904.33933255276	3.64492330774825E-06	1E10	213.670387437729	2.47378985270008E-06	1E10	45.6819187991118	2.28063276767378E-06	1E10	5.75101284357196	1.78679938428425E-06	1E10	0.775790286328645	1.22294562464616E-06	1E10	0.144348563304676	6.29574670376353E-07	1E10	3.49970647960732E-02	1E-30	8.07941034001565E-11	0.132433443524355	6.88407609018446E-08	2.11303720383469E-11	2.81066196685905E-02	2.32999413067422E-08	2.71397651379123E-11	5.00122731205388E-02	5.16795334547527E-11	7.78168258554785E-11	0.966185278526582	1.73944864993154E-12	1.71742877826787E-10	28.8564921472224	1E10	1E-30	1E-10	1E10	1E-30	1E-10	1E10	1E-30	1E-10
100	1.50768917389127E-08	1E10	1E10	1E-30	1.40500450128531E-10	1E10	1E-30	1E10	0.066672213579139	2.08937215615018E-06	1E10	1904.33933255276	3.64492330774825E-06	1E10	213.670387437729	2.47378985270008E-06	1E10	45.6819187991118	2.28063276767378E-06	1E10	5.75101284357196	1.78679938428425E-06	1E10	0.775790286328645	1.22294562464616E-06	1E10	0.144348563304676	6.29574670376353E-07	1E10	3.49970647960732E-02	1E-30	8.07941034001565E-11	0.132433443524355	6.88407609018446E-08	2.11303720383469E-11	2.81066196685905E-02	2.32999413067422E-08	2.71397651379123E-11	5.00122731205388E-02	5.16795334547527E-11	7.78168258554785E-11	0.966185278526582	1.73944864993154E-12	1.71742877826787E-10	28.8564921472224	1E10	1E-30	1E-10	1E10	1E-30	1E-10	1E10	1E-30	1E-10
101	1.50768917389127E-08	1E10	1E10	1E-30	1.40500450128531E-10	1E10	1E-30	1E10	0.066672213579139	2.08937215615018E-06	1E10	1904.33933255276	3.64492330774825E-06	1E10	213.670387437729	2.47378985270008E-06	1E10	45.6819187991118	2.28063276767378E-06	1E10	5.75101284357196	1.78679938428425E-06	1E10	0.775790286328645	1.22294562464616E-06	1E10	0.144348563304676	6.29574670376353E-07	1E10	3.49970647960732E-02	1E-30	8.07941034001565E-11	0.132433443524355	6.88407609018446E-08	2.11303720383469E-11	2.81066196685905E-02	2.32999413067422E-08	2.71397651379123E-11	5.00122731205388E-02	5.16795334547527E-11	7.78168258554785E-11	0.966185278526582	1.73944864993154E-12	1.71742877826787E-10	28.8564921472224	1E10	1E-30	1E-10	1E10	1E-30	1E-10	1E10	1E-30	1E-10
102	1.50768917389127E-08	1E10	1E10	1E-30	1.40500450128531E-10	1E10	1E-30	1E10	0.066672213579139	2.08937215615018E-06	1E10	1904.33933255276	3.64492330774825E-06	1E10	213.670387437729	2.47378985270008E-06	1E10	45.6819187991118	2.28063276767378E-06	1E10	5.75101284357196	1.78679938428425E-06	1E10	0.775790286328645	1.22294562464616E-06	1E10	0.144348563304676	6.29574670376353E-07	1E10	3.49970647960732E-02	1E-30	8.07941034001565E-11	0.132433443524355	6.88407609018446E-08	2.11303720383469E-11	2.81066196685905E-02	2.32999413067422E-08	2.71397651379123E-11	5.00122731205388E-02	5.16795334547527E-11	7.78168258554785E-11	0.966185278526582	1.73944864993154E-12	1.71742877826787E-10	28.8564921472224	1E10	1E-30	1E-10	1E10	1E-30	1E-10	1E10	1E-30	1E-10
103	1.50768917389127E-08	1E10	1E10	1E-30	1.40500450128531E-10	1E10	1E-30	1E10	0.066672213579139	2.08937215615018E-06	1E10	1904.33933255276	3.64492330774825E-06	1E10	213.670387437729	2.47378985270008E-06	1E10	45.6819187991118	2.28063276767378E-06	1E10	5.75101284357196	1.78679938428425E-06	1E10	0.775790286328645	1.22294562464616E-06	1E10	0.144348563304676	6.29574670376353E-07	1E10	3.49970647960732E-02	1E-30	8.07941034001565E-11	0.132433443524355	6.88407609018446E-08	2.11303720383469E-11	2.81066196685905E-02	2.32999413067422E-08	2.71397651379123E-11	5.00122731205388E-02	5.16795334547527E-11	7.78168258554785E-11	0.966185278526582	1.73944864993154E-12	1.71742877826787E-10	28.8564921472224	1E10	1E-30	1E-10	1E10	1E-30	1E-10	1E10	1E-30	1E-10
104	1.50768917389127E-08	1E10	1E10	1E-30	1.40500450128531E-10	1E10	1E-30	1E10	0.066672213579139	2.08937215615018E-06	1E10	1904.33933255276	3.64492330774825E-06	1E10	213.670387437729	2.47378985270008E-06	1E10	45.6819187991118	2.28063276767378E-06	1E10	5.75101284357196	1.78679938428425E-06	1E10	0.775790286328645	1.22294562464616E-06	1E10	0.144348563304676	6.29574670376353E-07	1E10	3.49970647960732E-02	1E-30	8.07941034001565E-11	0.132433443524355	6.88407609018446E-08	2.11303720383469E-11	2.81066196685905E-02	2.32999413067422E-08	2.71397651379123E-11	5.00122731205388E-02	5.16795334547527E-11	7.78168258554785E-11	0.966185278526582	1.73944864993154E-12	1.71742877826787E-10	28.8564921472224	1E10	1E-30	1E-10	1E10	1E-30	1E-10	1E10	1E-30	1E-10
105	1.50768917389127E-08	1E10	1E10	1E-30	1.40500450128531E-10	1E10	1E-30	1E10	0.066672213579139	2.08937215615018E-06	1E10	1904.33933255276	3.64492330774825E-06	1E10	213.670387437729	2.47378985270008E-06	1E10	45.6819187991118	2.28063276767378E-06	1E10	5.75101284357196	1.78679938428425E-06	1E10	0.775790286328645	1.22294562464616E-06	1E10	0.144348563304676	6.29574670376353E-07	1E10	3.49970647960732E-02	1E-30	8.07941034001565E-11	0.132433443524355	6.88407609018446E-08	2.11303720383469E-11	2.81066196685905E-02	2.32999413067422E-08	2.71397651379123E-11	5.00122731205388E-02	5.16795334547527E-11	7.78168258554785E-11	0.966185278526582	1.73944864993154E-12	1.71742877826787E-10	28.8564921472224	1E10	1E-30	1E-10	1E10	1E-30	1E-10	1E10	1E-30	1E-10
106	1.44909917373087E-08	1E10	1E10	1E-30	2.2580856599292E-10	1E10	1E-30	1E10	4.37413799192969E-02	6.34675908521597E-07	1E10	11355.0847455451	7.4183673832035E-07	1E10	944.474810914501	6.48679175231399E-07	1E10	105.971816746942	5.31862478951421E-07	1E10	12.7406146346643	4.08781100666197E-07	1E10	1.59828018280361	2.93654554448753E-07	1E10	0.207384125556777	6.2003443933038E-07	1E10	1.04384531693502E-02	1E-30	1.75269897247967E-11	0.158561062605299	1E-30	6.31214910920292E-11	0.15038478313588	1.21876157534468E-07	9.69899157849976E-12	3.58064695214981E-02	1.55118199714626E-08	3.02492241699697E-11	0.085160575352085	2.93358998004119E-12	1.69847446257848E-10	51.3344905847361	1E10	1E-30	1E-10	1E10	1E-30	1E-10	1E10	1E-30	1E-10
107	1.7175116832587E-08	1E10	1E10	1E-30	2.11410555979398E-10	1E10	1E-30	1E10	0.070021040615109	1.88673896890987E-06	1E10	691.432746864761	2.22062565705483E-06	1E10	66.0313146988283	2.35606207646462E-06	1E10	9.54442883803266	2.051248652648E-06	1E10	1.62759959416238	1.52018763806943E-06	1E10	0.324685344482097	1.03136774823957E-06	1E10	7.39215793048641E-02	1E-30	1.01382414898767E-10	0.202502721694642	1.56503873275822E-07	1.15364798590201E-11	1.93575967480759E-02	2.48832393376868E-08	2.92117910507105E-11	5.44246029180295E-02	4.68300173404233E-11	1.00663732054785E-10	1.98149191376502	2.53660892427519E-12	1.05651193218324E-10	15.7274488790424	1E10	1E-30	1E-10	1E10	1E-30	1E-10	1E10	1E-30	1E-10	1E10	1E-30	1E-10
108	1.7175116832587E-08	1E10	1E10	1E-30	2.11410555979398E-10	1E10	1E-30	1E10	0.070021040615109	1.88673896890987E-06	1E10	691.432746864761	2.22062565705483E-06	1E10	66.0313146988283	2.35606207646462E-06	1E10	9.54442883803266	2.051248652648E-06	1E10	1.62759959416238	1.52018763806943E-06	1E10	0.324685344482097	1.03136774823957E-06	1E10	7.39215793048641E-02	1E-30	1.01382414898767E-10	0.202502721694642	1.56503873275822E-07	1.15364798590201E-11	1.93575967480759E-02	2.48832393376868E-08	2.92117910507105E-11	5.44246029180295E-02	4.68300173404233E-11	1.00663732054785E-10	1.98149191376502	2.53660892427519E-12	1.05651193218324E-10	15.7274488790424	1E10	1E-30	1E-10	1E10	1E-30	1E-10	1E10	1E-30	1E-10	1E10	1E-30	1E-10
109	1.7175116832587E-08	1E10	1E10	1E-30	2.11410555979398E-10	1E10	1E-30	1E10	0.070021040615109	1.88673896890987E-06	1E10	691.432746864761	2.22062565705483E-06	1E10	66.0313146988283	2.35606207646462E-06	1E10	9.54442883803266	2.051248652648E-06	1E10	1.62759959416238	1.52018763806943E-06	1E10	0.324685344482097	1.03136774823957E-06	1E10	7.39215793048641E-02	1E-30	1.01382414898767E-10	0.202502721694642	1.56503873275822E-07	1.15364798590201E-11	1.93575967480759E-02	2.48832393376868E-08	2.92117910507105E-11	5.44246029180295E-02	4.68300173404233E-11	1.00663732054785E-10	1.98149191376502	2.53660892427519E-12	1.05651193218324E-10	15.7274488790424	1E10	1E-30	1E-10	1E10	1E-30	1E-10	1E10	1E-30	1E-10	1E10	1E-30	1E-10
110	1.75998944464694E-08	1E10	1E10	1E-30	2.69340034421561E-10	1E10	1E-30	1E10	3.59843961713709E-02	9.77849190125246E-07	1E10	4069.00534098489	1.18945798688775E-06	1E10	524.189430636076	8.54377597932208E-07	1E10	79.3392809050604	7.43629178679812E-07	1E10	9.10936826981036	5.34315868391334E-07	1E10	1.476854441335	4.14823204947629E-07	1E10	0.191070385844609	5.97177390619963E-07	1E10	0.015460726531902	1E-30	8.53478493094579E-11	0.181602595005951	7.62651311796659E-08	2.04491341300243E-11	0.058515779459885	3.02618384079616E-08	2.14076893697518E-11	8.98467492958769E-02	3.2571419537642E-12	9.78358093649402E-11	13.6986789580474	1E10	1E-30	1E-10	1E10	1E-30	1E-10	1E10	1E-30	1E-10	1E10	1E-30	1E-10
111	2.21333162577807E-08	1E10	1E10	1E-30	2.0209127135325E-10	1E10	1E-30	1E10	0.29723964757783	2.07178146567976E-06	1E10	1920.50833700835	1.3880273727924E-05	1E10	65.0753026811898	3.75045729220599E-06	1E10	42.0161443818205	4.23616587987652E-06	1E10	6.07318061028863	4.68599231394503E-06	1E10	0.800601126398311	2.17973619015184E-06	1E10	0.516911503028978	1.08736345817878E-06	1E10	0.123880456644636	1E-30	7.31673611580236E-11	0.199933722479418	2.03381897528194E-08	4.32607075396482E-11	5.69564486827303E-02	1.1875070289444E-10	3.67506007634764E-11	0.803171188722173	2.13906433118036E-12	1.35152374709456E-10	14.2468817304538	1E10	1E-30	1E-10	1E10	1E-30	1E-10	1E10	1E-30	1E-10	1E10	1E-30	1E-10
112	2.21333162577807E-08	1E10	1E10	1E-30	2.0209127135325E-10	1E10	1E-30	1E10	0.29723964757783	2.07178146567976E-06	1E10	1920.50833700835	1.3880273727924E-05	1E10	65.0753026811898	3.75045729220599E-06	1E10	42.0161443818205	4.23616587987652E-06	1E10	6.07318061028863	4.68599231394503E-06	1E10	0.800601126398311	2.17973619015184E-06	1E10	0.516911503028978	1.08736345817878E-06	1E10	0.123880456644636	1E-30	7.31673611580236E-11	0.199933722479418	2.03381897528194E-08	4.32607075396482E-11	5.69564486827303E-02	1.1875070289444E-10	3.67506007634764E-11	0.803171188722173	2.13906433118036E-12	1.35152374709456E-10	14.2468817304538	1E10	1E-30	1E-10	1E10	1E-30	1E-10	1E10	1E-30	1E-10	1E10	1E-30	1E-10
113	2.21333162577807E-08	1E10	1E10	1E-30	2.0209127135325E-10	1E10	1E-30	1E10	0.29723964757783	2.07178146567976E-06	1E10	1920.50833700835	1.3880273727924E-05	1E10	65.0753026811898	3.75045729220599E-06	1E10	42.0161443818205	4.23616587987652E-06	1E10	6.07318061028863	4.68599231394503E-06	1E10	0.800601126398311	2.17973619015184E-06	1E10	0.516911503028978	1.08736345817878E-06	1E10	0.123880456644636	1E-30	7.31673611580236E-11	0.199933722479418	2.03381897528194E-08	4.32607075396482E-11	5.69564486827303E-02	1.1875070289444E-10	3.67506007634764E-11	0.803171188722173	2.13906433118036E-12	1.35152374709456E-10	14.2468817304538	1E10	1E-30	1E-10	1E10	1E-30	1E-10	1E10	1E-30	1E-10	1E10	1E-30	1E-10
114	2.21333162577807E-08	1E10	1E10	1E-30	2.0209127135325E-10	1E10	1E-30	1E10	0.29723964757783	2.07178146567976E-06	1E10	1920.50833700835	1.3880273727924E-05	1E10	65.0753026811898	3.75045729220599E-06	1E10	42.0161443818205	4.23616587987652E-06	1E10	6.07318061028863	4.68599231394503E-06	1E10	0.800601126398311	2.17973619015184E-06	1E10	0.516911503028978	1.08736345817878E-06	1E10	0.123880456644636	1E-30	7.31673611580236E-11	0.199933722479418	2.03381897528194E-08	4.32607075396482E-11	5.69564486827303E-02	1.1875070289444E-10	3.67506007634764E-11	0.803171188722173	2.13906433118036E-12	1.35152374709456E-10	14.2468817304538	1E10	1E-30	1E-10	1E10	1E-30	1E-10	1E10	1E-30	1E-10	1E10	1E-30	1E-10
115	2.21333162577807E-08	1E10	1E10	1E-30	2.0209127135325E-10	1E10	1E-30	1E10	0.29723964757783	2.07178146567976E-06	1E10	1920.50833700835	1.3880273727924E-05	1E10	65.0753026811898	3.75045729220599E-06	1E10	42.0161443818205	4.23616587987652E-06	1E10	6.07318061028863	4.68599231394503E-06	1E10	0.800601126398311	2.17973619015184E-06	1E10	0.516911503028978	1.08736345817878E-06	1E10	0.123880456644636	1E-30	7.31673611580236E-11	0.199933722479418	2.03381897528194E-08	4.32607075396482E-11	5.69564486827303E-02	1.1875070289444E-10	3.67506007634764E-11	0.803171188722173	2.13906433118036E-12	1.35152374709456E-10	14.2468817304538	1E10	1E-30	1E-10	1E10	1E-30	1E-10	1E10	1E-30	1E-10	1E10	1E-30	1E-10
116	2.21333162577807E-08	1E10	1E10	1E-30	2.0209127135325E-10	1E10	1E-30	1E10	0.29723964757783	2.07178146567976E-06	1E10	1920.50833700835	1.3880273727924E-05	1E10	65.0753026811898	3.75045729220599E-06	1E10	42.0161443818205	4.23616587987652E-06	1E10	6.07318061028863	4.68599231394503E-06	1E10	0.800601126398311	2.17973619015184E-06	1E10	0.516911503028978	1.08736345817878E-06	1E10	0.123880456644636	1E-30	7.31673611580236E-11	0.199933722479418	2.03381897528194E-08	4.32607075396482E-11	5.69564486827303E-02	1.1875070289444E-10	3.67506007634764E-11	0.803171188722173	2.13906433118036E-12	1.35152374709456E-10	14.2468817304538	1E10	1E-30	1E-10	1E10	1E-30	1E-10	1E10	1E-30	1E-10	1E10	1E-30	1E-10
117	2.21333162577807E-08	1E10	1E10	1E-30	2.0209127135325E-10	1E10	1E-30	1E10	0.29723964757783	2.07178146567976E-06	1E10	1920.50833700835	1.3880273727924E-05	1E10	65.0753026811898	3.75045729220599E-06	1E10	42.0161443818205	4.23616587987652E-06	1E10	6.07318061028863	4.68599231394503E-06	1E10	0.800601126398311	2.17973619015184E-06	1E10	0.516911503028978	1.08736345817878E-06	1E10	0.123880456644636	1E-30	7.31673611580236E-11	0.199933722479418	2.03381897528194E-08	4.32607075396482E-11	5.69564486827303E-02	1.1875070289444E-10	3.67506007634764E-11	0.803171188722173	2.13906433118036E-12	1.35152374709456E-10	14.2468817304538	1E10	1E-30	1E-10	1E10	1E-30	1E-10	1E10	1E-30	1E-10	1E10	1E-30	1E-10
118	2.21333162577807E-08	1E10	1E10	1E-30	2.0209127135325E-10	1E10	1E-30	1E10	0.29723964757783	2.07178146567976E-06	1E10	1920.50833700835	1.3880273727924E-05	1E10	65.0753026811898	3.75045729220599E-06	1E10	42.0161443818205	4.23616587987652E-06	1E10	6.07318061028863	4.68599231394503E-06	1E10	0.800601126398311	2.17973619015184E-06	1E10	0.516911503028978	1.08736345817878E-06	1E10	0.123880456644636	1E-30	7.31673611580236E-11	0.199933722479418	2.03381897528194E-08	4.32607075396482E-11	5.69564486827303E-02	1.1875070289444E-10	3.67506007634764E-11	0.803171188722173	2.13906433118036E-12	1.35152374709456E-10	14.2468817304538	1E10	1E-30	1E-10	1E10	1E-30	1E-10	1E10	1E-30	1E-10	1E10	1E-30	1E-10
119	2.108763055925E-08	1E10	1E10	1E-30	2.95825829400153E-10	1E10	1E-30	1E10	3.56027852905541E-02	1.36087898730431E-06	1E10	2923.75267339449	1.85224194647152E-06	1E10	452.835673014318	1.13490278769198E-06	1E10	106.155043328495	9.51211597685538E-07	1E10	12.4721300851149	9.24441640783249E-07	1E10	1.57014815033537	6.25675994614166E-07	1E10	0.372499007334119	4.38022259106321E-07	1E10	5.99357145302651E-02	1E-30	2.54088686934318E-11	0.416276681644877	1E-30	8.08327372850156E-11	0.160377671857596	7.20080431383429E-08	2.74734871888494E-11	6.39265920566541E-02	2.76070428190842E-08	2.99089218063587E-11	9.66956053095277E-02	9.55281002674178E-12	3.15703349711786E-11	13.5667848799332	1E10	1E-30	1E-10	1E10	1E-30	1E-10	1E10	1E-30	1E-10
120	2.108763055925E-08	1E10	1E10	1E-30	2.95825829400153E-10	1E10	1E-30	1E10	3.56027852905541E-02	1.36087898730431E-06	1E10	2923.75267339449	1.85224194647152E-06	1E10	452.835673014318	1.13490278769198E-06	1E10	106.155043328495	9.51211597685538E-07	1E10	12.4721300851149	9.24441640783249E-07	1E10	1.57014815033537	6.25675994614166E-07	1E10	0.372499007334119	4.38022259106321E-07	1E10	5.99357145302651E-02	1E-30	2.54088686934318E-11	0.416276681644877	1E-30	8.08327372850156E-11	0.160377671857596	7.20080431383429E-08	2.74734871888494E-11	6.39265920566541E-02	2.76070428190842E-08	2.99089218063587E-11	9.66956053095277E-02	9.55281002674178E-12	3.15703349711786E-11	13.5667848799332	1E10	1E-30	1E-10	1E10	1E-30	1E-10	1E10	1E-30	1E-10
121	2.65115401572764E-08	1E10	1E10	1E-30	1.34459185913576E-10	1E10	1E-30	1E10	5.91559429130437E-02	2.99295577794157E-06	1E10	1329.41275197653	8.82221735018543E-06	1E10	81.9709258279649	4.67140263041821E-06	1E10	32.6332133490217	5.71119781538897E-06	1E10	4.50463742104183	4.0192022152658E-06	1E10	1.21243883978057	3.48025980644242E-06	1E10	0.232469013044729	1.51799630986112E-06	1E10	6.79482298110017E-02	1E-30	5.66305872995352E-11	0.126990157397832	1.78781491180702E-08	5.70588317487856E-11	5.89047891115096E-02	4.55086398147383E-11	1.29463667048349E-10	1.69691280340748	1.3825657928141E-12	2.56983745705295E-10	47.5397638958345	1E10	1E-30	1E-10	1E10	1E-30	1E-10	1E10	1E-30	1E-10	1E10	1E-30	1E-10
122	2.65115401572764E-08	1E10	1E10	1E-30	1.34459185913576E-10	1E10	1E-30	1E10	5.91559429130437E-02	2.99295577794157E-06	1E10	1329.41275197653	8.82221735018543E-06	1E10	81.9709258279649	4.67140263041821E-06	1E10	32.6332133490217	5.71119781538897E-06	1E10	4.50463742104183	4.0192022152658E-06	1E10	1.21243883978057	3.48025980644242E-06	1E10	0.232469013044729	1.51799630986112E-06	1E10	6.79482298110017E-02	1E-30	5.66305872995352E-11	0.126990157397832	1.78781491180702E-08	5.70588317487856E-11	5.89047891115096E-02	4.55086398147383E-11	1.29463667048349E-10	1.69691280340748	1.3825657928141E-12	2.56983745705295E-10	47.5397638958345	1E10	1E-30	1E-10	1E10	1E-30	1E-10	1E10	1E-30	1E-10	1E10	1E-30	1E-10
123	2.65115401572764E-08	1E10	1E10	1E-30	1.34459185913576E-10	1E10	1E-30	1E10	5.91559429130437E-02	2.99295577794157E-06	1E10	1329.41275197653	8.82221735018543E-06	1E10	81.9709258279649	4.67140263041821E-06	1E10	32.6332133490217	5.71119781538897E-06	1E10	4.50463742104183	4.0192022152658E-06	1E10	1.21243883978057	3.48025980644242E-06	1E10	0.232469013044729	1.51799630986112E-06	1E10	6.79482298110017E-02	1E-30	5.66305872995352E-11	0.126990157397832	1.78781491180702E-08	5.70588317487856E-11	5.89047891115096E-02	4.55086398147383E-11	1.29463667048349E-10	1.69691280340748	1.3825657928141E-12	2.56983745705295E-10	47.5397638958345	1E10	1E-30	1E-10	1E10	1E-30	1E-10	1E10	1E-30	1E-10	1E10	1E-30	1E-10
124	2.65115401572764E-08	1E10	1E10	1E-30	1.34459185913576E-10	1E10	1E-30	1E10	5.91559429130437E-02	2.99295577794157E-06	1E10	1329.41275197653	8.82221735018543E-06	1E10	81.9709258279649	4.67140263041821E-06	1E10	32.6332133490217	5.71119781538897E-06	1E10	4.50463742104183	4.0192022152658E-06	1E10	1.21243883978057	3.48025980644242E-06	1E10	0.232469013044729	1.51799630986112E-06	1E10	6.79482298110017E-02	1E-30	5.66305872995352E-11	0.126990157397832	1.78781491180702E-08	5.70588317487856E-11	5.89047891115096E-02	4.55086398147383E-11	1.29463667048349E-10	1.69691280340748	1.3825657928141E-12	2.56983745705295E-10	47.5397638958345	1E10	1E-30	1E-10	1E10	1E-30	1E-10	1E10	1E-30	1E-10	1E10	1E-30	1E-10
125	2.70066992741312E-08	1E10	1E10	1E-30	1.95874291540021E-10	1E10	1E-30	1E10	2.82955931340183E-02	1.26348429667589E-06	1E10	6341.44121645121	1.44321280435847E-06	1E10	565.181543328214	1.26198163600447E-06	1E10	61.9709239121942	1.01118932313926E-06	1E10	7.80167709054241	7.87848666180744E-07	1E10	0.944102846537504	5.41180074415119E-07	1E10	0.141667572643761	7.32172956600534E-07	1E10	1.47153061376916E-02	1E-30	2.59492928156925E-11	0.248159287639532	1E-30	1.08053079813642E-10	0.137654517205056	9.43525617638019E-08	3.05904538019039E-11	7.25348194285611E-02	3.80773083286579E-08	3.33018769290344E-11	8.48520844351464E-02	4.45538491309871E-12	7.26717777009096E-11	22.3960727057662	1E10	1E-30	1E-10	1E10	1E-30	1E-10	1E10	1E-30	1E-10
126	3.31896932677139E-08	1E10	1E10	1E-30	2.60286017380482E-10	1E10	1E-30	1E10	3.48763611869782E-02	5.26444005372846E-06	1E10	224.439757945506	6.04008234032369E-06	1E10	26.3693722841395	5.48019095764838E-06	1E10	3.99116600348614	4.68304023077706E-06	1E10	0.647291332468951	3.78176691120051E-06	1E10	0.125229407066146	3.79291057922741E-06	1E10	2.50745287295234E-02	1E-30	8.23519571509613E-11	0.120127276198955	1E-30	9.68555772354087E-12	4.80166270031987E-02	2.43822595424628E-07	1.42969887415705E-11	2.04045927916293E-02	3.94223892945494E-08	3.59210061327437E-11	4.99048229466002E-02	6.69457743178935E-12	9.84342412207853E-11	11.0722274365828	9.05447914229463E-12	3.6547839327257E-11	7.91098346267719	1E10	1E-30	1E-10	1E10	1E-30	1E-10	1E10	1E-30	1E-10
127	3.31896932677139E-08	1E10	1E10	1E-30	2.60286017380482E-10	1E10	1E-30	1E10	3.48763611869782E-02	5.26444005372846E-06	1E10	224.439757945506	6.04008234032369E-06	1E10	26.3693722841395	5.48019095764838E-06	1E10	3.99116600348614	4.68304023077706E-06	1E10	0.647291332468951	3.78176691120051E-06	1E10	0.125229407066146	3.79291057922741E-06	1E10	2.50745287295234E-02	1E-30	8.23519571509613E-11	0.120127276198955	1E-30	9.68555772354087E-12	4.80166270031987E-02	2.43822595424628E-07	1.42969887415705E-11	2.04045927916293E-02	3.94223892945494E-08	3.59210061327437E-11	4.99048229466002E-02	6.69457743178935E-12	9.84342412207853E-11	11.0722274365828	9.05447914229463E-12	3.6547839327257E-11	7.91098346267719	1E10	1E-30	1E-10	1E10	1E-30	1E-10	1E10	1E-30	1E-10
128	3.34789785308131E-08	1E10	1E10	1E-30	2.19507566361078E-10	1E10	1E-30	1E10	0.141141842991933	4.25061040156085E-06	1E10	599.968652243128	1.18056779912921E-05	1E10	44.4762906367339	5.65954568755615E-06	1E10	18.9726746578977	3.74706797911997E-06	1E10	3.00696629080816	3.04573119957006E-06	1E10	0.522550851218786	3.48126767171756E-06	1E10	8.37914990263477E-02	2.11339320294474E-06	1E10	4.27269680040745E-02	1E-30	9.9690634061244E-11	0.166482564900227	3.63547970146214E-08	5.29320147340708E-11	4.73134193873751E-02	6.98088147592977E-11	7.73067787354065E-11	1.25076483990436	1.99705067122311E-12	1.56089228379552E-10	16.1688793689626	1E10	1E-30	1E-10	1E10	1E-30	1E-10	1E10	1E-30	1E-10	1E10	1E-30	1E-10
129	3.34789785308131E-08	1E10	1E10	1E-30	2.19507566361078E-10	1E10	1E-30	1E10	0.141141842991933	4.25061040156085E-06	1E10	599.968652243128	1.18056779912921E-05	1E10	44.4762906367339	5.65954568755615E-06	1E10	18.9726746578977	3.74706797911997E-06	1E10	3.00696629080816	3.04573119957006E-06	1E10	0.522550851218786	3.48126767171756E-06	1E10	8.37914990263477E-02	2.11339320294474E-06	1E10	4.27269680040745E-02	1E-30	9.9690634061244E-11	0.166482564900227	3.63547970146214E-08	5.29320147340708E-11	4.73134193873751E-02	6.98088147592977E-11	7.73067787354065E-11	1.25076483990436	1.99705067122311E-12	1.56089228379552E-10	16.1688793689626	1E10	1E-30	1E-10	1E10	1E-30	1E-10	1E10	1E-30	1E-10	1E10	1E-30	1E-10
130	3.34789785308131E-08	1E10	1E10	1E-30	2.19507566361078E-10	1E10	1E-30	1E10	0.141141842991933	4.25061040156085E-06	1E10	599.968652243128	1.18056779912921E-05	1E10	44.4762906367339	5.65954568755615E-06	1E10	18.9726746578977	3.74706797911997E-06	1E10	3.00696629080816	3.04573119957006E-06	1E10	0.522550851218786	3.48126767171756E-06	1E10	8.37914990263477E-02	2.11339320294474E-06	1E10	4.27269680040745E-02	1E-30	9.9690634061244E-11	0.166482564900227	3.63547970146214E-08	5.29320147340708E-11	4.73134193873751E-02	6.98088147592977E-11	7.73067787354065E-11	1.25076483990436	1.99705067122311E-12	1.56089228379552E-10	16.1688793689626	1E10	1E-30	1E-10	1E10	1E-30	1E-10	1E10	1E-30	1E-10	1E10	1E-30	1E-10
131	3.34789785308131E-08	1E10	1E10	1E-30	2.19507566361078E-10	1E10	1E-30	1E10	0.141141842991933	4.25061040156085E-06	1E10	599.968652243128	1.18056779912921E-05	1E10	44.4762906367339	5.65954568755615E-06	1E10	18.9726746578977	3.74706797911997E-06	1E10	3.00696629080816	3.04573119957006E-06	1E10	0.522550851218786	3.48126767171756E-06	1E10	8.37914990263477E-02	2.11339320294474E-06	1E10	4.27269680040745E-02	1E-30	9.9690634061244E-11	0.166482564900227	3.63547970146214E-08	5.29320147340708E-11	4.73134193873751E-02	6.98088147592977E-11	7.73067787354065E-11	1.25076483990436	1.99705067122311E-12	1.56089228379552E-10	16.1688793689626	1E10	1E-30	1E-10	1E10	1E-30	1E-10	1E10	1E-30	1E-10	1E10	1E-30	1E-10
132	3.31896932677139E-08	1E10	1E10	1E-30	2.60286017380482E-10	1E10	1E-30	1E10	3.48763611869782E-02	5.26444005372846E-06	1E10	224.439757945506	6.04008234032369E-06	1E10	26.3693722841395	5.48019095764838E-06	1E10	3.99116600348614	4.68304023077706E-06	1E10	0.647291332468951	3.78176691120051E-06	1E10	0.125229407066146	3.79291057922741E-06	1E10	2.50745287295234E-02	1E-30	8.23519571509613E-11	0.120127276198955	1E-30	9.68555772354087E-12	4.80166270031987E-02	2.43822595424628E-07	1.42969887415705E-11	2.04045927916293E-02	3.94223892945494E-08	3.59210061327437E-11	4.99048229466002E-02	6.69457743178935E-12	9.84342412207853E-11	11.0722274365828	9.05447914229463E-12	3.6547839327257E-11	7.91098346267719	1E10	1E-30	1E-10	1E10	1E-30	1E-10	1E10	1E-30	1E-10
133	3.0247450734854E-08	1E10	1E10	1E-30	2.24286948074237E-10	1E10	1E-30	1E10	4.44507161545524E-02	1.37959255144416E-06	1E10	2884.09325864528	2.67316544448695E-06	1E10	194.988635161286	1.5599487612499E-06	1E10	52.4818697906809	1.20728785629448E-06	1E10	6.60707595379609	7.44799582392983E-07	1E10	0.88286099364594	7.31623209048563E-07	1E10	8.85297636929654E-02	1E-30	6.78662559303624E-11	0.206867586052251	5.75520673498149E-07	4.28794406506585E-12	7.83295129921158E-03	1.69012552712317E-08	4.79913270140575E-11	5.93341221033491E-02	5.46645120625936E-12	1.23385990467127E-10	36.3604172491094	3.13229068497613E-12	1.16239979182731E-10	17.4467911883823	1E10	1E-30	1E-10	1E10	1E-30	1E-10	1E10	1E-30	1E-10	1E10	1E-30	1E-10
134	3.0247450734854E-08	1E10	1E10	1E-30	2.24286948074237E-10	1E10	1E-30	1E10	4.44507161545524E-02	1.37959255144416E-06	1E10	2884.09325864528	2.67316544448695E-06	1E10	194.988635161286	1.5599487612499E-06	1E10	52.4818697906809	1.20728785629448E-06	1E10	6.60707595379609	7.44799582392983E-07	1E10	0.88286099364594	7.31623209048563E-07	1E10	8.85297636929654E-02	1E-30	6.78662559303624E-11	0.206867586052251	5.75520673498149E-07	4.28794406506585E-12	7.83295129921158E-03	1.69012552712317E-08	4.79913270140575E-11	5.93341221033491E-02	5.46645120625936E-12	1.23385990467127E-10	36.3604172491094	3.13229068497613E-12	1.16239979182731E-10	17.4467911883823	1E10	1E-30	1E-10	1E10	1E-30	1E-10	1E10	1E-30	1E-10	1E10	1E-30	1E-10
135	3.9721908534177E-08	1E10	1E10	1E-30	1.77116594672813E-10	1E10	1E-30	1E10	2.72587902498852E-02	4.75729090291902E-06	1E10	1514.89553073085	5.69004934610411E-06	1E10	117.593328772351	5.71265045517853E-06	1E10	11.7593328772351	4.61949360724395E-06	1E10	1.44671400044497	3.60275307399828E-06	1E10	0.187013266823331	2.5480339403877E-06	1E10	2.96467703990914E-02	1E-30	1.24812540667054E-10	0.11997449172818	2.15444317326083E-07	2.11293536784154E-11	2.80097531925926E-02	6.6738026323297E-08	2.90674437977283E-11	4.14264783802449E-02	3.99458923822872E-12	1.15287695238089E-10	14.3852090831041	4.03362359901661E-12	6.45611368562593E-11	20.1333511742703	1E10	1E-30	1E-10	1E10	1E-30	1E-10	1E10	1E-30	1E-10	1E10	1E-30	1E-10
136	3.9721908534177E-08	1E10	1E10	1E-30	1.77116594672813E-10	1E10	1E-30	1E10	2.72587902498852E-02	4.75729090291902E-06	1E10	1514.89553073085	5.69004934610411E-06	1E10	117.593328772351	5.71265045517853E-06	1E10	11.7593328772351	4.61949360724395E-06	1E10	1.44671400044497	3.60275307399828E-06	1E10	0.187013266823331	2.5480339403877E-06	1E10	2.96467703990914E-02	1E-30	1.24812540667054E-10	0.11997449172818	2.15444317326083E-07	2.11293536784154E-11	2.80097531925926E-02	6.6738026323297E-08	2.90674437977283E-11	4.14264783802449E-02	3.99458923822872E-12	1.15287695238089E-10	14.3852090831041	4.03362359901661E-12	6.45611368562593E-11	20.1333511742703	1E10	1E-30	1E-10	1E10	1E-30	1E-10	1E10	1E-30	1E-10	1E10	1E-30	1E-10
137	3.9721908534177E-08	1E10	1E10	1E-30	1.77116594672813E-10	1E10	1E-30	1E10	2.72587902498852E-02	4.75729090291902E-06	1E10	1514.89553073085	5.69004934610411E-06	1E10	117.593328772351	5.71265045517853E-06	1E10	11.7593328772351	4.61949360724395E-06	1E10	1.44671400044497	3.60275307399828E-06	1E10	0.187013266823331	2.5480339403877E-06	1E10	2.96467703990914E-02	1E-30	1.24812540667054E-10	0.11997449172818	2.15444317326083E-07	2.11293536784154E-11	2.80097531925926E-02	6.6738026323297E-08	2.90674437977283E-11	4.14264783802449E-02	3.99458923822872E-12	1.15287695238089E-10	14.3852090831041	4.03362359901661E-12	6.45611368562593E-11	20.1333511742703	1E10	1E-30	1E-10	1E10	1E-30	1E-10	1E10	1E-30	1E-10	1E10	1E-30	1E-10
138	3.9054830056474E-08	1E10	1E10	1E-30	1.74417096314522E-10	1E10	1E-30	1E10	4.28195238627846E-02	4.37127141286801E-06	1E10	619.218900137729	5.05139911531896E-06	1E10	56.4734348859654	5.15387264931997E-06	1E10	7.97708470502345	4.80645275315847E-06	1E10	1.17989729003284	3.61413579872272E-06	1E10	0.223529484112522	2.07971807754497E-06	1E10	5.00420181175979E-02	1E-30	8.82797403028114E-11	0.115726207262242	2.98537023134497E-07	1.51151851972031E-11	1.58797345320109E-02	5.13080064836556E-08	3.9128167426731E-11	4.22989690265205E-02	7.01129783906966E-11	7.64246884273678E-11	1.11866940286155	1.80014330409221E-12	1.83570463209441E-10	28.5660087598769	1E10	1E-30	1E-10	1E10	1E-30	1E-10	1E10	1E-30	1E-10	1E10	1E-30	1E-10
139	3.9054830056474E-08	1E10	1E10	1E-30	1.74417096314522E-10	1E10	1E-30	1E10	4.28195238627846E-02	4.37127141286801E-06	1E10	619.218900137729	5.05139911531896E-06	1E10	56.4734348859654	5.15387264931997E-06	1E10	7.97708470502345	4.80645275315847E-06	1E10	1.17989729003284	3.61413579872272E-06	1E10	0.223529484112522	2.07971807754497E-06	1E10	5.00420181175979E-02	1E-30	8.82797403028114E-11	0.115726207262242	2.98537023134497E-07	1.51151851972031E-11	1.58797345320109E-02	5.13080064836556E-08	3.9128167426731E-11	4.22989690265205E-02	7.01129783906966E-11	7.64246884273678E-11	1.11866940286155	1.80014330409221E-12	1.83570463209441E-10	28.5660087598769	1E10	1E-30	1E-10	1E10	1E-30	1E-10	1E10	1E-30	1E-10	1E10	1E-30	1E-10
140	3.9721908534177E-08	1E10	1E10	1E-30	1.77116594672813E-10	1E10	1E-30	1E10	2.72587902498852E-02	4.75729090291902E-06	1E10	1514.89553073085	5.69004934610411E-06	1E10	117.593328772351	5.71265045517853E-06	1E10	11.7593328772351	4.61949360724395E-06	1E10	1.44671400044497	3.60275307399828E-06	1E10	0.187013266823331	2.5480339403877E-06	1E10	2.96467703990914E-02	1E-30	1.24812540667054E-10	0.11997449172818	2.15444317326083E-07	2.11293536784154E-11	2.80097531925926E-02	6.6738026323297E-08	2.90674437977283E-11	4.14264783802449E-02	3.99458923822872E-12	1.15287695238089E-10	14.3852090831041	4.03362359901661E-12	6.45611368562593E-11	20.1333511742703	1E10	1E-30	1E-10	1E10	1E-30	1E-10	1E10	1E-30	1E-10	1E10	1E-30	1E-10
141	3.79650799324371E-08	1E10	1E10	1E-30	2.50912407194608E-10	1E10	1E-30	1E10	3.05045525832693E-02	1.98383091758242E-06	1E10	2781.04590376222	2.16400821807836E-06	1E10	253.63440089775	1.79065606612414E-06	1E10	30.4935619594859	1.44800111876871E-06	1E10	3.7515276989588	1.1971479649153E-06	1E10	0.450105458336965	9.0637863974656E-07	1E10	0.063041442952305	1E-30	7.74848361906067E-11	0.113027578703891	1E-30	1.68760351489776E-11	0.111502162869465	3.82538006901881E-07	8.32600491495199E-12	1.76222782632358E-02	4.23856590745495E-08	2.98321305081993E-11	5.04460799919635E-02	3.24296062067734E-12	1.55456197230437E-10	38.4427691716307	1E10	1E-30	1E-10	1E10	1E-30	1E-10	1E10	1E-30	1E-10	1E10	1E-30	1E-10
142	4.64305674119182E-08	1E10	1E10	1E-30	2.31548530805589E-10	1E10	1E-30	1E10	0.11326685457184	7.89592351408895E-06	1E10	503.91490877511	1.13678837761473E-05	1E10	79.8651308497335	8.37426054554934E-06	1E10	17.0748622029865	6.90980240020466E-06	1E10	2.05284995526438	4.10024603623428E-06	1E10	0.33691647676261	4.11163261681995E-06	1E10	4.69360648065886E-02	1E-30	1.49572594637907E-10	0.142577803619882	3.94573055692537E-07	1.42204348902965E-11	0.028314795121921	8.56339934215134E-08	3.06239266652338E-11	4.41780743447762E-02	4.42867990250502E-12	8.24453034207118E-11	7.26252307007728	1E10	1E-30	1E-10	1E10	1E-30	1E-10	1E10	1E-30	1E-10	1E10	1E-30	1E-10	1E10	1E-30	1E-10
143	4.64305674119182E-08	1E10	1E10	1E-30	2.31548530805589E-10	1E10	1E-30	1E10	0.11326685457184	7.89592351408895E-06	1E10	503.91490877511	1.13678837761473E-05	1E10	79.8651308497335	8.37426054554934E-06	1E10	17.0748622029865	6.90980240020466E-06	1E10	2.05284995526438	4.10024603623428E-06	1E10	0.33691647676261	4.11163261681995E-06	1E10	4.69360648065886E-02	1E-30	1.49572594637907E-10	0.142577803619882	3.94573055692537E-07	1.42204348902965E-11	0.028314795121921	8.56339934215134E-08	3.06239266652338E-11	4.41780743447762E-02	4.42867990250502E-12	8.24453034207118E-11	7.26252307007728	1E10	1E-30	1E-10	1E10	1E-30	1E-10	1E10	1E-30	1E-10	1E10	1E-30	1E-10	1E10	1E-30	1E-10
144	4.58722017081662E-08	1E10	1E10	1E-30	1.71860045243375E-10	1E10	1E-30	1E10	0.066141861787917	6.29850200988075E-06	1E10	169.904273981698	9.97771410992903E-06	1E10	13.810337871903	7.73966318153907E-06	1E10	3.39003595027829	7.16977911346518E-06	1E10	0.562605927882451	7.56144848186055E-06	1E10	0.11140356380786	2.72367797342093E-06	1E10	5.46182803768434E-02	1E-30	6.86632115926694E-11	9.63100528378812E-02	5.51290192552438E-08	4.25001891411124E-11	3.85949211773771E-02	6.51715351139303E-11	6.96472653549232E-11	1.03599089977461	2.1790942305694E-12	1.40768901601999E-10	22.4137874087644	1E10	1E-30	1E-10	1E10	1E-30	1E-10	1E10	1E-30	1E-10	1E10	1E-30	1E-10	1E10	1E-30	1E-10
145	4.58722017081662E-08	1E10	1E10	1E-30	1.71860045243375E-10	1E10	1E-30	1E10	0.066141861787917	6.29850200988075E-06	1E10	169.904273981698	9.97771410992903E-06	1E10	13.810337871903	7.73966318153907E-06	1E10	3.39003595027829	7.16977911346518E-06	1E10	0.562605927882451	7.56144848186055E-06	1E10	0.11140356380786	2.72367797342093E-06	1E10	5.46182803768434E-02	1E-30	6.86632115926694E-11	9.63100528378812E-02	5.51290192552438E-08	4.25001891411124E-11	3.85949211773771E-02	6.51715351139303E-11	6.96472653549232E-11	1.03599089977461	2.1790942305694E-12	1.40768901601999E-10	22.4137874087644	1E10	1E-30	1E-10	1E10	1E-30	1E-10	1E10	1E-30	1E-10	1E10	1E-30	1E-10	1E10	1E-30	1E-10
146	4.64305674119182E-08	1E10	1E10	1E-30	2.31548530805589E-10	1E10	1E-30	1E10	0.11326685457184	7.89592351408895E-06	1E10	503.91490877511	1.13678837761473E-05	1E10	79.8651308497335	8.37426054554934E-06	1E10	17.0748622029865	6.90980240020466E-06	1E10	2.05284995526438	4.10024603623428E-06	1E10	0.33691647676261	4.11163261681995E-06	1E10	4.69360648065886E-02	1E-30	1.49572594637907E-10	0.142577803619882	3.94573055692537E-07	1.42204348902965E-11	0.028314795121921	8.56339934215134E-08	3.06239266652338E-11	4.41780743447762E-02	4.42867990250502E-12	8.24453034207118E-11	7.26252307007728	1E10	1E-30	1E-10	1E10	1E-30	1E-10	1E10	1E-30	1E-10	1E10	1E-30	1E-10	1E10	1E-30	1E-10
147	4.64305674119182E-08	1E10	1E10	1E-30	2.31548530805589E-10	1E10	1E-30	1E10	0.11326685457184	7.89592351408895E-06	1E10	503.91490877511	1.13678837761473E-05	1E10	79.8651308497335	8.37426054554934E-06	1E10	17.0748622029865	6.90980240020466E-06	1E10	2.05284995526438	4.10024603623428E-06	1E10	0.33691647676261	4.11163261681995E-06	1E10	4.69360648065886E-02	1E-30	1.49572594637907E-10	0.142577803619882	3.94573055692537E-07	1.42204348902965E-11	0.028314795121921	8.56339934215134E-08	3.06239266652338E-11	4.41780743447762E-02	4.42867990250502E-12	8.24453034207118E-11	7.26252307007728	1E10	1E-30	1E-10	1E10	1E-30	1E-10	1E10	1E-30	1E-10	1E10	1E-30	1E-10	1E10	1E-30	1E-10
148	4.50882177566144E-08	1E10	1E10	1E-30	2.09805333417667E-10	1E10	1E-30	1E10	3.61951585645951E-02	2.33884171415372E-06	1E10	1701.21541497179	3.40318910753542E-06	1E10	155.152689853364	2.38755037298588E-06	1E10	34.7343606480464	1.95461317762456E-06	1E10	4.47465245331934	1.69816276030992E-06	1E10	0.672698384245231	1.55951567287209E-06	1E10	0.127335217917341	1.19489666793157E-06	1E10	3.73011993530222E-02	1E-30	1.53347509310633E-11	0.132787401090994	1E-30	9.25926658938245E-11	0.112084330799493	2.65332565331261E-07	1.59641708330383E-11	2.44575467199698E-02	6.03805972332269E-08	2.83235509817913E-11	4.87314530653877E-02	3.04079289946426E-12	1.6013023796699E-10	41.5406555136294	9.37650235190009E-12	2.46256756324996E-11	4.97381099175293	1E10	1E-30	1E-10	1E10	1E-30	1E-10
149	4.50882177566144E-08	1E10	1E10	1E-30	2.09805333417667E-10	1E10	1E-30	1E10	3.61951585645951E-02	2.33884171415372E-06	1E10	1701.21541497179	3.40318910753542E-06	1E10	155.152689853364	2.38755037298588E-06	1E10	34.7343606480464	1.95461317762456E-06	1E10	4.47465245331934	1.69816276030992E-06	1E10	0.672698384245231	1.55951567287209E-06	1E10	0.127335217917341	1.19489666793157E-06	1E10	3.73011993530222E-02	1E-30	1.53347509310633E-11	0.132787401090994	1E-30	9.25926658938245E-11	0.112084330799493	2.65332565331261E-07	1.59641708330383E-11	2.44575467199698E-02	6.03805972332269E-08	2.83235509817913E-11	4.87314530653877E-02	3.04079289946426E-12	1.6013023796699E-10	41.5406555136294	9.37650235190009E-12	2.46256756324996E-11	4.97381099175293	1E10	1E-30	1E-10	1E10	1E-30	1E-10
150	5.40851259133604E-08	1E10	8928571428.57142	1E-30	1.42051778779518E-10	1E10	1E-30	1E10	3.81172066847899E-02	7.20333545383515E-06	1E10	123.725497837387	8.87138530616136E-06	1E10	9.82786562875552	7.08523918975689E-06	1E10	1.15467352974991	7.82801008492347E-06	1E10	0.106390407196499	5.26280573527315E-06	1E10	4.61519341505744E-02	1E-30	9.38360513907125E-11	0.116075395674163	3.8370691321004E-07	1.58418248460104E-11	1.72354531803264E-02	5.77070199425673E-08	4.45714336613688E-11	0.045623434117585	8.28512494415103E-12	8.3268534484894E-11	16.3718688772156	1.50536153889828E-12	1.79241024963054E-10	28.738175107276	1E10	1E-30	1E-10	1E10	1E-30	1E-10	1E10	1E-30	1E-10	1E10	1E-30	1E-10	1E10	1E-30	1E-10
151	5.40851259133604E-08	1E10	8928571428.57142	1E-30	1.42051778779518E-10	1E10	1E-30	1E10	3.81172066847899E-02	7.20333545383515E-06	1E10	123.725497837387	8.87138530616136E-06	1E10	9.82786562875552	7.08523918975689E-06	1E10	1.15467352974991	7.82801008492347E-06	1E10	0.106390407196499	5.26280573527315E-06	1E10	4.61519341505744E-02	1E-30	9.38360513907125E-11	0.116075395674163	3.8370691321004E-07	1.58418248460104E-11	1.72354531803264E-02	5.77070199425673E-08	4.45714336613688E-11	0.045623434117585	8.28512494415103E-12	8.3268534484894E-11	16.3718688772156	1.50536153889828E-12	1.79241024963054E-10	28.738175107276	1E10	1E-30	1E-10	1E10	1E-30	1E-10	1E10	1E-30	1E-10	1E10	1E-30	1E-10	1E10	1E-30	1E-10
152	5.81006487395215E-08	1E10	8928571428.57142	1E-30	2.01046615089655E-10	1E10	1E-30	1E10	0.093636227398648	7.58660941895069E-06	1E10	489.454599977795	1.0872867638513E-05	1E10	42.6297135517178	1.02666293948211E-05	1E10	7.07477144782444	8.35830045841261E-06	1E10	1.17411980679225	5.19312615826918E-06	1E10	0.204409761371109	5.44567791145232E-06	1E10	2.27078121234859E-02	1E-30	7.80212975000154E-11	0.156330771442912	4.1539720175041E-08	5.63001779585962E-11	3.45456272605274E-02	1.0409520113077E-10	5.29826870914484E-11	0.789687174682075	2.10861056657931E-12	1.19531699599607E-10	13.3361408343653	1E10	1E-30	1E-10	1E10	1E-30	1E-10	1E10	1E-30	1E-10	1E10	1E-30	1E-10	1E10	1E-30	1E-10
153	5.40851259133604E-08	1E10	8928571428.57142	1E-30	1.42051778779518E-10	1E10	1E-30	1E10	3.81172066847899E-02	7.20333545383515E-06	1E10	123.725497837387	8.87138530616136E-06	1E10	9.82786562875552	7.08523918975689E-06	1E10	1.15467352974991	7.82801008492347E-06	1E10	0.106390407196499	5.26280573527315E-06	1E10	4.61519341505744E-02	1E-30	9.38360513907125E-11	0.116075395674163	3.8370691321004E-07	1.58418248460104E-11	1.72354531803264E-02	5.77070199425673E-08	4.45714336613688E-11	0.045623434117585	8.28512494415103E-12	8.3268534484894E-11	16.3718688772156	1.50536153889828E-12	1.79241024963054E-10	28.738175107276	1E10	1E-30	1E-10	1E10	1E-30	1E-10	1E10	1E-30	1E-10	1E10	1E-30	1E-10	1E10	1E-30	1E-10
154	5.40851259133604E-08	1E10	8928571428.57142	1E-30	1.42051778779518E-10	1E10	1E-30	1E10	3.81172066847899E-02	7.20333545383515E-06	1E10	123.725497837387	8.87138530616136E-06	1E10	9.82786562875552	7.08523918975689E-06	1E10	1.15467352974991	7.82801008492347E-06	1E10	0.106390407196499	5.26280573527315E-06	1E10	4.61519341505744E-02	1E-30	9.38360513907125E-11	0.116075395674163	3.8370691321004E-07	1.58418248460104E-11	1.72354531803264E-02	5.77070199425673E-08	4.45714336613688E-11	0.045623434117585	8.28512494415103E-12	8.3268534484894E-11	16.3718688772156	1.50536153889828E-12	1.79241024963054E-10	28.738175107276	1E10	1E-30	1E-10	1E10	1E-30	1E-10	1E10	1E-30	1E-10	1E10	1E-30	1E-10	1E10	1E-30	1E-10
155	5.30028973936586E-08	1E10	8928571428.57142	1E-30	2.12338508320016E-10	1E10	1E-30	1E10	2.64674523144779E-02	2.81572190026013E-06	1E10	1166.78302310948	3.50302011308323E-06	1E10	130.915208409507	2.48521264285627E-06	1E10	19.814818627958	2.03352865267575E-06	1E10	2.49453787008288	1.83972662712354E-06	1E10	0.287076220253186	1.31720087211942E-06	1E10	5.97015026027546E-02	1E-30	2.50653204935019E-11	0.213810204378418	1E-30	8.45775729885684E-11	0.092582313927455	2.99836722703265E-07	1.8395997815936E-11	2.96515937652159E-02	6.69134308114575E-08	3.46827782994737E-11	0.052069773447093	3.21576840648699E-12	1.16733676086176E-10	31.9359837155001	1E10	1E-30	1E-10	1E10	1E-30	1E-10	1E10	1E-30	1E-10	1E10	1E-30	1E-10
156	6.66661894685581E-08	1E10	7352941176.47058	1E-30	2.09099221237391E-10	1E10	1E-30	1E10	0.02884329715519	9.54326456277811E-06	1E10	387.139634773122	1.20606834311652E-05	1E10	47.6285802605084	9.30339800469048E-06	1E10	6.57457427369814	8.39368169014457E-06	1E10	0.754862126214676	6.40789113516461E-06	1E10	0.117367059563591	4.10236240059246E-06	1E10	1.98259019230909E-02	1E-30	1.8660428841809E-11	9.79336335310789E-02	1E-30	1.53500445353227E-10	9.23229201441966E-02	5.03040392476878E-07	1.81916294228549E-11	0.019774180225449	1.39177566389489E-07	2.90648231119065E-11	3.70368642261855E-02	1.24969114744373E-11	4.61268774026194E-11	8.64139246858795	2.15943100622279E-12	1.067899845034E-10	20.9715809538017	1E10	1E-30	1E-10	1E10	1E-30	1E-10	1E10	1E-30	1E-10
157	6.66661894685581E-08	1E10	7352941176.47058	1E-30	2.09099221237391E-10	1E10	1E-30	1E10	0.02884329715519	9.54326456277811E-06	1E10	387.139634773122	1.20606834311652E-05	1E10	47.6285802605084	9.30339800469048E-06	1E10	6.57457427369814	8.39368169014457E-06	1E10	0.754862126214676	6.40789113516461E-06	1E10	0.117367059563591	4.10236240059246E-06	1E10	1.98259019230909E-02	1E-30	1.8660428841809E-11	9.79336335310789E-02	1E-30	1.53500445353227E-10	9.23229201441966E-02	5.03040392476878E-07	1.81916294228549E-11	0.019774180225449	1.39177566389489E-07	2.90648231119065E-11	3.70368642261855E-02	1.24969114744373E-11	4.61268774026194E-11	8.64139246858795	2.15943100622279E-12	1.067899845034E-10	20.9715809538017	1E10	1E-30	1E-10	1E10	1E-30	1E-10	1E10	1E-30	1E-10
158	6.66661894685581E-08	1E10	7352941176.47058	1E-30	2.09099221237391E-10	1E10	1E-30	1E10	0.02884329715519	9.54326456277811E-06	1E10	387.139634773122	1.20606834311652E-05	1E10	47.6285802605084	9.30339800469048E-06	1E10	6.57457427369814	8.39368169014457E-06	1E10	0.754862126214676	6.40789113516461E-06	1E10	0.117367059563591	4.10236240059246E-06	1E10	1.98259019230909E-02	1E-30	1.8660428841809E-11	9.79336335310789E-02	1E-30	1.53500445353227E-10	9.23229201441966E-02	5.03040392476878E-07	1.81916294228549E-11	0.019774180225449	1.39177566389489E-07	2.90648231119065E-11	3.70368642261855E-02	1.24969114744373E-11	4.61268774026194E-11	8.64139246858795	2.15943100622279E-12	1.067899845034E-10	20.9715809538017	1E10	1E-30	1E-10	1E10	1E-30	1E-10	1E10	1E-30	1E-10
159	6.66661894685581E-08	1E10	7352941176.47058	1E-30	2.09099221237391E-10	1E10	1E-30	1E10	0.02884329715519	9.54326456277811E-06	1E10	387.139634773122	1.20606834311652E-05	1E10	47.6285802605084	9.30339800469048E-06	1E10	6.57457427369814	8.39368169014457E-06	1E10	0.754862126214676	6.40789113516461E-06	1E10	0.117367059563591	4.10236240059246E-06	1E10	1.98259019230909E-02	1E-30	1.8660428841809E-11	9.79336335310789E-02	1E-30	1.53500445353227E-10	9.23229201441966E-02	5.03040392476878E-07	1.81916294228549E-11	0.019774180225449	1.39177566389489E-07	2.90648231119065E-11	3.70368642261855E-02	1.24969114744373E-11	4.61268774026194E-11	8.64139246858795	2.15943100622279E-12	1.067899845034E-10	20.9715809538017	1E10	1E-30	1E-10	1E10	1E-30	1E-10	1E10	1E-30	1E-10
160	6.66661894685581E-08	1E10	7352941176.47058	1E-30	2.09099221237391E-10	1E10	1E-30	1E10	0.02884329715519	9.54326456277811E-06	1E10	387.139634773122	1.20606834311652E-05	1E10	47.6285802605084	9.30339800469048E-06	1E10	6.57457427369814	8.39368169014457E-06	1E10	0.754862126214676	6.40789113516461E-06	1E10	0.117367059563591	4.10236240059246E-06	1E10	1.98259019230909E-02	1E-30	1.8660428841809E-11	9.79336335310789E-02	1E-30	1.53500445353227E-10	9.23229201441966E-02	5.03040392476878E-07	1.81916294228549E-11	0.019774180225449	1.39177566389489E-07	2.90648231119065E-11	3.70368642261855E-02	1.24969114744373E-11	4.61268774026194E-11	8.64139246858795	2.15943100622279E-12	1.067899845034E-10	20.9715809538017	1E10	1E-30	1E-10	1E10	1E-30	1E-10	1E10	1E-30	1E-10
161	6.66661894685581E-08	1E10	7352941176.47058	1E-30	2.09099221237391E-10	1E10	1E-30	1E10	0.02884329715519	9.54326456277811E-06	1E10	387.139634773122	1.20606834311652E-05	1E10	47.6285802605084	9.30339800469048E-06	1E10	6.57457427369814	8.39368169014457E-06	1E10	0.754862126214676	6.40789113516461E-06	1E10	0.117367059563591	4.10236240059246E-06	1E10	1.98259019230909E-02	1E-30	1.8660428841809E-11	9.79336335310789E-02	1E-30	1.53500445353227E-10	9.23229201441966E-02	5.03040392476878E-07	1.81916294228549E-11	0.019774180225449	1.39177566389489E-07	2.90648231119065E-11	3.70368642261855E-02	1.24969114744373E-11	4.61268774026194E-11	8.64139246858795	2.15943100622279E-12	1.067899845034E-10	20.9715809538017	1E10	1E-30	1E-10	1E10	1E-30	1E-10	1E10	1E-30	1E-10
162	6.41686407610419E-08	1E10	7352941176	1E-30	1.6306653177088E-10	1E10	1E-30	1E10	7.93945788230375E-02	9.61800088608053E-06	1E10	153.245204807443	1.2356924870108E-05	1E10	15.3245204807443	1.06566800325058E-05	1E10	2.54323735526021	8.47777697428854E-06	1E10	0.393900828166604	6.1990905549787E-06	1E10	6.48482114583456E-02	1E-30	9.16026081081355E-11	0.120656487285261	2.38988479623458E-07	3.30482147265717E-11	2.11863606315763E-02	7.67039215146465E-08	4.33095631034331E-11	3.90439689934975E-02	6.03907622658983E-11	7.49012630420335E-11	1.00715988166835	1.53377899479703E-12	1.60425367179451E-10	21.5657168211895	1E10	1E-30	1E-10	1E10	1E-30	1E-10	1E10	1E-30	1E-10	1E10	1E-30	1E-10	1E10	1E-30	1E-10
163	6.66661894685581E-08	1E10	7352941176.47058	1E-30	2.09099221237391E-10	1E10	1E-30	1E10	0.02884329715519	9.54326456277811E-06	1E10	387.139634773122	1.20606834311652E-05	1E10	47.6285802605084	9.30339800469048E-06	1E10	6.57457427369814	8.39368169014457E-06	1E10	0.754862126214676	6.40789113516461E-06	1E10	0.117367059563591	4.10236240059246E-06	1E10	1.98259019230909E-02	1E-30	1.8660428841809E-11	9.79336335310789E-02	1E-30	1.53500445353227E-10	9.23229201441966E-02	5.03040392476878E-07	1.81916294228549E-11	0.019774180225449	1.39177566389489E-07	2.90648231119065E-11	3.70368642261855E-02	1.24969114744373E-11	4.61268774026194E-11	8.64139246858795	2.15943100622279E-12	1.067899845034E-10	20.9715809538017	1E10	1E-30	1E-10	1E10	1E-30	1E-10	1E10	1E-30	1E-10
164	6.66661894685581E-08	1E10	7352941176.47058	1E-30	2.09099221237391E-10	1E10	1E-30	1E10	0.02884329715519	9.54326456277811E-06	1E10	387.139634773122	1.20606834311652E-05	1E10	47.6285802605084	9.30339800469048E-06	1E10	6.57457427369814	8.39368169014457E-06	1E10	0.754862126214676	6.40789113516461E-06	1E10	0.117367059563591	4.10236240059246E-06	1E10	1.98259019230909E-02	1E-30	1.8660428841809E-11	9.79336335310789E-02	1E-30	1.53500445353227E-10	9.23229201441966E-02	5.03040392476878E-07	1.81916294228549E-11	0.019774180225449	1.39177566389489E-07	2.90648231119065E-11	3.70368642261855E-02	1.24969114744373E-11	4.61268774026194E-11	8.64139246858795	2.15943100622279E-12	1.067899845034E-10	20.9715809538017	1E10	1E-30	1E-10	1E10	1E-30	1E-10	1E10	1E-30	1E-10
165	6.66661894685581E-08	1E10	7352941176.47058	1E-30	2.09099221237391E-10	1E10	1E-30	1E10	0.02884329715519	9.54326456277811E-06	1E10	387.139634773122	1.20606834311652E-05	1E10	47.6285802605084	9.30339800469048E-06	1E10	6.57457427369814	8.39368169014457E-06	1E10	0.754862126214676	6.40789113516461E-06	1E10	0.117367059563591	4.10236240059246E-06	1E10	1.98259019230909E-02	1E-30	1.8660428841809E-11	9.79336335310789E-02	1E-30	1.53500445353227E-10	9.23229201441966E-02	5.03040392476878E-07	1.81916294228549E-11	0.019774180225449	1.39177566389489E-07	2.90648231119065E-11	3.70368642261855E-02	1.24969114744373E-11	4.61268774026194E-11	8.64139246858795	2.15943100622279E-12	1.067899845034E-10	20.9715809538017	1E10	1E-30	1E-10	1E10	1E-30	1E-10	1E10	1E-30	1E-10
166	6.66661894685581E-08	1E10	7352941176.47058	1E-30	2.09099221237391E-10	1E10	1E-30	1E10	0.02884329715519	9.54326456277811E-06	1E10	387.139634773122	1.20606834311652E-05	1E10	47.6285802605084	9.30339800469048E-06	1E10	6.57457427369814	8.39368169014457E-06	1E10	0.754862126214676	6.40789113516461E-06	1E10	0.117367059563591	4.10236240059246E-06	1E10	1.98259019230909E-02	1E-30	1.8660428841809E-11	9.79336335310789E-02	1E-30	1.53500445353227E-10	9.23229201441966E-02	5.03040392476878E-07	1.81916294228549E-11	0.019774180225449	1.39177566389489E-07	2.90648231119065E-11	3.70368642261855E-02	1.24969114744373E-11	4.61268774026194E-11	8.64139246858795	2.15943100622279E-12	1.067899845034E-10	20.9715809538017	1E10	1E-30	1E-10	1E10	1E-30	1E-10	1E10	1E-30	1E-10
167	6.49462813644594E-08	1E10	7352941176.47058	1E-30	1.78983896523433E-10	1E10	1E-30	1E10	4.22035443841938E-02	3.4646742600066E-06	1E10	2080.07973806024	4.10618356832709E-06	1E10	198.646072818094	3.24481610067543E-06	1E10	25.0080589023813	2.87700398070395E-06	1E10	2.87130933953764	1.95979703766915E-06	1E10	0.495001286378329	1.23497107111934E-06	1E10	6.11682159739161E-02	1E-30	2.17976256598343E-11	0.148079256689787	1E-30	1.1722490481798E-10	0.100170138885361	3.12380475964547E-07	2.32005417540478E-11	2.58849428504207E-02	1.05225732997193E-07	3.05161584733112E-11	4.27076566127755E-02	2.90718869084137E-12	1.37369678658395E-10	34.1153232080098	1E10	1E-30	1E-10	1E10	1E-30	1E-10	1E10	1E-30	1E-10	1E10	1E-30	1E-10
168	7.97777063062082E-08	1E10	6097560976	1E-30	2.06143873330661E-10	1E10	1E-30	1E10	2.25487140039631E-02	1.15016808792119E-05	1E10	117.94802215903	1.39798846220767E-05	1E10	12.0695384528711	1.30989264118063E-05	1E10	1.82679856887764	1.16949620045712E-05	1E10	0.317461206695374	1.00507231698246E-05	1E10	6.73212655009639E-02	8.96745450054395E-06	1E10	1.60013308082148E-02	1E-30	9.21675777879484E-11	9.22961538408604E-02	1E-30	1.73626406137766E-11	8.57919344595732E-02	4.48585784022634E-07	2.36132696047129E-11	2.37716170375382E-02	8.02641103065336E-08	5.68462400290728E-11	4.70236834389332E-02	4.04616300241874E-12	1.04650030224338E-10	18.5183274762499	1E10	1E-30	1E-10	1E10	1E-30	1E-10	1E10	1E-30	1E-10	1E10	1E-30	1E-10
169	8.2601111533666E-08	1E10	6097560975.60975	1E-30	1.31231486779022E-10	1E10	1E-30	1E10	9.77980291566564E-02	1.67343214406213E-05	1E10	237.767249267661	1.25798221187654E-05	1E10	96.8616880593796	1.02701866273631E-05	1E10	11.1212097929678	9.50331302991542E-06	1E10	1.30662821937274	1.0064914187348E-05	1E10	0.133520240244076	5.22256077542335E-06	1E10	1.89563085400952E-02	1E-30	9.29927234285585E-11	0.061682319580874	5.90174223043416E-07	1.83060476754189E-11	1.42578776747364E-02	1.66818492155435E-07	2.79409715121619E-11	2.80729986006202E-02	3.15742966835883E-11	1.70644408998199E-10	2.02501246527524	1.0701963797867E-12	1.79818198649628E-10	27.4610098713151	1E10	1E-30	1E-10	1E10	1E-30	1E-10	1E10	1E-30	1E-10	1E10	1E-30	1E-10
170	7.97777063062082E-08	1E10	6097560976	1E-30	2.06143873330661E-10	1E10	1E-30	1E10	2.25487140039631E-02	1.15016808792119E-05	1E10	117.94802215903	1.39798846220767E-05	1E10	12.0695384528711	1.30989264118063E-05	1E10	1.82679856887764	1.16949620045712E-05	1E10	0.317461206695374	1.00507231698246E-05	1E10	6.73212655009639E-02	8.96745450054395E-06	1E10	1.60013308082148E-02	1E-30	9.21675777879484E-11	9.22961538408604E-02	1E-30	1.73626406137766E-11	8.57919344595732E-02	4.48585784022634E-07	2.36132696047129E-11	2.37716170375382E-02	8.02641103065336E-08	5.68462400290728E-11	4.70236834389332E-02	4.04616300241874E-12	1.04650030224338E-10	18.5183274762499	1E10	1E-30	1E-10	1E10	1E-30	1E-10	1E10	1E-30	1E-10	1E10	1E-30	1E-10
171	7.97777063062082E-08	1E10	6097560976	1E-30	2.06143873330661E-10	1E10	1E-30	1E10	2.25487140039631E-02	1.15016808792119E-05	1E10	117.94802215903	1.39798846220767E-05	1E10	12.0695384528711	1.30989264118063E-05	1E10	1.82679856887764	1.16949620045712E-05	1E10	0.317461206695374	1.00507231698246E-05	1E10	6.73212655009639E-02	8.96745450054395E-06	1E10	1.60013308082148E-02	1E-30	9.21675777879484E-11	9.22961538408604E-02	1E-30	1.73626406137766E-11	8.57919344595732E-02	4.48585784022634E-07	2.36132696047129E-11	2.37716170375382E-02	8.02641103065336E-08	5.68462400290728E-11	4.70236834389332E-02	4.04616300241874E-12	1.04650030224338E-10	18.5183274762499	1E10	1E-30	1E-10	1E10	1E-30	1E-10	1E10	1E-30	1E-10	1E10	1E-30	1E-10
172	9.80875328295698E-08	1E10	5E9	1E-30	1.83348919877001E-10	1E10	1E-30	1E10	3.79257259004677E-02	1.25457320861655E-05	1E10	317.149573254873	2.00161828841535E-05	1E10	28.9243848505545	1.42652065191899E-05	1E10	5.90560140756017	1.28033009370768E-05	1E10	0.74347116839049	1.01558232923749E-05	1E10	0.117996995497919	8.93157695607084E-06	1E10	0.024509397059694	1.76401997777168E-06	1E10	8.87802921902019E-03	1E-30	2.42552459295093E-10	9.73911452601989E-02	1E-30	2.12955859556709E-11	0.087522613767186	8.35341007883314E-07	1.62381414431082E-11	2.24499739779431E-02	3.50049025989828E-07	1.95291544050762E-11	2.67348680803442E-02	3.81115863636682E-12	9.27691475001713E-11	12.4914606375762	1E10	1E-30	1E-10	1E10	1E-30	1E-10	1E10	1E-30	1E-10
173	9.80875328295698E-08	1E10	5E9	1E-30	1.83348919877001E-10	1E10	1E-30	1E10	3.79257259004677E-02	1.25457320861655E-05	1E10	317.149573254873	2.00161828841535E-05	1E10	28.9243848505545	1.42652065191899E-05	1E10	5.90560140756017	1.28033009370768E-05	1E10	0.74347116839049	1.01558232923749E-05	1E10	0.117996995497919	8.93157695607084E-06	1E10	0.024509397059694	1.76401997777168E-06	1E10	8.87802921902019E-03	1E-30	2.42552459295093E-10	9.73911452601989E-02	1E-30	2.12955859556709E-11	0.087522613767186	8.35341007883314E-07	1.62381414431082E-11	2.24499739779431E-02	3.50049025989828E-07	1.95291544050762E-11	2.67348680803442E-02	3.81115863636682E-12	9.27691475001713E-11	12.4914606375762	1E10	1E-30	1E-10	1E10	1E-30	1E-10	1E10	1E-30	1E-10
174	9.90885346395798E-08	1E10	5E9	1E-30	1.38824260144576E-10	1E10	1E-30	1E10	3.50742400575565E-02	1.40533035889764E-05	1E10	244.112057811771	1.93755904569293E-05	1E10	32.1802365173238	2.23944879772507E-05	1E10	4.05125175092056	2.11937497892664E-05	1E10	0.97182760633436	1.31889574044184E-05	1E10	0.280278143227641	7.40185684064799E-06	1E10	3.70370217448494E-02	1E-30	1.36209081276255E-10	8.08946600264313E-02	1E-30	1.1234072705001E-11	6.26537590967775E-02	5.56255966279617E-07	2.54533183020151E-11	1.85687529821156E-02	2.04888578608285E-07	1.97499724119325E-11	0.016853454133863	1.99117454320129E-12	1.6085741844645E-10	19.518169486758	1E10	1E-30	1E-10	1E10	1E-30	1E-10	1E10	1E-30	1E-10	1E10	1E-30	1E-10
175	9.62226727516193E-08	1E10	5E9	1E-30	1.46681244285441E-10	1E10	1E-30	1E10	2.36223875315032E-02	1.12292813119171E-05	1E10	110.179301464635	1.37130905948194E-05	1E10	13.5550153781863	1.25845200928083E-05	1E10	2.30197188250262	1.24887039011828E-05	1E10	0.36483795658153	9.648644036248E-06	1E10	8.25757255136293E-02	5.8871327240768E-06	1E10	2.09511977804934E-02	1E-30	1.06258333617851E-10	9.36341740387529E-02	1.0952854687264E-06	1.28287246204631E-11	1.23691061106273E-02	1.26071030090047E-07	5.21721610067398E-11	3.55789096848469E-02	8.58854478224859E-11	6.89575756230704E-11	0.830296215371693	2.08439452308632E-12	1.57242703629128E-10	20.936389951058	1E10	1E-30	1E-10	1E10	1E-30	1E-10	1E10	1E-30	1E-10	1E10	1E-30	1E-10
176	9.80875328295698E-08	1E10	5E9	1E-30	1.83348919877001E-10	1E10	1E-30	1E10	3.79257259004677E-02	1.25457320861655E-05	1E10	317.149573254873	2.00161828841535E-05	1E10	28.9243848505545	1.42652065191899E-05	1E10	5.90560140756017	1.28033009370768E-05	1E10	0.74347116839049	1.01558232923749E-05	1E10	0.117996995497919	8.93157695607084E-06	1E10	0.024509397059694	1.76401997777168E-06	1E10	8.87802921902019E-03	1E-30	2.42552459295093E-10	9.73911452601989E-02	1E-30	2.12955859556709E-11	0.087522613767186	8.35341007883314E-07	1.62381414431082E-11	2.24499739779431E-02	3.50049025989828E-07	1.95291544050762E-11	2.67348680803442E-02	3.81115863636682E-12	9.27691475001713E-11	12.4914606375762	1E10	1E-30	1E-10	1E10	1E-30	1E-10	1E10	1E-30	1E-10
177	9.80875328295698E-08	1E10	5E9	1E-30	1.83348919877001E-10	1E10	1E-30	1E10	3.79257259004677E-02	1.25457320861655E-05	1E10	317.149573254873	2.00161828841535E-05	1E10	28.9243848505545	1.42652065191899E-05	1E10	5.90560140756017	1.28033009370768E-05	1E10	0.74347116839049	1.01558232923749E-05	1E10	0.117996995497919	8.93157695607084E-06	1E10	0.024509397059694	1.76401997777168E-06	1E10	8.87802921902019E-03	1E-30	2.42552459295093E-10	9.73911452601989E-02	1E-30	2.12955859556709E-11	0.087522613767186	8.35341007883314E-07	1.62381414431082E-11	2.24499739779431E-02	3.50049025989828E-07	1.95291544050762E-11	2.67348680803442E-02	3.81115863636682E-12	9.27691475001713E-11	12.4914606375762	1E10	1E-30	1E-10	1E10	1E-30	1E-10	1E10	1E-30	1E-10
178	9.80875328295698E-08	1E10	5E9	1E-30	1.83348919877001E-10	1E10	1E-30	1E10	3.79257259004677E-02	1.25457320861655E-05	1E10	317.149573254873	2.00161828841535E-05	1E10	28.9243848505545	1.42652065191899E-05	1E10	5.90560140756017	1.28033009370768E-05	1E10	0.74347116839049	1.01558232923749E-05	1E10	0.117996995497919	8.93157695607084E-06	1E10	0.024509397059694	1.76401997777168E-06	1E10	8.87802921902019E-03	1E-30	2.42552459295093E-10	9.73911452601989E-02	1E-30	2.12955859556709E-11	0.087522613767186	8.35341007883314E-07	1.62381414431082E-11	2.24499739779431E-02	3.50049025989828E-07	1.95291544050762E-11	2.67348680803442E-02	3.81115863636682E-12	9.27691475001713E-11	12.4914606375762	1E10	1E-30	1E-10	1E10	1E-30	1E-10	1E10	1E-30	1E-10
179	9.80875328295698E-08	1E10	5E9	1E-30	1.83348919877001E-10	1E10	1E-30	1E10	3.79257259004677E-02	1.25457320861655E-05	1E10	317.149573254873	2.00161828841535E-05	1E10	28.9243848505545	1.42652065191899E-05	1E10	5.90560140756017	1.28033009370768E-05	1E10	0.74347116839049	1.01558232923749E-05	1E10	0.117996995497919	8.93157695607084E-06	1E10	0.024509397059694	1.76401997777168E-06	1E10	8.87802921902019E-03	1E-30	2.42552459295093E-10	9.73911452601989E-02	1E-30	2.12955859556709E-11	0.087522613767186	8.35341007883314E-07	1.62381414431082E-11	2.24499739779431E-02	3.50049025989828E-07	1.95291544050762E-11	2.67348680803442E-02	3.81115863636682E-12	9.27691475001713E-11	12.4914606375762	1E10	1E-30	1E-10	1E10	1E-30	1E-10	1E10	1E-30	1E-10
180	9.90885346395798E-08	1E10	5E9	1E-30	1.38824260144576E-10	1E10	1E-30	1E10	3.50742400575565E-02	1.40533035889764E-05	1E10	244.112057811771	1.93755904569293E-05	1E10	32.1802365173238	2.23944879772507E-05	1E10	4.05125175092056	2.11937497892664E-05	1E10	0.97182760633436	1.31889574044184E-05	1E10	0.280278143227641	7.40185684064799E-06	1E10	3.70370217448494E-02	1E-30	1.36209081276255E-10	8.08946600264313E-02	1E-30	1.1234072705001E-11	6.26537590967775E-02	5.56255966279617E-07	2.54533183020151E-11	1.85687529821156E-02	2.04888578608285E-07	1.97499724119325E-11	0.016853454133863	1.99117454320129E-12	1.6085741844645E-10	19.518169486758	1E10	1E-30	1E-10	1E10	1E-30	1E-10	1E10	1E-30	1E-10	1E10	1E-30	1E-10
181	9.90885346395798E-08	1E10	5E9	1E-30	1.38824260144576E-10	1E10	1E-30	1E10	3.50742400575565E-02	1.40533035889764E-05	1E10	244.112057811771	1.93755904569293E-05	1E10	32.1802365173238	2.23944879772507E-05	1E10	4.05125175092056	2.11937497892664E-05	1E10	0.97182760633436	1.31889574044184E-05	1E10	0.280278143227641	7.40185684064799E-06	1E10	3.70370217448494E-02	1E-30	1.36209081276255E-10	8.08946600264313E-02	1E-30	1.1234072705001E-11	6.26537590967775E-02	5.56255966279617E-07	2.54533183020151E-11	1.85687529821156E-02	2.04888578608285E-07	1.97499724119325E-11	0.016853454133863	1.99117454320129E-12	1.6085741844645E-10	19.518169486758	1E10	1E-30	1E-10	1E10	1E-30	1E-10	1E10	1E-30	1E-10	1E10	1E-30	1E-10
182	9.14471992339549E-08	1E10	5E9	1E-30	1.71556127956749E-10	1E10	1E-30	1E10	2.74632995603951E-02	4.95248787247494E-06	1E10	267.090663676958	5.9102764480468E-06	1E10	31.3804167701234	4.33829599053792E-06	1E10	6.1186936177382	3.90803708503997E-06	1E10	0.864288445909883	3.34088579167641E-06	1E10	0.175218780145411	2.24522806225843E-06	1E10	3.88045920241914E-02	1E-30	1.99150551132969E-11	9.93667548976168E-02	1E-30	7.04657843037815E-11	7.20478670866096E-02	1.06236211650573E-06	7.43664305518454E-12	8.51207650383468E-03	1.03175262616026E-07	3.16139279980693E-11	3.56736515464315E-02	3.51488056569785E-12	1.72121108997634E-10	53.9994667819741	3.36659515566422E-12	9.29984358807825E-11	21.011501501637	1E10	1E-30	1E-10	1E10	1E-30	1E-10	1E10	1E-30	1E-10
183	1.17177941794373E-07	1E10	4166666666.66666	1E-30	2.02763034851874E-10	1E10	1E-30	1E10	5.92964264691351E-02	1.2074477329046E-05	1E10	596.862168922385	1.44419110020223E-05	1E10	46.3312537650748	1.53945484036637E-05	1E10	4.32388418375728	1.15118837046262E-05	1E10	0.610764874815768	8.09094105520142E-06	1E10	8.57952163886788E-02	1.0879852314302E-05	1E10	7.86813352649458E-03	1E-30	1.09721100510279E-10	8.54437697111436E-02	1E-30	1.17060425961944E-11	7.29831737985972E-02	5.2137324080679E-07	2.461594287006E-11	1.41442089564576E-02	1.54395808399198E-07	3.44520117176979E-11	2.66105237687225E-02	6.67453676737132E-12	9.76595257551002E-11	13.9988004716437	4.0372643840902E-12	8.39274861133126E-11	21.9515027606506	1E10	1E-30	1E-10	1E10	1E-30	1E-10	1E10	1E-30	1E-10
184	1.17177941794373E-07	1E10	4166666666.66666	1E-30	2.02763034851874E-10	1E10	1E-30	1E10	5.92964264691351E-02	1.2074477329046E-05	1E10	596.862168922385	1.44419110020223E-05	1E10	46.3312537650748	1.53945484036637E-05	1E10	4.32388418375728	1.15118837046262E-05	1E10	0.610764874815768	8.09094105520142E-06	1E10	8.57952163886788E-02	1.0879852314302E-05	1E10	7.86813352649458E-03	1E-30	1.09721100510279E-10	8.54437697111436E-02	1E-30	1.17060425961944E-11	7.29831737985972E-02	5.2137324080679E-07	2.461594287006E-11	1.41442089564576E-02	1.54395808399198E-07	3.44520117176979E-11	2.66105237687225E-02	6.67453676737132E-12	9.76595257551002E-11	13.9988004716437	4.0372643840902E-12	8.39274861133126E-11	21.9515027606506	1E10	1E-30	1E-10	1E10	1E-30	1E-10	1E10	1E-30	1E-10
185	1.17177941794373E-07	1E10	4166666666.66666	1E-30	2.02763034851874E-10	1E10	1E-30	1E10	5.92964264691351E-02	1.2074477329046E-05	1E10	596.862168922385	1.44419110020223E-05	1E10	46.3312537650748	1.53945484036637E-05	1E10	4.32388418375728	1.15118837046262E-05	1E10	0.610764874815768	8.09094105520142E-06	1E10	8.57952163886788E-02	1.0879852314302E-05	1E10	7.86813352649458E-03	1E-30	1.09721100510279E-10	8.54437697111436E-02	1E-30	1.17060425961944E-11	7.29831737985972E-02	5.2137324080679E-07	2.461594287006E-11	1.41442089564576E-02	1.54395808399198E-07	3.44520117176979E-11	2.66105237687225E-02	6.67453676737132E-12	9.76595257551002E-11	13.9988004716437	4.0372643840902E-12	8.39274861133126E-11	21.9515027606506	1E10	1E-30	1E-10	1E10	1E-30	1E-10	1E10	1E-30	1E-10
186	1.17177941794373E-07	1E10	4166666666.66666	1E-30	2.02763034851874E-10	1E10	1E-30	1E10	5.92964264691351E-02	1.2074477329046E-05	1E10	596.862168922385	1.44419110020223E-05	1E10	46.3312537650748	1.53945484036637E-05	1E10	4.32388418375728	1.15118837046262E-05	1E10	0.610764874815768	8.09094105520142E-06	1E10	8.57952163886788E-02	1.0879852314302E-05	1E10	7.86813352649458E-03	1E-30	1.09721100510279E-10	8.54437697111436E-02	1E-30	1.17060425961944E-11	7.29831737985972E-02	5.2137324080679E-07	2.461594287006E-11	1.41442089564576E-02	1.54395808399198E-07	3.44520117176979E-11	2.66105237687225E-02	6.67453676737132E-12	9.76595257551002E-11	13.9988004716437	4.0372643840902E-12	8.39274861133126E-11	21.9515027606506	1E10	1E-30	1E-10	1E10	1E-30	1E-10	1E10	1E-30	1E-10
187	1.12801268524554E-07	1E10	4166666666.66666	1E-30	2.19486476324759E-10	1E10	1E-30	1E10	2.17765277590723E-02	4.94755535541406E-06	1E10	1695.77081915608	5.52269662052889E-06	1E10	147.695464039494	4.44480976323163E-06	1E10	18.1705116998433	3.90501382351004E-06	1E10	2.08625388126266	2.63901628654578E-06	1E10	0.271997143678985	2.45247558174334E-06	1E10	2.83062674143092E-02	5.05011092332453E-05	1E10	2.39259436147E-4	1E-30	9.43774694603557E-11	8.56829409593664E-02	1E-30	1.16968668313992E-11	8.38178585468434E-02	1.60588099863484E-06	6.67919341817341E-12	7.51423763101309E-03	9.50724051830041E-08	4.60502494754934E-11	3.35868808938226E-02	2.63905849558596E-12	1.95090702101522E-10	38.7506969491088	1E10	1E-30	1E-10	1E10	1E-30	1E-10	1E10	1E-30	1E-10
188	1.44272268034936E-07	1E10	3333333333.33333	1E-30	1.89053336255852E-10	1E10	1E-30	1E10	8.84664678275439E-02	1.4484520031797E-05	1E10	0.347468966828048	1.57016005617432E-05	1E10	5.74277053207186E-02	7.1969052320089E-06	1E10	0.016719811678248	1E-30	2.47984233850178E-11	0.151949088682612	1E-30	1.593406009259E-10	7.00577435498617E-02	8.80598802597763E-07	2.29316827654042E-11	1.15513343597343E-02	2.25449245234088E-07	3.71813109926192E-11	2.28983728311594E-02	2.69917421781299E-12	1.38845273768076E-10	26.1720709134355	1E10	1E-30	1E-10	1E10	1E-30	1E-10	1E10	1E-30	1E-10	1E10	1E-30	1E-10	1E10	1E-30	1E-10	1E10	1E-30	1E-10	1E10	1E-30	1E-10
189	1.44272268034936E-07	1E10	3333333333.33333	1E-30	1.89053336255852E-10	1E10	1E-30	1E10	8.84664678275439E-02	1.4484520031797E-05	1E10	0.347468966828048	1.57016005617432E-05	1E10	5.74277053207186E-02	7.1969052320089E-06	1E10	0.016719811678248	1E-30	2.47984233850178E-11	0.151949088682612	1E-30	1.593406009259E-10	7.00577435498617E-02	8.80598802597763E-07	2.29316827654042E-11	1.15513343597343E-02	2.25449245234088E-07	3.71813109926192E-11	2.28983728311594E-02	2.69917421781299E-12	1.38845273768076E-10	26.1720709134355	1E10	1E-30	1E-10	1E10	1E-30	1E-10	1E10	1E-30	1E-10	1E10	1E-30	1E-10	1E10	1E-30	1E-10	1E10	1E-30	1E-10	1E10	1E-30	1E-10
190	1.45208648922021E-07	1E10	3333333333	1E-30	2.30096024660814E-10	1E10	1E-30	1E10	2.13818170946021E-02	1.74789255874195E-05	1E10	76.9054244089453	2.7247044245534E-05	1E10	7.69054244089453	2.49548457447375E-05	1E10	1.97677378572803	2.17244509877234E-05	1E10	0.422626741340833	1.71290195362546E-05	1E10	9.46143419563977E-02	1.14529172389738E-05	1E10	2.17012604641371E-02	1E-30	1.50419838357122E-11	0.108339109642751	1E-30	8.86694523595893E-11	9.05678209846303E-02	9.29783094696568E-07	1.97804434740178E-11	1.28208918595547E-02	1.29548727925227E-07	6.20941401331464E-11	3.61023276325331E-02	4.27886074588295E-12	1.06913727622104E-10	17.6158297910028	1E10	1E-30	1E-10	1E10	1E-30	1E-10	1E10	1E-30	1E-10	1E10	1E-30	1E-10
191	1.50927317664934E-07	1E10	3333333333	1E-30	2.27776633989492E-10	1E10	1E-30	1E10	4.04863432641672E-02	2.00549683009305E-05	1E10	793.593590893438	2.89859386391755E-05	1E10	45.6665446214889	3.0668570465357E-05	1E10	4.07003507352285	2.77146268517607E-05	1E10	0.416483836907282	1.60533475705205E-05	1E10	4.84405227443042E-02	1E-30	1.66189861519514E-11	9.43285333796514E-02	1E-30	1.31791913730963E-10	6.77904317961855E-02	4.42067827942784E-07	3.53066181966276E-11	1.29200628278667E-02	2.51254226759319E-07	3.00553726086555E-11	2.10973113213787E-02	7.08161988697491E-12	1.1066317566784E-10	14.0530540379987	4.75240661553873E-12	7.12980765205613E-11	18.2509094901654	1E10	1E-30	1E-10	1E10	1E-30	1E-10	1E10	1E-30	1E-10	1E10	1E-30	1E-10
192	1.44272268034936E-07	1E10	3333333333.33333	1E-30	1.89053336255852E-10	1E10	1E-30	1E10	8.84664678275439E-02	1.4484520031797E-05	1E10	0.347468966828048	1.57016005617432E-05	1E10	5.74277053207186E-02	7.1969052320089E-06	1E10	0.016719811678248	1E-30	2.47984233850178E-11	0.151949088682612	1E-30	1.593406009259E-10	7.00577435498617E-02	8.80598802597763E-07	2.29316827654042E-11	1.15513343597343E-02	2.25449245234088E-07	3.71813109926192E-11	2.28983728311594E-02	2.69917421781299E-12	1.38845273768076E-10	26.1720709134355	1E10	1E-30	1E-10	1E10	1E-30	1E-10	1E10	1E-30	1E-10	1E10	1E-30	1E-10	1E10	1E-30	1E-10	1E10	1E-30	1E-10	1E10	1E-30	1E-10
193	1.44272268034936E-07	1E10	3333333333.33333	1E-30	1.89053336255852E-10	1E10	1E-30	1E10	8.84664678275439E-02	1.4484520031797E-05	1E10	0.347468966828048	1.57016005617432E-05	1E10	5.74277053207186E-02	7.1969052320089E-06	1E10	0.016719811678248	1E-30	2.47984233850178E-11	0.151949088682612	1E-30	1.593406009259E-10	7.00577435498617E-02	8.80598802597763E-07	2.29316827654042E-11	1.15513343597343E-02	2.25449245234088E-07	3.71813109926192E-11	2.28983728311594E-02	2.69917421781299E-12	1.38845273768076E-10	26.1720709134355	1E10	1E-30	1E-10	1E10	1E-30	1E-10	1E10	1E-30	1E-10	1E10	1E-30	1E-10	1E10	1E-30	1E-10	1E10	1E-30	1E-10	1E10	1E-30	1E-10
194	1.45208648922021E-07	1E10	3333333333	1E-30	2.30096024660814E-10	1E10	1E-30	1E10	2.13818170946021E-02	1.74789255874195E-05	1E10	76.9054244089453	2.7247044245534E-05	1E10	7.69054244089453	2.49548457447375E-05	1E10	1.97677378572803	2.17244509877234E-05	1E10	0.422626741340833	1.71290195362546E-05	1E10	9.46143419563977E-02	1.14529172389738E-05	1E10	2.17012604641371E-02	1E-30	1.50419838357122E-11	0.108339109642751	1E-30	8.86694523595893E-11	9.05678209846303E-02	9.29783094696568E-07	1.97804434740178E-11	1.28208918595547E-02	1.29548727925227E-07	6.20941401331464E-11	3.61023276325331E-02	4.27886074588295E-12	1.06913727622104E-10	17.6158297910028	1E10	1E-30	1E-10	1E10	1E-30	1E-10	1E10	1E-30	1E-10	1E10	1E-30	1E-10
195	1.45208648922021E-07	1E10	3333333333	1E-30	2.30096024660814E-10	1E10	1E-30	1E10	2.13818170946021E-02	1.74789255874195E-05	1E10	76.9054244089453	2.7247044245534E-05	1E10	7.69054244089453	2.49548457447375E-05	1E10	1.97677378572803	2.17244509877234E-05	1E10	0.422626741340833	1.71290195362546E-05	1E10	9.46143419563977E-02	1.14529172389738E-05	1E10	2.17012604641371E-02	1E-30	1.50419838357122E-11	0.108339109642751	1E-30	8.86694523595893E-11	9.05678209846303E-02	9.29783094696568E-07	1.97804434740178E-11	1.28208918595547E-02	1.29548727925227E-07	6.20941401331464E-11	3.61023276325331E-02	4.27886074588295E-12	1.06913727622104E-10	17.6158297910028	1E10	1E-30	1E-10	1E10	1E-30	1E-10	1E10	1E-30	1E-10	1E10	1E-30	1E-10
196	1.50927317664934E-07	1E10	3333333333	1E-30	2.27776633989492E-10	1E10	1E-30	1E10	4.04863432641672E-02	2.00549683009305E-05	1E10	793.593590893438	2.89859386391755E-05	1E10	45.6665446214889	3.0668570465357E-05	1E10	4.07003507352285	2.77146268517607E-05	1E10	0.416483836907282	1.60533475705205E-05	1E10	4.84405227443042E-02	1E-30	1.66189861519514E-11	9.43285333796514E-02	1E-30	1.31791913730963E-10	6.77904317961855E-02	4.42067827942784E-07	3.53066181966276E-11	1.29200628278667E-02	2.51254226759319E-07	3.00553726086555E-11	2.10973113213787E-02	7.08161988697491E-12	1.1066317566784E-10	14.0530540379987	4.75240661553873E-12	7.12980765205613E-11	18.2509094901654	1E10	1E-30	1E-10	1E10	1E-30	1E-10	1E10	1E-30	1E-10	1E10	1E-30	1E-10
197	1.34868605685546E-07	1E10	3333333333.33333	1E-30	1.89653025369579E-10	1E10	1E-30	1E10	1.83040752429929E-02	7.4409446454353E-06	1E10	534.726942195201	8.77608186489462E-06	1E10	88.7425832321278	7.54052542581692E-06	1E10	13.1259899246355	5.74215577731518E-06	1E10	2.87165370334661	4.79530819334165E-06	1E10	0.410126006637637	4.17795905395813E-06	1E10	4.66984856240938E-02	5.9088235640787E-06	1E10	5.7987782131027E-03	1E-30	2.58051189688233E-11	0.121549588493903	1E-30	1.11313541189827E-10	6.74099197999172E-02	1.0144922664747E-06	1.49651682712104E-11	1.15390154935452E-02	1.87987695988307E-07	3.43628230886495E-11	2.83727997733937E-02	2.63210687523493E-12	1.99736462032243E-10	43.8365846944434	1E10	1E-30	1E-10	1E10	1E-30	1E-10	1E10	1E-30	1E-10
198	1.68157435049874E-07	1E10	2777777777.77777	1E-30	2.21391617695919E-10	1E10	1E-30	1E10	2.32125689978442E-02	2.03236312286425E-05	1E10	108.190274796077	2.75839180604966E-05	1E10	8.39823888577207	2.56536288996582E-05	1E10	1.15927968082958	2.06391699083348E-05	1E10	0.201459719009796	1.07775448570803E-05	1E10	3.57800302770761E-02	1E-30	1.14914380166112E-11	8.91193387673683E-02	1E-30	1.07825673306397E-10	7.56699471072408E-02	4.40533009706546E-07	4.74194263785593E-11	1.48496654483502E-02	1.92462457194506E-07	4.39176181312497E-11	2.17879306526901E-02	3.29936735054627E-12	1.592831641804E-10	24.381801820322	1E10	1E-30	1E-10	1E10	1E-30	1E-10	1E10	1E-30	1E-10	1E10	1E-30	1E-10	1E10	1E-30	1E-10
199	1.68157435049874E-07	1E10	2777777777.77777	1E-30	2.21391617695919E-10	1E10	1E-30	1E10	2.32125689978442E-02	2.03236312286425E-05	1E10	108.190274796077	2.75839180604966E-05	1E10	8.39823888577207	2.56536288996582E-05	1E10	1.15927968082958	2.06391699083348E-05	1E10	0.201459719009796	1.07775448570803E-05	1E10	3.57800302770761E-02	1E-30	1.14914380166112E-11	8.91193387673683E-02	1E-30	1.07825673306397E-10	7.56699471072408E-02	4.40533009706546E-07	4.74194263785593E-11	1.48496654483502E-02	1.92462457194506E-07	4.39176181312497E-11	2.17879306526901E-02	3.29936735054627E-12	1.592831641804E-10	24.381801820322	1E10	1E-30	1E-10	1E10	1E-30	1E-10	1E10	1E-30	1E-10	1E10	1E-30	1E-10	1E10	1E-30	1E-10
200	1.68157435049874E-07	1E10	2777777777.77777	1E-30	2.21391617695919E-10	1E10	1E-30	1E10	2.32125689978442E-02	2.03236312286425E-05	1E10	108.190274796077	2.75839180604966E-05	1E10	8.39823888577207	2.56536288996582E-05	1E10	1.15927968082958	2.06391699083348E-05	1E10	0.201459719009796	1.07775448570803E-05	1E10	3.57800302770761E-02	1E-30	1.14914380166112E-11	8.91193387673683E-02	1E-30	1.07825673306397E-10	7.56699471072408E-02	4.40533009706546E-07	4.74194263785593E-11	1.48496654483502E-02	1.92462457194506E-07	4.39176181312497E-11	2.17879306526901E-02	3.29936735054627E-12	1.592831641804E-10	24.381801820322	1E10	1E-30	1E-10	1E10	1E-30	1E-10	1E10	1E-30	1E-10	1E10	1E-30	1E-10	1E10	1E-30	1E-10
201	1.62709003560472E-07	1E10	2777777777.77777	1E-30	1.93108601906591E-10	1E10	1E-30	1E10	0.016291184814807	6.77155706686162E-06	1E10	1064.27497487792	7.91488969469809E-06	1E10	84.5383662056011	6.54918345283962E-06	1E10	10.1637471049656	5.59658629204461E-06	1E10	1.16695430465448	4.29079666534301E-06	1E10	0.155739739047282	3.5051697683827E-06	1E10	2.04594508522662E-02	1E-30	2.00889367387622E-11	0.110833732704672	1E-30	1.1867443402032E-10	6.59890069448832E-02	1.53499772096496E-06	1.19464067057594E-11	0.010744582230114	2.17116361578268E-07	3.78014233366614E-11	2.85660286338936E-02	2.7994600806338E-12	1.55699695041864E-10	34.4610322189667	1E10	1E-30	1E-10	1E10	1E-30	1E-10	1E10	1E-30	1E-10	1E10	1E-30	1E-10
202	2.15751367728179E-07	1E10	2272727273	1E-30	2.14311959321437E-10	1E10	1E-30	1E10	1.59741888402031E-02	2.80336477484322E-05	1E10	59.8152238431496	3.24679426399607E-05	1E10	6.55860887414375	3.52589376430808E-05	1E10	0.926428127522402	3.60631073252195E-05	1E10	0.198066821529143	2.41535373205529E-05	1E10	5.58228149047541E-02	1.61461484072347E-05	1E10	1.44013843872632E-02	1E-30	1.82911459033702E-11	0.101717929463555	1E-30	9.7951629090258E-11	0.066428153093224	1.5868903292169E-06	1.82865827676693E-11	9.48917209795468E-03	1.85919180338717E-07	6.51960634915655E-11	2.73590344851081E-02	3.14131242493222E-12	1.30358999892794E-10	25.0132359132188	1E10	1E-30	1E-10	1E10	1E-30	1E-10	1E10	1E-30	1E-10	1E10	1E-30	1E-10
203	2.15751367728179E-07	1E10	2272727273	1E-30	2.14311959321437E-10	1E10	1E-30	1E10	1.59741888402031E-02	2.80336477484322E-05	1E10	59.8152238431496	3.24679426399607E-05	1E10	6.55860887414375	3.52589376430808E-05	1E10	0.926428127522402	3.60631073252195E-05	1E10	0.198066821529143	2.41535373205529E-05	1E10	5.58228149047541E-02	1.61461484072347E-05	1E10	1.44013843872632E-02	1E-30	1.82911459033702E-11	0.101717929463555	1E-30	9.7951629090258E-11	0.066428153093224	1.5868903292169E-06	1.82865827676693E-11	9.48917209795468E-03	1.85919180338717E-07	6.51960634915655E-11	2.73590344851081E-02	3.14131242493222E-12	1.30358999892794E-10	25.0132359132188	1E10	1E-30	1E-10	1E10	1E-30	1E-10	1E10	1E-30	1E-10	1E10	1E-30	1E-10
204	2.18179685173801E-07	1E10	2272727273	1E-30	2.42177041395688E-10	1E10	1E-30	1E10	1.88990223294555E-02	3.07886939514432E-05	1E10	119.997813587153	5.07766486955374E-05	1E10	11.7266329870683	5.29868080739333E-05	1E10	1.4762956262204	7.04748215515636E-05	1E10	0.233977088805683	4.8823213882904E-05	1E10	8.30182038821497E-02	4.54766323938276E-05	1E10	2.26026776427218E-02	2.54569083618791E-05	1E10	9.30528907224429E-03	1E-30	2.73658756880307E-11	7.66948087304051E-02	1E-30	1.96043456061145E-10	5.15970118932173E-02	3.25331640525701E-06	9.18465808452452E-12	7.10242912514141E-03	8.00693294568455E-07	1.72453804412356E-11	0.013871154544991	6.47780686066359E-12	7.97365155515433E-11	9.48541249755317	1E10	1E-30	1E-10	1E10	1E-30	1E-10	1E10	1E-30	1E-10
205	2.15751367728179E-07	1E10	2272727273	1E-30	2.14311959321437E-10	1E10	1E-30	1E10	1.59741888402031E-02	2.80336477484322E-05	1E10	59.8152238431496	3.24679426399607E-05	1E10	6.55860887414375	3.52589376430808E-05	1E10	0.926428127522402	3.60631073252195E-05	1E10	0.198066821529143	2.41535373205529E-05	1E10	5.58228149047541E-02	1.61461484072347E-05	1E10	1.44013843872632E-02	1E-30	1.82911459033702E-11	0.101717929463555	1E-30	9.7951629090258E-11	0.066428153093224	1.5868903292169E-06	1.82865827676693E-11	9.48917209795468E-03	1.85919180338717E-07	6.51960634915655E-11	2.73590344851081E-02	3.14131242493222E-12	1.30358999892794E-10	25.0132359132188	1E10	1E-30	1E-10	1E10	1E-30	1E-10	1E10	1E-30	1E-10	1E10	1E-30	1E-10
206	2.15751367728179E-07	1E10	2272727273	1E-30	2.14311959321437E-10	1E10	1E-30	1E10	1.59741888402031E-02	2.80336477484322E-05	1E10	59.8152238431496	3.24679426399607E-05	1E10	6.55860887414375	3.52589376430808E-05	1E10	0.926428127522402	3.60631073252195E-05	1E10	0.198066821529143	2.41535373205529E-05	1E10	5.58228149047541E-02	1.61461484072347E-05	1E10	1.44013843872632E-02	1E-30	1.82911459033702E-11	0.101717929463555	1E-30	9.7951629090258E-11	0.066428153093224	1.5868903292169E-06	1.82865827676693E-11	9.48917209795468E-03	1.85919180338717E-07	6.51960634915655E-11	2.73590344851081E-02	3.14131242493222E-12	1.30358999892794E-10	25.0132359132188	1E10	1E-30	1E-10	1E10	1E-30	1E-10	1E10	1E-30	1E-10	1E10	1E-30	1E-10
207	2.15751367728179E-07	1E10	2272727273	1E-30	2.14311959321437E-10	1E10	1E-30	1E10	1.59741888402031E-02	2.80336477484322E-05	1E10	59.8152238431496	3.24679426399607E-05	1E10	6.55860887414375	3.52589376430808E-05	1E10	0.926428127522402	3.60631073252195E-05	1E10	0.198066821529143	2.41535373205529E-05	1E10	5.58228149047541E-02	1.61461484072347E-05	1E10	1.44013843872632E-02	1E-30	1.82911459033702E-11	0.101717929463555	1E-30	9.7951629090258E-11	0.066428153093224	1.5868903292169E-06	1.82865827676693E-11	9.48917209795468E-03	1.85919180338717E-07	6.51960634915655E-11	2.73590344851081E-02	3.14131242493222E-12	1.30358999892794E-10	25.0132359132188	1E10	1E-30	1E-10	1E10	1E-30	1E-10	1E10	1E-30	1E-10	1E10	1E-30	1E-10
208	2.18179685173801E-07	1E10	2272727273	1E-30	2.42177041395688E-10	1E10	1E-30	1E10	1.88990223294555E-02	3.07886939514432E-05	1E10	119.997813587153	5.07766486955374E-05	1E10	11.7266329870683	5.29868080739333E-05	1E10	1.4762956262204	7.04748215515636E-05	1E10	0.233977088805683	4.8823213882904E-05	1E10	8.30182038821497E-02	4.54766323938276E-05	1E10	2.26026776427218E-02	2.54569083618791E-05	1E10	9.30528907224429E-03	1E-30	2.73658756880307E-11	7.66948087304051E-02	1E-30	1.96043456061145E-10	5.15970118932173E-02	3.25331640525701E-06	9.18465808452452E-12	7.10242912514141E-03	8.00693294568455E-07	1.72453804412356E-11	0.013871154544991	6.47780686066359E-12	7.97365155515433E-11	9.48541249755317	1E10	1E-30	1E-10	1E10	1E-30	1E-10	1E10	1E-30	1E-10
209	2.18179685173801E-07	1E10	2272727273	1E-30	2.42177041395688E-10	1E10	1E-30	1E10	1.88990223294555E-02	3.07886939514432E-05	1E10	119.997813587153	5.07766486955374E-05	1E10	11.7266329870683	5.29868080739333E-05	1E10	1.4762956262204	7.04748215515636E-05	1E10	0.233977088805683	4.8823213882904E-05	1E10	8.30182038821497E-02	4.54766323938276E-05	1E10	2.26026776427218E-02	2.54569083618791E-05	1E10	9.30528907224429E-03	1E-30	2.73658756880307E-11	7.66948087304051E-02	1E-30	1.96043456061145E-10	5.15970118932173E-02	3.25331640525701E-06	9.18465808452452E-12	7.10242912514141E-03	8.00693294568455E-07	1.72453804412356E-11	0.013871154544991	6.47780686066359E-12	7.97365155515433E-11	9.48541249755317	1E10	1E-30	1E-10	1E10	1E-30	1E-10	1E10	1E-30	1E-10
210	2.02466427631108E-07	1E10	2272727272.72727	1E-30	1.98871420419518E-10	1E10	1E-30	1E10	2.10998013412761E-02	8.57283912118042E-06	1E10	430.962949503148	1.1700571035554E-05	1E10	49.4811671203017	9.97463693984298E-06	1E10	7.84223649239969	1.13491610182505E-05	1E10	1.56473189383588	8.05630747072989E-06	1E10	0.480467110934998	8.63475589767172E-06	1E10	9.08336566172843E-02	2.07673076565105E-04	1E10	6.08751346514556E-02	4.06082732015671E-06	1E10	3.22259026695884E-02	1E-30	2.69094616487696E-11	0.179500471672907	1E-30	1.35223387096733E-10	6.90568208034076E-02	1.16043818653582E-06	2.1002631509254E-11	1.47228751301442E-02	2.55282093393239E-07	4.20503984482473E-11	2.68667474480178E-02	3.46050470648638E-12	1.07731585669983E-10	34.3672571306131	1E10	1E-30	1E-10	1E10	1E-30	1E-10
211	2.02466427631108E-07	1E10	2272727272.72727	1E-30	1.98871420419518E-10	1E10	1E-30	1E10	2.10998013412761E-02	8.57283912118042E-06	1E10	430.962949503148	1.1700571035554E-05	1E10	49.4811671203017	9.97463693984298E-06	1E10	7.84223649239969	1.13491610182505E-05	1E10	1.56473189383588	8.05630747072989E-06	1E10	0.480467110934998	8.63475589767172E-06	1E10	9.08336566172843E-02	2.07673076565105E-04	1E10	6.08751346514556E-02	4.06082732015671E-06	1E10	3.22259026695884E-02	1E-30	2.69094616487696E-11	0.179500471672907	1E-30	1.35223387096733E-10	6.90568208034076E-02	1.16043818653582E-06	2.1002631509254E-11	1.47228751301442E-02	2.55282093393239E-07	4.20503984482473E-11	2.68667474480178E-02	3.46050470648638E-12	1.07731585669983E-10	34.3672571306131	1E10	1E-30	1E-10	1E10	1E-30	1E-10
212	2.67490567889806E-07	1E10	1851851852	1E-30	1.78314365518117E-10	1E10	1E-30	1E10	2.35777464015665E-02	3.17156149818089E-05	1E10	125.454719373391	4.40717188804573E-05	1E10	11.4416063916887	3.56987735745392E-05	1E10	1.9430635428651	3.05180485229409E-05	1E10	0.2390490396491	1.75974511671344E-05	1E10	3.59007960770243E-02	1E-30	1.99039226425275E-11	0.109812981673627	1E-30	1.40989669411094E-10	6.24568220928948E-02	2.23791517208482E-06	1.67592454310275E-11	6.51355526794589E-03	2.74870192603632E-07	5.42559214022556E-11	1.88028513882923E-02	5.83442220803014E-12	1.0888087784723E-10	14.8645976820507	4.39392618102477E-12	7.54365112265015E-11	27.2831700739178	1E10	1E-30	1E-10	1E10	1E-30	1E-10	1E10	1E-30	1E-10	1E10	1E-30	1E-10
213	3.03612817111487E-07	1E10	1515151515	1E-30	2.24147528761347E-10	1E10	1E-30	1E10	1.91864038496807E-02	3.32779505426345E-05	1E10	119.564862391383	4.51901126668972E-05	1E10	12.8116058280445	4.10711375034985E-05	1E10	1.76849390893273	3.23739826053157E-05	1E10	0.222640192255862	2.26573276224903E-05	1E10	2.86083284557933E-02	2.93460477544203E-05	1E10	4.66949584607809E-03	1E-30	2.5152790636591E-11	0.113724278783607	1E-30	1.63701026920344E-10	5.66662164517236E-02	2.42983901175047E-06	1.78683893772045E-11	7.30969993577454E-03	4.46729946673236E-07	4.51532843724642E-11	1.83135532083828E-02	3.19508712219913E-12	1.13994224078581E-10	15.8121139238088	1E10	1E-30	1E-10	1E10	1E-30	1E-10	1E10	1E-30	1E-10	1E10	1E-30	1E-10
214	3.03612817111487E-07	1E10	1515151515	1E-30	2.24147528761347E-10	1E10	1E-30	1E10	1.91864038496807E-02	3.32779505426345E-05	1E10	119.564862391383	4.51901126668972E-05	1E10	12.8116058280445	4.10711375034985E-05	1E10	1.76849390893273	3.23739826053157E-05	1E10	0.222640192255862	2.26573276224903E-05	1E10	2.86083284557933E-02	2.93460477544203E-05	1E10	4.66949584607809E-03	1E-30	2.5152790636591E-11	0.113724278783607	1E-30	1.63701026920344E-10	5.66662164517236E-02	2.42983901175047E-06	1.78683893772045E-11	7.30969993577454E-03	4.46729946673236E-07	4.51532843724642E-11	1.83135532083828E-02	3.19508712219913E-12	1.13994224078581E-10	15.8121139238088	1E10	1E-30	1E-10	1E10	1E-30	1E-10	1E10	1E-30	1E-10	1E10	1E-30	1E-10
215	2.78039670152159E-07	1E10	1515151515.15151	1E-30	2.32846016486171E-10	1E10	1E-30	1E10	3.05849278385946E-02	1.27680687206078E-05	1E10	311.62689239567	1.61812498452509E-05	1E10	35.7795545059908	1.26444151487678E-05	1E10	6.66246482011334	1.16999822481425E-05	1E10	1.08052527185584	8.2829531099418E-06	1E10	0.192147584296796	5.44465505929139E-06	1E10	3.27891982226195E-02	1E-30	2.98944532230961E-11	0.143087225365701	1E-30	1.55931495386976E-10	4.84294631880331E-02	3.05258837452503E-06	1.09089372385906E-11	7.22215677049157E-03	5.10890728836982E-07	2.98383817483211E-11	1.61806073970649E-02	3.7571928668389E-12	1.2234264798305E-10	33.6199217878348	1E10	1E-30	1E-10	1E10	1E-30	1E-10	1E10	1E-30	1E-10	1E10	1E-30	1E-10
216	2.78039670152159E-07	1E10	1515151515.15151	1E-30	2.32846016486171E-10	1E10	1E-30	1E10	3.05849278385946E-02	1.27680687206078E-05	1E10	311.62689239567	1.61812498452509E-05	1E10	35.7795545059908	1.26444151487678E-05	1E10	6.66246482011334	1.16999822481425E-05	1E10	1.08052527185584	8.2829531099418E-06	1E10	0.192147584296796	5.44465505929139E-06	1E10	3.27891982226195E-02	1E-30	2.98944532230961E-11	0.143087225365701	1E-30	1.55931495386976E-10	4.84294631880331E-02	3.05258837452503E-06	1.09089372385906E-11	7.22215677049157E-03	5.10890728836982E-07	2.98383817483211E-11	1.61806073970649E-02	3.7571928668389E-12	1.2234264798305E-10	33.6199217878348	1E10	1E-30	1E-10	1E10	1E-30	1E-10	1E10	1E-30	1E-10	1E10	1E-30	1E-10
217	3.58295641817452E-07	1E10	1282051282	1E-30	2.04334993234383E-10	1E10	1E-30	1E10	1.16046174199792E-02	4.19556342952232E-05	1E10	35.8685215375388	5.06553205632305E-05	1E10	3.42541721398997	4.86772716093877E-05	1E10	0.483853042075791	4.29471950870058E-05	1E10	7.84717749276353E-02	3.79972631477317E-05	1E10	1.54749112262771E-02	1E-30	1.54873294630508E-11	7.97294240671735E-02	1E-30	9.61550211247783E-11	6.19828130155328E-02	3.14322016472539E-06	1.58265796299281E-11	4.78225995013431E-03	3.06809124571329E-07	7.14118029898951E-11	2.14291632100531E-02	5.82335552507502E-12	1.01625074256479E-10	16.6799618982066	3.92183881619197E-12	8.48347589287402E-11	21.7346020772831	1E10	1E-30	1E-10	1E10	1E-30	1E-10	1E10	1E-30	1E-10	1E10	1E-30	1E-10
218	3.58295641817452E-07	1E10	1282051282	1E-30	2.04334993234383E-10	1E10	1E-30	1E10	1.16046174199792E-02	4.19556342952232E-05	1E10	35.8685215375388	5.06553205632305E-05	1E10	3.42541721398997	4.86772716093877E-05	1E10	0.483853042075791	4.29471950870058E-05	1E10	7.84717749276353E-02	3.79972631477317E-05	1E10	1.54749112262771E-02	1E-30	1.54873294630508E-11	7.97294240671735E-02	1E-30	9.61550211247783E-11	6.19828130155328E-02	3.14322016472539E-06	1.58265796299281E-11	4.78225995013431E-03	3.06809124571329E-07	7.14118029898951E-11	2.14291632100531E-02	5.82335552507502E-12	1.01625074256479E-10	16.6799618982066	3.92183881619197E-12	8.48347589287402E-11	21.7346020772831	1E10	1E-30	1E-10	1E10	1E-30	1E-10	1E10	1E-30	1E-10	1E10	1E-30	1E-10
219	3.3055767576444E-07	1E10	1282051282.05128	1E-30	1.93996510965699E-10	1E10	1E-30	1E10	1.21273518963193E-02	1.85540726614966E-05	1E10	214.447450427114	2.0526620818487E-05	1E10	37.266695707543	1.57188271279779E-05	1E10	5.7719277643797	1.76640683919742E-05	1E10	0.693938347029451	1.6717216245807E-05	1E10	0.166464215062421	8.54890020951402E-06	1E10	4.88658465269564E-02	9.41751192588753E-06	1E10	7.17757122913138E-03	1E-30	3.07891783357859E-11	8.41330743562193E-02	1E-30	1.62092877321936E-10	4.52117384867018E-02	1.77755342811279E-06	2.4327819757279E-11	1.15587795583415E-02	7.20860469206125E-07	2.91365699492767E-11	1.78388791673968E-02	3.20240999207532E-12	1.37061595341746E-10	28.1429131313626	1E10	1E-30	1E-10	1E10	1E-30	1E-10	1E10	1E-30	1E-10
220	4.40594636422823E-07	1E10	1063829787	1E-30	1.98382699873117E-10	1E10	1E-30	1E10	4.36445152457421E-02	5.13904532458991E-05	1E10	77.4243721544699	6.97861597338994E-05	1E10	8.29617094594155	5.84327038660522E-05	1E10	1.44170927453037	3.97120224284089E-05	1E10	0.185728132658558	2.34852011987584E-05	1E10	2.71283564745475E-02	1E-30	2.53432714659899E-11	0.119374152915243	1E-30	1.77493243246973E-10	5.09481857958661E-02	2.75211291612529E-06	2.15790342664747E-11	7.11309719302102E-03	8.88968001151554E-07	3.15343345294511E-11	1.39671741621848E-02	9.30409295202952E-12	6.17523247540147E-11	10.1813066645274	3.44479962808449E-12	7.63950324058128E-11	11.9445141271103	1E10	1E-30	1E-10	1E10	1E-30	1E-10	1E10	1E-30	1E-10	1E10	1E-30	1E-10
221	4.40594636422823E-07	1E10	1063829787	1E-30	1.98382699873117E-10	1E10	1E-30	1E10	4.36445152457421E-02	5.13904532458991E-05	1E10	77.4243721544699	6.97861597338994E-05	1E10	8.29617094594155	5.84327038660522E-05	1E10	1.44170927453037	3.97120224284089E-05	1E10	0.185728132658558	2.34852011987584E-05	1E10	2.71283564745475E-02	1E-30	2.53432714659899E-11	0.119374152915243	1E-30	1.77493243246973E-10	5.09481857958661E-02	2.75211291612529E-06	2.15790342664747E-11	7.11309719302102E-03	8.88968001151554E-07	3.15343345294511E-11	1.39671741621848E-02	9.30409295202952E-12	6.17523247540147E-11	10.1813066645274	3.44479962808449E-12	7.63950324058128E-11	11.9445141271103	1E10	1E-30	1E-10	1E10	1E-30	1E-10	1E10	1E-30	1E-10	1E10	1E-30	1E-10
222	4.0574772875995E-07	1E10	1063829787.23404	1E-30	1.90649782035289E-10	1E10	1E-30	1E10	1.35121009044551E-02	2.25626065153651E-05	1E10	163.747749213455	2.3060318368325E-05	1E10	29.1189250866505	1.84396085420378E-05	1E10	4.83253868324604	1.45755300866401E-05	1E10	0.667076035643758	1.11319654231725E-05	1E10	8.99917259356524E-02	7.19721329911469E-06	1E10	9.5449011155404E-03	2.98329081039102E-05	1E10	6.7414492961934E-03	1E-30	8.26244622005151E-12	0.131266046894361	1E-30	4.02499441501102E-11	0.102074957765561	1E-30	2.27227305333555E-10	4.99778117098919E-02	2.45208031129799E-06	2.19443263513909E-11	1.24236496121782E-02	1.35483891090609E-06	1.92756070112471E-11	1.40408151975209E-02	2.1868425358996E-12	8.1097183001495E-11	28.9793446549209	1E10	1E-30	1E-10	1E10	1E-30	1E-10
223	4.0574772875995E-07	1E10	1063829787.23404	1E-30	1.90649782035289E-10	1E10	1E-30	1E10	1.35121009044551E-02	2.25626065153651E-05	1E10	163.747749213455	2.3060318368325E-05	1E10	29.1189250866505	1.84396085420378E-05	1E10	4.83253868324604	1.45755300866401E-05	1E10	0.667076035643758	1.11319654231725E-05	1E10	8.99917259356524E-02	7.19721329911469E-06	1E10	9.5449011155404E-03	2.98329081039102E-05	1E10	6.7414492961934E-03	1E-30	8.26244622005151E-12	0.131266046894361	1E-30	4.02499441501102E-11	0.102074957765561	1E-30	2.27227305333555E-10	4.99778117098919E-02	2.45208031129799E-06	2.19443263513909E-11	1.24236496121782E-02	1.35483891090609E-06	1.92756070112471E-11	1.40408151975209E-02	2.1868425358996E-12	8.1097183001495E-11	28.9793446549209	1E10	1E-30	1E-10	1E10	1E-30	1E-10
224	9.38413548086689E-07	1E10	5E7	1E-30	2.03786083122367E-10	1E10	1E-30	1E10	8.84750495699897E-03	1.28632896273612E-04	1E10	15.5953523358184	1.47184174008566E-04	1E10	2.13646141451478	1.4833375630236E-04	1E10	0.603095375566738	1.38960449967327E-04	1E10	0.163607663509465	1.02809820628068E-04	1E10	4.16731646528371E-02	5.02886173151247E-05	1E10	9.85246399725021E-03	1E-30	1.5308729066011E-11	0.147286390454887	1E-30	2.2273087507634E-11	4.92046778373649E-02	1E-30	1.64880775663634E-10	2.69183508589308E-02	1E-30	6.29121580728892E-11	1.32121744887667E-02	5.22038880771532E-06	3.10252212707755E-11	1.25763445163404E-02	1.06826601143939E-06	6.76457275706977E-11	1.37413517158769E-02	3.37948472547481E-11	1.55939621976529E-11	1.25921388968798	1E10	1E-30	1E-10	1E10	1E-30	1E-10
225	9.38413548086689E-07	1E10	5E7	1E-30	2.03786083122367E-10	1E10	1E-30	1E10	8.84750495699897E-03	1.28632896273612E-04	1E10	15.5953523358184	1.47184174008566E-04	1E10	2.13646141451478	1.4833375630236E-04	1E10	0.603095375566738	1.38960449967327E-04	1E10	0.163607663509465	1.02809820628068E-04	1E10	4.16731646528371E-02	5.02886173151247E-05	1E10	9.85246399725021E-03	1E-30	1.5308729066011E-11	0.147286390454887	1E-30	2.2273087507634E-11	4.92046778373649E-02	1E-30	1.64880775663634E-10	2.69183508589308E-02	1E-30	6.29121580728892E-11	1.32121744887667E-02	5.22038880771532E-06	3.10252212707755E-11	1.25763445163404E-02	1.06826601143939E-06	6.76457275706977E-11	1.37413517158769E-02	3.37948472547481E-11	1.55939621976529E-11	1.25921388968798	1E10	1E-30	1E-10	1E10	1E-30	1E-10
226	6.39564453560719E-07	1E10	5E8	1E-30	2.12023552580719E-10	1E10	1E-30	1E10	1.33178997142451E-02	2.01229997674208E-05	1E10	42.3184804772493	2.31852110291671E-05	1E10	4.04330383122778	2.06960192481531E-05	1E10	0.564862016199729	1.48048013284021E-05	1E10	9.95070113410659E-02	1.27562160897864E-05	1E10	1.59314340508418E-02	1E-30	2.9038908761387E-11	0.10484238963046	1E-30	1.60181170977033E-10	4.70848945777239E-02	4.03614547042331E-06	2.27345807343944E-11	7.55024262560693E-03	8.51332466063903E-07	5.17223952978357E-11	1.57599700897394E-02	4.49909532440091E-12	1.03661010282815E-10	20.1388991678069	1E10	1E-30	1E-10	1E10	1E-30	1E-10	1E10	1E-30	1E-10	1E10	1E-30	1E-10	1E10	1E-30	1E-10
227	6.39564453560719E-07	1E10	5E8	1E-30	2.12023552580719E-10	1E10	1E-30	1E10	1.33178997142451E-02	2.01229997674208E-05	1E10	42.3184804772493	2.31852110291671E-05	1E10	4.04330383122778	2.06960192481531E-05	1E10	0.564862016199729	1.48048013284021E-05	1E10	9.95070113410659E-02	1.27562160897864E-05	1E10	1.59314340508418E-02	1E-30	2.9038908761387E-11	0.10484238963046	1E-30	1.60181170977033E-10	4.70848945777239E-02	4.03614547042331E-06	2.27345807343944E-11	7.55024262560693E-03	8.51332466063903E-07	5.17223952978357E-11	1.57599700897394E-02	4.49909532440091E-12	1.03661010282815E-10	20.1388991678069	1E10	1E-30	1E-10	1E10	1E-30	1E-10	1E10	1E-30	1E-10	1E10	1E-30	1E-10	1E10	1E-30	1E-10
228	1.45157205490846E-06	1E10	22727273	1E-30	1.90220341058803E-10	1E10	1E-30	1E10	1.77083897818958E-02	6.5604076579586E-05	1E10	26.8965785148516	5.44814223751162E-05	1E10	4.99997352509521	5.53191210237518E-05	1E10	0.764063943541901	5.71301993958105E-05	1E10	0.137008513388514	3.23479718256023E-05	1E10	3.73219702645233E-02	2.81033864853148E-05	1E10	6.6479990650853E-03	1E-30	2.03187981412918E-11	0.109017342849709	1E-30	3.2181829456456E-11	3.74307152999257E-02	1E-30	2.37777282946484E-10	3.13654142236715E-02	6.47561532918662E-06	3.69106268335587E-11	6.23849546642761E-03	2.50006242703235E-06	4.74666263340387E-11	9.73104407368033E-03	4.4304204592563E-12	9.65871071672842E-11	18.679310930374	1E10	1E-30	1E-10	1E10	1E-30	1E-10	1E10	1E-30	1E-10
229	1.45157205490846E-06	1E10	22727273	1E-30	1.90220341058803E-10	1E10	1E-30	1E10	1.77083897818958E-02	6.5604076579586E-05	1E10	26.8965785148516	5.44814223751162E-05	1E10	4.99997352509521	5.53191210237518E-05	1E10	0.764063943541901	5.71301993958105E-05	1E10	0.137008513388514	3.23479718256023E-05	1E10	3.73219702645233E-02	2.81033864853148E-05	1E10	6.6479990650853E-03	1E-30	2.03187981412918E-11	0.109017342849709	1E-30	3.2181829456456E-11	3.74307152999257E-02	1E-30	2.37777282946484E-10	3.13654142236715E-02	6.47561532918662E-06	3.69106268335587E-11	6.23849546642761E-03	2.50006242703235E-06	4.74666263340387E-11	9.73104407368033E-03	4.4304204592563E-12	9.65871071672842E-11	18.679310930374	1E10	1E-30	1E-10	1E10	1E-30	1E-10	1E10	1E-30	1E-10
230	2.38111939811079E-06	1E10	15151515	1E-30	1.94176841833263E-10	1E10	1E-30	1E10	1.06130563476868E-02	9.32767399411689E-05	1E10	44.1494724015898	1.36089168551337E-04	1E10	3.01623331522689	1.21256392128679E-04	1E10	0.492493362360687	1.07584411892439E-04	1E10	7.42326563424403E-02	7.86040141098285E-05	1E10	1.25133953413563E-02	8.47783050972655E-05	1E10	1.98856850059717E-03	1E-30	2.15078527379418E-11	0.104681776331014	1E-30	3.59538840946812E-11	2.77534186696326E-02	1E-30	2.11484034431174E-10	2.32632937894047E-02	1.1416988275899E-05	4.56796373990677E-11	4.51931885093506E-03	4.2048341428635E-06	5.63225239872475E-11	7.58111420465346E-03	6.55434859166106E-12	9.87627333565696E-11	18.2138389853406	5.28532878188522E-12	6.62423260336058E-11	14.4677665687779	1E10	1E-30	1E-10	1E10	1E-30	1E-10
231	2.38111939811079E-06	1E10	15151515	1E-30	1.94176841833263E-10	1E10	1E-30	1E10	1.06130563476868E-02	9.32767399411689E-05	1E10	44.1494724015898	1.36089168551337E-04	1E10	3.01623331522689	1.21256392128679E-04	1E10	0.492493362360687	1.07584411892439E-04	1E10	7.42326563424403E-02	7.86040141098285E-05	1E10	1.25133953413563E-02	8.47783050972655E-05	1E10	1.98856850059717E-03	1E-30	2.15078527379418E-11	0.104681776331014	1E-30	3.59538840946812E-11	2.77534186696326E-02	1E-30	2.11484034431174E-10	2.32632937894047E-02	1.1416988275899E-05	4.56796373990677E-11	4.51931885093506E-03	4.2048341428635E-06	5.63225239872475E-11	7.58111420465346E-03	6.55434859166106E-12	9.87627333565696E-11	18.2138389853406	5.28532878188522E-12	6.62423260336058E-11	14.4677665687779	1E10	1E-30	1E-10	1E10	1E-30	1E-10
232	3.61535551494939E-06	1E10	10638298	1E-30	1.90365235230907E-10	1E10	1E-30	1E10	7.21181116584927E-03	1.50790373469544E-04	1E10	9.9912363921618	1.94931522842644E-04	1E10	0.986204371139195	1.98891723759224E-04	1E10	0.160699860132324	1.61495718464227E-04	1E10	3.09097329866849E-02	1.23307989372497E-04	1E10	6.22048812366259E-03	1E-30	2.25816493624277E-11	0.101780711137599	1E-30	2.41101284097451E-10	2.47506437973967E-02	1E-30	3.29072072767638E-11	2.44097441820195E-02	1.56364194346337E-05	4.42110592253718E-11	5.16849303592919E-03	5.94203119020618E-06	5.80014813628844E-11	7.32675945986085E-03	5.25432393240431E-12	4.86343759616841E-11	8.00000038745271	1E10	1E-30	1E-10	1E10	1E-30	1E-10	1E10	1E-30	1E-10	1E10	1E-30	1E-10
233	3.61535551494939E-06	1E10	10638298	1E-30	1.90365235230907E-10	1E10	1E-30	1E10	7.21181116584927E-03	1.50790373469544E-04	1E10	9.9912363921618	1.94931522842644E-04	1E10	0.986204371139195	1.98891723759224E-04	1E10	0.160699860132324	1.61495718464227E-04	1E10	3.09097329866849E-02	1.23307989372497E-04	1E10	6.22048812366259E-03	1E-30	2.25816493624277E-11	0.101780711137599	1E-30	2.41101284097451E-10	2.47506437973967E-02	1E-30	3.29072072767638E-11	2.44097441820195E-02	1.56364194346337E-05	4.42110592253718E-11	5.16849303592919E-03	5.94203119020618E-06	5.80014813628844E-11	7.32675945986085E-03	5.25432393240431E-12	4.86343759616841E-11	8.00000038745271	1E10	1E-30	1E-10	1E10	1E-30	1E-10	1E10	1E-30	1E-10	1E10	1E-30	1E-10
234	3.55607111857848E-06	1E10	10638297.8723404	1E-30	1.35491535674689E-10	1E10	1E-30	1E10	1.71518381190531E-02	1.25549095827582E-04	1E10	66.9707692676362	1.92567637180019E-04	1E10	3.66496448828	1.87068104004844E-04	1E10	0.537216386154274	2.56413491252477E-04	1E10	6.56540968580587E-02	1.81190356742618E-04	1E10	2.06437150185634E-02	1.50822795883914E-04	1E10	7.47425072560665E-03	1E-30	2.03458154585785E-11	0.132527432891468	1E-30	4.31444658083536E-11	3.46484657816865E-02	1E-30	2.75383443623813E-10	2.33109499705017E-02	1.17975444708858E-05	5.55682338947892E-11	4.76071080993234E-03	8.13695387095876E-06	3.95912064786191E-11	5.5845789057866E-03	2.18553658819714E-12	1.18632569396561E-10	40.6921769024357	1E10	1E-30	1E-10	1E10	1E-30	1E-10	1E10	1E-30	1E-10
235	6.67665885046682E-06	1E10	5E6	1E-30	2.05627738341707E-10	1E10	1E-30	1E10	4.13383360166936E-03	2.92379913959198E-04	1E10	5.73219299793208	5.55763433275652E-04	1E10	0.894279364798619	3.86228086388883E-04	1E10	0.283855017961367	4.54307860375673E-04	1E10	6.88877807673033E-02	2.74249374680125E-04	1E10	2.20652892229501E-02	1.50320366483057E-04	1E10	5.02337970040175E-03	1E-30	3.02306078027171E-11	0.139630485892107	1E-30	4.6238700565585E-11	2.85712677218018E-02	1E-30	2.09857092948426E-10	1.12492282871861E-02	1E-30	1.03102950746764E-10	7.29717872133986E-03	5.99578290474205E-05	2.42147905381683E-11	3.11243236939667E-03	7.86072512911628E-06	9.14671950657705E-11	5.36746458448821E-03	3.65686185906004E-11	1.16062386745091E-11	0.785747076819084	1E10	1E-30	1E-10	1E10	1E-30	1E-10
236	1.72783576542993E-05	1E10	2272727	1E-30	1.92778204103343E-10	1E10	1E-30	1E10	4.40350542708834E-03	1.44609188448598E-03	1E10	1.11229014723212	2.70956421065184E-03	1E10	0.151235239857705	1.66752154606217E-03	1E10	4.98242867912795E-02	2.88453480685629E-03	1E10	9.31734128026518E-03	1.02347411048574E-03	1E10	2.98095350265837E-03	1E-30	1.96094199930366E-11	0.119898970168697	1E-30	3.16129349187668E-11	3.73876558938234E-02	1E-30	6.71584523738613E-11	1.68977092394835E-02	1E-30	1.77921780483281E-10	5.86086776434577E-03	1E-30	1.60684194773004E-10	4.34995665630273E-03	2.32959333697907E-04	2.01138959629027E-11	1.28861399517089E-03	3.56951350488437E-05	6.69639404299995E-11	2.38417034279657E-03	2.51779980494906E-11	2.01315111673551E-11	1.57684206486408	1E10	1E-30	1E-10	1E10	1E-30	1E-10
END DSCRDATA
