BEGIN DSCRDATA
% INDEX	K01	L01	M01	K02	L02	M02	K03	L03	M03	K04	L04	M04	K05	L05	M05	K06	L06	M06	K07	L07	M07	K08	L08	M08	K09	L09	M09	K10	L10	M10	K11	L11	M11	K12	L12	M12	K13	L13	M13	K14	L14	M14	K15	L15	M15	K16	L16	M16	K17	L17	M17	K18	L18	M18
0	0	0	0	0	0	0	0	0	0	0	0	0	0	0	0	0	0	0	0	0	0	0	0	0	0	0	0	0	0	0	0	0	0	0	0	0	0	0	0	0	0	0	0	0	0	0	0	0	0	0	0	0	0	0
1	1E-13	1E10	1E10	1E-30	1.99360146659524E-10	1E10	1E-30	1E10	1.74975578573141	1E10	1E-30	1E-10	1E10	1E-30	1E-10	1E10	1E-30	1E-10	1E10	1E-30	1E-10	1E10	1E-30	1E-10	1E10	1E-30	1E-10	1E10	1E-30	1E-10	1E10	1E-30	1E-10	1E10	1E-30	1E-10	1E10	1E-30	1E-10	1E10	1E-30	1E-10	1E10	1E-30	1E-10	1E10	1E-30	1E-10	1E10	1E-30	1E-10	1E10	1E-30	1E-10
2	1E-13	1E10	1E10	1E-30	1.99360146659524E-10	1E10	1E-30	1E10	1.74975578573141	1E10	1E-30	1E-10	1E10	1E-30	1E-10	1E10	1E-30	1E-10	1E10	1E-30	1E-10	1E10	1E-30	1E-10	1E10	1E-30	1E-10	1E10	1E-30	1E-10	1E10	1E-30	1E-10	1E10	1E-30	1E-10	1E10	1E-30	1E-10	1E10	1E-30	1E-10	1E10	1E-30	1E-10	1E10	1E-30	1E-10	1E10	1E-30	1E-10	1E10	1E-30	1E-10
3	1E-13	1E10	1E11	1E-30	1.99360146659524E-10	1E10	1E-30	1E10	1.74975578573141	1E10	1E-30	1E-10	1E10	1E-30	1E-10	1E10	1E-30	1E-10	1E10	1E-30	1E-10	1E10	1E-30	1E-10	1E10	1E-30	1E-10	1E10	1E-30	1E-10	1E10	1E-30	1E-10	1E10	1E-30	1E-10	1E10	1E-30	1E-10	1E10	1E-30	1E-10	1E10	1E-30	1E-10	1E10	1E-30	1E-10	1E10	1E-30	1E-10	1E10	1E-30	1E-10
4	1E-13	1E10	1E11	1E-30	1.99360146659524E-10	1E10	1E-30	1E10	1.74975578573141	1E10	1E-30	1E-10	1E10	1E-30	1E-10	1E10	1E-30	1E-10	1E10	1E-30	1E-10	1E10	1E-30	1E-10	1E10	1E-30	1E-10	1E10	1E-30	1E-10	1E10	1E-30	1E-10	1E10	1E-30	1E-10	1E10	1E-30	1E-10	1E10	1E-30	1E-10	1E10	1E-30	1E-10	1E10	1E-30	1E-10	1E10	1E-30	1E-10	1E10	1E-30	1E-10
5	2E-13	1E10	1E10	1E-30	2.01836060510429E-10	1E10	1E-30	1E10	0.719424152253386	2.56812477875263E-12	5.60293625205069E-12	24.2735570433973	1E10	1E-30	1E-10	1E10	1E-30	1E-10	1E10	1E-30	1E-10	1E10	1E-30	1E-10	1E10	1E-30	1E-10	1E10	1E-30	1E-10	1E10	1E-30	1E-10	1E10	1E-30	1E-10	1E10	1E-30	1E-10	1E10	1E-30	1E-10	1E10	1E-30	1E-10	1E10	1E-30	1E-10	1E10	1E-30	1E-10	1E10	1E-30	1E-10
6	2E-13	1E10	1E10	1E-30	2.01836060510429E-10	1E10	1E-30	1E10	0.719424152253386	2.56812477875263E-12	5.60293625205069E-12	24.2735570433973	1E10	1E-30	1E-10	1E10	1E-30	1E-10	1E10	1E-30	1E-10	1E10	1E-30	1E-10	1E10	1E-30	1E-10	1E10	1E-30	1E-10	1E10	1E-30	1E-10	1E10	1E-30	1E-10	1E10	1E-30	1E-10	1E10	1E-30	1E-10	1E10	1E-30	1E-10	1E10	1E-30	1E-10	1E10	1E-30	1E-10	1E10	1E-30	1E-10
7	2E-13	1E10	1E10	1E-30	2.01836060510429E-10	1E10	1E-30	1E10	0.719424152253386	2.56812477875263E-12	5.60293625205069E-12	24.2735570433973	1E10	1E-30	1E-10	1E10	1E-30	1E-10	1E10	1E-30	1E-10	1E10	1E-30	1E-10	1E10	1E-30	1E-10	1E10	1E-30	1E-10	1E10	1E-30	1E-10	1E10	1E-30	1E-10	1E10	1E-30	1E-10	1E10	1E-30	1E-10	1E10	1E-30	1E-10	1E10	1E-30	1E-10	1E10	1E-30	1E-10	1E10	1E-30	1E-10
8	2E-13	1E10	1E10	1E-30	2.01836060510429E-10	1E10	1E-30	1E10	0.719424152253386	2.56812477875263E-12	5.60293625205069E-12	24.2735570433973	1E10	1E-30	1E-10	1E10	1E-30	1E-10	1E10	1E-30	1E-10	1E10	1E-30	1E-10	1E10	1E-30	1E-10	1E10	1E-30	1E-10	1E10	1E-30	1E-10	1E10	1E-30	1E-10	1E10	1E-30	1E-10	1E10	1E-30	1E-10	1E10	1E-30	1E-10	1E10	1E-30	1E-10	1E10	1E-30	1E-10	1E10	1E-30	1E-10
9	2E-13	1E10	1E11	1E-30	2.01836060510429E-10	1E10	1E-30	1E10	0.719424152253386	2.56812477875263E-12	5.60293625205069E-12	24.2735570433973	1E10	1E-30	1E-10	1E10	1E-30	1E-10	1E10	1E-30	1E-10	1E10	1E-30	1E-10	1E10	1E-30	1E-10	1E10	1E-30	1E-10	1E10	1E-30	1E-10	1E10	1E-30	1E-10	1E10	1E-30	1E-10	1E10	1E-30	1E-10	1E10	1E-30	1E-10	1E10	1E-30	1E-10	1E10	1E-30	1E-10	1E10	1E-30	1E-10
10	2E-13	1E10	1E11	1E-30	2.01836060510429E-10	1E10	1E-30	1E10	0.719424152253386	2.56812477875263E-12	5.60293625205069E-12	24.2735570433973	1E10	1E-30	1E-10	1E10	1E-30	1E-10	1E10	1E-30	1E-10	1E10	1E-30	1E-10	1E10	1E-30	1E-10	1E10	1E-30	1E-10	1E10	1E-30	1E-10	1E10	1E-30	1E-10	1E10	1E-30	1E-10	1E10	1E-30	1E-10	1E10	1E-30	1E-10	1E10	1E-30	1E-10	1E10	1E-30	1E-10	1E10	1E-30	1E-10
11	2E-13	1E10	1E11	1E-30	2.01836060510429E-10	1E10	1E-30	1E10	0.719424152253386	2.56812477875263E-12	5.60293625205069E-12	24.2735570433973	1E10	1E-30	1E-10	1E10	1E-30	1E-10	1E10	1E-30	1E-10	1E10	1E-30	1E-10	1E10	1E-30	1E-10	1E10	1E-30	1E-10	1E10	1E-30	1E-10	1E10	1E-30	1E-10	1E10	1E-30	1E-10	1E10	1E-30	1E-10	1E10	1E-30	1E-10	1E10	1E-30	1E-10	1E10	1E-30	1E-10	1E10	1E-30	1E-10
12	2E-13	1E10	1E11	1E-30	2.01836060510429E-10	1E10	1E-30	1E10	0.719424152253386	2.56812477875263E-12	5.60293625205069E-12	24.2735570433973	1E10	1E-30	1E-10	1E10	1E-30	1E-10	1E10	1E-30	1E-10	1E10	1E-30	1E-10	1E10	1E-30	1E-10	1E10	1E-30	1E-10	1E10	1E-30	1E-10	1E10	1E-30	1E-10	1E10	1E-30	1E-10	1E10	1E-30	1E-10	1E10	1E-30	1E-10	1E10	1E-30	1E-10	1E10	1E-30	1E-10	1E10	1E-30	1E-10
13	3E-13	1E10	1E10	1E-30	2.03070664578002E-10	1E10	1E-30	1E10	0.86492571821603	1.60317737366286E-12	1.20461836378834E-11	41.0404742461139	2.37693678833433E-12	4.44709202577308E-12	44.2428163721884	1E10	1E-30	1E-10	1E10	1E-30	1E-10	1E10	1E-30	1E-10	1E10	1E-30	1E-10	1E10	1E-30	1E-10	1E10	1E-30	1E-10	1E10	1E-30	1E-10	1E10	1E-30	1E-10	1E10	1E-30	1E-10	1E10	1E-30	1E-10	1E10	1E-30	1E-10	1E10	1E-30	1E-10	1E10	1E-30	1E-10
14	3E-13	1E10	1E10	1E-30	2.03070664578002E-10	1E10	1E-30	1E10	0.86492571821603	1.60317737366286E-12	1.20461836378834E-11	41.0404742461139	2.37693678833433E-12	4.44709202577308E-12	44.2428163721884	1E10	1E-30	1E-10	1E10	1E-30	1E-10	1E10	1E-30	1E-10	1E10	1E-30	1E-10	1E10	1E-30	1E-10	1E10	1E-30	1E-10	1E10	1E-30	1E-10	1E10	1E-30	1E-10	1E10	1E-30	1E-10	1E10	1E-30	1E-10	1E10	1E-30	1E-10	1E10	1E-30	1E-10	1E10	1E-30	1E-10
15	3E-13	1E10	1E10	1E-30	2.03070664578002E-10	1E10	1E-30	1E10	0.86492571821603	1.60317737366286E-12	1.20461836378834E-11	41.0404742461139	2.37693678833433E-12	4.44709202577308E-12	44.2428163721884	1E10	1E-30	1E-10	1E10	1E-30	1E-10	1E10	1E-30	1E-10	1E10	1E-30	1E-10	1E10	1E-30	1E-10	1E10	1E-30	1E-10	1E10	1E-30	1E-10	1E10	1E-30	1E-10	1E10	1E-30	1E-10	1E10	1E-30	1E-10	1E10	1E-30	1E-10	1E10	1E-30	1E-10	1E10	1E-30	1E-10
16	3E-13	1E10	1E10	1E-30	2.03070664578002E-10	1E10	1E-30	1E10	0.86492571821603	1.60317737366286E-12	1.20461836378834E-11	41.0404742461139	2.37693678833433E-12	4.44709202577308E-12	44.2428163721884	1E10	1E-30	1E-10	1E10	1E-30	1E-10	1E10	1E-30	1E-10	1E10	1E-30	1E-10	1E10	1E-30	1E-10	1E10	1E-30	1E-10	1E10	1E-30	1E-10	1E10	1E-30	1E-10	1E10	1E-30	1E-10	1E10	1E-30	1E-10	1E10	1E-30	1E-10	1E10	1E-30	1E-10	1E10	1E-30	1E-10
17	3E-13	1E10	1E11	1E-30	2.03070664578002E-10	1E10	1E-30	1E10	0.86492571821603	1.60317737366286E-12	1.20461836378834E-11	41.0404742461139	2.37693678833433E-12	4.44709202577308E-12	44.2428163721884	1E10	1E-30	1E-10	1E10	1E-30	1E-10	1E10	1E-30	1E-10	1E10	1E-30	1E-10	1E10	1E-30	1E-10	1E10	1E-30	1E-10	1E10	1E-30	1E-10	1E10	1E-30	1E-10	1E10	1E-30	1E-10	1E10	1E-30	1E-10	1E10	1E-30	1E-10	1E10	1E-30	1E-10	1E10	1E-30	1E-10
18	3E-13	1E10	1E11	1E-30	2.03070664578002E-10	1E10	1E-30	1E10	0.86492571821603	1.60317737366286E-12	1.20461836378834E-11	41.0404742461139	2.37693678833433E-12	4.44709202577308E-12	44.2428163721884	1E10	1E-30	1E-10	1E10	1E-30	1E-10	1E10	1E-30	1E-10	1E10	1E-30	1E-10	1E10	1E-30	1E-10	1E10	1E-30	1E-10	1E10	1E-30	1E-10	1E10	1E-30	1E-10	1E10	1E-30	1E-10	1E10	1E-30	1E-10	1E10	1E-30	1E-10	1E10	1E-30	1E-10	1E10	1E-30	1E-10
19	3E-13	1E10	1E11	1E-30	2.03070664578002E-10	1E10	1E-30	1E10	0.86492571821603	1.60317737366286E-12	1.20461836378834E-11	41.0404742461139	2.37693678833433E-12	4.44709202577308E-12	44.2428163721884	1E10	1E-30	1E-10	1E10	1E-30	1E-10	1E10	1E-30	1E-10	1E10	1E-30	1E-10	1E10	1E-30	1E-10	1E10	1E-30	1E-10	1E10	1E-30	1E-10	1E10	1E-30	1E-10	1E10	1E-30	1E-10	1E10	1E-30	1E-10	1E10	1E-30	1E-10	1E10	1E-30	1E-10	1E10	1E-30	1E-10
20	3E-13	1E10	1E11	1E-30	2.03070664578002E-10	1E10	1E-30	1E10	0.86492571821603	1.60317737366286E-12	1.20461836378834E-11	41.0404742461139	2.37693678833433E-12	4.44709202577308E-12	44.2428163721884	1E10	1E-30	1E-10	1E10	1E-30	1E-10	1E10	1E-30	1E-10	1E10	1E-30	1E-10	1E10	1E-30	1E-10	1E10	1E-30	1E-10	1E10	1E-30	1E-10	1E10	1E-30	1E-10	1E10	1E-30	1E-10	1E10	1E-30	1E-10	1E10	1E-30	1E-10	1E10	1E-30	1E-10	1E10	1E-30	1E-10
21	4E-13	1E10	1E10	1E-30	1.81281235533501E-10	1E10	1E-30	1E10	0.901329492665499	9.83943509925539E-13	2.44772852815912E-11	85.7906716519615	2.68022956589803E-12	5.11233682773117E-12	29.1600432897735	7.08935127015714E-13	1.58735850452274E-11	134.045861227123	1E10	1E-30	1E-10	1E10	1E-30	1E-10	1E10	1E-30	1E-10	1E10	1E-30	1E-10	1E10	1E-30	1E-10	1E10	1E-30	1E-10	1E10	1E-30	1E-10	1E10	1E-30	1E-10	1E10	1E-30	1E-10	1E10	1E-30	1E-10	1E10	1E-30	1E-10	1E10	1E-30	1E-10
22	4E-13	1E10	1E10	1E-30	1.81281235533501E-10	1E10	1E-30	1E10	0.901329492665499	9.83943509925539E-13	2.44772852815912E-11	85.7906716519615	2.68022956589803E-12	5.11233682773117E-12	29.1600432897735	7.08935127015714E-13	1.58735850452274E-11	134.045861227123	1E10	1E-30	1E-10	1E10	1E-30	1E-10	1E10	1E-30	1E-10	1E10	1E-30	1E-10	1E10	1E-30	1E-10	1E10	1E-30	1E-10	1E10	1E-30	1E-10	1E10	1E-30	1E-10	1E10	1E-30	1E-10	1E10	1E-30	1E-10	1E10	1E-30	1E-10	1E10	1E-30	1E-10
23	4E-13	1E10	1E10	1E-30	1.81281235533501E-10	1E10	1E-30	1E10	0.901329492665499	9.83943509925539E-13	2.44772852815912E-11	85.7906716519615	2.68022956589803E-12	5.11233682773117E-12	29.1600432897735	7.08935127015714E-13	1.58735850452274E-11	134.045861227123	1E10	1E-30	1E-10	1E10	1E-30	1E-10	1E10	1E-30	1E-10	1E10	1E-30	1E-10	1E10	1E-30	1E-10	1E10	1E-30	1E-10	1E10	1E-30	1E-10	1E10	1E-30	1E-10	1E10	1E-30	1E-10	1E10	1E-30	1E-10	1E10	1E-30	1E-10	1E10	1E-30	1E-10
24	4E-13	1E10	1E10	1E-30	1.81281235533501E-10	1E10	1E-30	1E10	0.901329492665499	9.83943509925539E-13	2.44772852815912E-11	85.7906716519615	2.68022956589803E-12	5.11233682773117E-12	29.1600432897735	7.08935127015714E-13	1.58735850452274E-11	134.045861227123	1E10	1E-30	1E-10	1E10	1E-30	1E-10	1E10	1E-30	1E-10	1E10	1E-30	1E-10	1E10	1E-30	1E-10	1E10	1E-30	1E-10	1E10	1E-30	1E-10	1E10	1E-30	1E-10	1E10	1E-30	1E-10	1E10	1E-30	1E-10	1E10	1E-30	1E-10	1E10	1E-30	1E-10
25	4E-13	1E10	1E11	1E-30	1.81281235533501E-10	1E10	1E-30	1E10	0.901329492665499	9.83943509925539E-13	2.44772852815912E-11	85.7906716519615	2.68022956589803E-12	5.11233682773117E-12	29.1600432897735	7.08935127015714E-13	1.58735850452274E-11	134.045861227123	1E10	1E-30	1E-10	1E10	1E-30	1E-10	1E10	1E-30	1E-10	1E10	1E-30	1E-10	1E10	1E-30	1E-10	1E10	1E-30	1E-10	1E10	1E-30	1E-10	1E10	1E-30	1E-10	1E10	1E-30	1E-10	1E10	1E-30	1E-10	1E10	1E-30	1E-10	1E10	1E-30	1E-10
26	4E-13	1E10	1E11	1E-30	1.81281235533501E-10	1E10	1E-30	1E10	0.901329492665499	9.83943509925539E-13	2.44772852815912E-11	85.7906716519615	2.68022956589803E-12	5.11233682773117E-12	29.1600432897735	7.08935127015714E-13	1.58735850452274E-11	134.045861227123	1E10	1E-30	1E-10	1E10	1E-30	1E-10	1E10	1E-30	1E-10	1E10	1E-30	1E-10	1E10	1E-30	1E-10	1E10	1E-30	1E-10	1E10	1E-30	1E-10	1E10	1E-30	1E-10	1E10	1E-30	1E-10	1E10	1E-30	1E-10	1E10	1E-30	1E-10	1E10	1E-30	1E-10
27	4E-13	1E10	1E11	1E-30	1.81281235533501E-10	1E10	1E-30	1E10	0.901329492665499	9.83943509925539E-13	2.44772852815912E-11	85.7906716519615	2.68022956589803E-12	5.11233682773117E-12	29.1600432897735	7.08935127015714E-13	1.58735850452274E-11	134.045861227123	1E10	1E-30	1E-10	1E10	1E-30	1E-10	1E10	1E-30	1E-10	1E10	1E-30	1E-10	1E10	1E-30	1E-10	1E10	1E-30	1E-10	1E10	1E-30	1E-10	1E10	1E-30	1E-10	1E10	1E-30	1E-10	1E10	1E-30	1E-10	1E10	1E-30	1E-10	1E10	1E-30	1E-10
28	4E-13	1E10	1E11	1E-30	1.81281235533501E-10	1E10	1E-30	1E10	0.901329492665499	9.83943509925539E-13	2.44772852815912E-11	85.7906716519615	2.68022956589803E-12	5.11233682773117E-12	29.1600432897735	7.08935127015714E-13	1.58735850452274E-11	134.045861227123	1E10	1E-30	1E-10	1E10	1E-30	1E-10	1E10	1E-30	1E-10	1E10	1E-30	1E-10	1E10	1E-30	1E-10	1E10	1E-30	1E-10	1E10	1E-30	1E-10	1E10	1E-30	1E-10	1E10	1E-30	1E-10	1E10	1E-30	1E-10	1E10	1E-30	1E-10	1E10	1E-30	1E-10
29	5E-13	1E10	1E10	1E-30	1.55466438989209E-10	1E10	1E-30	1E10	0.740202141054869	1E-30	2.55850533467675E-12	3.93851284642872E-02	7.94275951390945E-13	3.52548954536088E-11	129.092809757833	3.27498662047507E-13	3.79961850897547E-11	214.927806882274	1E10	1E-30	1E-10	1E10	1E-30	1E-10	1E10	1E-30	1E-10	1E10	1E-30	1E-10	1E10	1E-30	1E-10	1E10	1E-30	1E-10	1E10	1E-30	1E-10	1E10	1E-30	1E-10	1E10	1E-30	1E-10	1E10	1E-30	1E-10	1E10	1E-30	1E-10	1E10	1E-30	1E-10
30	5E-13	1E10	1E10	1E-30	1.55466438989209E-10	1E10	1E-30	1E10	0.740202141054869	1E-30	2.55850533467675E-12	3.93851284642872E-02	7.94275951390945E-13	3.52548954536088E-11	129.092809757833	3.27498662047507E-13	3.79961850897547E-11	214.927806882274	1E10	1E-30	1E-10	1E10	1E-30	1E-10	1E10	1E-30	1E-10	1E10	1E-30	1E-10	1E10	1E-30	1E-10	1E10	1E-30	1E-10	1E10	1E-30	1E-10	1E10	1E-30	1E-10	1E10	1E-30	1E-10	1E10	1E-30	1E-10	1E10	1E-30	1E-10	1E10	1E-30	1E-10
31	5E-13	1E10	1E10	1E-30	1.55466438989209E-10	1E10	1E-30	1E10	0.740202141054869	1E-30	2.55850533467675E-12	3.93851284642872E-02	7.94275951390945E-13	3.52548954536088E-11	129.092809757833	3.27498662047507E-13	3.79961850897547E-11	214.927806882274	1E10	1E-30	1E-10	1E10	1E-30	1E-10	1E10	1E-30	1E-10	1E10	1E-30	1E-10	1E10	1E-30	1E-10	1E10	1E-30	1E-10	1E10	1E-30	1E-10	1E10	1E-30	1E-10	1E10	1E-30	1E-10	1E10	1E-30	1E-10	1E10	1E-30	1E-10	1E10	1E-30	1E-10
32	5E-13	1E10	1E10	1E-30	1.55466438989209E-10	1E10	1E-30	1E10	0.740202141054869	1E-30	2.55850533467675E-12	3.93851284642872E-02	7.94275951390945E-13	3.52548954536088E-11	129.092809757833	3.27498662047507E-13	3.79961850897547E-11	214.927806882274	1E10	1E-30	1E-10	1E10	1E-30	1E-10	1E10	1E-30	1E-10	1E10	1E-30	1E-10	1E10	1E-30	1E-10	1E10	1E-30	1E-10	1E10	1E-30	1E-10	1E10	1E-30	1E-10	1E10	1E-30	1E-10	1E10	1E-30	1E-10	1E10	1E-30	1E-10	1E10	1E-30	1E-10
33	5E-13	1E10	1E11	1E-30	1.55466438989209E-10	1E10	1E-30	1E10	0.740202141054869	1E-30	2.55850533467675E-12	3.93851284642872E-02	7.94275951390945E-13	3.52548954536088E-11	129.092809757833	3.27498662047507E-13	3.79961850897547E-11	214.927806882274	1E10	1E-30	1E-10	1E10	1E-30	1E-10	1E10	1E-30	1E-10	1E10	1E-30	1E-10	1E10	1E-30	1E-10	1E10	1E-30	1E-10	1E10	1E-30	1E-10	1E10	1E-30	1E-10	1E10	1E-30	1E-10	1E10	1E-30	1E-10	1E10	1E-30	1E-10	1E10	1E-30	1E-10
34	5E-13	1E10	1E11	1E-30	1.55466438989209E-10	1E10	1E-30	1E10	0.740202141054869	1E-30	2.55850533467675E-12	3.93851284642872E-02	7.94275951390945E-13	3.52548954536088E-11	129.092809757833	3.27498662047507E-13	3.79961850897547E-11	214.927806882274	1E10	1E-30	1E-10	1E10	1E-30	1E-10	1E10	1E-30	1E-10	1E10	1E-30	1E-10	1E10	1E-30	1E-10	1E10	1E-30	1E-10	1E10	1E-30	1E-10	1E10	1E-30	1E-10	1E10	1E-30	1E-10	1E10	1E-30	1E-10	1E10	1E-30	1E-10	1E10	1E-30	1E-10
35	5E-13	1E10	1E11	1E-30	1.55466438989209E-10	1E10	1E-30	1E10	0.740202141054869	1E-30	2.55850533467675E-12	3.93851284642872E-02	7.94275951390945E-13	3.52548954536088E-11	129.092809757833	3.27498662047507E-13	3.79961850897547E-11	214.927806882274	1E10	1E-30	1E-10	1E10	1E-30	1E-10	1E10	1E-30	1E-10	1E10	1E-30	1E-10	1E10	1E-30	1E-10	1E10	1E-30	1E-10	1E10	1E-30	1E-10	1E10	1E-30	1E-10	1E10	1E-30	1E-10	1E10	1E-30	1E-10	1E10	1E-30	1E-10	1E10	1E-30	1E-10
36	5E-13	1E10	1E11	1E-30	1.55466438989209E-10	1E10	1E-30	1E10	0.740202141054869	1E-30	2.55850533467675E-12	3.93851284642872E-02	7.94275951390945E-13	3.52548954536088E-11	129.092809757833	3.27498662047507E-13	3.79961850897547E-11	214.927806882274	1E10	1E-30	1E-10	1E10	1E-30	1E-10	1E10	1E-30	1E-10	1E10	1E-30	1E-10	1E10	1E-30	1E-10	1E10	1E-30	1E-10	1E10	1E-30	1E-10	1E10	1E-30	1E-10	1E10	1E-30	1E-10	1E10	1E-30	1E-10	1E10	1E-30	1E-10	1E10	1E-30	1E-10
37	6E-13	1E10	1E10	1E-30	2.28611808153842E-10	1E10	1E-30	1E10	0.691775052914665	1E-30	1.15711218714072E-12	0.115417407196618	5.71556338457448E-12	6.22723870727508E-12	18.2479691920733	1.18580743432074E-11	2.33238266605109E-12	3.82307266566519	5.59478693040441E-12	3.07230233674349E-12	16.3765115331826	1E10	1E-30	1E-10	1E10	1E-30	1E-10	1E10	1E-30	1E-10	1E10	1E-30	1E-10	1E10	1E-30	1E-10	1E10	1E-30	1E-10	1E10	1E-30	1E-10	1E10	1E-30	1E-10	1E10	1E-30	1E-10	1E10	1E-30	1E-10	1E10	1E-30	1E-10
38	6E-13	1E10	1E10	1E-30	2.28611808153842E-10	1E10	1E-30	1E10	0.691775052914665	1E-30	1.15711218714072E-12	0.115417407196618	5.71556338457448E-12	6.22723870727508E-12	18.2479691920733	1.18580743432074E-11	2.33238266605109E-12	3.82307266566519	5.59478693040441E-12	3.07230233674349E-12	16.3765115331826	1E10	1E-30	1E-10	1E10	1E-30	1E-10	1E10	1E-30	1E-10	1E10	1E-30	1E-10	1E10	1E-30	1E-10	1E10	1E-30	1E-10	1E10	1E-30	1E-10	1E10	1E-30	1E-10	1E10	1E-30	1E-10	1E10	1E-30	1E-10	1E10	1E-30	1E-10
39	6E-13	1E10	1E10	1E-30	2.28611808153842E-10	1E10	1E-30	1E10	0.691775052914665	1E-30	1.15711218714072E-12	0.115417407196618	5.71556338457448E-12	6.22723870727508E-12	18.2479691920733	1.18580743432074E-11	2.33238266605109E-12	3.82307266566519	5.59478693040441E-12	3.07230233674349E-12	16.3765115331826	1E10	1E-30	1E-10	1E10	1E-30	1E-10	1E10	1E-30	1E-10	1E10	1E-30	1E-10	1E10	1E-30	1E-10	1E10	1E-30	1E-10	1E10	1E-30	1E-10	1E10	1E-30	1E-10	1E10	1E-30	1E-10	1E10	1E-30	1E-10	1E10	1E-30	1E-10
40	6E-13	1E10	1E10	1E-30	2.28611808153842E-10	1E10	1E-30	1E10	0.691775052914665	1E-30	1.15711218714072E-12	0.115417407196618	5.71556338457448E-12	6.22723870727508E-12	18.2479691920733	1.18580743432074E-11	2.33238266605109E-12	3.82307266566519	5.59478693040441E-12	3.07230233674349E-12	16.3765115331826	1E10	1E-30	1E-10	1E10	1E-30	1E-10	1E10	1E-30	1E-10	1E10	1E-30	1E-10	1E10	1E-30	1E-10	1E10	1E-30	1E-10	1E10	1E-30	1E-10	1E10	1E-30	1E-10	1E10	1E-30	1E-10	1E10	1E-30	1E-10	1E10	1E-30	1E-10
41	6E-13	1E10	1E11	1E-30	2.28611808153842E-10	1E10	1E-30	1E10	0.691775052914665	1E-30	1.15711218714072E-12	0.115417407196618	5.71556338457448E-12	6.22723870727508E-12	18.2479691920733	1.18580743432074E-11	2.33238266605109E-12	3.82307266566519	5.59478693040441E-12	3.07230233674349E-12	16.3765115331826	1E10	1E-30	1E-10	1E10	1E-30	1E-10	1E10	1E-30	1E-10	1E10	1E-30	1E-10	1E10	1E-30	1E-10	1E10	1E-30	1E-10	1E10	1E-30	1E-10	1E10	1E-30	1E-10	1E10	1E-30	1E-10	1E10	1E-30	1E-10	1E10	1E-30	1E-10
42	6E-13	1E10	1E11	1E-30	2.28611808153842E-10	1E10	1E-30	1E10	0.691775052914665	1E-30	1.15711218714072E-12	0.115417407196618	5.71556338457448E-12	6.22723870727508E-12	18.2479691920733	1.18580743432074E-11	2.33238266605109E-12	3.82307266566519	5.59478693040441E-12	3.07230233674349E-12	16.3765115331826	1E10	1E-30	1E-10	1E10	1E-30	1E-10	1E10	1E-30	1E-10	1E10	1E-30	1E-10	1E10	1E-30	1E-10	1E10	1E-30	1E-10	1E10	1E-30	1E-10	1E10	1E-30	1E-10	1E10	1E-30	1E-10	1E10	1E-30	1E-10	1E10	1E-30	1E-10
43	6E-13	1E10	1E11	1E-30	2.28611808153842E-10	1E10	1E-30	1E10	0.691775052914665	1E-30	1.15711218714072E-12	0.115417407196618	5.71556338457448E-12	6.22723870727508E-12	18.2479691920733	1.18580743432074E-11	2.33238266605109E-12	3.82307266566519	5.59478693040441E-12	3.07230233674349E-12	16.3765115331826	1E10	1E-30	1E-10	1E10	1E-30	1E-10	1E10	1E-30	1E-10	1E10	1E-30	1E-10	1E10	1E-30	1E-10	1E10	1E-30	1E-10	1E10	1E-30	1E-10	1E10	1E-30	1E-10	1E10	1E-30	1E-10	1E10	1E-30	1E-10	1E10	1E-30	1E-10
44	6E-13	1E10	1E11	1E-30	2.28611808153842E-10	1E10	1E-30	1E10	0.691775052914665	1E-30	1.15711218714072E-12	0.115417407196618	5.71556338457448E-12	6.22723870727508E-12	18.2479691920733	1.18580743432074E-11	2.33238266605109E-12	3.82307266566519	5.59478693040441E-12	3.07230233674349E-12	16.3765115331826	1E10	1E-30	1E-10	1E10	1E-30	1E-10	1E10	1E-30	1E-10	1E10	1E-30	1E-10	1E10	1E-30	1E-10	1E10	1E-30	1E-10	1E10	1E-30	1E-10	1E10	1E-30	1E-10	1E10	1E-30	1E-10	1E10	1E-30	1E-10	1E10	1E-30	1E-10
45	7E-13	1E10	1E10	1E-30	2.0499322675177E-10	1E10	1E-30	1E10	0.613803115722281	1E-30	3.83117241872555E-12	1.04713362942429	1E-30	5.70868213670723E-12	0.107610782834928	2.75267406791187E-12	1.45954475083886E-11	38.3732561815319	3.36725398504955E-12	8.05978645169723E-12	18.4615436044843	9.75182741359582E-12	1.77478213798142E-12	15.3007320311701	1E10	1E-30	1E-10	1E10	1E-30	1E-10	1E10	1E-30	1E-10	1E10	1E-30	1E-10	1E10	1E-30	1E-10	1E10	1E-30	1E-10	1E10	1E-30	1E-10	1E10	1E-30	1E-10	1E10	1E-30	1E-10	1E10	1E-30	1E-10
46	7E-13	1E10	1E10	1E-30	2.0499322675177E-10	1E10	1E-30	1E10	0.613803115722281	1E-30	3.83117241872555E-12	1.04713362942429	1E-30	5.70868213670723E-12	0.107610782834928	2.75267406791187E-12	1.45954475083886E-11	38.3732561815319	3.36725398504955E-12	8.05978645169723E-12	18.4615436044843	9.75182741359582E-12	1.77478213798142E-12	15.3007320311701	1E10	1E-30	1E-10	1E10	1E-30	1E-10	1E10	1E-30	1E-10	1E10	1E-30	1E-10	1E10	1E-30	1E-10	1E10	1E-30	1E-10	1E10	1E-30	1E-10	1E10	1E-30	1E-10	1E10	1E-30	1E-10	1E10	1E-30	1E-10
47	7E-13	1E10	1E10	1E-30	2.0499322675177E-10	1E10	1E-30	1E10	0.613803115722281	1E-30	3.83117241872555E-12	1.04713362942429	1E-30	5.70868213670723E-12	0.107610782834928	2.75267406791187E-12	1.45954475083886E-11	38.3732561815319	3.36725398504955E-12	8.05978645169723E-12	18.4615436044843	9.75182741359582E-12	1.77478213798142E-12	15.3007320311701	1E10	1E-30	1E-10	1E10	1E-30	1E-10	1E10	1E-30	1E-10	1E10	1E-30	1E-10	1E10	1E-30	1E-10	1E10	1E-30	1E-10	1E10	1E-30	1E-10	1E10	1E-30	1E-10	1E10	1E-30	1E-10	1E10	1E-30	1E-10
48	7E-13	1E10	1E10	1E-30	2.0499322675177E-10	1E10	1E-30	1E10	0.613803115722281	1E-30	3.83117241872555E-12	1.04713362942429	1E-30	5.70868213670723E-12	0.107610782834928	2.75267406791187E-12	1.45954475083886E-11	38.3732561815319	3.36725398504955E-12	8.05978645169723E-12	18.4615436044843	9.75182741359582E-12	1.77478213798142E-12	15.3007320311701	1E10	1E-30	1E-10	1E10	1E-30	1E-10	1E10	1E-30	1E-10	1E10	1E-30	1E-10	1E10	1E-30	1E-10	1E10	1E-30	1E-10	1E10	1E-30	1E-10	1E10	1E-30	1E-10	1E10	1E-30	1E-10	1E10	1E-30	1E-10
49	7E-13	1E10	1E11	1E-30	2.0499322675177E-10	1E10	1E-30	1E10	0.613803115722281	1E-30	3.83117241872555E-12	1.04713362942429	1E-30	5.70868213670723E-12	0.107610782834928	2.75267406791187E-12	1.45954475083886E-11	38.3732561815319	3.36725398504955E-12	8.05978645169723E-12	18.4615436044843	9.75182741359582E-12	1.77478213798142E-12	15.3007320311701	1E10	1E-30	1E-10	1E10	1E-30	1E-10	1E10	1E-30	1E-10	1E10	1E-30	1E-10	1E10	1E-30	1E-10	1E10	1E-30	1E-10	1E10	1E-30	1E-10	1E10	1E-30	1E-10	1E10	1E-30	1E-10	1E10	1E-30	1E-10
50	7E-13	1E10	1E11	1E-30	2.0499322675177E-10	1E10	1E-30	1E10	0.613803115722281	1E-30	3.83117241872555E-12	1.04713362942429	1E-30	5.70868213670723E-12	0.107610782834928	2.75267406791187E-12	1.45954475083886E-11	38.3732561815319	3.36725398504955E-12	8.05978645169723E-12	18.4615436044843	9.75182741359582E-12	1.77478213798142E-12	15.3007320311701	1E10	1E-30	1E-10	1E10	1E-30	1E-10	1E10	1E-30	1E-10	1E10	1E-30	1E-10	1E10	1E-30	1E-10	1E10	1E-30	1E-10	1E10	1E-30	1E-10	1E10	1E-30	1E-10	1E10	1E-30	1E-10	1E10	1E-30	1E-10
51	7E-13	1E10	1E11	1E-30	2.0499322675177E-10	1E10	1E-30	1E10	0.613803115722281	1E-30	3.83117241872555E-12	1.04713362942429	1E-30	5.70868213670723E-12	0.107610782834928	2.75267406791187E-12	1.45954475083886E-11	38.3732561815319	3.36725398504955E-12	8.05978645169723E-12	18.4615436044843	9.75182741359582E-12	1.77478213798142E-12	15.3007320311701	1E10	1E-30	1E-10	1E10	1E-30	1E-10	1E10	1E-30	1E-10	1E10	1E-30	1E-10	1E10	1E-30	1E-10	1E10	1E-30	1E-10	1E10	1E-30	1E-10	1E10	1E-30	1E-10	1E10	1E-30	1E-10	1E10	1E-30	1E-10
52	7E-13	1E10	1E11	1E-30	2.0499322675177E-10	1E10	1E-30	1E10	0.613803115722281	1E-30	3.83117241872555E-12	1.04713362942429	1E-30	5.70868213670723E-12	0.107610782834928	2.75267406791187E-12	1.45954475083886E-11	38.3732561815319	3.36725398504955E-12	8.05978645169723E-12	18.4615436044843	9.75182741359582E-12	1.77478213798142E-12	15.3007320311701	1E10	1E-30	1E-10	1E10	1E-30	1E-10	1E10	1E-30	1E-10	1E10	1E-30	1E-10	1E10	1E-30	1E-10	1E10	1E-30	1E-10	1E10	1E-30	1E-10	1E10	1E-30	1E-10	1E10	1E-30	1E-10	1E10	1E-30	1E-10
53	8E-13	1E10	1E10	1E-30	2.15096233409138E-10	1E10	1E-30	1E10	0.531820799810655	1E-30	2.21734059024254E-11	0.188093320987785	1E-30	2.71209703753447E-13	0.071357544910611	1.12810973224542E-11	3.95269024308681E-12	9.3754223884743	9.11345560986514E-12	3.02377358733444E-12	7.5796454147544	4.00220799030331E-12	4.19727722098934E-12	23.908281428758	1E10	1E-30	1E-10	1E10	1E-30	1E-10	1E10	1E-30	1E-10	1E10	1E-30	1E-10	1E10	1E-30	1E-10	1E10	1E-30	1E-10	1E10	1E-30	1E-10	1E10	1E-30	1E-10	1E10	1E-30	1E-10	1E10	1E-30	1E-10
54	8E-13	1E10	1E10	1E-30	2.15096233409138E-10	1E10	1E-30	1E10	0.531820799810655	1E-30	2.21734059024254E-11	0.188093320987785	1E-30	2.71209703753447E-13	0.071357544910611	1.12810973224542E-11	3.95269024308681E-12	9.3754223884743	9.11345560986514E-12	3.02377358733444E-12	7.5796454147544	4.00220799030331E-12	4.19727722098934E-12	23.908281428758	1E10	1E-30	1E-10	1E10	1E-30	1E-10	1E10	1E-30	1E-10	1E10	1E-30	1E-10	1E10	1E-30	1E-10	1E10	1E-30	1E-10	1E10	1E-30	1E-10	1E10	1E-30	1E-10	1E10	1E-30	1E-10	1E10	1E-30	1E-10
55	8E-13	1E10	1E10	1E-30	2.15096233409138E-10	1E10	1E-30	1E10	0.531820799810655	1E-30	2.21734059024254E-11	0.188093320987785	1E-30	2.71209703753447E-13	0.071357544910611	1.12810973224542E-11	3.95269024308681E-12	9.3754223884743	9.11345560986514E-12	3.02377358733444E-12	7.5796454147544	4.00220799030331E-12	4.19727722098934E-12	23.908281428758	1E10	1E-30	1E-10	1E10	1E-30	1E-10	1E10	1E-30	1E-10	1E10	1E-30	1E-10	1E10	1E-30	1E-10	1E10	1E-30	1E-10	1E10	1E-30	1E-10	1E10	1E-30	1E-10	1E10	1E-30	1E-10	1E10	1E-30	1E-10
56	8E-13	1E10	1E10	1E-30	2.15096233409138E-10	1E10	1E-30	1E10	0.531820799810655	1E-30	2.21734059024254E-11	0.188093320987785	1E-30	2.71209703753447E-13	0.071357544910611	1.12810973224542E-11	3.95269024308681E-12	9.3754223884743	9.11345560986514E-12	3.02377358733444E-12	7.5796454147544	4.00220799030331E-12	4.19727722098934E-12	23.908281428758	1E10	1E-30	1E-10	1E10	1E-30	1E-10	1E10	1E-30	1E-10	1E10	1E-30	1E-10	1E10	1E-30	1E-10	1E10	1E-30	1E-10	1E10	1E-30	1E-10	1E10	1E-30	1E-10	1E10	1E-30	1E-10	1E10	1E-30	1E-10
57	8E-13	1E10	1E11	1E-30	2.15096233409138E-10	1E10	1E-30	1E10	0.531820799810655	1E-30	2.21734059024254E-11	0.188093320987785	1E-30	2.71209703753447E-13	0.071357544910611	1.12810973224542E-11	3.95269024308681E-12	9.3754223884743	9.11345560986514E-12	3.02377358733444E-12	7.5796454147544	4.00220799030331E-12	4.19727722098934E-12	23.908281428758	1E10	1E-30	1E-10	1E10	1E-30	1E-10	1E10	1E-30	1E-10	1E10	1E-30	1E-10	1E10	1E-30	1E-10	1E10	1E-30	1E-10	1E10	1E-30	1E-10	1E10	1E-30	1E-10	1E10	1E-30	1E-10	1E10	1E-30	1E-10
58	8E-13	1E10	1E11	1E-30	2.15096233409138E-10	1E10	1E-30	1E10	0.531820799810655	1E-30	2.21734059024254E-11	0.188093320987785	1E-30	2.71209703753447E-13	0.071357544910611	1.12810973224542E-11	3.95269024308681E-12	9.3754223884743	9.11345560986514E-12	3.02377358733444E-12	7.5796454147544	4.00220799030331E-12	4.19727722098934E-12	23.908281428758	1E10	1E-30	1E-10	1E10	1E-30	1E-10	1E10	1E-30	1E-10	1E10	1E-30	1E-10	1E10	1E-30	1E-10	1E10	1E-30	1E-10	1E10	1E-30	1E-10	1E10	1E-30	1E-10	1E10	1E-30	1E-10	1E10	1E-30	1E-10
59	8E-13	1E10	1E11	1E-30	2.15096233409138E-10	1E10	1E-30	1E10	0.531820799810655	1E-30	2.21734059024254E-11	0.188093320987785	1E-30	2.71209703753447E-13	0.071357544910611	1.12810973224542E-11	3.95269024308681E-12	9.3754223884743	9.11345560986514E-12	3.02377358733444E-12	7.5796454147544	4.00220799030331E-12	4.19727722098934E-12	23.908281428758	1E10	1E-30	1E-10	1E10	1E-30	1E-10	1E10	1E-30	1E-10	1E10	1E-30	1E-10	1E10	1E-30	1E-10	1E10	1E-30	1E-10	1E10	1E-30	1E-10	1E10	1E-30	1E-10	1E10	1E-30	1E-10	1E10	1E-30	1E-10
60	8E-13	1E10	1E11	1E-30	2.15096233409138E-10	1E10	1E-30	1E10	0.531820799810655	1E-30	2.21734059024254E-11	0.188093320987785	1E-30	2.71209703753447E-13	0.071357544910611	1.12810973224542E-11	3.95269024308681E-12	9.3754223884743	9.11345560986514E-12	3.02377358733444E-12	7.5796454147544	4.00220799030331E-12	4.19727722098934E-12	23.908281428758	1E10	1E-30	1E-10	1E10	1E-30	1E-10	1E10	1E-30	1E-10	1E10	1E-30	1E-10	1E10	1E-30	1E-10	1E10	1E-30	1E-10	1E10	1E-30	1E-10	1E10	1E-30	1E-10	1E10	1E-30	1E-10	1E10	1E-30	1E-10
61	9E-13	1E10	1E10	1E-30	1.96788782125502E-10	1E10	1E-30	1E10	0.508935338247877	1E-30	3.02917058416151E-12	1.07107385337588	1E-30	1.14708951919196E-11	0.142348735064364	3.41673899164326E-11	1.50972378036922E-12	2.37092840826953	9.19303404313227E-13	2.31544463143356E-11	70.4295795805343	1E10	1E-30	1E-10	1E10	1E-30	1E-10	1E10	1E-30	1E-10	1E10	1E-30	1E-10	1E10	1E-30	1E-10	1E10	1E-30	1E-10	1E10	1E-30	1E-10	1E10	1E-30	1E-10	1E10	1E-30	1E-10	1E10	1E-30	1E-10	1E10	1E-30	1E-10
62	9E-13	1E10	1E10	1E-30	1.96788782125502E-10	1E10	1E-30	1E10	0.508935338247877	1E-30	3.02917058416151E-12	1.07107385337588	1E-30	1.14708951919196E-11	0.142348735064364	3.41673899164326E-11	1.50972378036922E-12	2.37092840826953	9.19303404313227E-13	2.31544463143356E-11	70.4295795805343	1E10	1E-30	1E-10	1E10	1E-30	1E-10	1E10	1E-30	1E-10	1E10	1E-30	1E-10	1E10	1E-30	1E-10	1E10	1E-30	1E-10	1E10	1E-30	1E-10	1E10	1E-30	1E-10	1E10	1E-30	1E-10	1E10	1E-30	1E-10	1E10	1E-30	1E-10
63	9E-13	1E10	1E10	1E-30	1.96788782125502E-10	1E10	1E-30	1E10	0.508935338247877	1E-30	3.02917058416151E-12	1.07107385337588	1E-30	1.14708951919196E-11	0.142348735064364	3.41673899164326E-11	1.50972378036922E-12	2.37092840826953	9.19303404313227E-13	2.31544463143356E-11	70.4295795805343	1E10	1E-30	1E-10	1E10	1E-30	1E-10	1E10	1E-30	1E-10	1E10	1E-30	1E-10	1E10	1E-30	1E-10	1E10	1E-30	1E-10	1E10	1E-30	1E-10	1E10	1E-30	1E-10	1E10	1E-30	1E-10	1E10	1E-30	1E-10	1E10	1E-30	1E-10
64	9E-13	1E10	1E10	1E-30	1.96788782125502E-10	1E10	1E-30	1E10	0.508935338247877	1E-30	3.02917058416151E-12	1.07107385337588	1E-30	1.14708951919196E-11	0.142348735064364	3.41673899164326E-11	1.50972378036922E-12	2.37092840826953	9.19303404313227E-13	2.31544463143356E-11	70.4295795805343	1E10	1E-30	1E-10	1E10	1E-30	1E-10	1E10	1E-30	1E-10	1E10	1E-30	1E-10	1E10	1E-30	1E-10	1E10	1E-30	1E-10	1E10	1E-30	1E-10	1E10	1E-30	1E-10	1E10	1E-30	1E-10	1E10	1E-30	1E-10	1E10	1E-30	1E-10
65	9E-13	1E10	1E11	1E-30	1.96788782125502E-10	1E10	1E-30	1E10	0.508935338247877	1E-30	3.02917058416151E-12	1.07107385337588	1E-30	1.14708951919196E-11	0.142348735064364	3.41673899164326E-11	1.50972378036922E-12	2.37092840826953	9.19303404313227E-13	2.31544463143356E-11	70.4295795805343	1E10	1E-30	1E-10	1E10	1E-30	1E-10	1E10	1E-30	1E-10	1E10	1E-30	1E-10	1E10	1E-30	1E-10	1E10	1E-30	1E-10	1E10	1E-30	1E-10	1E10	1E-30	1E-10	1E10	1E-30	1E-10	1E10	1E-30	1E-10	1E10	1E-30	1E-10
66	9E-13	1E10	1E11	1E-30	1.96788782125502E-10	1E10	1E-30	1E10	0.508935338247877	1E-30	3.02917058416151E-12	1.07107385337588	1E-30	1.14708951919196E-11	0.142348735064364	3.41673899164326E-11	1.50972378036922E-12	2.37092840826953	9.19303404313227E-13	2.31544463143356E-11	70.4295795805343	1E10	1E-30	1E-10	1E10	1E-30	1E-10	1E10	1E-30	1E-10	1E10	1E-30	1E-10	1E10	1E-30	1E-10	1E10	1E-30	1E-10	1E10	1E-30	1E-10	1E10	1E-30	1E-10	1E10	1E-30	1E-10	1E10	1E-30	1E-10	1E10	1E-30	1E-10
67	9E-13	1E10	1E11	1E-30	1.96788782125502E-10	1E10	1E-30	1E10	0.508935338247877	1E-30	3.02917058416151E-12	1.07107385337588	1E-30	1.14708951919196E-11	0.142348735064364	3.41673899164326E-11	1.50972378036922E-12	2.37092840826953	9.19303404313227E-13	2.31544463143356E-11	70.4295795805343	1E10	1E-30	1E-10	1E10	1E-30	1E-10	1E10	1E-30	1E-10	1E10	1E-30	1E-10	1E10	1E-30	1E-10	1E10	1E-30	1E-10	1E10	1E-30	1E-10	1E10	1E-30	1E-10	1E10	1E-30	1E-10	1E10	1E-30	1E-10	1E10	1E-30	1E-10
68	9E-13	1E10	1E11	1E-30	1.96788782125502E-10	1E10	1E-30	1E10	0.508935338247877	1E-30	3.02917058416151E-12	1.07107385337588	1E-30	1.14708951919196E-11	0.142348735064364	3.41673899164326E-11	1.50972378036922E-12	2.37092840826953	9.19303404313227E-13	2.31544463143356E-11	70.4295795805343	1E10	1E-30	1E-10	1E10	1E-30	1E-10	1E10	1E-30	1E-10	1E10	1E-30	1E-10	1E10	1E-30	1E-10	1E10	1E-30	1E-10	1E10	1E-30	1E-10	1E10	1E-30	1E-10	1E10	1E-30	1E-10	1E10	1E-30	1E-10	1E10	1E-30	1E-10
69	1E-12	1E10	1E10	1E-30	1.96418200964238E-10	1E10	1E-30	1E10	0.500006434613411	1E-30	7.11626652239277E-12	2.11268319930073	1E-30	1.40741832671946E-11	0.198973936048636	1E-30	2.5444029780437E-11	7.19500899707783E-02	1.90688281182548E-12	2.55132022631151E-11	45.6158473819719	5.77917031210022E-12	4.77645251184009E-12	12.4186721266587	1.37311938738915E-12	1.20362548381525E-11	61.2533446476883	1E10	1E-30	1E-10	1E10	1E-30	1E-10	1E10	1E-30	1E-10	1E10	1E-30	1E-10	1E10	1E-30	1E-10	1E10	1E-30	1E-10	1E10	1E-30	1E-10	1E10	1E-30	1E-10	1E10	1E-30	1E-10
70	1E-12	1E10	1E10	1E-30	1.96418200964238E-10	1E10	1E-30	1E10	0.500006434613411	1E-30	7.11626652239277E-12	2.11268319930073	1E-30	1.40741832671946E-11	0.198973936048636	1E-30	2.5444029780437E-11	7.19500899707783E-02	1.90688281182548E-12	2.55132022631151E-11	45.6158473819719	5.77917031210022E-12	4.77645251184009E-12	12.4186721266587	1.37311938738915E-12	1.20362548381525E-11	61.2533446476883	1E10	1E-30	1E-10	1E10	1E-30	1E-10	1E10	1E-30	1E-10	1E10	1E-30	1E-10	1E10	1E-30	1E-10	1E10	1E-30	1E-10	1E10	1E-30	1E-10	1E10	1E-30	1E-10	1E10	1E-30	1E-10
71	1E-12	1E10	1E11	1E-30	1.96418200964238E-10	1E10	1E-30	1E10	0.500006434613411	1E-30	7.11626652239277E-12	2.11268319930073	1E-30	1.40741832671946E-11	0.198973936048636	1E-30	2.5444029780437E-11	7.19500899707783E-02	1.90688281182548E-12	2.55132022631151E-11	45.6158473819719	5.77917031210022E-12	4.77645251184009E-12	12.4186721266587	1.37311938738915E-12	1.20362548381525E-11	61.2533446476883	1E10	1E-30	1E-10	1E10	1E-30	1E-10	1E10	1E-30	1E-10	1E10	1E-30	1E-10	1E10	1E-30	1E-10	1E10	1E-30	1E-10	1E10	1E-30	1E-10	1E10	1E-30	1E-10	1E10	1E-30	1E-10
72	1E-12	1E10	1E11	1E-30	1.96418200964238E-10	1E10	1E-30	1E10	0.500006434613411	1E-30	7.11626652239277E-12	2.11268319930073	1E-30	1.40741832671946E-11	0.198973936048636	1E-30	2.5444029780437E-11	7.19500899707783E-02	1.90688281182548E-12	2.55132022631151E-11	45.6158473819719	5.77917031210022E-12	4.77645251184009E-12	12.4186721266587	1.37311938738915E-12	1.20362548381525E-11	61.2533446476883	1E10	1E-30	1E-10	1E10	1E-30	1E-10	1E10	1E-30	1E-10	1E10	1E-30	1E-10	1E10	1E-30	1E-10	1E10	1E-30	1E-10	1E10	1E-30	1E-10	1E10	1E-30	1E-10	1E10	1E-30	1E-10
73	1.1E-12	1E10	1E10	1E-30	1.95964240519789E-10	1E10	1E-30	1E10	0.338229166524784	1E-30	2.64250167533095E-11	15.3414884418362	1E-30	2.10996966227086E-11	0.417617163023697	2.57317883956358E-12	1.95260176266231E-11	33.7708011432353	3.28236104408462E-11	9.08326636260207E-13	1.99744910558286	1E10	1E-30	1E-10	1E10	1E-30	1E-10	1E10	1E-30	1E-10	1E10	1E-30	1E-10	1E10	1E-30	1E-10	1E10	1E-30	1E-10	1E10	1E-30	1E-10	1E10	1E-30	1E-10	1E10	1E-30	1E-10	1E10	1E-30	1E-10	1E10	1E-30	1E-10
74	1.1E-12	1E10	1E10	1E-30	1.95964240519789E-10	1E10	1E-30	1E10	0.338229166524784	1E-30	2.64250167533095E-11	15.3414884418362	1E-30	2.10996966227086E-11	0.417617163023697	2.57317883956358E-12	1.95260176266231E-11	33.7708011432353	3.28236104408462E-11	9.08326636260207E-13	1.99744910558286	1E10	1E-30	1E-10	1E10	1E-30	1E-10	1E10	1E-30	1E-10	1E10	1E-30	1E-10	1E10	1E-30	1E-10	1E10	1E-30	1E-10	1E10	1E-30	1E-10	1E10	1E-30	1E-10	1E10	1E-30	1E-10	1E10	1E-30	1E-10	1E10	1E-30	1E-10
75	1.1E-12	1E10	1E11	1E-30	1.95964240519789E-10	1E10	1E-30	1E10	0.338229166524784	1E-30	2.64250167533095E-11	15.3414884418362	1E-30	2.10996966227086E-11	0.417617163023697	2.57317883956358E-12	1.95260176266231E-11	33.7708011432353	3.28236104408462E-11	9.08326636260207E-13	1.99744910558286	1E10	1E-30	1E-10	1E10	1E-30	1E-10	1E10	1E-30	1E-10	1E10	1E-30	1E-10	1E10	1E-30	1E-10	1E10	1E-30	1E-10	1E10	1E-30	1E-10	1E10	1E-30	1E-10	1E10	1E-30	1E-10	1E10	1E-30	1E-10	1E10	1E-30	1E-10
76	1.1E-12	1E10	1E11	1E-30	1.95964240519789E-10	1E10	1E-30	1E10	0.338229166524784	1E-30	2.64250167533095E-11	15.3414884418362	1E-30	2.10996966227086E-11	0.417617163023697	2.57317883956358E-12	1.95260176266231E-11	33.7708011432353	3.28236104408462E-11	9.08326636260207E-13	1.99744910558286	1E10	1E-30	1E-10	1E10	1E-30	1E-10	1E10	1E-30	1E-10	1E10	1E-30	1E-10	1E10	1E-30	1E-10	1E10	1E-30	1E-10	1E10	1E-30	1E-10	1E10	1E-30	1E-10	1E10	1E-30	1E-10	1E10	1E-30	1E-10	1E10	1E-30	1E-10
77	1.2E-12	1E10	1E10	1E-30	1.95964240519789E-10	1E10	1E-30	1E10	0.338229166524784	1E-30	2.64250167533095E-11	15.3414884418362	1E-30	2.10996966227086E-11	0.417617163023697	2.57317883956358E-12	1.95260176266231E-11	33.7708011432353	3.28236104408462E-11	9.08326636260207E-13	1.99744910558286	1E10	1E-30	1E-10	1E10	1E-30	1E-10	1E10	1E-30	1E-10	1E10	1E-30	1E-10	1E10	1E-30	1E-10	1E10	1E-30	1E-10	1E10	1E-30	1E-10	1E10	1E-30	1E-10	1E10	1E-30	1E-10	1E10	1E-30	1E-10	1E10	1E-30	1E-10
78	1.2E-12	1E10	1E10	1E-30	1.95964240519789E-10	1E10	1E-30	1E10	0.338229166524784	1E-30	2.64250167533095E-11	15.3414884418362	1E-30	2.10996966227086E-11	0.417617163023697	2.57317883956358E-12	1.95260176266231E-11	33.7708011432353	3.28236104408462E-11	9.08326636260207E-13	1.99744910558286	1E10	1E-30	1E-10	1E10	1E-30	1E-10	1E10	1E-30	1E-10	1E10	1E-30	1E-10	1E10	1E-30	1E-10	1E10	1E-30	1E-10	1E10	1E-30	1E-10	1E10	1E-30	1E-10	1E10	1E-30	1E-10	1E10	1E-30	1E-10	1E10	1E-30	1E-10
79	1.2E-12	1E10	1E11	1E-30	1.95964240519789E-10	1E10	1E-30	1E10	0.338229166524784	1E-30	2.64250167533095E-11	15.3414884418362	1E-30	2.10996966227086E-11	0.417617163023697	2.57317883956358E-12	1.95260176266231E-11	33.7708011432353	3.28236104408462E-11	9.08326636260207E-13	1.99744910558286	1E10	1E-30	1E-10	1E10	1E-30	1E-10	1E10	1E-30	1E-10	1E10	1E-30	1E-10	1E10	1E-30	1E-10	1E10	1E-30	1E-10	1E10	1E-30	1E-10	1E10	1E-30	1E-10	1E10	1E-30	1E-10	1E10	1E-30	1E-10	1E10	1E-30	1E-10
80	1.2E-12	1E10	1E11	1E-30	1.95964240519789E-10	1E10	1E-30	1E10	0.338229166524784	1E-30	2.64250167533095E-11	15.3414884418362	1E-30	2.10996966227086E-11	0.417617163023697	2.57317883956358E-12	1.95260176266231E-11	33.7708011432353	3.28236104408462E-11	9.08326636260207E-13	1.99744910558286	1E10	1E-30	1E-10	1E10	1E-30	1E-10	1E10	1E-30	1E-10	1E10	1E-30	1E-10	1E10	1E-30	1E-10	1E10	1E-30	1E-10	1E10	1E-30	1E-10	1E10	1E-30	1E-10	1E10	1E-30	1E-10	1E10	1E-30	1E-10	1E10	1E-30	1E-10
81	1.3E-12	1E10	1E10	1E-30	2.01892593185757E-10	1E10	1E-30	1E10	0.334854934360924	1E-30	4.74796693518645E-12	1.52749349979659	1E-30	1.84230865891405E-11	0.409191082035413	9.26281985907617E-12	7.44718116777198E-12	10.665255447568	7.22114205051153E-12	4.5328210351339E-12	6.84319078665983	1.53685857870276E-12	1.29747721069572E-11	36.0122139309045	1E10	1E-30	1E-10	1E10	1E-30	1E-10	1E10	1E-30	1E-10	1E10	1E-30	1E-10	1E10	1E-30	1E-10	1E10	1E-30	1E-10	1E10	1E-30	1E-10	1E10	1E-30	1E-10	1E10	1E-30	1E-10	1E10	1E-30	1E-10
82	1.3E-12	1E10	1E10	1E-30	2.01892593185757E-10	1E10	1E-30	1E10	0.334854934360924	1E-30	4.74796693518645E-12	1.52749349979659	1E-30	1.84230865891405E-11	0.409191082035413	9.26281985907617E-12	7.44718116777198E-12	10.665255447568	7.22114205051153E-12	4.5328210351339E-12	6.84319078665983	1.53685857870276E-12	1.29747721069572E-11	36.0122139309045	1E10	1E-30	1E-10	1E10	1E-30	1E-10	1E10	1E-30	1E-10	1E10	1E-30	1E-10	1E10	1E-30	1E-10	1E10	1E-30	1E-10	1E10	1E-30	1E-10	1E10	1E-30	1E-10	1E10	1E-30	1E-10	1E10	1E-30	1E-10
83	1.3E-12	1E10	1E11	1E-30	2.01892593185757E-10	1E10	1E-30	1E10	0.334854934360924	1E-30	4.74796693518645E-12	1.52749349979659	1E-30	1.84230865891405E-11	0.409191082035413	9.26281985907617E-12	7.44718116777198E-12	10.665255447568	7.22114205051153E-12	4.5328210351339E-12	6.84319078665983	1.53685857870276E-12	1.29747721069572E-11	36.0122139309045	1E10	1E-30	1E-10	1E10	1E-30	1E-10	1E10	1E-30	1E-10	1E10	1E-30	1E-10	1E10	1E-30	1E-10	1E10	1E-30	1E-10	1E10	1E-30	1E-10	1E10	1E-30	1E-10	1E10	1E-30	1E-10	1E10	1E-30	1E-10
84	1.3E-12	1E10	1E11	1E-30	2.01892593185757E-10	1E10	1E-30	1E10	0.334854934360924	1E-30	4.74796693518645E-12	1.52749349979659	1E-30	1.84230865891405E-11	0.409191082035413	9.26281985907617E-12	7.44718116777198E-12	10.665255447568	7.22114205051153E-12	4.5328210351339E-12	6.84319078665983	1.53685857870276E-12	1.29747721069572E-11	36.0122139309045	1E10	1E-30	1E-10	1E10	1E-30	1E-10	1E10	1E-30	1E-10	1E10	1E-30	1E-10	1E10	1E-30	1E-10	1E10	1E-30	1E-10	1E10	1E-30	1E-10	1E10	1E-30	1E-10	1E10	1E-30	1E-10	1E10	1E-30	1E-10
85	1.5E-12	1E10	1E10	1E-30	1.94591123807215E-10	1E10	1E-30	1E10	0.290158083327525	1E-30	6.84820556926328E-12	0.972873435557825	1E-30	2.62050731328962E-11	0.600977337990241	1.54406021443092E-11	3.8841765885186E-12	5.09689915680991	4.07088967295347E-12	9.46419572291156E-12	15.1623396252359	1.06896466252178E-12	1.92293907588031E-11	53.1276142486867	1E10	1E-30	1E-10	1E10	1E-30	1E-10	1E10	1E-30	1E-10	1E10	1E-30	1E-10	1E10	1E-30	1E-10	1E10	1E-30	1E-10	1E10	1E-30	1E-10	1E10	1E-30	1E-10	1E10	1E-30	1E-10	1E10	1E-30	1E-10
86	1.5E-12	1E10	1E10	1E-30	1.94591123807215E-10	1E10	1E-30	1E10	0.290158083327525	1E-30	6.84820556926328E-12	0.972873435557825	1E-30	2.62050731328962E-11	0.600977337990241	1.54406021443092E-11	3.8841765885186E-12	5.09689915680991	4.07088967295347E-12	9.46419572291156E-12	15.1623396252359	1.06896466252178E-12	1.92293907588031E-11	53.1276142486867	1E10	1E-30	1E-10	1E10	1E-30	1E-10	1E10	1E-30	1E-10	1E10	1E-30	1E-10	1E10	1E-30	1E-10	1E10	1E-30	1E-10	1E10	1E-30	1E-10	1E10	1E-30	1E-10	1E10	1E-30	1E-10	1E10	1E-30	1E-10
87	1.5E-12	1E10	1E11	1E-30	1.94591123807215E-10	1E10	1E-30	1E10	0.290158083327525	1E-30	6.84820556926328E-12	0.972873435557825	1E-30	2.62050731328962E-11	0.600977337990241	1.54406021443092E-11	3.8841765885186E-12	5.09689915680991	4.07088967295347E-12	9.46419572291156E-12	15.1623396252359	1.06896466252178E-12	1.92293907588031E-11	53.1276142486867	1E10	1E-30	1E-10	1E10	1E-30	1E-10	1E10	1E-30	1E-10	1E10	1E-30	1E-10	1E10	1E-30	1E-10	1E10	1E-30	1E-10	1E10	1E-30	1E-10	1E10	1E-30	1E-10	1E10	1E-30	1E-10	1E10	1E-30	1E-10
88	1.5E-12	1E10	1E11	1E-30	1.94591123807215E-10	1E10	1E-30	1E10	0.290158083327525	1E-30	6.84820556926328E-12	0.972873435557825	1E-30	2.62050731328962E-11	0.600977337990241	1.54406021443092E-11	3.8841765885186E-12	5.09689915680991	4.07088967295347E-12	9.46419572291156E-12	15.1623396252359	1.06896466252178E-12	1.92293907588031E-11	53.1276142486867	1E10	1E-30	1E-10	1E10	1E-30	1E-10	1E10	1E-30	1E-10	1E10	1E-30	1E-10	1E10	1E-30	1E-10	1E10	1E-30	1E-10	1E10	1E-30	1E-10	1E10	1E-30	1E-10	1E10	1E-30	1E-10	1E10	1E-30	1E-10
89	1.6E-12	1E10	1E10	1E-30	1.94591123807215E-10	1E10	1E-30	1E10	0.290158083327525	1E-30	6.84820556926328E-12	0.972873435557825	1E-30	2.62050731328962E-11	0.600977337990241	1.54406021443092E-11	3.8841765885186E-12	5.09689915680991	4.07088967295347E-12	9.46419572291156E-12	15.1623396252359	1.06896466252178E-12	1.92293907588031E-11	53.1276142486867	1E10	1E-30	1E-10	1E10	1E-30	1E-10	1E10	1E-30	1E-10	1E10	1E-30	1E-10	1E10	1E-30	1E-10	1E10	1E-30	1E-10	1E10	1E-30	1E-10	1E10	1E-30	1E-10	1E10	1E-30	1E-10	1E10	1E-30	1E-10
90	1.6E-12	1E10	1E10	1E-30	1.94591123807215E-10	1E10	1E-30	1E10	0.290158083327525	1E-30	6.84820556926328E-12	0.972873435557825	1E-30	2.62050731328962E-11	0.600977337990241	1.54406021443092E-11	3.8841765885186E-12	5.09689915680991	4.07088967295347E-12	9.46419572291156E-12	15.1623396252359	1.06896466252178E-12	1.92293907588031E-11	53.1276142486867	1E10	1E-30	1E-10	1E10	1E-30	1E-10	1E10	1E-30	1E-10	1E10	1E-30	1E-10	1E10	1E-30	1E-10	1E10	1E-30	1E-10	1E10	1E-30	1E-10	1E10	1E-30	1E-10	1E10	1E-30	1E-10	1E10	1E-30	1E-10
91	1.6E-12	1E10	1E11	1E-30	1.94591123807215E-10	1E10	1E-30	1E10	0.290158083327525	1E-30	6.84820556926328E-12	0.972873435557825	1E-30	2.62050731328962E-11	0.600977337990241	1.54406021443092E-11	3.8841765885186E-12	5.09689915680991	4.07088967295347E-12	9.46419572291156E-12	15.1623396252359	1.06896466252178E-12	1.92293907588031E-11	53.1276142486867	1E10	1E-30	1E-10	1E10	1E-30	1E-10	1E10	1E-30	1E-10	1E10	1E-30	1E-10	1E10	1E-30	1E-10	1E10	1E-30	1E-10	1E10	1E-30	1E-10	1E10	1E-30	1E-10	1E10	1E-30	1E-10	1E10	1E-30	1E-10
92	1.6E-12	1E10	1E11	1E-30	1.94591123807215E-10	1E10	1E-30	1E10	0.290158083327525	1E-30	6.84820556926328E-12	0.972873435557825	1E-30	2.62050731328962E-11	0.600977337990241	1.54406021443092E-11	3.8841765885186E-12	5.09689915680991	4.07088967295347E-12	9.46419572291156E-12	15.1623396252359	1.06896466252178E-12	1.92293907588031E-11	53.1276142486867	1E10	1E-30	1E-10	1E10	1E-30	1E-10	1E10	1E-30	1E-10	1E10	1E-30	1E-10	1E10	1E-30	1E-10	1E10	1E-30	1E-10	1E10	1E-30	1E-10	1E10	1E-30	1E-10	1E10	1E-30	1E-10	1E10	1E-30	1E-10
93	1.8E-12	1E10	1E10	1E-30	2.11595212418243E-10	1E10	1E-30	1E10	0.282764799611268	1E-30	2.49312767462593E-11	0.900725005130574	2.05270585020637E-11	3.12780350735007E-12	3.49236656042067	5.6645023833132E-12	7.09986578665189E-12	11.8612044919865	1.69522803894726E-12	1.25065934854585E-11	37.6376637836131	1E10	1E-30	1E-10	1E10	1E-30	1E-10	1E10	1E-30	1E-10	1E10	1E-30	1E-10	1E10	1E-30	1E-10	1E10	1E-30	1E-10	1E10	1E-30	1E-10	1E10	1E-30	1E-10	1E10	1E-30	1E-10	1E10	1E-30	1E-10	1E10	1E-30	1E-10
94	1.8E-12	1E10	1E10	1E-30	2.11595212418243E-10	1E10	1E-30	1E10	0.282764799611268	1E-30	2.49312767462593E-11	0.900725005130574	2.05270585020637E-11	3.12780350735007E-12	3.49236656042067	5.6645023833132E-12	7.09986578665189E-12	11.8612044919865	1.69522803894726E-12	1.25065934854585E-11	37.6376637836131	1E10	1E-30	1E-10	1E10	1E-30	1E-10	1E10	1E-30	1E-10	1E10	1E-30	1E-10	1E10	1E-30	1E-10	1E10	1E-30	1E-10	1E10	1E-30	1E-10	1E10	1E-30	1E-10	1E10	1E-30	1E-10	1E10	1E-30	1E-10	1E10	1E-30	1E-10
95	1.8E-12	1E10	1E11	1E-30	2.11595212418243E-10	1E10	1E-30	1E10	0.282764799611268	1E-30	2.49312767462593E-11	0.900725005130574	2.05270585020637E-11	3.12780350735007E-12	3.49236656042067	5.6645023833132E-12	7.09986578665189E-12	11.8612044919865	1.69522803894726E-12	1.25065934854585E-11	37.6376637836131	1E10	1E-30	1E-10	1E10	1E-30	1E-10	1E10	1E-30	1E-10	1E10	1E-30	1E-10	1E10	1E-30	1E-10	1E10	1E-30	1E-10	1E10	1E-30	1E-10	1E10	1E-30	1E-10	1E10	1E-30	1E-10	1E10	1E-30	1E-10	1E10	1E-30	1E-10
96	1.8E-12	1E10	1E11	1E-30	2.11595212418243E-10	1E10	1E-30	1E10	0.282764799611268	1E-30	2.49312767462593E-11	0.900725005130574	2.05270585020637E-11	3.12780350735007E-12	3.49236656042067	5.6645023833132E-12	7.09986578665189E-12	11.8612044919865	1.69522803894726E-12	1.25065934854585E-11	37.6376637836131	1E10	1E-30	1E-10	1E10	1E-30	1E-10	1E10	1E-30	1E-10	1E10	1E-30	1E-10	1E10	1E-30	1E-10	1E10	1E-30	1E-10	1E10	1E-30	1E-10	1E10	1E-30	1E-10	1E10	1E-30	1E-10	1E10	1E-30	1E-10	1E10	1E-30	1E-10
97	2E-12	1E10	1E10	1E-30	2.01353178194474E-10	1E10	1E-30	1E10	0.271672574640751	1E-30	2.98608484386116E-11	0.728900102102432	1.92000405744365E-10	7.09923171957324E-13	0.24928990883874	5.29956322656792E-11	1.34038437911295E-12	1.67384114367765	1.80795596964447E-12	1.97853667830706E-11	36.4537603379721	5.63568207299234E-12	4.38531465765245E-12	11.3900901173092	2.16392260381119E-12	9.38745289269381E-12	24.6015128421273	1.09067419255733E-12	1.26201263605054E-11	42.7243770412125	1E10	1E-30	1E-10	1E10	1E-30	1E-10	1E10	1E-30	1E-10	1E10	1E-30	1E-10	1E10	1E-30	1E-10	1E10	1E-30	1E-10	1E10	1E-30	1E-10	1E10	1E-30	1E-10
98	2E-12	1E10	1E10	1E-30	2.01353178194474E-10	1E10	1E-30	1E10	0.271672574640751	1E-30	2.98608484386116E-11	0.728900102102432	1.92000405744365E-10	7.09923171957324E-13	0.24928990883874	5.29956322656792E-11	1.34038437911295E-12	1.67384114367765	1.80795596964447E-12	1.97853667830706E-11	36.4537603379721	5.63568207299234E-12	4.38531465765245E-12	11.3900901173092	2.16392260381119E-12	9.38745289269381E-12	24.6015128421273	1.09067419255733E-12	1.26201263605054E-11	42.7243770412125	1E10	1E-30	1E-10	1E10	1E-30	1E-10	1E10	1E-30	1E-10	1E10	1E-30	1E-10	1E10	1E-30	1E-10	1E10	1E-30	1E-10	1E10	1E-30	1E-10	1E10	1E-30	1E-10
99	2E-12	1E10	1E11	1E-30	2.01353178194474E-10	1E10	1E-30	1E10	0.271672574640751	1E-30	2.98608484386116E-11	0.728900102102432	1.92000405744365E-10	7.09923171957324E-13	0.24928990883874	5.29956322656792E-11	1.34038437911295E-12	1.67384114367765	1.80795596964447E-12	1.97853667830706E-11	36.4537603379721	5.63568207299234E-12	4.38531465765245E-12	11.3900901173092	2.16392260381119E-12	9.38745289269381E-12	24.6015128421273	1.09067419255733E-12	1.26201263605054E-11	42.7243770412125	1E10	1E-30	1E-10	1E10	1E-30	1E-10	1E10	1E-30	1E-10	1E10	1E-30	1E-10	1E10	1E-30	1E-10	1E10	1E-30	1E-10	1E10	1E-30	1E-10	1E10	1E-30	1E-10
100	2E-12	1E10	1E11	1E-30	2.01353178194474E-10	1E10	1E-30	1E10	0.271672574640751	1E-30	2.98608484386116E-11	0.728900102102432	1.92000405744365E-10	7.09923171957324E-13	0.24928990883874	5.29956322656792E-11	1.34038437911295E-12	1.67384114367765	1.80795596964447E-12	1.97853667830706E-11	36.4537603379721	5.63568207299234E-12	4.38531465765245E-12	11.3900901173092	2.16392260381119E-12	9.38745289269381E-12	24.6015128421273	1.09067419255733E-12	1.26201263605054E-11	42.7243770412125	1E10	1E-30	1E-10	1E10	1E-30	1E-10	1E10	1E-30	1E-10	1E10	1E-30	1E-10	1E10	1E-30	1E-10	1E10	1E-30	1E-10	1E10	1E-30	1E-10	1E10	1E-30	1E-10
101	2.2E-12	1E10	1E10	1E-30	1.91214241341735E-10	1E10	1E-30	1E10	0.266995594076945	1E-30	2.21651621627435E-11	7.91425276515253	1E-30	2.63950821109839E-11	0.586255302940037	3.32796699866395E-11	2.28391419032951E-12	2.59658522411431	4.12640312177711E-12	1.11375197258725E-11	17.3458259539011	3.1585013466307E-12	6.64004227856443E-12	14.7615575844153	1.28092315377408E-12	1.01454755417621E-11	38.2365916331263	1E10	1E-30	1E-10	1E10	1E-30	1E-10	1E10	1E-30	1E-10	1E10	1E-30	1E-10	1E10	1E-30	1E-10	1E10	1E-30	1E-10	1E10	1E-30	1E-10	1E10	1E-30	1E-10	1E10	1E-30	1E-10
102	2.2E-12	1E10	1E10	1E-30	1.91214241341735E-10	1E10	1E-30	1E10	0.266995594076945	1E-30	2.21651621627435E-11	7.91425276515253	1E-30	2.63950821109839E-11	0.586255302940037	3.32796699866395E-11	2.28391419032951E-12	2.59658522411431	4.12640312177711E-12	1.11375197258725E-11	17.3458259539011	3.1585013466307E-12	6.64004227856443E-12	14.7615575844153	1.28092315377408E-12	1.01454755417621E-11	38.2365916331263	1E10	1E-30	1E-10	1E10	1E-30	1E-10	1E10	1E-30	1E-10	1E10	1E-30	1E-10	1E10	1E-30	1E-10	1E10	1E-30	1E-10	1E10	1E-30	1E-10	1E10	1E-30	1E-10	1E10	1E-30	1E-10
103	2.2E-12	1E10	1E11	1E-30	1.91214241341735E-10	1E10	1E-30	1E10	0.266995594076945	1E-30	2.21651621627435E-11	7.91425276515253	1E-30	2.63950821109839E-11	0.586255302940037	3.32796699866395E-11	2.28391419032951E-12	2.59658522411431	4.12640312177711E-12	1.11375197258725E-11	17.3458259539011	3.1585013466307E-12	6.64004227856443E-12	14.7615575844153	1.28092315377408E-12	1.01454755417621E-11	38.2365916331263	1E10	1E-30	1E-10	1E10	1E-30	1E-10	1E10	1E-30	1E-10	1E10	1E-30	1E-10	1E10	1E-30	1E-10	1E10	1E-30	1E-10	1E10	1E-30	1E-10	1E10	1E-30	1E-10	1E10	1E-30	1E-10
104	2.2E-12	1E10	1E11	1E-30	1.91214241341735E-10	1E10	1E-30	1E10	0.266995594076945	1E-30	2.21651621627435E-11	7.91425276515253	1E-30	2.63950821109839E-11	0.586255302940037	3.32796699866395E-11	2.28391419032951E-12	2.59658522411431	4.12640312177711E-12	1.11375197258725E-11	17.3458259539011	3.1585013466307E-12	6.64004227856443E-12	14.7615575844153	1.28092315377408E-12	1.01454755417621E-11	38.2365916331263	1E10	1E-30	1E-10	1E10	1E-30	1E-10	1E10	1E-30	1E-10	1E10	1E-30	1E-10	1E10	1E-30	1E-10	1E10	1E-30	1E-10	1E10	1E-30	1E-10	1E10	1E-30	1E-10	1E10	1E-30	1E-10
105	2.4E-12	1E10	1E10	1E-30	1.80434128902267E-10	1E10	1E-30	1E10	0.255863272944786	1E-30	2.35356801643364E-11	11.9338381493164	1E-30	2.18742596679608E-11	0.604736100201135	2.62996284997401E-11	3.24434438502939E-12	2.80244936401999	8.6594482719966E-12	6.04883676186399E-12	7.73355287169106	2.2454338947965E-12	9.74926906412976E-12	24.7410018200144	1.25522960438462E-12	1.34936110218461E-11	30.707418975994	1E10	1E-30	1E-10	1E10	1E-30	1E-10	1E10	1E-30	1E-10	1E10	1E-30	1E-10	1E10	1E-30	1E-10	1E10	1E-30	1E-10	1E10	1E-30	1E-10	1E10	1E-30	1E-10	1E10	1E-30	1E-10
106	2.4E-12	1E10	1E10	1E-30	1.80434128902267E-10	1E10	1E-30	1E10	0.255863272944786	1E-30	2.35356801643364E-11	11.9338381493164	1E-30	2.18742596679608E-11	0.604736100201135	2.62996284997401E-11	3.24434438502939E-12	2.80244936401999	8.6594482719966E-12	6.04883676186399E-12	7.73355287169106	2.2454338947965E-12	9.74926906412976E-12	24.7410018200144	1.25522960438462E-12	1.34936110218461E-11	30.707418975994	1E10	1E-30	1E-10	1E10	1E-30	1E-10	1E10	1E-30	1E-10	1E10	1E-30	1E-10	1E10	1E-30	1E-10	1E10	1E-30	1E-10	1E10	1E-30	1E-10	1E10	1E-30	1E-10	1E10	1E-30	1E-10
107	2.4E-12	1E10	1E11	1E-30	1.80434128902267E-10	1E10	1E-30	1E10	0.255863272944786	1E-30	2.35356801643364E-11	11.9338381493164	1E-30	2.18742596679608E-11	0.604736100201135	2.62996284997401E-11	3.24434438502939E-12	2.80244936401999	8.6594482719966E-12	6.04883676186399E-12	7.73355287169106	2.2454338947965E-12	9.74926906412976E-12	24.7410018200144	1.25522960438462E-12	1.34936110218461E-11	30.707418975994	1E10	1E-30	1E-10	1E10	1E-30	1E-10	1E10	1E-30	1E-10	1E10	1E-30	1E-10	1E10	1E-30	1E-10	1E10	1E-30	1E-10	1E10	1E-30	1E-10	1E10	1E-30	1E-10	1E10	1E-30	1E-10
108	2.4E-12	1E10	1E11	1E-30	1.80434128902267E-10	1E10	1E-30	1E10	0.255863272944786	1E-30	2.35356801643364E-11	11.9338381493164	1E-30	2.18742596679608E-11	0.604736100201135	2.62996284997401E-11	3.24434438502939E-12	2.80244936401999	8.6594482719966E-12	6.04883676186399E-12	7.73355287169106	2.2454338947965E-12	9.74926906412976E-12	24.7410018200144	1.25522960438462E-12	1.34936110218461E-11	30.707418975994	1E10	1E-30	1E-10	1E10	1E-30	1E-10	1E10	1E-30	1E-10	1E10	1E-30	1E-10	1E10	1E-30	1E-10	1E10	1E-30	1E-10	1E10	1E-30	1E-10	1E10	1E-30	1E-10	1E10	1E-30	1E-10
109	2.7E-12	1E10	1E10	1E-30	1.99942724090776E-10	1E10	1E-30	1E10	0.25102796083984	1E-30	1.3344269975724E-11	20.5419070319201	1E-30	2.17798652434136E-11	0.804112189948491	3.14471690253802E-11	3.07264698789104E-12	1.99423079891791	9.96044054888086E-12	5.81652150554281E-12	5.53040474541488	2.64518190159095E-12	8.89177687593108E-12	18.3367737806861	1.79381286492885E-12	1.01472915732212E-11	28.4928988691034	1E10	1E-30	1E-10	1E10	1E-30	1E-10	1E10	1E-30	1E-10	1E10	1E-30	1E-10	1E10	1E-30	1E-10	1E10	1E-30	1E-10	1E10	1E-30	1E-10	1E10	1E-30	1E-10	1E10	1E-30	1E-10
110	2.7E-12	1E10	1E10	1E-30	1.99942724090776E-10	1E10	1E-30	1E10	0.25102796083984	1E-30	1.3344269975724E-11	20.5419070319201	1E-30	2.17798652434136E-11	0.804112189948491	3.14471690253802E-11	3.07264698789104E-12	1.99423079891791	9.96044054888086E-12	5.81652150554281E-12	5.53040474541488	2.64518190159095E-12	8.89177687593108E-12	18.3367737806861	1.79381286492885E-12	1.01472915732212E-11	28.4928988691034	1E10	1E-30	1E-10	1E10	1E-30	1E-10	1E10	1E-30	1E-10	1E10	1E-30	1E-10	1E10	1E-30	1E-10	1E10	1E-30	1E-10	1E10	1E-30	1E-10	1E10	1E-30	1E-10	1E10	1E-30	1E-10
111	2.7E-12	1E10	1E11	1E-30	1.99942724090776E-10	1E10	1E-30	1E10	0.25102796083984	1E-30	1.3344269975724E-11	20.5419070319201	1E-30	2.17798652434136E-11	0.804112189948491	3.14471690253802E-11	3.07264698789104E-12	1.99423079891791	9.96044054888086E-12	5.81652150554281E-12	5.53040474541488	2.64518190159095E-12	8.89177687593108E-12	18.3367737806861	1.79381286492885E-12	1.01472915732212E-11	28.4928988691034	1E10	1E-30	1E-10	1E10	1E-30	1E-10	1E10	1E-30	1E-10	1E10	1E-30	1E-10	1E10	1E-30	1E-10	1E10	1E-30	1E-10	1E10	1E-30	1E-10	1E10	1E-30	1E-10	1E10	1E-30	1E-10
112	2.7E-12	1E10	1E11	1E-30	1.99942724090776E-10	1E10	1E-30	1E10	0.25102796083984	1E-30	1.3344269975724E-11	20.5419070319201	1E-30	2.17798652434136E-11	0.804112189948491	3.14471690253802E-11	3.07264698789104E-12	1.99423079891791	9.96044054888086E-12	5.81652150554281E-12	5.53040474541488	2.64518190159095E-12	8.89177687593108E-12	18.3367737806861	1.79381286492885E-12	1.01472915732212E-11	28.4928988691034	1E10	1E-30	1E-10	1E10	1E-30	1E-10	1E10	1E-30	1E-10	1E10	1E-30	1E-10	1E10	1E-30	1E-10	1E10	1E-30	1E-10	1E10	1E-30	1E-10	1E10	1E-30	1E-10	1E10	1E-30	1E-10
113	3E-12	1E10	1E10	1E-30	2.03627891588994E-10	1E10	1E-30	1E10	0.248974195671586	1E-30	1.07703273506585E-11	3.36498823615809	1E-30	2.33304188341443E-11	0.46556737855487	2.99057102019721E-11	3.38295000663744E-12	1.92271464011399	4.01712845528315E-12	1.46944119476885E-11	13.3322036035028	3.35729778200511E-12	8.46154960968113E-12	17.7133340098878	3.52082535916738E-12	5.74346363429911E-12	17.3547018566354	1E10	1E-30	1E-10	1E10	1E-30	1E-10	1E10	1E-30	1E-10	1E10	1E-30	1E-10	1E10	1E-30	1E-10	1E10	1E-30	1E-10	1E10	1E-30	1E-10	1E10	1E-30	1E-10	1E10	1E-30	1E-10
114	3E-12	1E10	1E10	1E-30	2.03627891588994E-10	1E10	1E-30	1E10	0.248974195671586	1E-30	1.07703273506585E-11	3.36498823615809	1E-30	2.33304188341443E-11	0.46556737855487	2.99057102019721E-11	3.38295000663744E-12	1.92271464011399	4.01712845528315E-12	1.46944119476885E-11	13.3322036035028	3.35729778200511E-12	8.46154960968113E-12	17.7133340098878	3.52082535916738E-12	5.74346363429911E-12	17.3547018566354	1E10	1E-30	1E-10	1E10	1E-30	1E-10	1E10	1E-30	1E-10	1E10	1E-30	1E-10	1E10	1E-30	1E-10	1E10	1E-30	1E-10	1E10	1E-30	1E-10	1E10	1E-30	1E-10	1E10	1E-30	1E-10
115	3E-12	1E10	1E11	1E-30	2.03627891588994E-10	1E10	1E-30	1E10	0.248974195671586	1E-30	1.07703273506585E-11	3.36498823615809	1E-30	2.33304188341443E-11	0.46556737855487	2.99057102019721E-11	3.38295000663744E-12	1.92271464011399	4.01712845528315E-12	1.46944119476885E-11	13.3322036035028	3.35729778200511E-12	8.46154960968113E-12	17.7133340098878	3.52082535916738E-12	5.74346363429911E-12	17.3547018566354	1E10	1E-30	1E-10	1E10	1E-30	1E-10	1E10	1E-30	1E-10	1E10	1E-30	1E-10	1E10	1E-30	1E-10	1E10	1E-30	1E-10	1E10	1E-30	1E-10	1E10	1E-30	1E-10	1E10	1E-30	1E-10
116	3E-12	1E10	1E11	1E-30	2.03627891588994E-10	1E10	1E-30	1E10	0.248974195671586	1E-30	1.07703273506585E-11	3.36498823615809	1E-30	2.33304188341443E-11	0.46556737855487	2.99057102019721E-11	3.38295000663744E-12	1.92271464011399	4.01712845528315E-12	1.46944119476885E-11	13.3322036035028	3.35729778200511E-12	8.46154960968113E-12	17.7133340098878	3.52082535916738E-12	5.74346363429911E-12	17.3547018566354	1E10	1E-30	1E-10	1E10	1E-30	1E-10	1E10	1E-30	1E-10	1E10	1E-30	1E-10	1E10	1E-30	1E-10	1E10	1E-30	1E-10	1E10	1E-30	1E-10	1E10	1E-30	1E-10	1E10	1E-30	1E-10
117	3.3E-12	1E10	1E10	1E-30	1.79882463141444E-10	1E10	1E-30	1E10	0.246480067050396	1E-30	1.73110322017492E-11	24.0106455466405	1E-30	2.49876828521088E-11	1.09576099659578	8.39935348795458E-11	1.44004466879448E-12	1.13347744334491	1.19235692520824E-11	5.81840323389031E-12	4.78555102354053	5.48592385973618E-12	6.70416463177434E-12	5.44665858809603	2.40155643735088E-12	1.18163680768014E-11	19.7850296294417	1.68445586307124E-12	1.13850611398288E-11	39.1205878631202	1E10	1E-30	1E-10	1E10	1E-30	1E-10	1E10	1E-30	1E-10	1E10	1E-30	1E-10	1E10	1E-30	1E-10	1E10	1E-30	1E-10	1E10	1E-30	1E-10	1E10	1E-30	1E-10
118	3.3E-12	1E10	1E10	1E-30	1.79882463141444E-10	1E10	1E-30	1E10	0.246480067050396	1E-30	1.73110322017492E-11	24.0106455466405	1E-30	2.49876828521088E-11	1.09576099659578	8.39935348795458E-11	1.44004466879448E-12	1.13347744334491	1.19235692520824E-11	5.81840323389031E-12	4.78555102354053	5.48592385973618E-12	6.70416463177434E-12	5.44665858809603	2.40155643735088E-12	1.18163680768014E-11	19.7850296294417	1.68445586307124E-12	1.13850611398288E-11	39.1205878631202	1E10	1E-30	1E-10	1E10	1E-30	1E-10	1E10	1E-30	1E-10	1E10	1E-30	1E-10	1E10	1E-30	1E-10	1E10	1E-30	1E-10	1E10	1E-30	1E-10	1E10	1E-30	1E-10
119	3.3E-12	1E10	1E11	1E-30	1.79882463141444E-10	1E10	1E-30	1E10	0.246480067050396	1E-30	1.73110322017492E-11	24.0106455466405	1E-30	2.49876828521088E-11	1.09576099659578	8.39935348795458E-11	1.44004466879448E-12	1.13347744334491	1.19235692520824E-11	5.81840323389031E-12	4.78555102354053	5.48592385973618E-12	6.70416463177434E-12	5.44665858809603	2.40155643735088E-12	1.18163680768014E-11	19.7850296294417	1.68445586307124E-12	1.13850611398288E-11	39.1205878631202	1E10	1E-30	1E-10	1E10	1E-30	1E-10	1E10	1E-30	1E-10	1E10	1E-30	1E-10	1E10	1E-30	1E-10	1E10	1E-30	1E-10	1E10	1E-30	1E-10	1E10	1E-30	1E-10
120	3.3E-12	1E10	1E11	1E-30	1.79882463141444E-10	1E10	1E-30	1E10	0.246480067050396	1E-30	1.73110322017492E-11	24.0106455466405	1E-30	2.49876828521088E-11	1.09576099659578	8.39935348795458E-11	1.44004466879448E-12	1.13347744334491	1.19235692520824E-11	5.81840323389031E-12	4.78555102354053	5.48592385973618E-12	6.70416463177434E-12	5.44665858809603	2.40155643735088E-12	1.18163680768014E-11	19.7850296294417	1.68445586307124E-12	1.13850611398288E-11	39.1205878631202	1E10	1E-30	1E-10	1E10	1E-30	1E-10	1E10	1E-30	1E-10	1E10	1E-30	1E-10	1E10	1E-30	1E-10	1E10	1E-30	1E-10	1E10	1E-30	1E-10	1E10	1E-30	1E-10
121	3.6E-12	1E10	1E10	1E-30	2.12038917104876E-10	1E10	1E-30	1E10	0.240158520630447	1E-30	6.12690397638088E-12	1.7130972329429	1E-30	2.0636549342978E-11	0.603063496621755	1.19849602039371E-10	9.80382417647515E-13	0.668873215952188	9.23776020596066E-12	6.31305312730169E-12	7.25621480225322	2.50468544163007E-12	1.69485063552818E-11	18.4246040927442	1.38740421072502E-11	2.081108627813E-12	3.96830039923238	1E10	1E-30	1E-10	1E10	1E-30	1E-10	1E10	1E-30	1E-10	1E10	1E-30	1E-10	1E10	1E-30	1E-10	1E10	1E-30	1E-10	1E10	1E-30	1E-10	1E10	1E-30	1E-10	1E10	1E-30	1E-10
122	3.6E-12	1E10	1E10	1E-30	2.12038917104876E-10	1E10	1E-30	1E10	0.240158520630447	1E-30	6.12690397638088E-12	1.7130972329429	1E-30	2.0636549342978E-11	0.603063496621755	1.19849602039371E-10	9.80382417647515E-13	0.668873215952188	9.23776020596066E-12	6.31305312730169E-12	7.25621480225322	2.50468544163007E-12	1.69485063552818E-11	18.4246040927442	1.38740421072502E-11	2.081108627813E-12	3.96830039923238	1E10	1E-30	1E-10	1E10	1E-30	1E-10	1E10	1E-30	1E-10	1E10	1E-30	1E-10	1E10	1E-30	1E-10	1E10	1E-30	1E-10	1E10	1E-30	1E-10	1E10	1E-30	1E-10	1E10	1E-30	1E-10
123	3.6E-12	1E10	1E11	1E-30	2.12038917104876E-10	1E10	1E-30	1E10	0.240158520630447	1E-30	6.12690397638088E-12	1.7130972329429	1E-30	2.0636549342978E-11	0.603063496621755	1.19849602039371E-10	9.80382417647515E-13	0.668873215952188	9.23776020596066E-12	6.31305312730169E-12	7.25621480225322	2.50468544163007E-12	1.69485063552818E-11	18.4246040927442	1.38740421072502E-11	2.081108627813E-12	3.96830039923238	1E10	1E-30	1E-10	1E10	1E-30	1E-10	1E10	1E-30	1E-10	1E10	1E-30	1E-10	1E10	1E-30	1E-10	1E10	1E-30	1E-10	1E10	1E-30	1E-10	1E10	1E-30	1E-10	1E10	1E-30	1E-10
124	3.6E-12	1E10	1E11	1E-30	2.12038917104876E-10	1E10	1E-30	1E10	0.240158520630447	1E-30	6.12690397638088E-12	1.7130972329429	1E-30	2.0636549342978E-11	0.603063496621755	1.19849602039371E-10	9.80382417647515E-13	0.668873215952188	9.23776020596066E-12	6.31305312730169E-12	7.25621480225322	2.50468544163007E-12	1.69485063552818E-11	18.4246040927442	1.38740421072502E-11	2.081108627813E-12	3.96830039923238	1E10	1E-30	1E-10	1E10	1E-30	1E-10	1E10	1E-30	1E-10	1E10	1E-30	1E-10	1E10	1E-30	1E-10	1E10	1E-30	1E-10	1E10	1E-30	1E-10	1E10	1E-30	1E-10	1E10	1E-30	1E-10
125	3.9E-12	1E10	1E10	1E-30	2.1513581751593E-10	1E10	1E-30	1E10	0.239050030537313	1E-30	1.98459212138178E-11	6.58392751037246	1E-30	1.93077798963715E-11	0.498596562756251	9.08213005456191E-11	1.43631853779765E-12	0.863214288379203	8.50643459169022E-12	7.54518052065747E-12	7.12538047433066	1.35980844374113E-11	3.64275228480284E-12	3.96833911193329	6.12378794180735E-12	4.16997685179209E-12	5.70265154175265	1E10	1E-30	1E-10	1E10	1E-30	1E-10	1E10	1E-30	1E-10	1E10	1E-30	1E-10	1E10	1E-30	1E-10	1E10	1E-30	1E-10	1E10	1E-30	1E-10	1E10	1E-30	1E-10	1E10	1E-30	1E-10
126	3.9E-12	1E10	1E10	1E-30	2.1513581751593E-10	1E10	1E-30	1E10	0.239050030537313	1E-30	1.98459212138178E-11	6.58392751037246	1E-30	1.93077798963715E-11	0.498596562756251	9.08213005456191E-11	1.43631853779765E-12	0.863214288379203	8.50643459169022E-12	7.54518052065747E-12	7.12538047433066	1.35980844374113E-11	3.64275228480284E-12	3.96833911193329	6.12378794180735E-12	4.16997685179209E-12	5.70265154175265	1E10	1E-30	1E-10	1E10	1E-30	1E-10	1E10	1E-30	1E-10	1E10	1E-30	1E-10	1E10	1E-30	1E-10	1E10	1E-30	1E-10	1E10	1E-30	1E-10	1E10	1E-30	1E-10	1E10	1E-30	1E-10
127	3.9E-12	1E10	1E11	1E-30	2.1513581751593E-10	1E10	1E-30	1E10	0.239050030537313	1E-30	1.98459212138178E-11	6.58392751037246	1E-30	1.93077798963715E-11	0.498596562756251	9.08213005456191E-11	1.43631853779765E-12	0.863214288379203	8.50643459169022E-12	7.54518052065747E-12	7.12538047433066	1.35980844374113E-11	3.64275228480284E-12	3.96833911193329	6.12378794180735E-12	4.16997685179209E-12	5.70265154175265	1E10	1E-30	1E-10	1E10	1E-30	1E-10	1E10	1E-30	1E-10	1E10	1E-30	1E-10	1E10	1E-30	1E-10	1E10	1E-30	1E-10	1E10	1E-30	1E-10	1E10	1E-30	1E-10	1E10	1E-30	1E-10
128	3.9E-12	1E10	1E11	1E-30	2.1513581751593E-10	1E10	1E-30	1E10	0.239050030537313	1E-30	1.98459212138178E-11	6.58392751037246	1E-30	1.93077798963715E-11	0.498596562756251	9.08213005456191E-11	1.43631853779765E-12	0.863214288379203	8.50643459169022E-12	7.54518052065747E-12	7.12538047433066	1.35980844374113E-11	3.64275228480284E-12	3.96833911193329	6.12378794180735E-12	4.16997685179209E-12	5.70265154175265	1E10	1E-30	1E-10	1E10	1E-30	1E-10	1E10	1E-30	1E-10	1E10	1E-30	1E-10	1E10	1E-30	1E-10	1E10	1E-30	1E-10	1E10	1E-30	1E-10	1E10	1E-30	1E-10	1E10	1E-30	1E-10
129	4E-12	1E10	1E10	1E-30	2.07147734010243E-10	1E10	1E-30	1E10	0.235777827767481	1E-30	2.25643798613519E-11	0.677122660709303	2.05671572062887E-10	6.24821926259726E-13	0.540633194893943	1.22920864606641E-11	5.17789795115424E-12	4.59758741971322	1.60318028917681E-12	2.76550237736733E-11	25.8491079507352	9.16974490243434E-12	3.1911186529617E-12	4.97296906996126	1E10	1E-30	1E-10	1E10	1E-30	1E-10	1E10	1E-30	1E-10	1E10	1E-30	1E-10	1E10	1E-30	1E-10	1E10	1E-30	1E-10	1E10	1E-30	1E-10	1E10	1E-30	1E-10	1E10	1E-30	1E-10	1E10	1E-30	1E-10
130	4E-12	1E10	1E10	1E-30	2.07147734010243E-10	1E10	1E-30	1E10	0.235777827767481	1E-30	2.25643798613519E-11	0.677122660709303	2.05671572062887E-10	6.24821926259726E-13	0.540633194893943	1.22920864606641E-11	5.17789795115424E-12	4.59758741971322	1.60318028917681E-12	2.76550237736733E-11	25.8491079507352	9.16974490243434E-12	3.1911186529617E-12	4.97296906996126	1E10	1E-30	1E-10	1E10	1E-30	1E-10	1E10	1E-30	1E-10	1E10	1E-30	1E-10	1E10	1E-30	1E-10	1E10	1E-30	1E-10	1E10	1E-30	1E-10	1E10	1E-30	1E-10	1E10	1E-30	1E-10	1E10	1E-30	1E-10
131	4E-12	1E10	1E11	1E-30	2.07147734010243E-10	1E10	1E-30	1E10	0.235777827767481	1E-30	2.25643798613519E-11	0.677122660709303	2.05671572062887E-10	6.24821926259726E-13	0.540633194893943	1.22920864606641E-11	5.17789795115424E-12	4.59758741971322	1.60318028917681E-12	2.76550237736733E-11	25.8491079507352	9.16974490243434E-12	3.1911186529617E-12	4.97296906996126	1E10	1E-30	1E-10	1E10	1E-30	1E-10	1E10	1E-30	1E-10	1E10	1E-30	1E-10	1E10	1E-30	1E-10	1E10	1E-30	1E-10	1E10	1E-30	1E-10	1E10	1E-30	1E-10	1E10	1E-30	1E-10	1E10	1E-30	1E-10
132	4E-12	1E10	1E11	1E-30	2.07147734010243E-10	1E10	1E-30	1E10	0.235777827767481	1E-30	2.25643798613519E-11	0.677122660709303	2.05671572062887E-10	6.24821926259726E-13	0.540633194893943	1.22920864606641E-11	5.17789795115424E-12	4.59758741971322	1.60318028917681E-12	2.76550237736733E-11	25.8491079507352	9.16974490243434E-12	3.1911186529617E-12	4.97296906996126	1E10	1E-30	1E-10	1E10	1E-30	1E-10	1E10	1E-30	1E-10	1E10	1E-30	1E-10	1E10	1E-30	1E-10	1E10	1E-30	1E-10	1E10	1E-30	1E-10	1E10	1E-30	1E-10	1E10	1E-30	1E-10	1E10	1E-30	1E-10
133	4.2E-12	1E10	1E10	1E-30	1.97468690640146E-10	1E10	1E-30	1E10	0.22684803239282	1E-30	2.18647712780935E-11	7.32581012131419	1E-30	2.18147802852322E-11	0.356372400817134	8.59096061993607E-11	1.68112936752026E-12	1.02795981928573	8.38183756491967E-12	8.74349986522317E-12	6.7817236081162	1.41040617574661E-12	1.92315891502613E-11	21.2455613954064	1E10	1E-30	1E-10	1E10	1E-30	1E-10	1E10	1E-30	1E-10	1E10	1E-30	1E-10	1E10	1E-30	1E-10	1E10	1E-30	1E-10	1E10	1E-30	1E-10	1E10	1E-30	1E-10	1E10	1E-30	1E-10	1E10	1E-30	1E-10
134	4.3E-12	1E10	1E10	1E-30	1.97468690640146E-10	1E10	1E-30	1E10	0.22684803239282	1E-30	2.18647712780935E-11	7.32581012131419	1E-30	2.18147802852322E-11	0.356372400817134	8.59096061993607E-11	1.68112936752026E-12	1.02795981928573	8.38183756491967E-12	8.74349986522317E-12	6.7817236081162	1.41040617574661E-12	1.92315891502613E-11	21.2455613954064	1E10	1E-30	1E-10	1E10	1E-30	1E-10	1E10	1E-30	1E-10	1E10	1E-30	1E-10	1E10	1E-30	1E-10	1E10	1E-30	1E-10	1E10	1E-30	1E-10	1E10	1E-30	1E-10	1E10	1E-30	1E-10	1E10	1E-30	1E-10
135	4.3E-12	1E10	1E10	1E-30	1.97468690640146E-10	1E10	1E-30	1E10	0.22684803239282	1E-30	2.18647712780935E-11	7.32581012131419	1E-30	2.18147802852322E-11	0.356372400817134	8.59096061993607E-11	1.68112936752026E-12	1.02795981928573	8.38183756491967E-12	8.74349986522317E-12	6.7817236081162	1.41040617574661E-12	1.92315891502613E-11	21.2455613954064	1E10	1E-30	1E-10	1E10	1E-30	1E-10	1E10	1E-30	1E-10	1E10	1E-30	1E-10	1E10	1E-30	1E-10	1E10	1E-30	1E-10	1E10	1E-30	1E-10	1E10	1E-30	1E-10	1E10	1E-30	1E-10	1E10	1E-30	1E-10
136	4.3E-12	1E10	1E11	1E-30	1.97468690640146E-10	1E10	1E-30	1E10	0.22684803239282	1E-30	2.18647712780935E-11	7.32581012131419	1E-30	2.18147802852322E-11	0.356372400817134	8.59096061993607E-11	1.68112936752026E-12	1.02795981928573	8.38183756491967E-12	8.74349986522317E-12	6.7817236081162	1.41040617574661E-12	1.92315891502613E-11	21.2455613954064	1E10	1E-30	1E-10	1E10	1E-30	1E-10	1E10	1E-30	1E-10	1E10	1E-30	1E-10	1E10	1E-30	1E-10	1E10	1E-30	1E-10	1E10	1E-30	1E-10	1E10	1E-30	1E-10	1E10	1E-30	1E-10	1E10	1E-30	1E-10
137	4.3E-12	1E10	1E11	1E-30	1.97468690640146E-10	1E10	1E-30	1E10	0.22684803239282	1E-30	2.18647712780935E-11	7.32581012131419	1E-30	2.18147802852322E-11	0.356372400817134	8.59096061993607E-11	1.68112936752026E-12	1.02795981928573	8.38183756491967E-12	8.74349986522317E-12	6.7817236081162	1.41040617574661E-12	1.92315891502613E-11	21.2455613954064	1E10	1E-30	1E-10	1E10	1E-30	1E-10	1E10	1E-30	1E-10	1E10	1E-30	1E-10	1E10	1E-30	1E-10	1E10	1E-30	1E-10	1E10	1E-30	1E-10	1E10	1E-30	1E-10	1E10	1E-30	1E-10	1E10	1E-30	1E-10
138	4.7E-12	1E10	1E10	1E-30	2.07207208381574E-10	1E10	1E-30	1E10	0.216660488056734	1E-30	1.17583596724252E-11	3.34315456836185	1E-30	1.7392189116553E-11	0.580542485430203	1.7562599894943E-10	8.59772359124321E-13	0.380064073824772	9.52967743823199E-12	7.06110829393827E-12	7.41065881909274	4.03667647456051E-12	8.55598262819724E-12	7.53516564567298	6.39779758561973E-12	3.89198240922669E-12	5.51012670363025	1E10	1E-30	1E-10	1E10	1E-30	1E-10	1E10	1E-30	1E-10	1E10	1E-30	1E-10	1E10	1E-30	1E-10	1E10	1E-30	1E-10	1E10	1E-30	1E-10	1E10	1E-30	1E-10	1E10	1E-30	1E-10
139	4.7E-12	1E10	1E10	1E-30	2.07207208381574E-10	1E10	1E-30	1E10	0.216660488056734	1E-30	1.17583596724252E-11	3.34315456836185	1E-30	1.7392189116553E-11	0.580542485430203	1.7562599894943E-10	8.59772359124321E-13	0.380064073824772	9.52967743823199E-12	7.06110829393827E-12	7.41065881909274	4.03667647456051E-12	8.55598262819724E-12	7.53516564567298	6.39779758561973E-12	3.89198240922669E-12	5.51012670363025	1E10	1E-30	1E-10	1E10	1E-30	1E-10	1E10	1E-30	1E-10	1E10	1E-30	1E-10	1E10	1E-30	1E-10	1E10	1E-30	1E-10	1E10	1E-30	1E-10	1E10	1E-30	1E-10	1E10	1E-30	1E-10
140	4.7E-12	1E10	1E11	1E-30	2.07207208381574E-10	1E10	1E-30	1E10	0.216660488056734	1E-30	1.17583596724252E-11	3.34315456836185	1E-30	1.7392189116553E-11	0.580542485430203	1.7562599894943E-10	8.59772359124321E-13	0.380064073824772	9.52967743823199E-12	7.06110829393827E-12	7.41065881909274	4.03667647456051E-12	8.55598262819724E-12	7.53516564567298	6.39779758561973E-12	3.89198240922669E-12	5.51012670363025	1E10	1E-30	1E-10	1E10	1E-30	1E-10	1E10	1E-30	1E-10	1E10	1E-30	1E-10	1E10	1E-30	1E-10	1E10	1E-30	1E-10	1E10	1E-30	1E-10	1E10	1E-30	1E-10	1E10	1E-30	1E-10
141	4.7E-12	1E10	1E11	1E-30	2.07207208381574E-10	1E10	1E-30	1E10	0.216660488056734	1E-30	1.17583596724252E-11	3.34315456836185	1E-30	1.7392189116553E-11	0.580542485430203	1.7562599894943E-10	8.59772359124321E-13	0.380064073824772	9.52967743823199E-12	7.06110829393827E-12	7.41065881909274	4.03667647456051E-12	8.55598262819724E-12	7.53516564567298	6.39779758561973E-12	3.89198240922669E-12	5.51012670363025	1E10	1E-30	1E-10	1E10	1E-30	1E-10	1E10	1E-30	1E-10	1E10	1E-30	1E-10	1E10	1E-30	1E-10	1E10	1E-30	1E-10	1E10	1E-30	1E-10	1E10	1E-30	1E-10	1E10	1E-30	1E-10
142	5E-12	1E10	1E10	1E-30	1.7610629152631E-10	1E10	1E-30	1E10	0.207689404758351	1E-30	5.38526290242611E-11	76.7668158267158	1E-30	1.62514283860853E-11	0.339672193938261	2.00053679967578E-10	7.97092157657119E-13	0.56970918555847	1.04921044227853E-11	6.58884694285733E-12	6.51191163381627	3.96926292538269E-12	8.60684693740291E-12	6.21396593157928	1E10	1E-30	1E-10	1E10	1E-30	1E-10	1E10	1E-30	1E-10	1E10	1E-30	1E-10	1E10	1E-30	1E-10	1E10	1E-30	1E-10	1E10	1E-30	1E-10	1E10	1E-30	1E-10	1E10	1E-30	1E-10	1E10	1E-30	1E-10
143	5E-12	1E10	1E10	1E-30	1.7610629152631E-10	1E10	1E-30	1E10	0.207689404758351	1E-30	5.38526290242611E-11	76.7668158267158	1E-30	1.62514283860853E-11	0.339672193938261	2.00053679967578E-10	7.97092157657119E-13	0.56970918555847	1.04921044227853E-11	6.58884694285733E-12	6.51191163381627	3.96926292538269E-12	8.60684693740291E-12	6.21396593157928	1E10	1E-30	1E-10	1E10	1E-30	1E-10	1E10	1E-30	1E-10	1E10	1E-30	1E-10	1E10	1E-30	1E-10	1E10	1E-30	1E-10	1E10	1E-30	1E-10	1E10	1E-30	1E-10	1E10	1E-30	1E-10	1E10	1E-30	1E-10
144	5E-12	1E10	1E11	1E-30	1.7610629152631E-10	1E10	1E-30	1E10	0.207689404758351	1E-30	5.38526290242611E-11	76.7668158267158	1E-30	1.62514283860853E-11	0.339672193938261	2.00053679967578E-10	7.97092157657119E-13	0.56970918555847	1.04921044227853E-11	6.58884694285733E-12	6.51191163381627	3.96926292538269E-12	8.60684693740291E-12	6.21396593157928	1E10	1E-30	1E-10	1E10	1E-30	1E-10	1E10	1E-30	1E-10	1E10	1E-30	1E-10	1E10	1E-30	1E-10	1E10	1E-30	1E-10	1E10	1E-30	1E-10	1E10	1E-30	1E-10	1E10	1E-30	1E-10	1E10	1E-30	1E-10
145	5E-12	1E10	1E11	1E-30	1.7610629152631E-10	1E10	1E-30	1E10	0.207689404758351	1E-30	5.38526290242611E-11	76.7668158267158	1E-30	1.62514283860853E-11	0.339672193938261	2.00053679967578E-10	7.97092157657119E-13	0.56970918555847	1.04921044227853E-11	6.58884694285733E-12	6.51191163381627	3.96926292538269E-12	8.60684693740291E-12	6.21396593157928	1E10	1E-30	1E-10	1E10	1E-30	1E-10	1E10	1E-30	1E-10	1E10	1E-30	1E-10	1E10	1E-30	1E-10	1E10	1E-30	1E-10	1E10	1E-30	1E-10	1E10	1E-30	1E-10	1E10	1E-30	1E-10	1E10	1E-30	1E-10
146	5.1E-12	1E10	1E10	1E-30	1.7610629152631E-10	1E10	1E-30	1E10	0.207689404758351	1E-30	5.38526290242611E-11	76.7668158267158	1E-30	1.62514283860853E-11	0.339672193938261	2.00053679967578E-10	7.97092157657119E-13	0.56970918555847	1.04921044227853E-11	6.58884694285733E-12	6.51191163381627	3.96926292538269E-12	8.60684693740291E-12	6.21396593157928	1E10	1E-30	1E-10	1E10	1E-30	1E-10	1E10	1E-30	1E-10	1E10	1E-30	1E-10	1E10	1E-30	1E-10	1E10	1E-30	1E-10	1E10	1E-30	1E-10	1E10	1E-30	1E-10	1E10	1E-30	1E-10	1E10	1E-30	1E-10
147	5.1E-12	1E10	1E10	1E-30	1.7610629152631E-10	1E10	1E-30	1E10	0.207689404758351	1E-30	5.38526290242611E-11	76.7668158267158	1E-30	1.62514283860853E-11	0.339672193938261	2.00053679967578E-10	7.97092157657119E-13	0.56970918555847	1.04921044227853E-11	6.58884694285733E-12	6.51191163381627	3.96926292538269E-12	8.60684693740291E-12	6.21396593157928	1E10	1E-30	1E-10	1E10	1E-30	1E-10	1E10	1E-30	1E-10	1E10	1E-30	1E-10	1E10	1E-30	1E-10	1E10	1E-30	1E-10	1E10	1E-30	1E-10	1E10	1E-30	1E-10	1E10	1E-30	1E-10	1E10	1E-30	1E-10
148	5.1E-12	1E10	1E11	1E-30	1.7610629152631E-10	1E10	1E-30	1E10	0.207689404758351	1E-30	5.38526290242611E-11	76.7668158267158	1E-30	1.62514283860853E-11	0.339672193938261	2.00053679967578E-10	7.97092157657119E-13	0.56970918555847	1.04921044227853E-11	6.58884694285733E-12	6.51191163381627	3.96926292538269E-12	8.60684693740291E-12	6.21396593157928	1E10	1E-30	1E-10	1E10	1E-30	1E-10	1E10	1E-30	1E-10	1E10	1E-30	1E-10	1E10	1E-30	1E-10	1E10	1E-30	1E-10	1E10	1E-30	1E-10	1E10	1E-30	1E-10	1E10	1E-30	1E-10	1E10	1E-30	1E-10
149	5.1E-12	1E10	1E11	1E-30	1.7610629152631E-10	1E10	1E-30	1E10	0.207689404758351	1E-30	5.38526290242611E-11	76.7668158267158	1E-30	1.62514283860853E-11	0.339672193938261	2.00053679967578E-10	7.97092157657119E-13	0.56970918555847	1.04921044227853E-11	6.58884694285733E-12	6.51191163381627	3.96926292538269E-12	8.60684693740291E-12	6.21396593157928	1E10	1E-30	1E-10	1E10	1E-30	1E-10	1E10	1E-30	1E-10	1E10	1E-30	1E-10	1E10	1E-30	1E-10	1E10	1E-30	1E-10	1E10	1E-30	1E-10	1E10	1E-30	1E-10	1E10	1E-30	1E-10	1E10	1E-30	1E-10
150	5.6E-12	1E10	1E10	1E-30	2.20570304742113E-10	1E10	1E-30	1E10	0.202987952897238	1E-30	7.28054296678247E-12	1.71543747024485	1E-30	1.75345749485795E-11	0.526184776922422	3.13601772835759E-10	5.98453946198244E-13	0.32696587064202	1.21318837183276E-11	6.55398896786637E-12	5.11333654150285	6.67214548909448E-12	6.03148830670392E-12	4.13668528058743	2.61623245305407E-11	1.01529115119064E-12	1.30792816375872	1E10	1E-30	1E-10	1E10	1E-30	1E-10	1E10	1E-30	1E-10	1E10	1E-30	1E-10	1E10	1E-30	1E-10	1E10	1E-30	1E-10	1E10	1E-30	1E-10	1E10	1E-30	1E-10	1E10	1E-30	1E-10
151	5.6E-12	1E10	1E10	1E-30	2.20570304742113E-10	1E10	1E-30	1E10	0.202987952897238	1E-30	7.28054296678247E-12	1.71543747024485	1E-30	1.75345749485795E-11	0.526184776922422	3.13601772835759E-10	5.98453946198244E-13	0.32696587064202	1.21318837183276E-11	6.55398896786637E-12	5.11333654150285	6.67214548909448E-12	6.03148830670392E-12	4.13668528058743	2.61623245305407E-11	1.01529115119064E-12	1.30792816375872	1E10	1E-30	1E-10	1E10	1E-30	1E-10	1E10	1E-30	1E-10	1E10	1E-30	1E-10	1E10	1E-30	1E-10	1E10	1E-30	1E-10	1E10	1E-30	1E-10	1E10	1E-30	1E-10	1E10	1E-30	1E-10
152	5.6E-12	1E10	1E10	1E-30	2.20570304742113E-10	1E10	1E-30	1E10	0.202987952897238	1E-30	7.28054296678247E-12	1.71543747024485	1E-30	1.75345749485795E-11	0.526184776922422	3.13601772835759E-10	5.98453946198244E-13	0.32696587064202	1.21318837183276E-11	6.55398896786637E-12	5.11333654150285	6.67214548909448E-12	6.03148830670392E-12	4.13668528058743	2.61623245305407E-11	1.01529115119064E-12	1.30792816375872	1E10	1E-30	1E-10	1E10	1E-30	1E-10	1E10	1E-30	1E-10	1E10	1E-30	1E-10	1E10	1E-30	1E-10	1E10	1E-30	1E-10	1E10	1E-30	1E-10	1E10	1E-30	1E-10	1E10	1E-30	1E-10
153	5.6E-12	1E10	1E11	1E-30	2.20570304742113E-10	1E10	1E-30	1E10	0.202987952897238	1E-30	7.28054296678247E-12	1.71543747024485	1E-30	1.75345749485795E-11	0.526184776922422	3.13601772835759E-10	5.98453946198244E-13	0.32696587064202	1.21318837183276E-11	6.55398896786637E-12	5.11333654150285	6.67214548909448E-12	6.03148830670392E-12	4.13668528058743	2.61623245305407E-11	1.01529115119064E-12	1.30792816375872	1E10	1E-30	1E-10	1E10	1E-30	1E-10	1E10	1E-30	1E-10	1E10	1E-30	1E-10	1E10	1E-30	1E-10	1E10	1E-30	1E-10	1E10	1E-30	1E-10	1E10	1E-30	1E-10	1E10	1E-30	1E-10
154	5.6E-12	1E10	1E11	1E-30	2.20570304742113E-10	1E10	1E-30	1E10	0.202987952897238	1E-30	7.28054296678247E-12	1.71543747024485	1E-30	1.75345749485795E-11	0.526184776922422	3.13601772835759E-10	5.98453946198244E-13	0.32696587064202	1.21318837183276E-11	6.55398896786637E-12	5.11333654150285	6.67214548909448E-12	6.03148830670392E-12	4.13668528058743	2.61623245305407E-11	1.01529115119064E-12	1.30792816375872	1E10	1E-30	1E-10	1E10	1E-30	1E-10	1E10	1E-30	1E-10	1E10	1E-30	1E-10	1E10	1E-30	1E-10	1E10	1E-30	1E-10	1E10	1E-30	1E-10	1E10	1E-30	1E-10	1E10	1E-30	1E-10
155	5.6E-12	1E10	1E11	1E-30	2.20570304742113E-10	1E10	1E-30	1E10	0.202987952897238	1E-30	7.28054296678247E-12	1.71543747024485	1E-30	1.75345749485795E-11	0.526184776922422	3.13601772835759E-10	5.98453946198244E-13	0.32696587064202	1.21318837183276E-11	6.55398896786637E-12	5.11333654150285	6.67214548909448E-12	6.03148830670392E-12	4.13668528058743	2.61623245305407E-11	1.01529115119064E-12	1.30792816375872	1E10	1E-30	1E-10	1E10	1E-30	1E-10	1E10	1E-30	1E-10	1E10	1E-30	1E-10	1E10	1E-30	1E-10	1E10	1E-30	1E-10	1E10	1E-30	1E-10	1E10	1E-30	1E-10	1E10	1E-30	1E-10
156	6E-12	1E10	1E10	1E-30	2.17640112444746E-10	1E10	1E-30	1E10	0.202455293330429	1E-30	1.59658456758295E-11	3.32297955476557	1E-30	1.4822147672224E-11	0.295688771467808	3.12198453975389E-10	6.50407248305983E-13	0.24178696261974	1.58013390903374E-11	5.51821893061202E-12	4.3292490769427	4.71132475011922E-12	7.80163857309545E-12	3.44258881367292	1E10	1E-30	1E-10	1E10	1E-30	1E-10	1E10	1E-30	1E-10	1E10	1E-30	1E-10	1E10	1E-30	1E-10	1E10	1E-30	1E-10	1E10	1E-30	1E-10	1E10	1E-30	1E-10	1E10	1E-30	1E-10	1E10	1E-30	1E-10
157	6E-12	1E10	1E10	1E-30	2.17640112444746E-10	1E10	1E-30	1E10	0.202455293330429	1E-30	1.59658456758295E-11	3.32297955476557	1E-30	1.4822147672224E-11	0.295688771467808	3.12198453975389E-10	6.50407248305983E-13	0.24178696261974	1.58013390903374E-11	5.51821893061202E-12	4.3292490769427	4.71132475011922E-12	7.80163857309545E-12	3.44258881367292	1E10	1E-30	1E-10	1E10	1E-30	1E-10	1E10	1E-30	1E-10	1E10	1E-30	1E-10	1E10	1E-30	1E-10	1E10	1E-30	1E-10	1E10	1E-30	1E-10	1E10	1E-30	1E-10	1E10	1E-30	1E-10	1E10	1E-30	1E-10
158	6E-12	1E10	1E11	1E-30	2.17640112444746E-10	1E10	1E-30	1E10	0.202455293330429	1E-30	1.59658456758295E-11	3.32297955476557	1E-30	1.4822147672224E-11	0.295688771467808	3.12198453975389E-10	6.50407248305983E-13	0.24178696261974	1.58013390903374E-11	5.51821893061202E-12	4.3292490769427	4.71132475011922E-12	7.80163857309545E-12	3.44258881367292	1E10	1E-30	1E-10	1E10	1E-30	1E-10	1E10	1E-30	1E-10	1E10	1E-30	1E-10	1E10	1E-30	1E-10	1E10	1E-30	1E-10	1E10	1E-30	1E-10	1E10	1E-30	1E-10	1E10	1E-30	1E-10	1E10	1E-30	1E-10
159	6E-12	1E10	1E11	1E-30	2.17640112444746E-10	1E10	1E-30	1E10	0.202455293330429	1E-30	1.59658456758295E-11	3.32297955476557	1E-30	1.4822147672224E-11	0.295688771467808	3.12198453975389E-10	6.50407248305983E-13	0.24178696261974	1.58013390903374E-11	5.51821893061202E-12	4.3292490769427	4.71132475011922E-12	7.80163857309545E-12	3.44258881367292	1E10	1E-30	1E-10	1E10	1E-30	1E-10	1E10	1E-30	1E-10	1E10	1E-30	1E-10	1E10	1E-30	1E-10	1E10	1E-30	1E-10	1E10	1E-30	1E-10	1E10	1E-30	1E-10	1E10	1E-30	1E-10	1E10	1E-30	1E-10
160	6.2E-12	1E10	1E10	1E-30	2.05183099575476E-10	1E10	1E-30	1E10	0.201013588859368	1E-30	2.08621982190642E-11	4.81395168393458	1E-30	1.4194021615135E-11	0.312142828840246	1.94078912650774E-10	1.0505560534315E-12	0.529906882014658	1.46956693940363E-11	5.9633660780074E-12	5.03806068133632	7.54156531932212E-12	5.52770577498441E-12	3.48627978756212	1E10	1E-30	1E-10	1E10	1E-30	1E-10	1E10	1E-30	1E-10	1E10	1E-30	1E-10	1E10	1E-30	1E-10	1E10	1E-30	1E-10	1E10	1E-30	1E-10	1E10	1E-30	1E-10	1E10	1E-30	1E-10	1E10	1E-30	1E-10
161	6.2E-12	1E10	1E10	1E-30	2.05183099575476E-10	1E10	1E-30	1E10	0.201013588859368	1E-30	2.08621982190642E-11	4.81395168393458	1E-30	1.4194021615135E-11	0.312142828840246	1.94078912650774E-10	1.0505560534315E-12	0.529906882014658	1.46956693940363E-11	5.9633660780074E-12	5.03806068133632	7.54156531932212E-12	5.52770577498441E-12	3.48627978756212	1E10	1E-30	1E-10	1E10	1E-30	1E-10	1E10	1E-30	1E-10	1E10	1E-30	1E-10	1E10	1E-30	1E-10	1E10	1E-30	1E-10	1E10	1E-30	1E-10	1E10	1E-30	1E-10	1E10	1E-30	1E-10	1E10	1E-30	1E-10
162	6.2E-12	1E10	1E11	1E-30	2.05183099575476E-10	1E10	1E-30	1E10	0.201013588859368	1E-30	2.08621982190642E-11	4.81395168393458	1E-30	1.4194021615135E-11	0.312142828840246	1.94078912650774E-10	1.0505560534315E-12	0.529906882014658	1.46956693940363E-11	5.9633660780074E-12	5.03806068133632	7.54156531932212E-12	5.52770577498441E-12	3.48627978756212	1E10	1E-30	1E-10	1E10	1E-30	1E-10	1E10	1E-30	1E-10	1E10	1E-30	1E-10	1E10	1E-30	1E-10	1E10	1E-30	1E-10	1E10	1E-30	1E-10	1E10	1E-30	1E-10	1E10	1E-30	1E-10	1E10	1E-30	1E-10
163	6.2E-12	1E10	1E11	1E-30	2.05183099575476E-10	1E10	1E-30	1E10	0.201013588859368	1E-30	2.08621982190642E-11	4.81395168393458	1E-30	1.4194021615135E-11	0.312142828840246	1.94078912650774E-10	1.0505560534315E-12	0.529906882014658	1.46956693940363E-11	5.9633660780074E-12	5.03806068133632	7.54156531932212E-12	5.52770577498441E-12	3.48627978756212	1E10	1E-30	1E-10	1E10	1E-30	1E-10	1E10	1E-30	1E-10	1E10	1E-30	1E-10	1E10	1E-30	1E-10	1E10	1E-30	1E-10	1E10	1E-30	1E-10	1E10	1E-30	1E-10	1E10	1E-30	1E-10	1E10	1E-30	1E-10
164	6.8E-12	1E10	1E10	1E-30	2.06952739448518E-10	1E10	1E-30	1E10	0.19773647633665	1E-30	2.21655055137666E-12	0.624625834899199	1E-30	1.54782912810588E-11	0.425578750968883	1.15183075608654E-10	2.17656041577833E-12	0.609219608878774	1.46645769392432E-11	6.96207596274152E-12	4.41959507436565	4.96191135467752E-12	8.43965952263397E-12	5.01759703019168	1E10	1E-30	1E-10	1E10	1E-30	1E-10	1E10	1E-30	1E-10	1E10	1E-30	1E-10	1E10	1E-30	1E-10	1E10	1E-30	1E-10	1E10	1E-30	1E-10	1E10	1E-30	1E-10	1E10	1E-30	1E-10	1E10	1E-30	1E-10
165	6.8E-12	1E10	1E10	1E-30	2.06952739448518E-10	1E10	1E-30	1E10	0.19773647633665	1E-30	2.21655055137666E-12	0.624625834899199	1E-30	1.54782912810588E-11	0.425578750968883	1.15183075608654E-10	2.17656041577833E-12	0.609219608878774	1.46645769392432E-11	6.96207596274152E-12	4.41959507436565	4.96191135467752E-12	8.43965952263397E-12	5.01759703019168	1E10	1E-30	1E-10	1E10	1E-30	1E-10	1E10	1E-30	1E-10	1E10	1E-30	1E-10	1E10	1E-30	1E-10	1E10	1E-30	1E-10	1E10	1E-30	1E-10	1E10	1E-30	1E-10	1E10	1E-30	1E-10	1E10	1E-30	1E-10
166	6.8E-12	1E10	1E10	1E-30	2.06952739448518E-10	1E10	1E-30	1E10	0.19773647633665	1E-30	2.21655055137666E-12	0.624625834899199	1E-30	1.54782912810588E-11	0.425578750968883	1.15183075608654E-10	2.17656041577833E-12	0.609219608878774	1.46645769392432E-11	6.96207596274152E-12	4.41959507436565	4.96191135467752E-12	8.43965952263397E-12	5.01759703019168	1E10	1E-30	1E-10	1E10	1E-30	1E-10	1E10	1E-30	1E-10	1E10	1E-30	1E-10	1E10	1E-30	1E-10	1E10	1E-30	1E-10	1E10	1E-30	1E-10	1E10	1E-30	1E-10	1E10	1E-30	1E-10	1E10	1E-30	1E-10
167	6.8E-12	1E10	1E11	1E-30	2.06952739448518E-10	1E10	1E-30	1E10	0.19773647633665	1E-30	2.21655055137666E-12	0.624625834899199	1E-30	1.54782912810588E-11	0.425578750968883	1.15183075608654E-10	2.17656041577833E-12	0.609219608878774	1.46645769392432E-11	6.96207596274152E-12	4.41959507436565	4.96191135467752E-12	8.43965952263397E-12	5.01759703019168	1E10	1E-30	1E-10	1E10	1E-30	1E-10	1E10	1E-30	1E-10	1E10	1E-30	1E-10	1E10	1E-30	1E-10	1E10	1E-30	1E-10	1E10	1E-30	1E-10	1E10	1E-30	1E-10	1E10	1E-30	1E-10	1E10	1E-30	1E-10
168	6.8E-12	1E10	1E11	1E-30	2.06952739448518E-10	1E10	1E-30	1E10	0.19773647633665	1E-30	2.21655055137666E-12	0.624625834899199	1E-30	1.54782912810588E-11	0.425578750968883	1.15183075608654E-10	2.17656041577833E-12	0.609219608878774	1.46645769392432E-11	6.96207596274152E-12	4.41959507436565	4.96191135467752E-12	8.43965952263397E-12	5.01759703019168	1E10	1E-30	1E-10	1E10	1E-30	1E-10	1E10	1E-30	1E-10	1E10	1E-30	1E-10	1E10	1E-30	1E-10	1E10	1E-30	1E-10	1E10	1E-30	1E-10	1E10	1E-30	1E-10	1E10	1E-30	1E-10	1E10	1E-30	1E-10
169	6.8E-12	1E10	1E11	1E-30	2.06952739448518E-10	1E10	1E-30	1E10	0.19773647633665	1E-30	2.21655055137666E-12	0.624625834899199	1E-30	1.54782912810588E-11	0.425578750968883	1.15183075608654E-10	2.17656041577833E-12	0.609219608878774	1.46645769392432E-11	6.96207596274152E-12	4.41959507436565	4.96191135467752E-12	8.43965952263397E-12	5.01759703019168	1E10	1E-30	1E-10	1E10	1E-30	1E-10	1E10	1E-30	1E-10	1E10	1E-30	1E-10	1E10	1E-30	1E-10	1E10	1E-30	1E-10	1E10	1E-30	1E-10	1E10	1E-30	1E-10	1E10	1E-30	1E-10	1E10	1E-30	1E-10
170	7E-12	1E10	1E10	1E-30	2.06952739448518E-10	1E10	1E-30	1E10	0.19773647633665	1E-30	2.21655055137666E-12	0.624625834899199	1E-30	1.54782912810588E-11	0.425578750968883	1.15183075608654E-10	2.17656041577833E-12	0.609219608878774	1.46645769392432E-11	6.96207596274152E-12	4.41959507436565	4.96191135467752E-12	8.43965952263397E-12	5.01759703019168	1E10	1E-30	1E-10	1E10	1E-30	1E-10	1E10	1E-30	1E-10	1E10	1E-30	1E-10	1E10	1E-30	1E-10	1E10	1E-30	1E-10	1E10	1E-30	1E-10	1E10	1E-30	1E-10	1E10	1E-30	1E-10	1E10	1E-30	1E-10
171	7E-12	1E10	1E10	1E-30	2.06952739448518E-10	1E10	1E-30	1E10	0.19773647633665	1E-30	2.21655055137666E-12	0.624625834899199	1E-30	1.54782912810588E-11	0.425578750968883	1.15183075608654E-10	2.17656041577833E-12	0.609219608878774	1.46645769392432E-11	6.96207596274152E-12	4.41959507436565	4.96191135467752E-12	8.43965952263397E-12	5.01759703019168	1E10	1E-30	1E-10	1E10	1E-30	1E-10	1E10	1E-30	1E-10	1E10	1E-30	1E-10	1E10	1E-30	1E-10	1E10	1E-30	1E-10	1E10	1E-30	1E-10	1E10	1E-30	1E-10	1E10	1E-30	1E-10	1E10	1E-30	1E-10
172	7E-12	1E10	1E11	1E-30	2.06952739448518E-10	1E10	1E-30	1E10	0.19773647633665	1E-30	2.21655055137666E-12	0.624625834899199	1E-30	1.54782912810588E-11	0.425578750968883	1.15183075608654E-10	2.17656041577833E-12	0.609219608878774	1.46645769392432E-11	6.96207596274152E-12	4.41959507436565	4.96191135467752E-12	8.43965952263397E-12	5.01759703019168	1E10	1E-30	1E-10	1E10	1E-30	1E-10	1E10	1E-30	1E-10	1E10	1E-30	1E-10	1E10	1E-30	1E-10	1E10	1E-30	1E-10	1E10	1E-30	1E-10	1E10	1E-30	1E-10	1E10	1E-30	1E-10	1E10	1E-30	1E-10
173	7E-12	1E10	1E11	1E-30	2.06952739448518E-10	1E10	1E-30	1E10	0.19773647633665	1E-30	2.21655055137666E-12	0.624625834899199	1E-30	1.54782912810588E-11	0.425578750968883	1.15183075608654E-10	2.17656041577833E-12	0.609219608878774	1.46645769392432E-11	6.96207596274152E-12	4.41959507436565	4.96191135467752E-12	8.43965952263397E-12	5.01759703019168	1E10	1E-30	1E-10	1E10	1E-30	1E-10	1E10	1E-30	1E-10	1E10	1E-30	1E-10	1E10	1E-30	1E-10	1E10	1E-30	1E-10	1E10	1E-30	1E-10	1E10	1E-30	1E-10	1E10	1E-30	1E-10	1E10	1E-30	1E-10
174	7.5E-12	1E10	1E10	1E-30	1.94927137438139E-10	1E10	1E-30	1E10	0.195134911026247	1E-30	1.06854799789359E-11	3.5299980729778	1E-30	1.64047682158912E-11	0.250057740572298	1.25366484816162E-10	2.15866207377198E-12	0.639428965100861	1.53330868744119E-11	7.43424082426597E-12	4.70652298443849	1.25497494859812E-11	4.02014840818172E-12	1.83104991689979	6.17754398470127E-11	5.04937924974834E-13	0.956640825577398	2.68060276040504E-12	6.05851564446198E-12	9.93740093836861	1E10	1E-30	1E-10	1E10	1E-30	1E-10	1E10	1E-30	1E-10	1E10	1E-30	1E-10	1E10	1E-30	1E-10	1E10	1E-30	1E-10	1E10	1E-30	1E-10	1E10	1E-30	1E-10
175	7.5E-12	1E10	1E10	1E-30	1.94927137438139E-10	1E10	1E-30	1E10	0.195134911026247	1E-30	1.06854799789359E-11	3.5299980729778	1E-30	1.64047682158912E-11	0.250057740572298	1.25366484816162E-10	2.15866207377198E-12	0.639428965100861	1.53330868744119E-11	7.43424082426597E-12	4.70652298443849	1.25497494859812E-11	4.02014840818172E-12	1.83104991689979	6.17754398470127E-11	5.04937924974834E-13	0.956640825577398	2.68060276040504E-12	6.05851564446198E-12	9.93740093836861	1E10	1E-30	1E-10	1E10	1E-30	1E-10	1E10	1E-30	1E-10	1E10	1E-30	1E-10	1E10	1E-30	1E-10	1E10	1E-30	1E-10	1E10	1E-30	1E-10	1E10	1E-30	1E-10
176	7.5E-12	1E10	1E11	1E-30	1.94927137438139E-10	1E10	1E-30	1E10	0.195134911026247	1E-30	1.06854799789359E-11	3.5299980729778	1E-30	1.64047682158912E-11	0.250057740572298	1.25366484816162E-10	2.15866207377198E-12	0.639428965100861	1.53330868744119E-11	7.43424082426597E-12	4.70652298443849	1.25497494859812E-11	4.02014840818172E-12	1.83104991689979	6.17754398470127E-11	5.04937924974834E-13	0.956640825577398	2.68060276040504E-12	6.05851564446198E-12	9.93740093836861	1E10	1E-30	1E-10	1E10	1E-30	1E-10	1E10	1E-30	1E-10	1E10	1E-30	1E-10	1E10	1E-30	1E-10	1E10	1E-30	1E-10	1E10	1E-30	1E-10	1E10	1E-30	1E-10
177	7.5E-12	1E10	1E11	1E-30	1.94927137438139E-10	1E10	1E-30	1E10	0.195134911026247	1E-30	1.06854799789359E-11	3.5299980729778	1E-30	1.64047682158912E-11	0.250057740572298	1.25366484816162E-10	2.15866207377198E-12	0.639428965100861	1.53330868744119E-11	7.43424082426597E-12	4.70652298443849	1.25497494859812E-11	4.02014840818172E-12	1.83104991689979	6.17754398470127E-11	5.04937924974834E-13	0.956640825577398	2.68060276040504E-12	6.05851564446198E-12	9.93740093836861	1E10	1E-30	1E-10	1E10	1E-30	1E-10	1E10	1E-30	1E-10	1E10	1E-30	1E-10	1E10	1E-30	1E-10	1E10	1E-30	1E-10	1E10	1E-30	1E-10	1E10	1E-30	1E-10
178	8E-12	1E10	1E10	1E-30	2.044588355548E-10	1E10	1E-30	1E10	0.183957260958375	1E-30	1.11663014819694E-11	3.50466985508043	1E-30	1.85952710259304E-11	0.251317235243627	1.44911997812382E-10	2.03476346219779E-12	0.545096995946957	1.57606265741054E-11	7.6228166197115E-12	4.08653924804302	1.19857136612053E-11	4.42663266908927E-12	2.32527214231246	2.82758128709951E-11	9.68244651777821E-13	1.44259159148061	3.51338667555051E-12	5.0605651502016E-12	8.95103171358889	1E10	1E-30	1E-10	1E10	1E-30	1E-10	1E10	1E-30	1E-10	1E10	1E-30	1E-10	1E10	1E-30	1E-10	1E10	1E-30	1E-10	1E10	1E-30	1E-10	1E10	1E-30	1E-10
179	8E-12	1E10	1E10	1E-30	2.044588355548E-10	1E10	1E-30	1E10	0.183957260958375	1E-30	1.11663014819694E-11	3.50466985508043	1E-30	1.85952710259304E-11	0.251317235243627	1.44911997812382E-10	2.03476346219779E-12	0.545096995946957	1.57606265741054E-11	7.6228166197115E-12	4.08653924804302	1.19857136612053E-11	4.42663266908927E-12	2.32527214231246	2.82758128709951E-11	9.68244651777821E-13	1.44259159148061	3.51338667555051E-12	5.0605651502016E-12	8.95103171358889	1E10	1E-30	1E-10	1E10	1E-30	1E-10	1E10	1E-30	1E-10	1E10	1E-30	1E-10	1E10	1E-30	1E-10	1E10	1E-30	1E-10	1E10	1E-30	1E-10	1E10	1E-30	1E-10
180	8E-12	1E10	1E11	1E-30	2.044588355548E-10	1E10	1E-30	1E10	0.183957260958375	1E-30	1.11663014819694E-11	3.50466985508043	1E-30	1.85952710259304E-11	0.251317235243627	1.44911997812382E-10	2.03476346219779E-12	0.545096995946957	1.57606265741054E-11	7.6228166197115E-12	4.08653924804302	1.19857136612053E-11	4.42663266908927E-12	2.32527214231246	2.82758128709951E-11	9.68244651777821E-13	1.44259159148061	3.51338667555051E-12	5.0605651502016E-12	8.95103171358889	1E10	1E-30	1E-10	1E10	1E-30	1E-10	1E10	1E-30	1E-10	1E10	1E-30	1E-10	1E10	1E-30	1E-10	1E10	1E-30	1E-10	1E10	1E-30	1E-10	1E10	1E-30	1E-10
181	8E-12	1E10	1E11	1E-30	2.044588355548E-10	1E10	1E-30	1E10	0.183957260958375	1E-30	1.11663014819694E-11	3.50466985508043	1E-30	1.85952710259304E-11	0.251317235243627	1.44911997812382E-10	2.03476346219779E-12	0.545096995946957	1.57606265741054E-11	7.6228166197115E-12	4.08653924804302	1.19857136612053E-11	4.42663266908927E-12	2.32527214231246	2.82758128709951E-11	9.68244651777821E-13	1.44259159148061	3.51338667555051E-12	5.0605651502016E-12	8.95103171358889	1E10	1E-30	1E-10	1E10	1E-30	1E-10	1E10	1E-30	1E-10	1E10	1E-30	1E-10	1E10	1E-30	1E-10	1E10	1E-30	1E-10	1E10	1E-30	1E-10	1E10	1E-30	1E-10
182	8.2E-12	1E10	1E10	1E-30	2.044588355548E-10	1E10	1E-30	1E10	0.183957260958375	1E-30	1.11663014819694E-11	3.50466985508043	1E-30	1.85952710259304E-11	0.251317235243627	1.44911997812382E-10	2.03476346219779E-12	0.545096995946957	1.57606265741054E-11	7.6228166197115E-12	4.08653924804302	1.19857136612053E-11	4.42663266908927E-12	2.32527214231246	2.82758128709951E-11	9.68244651777821E-13	1.44259159148061	3.51338667555051E-12	5.0605651502016E-12	8.95103171358889	1E10	1E-30	1E-10	1E10	1E-30	1E-10	1E10	1E-30	1E-10	1E10	1E-30	1E-10	1E10	1E-30	1E-10	1E10	1E-30	1E-10	1E10	1E-30	1E-10	1E10	1E-30	1E-10
183	8.2E-12	1E10	1E10	1E-30	2.044588355548E-10	1E10	1E-30	1E10	0.183957260958375	1E-30	1.11663014819694E-11	3.50466985508043	1E-30	1.85952710259304E-11	0.251317235243627	1.44911997812382E-10	2.03476346219779E-12	0.545096995946957	1.57606265741054E-11	7.6228166197115E-12	4.08653924804302	1.19857136612053E-11	4.42663266908927E-12	2.32527214231246	2.82758128709951E-11	9.68244651777821E-13	1.44259159148061	3.51338667555051E-12	5.0605651502016E-12	8.95103171358889	1E10	1E-30	1E-10	1E10	1E-30	1E-10	1E10	1E-30	1E-10	1E10	1E-30	1E-10	1E10	1E-30	1E-10	1E10	1E-30	1E-10	1E10	1E-30	1E-10	1E10	1E-30	1E-10
184	8.2E-12	1E10	1E10	1E-30	2.044588355548E-10	1E10	1E-30	1E10	0.183957260958375	1E-30	1.11663014819694E-11	3.50466985508043	1E-30	1.85952710259304E-11	0.251317235243627	1.44911997812382E-10	2.03476346219779E-12	0.545096995946957	1.57606265741054E-11	7.6228166197115E-12	4.08653924804302	1.19857136612053E-11	4.42663266908927E-12	2.32527214231246	2.82758128709951E-11	9.68244651777821E-13	1.44259159148061	3.51338667555051E-12	5.0605651502016E-12	8.95103171358889	1E10	1E-30	1E-10	1E10	1E-30	1E-10	1E10	1E-30	1E-10	1E10	1E-30	1E-10	1E10	1E-30	1E-10	1E10	1E-30	1E-10	1E10	1E-30	1E-10	1E10	1E-30	1E-10
185	8.2E-12	1E10	1E11	1E-30	2.044588355548E-10	1E10	1E-30	1E10	0.183957260958375	1E-30	1.11663014819694E-11	3.50466985508043	1E-30	1.85952710259304E-11	0.251317235243627	1.44911997812382E-10	2.03476346219779E-12	0.545096995946957	1.57606265741054E-11	7.6228166197115E-12	4.08653924804302	1.19857136612053E-11	4.42663266908927E-12	2.32527214231246	2.82758128709951E-11	9.68244651777821E-13	1.44259159148061	3.51338667555051E-12	5.0605651502016E-12	8.95103171358889	1E10	1E-30	1E-10	1E10	1E-30	1E-10	1E10	1E-30	1E-10	1E10	1E-30	1E-10	1E10	1E-30	1E-10	1E10	1E-30	1E-10	1E10	1E-30	1E-10	1E10	1E-30	1E-10
186	8.2E-12	1E10	1E11	1E-30	2.044588355548E-10	1E10	1E-30	1E10	0.183957260958375	1E-30	1.11663014819694E-11	3.50466985508043	1E-30	1.85952710259304E-11	0.251317235243627	1.44911997812382E-10	2.03476346219779E-12	0.545096995946957	1.57606265741054E-11	7.6228166197115E-12	4.08653924804302	1.19857136612053E-11	4.42663266908927E-12	2.32527214231246	2.82758128709951E-11	9.68244651777821E-13	1.44259159148061	3.51338667555051E-12	5.0605651502016E-12	8.95103171358889	1E10	1E-30	1E-10	1E10	1E-30	1E-10	1E10	1E-30	1E-10	1E10	1E-30	1E-10	1E10	1E-30	1E-10	1E10	1E-30	1E-10	1E10	1E-30	1E-10	1E10	1E-30	1E-10
187	8.2E-12	1E10	1E11	1E-30	2.044588355548E-10	1E10	1E-30	1E10	0.183957260958375	1E-30	1.11663014819694E-11	3.50466985508043	1E-30	1.85952710259304E-11	0.251317235243627	1.44911997812382E-10	2.03476346219779E-12	0.545096995946957	1.57606265741054E-11	7.6228166197115E-12	4.08653924804302	1.19857136612053E-11	4.42663266908927E-12	2.32527214231246	2.82758128709951E-11	9.68244651777821E-13	1.44259159148061	3.51338667555051E-12	5.0605651502016E-12	8.95103171358889	1E10	1E-30	1E-10	1E10	1E-30	1E-10	1E10	1E-30	1E-10	1E10	1E-30	1E-10	1E10	1E-30	1E-10	1E10	1E-30	1E-10	1E10	1E-30	1E-10	1E10	1E-30	1E-10
188	9E-12	1E10	1E10	1E-30	2.13299654916179E-10	1E10	1E-30	1E10	0.181504720293449	1E-30	1.70548845077672E-11	7.37281523935637	1E-30	1.85262640873951E-11	0.267729077575991	1.36772018574289E-10	2.25947364894606E-12	0.442800743159522	1.45600210130822E-11	7.60627505116902E-12	3.68305615977429	9.32185821931377E-11	6.0896644639421E-13	0.429956561812643	2.3374805175609E-11	1.67377269692407E-12	1.91875914010142	1.42097938221991E-11	1.38118915611462E-12	3.48780105277331	1E10	1E-30	1E-10	1E10	1E-30	1E-10	1E10	1E-30	1E-10	1E10	1E-30	1E-10	1E10	1E-30	1E-10	1E10	1E-30	1E-10	1E10	1E-30	1E-10	1E10	1E-30	1E-10
189	9E-12	1E10	1E10	1E-30	2.13299654916179E-10	1E10	1E-30	1E10	0.181504720293449	1E-30	1.70548845077672E-11	7.37281523935637	1E-30	1.85262640873951E-11	0.267729077575991	1.36772018574289E-10	2.25947364894606E-12	0.442800743159522	1.45600210130822E-11	7.60627505116902E-12	3.68305615977429	9.32185821931377E-11	6.0896644639421E-13	0.429956561812643	2.3374805175609E-11	1.67377269692407E-12	1.91875914010142	1.42097938221991E-11	1.38118915611462E-12	3.48780105277331	1E10	1E-30	1E-10	1E10	1E-30	1E-10	1E10	1E-30	1E-10	1E10	1E-30	1E-10	1E10	1E-30	1E-10	1E10	1E-30	1E-10	1E10	1E-30	1E-10	1E10	1E-30	1E-10
190	9E-12	1E10	1E11	1E-30	2.13299654916179E-10	1E10	1E-30	1E10	0.181504720293449	1E-30	1.70548845077672E-11	7.37281523935637	1E-30	1.85262640873951E-11	0.267729077575991	1.36772018574289E-10	2.25947364894606E-12	0.442800743159522	1.45600210130822E-11	7.60627505116902E-12	3.68305615977429	9.32185821931377E-11	6.0896644639421E-13	0.429956561812643	2.3374805175609E-11	1.67377269692407E-12	1.91875914010142	1.42097938221991E-11	1.38118915611462E-12	3.48780105277331	1E10	1E-30	1E-10	1E10	1E-30	1E-10	1E10	1E-30	1E-10	1E10	1E-30	1E-10	1E10	1E-30	1E-10	1E10	1E-30	1E-10	1E10	1E-30	1E-10	1E10	1E-30	1E-10
191	9E-12	1E10	1E11	1E-30	2.13299654916179E-10	1E10	1E-30	1E10	0.181504720293449	1E-30	1.70548845077672E-11	7.37281523935637	1E-30	1.85262640873951E-11	0.267729077575991	1.36772018574289E-10	2.25947364894606E-12	0.442800743159522	1.45600210130822E-11	7.60627505116902E-12	3.68305615977429	9.32185821931377E-11	6.0896644639421E-13	0.429956561812643	2.3374805175609E-11	1.67377269692407E-12	1.91875914010142	1.42097938221991E-11	1.38118915611462E-12	3.48780105277331	1E10	1E-30	1E-10	1E10	1E-30	1E-10	1E10	1E-30	1E-10	1E10	1E-30	1E-10	1E10	1E-30	1E-10	1E10	1E-30	1E-10	1E10	1E-30	1E-10	1E10	1E-30	1E-10
192	9.1E-12	1E10	1E10	1E-30	2.13299654916179E-10	1E10	1E-30	1E10	0.181504720293449	1E-30	1.70548845077672E-11	7.37281523935637	1E-30	1.85262640873951E-11	0.267729077575991	1.36772018574289E-10	2.25947364894606E-12	0.442800743159522	1.45600210130822E-11	7.60627505116902E-12	3.68305615977429	9.32185821931377E-11	6.0896644639421E-13	0.429956561812643	2.3374805175609E-11	1.67377269692407E-12	1.91875914010142	1.42097938221991E-11	1.38118915611462E-12	3.48780105277331	1E10	1E-30	1E-10	1E10	1E-30	1E-10	1E10	1E-30	1E-10	1E10	1E-30	1E-10	1E10	1E-30	1E-10	1E10	1E-30	1E-10	1E10	1E-30	1E-10	1E10	1E-30	1E-10
193	9.1E-12	1E10	1E10	1E-30	2.13299654916179E-10	1E10	1E-30	1E10	0.181504720293449	1E-30	1.70548845077672E-11	7.37281523935637	1E-30	1.85262640873951E-11	0.267729077575991	1.36772018574289E-10	2.25947364894606E-12	0.442800743159522	1.45600210130822E-11	7.60627505116902E-12	3.68305615977429	9.32185821931377E-11	6.0896644639421E-13	0.429956561812643	2.3374805175609E-11	1.67377269692407E-12	1.91875914010142	1.42097938221991E-11	1.38118915611462E-12	3.48780105277331	1E10	1E-30	1E-10	1E10	1E-30	1E-10	1E10	1E-30	1E-10	1E10	1E-30	1E-10	1E10	1E-30	1E-10	1E10	1E-30	1E-10	1E10	1E-30	1E-10	1E10	1E-30	1E-10
194	9.1E-12	1E10	1E11	1E-30	2.13299654916179E-10	1E10	1E-30	1E10	0.181504720293449	1E-30	1.70548845077672E-11	7.37281523935637	1E-30	1.85262640873951E-11	0.267729077575991	1.36772018574289E-10	2.25947364894606E-12	0.442800743159522	1.45600210130822E-11	7.60627505116902E-12	3.68305615977429	9.32185821931377E-11	6.0896644639421E-13	0.429956561812643	2.3374805175609E-11	1.67377269692407E-12	1.91875914010142	1.42097938221991E-11	1.38118915611462E-12	3.48780105277331	1E10	1E-30	1E-10	1E10	1E-30	1E-10	1E10	1E-30	1E-10	1E10	1E-30	1E-10	1E10	1E-30	1E-10	1E10	1E-30	1E-10	1E10	1E-30	1E-10	1E10	1E-30	1E-10
195	9.1E-12	1E10	1E11	1E-30	2.13299654916179E-10	1E10	1E-30	1E10	0.181504720293449	1E-30	1.70548845077672E-11	7.37281523935637	1E-30	1.85262640873951E-11	0.267729077575991	1.36772018574289E-10	2.25947364894606E-12	0.442800743159522	1.45600210130822E-11	7.60627505116902E-12	3.68305615977429	9.32185821931377E-11	6.0896644639421E-13	0.429956561812643	2.3374805175609E-11	1.67377269692407E-12	1.91875914010142	1.42097938221991E-11	1.38118915611462E-12	3.48780105277331	1E10	1E-30	1E-10	1E10	1E-30	1E-10	1E10	1E-30	1E-10	1E10	1E-30	1E-10	1E10	1E-30	1E-10	1E10	1E-30	1E-10	1E10	1E-30	1E-10	1E10	1E-30	1E-10
196	1E-11	1E10	1E10	1E-30	2.22487164015715E-10	1E10	1E-30	1E10	0.17608692079091	1E-30	6.05496229773956E-12	1.73180115331059	1E-30	1.81271067357619E-11	0.310377615589898	1.44494553596402E-10	2.42214828641374E-12	0.506715891690639	1.59694403356683E-11	8.08423530878289E-12	3.67083213482163	2.15344056264095E-11	2.02462212009801E-12	2.47063533172411	7.80683203802415E-12	3.09536338603211E-12	3.64005688767071	1E10	1E-30	1E-10	1E10	1E-30	1E-10	1E10	1E-30	1E-10	1E10	1E-30	1E-10	1E10	1E-30	1E-10	1E10	1E-30	1E-10	1E10	1E-30	1E-10	1E10	1E-30	1E-10	1E10	1E-30	1E-10
197	1E-11	1E10	1E10	1E-30	2.22487164015715E-10	1E10	1E-30	1E10	0.17608692079091	1E-30	6.05496229773956E-12	1.73180115331059	1E-30	1.81271067357619E-11	0.310377615589898	1.44494553596402E-10	2.42214828641374E-12	0.506715891690639	1.59694403356683E-11	8.08423530878289E-12	3.67083213482163	2.15344056264095E-11	2.02462212009801E-12	2.47063533172411	7.80683203802415E-12	3.09536338603211E-12	3.64005688767071	1E10	1E-30	1E-10	1E10	1E-30	1E-10	1E10	1E-30	1E-10	1E10	1E-30	1E-10	1E10	1E-30	1E-10	1E10	1E-30	1E-10	1E10	1E-30	1E-10	1E10	1E-30	1E-10	1E10	1E-30	1E-10
198	1E-11	1E10	1E10	1E-30	2.22487164015715E-10	1E10	1E-30	1E10	0.17608692079091	1E-30	6.05496229773956E-12	1.73180115331059	1E-30	1.81271067357619E-11	0.310377615589898	1.44494553596402E-10	2.42214828641374E-12	0.506715891690639	1.59694403356683E-11	8.08423530878289E-12	3.67083213482163	2.15344056264095E-11	2.02462212009801E-12	2.47063533172411	7.80683203802415E-12	3.09536338603211E-12	3.64005688767071	1E10	1E-30	1E-10	1E10	1E-30	1E-10	1E10	1E-30	1E-10	1E10	1E-30	1E-10	1E10	1E-30	1E-10	1E10	1E-30	1E-10	1E10	1E-30	1E-10	1E10	1E-30	1E-10	1E10	1E-30	1E-10
199	1E-11	1E10	1E10	1E-30	2.22487164015715E-10	1E10	1E-30	1E10	0.17608692079091	1E-30	6.05496229773956E-12	1.73180115331059	1E-30	1.81271067357619E-11	0.310377615589898	1.44494553596402E-10	2.42214828641374E-12	0.506715891690639	1.59694403356683E-11	8.08423530878289E-12	3.67083213482163	2.15344056264095E-11	2.02462212009801E-12	2.47063533172411	7.80683203802415E-12	3.09536338603211E-12	3.64005688767071	1E10	1E-30	1E-10	1E10	1E-30	1E-10	1E10	1E-30	1E-10	1E10	1E-30	1E-10	1E10	1E-30	1E-10	1E10	1E-30	1E-10	1E10	1E-30	1E-10	1E10	1E-30	1E-10	1E10	1E-30	1E-10
200	1E-11	1E10	1E10	1E-30	2.22487164015715E-10	1E10	1E-30	1E10	0.17608692079091	1E-30	6.05496229773956E-12	1.73180115331059	1E-30	1.81271067357619E-11	0.310377615589898	1.44494553596402E-10	2.42214828641374E-12	0.506715891690639	1.59694403356683E-11	8.08423530878289E-12	3.67083213482163	2.15344056264095E-11	2.02462212009801E-12	2.47063533172411	7.80683203802415E-12	3.09536338603211E-12	3.64005688767071	1E10	1E-30	1E-10	1E10	1E-30	1E-10	1E10	1E-30	1E-10	1E10	1E-30	1E-10	1E10	1E-30	1E-10	1E10	1E-30	1E-10	1E10	1E-30	1E-10	1E10	1E-30	1E-10	1E10	1E-30	1E-10
201	1E-11	1E10	1E10	1E-30	2.22487164015715E-10	1E10	1E-30	1E10	0.17608692079091	1E-30	6.05496229773956E-12	1.73180115331059	1E-30	1.81271067357619E-11	0.310377615589898	1.44494553596402E-10	2.42214828641374E-12	0.506715891690639	1.59694403356683E-11	8.08423530878289E-12	3.67083213482163	2.15344056264095E-11	2.02462212009801E-12	2.47063533172411	7.80683203802415E-12	3.09536338603211E-12	3.64005688767071	1E10	1E-30	1E-10	1E10	1E-30	1E-10	1E10	1E-30	1E-10	1E10	1E-30	1E-10	1E10	1E-30	1E-10	1E10	1E-30	1E-10	1E10	1E-30	1E-10	1E10	1E-30	1E-10	1E10	1E-30	1E-10
202	1E-11	1E10	1E11	1E-30	2.22487164015715E-10	1E10	1E-30	1E10	0.17608692079091	1E-30	6.05496229773956E-12	1.73180115331059	1E-30	1.81271067357619E-11	0.310377615589898	1.44494553596402E-10	2.42214828641374E-12	0.506715891690639	1.59694403356683E-11	8.08423530878289E-12	3.67083213482163	2.15344056264095E-11	2.02462212009801E-12	2.47063533172411	7.80683203802415E-12	3.09536338603211E-12	3.64005688767071	1E10	1E-30	1E-10	1E10	1E-30	1E-10	1E10	1E-30	1E-10	1E10	1E-30	1E-10	1E10	1E-30	1E-10	1E10	1E-30	1E-10	1E10	1E-30	1E-10	1E10	1E-30	1E-10	1E10	1E-30	1E-10
203	1E-11	1E10	1E11	1E-30	2.22487164015715E-10	1E10	1E-30	1E10	0.17608692079091	1E-30	6.05496229773956E-12	1.73180115331059	1E-30	1.81271067357619E-11	0.310377615589898	1.44494553596402E-10	2.42214828641374E-12	0.506715891690639	1.59694403356683E-11	8.08423530878289E-12	3.67083213482163	2.15344056264095E-11	2.02462212009801E-12	2.47063533172411	7.80683203802415E-12	3.09536338603211E-12	3.64005688767071	1E10	1E-30	1E-10	1E10	1E-30	1E-10	1E10	1E-30	1E-10	1E10	1E-30	1E-10	1E10	1E-30	1E-10	1E10	1E-30	1E-10	1E10	1E-30	1E-10	1E10	1E-30	1E-10	1E10	1E-30	1E-10
204	1E-11	1E10	1E11	1E-30	2.22487164015715E-10	1E10	1E-30	1E10	0.17608692079091	1E-30	6.05496229773956E-12	1.73180115331059	1E-30	1.81271067357619E-11	0.310377615589898	1.44494553596402E-10	2.42214828641374E-12	0.506715891690639	1.59694403356683E-11	8.08423530878289E-12	3.67083213482163	2.15344056264095E-11	2.02462212009801E-12	2.47063533172411	7.80683203802415E-12	3.09536338603211E-12	3.64005688767071	1E10	1E-30	1E-10	1E10	1E-30	1E-10	1E10	1E-30	1E-10	1E10	1E-30	1E-10	1E10	1E-30	1E-10	1E10	1E-30	1E-10	1E10	1E-30	1E-10	1E10	1E-30	1E-10	1E10	1E-30	1E-10
205	1E-11	1E10	1E11	1E-30	2.22487164015715E-10	1E10	1E-30	1E10	0.17608692079091	1E-30	6.05496229773956E-12	1.73180115331059	1E-30	1.81271067357619E-11	0.310377615589898	1.44494553596402E-10	2.42214828641374E-12	0.506715891690639	1.59694403356683E-11	8.08423530878289E-12	3.67083213482163	2.15344056264095E-11	2.02462212009801E-12	2.47063533172411	7.80683203802415E-12	3.09536338603211E-12	3.64005688767071	1E10	1E-30	1E-10	1E10	1E-30	1E-10	1E10	1E-30	1E-10	1E10	1E-30	1E-10	1E10	1E-30	1E-10	1E10	1E-30	1E-10	1E10	1E-30	1E-10	1E10	1E-30	1E-10	1E10	1E-30	1E-10
206	1E-11	1E10	1E11	1E-30	2.22487164015715E-10	1E10	1E-30	1E10	0.17608692079091	1E-30	6.05496229773956E-12	1.73180115331059	1E-30	1.81271067357619E-11	0.310377615589898	1.44494553596402E-10	2.42214828641374E-12	0.506715891690639	1.59694403356683E-11	8.08423530878289E-12	3.67083213482163	2.15344056264095E-11	2.02462212009801E-12	2.47063533172411	7.80683203802415E-12	3.09536338603211E-12	3.64005688767071	1E10	1E-30	1E-10	1E10	1E-30	1E-10	1E10	1E-30	1E-10	1E10	1E-30	1E-10	1E10	1E-30	1E-10	1E10	1E-30	1E-10	1E10	1E-30	1E-10	1E10	1E-30	1E-10	1E10	1E-30	1E-10
207	1E-11	1E10	1E11	1E-30	2.22487164015715E-10	1E10	1E-30	1E10	0.17608692079091	1E-30	6.05496229773956E-12	1.73180115331059	1E-30	1.81271067357619E-11	0.310377615589898	1.44494553596402E-10	2.42214828641374E-12	0.506715891690639	1.59694403356683E-11	8.08423530878289E-12	3.67083213482163	2.15344056264095E-11	2.02462212009801E-12	2.47063533172411	7.80683203802415E-12	3.09536338603211E-12	3.64005688767071	1E10	1E-30	1E-10	1E10	1E-30	1E-10	1E10	1E-30	1E-10	1E10	1E-30	1E-10	1E10	1E-30	1E-10	1E10	1E-30	1E-10	1E10	1E-30	1E-10	1E10	1E-30	1E-10	1E10	1E-30	1E-10
208	1.1E-11	1E10	1E10	1E-30	2.18049026172064E-10	1E10	1E-30	1E10	0.175273299850961	1E-30	1.90863783742632E-11	7.0032640001132	1E-30	2.19149512651734E-11	0.254737036880248	1.58082599946186E-10	2.39082738574166E-12	0.404684964481354	1.88794712572672E-11	7.08336108928064E-12	2.59256084128164	2.40915897565505E-11	1.90387783520853E-12	1.49453491586701	1.02302577104467E-10	2.47460018494581E-13	0.488651240833851	5.32205892868441E-11	3.60437889504063E-13	0.889678133100198	1E10	1E-30	1E-10	1E10	1E-30	1E-10	1E10	1E-30	1E-10	1E10	1E-30	1E-10	1E10	1E-30	1E-10	1E10	1E-30	1E-10	1E10	1E-30	1E-10	1E10	1E-30	1E-10
209	1.1E-11	1E10	1E10	1E-30	2.18049026172064E-10	1E10	1E-30	1E10	0.175273299850961	1E-30	1.90863783742632E-11	7.0032640001132	1E-30	2.19149512651734E-11	0.254737036880248	1.58082599946186E-10	2.39082738574166E-12	0.404684964481354	1.88794712572672E-11	7.08336108928064E-12	2.59256084128164	2.40915897565505E-11	1.90387783520853E-12	1.49453491586701	1.02302577104467E-10	2.47460018494581E-13	0.488651240833851	5.32205892868441E-11	3.60437889504063E-13	0.889678133100198	1E10	1E-30	1E-10	1E10	1E-30	1E-10	1E10	1E-30	1E-10	1E10	1E-30	1E-10	1E10	1E-30	1E-10	1E10	1E-30	1E-10	1E10	1E-30	1E-10	1E10	1E-30	1E-10
210	1.1E-11	1E10	1E10	1E-30	2.18049026172064E-10	1E10	1E-30	1E10	0.175273299850961	1E-30	1.90863783742632E-11	7.0032640001132	1E-30	2.19149512651734E-11	0.254737036880248	1.58082599946186E-10	2.39082738574166E-12	0.404684964481354	1.88794712572672E-11	7.08336108928064E-12	2.59256084128164	2.40915897565505E-11	1.90387783520853E-12	1.49453491586701	1.02302577104467E-10	2.47460018494581E-13	0.488651240833851	5.32205892868441E-11	3.60437889504063E-13	0.889678133100198	1E10	1E-30	1E-10	1E10	1E-30	1E-10	1E10	1E-30	1E-10	1E10	1E-30	1E-10	1E10	1E-30	1E-10	1E10	1E-30	1E-10	1E10	1E-30	1E-10	1E10	1E-30	1E-10
211	1.1E-11	1E10	1E10	1E-30	2.18049026172064E-10	1E10	1E-30	1E10	0.175273299850961	1E-30	1.90863783742632E-11	7.0032640001132	1E-30	2.19149512651734E-11	0.254737036880248	1.58082599946186E-10	2.39082738574166E-12	0.404684964481354	1.88794712572672E-11	7.08336108928064E-12	2.59256084128164	2.40915897565505E-11	1.90387783520853E-12	1.49453491586701	1.02302577104467E-10	2.47460018494581E-13	0.488651240833851	5.32205892868441E-11	3.60437889504063E-13	0.889678133100198	1E10	1E-30	1E-10	1E10	1E-30	1E-10	1E10	1E-30	1E-10	1E10	1E-30	1E-10	1E10	1E-30	1E-10	1E10	1E-30	1E-10	1E10	1E-30	1E-10	1E10	1E-30	1E-10
212	1.1E-11	1E10	1E10	1E-30	2.18049026172064E-10	1E10	1E-30	1E10	0.175273299850961	1E-30	1.90863783742632E-11	7.0032640001132	1E-30	2.19149512651734E-11	0.254737036880248	1.58082599946186E-10	2.39082738574166E-12	0.404684964481354	1.88794712572672E-11	7.08336108928064E-12	2.59256084128164	2.40915897565505E-11	1.90387783520853E-12	1.49453491586701	1.02302577104467E-10	2.47460018494581E-13	0.488651240833851	5.32205892868441E-11	3.60437889504063E-13	0.889678133100198	1E10	1E-30	1E-10	1E10	1E-30	1E-10	1E10	1E-30	1E-10	1E10	1E-30	1E-10	1E10	1E-30	1E-10	1E10	1E-30	1E-10	1E10	1E-30	1E-10	1E10	1E-30	1E-10
213	1.1E-11	1E10	1E10	1E-30	2.18049026172064E-10	1E10	1E-30	1E10	0.175273299850961	1E-30	1.90863783742632E-11	7.0032640001132	1E-30	2.19149512651734E-11	0.254737036880248	1.58082599946186E-10	2.39082738574166E-12	0.404684964481354	1.88794712572672E-11	7.08336108928064E-12	2.59256084128164	2.40915897565505E-11	1.90387783520853E-12	1.49453491586701	1.02302577104467E-10	2.47460018494581E-13	0.488651240833851	5.32205892868441E-11	3.60437889504063E-13	0.889678133100198	1E10	1E-30	1E-10	1E10	1E-30	1E-10	1E10	1E-30	1E-10	1E10	1E-30	1E-10	1E10	1E-30	1E-10	1E10	1E-30	1E-10	1E10	1E-30	1E-10	1E10	1E-30	1E-10
214	1.1E-11	1E10	1E11	1E-30	2.18049026172064E-10	1E10	1E-30	1E10	0.175273299850961	1E-30	1.90863783742632E-11	7.0032640001132	1E-30	2.19149512651734E-11	0.254737036880248	1.58082599946186E-10	2.39082738574166E-12	0.404684964481354	1.88794712572672E-11	7.08336108928064E-12	2.59256084128164	2.40915897565505E-11	1.90387783520853E-12	1.49453491586701	1.02302577104467E-10	2.47460018494581E-13	0.488651240833851	5.32205892868441E-11	3.60437889504063E-13	0.889678133100198	1E10	1E-30	1E-10	1E10	1E-30	1E-10	1E10	1E-30	1E-10	1E10	1E-30	1E-10	1E10	1E-30	1E-10	1E10	1E-30	1E-10	1E10	1E-30	1E-10	1E10	1E-30	1E-10
215	1.1E-11	1E10	1E11	1E-30	2.18049026172064E-10	1E10	1E-30	1E10	0.175273299850961	1E-30	1.90863783742632E-11	7.0032640001132	1E-30	2.19149512651734E-11	0.254737036880248	1.58082599946186E-10	2.39082738574166E-12	0.404684964481354	1.88794712572672E-11	7.08336108928064E-12	2.59256084128164	2.40915897565505E-11	1.90387783520853E-12	1.49453491586701	1.02302577104467E-10	2.47460018494581E-13	0.488651240833851	5.32205892868441E-11	3.60437889504063E-13	0.889678133100198	1E10	1E-30	1E-10	1E10	1E-30	1E-10	1E10	1E-30	1E-10	1E10	1E-30	1E-10	1E10	1E-30	1E-10	1E10	1E-30	1E-10	1E10	1E-30	1E-10	1E10	1E-30	1E-10
216	1.1E-11	1E10	1E11	1E-30	2.18049026172064E-10	1E10	1E-30	1E10	0.175273299850961	1E-30	1.90863783742632E-11	7.0032640001132	1E-30	2.19149512651734E-11	0.254737036880248	1.58082599946186E-10	2.39082738574166E-12	0.404684964481354	1.88794712572672E-11	7.08336108928064E-12	2.59256084128164	2.40915897565505E-11	1.90387783520853E-12	1.49453491586701	1.02302577104467E-10	2.47460018494581E-13	0.488651240833851	5.32205892868441E-11	3.60437889504063E-13	0.889678133100198	1E10	1E-30	1E-10	1E10	1E-30	1E-10	1E10	1E-30	1E-10	1E10	1E-30	1E-10	1E10	1E-30	1E-10	1E10	1E-30	1E-10	1E10	1E-30	1E-10	1E10	1E-30	1E-10
217	1.1E-11	1E10	1E11	1E-30	2.18049026172064E-10	1E10	1E-30	1E10	0.175273299850961	1E-30	1.90863783742632E-11	7.0032640001132	1E-30	2.19149512651734E-11	0.254737036880248	1.58082599946186E-10	2.39082738574166E-12	0.404684964481354	1.88794712572672E-11	7.08336108928064E-12	2.59256084128164	2.40915897565505E-11	1.90387783520853E-12	1.49453491586701	1.02302577104467E-10	2.47460018494581E-13	0.488651240833851	5.32205892868441E-11	3.60437889504063E-13	0.889678133100198	1E10	1E-30	1E-10	1E10	1E-30	1E-10	1E10	1E-30	1E-10	1E10	1E-30	1E-10	1E10	1E-30	1E-10	1E10	1E-30	1E-10	1E10	1E-30	1E-10	1E10	1E-30	1E-10
218	1.1E-11	1E10	1E11	1E-30	2.18049026172064E-10	1E10	1E-30	1E10	0.175273299850961	1E-30	1.90863783742632E-11	7.0032640001132	1E-30	2.19149512651734E-11	0.254737036880248	1.58082599946186E-10	2.39082738574166E-12	0.404684964481354	1.88794712572672E-11	7.08336108928064E-12	2.59256084128164	2.40915897565505E-11	1.90387783520853E-12	1.49453491586701	1.02302577104467E-10	2.47460018494581E-13	0.488651240833851	5.32205892868441E-11	3.60437889504063E-13	0.889678133100198	1E10	1E-30	1E-10	1E10	1E-30	1E-10	1E10	1E-30	1E-10	1E10	1E-30	1E-10	1E10	1E-30	1E-10	1E10	1E-30	1E-10	1E10	1E-30	1E-10	1E10	1E-30	1E-10
219	1.1E-11	1E10	1E11	1E-30	2.18049026172064E-10	1E10	1E-30	1E10	0.175273299850961	1E-30	1.90863783742632E-11	7.0032640001132	1E-30	2.19149512651734E-11	0.254737036880248	1.58082599946186E-10	2.39082738574166E-12	0.404684964481354	1.88794712572672E-11	7.08336108928064E-12	2.59256084128164	2.40915897565505E-11	1.90387783520853E-12	1.49453491586701	1.02302577104467E-10	2.47460018494581E-13	0.488651240833851	5.32205892868441E-11	3.60437889504063E-13	0.889678133100198	1E10	1E-30	1E-10	1E10	1E-30	1E-10	1E10	1E-30	1E-10	1E10	1E-30	1E-10	1E10	1E-30	1E-10	1E10	1E-30	1E-10	1E10	1E-30	1E-10	1E10	1E-30	1E-10
220	1.2E-11	1E10	1E10	1E-30	2.13365338794359E-10	1E10	1E-30	1E10	0.175248981639101	1E-30	1.58342889008617E-11	4.90559868703099	1E-30	1.67053908193263E-11	0.209926125911613	1.76565643019057E-10	2.3049968594228E-12	0.395054755182293	2.0686537444267E-11	7.42480234734954E-12	2.62843643836033	2.42176974958248E-11	2.04826341838129E-12	2.36465617560051	4.89317631358473E-11	5.22244608121418E-13	0.966171591939793	1.8900278232671E-11	9.28121640398973E-13	2.08437782921935	1E10	1E-30	1E-10	1E10	1E-30	1E-10	1E10	1E-30	1E-10	1E10	1E-30	1E-10	1E10	1E-30	1E-10	1E10	1E-30	1E-10	1E10	1E-30	1E-10	1E10	1E-30	1E-10
221	1.2E-11	1E10	1E10	1E-30	2.13365338794359E-10	1E10	1E-30	1E10	0.175248981639101	1E-30	1.58342889008617E-11	4.90559868703099	1E-30	1.67053908193263E-11	0.209926125911613	1.76565643019057E-10	2.3049968594228E-12	0.395054755182293	2.0686537444267E-11	7.42480234734954E-12	2.62843643836033	2.42176974958248E-11	2.04826341838129E-12	2.36465617560051	4.89317631358473E-11	5.22244608121418E-13	0.966171591939793	1.8900278232671E-11	9.28121640398973E-13	2.08437782921935	1E10	1E-30	1E-10	1E10	1E-30	1E-10	1E10	1E-30	1E-10	1E10	1E-30	1E-10	1E10	1E-30	1E-10	1E10	1E-30	1E-10	1E10	1E-30	1E-10	1E10	1E-30	1E-10
222	1.2E-11	1E10	1E10	1E-30	2.13365338794359E-10	1E10	1E-30	1E10	0.175248981639101	1E-30	1.58342889008617E-11	4.90559868703099	1E-30	1.67053908193263E-11	0.209926125911613	1.76565643019057E-10	2.3049968594228E-12	0.395054755182293	2.0686537444267E-11	7.42480234734954E-12	2.62843643836033	2.42176974958248E-11	2.04826341838129E-12	2.36465617560051	4.89317631358473E-11	5.22244608121418E-13	0.966171591939793	1.8900278232671E-11	9.28121640398973E-13	2.08437782921935	1E10	1E-30	1E-10	1E10	1E-30	1E-10	1E10	1E-30	1E-10	1E10	1E-30	1E-10	1E10	1E-30	1E-10	1E10	1E-30	1E-10	1E10	1E-30	1E-10	1E10	1E-30	1E-10
223	1.2E-11	1E10	1E10	1E-30	2.13365338794359E-10	1E10	1E-30	1E10	0.175248981639101	1E-30	1.58342889008617E-11	4.90559868703099	1E-30	1.67053908193263E-11	0.209926125911613	1.76565643019057E-10	2.3049968594228E-12	0.395054755182293	2.0686537444267E-11	7.42480234734954E-12	2.62843643836033	2.42176974958248E-11	2.04826341838129E-12	2.36465617560051	4.89317631358473E-11	5.22244608121418E-13	0.966171591939793	1.8900278232671E-11	9.28121640398973E-13	2.08437782921935	1E10	1E-30	1E-10	1E10	1E-30	1E-10	1E10	1E-30	1E-10	1E10	1E-30	1E-10	1E10	1E-30	1E-10	1E10	1E-30	1E-10	1E10	1E-30	1E-10	1E10	1E-30	1E-10
224	1.2E-11	1E10	1E10	1E-30	2.13365338794359E-10	1E10	1E-30	1E10	0.175248981639101	1E-30	1.58342889008617E-11	4.90559868703099	1E-30	1.67053908193263E-11	0.209926125911613	1.76565643019057E-10	2.3049968594228E-12	0.395054755182293	2.0686537444267E-11	7.42480234734954E-12	2.62843643836033	2.42176974958248E-11	2.04826341838129E-12	2.36465617560051	4.89317631358473E-11	5.22244608121418E-13	0.966171591939793	1.8900278232671E-11	9.28121640398973E-13	2.08437782921935	1E10	1E-30	1E-10	1E10	1E-30	1E-10	1E10	1E-30	1E-10	1E10	1E-30	1E-10	1E10	1E-30	1E-10	1E10	1E-30	1E-10	1E10	1E-30	1E-10	1E10	1E-30	1E-10
225	1.2E-11	1E10	1E10	1E-30	2.13365338794359E-10	1E10	1E-30	1E10	0.175248981639101	1E-30	1.58342889008617E-11	4.90559868703099	1E-30	1.67053908193263E-11	0.209926125911613	1.76565643019057E-10	2.3049968594228E-12	0.395054755182293	2.0686537444267E-11	7.42480234734954E-12	2.62843643836033	2.42176974958248E-11	2.04826341838129E-12	2.36465617560051	4.89317631358473E-11	5.22244608121418E-13	0.966171591939793	1.8900278232671E-11	9.28121640398973E-13	2.08437782921935	1E10	1E-30	1E-10	1E10	1E-30	1E-10	1E10	1E-30	1E-10	1E10	1E-30	1E-10	1E10	1E-30	1E-10	1E10	1E-30	1E-10	1E10	1E-30	1E-10	1E10	1E-30	1E-10
226	1.2E-11	1E10	1E11	1E-30	2.13365338794359E-10	1E10	1E-30	1E10	0.175248981639101	1E-30	1.58342889008617E-11	4.90559868703099	1E-30	1.67053908193263E-11	0.209926125911613	1.76565643019057E-10	2.3049968594228E-12	0.395054755182293	2.0686537444267E-11	7.42480234734954E-12	2.62843643836033	2.42176974958248E-11	2.04826341838129E-12	2.36465617560051	4.89317631358473E-11	5.22244608121418E-13	0.966171591939793	1.8900278232671E-11	9.28121640398973E-13	2.08437782921935	1E10	1E-30	1E-10	1E10	1E-30	1E-10	1E10	1E-30	1E-10	1E10	1E-30	1E-10	1E10	1E-30	1E-10	1E10	1E-30	1E-10	1E10	1E-30	1E-10	1E10	1E-30	1E-10
227	1.2E-11	1E10	1E11	1E-30	2.13365338794359E-10	1E10	1E-30	1E10	0.175248981639101	1E-30	1.58342889008617E-11	4.90559868703099	1E-30	1.67053908193263E-11	0.209926125911613	1.76565643019057E-10	2.3049968594228E-12	0.395054755182293	2.0686537444267E-11	7.42480234734954E-12	2.62843643836033	2.42176974958248E-11	2.04826341838129E-12	2.36465617560051	4.89317631358473E-11	5.22244608121418E-13	0.966171591939793	1.8900278232671E-11	9.28121640398973E-13	2.08437782921935	1E10	1E-30	1E-10	1E10	1E-30	1E-10	1E10	1E-30	1E-10	1E10	1E-30	1E-10	1E10	1E-30	1E-10	1E10	1E-30	1E-10	1E10	1E-30	1E-10	1E10	1E-30	1E-10
228	1.2E-11	1E10	1E11	1E-30	2.13365338794359E-10	1E10	1E-30	1E10	0.175248981639101	1E-30	1.58342889008617E-11	4.90559868703099	1E-30	1.67053908193263E-11	0.209926125911613	1.76565643019057E-10	2.3049968594228E-12	0.395054755182293	2.0686537444267E-11	7.42480234734954E-12	2.62843643836033	2.42176974958248E-11	2.04826341838129E-12	2.36465617560051	4.89317631358473E-11	5.22244608121418E-13	0.966171591939793	1.8900278232671E-11	9.28121640398973E-13	2.08437782921935	1E10	1E-30	1E-10	1E10	1E-30	1E-10	1E10	1E-30	1E-10	1E10	1E-30	1E-10	1E10	1E-30	1E-10	1E10	1E-30	1E-10	1E10	1E-30	1E-10	1E10	1E-30	1E-10
229	1.2E-11	1E10	1E11	1E-30	2.13365338794359E-10	1E10	1E-30	1E10	0.175248981639101	1E-30	1.58342889008617E-11	4.90559868703099	1E-30	1.67053908193263E-11	0.209926125911613	1.76565643019057E-10	2.3049968594228E-12	0.395054755182293	2.0686537444267E-11	7.42480234734954E-12	2.62843643836033	2.42176974958248E-11	2.04826341838129E-12	2.36465617560051	4.89317631358473E-11	5.22244608121418E-13	0.966171591939793	1.8900278232671E-11	9.28121640398973E-13	2.08437782921935	1E10	1E-30	1E-10	1E10	1E-30	1E-10	1E10	1E-30	1E-10	1E10	1E-30	1E-10	1E10	1E-30	1E-10	1E10	1E-30	1E-10	1E10	1E-30	1E-10	1E10	1E-30	1E-10
230	1.2E-11	1E10	1E11	1E-30	2.13365338794359E-10	1E10	1E-30	1E10	0.175248981639101	1E-30	1.58342889008617E-11	4.90559868703099	1E-30	1.67053908193263E-11	0.209926125911613	1.76565643019057E-10	2.3049968594228E-12	0.395054755182293	2.0686537444267E-11	7.42480234734954E-12	2.62843643836033	2.42176974958248E-11	2.04826341838129E-12	2.36465617560051	4.89317631358473E-11	5.22244608121418E-13	0.966171591939793	1.8900278232671E-11	9.28121640398973E-13	2.08437782921935	1E10	1E-30	1E-10	1E10	1E-30	1E-10	1E10	1E-30	1E-10	1E10	1E-30	1E-10	1E10	1E-30	1E-10	1E10	1E-30	1E-10	1E10	1E-30	1E-10	1E10	1E-30	1E-10
231	1.2E-11	1E10	1E11	1E-30	2.13365338794359E-10	1E10	1E-30	1E10	0.175248981639101	1E-30	1.58342889008617E-11	4.90559868703099	1E-30	1.67053908193263E-11	0.209926125911613	1.76565643019057E-10	2.3049968594228E-12	0.395054755182293	2.0686537444267E-11	7.42480234734954E-12	2.62843643836033	2.42176974958248E-11	2.04826341838129E-12	2.36465617560051	4.89317631358473E-11	5.22244608121418E-13	0.966171591939793	1.8900278232671E-11	9.28121640398973E-13	2.08437782921935	1E10	1E-30	1E-10	1E10	1E-30	1E-10	1E10	1E-30	1E-10	1E10	1E-30	1E-10	1E10	1E-30	1E-10	1E10	1E-30	1E-10	1E10	1E-30	1E-10	1E10	1E-30	1E-10
232	1.3E-11	1E10	1E10	1E-30	2.18140052262082E-10	1E10	1E-30	1E10	0.17418568532393	1E-30	7.71810470743589E-12	1.93650124093507	1E-30	1.7364939388766E-11	0.185482118808193	1.47179435350957E-10	3.0909455144905E-12	0.391529752215325	2.12012085534251E-11	7.97421002103944E-12	2.2062478439315	2.68267002841205E-11	2.06057404774257E-12	1.70352610274655	4.50354819451899E-11	6.24931286875017E-13	0.848034884072659	4.73158186819404E-11	4.01330396018441E-13	1.45044229856188	1E10	1E-30	1E-10	1E10	1E-30	1E-10	1E10	1E-30	1E-10	1E10	1E-30	1E-10	1E10	1E-30	1E-10	1E10	1E-30	1E-10	1E10	1E-30	1E-10	1E10	1E-30	1E-10
233	1.3E-11	1E10	1E10	1E-30	2.18140052262082E-10	1E10	1E-30	1E10	0.17418568532393	1E-30	7.71810470743589E-12	1.93650124093507	1E-30	1.7364939388766E-11	0.185482118808193	1.47179435350957E-10	3.0909455144905E-12	0.391529752215325	2.12012085534251E-11	7.97421002103944E-12	2.2062478439315	2.68267002841205E-11	2.06057404774257E-12	1.70352610274655	4.50354819451899E-11	6.24931286875017E-13	0.848034884072659	4.73158186819404E-11	4.01330396018441E-13	1.45044229856188	1E10	1E-30	1E-10	1E10	1E-30	1E-10	1E10	1E-30	1E-10	1E10	1E-30	1E-10	1E10	1E-30	1E-10	1E10	1E-30	1E-10	1E10	1E-30	1E-10	1E10	1E-30	1E-10
234	1.3E-11	1E10	1E10	1E-30	2.18140052262082E-10	1E10	1E-30	1E10	0.17418568532393	1E-30	7.71810470743589E-12	1.93650124093507	1E-30	1.7364939388766E-11	0.185482118808193	1.47179435350957E-10	3.0909455144905E-12	0.391529752215325	2.12012085534251E-11	7.97421002103944E-12	2.2062478439315	2.68267002841205E-11	2.06057404774257E-12	1.70352610274655	4.50354819451899E-11	6.24931286875017E-13	0.848034884072659	4.73158186819404E-11	4.01330396018441E-13	1.45044229856188	1E10	1E-30	1E-10	1E10	1E-30	1E-10	1E10	1E-30	1E-10	1E10	1E-30	1E-10	1E10	1E-30	1E-10	1E10	1E-30	1E-10	1E10	1E-30	1E-10	1E10	1E-30	1E-10
235	1.3E-11	1E10	1E10	1E-30	2.18140052262082E-10	1E10	1E-30	1E10	0.17418568532393	1E-30	7.71810470743589E-12	1.93650124093507	1E-30	1.7364939388766E-11	0.185482118808193	1.47179435350957E-10	3.0909455144905E-12	0.391529752215325	2.12012085534251E-11	7.97421002103944E-12	2.2062478439315	2.68267002841205E-11	2.06057404774257E-12	1.70352610274655	4.50354819451899E-11	6.24931286875017E-13	0.848034884072659	4.73158186819404E-11	4.01330396018441E-13	1.45044229856188	1E10	1E-30	1E-10	1E10	1E-30	1E-10	1E10	1E-30	1E-10	1E10	1E-30	1E-10	1E10	1E-30	1E-10	1E10	1E-30	1E-10	1E10	1E-30	1E-10	1E10	1E-30	1E-10
236	1.3E-11	1E10	1E10	1E-30	2.18140052262082E-10	1E10	1E-30	1E10	0.17418568532393	1E-30	7.71810470743589E-12	1.93650124093507	1E-30	1.7364939388766E-11	0.185482118808193	1.47179435350957E-10	3.0909455144905E-12	0.391529752215325	2.12012085534251E-11	7.97421002103944E-12	2.2062478439315	2.68267002841205E-11	2.06057404774257E-12	1.70352610274655	4.50354819451899E-11	6.24931286875017E-13	0.848034884072659	4.73158186819404E-11	4.01330396018441E-13	1.45044229856188	1E10	1E-30	1E-10	1E10	1E-30	1E-10	1E10	1E-30	1E-10	1E10	1E-30	1E-10	1E10	1E-30	1E-10	1E10	1E-30	1E-10	1E10	1E-30	1E-10	1E10	1E-30	1E-10
237	1.3E-11	1E10	1E10	1E-30	2.18140052262082E-10	1E10	1E-30	1E10	0.17418568532393	1E-30	7.71810470743589E-12	1.93650124093507	1E-30	1.7364939388766E-11	0.185482118808193	1.47179435350957E-10	3.0909455144905E-12	0.391529752215325	2.12012085534251E-11	7.97421002103944E-12	2.2062478439315	2.68267002841205E-11	2.06057404774257E-12	1.70352610274655	4.50354819451899E-11	6.24931286875017E-13	0.848034884072659	4.73158186819404E-11	4.01330396018441E-13	1.45044229856188	1E10	1E-30	1E-10	1E10	1E-30	1E-10	1E10	1E-30	1E-10	1E10	1E-30	1E-10	1E10	1E-30	1E-10	1E10	1E-30	1E-10	1E10	1E-30	1E-10	1E10	1E-30	1E-10
238	1.3E-11	1E10	1E11	1E-30	2.18140052262082E-10	1E10	1E-30	1E10	0.17418568532393	1E-30	7.71810470743589E-12	1.93650124093507	1E-30	1.7364939388766E-11	0.185482118808193	1.47179435350957E-10	3.0909455144905E-12	0.391529752215325	2.12012085534251E-11	7.97421002103944E-12	2.2062478439315	2.68267002841205E-11	2.06057404774257E-12	1.70352610274655	4.50354819451899E-11	6.24931286875017E-13	0.848034884072659	4.73158186819404E-11	4.01330396018441E-13	1.45044229856188	1E10	1E-30	1E-10	1E10	1E-30	1E-10	1E10	1E-30	1E-10	1E10	1E-30	1E-10	1E10	1E-30	1E-10	1E10	1E-30	1E-10	1E10	1E-30	1E-10	1E10	1E-30	1E-10
239	1.3E-11	1E10	1E11	1E-30	2.18140052262082E-10	1E10	1E-30	1E10	0.17418568532393	1E-30	7.71810470743589E-12	1.93650124093507	1E-30	1.7364939388766E-11	0.185482118808193	1.47179435350957E-10	3.0909455144905E-12	0.391529752215325	2.12012085534251E-11	7.97421002103944E-12	2.2062478439315	2.68267002841205E-11	2.06057404774257E-12	1.70352610274655	4.50354819451899E-11	6.24931286875017E-13	0.848034884072659	4.73158186819404E-11	4.01330396018441E-13	1.45044229856188	1E10	1E-30	1E-10	1E10	1E-30	1E-10	1E10	1E-30	1E-10	1E10	1E-30	1E-10	1E10	1E-30	1E-10	1E10	1E-30	1E-10	1E10	1E-30	1E-10	1E10	1E-30	1E-10
240	1.3E-11	1E10	1E11	1E-30	2.18140052262082E-10	1E10	1E-30	1E10	0.17418568532393	1E-30	7.71810470743589E-12	1.93650124093507	1E-30	1.7364939388766E-11	0.185482118808193	1.47179435350957E-10	3.0909455144905E-12	0.391529752215325	2.12012085534251E-11	7.97421002103944E-12	2.2062478439315	2.68267002841205E-11	2.06057404774257E-12	1.70352610274655	4.50354819451899E-11	6.24931286875017E-13	0.848034884072659	4.73158186819404E-11	4.01330396018441E-13	1.45044229856188	1E10	1E-30	1E-10	1E10	1E-30	1E-10	1E10	1E-30	1E-10	1E10	1E-30	1E-10	1E10	1E-30	1E-10	1E10	1E-30	1E-10	1E10	1E-30	1E-10	1E10	1E-30	1E-10
241	1.3E-11	1E10	1E11	1E-30	2.18140052262082E-10	1E10	1E-30	1E10	0.17418568532393	1E-30	7.71810470743589E-12	1.93650124093507	1E-30	1.7364939388766E-11	0.185482118808193	1.47179435350957E-10	3.0909455144905E-12	0.391529752215325	2.12012085534251E-11	7.97421002103944E-12	2.2062478439315	2.68267002841205E-11	2.06057404774257E-12	1.70352610274655	4.50354819451899E-11	6.24931286875017E-13	0.848034884072659	4.73158186819404E-11	4.01330396018441E-13	1.45044229856188	1E10	1E-30	1E-10	1E10	1E-30	1E-10	1E10	1E-30	1E-10	1E10	1E-30	1E-10	1E10	1E-30	1E-10	1E10	1E-30	1E-10	1E10	1E-30	1E-10	1E10	1E-30	1E-10
242	1.3E-11	1E10	1E11	1E-30	2.18140052262082E-10	1E10	1E-30	1E10	0.17418568532393	1E-30	7.71810470743589E-12	1.93650124093507	1E-30	1.7364939388766E-11	0.185482118808193	1.47179435350957E-10	3.0909455144905E-12	0.391529752215325	2.12012085534251E-11	7.97421002103944E-12	2.2062478439315	2.68267002841205E-11	2.06057404774257E-12	1.70352610274655	4.50354819451899E-11	6.24931286875017E-13	0.848034884072659	4.73158186819404E-11	4.01330396018441E-13	1.45044229856188	1E10	1E-30	1E-10	1E10	1E-30	1E-10	1E10	1E-30	1E-10	1E10	1E-30	1E-10	1E10	1E-30	1E-10	1E10	1E-30	1E-10	1E10	1E-30	1E-10	1E10	1E-30	1E-10
243	1.3E-11	1E10	1E11	1E-30	2.18140052262082E-10	1E10	1E-30	1E10	0.17418568532393	1E-30	7.71810470743589E-12	1.93650124093507	1E-30	1.7364939388766E-11	0.185482118808193	1.47179435350957E-10	3.0909455144905E-12	0.391529752215325	2.12012085534251E-11	7.97421002103944E-12	2.2062478439315	2.68267002841205E-11	2.06057404774257E-12	1.70352610274655	4.50354819451899E-11	6.24931286875017E-13	0.848034884072659	4.73158186819404E-11	4.01330396018441E-13	1.45044229856188	1E10	1E-30	1E-10	1E10	1E-30	1E-10	1E10	1E-30	1E-10	1E10	1E-30	1E-10	1E10	1E-30	1E-10	1E10	1E-30	1E-10	1E10	1E-30	1E-10	1E10	1E-30	1E-10
244	1.5E-11	1E10	1E10	1E-30	1.93400290863461E-10	1E10	1E-30	1E10	0.178734595678105	1E-30	3.21735936850558E-11	62.7345497865899	1E-30	1.35924254817219E-11	0.226319872520449	3.07971835325696E-10	1.85988459772322E-12	0.336524842174806	2.66777060293867E-11	8.12959926424834E-12	1.70200776803253	2.33882923747101E-11	2.83739088943435E-12	2.0939270046905	5.10760484755174E-11	6.61898111848077E-13	0.754430722757296	2.78477940228351E-11	7.47708968081487E-13	1.42758877204141	5.58095200077581E-11	2.95912314889483E-13	0.931348252463303	1E10	1E-30	1E-10	1E10	1E-30	1E-10	1E10	1E-30	1E-10	1E10	1E-30	1E-10	1E10	1E-30	1E-10	1E10	1E-30	1E-10	1E10	1E-30	1E-10
245	1.5E-11	1E10	1E10	1E-30	1.93400290863461E-10	1E10	1E-30	1E10	0.178734595678105	1E-30	3.21735936850558E-11	62.7345497865899	1E-30	1.35924254817219E-11	0.226319872520449	3.07971835325696E-10	1.85988459772322E-12	0.336524842174806	2.66777060293867E-11	8.12959926424834E-12	1.70200776803253	2.33882923747101E-11	2.83739088943435E-12	2.0939270046905	5.10760484755174E-11	6.61898111848077E-13	0.754430722757296	2.78477940228351E-11	7.47708968081487E-13	1.42758877204141	5.58095200077581E-11	2.95912314889483E-13	0.931348252463303	1E10	1E-30	1E-10	1E10	1E-30	1E-10	1E10	1E-30	1E-10	1E10	1E-30	1E-10	1E10	1E-30	1E-10	1E10	1E-30	1E-10	1E10	1E-30	1E-10
246	1.5E-11	1E10	1E10	1E-30	1.93400290863461E-10	1E10	1E-30	1E10	0.178734595678105	1E-30	3.21735936850558E-11	62.7345497865899	1E-30	1.35924254817219E-11	0.226319872520449	3.07971835325696E-10	1.85988459772322E-12	0.336524842174806	2.66777060293867E-11	8.12959926424834E-12	1.70200776803253	2.33882923747101E-11	2.83739088943435E-12	2.0939270046905	5.10760484755174E-11	6.61898111848077E-13	0.754430722757296	2.78477940228351E-11	7.47708968081487E-13	1.42758877204141	5.58095200077581E-11	2.95912314889483E-13	0.931348252463303	1E10	1E-30	1E-10	1E10	1E-30	1E-10	1E10	1E-30	1E-10	1E10	1E-30	1E-10	1E10	1E-30	1E-10	1E10	1E-30	1E-10	1E10	1E-30	1E-10
247	1.5E-11	1E10	1E10	1E-30	1.93400290863461E-10	1E10	1E-30	1E10	0.178734595678105	1E-30	3.21735936850558E-11	62.7345497865899	1E-30	1.35924254817219E-11	0.226319872520449	3.07971835325696E-10	1.85988459772322E-12	0.336524842174806	2.66777060293867E-11	8.12959926424834E-12	1.70200776803253	2.33882923747101E-11	2.83739088943435E-12	2.0939270046905	5.10760484755174E-11	6.61898111848077E-13	0.754430722757296	2.78477940228351E-11	7.47708968081487E-13	1.42758877204141	5.58095200077581E-11	2.95912314889483E-13	0.931348252463303	1E10	1E-30	1E-10	1E10	1E-30	1E-10	1E10	1E-30	1E-10	1E10	1E-30	1E-10	1E10	1E-30	1E-10	1E10	1E-30	1E-10	1E10	1E-30	1E-10
248	1.5E-11	1E10	1E10	1E-30	1.93400290863461E-10	1E10	1E-30	1E10	0.178734595678105	1E-30	3.21735936850558E-11	62.7345497865899	1E-30	1.35924254817219E-11	0.226319872520449	3.07971835325696E-10	1.85988459772322E-12	0.336524842174806	2.66777060293867E-11	8.12959926424834E-12	1.70200776803253	2.33882923747101E-11	2.83739088943435E-12	2.0939270046905	5.10760484755174E-11	6.61898111848077E-13	0.754430722757296	2.78477940228351E-11	7.47708968081487E-13	1.42758877204141	5.58095200077581E-11	2.95912314889483E-13	0.931348252463303	1E10	1E-30	1E-10	1E10	1E-30	1E-10	1E10	1E-30	1E-10	1E10	1E-30	1E-10	1E10	1E-30	1E-10	1E10	1E-30	1E-10	1E10	1E-30	1E-10
249	1.5E-11	1E10	1E10	1E-30	1.93400290863461E-10	1E10	1E-30	1E10	0.178734595678105	1E-30	3.21735936850558E-11	62.7345497865899	1E-30	1.35924254817219E-11	0.226319872520449	3.07971835325696E-10	1.85988459772322E-12	0.336524842174806	2.66777060293867E-11	8.12959926424834E-12	1.70200776803253	2.33882923747101E-11	2.83739088943435E-12	2.0939270046905	5.10760484755174E-11	6.61898111848077E-13	0.754430722757296	2.78477940228351E-11	7.47708968081487E-13	1.42758877204141	5.58095200077581E-11	2.95912314889483E-13	0.931348252463303	1E10	1E-30	1E-10	1E10	1E-30	1E-10	1E10	1E-30	1E-10	1E10	1E-30	1E-10	1E10	1E-30	1E-10	1E10	1E-30	1E-10	1E10	1E-30	1E-10
250	1.5E-11	1E10	1E11	1E-30	1.93400290863461E-10	1E10	1E-30	1E10	0.178734595678105	1E-30	3.21735936850558E-11	62.7345497865899	1E-30	1.35924254817219E-11	0.226319872520449	3.07971835325696E-10	1.85988459772322E-12	0.336524842174806	2.66777060293867E-11	8.12959926424834E-12	1.70200776803253	2.33882923747101E-11	2.83739088943435E-12	2.0939270046905	5.10760484755174E-11	6.61898111848077E-13	0.754430722757296	2.78477940228351E-11	7.47708968081487E-13	1.42758877204141	5.58095200077581E-11	2.95912314889483E-13	0.931348252463303	1E10	1E-30	1E-10	1E10	1E-30	1E-10	1E10	1E-30	1E-10	1E10	1E-30	1E-10	1E10	1E-30	1E-10	1E10	1E-30	1E-10	1E10	1E-30	1E-10
251	1.5E-11	1E10	1E11	1E-30	1.93400290863461E-10	1E10	1E-30	1E10	0.178734595678105	1E-30	3.21735936850558E-11	62.7345497865899	1E-30	1.35924254817219E-11	0.226319872520449	3.07971835325696E-10	1.85988459772322E-12	0.336524842174806	2.66777060293867E-11	8.12959926424834E-12	1.70200776803253	2.33882923747101E-11	2.83739088943435E-12	2.0939270046905	5.10760484755174E-11	6.61898111848077E-13	0.754430722757296	2.78477940228351E-11	7.47708968081487E-13	1.42758877204141	5.58095200077581E-11	2.95912314889483E-13	0.931348252463303	1E10	1E-30	1E-10	1E10	1E-30	1E-10	1E10	1E-30	1E-10	1E10	1E-30	1E-10	1E10	1E-30	1E-10	1E10	1E-30	1E-10	1E10	1E-30	1E-10
252	1.5E-11	1E10	1E11	1E-30	1.93400290863461E-10	1E10	1E-30	1E10	0.178734595678105	1E-30	3.21735936850558E-11	62.7345497865899	1E-30	1.35924254817219E-11	0.226319872520449	3.07971835325696E-10	1.85988459772322E-12	0.336524842174806	2.66777060293867E-11	8.12959926424834E-12	1.70200776803253	2.33882923747101E-11	2.83739088943435E-12	2.0939270046905	5.10760484755174E-11	6.61898111848077E-13	0.754430722757296	2.78477940228351E-11	7.47708968081487E-13	1.42758877204141	5.58095200077581E-11	2.95912314889483E-13	0.931348252463303	1E10	1E-30	1E-10	1E10	1E-30	1E-10	1E10	1E-30	1E-10	1E10	1E-30	1E-10	1E10	1E-30	1E-10	1E10	1E-30	1E-10	1E10	1E-30	1E-10
253	1.5E-11	1E10	1E11	1E-30	1.93400290863461E-10	1E10	1E-30	1E10	0.178734595678105	1E-30	3.21735936850558E-11	62.7345497865899	1E-30	1.35924254817219E-11	0.226319872520449	3.07971835325696E-10	1.85988459772322E-12	0.336524842174806	2.66777060293867E-11	8.12959926424834E-12	1.70200776803253	2.33882923747101E-11	2.83739088943435E-12	2.0939270046905	5.10760484755174E-11	6.61898111848077E-13	0.754430722757296	2.78477940228351E-11	7.47708968081487E-13	1.42758877204141	5.58095200077581E-11	2.95912314889483E-13	0.931348252463303	1E10	1E-30	1E-10	1E10	1E-30	1E-10	1E10	1E-30	1E-10	1E10	1E-30	1E-10	1E10	1E-30	1E-10	1E10	1E-30	1E-10	1E10	1E-30	1E-10
254	1.5E-11	1E10	1E11	1E-30	1.93400290863461E-10	1E10	1E-30	1E10	0.178734595678105	1E-30	3.21735936850558E-11	62.7345497865899	1E-30	1.35924254817219E-11	0.226319872520449	3.07971835325696E-10	1.85988459772322E-12	0.336524842174806	2.66777060293867E-11	8.12959926424834E-12	1.70200776803253	2.33882923747101E-11	2.83739088943435E-12	2.0939270046905	5.10760484755174E-11	6.61898111848077E-13	0.754430722757296	2.78477940228351E-11	7.47708968081487E-13	1.42758877204141	5.58095200077581E-11	2.95912314889483E-13	0.931348252463303	1E10	1E-30	1E-10	1E10	1E-30	1E-10	1E10	1E-30	1E-10	1E10	1E-30	1E-10	1E10	1E-30	1E-10	1E10	1E-30	1E-10	1E10	1E-30	1E-10
255	1.5E-11	1E10	1E11	1E-30	1.93400290863461E-10	1E10	1E-30	1E10	0.178734595678105	1E-30	3.21735936850558E-11	62.7345497865899	1E-30	1.35924254817219E-11	0.226319872520449	3.07971835325696E-10	1.85988459772322E-12	0.336524842174806	2.66777060293867E-11	8.12959926424834E-12	1.70200776803253	2.33882923747101E-11	2.83739088943435E-12	2.0939270046905	5.10760484755174E-11	6.61898111848077E-13	0.754430722757296	2.78477940228351E-11	7.47708968081487E-13	1.42758877204141	5.58095200077581E-11	2.95912314889483E-13	0.931348252463303	1E10	1E-30	1E-10	1E10	1E-30	1E-10	1E10	1E-30	1E-10	1E10	1E-30	1E-10	1E10	1E-30	1E-10	1E10	1E-30	1E-10	1E10	1E-30	1E-10
256	1.6E-11	1E10	1E10	1E-30	1.87437762138757E-10	1E10	1E-30	1E10	0.173245450123531	1E-30	2.0152891171678E-11	14.8983127982427	1E-30	1.32933677190159E-11	0.194278203971594	2.77563991149936E-10	1.99130058489573E-12	0.296943162072007	3.0580854054596E-11	7.24485736817174E-12	1.96981190596563	2.30661599209962E-11	2.99160111860952E-12	2.05009806604749	5.57935559886419E-11	6.30249384413207E-13	0.694663749192472	3.2526994289193E-11	6.2654663499716E-13	1.05808839668151	4.15698296143039E-11	4.03139217345877E-13	1.40344851062844	1E10	1E-30	1E-10	1E10	1E-30	1E-10	1E10	1E-30	1E-10	1E10	1E-30	1E-10	1E10	1E-30	1E-10	1E10	1E-30	1E-10	1E10	1E-30	1E-10
257	1.6E-11	1E10	1E10	1E-30	1.87437762138757E-10	1E10	1E-30	1E10	0.173245450123531	1E-30	2.0152891171678E-11	14.8983127982427	1E-30	1.32933677190159E-11	0.194278203971594	2.77563991149936E-10	1.99130058489573E-12	0.296943162072007	3.0580854054596E-11	7.24485736817174E-12	1.96981190596563	2.30661599209962E-11	2.99160111860952E-12	2.05009806604749	5.57935559886419E-11	6.30249384413207E-13	0.694663749192472	3.2526994289193E-11	6.2654663499716E-13	1.05808839668151	4.15698296143039E-11	4.03139217345877E-13	1.40344851062844	1E10	1E-30	1E-10	1E10	1E-30	1E-10	1E10	1E-30	1E-10	1E10	1E-30	1E-10	1E10	1E-30	1E-10	1E10	1E-30	1E-10	1E10	1E-30	1E-10
258	1.6E-11	1E10	1E10	1E-30	1.87437762138757E-10	1E10	1E-30	1E10	0.173245450123531	1E-30	2.0152891171678E-11	14.8983127982427	1E-30	1.32933677190159E-11	0.194278203971594	2.77563991149936E-10	1.99130058489573E-12	0.296943162072007	3.0580854054596E-11	7.24485736817174E-12	1.96981190596563	2.30661599209962E-11	2.99160111860952E-12	2.05009806604749	5.57935559886419E-11	6.30249384413207E-13	0.694663749192472	3.2526994289193E-11	6.2654663499716E-13	1.05808839668151	4.15698296143039E-11	4.03139217345877E-13	1.40344851062844	1E10	1E-30	1E-10	1E10	1E-30	1E-10	1E10	1E-30	1E-10	1E10	1E-30	1E-10	1E10	1E-30	1E-10	1E10	1E-30	1E-10	1E10	1E-30	1E-10
259	1.6E-11	1E10	1E10	1E-30	1.87437762138757E-10	1E10	1E-30	1E10	0.173245450123531	1E-30	2.0152891171678E-11	14.8983127982427	1E-30	1.32933677190159E-11	0.194278203971594	2.77563991149936E-10	1.99130058489573E-12	0.296943162072007	3.0580854054596E-11	7.24485736817174E-12	1.96981190596563	2.30661599209962E-11	2.99160111860952E-12	2.05009806604749	5.57935559886419E-11	6.30249384413207E-13	0.694663749192472	3.2526994289193E-11	6.2654663499716E-13	1.05808839668151	4.15698296143039E-11	4.03139217345877E-13	1.40344851062844	1E10	1E-30	1E-10	1E10	1E-30	1E-10	1E10	1E-30	1E-10	1E10	1E-30	1E-10	1E10	1E-30	1E-10	1E10	1E-30	1E-10	1E10	1E-30	1E-10
260	1.6E-11	1E10	1E10	1E-30	1.87437762138757E-10	1E10	1E-30	1E10	0.173245450123531	1E-30	2.0152891171678E-11	14.8983127982427	1E-30	1.32933677190159E-11	0.194278203971594	2.77563991149936E-10	1.99130058489573E-12	0.296943162072007	3.0580854054596E-11	7.24485736817174E-12	1.96981190596563	2.30661599209962E-11	2.99160111860952E-12	2.05009806604749	5.57935559886419E-11	6.30249384413207E-13	0.694663749192472	3.2526994289193E-11	6.2654663499716E-13	1.05808839668151	4.15698296143039E-11	4.03139217345877E-13	1.40344851062844	1E10	1E-30	1E-10	1E10	1E-30	1E-10	1E10	1E-30	1E-10	1E10	1E-30	1E-10	1E10	1E-30	1E-10	1E10	1E-30	1E-10	1E10	1E-30	1E-10
261	1.6E-11	1E10	1E10	1E-30	1.87437762138757E-10	1E10	1E-30	1E10	0.173245450123531	1E-30	2.0152891171678E-11	14.8983127982427	1E-30	1.32933677190159E-11	0.194278203971594	2.77563991149936E-10	1.99130058489573E-12	0.296943162072007	3.0580854054596E-11	7.24485736817174E-12	1.96981190596563	2.30661599209962E-11	2.99160111860952E-12	2.05009806604749	5.57935559886419E-11	6.30249384413207E-13	0.694663749192472	3.2526994289193E-11	6.2654663499716E-13	1.05808839668151	4.15698296143039E-11	4.03139217345877E-13	1.40344851062844	1E10	1E-30	1E-10	1E10	1E-30	1E-10	1E10	1E-30	1E-10	1E10	1E-30	1E-10	1E10	1E-30	1E-10	1E10	1E-30	1E-10	1E10	1E-30	1E-10
262	1.6E-11	1E10	1E11	1E-30	1.87437762138757E-10	1E10	1E-30	1E10	0.173245450123531	1E-30	2.0152891171678E-11	14.8983127982427	1E-30	1.32933677190159E-11	0.194278203971594	2.77563991149936E-10	1.99130058489573E-12	0.296943162072007	3.0580854054596E-11	7.24485736817174E-12	1.96981190596563	2.30661599209962E-11	2.99160111860952E-12	2.05009806604749	5.57935559886419E-11	6.30249384413207E-13	0.694663749192472	3.2526994289193E-11	6.2654663499716E-13	1.05808839668151	4.15698296143039E-11	4.03139217345877E-13	1.40344851062844	1E10	1E-30	1E-10	1E10	1E-30	1E-10	1E10	1E-30	1E-10	1E10	1E-30	1E-10	1E10	1E-30	1E-10	1E10	1E-30	1E-10	1E10	1E-30	1E-10
263	1.6E-11	1E10	1E11	1E-30	1.87437762138757E-10	1E10	1E-30	1E10	0.173245450123531	1E-30	2.0152891171678E-11	14.8983127982427	1E-30	1.32933677190159E-11	0.194278203971594	2.77563991149936E-10	1.99130058489573E-12	0.296943162072007	3.0580854054596E-11	7.24485736817174E-12	1.96981190596563	2.30661599209962E-11	2.99160111860952E-12	2.05009806604749	5.57935559886419E-11	6.30249384413207E-13	0.694663749192472	3.2526994289193E-11	6.2654663499716E-13	1.05808839668151	4.15698296143039E-11	4.03139217345877E-13	1.40344851062844	1E10	1E-30	1E-10	1E10	1E-30	1E-10	1E10	1E-30	1E-10	1E10	1E-30	1E-10	1E10	1E-30	1E-10	1E10	1E-30	1E-10	1E10	1E-30	1E-10
264	1.6E-11	1E10	1E11	1E-30	1.87437762138757E-10	1E10	1E-30	1E10	0.173245450123531	1E-30	2.0152891171678E-11	14.8983127982427	1E-30	1.32933677190159E-11	0.194278203971594	2.77563991149936E-10	1.99130058489573E-12	0.296943162072007	3.0580854054596E-11	7.24485736817174E-12	1.96981190596563	2.30661599209962E-11	2.99160111860952E-12	2.05009806604749	5.57935559886419E-11	6.30249384413207E-13	0.694663749192472	3.2526994289193E-11	6.2654663499716E-13	1.05808839668151	4.15698296143039E-11	4.03139217345877E-13	1.40344851062844	1E10	1E-30	1E-10	1E10	1E-30	1E-10	1E10	1E-30	1E-10	1E10	1E-30	1E-10	1E10	1E-30	1E-10	1E10	1E-30	1E-10	1E10	1E-30	1E-10
265	1.6E-11	1E10	1E11	1E-30	1.87437762138757E-10	1E10	1E-30	1E10	0.173245450123531	1E-30	2.0152891171678E-11	14.8983127982427	1E-30	1.32933677190159E-11	0.194278203971594	2.77563991149936E-10	1.99130058489573E-12	0.296943162072007	3.0580854054596E-11	7.24485736817174E-12	1.96981190596563	2.30661599209962E-11	2.99160111860952E-12	2.05009806604749	5.57935559886419E-11	6.30249384413207E-13	0.694663749192472	3.2526994289193E-11	6.2654663499716E-13	1.05808839668151	4.15698296143039E-11	4.03139217345877E-13	1.40344851062844	1E10	1E-30	1E-10	1E10	1E-30	1E-10	1E10	1E-30	1E-10	1E10	1E-30	1E-10	1E10	1E-30	1E-10	1E10	1E-30	1E-10	1E10	1E-30	1E-10
266	1.6E-11	1E10	1E11	1E-30	1.87437762138757E-10	1E10	1E-30	1E10	0.173245450123531	1E-30	2.0152891171678E-11	14.8983127982427	1E-30	1.32933677190159E-11	0.194278203971594	2.77563991149936E-10	1.99130058489573E-12	0.296943162072007	3.0580854054596E-11	7.24485736817174E-12	1.96981190596563	2.30661599209962E-11	2.99160111860952E-12	2.05009806604749	5.57935559886419E-11	6.30249384413207E-13	0.694663749192472	3.2526994289193E-11	6.2654663499716E-13	1.05808839668151	4.15698296143039E-11	4.03139217345877E-13	1.40344851062844	1E10	1E-30	1E-10	1E10	1E-30	1E-10	1E10	1E-30	1E-10	1E10	1E-30	1E-10	1E10	1E-30	1E-10	1E10	1E-30	1E-10	1E10	1E-30	1E-10
267	1.6E-11	1E10	1E11	1E-30	1.87437762138757E-10	1E10	1E-30	1E10	0.173245450123531	1E-30	2.0152891171678E-11	14.8983127982427	1E-30	1.32933677190159E-11	0.194278203971594	2.77563991149936E-10	1.99130058489573E-12	0.296943162072007	3.0580854054596E-11	7.24485736817174E-12	1.96981190596563	2.30661599209962E-11	2.99160111860952E-12	2.05009806604749	5.57935559886419E-11	6.30249384413207E-13	0.694663749192472	3.2526994289193E-11	6.2654663499716E-13	1.05808839668151	4.15698296143039E-11	4.03139217345877E-13	1.40344851062844	1E10	1E-30	1E-10	1E10	1E-30	1E-10	1E10	1E-30	1E-10	1E10	1E-30	1E-10	1E10	1E-30	1E-10	1E10	1E-30	1E-10	1E10	1E-30	1E-10
268	1.8E-11	1E10	1E10	1E-30	1.99692462605498E-10	1E10	1E-30	1E10	0.15321216474813	1E-30	3.07850383682628E-12	0.967140474381071	1E-30	1.27021328783709E-11	0.183562660163507	3.614170026808E-10	2.05395068788309E-12	0.386441831788278	3.09317232998108E-11	9.80006311847822E-12	1.48431517215193	3.52843936498147E-11	2.69493160848289E-12	0.981244809845912	2.58549331142241E-11	2.16525229795331E-12	0.958908951051132	1.86284111330127E-11	1.45011737026201E-12	1.19396284080213	2.56950022105908E-11	7.81292668445413E-13	1.48517411941193	1E10	1E-30	1E-10	1E10	1E-30	1E-10	1E10	1E-30	1E-10	1E10	1E-30	1E-10	1E10	1E-30	1E-10	1E10	1E-30	1E-10	1E10	1E-30	1E-10
269	1.8E-11	1E10	1E10	1E-30	1.99692462605498E-10	1E10	1E-30	1E10	0.15321216474813	1E-30	3.07850383682628E-12	0.967140474381071	1E-30	1.27021328783709E-11	0.183562660163507	3.614170026808E-10	2.05395068788309E-12	0.386441831788278	3.09317232998108E-11	9.80006311847822E-12	1.48431517215193	3.52843936498147E-11	2.69493160848289E-12	0.981244809845912	2.58549331142241E-11	2.16525229795331E-12	0.958908951051132	1.86284111330127E-11	1.45011737026201E-12	1.19396284080213	2.56950022105908E-11	7.81292668445413E-13	1.48517411941193	1E10	1E-30	1E-10	1E10	1E-30	1E-10	1E10	1E-30	1E-10	1E10	1E-30	1E-10	1E10	1E-30	1E-10	1E10	1E-30	1E-10	1E10	1E-30	1E-10
270	1.8E-11	1E10	1E10	1E-30	1.99692462605498E-10	1E10	1E-30	1E10	0.15321216474813	1E-30	3.07850383682628E-12	0.967140474381071	1E-30	1.27021328783709E-11	0.183562660163507	3.614170026808E-10	2.05395068788309E-12	0.386441831788278	3.09317232998108E-11	9.80006311847822E-12	1.48431517215193	3.52843936498147E-11	2.69493160848289E-12	0.981244809845912	2.58549331142241E-11	2.16525229795331E-12	0.958908951051132	1.86284111330127E-11	1.45011737026201E-12	1.19396284080213	2.56950022105908E-11	7.81292668445413E-13	1.48517411941193	1E10	1E-30	1E-10	1E10	1E-30	1E-10	1E10	1E-30	1E-10	1E10	1E-30	1E-10	1E10	1E-30	1E-10	1E10	1E-30	1E-10	1E10	1E-30	1E-10
271	1.8E-11	1E10	1E10	1E-30	1.99692462605498E-10	1E10	1E-30	1E10	0.15321216474813	1E-30	3.07850383682628E-12	0.967140474381071	1E-30	1.27021328783709E-11	0.183562660163507	3.614170026808E-10	2.05395068788309E-12	0.386441831788278	3.09317232998108E-11	9.80006311847822E-12	1.48431517215193	3.52843936498147E-11	2.69493160848289E-12	0.981244809845912	2.58549331142241E-11	2.16525229795331E-12	0.958908951051132	1.86284111330127E-11	1.45011737026201E-12	1.19396284080213	2.56950022105908E-11	7.81292668445413E-13	1.48517411941193	1E10	1E-30	1E-10	1E10	1E-30	1E-10	1E10	1E-30	1E-10	1E10	1E-30	1E-10	1E10	1E-30	1E-10	1E10	1E-30	1E-10	1E10	1E-30	1E-10
272	1.8E-11	1E10	1E10	1E-30	1.99692462605498E-10	1E10	1E-30	1E10	0.15321216474813	1E-30	3.07850383682628E-12	0.967140474381071	1E-30	1.27021328783709E-11	0.183562660163507	3.614170026808E-10	2.05395068788309E-12	0.386441831788278	3.09317232998108E-11	9.80006311847822E-12	1.48431517215193	3.52843936498147E-11	2.69493160848289E-12	0.981244809845912	2.58549331142241E-11	2.16525229795331E-12	0.958908951051132	1.86284111330127E-11	1.45011737026201E-12	1.19396284080213	2.56950022105908E-11	7.81292668445413E-13	1.48517411941193	1E10	1E-30	1E-10	1E10	1E-30	1E-10	1E10	1E-30	1E-10	1E10	1E-30	1E-10	1E10	1E-30	1E-10	1E10	1E-30	1E-10	1E10	1E-30	1E-10
273	1.8E-11	1E10	1E10	1E-30	1.99692462605498E-10	1E10	1E-30	1E10	0.15321216474813	1E-30	3.07850383682628E-12	0.967140474381071	1E-30	1.27021328783709E-11	0.183562660163507	3.614170026808E-10	2.05395068788309E-12	0.386441831788278	3.09317232998108E-11	9.80006311847822E-12	1.48431517215193	3.52843936498147E-11	2.69493160848289E-12	0.981244809845912	2.58549331142241E-11	2.16525229795331E-12	0.958908951051132	1.86284111330127E-11	1.45011737026201E-12	1.19396284080213	2.56950022105908E-11	7.81292668445413E-13	1.48517411941193	1E10	1E-30	1E-10	1E10	1E-30	1E-10	1E10	1E-30	1E-10	1E10	1E-30	1E-10	1E10	1E-30	1E-10	1E10	1E-30	1E-10	1E10	1E-30	1E-10
274	1.8E-11	1E10	1E11	1E-30	1.99692462605498E-10	1E10	1E-30	1E10	0.15321216474813	1E-30	3.07850383682628E-12	0.967140474381071	1E-30	1.27021328783709E-11	0.183562660163507	3.614170026808E-10	2.05395068788309E-12	0.386441831788278	3.09317232998108E-11	9.80006311847822E-12	1.48431517215193	3.52843936498147E-11	2.69493160848289E-12	0.981244809845912	2.58549331142241E-11	2.16525229795331E-12	0.958908951051132	1.86284111330127E-11	1.45011737026201E-12	1.19396284080213	2.56950022105908E-11	7.81292668445413E-13	1.48517411941193	1E10	1E-30	1E-10	1E10	1E-30	1E-10	1E10	1E-30	1E-10	1E10	1E-30	1E-10	1E10	1E-30	1E-10	1E10	1E-30	1E-10	1E10	1E-30	1E-10
275	1.8E-11	1E10	1E11	1E-30	1.99692462605498E-10	1E10	1E-30	1E10	0.15321216474813	1E-30	3.07850383682628E-12	0.967140474381071	1E-30	1.27021328783709E-11	0.183562660163507	3.614170026808E-10	2.05395068788309E-12	0.386441831788278	3.09317232998108E-11	9.80006311847822E-12	1.48431517215193	3.52843936498147E-11	2.69493160848289E-12	0.981244809845912	2.58549331142241E-11	2.16525229795331E-12	0.958908951051132	1.86284111330127E-11	1.45011737026201E-12	1.19396284080213	2.56950022105908E-11	7.81292668445413E-13	1.48517411941193	1E10	1E-30	1E-10	1E10	1E-30	1E-10	1E10	1E-30	1E-10	1E10	1E-30	1E-10	1E10	1E-30	1E-10	1E10	1E-30	1E-10	1E10	1E-30	1E-10
276	1.8E-11	1E10	1E11	1E-30	1.99692462605498E-10	1E10	1E-30	1E10	0.15321216474813	1E-30	3.07850383682628E-12	0.967140474381071	1E-30	1.27021328783709E-11	0.183562660163507	3.614170026808E-10	2.05395068788309E-12	0.386441831788278	3.09317232998108E-11	9.80006311847822E-12	1.48431517215193	3.52843936498147E-11	2.69493160848289E-12	0.981244809845912	2.58549331142241E-11	2.16525229795331E-12	0.958908951051132	1.86284111330127E-11	1.45011737026201E-12	1.19396284080213	2.56950022105908E-11	7.81292668445413E-13	1.48517411941193	1E10	1E-30	1E-10	1E10	1E-30	1E-10	1E10	1E-30	1E-10	1E10	1E-30	1E-10	1E10	1E-30	1E-10	1E10	1E-30	1E-10	1E10	1E-30	1E-10
277	1.8E-11	1E10	1E11	1E-30	1.99692462605498E-10	1E10	1E-30	1E10	0.15321216474813	1E-30	3.07850383682628E-12	0.967140474381071	1E-30	1.27021328783709E-11	0.183562660163507	3.614170026808E-10	2.05395068788309E-12	0.386441831788278	3.09317232998108E-11	9.80006311847822E-12	1.48431517215193	3.52843936498147E-11	2.69493160848289E-12	0.981244809845912	2.58549331142241E-11	2.16525229795331E-12	0.958908951051132	1.86284111330127E-11	1.45011737026201E-12	1.19396284080213	2.56950022105908E-11	7.81292668445413E-13	1.48517411941193	1E10	1E-30	1E-10	1E10	1E-30	1E-10	1E10	1E-30	1E-10	1E10	1E-30	1E-10	1E10	1E-30	1E-10	1E10	1E-30	1E-10	1E10	1E-30	1E-10
278	1.8E-11	1E10	1E11	1E-30	1.99692462605498E-10	1E10	1E-30	1E10	0.15321216474813	1E-30	3.07850383682628E-12	0.967140474381071	1E-30	1.27021328783709E-11	0.183562660163507	3.614170026808E-10	2.05395068788309E-12	0.386441831788278	3.09317232998108E-11	9.80006311847822E-12	1.48431517215193	3.52843936498147E-11	2.69493160848289E-12	0.981244809845912	2.58549331142241E-11	2.16525229795331E-12	0.958908951051132	1.86284111330127E-11	1.45011737026201E-12	1.19396284080213	2.56950022105908E-11	7.81292668445413E-13	1.48517411941193	1E10	1E-30	1E-10	1E10	1E-30	1E-10	1E10	1E-30	1E-10	1E10	1E-30	1E-10	1E10	1E-30	1E-10	1E10	1E-30	1E-10	1E10	1E-30	1E-10
279	1.8E-11	1E10	1E11	1E-30	1.99692462605498E-10	1E10	1E-30	1E10	0.15321216474813	1E-30	3.07850383682628E-12	0.967140474381071	1E-30	1.27021328783709E-11	0.183562660163507	3.614170026808E-10	2.05395068788309E-12	0.386441831788278	3.09317232998108E-11	9.80006311847822E-12	1.48431517215193	3.52843936498147E-11	2.69493160848289E-12	0.981244809845912	2.58549331142241E-11	2.16525229795331E-12	0.958908951051132	1.86284111330127E-11	1.45011737026201E-12	1.19396284080213	2.56950022105908E-11	7.81292668445413E-13	1.48517411941193	1E10	1E-30	1E-10	1E10	1E-30	1E-10	1E10	1E-30	1E-10	1E10	1E-30	1E-10	1E10	1E-30	1E-10	1E10	1E-30	1E-10	1E10	1E-30	1E-10
280	2E-11	1E10	1E10	1E-30	1.85609180522447E-10	1E10	1E-30	1E10	0.149572120983544	1E-30	7.06583063113817E-12	4.79731542015782	1E-30	1.6649398285681E-11	0.413214443432071	3.78411047934805E-10	2.09916095678213E-12	0.304406098186433	3.9093946678474E-11	7.99914969763124E-12	1.34698558132593	5.84589729915687E-11	1.70595023549284E-12	0.873210044159176	2.06198092669293E-11	2.69842998979462E-12	1.15189785391863	2.9223679484983E-11	9.86271398199916E-13	1.14165772345128	1.02666508521443E-11	1.64311546482571E-12	2.5563123752785	1E10	1E-30	1E-10	1E10	1E-30	1E-10	1E10	1E-30	1E-10	1E10	1E-30	1E-10	1E10	1E-30	1E-10	1E10	1E-30	1E-10	1E10	1E-30	1E-10
281	2E-11	1E10	1E10	1E-30	1.85609180522447E-10	1E10	1E-30	1E10	0.149572120983544	1E-30	7.06583063113817E-12	4.79731542015782	1E-30	1.6649398285681E-11	0.413214443432071	3.78411047934805E-10	2.09916095678213E-12	0.304406098186433	3.9093946678474E-11	7.99914969763124E-12	1.34698558132593	5.84589729915687E-11	1.70595023549284E-12	0.873210044159176	2.06198092669293E-11	2.69842998979462E-12	1.15189785391863	2.9223679484983E-11	9.86271398199916E-13	1.14165772345128	1.02666508521443E-11	1.64311546482571E-12	2.5563123752785	1E10	1E-30	1E-10	1E10	1E-30	1E-10	1E10	1E-30	1E-10	1E10	1E-30	1E-10	1E10	1E-30	1E-10	1E10	1E-30	1E-10	1E10	1E-30	1E-10
282	2E-11	1E10	1E10	1E-30	1.85609180522447E-10	1E10	1E-30	1E10	0.149572120983544	1E-30	7.06583063113817E-12	4.79731542015782	1E-30	1.6649398285681E-11	0.413214443432071	3.78411047934805E-10	2.09916095678213E-12	0.304406098186433	3.9093946678474E-11	7.99914969763124E-12	1.34698558132593	5.84589729915687E-11	1.70595023549284E-12	0.873210044159176	2.06198092669293E-11	2.69842998979462E-12	1.15189785391863	2.9223679484983E-11	9.86271398199916E-13	1.14165772345128	1.02666508521443E-11	1.64311546482571E-12	2.5563123752785	1E10	1E-30	1E-10	1E10	1E-30	1E-10	1E10	1E-30	1E-10	1E10	1E-30	1E-10	1E10	1E-30	1E-10	1E10	1E-30	1E-10	1E10	1E-30	1E-10
283	2E-11	1E10	1E10	1E-30	1.85609180522447E-10	1E10	1E-30	1E10	0.149572120983544	1E-30	7.06583063113817E-12	4.79731542015782	1E-30	1.6649398285681E-11	0.413214443432071	3.78411047934805E-10	2.09916095678213E-12	0.304406098186433	3.9093946678474E-11	7.99914969763124E-12	1.34698558132593	5.84589729915687E-11	1.70595023549284E-12	0.873210044159176	2.06198092669293E-11	2.69842998979462E-12	1.15189785391863	2.9223679484983E-11	9.86271398199916E-13	1.14165772345128	1.02666508521443E-11	1.64311546482571E-12	2.5563123752785	1E10	1E-30	1E-10	1E10	1E-30	1E-10	1E10	1E-30	1E-10	1E10	1E-30	1E-10	1E10	1E-30	1E-10	1E10	1E-30	1E-10	1E10	1E-30	1E-10
284	2E-11	1E10	1E10	1E-30	1.85609180522447E-10	1E10	1E-30	1E10	0.149572120983544	1E-30	7.06583063113817E-12	4.79731542015782	1E-30	1.6649398285681E-11	0.413214443432071	3.78411047934805E-10	2.09916095678213E-12	0.304406098186433	3.9093946678474E-11	7.99914969763124E-12	1.34698558132593	5.84589729915687E-11	1.70595023549284E-12	0.873210044159176	2.06198092669293E-11	2.69842998979462E-12	1.15189785391863	2.9223679484983E-11	9.86271398199916E-13	1.14165772345128	1.02666508521443E-11	1.64311546482571E-12	2.5563123752785	1E10	1E-30	1E-10	1E10	1E-30	1E-10	1E10	1E-30	1E-10	1E10	1E-30	1E-10	1E10	1E-30	1E-10	1E10	1E-30	1E-10	1E10	1E-30	1E-10
285	2E-11	1E10	1E10	1E-30	1.85609180522447E-10	1E10	1E-30	1E10	0.149572120983544	1E-30	7.06583063113817E-12	4.79731542015782	1E-30	1.6649398285681E-11	0.413214443432071	3.78411047934805E-10	2.09916095678213E-12	0.304406098186433	3.9093946678474E-11	7.99914969763124E-12	1.34698558132593	5.84589729915687E-11	1.70595023549284E-12	0.873210044159176	2.06198092669293E-11	2.69842998979462E-12	1.15189785391863	2.9223679484983E-11	9.86271398199916E-13	1.14165772345128	1.02666508521443E-11	1.64311546482571E-12	2.5563123752785	1E10	1E-30	1E-10	1E10	1E-30	1E-10	1E10	1E-30	1E-10	1E10	1E-30	1E-10	1E10	1E-30	1E-10	1E10	1E-30	1E-10	1E10	1E-30	1E-10
286	2E-11	1E10	1E11	1E-30	1.85609180522447E-10	1E10	1E-30	1E10	0.149572120983544	1E-30	7.06583063113817E-12	4.79731542015782	1E-30	1.6649398285681E-11	0.413214443432071	3.78411047934805E-10	2.09916095678213E-12	0.304406098186433	3.9093946678474E-11	7.99914969763124E-12	1.34698558132593	5.84589729915687E-11	1.70595023549284E-12	0.873210044159176	2.06198092669293E-11	2.69842998979462E-12	1.15189785391863	2.9223679484983E-11	9.86271398199916E-13	1.14165772345128	1.02666508521443E-11	1.64311546482571E-12	2.5563123752785	1E10	1E-30	1E-10	1E10	1E-30	1E-10	1E10	1E-30	1E-10	1E10	1E-30	1E-10	1E10	1E-30	1E-10	1E10	1E-30	1E-10	1E10	1E-30	1E-10
287	2E-11	1E10	1E11	1E-30	1.85609180522447E-10	1E10	1E-30	1E10	0.149572120983544	1E-30	7.06583063113817E-12	4.79731542015782	1E-30	1.6649398285681E-11	0.413214443432071	3.78411047934805E-10	2.09916095678213E-12	0.304406098186433	3.9093946678474E-11	7.99914969763124E-12	1.34698558132593	5.84589729915687E-11	1.70595023549284E-12	0.873210044159176	2.06198092669293E-11	2.69842998979462E-12	1.15189785391863	2.9223679484983E-11	9.86271398199916E-13	1.14165772345128	1.02666508521443E-11	1.64311546482571E-12	2.5563123752785	1E10	1E-30	1E-10	1E10	1E-30	1E-10	1E10	1E-30	1E-10	1E10	1E-30	1E-10	1E10	1E-30	1E-10	1E10	1E-30	1E-10	1E10	1E-30	1E-10
288	2E-11	1E10	1E11	1E-30	1.85609180522447E-10	1E10	1E-30	1E10	0.149572120983544	1E-30	7.06583063113817E-12	4.79731542015782	1E-30	1.6649398285681E-11	0.413214443432071	3.78411047934805E-10	2.09916095678213E-12	0.304406098186433	3.9093946678474E-11	7.99914969763124E-12	1.34698558132593	5.84589729915687E-11	1.70595023549284E-12	0.873210044159176	2.06198092669293E-11	2.69842998979462E-12	1.15189785391863	2.9223679484983E-11	9.86271398199916E-13	1.14165772345128	1.02666508521443E-11	1.64311546482571E-12	2.5563123752785	1E10	1E-30	1E-10	1E10	1E-30	1E-10	1E10	1E-30	1E-10	1E10	1E-30	1E-10	1E10	1E-30	1E-10	1E10	1E-30	1E-10	1E10	1E-30	1E-10
289	2E-11	1E10	1E11	1E-30	1.85609180522447E-10	1E10	1E-30	1E10	0.149572120983544	1E-30	7.06583063113817E-12	4.79731542015782	1E-30	1.6649398285681E-11	0.413214443432071	3.78411047934805E-10	2.09916095678213E-12	0.304406098186433	3.9093946678474E-11	7.99914969763124E-12	1.34698558132593	5.84589729915687E-11	1.70595023549284E-12	0.873210044159176	2.06198092669293E-11	2.69842998979462E-12	1.15189785391863	2.9223679484983E-11	9.86271398199916E-13	1.14165772345128	1.02666508521443E-11	1.64311546482571E-12	2.5563123752785	1E10	1E-30	1E-10	1E10	1E-30	1E-10	1E10	1E-30	1E-10	1E10	1E-30	1E-10	1E10	1E-30	1E-10	1E10	1E-30	1E-10	1E10	1E-30	1E-10
290	2E-11	1E10	1E11	1E-30	1.85609180522447E-10	1E10	1E-30	1E10	0.149572120983544	1E-30	7.06583063113817E-12	4.79731542015782	1E-30	1.6649398285681E-11	0.413214443432071	3.78411047934805E-10	2.09916095678213E-12	0.304406098186433	3.9093946678474E-11	7.99914969763124E-12	1.34698558132593	5.84589729915687E-11	1.70595023549284E-12	0.873210044159176	2.06198092669293E-11	2.69842998979462E-12	1.15189785391863	2.9223679484983E-11	9.86271398199916E-13	1.14165772345128	1.02666508521443E-11	1.64311546482571E-12	2.5563123752785	1E10	1E-30	1E-10	1E10	1E-30	1E-10	1E10	1E-30	1E-10	1E10	1E-30	1E-10	1E10	1E-30	1E-10	1E10	1E-30	1E-10	1E10	1E-30	1E-10
291	2E-11	1E10	1E11	1E-30	1.85609180522447E-10	1E10	1E-30	1E10	0.149572120983544	1E-30	7.06583063113817E-12	4.79731542015782	1E-30	1.6649398285681E-11	0.413214443432071	3.78411047934805E-10	2.09916095678213E-12	0.304406098186433	3.9093946678474E-11	7.99914969763124E-12	1.34698558132593	5.84589729915687E-11	1.70595023549284E-12	0.873210044159176	2.06198092669293E-11	2.69842998979462E-12	1.15189785391863	2.9223679484983E-11	9.86271398199916E-13	1.14165772345128	1.02666508521443E-11	1.64311546482571E-12	2.5563123752785	1E10	1E-30	1E-10	1E10	1E-30	1E-10	1E10	1E-30	1E-10	1E10	1E-30	1E-10	1E10	1E-30	1E-10	1E10	1E-30	1E-10	1E10	1E-30	1E-10
292	2.2E-11	1E10	1E10	1E-30	1.73179674064125E-10	1E10	1E-30	1E10	0.142448512671324	1E-30	4.03232091755029E-11	13.7592674386386	1E-30	8.91659077941299E-12	0.154067623798531	4.5362126339145E-10	2.04032143961705E-12	0.351575530155356	3.50448749871845E-11	1.07806941247613E-11	1.45549875046418	9.91512040892099E-11	1.13812311210339E-12	0.495885843118013	3.4335281456491E-11	1.63868227811994E-12	0.532822135517862	1E10	1E-30	1E-10	1E10	1E-30	1E-10	1E10	1E-30	1E-10	1E10	1E-30	1E-10	1E10	1E-30	1E-10	1E10	1E-30	1E-10	1E10	1E-30	1E-10	1E10	1E-30	1E-10	1E10	1E-30	1E-10
293	2.2E-11	1E10	1E10	1E-30	1.73179674064125E-10	1E10	1E-30	1E10	0.142448512671324	1E-30	4.03232091755029E-11	13.7592674386386	1E-30	8.91659077941299E-12	0.154067623798531	4.5362126339145E-10	2.04032143961705E-12	0.351575530155356	3.50448749871845E-11	1.07806941247613E-11	1.45549875046418	9.91512040892099E-11	1.13812311210339E-12	0.495885843118013	3.4335281456491E-11	1.63868227811994E-12	0.532822135517862	1E10	1E-30	1E-10	1E10	1E-30	1E-10	1E10	1E-30	1E-10	1E10	1E-30	1E-10	1E10	1E-30	1E-10	1E10	1E-30	1E-10	1E10	1E-30	1E-10	1E10	1E-30	1E-10	1E10	1E-30	1E-10
294	2.2E-11	1E10	1E10	1E-30	1.73179674064125E-10	1E10	1E-30	1E10	0.142448512671324	1E-30	4.03232091755029E-11	13.7592674386386	1E-30	8.91659077941299E-12	0.154067623798531	4.5362126339145E-10	2.04032143961705E-12	0.351575530155356	3.50448749871845E-11	1.07806941247613E-11	1.45549875046418	9.91512040892099E-11	1.13812311210339E-12	0.495885843118013	3.4335281456491E-11	1.63868227811994E-12	0.532822135517862	1E10	1E-30	1E-10	1E10	1E-30	1E-10	1E10	1E-30	1E-10	1E10	1E-30	1E-10	1E10	1E-30	1E-10	1E10	1E-30	1E-10	1E10	1E-30	1E-10	1E10	1E-30	1E-10	1E10	1E-30	1E-10
295	2.2E-11	1E10	1E10	1E-30	1.73179674064125E-10	1E10	1E-30	1E10	0.142448512671324	1E-30	4.03232091755029E-11	13.7592674386386	1E-30	8.91659077941299E-12	0.154067623798531	4.5362126339145E-10	2.04032143961705E-12	0.351575530155356	3.50448749871845E-11	1.07806941247613E-11	1.45549875046418	9.91512040892099E-11	1.13812311210339E-12	0.495885843118013	3.4335281456491E-11	1.63868227811994E-12	0.532822135517862	1E10	1E-30	1E-10	1E10	1E-30	1E-10	1E10	1E-30	1E-10	1E10	1E-30	1E-10	1E10	1E-30	1E-10	1E10	1E-30	1E-10	1E10	1E-30	1E-10	1E10	1E-30	1E-10	1E10	1E-30	1E-10
296	2.2E-11	1E10	1E10	1E-30	1.73179674064125E-10	1E10	1E-30	1E10	0.142448512671324	1E-30	4.03232091755029E-11	13.7592674386386	1E-30	8.91659077941299E-12	0.154067623798531	4.5362126339145E-10	2.04032143961705E-12	0.351575530155356	3.50448749871845E-11	1.07806941247613E-11	1.45549875046418	9.91512040892099E-11	1.13812311210339E-12	0.495885843118013	3.4335281456491E-11	1.63868227811994E-12	0.532822135517862	1E10	1E-30	1E-10	1E10	1E-30	1E-10	1E10	1E-30	1E-10	1E10	1E-30	1E-10	1E10	1E-30	1E-10	1E10	1E-30	1E-10	1E10	1E-30	1E-10	1E10	1E-30	1E-10	1E10	1E-30	1E-10
297	2.2E-11	1E10	1E10	1E-30	1.73179674064125E-10	1E10	1E-30	1E10	0.142448512671324	1E-30	4.03232091755029E-11	13.7592674386386	1E-30	8.91659077941299E-12	0.154067623798531	4.5362126339145E-10	2.04032143961705E-12	0.351575530155356	3.50448749871845E-11	1.07806941247613E-11	1.45549875046418	9.91512040892099E-11	1.13812311210339E-12	0.495885843118013	3.4335281456491E-11	1.63868227811994E-12	0.532822135517862	1E10	1E-30	1E-10	1E10	1E-30	1E-10	1E10	1E-30	1E-10	1E10	1E-30	1E-10	1E10	1E-30	1E-10	1E10	1E-30	1E-10	1E10	1E-30	1E-10	1E10	1E-30	1E-10	1E10	1E-30	1E-10
298	2.2E-11	1E10	1E11	1E-30	1.73179674064125E-10	1E10	1E-30	1E10	0.142448512671324	1E-30	4.03232091755029E-11	13.7592674386386	1E-30	8.91659077941299E-12	0.154067623798531	4.5362126339145E-10	2.04032143961705E-12	0.351575530155356	3.50448749871845E-11	1.07806941247613E-11	1.45549875046418	9.91512040892099E-11	1.13812311210339E-12	0.495885843118013	3.4335281456491E-11	1.63868227811994E-12	0.532822135517862	1E10	1E-30	1E-10	1E10	1E-30	1E-10	1E10	1E-30	1E-10	1E10	1E-30	1E-10	1E10	1E-30	1E-10	1E10	1E-30	1E-10	1E10	1E-30	1E-10	1E10	1E-30	1E-10	1E10	1E-30	1E-10
299	2.2E-11	1E10	1E11	1E-30	1.73179674064125E-10	1E10	1E-30	1E10	0.142448512671324	1E-30	4.03232091755029E-11	13.7592674386386	1E-30	8.91659077941299E-12	0.154067623798531	4.5362126339145E-10	2.04032143961705E-12	0.351575530155356	3.50448749871845E-11	1.07806941247613E-11	1.45549875046418	9.91512040892099E-11	1.13812311210339E-12	0.495885843118013	3.4335281456491E-11	1.63868227811994E-12	0.532822135517862	1E10	1E-30	1E-10	1E10	1E-30	1E-10	1E10	1E-30	1E-10	1E10	1E-30	1E-10	1E10	1E-30	1E-10	1E10	1E-30	1E-10	1E10	1E-30	1E-10	1E10	1E-30	1E-10	1E10	1E-30	1E-10
300	2.2E-11	1E10	1E11	1E-30	1.73179674064125E-10	1E10	1E-30	1E10	0.142448512671324	1E-30	4.03232091755029E-11	13.7592674386386	1E-30	8.91659077941299E-12	0.154067623798531	4.5362126339145E-10	2.04032143961705E-12	0.351575530155356	3.50448749871845E-11	1.07806941247613E-11	1.45549875046418	9.91512040892099E-11	1.13812311210339E-12	0.495885843118013	3.4335281456491E-11	1.63868227811994E-12	0.532822135517862	1E10	1E-30	1E-10	1E10	1E-30	1E-10	1E10	1E-30	1E-10	1E10	1E-30	1E-10	1E10	1E-30	1E-10	1E10	1E-30	1E-10	1E10	1E-30	1E-10	1E10	1E-30	1E-10	1E10	1E-30	1E-10
301	2.2E-11	1E10	1E11	1E-30	1.73179674064125E-10	1E10	1E-30	1E10	0.142448512671324	1E-30	4.03232091755029E-11	13.7592674386386	1E-30	8.91659077941299E-12	0.154067623798531	4.5362126339145E-10	2.04032143961705E-12	0.351575530155356	3.50448749871845E-11	1.07806941247613E-11	1.45549875046418	9.91512040892099E-11	1.13812311210339E-12	0.495885843118013	3.4335281456491E-11	1.63868227811994E-12	0.532822135517862	1E10	1E-30	1E-10	1E10	1E-30	1E-10	1E10	1E-30	1E-10	1E10	1E-30	1E-10	1E10	1E-30	1E-10	1E10	1E-30	1E-10	1E10	1E-30	1E-10	1E10	1E-30	1E-10	1E10	1E-30	1E-10
302	2.2E-11	1E10	1E11	1E-30	1.73179674064125E-10	1E10	1E-30	1E10	0.142448512671324	1E-30	4.03232091755029E-11	13.7592674386386	1E-30	8.91659077941299E-12	0.154067623798531	4.5362126339145E-10	2.04032143961705E-12	0.351575530155356	3.50448749871845E-11	1.07806941247613E-11	1.45549875046418	9.91512040892099E-11	1.13812311210339E-12	0.495885843118013	3.4335281456491E-11	1.63868227811994E-12	0.532822135517862	1E10	1E-30	1E-10	1E10	1E-30	1E-10	1E10	1E-30	1E-10	1E10	1E-30	1E-10	1E10	1E-30	1E-10	1E10	1E-30	1E-10	1E10	1E-30	1E-10	1E10	1E-30	1E-10	1E10	1E-30	1E-10
303	2.2E-11	1E10	1E11	1E-30	1.73179674064125E-10	1E10	1E-30	1E10	0.142448512671324	1E-30	4.03232091755029E-11	13.7592674386386	1E-30	8.91659077941299E-12	0.154067623798531	4.5362126339145E-10	2.04032143961705E-12	0.351575530155356	3.50448749871845E-11	1.07806941247613E-11	1.45549875046418	9.91512040892099E-11	1.13812311210339E-12	0.495885843118013	3.4335281456491E-11	1.63868227811994E-12	0.532822135517862	1E10	1E-30	1E-10	1E10	1E-30	1E-10	1E10	1E-30	1E-10	1E10	1E-30	1E-10	1E10	1E-30	1E-10	1E10	1E-30	1E-10	1E10	1E-30	1E-10	1E10	1E-30	1E-10	1E10	1E-30	1E-10
304	2.4E-11	1E10	1E10	1E-30	9.66268985222019E-11	1E10	1E-30	1E10	0.149320688127518	1E-30	1.62017371196679E-11	0.310561964372304	3.74988276901701E-10	2.55163260534197E-12	0.344877418570148	2.54201202470177E-11	1.54810082045509E-11	1.76682730907642	1.67364928869817E-12	1.1517961810921E-10	1E5	1E10	1E-30	1E-10	1E10	1E-30	1E-10	1E10	1E-30	1E-10	1E10	1E-30	1E-10	1E10	1E-30	1E-10	1E10	1E-30	1E-10	1E10	1E-30	1E-10	1E10	1E-30	1E-10	1E10	1E-30	1E-10	1E10	1E-30	1E-10	1E10	1E-30	1E-10
305	2.4E-11	1E10	1E10	1E-30	9.66268985222019E-11	1E10	1E-30	1E10	0.149320688127518	1E-30	1.62017371196679E-11	0.310561964372304	3.74988276901701E-10	2.55163260534197E-12	0.344877418570148	2.54201202470177E-11	1.54810082045509E-11	1.76682730907642	1.67364928869817E-12	1.1517961810921E-10	1E5	1E10	1E-30	1E-10	1E10	1E-30	1E-10	1E10	1E-30	1E-10	1E10	1E-30	1E-10	1E10	1E-30	1E-10	1E10	1E-30	1E-10	1E10	1E-30	1E-10	1E10	1E-30	1E-10	1E10	1E-30	1E-10	1E10	1E-30	1E-10	1E10	1E-30	1E-10
306	2.4E-11	1E10	1E10	1E-30	9.66268985222019E-11	1E10	1E-30	1E10	0.149320688127518	1E-30	1.62017371196679E-11	0.310561964372304	3.74988276901701E-10	2.55163260534197E-12	0.344877418570148	2.54201202470177E-11	1.54810082045509E-11	1.76682730907642	1.67364928869817E-12	1.1517961810921E-10	1E5	1E10	1E-30	1E-10	1E10	1E-30	1E-10	1E10	1E-30	1E-10	1E10	1E-30	1E-10	1E10	1E-30	1E-10	1E10	1E-30	1E-10	1E10	1E-30	1E-10	1E10	1E-30	1E-10	1E10	1E-30	1E-10	1E10	1E-30	1E-10	1E10	1E-30	1E-10
307	2.4E-11	1E10	1E10	1E-30	9.66268985222019E-11	1E10	1E-30	1E10	0.149320688127518	1E-30	1.62017371196679E-11	0.310561964372304	3.74988276901701E-10	2.55163260534197E-12	0.344877418570148	2.54201202470177E-11	1.54810082045509E-11	1.76682730907642	1.67364928869817E-12	1.1517961810921E-10	1E5	1E10	1E-30	1E-10	1E10	1E-30	1E-10	1E10	1E-30	1E-10	1E10	1E-30	1E-10	1E10	1E-30	1E-10	1E10	1E-30	1E-10	1E10	1E-30	1E-10	1E10	1E-30	1E-10	1E10	1E-30	1E-10	1E10	1E-30	1E-10	1E10	1E-30	1E-10
308	2.4E-11	1E10	1E10	1E-30	9.66268985222019E-11	1E10	1E-30	1E10	0.149320688127518	1E-30	1.62017371196679E-11	0.310561964372304	3.74988276901701E-10	2.55163260534197E-12	0.344877418570148	2.54201202470177E-11	1.54810082045509E-11	1.76682730907642	1.67364928869817E-12	1.1517961810921E-10	1E5	1E10	1E-30	1E-10	1E10	1E-30	1E-10	1E10	1E-30	1E-10	1E10	1E-30	1E-10	1E10	1E-30	1E-10	1E10	1E-30	1E-10	1E10	1E-30	1E-10	1E10	1E-30	1E-10	1E10	1E-30	1E-10	1E10	1E-30	1E-10	1E10	1E-30	1E-10
309	2.4E-11	1E10	1E10	1E-30	9.66268985222019E-11	1E10	1E-30	1E10	0.149320688127518	1E-30	1.62017371196679E-11	0.310561964372304	3.74988276901701E-10	2.55163260534197E-12	0.344877418570148	2.54201202470177E-11	1.54810082045509E-11	1.76682730907642	1.67364928869817E-12	1.1517961810921E-10	1E5	1E10	1E-30	1E-10	1E10	1E-30	1E-10	1E10	1E-30	1E-10	1E10	1E-30	1E-10	1E10	1E-30	1E-10	1E10	1E-30	1E-10	1E10	1E-30	1E-10	1E10	1E-30	1E-10	1E10	1E-30	1E-10	1E10	1E-30	1E-10	1E10	1E-30	1E-10
310	2.4E-11	1E10	1E11	1E-30	9.66268985222019E-11	1E10	1E-30	1E10	0.149320688127518	1E-30	1.62017371196679E-11	0.310561964372304	3.74988276901701E-10	2.55163260534197E-12	0.344877418570148	2.54201202470177E-11	1.54810082045509E-11	1.76682730907642	1.67364928869817E-12	1.1517961810921E-10	1E5	1E10	1E-30	1E-10	1E10	1E-30	1E-10	1E10	1E-30	1E-10	1E10	1E-30	1E-10	1E10	1E-30	1E-10	1E10	1E-30	1E-10	1E10	1E-30	1E-10	1E10	1E-30	1E-10	1E10	1E-30	1E-10	1E10	1E-30	1E-10	1E10	1E-30	1E-10
311	2.4E-11	1E10	1E11	1E-30	9.66268985222019E-11	1E10	1E-30	1E10	0.149320688127518	1E-30	1.62017371196679E-11	0.310561964372304	3.74988276901701E-10	2.55163260534197E-12	0.344877418570148	2.54201202470177E-11	1.54810082045509E-11	1.76682730907642	1.67364928869817E-12	1.1517961810921E-10	1E5	1E10	1E-30	1E-10	1E10	1E-30	1E-10	1E10	1E-30	1E-10	1E10	1E-30	1E-10	1E10	1E-30	1E-10	1E10	1E-30	1E-10	1E10	1E-30	1E-10	1E10	1E-30	1E-10	1E10	1E-30	1E-10	1E10	1E-30	1E-10	1E10	1E-30	1E-10
312	2.4E-11	1E10	1E11	1E-30	9.66268985222019E-11	1E10	1E-30	1E10	0.149320688127518	1E-30	1.62017371196679E-11	0.310561964372304	3.74988276901701E-10	2.55163260534197E-12	0.344877418570148	2.54201202470177E-11	1.54810082045509E-11	1.76682730907642	1.67364928869817E-12	1.1517961810921E-10	1E5	1E10	1E-30	1E-10	1E10	1E-30	1E-10	1E10	1E-30	1E-10	1E10	1E-30	1E-10	1E10	1E-30	1E-10	1E10	1E-30	1E-10	1E10	1E-30	1E-10	1E10	1E-30	1E-10	1E10	1E-30	1E-10	1E10	1E-30	1E-10	1E10	1E-30	1E-10
313	2.4E-11	1E10	1E11	1E-30	9.66268985222019E-11	1E10	1E-30	1E10	0.149320688127518	1E-30	1.62017371196679E-11	0.310561964372304	3.74988276901701E-10	2.55163260534197E-12	0.344877418570148	2.54201202470177E-11	1.54810082045509E-11	1.76682730907642	1.67364928869817E-12	1.1517961810921E-10	1E5	1E10	1E-30	1E-10	1E10	1E-30	1E-10	1E10	1E-30	1E-10	1E10	1E-30	1E-10	1E10	1E-30	1E-10	1E10	1E-30	1E-10	1E10	1E-30	1E-10	1E10	1E-30	1E-10	1E10	1E-30	1E-10	1E10	1E-30	1E-10	1E10	1E-30	1E-10
314	2.4E-11	1E10	1E11	1E-30	9.66268985222019E-11	1E10	1E-30	1E10	0.149320688127518	1E-30	1.62017371196679E-11	0.310561964372304	3.74988276901701E-10	2.55163260534197E-12	0.344877418570148	2.54201202470177E-11	1.54810082045509E-11	1.76682730907642	1.67364928869817E-12	1.1517961810921E-10	1E5	1E10	1E-30	1E-10	1E10	1E-30	1E-10	1E10	1E-30	1E-10	1E10	1E-30	1E-10	1E10	1E-30	1E-10	1E10	1E-30	1E-10	1E10	1E-30	1E-10	1E10	1E-30	1E-10	1E10	1E-30	1E-10	1E10	1E-30	1E-10	1E10	1E-30	1E-10
315	2.4E-11	1E10	1E11	1E-30	9.66268985222019E-11	1E10	1E-30	1E10	0.149320688127518	1E-30	1.62017371196679E-11	0.310561964372304	3.74988276901701E-10	2.55163260534197E-12	0.344877418570148	2.54201202470177E-11	1.54810082045509E-11	1.76682730907642	1.67364928869817E-12	1.1517961810921E-10	1E5	1E10	1E-30	1E-10	1E10	1E-30	1E-10	1E10	1E-30	1E-10	1E10	1E-30	1E-10	1E10	1E-30	1E-10	1E10	1E-30	1E-10	1E10	1E-30	1E-10	1E10	1E-30	1E-10	1E10	1E-30	1E-10	1E10	1E-30	1E-10	1E10	1E-30	1E-10
316	2.7E-11	1E10	1E10	1E-30	1.4407216563788E-10	1E10	1E-30	1E10	0.148909721118967	1E-30	1.20684043947077E-11	0.227484063521787	8.90068486165352E-12	3.90982075147551E-11	4.41850603264583	3.63488162974198E-12	5.3939728149335E-11	1E5	1E10	1E-30	1E-10	1E10	1E-30	1E-10	1E10	1E-30	1E-10	1E10	1E-30	1E-10	1E10	1E-30	1E-10	1E10	1E-30	1E-10	1E10	1E-30	1E-10	1E10	1E-30	1E-10	1E10	1E-30	1E-10	1E10	1E-30	1E-10	1E10	1E-30	1E-10	1E10	1E-30	1E-10
317	2.7E-11	1E10	1E10	1E-30	1.4407216563788E-10	1E10	1E-30	1E10	0.148909721118967	1E-30	1.20684043947077E-11	0.227484063521787	8.90068486165352E-12	3.90982075147551E-11	4.41850603264583	3.63488162974198E-12	5.3939728149335E-11	1E5	1E10	1E-30	1E-10	1E10	1E-30	1E-10	1E10	1E-30	1E-10	1E10	1E-30	1E-10	1E10	1E-30	1E-10	1E10	1E-30	1E-10	1E10	1E-30	1E-10	1E10	1E-30	1E-10	1E10	1E-30	1E-10	1E10	1E-30	1E-10	1E10	1E-30	1E-10	1E10	1E-30	1E-10
318	2.7E-11	1E10	1E10	1E-30	1.4407216563788E-10	1E10	1E-30	1E10	0.148909721118967	1E-30	1.20684043947077E-11	0.227484063521787	8.90068486165352E-12	3.90982075147551E-11	4.41850603264583	3.63488162974198E-12	5.3939728149335E-11	1E5	1E10	1E-30	1E-10	1E10	1E-30	1E-10	1E10	1E-30	1E-10	1E10	1E-30	1E-10	1E10	1E-30	1E-10	1E10	1E-30	1E-10	1E10	1E-30	1E-10	1E10	1E-30	1E-10	1E10	1E-30	1E-10	1E10	1E-30	1E-10	1E10	1E-30	1E-10	1E10	1E-30	1E-10
319	2.7E-11	1E10	1E10	1E-30	1.4407216563788E-10	1E10	1E-30	1E10	0.148909721118967	1E-30	1.20684043947077E-11	0.227484063521787	8.90068486165352E-12	3.90982075147551E-11	4.41850603264583	3.63488162974198E-12	5.3939728149335E-11	1E5	1E10	1E-30	1E-10	1E10	1E-30	1E-10	1E10	1E-30	1E-10	1E10	1E-30	1E-10	1E10	1E-30	1E-10	1E10	1E-30	1E-10	1E10	1E-30	1E-10	1E10	1E-30	1E-10	1E10	1E-30	1E-10	1E10	1E-30	1E-10	1E10	1E-30	1E-10	1E10	1E-30	1E-10
320	2.7E-11	1E10	1E10	1E-30	1.4407216563788E-10	1E10	1E-30	1E10	0.148909721118967	1E-30	1.20684043947077E-11	0.227484063521787	8.90068486165352E-12	3.90982075147551E-11	4.41850603264583	3.63488162974198E-12	5.3939728149335E-11	1E5	1E10	1E-30	1E-10	1E10	1E-30	1E-10	1E10	1E-30	1E-10	1E10	1E-30	1E-10	1E10	1E-30	1E-10	1E10	1E-30	1E-10	1E10	1E-30	1E-10	1E10	1E-30	1E-10	1E10	1E-30	1E-10	1E10	1E-30	1E-10	1E10	1E-30	1E-10	1E10	1E-30	1E-10
321	2.7E-11	1E10	1E10	1E-30	1.4407216563788E-10	1E10	1E-30	1E10	0.148909721118967	1E-30	1.20684043947077E-11	0.227484063521787	8.90068486165352E-12	3.90982075147551E-11	4.41850603264583	3.63488162974198E-12	5.3939728149335E-11	1E5	1E10	1E-30	1E-10	1E10	1E-30	1E-10	1E10	1E-30	1E-10	1E10	1E-30	1E-10	1E10	1E-30	1E-10	1E10	1E-30	1E-10	1E10	1E-30	1E-10	1E10	1E-30	1E-10	1E10	1E-30	1E-10	1E10	1E-30	1E-10	1E10	1E-30	1E-10	1E10	1E-30	1E-10
322	2.7E-11	1E10	1E11	1E-30	1.4407216563788E-10	1E10	1E-30	1E10	0.148909721118967	1E-30	1.20684043947077E-11	0.227484063521787	8.90068486165352E-12	3.90982075147551E-11	4.41850603264583	3.63488162974198E-12	5.3939728149335E-11	1E5	1E10	1E-30	1E-10	1E10	1E-30	1E-10	1E10	1E-30	1E-10	1E10	1E-30	1E-10	1E10	1E-30	1E-10	1E10	1E-30	1E-10	1E10	1E-30	1E-10	1E10	1E-30	1E-10	1E10	1E-30	1E-10	1E10	1E-30	1E-10	1E10	1E-30	1E-10	1E10	1E-30	1E-10
323	2.7E-11	1E10	1E11	1E-30	1.4407216563788E-10	1E10	1E-30	1E10	0.148909721118967	1E-30	1.20684043947077E-11	0.227484063521787	8.90068486165352E-12	3.90982075147551E-11	4.41850603264583	3.63488162974198E-12	5.3939728149335E-11	1E5	1E10	1E-30	1E-10	1E10	1E-30	1E-10	1E10	1E-30	1E-10	1E10	1E-30	1E-10	1E10	1E-30	1E-10	1E10	1E-30	1E-10	1E10	1E-30	1E-10	1E10	1E-30	1E-10	1E10	1E-30	1E-10	1E10	1E-30	1E-10	1E10	1E-30	1E-10	1E10	1E-30	1E-10
324	2.7E-11	1E10	1E11	1E-30	1.4407216563788E-10	1E10	1E-30	1E10	0.148909721118967	1E-30	1.20684043947077E-11	0.227484063521787	8.90068486165352E-12	3.90982075147551E-11	4.41850603264583	3.63488162974198E-12	5.3939728149335E-11	1E5	1E10	1E-30	1E-10	1E10	1E-30	1E-10	1E10	1E-30	1E-10	1E10	1E-30	1E-10	1E10	1E-30	1E-10	1E10	1E-30	1E-10	1E10	1E-30	1E-10	1E10	1E-30	1E-10	1E10	1E-30	1E-10	1E10	1E-30	1E-10	1E10	1E-30	1E-10	1E10	1E-30	1E-10
325	2.7E-11	1E10	1E11	1E-30	1.4407216563788E-10	1E10	1E-30	1E10	0.148909721118967	1E-30	1.20684043947077E-11	0.227484063521787	8.90068486165352E-12	3.90982075147551E-11	4.41850603264583	3.63488162974198E-12	5.3939728149335E-11	1E5	1E10	1E-30	1E-10	1E10	1E-30	1E-10	1E10	1E-30	1E-10	1E10	1E-30	1E-10	1E10	1E-30	1E-10	1E10	1E-30	1E-10	1E10	1E-30	1E-10	1E10	1E-30	1E-10	1E10	1E-30	1E-10	1E10	1E-30	1E-10	1E10	1E-30	1E-10	1E10	1E-30	1E-10
326	2.7E-11	1E10	1E11	1E-30	1.4407216563788E-10	1E10	1E-30	1E10	0.148909721118967	1E-30	1.20684043947077E-11	0.227484063521787	8.90068486165352E-12	3.90982075147551E-11	4.41850603264583	3.63488162974198E-12	5.3939728149335E-11	1E5	1E10	1E-30	1E-10	1E10	1E-30	1E-10	1E10	1E-30	1E-10	1E10	1E-30	1E-10	1E10	1E-30	1E-10	1E10	1E-30	1E-10	1E10	1E-30	1E-10	1E10	1E-30	1E-10	1E10	1E-30	1E-10	1E10	1E-30	1E-10	1E10	1E-30	1E-10	1E10	1E-30	1E-10
327	2.7E-11	1E10	1E11	1E-30	1.4407216563788E-10	1E10	1E-30	1E10	0.148909721118967	1E-30	1.20684043947077E-11	0.227484063521787	8.90068486165352E-12	3.90982075147551E-11	4.41850603264583	3.63488162974198E-12	5.3939728149335E-11	1E5	1E10	1E-30	1E-10	1E10	1E-30	1E-10	1E10	1E-30	1E-10	1E10	1E-30	1E-10	1E10	1E-30	1E-10	1E10	1E-30	1E-10	1E10	1E-30	1E-10	1E10	1E-30	1E-10	1E10	1E-30	1E-10	1E10	1E-30	1E-10	1E10	1E-30	1E-10	1E10	1E-30	1E-10
328	3E-11	1E10	1E10	1E-30	1.45921734296945E-10	1E10	1E-30	1E10	0.143248887903215	1E-30	1.70624120693622E-11	0.364245280128014	3.52116501831535E-11	1.41824081302855E-11	1.21521206982037	2.32203524095408E-12	7.39897031454248E-11	1E5	1E10	1E-30	1E-10	1E10	1E-30	1E-10	1E10	1E-30	1E-10	1E10	1E-30	1E-10	1E10	1E-30	1E-10	1E10	1E-30	1E-10	1E10	1E-30	1E-10	1E10	1E-30	1E-10	1E10	1E-30	1E-10	1E10	1E-30	1E-10	1E10	1E-30	1E-10	1E10	1E-30	1E-10
329	3E-11	1E10	1E10	1E-30	1.45921734296945E-10	1E10	1E-30	1E10	0.143248887903215	1E-30	1.70624120693622E-11	0.364245280128014	3.52116501831535E-11	1.41824081302855E-11	1.21521206982037	2.32203524095408E-12	7.39897031454248E-11	1E5	1E10	1E-30	1E-10	1E10	1E-30	1E-10	1E10	1E-30	1E-10	1E10	1E-30	1E-10	1E10	1E-30	1E-10	1E10	1E-30	1E-10	1E10	1E-30	1E-10	1E10	1E-30	1E-10	1E10	1E-30	1E-10	1E10	1E-30	1E-10	1E10	1E-30	1E-10	1E10	1E-30	1E-10
330	3E-11	1E10	1E10	1E-30	1.45921734296945E-10	1E10	1E-30	1E10	0.143248887903215	1E-30	1.70624120693622E-11	0.364245280128014	3.52116501831535E-11	1.41824081302855E-11	1.21521206982037	2.32203524095408E-12	7.39897031454248E-11	1E5	1E10	1E-30	1E-10	1E10	1E-30	1E-10	1E10	1E-30	1E-10	1E10	1E-30	1E-10	1E10	1E-30	1E-10	1E10	1E-30	1E-10	1E10	1E-30	1E-10	1E10	1E-30	1E-10	1E10	1E-30	1E-10	1E10	1E-30	1E-10	1E10	1E-30	1E-10	1E10	1E-30	1E-10
331	3E-11	1E10	1E10	1E-30	1.45921734296945E-10	1E10	1E-30	1E10	0.143248887903215	1E-30	1.70624120693622E-11	0.364245280128014	3.52116501831535E-11	1.41824081302855E-11	1.21521206982037	2.32203524095408E-12	7.39897031454248E-11	1E5	1E10	1E-30	1E-10	1E10	1E-30	1E-10	1E10	1E-30	1E-10	1E10	1E-30	1E-10	1E10	1E-30	1E-10	1E10	1E-30	1E-10	1E10	1E-30	1E-10	1E10	1E-30	1E-10	1E10	1E-30	1E-10	1E10	1E-30	1E-10	1E10	1E-30	1E-10	1E10	1E-30	1E-10
332	3E-11	1E10	1E10	1E-30	1.45921734296945E-10	1E10	1E-30	1E10	0.143248887903215	1E-30	1.70624120693622E-11	0.364245280128014	3.52116501831535E-11	1.41824081302855E-11	1.21521206982037	2.32203524095408E-12	7.39897031454248E-11	1E5	1E10	1E-30	1E-10	1E10	1E-30	1E-10	1E10	1E-30	1E-10	1E10	1E-30	1E-10	1E10	1E-30	1E-10	1E10	1E-30	1E-10	1E10	1E-30	1E-10	1E10	1E-30	1E-10	1E10	1E-30	1E-10	1E10	1E-30	1E-10	1E10	1E-30	1E-10	1E10	1E-30	1E-10
333	3E-11	1E10	1E10	1E-30	1.45921734296945E-10	1E10	1E-30	1E10	0.143248887903215	1E-30	1.70624120693622E-11	0.364245280128014	3.52116501831535E-11	1.41824081302855E-11	1.21521206982037	2.32203524095408E-12	7.39897031454248E-11	1E5	1E10	1E-30	1E-10	1E10	1E-30	1E-10	1E10	1E-30	1E-10	1E10	1E-30	1E-10	1E10	1E-30	1E-10	1E10	1E-30	1E-10	1E10	1E-30	1E-10	1E10	1E-30	1E-10	1E10	1E-30	1E-10	1E10	1E-30	1E-10	1E10	1E-30	1E-10	1E10	1E-30	1E-10
334	3E-11	1E10	1E11	1E-30	1.45921734296945E-10	1E10	1E-30	1E10	0.143248887903215	1E-30	1.70624120693622E-11	0.364245280128014	3.52116501831535E-11	1.41824081302855E-11	1.21521206982037	2.32203524095408E-12	7.39897031454248E-11	1E5	1E10	1E-30	1E-10	1E10	1E-30	1E-10	1E10	1E-30	1E-10	1E10	1E-30	1E-10	1E10	1E-30	1E-10	1E10	1E-30	1E-10	1E10	1E-30	1E-10	1E10	1E-30	1E-10	1E10	1E-30	1E-10	1E10	1E-30	1E-10	1E10	1E-30	1E-10	1E10	1E-30	1E-10
335	3E-11	1E10	1E11	1E-30	1.45921734296945E-10	1E10	1E-30	1E10	0.143248887903215	1E-30	1.70624120693622E-11	0.364245280128014	3.52116501831535E-11	1.41824081302855E-11	1.21521206982037	2.32203524095408E-12	7.39897031454248E-11	1E5	1E10	1E-30	1E-10	1E10	1E-30	1E-10	1E10	1E-30	1E-10	1E10	1E-30	1E-10	1E10	1E-30	1E-10	1E10	1E-30	1E-10	1E10	1E-30	1E-10	1E10	1E-30	1E-10	1E10	1E-30	1E-10	1E10	1E-30	1E-10	1E10	1E-30	1E-10	1E10	1E-30	1E-10
336	3E-11	1E10	1E11	1E-30	1.45921734296945E-10	1E10	1E-30	1E10	0.143248887903215	1E-30	1.70624120693622E-11	0.364245280128014	3.52116501831535E-11	1.41824081302855E-11	1.21521206982037	2.32203524095408E-12	7.39897031454248E-11	1E5	1E10	1E-30	1E-10	1E10	1E-30	1E-10	1E10	1E-30	1E-10	1E10	1E-30	1E-10	1E10	1E-30	1E-10	1E10	1E-30	1E-10	1E10	1E-30	1E-10	1E10	1E-30	1E-10	1E10	1E-30	1E-10	1E10	1E-30	1E-10	1E10	1E-30	1E-10	1E10	1E-30	1E-10
337	3E-11	1E10	1E11	1E-30	1.45921734296945E-10	1E10	1E-30	1E10	0.143248887903215	1E-30	1.70624120693622E-11	0.364245280128014	3.52116501831535E-11	1.41824081302855E-11	1.21521206982037	2.32203524095408E-12	7.39897031454248E-11	1E5	1E10	1E-30	1E-10	1E10	1E-30	1E-10	1E10	1E-30	1E-10	1E10	1E-30	1E-10	1E10	1E-30	1E-10	1E10	1E-30	1E-10	1E10	1E-30	1E-10	1E10	1E-30	1E-10	1E10	1E-30	1E-10	1E10	1E-30	1E-10	1E10	1E-30	1E-10	1E10	1E-30	1E-10
338	3E-11	1E10	1E11	1E-30	1.45921734296945E-10	1E10	1E-30	1E10	0.143248887903215	1E-30	1.70624120693622E-11	0.364245280128014	3.52116501831535E-11	1.41824081302855E-11	1.21521206982037	2.32203524095408E-12	7.39897031454248E-11	1E5	1E10	1E-30	1E-10	1E10	1E-30	1E-10	1E10	1E-30	1E-10	1E10	1E-30	1E-10	1E10	1E-30	1E-10	1E10	1E-30	1E-10	1E10	1E-30	1E-10	1E10	1E-30	1E-10	1E10	1E-30	1E-10	1E10	1E-30	1E-10	1E10	1E-30	1E-10	1E10	1E-30	1E-10
339	3E-11	1E10	1E11	1E-30	1.45921734296945E-10	1E10	1E-30	1E10	0.143248887903215	1E-30	1.70624120693622E-11	0.364245280128014	3.52116501831535E-11	1.41824081302855E-11	1.21521206982037	2.32203524095408E-12	7.39897031454248E-11	1E5	1E10	1E-30	1E-10	1E10	1E-30	1E-10	1E10	1E-30	1E-10	1E10	1E-30	1E-10	1E10	1E-30	1E-10	1E10	1E-30	1E-10	1E10	1E-30	1E-10	1E10	1E-30	1E-10	1E10	1E-30	1E-10	1E10	1E-30	1E-10	1E10	1E-30	1E-10	1E10	1E-30	1E-10
340	3.3E-11	1E10	1E10	1E-30	8.57409433025515E-11	1E10	1E-30	1E10	0.146372678330003	1E-30	8.46391949211286E-12	0.111373376866824	9.35547991686431E-12	3.53595026751788E-11	3.6284744151207	6.74692129073953E-13	1.18384101458939E-10	1E5	1E10	1E-30	1E-10	1E10	1E-30	1E-10	1E10	1E-30	1E-10	1E10	1E-30	1E-10	1E10	1E-30	1E-10	1E10	1E-30	1E-10	1E10	1E-30	1E-10	1E10	1E-30	1E-10	1E10	1E-30	1E-10	1E10	1E-30	1E-10	1E10	1E-30	1E-10	1E10	1E-30	1E-10
341	3.3E-11	1E10	1E10	1E-30	8.57409433025515E-11	1E10	1E-30	1E10	0.146372678330003	1E-30	8.46391949211286E-12	0.111373376866824	9.35547991686431E-12	3.53595026751788E-11	3.6284744151207	6.74692129073953E-13	1.18384101458939E-10	1E5	1E10	1E-30	1E-10	1E10	1E-30	1E-10	1E10	1E-30	1E-10	1E10	1E-30	1E-10	1E10	1E-30	1E-10	1E10	1E-30	1E-10	1E10	1E-30	1E-10	1E10	1E-30	1E-10	1E10	1E-30	1E-10	1E10	1E-30	1E-10	1E10	1E-30	1E-10	1E10	1E-30	1E-10
342	3.3E-11	1E10	1E10	1E-30	8.57409433025515E-11	1E10	1E-30	1E10	0.146372678330003	1E-30	8.46391949211286E-12	0.111373376866824	9.35547991686431E-12	3.53595026751788E-11	3.6284744151207	6.74692129073953E-13	1.18384101458939E-10	1E5	1E10	1E-30	1E-10	1E10	1E-30	1E-10	1E10	1E-30	1E-10	1E10	1E-30	1E-10	1E10	1E-30	1E-10	1E10	1E-30	1E-10	1E10	1E-30	1E-10	1E10	1E-30	1E-10	1E10	1E-30	1E-10	1E10	1E-30	1E-10	1E10	1E-30	1E-10	1E10	1E-30	1E-10
343	3.3E-11	1E10	1E10	1E-30	8.57409433025515E-11	1E10	1E-30	1E10	0.146372678330003	1E-30	8.46391949211286E-12	0.111373376866824	9.35547991686431E-12	3.53595026751788E-11	3.6284744151207	6.74692129073953E-13	1.18384101458939E-10	1E5	1E10	1E-30	1E-10	1E10	1E-30	1E-10	1E10	1E-30	1E-10	1E10	1E-30	1E-10	1E10	1E-30	1E-10	1E10	1E-30	1E-10	1E10	1E-30	1E-10	1E10	1E-30	1E-10	1E10	1E-30	1E-10	1E10	1E-30	1E-10	1E10	1E-30	1E-10	1E10	1E-30	1E-10
344	3.3E-11	1E10	1E10	1E-30	8.57409433025515E-11	1E10	1E-30	1E10	0.146372678330003	1E-30	8.46391949211286E-12	0.111373376866824	9.35547991686431E-12	3.53595026751788E-11	3.6284744151207	6.74692129073953E-13	1.18384101458939E-10	1E5	1E10	1E-30	1E-10	1E10	1E-30	1E-10	1E10	1E-30	1E-10	1E10	1E-30	1E-10	1E10	1E-30	1E-10	1E10	1E-30	1E-10	1E10	1E-30	1E-10	1E10	1E-30	1E-10	1E10	1E-30	1E-10	1E10	1E-30	1E-10	1E10	1E-30	1E-10	1E10	1E-30	1E-10
345	3.3E-11	1E10	1E10	1E-30	8.57409433025515E-11	1E10	1E-30	1E10	0.146372678330003	1E-30	8.46391949211286E-12	0.111373376866824	9.35547991686431E-12	3.53595026751788E-11	3.6284744151207	6.74692129073953E-13	1.18384101458939E-10	1E5	1E10	1E-30	1E-10	1E10	1E-30	1E-10	1E10	1E-30	1E-10	1E10	1E-30	1E-10	1E10	1E-30	1E-10	1E10	1E-30	1E-10	1E10	1E-30	1E-10	1E10	1E-30	1E-10	1E10	1E-30	1E-10	1E10	1E-30	1E-10	1E10	1E-30	1E-10	1E10	1E-30	1E-10
346	3.3E-11	1E10	1E11	1E-30	8.57409433025515E-11	1E10	1E-30	1E10	0.146372678330003	1E-30	8.46391949211286E-12	0.111373376866824	9.35547991686431E-12	3.53595026751788E-11	3.6284744151207	6.74692129073953E-13	1.18384101458939E-10	1E5	1E10	1E-30	1E-10	1E10	1E-30	1E-10	1E10	1E-30	1E-10	1E10	1E-30	1E-10	1E10	1E-30	1E-10	1E10	1E-30	1E-10	1E10	1E-30	1E-10	1E10	1E-30	1E-10	1E10	1E-30	1E-10	1E10	1E-30	1E-10	1E10	1E-30	1E-10	1E10	1E-30	1E-10
347	3.3E-11	1E10	1E11	1E-30	8.57409433025515E-11	1E10	1E-30	1E10	0.146372678330003	1E-30	8.46391949211286E-12	0.111373376866824	9.35547991686431E-12	3.53595026751788E-11	3.6284744151207	6.74692129073953E-13	1.18384101458939E-10	1E5	1E10	1E-30	1E-10	1E10	1E-30	1E-10	1E10	1E-30	1E-10	1E10	1E-30	1E-10	1E10	1E-30	1E-10	1E10	1E-30	1E-10	1E10	1E-30	1E-10	1E10	1E-30	1E-10	1E10	1E-30	1E-10	1E10	1E-30	1E-10	1E10	1E-30	1E-10	1E10	1E-30	1E-10
348	3.3E-11	1E10	1E11	1E-30	8.57409433025515E-11	1E10	1E-30	1E10	0.146372678330003	1E-30	8.46391949211286E-12	0.111373376866824	9.35547991686431E-12	3.53595026751788E-11	3.6284744151207	6.74692129073953E-13	1.18384101458939E-10	1E5	1E10	1E-30	1E-10	1E10	1E-30	1E-10	1E10	1E-30	1E-10	1E10	1E-30	1E-10	1E10	1E-30	1E-10	1E10	1E-30	1E-10	1E10	1E-30	1E-10	1E10	1E-30	1E-10	1E10	1E-30	1E-10	1E10	1E-30	1E-10	1E10	1E-30	1E-10	1E10	1E-30	1E-10
349	3.3E-11	1E10	1E11	1E-30	8.57409433025515E-11	1E10	1E-30	1E10	0.146372678330003	1E-30	8.46391949211286E-12	0.111373376866824	9.35547991686431E-12	3.53595026751788E-11	3.6284744151207	6.74692129073953E-13	1.18384101458939E-10	1E5	1E10	1E-30	1E-10	1E10	1E-30	1E-10	1E10	1E-30	1E-10	1E10	1E-30	1E-10	1E10	1E-30	1E-10	1E10	1E-30	1E-10	1E10	1E-30	1E-10	1E10	1E-30	1E-10	1E10	1E-30	1E-10	1E10	1E-30	1E-10	1E10	1E-30	1E-10	1E10	1E-30	1E-10
350	3.3E-11	1E10	1E11	1E-30	8.57409433025515E-11	1E10	1E-30	1E10	0.146372678330003	1E-30	8.46391949211286E-12	0.111373376866824	9.35547991686431E-12	3.53595026751788E-11	3.6284744151207	6.74692129073953E-13	1.18384101458939E-10	1E5	1E10	1E-30	1E-10	1E10	1E-30	1E-10	1E10	1E-30	1E-10	1E10	1E-30	1E-10	1E10	1E-30	1E-10	1E10	1E-30	1E-10	1E10	1E-30	1E-10	1E10	1E-30	1E-10	1E10	1E-30	1E-10	1E10	1E-30	1E-10	1E10	1E-30	1E-10	1E10	1E-30	1E-10
351	3.3E-11	1E10	1E11	1E-30	8.57409433025515E-11	1E10	1E-30	1E10	0.146372678330003	1E-30	8.46391949211286E-12	0.111373376866824	9.35547991686431E-12	3.53595026751788E-11	3.6284744151207	6.74692129073953E-13	1.18384101458939E-10	1E5	1E10	1E-30	1E-10	1E10	1E-30	1E-10	1E10	1E-30	1E-10	1E10	1E-30	1E-10	1E10	1E-30	1E-10	1E10	1E-30	1E-10	1E10	1E-30	1E-10	1E10	1E-30	1E-10	1E10	1E-30	1E-10	1E10	1E-30	1E-10	1E10	1E-30	1E-10	1E10	1E-30	1E-10
352	3.59999999999999E-11	1E10	1E10	1E-30	1.57442238074931E-10	1E10	1E-30	1E10	0.133698962043	1E-30	2.15591638661765E-11	0.286016799826547	4.26965596394757E-11	1.48143980047661E-11	1.28027035698444	3.48142481836107E-12	6.21273844845678E-11	1E5	1E10	1E-30	1E-10	1E10	1E-30	1E-10	1E10	1E-30	1E-10	1E10	1E-30	1E-10	1E10	1E-30	1E-10	1E10	1E-30	1E-10	1E10	1E-30	1E-10	1E10	1E-30	1E-10	1E10	1E-30	1E-10	1E10	1E-30	1E-10	1E10	1E-30	1E-10	1E10	1E-30	1E-10
353	3.59999999999999E-11	1E10	1E10	1E-30	1.57442238074931E-10	1E10	1E-30	1E10	0.133698962043	1E-30	2.15591638661765E-11	0.286016799826547	4.26965596394757E-11	1.48143980047661E-11	1.28027035698444	3.48142481836107E-12	6.21273844845678E-11	1E5	1E10	1E-30	1E-10	1E10	1E-30	1E-10	1E10	1E-30	1E-10	1E10	1E-30	1E-10	1E10	1E-30	1E-10	1E10	1E-30	1E-10	1E10	1E-30	1E-10	1E10	1E-30	1E-10	1E10	1E-30	1E-10	1E10	1E-30	1E-10	1E10	1E-30	1E-10	1E10	1E-30	1E-10
354	3.59999999999999E-11	1E10	1E10	1E-30	1.57442238074931E-10	1E10	1E-30	1E10	0.133698962043	1E-30	2.15591638661765E-11	0.286016799826547	4.26965596394757E-11	1.48143980047661E-11	1.28027035698444	3.48142481836107E-12	6.21273844845678E-11	1E5	1E10	1E-30	1E-10	1E10	1E-30	1E-10	1E10	1E-30	1E-10	1E10	1E-30	1E-10	1E10	1E-30	1E-10	1E10	1E-30	1E-10	1E10	1E-30	1E-10	1E10	1E-30	1E-10	1E10	1E-30	1E-10	1E10	1E-30	1E-10	1E10	1E-30	1E-10	1E10	1E-30	1E-10
355	3.59999999999999E-11	1E10	1E10	1E-30	1.57442238074931E-10	1E10	1E-30	1E10	0.133698962043	1E-30	2.15591638661765E-11	0.286016799826547	4.26965596394757E-11	1.48143980047661E-11	1.28027035698444	3.48142481836107E-12	6.21273844845678E-11	1E5	1E10	1E-30	1E-10	1E10	1E-30	1E-10	1E10	1E-30	1E-10	1E10	1E-30	1E-10	1E10	1E-30	1E-10	1E10	1E-30	1E-10	1E10	1E-30	1E-10	1E10	1E-30	1E-10	1E10	1E-30	1E-10	1E10	1E-30	1E-10	1E10	1E-30	1E-10	1E10	1E-30	1E-10
356	3.59999999999999E-11	1E10	1E10	1E-30	1.57442238074931E-10	1E10	1E-30	1E10	0.133698962043	1E-30	2.15591638661765E-11	0.286016799826547	4.26965596394757E-11	1.48143980047661E-11	1.28027035698444	3.48142481836107E-12	6.21273844845678E-11	1E5	1E10	1E-30	1E-10	1E10	1E-30	1E-10	1E10	1E-30	1E-10	1E10	1E-30	1E-10	1E10	1E-30	1E-10	1E10	1E-30	1E-10	1E10	1E-30	1E-10	1E10	1E-30	1E-10	1E10	1E-30	1E-10	1E10	1E-30	1E-10	1E10	1E-30	1E-10	1E10	1E-30	1E-10
357	3.59999999999999E-11	1E10	1E10	1E-30	1.57442238074931E-10	1E10	1E-30	1E10	0.133698962043	1E-30	2.15591638661765E-11	0.286016799826547	4.26965596394757E-11	1.48143980047661E-11	1.28027035698444	3.48142481836107E-12	6.21273844845678E-11	1E5	1E10	1E-30	1E-10	1E10	1E-30	1E-10	1E10	1E-30	1E-10	1E10	1E-30	1E-10	1E10	1E-30	1E-10	1E10	1E-30	1E-10	1E10	1E-30	1E-10	1E10	1E-30	1E-10	1E10	1E-30	1E-10	1E10	1E-30	1E-10	1E10	1E-30	1E-10	1E10	1E-30	1E-10
358	3.59999999999999E-11	1E10	1E11	1E-30	1.57442238074931E-10	1E10	1E-30	1E10	0.133698962043	1E-30	2.15591638661765E-11	0.286016799826547	4.26965596394757E-11	1.48143980047661E-11	1.28027035698444	3.48142481836107E-12	6.21273844845678E-11	1E5	1E10	1E-30	1E-10	1E10	1E-30	1E-10	1E10	1E-30	1E-10	1E10	1E-30	1E-10	1E10	1E-30	1E-10	1E10	1E-30	1E-10	1E10	1E-30	1E-10	1E10	1E-30	1E-10	1E10	1E-30	1E-10	1E10	1E-30	1E-10	1E10	1E-30	1E-10	1E10	1E-30	1E-10
359	3.59999999999999E-11	1E10	1E11	1E-30	1.57442238074931E-10	1E10	1E-30	1E10	0.133698962043	1E-30	2.15591638661765E-11	0.286016799826547	4.26965596394757E-11	1.48143980047661E-11	1.28027035698444	3.48142481836107E-12	6.21273844845678E-11	1E5	1E10	1E-30	1E-10	1E10	1E-30	1E-10	1E10	1E-30	1E-10	1E10	1E-30	1E-10	1E10	1E-30	1E-10	1E10	1E-30	1E-10	1E10	1E-30	1E-10	1E10	1E-30	1E-10	1E10	1E-30	1E-10	1E10	1E-30	1E-10	1E10	1E-30	1E-10	1E10	1E-30	1E-10
360	3.59999999999999E-11	1E10	1E11	1E-30	1.57442238074931E-10	1E10	1E-30	1E10	0.133698962043	1E-30	2.15591638661765E-11	0.286016799826547	4.26965596394757E-11	1.48143980047661E-11	1.28027035698444	3.48142481836107E-12	6.21273844845678E-11	1E5	1E10	1E-30	1E-10	1E10	1E-30	1E-10	1E10	1E-30	1E-10	1E10	1E-30	1E-10	1E10	1E-30	1E-10	1E10	1E-30	1E-10	1E10	1E-30	1E-10	1E10	1E-30	1E-10	1E10	1E-30	1E-10	1E10	1E-30	1E-10	1E10	1E-30	1E-10	1E10	1E-30	1E-10
361	3.59999999999999E-11	1E10	1E11	1E-30	1.57442238074931E-10	1E10	1E-30	1E10	0.133698962043	1E-30	2.15591638661765E-11	0.286016799826547	4.26965596394757E-11	1.48143980047661E-11	1.28027035698444	3.48142481836107E-12	6.21273844845678E-11	1E5	1E10	1E-30	1E-10	1E10	1E-30	1E-10	1E10	1E-30	1E-10	1E10	1E-30	1E-10	1E10	1E-30	1E-10	1E10	1E-30	1E-10	1E10	1E-30	1E-10	1E10	1E-30	1E-10	1E10	1E-30	1E-10	1E10	1E-30	1E-10	1E10	1E-30	1E-10	1E10	1E-30	1E-10
362	3.59999999999999E-11	1E10	1E11	1E-30	1.57442238074931E-10	1E10	1E-30	1E10	0.133698962043	1E-30	2.15591638661765E-11	0.286016799826547	4.26965596394757E-11	1.48143980047661E-11	1.28027035698444	3.48142481836107E-12	6.21273844845678E-11	1E5	1E10	1E-30	1E-10	1E10	1E-30	1E-10	1E10	1E-30	1E-10	1E10	1E-30	1E-10	1E10	1E-30	1E-10	1E10	1E-30	1E-10	1E10	1E-30	1E-10	1E10	1E-30	1E-10	1E10	1E-30	1E-10	1E10	1E-30	1E-10	1E10	1E-30	1E-10	1E10	1E-30	1E-10
363	3.59999999999999E-11	1E10	1E11	1E-30	1.57442238074931E-10	1E10	1E-30	1E10	0.133698962043	1E-30	2.15591638661765E-11	0.286016799826547	4.26965596394757E-11	1.48143980047661E-11	1.28027035698444	3.48142481836107E-12	6.21273844845678E-11	1E5	1E10	1E-30	1E-10	1E10	1E-30	1E-10	1E10	1E-30	1E-10	1E10	1E-30	1E-10	1E10	1E-30	1E-10	1E10	1E-30	1E-10	1E10	1E-30	1E-10	1E10	1E-30	1E-10	1E10	1E-30	1E-10	1E10	1E-30	1E-10	1E10	1E-30	1E-10	1E10	1E-30	1E-10
364	3.9E-11	1E10	1E10	1E-30	1.63726135104608E-10	1E10	1E-30	1E10	0.130270051350659	1E-30	1.6177043820479E-11	0.203286728092869	7.01413912748109E-10	2.28288818929316E-12	0.248797353084928	4.11790323734429E-11	1.60286181049225E-11	1.4659325854196	3.805460296454E-12	5.03491137816267E-11	1E5	1E10	1E-30	1E-10	1E10	1E-30	1E-10	1E10	1E-30	1E-10	1E10	1E-30	1E-10	1E10	1E-30	1E-10	1E10	1E-30	1E-10	1E10	1E-30	1E-10	1E10	1E-30	1E-10	1E10	1E-30	1E-10	1E10	1E-30	1E-10	1E10	1E-30	1E-10
365	3.9E-11	1E10	1E10	1E-30	1.63726135104608E-10	1E10	1E-30	1E10	0.130270051350659	1E-30	1.6177043820479E-11	0.203286728092869	7.01413912748109E-10	2.28288818929316E-12	0.248797353084928	4.11790323734429E-11	1.60286181049225E-11	1.4659325854196	3.805460296454E-12	5.03491137816267E-11	1E5	1E10	1E-30	1E-10	1E10	1E-30	1E-10	1E10	1E-30	1E-10	1E10	1E-30	1E-10	1E10	1E-30	1E-10	1E10	1E-30	1E-10	1E10	1E-30	1E-10	1E10	1E-30	1E-10	1E10	1E-30	1E-10	1E10	1E-30	1E-10	1E10	1E-30	1E-10
366	3.9E-11	1E10	1E10	1E-30	1.63726135104608E-10	1E10	1E-30	1E10	0.130270051350659	1E-30	1.6177043820479E-11	0.203286728092869	7.01413912748109E-10	2.28288818929316E-12	0.248797353084928	4.11790323734429E-11	1.60286181049225E-11	1.4659325854196	3.805460296454E-12	5.03491137816267E-11	1E5	1E10	1E-30	1E-10	1E10	1E-30	1E-10	1E10	1E-30	1E-10	1E10	1E-30	1E-10	1E10	1E-30	1E-10	1E10	1E-30	1E-10	1E10	1E-30	1E-10	1E10	1E-30	1E-10	1E10	1E-30	1E-10	1E10	1E-30	1E-10	1E10	1E-30	1E-10
367	3.9E-11	1E10	1E10	1E-30	1.63726135104608E-10	1E10	1E-30	1E10	0.130270051350659	1E-30	1.6177043820479E-11	0.203286728092869	7.01413912748109E-10	2.28288818929316E-12	0.248797353084928	4.11790323734429E-11	1.60286181049225E-11	1.4659325854196	3.805460296454E-12	5.03491137816267E-11	1E5	1E10	1E-30	1E-10	1E10	1E-30	1E-10	1E10	1E-30	1E-10	1E10	1E-30	1E-10	1E10	1E-30	1E-10	1E10	1E-30	1E-10	1E10	1E-30	1E-10	1E10	1E-30	1E-10	1E10	1E-30	1E-10	1E10	1E-30	1E-10	1E10	1E-30	1E-10
368	3.9E-11	1E10	1E10	1E-30	1.63726135104608E-10	1E10	1E-30	1E10	0.130270051350659	1E-30	1.6177043820479E-11	0.203286728092869	7.01413912748109E-10	2.28288818929316E-12	0.248797353084928	4.11790323734429E-11	1.60286181049225E-11	1.4659325854196	3.805460296454E-12	5.03491137816267E-11	1E5	1E10	1E-30	1E-10	1E10	1E-30	1E-10	1E10	1E-30	1E-10	1E10	1E-30	1E-10	1E10	1E-30	1E-10	1E10	1E-30	1E-10	1E10	1E-30	1E-10	1E10	1E-30	1E-10	1E10	1E-30	1E-10	1E10	1E-30	1E-10	1E10	1E-30	1E-10
369	3.9E-11	1E10	1E10	1E-30	1.63726135104608E-10	1E10	1E-30	1E10	0.130270051350659	1E-30	1.6177043820479E-11	0.203286728092869	7.01413912748109E-10	2.28288818929316E-12	0.248797353084928	4.11790323734429E-11	1.60286181049225E-11	1.4659325854196	3.805460296454E-12	5.03491137816267E-11	1E5	1E10	1E-30	1E-10	1E10	1E-30	1E-10	1E10	1E-30	1E-10	1E10	1E-30	1E-10	1E10	1E-30	1E-10	1E10	1E-30	1E-10	1E10	1E-30	1E-10	1E10	1E-30	1E-10	1E10	1E-30	1E-10	1E10	1E-30	1E-10	1E10	1E-30	1E-10
370	3.9E-11	1E10	1E11	1E-30	1.63726135104608E-10	1E10	1E-30	1E10	0.130270051350659	1E-30	1.6177043820479E-11	0.203286728092869	7.01413912748109E-10	2.28288818929316E-12	0.248797353084928	4.11790323734429E-11	1.60286181049225E-11	1.4659325854196	3.805460296454E-12	5.03491137816267E-11	1E5	1E10	1E-30	1E-10	1E10	1E-30	1E-10	1E10	1E-30	1E-10	1E10	1E-30	1E-10	1E10	1E-30	1E-10	1E10	1E-30	1E-10	1E10	1E-30	1E-10	1E10	1E-30	1E-10	1E10	1E-30	1E-10	1E10	1E-30	1E-10	1E10	1E-30	1E-10
371	3.9E-11	1E10	1E11	1E-30	1.63726135104608E-10	1E10	1E-30	1E10	0.130270051350659	1E-30	1.6177043820479E-11	0.203286728092869	7.01413912748109E-10	2.28288818929316E-12	0.248797353084928	4.11790323734429E-11	1.60286181049225E-11	1.4659325854196	3.805460296454E-12	5.03491137816267E-11	1E5	1E10	1E-30	1E-10	1E10	1E-30	1E-10	1E10	1E-30	1E-10	1E10	1E-30	1E-10	1E10	1E-30	1E-10	1E10	1E-30	1E-10	1E10	1E-30	1E-10	1E10	1E-30	1E-10	1E10	1E-30	1E-10	1E10	1E-30	1E-10	1E10	1E-30	1E-10
372	3.9E-11	1E10	1E11	1E-30	1.63726135104608E-10	1E10	1E-30	1E10	0.130270051350659	1E-30	1.6177043820479E-11	0.203286728092869	7.01413912748109E-10	2.28288818929316E-12	0.248797353084928	4.11790323734429E-11	1.60286181049225E-11	1.4659325854196	3.805460296454E-12	5.03491137816267E-11	1E5	1E10	1E-30	1E-10	1E10	1E-30	1E-10	1E10	1E-30	1E-10	1E10	1E-30	1E-10	1E10	1E-30	1E-10	1E10	1E-30	1E-10	1E10	1E-30	1E-10	1E10	1E-30	1E-10	1E10	1E-30	1E-10	1E10	1E-30	1E-10	1E10	1E-30	1E-10
373	3.9E-11	1E10	1E11	1E-30	1.63726135104608E-10	1E10	1E-30	1E10	0.130270051350659	1E-30	1.6177043820479E-11	0.203286728092869	7.01413912748109E-10	2.28288818929316E-12	0.248797353084928	4.11790323734429E-11	1.60286181049225E-11	1.4659325854196	3.805460296454E-12	5.03491137816267E-11	1E5	1E10	1E-30	1E-10	1E10	1E-30	1E-10	1E10	1E-30	1E-10	1E10	1E-30	1E-10	1E10	1E-30	1E-10	1E10	1E-30	1E-10	1E10	1E-30	1E-10	1E10	1E-30	1E-10	1E10	1E-30	1E-10	1E10	1E-30	1E-10	1E10	1E-30	1E-10
374	3.9E-11	1E10	1E11	1E-30	1.63726135104608E-10	1E10	1E-30	1E10	0.130270051350659	1E-30	1.6177043820479E-11	0.203286728092869	7.01413912748109E-10	2.28288818929316E-12	0.248797353084928	4.11790323734429E-11	1.60286181049225E-11	1.4659325854196	3.805460296454E-12	5.03491137816267E-11	1E5	1E10	1E-30	1E-10	1E10	1E-30	1E-10	1E10	1E-30	1E-10	1E10	1E-30	1E-10	1E10	1E-30	1E-10	1E10	1E-30	1E-10	1E10	1E-30	1E-10	1E10	1E-30	1E-10	1E10	1E-30	1E-10	1E10	1E-30	1E-10	1E10	1E-30	1E-10
375	3.9E-11	1E10	1E11	1E-30	1.63726135104608E-10	1E10	1E-30	1E10	0.130270051350659	1E-30	1.6177043820479E-11	0.203286728092869	7.01413912748109E-10	2.28288818929316E-12	0.248797353084928	4.11790323734429E-11	1.60286181049225E-11	1.4659325854196	3.805460296454E-12	5.03491137816267E-11	1E5	1E10	1E-30	1E-10	1E10	1E-30	1E-10	1E10	1E-30	1E-10	1E10	1E-30	1E-10	1E10	1E-30	1E-10	1E10	1E-30	1E-10	1E10	1E-30	1E-10	1E10	1E-30	1E-10	1E10	1E-30	1E-10	1E10	1E-30	1E-10	1E10	1E-30	1E-10
376	4.3E-11	1E10	1E10	1E-30	7.81789776764648E-11	1E10	1E-30	1E10	0.135	1E-30	1.62454592384371E-11	0.29158864659064	4.61647571887261E-11	1.6297212088042E-11	1.5156399228938	1.05107857857914E-10	3.20048254774706E-12	0.862712623366772	1.68795356722466E-12	1.22371306208471E-10	1E5	1E10	1E-30	1E-10	1E10	1E-30	1E-10	1E10	1E-30	1E-10	1E10	1E-30	1E-10	1E10	1E-30	1E-10	1E10	1E-30	1E-10	1E10	1E-30	1E-10	1E10	1E-30	1E-10	1E10	1E-30	1E-10	1E10	1E-30	1E-10	1E10	1E-30	1E-10
377	4.3E-11	1E10	1E10	1E-30	7.81789776764648E-11	1E10	1E-30	1E10	0.135	1E-30	1.62454592384371E-11	0.29158864659064	4.61647571887261E-11	1.6297212088042E-11	1.5156399228938	1.05107857857914E-10	3.20048254774706E-12	0.862712623366772	1.68795356722466E-12	1.22371306208471E-10	1E5	1E10	1E-30	1E-10	1E10	1E-30	1E-10	1E10	1E-30	1E-10	1E10	1E-30	1E-10	1E10	1E-30	1E-10	1E10	1E-30	1E-10	1E10	1E-30	1E-10	1E10	1E-30	1E-10	1E10	1E-30	1E-10	1E10	1E-30	1E-10	1E10	1E-30	1E-10
378	4.3E-11	1E10	1E10	1E-30	7.81789776764648E-11	1E10	1E-30	1E10	0.135	1E-30	1.62454592384371E-11	0.29158864659064	4.61647571887261E-11	1.6297212088042E-11	1.5156399228938	1.05107857857914E-10	3.20048254774706E-12	0.862712623366772	1.68795356722466E-12	1.22371306208471E-10	1E5	1E10	1E-30	1E-10	1E10	1E-30	1E-10	1E10	1E-30	1E-10	1E10	1E-30	1E-10	1E10	1E-30	1E-10	1E10	1E-30	1E-10	1E10	1E-30	1E-10	1E10	1E-30	1E-10	1E10	1E-30	1E-10	1E10	1E-30	1E-10	1E10	1E-30	1E-10
379	4.3E-11	1E10	1E10	1E-30	7.81789776764648E-11	1E10	1E-30	1E10	0.135	1E-30	1.62454592384371E-11	0.29158864659064	4.61647571887261E-11	1.6297212088042E-11	1.5156399228938	1.05107857857914E-10	3.20048254774706E-12	0.862712623366772	1.68795356722466E-12	1.22371306208471E-10	1E5	1E10	1E-30	1E-10	1E10	1E-30	1E-10	1E10	1E-30	1E-10	1E10	1E-30	1E-10	1E10	1E-30	1E-10	1E10	1E-30	1E-10	1E10	1E-30	1E-10	1E10	1E-30	1E-10	1E10	1E-30	1E-10	1E10	1E-30	1E-10	1E10	1E-30	1E-10
380	4.3E-11	1E10	1E10	1E-30	7.81789776764648E-11	1E10	1E-30	1E10	0.135	1E-30	1.62454592384371E-11	0.29158864659064	4.61647571887261E-11	1.6297212088042E-11	1.5156399228938	1.05107857857914E-10	3.20048254774706E-12	0.862712623366772	1.68795356722466E-12	1.22371306208471E-10	1E5	1E10	1E-30	1E-10	1E10	1E-30	1E-10	1E10	1E-30	1E-10	1E10	1E-30	1E-10	1E10	1E-30	1E-10	1E10	1E-30	1E-10	1E10	1E-30	1E-10	1E10	1E-30	1E-10	1E10	1E-30	1E-10	1E10	1E-30	1E-10	1E10	1E-30	1E-10
381	4.3E-11	1E10	1E10	1E-30	7.81789776764648E-11	1E10	1E-30	1E10	0.135	1E-30	1.62454592384371E-11	0.29158864659064	4.61647571887261E-11	1.6297212088042E-11	1.5156399228938	1.05107857857914E-10	3.20048254774706E-12	0.862712623366772	1.68795356722466E-12	1.22371306208471E-10	1E5	1E10	1E-30	1E-10	1E10	1E-30	1E-10	1E10	1E-30	1E-10	1E10	1E-30	1E-10	1E10	1E-30	1E-10	1E10	1E-30	1E-10	1E10	1E-30	1E-10	1E10	1E-30	1E-10	1E10	1E-30	1E-10	1E10	1E-30	1E-10	1E10	1E-30	1E-10
382	4.3E-11	1E10	1E11	1E-30	7.81789776764648E-11	1E10	1E-30	1E10	0.135	1E-30	1.62454592384371E-11	0.29158864659064	4.61647571887261E-11	1.6297212088042E-11	1.5156399228938	1.05107857857914E-10	3.20048254774706E-12	0.862712623366772	1.68795356722466E-12	1.22371306208471E-10	1E5	1E10	1E-30	1E-10	1E10	1E-30	1E-10	1E10	1E-30	1E-10	1E10	1E-30	1E-10	1E10	1E-30	1E-10	1E10	1E-30	1E-10	1E10	1E-30	1E-10	1E10	1E-30	1E-10	1E10	1E-30	1E-10	1E10	1E-30	1E-10	1E10	1E-30	1E-10
383	4.3E-11	1E10	1E11	1E-30	7.81789776764648E-11	1E10	1E-30	1E10	0.135	1E-30	1.62454592384371E-11	0.29158864659064	4.61647571887261E-11	1.6297212088042E-11	1.5156399228938	1.05107857857914E-10	3.20048254774706E-12	0.862712623366772	1.68795356722466E-12	1.22371306208471E-10	1E5	1E10	1E-30	1E-10	1E10	1E-30	1E-10	1E10	1E-30	1E-10	1E10	1E-30	1E-10	1E10	1E-30	1E-10	1E10	1E-30	1E-10	1E10	1E-30	1E-10	1E10	1E-30	1E-10	1E10	1E-30	1E-10	1E10	1E-30	1E-10	1E10	1E-30	1E-10
384	4.3E-11	1E10	1E11	1E-30	7.81789776764648E-11	1E10	1E-30	1E10	0.135	1E-30	1.62454592384371E-11	0.29158864659064	4.61647571887261E-11	1.6297212088042E-11	1.5156399228938	1.05107857857914E-10	3.20048254774706E-12	0.862712623366772	1.68795356722466E-12	1.22371306208471E-10	1E5	1E10	1E-30	1E-10	1E10	1E-30	1E-10	1E10	1E-30	1E-10	1E10	1E-30	1E-10	1E10	1E-30	1E-10	1E10	1E-30	1E-10	1E10	1E-30	1E-10	1E10	1E-30	1E-10	1E10	1E-30	1E-10	1E10	1E-30	1E-10	1E10	1E-30	1E-10
385	4.3E-11	1E10	1E11	1E-30	7.81789776764648E-11	1E10	1E-30	1E10	0.135	1E-30	1.62454592384371E-11	0.29158864659064	4.61647571887261E-11	1.6297212088042E-11	1.5156399228938	1.05107857857914E-10	3.20048254774706E-12	0.862712623366772	1.68795356722466E-12	1.22371306208471E-10	1E5	1E10	1E-30	1E-10	1E10	1E-30	1E-10	1E10	1E-30	1E-10	1E10	1E-30	1E-10	1E10	1E-30	1E-10	1E10	1E-30	1E-10	1E10	1E-30	1E-10	1E10	1E-30	1E-10	1E10	1E-30	1E-10	1E10	1E-30	1E-10	1E10	1E-30	1E-10
386	4.3E-11	1E10	1E11	1E-30	7.81789776764648E-11	1E10	1E-30	1E10	0.135	1E-30	1.62454592384371E-11	0.29158864659064	4.61647571887261E-11	1.6297212088042E-11	1.5156399228938	1.05107857857914E-10	3.20048254774706E-12	0.862712623366772	1.68795356722466E-12	1.22371306208471E-10	1E5	1E10	1E-30	1E-10	1E10	1E-30	1E-10	1E10	1E-30	1E-10	1E10	1E-30	1E-10	1E10	1E-30	1E-10	1E10	1E-30	1E-10	1E10	1E-30	1E-10	1E10	1E-30	1E-10	1E10	1E-30	1E-10	1E10	1E-30	1E-10	1E10	1E-30	1E-10
387	4.3E-11	1E10	1E11	1E-30	7.81789776764648E-11	1E10	1E-30	1E10	0.135	1E-30	1.62454592384371E-11	0.29158864659064	4.61647571887261E-11	1.6297212088042E-11	1.5156399228938	1.05107857857914E-10	3.20048254774706E-12	0.862712623366772	1.68795356722466E-12	1.22371306208471E-10	1E5	1E10	1E-30	1E-10	1E10	1E-30	1E-10	1E10	1E-30	1E-10	1E10	1E-30	1E-10	1E10	1E-30	1E-10	1E10	1E-30	1E-10	1E10	1E-30	1E-10	1E10	1E-30	1E-10	1E10	1E-30	1E-10	1E10	1E-30	1E-10	1E10	1E-30	1E-10
388	4.7E-11	1E10	1E10	1E-30	1.66115018212034E-10	1E10	1E-30	1E10	0.125639901697348	1E-30	1.31134713186963E-11	0.164788740631507	5.80715635311416E-10	3.31509133297762E-12	0.261731872605627	9.56821364765212E-11	9.24034410716377E-12	1.09897868077642	1.69318535842418E-11	1.93529748378755E-11	2.52997149082083	4.90142685242827E-12	3.17743372050219E-11	1E5	1E10	1E-30	1E-10	1E10	1E-30	1E-10	1E10	1E-30	1E-10	1E10	1E-30	1E-10	1E10	1E-30	1E-10	1E10	1E-30	1E-10	1E10	1E-30	1E-10	1E10	1E-30	1E-10	1E10	1E-30	1E-10	1E10	1E-30	1E-10
389	4.7E-11	1E10	1E10	1E-30	1.66115018212034E-10	1E10	1E-30	1E10	0.125639901697348	1E-30	1.31134713186963E-11	0.164788740631507	5.80715635311416E-10	3.31509133297762E-12	0.261731872605627	9.56821364765212E-11	9.24034410716377E-12	1.09897868077642	1.69318535842418E-11	1.93529748378755E-11	2.52997149082083	4.90142685242827E-12	3.17743372050219E-11	1E5	1E10	1E-30	1E-10	1E10	1E-30	1E-10	1E10	1E-30	1E-10	1E10	1E-30	1E-10	1E10	1E-30	1E-10	1E10	1E-30	1E-10	1E10	1E-30	1E-10	1E10	1E-30	1E-10	1E10	1E-30	1E-10	1E10	1E-30	1E-10
390	4.7E-11	1E10	1E10	1E-30	1.66115018212034E-10	1E10	1E-30	1E10	0.125639901697348	1E-30	1.31134713186963E-11	0.164788740631507	5.80715635311416E-10	3.31509133297762E-12	0.261731872605627	9.56821364765212E-11	9.24034410716377E-12	1.09897868077642	1.69318535842418E-11	1.93529748378755E-11	2.52997149082083	4.90142685242827E-12	3.17743372050219E-11	1E5	1E10	1E-30	1E-10	1E10	1E-30	1E-10	1E10	1E-30	1E-10	1E10	1E-30	1E-10	1E10	1E-30	1E-10	1E10	1E-30	1E-10	1E10	1E-30	1E-10	1E10	1E-30	1E-10	1E10	1E-30	1E-10	1E10	1E-30	1E-10
391	4.7E-11	1E10	1E10	1E-30	1.66115018212034E-10	1E10	1E-30	1E10	0.125639901697348	1E-30	1.31134713186963E-11	0.164788740631507	5.80715635311416E-10	3.31509133297762E-12	0.261731872605627	9.56821364765212E-11	9.24034410716377E-12	1.09897868077642	1.69318535842418E-11	1.93529748378755E-11	2.52997149082083	4.90142685242827E-12	3.17743372050219E-11	1E5	1E10	1E-30	1E-10	1E10	1E-30	1E-10	1E10	1E-30	1E-10	1E10	1E-30	1E-10	1E10	1E-30	1E-10	1E10	1E-30	1E-10	1E10	1E-30	1E-10	1E10	1E-30	1E-10	1E10	1E-30	1E-10	1E10	1E-30	1E-10
392	4.7E-11	1E10	1E10	1E-30	1.66115018212034E-10	1E10	1E-30	1E10	0.125639901697348	1E-30	1.31134713186963E-11	0.164788740631507	5.80715635311416E-10	3.31509133297762E-12	0.261731872605627	9.56821364765212E-11	9.24034410716377E-12	1.09897868077642	1.69318535842418E-11	1.93529748378755E-11	2.52997149082083	4.90142685242827E-12	3.17743372050219E-11	1E5	1E10	1E-30	1E-10	1E10	1E-30	1E-10	1E10	1E-30	1E-10	1E10	1E-30	1E-10	1E10	1E-30	1E-10	1E10	1E-30	1E-10	1E10	1E-30	1E-10	1E10	1E-30	1E-10	1E10	1E-30	1E-10	1E10	1E-30	1E-10
393	4.7E-11	1E10	1E10	1E-30	1.66115018212034E-10	1E10	1E-30	1E10	0.125639901697348	1E-30	1.31134713186963E-11	0.164788740631507	5.80715635311416E-10	3.31509133297762E-12	0.261731872605627	9.56821364765212E-11	9.24034410716377E-12	1.09897868077642	1.69318535842418E-11	1.93529748378755E-11	2.52997149082083	4.90142685242827E-12	3.17743372050219E-11	1E5	1E10	1E-30	1E-10	1E10	1E-30	1E-10	1E10	1E-30	1E-10	1E10	1E-30	1E-10	1E10	1E-30	1E-10	1E10	1E-30	1E-10	1E10	1E-30	1E-10	1E10	1E-30	1E-10	1E10	1E-30	1E-10	1E10	1E-30	1E-10
394	4.7E-11	1E10	1E11	1E-30	1.66115018212034E-10	1E10	1E-30	1E10	0.125639901697348	1E-30	1.31134713186963E-11	0.164788740631507	5.80715635311416E-10	3.31509133297762E-12	0.261731872605627	9.56821364765212E-11	9.24034410716377E-12	1.09897868077642	1.69318535842418E-11	1.93529748378755E-11	2.52997149082083	4.90142685242827E-12	3.17743372050219E-11	1E5	1E10	1E-30	1E-10	1E10	1E-30	1E-10	1E10	1E-30	1E-10	1E10	1E-30	1E-10	1E10	1E-30	1E-10	1E10	1E-30	1E-10	1E10	1E-30	1E-10	1E10	1E-30	1E-10	1E10	1E-30	1E-10	1E10	1E-30	1E-10
395	4.7E-11	1E10	1E11	1E-30	1.66115018212034E-10	1E10	1E-30	1E10	0.125639901697348	1E-30	1.31134713186963E-11	0.164788740631507	5.80715635311416E-10	3.31509133297762E-12	0.261731872605627	9.56821364765212E-11	9.24034410716377E-12	1.09897868077642	1.69318535842418E-11	1.93529748378755E-11	2.52997149082083	4.90142685242827E-12	3.17743372050219E-11	1E5	1E10	1E-30	1E-10	1E10	1E-30	1E-10	1E10	1E-30	1E-10	1E10	1E-30	1E-10	1E10	1E-30	1E-10	1E10	1E-30	1E-10	1E10	1E-30	1E-10	1E10	1E-30	1E-10	1E10	1E-30	1E-10	1E10	1E-30	1E-10
396	4.7E-11	1E10	1E11	1E-30	1.66115018212034E-10	1E10	1E-30	1E10	0.125639901697348	1E-30	1.31134713186963E-11	0.164788740631507	5.80715635311416E-10	3.31509133297762E-12	0.261731872605627	9.56821364765212E-11	9.24034410716377E-12	1.09897868077642	1.69318535842418E-11	1.93529748378755E-11	2.52997149082083	4.90142685242827E-12	3.17743372050219E-11	1E5	1E10	1E-30	1E-10	1E10	1E-30	1E-10	1E10	1E-30	1E-10	1E10	1E-30	1E-10	1E10	1E-30	1E-10	1E10	1E-30	1E-10	1E10	1E-30	1E-10	1E10	1E-30	1E-10	1E10	1E-30	1E-10	1E10	1E-30	1E-10
397	4.7E-11	1E10	1E11	1E-30	1.66115018212034E-10	1E10	1E-30	1E10	0.125639901697348	1E-30	1.31134713186963E-11	0.164788740631507	5.80715635311416E-10	3.31509133297762E-12	0.261731872605627	9.56821364765212E-11	9.24034410716377E-12	1.09897868077642	1.69318535842418E-11	1.93529748378755E-11	2.52997149082083	4.90142685242827E-12	3.17743372050219E-11	1E5	1E10	1E-30	1E-10	1E10	1E-30	1E-10	1E10	1E-30	1E-10	1E10	1E-30	1E-10	1E10	1E-30	1E-10	1E10	1E-30	1E-10	1E10	1E-30	1E-10	1E10	1E-30	1E-10	1E10	1E-30	1E-10	1E10	1E-30	1E-10
398	4.7E-11	1E10	1E11	1E-30	1.66115018212034E-10	1E10	1E-30	1E10	0.125639901697348	1E-30	1.31134713186963E-11	0.164788740631507	5.80715635311416E-10	3.31509133297762E-12	0.261731872605627	9.56821364765212E-11	9.24034410716377E-12	1.09897868077642	1.69318535842418E-11	1.93529748378755E-11	2.52997149082083	4.90142685242827E-12	3.17743372050219E-11	1E5	1E10	1E-30	1E-10	1E10	1E-30	1E-10	1E10	1E-30	1E-10	1E10	1E-30	1E-10	1E10	1E-30	1E-10	1E10	1E-30	1E-10	1E10	1E-30	1E-10	1E10	1E-30	1E-10	1E10	1E-30	1E-10	1E10	1E-30	1E-10
399	4.7E-11	1E10	1E11	1E-30	1.66115018212034E-10	1E10	1E-30	1E10	0.125639901697348	1E-30	1.31134713186963E-11	0.164788740631507	5.80715635311416E-10	3.31509133297762E-12	0.261731872605627	9.56821364765212E-11	9.24034410716377E-12	1.09897868077642	1.69318535842418E-11	1.93529748378755E-11	2.52997149082083	4.90142685242827E-12	3.17743372050219E-11	1E5	1E10	1E-30	1E-10	1E10	1E-30	1E-10	1E10	1E-30	1E-10	1E10	1E-30	1E-10	1E10	1E-30	1E-10	1E10	1E-30	1E-10	1E10	1E-30	1E-10	1E10	1E-30	1E-10	1E10	1E-30	1E-10	1E10	1E-30	1E-10
400	5.1E-11	1E10	1E10	1E-30	1.69199115683366E-10	1E10	1E-30	1E10	0.119549735887412	1E-30	1.27636632489879E-11	0.160392922783658	6.13958858065463E-10	3.76981247778892E-12	0.27144438472646	6.89971120105906E-11	1.46082471735822E-11	1.41892428900738	2.93034899470016E-11	1.13626513084459E-11	1.71344745004397	5.84681491883218E-12	3.59318583929814E-11	1E5	1E10	1E-30	1E-10	1E10	1E-30	1E-10	1E10	1E-30	1E-10	1E10	1E-30	1E-10	1E10	1E-30	1E-10	1E10	1E-30	1E-10	1E10	1E-30	1E-10	1E10	1E-30	1E-10	1E10	1E-30	1E-10	1E10	1E-30	1E-10
401	5.1E-11	1E10	1E10	1E-30	1.69199115683366E-10	1E10	1E-30	1E10	0.119549735887412	1E-30	1.27636632489879E-11	0.160392922783658	6.13958858065463E-10	3.76981247778892E-12	0.27144438472646	6.89971120105906E-11	1.46082471735822E-11	1.41892428900738	2.93034899470016E-11	1.13626513084459E-11	1.71344745004397	5.84681491883218E-12	3.59318583929814E-11	1E5	1E10	1E-30	1E-10	1E10	1E-30	1E-10	1E10	1E-30	1E-10	1E10	1E-30	1E-10	1E10	1E-30	1E-10	1E10	1E-30	1E-10	1E10	1E-30	1E-10	1E10	1E-30	1E-10	1E10	1E-30	1E-10	1E10	1E-30	1E-10
402	5.1E-11	1E10	1E10	1E-30	1.69199115683366E-10	1E10	1E-30	1E10	0.119549735887412	1E-30	1.27636632489879E-11	0.160392922783658	6.13958858065463E-10	3.76981247778892E-12	0.27144438472646	6.89971120105906E-11	1.46082471735822E-11	1.41892428900738	2.93034899470016E-11	1.13626513084459E-11	1.71344745004397	5.84681491883218E-12	3.59318583929814E-11	1E5	1E10	1E-30	1E-10	1E10	1E-30	1E-10	1E10	1E-30	1E-10	1E10	1E-30	1E-10	1E10	1E-30	1E-10	1E10	1E-30	1E-10	1E10	1E-30	1E-10	1E10	1E-30	1E-10	1E10	1E-30	1E-10	1E10	1E-30	1E-10
403	5.1E-11	1E10	1E10	1E-30	1.69199115683366E-10	1E10	1E-30	1E10	0.119549735887412	1E-30	1.27636632489879E-11	0.160392922783658	6.13958858065463E-10	3.76981247778892E-12	0.27144438472646	6.89971120105906E-11	1.46082471735822E-11	1.41892428900738	2.93034899470016E-11	1.13626513084459E-11	1.71344745004397	5.84681491883218E-12	3.59318583929814E-11	1E5	1E10	1E-30	1E-10	1E10	1E-30	1E-10	1E10	1E-30	1E-10	1E10	1E-30	1E-10	1E10	1E-30	1E-10	1E10	1E-30	1E-10	1E10	1E-30	1E-10	1E10	1E-30	1E-10	1E10	1E-30	1E-10	1E10	1E-30	1E-10
404	5.1E-11	1E10	1E10	1E-30	1.69199115683366E-10	1E10	1E-30	1E10	0.119549735887412	1E-30	1.27636632489879E-11	0.160392922783658	6.13958858065463E-10	3.76981247778892E-12	0.27144438472646	6.89971120105906E-11	1.46082471735822E-11	1.41892428900738	2.93034899470016E-11	1.13626513084459E-11	1.71344745004397	5.84681491883218E-12	3.59318583929814E-11	1E5	1E10	1E-30	1E-10	1E10	1E-30	1E-10	1E10	1E-30	1E-10	1E10	1E-30	1E-10	1E10	1E-30	1E-10	1E10	1E-30	1E-10	1E10	1E-30	1E-10	1E10	1E-30	1E-10	1E10	1E-30	1E-10	1E10	1E-30	1E-10
405	5.1E-11	1E10	1E10	1E-30	1.69199115683366E-10	1E10	1E-30	1E10	0.119549735887412	1E-30	1.27636632489879E-11	0.160392922783658	6.13958858065463E-10	3.76981247778892E-12	0.27144438472646	6.89971120105906E-11	1.46082471735822E-11	1.41892428900738	2.93034899470016E-11	1.13626513084459E-11	1.71344745004397	5.84681491883218E-12	3.59318583929814E-11	1E5	1E10	1E-30	1E-10	1E10	1E-30	1E-10	1E10	1E-30	1E-10	1E10	1E-30	1E-10	1E10	1E-30	1E-10	1E10	1E-30	1E-10	1E10	1E-30	1E-10	1E10	1E-30	1E-10	1E10	1E-30	1E-10	1E10	1E-30	1E-10
406	5.1E-11	1E10	1E11	1E-30	1.69199115683366E-10	1E10	1E-30	1E10	0.119549735887412	1E-30	1.27636632489879E-11	0.160392922783658	6.13958858065463E-10	3.76981247778892E-12	0.27144438472646	6.89971120105906E-11	1.46082471735822E-11	1.41892428900738	2.93034899470016E-11	1.13626513084459E-11	1.71344745004397	5.84681491883218E-12	3.59318583929814E-11	1E5	1E10	1E-30	1E-10	1E10	1E-30	1E-10	1E10	1E-30	1E-10	1E10	1E-30	1E-10	1E10	1E-30	1E-10	1E10	1E-30	1E-10	1E10	1E-30	1E-10	1E10	1E-30	1E-10	1E10	1E-30	1E-10	1E10	1E-30	1E-10
407	5.1E-11	1E10	1E11	1E-30	1.69199115683366E-10	1E10	1E-30	1E10	0.119549735887412	1E-30	1.27636632489879E-11	0.160392922783658	6.13958858065463E-10	3.76981247778892E-12	0.27144438472646	6.89971120105906E-11	1.46082471735822E-11	1.41892428900738	2.93034899470016E-11	1.13626513084459E-11	1.71344745004397	5.84681491883218E-12	3.59318583929814E-11	1E5	1E10	1E-30	1E-10	1E10	1E-30	1E-10	1E10	1E-30	1E-10	1E10	1E-30	1E-10	1E10	1E-30	1E-10	1E10	1E-30	1E-10	1E10	1E-30	1E-10	1E10	1E-30	1E-10	1E10	1E-30	1E-10	1E10	1E-30	1E-10
408	5.1E-11	1E10	1E11	1E-30	1.69199115683366E-10	1E10	1E-30	1E10	0.119549735887412	1E-30	1.27636632489879E-11	0.160392922783658	6.13958858065463E-10	3.76981247778892E-12	0.27144438472646	6.89971120105906E-11	1.46082471735822E-11	1.41892428900738	2.93034899470016E-11	1.13626513084459E-11	1.71344745004397	5.84681491883218E-12	3.59318583929814E-11	1E5	1E10	1E-30	1E-10	1E10	1E-30	1E-10	1E10	1E-30	1E-10	1E10	1E-30	1E-10	1E10	1E-30	1E-10	1E10	1E-30	1E-10	1E10	1E-30	1E-10	1E10	1E-30	1E-10	1E10	1E-30	1E-10	1E10	1E-30	1E-10
409	5.1E-11	1E10	1E11	1E-30	1.69199115683366E-10	1E10	1E-30	1E10	0.119549735887412	1E-30	1.27636632489879E-11	0.160392922783658	6.13958858065463E-10	3.76981247778892E-12	0.27144438472646	6.89971120105906E-11	1.46082471735822E-11	1.41892428900738	2.93034899470016E-11	1.13626513084459E-11	1.71344745004397	5.84681491883218E-12	3.59318583929814E-11	1E5	1E10	1E-30	1E-10	1E10	1E-30	1E-10	1E10	1E-30	1E-10	1E10	1E-30	1E-10	1E10	1E-30	1E-10	1E10	1E-30	1E-10	1E10	1E-30	1E-10	1E10	1E-30	1E-10	1E10	1E-30	1E-10	1E10	1E-30	1E-10
410	5.1E-11	1E10	1E11	1E-30	1.69199115683366E-10	1E10	1E-30	1E10	0.119549735887412	1E-30	1.27636632489879E-11	0.160392922783658	6.13958858065463E-10	3.76981247778892E-12	0.27144438472646	6.89971120105906E-11	1.46082471735822E-11	1.41892428900738	2.93034899470016E-11	1.13626513084459E-11	1.71344745004397	5.84681491883218E-12	3.59318583929814E-11	1E5	1E10	1E-30	1E-10	1E10	1E-30	1E-10	1E10	1E-30	1E-10	1E10	1E-30	1E-10	1E10	1E-30	1E-10	1E10	1E-30	1E-10	1E10	1E-30	1E-10	1E10	1E-30	1E-10	1E10	1E-30	1E-10	1E10	1E-30	1E-10
411	5.1E-11	1E10	1E11	1E-30	1.69199115683366E-10	1E10	1E-30	1E10	0.119549735887412	1E-30	1.27636632489879E-11	0.160392922783658	6.13958858065463E-10	3.76981247778892E-12	0.27144438472646	6.89971120105906E-11	1.46082471735822E-11	1.41892428900738	2.93034899470016E-11	1.13626513084459E-11	1.71344745004397	5.84681491883218E-12	3.59318583929814E-11	1E5	1E10	1E-30	1E-10	1E10	1E-30	1E-10	1E10	1E-30	1E-10	1E10	1E-30	1E-10	1E10	1E-30	1E-10	1E10	1E-30	1E-10	1E10	1E-30	1E-10	1E10	1E-30	1E-10	1E10	1E-30	1E-10	1E10	1E-30	1E-10
412	5.6E-11	1E10	1E10	1E-30	1.29583279960094E-10	1E10	1E-30	1E10	0.120730072979047	1E-30	1.12214837283915E-11	0.141013323373969	4.76922881300955E-10	4.85300633442178E-12	0.349439481746681	7.8203567382436E-11	1.34959188129235E-11	1.31088191338653	1.88762898372863E-11	1.73594355246207E-11	2.26936051650723	3.64204862586649E-12	5.63706815953113E-11	1E5	1E10	1E-30	1E-10	1E10	1E-30	1E-10	1E10	1E-30	1E-10	1E10	1E-30	1E-10	1E10	1E-30	1E-10	1E10	1E-30	1E-10	1E10	1E-30	1E-10	1E10	1E-30	1E-10	1E10	1E-30	1E-10	1E10	1E-30	1E-10
413	5.6E-11	1E10	1E10	1E-30	1.29583279960094E-10	1E10	1E-30	1E10	0.120730072979047	1E-30	1.12214837283915E-11	0.141013323373969	4.76922881300955E-10	4.85300633442178E-12	0.349439481746681	7.8203567382436E-11	1.34959188129235E-11	1.31088191338653	1.88762898372863E-11	1.73594355246207E-11	2.26936051650723	3.64204862586649E-12	5.63706815953113E-11	1E5	1E10	1E-30	1E-10	1E10	1E-30	1E-10	1E10	1E-30	1E-10	1E10	1E-30	1E-10	1E10	1E-30	1E-10	1E10	1E-30	1E-10	1E10	1E-30	1E-10	1E10	1E-30	1E-10	1E10	1E-30	1E-10	1E10	1E-30	1E-10
414	5.6E-11	1E10	1E10	1E-30	1.29583279960094E-10	1E10	1E-30	1E10	0.120730072979047	1E-30	1.12214837283915E-11	0.141013323373969	4.76922881300955E-10	4.85300633442178E-12	0.349439481746681	7.8203567382436E-11	1.34959188129235E-11	1.31088191338653	1.88762898372863E-11	1.73594355246207E-11	2.26936051650723	3.64204862586649E-12	5.63706815953113E-11	1E5	1E10	1E-30	1E-10	1E10	1E-30	1E-10	1E10	1E-30	1E-10	1E10	1E-30	1E-10	1E10	1E-30	1E-10	1E10	1E-30	1E-10	1E10	1E-30	1E-10	1E10	1E-30	1E-10	1E10	1E-30	1E-10	1E10	1E-30	1E-10
415	5.6E-11	1E10	1E10	1E-30	1.29583279960094E-10	1E10	1E-30	1E10	0.120730072979047	1E-30	1.12214837283915E-11	0.141013323373969	4.76922881300955E-10	4.85300633442178E-12	0.349439481746681	7.8203567382436E-11	1.34959188129235E-11	1.31088191338653	1.88762898372863E-11	1.73594355246207E-11	2.26936051650723	3.64204862586649E-12	5.63706815953113E-11	1E5	1E10	1E-30	1E-10	1E10	1E-30	1E-10	1E10	1E-30	1E-10	1E10	1E-30	1E-10	1E10	1E-30	1E-10	1E10	1E-30	1E-10	1E10	1E-30	1E-10	1E10	1E-30	1E-10	1E10	1E-30	1E-10	1E10	1E-30	1E-10
416	5.6E-11	1E10	1E10	1E-30	1.29583279960094E-10	1E10	1E-30	1E10	0.120730072979047	1E-30	1.12214837283915E-11	0.141013323373969	4.76922881300955E-10	4.85300633442178E-12	0.349439481746681	7.8203567382436E-11	1.34959188129235E-11	1.31088191338653	1.88762898372863E-11	1.73594355246207E-11	2.26936051650723	3.64204862586649E-12	5.63706815953113E-11	1E5	1E10	1E-30	1E-10	1E10	1E-30	1E-10	1E10	1E-30	1E-10	1E10	1E-30	1E-10	1E10	1E-30	1E-10	1E10	1E-30	1E-10	1E10	1E-30	1E-10	1E10	1E-30	1E-10	1E10	1E-30	1E-10	1E10	1E-30	1E-10
417	5.6E-11	1E10	1E10	1E-30	1.29583279960094E-10	1E10	1E-30	1E10	0.120730072979047	1E-30	1.12214837283915E-11	0.141013323373969	4.76922881300955E-10	4.85300633442178E-12	0.349439481746681	7.8203567382436E-11	1.34959188129235E-11	1.31088191338653	1.88762898372863E-11	1.73594355246207E-11	2.26936051650723	3.64204862586649E-12	5.63706815953113E-11	1E5	1E10	1E-30	1E-10	1E10	1E-30	1E-10	1E10	1E-30	1E-10	1E10	1E-30	1E-10	1E10	1E-30	1E-10	1E10	1E-30	1E-10	1E10	1E-30	1E-10	1E10	1E-30	1E-10	1E10	1E-30	1E-10	1E10	1E-30	1E-10
418	5.6E-11	1E10	1E11	1E-30	1.29583279960094E-10	1E10	1E-30	1E10	0.120730072979047	1E-30	1.12214837283915E-11	0.141013323373969	4.76922881300955E-10	4.85300633442178E-12	0.349439481746681	7.8203567382436E-11	1.34959188129235E-11	1.31088191338653	1.88762898372863E-11	1.73594355246207E-11	2.26936051650723	3.64204862586649E-12	5.63706815953113E-11	1E5	1E10	1E-30	1E-10	1E10	1E-30	1E-10	1E10	1E-30	1E-10	1E10	1E-30	1E-10	1E10	1E-30	1E-10	1E10	1E-30	1E-10	1E10	1E-30	1E-10	1E10	1E-30	1E-10	1E10	1E-30	1E-10	1E10	1E-30	1E-10
419	5.6E-11	1E10	1E11	1E-30	1.29583279960094E-10	1E10	1E-30	1E10	0.120730072979047	1E-30	1.12214837283915E-11	0.141013323373969	4.76922881300955E-10	4.85300633442178E-12	0.349439481746681	7.8203567382436E-11	1.34959188129235E-11	1.31088191338653	1.88762898372863E-11	1.73594355246207E-11	2.26936051650723	3.64204862586649E-12	5.63706815953113E-11	1E5	1E10	1E-30	1E-10	1E10	1E-30	1E-10	1E10	1E-30	1E-10	1E10	1E-30	1E-10	1E10	1E-30	1E-10	1E10	1E-30	1E-10	1E10	1E-30	1E-10	1E10	1E-30	1E-10	1E10	1E-30	1E-10	1E10	1E-30	1E-10
420	5.6E-11	1E10	1E11	1E-30	1.29583279960094E-10	1E10	1E-30	1E10	0.120730072979047	1E-30	1.12214837283915E-11	0.141013323373969	4.76922881300955E-10	4.85300633442178E-12	0.349439481746681	7.8203567382436E-11	1.34959188129235E-11	1.31088191338653	1.88762898372863E-11	1.73594355246207E-11	2.26936051650723	3.64204862586649E-12	5.63706815953113E-11	1E5	1E10	1E-30	1E-10	1E10	1E-30	1E-10	1E10	1E-30	1E-10	1E10	1E-30	1E-10	1E10	1E-30	1E-10	1E10	1E-30	1E-10	1E10	1E-30	1E-10	1E10	1E-30	1E-10	1E10	1E-30	1E-10	1E10	1E-30	1E-10
421	5.6E-11	1E10	1E11	1E-30	1.29583279960094E-10	1E10	1E-30	1E10	0.120730072979047	1E-30	1.12214837283915E-11	0.141013323373969	4.76922881300955E-10	4.85300633442178E-12	0.349439481746681	7.8203567382436E-11	1.34959188129235E-11	1.31088191338653	1.88762898372863E-11	1.73594355246207E-11	2.26936051650723	3.64204862586649E-12	5.63706815953113E-11	1E5	1E10	1E-30	1E-10	1E10	1E-30	1E-10	1E10	1E-30	1E-10	1E10	1E-30	1E-10	1E10	1E-30	1E-10	1E10	1E-30	1E-10	1E10	1E-30	1E-10	1E10	1E-30	1E-10	1E10	1E-30	1E-10	1E10	1E-30	1E-10
422	5.6E-11	1E10	1E11	1E-30	1.29583279960094E-10	1E10	1E-30	1E10	0.120730072979047	1E-30	1.12214837283915E-11	0.141013323373969	4.76922881300955E-10	4.85300633442178E-12	0.349439481746681	7.8203567382436E-11	1.34959188129235E-11	1.31088191338653	1.88762898372863E-11	1.73594355246207E-11	2.26936051650723	3.64204862586649E-12	5.63706815953113E-11	1E5	1E10	1E-30	1E-10	1E10	1E-30	1E-10	1E10	1E-30	1E-10	1E10	1E-30	1E-10	1E10	1E-30	1E-10	1E10	1E-30	1E-10	1E10	1E-30	1E-10	1E10	1E-30	1E-10	1E10	1E-30	1E-10	1E10	1E-30	1E-10
423	5.6E-11	1E10	1E11	1E-30	1.29583279960094E-10	1E10	1E-30	1E10	0.120730072979047	1E-30	1.12214837283915E-11	0.141013323373969	4.76922881300955E-10	4.85300633442178E-12	0.349439481746681	7.8203567382436E-11	1.34959188129235E-11	1.31088191338653	1.88762898372863E-11	1.73594355246207E-11	2.26936051650723	3.64204862586649E-12	5.63706815953113E-11	1E5	1E10	1E-30	1E-10	1E10	1E-30	1E-10	1E10	1E-30	1E-10	1E10	1E-30	1E-10	1E10	1E-30	1E-10	1E10	1E-30	1E-10	1E10	1E-30	1E-10	1E10	1E-30	1E-10	1E10	1E-30	1E-10	1E10	1E-30	1E-10
424	6.19999999999999E-11	1E10	1E10	1E-30	1.99749898883974E-10	1E10	1E-30	1E10	0.1260441238554	1E-30	2.18826026568515E-11	0.346185472165932	6.78053920002163E-11	1.48649957884003E-11	1.14690093000279	4.18663386847788E-11	8.19572266435846E-12	1.31812060560478	9.50228382279341E-12	2.78337054963513E-11	1E5	1E10	1E-30	1E-10	1E10	1E-30	1E-10	1E10	1E-30	1E-10	1E10	1E-30	1E-10	1E10	1E-30	1E-10	1E10	1E-30	1E-10	1E10	1E-30	1E-10	1E10	1E-30	1E-10	1E10	1E-30	1E-10	1E10	1E-30	1E-10	1E10	1E-30	1E-10
425	6.19999999999999E-11	1E10	1E10	1E-30	1.99749898883974E-10	1E10	1E-30	1E10	0.1260441238554	1E-30	2.18826026568515E-11	0.346185472165932	6.78053920002163E-11	1.48649957884003E-11	1.14690093000279	4.18663386847788E-11	8.19572266435846E-12	1.31812060560478	9.50228382279341E-12	2.78337054963513E-11	1E5	1E10	1E-30	1E-10	1E10	1E-30	1E-10	1E10	1E-30	1E-10	1E10	1E-30	1E-10	1E10	1E-30	1E-10	1E10	1E-30	1E-10	1E10	1E-30	1E-10	1E10	1E-30	1E-10	1E10	1E-30	1E-10	1E10	1E-30	1E-10	1E10	1E-30	1E-10
426	6.19999999999999E-11	1E10	1E10	1E-30	1.99749898883974E-10	1E10	1E-30	1E10	0.1260441238554	1E-30	2.18826026568515E-11	0.346185472165932	6.78053920002163E-11	1.48649957884003E-11	1.14690093000279	4.18663386847788E-11	8.19572266435846E-12	1.31812060560478	9.50228382279341E-12	2.78337054963513E-11	1E5	1E10	1E-30	1E-10	1E10	1E-30	1E-10	1E10	1E-30	1E-10	1E10	1E-30	1E-10	1E10	1E-30	1E-10	1E10	1E-30	1E-10	1E10	1E-30	1E-10	1E10	1E-30	1E-10	1E10	1E-30	1E-10	1E10	1E-30	1E-10	1E10	1E-30	1E-10
427	6.19999999999999E-11	1E10	1E10	1E-30	1.99749898883974E-10	1E10	1E-30	1E10	0.1260441238554	1E-30	2.18826026568515E-11	0.346185472165932	6.78053920002163E-11	1.48649957884003E-11	1.14690093000279	4.18663386847788E-11	8.19572266435846E-12	1.31812060560478	9.50228382279341E-12	2.78337054963513E-11	1E5	1E10	1E-30	1E-10	1E10	1E-30	1E-10	1E10	1E-30	1E-10	1E10	1E-30	1E-10	1E10	1E-30	1E-10	1E10	1E-30	1E-10	1E10	1E-30	1E-10	1E10	1E-30	1E-10	1E10	1E-30	1E-10	1E10	1E-30	1E-10	1E10	1E-30	1E-10
428	6.19999999999999E-11	1E10	1E10	1E-30	1.99749898883974E-10	1E10	1E-30	1E10	0.1260441238554	1E-30	2.18826026568515E-11	0.346185472165932	6.78053920002163E-11	1.48649957884003E-11	1.14690093000279	4.18663386847788E-11	8.19572266435846E-12	1.31812060560478	9.50228382279341E-12	2.78337054963513E-11	1E5	1E10	1E-30	1E-10	1E10	1E-30	1E-10	1E10	1E-30	1E-10	1E10	1E-30	1E-10	1E10	1E-30	1E-10	1E10	1E-30	1E-10	1E10	1E-30	1E-10	1E10	1E-30	1E-10	1E10	1E-30	1E-10	1E10	1E-30	1E-10	1E10	1E-30	1E-10
429	6.19999999999999E-11	1E10	1E10	1E-30	1.99749898883974E-10	1E10	1E-30	1E10	0.1260441238554	1E-30	2.18826026568515E-11	0.346185472165932	6.78053920002163E-11	1.48649957884003E-11	1.14690093000279	4.18663386847788E-11	8.19572266435846E-12	1.31812060560478	9.50228382279341E-12	2.78337054963513E-11	1E5	1E10	1E-30	1E-10	1E10	1E-30	1E-10	1E10	1E-30	1E-10	1E10	1E-30	1E-10	1E10	1E-30	1E-10	1E10	1E-30	1E-10	1E10	1E-30	1E-10	1E10	1E-30	1E-10	1E10	1E-30	1E-10	1E10	1E-30	1E-10	1E10	1E-30	1E-10
430	6.19999999999999E-11	1E10	1E11	1E-30	1.99749898883974E-10	1E10	1E-30	1E10	0.1260441238554	1E-30	2.18826026568515E-11	0.346185472165932	6.78053920002163E-11	1.48649957884003E-11	1.14690093000279	4.18663386847788E-11	8.19572266435846E-12	1.31812060560478	9.50228382279341E-12	2.78337054963513E-11	1E5	1E10	1E-30	1E-10	1E10	1E-30	1E-10	1E10	1E-30	1E-10	1E10	1E-30	1E-10	1E10	1E-30	1E-10	1E10	1E-30	1E-10	1E10	1E-30	1E-10	1E10	1E-30	1E-10	1E10	1E-30	1E-10	1E10	1E-30	1E-10	1E10	1E-30	1E-10
431	6.19999999999999E-11	1E10	1E11	1E-30	1.99749898883974E-10	1E10	1E-30	1E10	0.1260441238554	1E-30	2.18826026568515E-11	0.346185472165932	6.78053920002163E-11	1.48649957884003E-11	1.14690093000279	4.18663386847788E-11	8.19572266435846E-12	1.31812060560478	9.50228382279341E-12	2.78337054963513E-11	1E5	1E10	1E-30	1E-10	1E10	1E-30	1E-10	1E10	1E-30	1E-10	1E10	1E-30	1E-10	1E10	1E-30	1E-10	1E10	1E-30	1E-10	1E10	1E-30	1E-10	1E10	1E-30	1E-10	1E10	1E-30	1E-10	1E10	1E-30	1E-10	1E10	1E-30	1E-10
432	6.19999999999999E-11	1E10	1E11	1E-30	1.99749898883974E-10	1E10	1E-30	1E10	0.1260441238554	1E-30	2.18826026568515E-11	0.346185472165932	6.78053920002163E-11	1.48649957884003E-11	1.14690093000279	4.18663386847788E-11	8.19572266435846E-12	1.31812060560478	9.50228382279341E-12	2.78337054963513E-11	1E5	1E10	1E-30	1E-10	1E10	1E-30	1E-10	1E10	1E-30	1E-10	1E10	1E-30	1E-10	1E10	1E-30	1E-10	1E10	1E-30	1E-10	1E10	1E-30	1E-10	1E10	1E-30	1E-10	1E10	1E-30	1E-10	1E10	1E-30	1E-10	1E10	1E-30	1E-10
433	6.19999999999999E-11	1E10	1E11	1E-30	1.99749898883974E-10	1E10	1E-30	1E10	0.1260441238554	1E-30	2.18826026568515E-11	0.346185472165932	6.78053920002163E-11	1.48649957884003E-11	1.14690093000279	4.18663386847788E-11	8.19572266435846E-12	1.31812060560478	9.50228382279341E-12	2.78337054963513E-11	1E5	1E10	1E-30	1E-10	1E10	1E-30	1E-10	1E10	1E-30	1E-10	1E10	1E-30	1E-10	1E10	1E-30	1E-10	1E10	1E-30	1E-10	1E10	1E-30	1E-10	1E10	1E-30	1E-10	1E10	1E-30	1E-10	1E10	1E-30	1E-10	1E10	1E-30	1E-10
434	6.19999999999999E-11	1E10	1E11	1E-30	1.99749898883974E-10	1E10	1E-30	1E10	0.1260441238554	1E-30	2.18826026568515E-11	0.346185472165932	6.78053920002163E-11	1.48649957884003E-11	1.14690093000279	4.18663386847788E-11	8.19572266435846E-12	1.31812060560478	9.50228382279341E-12	2.78337054963513E-11	1E5	1E10	1E-30	1E-10	1E10	1E-30	1E-10	1E10	1E-30	1E-10	1E10	1E-30	1E-10	1E10	1E-30	1E-10	1E10	1E-30	1E-10	1E10	1E-30	1E-10	1E10	1E-30	1E-10	1E10	1E-30	1E-10	1E10	1E-30	1E-10	1E10	1E-30	1E-10
435	6.19999999999999E-11	1E10	1E11	1E-30	1.99749898883974E-10	1E10	1E-30	1E10	0.1260441238554	1E-30	2.18826026568515E-11	0.346185472165932	6.78053920002163E-11	1.48649957884003E-11	1.14690093000279	4.18663386847788E-11	8.19572266435846E-12	1.31812060560478	9.50228382279341E-12	2.78337054963513E-11	1E5	1E10	1E-30	1E-10	1E10	1E-30	1E-10	1E10	1E-30	1E-10	1E10	1E-30	1E-10	1E10	1E-30	1E-10	1E10	1E-30	1E-10	1E10	1E-30	1E-10	1E10	1E-30	1E-10	1E10	1E-30	1E-10	1E10	1E-30	1E-10	1E10	1E-30	1E-10
436	6.8E-11	1E10	1E10	1E-30	1.95455110236615E-10	1E10	1E-30	1E10	0.122123076323907	1E-30	1.71962259000759E-11	0.216094147828596	1.33899489170436E-09	2.18127334690294E-12	0.156689975074061	1.28426758764928E-10	9.41791454871754E-12	0.800137471873299	1.46782361282245E-11	2.2684288185559E-11	2.71716659105079	7.35654455963274E-12	2.85578268452624E-11	1E5	1E10	1E-30	1E-10	1E10	1E-30	1E-10	1E10	1E-30	1E-10	1E10	1E-30	1E-10	1E10	1E-30	1E-10	1E10	1E-30	1E-10	1E10	1E-30	1E-10	1E10	1E-30	1E-10	1E10	1E-30	1E-10	1E10	1E-30	1E-10
437	6.8E-11	1E10	1E10	1E-30	1.95455110236615E-10	1E10	1E-30	1E10	0.122123076323907	1E-30	1.71962259000759E-11	0.216094147828596	1.33899489170436E-09	2.18127334690294E-12	0.156689975074061	1.28426758764928E-10	9.41791454871754E-12	0.800137471873299	1.46782361282245E-11	2.2684288185559E-11	2.71716659105079	7.35654455963274E-12	2.85578268452624E-11	1E5	1E10	1E-30	1E-10	1E10	1E-30	1E-10	1E10	1E-30	1E-10	1E10	1E-30	1E-10	1E10	1E-30	1E-10	1E10	1E-30	1E-10	1E10	1E-30	1E-10	1E10	1E-30	1E-10	1E10	1E-30	1E-10	1E10	1E-30	1E-10
438	6.8E-11	1E10	1E10	1E-30	1.95455110236615E-10	1E10	1E-30	1E10	0.122123076323907	1E-30	1.71962259000759E-11	0.216094147828596	1.33899489170436E-09	2.18127334690294E-12	0.156689975074061	1.28426758764928E-10	9.41791454871754E-12	0.800137471873299	1.46782361282245E-11	2.2684288185559E-11	2.71716659105079	7.35654455963274E-12	2.85578268452624E-11	1E5	1E10	1E-30	1E-10	1E10	1E-30	1E-10	1E10	1E-30	1E-10	1E10	1E-30	1E-10	1E10	1E-30	1E-10	1E10	1E-30	1E-10	1E10	1E-30	1E-10	1E10	1E-30	1E-10	1E10	1E-30	1E-10	1E10	1E-30	1E-10
439	6.8E-11	1E10	1E10	1E-30	1.95455110236615E-10	1E10	1E-30	1E10	0.122123076323907	1E-30	1.71962259000759E-11	0.216094147828596	1.33899489170436E-09	2.18127334690294E-12	0.156689975074061	1.28426758764928E-10	9.41791454871754E-12	0.800137471873299	1.46782361282245E-11	2.2684288185559E-11	2.71716659105079	7.35654455963274E-12	2.85578268452624E-11	1E5	1E10	1E-30	1E-10	1E10	1E-30	1E-10	1E10	1E-30	1E-10	1E10	1E-30	1E-10	1E10	1E-30	1E-10	1E10	1E-30	1E-10	1E10	1E-30	1E-10	1E10	1E-30	1E-10	1E10	1E-30	1E-10	1E10	1E-30	1E-10
440	6.8E-11	1E10	1E10	1E-30	1.95455110236615E-10	1E10	1E-30	1E10	0.122123076323907	1E-30	1.71962259000759E-11	0.216094147828596	1.33899489170436E-09	2.18127334690294E-12	0.156689975074061	1.28426758764928E-10	9.41791454871754E-12	0.800137471873299	1.46782361282245E-11	2.2684288185559E-11	2.71716659105079	7.35654455963274E-12	2.85578268452624E-11	1E5	1E10	1E-30	1E-10	1E10	1E-30	1E-10	1E10	1E-30	1E-10	1E10	1E-30	1E-10	1E10	1E-30	1E-10	1E10	1E-30	1E-10	1E10	1E-30	1E-10	1E10	1E-30	1E-10	1E10	1E-30	1E-10	1E10	1E-30	1E-10
441	6.8E-11	1E10	1E10	1E-30	1.95455110236615E-10	1E10	1E-30	1E10	0.122123076323907	1E-30	1.71962259000759E-11	0.216094147828596	1.33899489170436E-09	2.18127334690294E-12	0.156689975074061	1.28426758764928E-10	9.41791454871754E-12	0.800137471873299	1.46782361282245E-11	2.2684288185559E-11	2.71716659105079	7.35654455963274E-12	2.85578268452624E-11	1E5	1E10	1E-30	1E-10	1E10	1E-30	1E-10	1E10	1E-30	1E-10	1E10	1E-30	1E-10	1E10	1E-30	1E-10	1E10	1E-30	1E-10	1E10	1E-30	1E-10	1E10	1E-30	1E-10	1E10	1E-30	1E-10	1E10	1E-30	1E-10
442	6.8E-11	1E10	1E11	1E-30	1.95455110236615E-10	1E10	1E-30	1E10	0.122123076323907	1E-30	1.71962259000759E-11	0.216094147828596	1.33899489170436E-09	2.18127334690294E-12	0.156689975074061	1.28426758764928E-10	9.41791454871754E-12	0.800137471873299	1.46782361282245E-11	2.2684288185559E-11	2.71716659105079	7.35654455963274E-12	2.85578268452624E-11	1E5	1E10	1E-30	1E-10	1E10	1E-30	1E-10	1E10	1E-30	1E-10	1E10	1E-30	1E-10	1E10	1E-30	1E-10	1E10	1E-30	1E-10	1E10	1E-30	1E-10	1E10	1E-30	1E-10	1E10	1E-30	1E-10	1E10	1E-30	1E-10
443	6.8E-11	1E10	1E11	1E-30	1.95455110236615E-10	1E10	1E-30	1E10	0.122123076323907	1E-30	1.71962259000759E-11	0.216094147828596	1.33899489170436E-09	2.18127334690294E-12	0.156689975074061	1.28426758764928E-10	9.41791454871754E-12	0.800137471873299	1.46782361282245E-11	2.2684288185559E-11	2.71716659105079	7.35654455963274E-12	2.85578268452624E-11	1E5	1E10	1E-30	1E-10	1E10	1E-30	1E-10	1E10	1E-30	1E-10	1E10	1E-30	1E-10	1E10	1E-30	1E-10	1E10	1E-30	1E-10	1E10	1E-30	1E-10	1E10	1E-30	1E-10	1E10	1E-30	1E-10	1E10	1E-30	1E-10
444	6.8E-11	1E10	1E11	1E-30	1.95455110236615E-10	1E10	1E-30	1E10	0.122123076323907	1E-30	1.71962259000759E-11	0.216094147828596	1.33899489170436E-09	2.18127334690294E-12	0.156689975074061	1.28426758764928E-10	9.41791454871754E-12	0.800137471873299	1.46782361282245E-11	2.2684288185559E-11	2.71716659105079	7.35654455963274E-12	2.85578268452624E-11	1E5	1E10	1E-30	1E-10	1E10	1E-30	1E-10	1E10	1E-30	1E-10	1E10	1E-30	1E-10	1E10	1E-30	1E-10	1E10	1E-30	1E-10	1E10	1E-30	1E-10	1E10	1E-30	1E-10	1E10	1E-30	1E-10	1E10	1E-30	1E-10
445	6.8E-11	1E10	1E11	1E-30	1.95455110236615E-10	1E10	1E-30	1E10	0.122123076323907	1E-30	1.71962259000759E-11	0.216094147828596	1.33899489170436E-09	2.18127334690294E-12	0.156689975074061	1.28426758764928E-10	9.41791454871754E-12	0.800137471873299	1.46782361282245E-11	2.2684288185559E-11	2.71716659105079	7.35654455963274E-12	2.85578268452624E-11	1E5	1E10	1E-30	1E-10	1E10	1E-30	1E-10	1E10	1E-30	1E-10	1E10	1E-30	1E-10	1E10	1E-30	1E-10	1E10	1E-30	1E-10	1E10	1E-30	1E-10	1E10	1E-30	1E-10	1E10	1E-30	1E-10	1E10	1E-30	1E-10
446	6.8E-11	1E10	1E11	1E-30	1.95455110236615E-10	1E10	1E-30	1E10	0.122123076323907	1E-30	1.71962259000759E-11	0.216094147828596	1.33899489170436E-09	2.18127334690294E-12	0.156689975074061	1.28426758764928E-10	9.41791454871754E-12	0.800137471873299	1.46782361282245E-11	2.2684288185559E-11	2.71716659105079	7.35654455963274E-12	2.85578268452624E-11	1E5	1E10	1E-30	1E-10	1E10	1E-30	1E-10	1E10	1E-30	1E-10	1E10	1E-30	1E-10	1E10	1E-30	1E-10	1E10	1E-30	1E-10	1E10	1E-30	1E-10	1E10	1E-30	1E-10	1E10	1E-30	1E-10	1E10	1E-30	1E-10
447	6.8E-11	1E10	1E11	1E-30	1.95455110236615E-10	1E10	1E-30	1E10	0.122123076323907	1E-30	1.71962259000759E-11	0.216094147828596	1.33899489170436E-09	2.18127334690294E-12	0.156689975074061	1.28426758764928E-10	9.41791454871754E-12	0.800137471873299	1.46782361282245E-11	2.2684288185559E-11	2.71716659105079	7.35654455963274E-12	2.85578268452624E-11	1E5	1E10	1E-30	1E-10	1E10	1E-30	1E-10	1E10	1E-30	1E-10	1E10	1E-30	1E-10	1E10	1E-30	1E-10	1E10	1E-30	1E-10	1E10	1E-30	1E-10	1E10	1E-30	1E-10	1E10	1E-30	1E-10	1E10	1E-30	1E-10
448	7.49999999999999E-11	1E10	1E10	1E-30	1.09538621030716E-10	1E10	1E-30	1E10	0.11	3.50388404176734E-10	8.71634990875049E-12	0.307395345183153	5.80299692376972E-11	2.15308376305982E-11	1.50522510291402	6.60716949306098E-11	1.3752754667022E-11	4.13074958320775	4.57344397175006E-11	6.92747959081543E-12	0.801007827321462	1.95708991980984E-12	9.62563327261964E-11	1E5	1E10	1E-30	1E-10	1E10	1E-30	1E-10	1E10	1E-30	1E-10	1E10	1E-30	1E-10	1E10	1E-30	1E-10	1E10	1E-30	1E-10	1E10	1E-30	1E-10	1E10	1E-30	1E-10	1E10	1E-30	1E-10	1E10	1E-30	1E-10
449	7.49999999999999E-11	1E10	1E10	1E-30	1.09538621030716E-10	1E10	1E-30	1E10	0.11	3.50388404176734E-10	8.71634990875049E-12	0.307395345183153	5.80299692376972E-11	2.15308376305982E-11	1.50522510291402	6.60716949306098E-11	1.3752754667022E-11	4.13074958320775	4.57344397175006E-11	6.92747959081543E-12	0.801007827321462	1.95708991980984E-12	9.62563327261964E-11	1E5	1E10	1E-30	1E-10	1E10	1E-30	1E-10	1E10	1E-30	1E-10	1E10	1E-30	1E-10	1E10	1E-30	1E-10	1E10	1E-30	1E-10	1E10	1E-30	1E-10	1E10	1E-30	1E-10	1E10	1E-30	1E-10	1E10	1E-30	1E-10
450	7.49999999999999E-11	1E10	1E10	1E-30	1.09538621030716E-10	1E10	1E-30	1E10	0.11	3.50388404176734E-10	8.71634990875049E-12	0.307395345183153	5.80299692376972E-11	2.15308376305982E-11	1.50522510291402	6.60716949306098E-11	1.3752754667022E-11	4.13074958320775	4.57344397175006E-11	6.92747959081543E-12	0.801007827321462	1.95708991980984E-12	9.62563327261964E-11	1E5	1E10	1E-30	1E-10	1E10	1E-30	1E-10	1E10	1E-30	1E-10	1E10	1E-30	1E-10	1E10	1E-30	1E-10	1E10	1E-30	1E-10	1E10	1E-30	1E-10	1E10	1E-30	1E-10	1E10	1E-30	1E-10	1E10	1E-30	1E-10
451	7.49999999999999E-11	1E10	1E10	1E-30	1.09538621030716E-10	1E10	1E-30	1E10	0.11	3.50388404176734E-10	8.71634990875049E-12	0.307395345183153	5.80299692376972E-11	2.15308376305982E-11	1.50522510291402	6.60716949306098E-11	1.3752754667022E-11	4.13074958320775	4.57344397175006E-11	6.92747959081543E-12	0.801007827321462	1.95708991980984E-12	9.62563327261964E-11	1E5	1E10	1E-30	1E-10	1E10	1E-30	1E-10	1E10	1E-30	1E-10	1E10	1E-30	1E-10	1E10	1E-30	1E-10	1E10	1E-30	1E-10	1E10	1E-30	1E-10	1E10	1E-30	1E-10	1E10	1E-30	1E-10	1E10	1E-30	1E-10
452	7.49999999999999E-11	1E10	1E10	1E-30	1.09538621030716E-10	1E10	1E-30	1E10	0.11	3.50388404176734E-10	8.71634990875049E-12	0.307395345183153	5.80299692376972E-11	2.15308376305982E-11	1.50522510291402	6.60716949306098E-11	1.3752754667022E-11	4.13074958320775	4.57344397175006E-11	6.92747959081543E-12	0.801007827321462	1.95708991980984E-12	9.62563327261964E-11	1E5	1E10	1E-30	1E-10	1E10	1E-30	1E-10	1E10	1E-30	1E-10	1E10	1E-30	1E-10	1E10	1E-30	1E-10	1E10	1E-30	1E-10	1E10	1E-30	1E-10	1E10	1E-30	1E-10	1E10	1E-30	1E-10	1E10	1E-30	1E-10
453	7.49999999999999E-11	1E10	1E10	1E-30	1.09538621030716E-10	1E10	1E-30	1E10	0.11	3.50388404176734E-10	8.71634990875049E-12	0.307395345183153	5.80299692376972E-11	2.15308376305982E-11	1.50522510291402	6.60716949306098E-11	1.3752754667022E-11	4.13074958320775	4.57344397175006E-11	6.92747959081543E-12	0.801007827321462	1.95708991980984E-12	9.62563327261964E-11	1E5	1E10	1E-30	1E-10	1E10	1E-30	1E-10	1E10	1E-30	1E-10	1E10	1E-30	1E-10	1E10	1E-30	1E-10	1E10	1E-30	1E-10	1E10	1E-30	1E-10	1E10	1E-30	1E-10	1E10	1E-30	1E-10	1E10	1E-30	1E-10
454	7.49999999999999E-11	1E10	1E11	1E-30	1.09538621030716E-10	1E10	1E-30	1E10	0.11	3.50388404176734E-10	8.71634990875049E-12	0.307395345183153	5.80299692376972E-11	2.15308376305982E-11	1.50522510291402	6.60716949306098E-11	1.3752754667022E-11	4.13074958320775	4.57344397175006E-11	6.92747959081543E-12	0.801007827321462	1.95708991980984E-12	9.62563327261964E-11	1E5	1E10	1E-30	1E-10	1E10	1E-30	1E-10	1E10	1E-30	1E-10	1E10	1E-30	1E-10	1E10	1E-30	1E-10	1E10	1E-30	1E-10	1E10	1E-30	1E-10	1E10	1E-30	1E-10	1E10	1E-30	1E-10	1E10	1E-30	1E-10
455	7.49999999999999E-11	1E10	1E11	1E-30	1.09538621030716E-10	1E10	1E-30	1E10	0.11	3.50388404176734E-10	8.71634990875049E-12	0.307395345183153	5.80299692376972E-11	2.15308376305982E-11	1.50522510291402	6.60716949306098E-11	1.3752754667022E-11	4.13074958320775	4.57344397175006E-11	6.92747959081543E-12	0.801007827321462	1.95708991980984E-12	9.62563327261964E-11	1E5	1E10	1E-30	1E-10	1E10	1E-30	1E-10	1E10	1E-30	1E-10	1E10	1E-30	1E-10	1E10	1E-30	1E-10	1E10	1E-30	1E-10	1E10	1E-30	1E-10	1E10	1E-30	1E-10	1E10	1E-30	1E-10	1E10	1E-30	1E-10
456	7.49999999999999E-11	1E10	1E11	1E-30	1.09538621030716E-10	1E10	1E-30	1E10	0.11	3.50388404176734E-10	8.71634990875049E-12	0.307395345183153	5.80299692376972E-11	2.15308376305982E-11	1.50522510291402	6.60716949306098E-11	1.3752754667022E-11	4.13074958320775	4.57344397175006E-11	6.92747959081543E-12	0.801007827321462	1.95708991980984E-12	9.62563327261964E-11	1E5	1E10	1E-30	1E-10	1E10	1E-30	1E-10	1E10	1E-30	1E-10	1E10	1E-30	1E-10	1E10	1E-30	1E-10	1E10	1E-30	1E-10	1E10	1E-30	1E-10	1E10	1E-30	1E-10	1E10	1E-30	1E-10	1E10	1E-30	1E-10
457	7.49999999999999E-11	1E10	1E11	1E-30	1.09538621030716E-10	1E10	1E-30	1E10	0.11	3.50388404176734E-10	8.71634990875049E-12	0.307395345183153	5.80299692376972E-11	2.15308376305982E-11	1.50522510291402	6.60716949306098E-11	1.3752754667022E-11	4.13074958320775	4.57344397175006E-11	6.92747959081543E-12	0.801007827321462	1.95708991980984E-12	9.62563327261964E-11	1E5	1E10	1E-30	1E-10	1E10	1E-30	1E-10	1E10	1E-30	1E-10	1E10	1E-30	1E-10	1E10	1E-30	1E-10	1E10	1E-30	1E-10	1E10	1E-30	1E-10	1E10	1E-30	1E-10	1E10	1E-30	1E-10	1E10	1E-30	1E-10
458	7.49999999999999E-11	1E10	1E11	1E-30	1.09538621030716E-10	1E10	1E-30	1E10	0.11	3.50388404176734E-10	8.71634990875049E-12	0.307395345183153	5.80299692376972E-11	2.15308376305982E-11	1.50522510291402	6.60716949306098E-11	1.3752754667022E-11	4.13074958320775	4.57344397175006E-11	6.92747959081543E-12	0.801007827321462	1.95708991980984E-12	9.62563327261964E-11	1E5	1E10	1E-30	1E-10	1E10	1E-30	1E-10	1E10	1E-30	1E-10	1E10	1E-30	1E-10	1E10	1E-30	1E-10	1E10	1E-30	1E-10	1E10	1E-30	1E-10	1E10	1E-30	1E-10	1E10	1E-30	1E-10	1E10	1E-30	1E-10
459	7.49999999999999E-11	1E10	1E11	1E-30	1.09538621030716E-10	1E10	1E-30	1E10	0.11	3.50388404176734E-10	8.71634990875049E-12	0.307395345183153	5.80299692376972E-11	2.15308376305982E-11	1.50522510291402	6.60716949306098E-11	1.3752754667022E-11	4.13074958320775	4.57344397175006E-11	6.92747959081543E-12	0.801007827321462	1.95708991980984E-12	9.62563327261964E-11	1E5	1E10	1E-30	1E-10	1E10	1E-30	1E-10	1E10	1E-30	1E-10	1E10	1E-30	1E-10	1E10	1E-30	1E-10	1E10	1E-30	1E-10	1E10	1E-30	1E-10	1E10	1E-30	1E-10	1E10	1E-30	1E-10	1E10	1E-30	1E-10
460	8.2E-11	1E10	1E10	1E-30	1.8534190213656E-10	1E10	1E-30	1E10	0.114061235119478	1E-30	1.08298519044021E-11	6.80459663646704E-02	1.47179718431595E-09	2.49827961986783E-12	0.100918820008916	1.98104476411042E-10	7.00996708175911E-12	0.668229805070506	8.44182097542272E-12	3.94423595759393E-11	4.7244798177172	1.9789559984358E-11	1.57022861707308E-11	1E5	1E10	1E-30	1E-10	1E10	1E-30	1E-10	1E10	1E-30	1E-10	1E10	1E-30	1E-10	1E10	1E-30	1E-10	1E10	1E-30	1E-10	1E10	1E-30	1E-10	1E10	1E-30	1E-10	1E10	1E-30	1E-10	1E10	1E-30	1E-10
461	8.2E-11	1E10	1E10	1E-30	1.8534190213656E-10	1E10	1E-30	1E10	0.114061235119478	1E-30	1.08298519044021E-11	6.80459663646704E-02	1.47179718431595E-09	2.49827961986783E-12	0.100918820008916	1.98104476411042E-10	7.00996708175911E-12	0.668229805070506	8.44182097542272E-12	3.94423595759393E-11	4.7244798177172	1.9789559984358E-11	1.57022861707308E-11	1E5	1E10	1E-30	1E-10	1E10	1E-30	1E-10	1E10	1E-30	1E-10	1E10	1E-30	1E-10	1E10	1E-30	1E-10	1E10	1E-30	1E-10	1E10	1E-30	1E-10	1E10	1E-30	1E-10	1E10	1E-30	1E-10	1E10	1E-30	1E-10
462	8.2E-11	1E10	1E10	1E-30	1.8534190213656E-10	1E10	1E-30	1E10	0.114061235119478	1E-30	1.08298519044021E-11	6.80459663646704E-02	1.47179718431595E-09	2.49827961986783E-12	0.100918820008916	1.98104476411042E-10	7.00996708175911E-12	0.668229805070506	8.44182097542272E-12	3.94423595759393E-11	4.7244798177172	1.9789559984358E-11	1.57022861707308E-11	1E5	1E10	1E-30	1E-10	1E10	1E-30	1E-10	1E10	1E-30	1E-10	1E10	1E-30	1E-10	1E10	1E-30	1E-10	1E10	1E-30	1E-10	1E10	1E-30	1E-10	1E10	1E-30	1E-10	1E10	1E-30	1E-10	1E10	1E-30	1E-10
463	8.2E-11	1E10	1E10	1E-30	1.8534190213656E-10	1E10	1E-30	1E10	0.114061235119478	1E-30	1.08298519044021E-11	6.80459663646704E-02	1.47179718431595E-09	2.49827961986783E-12	0.100918820008916	1.98104476411042E-10	7.00996708175911E-12	0.668229805070506	8.44182097542272E-12	3.94423595759393E-11	4.7244798177172	1.9789559984358E-11	1.57022861707308E-11	1E5	1E10	1E-30	1E-10	1E10	1E-30	1E-10	1E10	1E-30	1E-10	1E10	1E-30	1E-10	1E10	1E-30	1E-10	1E10	1E-30	1E-10	1E10	1E-30	1E-10	1E10	1E-30	1E-10	1E10	1E-30	1E-10	1E10	1E-30	1E-10
464	8.2E-11	1E10	1E10	1E-30	1.8534190213656E-10	1E10	1E-30	1E10	0.114061235119478	1E-30	1.08298519044021E-11	6.80459663646704E-02	1.47179718431595E-09	2.49827961986783E-12	0.100918820008916	1.98104476411042E-10	7.00996708175911E-12	0.668229805070506	8.44182097542272E-12	3.94423595759393E-11	4.7244798177172	1.9789559984358E-11	1.57022861707308E-11	1E5	1E10	1E-30	1E-10	1E10	1E-30	1E-10	1E10	1E-30	1E-10	1E10	1E-30	1E-10	1E10	1E-30	1E-10	1E10	1E-30	1E-10	1E10	1E-30	1E-10	1E10	1E-30	1E-10	1E10	1E-30	1E-10	1E10	1E-30	1E-10
465	8.2E-11	1E10	1E10	1E-30	1.8534190213656E-10	1E10	1E-30	1E10	0.114061235119478	1E-30	1.08298519044021E-11	6.80459663646704E-02	1.47179718431595E-09	2.49827961986783E-12	0.100918820008916	1.98104476411042E-10	7.00996708175911E-12	0.668229805070506	8.44182097542272E-12	3.94423595759393E-11	4.7244798177172	1.9789559984358E-11	1.57022861707308E-11	1E5	1E10	1E-30	1E-10	1E10	1E-30	1E-10	1E10	1E-30	1E-10	1E10	1E-30	1E-10	1E10	1E-30	1E-10	1E10	1E-30	1E-10	1E10	1E-30	1E-10	1E10	1E-30	1E-10	1E10	1E-30	1E-10	1E10	1E-30	1E-10
466	8.2E-11	1E10	1E11	1E-30	1.8534190213656E-10	1E10	1E-30	1E10	0.114061235119478	1E-30	1.08298519044021E-11	6.80459663646704E-02	1.47179718431595E-09	2.49827961986783E-12	0.100918820008916	1.98104476411042E-10	7.00996708175911E-12	0.668229805070506	8.44182097542272E-12	3.94423595759393E-11	4.7244798177172	1.9789559984358E-11	1.57022861707308E-11	1E5	1E10	1E-30	1E-10	1E10	1E-30	1E-10	1E10	1E-30	1E-10	1E10	1E-30	1E-10	1E10	1E-30	1E-10	1E10	1E-30	1E-10	1E10	1E-30	1E-10	1E10	1E-30	1E-10	1E10	1E-30	1E-10	1E10	1E-30	1E-10
467	8.2E-11	1E10	1E11	1E-30	1.8534190213656E-10	1E10	1E-30	1E10	0.114061235119478	1E-30	1.08298519044021E-11	6.80459663646704E-02	1.47179718431595E-09	2.49827961986783E-12	0.100918820008916	1.98104476411042E-10	7.00996708175911E-12	0.668229805070506	8.44182097542272E-12	3.94423595759393E-11	4.7244798177172	1.9789559984358E-11	1.57022861707308E-11	1E5	1E10	1E-30	1E-10	1E10	1E-30	1E-10	1E10	1E-30	1E-10	1E10	1E-30	1E-10	1E10	1E-30	1E-10	1E10	1E-30	1E-10	1E10	1E-30	1E-10	1E10	1E-30	1E-10	1E10	1E-30	1E-10	1E10	1E-30	1E-10
468	8.2E-11	1E10	1E11	1E-30	1.8534190213656E-10	1E10	1E-30	1E10	0.114061235119478	1E-30	1.08298519044021E-11	6.80459663646704E-02	1.47179718431595E-09	2.49827961986783E-12	0.100918820008916	1.98104476411042E-10	7.00996708175911E-12	0.668229805070506	8.44182097542272E-12	3.94423595759393E-11	4.7244798177172	1.9789559984358E-11	1.57022861707308E-11	1E5	1E10	1E-30	1E-10	1E10	1E-30	1E-10	1E10	1E-30	1E-10	1E10	1E-30	1E-10	1E10	1E-30	1E-10	1E10	1E-30	1E-10	1E10	1E-30	1E-10	1E10	1E-30	1E-10	1E10	1E-30	1E-10	1E10	1E-30	1E-10
469	8.2E-11	1E10	1E11	1E-30	1.8534190213656E-10	1E10	1E-30	1E10	0.114061235119478	1E-30	1.08298519044021E-11	6.80459663646704E-02	1.47179718431595E-09	2.49827961986783E-12	0.100918820008916	1.98104476411042E-10	7.00996708175911E-12	0.668229805070506	8.44182097542272E-12	3.94423595759393E-11	4.7244798177172	1.9789559984358E-11	1.57022861707308E-11	1E5	1E10	1E-30	1E-10	1E10	1E-30	1E-10	1E10	1E-30	1E-10	1E10	1E-30	1E-10	1E10	1E-30	1E-10	1E10	1E-30	1E-10	1E10	1E-30	1E-10	1E10	1E-30	1E-10	1E10	1E-30	1E-10	1E10	1E-30	1E-10
470	8.2E-11	1E10	1E11	1E-30	1.8534190213656E-10	1E10	1E-30	1E10	0.114061235119478	1E-30	1.08298519044021E-11	6.80459663646704E-02	1.47179718431595E-09	2.49827961986783E-12	0.100918820008916	1.98104476411042E-10	7.00996708175911E-12	0.668229805070506	8.44182097542272E-12	3.94423595759393E-11	4.7244798177172	1.9789559984358E-11	1.57022861707308E-11	1E5	1E10	1E-30	1E-10	1E10	1E-30	1E-10	1E10	1E-30	1E-10	1E10	1E-30	1E-10	1E10	1E-30	1E-10	1E10	1E-30	1E-10	1E10	1E-30	1E-10	1E10	1E-30	1E-10	1E10	1E-30	1E-10	1E10	1E-30	1E-10
471	8.2E-11	1E10	1E11	1E-30	1.8534190213656E-10	1E10	1E-30	1E10	0.114061235119478	1E-30	1.08298519044021E-11	6.80459663646704E-02	1.47179718431595E-09	2.49827961986783E-12	0.100918820008916	1.98104476411042E-10	7.00996708175911E-12	0.668229805070506	8.44182097542272E-12	3.94423595759393E-11	4.7244798177172	1.9789559984358E-11	1.57022861707308E-11	1E5	1E10	1E-30	1E-10	1E10	1E-30	1E-10	1E10	1E-30	1E-10	1E10	1E-30	1E-10	1E10	1E-30	1E-10	1E10	1E-30	1E-10	1E10	1E-30	1E-10	1E10	1E-30	1E-10	1E10	1E-30	1E-10	1E10	1E-30	1E-10
472	9.1E-11	1E10	1E10	1E-30	5.77505163839965E-11	1E10	1E-30	1E10	0.109999999999999	1E-30	8.40328906515461E-11	9.28383068783411	1E-30	4.56980985563416E-12	0.069351841237699	1.71202330845242E-09	2.46592202585932E-12	0.147336537188208	1.19924048251684E-10	1.51473904129368E-11	0.845764539312552	6.11980046110163E-10	1.67686525029243E-12	0.742187731200475	8.3815524096149E-11	1.04353184324612E-11	3.52066607526605	1.43557155309102E-12	7.72707713607195E-11	1E5	1E10	1E-30	1E-10	1E10	1E-30	1E-10	1E10	1E-30	1E-10	1E10	1E-30	1E-10	1E10	1E-30	1E-10	1E10	1E-30	1E-10	1E10	1E-30	1E-10	1E10	1E-30	1E-10
473	9.1E-11	1E10	1E10	1E-30	5.77505163839965E-11	1E10	1E-30	1E10	0.109999999999999	1E-30	8.40328906515461E-11	9.28383068783411	1E-30	4.56980985563416E-12	0.069351841237699	1.71202330845242E-09	2.46592202585932E-12	0.147336537188208	1.19924048251684E-10	1.51473904129368E-11	0.845764539312552	6.11980046110163E-10	1.67686525029243E-12	0.742187731200475	8.3815524096149E-11	1.04353184324612E-11	3.52066607526605	1.43557155309102E-12	7.72707713607195E-11	1E5	1E10	1E-30	1E-10	1E10	1E-30	1E-10	1E10	1E-30	1E-10	1E10	1E-30	1E-10	1E10	1E-30	1E-10	1E10	1E-30	1E-10	1E10	1E-30	1E-10	1E10	1E-30	1E-10
474	9.1E-11	1E10	1E10	1E-30	5.77505163839965E-11	1E10	1E-30	1E10	0.109999999999999	1E-30	8.40328906515461E-11	9.28383068783411	1E-30	4.56980985563416E-12	0.069351841237699	1.71202330845242E-09	2.46592202585932E-12	0.147336537188208	1.19924048251684E-10	1.51473904129368E-11	0.845764539312552	6.11980046110163E-10	1.67686525029243E-12	0.742187731200475	8.3815524096149E-11	1.04353184324612E-11	3.52066607526605	1.43557155309102E-12	7.72707713607195E-11	1E5	1E10	1E-30	1E-10	1E10	1E-30	1E-10	1E10	1E-30	1E-10	1E10	1E-30	1E-10	1E10	1E-30	1E-10	1E10	1E-30	1E-10	1E10	1E-30	1E-10	1E10	1E-30	1E-10
475	9.1E-11	1E10	1E10	1E-30	5.77505163839965E-11	1E10	1E-30	1E10	0.109999999999999	1E-30	8.40328906515461E-11	9.28383068783411	1E-30	4.56980985563416E-12	0.069351841237699	1.71202330845242E-09	2.46592202585932E-12	0.147336537188208	1.19924048251684E-10	1.51473904129368E-11	0.845764539312552	6.11980046110163E-10	1.67686525029243E-12	0.742187731200475	8.3815524096149E-11	1.04353184324612E-11	3.52066607526605	1.43557155309102E-12	7.72707713607195E-11	1E5	1E10	1E-30	1E-10	1E10	1E-30	1E-10	1E10	1E-30	1E-10	1E10	1E-30	1E-10	1E10	1E-30	1E-10	1E10	1E-30	1E-10	1E10	1E-30	1E-10	1E10	1E-30	1E-10
476	9.1E-11	1E10	1E10	1E-30	5.77505163839965E-11	1E10	1E-30	1E10	0.109999999999999	1E-30	8.40328906515461E-11	9.28383068783411	1E-30	4.56980985563416E-12	0.069351841237699	1.71202330845242E-09	2.46592202585932E-12	0.147336537188208	1.19924048251684E-10	1.51473904129368E-11	0.845764539312552	6.11980046110163E-10	1.67686525029243E-12	0.742187731200475	8.3815524096149E-11	1.04353184324612E-11	3.52066607526605	1.43557155309102E-12	7.72707713607195E-11	1E5	1E10	1E-30	1E-10	1E10	1E-30	1E-10	1E10	1E-30	1E-10	1E10	1E-30	1E-10	1E10	1E-30	1E-10	1E10	1E-30	1E-10	1E10	1E-30	1E-10	1E10	1E-30	1E-10
477	9.1E-11	1E10	1E10	1E-30	5.77505163839965E-11	1E10	1E-30	1E10	0.109999999999999	1E-30	8.40328906515461E-11	9.28383068783411	1E-30	4.56980985563416E-12	0.069351841237699	1.71202330845242E-09	2.46592202585932E-12	0.147336537188208	1.19924048251684E-10	1.51473904129368E-11	0.845764539312552	6.11980046110163E-10	1.67686525029243E-12	0.742187731200475	8.3815524096149E-11	1.04353184324612E-11	3.52066607526605	1.43557155309102E-12	7.72707713607195E-11	1E5	1E10	1E-30	1E-10	1E10	1E-30	1E-10	1E10	1E-30	1E-10	1E10	1E-30	1E-10	1E10	1E-30	1E-10	1E10	1E-30	1E-10	1E10	1E-30	1E-10	1E10	1E-30	1E-10
478	9.1E-11	1E10	1E11	1E-30	5.77505163839965E-11	1E10	1E-30	1E10	0.109999999999999	1E-30	8.40328906515461E-11	9.28383068783411	1E-30	4.56980985563416E-12	0.069351841237699	1.71202330845242E-09	2.46592202585932E-12	0.147336537188208	1.19924048251684E-10	1.51473904129368E-11	0.845764539312552	6.11980046110163E-10	1.67686525029243E-12	0.742187731200475	8.3815524096149E-11	1.04353184324612E-11	3.52066607526605	1.43557155309102E-12	7.72707713607195E-11	1E5	1E10	1E-30	1E-10	1E10	1E-30	1E-10	1E10	1E-30	1E-10	1E10	1E-30	1E-10	1E10	1E-30	1E-10	1E10	1E-30	1E-10	1E10	1E-30	1E-10	1E10	1E-30	1E-10
479	9.1E-11	1E10	1E11	1E-30	5.77505163839965E-11	1E10	1E-30	1E10	0.109999999999999	1E-30	8.40328906515461E-11	9.28383068783411	1E-30	4.56980985563416E-12	0.069351841237699	1.71202330845242E-09	2.46592202585932E-12	0.147336537188208	1.19924048251684E-10	1.51473904129368E-11	0.845764539312552	6.11980046110163E-10	1.67686525029243E-12	0.742187731200475	8.3815524096149E-11	1.04353184324612E-11	3.52066607526605	1.43557155309102E-12	7.72707713607195E-11	1E5	1E10	1E-30	1E-10	1E10	1E-30	1E-10	1E10	1E-30	1E-10	1E10	1E-30	1E-10	1E10	1E-30	1E-10	1E10	1E-30	1E-10	1E10	1E-30	1E-10	1E10	1E-30	1E-10
480	9.1E-11	1E10	1E11	1E-30	5.77505163839965E-11	1E10	1E-30	1E10	0.109999999999999	1E-30	8.40328906515461E-11	9.28383068783411	1E-30	4.56980985563416E-12	0.069351841237699	1.71202330845242E-09	2.46592202585932E-12	0.147336537188208	1.19924048251684E-10	1.51473904129368E-11	0.845764539312552	6.11980046110163E-10	1.67686525029243E-12	0.742187731200475	8.3815524096149E-11	1.04353184324612E-11	3.52066607526605	1.43557155309102E-12	7.72707713607195E-11	1E5	1E10	1E-30	1E-10	1E10	1E-30	1E-10	1E10	1E-30	1E-10	1E10	1E-30	1E-10	1E10	1E-30	1E-10	1E10	1E-30	1E-10	1E10	1E-30	1E-10	1E10	1E-30	1E-10
481	9.1E-11	1E10	1E11	1E-30	5.77505163839965E-11	1E10	1E-30	1E10	0.109999999999999	1E-30	8.40328906515461E-11	9.28383068783411	1E-30	4.56980985563416E-12	0.069351841237699	1.71202330845242E-09	2.46592202585932E-12	0.147336537188208	1.19924048251684E-10	1.51473904129368E-11	0.845764539312552	6.11980046110163E-10	1.67686525029243E-12	0.742187731200475	8.3815524096149E-11	1.04353184324612E-11	3.52066607526605	1.43557155309102E-12	7.72707713607195E-11	1E5	1E10	1E-30	1E-10	1E10	1E-30	1E-10	1E10	1E-30	1E-10	1E10	1E-30	1E-10	1E10	1E-30	1E-10	1E10	1E-30	1E-10	1E10	1E-30	1E-10	1E10	1E-30	1E-10
482	9.1E-11	1E10	1E11	1E-30	5.77505163839965E-11	1E10	1E-30	1E10	0.109999999999999	1E-30	8.40328906515461E-11	9.28383068783411	1E-30	4.56980985563416E-12	0.069351841237699	1.71202330845242E-09	2.46592202585932E-12	0.147336537188208	1.19924048251684E-10	1.51473904129368E-11	0.845764539312552	6.11980046110163E-10	1.67686525029243E-12	0.742187731200475	8.3815524096149E-11	1.04353184324612E-11	3.52066607526605	1.43557155309102E-12	7.72707713607195E-11	1E5	1E10	1E-30	1E-10	1E10	1E-30	1E-10	1E10	1E-30	1E-10	1E10	1E-30	1E-10	1E10	1E-30	1E-10	1E10	1E-30	1E-10	1E10	1E-30	1E-10	1E10	1E-30	1E-10
483	9.1E-11	1E10	1E11	1E-30	5.77505163839965E-11	1E10	1E-30	1E10	0.109999999999999	1E-30	8.40328906515461E-11	9.28383068783411	1E-30	4.56980985563416E-12	0.069351841237699	1.71202330845242E-09	2.46592202585932E-12	0.147336537188208	1.19924048251684E-10	1.51473904129368E-11	0.845764539312552	6.11980046110163E-10	1.67686525029243E-12	0.742187731200475	8.3815524096149E-11	1.04353184324612E-11	3.52066607526605	1.43557155309102E-12	7.72707713607195E-11	1E5	1E10	1E-30	1E-10	1E10	1E-30	1E-10	1E10	1E-30	1E-10	1E10	1E-30	1E-10	1E10	1E-30	1E-10	1E10	1E-30	1E-10	1E10	1E-30	1E-10	1E10	1E-30	1E-10
484	9.99999999999999E-11	1E10	1E10	1E-30	1.82298503925413E-10	1E10	1E-30	1E10	0.111296055553232	1E-30	1.41570864593485E-11	8.00564378704651E-02	8.18087256459843E-10	5.6583444998274E-12	0.28120335898072	1.9298342948717E-10	1.09380271568291E-11	0.843917731100355	1.28789634433701E-11	3.08809966644605E-11	2.89007574720484	7.88382904149168E-12	3.35476287061055E-11	1E5	1E10	1E-30	1E-10	1E10	1E-30	1E-10	1E10	1E-30	1E-10	1E10	1E-30	1E-10	1E10	1E-30	1E-10	1E10	1E-30	1E-10	1E10	1E-30	1E-10	1E10	1E-30	1E-10	1E10	1E-30	1E-10	1E10	1E-30	1E-10
485	9.99999999999999E-11	1E10	1E10	1E-30	1.82298503925413E-10	1E10	1E-30	1E10	0.111296055553232	1E-30	1.41570864593485E-11	8.00564378704651E-02	8.18087256459843E-10	5.6583444998274E-12	0.28120335898072	1.9298342948717E-10	1.09380271568291E-11	0.843917731100355	1.28789634433701E-11	3.08809966644605E-11	2.89007574720484	7.88382904149168E-12	3.35476287061055E-11	1E5	1E10	1E-30	1E-10	1E10	1E-30	1E-10	1E10	1E-30	1E-10	1E10	1E-30	1E-10	1E10	1E-30	1E-10	1E10	1E-30	1E-10	1E10	1E-30	1E-10	1E10	1E-30	1E-10	1E10	1E-30	1E-10	1E10	1E-30	1E-10
486	9.99999999999999E-11	1E10	1E10	1E-30	1.82298503925413E-10	1E10	1E-30	1E10	0.111296055553232	1E-30	1.41570864593485E-11	8.00564378704651E-02	8.18087256459843E-10	5.6583444998274E-12	0.28120335898072	1.9298342948717E-10	1.09380271568291E-11	0.843917731100355	1.28789634433701E-11	3.08809966644605E-11	2.89007574720484	7.88382904149168E-12	3.35476287061055E-11	1E5	1E10	1E-30	1E-10	1E10	1E-30	1E-10	1E10	1E-30	1E-10	1E10	1E-30	1E-10	1E10	1E-30	1E-10	1E10	1E-30	1E-10	1E10	1E-30	1E-10	1E10	1E-30	1E-10	1E10	1E-30	1E-10	1E10	1E-30	1E-10
487	9.99999999999999E-11	1E10	1E10	1E-30	1.82298503925413E-10	1E10	1E-30	1E10	0.111296055553232	1E-30	1.41570864593485E-11	8.00564378704651E-02	8.18087256459843E-10	5.6583444998274E-12	0.28120335898072	1.9298342948717E-10	1.09380271568291E-11	0.843917731100355	1.28789634433701E-11	3.08809966644605E-11	2.89007574720484	7.88382904149168E-12	3.35476287061055E-11	1E5	1E10	1E-30	1E-10	1E10	1E-30	1E-10	1E10	1E-30	1E-10	1E10	1E-30	1E-10	1E10	1E-30	1E-10	1E10	1E-30	1E-10	1E10	1E-30	1E-10	1E10	1E-30	1E-10	1E10	1E-30	1E-10	1E10	1E-30	1E-10
488	9.99999999999999E-11	1E10	1E10	1E-30	1.82298503925413E-10	1E10	1E-30	1E10	0.111296055553232	1E-30	1.41570864593485E-11	8.00564378704651E-02	8.18087256459843E-10	5.6583444998274E-12	0.28120335898072	1.9298342948717E-10	1.09380271568291E-11	0.843917731100355	1.28789634433701E-11	3.08809966644605E-11	2.89007574720484	7.88382904149168E-12	3.35476287061055E-11	1E5	1E10	1E-30	1E-10	1E10	1E-30	1E-10	1E10	1E-30	1E-10	1E10	1E-30	1E-10	1E10	1E-30	1E-10	1E10	1E-30	1E-10	1E10	1E-30	1E-10	1E10	1E-30	1E-10	1E10	1E-30	1E-10	1E10	1E-30	1E-10
489	9.99999999999999E-11	1E10	1E10	1E-30	1.82298503925413E-10	1E10	1E-30	1E10	0.111296055553232	1E-30	1.41570864593485E-11	8.00564378704651E-02	8.18087256459843E-10	5.6583444998274E-12	0.28120335898072	1.9298342948717E-10	1.09380271568291E-11	0.843917731100355	1.28789634433701E-11	3.08809966644605E-11	2.89007574720484	7.88382904149168E-12	3.35476287061055E-11	1E5	1E10	1E-30	1E-10	1E10	1E-30	1E-10	1E10	1E-30	1E-10	1E10	1E-30	1E-10	1E10	1E-30	1E-10	1E10	1E-30	1E-10	1E10	1E-30	1E-10	1E10	1E-30	1E-10	1E10	1E-30	1E-10	1E10	1E-30	1E-10
490	9.99999999999999E-11	1E10	1E11	1E-30	1.82298503925413E-10	1E10	1E-30	1E10	0.111296055553232	1E-30	1.41570864593485E-11	8.00564378704651E-02	8.18087256459843E-10	5.6583444998274E-12	0.28120335898072	1.9298342948717E-10	1.09380271568291E-11	0.843917731100355	1.28789634433701E-11	3.08809966644605E-11	2.89007574720484	7.88382904149168E-12	3.35476287061055E-11	1E5	1E10	1E-30	1E-10	1E10	1E-30	1E-10	1E10	1E-30	1E-10	1E10	1E-30	1E-10	1E10	1E-30	1E-10	1E10	1E-30	1E-10	1E10	1E-30	1E-10	1E10	1E-30	1E-10	1E10	1E-30	1E-10	1E10	1E-30	1E-10
491	9.99999999999999E-11	1E10	1E11	1E-30	1.82298503925413E-10	1E10	1E-30	1E10	0.111296055553232	1E-30	1.41570864593485E-11	8.00564378704651E-02	8.18087256459843E-10	5.6583444998274E-12	0.28120335898072	1.9298342948717E-10	1.09380271568291E-11	0.843917731100355	1.28789634433701E-11	3.08809966644605E-11	2.89007574720484	7.88382904149168E-12	3.35476287061055E-11	1E5	1E10	1E-30	1E-10	1E10	1E-30	1E-10	1E10	1E-30	1E-10	1E10	1E-30	1E-10	1E10	1E-30	1E-10	1E10	1E-30	1E-10	1E10	1E-30	1E-10	1E10	1E-30	1E-10	1E10	1E-30	1E-10	1E10	1E-30	1E-10
492	9.99999999999999E-11	1E10	1E11	1E-30	1.82298503925413E-10	1E10	1E-30	1E10	0.111296055553232	1E-30	1.41570864593485E-11	8.00564378704651E-02	8.18087256459843E-10	5.6583444998274E-12	0.28120335898072	1.9298342948717E-10	1.09380271568291E-11	0.843917731100355	1.28789634433701E-11	3.08809966644605E-11	2.89007574720484	7.88382904149168E-12	3.35476287061055E-11	1E5	1E10	1E-30	1E-10	1E10	1E-30	1E-10	1E10	1E-30	1E-10	1E10	1E-30	1E-10	1E10	1E-30	1E-10	1E10	1E-30	1E-10	1E10	1E-30	1E-10	1E10	1E-30	1E-10	1E10	1E-30	1E-10	1E10	1E-30	1E-10
493	9.99999999999999E-11	1E10	1E11	1E-30	1.82298503925413E-10	1E10	1E-30	1E10	0.111296055553232	1E-30	1.41570864593485E-11	8.00564378704651E-02	8.18087256459843E-10	5.6583444998274E-12	0.28120335898072	1.9298342948717E-10	1.09380271568291E-11	0.843917731100355	1.28789634433701E-11	3.08809966644605E-11	2.89007574720484	7.88382904149168E-12	3.35476287061055E-11	1E5	1E10	1E-30	1E-10	1E10	1E-30	1E-10	1E10	1E-30	1E-10	1E10	1E-30	1E-10	1E10	1E-30	1E-10	1E10	1E-30	1E-10	1E10	1E-30	1E-10	1E10	1E-30	1E-10	1E10	1E-30	1E-10	1E10	1E-30	1E-10
494	9.99999999999999E-11	1E10	1E11	1E-30	1.82298503925413E-10	1E10	1E-30	1E10	0.111296055553232	1E-30	1.41570864593485E-11	8.00564378704651E-02	8.18087256459843E-10	5.6583444998274E-12	0.28120335898072	1.9298342948717E-10	1.09380271568291E-11	0.843917731100355	1.28789634433701E-11	3.08809966644605E-11	2.89007574720484	7.88382904149168E-12	3.35476287061055E-11	1E5	1E10	1E-30	1E-10	1E10	1E-30	1E-10	1E10	1E-30	1E-10	1E10	1E-30	1E-10	1E10	1E-30	1E-10	1E10	1E-30	1E-10	1E10	1E-30	1E-10	1E10	1E-30	1E-10	1E10	1E-30	1E-10	1E10	1E-30	1E-10
495	9.99999999999999E-11	1E10	1E11	1E-30	1.82298503925413E-10	1E10	1E-30	1E10	0.111296055553232	1E-30	1.41570864593485E-11	8.00564378704651E-02	8.18087256459843E-10	5.6583444998274E-12	0.28120335898072	1.9298342948717E-10	1.09380271568291E-11	0.843917731100355	1.28789634433701E-11	3.08809966644605E-11	2.89007574720484	7.88382904149168E-12	3.35476287061055E-11	1E5	1E10	1E-30	1E-10	1E10	1E-30	1E-10	1E10	1E-30	1E-10	1E10	1E-30	1E-10	1E10	1E-30	1E-10	1E10	1E-30	1E-10	1E10	1E-30	1E-10	1E10	1E-30	1E-10	1E10	1E-30	1E-10	1E10	1E-30	1E-10
496	1.04576728093843E-10	1E10	1E10	1E-30	1.23846218383027E-10	1E10	1E-30	1E10	0.90795080536216	5.21072043849501E-09	1E10	219958.029343479	1.41578469057307E-08	1E10	3822.43245683177	1.16495891483601E-08	1E10	428.883975688805	7.26972909071895E-09	1E10	62.7801400318986	6.07238773983351E-09	1E10	8.73653824002235	2.99562939451665E-09	1E10	1.77096832453329	5.77864620561872E-10	1E10	0.91806360537724	1.42678342677361E-12	1.33484416161065E-10	24.7884608608815	1E10	1E-30	1E-10	1E10	1E-30	1E-10	1E10	1E-30	1E-10	1E10	1E-30	1E-10	1E10	1E-30	1E-10	1E10	1E-30	1E-10	1E10	1E-30	1E-10
497	9.79318581725399E-11	1E10	1E10	1E-30	2.06188244153488E-10	1E10	1E-30	1E10	0.803510341595276	1.56086813380042E-08	1E10	121458.541660475	1.18592106616806E-08	1E10	19249.8815843942	1.16138344280531E-08	1E10	1529.07244575833	8.55910019077976E-09	1E10	166.835714392285	5.9408757930426E-09	1E10	21.4436898591664	5.03468578838243E-09	1E10	2.34640922871721	2.33070566357341E-09	1E10	1.0237545624214	5.48815052185259E-10	1E10	0.809475180994511	1E-30	1.67286651076371E-11	0.470359044378026	3.99568919485256E-12	6.69379020230048E-11	7.46314190315273	1E10	1E-30	1E-10	1E10	1E-30	1E-10	1E10	1E-30	1E-10	1E10	1E-30	1E-10	1E10	1E-30	1E-10
498	9.79318581725399E-11	1E10	1E10	1E-30	2.06188244153488E-10	1E10	1E-30	1E10	0.803510341595276	1.56086813380042E-08	1E10	121458.541660475	1.18592106616806E-08	1E10	19249.8815843942	1.16138344280531E-08	1E10	1529.07244575833	8.55910019077976E-09	1E10	166.835714392285	5.9408757930426E-09	1E10	21.4436898591664	5.03468578838243E-09	1E10	2.34640922871721	2.33070566357341E-09	1E10	1.0237545624214	5.48815052185259E-10	1E10	0.809475180994511	1E-30	1.67286651076371E-11	0.470359044378026	3.99568919485256E-12	6.69379020230048E-11	7.46314190315273	1E10	1E-30	1E-10	1E10	1E-30	1E-10	1E10	1E-30	1E-10	1E10	1E-30	1E-10	1E10	1E-30	1E-10
499	9.79318581725399E-11	1E10	1E10	1E-30	2.06188244153488E-10	1E10	1E-30	1E10	0.803510341595276	1.56086813380042E-08	1E10	121458.541660475	1.18592106616806E-08	1E10	19249.8815843942	1.16138344280531E-08	1E10	1529.07244575833	8.55910019077976E-09	1E10	166.835714392285	5.9408757930426E-09	1E10	21.4436898591664	5.03468578838243E-09	1E10	2.34640922871721	2.33070566357341E-09	1E10	1.0237545624214	5.48815052185259E-10	1E10	0.809475180994511	1E-30	1.67286651076371E-11	0.470359044378026	3.99568919485256E-12	6.69379020230048E-11	7.46314190315273	1E10	1E-30	1E-10	1E10	1E-30	1E-10	1E10	1E-30	1E-10	1E10	1E-30	1E-10	1E10	1E-30	1E-10
500	9.79318581725399E-11	1E10	1E10	1E-30	2.06188244153488E-10	1E10	1E-30	1E10	0.803510341595276	1.56086813380042E-08	1E10	121458.541660475	1.18592106616806E-08	1E10	19249.8815843942	1.16138344280531E-08	1E10	1529.07244575833	8.55910019077976E-09	1E10	166.835714392285	5.9408757930426E-09	1E10	21.4436898591664	5.03468578838243E-09	1E10	2.34640922871721	2.33070566357341E-09	1E10	1.0237545624214	5.48815052185259E-10	1E10	0.809475180994511	1E-30	1.67286651076371E-11	0.470359044378026	3.99568919485256E-12	6.69379020230048E-11	7.46314190315273	1E10	1E-30	1E-10	1E10	1E-30	1E-10	1E10	1E-30	1E-10	1E10	1E-30	1E-10	1E10	1E-30	1E-10
501	9.79318581725399E-11	1E10	1E10	1E-30	2.06188244153488E-10	1E10	1E-30	1E10	0.803510341595276	1.56086813380042E-08	1E10	121458.541660475	1.18592106616806E-08	1E10	19249.8815843942	1.16138344280531E-08	1E10	1529.07244575833	8.55910019077976E-09	1E10	166.835714392285	5.9408757930426E-09	1E10	21.4436898591664	5.03468578838243E-09	1E10	2.34640922871721	2.33070566357341E-09	1E10	1.0237545624214	5.48815052185259E-10	1E10	0.809475180994511	1E-30	1.67286651076371E-11	0.470359044378026	3.99568919485256E-12	6.69379020230048E-11	7.46314190315273	1E10	1E-30	1E-10	1E10	1E-30	1E-10	1E10	1E-30	1E-10	1E10	1E-30	1E-10	1E10	1E-30	1E-10
502	1.28293192331251E-10	1E10	1E10	1E-30	1.93040036599003E-10	1E10	1E-30	1E10	0.637001661776307	6.54175418494043E-09	1E10	239516.273957895	9.77627023620906E-09	1E10	19872.5737083208	1.29668186279491E-08	1E10	2696.2905308646	1.21018785900251E-08	1E10	569.031254757254	1.40924790048323E-08	1E10	67.1316436337877	8.58949188530699E-09	1E10	17.3909394754035	5.97392223286841E-09	1E10	2.9045438459222	2.62969605259784E-09	1E10	0.763434070222103	8.09642439440543E-10	1E10	0.629371175951717	1E-30	5.79218414941723E-11	3.67192585737193	3.72056915849994E-11	9.14147884611818E-12	1.26505527693264	1E10	1E-30	1E-10	1E10	1E-30	1E-10	1E10	1E-30	1E-10	1E10	1E-30	1E-10
503	1.28293192331251E-10	1E10	1E10	1E-30	1.93040036599003E-10	1E10	1E-30	1E10	0.637001661776307	6.54175418494043E-09	1E10	239516.273957895	9.77627023620906E-09	1E10	19872.5737083208	1.29668186279491E-08	1E10	2696.2905308646	1.21018785900251E-08	1E10	569.031254757254	1.40924790048323E-08	1E10	67.1316436337877	8.58949188530699E-09	1E10	17.3909394754035	5.97392223286841E-09	1E10	2.9045438459222	2.62969605259784E-09	1E10	0.763434070222103	8.09642439440543E-10	1E10	0.629371175951717	1E-30	5.79218414941723E-11	3.67192585737193	3.72056915849994E-11	9.14147884611818E-12	1.26505527693264	1E10	1E-30	1E-10	1E10	1E-30	1E-10	1E10	1E-30	1E-10	1E10	1E-30	1E-10
504	1.28293192331251E-10	1E10	1E10	1E-30	1.93040036599003E-10	1E10	1E-30	1E10	0.637001661776307	6.54175418494043E-09	1E10	239516.273957895	9.77627023620906E-09	1E10	19872.5737083208	1.29668186279491E-08	1E10	2696.2905308646	1.21018785900251E-08	1E10	569.031254757254	1.40924790048323E-08	1E10	67.1316436337877	8.58949188530699E-09	1E10	17.3909394754035	5.97392223286841E-09	1E10	2.9045438459222	2.62969605259784E-09	1E10	0.763434070222103	8.09642439440543E-10	1E10	0.629371175951717	1E-30	5.79218414941723E-11	3.67192585737193	3.72056915849994E-11	9.14147884611818E-12	1.26505527693264	1E10	1E-30	1E-10	1E10	1E-30	1E-10	1E10	1E-30	1E-10	1E10	1E-30	1E-10
505	1.28293192331251E-10	1E10	1E10	1E-30	1.93040036599003E-10	1E10	1E-30	1E10	0.637001661776307	6.54175418494043E-09	1E10	239516.273957895	9.77627023620906E-09	1E10	19872.5737083208	1.29668186279491E-08	1E10	2696.2905308646	1.21018785900251E-08	1E10	569.031254757254	1.40924790048323E-08	1E10	67.1316436337877	8.58949188530699E-09	1E10	17.3909394754035	5.97392223286841E-09	1E10	2.9045438459222	2.62969605259784E-09	1E10	0.763434070222103	8.09642439440543E-10	1E10	0.629371175951717	1E-30	5.79218414941723E-11	3.67192585737193	3.72056915849994E-11	9.14147884611818E-12	1.26505527693264	1E10	1E-30	1E-10	1E10	1E-30	1E-10	1E10	1E-30	1E-10	1E10	1E-30	1E-10
506	1.28293192331251E-10	1E10	1E10	1E-30	1.93040036599003E-10	1E10	1E-30	1E10	0.637001661776307	6.54175418494043E-09	1E10	239516.273957895	9.77627023620906E-09	1E10	19872.5737083208	1.29668186279491E-08	1E10	2696.2905308646	1.21018785900251E-08	1E10	569.031254757254	1.40924790048323E-08	1E10	67.1316436337877	8.58949188530699E-09	1E10	17.3909394754035	5.97392223286841E-09	1E10	2.9045438459222	2.62969605259784E-09	1E10	0.763434070222103	8.09642439440543E-10	1E10	0.629371175951717	1E-30	5.79218414941723E-11	3.67192585737193	3.72056915849994E-11	9.14147884611818E-12	1.26505527693264	1E10	1E-30	1E-10	1E10	1E-30	1E-10	1E10	1E-30	1E-10	1E10	1E-30	1E-10
507	1.28293192331251E-10	1E10	1E10	1E-30	1.93040036599003E-10	1E10	1E-30	1E10	0.637001661776307	6.54175418494043E-09	1E10	239516.273957895	9.77627023620906E-09	1E10	19872.5737083208	1.29668186279491E-08	1E10	2696.2905308646	1.21018785900251E-08	1E10	569.031254757254	1.40924790048323E-08	1E10	67.1316436337877	8.58949188530699E-09	1E10	17.3909394754035	5.97392223286841E-09	1E10	2.9045438459222	2.62969605259784E-09	1E10	0.763434070222103	8.09642439440543E-10	1E10	0.629371175951717	1E-30	5.79218414941723E-11	3.67192585737193	3.72056915849994E-11	9.14147884611818E-12	1.26505527693264	1E10	1E-30	1E-10	1E10	1E-30	1E-10	1E10	1E-30	1E-10	1E10	1E-30	1E-10
508	1.57069282207634E-10	1E10	1E10	1E-30	1.38038426460288E-10	1E10	1E-30	1E10	0.65	9.9702243752326E-09	1E10	176560.647094772	2.07005885481013E-08	1E10	14351.3881912311	2.34467769945412E-08	1E10	1193.69647624967	1.66719553433454E-08	1E10	176.560647094772	1.083907924735E-08	1E10	24.4723958957439	8.62576224115696E-09	1E10	3.07518606553794	2.38048591593984E-09	1E10	0.955116780546995	2.46917960844158E-09	1E10	0.257826433602123	1E-30	5.89466154062971E-11	4.44447009394575	4.52875657412314E-12	5.35578869702304E-11	7.84361443219269	1E10	1E-30	1E-10	1E10	1E-30	1E-10	1E10	1E-30	1E-10	1E10	1E-30	1E-10	1E10	1E-30	1E-10
509	1.57069282207634E-10	1E10	1E10	1E-30	1.38038426460288E-10	1E10	1E-30	1E10	0.65	9.9702243752326E-09	1E10	176560.647094772	2.07005885481013E-08	1E10	14351.3881912311	2.34467769945412E-08	1E10	1193.69647624967	1.66719553433454E-08	1E10	176.560647094772	1.083907924735E-08	1E10	24.4723958957439	8.62576224115696E-09	1E10	3.07518606553794	2.38048591593984E-09	1E10	0.955116780546995	2.46917960844158E-09	1E10	0.257826433602123	1E-30	5.89466154062971E-11	4.44447009394575	4.52875657412314E-12	5.35578869702304E-11	7.84361443219269	1E10	1E-30	1E-10	1E10	1E-30	1E-10	1E10	1E-30	1E-10	1E10	1E-30	1E-10	1E10	1E-30	1E-10
510	1.57069282207634E-10	1E10	1E10	1E-30	1.38038426460288E-10	1E10	1E-30	1E10	0.65	9.9702243752326E-09	1E10	176560.647094772	2.07005885481013E-08	1E10	14351.3881912311	2.34467769945412E-08	1E10	1193.69647624967	1.66719553433454E-08	1E10	176.560647094772	1.083907924735E-08	1E10	24.4723958957439	8.62576224115696E-09	1E10	3.07518606553794	2.38048591593984E-09	1E10	0.955116780546995	2.46917960844158E-09	1E10	0.257826433602123	1E-30	5.89466154062971E-11	4.44447009394575	4.52875657412314E-12	5.35578869702304E-11	7.84361443219269	1E10	1E-30	1E-10	1E10	1E-30	1E-10	1E10	1E-30	1E-10	1E10	1E-30	1E-10	1E10	1E-30	1E-10
511	1.57069282207634E-10	1E10	1E10	1E-30	1.38038426460288E-10	1E10	1E-30	1E10	0.65	9.9702243752326E-09	1E10	176560.647094772	2.07005885481013E-08	1E10	14351.3881912311	2.34467769945412E-08	1E10	1193.69647624967	1.66719553433454E-08	1E10	176.560647094772	1.083907924735E-08	1E10	24.4723958957439	8.62576224115696E-09	1E10	3.07518606553794	2.38048591593984E-09	1E10	0.955116780546995	2.46917960844158E-09	1E10	0.257826433602123	1E-30	5.89466154062971E-11	4.44447009394575	4.52875657412314E-12	5.35578869702304E-11	7.84361443219269	1E10	1E-30	1E-10	1E10	1E-30	1E-10	1E10	1E-30	1E-10	1E10	1E-30	1E-10	1E10	1E-30	1E-10
512	1.57069282207634E-10	1E10	1E10	1E-30	1.38038426460288E-10	1E10	1E-30	1E10	0.65	9.9702243752326E-09	1E10	176560.647094772	2.07005885481013E-08	1E10	14351.3881912311	2.34467769945412E-08	1E10	1193.69647624967	1.66719553433454E-08	1E10	176.560647094772	1.083907924735E-08	1E10	24.4723958957439	8.62576224115696E-09	1E10	3.07518606553794	2.38048591593984E-09	1E10	0.955116780546995	2.46917960844158E-09	1E10	0.257826433602123	1E-30	5.89466154062971E-11	4.44447009394575	4.52875657412314E-12	5.35578869702304E-11	7.84361443219269	1E10	1E-30	1E-10	1E10	1E-30	1E-10	1E10	1E-30	1E-10	1E10	1E-30	1E-10	1E10	1E-30	1E-10
513	1.57069282207634E-10	1E10	1E10	1E-30	1.38038426460288E-10	1E10	1E-30	1E10	0.65	9.9702243752326E-09	1E10	176560.647094772	2.07005885481013E-08	1E10	14351.3881912311	2.34467769945412E-08	1E10	1193.69647624967	1.66719553433454E-08	1E10	176.560647094772	1.083907924735E-08	1E10	24.4723958957439	8.62576224115696E-09	1E10	3.07518606553794	2.38048591593984E-09	1E10	0.955116780546995	2.46917960844158E-09	1E10	0.257826433602123	1E-30	5.89466154062971E-11	4.44447009394575	4.52875657412314E-12	5.35578869702304E-11	7.84361443219269	1E10	1E-30	1E-10	1E10	1E-30	1E-10	1E10	1E-30	1E-10	1E10	1E-30	1E-10	1E10	1E-30	1E-10
514	1.84029031389918E-10	1E10	1E10	1E-30	1.72107442375878E-10	1E10	1E-30	1E10	0.513420361404275	1.2642901815486E-08	1E10	123094.658890545	1.76727727327927E-08	1E10	11174.1058402748	2.18808142516843E-08	1E10	1626.91376490401	2.09396184944037E-08	1E10	353.543589380332	2.04327837800307E-08	1E10	51.2189980886202	1.28906169358746E-08	1E10	12.9603210173622	8.00798492938038E-09	1E10	2.319693541599	2.73097998736437E-09	1E10	0.4940928197601	1.55670791356367E-09	1E10	0.301400778625416	1E-30	7.51906619749379E-11	4.09792500438624	2.81411918830291E-11	1.17901229689212E-11	1.62461483720474	1E10	1E-30	1E-10	1E10	1E-30	1E-10	1E10	1E-30	1E-10	1E10	1E-30	1E-10
515	1.84029031389918E-10	1E10	1E10	1E-30	1.72107442375878E-10	1E10	1E-30	1E10	0.513420361404275	1.2642901815486E-08	1E10	123094.658890545	1.76727727327927E-08	1E10	11174.1058402748	2.18808142516843E-08	1E10	1626.91376490401	2.09396184944037E-08	1E10	353.543589380332	2.04327837800307E-08	1E10	51.2189980886202	1.28906169358746E-08	1E10	12.9603210173622	8.00798492938038E-09	1E10	2.319693541599	2.73097998736437E-09	1E10	0.4940928197601	1.55670791356367E-09	1E10	0.301400778625416	1E-30	7.51906619749379E-11	4.09792500438624	2.81411918830291E-11	1.17901229689212E-11	1.62461483720474	1E10	1E-30	1E-10	1E10	1E-30	1E-10	1E10	1E-30	1E-10	1E10	1E-30	1E-10
516	1.84029031389918E-10	1E10	1E10	1E-30	1.72107442375878E-10	1E10	1E-30	1E10	0.513420361404275	1.2642901815486E-08	1E10	123094.658890545	1.76727727327927E-08	1E10	11174.1058402748	2.18808142516843E-08	1E10	1626.91376490401	2.09396184944037E-08	1E10	353.543589380332	2.04327837800307E-08	1E10	51.2189980886202	1.28906169358746E-08	1E10	12.9603210173622	8.00798492938038E-09	1E10	2.319693541599	2.73097998736437E-09	1E10	0.4940928197601	1.55670791356367E-09	1E10	0.301400778625416	1E-30	7.51906619749379E-11	4.09792500438624	2.81411918830291E-11	1.17901229689212E-11	1.62461483720474	1E10	1E-30	1E-10	1E10	1E-30	1E-10	1E10	1E-30	1E-10	1E10	1E-30	1E-10
517	1.84029031389918E-10	1E10	1E10	1E-30	1.72107442375878E-10	1E10	1E-30	1E10	0.513420361404275	1.2642901815486E-08	1E10	123094.658890545	1.76727727327927E-08	1E10	11174.1058402748	2.18808142516843E-08	1E10	1626.91376490401	2.09396184944037E-08	1E10	353.543589380332	2.04327837800307E-08	1E10	51.2189980886202	1.28906169358746E-08	1E10	12.9603210173622	8.00798492938038E-09	1E10	2.319693541599	2.73097998736437E-09	1E10	0.4940928197601	1.55670791356367E-09	1E10	0.301400778625416	1E-30	7.51906619749379E-11	4.09792500438624	2.81411918830291E-11	1.17901229689212E-11	1.62461483720474	1E10	1E-30	1E-10	1E10	1E-30	1E-10	1E10	1E-30	1E-10	1E10	1E-30	1E-10
518	1.84029031389918E-10	1E10	1E10	1E-30	1.72107442375878E-10	1E10	1E-30	1E10	0.513420361404275	1.2642901815486E-08	1E10	123094.658890545	1.76727727327927E-08	1E10	11174.1058402748	2.18808142516843E-08	1E10	1626.91376490401	2.09396184944037E-08	1E10	353.543589380332	2.04327837800307E-08	1E10	51.2189980886202	1.28906169358746E-08	1E10	12.9603210173622	8.00798492938038E-09	1E10	2.319693541599	2.73097998736437E-09	1E10	0.4940928197601	1.55670791356367E-09	1E10	0.301400778625416	1E-30	7.51906619749379E-11	4.09792500438624	2.81411918830291E-11	1.17901229689212E-11	1.62461483720474	1E10	1E-30	1E-10	1E10	1E-30	1E-10	1E10	1E-30	1E-10	1E10	1E-30	1E-10
519	1.84029031389918E-10	1E10	1E10	1E-30	1.72107442375878E-10	1E10	1E-30	1E10	0.513420361404275	1.2642901815486E-08	1E10	123094.658890545	1.76727727327927E-08	1E10	11174.1058402748	2.18808142516843E-08	1E10	1626.91376490401	2.09396184944037E-08	1E10	353.543589380332	2.04327837800307E-08	1E10	51.2189980886202	1.28906169358746E-08	1E10	12.9603210173622	8.00798492938038E-09	1E10	2.319693541599	2.73097998736437E-09	1E10	0.4940928197601	1.55670791356367E-09	1E10	0.301400778625416	1E-30	7.51906619749379E-11	4.09792500438624	2.81411918830291E-11	1.17901229689212E-11	1.62461483720474	1E10	1E-30	1E-10	1E10	1E-30	1E-10	1E10	1E-30	1E-10	1E10	1E-30	1E-10
520	2.17522607365935E-10	1E10	1E10	1E-30	1.3453588557538E-10	1E10	1E-30	1E10	0.482689948239594	1.94374931260151E-08	1E10	32477.2493787923	3.13981894774344E-08	1E10	1554.45888685567	2.5318100935494E-08	1E10	186.887063474154	1.67353443807284E-08	1E10	26.3672127373303	1.38474193138501E-08	1E10	3.83115774101215	5.65644798804629E-09	1E10	0.937896853456653	1.98317020289402E-09	1E10	0.267509302125861	1.00819269189542E-12	1.3686377657577E-10	18.229337632147	1E10	1E-30	1E-10	1E10	1E-30	1E-10	1E10	1E-30	1E-10	1E10	1E-30	1E-10	1E10	1E-30	1E-10	1E10	1E-30	1E-10	1E10	1E-30	1E-10
521	2.17522607365935E-10	1E10	1E10	1E-30	1.3453588557538E-10	1E10	1E-30	1E10	0.482689948239594	1.94374931260151E-08	1E10	32477.2493787923	3.13981894774344E-08	1E10	1554.45888685567	2.5318100935494E-08	1E10	186.887063474154	1.67353443807284E-08	1E10	26.3672127373303	1.38474193138501E-08	1E10	3.83115774101215	5.65644798804629E-09	1E10	0.937896853456653	1.98317020289402E-09	1E10	0.267509302125861	1.00819269189542E-12	1.3686377657577E-10	18.229337632147	1E10	1E-30	1E-10	1E10	1E-30	1E-10	1E10	1E-30	1E-10	1E10	1E-30	1E-10	1E10	1E-30	1E-10	1E10	1E-30	1E-10	1E10	1E-30	1E-10
522	2.17522607365935E-10	1E10	1E10	1E-30	1.3453588557538E-10	1E10	1E-30	1E10	0.482689948239594	1.94374931260151E-08	1E10	32477.2493787923	3.13981894774344E-08	1E10	1554.45888685567	2.5318100935494E-08	1E10	186.887063474154	1.67353443807284E-08	1E10	26.3672127373303	1.38474193138501E-08	1E10	3.83115774101215	5.65644798804629E-09	1E10	0.937896853456653	1.98317020289402E-09	1E10	0.267509302125861	1.00819269189542E-12	1.3686377657577E-10	18.229337632147	1E10	1E-30	1E-10	1E10	1E-30	1E-10	1E10	1E-30	1E-10	1E10	1E-30	1E-10	1E10	1E-30	1E-10	1E10	1E-30	1E-10	1E10	1E-30	1E-10
523	2.17522607365935E-10	1E10	1E10	1E-30	1.3453588557538E-10	1E10	1E-30	1E10	0.482689948239594	1.94374931260151E-08	1E10	32477.2493787923	3.13981894774344E-08	1E10	1554.45888685567	2.5318100935494E-08	1E10	186.887063474154	1.67353443807284E-08	1E10	26.3672127373303	1.38474193138501E-08	1E10	3.83115774101215	5.65644798804629E-09	1E10	0.937896853456653	1.98317020289402E-09	1E10	0.267509302125861	1.00819269189542E-12	1.3686377657577E-10	18.229337632147	1E10	1E-30	1E-10	1E10	1E-30	1E-10	1E10	1E-30	1E-10	1E10	1E-30	1E-10	1E10	1E-30	1E-10	1E10	1E-30	1E-10	1E10	1E-30	1E-10
524	2.17522607365935E-10	1E10	1E10	1E-30	1.3453588557538E-10	1E10	1E-30	1E10	0.482689948239594	1.94374931260151E-08	1E10	32477.2493787923	3.13981894774344E-08	1E10	1554.45888685567	2.5318100935494E-08	1E10	186.887063474154	1.67353443807284E-08	1E10	26.3672127373303	1.38474193138501E-08	1E10	3.83115774101215	5.65644798804629E-09	1E10	0.937896853456653	1.98317020289402E-09	1E10	0.267509302125861	1.00819269189542E-12	1.3686377657577E-10	18.229337632147	1E10	1E-30	1E-10	1E10	1E-30	1E-10	1E10	1E-30	1E-10	1E10	1E-30	1E-10	1E10	1E-30	1E-10	1E10	1E-30	1E-10	1E10	1E-30	1E-10
525	2.17522607365935E-10	1E10	1E10	1E-30	1.3453588557538E-10	1E10	1E-30	1E10	0.482689948239594	1.94374931260151E-08	1E10	32477.2493787923	3.13981894774344E-08	1E10	1554.45888685567	2.5318100935494E-08	1E10	186.887063474154	1.67353443807284E-08	1E10	26.3672127373303	1.38474193138501E-08	1E10	3.83115774101215	5.65644798804629E-09	1E10	0.937896853456653	1.98317020289402E-09	1E10	0.267509302125861	1.00819269189542E-12	1.3686377657577E-10	18.229337632147	1E10	1E-30	1E-10	1E10	1E-30	1E-10	1E10	1E-30	1E-10	1E10	1E-30	1E-10	1E10	1E-30	1E-10	1E10	1E-30	1E-10	1E10	1E-30	1E-10
526	2.85079033985485E-10	1E10	1E10	1E-30	2.0112742587718E-10	1E10	1E-30	1E10	0.413664734947249	2.52999470499405E-08	1E10	62020.0575098904	3.46689674994726E-08	1E10	5813.33144867437	3.98692790947316E-08	1E10	982.587134260007	3.81152766569663E-08	1E10	210.693873404384	3.50139760273719E-08	1E10	36.5050839979341	2.37305113272845E-08	1E10	8.52970190740498	1.40398032971898E-08	1E10	1.70497295437987	5.22758315502839E-09	1E10	0.415186916535055	3.61566278066497E-09	1E10	0.114756463937367	1E-30	3.50051776252487E-11	1.09870275365847	1.94109305330901E-11	1.75262005306713E-11	1.91683826146844	1E10	1E-30	1E-10	1E10	1E-30	1E-10	1E10	1E-30	1E-10	1E10	1E-30	1E-10
527	2.85079033985485E-10	1E10	1E10	1E-30	2.0112742587718E-10	1E10	1E-30	1E10	0.413664734947249	2.52999470499405E-08	1E10	62020.0575098904	3.46689674994726E-08	1E10	5813.33144867437	3.98692790947316E-08	1E10	982.587134260007	3.81152766569663E-08	1E10	210.693873404384	3.50139760273719E-08	1E10	36.5050839979341	2.37305113272845E-08	1E10	8.52970190740498	1.40398032971898E-08	1E10	1.70497295437987	5.22758315502839E-09	1E10	0.415186916535055	3.61566278066497E-09	1E10	0.114756463937367	1E-30	3.50051776252487E-11	1.09870275365847	1.94109305330901E-11	1.75262005306713E-11	1.91683826146844	1E10	1E-30	1E-10	1E10	1E-30	1E-10	1E10	1E-30	1E-10	1E10	1E-30	1E-10
528	2.85079033985485E-10	1E10	1E10	1E-30	2.0112742587718E-10	1E10	1E-30	1E10	0.413664734947249	2.52999470499405E-08	1E10	62020.0575098904	3.46689674994726E-08	1E10	5813.33144867437	3.98692790947316E-08	1E10	982.587134260007	3.81152766569663E-08	1E10	210.693873404384	3.50139760273719E-08	1E10	36.5050839979341	2.37305113272845E-08	1E10	8.52970190740498	1.40398032971898E-08	1E10	1.70497295437987	5.22758315502839E-09	1E10	0.415186916535055	3.61566278066497E-09	1E10	0.114756463937367	1E-30	3.50051776252487E-11	1.09870275365847	1.94109305330901E-11	1.75262005306713E-11	1.91683826146844	1E10	1E-30	1E-10	1E10	1E-30	1E-10	1E10	1E-30	1E-10	1E10	1E-30	1E-10
529	2.85079033985485E-10	1E10	1E10	1E-30	2.0112742587718E-10	1E10	1E-30	1E10	0.413664734947249	2.52999470499405E-08	1E10	62020.0575098904	3.46689674994726E-08	1E10	5813.33144867437	3.98692790947316E-08	1E10	982.587134260007	3.81152766569663E-08	1E10	210.693873404384	3.50139760273719E-08	1E10	36.5050839979341	2.37305113272845E-08	1E10	8.52970190740498	1.40398032971898E-08	1E10	1.70497295437987	5.22758315502839E-09	1E10	0.415186916535055	3.61566278066497E-09	1E10	0.114756463937367	1E-30	3.50051776252487E-11	1.09870275365847	1.94109305330901E-11	1.75262005306713E-11	1.91683826146844	1E10	1E-30	1E-10	1E10	1E-30	1E-10	1E10	1E-30	1E-10	1E10	1E-30	1E-10
530	2.85079033985485E-10	1E10	1E10	1E-30	2.0112742587718E-10	1E10	1E-30	1E10	0.413664734947249	2.52999470499405E-08	1E10	62020.0575098904	3.46689674994726E-08	1E10	5813.33144867437	3.98692790947316E-08	1E10	982.587134260007	3.81152766569663E-08	1E10	210.693873404384	3.50139760273719E-08	1E10	36.5050839979341	2.37305113272845E-08	1E10	8.52970190740498	1.40398032971898E-08	1E10	1.70497295437987	5.22758315502839E-09	1E10	0.415186916535055	3.61566278066497E-09	1E10	0.114756463937367	1E-30	3.50051776252487E-11	1.09870275365847	1.94109305330901E-11	1.75262005306713E-11	1.91683826146844	1E10	1E-30	1E-10	1E10	1E-30	1E-10	1E10	1E-30	1E-10	1E10	1E-30	1E-10
531	2.85079033985485E-10	1E10	1E10	1E-30	2.0112742587718E-10	1E10	1E-30	1E10	0.413664734947249	2.52999470499405E-08	1E10	62020.0575098904	3.46689674994726E-08	1E10	5813.33144867437	3.98692790947316E-08	1E10	982.587134260007	3.81152766569663E-08	1E10	210.693873404384	3.50139760273719E-08	1E10	36.5050839979341	2.37305113272845E-08	1E10	8.52970190740498	1.40398032971898E-08	1E10	1.70497295437987	5.22758315502839E-09	1E10	0.415186916535055	3.61566278066497E-09	1E10	0.114756463937367	1E-30	3.50051776252487E-11	1.09870275365847	1.94109305330901E-11	1.75262005306713E-11	1.91683826146844	1E10	1E-30	1E-10	1E10	1E-30	1E-10	1E10	1E-30	1E-10	1E10	1E-30	1E-10
532	3.29999999999999E-10	1E10	1E10	1E-30	1.6262574498581E-10	1E10	1E-30	1E10	0.452333501777652	4.96315373481961E-08	1E10	35468.3606719895	4.00899476388463E-08	1E10	6307.26554908333	4.1412929073989E-08	1E10	478.455020528874	3.19628881856876E-08	1E10	54.9339864543592	2.26938212196628E-08	1E10	8.76642487570566	1.9081695922479E-08	1E10	1.39011877961018	4.67121643059236E-09	1E10	0.454285503449223	1E-30	3.34826516467509E-11	0.934228523512221	5.75544159790943E-12	6.09149315440349E-11	10.6469694370383	1E10	1E-30	1E-10	1E10	1E-30	1E-10	1E10	1E-30	1E-10	1E10	1E-30	1E-10	1E10	1E-30	1E-10	1E10	1E-30	1E-10
533	3.29999999999999E-10	1E10	1E10	1E-30	1.6262574498581E-10	1E10	1E-30	1E10	0.452333501777652	4.96315373481961E-08	1E10	35468.3606719895	4.00899476388463E-08	1E10	6307.26554908333	4.1412929073989E-08	1E10	478.455020528874	3.19628881856876E-08	1E10	54.9339864543592	2.26938212196628E-08	1E10	8.76642487570566	1.9081695922479E-08	1E10	1.39011877961018	4.67121643059236E-09	1E10	0.454285503449223	1E-30	3.34826516467509E-11	0.934228523512221	5.75544159790943E-12	6.09149315440349E-11	10.6469694370383	1E10	1E-30	1E-10	1E10	1E-30	1E-10	1E10	1E-30	1E-10	1E10	1E-30	1E-10	1E10	1E-30	1E-10	1E10	1E-30	1E-10
534	3.29999999999999E-10	1E10	1E10	1E-30	1.6262574498581E-10	1E10	1E-30	1E10	0.452333501777652	4.96315373481961E-08	1E10	35468.3606719895	4.00899476388463E-08	1E10	6307.26554908333	4.1412929073989E-08	1E10	478.455020528874	3.19628881856876E-08	1E10	54.9339864543592	2.26938212196628E-08	1E10	8.76642487570566	1.9081695922479E-08	1E10	1.39011877961018	4.67121643059236E-09	1E10	0.454285503449223	1E-30	3.34826516467509E-11	0.934228523512221	5.75544159790943E-12	6.09149315440349E-11	10.6469694370383	1E10	1E-30	1E-10	1E10	1E-30	1E-10	1E10	1E-30	1E-10	1E10	1E-30	1E-10	1E10	1E-30	1E-10	1E10	1E-30	1E-10
535	3.29999999999999E-10	1E10	1E10	1E-30	1.6262574498581E-10	1E10	1E-30	1E10	0.452333501777652	4.96315373481961E-08	1E10	35468.3606719895	4.00899476388463E-08	1E10	6307.26554908333	4.1412929073989E-08	1E10	478.455020528874	3.19628881856876E-08	1E10	54.9339864543592	2.26938212196628E-08	1E10	8.76642487570566	1.9081695922479E-08	1E10	1.39011877961018	4.67121643059236E-09	1E10	0.454285503449223	1E-30	3.34826516467509E-11	0.934228523512221	5.75544159790943E-12	6.09149315440349E-11	10.6469694370383	1E10	1E-30	1E-10	1E10	1E-30	1E-10	1E10	1E-30	1E-10	1E10	1E-30	1E-10	1E10	1E-30	1E-10	1E10	1E-30	1E-10
536	3.29999999999999E-10	1E10	1E10	1E-30	1.6262574498581E-10	1E10	1E-30	1E10	0.452333501777652	4.96315373481961E-08	1E10	35468.3606719895	4.00899476388463E-08	1E10	6307.26554908333	4.1412929073989E-08	1E10	478.455020528874	3.19628881856876E-08	1E10	54.9339864543592	2.26938212196628E-08	1E10	8.76642487570566	1.9081695922479E-08	1E10	1.39011877961018	4.67121643059236E-09	1E10	0.454285503449223	1E-30	3.34826516467509E-11	0.934228523512221	5.75544159790943E-12	6.09149315440349E-11	10.6469694370383	1E10	1E-30	1E-10	1E10	1E-30	1E-10	1E10	1E-30	1E-10	1E10	1E-30	1E-10	1E10	1E-30	1E-10	1E10	1E-30	1E-10
537	3.29999999999999E-10	1E10	1E10	1E-30	1.6262574498581E-10	1E10	1E-30	1E10	0.452333501777652	4.96315373481961E-08	1E10	35468.3606719895	4.00899476388463E-08	1E10	6307.26554908333	4.1412929073989E-08	1E10	478.455020528874	3.19628881856876E-08	1E10	54.9339864543592	2.26938212196628E-08	1E10	8.76642487570566	1.9081695922479E-08	1E10	1.39011877961018	4.67121643059236E-09	1E10	0.454285503449223	1E-30	3.34826516467509E-11	0.934228523512221	5.75544159790943E-12	6.09149315440349E-11	10.6469694370383	1E10	1E-30	1E-10	1E10	1E-30	1E-10	1E10	1E-30	1E-10	1E10	1E-30	1E-10	1E10	1E-30	1E-10	1E10	1E-30	1E-10
538	3.29999999999999E-10	1E10	1E10	1E-30	1.6262574498581E-10	1E10	1E-30	1E10	0.452333501777652	4.96315373481961E-08	1E10	35468.3606719895	4.00899476388463E-08	1E10	6307.26554908333	4.1412929073989E-08	1E10	478.455020528874	3.19628881856876E-08	1E10	54.9339864543592	2.26938212196628E-08	1E10	8.76642487570566	1.9081695922479E-08	1E10	1.39011877961018	4.67121643059236E-09	1E10	0.454285503449223	1E-30	3.34826516467509E-11	0.934228523512221	5.75544159790943E-12	6.09149315440349E-11	10.6469694370383	1E10	1E-30	1E-10	1E10	1E-30	1E-10	1E10	1E-30	1E-10	1E10	1E-30	1E-10	1E10	1E-30	1E-10	1E10	1E-30	1E-10
539	3.81512561306866E-10	1E10	1E10	1E-30	2.14696899635602E-10	1E10	1E-30	1E10	0.379556713096114	3.81394463541426E-08	1E10	41294.757798115	5.03520644260708E-08	1E10	4084.3024478552	5.79863342493608E-08	1E10	726.534572271008	4.99844764828684E-08	1E10	173.293179309446	4.66769255970754E-08	1E10	29.6385864797835	3.17930474986272E-08	1E10	6.91094236827741	2.37154392719156E-08	1E10	1.44808071287757	2.17304892453594E-08	1E10	0.251798863754701	5.06747140310915E-09	1E10	0.237075560541104	1E-30	5.09308953509519E-11	1.30747270593588	3.2753484708486E-11	1.08695346769344E-11	1.52008562881442	1E10	1E-30	1E-10	1E10	1E-30	1E-10	1E10	1E-30	1E-10	1E10	1E-30	1E-10
540	3.81512561306866E-10	1E10	1E10	1E-30	2.14696899635602E-10	1E10	1E-30	1E10	0.379556713096114	3.81394463541426E-08	1E10	41294.757798115	5.03520644260708E-08	1E10	4084.3024478552	5.79863342493608E-08	1E10	726.534572271008	4.99844764828684E-08	1E10	173.293179309446	4.66769255970754E-08	1E10	29.6385864797835	3.17930474986272E-08	1E10	6.91094236827741	2.37154392719156E-08	1E10	1.44808071287757	2.17304892453594E-08	1E10	0.251798863754701	5.06747140310915E-09	1E10	0.237075560541104	1E-30	5.09308953509519E-11	1.30747270593588	3.2753484708486E-11	1.08695346769344E-11	1.52008562881442	1E10	1E-30	1E-10	1E10	1E-30	1E-10	1E10	1E-30	1E-10	1E10	1E-30	1E-10
541	3.81512561306866E-10	1E10	1E10	1E-30	2.14696899635602E-10	1E10	1E-30	1E10	0.379556713096114	3.81394463541426E-08	1E10	41294.757798115	5.03520644260708E-08	1E10	4084.3024478552	5.79863342493608E-08	1E10	726.534572271008	4.99844764828684E-08	1E10	173.293179309446	4.66769255970754E-08	1E10	29.6385864797835	3.17930474986272E-08	1E10	6.91094236827741	2.37154392719156E-08	1E10	1.44808071287757	2.17304892453594E-08	1E10	0.251798863754701	5.06747140310915E-09	1E10	0.237075560541104	1E-30	5.09308953509519E-11	1.30747270593588	3.2753484708486E-11	1.08695346769344E-11	1.52008562881442	1E10	1E-30	1E-10	1E10	1E-30	1E-10	1E10	1E-30	1E-10	1E10	1E-30	1E-10
542	3.81512561306866E-10	1E10	1E10	1E-30	2.14696899635602E-10	1E10	1E-30	1E10	0.379556713096114	3.81394463541426E-08	1E10	41294.757798115	5.03520644260708E-08	1E10	4084.3024478552	5.79863342493608E-08	1E10	726.534572271008	4.99844764828684E-08	1E10	173.293179309446	4.66769255970754E-08	1E10	29.6385864797835	3.17930474986272E-08	1E10	6.91094236827741	2.37154392719156E-08	1E10	1.44808071287757	2.17304892453594E-08	1E10	0.251798863754701	5.06747140310915E-09	1E10	0.237075560541104	1E-30	5.09308953509519E-11	1.30747270593588	3.2753484708486E-11	1.08695346769344E-11	1.52008562881442	1E10	1E-30	1E-10	1E10	1E-30	1E-10	1E10	1E-30	1E-10	1E10	1E-30	1E-10
543	3.81512561306866E-10	1E10	1E10	1E-30	2.14696899635602E-10	1E10	1E-30	1E10	0.379556713096114	3.81394463541426E-08	1E10	41294.757798115	5.03520644260708E-08	1E10	4084.3024478552	5.79863342493608E-08	1E10	726.534572271008	4.99844764828684E-08	1E10	173.293179309446	4.66769255970754E-08	1E10	29.6385864797835	3.17930474986272E-08	1E10	6.91094236827741	2.37154392719156E-08	1E10	1.44808071287757	2.17304892453594E-08	1E10	0.251798863754701	5.06747140310915E-09	1E10	0.237075560541104	1E-30	5.09308953509519E-11	1.30747270593588	3.2753484708486E-11	1.08695346769344E-11	1.52008562881442	1E10	1E-30	1E-10	1E10	1E-30	1E-10	1E10	1E-30	1E-10	1E10	1E-30	1E-10
544	3.81512561306866E-10	1E10	1E10	1E-30	2.14696899635602E-10	1E10	1E-30	1E10	0.379556713096114	3.81394463541426E-08	1E10	41294.757798115	5.03520644260708E-08	1E10	4084.3024478552	5.79863342493608E-08	1E10	726.534572271008	4.99844764828684E-08	1E10	173.293179309446	4.66769255970754E-08	1E10	29.6385864797835	3.17930474986272E-08	1E10	6.91094236827741	2.37154392719156E-08	1E10	1.44808071287757	2.17304892453594E-08	1E10	0.251798863754701	5.06747140310915E-09	1E10	0.237075560541104	1E-30	5.09308953509519E-11	1.30747270593588	3.2753484708486E-11	1.08695346769344E-11	1.52008562881442	1E10	1E-30	1E-10	1E10	1E-30	1E-10	1E10	1E-30	1E-10	1E10	1E-30	1E-10
545	4.72160891684904E-10	1E10	1E10	1E-30	1.43636648878682E-10	1E10	1E-30	1E10	0.311314902152845	3.77696166504464E-08	1E10	27305.9210561399	6.96124369395146E-08	1E10	968.850639607347	5.24767447211509E-08	1E10	103.814216423107	3.60611252509191E-08	1E10	11.1598820007685	3.18545835936217E-08	1E10	1.45053076571298	1.65702532585231E-08	1E10	0.320161960530148	5.19065938779262E-09	1E10	0.147732601498799	1.34245305257328E-10	2.77351057795737E-11	0.308607869762513	1.72826023747275E-12	1.12742529080196E-10	19.8193651339834	1E10	1E-30	1E-10	1E10	1E-30	1E-10	1E10	1E-30	1E-10	1E10	1E-30	1E-10	1E10	1E-30	1E-10	1E10	1E-30	1E-10
546	4.73859962415619E-10	1E10	1E10	1E-30	1.37796473241471E-10	1E10	1E-30	1E10	0.318220528577131	2.76890275171382E-08	1E10	63078.5682252033	5.70998622450699E-08	1E10	1659.13538977341	5.14002550674688E-08	1E10	131.789808532729	3.36070330088982E-08	1E10	15.7858766298267	2.5187292935437E-08	1E10	2.10628620683002	1.68854411426043E-08	1E10	0.314185736986412	6.70122555327021E-09	1E10	0.15795909652044	1E-30	3.4963871549296E-11	0.494290089001466	1.67839916299905E-12	1.16091829867963E-10	25.1075087461976	1E10	1E-30	1E-10	1E10	1E-30	1E-10	1E10	1E-30	1E-10	1E10	1E-30	1E-10	1E10	1E-30	1E-10	1E10	1E-30	1E-10
547	4.73859962415619E-10	1E10	1E10	1E-30	1.37796473241471E-10	1E10	1E-30	1E10	0.318220528577131	2.76890275171382E-08	1E10	63078.5682252033	5.70998622450699E-08	1E10	1659.13538977341	5.14002550674688E-08	1E10	131.789808532729	3.36070330088982E-08	1E10	15.7858766298267	2.5187292935437E-08	1E10	2.10628620683002	1.68854411426043E-08	1E10	0.314185736986412	6.70122555327021E-09	1E10	0.15795909652044	1E-30	3.4963871549296E-11	0.494290089001466	1.67839916299905E-12	1.16091829867963E-10	25.1075087461976	1E10	1E-30	1E-10	1E10	1E-30	1E-10	1E10	1E-30	1E-10	1E10	1E-30	1E-10	1E10	1E-30	1E-10	1E10	1E-30	1E-10
548	4.73859962415619E-10	1E10	1E10	1E-30	1.37796473241471E-10	1E10	1E-30	1E10	0.318220528577131	2.76890275171382E-08	1E10	63078.5682252033	5.70998622450699E-08	1E10	1659.13538977341	5.14002550674688E-08	1E10	131.789808532729	3.36070330088982E-08	1E10	15.7858766298267	2.5187292935437E-08	1E10	2.10628620683002	1.68854411426043E-08	1E10	0.314185736986412	6.70122555327021E-09	1E10	0.15795909652044	1E-30	3.4963871549296E-11	0.494290089001466	1.67839916299905E-12	1.16091829867963E-10	25.1075087461976	1E10	1E-30	1E-10	1E10	1E-30	1E-10	1E10	1E-30	1E-10	1E10	1E-30	1E-10	1E10	1E-30	1E-10	1E10	1E-30	1E-10
549	4.73859962415619E-10	1E10	1E10	1E-30	1.37796473241471E-10	1E10	1E-30	1E10	0.318220528577131	2.76890275171382E-08	1E10	63078.5682252033	5.70998622450699E-08	1E10	1659.13538977341	5.14002550674688E-08	1E10	131.789808532729	3.36070330088982E-08	1E10	15.7858766298267	2.5187292935437E-08	1E10	2.10628620683002	1.68854411426043E-08	1E10	0.314185736986412	6.70122555327021E-09	1E10	0.15795909652044	1E-30	3.4963871549296E-11	0.494290089001466	1.67839916299905E-12	1.16091829867963E-10	25.1075087461976	1E10	1E-30	1E-10	1E10	1E-30	1E-10	1E10	1E-30	1E-10	1E10	1E-30	1E-10	1E10	1E-30	1E-10	1E10	1E-30	1E-10
550	4.73859962415619E-10	1E10	1E10	1E-30	1.37796473241471E-10	1E10	1E-30	1E10	0.318220528577131	2.76890275171382E-08	1E10	63078.5682252033	5.70998622450699E-08	1E10	1659.13538977341	5.14002550674688E-08	1E10	131.789808532729	3.36070330088982E-08	1E10	15.7858766298267	2.5187292935437E-08	1E10	2.10628620683002	1.68854411426043E-08	1E10	0.314185736986412	6.70122555327021E-09	1E10	0.15795909652044	1E-30	3.4963871549296E-11	0.494290089001466	1.67839916299905E-12	1.16091829867963E-10	25.1075087461976	1E10	1E-30	1E-10	1E10	1E-30	1E-10	1E10	1E-30	1E-10	1E10	1E-30	1E-10	1E10	1E-30	1E-10	1E10	1E-30	1E-10
551	5.4752395191347E-10	1E10	1E10	1E-30	2.10639822932929E-10	1E10	1E-30	1E10	0.324518612399659	6.26398485658387E-08	1E10	25644.721869972	7.98008335945273E-08	1E10	2705.32336264394	8.91371943254348E-08	1E10	515.349899766256	7.46507335347748E-08	1E10	128.622836257612	6.77017785414505E-08	1E10	24.9940685059967	4.507838331426E-08	1E10	5.67908771457896	3.3799981709122E-08	1E10	1.1504301757187	2.17077911499988E-08	1E10	0.278320485962999	1.01567552017032E-08	1E10	8.17447756915319E-02	1E-30	5.12034563082732E-11	1.07192942600432	1.6095243027969E-11	2.14227843884805E-11	3.02454865735936	1E10	1E-30	1E-10	1E10	1E-30	1E-10	1E10	1E-30	1E-10	1E10	1E-30	1E-10
552	5.4752395191347E-10	1E10	1E10	1E-30	2.10639822932929E-10	1E10	1E-30	1E10	0.324518612399659	6.26398485658387E-08	1E10	25644.721869972	7.98008335945273E-08	1E10	2705.32336264394	8.91371943254348E-08	1E10	515.349899766256	7.46507335347748E-08	1E10	128.622836257612	6.77017785414505E-08	1E10	24.9940685059967	4.507838331426E-08	1E10	5.67908771457896	3.3799981709122E-08	1E10	1.1504301757187	2.17077911499988E-08	1E10	0.278320485962999	1.01567552017032E-08	1E10	8.17447756915319E-02	1E-30	5.12034563082732E-11	1.07192942600432	1.6095243027969E-11	2.14227843884805E-11	3.02454865735936	1E10	1E-30	1E-10	1E10	1E-30	1E-10	1E10	1E-30	1E-10	1E10	1E-30	1E-10
553	5.4752395191347E-10	1E10	1E10	1E-30	2.10639822932929E-10	1E10	1E-30	1E10	0.324518612399659	6.26398485658387E-08	1E10	25644.721869972	7.98008335945273E-08	1E10	2705.32336264394	8.91371943254348E-08	1E10	515.349899766256	7.46507335347748E-08	1E10	128.622836257612	6.77017785414505E-08	1E10	24.9940685059967	4.507838331426E-08	1E10	5.67908771457896	3.3799981709122E-08	1E10	1.1504301757187	2.17077911499988E-08	1E10	0.278320485962999	1.01567552017032E-08	1E10	8.17447756915319E-02	1E-30	5.12034563082732E-11	1.07192942600432	1.6095243027969E-11	2.14227843884805E-11	3.02454865735936	1E10	1E-30	1E-10	1E10	1E-30	1E-10	1E10	1E-30	1E-10	1E10	1E-30	1E-10
554	5.4752395191347E-10	1E10	1E10	1E-30	2.10639822932929E-10	1E10	1E-30	1E10	0.324518612399659	6.26398485658387E-08	1E10	25644.721869972	7.98008335945273E-08	1E10	2705.32336264394	8.91371943254348E-08	1E10	515.349899766256	7.46507335347748E-08	1E10	128.622836257612	6.77017785414505E-08	1E10	24.9940685059967	4.507838331426E-08	1E10	5.67908771457896	3.3799981709122E-08	1E10	1.1504301757187	2.17077911499988E-08	1E10	0.278320485962999	1.01567552017032E-08	1E10	8.17447756915319E-02	1E-30	5.12034563082732E-11	1.07192942600432	1.6095243027969E-11	2.14227843884805E-11	3.02454865735936	1E10	1E-30	1E-10	1E10	1E-30	1E-10	1E10	1E-30	1E-10	1E10	1E-30	1E-10
555	5.4752395191347E-10	1E10	1E10	1E-30	2.10639822932929E-10	1E10	1E-30	1E10	0.324518612399659	6.26398485658387E-08	1E10	25644.721869972	7.98008335945273E-08	1E10	2705.32336264394	8.91371943254348E-08	1E10	515.349899766256	7.46507335347748E-08	1E10	128.622836257612	6.77017785414505E-08	1E10	24.9940685059967	4.507838331426E-08	1E10	5.67908771457896	3.3799981709122E-08	1E10	1.1504301757187	2.17077911499988E-08	1E10	0.278320485962999	1.01567552017032E-08	1E10	8.17447756915319E-02	1E-30	5.12034563082732E-11	1.07192942600432	1.6095243027969E-11	2.14227843884805E-11	3.02454865735936	1E10	1E-30	1E-10	1E10	1E-30	1E-10	1E10	1E-30	1E-10	1E10	1E-30	1E-10
556	5.4752395191347E-10	1E10	1E10	1E-30	2.10639822932929E-10	1E10	1E-30	1E10	0.324518612399659	6.26398485658387E-08	1E10	25644.721869972	7.98008335945273E-08	1E10	2705.32336264394	8.91371943254348E-08	1E10	515.349899766256	7.46507335347748E-08	1E10	128.622836257612	6.77017785414505E-08	1E10	24.9940685059967	4.507838331426E-08	1E10	5.67908771457896	3.3799981709122E-08	1E10	1.1504301757187	2.17077911499988E-08	1E10	0.278320485962999	1.01567552017032E-08	1E10	8.17447756915319E-02	1E-30	5.12034563082732E-11	1.07192942600432	1.6095243027969E-11	2.14227843884805E-11	3.02454865735936	1E10	1E-30	1E-10	1E10	1E-30	1E-10	1E10	1E-30	1E-10	1E10	1E-30	1E-10
557	6.78044736075219E-10	1E10	1E10	1E-30	2.0438495388496E-10	1E10	1E-30	1E10	0.346784483628837	6.29631808503481E-08	1E10	30586.4095633131	8.97336526851098E-08	1E10	2854.48982709002	8.15546193588115E-08	1E10	312.988585651673	6.52251534513819E-08	1E10	35.3537118422876	4.27377503023278E-08	1E10	5.31998532465123	3.23735468635428E-08	1E10	0.655493794620841	1.40453422824476E-08	1E10	0.226630209348175	1E-30	4.08509901180582E-11	0.85558113631174	9.64891108109545E-12	3.63349115766275E-11	4.96611657753396	1E10	1E-30	1E-10	1E10	1E-30	1E-10	1E10	1E-30	1E-10	1E10	1E-30	1E-10	1E10	1E-30	1E-10	1E10	1E-30	1E-10
558	6.78044736075219E-10	1E10	1E10	1E-30	2.0438495388496E-10	1E10	1E-30	1E10	0.346784483628837	6.29631808503481E-08	1E10	30586.4095633131	8.97336526851098E-08	1E10	2854.48982709002	8.15546193588115E-08	1E10	312.988585651673	6.52251534513819E-08	1E10	35.3537118422876	4.27377503023278E-08	1E10	5.31998532465123	3.23735468635428E-08	1E10	0.655493794620841	1.40453422824476E-08	1E10	0.226630209348175	1E-30	4.08509901180582E-11	0.85558113631174	9.64891108109545E-12	3.63349115766275E-11	4.96611657753396	1E10	1E-30	1E-10	1E10	1E-30	1E-10	1E10	1E-30	1E-10	1E10	1E-30	1E-10	1E10	1E-30	1E-10	1E10	1E-30	1E-10
559	6.78044736075219E-10	1E10	1E10	1E-30	2.0438495388496E-10	1E10	1E-30	1E10	0.346784483628837	6.29631808503481E-08	1E10	30586.4095633131	8.97336526851098E-08	1E10	2854.48982709002	8.15546193588115E-08	1E10	312.988585651673	6.52251534513819E-08	1E10	35.3537118422876	4.27377503023278E-08	1E10	5.31998532465123	3.23735468635428E-08	1E10	0.655493794620841	1.40453422824476E-08	1E10	0.226630209348175	1E-30	4.08509901180582E-11	0.85558113631174	9.64891108109545E-12	3.63349115766275E-11	4.96611657753396	1E10	1E-30	1E-10	1E10	1E-30	1E-10	1E10	1E-30	1E-10	1E10	1E-30	1E-10	1E10	1E-30	1E-10	1E10	1E-30	1E-10
560	6.78044736075219E-10	1E10	1E10	1E-30	2.0438495388496E-10	1E10	1E-30	1E10	0.346784483628837	6.29631808503481E-08	1E10	30586.4095633131	8.97336526851098E-08	1E10	2854.48982709002	8.15546193588115E-08	1E10	312.988585651673	6.52251534513819E-08	1E10	35.3537118422876	4.27377503023278E-08	1E10	5.31998532465123	3.23735468635428E-08	1E10	0.655493794620841	1.40453422824476E-08	1E10	0.226630209348175	1E-30	4.08509901180582E-11	0.85558113631174	9.64891108109545E-12	3.63349115766275E-11	4.96611657753396	1E10	1E-30	1E-10	1E10	1E-30	1E-10	1E10	1E-30	1E-10	1E10	1E-30	1E-10	1E10	1E-30	1E-10	1E10	1E-30	1E-10
561	6.78044736075219E-10	1E10	1E10	1E-30	2.0438495388496E-10	1E10	1E-30	1E10	0.346784483628837	6.29631808503481E-08	1E10	30586.4095633131	8.97336526851098E-08	1E10	2854.48982709002	8.15546193588115E-08	1E10	312.988585651673	6.52251534513819E-08	1E10	35.3537118422876	4.27377503023278E-08	1E10	5.31998532465123	3.23735468635428E-08	1E10	0.655493794620841	1.40453422824476E-08	1E10	0.226630209348175	1E-30	4.08509901180582E-11	0.85558113631174	9.64891108109545E-12	3.63349115766275E-11	4.96611657753396	1E10	1E-30	1E-10	1E10	1E-30	1E-10	1E10	1E-30	1E-10	1E10	1E-30	1E-10	1E10	1E-30	1E-10	1E10	1E-30	1E-10
562	6.78044736075219E-10	1E10	1E10	1E-30	2.0438495388496E-10	1E10	1E-30	1E10	0.346784483628837	6.29631808503481E-08	1E10	30586.4095633131	8.97336526851098E-08	1E10	2854.48982709002	8.15546193588115E-08	1E10	312.988585651673	6.52251534513819E-08	1E10	35.3537118422876	4.27377503023278E-08	1E10	5.31998532465123	3.23735468635428E-08	1E10	0.655493794620841	1.40453422824476E-08	1E10	0.226630209348175	1E-30	4.08509901180582E-11	0.85558113631174	9.64891108109545E-12	3.63349115766275E-11	4.96611657753396	1E10	1E-30	1E-10	1E10	1E-30	1E-10	1E10	1E-30	1E-10	1E10	1E-30	1E-10	1E10	1E-30	1E-10	1E10	1E-30	1E-10
563	6.78044736075219E-10	1E10	1E10	1E-30	2.0438495388496E-10	1E10	1E-30	1E10	0.346784483628837	6.29631808503481E-08	1E10	30586.4095633131	8.97336526851098E-08	1E10	2854.48982709002	8.15546193588115E-08	1E10	312.988585651673	6.52251534513819E-08	1E10	35.3537118422876	4.27377503023278E-08	1E10	5.31998532465123	3.23735468635428E-08	1E10	0.655493794620841	1.40453422824476E-08	1E10	0.226630209348175	1E-30	4.08509901180582E-11	0.85558113631174	9.64891108109545E-12	3.63349115766275E-11	4.96611657753396	1E10	1E-30	1E-10	1E10	1E-30	1E-10	1E10	1E-30	1E-10	1E10	1E-30	1E-10	1E10	1E-30	1E-10	1E10	1E-30	1E-10
564	8.55357883842457E-10	1E10	1E10	1E-30	2.13700883086925E-10	1E10	1E-30	1E10	0.243498041411643	1.12473340094443E-07	1E10	14532.206398911	1.38203759041302E-07	1E10	1626.2080029041	1.52021382908469E-07	1E10	326.687441093556	1.18685226489466E-07	1E10	87.5456056378481	1.09491230678966E-07	1E10	17.5785745348584	7.29241346471264E-08	1E10	4.04829420386067	5.96153364933789E-08	1E10	0.836078767663252	3.55479551309792E-08	1E10	0.185858865576858	2.54534987868936E-08	1E10	6.43247611652188E-02	1E-30	4.00063942655359E-11	0.731463051388826	1.52850506400678E-11	2.08226036978339E-11	2.42529213347079	1E10	1E-30	1E-10	1E10	1E-30	1E-10	1E10	1E-30	1E-10	1E10	1E-30	1E-10
565	8.55357883842457E-10	1E10	1E10	1E-30	2.13700883086925E-10	1E10	1E-30	1E10	0.243498041411643	1.12473340094443E-07	1E10	14532.206398911	1.38203759041302E-07	1E10	1626.2080029041	1.52021382908469E-07	1E10	326.687441093556	1.18685226489466E-07	1E10	87.5456056378481	1.09491230678966E-07	1E10	17.5785745348584	7.29241346471264E-08	1E10	4.04829420386067	5.96153364933789E-08	1E10	0.836078767663252	3.55479551309792E-08	1E10	0.185858865576858	2.54534987868936E-08	1E10	6.43247611652188E-02	1E-30	4.00063942655359E-11	0.731463051388826	1.52850506400678E-11	2.08226036978339E-11	2.42529213347079	1E10	1E-30	1E-10	1E10	1E-30	1E-10	1E10	1E-30	1E-10	1E10	1E-30	1E-10
566	8.55357883842457E-10	1E10	1E10	1E-30	2.13700883086925E-10	1E10	1E-30	1E10	0.243498041411643	1.12473340094443E-07	1E10	14532.206398911	1.38203759041302E-07	1E10	1626.2080029041	1.52021382908469E-07	1E10	326.687441093556	1.18685226489466E-07	1E10	87.5456056378481	1.09491230678966E-07	1E10	17.5785745348584	7.29241346471264E-08	1E10	4.04829420386067	5.96153364933789E-08	1E10	0.836078767663252	3.55479551309792E-08	1E10	0.185858865576858	2.54534987868936E-08	1E10	6.43247611652188E-02	1E-30	4.00063942655359E-11	0.731463051388826	1.52850506400678E-11	2.08226036978339E-11	2.42529213347079	1E10	1E-30	1E-10	1E10	1E-30	1E-10	1E10	1E-30	1E-10	1E10	1E-30	1E-10
567	8.55357883842457E-10	1E10	1E10	1E-30	2.13700883086925E-10	1E10	1E-30	1E10	0.243498041411643	1.12473340094443E-07	1E10	14532.206398911	1.38203759041302E-07	1E10	1626.2080029041	1.52021382908469E-07	1E10	326.687441093556	1.18685226489466E-07	1E10	87.5456056378481	1.09491230678966E-07	1E10	17.5785745348584	7.29241346471264E-08	1E10	4.04829420386067	5.96153364933789E-08	1E10	0.836078767663252	3.55479551309792E-08	1E10	0.185858865576858	2.54534987868936E-08	1E10	6.43247611652188E-02	1E-30	4.00063942655359E-11	0.731463051388826	1.52850506400678E-11	2.08226036978339E-11	2.42529213347079	1E10	1E-30	1E-10	1E10	1E-30	1E-10	1E10	1E-30	1E-10	1E10	1E-30	1E-10
568	8.55357883842457E-10	1E10	1E10	1E-30	2.13700883086925E-10	1E10	1E-30	1E10	0.243498041411643	1.12473340094443E-07	1E10	14532.206398911	1.38203759041302E-07	1E10	1626.2080029041	1.52021382908469E-07	1E10	326.687441093556	1.18685226489466E-07	1E10	87.5456056378481	1.09491230678966E-07	1E10	17.5785745348584	7.29241346471264E-08	1E10	4.04829420386067	5.96153364933789E-08	1E10	0.836078767663252	3.55479551309792E-08	1E10	0.185858865576858	2.54534987868936E-08	1E10	6.43247611652188E-02	1E-30	4.00063942655359E-11	0.731463051388826	1.52850506400678E-11	2.08226036978339E-11	2.42529213347079	1E10	1E-30	1E-10	1E10	1E-30	1E-10	1E10	1E-30	1E-10	1E10	1E-30	1E-10
569	8.55357883842457E-10	1E10	1E10	1E-30	2.13700883086925E-10	1E10	1E-30	1E10	0.243498041411643	1.12473340094443E-07	1E10	14532.206398911	1.38203759041302E-07	1E10	1626.2080029041	1.52021382908469E-07	1E10	326.687441093556	1.18685226489466E-07	1E10	87.5456056378481	1.09491230678966E-07	1E10	17.5785745348584	7.29241346471264E-08	1E10	4.04829420386067	5.96153364933789E-08	1E10	0.836078767663252	3.55479551309792E-08	1E10	0.185858865576858	2.54534987868936E-08	1E10	6.43247611652188E-02	1E-30	4.00063942655359E-11	0.731463051388826	1.52850506400678E-11	2.08226036978339E-11	2.42529213347079	1E10	1E-30	1E-10	1E10	1E-30	1E-10	1E10	1E-30	1E-10	1E10	1E-30	1E-10
570	1.00485452032041E-09	1E10	1E10	1E-30	1.38004686237615E-10	1E10	1E-30	1E10	0.228073232635203	1.20821894225511E-07	1E10	21879.8272973973	1.29961996416431E-07	1E10	2818.66777069953	1.43852165408907E-07	1E10	323.626360872521	1.06953350940239E-07	1E10	45.2381129906455	7.64570373869468E-08	1E10	6.18416988098344	5.69978605924913E-08	1E10	0.9307655962141	2.83883167013877E-08	1E10	0.186878455159354	1.00200540066875E-08	1E10	5.29454708147192E-02	1E-30	3.68874901324424E-11	0.397321604603818	1.83284109541389E-12	1.06309505264239E-10	28.9450339312248	1E10	1E-30	1E-10	1E10	1E-30	1E-10	1E10	1E-30	1E-10	1E10	1E-30	1E-10	1E10	1E-30	1E-10
571	1.00485452032041E-09	1E10	1E10	1E-30	1.38004686237615E-10	1E10	1E-30	1E10	0.228073232635203	1.20821894225511E-07	1E10	21879.8272973973	1.29961996416431E-07	1E10	2818.66777069953	1.43852165408907E-07	1E10	323.626360872521	1.06953350940239E-07	1E10	45.2381129906455	7.64570373869468E-08	1E10	6.18416988098344	5.69978605924913E-08	1E10	0.9307655962141	2.83883167013877E-08	1E10	0.186878455159354	1.00200540066875E-08	1E10	5.29454708147192E-02	1E-30	3.68874901324424E-11	0.397321604603818	1.83284109541389E-12	1.06309505264239E-10	28.9450339312248	1E10	1E-30	1E-10	1E10	1E-30	1E-10	1E10	1E-30	1E-10	1E10	1E-30	1E-10	1E10	1E-30	1E-10
572	1.00485452032041E-09	1E10	1E10	1E-30	1.38004686237615E-10	1E10	1E-30	1E10	0.228073232635203	1.20821894225511E-07	1E10	21879.8272973973	1.29961996416431E-07	1E10	2818.66777069953	1.43852165408907E-07	1E10	323.626360872521	1.06953350940239E-07	1E10	45.2381129906455	7.64570373869468E-08	1E10	6.18416988098344	5.69978605924913E-08	1E10	0.9307655962141	2.83883167013877E-08	1E10	0.186878455159354	1.00200540066875E-08	1E10	5.29454708147192E-02	1E-30	3.68874901324424E-11	0.397321604603818	1.83284109541389E-12	1.06309505264239E-10	28.9450339312248	1E10	1E-30	1E-10	1E10	1E-30	1E-10	1E10	1E-30	1E-10	1E10	1E-30	1E-10	1E10	1E-30	1E-10
573	1.00485452032041E-09	1E10	1E10	1E-30	1.38004686237615E-10	1E10	1E-30	1E10	0.228073232635203	1.20821894225511E-07	1E10	21879.8272973973	1.29961996416431E-07	1E10	2818.66777069953	1.43852165408907E-07	1E10	323.626360872521	1.06953350940239E-07	1E10	45.2381129906455	7.64570373869468E-08	1E10	6.18416988098344	5.69978605924913E-08	1E10	0.9307655962141	2.83883167013877E-08	1E10	0.186878455159354	1.00200540066875E-08	1E10	5.29454708147192E-02	1E-30	3.68874901324424E-11	0.397321604603818	1.83284109541389E-12	1.06309505264239E-10	28.9450339312248	1E10	1E-30	1E-10	1E10	1E-30	1E-10	1E10	1E-30	1E-10	1E10	1E-30	1E-10	1E10	1E-30	1E-10
574	1.00485452032041E-09	1E10	1E10	1E-30	1.38004686237615E-10	1E10	1E-30	1E10	0.228073232635203	1.20821894225511E-07	1E10	21879.8272973973	1.29961996416431E-07	1E10	2818.66777069953	1.43852165408907E-07	1E10	323.626360872521	1.06953350940239E-07	1E10	45.2381129906455	7.64570373869468E-08	1E10	6.18416988098344	5.69978605924913E-08	1E10	0.9307655962141	2.83883167013877E-08	1E10	0.186878455159354	1.00200540066875E-08	1E10	5.29454708147192E-02	1E-30	3.68874901324424E-11	0.397321604603818	1.83284109541389E-12	1.06309505264239E-10	28.9450339312248	1E10	1E-30	1E-10	1E10	1E-30	1E-10	1E10	1E-30	1E-10	1E10	1E-30	1E-10	1E10	1E-30	1E-10
575	1.00485452032041E-09	1E10	1E10	1E-30	1.38004686237615E-10	1E10	1E-30	1E10	0.228073232635203	1.20821894225511E-07	1E10	21879.8272973973	1.29961996416431E-07	1E10	2818.66777069953	1.43852165408907E-07	1E10	323.626360872521	1.06953350940239E-07	1E10	45.2381129906455	7.64570373869468E-08	1E10	6.18416988098344	5.69978605924913E-08	1E10	0.9307655962141	2.83883167013877E-08	1E10	0.186878455159354	1.00200540066875E-08	1E10	5.29454708147192E-02	1E-30	3.68874901324424E-11	0.397321604603818	1.83284109541389E-12	1.06309505264239E-10	28.9450339312248	1E10	1E-30	1E-10	1E10	1E-30	1E-10	1E10	1E-30	1E-10	1E10	1E-30	1E-10	1E10	1E-30	1E-10
576	1.25205330537227E-09	1E10	1E10	1E-30	1.99460562867653E-10	1E10	1E-30	1E10	0.202117365749348	1.76571169037317E-07	1E10	9433.58097338003	2.0550328361886E-07	1E10	1171.44919711544	2.28178132099223E-07	1E10	220.016238764355	1.71339850636695E-07	1E10	65.2831868006287	1.57049770848068E-07	1E10	12.9890481702238	1.0418985963646E-07	1E10	3.19690062074745	7.76760209473722E-08	1E10	0.64058936692395	3.10435547548875E-08	1E10	0.148010103315919	1E-30	3.19971887404708E-11	1.07141577736355	1E-30	1.39158136292663E-11	0.861102789864787	1E-30	8.79679743688279E-12	0.150856888966452	1.00835730375286E-08	2.36714332684087E-12	0.046801718806958	1.73128707340094E-09	5.79108780253167E-12	9.41419803733382E-02	1E10	1E-30	1E-10	1E10	1E-30	1E-10
577	1.25205330537227E-09	1E10	1E10	1E-30	1.99460562867653E-10	1E10	1E-30	1E10	0.202117365749348	1.76571169037317E-07	1E10	9433.58097338003	2.0550328361886E-07	1E10	1171.44919711544	2.28178132099223E-07	1E10	220.016238764355	1.71339850636695E-07	1E10	65.2831868006287	1.57049770848068E-07	1E10	12.9890481702238	1.0418985963646E-07	1E10	3.19690062074745	7.76760209473722E-08	1E10	0.64058936692395	3.10435547548875E-08	1E10	0.148010103315919	1E-30	3.19971887404708E-11	1.07141577736355	1E-30	1.39158136292663E-11	0.861102789864787	1E-30	8.79679743688279E-12	0.150856888966452	1.00835730375286E-08	2.36714332684087E-12	0.046801718806958	1.73128707340094E-09	5.79108780253167E-12	9.41419803733382E-02	1E10	1E-30	1E-10	1E10	1E-30	1E-10
578	1.25205330537227E-09	1E10	1E10	1E-30	1.99460562867653E-10	1E10	1E-30	1E10	0.202117365749348	1.76571169037317E-07	1E10	9433.58097338003	2.0550328361886E-07	1E10	1171.44919711544	2.28178132099223E-07	1E10	220.016238764355	1.71339850636695E-07	1E10	65.2831868006287	1.57049770848068E-07	1E10	12.9890481702238	1.0418985963646E-07	1E10	3.19690062074745	7.76760209473722E-08	1E10	0.64058936692395	3.10435547548875E-08	1E10	0.148010103315919	1E-30	3.19971887404708E-11	1.07141577736355	1E-30	1.39158136292663E-11	0.861102789864787	1E-30	8.79679743688279E-12	0.150856888966452	1.00835730375286E-08	2.36714332684087E-12	0.046801718806958	1.73128707340094E-09	5.79108780253167E-12	9.41419803733382E-02	1E10	1E-30	1E-10	1E10	1E-30	1E-10
579	1.25205330537227E-09	1E10	1E10	1E-30	1.99460562867653E-10	1E10	1E-30	1E10	0.202117365749348	1.76571169037317E-07	1E10	9433.58097338003	2.0550328361886E-07	1E10	1171.44919711544	2.28178132099223E-07	1E10	220.016238764355	1.71339850636695E-07	1E10	65.2831868006287	1.57049770848068E-07	1E10	12.9890481702238	1.0418985963646E-07	1E10	3.19690062074745	7.76760209473722E-08	1E10	0.64058936692395	3.10435547548875E-08	1E10	0.148010103315919	1E-30	3.19971887404708E-11	1.07141577736355	1E-30	1.39158136292663E-11	0.861102789864787	1E-30	8.79679743688279E-12	0.150856888966452	1.00835730375286E-08	2.36714332684087E-12	0.046801718806958	1.73128707340094E-09	5.79108780253167E-12	9.41419803733382E-02	1E10	1E-30	1E-10	1E10	1E-30	1E-10
580	1.25205330537227E-09	1E10	1E10	1E-30	1.99460562867653E-10	1E10	1E-30	1E10	0.202117365749348	1.76571169037317E-07	1E10	9433.58097338003	2.0550328361886E-07	1E10	1171.44919711544	2.28178132099223E-07	1E10	220.016238764355	1.71339850636695E-07	1E10	65.2831868006287	1.57049770848068E-07	1E10	12.9890481702238	1.0418985963646E-07	1E10	3.19690062074745	7.76760209473722E-08	1E10	0.64058936692395	3.10435547548875E-08	1E10	0.148010103315919	1E-30	3.19971887404708E-11	1.07141577736355	1E-30	1.39158136292663E-11	0.861102789864787	1E-30	8.79679743688279E-12	0.150856888966452	1.00835730375286E-08	2.36714332684087E-12	0.046801718806958	1.73128707340094E-09	5.79108780253167E-12	9.41419803733382E-02	1E10	1E-30	1E-10	1E10	1E-30	1E-10
581	1.25205330537227E-09	1E10	1E10	1E-30	1.99460562867653E-10	1E10	1E-30	1E10	0.202117365749348	1.76571169037317E-07	1E10	9433.58097338003	2.0550328361886E-07	1E10	1171.44919711544	2.28178132099223E-07	1E10	220.016238764355	1.71339850636695E-07	1E10	65.2831868006287	1.57049770848068E-07	1E10	12.9890481702238	1.0418985963646E-07	1E10	3.19690062074745	7.76760209473722E-08	1E10	0.64058936692395	3.10435547548875E-08	1E10	0.148010103315919	1E-30	3.19971887404708E-11	1.07141577736355	1E-30	1.39158136292663E-11	0.861102789864787	1E-30	8.79679743688279E-12	0.150856888966452	1.00835730375286E-08	2.36714332684087E-12	0.046801718806958	1.73128707340094E-09	5.79108780253167E-12	9.41419803733382E-02	1E10	1E-30	1E-10	1E10	1E-30	1E-10
582	1.25205330537227E-09	1E10	1E10	1E-30	1.99460562867653E-10	1E10	1E-30	1E10	0.202117365749348	1.76571169037317E-07	1E10	9433.58097338003	2.0550328361886E-07	1E10	1171.44919711544	2.28178132099223E-07	1E10	220.016238764355	1.71339850636695E-07	1E10	65.2831868006287	1.57049770848068E-07	1E10	12.9890481702238	1.0418985963646E-07	1E10	3.19690062074745	7.76760209473722E-08	1E10	0.64058936692395	3.10435547548875E-08	1E10	0.148010103315919	1E-30	3.19971887404708E-11	1.07141577736355	1E-30	1.39158136292663E-11	0.861102789864787	1E-30	8.79679743688279E-12	0.150856888966452	1.00835730375286E-08	2.36714332684087E-12	0.046801718806958	1.73128707340094E-09	5.79108780253167E-12	9.41419803733382E-02	1E10	1E-30	1E-10	1E10	1E-30	1E-10
583	1.25205330537227E-09	1E10	1E10	1E-30	1.99460562867653E-10	1E10	1E-30	1E10	0.202117365749348	1.76571169037317E-07	1E10	9433.58097338003	2.0550328361886E-07	1E10	1171.44919711544	2.28178132099223E-07	1E10	220.016238764355	1.71339850636695E-07	1E10	65.2831868006287	1.57049770848068E-07	1E10	12.9890481702238	1.0418985963646E-07	1E10	3.19690062074745	7.76760209473722E-08	1E10	0.64058936692395	3.10435547548875E-08	1E10	0.148010103315919	1E-30	3.19971887404708E-11	1.07141577736355	1E-30	1.39158136292663E-11	0.861102789864787	1E-30	8.79679743688279E-12	0.150856888966452	1.00835730375286E-08	2.36714332684087E-12	0.046801718806958	1.73128707340094E-09	5.79108780253167E-12	9.41419803733382E-02	1E10	1E-30	1E-10	1E10	1E-30	1E-10
584	1.25205330537227E-09	1E10	1E10	1E-30	1.99460562867653E-10	1E10	1E-30	1E10	0.202117365749348	1.76571169037317E-07	1E10	9433.58097338003	2.0550328361886E-07	1E10	1171.44919711544	2.28178132099223E-07	1E10	220.016238764355	1.71339850636695E-07	1E10	65.2831868006287	1.57049770848068E-07	1E10	12.9890481702238	1.0418985963646E-07	1E10	3.19690062074745	7.76760209473722E-08	1E10	0.64058936692395	3.10435547548875E-08	1E10	0.148010103315919	1E-30	3.19971887404708E-11	1.07141577736355	1E-30	1.39158136292663E-11	0.861102789864787	1E-30	8.79679743688279E-12	0.150856888966452	1.00835730375286E-08	2.36714332684087E-12	0.046801718806958	1.73128707340094E-09	5.79108780253167E-12	9.41419803733382E-02	1E10	1E-30	1E-10	1E10	1E-30	1E-10
585	1.25205330537227E-09	1E10	1E10	1E-30	1.99460562867653E-10	1E10	1E-30	1E10	0.202117365749348	1.76571169037317E-07	1E10	9433.58097338003	2.0550328361886E-07	1E10	1171.44919711544	2.28178132099223E-07	1E10	220.016238764355	1.71339850636695E-07	1E10	65.2831868006287	1.57049770848068E-07	1E10	12.9890481702238	1.0418985963646E-07	1E10	3.19690062074745	7.76760209473722E-08	1E10	0.64058936692395	3.10435547548875E-08	1E10	0.148010103315919	1E-30	3.19971887404708E-11	1.07141577736355	1E-30	1.39158136292663E-11	0.861102789864787	1E-30	8.79679743688279E-12	0.150856888966452	1.00835730375286E-08	2.36714332684087E-12	0.046801718806958	1.73128707340094E-09	5.79108780253167E-12	9.41419803733382E-02	1E10	1E-30	1E-10	1E10	1E-30	1E-10
586	1.25205330537227E-09	1E10	1E10	1E-30	1.99460562867653E-10	1E10	1E-30	1E10	0.202117365749348	1.76571169037317E-07	1E10	9433.58097338003	2.0550328361886E-07	1E10	1171.44919711544	2.28178132099223E-07	1E10	220.016238764355	1.71339850636695E-07	1E10	65.2831868006287	1.57049770848068E-07	1E10	12.9890481702238	1.0418985963646E-07	1E10	3.19690062074745	7.76760209473722E-08	1E10	0.64058936692395	3.10435547548875E-08	1E10	0.148010103315919	1E-30	3.19971887404708E-11	1.07141577736355	1E-30	1.39158136292663E-11	0.861102789864787	1E-30	8.79679743688279E-12	0.150856888966452	1.00835730375286E-08	2.36714332684087E-12	0.046801718806958	1.73128707340094E-09	5.79108780253167E-12	9.41419803733382E-02	1E10	1E-30	1E-10	1E10	1E-30	1E-10
587	1.25205330537227E-09	1E10	1E10	1E-30	1.99460562867653E-10	1E10	1E-30	1E10	0.202117365749348	1.76571169037317E-07	1E10	9433.58097338003	2.0550328361886E-07	1E10	1171.44919711544	2.28178132099223E-07	1E10	220.016238764355	1.71339850636695E-07	1E10	65.2831868006287	1.57049770848068E-07	1E10	12.9890481702238	1.0418985963646E-07	1E10	3.19690062074745	7.76760209473722E-08	1E10	0.64058936692395	3.10435547548875E-08	1E10	0.148010103315919	1E-30	3.19971887404708E-11	1.07141577736355	1E-30	1.39158136292663E-11	0.861102789864787	1E-30	8.79679743688279E-12	0.150856888966452	1.00835730375286E-08	2.36714332684087E-12	0.046801718806958	1.73128707340094E-09	5.79108780253167E-12	9.41419803733382E-02	1E10	1E-30	1E-10	1E10	1E-30	1E-10
588	1.54005595338253E-09	1E10	1E10	1E-30	1.84192738610535E-10	1E10	1E-30	1E10	0.182561015264926	1.7261996611598E-07	1E10	13718.139507541	1.97954349544091E-07	1E10	1340.58765290334	1.80919418761917E-07	1E10	137.18139507541	1.36284826752585E-07	1E10	14.4285063469655	9.92988529995292E-08	1E10	2.00348415772549	7.30563550436501E-08	1E10	0.311217558391937	7.22616543705445E-08	1E10	4.40496261753925E-02	1E-30	2.20429142575259E-11	0.461665716634354	1E-30	8.6635020361528E-12	0.106839189534321	1.07470418590832E-09	1.6367744261061E-11	0.109120318752414	1.30180062043355E-11	2.34562152126582E-11	2.48857503618125	1E10	1E-30	1E-10	1E10	1E-30	1E-10	1E10	1E-30	1E-10	1E10	1E-30	1E-10
589	1.54005595338253E-09	1E10	1E10	1E-30	1.84192738610535E-10	1E10	1E-30	1E10	0.182561015264926	1.7261996611598E-07	1E10	13718.139507541	1.97954349544091E-07	1E10	1340.58765290334	1.80919418761917E-07	1E10	137.18139507541	1.36284826752585E-07	1E10	14.4285063469655	9.92988529995292E-08	1E10	2.00348415772549	7.30563550436501E-08	1E10	0.311217558391937	7.22616543705445E-08	1E10	4.40496261753925E-02	1E-30	2.20429142575259E-11	0.461665716634354	1E-30	8.6635020361528E-12	0.106839189534321	1.07470418590832E-09	1.6367744261061E-11	0.109120318752414	1.30180062043355E-11	2.34562152126582E-11	2.48857503618125	1E10	1E-30	1E-10	1E10	1E-30	1E-10	1E10	1E-30	1E-10	1E10	1E-30	1E-10
590	1.54005595338253E-09	1E10	1E10	1E-30	1.84192738610535E-10	1E10	1E-30	1E10	0.182561015264926	1.7261996611598E-07	1E10	13718.139507541	1.97954349544091E-07	1E10	1340.58765290334	1.80919418761917E-07	1E10	137.18139507541	1.36284826752585E-07	1E10	14.4285063469655	9.92988529995292E-08	1E10	2.00348415772549	7.30563550436501E-08	1E10	0.311217558391937	7.22616543705445E-08	1E10	4.40496261753925E-02	1E-30	2.20429142575259E-11	0.461665716634354	1E-30	8.6635020361528E-12	0.106839189534321	1.07470418590832E-09	1.6367744261061E-11	0.109120318752414	1.30180062043355E-11	2.34562152126582E-11	2.48857503618125	1E10	1E-30	1E-10	1E10	1E-30	1E-10	1E10	1E-30	1E-10	1E10	1E-30	1E-10
591	1.54005595338253E-09	1E10	1E10	1E-30	1.84192738610535E-10	1E10	1E-30	1E10	0.182561015264926	1.7261996611598E-07	1E10	13718.139507541	1.97954349544091E-07	1E10	1340.58765290334	1.80919418761917E-07	1E10	137.18139507541	1.36284826752585E-07	1E10	14.4285063469655	9.92988529995292E-08	1E10	2.00348415772549	7.30563550436501E-08	1E10	0.311217558391937	7.22616543705445E-08	1E10	4.40496261753925E-02	1E-30	2.20429142575259E-11	0.461665716634354	1E-30	8.6635020361528E-12	0.106839189534321	1.07470418590832E-09	1.6367744261061E-11	0.109120318752414	1.30180062043355E-11	2.34562152126582E-11	2.48857503618125	1E10	1E-30	1E-10	1E10	1E-30	1E-10	1E10	1E-30	1E-10	1E10	1E-30	1E-10
592	1.54005595338253E-09	1E10	1E10	1E-30	1.84192738610535E-10	1E10	1E-30	1E10	0.182561015264926	1.7261996611598E-07	1E10	13718.139507541	1.97954349544091E-07	1E10	1340.58765290334	1.80919418761917E-07	1E10	137.18139507541	1.36284826752585E-07	1E10	14.4285063469655	9.92988529995292E-08	1E10	2.00348415772549	7.30563550436501E-08	1E10	0.311217558391937	7.22616543705445E-08	1E10	4.40496261753925E-02	1E-30	2.20429142575259E-11	0.461665716634354	1E-30	8.6635020361528E-12	0.106839189534321	1.07470418590832E-09	1.6367744261061E-11	0.109120318752414	1.30180062043355E-11	2.34562152126582E-11	2.48857503618125	1E10	1E-30	1E-10	1E10	1E-30	1E-10	1E10	1E-30	1E-10	1E10	1E-30	1E-10
593	1.54005595338253E-09	1E10	1E10	1E-30	1.84192738610535E-10	1E10	1E-30	1E10	0.182561015264926	1.7261996611598E-07	1E10	13718.139507541	1.97954349544091E-07	1E10	1340.58765290334	1.80919418761917E-07	1E10	137.18139507541	1.36284826752585E-07	1E10	14.4285063469655	9.92988529995292E-08	1E10	2.00348415772549	7.30563550436501E-08	1E10	0.311217558391937	7.22616543705445E-08	1E10	4.40496261753925E-02	1E-30	2.20429142575259E-11	0.461665716634354	1E-30	8.6635020361528E-12	0.106839189534321	1.07470418590832E-09	1.6367744261061E-11	0.109120318752414	1.30180062043355E-11	2.34562152126582E-11	2.48857503618125	1E10	1E-30	1E-10	1E10	1E-30	1E-10	1E10	1E-30	1E-10	1E10	1E-30	1E-10
594	1.54005595338253E-09	1E10	1E10	1E-30	1.84192738610535E-10	1E10	1E-30	1E10	0.182561015264926	1.7261996611598E-07	1E10	13718.139507541	1.97954349544091E-07	1E10	1340.58765290334	1.80919418761917E-07	1E10	137.18139507541	1.36284826752585E-07	1E10	14.4285063469655	9.92988529995292E-08	1E10	2.00348415772549	7.30563550436501E-08	1E10	0.311217558391937	7.22616543705445E-08	1E10	4.40496261753925E-02	1E-30	2.20429142575259E-11	0.461665716634354	1E-30	8.6635020361528E-12	0.106839189534321	1.07470418590832E-09	1.6367744261061E-11	0.109120318752414	1.30180062043355E-11	2.34562152126582E-11	2.48857503618125	1E10	1E-30	1E-10	1E10	1E-30	1E-10	1E10	1E-30	1E-10	1E10	1E-30	1E-10
595	1.54005595338253E-09	1E10	1E10	1E-30	1.84192738610535E-10	1E10	1E-30	1E10	0.182561015264926	1.7261996611598E-07	1E10	13718.139507541	1.97954349544091E-07	1E10	1340.58765290334	1.80919418761917E-07	1E10	137.18139507541	1.36284826752585E-07	1E10	14.4285063469655	9.92988529995292E-08	1E10	2.00348415772549	7.30563550436501E-08	1E10	0.311217558391937	7.22616543705445E-08	1E10	4.40496261753925E-02	1E-30	2.20429142575259E-11	0.461665716634354	1E-30	8.6635020361528E-12	0.106839189534321	1.07470418590832E-09	1.6367744261061E-11	0.109120318752414	1.30180062043355E-11	2.34562152126582E-11	2.48857503618125	1E10	1E-30	1E-10	1E10	1E-30	1E-10	1E10	1E-30	1E-10	1E10	1E-30	1E-10
596	1.54005595338253E-09	1E10	1E10	1E-30	1.84192738610535E-10	1E10	1E-30	1E10	0.182561015264926	1.7261996611598E-07	1E10	13718.139507541	1.97954349544091E-07	1E10	1340.58765290334	1.80919418761917E-07	1E10	137.18139507541	1.36284826752585E-07	1E10	14.4285063469655	9.92988529995292E-08	1E10	2.00348415772549	7.30563550436501E-08	1E10	0.311217558391937	7.22616543705445E-08	1E10	4.40496261753925E-02	1E-30	2.20429142575259E-11	0.461665716634354	1E-30	8.6635020361528E-12	0.106839189534321	1.07470418590832E-09	1.6367744261061E-11	0.109120318752414	1.30180062043355E-11	2.34562152126582E-11	2.48857503618125	1E10	1E-30	1E-10	1E10	1E-30	1E-10	1E10	1E-30	1E-10	1E10	1E-30	1E-10
597	1.54005595338253E-09	1E10	1E10	1E-30	1.84192738610535E-10	1E10	1E-30	1E10	0.182561015264926	1.7261996611598E-07	1E10	13718.139507541	1.97954349544091E-07	1E10	1340.58765290334	1.80919418761917E-07	1E10	137.18139507541	1.36284826752585E-07	1E10	14.4285063469655	9.92988529995292E-08	1E10	2.00348415772549	7.30563550436501E-08	1E10	0.311217558391937	7.22616543705445E-08	1E10	4.40496261753925E-02	1E-30	2.20429142575259E-11	0.461665716634354	1E-30	8.6635020361528E-12	0.106839189534321	1.07470418590832E-09	1.6367744261061E-11	0.109120318752414	1.30180062043355E-11	2.34562152126582E-11	2.48857503618125	1E10	1E-30	1E-10	1E10	1E-30	1E-10	1E10	1E-30	1E-10	1E10	1E-30	1E-10
598	1.54005595338253E-09	1E10	1E10	1E-30	1.84192738610535E-10	1E10	1E-30	1E10	0.182561015264926	1.7261996611598E-07	1E10	13718.139507541	1.97954349544091E-07	1E10	1340.58765290334	1.80919418761917E-07	1E10	137.18139507541	1.36284826752585E-07	1E10	14.4285063469655	9.92988529995292E-08	1E10	2.00348415772549	7.30563550436501E-08	1E10	0.311217558391937	7.22616543705445E-08	1E10	4.40496261753925E-02	1E-30	2.20429142575259E-11	0.461665716634354	1E-30	8.6635020361528E-12	0.106839189534321	1.07470418590832E-09	1.6367744261061E-11	0.109120318752414	1.30180062043355E-11	2.34562152126582E-11	2.48857503618125	1E10	1E-30	1E-10	1E10	1E-30	1E-10	1E10	1E-30	1E-10	1E10	1E-30	1E-10
599	1.54005595338253E-09	1E10	1E10	1E-30	1.84192738610535E-10	1E10	1E-30	1E10	0.182561015264926	1.7261996611598E-07	1E10	13718.139507541	1.97954349544091E-07	1E10	1340.58765290334	1.80919418761917E-07	1E10	137.18139507541	1.36284826752585E-07	1E10	14.4285063469655	9.92988529995292E-08	1E10	2.00348415772549	7.30563550436501E-08	1E10	0.311217558391937	7.22616543705445E-08	1E10	4.40496261753925E-02	1E-30	2.20429142575259E-11	0.461665716634354	1E-30	8.6635020361528E-12	0.106839189534321	1.07470418590832E-09	1.6367744261061E-11	0.109120318752414	1.30180062043355E-11	2.34562152126582E-11	2.48857503618125	1E10	1E-30	1E-10	1E10	1E-30	1E-10	1E10	1E-30	1E-10	1E10	1E-30	1E-10
600	1.82219799221431E-09	1E10	1E10	1E-30	1.73940366326358E-10	1E10	1E-30	1E10	0.154135103908082	1.96616518417432E-07	1E10	6366.25111951806	2.96125156733891E-07	1E10	482.929533627083	2.64976532405162E-07	1E10	87.8787286989323	2.23814449897842E-07	1E10	14.5842387591005	1.71015783369676E-07	1E10	2.78231365970162	1.34107671381141E-07	1E10	0.537834630047052	7.49160822897934E-08	1E10	0.115751686035361	1E-30	3.2508136243412E-11	0.251115461979231	3.04891190534889E-09	7.67115964251884E-12	5.30784338715865E-02	4.08991236028205E-12	6.07205636784308E-11	13.0978446169167	1E10	1E-30	1E-10	1E10	1E-30	1E-10	1E10	1E-30	1E-10	1E10	1E-30	1E-10	1E10	1E-30	1E-10
601	1.82219799221431E-09	1E10	1E10	1E-30	1.73940366326358E-10	1E10	1E-30	1E10	0.154135103908082	1.96616518417432E-07	1E10	6366.25111951806	2.96125156733891E-07	1E10	482.929533627083	2.64976532405162E-07	1E10	87.8787286989323	2.23814449897842E-07	1E10	14.5842387591005	1.71015783369676E-07	1E10	2.78231365970162	1.34107671381141E-07	1E10	0.537834630047052	7.49160822897934E-08	1E10	0.115751686035361	1E-30	3.2508136243412E-11	0.251115461979231	3.04891190534889E-09	7.67115964251884E-12	5.30784338715865E-02	4.08991236028205E-12	6.07205636784308E-11	13.0978446169167	1E10	1E-30	1E-10	1E10	1E-30	1E-10	1E10	1E-30	1E-10	1E10	1E-30	1E-10	1E10	1E-30	1E-10
602	1.82219799221431E-09	1E10	1E10	1E-30	1.73940366326358E-10	1E10	1E-30	1E10	0.154135103908082	1.96616518417432E-07	1E10	6366.25111951806	2.96125156733891E-07	1E10	482.929533627083	2.64976532405162E-07	1E10	87.8787286989323	2.23814449897842E-07	1E10	14.5842387591005	1.71015783369676E-07	1E10	2.78231365970162	1.34107671381141E-07	1E10	0.537834630047052	7.49160822897934E-08	1E10	0.115751686035361	1E-30	3.2508136243412E-11	0.251115461979231	3.04891190534889E-09	7.67115964251884E-12	5.30784338715865E-02	4.08991236028205E-12	6.07205636784308E-11	13.0978446169167	1E10	1E-30	1E-10	1E10	1E-30	1E-10	1E10	1E-30	1E-10	1E10	1E-30	1E-10	1E10	1E-30	1E-10
603	1.82219799221431E-09	1E10	1E10	1E-30	1.73940366326358E-10	1E10	1E-30	1E10	0.154135103908082	1.96616518417432E-07	1E10	6366.25111951806	2.96125156733891E-07	1E10	482.929533627083	2.64976532405162E-07	1E10	87.8787286989323	2.23814449897842E-07	1E10	14.5842387591005	1.71015783369676E-07	1E10	2.78231365970162	1.34107671381141E-07	1E10	0.537834630047052	7.49160822897934E-08	1E10	0.115751686035361	1E-30	3.2508136243412E-11	0.251115461979231	3.04891190534889E-09	7.67115964251884E-12	5.30784338715865E-02	4.08991236028205E-12	6.07205636784308E-11	13.0978446169167	1E10	1E-30	1E-10	1E10	1E-30	1E-10	1E10	1E-30	1E-10	1E10	1E-30	1E-10	1E10	1E-30	1E-10
604	1.82219799221431E-09	1E10	1E10	1E-30	1.73940366326358E-10	1E10	1E-30	1E10	0.154135103908082	1.96616518417432E-07	1E10	6366.25111951806	2.96125156733891E-07	1E10	482.929533627083	2.64976532405162E-07	1E10	87.8787286989323	2.23814449897842E-07	1E10	14.5842387591005	1.71015783369676E-07	1E10	2.78231365970162	1.34107671381141E-07	1E10	0.537834630047052	7.49160822897934E-08	1E10	0.115751686035361	1E-30	3.2508136243412E-11	0.251115461979231	3.04891190534889E-09	7.67115964251884E-12	5.30784338715865E-02	4.08991236028205E-12	6.07205636784308E-11	13.0978446169167	1E10	1E-30	1E-10	1E10	1E-30	1E-10	1E10	1E-30	1E-10	1E10	1E-30	1E-10	1E10	1E-30	1E-10
605	1.82219799221431E-09	1E10	1E10	1E-30	1.73940366326358E-10	1E10	1E-30	1E10	0.154135103908082	1.96616518417432E-07	1E10	6366.25111951806	2.96125156733891E-07	1E10	482.929533627083	2.64976532405162E-07	1E10	87.8787286989323	2.23814449897842E-07	1E10	14.5842387591005	1.71015783369676E-07	1E10	2.78231365970162	1.34107671381141E-07	1E10	0.537834630047052	7.49160822897934E-08	1E10	0.115751686035361	1E-30	3.2508136243412E-11	0.251115461979231	3.04891190534889E-09	7.67115964251884E-12	5.30784338715865E-02	4.08991236028205E-12	6.07205636784308E-11	13.0978446169167	1E10	1E-30	1E-10	1E10	1E-30	1E-10	1E10	1E-30	1E-10	1E10	1E-30	1E-10	1E10	1E-30	1E-10
606	1.82219799221431E-09	1E10	1E10	1E-30	1.73940366326358E-10	1E10	1E-30	1E10	0.154135103908082	1.96616518417432E-07	1E10	6366.25111951806	2.96125156733891E-07	1E10	482.929533627083	2.64976532405162E-07	1E10	87.8787286989323	2.23814449897842E-07	1E10	14.5842387591005	1.71015783369676E-07	1E10	2.78231365970162	1.34107671381141E-07	1E10	0.537834630047052	7.49160822897934E-08	1E10	0.115751686035361	1E-30	3.2508136243412E-11	0.251115461979231	3.04891190534889E-09	7.67115964251884E-12	5.30784338715865E-02	4.08991236028205E-12	6.07205636784308E-11	13.0978446169167	1E10	1E-30	1E-10	1E10	1E-30	1E-10	1E10	1E-30	1E-10	1E10	1E-30	1E-10	1E10	1E-30	1E-10
607	1.82219799221431E-09	1E10	1E10	1E-30	1.73940366326358E-10	1E10	1E-30	1E10	0.154135103908082	1.96616518417432E-07	1E10	6366.25111951806	2.96125156733891E-07	1E10	482.929533627083	2.64976532405162E-07	1E10	87.8787286989323	2.23814449897842E-07	1E10	14.5842387591005	1.71015783369676E-07	1E10	2.78231365970162	1.34107671381141E-07	1E10	0.537834630047052	7.49160822897934E-08	1E10	0.115751686035361	1E-30	3.2508136243412E-11	0.251115461979231	3.04891190534889E-09	7.67115964251884E-12	5.30784338715865E-02	4.08991236028205E-12	6.07205636784308E-11	13.0978446169167	1E10	1E-30	1E-10	1E10	1E-30	1E-10	1E10	1E-30	1E-10	1E10	1E-30	1E-10	1E10	1E-30	1E-10
608	1.82219799221431E-09	1E10	1E10	1E-30	1.73940366326358E-10	1E10	1E-30	1E10	0.154135103908082	1.96616518417432E-07	1E10	6366.25111951806	2.96125156733891E-07	1E10	482.929533627083	2.64976532405162E-07	1E10	87.8787286989323	2.23814449897842E-07	1E10	14.5842387591005	1.71015783369676E-07	1E10	2.78231365970162	1.34107671381141E-07	1E10	0.537834630047052	7.49160822897934E-08	1E10	0.115751686035361	1E-30	3.2508136243412E-11	0.251115461979231	3.04891190534889E-09	7.67115964251884E-12	5.30784338715865E-02	4.08991236028205E-12	6.07205636784308E-11	13.0978446169167	1E10	1E-30	1E-10	1E10	1E-30	1E-10	1E10	1E-30	1E-10	1E10	1E-30	1E-10	1E10	1E-30	1E-10
609	1.82219799221431E-09	1E10	1E10	1E-30	1.73940366326358E-10	1E10	1E-30	1E10	0.154135103908082	1.96616518417432E-07	1E10	6366.25111951806	2.96125156733891E-07	1E10	482.929533627083	2.64976532405162E-07	1E10	87.8787286989323	2.23814449897842E-07	1E10	14.5842387591005	1.71015783369676E-07	1E10	2.78231365970162	1.34107671381141E-07	1E10	0.537834630047052	7.49160822897934E-08	1E10	0.115751686035361	1E-30	3.2508136243412E-11	0.251115461979231	3.04891190534889E-09	7.67115964251884E-12	5.30784338715865E-02	4.08991236028205E-12	6.07205636784308E-11	13.0978446169167	1E10	1E-30	1E-10	1E10	1E-30	1E-10	1E10	1E-30	1E-10	1E10	1E-30	1E-10	1E10	1E-30	1E-10
610	1.82219799221431E-09	1E10	1E10	1E-30	1.73940366326358E-10	1E10	1E-30	1E10	0.154135103908082	1.96616518417432E-07	1E10	6366.25111951806	2.96125156733891E-07	1E10	482.929533627083	2.64976532405162E-07	1E10	87.8787286989323	2.23814449897842E-07	1E10	14.5842387591005	1.71015783369676E-07	1E10	2.78231365970162	1.34107671381141E-07	1E10	0.537834630047052	7.49160822897934E-08	1E10	0.115751686035361	1E-30	3.2508136243412E-11	0.251115461979231	3.04891190534889E-09	7.67115964251884E-12	5.30784338715865E-02	4.08991236028205E-12	6.07205636784308E-11	13.0978446169167	1E10	1E-30	1E-10	1E10	1E-30	1E-10	1E10	1E-30	1E-10	1E10	1E-30	1E-10	1E10	1E-30	1E-10
611	1.82219799221431E-09	1E10	1E10	1E-30	1.73940366326358E-10	1E10	1E-30	1E10	0.154135103908082	1.96616518417432E-07	1E10	6366.25111951806	2.96125156733891E-07	1E10	482.929533627083	2.64976532405162E-07	1E10	87.8787286989323	2.23814449897842E-07	1E10	14.5842387591005	1.71015783369676E-07	1E10	2.78231365970162	1.34107671381141E-07	1E10	0.537834630047052	7.49160822897934E-08	1E10	0.115751686035361	1E-30	3.2508136243412E-11	0.251115461979231	3.04891190534889E-09	7.67115964251884E-12	5.30784338715865E-02	4.08991236028205E-12	6.07205636784308E-11	13.0978446169167	1E10	1E-30	1E-10	1E10	1E-30	1E-10	1E10	1E-30	1E-10	1E10	1E-30	1E-10	1E10	1E-30	1E-10
612	1.82219799221431E-09	1E10	2E9	1E-30	1.73940366326358E-10	1E10	1E-30	1E10	0.154135103908082	1.96616518417432E-07	1E10	6366.25111951806	2.96125156733891E-07	1E10	482.929533627083	2.64976532405162E-07	1E10	87.8787286989323	2.23814449897842E-07	1E10	14.5842387591005	1.71015783369676E-07	1E10	2.78231365970162	1.34107671381141E-07	1E10	0.537834630047052	7.49160822897934E-08	1E10	0.115751686035361	1E-30	3.2508136243412E-11	0.251115461979231	3.04891190534889E-09	7.67115964251884E-12	5.30784338715865E-02	4.08991236028205E-12	6.07205636784308E-11	13.0978446169167	1E10	1E-30	1E-10	1E10	1E-30	1E-10	1E10	1E-30	1E-10	1E10	1E-30	1E-10	1E10	1E-30	1E-10
613	1.82219799221431E-09	1E10	2E9	1E-30	1.73940366326358E-10	1E10	1E-30	1E10	0.154135103908082	1.96616518417432E-07	1E10	6366.25111951806	2.96125156733891E-07	1E10	482.929533627083	2.64976532405162E-07	1E10	87.8787286989323	2.23814449897842E-07	1E10	14.5842387591005	1.71015783369676E-07	1E10	2.78231365970162	1.34107671381141E-07	1E10	0.537834630047052	7.49160822897934E-08	1E10	0.115751686035361	1E-30	3.2508136243412E-11	0.251115461979231	3.04891190534889E-09	7.67115964251884E-12	5.30784338715865E-02	4.08991236028205E-12	6.07205636784308E-11	13.0978446169167	1E10	1E-30	1E-10	1E10	1E-30	1E-10	1E10	1E-30	1E-10	1E10	1E-30	1E-10	1E10	1E-30	1E-10
614	2.11099999999999E-09	1E10	1E10	1E-30	2.00926883761954E-10	1E10	1E-30	1E10	0.159999999999999	2.22058001727027E-07	1E10	9902.00411775275	2.76405817107963E-07	1E10	1061.01885727143	2.32085123398673E-07	1E10	121.821264345268	1.92624839478233E-07	1E10	11.9937941691952	1.53068657590393E-07	1E10	1.73293633498971	9.20685903925363E-08	1E10	0.314301134154112	1.13954996659513E-07	1E10	2.79329468224082E-02	1E-30	3.77207757782696E-11	0.790022080484797	1.29281950331199E-09	1.77035408666572E-11	0.102216286794283	1.35135586577348E-11	2.59437458201785E-11	3.54589183268557	1E10	1E-30	1E-10	1E10	1E-30	1E-10	1E10	1E-30	1E-10	1E10	1E-30	1E-10	1E10	1E-30	1E-10
615	2.11099999999999E-09	1E10	1E10	1E-30	2.00926883761954E-10	1E10	1E-30	1E10	0.159999999999999	2.22058001727027E-07	1E10	9902.00411775275	2.76405817107963E-07	1E10	1061.01885727143	2.32085123398673E-07	1E10	121.821264345268	1.92624839478233E-07	1E10	11.9937941691952	1.53068657590393E-07	1E10	1.73293633498971	9.20685903925363E-08	1E10	0.314301134154112	1.13954996659513E-07	1E10	2.79329468224082E-02	1E-30	3.77207757782696E-11	0.790022080484797	1.29281950331199E-09	1.77035408666572E-11	0.102216286794283	1.35135586577348E-11	2.59437458201785E-11	3.54589183268557	1E10	1E-30	1E-10	1E10	1E-30	1E-10	1E10	1E-30	1E-10	1E10	1E-30	1E-10	1E10	1E-30	1E-10
616	2.21958540776012E-09	1E10	1E10	1E-30	2.04757861662403E-10	1E10	1E-30	1E10	0.140385652549261	2.29504917516262E-07	1E10	11966.9142876256	3.95241007337203E-07	1E10	1312.14605914958	2.66289996203319E-07	1E10	222.834371605348	2.32138637104798E-07	1E10	21.8248589976294	1.88874565670776E-07	1E10	2.62135233518798	1.0742151740862E-07	1E10	0.493864255291565	9.31607019894293E-08	1E10	0.056946380356084	1E-30	4.64685162043333E-11	0.389293731015338	6.51543403715454E-12	3.74277805892806E-11	7.60756875167628	1E10	1E-30	1E-10	1E10	1E-30	1E-10	1E10	1E-30	1E-10	1E10	1E-30	1E-10	1E10	1E-30	1E-10	1E10	1E-30	1E-10
617	2.21958540776012E-09	1E10	1E10	1E-30	2.04757861662403E-10	1E10	1E-30	1E10	0.140385652549261	2.29504917516262E-07	1E10	11966.9142876256	3.95241007337203E-07	1E10	1312.14605914958	2.66289996203319E-07	1E10	222.834371605348	2.32138637104798E-07	1E10	21.8248589976294	1.88874565670776E-07	1E10	2.62135233518798	1.0742151740862E-07	1E10	0.493864255291565	9.31607019894293E-08	1E10	0.056946380356084	1E-30	4.64685162043333E-11	0.389293731015338	6.51543403715454E-12	3.74277805892806E-11	7.60756875167628	1E10	1E-30	1E-10	1E10	1E-30	1E-10	1E10	1E-30	1E-10	1E10	1E-30	1E-10	1E10	1E-30	1E-10	1E10	1E-30	1E-10
618	2.11099999999999E-09	1E10	1E10	1E-30	2.00926883761954E-10	1E10	1E-30	1E10	0.159999999999999	2.22058001727027E-07	1E10	9902.00411775275	2.76405817107963E-07	1E10	1061.01885727143	2.32085123398673E-07	1E10	121.821264345268	1.92624839478233E-07	1E10	11.9937941691952	1.53068657590393E-07	1E10	1.73293633498971	9.20685903925363E-08	1E10	0.314301134154112	1.13954996659513E-07	1E10	2.79329468224082E-02	1E-30	3.77207757782696E-11	0.790022080484797	1.29281950331199E-09	1.77035408666572E-11	0.102216286794283	1.35135586577348E-11	2.59437458201785E-11	3.54589183268557	1E10	1E-30	1E-10	1E10	1E-30	1E-10	1E10	1E-30	1E-10	1E10	1E-30	1E-10	1E10	1E-30	1E-10
619	2.11099999999999E-09	1E10	1E10	1E-30	2.00926883761954E-10	1E10	1E-30	1E10	0.159999999999999	2.22058001727027E-07	1E10	9902.00411775275	2.76405817107963E-07	1E10	1061.01885727143	2.32085123398673E-07	1E10	121.821264345268	1.92624839478233E-07	1E10	11.9937941691952	1.53068657590393E-07	1E10	1.73293633498971	9.20685903925363E-08	1E10	0.314301134154112	1.13954996659513E-07	1E10	2.79329468224082E-02	1E-30	3.77207757782696E-11	0.790022080484797	1.29281950331199E-09	1.77035408666572E-11	0.102216286794283	1.35135586577348E-11	2.59437458201785E-11	3.54589183268557	1E10	1E-30	1E-10	1E10	1E-30	1E-10	1E10	1E-30	1E-10	1E10	1E-30	1E-10	1E10	1E-30	1E-10
620	2.11099999999999E-09	1E10	1E10	1E-30	2.00926883761954E-10	1E10	1E-30	1E10	0.159999999999999	2.22058001727027E-07	1E10	9902.00411775275	2.76405817107963E-07	1E10	1061.01885727143	2.32085123398673E-07	1E10	121.821264345268	1.92624839478233E-07	1E10	11.9937941691952	1.53068657590393E-07	1E10	1.73293633498971	9.20685903925363E-08	1E10	0.314301134154112	1.13954996659513E-07	1E10	2.79329468224082E-02	1E-30	3.77207757782696E-11	0.790022080484797	1.29281950331199E-09	1.77035408666572E-11	0.102216286794283	1.35135586577348E-11	2.59437458201785E-11	3.54589183268557	1E10	1E-30	1E-10	1E10	1E-30	1E-10	1E10	1E-30	1E-10	1E10	1E-30	1E-10	1E10	1E-30	1E-10
621	2.11099999999999E-09	1E10	1E10	1E-30	2.00926883761954E-10	1E10	1E-30	1E10	0.159999999999999	2.22058001727027E-07	1E10	9902.00411775275	2.76405817107963E-07	1E10	1061.01885727143	2.32085123398673E-07	1E10	121.821264345268	1.92624839478233E-07	1E10	11.9937941691952	1.53068657590393E-07	1E10	1.73293633498971	9.20685903925363E-08	1E10	0.314301134154112	1.13954996659513E-07	1E10	2.79329468224082E-02	1E-30	3.77207757782696E-11	0.790022080484797	1.29281950331199E-09	1.77035408666572E-11	0.102216286794283	1.35135586577348E-11	2.59437458201785E-11	3.54589183268557	1E10	1E-30	1E-10	1E10	1E-30	1E-10	1E10	1E-30	1E-10	1E10	1E-30	1E-10	1E10	1E-30	1E-10
622	2.21958540776012E-09	1E10	1E10	1E-30	2.04757861662403E-10	1E10	1E-30	1E10	0.140385652549261	2.29504917516262E-07	1E10	11966.9142876256	3.95241007337203E-07	1E10	1312.14605914958	2.66289996203319E-07	1E10	222.834371605348	2.32138637104798E-07	1E10	21.8248589976294	1.88874565670776E-07	1E10	2.62135233518798	1.0742151740862E-07	1E10	0.493864255291565	9.31607019894293E-08	1E10	0.056946380356084	1E-30	4.64685162043333E-11	0.389293731015338	6.51543403715454E-12	3.74277805892806E-11	7.60756875167628	1E10	1E-30	1E-10	1E10	1E-30	1E-10	1E10	1E-30	1E-10	1E10	1E-30	1E-10	1E10	1E-30	1E-10	1E10	1E-30	1E-10
623	2.21958540776012E-09	1E10	1E10	1E-30	2.04757861662403E-10	1E10	1E-30	1E10	0.140385652549261	2.29504917516262E-07	1E10	11966.9142876256	3.95241007337203E-07	1E10	1312.14605914958	2.66289996203319E-07	1E10	222.834371605348	2.32138637104798E-07	1E10	21.8248589976294	1.88874565670776E-07	1E10	2.62135233518798	1.0742151740862E-07	1E10	0.493864255291565	9.31607019894293E-08	1E10	0.056946380356084	1E-30	4.64685162043333E-11	0.389293731015338	6.51543403715454E-12	3.74277805892806E-11	7.60756875167628	1E10	1E-30	1E-10	1E10	1E-30	1E-10	1E10	1E-30	1E-10	1E10	1E-30	1E-10	1E10	1E-30	1E-10	1E10	1E-30	1E-10
624	2.21958540776012E-09	1E10	1E10	1E-30	2.04757861662403E-10	1E10	1E-30	1E10	0.140385652549261	2.29504917516262E-07	1E10	11966.9142876256	3.95241007337203E-07	1E10	1312.14605914958	2.66289996203319E-07	1E10	222.834371605348	2.32138637104798E-07	1E10	21.8248589976294	1.88874565670776E-07	1E10	2.62135233518798	1.0742151740862E-07	1E10	0.493864255291565	9.31607019894293E-08	1E10	0.056946380356084	1E-30	4.64685162043333E-11	0.389293731015338	6.51543403715454E-12	3.74277805892806E-11	7.60756875167628	1E10	1E-30	1E-10	1E10	1E-30	1E-10	1E10	1E-30	1E-10	1E10	1E-30	1E-10	1E10	1E-30	1E-10	1E10	1E-30	1E-10
625	2.21958540776012E-09	1E10	1E10	1E-30	2.04757861662403E-10	1E10	1E-30	1E10	0.140385652549261	2.29504917516262E-07	1E10	11966.9142876256	3.95241007337203E-07	1E10	1312.14605914958	2.66289996203319E-07	1E10	222.834371605348	2.32138637104798E-07	1E10	21.8248589976294	1.88874565670776E-07	1E10	2.62135233518798	1.0742151740862E-07	1E10	0.493864255291565	9.31607019894293E-08	1E10	0.056946380356084	1E-30	4.64685162043333E-11	0.389293731015338	6.51543403715454E-12	3.74277805892806E-11	7.60756875167628	1E10	1E-30	1E-10	1E10	1E-30	1E-10	1E10	1E-30	1E-10	1E10	1E-30	1E-10	1E10	1E-30	1E-10	1E10	1E-30	1E-10
626	2.29658805551075E-09	1E10	2E9	1E-30	1.68438026134049E-10	1E10	1E-30	1E10	0.134241227630551	2.74123815308792E-07	1E10	16062.4227443401	3.6788094421477E-07	1E10	2217.23156076866	1.29884784766514E-06	1E10	156.967973644963	3.32207385901961E-07	1E10	153.394946343869	2.78726769582561E-07	1E10	18.8717012087303	1.84932547934237E-07	1E10	2.59895204096215	1.40730337911216E-07	1E10	0.393958378039458	1.15655567039682E-07	1E10	5.59609936987623E-02	9.49329223749976E-09	6.43269687038658E-12	1.73040692928218E-02	8.724755261748E-10	2.4243939035098E-11	0.130849128440379	2.24780055247894E-12	7.64123027686083E-11	8.31370789764317	1E10	1E-30	1E-10	1E10	1E-30	1E-10	1E10	1E-30	1E-10	1E10	1E-30	1E-10
627	2.29658805551075E-09	1E10	2E9	1E-30	1.68438026134049E-10	1E10	1E-30	1E10	0.134241227630551	2.74123815308792E-07	1E10	16062.4227443401	3.6788094421477E-07	1E10	2217.23156076866	1.29884784766514E-06	1E10	156.967973644963	3.32207385901961E-07	1E10	153.394946343869	2.78726769582561E-07	1E10	18.8717012087303	1.84932547934237E-07	1E10	2.59895204096215	1.40730337911216E-07	1E10	0.393958378039458	1.15655567039682E-07	1E10	5.59609936987623E-02	9.49329223749976E-09	6.43269687038658E-12	1.73040692928218E-02	8.724755261748E-10	2.4243939035098E-11	0.130849128440379	2.24780055247894E-12	7.64123027686083E-11	8.31370789764317	1E10	1E-30	1E-10	1E10	1E-30	1E-10	1E10	1E-30	1E-10	1E10	1E-30	1E-10
628	2.69855805051256E-09	1E10	1E10	1E-30	2.02428787170193E-10	1E10	1E-30	1E10	0.12512713093995	3.76708288386103E-07	1E10	3288.45730504868	5.15652582628804E-07	1E10	668.182151773226	4.9826086573799E-07	1E10	136.522598866919	4.77068131768439E-07	1E10	40.7392812081748	3.50907371497504E-07	1E10	10.6676338977057	2.58768168717561E-07	1E10	2.58985101241838	1.90677152754048E-07	1E10	0.615782242369777	1.1051821778494E-07	1E10	0.128910432804978	1E-30	2.1302268490209E-11	1.34426552395016	1E-30	2.02795672669169E-11	0.187111798481422	1E-30	6.59518250448925E-12	4.03077829506393E-02	6.32365753824386E-09	7.63172194177284E-12	5.61559001249475E-02	1.36443405515217E-08	1.59048567237234E-12	2.32397627838325E-02	1E10	1E-30	1E-10	1E10	1E-30	1E-10
629	2.69855805051256E-09	1E10	1E10	1E-30	2.02428787170193E-10	1E10	1E-30	1E10	0.12512713093995	3.76708288386103E-07	1E10	3288.45730504868	5.15652582628804E-07	1E10	668.182151773226	4.9826086573799E-07	1E10	136.522598866919	4.77068131768439E-07	1E10	40.7392812081748	3.50907371497504E-07	1E10	10.6676338977057	2.58768168717561E-07	1E10	2.58985101241838	1.90677152754048E-07	1E10	0.615782242369777	1.1051821778494E-07	1E10	0.128910432804978	1E-30	2.1302268490209E-11	1.34426552395016	1E-30	2.02795672669169E-11	0.187111798481422	1E-30	6.59518250448925E-12	4.03077829506393E-02	6.32365753824386E-09	7.63172194177284E-12	5.61559001249475E-02	1.36443405515217E-08	1.59048567237234E-12	2.32397627838325E-02	1E10	1E-30	1E-10	1E10	1E-30	1E-10
630	2.69855805051256E-09	1E10	1E10	1E-30	2.02428787170193E-10	1E10	1E-30	1E10	0.12512713093995	3.76708288386103E-07	1E10	3288.45730504868	5.15652582628804E-07	1E10	668.182151773226	4.9826086573799E-07	1E10	136.522598866919	4.77068131768439E-07	1E10	40.7392812081748	3.50907371497504E-07	1E10	10.6676338977057	2.58768168717561E-07	1E10	2.58985101241838	1.90677152754048E-07	1E10	0.615782242369777	1.1051821778494E-07	1E10	0.128910432804978	1E-30	2.1302268490209E-11	1.34426552395016	1E-30	2.02795672669169E-11	0.187111798481422	1E-30	6.59518250448925E-12	4.03077829506393E-02	6.32365753824386E-09	7.63172194177284E-12	5.61559001249475E-02	1.36443405515217E-08	1.59048567237234E-12	2.32397627838325E-02	1E10	1E-30	1E-10	1E10	1E-30	1E-10
631	2.69855805051256E-09	1E10	1E10	1E-30	2.02428787170193E-10	1E10	1E-30	1E10	0.12512713093995	3.76708288386103E-07	1E10	3288.45730504868	5.15652582628804E-07	1E10	668.182151773226	4.9826086573799E-07	1E10	136.522598866919	4.77068131768439E-07	1E10	40.7392812081748	3.50907371497504E-07	1E10	10.6676338977057	2.58768168717561E-07	1E10	2.58985101241838	1.90677152754048E-07	1E10	0.615782242369777	1.1051821778494E-07	1E10	0.128910432804978	1E-30	2.1302268490209E-11	1.34426552395016	1E-30	2.02795672669169E-11	0.187111798481422	1E-30	6.59518250448925E-12	4.03077829506393E-02	6.32365753824386E-09	7.63172194177284E-12	5.61559001249475E-02	1.36443405515217E-08	1.59048567237234E-12	2.32397627838325E-02	1E10	1E-30	1E-10	1E10	1E-30	1E-10
632	2.69855805051256E-09	1E10	1E10	1E-30	2.02428787170193E-10	1E10	1E-30	1E10	0.12512713093995	3.76708288386103E-07	1E10	3288.45730504868	5.15652582628804E-07	1E10	668.182151773226	4.9826086573799E-07	1E10	136.522598866919	4.77068131768439E-07	1E10	40.7392812081748	3.50907371497504E-07	1E10	10.6676338977057	2.58768168717561E-07	1E10	2.58985101241838	1.90677152754048E-07	1E10	0.615782242369777	1.1051821778494E-07	1E10	0.128910432804978	1E-30	2.1302268490209E-11	1.34426552395016	1E-30	2.02795672669169E-11	0.187111798481422	1E-30	6.59518250448925E-12	4.03077829506393E-02	6.32365753824386E-09	7.63172194177284E-12	5.61559001249475E-02	1.36443405515217E-08	1.59048567237234E-12	2.32397627838325E-02	1E10	1E-30	1E-10	1E10	1E-30	1E-10
633	2.69855805051256E-09	1E10	1E10	1E-30	2.02428787170193E-10	1E10	1E-30	1E10	0.12512713093995	3.76708288386103E-07	1E10	3288.45730504868	5.15652582628804E-07	1E10	668.182151773226	4.9826086573799E-07	1E10	136.522598866919	4.77068131768439E-07	1E10	40.7392812081748	3.50907371497504E-07	1E10	10.6676338977057	2.58768168717561E-07	1E10	2.58985101241838	1.90677152754048E-07	1E10	0.615782242369777	1.1051821778494E-07	1E10	0.128910432804978	1E-30	2.1302268490209E-11	1.34426552395016	1E-30	2.02795672669169E-11	0.187111798481422	1E-30	6.59518250448925E-12	4.03077829506393E-02	6.32365753824386E-09	7.63172194177284E-12	5.61559001249475E-02	1.36443405515217E-08	1.59048567237234E-12	2.32397627838325E-02	1E10	1E-30	1E-10	1E10	1E-30	1E-10
634	2.69855805051256E-09	1E10	1E10	1E-30	2.02428787170193E-10	1E10	1E-30	1E10	0.12512713093995	3.76708288386103E-07	1E10	3288.45730504868	5.15652582628804E-07	1E10	668.182151773226	4.9826086573799E-07	1E10	136.522598866919	4.77068131768439E-07	1E10	40.7392812081748	3.50907371497504E-07	1E10	10.6676338977057	2.58768168717561E-07	1E10	2.58985101241838	1.90677152754048E-07	1E10	0.615782242369777	1.1051821778494E-07	1E10	0.128910432804978	1E-30	2.1302268490209E-11	1.34426552395016	1E-30	2.02795672669169E-11	0.187111798481422	1E-30	6.59518250448925E-12	4.03077829506393E-02	6.32365753824386E-09	7.63172194177284E-12	5.61559001249475E-02	1.36443405515217E-08	1.59048567237234E-12	2.32397627838325E-02	1E10	1E-30	1E-10	1E10	1E-30	1E-10
635	2.69855805051256E-09	1E10	1E10	1E-30	2.02428787170193E-10	1E10	1E-30	1E10	0.12512713093995	3.76708288386103E-07	1E10	3288.45730504868	5.15652582628804E-07	1E10	668.182151773226	4.9826086573799E-07	1E10	136.522598866919	4.77068131768439E-07	1E10	40.7392812081748	3.50907371497504E-07	1E10	10.6676338977057	2.58768168717561E-07	1E10	2.58985101241838	1.90677152754048E-07	1E10	0.615782242369777	1.1051821778494E-07	1E10	0.128910432804978	1E-30	2.1302268490209E-11	1.34426552395016	1E-30	2.02795672669169E-11	0.187111798481422	1E-30	6.59518250448925E-12	4.03077829506393E-02	6.32365753824386E-09	7.63172194177284E-12	5.61559001249475E-02	1.36443405515217E-08	1.59048567237234E-12	2.32397627838325E-02	1E10	1E-30	1E-10	1E10	1E-30	1E-10
636	2.69855805051256E-09	1E10	1E10	1E-30	2.02428787170193E-10	1E10	1E-30	1E10	0.12512713093995	3.76708288386103E-07	1E10	3288.45730504868	5.15652582628804E-07	1E10	668.182151773226	4.9826086573799E-07	1E10	136.522598866919	4.77068131768439E-07	1E10	40.7392812081748	3.50907371497504E-07	1E10	10.6676338977057	2.58768168717561E-07	1E10	2.58985101241838	1.90677152754048E-07	1E10	0.615782242369777	1.1051821778494E-07	1E10	0.128910432804978	1E-30	2.1302268490209E-11	1.34426552395016	1E-30	2.02795672669169E-11	0.187111798481422	1E-30	6.59518250448925E-12	4.03077829506393E-02	6.32365753824386E-09	7.63172194177284E-12	5.61559001249475E-02	1.36443405515217E-08	1.59048567237234E-12	2.32397627838325E-02	1E10	1E-30	1E-10	1E10	1E-30	1E-10
637	2.69855805051256E-09	1E10	1E10	1E-30	2.02428787170193E-10	1E10	1E-30	1E10	0.12512713093995	3.76708288386103E-07	1E10	3288.45730504868	5.15652582628804E-07	1E10	668.182151773226	4.9826086573799E-07	1E10	136.522598866919	4.77068131768439E-07	1E10	40.7392812081748	3.50907371497504E-07	1E10	10.6676338977057	2.58768168717561E-07	1E10	2.58985101241838	1.90677152754048E-07	1E10	0.615782242369777	1.1051821778494E-07	1E10	0.128910432804978	1E-30	2.1302268490209E-11	1.34426552395016	1E-30	2.02795672669169E-11	0.187111798481422	1E-30	6.59518250448925E-12	4.03077829506393E-02	6.32365753824386E-09	7.63172194177284E-12	5.61559001249475E-02	1.36443405515217E-08	1.59048567237234E-12	2.32397627838325E-02	1E10	1E-30	1E-10	1E10	1E-30	1E-10
638	2.69855805051256E-09	1E10	1E10	1E-30	2.02428787170193E-10	1E10	1E-30	1E10	0.12512713093995	3.76708288386103E-07	1E10	3288.45730504868	5.15652582628804E-07	1E10	668.182151773226	4.9826086573799E-07	1E10	136.522598866919	4.77068131768439E-07	1E10	40.7392812081748	3.50907371497504E-07	1E10	10.6676338977057	2.58768168717561E-07	1E10	2.58985101241838	1.90677152754048E-07	1E10	0.615782242369777	1.1051821778494E-07	1E10	0.128910432804978	1E-30	2.1302268490209E-11	1.34426552395016	1E-30	2.02795672669169E-11	0.187111798481422	1E-30	6.59518250448925E-12	4.03077829506393E-02	6.32365753824386E-09	7.63172194177284E-12	5.61559001249475E-02	1.36443405515217E-08	1.59048567237234E-12	2.32397627838325E-02	1E10	1E-30	1E-10	1E10	1E-30	1E-10
639	2.69855805051256E-09	1E10	1E10	1E-30	2.02428787170193E-10	1E10	1E-30	1E10	0.12512713093995	3.76708288386103E-07	1E10	3288.45730504868	5.15652582628804E-07	1E10	668.182151773226	4.9826086573799E-07	1E10	136.522598866919	4.77068131768439E-07	1E10	40.7392812081748	3.50907371497504E-07	1E10	10.6676338977057	2.58768168717561E-07	1E10	2.58985101241838	1.90677152754048E-07	1E10	0.615782242369777	1.1051821778494E-07	1E10	0.128910432804978	1E-30	2.1302268490209E-11	1.34426552395016	1E-30	2.02795672669169E-11	0.187111798481422	1E-30	6.59518250448925E-12	4.03077829506393E-02	6.32365753824386E-09	7.63172194177284E-12	5.61559001249475E-02	1.36443405515217E-08	1.59048567237234E-12	2.32397627838325E-02	1E10	1E-30	1E-10	1E10	1E-30	1E-10
640	2.69855805051256E-09	1E10	2E9	1E-30	2.02428787170193E-10	1E10	1E-30	1E10	0.12512713093995	3.76708288386103E-07	1E10	3288.45730504868	5.15652582628804E-07	1E10	668.182151773226	4.9826086573799E-07	1E10	136.522598866919	4.77068131768439E-07	1E10	40.7392812081748	3.50907371497504E-07	1E10	10.6676338977057	2.58768168717561E-07	1E10	2.58985101241838	1.90677152754048E-07	1E10	0.615782242369777	1.1051821778494E-07	1E10	0.128910432804978	1E-30	2.1302268490209E-11	1.34426552395016	1E-30	2.02795672669169E-11	0.187111798481422	1E-30	6.59518250448925E-12	4.03077829506393E-02	6.32365753824386E-09	7.63172194177284E-12	5.61559001249475E-02	1.36443405515217E-08	1.59048567237234E-12	2.32397627838325E-02	1E10	1E-30	1E-10	1E10	1E-30	1E-10
641	2.69855805051256E-09	1E10	2E9	1E-30	2.02428787170193E-10	1E10	1E-30	1E10	0.12512713093995	3.76708288386103E-07	1E10	3288.45730504868	5.15652582628804E-07	1E10	668.182151773226	4.9826086573799E-07	1E10	136.522598866919	4.77068131768439E-07	1E10	40.7392812081748	3.50907371497504E-07	1E10	10.6676338977057	2.58768168717561E-07	1E10	2.58985101241838	1.90677152754048E-07	1E10	0.615782242369777	1.1051821778494E-07	1E10	0.128910432804978	1E-30	2.1302268490209E-11	1.34426552395016	1E-30	2.02795672669169E-11	0.187111798481422	1E-30	6.59518250448925E-12	4.03077829506393E-02	6.32365753824386E-09	7.63172194177284E-12	5.61559001249475E-02	1.36443405515217E-08	1.59048567237234E-12	2.32397627838325E-02	1E10	1E-30	1E-10	1E10	1E-30	1E-10
642	3.32567178770668E-09	1E10	1E10	1E-30	1.82158281890393E-10	1E10	1E-30	1E10	0.101229214118272	3.77619349682039E-07	1E10	5822.84580843755	4.52423482815347E-07	1E10	495.604555814847	4.17694142318896E-07	1E10	53.1049849319317	3.01874587410564E-07	1E10	5.94076436382095	2.23209450690263E-07	1E10	0.891286987399708	1.77333698799744E-07	1E10	0.128212632994108	2.50169743784049E-07	1E10	1.27237563331623E-02	1E-30	3.7788451699696E-11	0.300896898759863	3.87845672350426E-09	1.51337402570789E-11	0.063163150150665	1.44717727037976E-11	2.15239735880941E-11	2.66607930395483	1E10	1E-30	1E-10	1E10	1E-30	1E-10	1E10	1E-30	1E-10	1E10	1E-30	1E-10	1E10	1E-30	1E-10
643	3.32567178770668E-09	1E10	1E10	1E-30	1.82158281890393E-10	1E10	1E-30	1E10	0.101229214118272	3.77619349682039E-07	1E10	5822.84580843755	4.52423482815347E-07	1E10	495.604555814847	4.17694142318896E-07	1E10	53.1049849319317	3.01874587410564E-07	1E10	5.94076436382095	2.23209450690263E-07	1E10	0.891286987399708	1.77333698799744E-07	1E10	0.128212632994108	2.50169743784049E-07	1E10	1.27237563331623E-02	1E-30	3.7788451699696E-11	0.300896898759863	3.87845672350426E-09	1.51337402570789E-11	0.063163150150665	1.44717727037976E-11	2.15239735880941E-11	2.66607930395483	1E10	1E-30	1E-10	1E10	1E-30	1E-10	1E10	1E-30	1E-10	1E10	1E-30	1E-10	1E10	1E-30	1E-10
644	3.32567178770668E-09	1E10	1E10	1E-30	1.82158281890393E-10	1E10	1E-30	1E10	0.101229214118272	3.77619349682039E-07	1E10	5822.84580843755	4.52423482815347E-07	1E10	495.604555814847	4.17694142318896E-07	1E10	53.1049849319317	3.01874587410564E-07	1E10	5.94076436382095	2.23209450690263E-07	1E10	0.891286987399708	1.77333698799744E-07	1E10	0.128212632994108	2.50169743784049E-07	1E10	1.27237563331623E-02	1E-30	3.7788451699696E-11	0.300896898759863	3.87845672350426E-09	1.51337402570789E-11	0.063163150150665	1.44717727037976E-11	2.15239735880941E-11	2.66607930395483	1E10	1E-30	1E-10	1E10	1E-30	1E-10	1E10	1E-30	1E-10	1E10	1E-30	1E-10	1E10	1E-30	1E-10
645	3.32567178770668E-09	1E10	1E10	1E-30	1.82158281890393E-10	1E10	1E-30	1E10	0.101229214118272	3.77619349682039E-07	1E10	5822.84580843755	4.52423482815347E-07	1E10	495.604555814847	4.17694142318896E-07	1E10	53.1049849319317	3.01874587410564E-07	1E10	5.94076436382095	2.23209450690263E-07	1E10	0.891286987399708	1.77333698799744E-07	1E10	0.128212632994108	2.50169743784049E-07	1E10	1.27237563331623E-02	1E-30	3.7788451699696E-11	0.300896898759863	3.87845672350426E-09	1.51337402570789E-11	0.063163150150665	1.44717727037976E-11	2.15239735880941E-11	2.66607930395483	1E10	1E-30	1E-10	1E10	1E-30	1E-10	1E10	1E-30	1E-10	1E10	1E-30	1E-10	1E10	1E-30	1E-10
646	3.32567178770668E-09	1E10	1E10	1E-30	1.82158281890393E-10	1E10	1E-30	1E10	0.101229214118272	3.77619349682039E-07	1E10	5822.84580843755	4.52423482815347E-07	1E10	495.604555814847	4.17694142318896E-07	1E10	53.1049849319317	3.01874587410564E-07	1E10	5.94076436382095	2.23209450690263E-07	1E10	0.891286987399708	1.77333698799744E-07	1E10	0.128212632994108	2.50169743784049E-07	1E10	1.27237563331623E-02	1E-30	3.7788451699696E-11	0.300896898759863	3.87845672350426E-09	1.51337402570789E-11	0.063163150150665	1.44717727037976E-11	2.15239735880941E-11	2.66607930395483	1E10	1E-30	1E-10	1E10	1E-30	1E-10	1E10	1E-30	1E-10	1E10	1E-30	1E-10	1E10	1E-30	1E-10
647	3.32567178770668E-09	1E10	1E10	1E-30	1.82158281890393E-10	1E10	1E-30	1E10	0.101229214118272	3.77619349682039E-07	1E10	5822.84580843755	4.52423482815347E-07	1E10	495.604555814847	4.17694142318896E-07	1E10	53.1049849319317	3.01874587410564E-07	1E10	5.94076436382095	2.23209450690263E-07	1E10	0.891286987399708	1.77333698799744E-07	1E10	0.128212632994108	2.50169743784049E-07	1E10	1.27237563331623E-02	1E-30	3.7788451699696E-11	0.300896898759863	3.87845672350426E-09	1.51337402570789E-11	0.063163150150665	1.44717727037976E-11	2.15239735880941E-11	2.66607930395483	1E10	1E-30	1E-10	1E10	1E-30	1E-10	1E10	1E-30	1E-10	1E10	1E-30	1E-10	1E10	1E-30	1E-10
648	3.32567178770668E-09	1E10	1E10	1E-30	1.82158281890393E-10	1E10	1E-30	1E10	0.101229214118272	3.77619349682039E-07	1E10	5822.84580843755	4.52423482815347E-07	1E10	495.604555814847	4.17694142318896E-07	1E10	53.1049849319317	3.01874587410564E-07	1E10	5.94076436382095	2.23209450690263E-07	1E10	0.891286987399708	1.77333698799744E-07	1E10	0.128212632994108	2.50169743784049E-07	1E10	1.27237563331623E-02	1E-30	3.7788451699696E-11	0.300896898759863	3.87845672350426E-09	1.51337402570789E-11	0.063163150150665	1.44717727037976E-11	2.15239735880941E-11	2.66607930395483	1E10	1E-30	1E-10	1E10	1E-30	1E-10	1E10	1E-30	1E-10	1E10	1E-30	1E-10	1E10	1E-30	1E-10
649	3.32567178770668E-09	1E10	1E10	1E-30	1.82158281890393E-10	1E10	1E-30	1E10	0.101229214118272	3.77619349682039E-07	1E10	5822.84580843755	4.52423482815347E-07	1E10	495.604555814847	4.17694142318896E-07	1E10	53.1049849319317	3.01874587410564E-07	1E10	5.94076436382095	2.23209450690263E-07	1E10	0.891286987399708	1.77333698799744E-07	1E10	0.128212632994108	2.50169743784049E-07	1E10	1.27237563331623E-02	1E-30	3.7788451699696E-11	0.300896898759863	3.87845672350426E-09	1.51337402570789E-11	0.063163150150665	1.44717727037976E-11	2.15239735880941E-11	2.66607930395483	1E10	1E-30	1E-10	1E10	1E-30	1E-10	1E10	1E-30	1E-10	1E10	1E-30	1E-10	1E10	1E-30	1E-10
650	3.32567178770668E-09	1E10	1E10	1E-30	1.82158281890393E-10	1E10	1E-30	1E10	0.101229214118272	3.77619349682039E-07	1E10	5822.84580843755	4.52423482815347E-07	1E10	495.604555814847	4.17694142318896E-07	1E10	53.1049849319317	3.01874587410564E-07	1E10	5.94076436382095	2.23209450690263E-07	1E10	0.891286987399708	1.77333698799744E-07	1E10	0.128212632994108	2.50169743784049E-07	1E10	1.27237563331623E-02	1E-30	3.7788451699696E-11	0.300896898759863	3.87845672350426E-09	1.51337402570789E-11	0.063163150150665	1.44717727037976E-11	2.15239735880941E-11	2.66607930395483	1E10	1E-30	1E-10	1E10	1E-30	1E-10	1E10	1E-30	1E-10	1E10	1E-30	1E-10	1E10	1E-30	1E-10
651	3.32567178770668E-09	1E10	1E10	1E-30	1.82158281890393E-10	1E10	1E-30	1E10	0.101229214118272	3.77619349682039E-07	1E10	5822.84580843755	4.52423482815347E-07	1E10	495.604555814847	4.17694142318896E-07	1E10	53.1049849319317	3.01874587410564E-07	1E10	5.94076436382095	2.23209450690263E-07	1E10	0.891286987399708	1.77333698799744E-07	1E10	0.128212632994108	2.50169743784049E-07	1E10	1.27237563331623E-02	1E-30	3.7788451699696E-11	0.300896898759863	3.87845672350426E-09	1.51337402570789E-11	0.063163150150665	1.44717727037976E-11	2.15239735880941E-11	2.66607930395483	1E10	1E-30	1E-10	1E10	1E-30	1E-10	1E10	1E-30	1E-10	1E10	1E-30	1E-10	1E10	1E-30	1E-10
652	3.32567178770668E-09	1E10	1E10	1E-30	1.82158281890393E-10	1E10	1E-30	1E10	0.101229214118272	3.77619349682039E-07	1E10	5822.84580843755	4.52423482815347E-07	1E10	495.604555814847	4.17694142318896E-07	1E10	53.1049849319317	3.01874587410564E-07	1E10	5.94076436382095	2.23209450690263E-07	1E10	0.891286987399708	1.77333698799744E-07	1E10	0.128212632994108	2.50169743784049E-07	1E10	1.27237563331623E-02	1E-30	3.7788451699696E-11	0.300896898759863	3.87845672350426E-09	1.51337402570789E-11	0.063163150150665	1.44717727037976E-11	2.15239735880941E-11	2.66607930395483	1E10	1E-30	1E-10	1E10	1E-30	1E-10	1E10	1E-30	1E-10	1E10	1E-30	1E-10	1E10	1E-30	1E-10
653	3.32567178770668E-09	1E10	1E10	1E-30	1.82158281890393E-10	1E10	1E-30	1E10	0.101229214118272	3.77619349682039E-07	1E10	5822.84580843755	4.52423482815347E-07	1E10	495.604555814847	4.17694142318896E-07	1E10	53.1049849319317	3.01874587410564E-07	1E10	5.94076436382095	2.23209450690263E-07	1E10	0.891286987399708	1.77333698799744E-07	1E10	0.128212632994108	2.50169743784049E-07	1E10	1.27237563331623E-02	1E-30	3.7788451699696E-11	0.300896898759863	3.87845672350426E-09	1.51337402570789E-11	0.063163150150665	1.44717727037976E-11	2.15239735880941E-11	2.66607930395483	1E10	1E-30	1E-10	1E10	1E-30	1E-10	1E10	1E-30	1E-10	1E10	1E-30	1E-10	1E10	1E-30	1E-10
654	3.23499341278036E-09	1E10	2E9	1E-30	1.78065454950952E-10	1E10	1E-30	1E10	9.89611315404366E-02	6.11441751579009E-07	1E10	7201.16445174137	4.30641238082032E-07	1E10	1894.09923617901	4.2841763843791E-07	1E10	176.767625830036	3.62758600240314E-07	1E10	19.3821847506631	2.60201097433639E-07	1E10	2.66086624375184	1.8325118221464E-07	1E10	0.412226411239661	1.49738111328978E-07	1E10	5.21154354384544E-02	1E-30	3.07529916706747E-11	0.262326724928946	9.87574258713815E-09	7.59407910950699E-12	0.036953847116991	6.26216099801886E-09	7.95234434801784E-12	4.18903755621327E-02	6.8424328274955E-12	2.97265198306373E-11	7.41700916966333	1E10	1E-30	1E-10	1E10	1E-30	1E-10	1E10	1E-30	1E-10	1E10	1E-30	1E-10
655	3.23499341278036E-09	1E10	2E9	1E-30	1.78065454950952E-10	1E10	1E-30	1E10	9.89611315404366E-02	6.11441751579009E-07	1E10	7201.16445174137	4.30641238082032E-07	1E10	1894.09923617901	4.2841763843791E-07	1E10	176.767625830036	3.62758600240314E-07	1E10	19.3821847506631	2.60201097433639E-07	1E10	2.66086624375184	1.8325118221464E-07	1E10	0.412226411239661	1.49738111328978E-07	1E10	5.21154354384544E-02	1E-30	3.07529916706747E-11	0.262326724928946	9.87574258713815E-09	7.59407910950699E-12	0.036953847116991	6.26216099801886E-09	7.95234434801784E-12	4.18903755621327E-02	6.8424328274955E-12	2.97265198306373E-11	7.41700916966333	1E10	1E-30	1E-10	1E10	1E-30	1E-10	1E10	1E-30	1E-10	1E10	1E-30	1E-10
656	3.66708855858069E-09	1E10	1E10	1E-30	2.11905270660126E-10	1E10	1E-30	1E10	0.120059840524812	5.38022730805264E-07	1E10	3068.05837880714	5.4710513558183E-07	1E10	401.556604619581	5.60709247258428E-07	1E10	69.7566216787092	5.08786001993473E-07	1E10	15.2986115056216	3.66085643264069E-07	1E10	3.3818591973444	2.59694554582459E-07	1E10	0.701177426350698	1.39926596117226E-07	1E10	0.139254474382944	1E-30	3.37894639366621E-11	2.18176432040834	1E-30	1.98421182421067E-11	0.195093164925068	1E-30	1.37638038831548E-11	6.48211033926533E-02	4.86548856051816E-08	1.99955640915849E-12	0.017579739965896	5.1060492693887E-09	7.96457590827539E-12	5.01132215874752E-02	1E10	1E-30	1E-10	1E10	1E-30	1E-10	1E10	1E-30	1E-10
657	3.66708855858069E-09	1E10	1E10	1E-30	2.11905270660126E-10	1E10	1E-30	1E10	0.120059840524812	5.38022730805264E-07	1E10	3068.05837880714	5.4710513558183E-07	1E10	401.556604619581	5.60709247258428E-07	1E10	69.7566216787092	5.08786001993473E-07	1E10	15.2986115056216	3.66085643264069E-07	1E10	3.3818591973444	2.59694554582459E-07	1E10	0.701177426350698	1.39926596117226E-07	1E10	0.139254474382944	1E-30	3.37894639366621E-11	2.18176432040834	1E-30	1.98421182421067E-11	0.195093164925068	1E-30	1.37638038831548E-11	6.48211033926533E-02	4.86548856051816E-08	1.99955640915849E-12	0.017579739965896	5.1060492693887E-09	7.96457590827539E-12	5.01132215874752E-02	1E10	1E-30	1E-10	1E10	1E-30	1E-10	1E10	1E-30	1E-10
658	3.66708855858069E-09	1E10	1E10	1E-30	2.11905270660126E-10	1E10	1E-30	1E10	0.120059840524812	5.38022730805264E-07	1E10	3068.05837880714	5.4710513558183E-07	1E10	401.556604619581	5.60709247258428E-07	1E10	69.7566216787092	5.08786001993473E-07	1E10	15.2986115056216	3.66085643264069E-07	1E10	3.3818591973444	2.59694554582459E-07	1E10	0.701177426350698	1.39926596117226E-07	1E10	0.139254474382944	1E-30	3.37894639366621E-11	2.18176432040834	1E-30	1.98421182421067E-11	0.195093164925068	1E-30	1.37638038831548E-11	6.48211033926533E-02	4.86548856051816E-08	1.99955640915849E-12	0.017579739965896	5.1060492693887E-09	7.96457590827539E-12	5.01132215874752E-02	1E10	1E-30	1E-10	1E10	1E-30	1E-10	1E10	1E-30	1E-10
659	3.66708855858069E-09	1E10	1E10	1E-30	2.11905270660126E-10	1E10	1E-30	1E10	0.120059840524812	5.38022730805264E-07	1E10	3068.05837880714	5.4710513558183E-07	1E10	401.556604619581	5.60709247258428E-07	1E10	69.7566216787092	5.08786001993473E-07	1E10	15.2986115056216	3.66085643264069E-07	1E10	3.3818591973444	2.59694554582459E-07	1E10	0.701177426350698	1.39926596117226E-07	1E10	0.139254474382944	1E-30	3.37894639366621E-11	2.18176432040834	1E-30	1.98421182421067E-11	0.195093164925068	1E-30	1.37638038831548E-11	6.48211033926533E-02	4.86548856051816E-08	1.99955640915849E-12	0.017579739965896	5.1060492693887E-09	7.96457590827539E-12	5.01132215874752E-02	1E10	1E-30	1E-10	1E10	1E-30	1E-10	1E10	1E-30	1E-10
660	3.66708855858069E-09	1E10	1E10	1E-30	2.11905270660126E-10	1E10	1E-30	1E10	0.120059840524812	5.38022730805264E-07	1E10	3068.05837880714	5.4710513558183E-07	1E10	401.556604619581	5.60709247258428E-07	1E10	69.7566216787092	5.08786001993473E-07	1E10	15.2986115056216	3.66085643264069E-07	1E10	3.3818591973444	2.59694554582459E-07	1E10	0.701177426350698	1.39926596117226E-07	1E10	0.139254474382944	1E-30	3.37894639366621E-11	2.18176432040834	1E-30	1.98421182421067E-11	0.195093164925068	1E-30	1.37638038831548E-11	6.48211033926533E-02	4.86548856051816E-08	1.99955640915849E-12	0.017579739965896	5.1060492693887E-09	7.96457590827539E-12	5.01132215874752E-02	1E10	1E-30	1E-10	1E10	1E-30	1E-10	1E10	1E-30	1E-10
661	3.66708855858069E-09	1E10	1E10	1E-30	2.11905270660126E-10	1E10	1E-30	1E10	0.120059840524812	5.38022730805264E-07	1E10	3068.05837880714	5.4710513558183E-07	1E10	401.556604619581	5.60709247258428E-07	1E10	69.7566216787092	5.08786001993473E-07	1E10	15.2986115056216	3.66085643264069E-07	1E10	3.3818591973444	2.59694554582459E-07	1E10	0.701177426350698	1.39926596117226E-07	1E10	0.139254474382944	1E-30	3.37894639366621E-11	2.18176432040834	1E-30	1.98421182421067E-11	0.195093164925068	1E-30	1.37638038831548E-11	6.48211033926533E-02	4.86548856051816E-08	1.99955640915849E-12	0.017579739965896	5.1060492693887E-09	7.96457590827539E-12	5.01132215874752E-02	1E10	1E-30	1E-10	1E10	1E-30	1E-10	1E10	1E-30	1E-10
662	4.75164759671902E-09	1E10	1E10	1E-30	1.48213418843177E-10	1E10	1E-30	1E10	8.46172843696545E-02	4.98463391894807E-07	1E10	5116.18914308009	7.7501045573664E-07	1E10	644.090052376895	6.24602419720693E-07	1E10	93.0993377647391	5.36310246215013E-07	1E10	9.0215836984456	3.86359661639151E-07	1E10	1.43782854010426	3.10560649201811E-07	1E10	0.23580469670199	2.22800831957807E-07	1E10	2.38112430869849E-02	1E-30	5.4864551375071E-11	0.258543107313634	1.40078234520369E-08	9.49007410732032E-12	2.74364689594684E-02	2.164773829003E-12	9.00086777985285E-11	24.5067854140363	1E10	1E-30	1E-10	1E10	1E-30	1E-10	1E10	1E-30	1E-10	1E10	1E-30	1E-10	1E10	1E-30	1E-10
663	4.75164759671902E-09	1E10	1E10	1E-30	1.48213418843177E-10	1E10	1E-30	1E10	8.46172843696545E-02	4.98463391894807E-07	1E10	5116.18914308009	7.7501045573664E-07	1E10	644.090052376895	6.24602419720693E-07	1E10	93.0993377647391	5.36310246215013E-07	1E10	9.0215836984456	3.86359661639151E-07	1E10	1.43782854010426	3.10560649201811E-07	1E10	0.23580469670199	2.22800831957807E-07	1E10	2.38112430869849E-02	1E-30	5.4864551375071E-11	0.258543107313634	1.40078234520369E-08	9.49007410732032E-12	2.74364689594684E-02	2.164773829003E-12	9.00086777985285E-11	24.5067854140363	1E10	1E-30	1E-10	1E10	1E-30	1E-10	1E10	1E-30	1E-10	1E10	1E-30	1E-10	1E10	1E-30	1E-10
664	4.75164759671902E-09	1E10	1E10	1E-30	1.48213418843177E-10	1E10	1E-30	1E10	8.46172843696545E-02	4.98463391894807E-07	1E10	5116.18914308009	7.7501045573664E-07	1E10	644.090052376895	6.24602419720693E-07	1E10	93.0993377647391	5.36310246215013E-07	1E10	9.0215836984456	3.86359661639151E-07	1E10	1.43782854010426	3.10560649201811E-07	1E10	0.23580469670199	2.22800831957807E-07	1E10	2.38112430869849E-02	1E-30	5.4864551375071E-11	0.258543107313634	1.40078234520369E-08	9.49007410732032E-12	2.74364689594684E-02	2.164773829003E-12	9.00086777985285E-11	24.5067854140363	1E10	1E-30	1E-10	1E10	1E-30	1E-10	1E10	1E-30	1E-10	1E10	1E-30	1E-10	1E10	1E-30	1E-10
665	4.75164759671902E-09	1E10	1E10	1E-30	1.48213418843177E-10	1E10	1E-30	1E10	8.46172843696545E-02	4.98463391894807E-07	1E10	5116.18914308009	7.7501045573664E-07	1E10	644.090052376895	6.24602419720693E-07	1E10	93.0993377647391	5.36310246215013E-07	1E10	9.0215836984456	3.86359661639151E-07	1E10	1.43782854010426	3.10560649201811E-07	1E10	0.23580469670199	2.22800831957807E-07	1E10	2.38112430869849E-02	1E-30	5.4864551375071E-11	0.258543107313634	1.40078234520369E-08	9.49007410732032E-12	2.74364689594684E-02	2.164773829003E-12	9.00086777985285E-11	24.5067854140363	1E10	1E-30	1E-10	1E10	1E-30	1E-10	1E10	1E-30	1E-10	1E10	1E-30	1E-10	1E10	1E-30	1E-10
666	4.75164759671902E-09	1E10	1E10	1E-30	1.48213418843177E-10	1E10	1E-30	1E10	8.46172843696545E-02	4.98463391894807E-07	1E10	5116.18914308009	7.7501045573664E-07	1E10	644.090052376895	6.24602419720693E-07	1E10	93.0993377647391	5.36310246215013E-07	1E10	9.0215836984456	3.86359661639151E-07	1E10	1.43782854010426	3.10560649201811E-07	1E10	0.23580469670199	2.22800831957807E-07	1E10	2.38112430869849E-02	1E-30	5.4864551375071E-11	0.258543107313634	1.40078234520369E-08	9.49007410732032E-12	2.74364689594684E-02	2.164773829003E-12	9.00086777985285E-11	24.5067854140363	1E10	1E-30	1E-10	1E10	1E-30	1E-10	1E10	1E-30	1E-10	1E10	1E-30	1E-10	1E10	1E-30	1E-10
667	4.75164759671902E-09	1E10	1E10	1E-30	1.48213418843177E-10	1E10	1E-30	1E10	8.46172843696545E-02	4.98463391894807E-07	1E10	5116.18914308009	7.7501045573664E-07	1E10	644.090052376895	6.24602419720693E-07	1E10	93.0993377647391	5.36310246215013E-07	1E10	9.0215836984456	3.86359661639151E-07	1E10	1.43782854010426	3.10560649201811E-07	1E10	0.23580469670199	2.22800831957807E-07	1E10	2.38112430869849E-02	1E-30	5.4864551375071E-11	0.258543107313634	1.40078234520369E-08	9.49007410732032E-12	2.74364689594684E-02	2.164773829003E-12	9.00086777985285E-11	24.5067854140363	1E10	1E-30	1E-10	1E10	1E-30	1E-10	1E10	1E-30	1E-10	1E10	1E-30	1E-10	1E10	1E-30	1E-10
668	6.84415476512391E-09	1E10	1E10	1E-30	1.87915834243539E-10	1E10	1E-30	1E10	0.064	6.21942107873382E-07	1E10	3257.09104832157	9.35471077896601E-07	1E10	225.335646233169	8.6366205220337E-07	1E10	27.7223408511494	6.18388987770131E-07	1E10	2.96761210671126	4.7216853739079E-07	1E10	0.42134039672409	4.0905693537771E-07	1E10	5.55825325897608E-02	1E-30	3.97859780754358E-11	0.240724055361446	6.53049133706827E-09	2.21092709971695E-11	5.96773688369573E-02	1.68021176301696E-11	2.08659609853478E-11	3.34153183102514	1E10	1E-30	1E-10	1E10	1E-30	1E-10	1E10	1E-30	1E-10	1E10	1E-30	1E-10	1E10	1E-30	1E-10	1E10	1E-30	1E-10
669	6.84415476512391E-09	1E10	1E10	1E-30	1.87915834243539E-10	1E10	1E-30	1E10	0.064	6.21942107873382E-07	1E10	3257.09104832157	9.35471077896601E-07	1E10	225.335646233169	8.6366205220337E-07	1E10	27.7223408511494	6.18388987770131E-07	1E10	2.96761210671126	4.7216853739079E-07	1E10	0.42134039672409	4.0905693537771E-07	1E10	5.55825325897608E-02	1E-30	3.97859780754358E-11	0.240724055361446	6.53049133706827E-09	2.21092709971695E-11	5.96773688369573E-02	1.68021176301696E-11	2.08659609853478E-11	3.34153183102514	1E10	1E-30	1E-10	1E10	1E-30	1E-10	1E10	1E-30	1E-10	1E10	1E-30	1E-10	1E10	1E-30	1E-10	1E10	1E-30	1E-10
670	6.84415476512391E-09	1E10	1E10	1E-30	1.87915834243539E-10	1E10	1E-30	1E10	0.064	6.21942107873382E-07	1E10	3257.09104832157	9.35471077896601E-07	1E10	225.335646233169	8.6366205220337E-07	1E10	27.7223408511494	6.18388987770131E-07	1E10	2.96761210671126	4.7216853739079E-07	1E10	0.42134039672409	4.0905693537771E-07	1E10	5.55825325897608E-02	1E-30	3.97859780754358E-11	0.240724055361446	6.53049133706827E-09	2.21092709971695E-11	5.96773688369573E-02	1.68021176301696E-11	2.08659609853478E-11	3.34153183102514	1E10	1E-30	1E-10	1E10	1E-30	1E-10	1E10	1E-30	1E-10	1E10	1E-30	1E-10	1E10	1E-30	1E-10	1E10	1E-30	1E-10
671	6.84415476512391E-09	1E10	1E10	1E-30	1.87915834243539E-10	1E10	1E-30	1E10	0.064	6.21942107873382E-07	1E10	3257.09104832157	9.35471077896601E-07	1E10	225.335646233169	8.6366205220337E-07	1E10	27.7223408511494	6.18388987770131E-07	1E10	2.96761210671126	4.7216853739079E-07	1E10	0.42134039672409	4.0905693537771E-07	1E10	5.55825325897608E-02	1E-30	3.97859780754358E-11	0.240724055361446	6.53049133706827E-09	2.21092709971695E-11	5.96773688369573E-02	1.68021176301696E-11	2.08659609853478E-11	3.34153183102514	1E10	1E-30	1E-10	1E10	1E-30	1E-10	1E10	1E-30	1E-10	1E10	1E-30	1E-10	1E10	1E-30	1E-10	1E10	1E-30	1E-10
672	6.84415476512391E-09	1E10	1E10	1E-30	1.87915834243539E-10	1E10	1E-30	1E10	0.064	6.21942107873382E-07	1E10	3257.09104832157	9.35471077896601E-07	1E10	225.335646233169	8.6366205220337E-07	1E10	27.7223408511494	6.18388987770131E-07	1E10	2.96761210671126	4.7216853739079E-07	1E10	0.42134039672409	4.0905693537771E-07	1E10	5.55825325897608E-02	1E-30	3.97859780754358E-11	0.240724055361446	6.53049133706827E-09	2.21092709971695E-11	5.96773688369573E-02	1.68021176301696E-11	2.08659609853478E-11	3.34153183102514	1E10	1E-30	1E-10	1E10	1E-30	1E-10	1E10	1E-30	1E-10	1E10	1E-30	1E-10	1E10	1E-30	1E-10	1E10	1E-30	1E-10
673	6.84415476512391E-09	1E10	1E10	1E-30	1.87915834243539E-10	1E10	1E-30	1E10	0.064	6.21942107873382E-07	1E10	3257.09104832157	9.35471077896601E-07	1E10	225.335646233169	8.6366205220337E-07	1E10	27.7223408511494	6.18388987770131E-07	1E10	2.96761210671126	4.7216853739079E-07	1E10	0.42134039672409	4.0905693537771E-07	1E10	5.55825325897608E-02	1E-30	3.97859780754358E-11	0.240724055361446	6.53049133706827E-09	2.21092709971695E-11	5.96773688369573E-02	1.68021176301696E-11	2.08659609853478E-11	3.34153183102514	1E10	1E-30	1E-10	1E10	1E-30	1E-10	1E10	1E-30	1E-10	1E10	1E-30	1E-10	1E10	1E-30	1E-10	1E10	1E-30	1E-10
674	8.10540033569601E-09	1E10	1E10	1E-30	1.83669142982707E-10	1E10	1E-30	1E10	6.62917704567402E-02	1.15541441884297E-06	1E10	1068.62103740976	1.35262399128258E-06	1E10	178.905277572452	1.5592856335129E-06	1E10	38.1247384899178	1.22031007619247E-06	1E10	10.9243048353008	9.49769246532444E-07	1E10	2.50998059186751	6.33641238765498E-07	1E10	0.578983343134761	3.80015364159262E-07	1E10	0.109988985411396	1E-30	2.20750264373666E-11	1.44372583710499	1E-30	3.76772371877308E-11	0.13673871577883	1E-30	1.53463683151755E-11	3.60319978500657E-02	3.24190453012774E-08	6.53305085108917E-12	2.52742897260083E-02	1E10	1E-30	1E-10	1E10	1E-30	1E-10	1E10	1E-30	1E-10	1E10	1E-30	1E-10
675	8.10540033569601E-09	1E10	1E10	1E-30	1.83669142982707E-10	1E10	1E-30	1E10	6.62917704567402E-02	1.15541441884297E-06	1E10	1068.62103740976	1.35262399128258E-06	1E10	178.905277572452	1.5592856335129E-06	1E10	38.1247384899178	1.22031007619247E-06	1E10	10.9243048353008	9.49769246532444E-07	1E10	2.50998059186751	6.33641238765498E-07	1E10	0.578983343134761	3.80015364159262E-07	1E10	0.109988985411396	1E-30	2.20750264373666E-11	1.44372583710499	1E-30	3.76772371877308E-11	0.13673871577883	1E-30	1.53463683151755E-11	3.60319978500657E-02	3.24190453012774E-08	6.53305085108917E-12	2.52742897260083E-02	1E10	1E-30	1E-10	1E10	1E-30	1E-10	1E10	1E-30	1E-10	1E10	1E-30	1E-10
676	8.10540033569601E-09	1E10	1E10	1E-30	1.83669142982707E-10	1E10	1E-30	1E10	6.62917704567402E-02	1.15541441884297E-06	1E10	1068.62103740976	1.35262399128258E-06	1E10	178.905277572452	1.5592856335129E-06	1E10	38.1247384899178	1.22031007619247E-06	1E10	10.9243048353008	9.49769246532444E-07	1E10	2.50998059186751	6.33641238765498E-07	1E10	0.578983343134761	3.80015364159262E-07	1E10	0.109988985411396	1E-30	2.20750264373666E-11	1.44372583710499	1E-30	3.76772371877308E-11	0.13673871577883	1E-30	1.53463683151755E-11	3.60319978500657E-02	3.24190453012774E-08	6.53305085108917E-12	2.52742897260083E-02	1E10	1E-30	1E-10	1E10	1E-30	1E-10	1E10	1E-30	1E-10	1E10	1E-30	1E-10
677	8.10540033569601E-09	1E10	1E10	1E-30	1.83669142982707E-10	1E10	1E-30	1E10	6.62917704567402E-02	1.15541441884297E-06	1E10	1068.62103740976	1.35262399128258E-06	1E10	178.905277572452	1.5592856335129E-06	1E10	38.1247384899178	1.22031007619247E-06	1E10	10.9243048353008	9.49769246532444E-07	1E10	2.50998059186751	6.33641238765498E-07	1E10	0.578983343134761	3.80015364159262E-07	1E10	0.109988985411396	1E-30	2.20750264373666E-11	1.44372583710499	1E-30	3.76772371877308E-11	0.13673871577883	1E-30	1.53463683151755E-11	3.60319978500657E-02	3.24190453012774E-08	6.53305085108917E-12	2.52742897260083E-02	1E10	1E-30	1E-10	1E10	1E-30	1E-10	1E10	1E-30	1E-10	1E10	1E-30	1E-10
678	9.86772060698095E-09	1E10	1E10	1E-30	1.70281341176079E-10	1E10	1E-30	1E10	4.91628479649447E-02	1.20014869002197E-06	1E10	3078.431917642	1.89022988294317E-06	1E10	329.859922961303	1.55018698204022E-06	1E10	84.7870554884197	1.23903706541022E-06	1E10	11.0056216490124	9.08816067959269E-07	1E10	1.57116892204141	5.81275589504998E-07	1E10	0.257227141557499	5.60422402314005E-07	1E10	2.11925584426007E-02	1E-30	5.10969598592957E-11	0.197023647526998	1.54974695781459E-08	1.60058495585246E-11	3.91163296206059E-02	4.33631931223778E-12	4.19524986103718E-11	13.2977993565753	1E10	1E-30	1E-10	1E10	1E-30	1E-10	1E10	1E-30	1E-10	1E10	1E-30	1E-10	1E10	1E-30	1E-10
679	9.86772060698095E-09	1E10	1E10	1E-30	1.70281341176079E-10	1E10	1E-30	1E10	4.91628479649447E-02	1.20014869002197E-06	1E10	3078.431917642	1.89022988294317E-06	1E10	329.859922961303	1.55018698204022E-06	1E10	84.7870554884197	1.23903706541022E-06	1E10	11.0056216490124	9.08816067959269E-07	1E10	1.57116892204141	5.81275589504998E-07	1E10	0.257227141557499	5.60422402314005E-07	1E10	2.11925584426007E-02	1E-30	5.10969598592957E-11	0.197023647526998	1.54974695781459E-08	1.60058495585246E-11	3.91163296206059E-02	4.33631931223778E-12	4.19524986103718E-11	13.2977993565753	1E10	1E-30	1E-10	1E10	1E-30	1E-10	1E10	1E-30	1E-10	1E10	1E-30	1E-10	1E10	1E-30	1E-10
680	9.86772060698095E-09	1E10	1E10	1E-30	1.70281341176079E-10	1E10	1E-30	1E10	4.91628479649447E-02	1.20014869002197E-06	1E10	3078.431917642	1.89022988294317E-06	1E10	329.859922961303	1.55018698204022E-06	1E10	84.7870554884197	1.23903706541022E-06	1E10	11.0056216490124	9.08816067959269E-07	1E10	1.57116892204141	5.81275589504998E-07	1E10	0.257227141557499	5.60422402314005E-07	1E10	2.11925584426007E-02	1E-30	5.10969598592957E-11	0.197023647526998	1.54974695781459E-08	1.60058495585246E-11	3.91163296206059E-02	4.33631931223778E-12	4.19524986103718E-11	13.2977993565753	1E10	1E-30	1E-10	1E10	1E-30	1E-10	1E10	1E-30	1E-10	1E10	1E-30	1E-10	1E10	1E-30	1E-10
681	9.86772060698095E-09	1E10	1E10	1E-30	1.70281341176079E-10	1E10	1E-30	1E10	4.91628479649447E-02	1.20014869002197E-06	1E10	3078.431917642	1.89022988294317E-06	1E10	329.859922961303	1.55018698204022E-06	1E10	84.7870554884197	1.23903706541022E-06	1E10	11.0056216490124	9.08816067959269E-07	1E10	1.57116892204141	5.81275589504998E-07	1E10	0.257227141557499	5.60422402314005E-07	1E10	2.11925584426007E-02	1E-30	5.10969598592957E-11	0.197023647526998	1.54974695781459E-08	1.60058495585246E-11	3.91163296206059E-02	4.33631931223778E-12	4.19524986103718E-11	13.2977993565753	1E10	1E-30	1E-10	1E10	1E-30	1E-10	1E10	1E-30	1E-10	1E10	1E-30	1E-10	1E10	1E-30	1E-10
682	9.86772060698095E-09	1E10	1E10	1E-30	1.70281341176079E-10	1E10	1E-30	1E10	4.91628479649447E-02	1.20014869002197E-06	1E10	3078.431917642	1.89022988294317E-06	1E10	329.859922961303	1.55018698204022E-06	1E10	84.7870554884197	1.23903706541022E-06	1E10	11.0056216490124	9.08816067959269E-07	1E10	1.57116892204141	5.81275589504998E-07	1E10	0.257227141557499	5.60422402314005E-07	1E10	2.11925584426007E-02	1E-30	5.10969598592957E-11	0.197023647526998	1.54974695781459E-08	1.60058495585246E-11	3.91163296206059E-02	4.33631931223778E-12	4.19524986103718E-11	13.2977993565753	1E10	1E-30	1E-10	1E10	1E-30	1E-10	1E10	1E-30	1E-10	1E10	1E-30	1E-10	1E10	1E-30	1E-10
683	9.86772060698095E-09	1E10	1E10	1E-30	1.70281341176079E-10	1E10	1E-30	1E10	4.91628479649447E-02	1.20014869002197E-06	1E10	3078.431917642	1.89022988294317E-06	1E10	329.859922961303	1.55018698204022E-06	1E10	84.7870554884197	1.23903706541022E-06	1E10	11.0056216490124	9.08816067959269E-07	1E10	1.57116892204141	5.81275589504998E-07	1E10	0.257227141557499	5.60422402314005E-07	1E10	2.11925584426007E-02	1E-30	5.10969598592957E-11	0.197023647526998	1.54974695781459E-08	1.60058495585246E-11	3.91163296206059E-02	4.33631931223778E-12	4.19524986103718E-11	13.2977993565753	1E10	1E-30	1E-10	1E10	1E-30	1E-10	1E10	1E-30	1E-10	1E10	1E-30	1E-10	1E10	1E-30	1E-10
684	1.77786956302196E-08	1E10	2E9	1E-30	1.84268987853834E-10	1E10	1E-30	1E10	5.39085115407427E-02	6.91770205006504E-07	1E10	2554.31307553869	1.00452381708741E-06	1E10	253.776920265332	1.131542400904E-06	1E10	44.501070265545	8.73107566798097E-07	1E10	12.1519958124955	6.42042376316607E-07	1E10	2.78012895920163	4.58594735133057E-07	1E10	0.579120718474807	2.59006336631299E-07	1E10	0.110074160108608	1E-30	2.30533820239173E-11	1.31238226107209	1E-30	1.28540601325906E-11	0.163961564778715	1E-30	3.96195542660883E-11	0.101876303347609	4.15401883935321E-07	1.54629573803554E-12	7.3880869838544E-03	4.0588995389158E-08	7.16320208992556E-12	1.80240413063377E-02	1E10	1E-30	1E-10	1E10	1E-30	1E-10	1E10	1E-30	1E-10
685	8.01759681854483E-08	1E10	5E8	1E-30	1.62552934227754E-10	1E10	1E-30	1E10	2.89209466523481E-02	3.75628150085031E-06	1E10	644.567945167063	4.93942663571868E-06	1E10	110.167405850414	4.17808942827401E-06	1E10	23.2348492564191	3.98689013345181E-06	1E10	4.30160891985219	3.12832171341231E-06	1E10	0.98229500603597	2.29327625659419E-06	1E10	0.204080091285218	1.48069256325291E-06	1E10	3.81869910228338E-02	1E-30	2.08187996539893E-11	7.42855930305183E-02	1E-30	4.33845599176757E-11	5.18674438552262E-02	6.17754628292688E-07	5.63173037243727E-12	8.92616266968373E-03	1.15168369282245E-07	1.22387706909302E-11	1.48938699494413E-02	2.61315624257775E-11	1.89432924348374E-11	0.27310730202121	1E10	1E-30	1E-10	1E10	1E-30	1E-10	1E10	1E-30	1E-10
686	8.01759681854483E-08	1E10	5E8	1E-30	1.62552934227754E-10	1E10	1E-30	1E10	2.89209466523481E-02	3.75628150085031E-06	1E10	644.567945167063	4.93942663571868E-06	1E10	110.167405850414	4.17808942827401E-06	1E10	23.2348492564191	3.98689013345181E-06	1E10	4.30160891985219	3.12832171341231E-06	1E10	0.98229500603597	2.29327625659419E-06	1E10	0.204080091285218	1.48069256325291E-06	1E10	3.81869910228338E-02	1E-30	2.08187996539893E-11	7.42855930305183E-02	1E-30	4.33845599176757E-11	5.18674438552262E-02	6.17754628292688E-07	5.63173037243727E-12	8.92616266968373E-03	1.15168369282245E-07	1.22387706909302E-11	1.48938699494413E-02	2.61315624257775E-11	1.89432924348374E-11	0.27310730202121	1E10	1E-30	1E-10	1E10	1E-30	1E-10	1E10	1E-30	1E-10
687	8.01759681854483E-08	1E10	5E8	1E-30	1.62552934227754E-10	1E10	1E-30	1E10	2.89209466523481E-02	3.75628150085031E-06	1E10	644.567945167063	4.93942663571868E-06	1E10	110.167405850414	4.17808942827401E-06	1E10	23.2348492564191	3.98689013345181E-06	1E10	4.30160891985219	3.12832171341231E-06	1E10	0.98229500603597	2.29327625659419E-06	1E10	0.204080091285218	1.48069256325291E-06	1E10	3.81869910228338E-02	1E-30	2.08187996539893E-11	7.42855930305183E-02	1E-30	4.33845599176757E-11	5.18674438552262E-02	6.17754628292688E-07	5.63173037243727E-12	8.92616266968373E-03	1.15168369282245E-07	1.22387706909302E-11	1.48938699494413E-02	2.61315624257775E-11	1.89432924348374E-11	0.27310730202121	1E10	1E-30	1E-10	1E10	1E-30	1E-10	1E10	1E-30	1E-10
688	8.01759681854483E-08	1E10	5E8	1E-30	1.62552934227754E-10	1E10	1E-30	1E10	2.89209466523481E-02	3.75628150085031E-06	1E10	644.567945167063	4.93942663571868E-06	1E10	110.167405850414	4.17808942827401E-06	1E10	23.2348492564191	3.98689013345181E-06	1E10	4.30160891985219	3.12832171341231E-06	1E10	0.98229500603597	2.29327625659419E-06	1E10	0.204080091285218	1.48069256325291E-06	1E10	3.81869910228338E-02	1E-30	2.08187996539893E-11	7.42855930305183E-02	1E-30	4.33845599176757E-11	5.18674438552262E-02	6.17754628292688E-07	5.63173037243727E-12	8.92616266968373E-03	1.15168369282245E-07	1.22387706909302E-11	1.48938699494413E-02	2.61315624257775E-11	1.89432924348374E-11	0.27310730202121	1E10	1E-30	1E-10	1E10	1E-30	1E-10	1E10	1E-30	1E-10
689	8.01759681854483E-08	1E10	5E8	1E-30	1.62552934227754E-10	1E10	1E-30	1E10	2.89209466523481E-02	3.75628150085031E-06	1E10	644.567945167063	4.93942663571868E-06	1E10	110.167405850414	4.17808942827401E-06	1E10	23.2348492564191	3.98689013345181E-06	1E10	4.30160891985219	3.12832171341231E-06	1E10	0.98229500603597	2.29327625659419E-06	1E10	0.204080091285218	1.48069256325291E-06	1E10	3.81869910228338E-02	1E-30	2.08187996539893E-11	7.42855930305183E-02	1E-30	4.33845599176757E-11	5.18674438552262E-02	6.17754628292688E-07	5.63173037243727E-12	8.92616266968373E-03	1.15168369282245E-07	1.22387706909302E-11	1.48938699494413E-02	2.61315624257775E-11	1.89432924348374E-11	0.27310730202121	1E10	1E-30	1E-10	1E10	1E-30	1E-10	1E10	1E-30	1E-10
690	8.01759681854483E-08	1E10	5E8	1E-30	1.62552934227754E-10	1E10	1E-30	1E10	2.89209466523481E-02	3.75628150085031E-06	1E10	644.567945167063	4.93942663571868E-06	1E10	110.167405850414	4.17808942827401E-06	1E10	23.2348492564191	3.98689013345181E-06	1E10	4.30160891985219	3.12832171341231E-06	1E10	0.98229500603597	2.29327625659419E-06	1E10	0.204080091285218	1.48069256325291E-06	1E10	3.81869910228338E-02	1E-30	2.08187996539893E-11	7.42855930305183E-02	1E-30	4.33845599176757E-11	5.18674438552262E-02	6.17754628292688E-07	5.63173037243727E-12	8.92616266968373E-03	1.15168369282245E-07	1.22387706909302E-11	1.48938699494413E-02	2.61315624257775E-11	1.89432924348374E-11	0.27310730202121	1E10	1E-30	1E-10	1E10	1E-30	1E-10	1E10	1E-30	1E-10
691	1.72487073263779E-07	1E10	227272727	1E-30	1.5770243560853E-10	1E10	1E-30	1E10	2.06846113690943E-02	5.86361914475272E-06	1E10	353.237429011322	8.80749981511286E-06	1E10	36.9887326743099	1.06708698399316E-05	1E10	8.07767846673545	7.57596684535837E-06	1E10	2.71573332744396	6.49265171871572E-06	1E10	0.677250444437407	4.77048460298023E-06	1E10	0.158207621793558	2.50250874339579E-06	1E10	4.04521713836133E-02	1E-30	1.58290280402256E-11	0.408728987248654	1E-30	2.32177909033879E-11	9.65099749791732E-02	1E-30	6.56115141162755E-11	4.61433650175371E-02	4.54387268047621E-07	1.28707138342283E-11	8.2780619118658E-03	9.92964573921825E-07	2.03250675425869E-12	3.34937843493374E-03	1E10	1E-30	1E-10	1E10	1E-30	1E-10	1E10	1E-30	1E-10
692	1.72487073263779E-07	1E10	227272727	1E-30	1.5770243560853E-10	1E10	1E-30	1E10	2.06846113690943E-02	5.86361914475272E-06	1E10	353.237429011322	8.80749981511286E-06	1E10	36.9887326743099	1.06708698399316E-05	1E10	8.07767846673545	7.57596684535837E-06	1E10	2.71573332744396	6.49265171871572E-06	1E10	0.677250444437407	4.77048460298023E-06	1E10	0.158207621793558	2.50250874339579E-06	1E10	4.04521713836133E-02	1E-30	1.58290280402256E-11	0.408728987248654	1E-30	2.32177909033879E-11	9.65099749791732E-02	1E-30	6.56115141162755E-11	4.61433650175371E-02	4.54387268047621E-07	1.28707138342283E-11	8.2780619118658E-03	9.92964573921825E-07	2.03250675425869E-12	3.34937843493374E-03	1E10	1E-30	1E-10	1E10	1E-30	1E-10	1E10	1E-30	1E-10
693	1.72487073263779E-07	1E10	227272727	1E-30	1.5770243560853E-10	1E10	1E-30	1E10	2.06846113690943E-02	5.86361914475272E-06	1E10	353.237429011322	8.80749981511286E-06	1E10	36.9887326743099	1.06708698399316E-05	1E10	8.07767846673545	7.57596684535837E-06	1E10	2.71573332744396	6.49265171871572E-06	1E10	0.677250444437407	4.77048460298023E-06	1E10	0.158207621793558	2.50250874339579E-06	1E10	4.04521713836133E-02	1E-30	1.58290280402256E-11	0.408728987248654	1E-30	2.32177909033879E-11	9.65099749791732E-02	1E-30	6.56115141162755E-11	4.61433650175371E-02	4.54387268047621E-07	1.28707138342283E-11	8.2780619118658E-03	9.92964573921825E-07	2.03250675425869E-12	3.34937843493374E-03	1E10	1E-30	1E-10	1E10	1E-30	1E-10	1E10	1E-30	1E-10
694	1.72487073263779E-07	1E10	227272727	1E-30	1.5770243560853E-10	1E10	1E-30	1E10	2.06846113690943E-02	5.86361914475272E-06	1E10	353.237429011322	8.80749981511286E-06	1E10	36.9887326743099	1.06708698399316E-05	1E10	8.07767846673545	7.57596684535837E-06	1E10	2.71573332744396	6.49265171871572E-06	1E10	0.677250444437407	4.77048460298023E-06	1E10	0.158207621793558	2.50250874339579E-06	1E10	4.04521713836133E-02	1E-30	1.58290280402256E-11	0.408728987248654	1E-30	2.32177909033879E-11	9.65099749791732E-02	1E-30	6.56115141162755E-11	4.61433650175371E-02	4.54387268047621E-07	1.28707138342283E-11	8.2780619118658E-03	9.92964573921825E-07	2.03250675425869E-12	3.34937843493374E-03	1E10	1E-30	1E-10	1E10	1E-30	1E-10	1E10	1E-30	1E-10
695	1.72487073263779E-07	1E10	227272727	1E-30	1.5770243560853E-10	1E10	1E-30	1E10	2.06846113690943E-02	5.86361914475272E-06	1E10	353.237429011322	8.80749981511286E-06	1E10	36.9887326743099	1.06708698399316E-05	1E10	8.07767846673545	7.57596684535837E-06	1E10	2.71573332744396	6.49265171871572E-06	1E10	0.677250444437407	4.77048460298023E-06	1E10	0.158207621793558	2.50250874339579E-06	1E10	4.04521713836133E-02	1E-30	1.58290280402256E-11	0.408728987248654	1E-30	2.32177909033879E-11	9.65099749791732E-02	1E-30	6.56115141162755E-11	4.61433650175371E-02	4.54387268047621E-07	1.28707138342283E-11	8.2780619118658E-03	9.92964573921825E-07	2.03250675425869E-12	3.34937843493374E-03	1E10	1E-30	1E-10	1E10	1E-30	1E-10	1E10	1E-30	1E-10
696	1.72487073263779E-07	1E10	227272727	1E-30	1.5770243560853E-10	1E10	1E-30	1E10	2.06846113690943E-02	5.86361914475272E-06	1E10	353.237429011322	8.80749981511286E-06	1E10	36.9887326743099	1.06708698399316E-05	1E10	8.07767846673545	7.57596684535837E-06	1E10	2.71573332744396	6.49265171871572E-06	1E10	0.677250444437407	4.77048460298023E-06	1E10	0.158207621793558	2.50250874339579E-06	1E10	4.04521713836133E-02	1E-30	1.58290280402256E-11	0.408728987248654	1E-30	2.32177909033879E-11	9.65099749791732E-02	1E-30	6.56115141162755E-11	4.61433650175371E-02	4.54387268047621E-07	1.28707138342283E-11	8.2780619118658E-03	9.92964573921825E-07	2.03250675425869E-12	3.34937843493374E-03	1E10	1E-30	1E-10	1E10	1E-30	1E-10	1E10	1E-30	1E-10
697	8.96651833404387E-07	1E10	5E7	1E-30	1.15980962581798E-10	1E10	1E-30	1E10	6.64734053814435E-03	7.90498584133616E-05	1E10	67.1116289922806	8.54757194058091E-05	1E10	9.64770347984005	8.18848891796538E-05	1E10	1.61824844700659	8.37184160787483E-05	1E10	0.236200975505836	7.96120940889236E-05	1E10	3.76081786682015E-02	1.2947313415197E-04	1E10	5.64468090454607E-03	5.7307492754518E-05	1E10	5.30722451425842E-03	1E-30	8.24126944467275E-12	0.611408889340492	1E-30	9.46655150855864E-12	9.13419951718941E-02	1E-30	1.80906148665446E-11	3.14894929103677E-02	1E-30	9.27278628891338E-11	2.25505827729299E-02	4.63798460526425E-06	1.4119606493835E-11	3.35444225384736E-03	2.22302328486628E-06	1.47528941687797E-11	4.77446803373516E-03	1E10	1E-30	1E-10	1E10	1E-30	1E-10
698	8.96651833404387E-07	1E10	5E7	1E-30	1.15980962581798E-10	1E10	1E-30	1E10	6.64734053814435E-03	7.90498584133616E-05	1E10	67.1116289922806	8.54757194058091E-05	1E10	9.64770347984005	8.18848891796538E-05	1E10	1.61824844700659	8.37184160787483E-05	1E10	0.236200975505836	7.96120940889236E-05	1E10	3.76081786682015E-02	1.2947313415197E-04	1E10	5.64468090454607E-03	5.7307492754518E-05	1E10	5.30722451425842E-03	1E-30	8.24126944467275E-12	0.611408889340492	1E-30	9.46655150855864E-12	9.13419951718941E-02	1E-30	1.80906148665446E-11	3.14894929103677E-02	1E-30	9.27278628891338E-11	2.25505827729299E-02	4.63798460526425E-06	1.4119606493835E-11	3.35444225384736E-03	2.22302328486628E-06	1.47528941687797E-11	4.77446803373516E-03	1E10	1E-30	1E-10	1E10	1E-30	1E-10
699	8.96651833404387E-07	1E10	5E7	1E-30	1.15980962581798E-10	1E10	1E-30	1E10	6.64734053814435E-03	7.90498584133616E-05	1E10	67.1116289922806	8.54757194058091E-05	1E10	9.64770347984005	8.18848891796538E-05	1E10	1.61824844700659	8.37184160787483E-05	1E10	0.236200975505836	7.96120940889236E-05	1E10	3.76081786682015E-02	1.2947313415197E-04	1E10	5.64468090454607E-03	5.7307492754518E-05	1E10	5.30722451425842E-03	1E-30	8.24126944467275E-12	0.611408889340492	1E-30	9.46655150855864E-12	9.13419951718941E-02	1E-30	1.80906148665446E-11	3.14894929103677E-02	1E-30	9.27278628891338E-11	2.25505827729299E-02	4.63798460526425E-06	1.4119606493835E-11	3.35444225384736E-03	2.22302328486628E-06	1.47528941687797E-11	4.77446803373516E-03	1E10	1E-30	1E-10	1E10	1E-30	1E-10
700	8.96651833404387E-07	1E10	5E7	1E-30	1.15980962581798E-10	1E10	1E-30	1E10	6.64734053814435E-03	7.90498584133616E-05	1E10	67.1116289922806	8.54757194058091E-05	1E10	9.64770347984005	8.18848891796538E-05	1E10	1.61824844700659	8.37184160787483E-05	1E10	0.236200975505836	7.96120940889236E-05	1E10	3.76081786682015E-02	1.2947313415197E-04	1E10	5.64468090454607E-03	5.7307492754518E-05	1E10	5.30722451425842E-03	1E-30	8.24126944467275E-12	0.611408889340492	1E-30	9.46655150855864E-12	9.13419951718941E-02	1E-30	1.80906148665446E-11	3.14894929103677E-02	1E-30	9.27278628891338E-11	2.25505827729299E-02	4.63798460526425E-06	1.4119606493835E-11	3.35444225384736E-03	2.22302328486628E-06	1.47528941687797E-11	4.77446803373516E-03	1E10	1E-30	1E-10	1E10	1E-30	1E-10
701	8.96651833404387E-07	1E10	5E7	1E-30	1.15980962581798E-10	1E10	1E-30	1E10	6.64734053814435E-03	7.90498584133616E-05	1E10	67.1116289922806	8.54757194058091E-05	1E10	9.64770347984005	8.18848891796538E-05	1E10	1.61824844700659	8.37184160787483E-05	1E10	0.236200975505836	7.96120940889236E-05	1E10	3.76081786682015E-02	1.2947313415197E-04	1E10	5.64468090454607E-03	5.7307492754518E-05	1E10	5.30722451425842E-03	1E-30	8.24126944467275E-12	0.611408889340492	1E-30	9.46655150855864E-12	9.13419951718941E-02	1E-30	1.80906148665446E-11	3.14894929103677E-02	1E-30	9.27278628891338E-11	2.25505827729299E-02	4.63798460526425E-06	1.4119606493835E-11	3.35444225384736E-03	2.22302328486628E-06	1.47528941687797E-11	4.77446803373516E-03	1E10	1E-30	1E-10	1E10	1E-30	1E-10
702	8.96651833404387E-07	1E10	5E7	1E-30	1.15980962581798E-10	1E10	1E-30	1E10	6.64734053814435E-03	7.90498584133616E-05	1E10	67.1116289922806	8.54757194058091E-05	1E10	9.64770347984005	8.18848891796538E-05	1E10	1.61824844700659	8.37184160787483E-05	1E10	0.236200975505836	7.96120940889236E-05	1E10	3.76081786682015E-02	1.2947313415197E-04	1E10	5.64468090454607E-03	5.7307492754518E-05	1E10	5.30722451425842E-03	1E-30	8.24126944467275E-12	0.611408889340492	1E-30	9.46655150855864E-12	9.13419951718941E-02	1E-30	1.80906148665446E-11	3.14894929103677E-02	1E-30	9.27278628891338E-11	2.25505827729299E-02	4.63798460526425E-06	1.4119606493835E-11	3.35444225384736E-03	2.22302328486628E-06	1.47528941687797E-11	4.77446803373516E-03	1E10	1E-30	1E-10	1E10	1E-30	1E-10
703	1.70340152236303E-06	1E10	22727273	1E-30	1.12503172945154E-10	1E10	1E-30	1E10	4.97079720633342E-03	1.41009641010284E-04	1E10	13.2172135103886	1.78639920608308E-04	1E10	1.91531560191333	2.41150145863096E-04	1E10	0.38775123637351	1.86502480817121E-04	1E10	0.124647316053447	1.48471310618122E-04	1E10	2.85460607556383E-02	8.38565371041945E-05	1E10	6.75640810722923E-03	1E-30	9.54823084212554E-12	0.307280345859143	1E-30	9.73253882163367E-12	5.52996484900981E-02	1E-30	1.92305836241077E-11	2.34593368519189E-02	1E-30	1.25291017737457E-10	1.69978753833363E-02	4.01885820502688E-05	4.0330027524808E-12	1.47879298650747E-03	4.43049773467231E-06	2.05732668847695E-11	3.54289570979157E-03	1E10	1E-30	1E-10	1E10	1E-30	1E-10	1E10	1E-30	1E-10
704	1.70340152236303E-06	1E10	22727273	1E-30	1.12503172945154E-10	1E10	1E-30	1E10	4.97079720633342E-03	1.41009641010284E-04	1E10	13.2172135103886	1.78639920608308E-04	1E10	1.91531560191333	2.41150145863096E-04	1E10	0.38775123637351	1.86502480817121E-04	1E10	0.124647316053447	1.48471310618122E-04	1E10	2.85460607556383E-02	8.38565371041945E-05	1E10	6.75640810722923E-03	1E-30	9.54823084212554E-12	0.307280345859143	1E-30	9.73253882163367E-12	5.52996484900981E-02	1E-30	1.92305836241077E-11	2.34593368519189E-02	1E-30	1.25291017737457E-10	1.69978753833363E-02	4.01885820502688E-05	4.0330027524808E-12	1.47879298650747E-03	4.43049773467231E-06	2.05732668847695E-11	3.54289570979157E-03	1E10	1E-30	1E-10	1E10	1E-30	1E-10	1E10	1E-30	1E-10
705	1.70340152236303E-06	1E10	22727273	1E-30	1.12503172945154E-10	1E10	1E-30	1E10	4.97079720633342E-03	1.41009641010284E-04	1E10	13.2172135103886	1.78639920608308E-04	1E10	1.91531560191333	2.41150145863096E-04	1E10	0.38775123637351	1.86502480817121E-04	1E10	0.124647316053447	1.48471310618122E-04	1E10	2.85460607556383E-02	8.38565371041945E-05	1E10	6.75640810722923E-03	1E-30	9.54823084212554E-12	0.307280345859143	1E-30	9.73253882163367E-12	5.52996484900981E-02	1E-30	1.92305836241077E-11	2.34593368519189E-02	1E-30	1.25291017737457E-10	1.69978753833363E-02	4.01885820502688E-05	4.0330027524808E-12	1.47879298650747E-03	4.43049773467231E-06	2.05732668847695E-11	3.54289570979157E-03	1E10	1E-30	1E-10	1E10	1E-30	1E-10	1E10	1E-30	1E-10
END DSCRDATA
