BEGIN DSCRDATA
% INDEX	K01	L01	M01	K02	L02	M02	K03	L03	M03	K04	L04	M04	K05	L05	M05	K06	L06	M06	K07	L07	M07	K08	L08	M08	K09	L09	M09	K10	L10	M10	K11	L11	M11	K12	L12	M12	K13	L13	M13	K14	L14	M14	K15	L15	M15	K16	L16	M16	K17	L17	M17	K18	L18	M18
0	0	0	0	0	0	0	0	0	0	0	0	0	0	0	0	0	0	0	0	0	0	0	0	0	0	0	0	0	0	0	0	0	0	0	0	0	0	0	0	0	0	0	0	0	0	0	0	0	0	0	0	0	0	0
1	5E-13	1E10	1E11	1E-30	5.25246082422584E-10	1E10	1E-30	1E10	0.820882433352223	1E-30	1.37347103896395E-11	0.733530709407677	1E10	1E-30	1E-10	1E10	1E-30	1E-10	1E10	1E-30	1E-10	1E10	1E-30	1E-10	1E10	1E-30	1E-10	1E10	1E-30	1E-10	1E10	1E-30	1E-10	1E10	1E-30	1E-10	1E10	1E-30	1E-10	1E10	1E-30	1E-10	1E10	1E-30	1E-10	1E10	1E-30	1E-10	1E10	1E-30	1E-10	1E10	1E-30	1E-10
2	5E-13	1E10	1E11	1E-30	5.25246082422584E-10	1E10	1E-30	1E10	0.820882433352223	1E-30	1.37347103896395E-11	0.733530709407677	1E10	1E-30	1E-10	1E10	1E-30	1E-10	1E10	1E-30	1E-10	1E10	1E-30	1E-10	1E10	1E-30	1E-10	1E10	1E-30	1E-10	1E10	1E-30	1E-10	1E10	1E-30	1E-10	1E10	1E-30	1E-10	1E10	1E-30	1E-10	1E10	1E-30	1E-10	1E10	1E-30	1E-10	1E10	1E-30	1E-10	1E10	1E-30	1E-10
3	5E-13	1E10	1E11	1E-30	5.25246082422584E-10	1E10	1E-30	1E10	0.820882433352223	1E-30	1.37347103896395E-11	0.733530709407677	1E10	1E-30	1E-10	1E10	1E-30	1E-10	1E10	1E-30	1E-10	1E10	1E-30	1E-10	1E10	1E-30	1E-10	1E10	1E-30	1E-10	1E10	1E-30	1E-10	1E10	1E-30	1E-10	1E10	1E-30	1E-10	1E10	1E-30	1E-10	1E10	1E-30	1E-10	1E10	1E-30	1E-10	1E10	1E-30	1E-10	1E10	1E-30	1E-10
4	5E-13	1E10	1E11	1E-30	5.25246082422584E-10	1E10	1E-30	1E10	0.820882433352223	1E-30	1.37347103896395E-11	0.733530709407677	1E10	1E-30	1E-10	1E10	1E-30	1E-10	1E10	1E-30	1E-10	1E10	1E-30	1E-10	1E10	1E-30	1E-10	1E10	1E-30	1E-10	1E10	1E-30	1E-10	1E10	1E-30	1E-10	1E10	1E-30	1E-10	1E10	1E-30	1E-10	1E10	1E-30	1E-10	1E10	1E-30	1E-10	1E10	1E-30	1E-10	1E10	1E-30	1E-10
5	1E-12	1E10	1E10	1E-30	5.28962348929706E-10	1E10	1E-30	1E10	0.361535751644614	1E-30	4.221245903226E-11	0.227449880944553	2.44480291960533E-11	1.31403485657027E-11	1E5	2.61215981045761E-11	1.00646254183369E-11	1.58181616550283	1E10	1E-30	1E-10	1E10	1E-30	1E-10	1E10	1E-30	1E-10	1E10	1E-30	1E-10	1E10	1E-30	1E-10	1E10	1E-30	1E-10	1E10	1E-30	1E-10	1E10	1E-30	1E-10	1E10	1E-30	1E-10	1E10	1E-30	1E-10	1E10	1E-30	1E-10	1E10	1E-30	1E-10
6	1E-12	1E10	1E10	1E-30	5.28962348929706E-10	1E10	1E-30	1E10	0.361535751644614	1E-30	4.221245903226E-11	0.227449880944553	2.44480291960533E-11	1.31403485657027E-11	1E5	2.61215981045761E-11	1.00646254183369E-11	1.58181616550283	1E10	1E-30	1E-10	1E10	1E-30	1E-10	1E10	1E-30	1E-10	1E10	1E-30	1E-10	1E10	1E-30	1E-10	1E10	1E-30	1E-10	1E10	1E-30	1E-10	1E10	1E-30	1E-10	1E10	1E-30	1E-10	1E10	1E-30	1E-10	1E10	1E-30	1E-10	1E10	1E-30	1E-10
7	1E-12	1E10	1E11	1E-30	5.00022157864254E-10	1E10	1E-30	1E10	0.573624909463896	7.57684120198506E-12	3.42171069985379E-11	15.5116053789337	1E10	1E-30	1E-10	1E10	1E-30	1E-10	1E10	1E-30	1E-10	1E10	1E-30	1E-10	1E10	1E-30	1E-10	1E10	1E-30	1E-10	1E10	1E-30	1E-10	1E10	1E-30	1E-10	1E10	1E-30	1E-10	1E10	1E-30	1E-10	1E10	1E-30	1E-10	1E10	1E-30	1E-10	1E10	1E-30	1E-10	1E10	1E-30	1E-10
8	1E-12	1E10	1E11	1E-30	5.00022157864254E-10	1E10	1E-30	1E10	0.573624909463896	7.57684120198506E-12	3.42171069985379E-11	15.5116053789337	1E10	1E-30	1E-10	1E10	1E-30	1E-10	1E10	1E-30	1E-10	1E10	1E-30	1E-10	1E10	1E-30	1E-10	1E10	1E-30	1E-10	1E10	1E-30	1E-10	1E10	1E-30	1E-10	1E10	1E-30	1E-10	1E10	1E-30	1E-10	1E10	1E-30	1E-10	1E10	1E-30	1E-10	1E10	1E-30	1E-10	1E10	1E-30	1E-10
9	1E-12	1E10	1E11	1E-30	5.00022157864254E-10	1E10	1E-30	1E10	0.573624909463896	7.57684120198506E-12	3.42171069985379E-11	15.5116053789337	1E10	1E-30	1E-10	1E10	1E-30	1E-10	1E10	1E-30	1E-10	1E10	1E-30	1E-10	1E10	1E-30	1E-10	1E10	1E-30	1E-10	1E10	1E-30	1E-10	1E10	1E-30	1E-10	1E10	1E-30	1E-10	1E10	1E-30	1E-10	1E10	1E-30	1E-10	1E10	1E-30	1E-10	1E10	1E-30	1E-10	1E10	1E-30	1E-10
10	1E-12	1E10	1E11	1E-30	5.28962348929706E-10	1E10	1E-30	1E10	0.361535751644614	1E-30	4.221245903226E-11	0.227449880944553	2.44480291960533E-11	1.31403485657027E-11	1E5	2.61215981045761E-11	1.00646254183369E-11	1.58181616550283	1E10	1E-30	1E-10	1E10	1E-30	1E-10	1E10	1E-30	1E-10	1E10	1E-30	1E-10	1E10	1E-30	1E-10	1E10	1E-30	1E-10	1E10	1E-30	1E-10	1E10	1E-30	1E-10	1E10	1E-30	1E-10	1E10	1E-30	1E-10	1E10	1E-30	1E-10	1E10	1E-30	1E-10
11	1.2E-12	1E10	1E11	1E-30	5.07607156835754E-10	1E10	1E-30	1E10	0.482750954533918	1E-30	4.85748454195922E-12	0.2224944218006	8.29790372598523E-12	3.14975748123867E-11	12.8081533366364	1E10	1E-30	1E-10	1E10	1E-30	1E-10	1E10	1E-30	1E-10	1E10	1E-30	1E-10	1E10	1E-30	1E-10	1E10	1E-30	1E-10	1E10	1E-30	1E-10	1E10	1E-30	1E-10	1E10	1E-30	1E-10	1E10	1E-30	1E-10	1E10	1E-30	1E-10	1E10	1E-30	1E-10	1E10	1E-30	1E-10
12	1.2E-12	1E10	1E11	1E-30	5.07607156835754E-10	1E10	1E-30	1E10	0.482750954533918	1E-30	4.85748454195922E-12	0.2224944218006	8.29790372598523E-12	3.14975748123867E-11	12.8081533366364	1E10	1E-30	1E-10	1E10	1E-30	1E-10	1E10	1E-30	1E-10	1E10	1E-30	1E-10	1E10	1E-30	1E-10	1E10	1E-30	1E-10	1E10	1E-30	1E-10	1E10	1E-30	1E-10	1E10	1E-30	1E-10	1E10	1E-30	1E-10	1E10	1E-30	1E-10	1E10	1E-30	1E-10	1E10	1E-30	1E-10
13	1.2E-12	1E10	1E11	1E-30	5.07607156835754E-10	1E10	1E-30	1E10	0.482750954533918	1E-30	4.85748454195922E-12	0.2224944218006	8.29790372598523E-12	3.14975748123867E-11	12.8081533366364	1E10	1E-30	1E-10	1E10	1E-30	1E-10	1E10	1E-30	1E-10	1E10	1E-30	1E-10	1E10	1E-30	1E-10	1E10	1E-30	1E-10	1E10	1E-30	1E-10	1E10	1E-30	1E-10	1E10	1E-30	1E-10	1E10	1E-30	1E-10	1E10	1E-30	1E-10	1E10	1E-30	1E-10	1E10	1E-30	1E-10
14	1.2E-12	1E10	1E11	1E-30	5.07607156835754E-10	1E10	1E-30	1E10	0.482750954533918	1E-30	4.85748454195922E-12	0.2224944218006	8.29790372598523E-12	3.14975748123867E-11	12.8081533366364	1E10	1E-30	1E-10	1E10	1E-30	1E-10	1E10	1E-30	1E-10	1E10	1E-30	1E-10	1E10	1E-30	1E-10	1E10	1E-30	1E-10	1E10	1E-30	1E-10	1E10	1E-30	1E-10	1E10	1E-30	1E-10	1E10	1E-30	1E-10	1E10	1E-30	1E-10	1E10	1E-30	1E-10	1E10	1E-30	1E-10
15	1.5E-12	1E10	1E11	1E-30	4.35895756259676E-10	1E10	1E-30	1E10	0.442122900819728	4.28264665079065E-12	5.7489926938791E-11	25.1397123038374	1E10	1E-30	1E-10	1E10	1E-30	1E-10	1E10	1E-30	1E-10	1E10	1E-30	1E-10	1E10	1E-30	1E-10	1E10	1E-30	1E-10	1E10	1E-30	1E-10	1E10	1E-30	1E-10	1E10	1E-30	1E-10	1E10	1E-30	1E-10	1E10	1E-30	1E-10	1E10	1E-30	1E-10	1E10	1E-30	1E-10	1E10	1E-30	1E-10
16	1.5E-12	1E10	1E11	1E-30	4.35895756259676E-10	1E10	1E-30	1E10	0.442122900819728	4.28264665079065E-12	5.7489926938791E-11	25.1397123038374	1E10	1E-30	1E-10	1E10	1E-30	1E-10	1E10	1E-30	1E-10	1E10	1E-30	1E-10	1E10	1E-30	1E-10	1E10	1E-30	1E-10	1E10	1E-30	1E-10	1E10	1E-30	1E-10	1E10	1E-30	1E-10	1E10	1E-30	1E-10	1E10	1E-30	1E-10	1E10	1E-30	1E-10	1E10	1E-30	1E-10	1E10	1E-30	1E-10
17	1.5E-12	1E10	1E11	1E-30	4.35895756259676E-10	1E10	1E-30	1E10	0.442122900819728	4.28264665079065E-12	5.7489926938791E-11	25.1397123038374	1E10	1E-30	1E-10	1E10	1E-30	1E-10	1E10	1E-30	1E-10	1E10	1E-30	1E-10	1E10	1E-30	1E-10	1E10	1E-30	1E-10	1E10	1E-30	1E-10	1E10	1E-30	1E-10	1E10	1E-30	1E-10	1E10	1E-30	1E-10	1E10	1E-30	1E-10	1E10	1E-30	1E-10	1E10	1E-30	1E-10	1E10	1E-30	1E-10
18	1.5E-12	1E10	1E11	1E-30	4.35895756259676E-10	1E10	1E-30	1E10	0.442122900819728	4.28264665079065E-12	5.7489926938791E-11	25.1397123038374	1E10	1E-30	1E-10	1E10	1E-30	1E-10	1E10	1E-30	1E-10	1E10	1E-30	1E-10	1E10	1E-30	1E-10	1E10	1E-30	1E-10	1E10	1E-30	1E-10	1E10	1E-30	1E-10	1E10	1E-30	1E-10	1E10	1E-30	1E-10	1E10	1E-30	1E-10	1E10	1E-30	1E-10	1E10	1E-30	1E-10	1E10	1E-30	1E-10
19	1.5E-12	1E10	1E11	1E-30	4.35895756259676E-10	1E10	1E-30	1E10	0.442122900819728	4.28264665079065E-12	5.7489926938791E-11	25.1397123038374	1E10	1E-30	1E-10	1E10	1E-30	1E-10	1E10	1E-30	1E-10	1E10	1E-30	1E-10	1E10	1E-30	1E-10	1E10	1E-30	1E-10	1E10	1E-30	1E-10	1E10	1E-30	1E-10	1E10	1E-30	1E-10	1E10	1E-30	1E-10	1E10	1E-30	1E-10	1E10	1E-30	1E-10	1E10	1E-30	1E-10	1E10	1E-30	1E-10
20	1.8E-12	1E10	1E11	1E-30	3.96598440191495E-10	1E10	1E-30	1E10	0.416853081723952	1E-30	1.97543480705983E-12	6.54118326297725E-02	3.20943478015862E-12	8.80217267262138E-11	68.9634256469519	1E10	1E-30	1E-10	1E10	1E-30	1E-10	1E10	1E-30	1E-10	1E10	1E-30	1E-10	1E10	1E-30	1E-10	1E10	1E-30	1E-10	1E10	1E-30	1E-10	1E10	1E-30	1E-10	1E10	1E-30	1E-10	1E10	1E-30	1E-10	1E10	1E-30	1E-10	1E10	1E-30	1E-10	1E10	1E-30	1E-10
21	1.8E-12	1E10	1E11	1E-30	3.96598440191495E-10	1E10	1E-30	1E10	0.416853081723952	1E-30	1.97543480705983E-12	6.54118326297725E-02	3.20943478015862E-12	8.80217267262138E-11	68.9634256469519	1E10	1E-30	1E-10	1E10	1E-30	1E-10	1E10	1E-30	1E-10	1E10	1E-30	1E-10	1E10	1E-30	1E-10	1E10	1E-30	1E-10	1E10	1E-30	1E-10	1E10	1E-30	1E-10	1E10	1E-30	1E-10	1E10	1E-30	1E-10	1E10	1E-30	1E-10	1E10	1E-30	1E-10	1E10	1E-30	1E-10
22	1.8E-12	1E10	1E11	1E-30	3.96598440191495E-10	1E10	1E-30	1E10	0.416853081723952	1E-30	1.97543480705983E-12	6.54118326297725E-02	3.20943478015862E-12	8.80217267262138E-11	68.9634256469519	1E10	1E-30	1E-10	1E10	1E-30	1E-10	1E10	1E-30	1E-10	1E10	1E-30	1E-10	1E10	1E-30	1E-10	1E10	1E-30	1E-10	1E10	1E-30	1E-10	1E10	1E-30	1E-10	1E10	1E-30	1E-10	1E10	1E-30	1E-10	1E10	1E-30	1E-10	1E10	1E-30	1E-10	1E10	1E-30	1E-10
23	1.8E-12	1E10	1E11	1E-30	3.96598440191495E-10	1E10	1E-30	1E10	0.416853081723952	1E-30	1.97543480705983E-12	6.54118326297725E-02	3.20943478015862E-12	8.80217267262138E-11	68.9634256469519	1E10	1E-30	1E-10	1E10	1E-30	1E-10	1E10	1E-30	1E-10	1E10	1E-30	1E-10	1E10	1E-30	1E-10	1E10	1E-30	1E-10	1E10	1E-30	1E-10	1E10	1E-30	1E-10	1E10	1E-30	1E-10	1E10	1E-30	1E-10	1E10	1E-30	1E-10	1E10	1E-30	1E-10	1E10	1E-30	1E-10
24	1.99999999999999E-12	1E10	1E10	1E-30	4.27287171631684E-10	1E10	1E-30	1E10	0.244689401090105	1E-30	3.13055257234574E-11	0.280531196051075	1.86199723482558E-11	1.52490999293272E-11	1.48706859574363	2.34261716245283E-12	1.05808368256427E-10	1E5	1E10	1E-30	1E-10	1E10	1E-30	1E-10	1E10	1E-30	1E-10	1E10	1E-30	1E-10	1E10	1E-30	1E-10	1E10	1E-30	1E-10	1E10	1E-30	1E-10	1E10	1E-30	1E-10	1E10	1E-30	1E-10	1E10	1E-30	1E-10	1E10	1E-30	1E-10	1E10	1E-30	1E-10
25	1.99999999999999E-12	1E10	1E10	1E-30	4.27287171631684E-10	1E10	1E-30	1E10	0.244689401090105	1E-30	3.13055257234574E-11	0.280531196051075	1.86199723482558E-11	1.52490999293272E-11	1.48706859574363	2.34261716245283E-12	1.05808368256427E-10	1E5	1E10	1E-30	1E-10	1E10	1E-30	1E-10	1E10	1E-30	1E-10	1E10	1E-30	1E-10	1E10	1E-30	1E-10	1E10	1E-30	1E-10	1E10	1E-30	1E-10	1E10	1E-30	1E-10	1E10	1E-30	1E-10	1E10	1E-30	1E-10	1E10	1E-30	1E-10	1E10	1E-30	1E-10
26	1.99999999999999E-12	1E10	1E11	1E-30	3.41593732920812E-10	1E10	1E-30	1E10	0.364374944319592	2.20678365964425E-12	1.32778918365413E-10	101.599762965196	1E10	1E-30	1E-10	1E10	1E-30	1E-10	1E10	1E-30	1E-10	1E10	1E-30	1E-10	1E10	1E-30	1E-10	1E10	1E-30	1E-10	1E10	1E-30	1E-10	1E10	1E-30	1E-10	1E10	1E-30	1E-10	1E10	1E-30	1E-10	1E10	1E-30	1E-10	1E10	1E-30	1E-10	1E10	1E-30	1E-10	1E10	1E-30	1E-10
27	1.99999999999999E-12	1E10	1E11	1E-30	3.41593732920812E-10	1E10	1E-30	1E10	0.364374944319592	2.20678365964425E-12	1.32778918365413E-10	101.599762965196	1E10	1E-30	1E-10	1E10	1E-30	1E-10	1E10	1E-30	1E-10	1E10	1E-30	1E-10	1E10	1E-30	1E-10	1E10	1E-30	1E-10	1E10	1E-30	1E-10	1E10	1E-30	1E-10	1E10	1E-30	1E-10	1E10	1E-30	1E-10	1E10	1E-30	1E-10	1E10	1E-30	1E-10	1E10	1E-30	1E-10	1E10	1E-30	1E-10
28	1.99999999999999E-12	1E10	1E11	1E-30	3.41593732920812E-10	1E10	1E-30	1E10	0.364374944319592	2.20678365964425E-12	1.32778918365413E-10	101.599762965196	1E10	1E-30	1E-10	1E10	1E-30	1E-10	1E10	1E-30	1E-10	1E10	1E-30	1E-10	1E10	1E-30	1E-10	1E10	1E-30	1E-10	1E10	1E-30	1E-10	1E10	1E-30	1E-10	1E10	1E-30	1E-10	1E10	1E-30	1E-10	1E10	1E-30	1E-10	1E10	1E-30	1E-10	1E10	1E-30	1E-10	1E10	1E-30	1E-10
29	1.99999999999999E-12	1E10	1E11	1E-30	4.27287171631684E-10	1E10	1E-30	1E10	0.244689401090105	1E-30	3.13055257234574E-11	0.280531196051075	1.86199723482558E-11	1.52490999293272E-11	1.48706859574363	2.34261716245283E-12	1.05808368256427E-10	1E5	1E10	1E-30	1E-10	1E10	1E-30	1E-10	1E10	1E-30	1E-10	1E10	1E-30	1E-10	1E10	1E-30	1E-10	1E10	1E-30	1E-10	1E10	1E-30	1E-10	1E10	1E-30	1E-10	1E10	1E-30	1E-10	1E10	1E-30	1E-10	1E10	1E-30	1E-10	1E10	1E-30	1E-10
30	2.2E-12	1E10	1E11	1E-30	3.53972963975879E-10	1E10	1E-30	1E10	0.340403293008946	2.12171917699867E-12	1.34780881597625E-10	86.4897840227097	1E10	1E-30	1E-10	1E10	1E-30	1E-10	1E10	1E-30	1E-10	1E10	1E-30	1E-10	1E10	1E-30	1E-10	1E10	1E-30	1E-10	1E10	1E-30	1E-10	1E10	1E-30	1E-10	1E10	1E-30	1E-10	1E10	1E-30	1E-10	1E10	1E-30	1E-10	1E10	1E-30	1E-10	1E10	1E-30	1E-10	1E10	1E-30	1E-10
31	2.2E-12	1E10	1E11	1E-30	3.53972963975879E-10	1E10	1E-30	1E10	0.340403293008946	2.12171917699867E-12	1.34780881597625E-10	86.4897840227097	1E10	1E-30	1E-10	1E10	1E-30	1E-10	1E10	1E-30	1E-10	1E10	1E-30	1E-10	1E10	1E-30	1E-10	1E10	1E-30	1E-10	1E10	1E-30	1E-10	1E10	1E-30	1E-10	1E10	1E-30	1E-10	1E10	1E-30	1E-10	1E10	1E-30	1E-10	1E10	1E-30	1E-10	1E10	1E-30	1E-10	1E10	1E-30	1E-10
32	2.2E-12	1E10	1E11	1E-30	3.53972963975879E-10	1E10	1E-30	1E10	0.340403293008946	2.12171917699867E-12	1.34780881597625E-10	86.4897840227097	1E10	1E-30	1E-10	1E10	1E-30	1E-10	1E10	1E-30	1E-10	1E10	1E-30	1E-10	1E10	1E-30	1E-10	1E10	1E-30	1E-10	1E10	1E-30	1E-10	1E10	1E-30	1E-10	1E10	1E-30	1E-10	1E10	1E-30	1E-10	1E10	1E-30	1E-10	1E10	1E-30	1E-10	1E10	1E-30	1E-10	1E10	1E-30	1E-10
33	2.2E-12	1E10	1E11	1E-30	3.53972963975879E-10	1E10	1E-30	1E10	0.340403293008946	2.12171917699867E-12	1.34780881597625E-10	86.4897840227097	1E10	1E-30	1E-10	1E10	1E-30	1E-10	1E10	1E-30	1E-10	1E10	1E-30	1E-10	1E10	1E-30	1E-10	1E10	1E-30	1E-10	1E10	1E-30	1E-10	1E10	1E-30	1E-10	1E10	1E-30	1E-10	1E10	1E-30	1E-10	1E10	1E-30	1E-10	1E10	1E-30	1E-10	1E10	1E-30	1E-10	1E10	1E-30	1E-10
34	2.4E-12	1E10	1E11	1E-30	4.39801034355055E-10	1E10	1E-30	1E10	0.321687276460276	1E-30	3.99226021796946E-12	0.129262545864449	4.0093894744506E-12	7.75042436435428E-11	36.8883822436845	1E10	1E-30	1E-10	1E10	1E-30	1E-10	1E10	1E-30	1E-10	1E10	1E-30	1E-10	1E10	1E-30	1E-10	1E10	1E-30	1E-10	1E10	1E-30	1E-10	1E10	1E-30	1E-10	1E10	1E-30	1E-10	1E10	1E-30	1E-10	1E10	1E-30	1E-10	1E10	1E-30	1E-10	1E10	1E-30	1E-10
35	2.4E-12	1E10	1E11	1E-30	4.39801034355055E-10	1E10	1E-30	1E10	0.321687276460276	1E-30	3.99226021796946E-12	0.129262545864449	4.0093894744506E-12	7.75042436435428E-11	36.8883822436845	1E10	1E-30	1E-10	1E10	1E-30	1E-10	1E10	1E-30	1E-10	1E10	1E-30	1E-10	1E10	1E-30	1E-10	1E10	1E-30	1E-10	1E10	1E-30	1E-10	1E10	1E-30	1E-10	1E10	1E-30	1E-10	1E10	1E-30	1E-10	1E10	1E-30	1E-10	1E10	1E-30	1E-10	1E10	1E-30	1E-10
36	2.4E-12	1E10	1E11	1E-30	4.39801034355055E-10	1E10	1E-30	1E10	0.321687276460276	1E-30	3.99226021796946E-12	0.129262545864449	4.0093894744506E-12	7.75042436435428E-11	36.8883822436845	1E10	1E-30	1E-10	1E10	1E-30	1E-10	1E10	1E-30	1E-10	1E10	1E-30	1E-10	1E10	1E-30	1E-10	1E10	1E-30	1E-10	1E10	1E-30	1E-10	1E10	1E-30	1E-10	1E10	1E-30	1E-10	1E10	1E-30	1E-10	1E10	1E-30	1E-10	1E10	1E-30	1E-10	1E10	1E-30	1E-10
37	2.4E-12	1E10	1E11	1E-30	4.39801034355055E-10	1E10	1E-30	1E10	0.321687276460276	1E-30	3.99226021796946E-12	0.129262545864449	4.0093894744506E-12	7.75042436435428E-11	36.8883822436845	1E10	1E-30	1E-10	1E10	1E-30	1E-10	1E10	1E-30	1E-10	1E10	1E-30	1E-10	1E10	1E-30	1E-10	1E10	1E-30	1E-10	1E10	1E-30	1E-10	1E10	1E-30	1E-10	1E10	1E-30	1E-10	1E10	1E-30	1E-10	1E10	1E-30	1E-10	1E10	1E-30	1E-10	1E10	1E-30	1E-10
38	2.7E-12	1E10	1E11	1E-30	4.14294296915614E-10	1E10	1E-30	1E10	0.308294693856645	1E-30	3.05358533978657E-12	0.102539187270198	3.83926766914044E-12	7.85242960864469E-11	34.9034460352119	1E10	1E-30	1E-10	1E10	1E-30	1E-10	1E10	1E-30	1E-10	1E10	1E-30	1E-10	1E10	1E-30	1E-10	1E10	1E-30	1E-10	1E10	1E-30	1E-10	1E10	1E-30	1E-10	1E10	1E-30	1E-10	1E10	1E-30	1E-10	1E10	1E-30	1E-10	1E10	1E-30	1E-10	1E10	1E-30	1E-10
39	2.7E-12	1E10	1E11	1E-30	4.14294296915614E-10	1E10	1E-30	1E10	0.308294693856645	1E-30	3.05358533978657E-12	0.102539187270198	3.83926766914044E-12	7.85242960864469E-11	34.9034460352119	1E10	1E-30	1E-10	1E10	1E-30	1E-10	1E10	1E-30	1E-10	1E10	1E-30	1E-10	1E10	1E-30	1E-10	1E10	1E-30	1E-10	1E10	1E-30	1E-10	1E10	1E-30	1E-10	1E10	1E-30	1E-10	1E10	1E-30	1E-10	1E10	1E-30	1E-10	1E10	1E-30	1E-10	1E10	1E-30	1E-10
40	2.7E-12	1E10	1E11	1E-30	4.14294296915614E-10	1E10	1E-30	1E10	0.308294693856645	1E-30	3.05358533978657E-12	0.102539187270198	3.83926766914044E-12	7.85242960864469E-11	34.9034460352119	1E10	1E-30	1E-10	1E10	1E-30	1E-10	1E10	1E-30	1E-10	1E10	1E-30	1E-10	1E10	1E-30	1E-10	1E10	1E-30	1E-10	1E10	1E-30	1E-10	1E10	1E-30	1E-10	1E10	1E-30	1E-10	1E10	1E-30	1E-10	1E10	1E-30	1E-10	1E10	1E-30	1E-10	1E10	1E-30	1E-10
41	2.7E-12	1E10	1E11	1E-30	4.14294296915614E-10	1E10	1E-30	1E10	0.308294693856645	1E-30	3.05358533978657E-12	0.102539187270198	3.83926766914044E-12	7.85242960864469E-11	34.9034460352119	1E10	1E-30	1E-10	1E10	1E-30	1E-10	1E10	1E-30	1E-10	1E10	1E-30	1E-10	1E10	1E-30	1E-10	1E10	1E-30	1E-10	1E10	1E-30	1E-10	1E10	1E-30	1E-10	1E10	1E-30	1E-10	1E10	1E-30	1E-10	1E10	1E-30	1E-10	1E10	1E-30	1E-10	1E10	1E-30	1E-10
42	2.7E-12	1E10	1E11	1E-30	4.14294296915614E-10	1E10	1E-30	1E10	0.308294693856645	1E-30	3.05358533978657E-12	0.102539187270198	3.83926766914044E-12	7.85242960864469E-11	34.9034460352119	1E10	1E-30	1E-10	1E10	1E-30	1E-10	1E10	1E-30	1E-10	1E10	1E-30	1E-10	1E10	1E-30	1E-10	1E10	1E-30	1E-10	1E10	1E-30	1E-10	1E10	1E-30	1E-10	1E10	1E-30	1E-10	1E10	1E-30	1E-10	1E10	1E-30	1E-10	1E10	1E-30	1E-10	1E10	1E-30	1E-10
43	3E-12	1E10	1E10	1E-30	4.40267808257545E-10	1E10	1E-30	1E10	0.170227607640475	1E-30	1.64577591871762E-11	0.317543254860764	1E-30	3.15408392272526E-11	0.140699502034867	1.07731240893193E-11	2.79404232289048E-11	5.50765889893049	6.58238295660552E-12	4.50313466233916E-11	1E5	1E10	1E-30	1E-10	1E10	1E-30	1E-10	1E10	1E-30	1E-10	1E10	1E-30	1E-10	1E10	1E-30	1E-10	1E10	1E-30	1E-10	1E10	1E-30	1E-10	1E10	1E-30	1E-10	1E10	1E-30	1E-10	1E10	1E-30	1E-10	1E10	1E-30	1E-10
44	3E-12	1E10	1E10	1E-30	4.40267808257545E-10	1E10	1E-30	1E10	0.170227607640475	1E-30	1.64577591871762E-11	0.317543254860764	1E-30	3.15408392272526E-11	0.140699502034867	1.07731240893193E-11	2.79404232289048E-11	5.50765889893049	6.58238295660552E-12	4.50313466233916E-11	1E5	1E10	1E-30	1E-10	1E10	1E-30	1E-10	1E10	1E-30	1E-10	1E10	1E-30	1E-10	1E10	1E-30	1E-10	1E10	1E-30	1E-10	1E10	1E-30	1E-10	1E10	1E-30	1E-10	1E10	1E-30	1E-10	1E10	1E-30	1E-10	1E10	1E-30	1E-10
45	3E-12	1E10	1E11	1E-30	2.1797652714719E-10	1E10	1E-30	1E10	0.289556653981801	1.24655278656587E-12	2.53880212162819E-10	237.412276891701	1E10	1E-30	1E-10	1E10	1E-30	1E-10	1E10	1E-30	1E-10	1E10	1E-30	1E-10	1E10	1E-30	1E-10	1E10	1E-30	1E-10	1E10	1E-30	1E-10	1E10	1E-30	1E-10	1E10	1E-30	1E-10	1E10	1E-30	1E-10	1E10	1E-30	1E-10	1E10	1E-30	1E-10	1E10	1E-30	1E-10	1E10	1E-30	1E-10
46	3E-12	1E10	1E11	1E-30	2.1797652714719E-10	1E10	1E-30	1E10	0.289556653981801	1.24655278656587E-12	2.53880212162819E-10	237.412276891701	1E10	1E-30	1E-10	1E10	1E-30	1E-10	1E10	1E-30	1E-10	1E10	1E-30	1E-10	1E10	1E-30	1E-10	1E10	1E-30	1E-10	1E10	1E-30	1E-10	1E10	1E-30	1E-10	1E10	1E-30	1E-10	1E10	1E-30	1E-10	1E10	1E-30	1E-10	1E10	1E-30	1E-10	1E10	1E-30	1E-10	1E10	1E-30	1E-10
47	3E-12	1E10	1E11	1E-30	2.1797652714719E-10	1E10	1E-30	1E10	0.289556653981801	1.24655278656587E-12	2.53880212162819E-10	237.412276891701	1E10	1E-30	1E-10	1E10	1E-30	1E-10	1E10	1E-30	1E-10	1E10	1E-30	1E-10	1E10	1E-30	1E-10	1E10	1E-30	1E-10	1E10	1E-30	1E-10	1E10	1E-30	1E-10	1E10	1E-30	1E-10	1E10	1E-30	1E-10	1E10	1E-30	1E-10	1E10	1E-30	1E-10	1E10	1E-30	1E-10	1E10	1E-30	1E-10
48	3E-12	1E10	1E11	1E-30	2.1797652714719E-10	1E10	1E-30	1E10	0.289556653981801	1.24655278656587E-12	2.53880212162819E-10	237.412276891701	1E10	1E-30	1E-10	1E10	1E-30	1E-10	1E10	1E-30	1E-10	1E10	1E-30	1E-10	1E10	1E-30	1E-10	1E10	1E-30	1E-10	1E10	1E-30	1E-10	1E10	1E-30	1E-10	1E10	1E-30	1E-10	1E10	1E-30	1E-10	1E10	1E-30	1E-10	1E10	1E-30	1E-10	1E10	1E-30	1E-10	1E10	1E-30	1E-10
49	3E-12	1E10	1E11	1E-30	4.40267808257545E-10	1E10	1E-30	1E10	0.170227607640475	1E-30	1.64577591871762E-11	0.317543254860764	1E-30	3.15408392272526E-11	0.140699502034867	1.07731240893193E-11	2.79404232289048E-11	5.50765889893049	6.58238295660552E-12	4.50313466233916E-11	1E5	1E10	1E-30	1E-10	1E10	1E-30	1E-10	1E10	1E-30	1E-10	1E10	1E-30	1E-10	1E10	1E-30	1E-10	1E10	1E-30	1E-10	1E10	1E-30	1E-10	1E10	1E-30	1E-10	1E10	1E-30	1E-10	1E10	1E-30	1E-10	1E10	1E-30	1E-10
50	3.29999999999999E-12	1E10	1E11	1E-30	2.45435730610068E-10	1E10	1E-30	1E10	0.264271577242443	1E-30	1.7932428643394E-12	3.66347283440002E-02	1.80257269501765E-12	2.12067205315563E-10	179.170973422714	1E10	1E-30	1E-10	1E10	1E-30	1E-10	1E10	1E-30	1E-10	1E10	1E-30	1E-10	1E10	1E-30	1E-10	1E10	1E-30	1E-10	1E10	1E-30	1E-10	1E10	1E-30	1E-10	1E10	1E-30	1E-10	1E10	1E-30	1E-10	1E10	1E-30	1E-10	1E10	1E-30	1E-10	1E10	1E-30	1E-10
51	3.29999999999999E-12	1E10	1E11	1E-30	2.45435730610068E-10	1E10	1E-30	1E10	0.264271577242443	1E-30	1.7932428643394E-12	3.66347283440002E-02	1.80257269501765E-12	2.12067205315563E-10	179.170973422714	1E10	1E-30	1E-10	1E10	1E-30	1E-10	1E10	1E-30	1E-10	1E10	1E-30	1E-10	1E10	1E-30	1E-10	1E10	1E-30	1E-10	1E10	1E-30	1E-10	1E10	1E-30	1E-10	1E10	1E-30	1E-10	1E10	1E-30	1E-10	1E10	1E-30	1E-10	1E10	1E-30	1E-10	1E10	1E-30	1E-10
52	3.29999999999999E-12	1E10	1E11	1E-30	2.45435730610068E-10	1E10	1E-30	1E10	0.264271577242443	1E-30	1.7932428643394E-12	3.66347283440002E-02	1.80257269501765E-12	2.12067205315563E-10	179.170973422714	1E10	1E-30	1E-10	1E10	1E-30	1E-10	1E10	1E-30	1E-10	1E10	1E-30	1E-10	1E10	1E-30	1E-10	1E10	1E-30	1E-10	1E10	1E-30	1E-10	1E10	1E-30	1E-10	1E10	1E-30	1E-10	1E10	1E-30	1E-10	1E10	1E-30	1E-10	1E10	1E-30	1E-10	1E10	1E-30	1E-10
53	3.29999999999999E-12	1E10	1E11	1E-30	2.45435730610068E-10	1E10	1E-30	1E10	0.264271577242443	1E-30	1.7932428643394E-12	3.66347283440002E-02	1.80257269501765E-12	2.12067205315563E-10	179.170973422714	1E10	1E-30	1E-10	1E10	1E-30	1E-10	1E10	1E-30	1E-10	1E10	1E-30	1E-10	1E10	1E-30	1E-10	1E10	1E-30	1E-10	1E10	1E-30	1E-10	1E10	1E-30	1E-10	1E10	1E-30	1E-10	1E10	1E-30	1E-10	1E10	1E-30	1E-10	1E10	1E-30	1E-10	1E10	1E-30	1E-10
54	3.6E-12	1E10	1E11	1E-30	4.12155262470394E-10	1E10	1E-30	1E10	0.257011162425376	1E-30	1.08078567466391E-11	0.362205580267559	5.97866691830772E-12	6.7007954508871E-11	35.2612433077133	1E10	1E-30	1E-10	1E10	1E-30	1E-10	1E10	1E-30	1E-10	1E10	1E-30	1E-10	1E10	1E-30	1E-10	1E10	1E-30	1E-10	1E10	1E-30	1E-10	1E10	1E-30	1E-10	1E10	1E-30	1E-10	1E10	1E-30	1E-10	1E10	1E-30	1E-10	1E10	1E-30	1E-10	1E10	1E-30	1E-10
55	3.6E-12	1E10	1E11	1E-30	4.12155262470394E-10	1E10	1E-30	1E10	0.257011162425376	1E-30	1.08078567466391E-11	0.362205580267559	5.97866691830772E-12	6.7007954508871E-11	35.2612433077133	1E10	1E-30	1E-10	1E10	1E-30	1E-10	1E10	1E-30	1E-10	1E10	1E-30	1E-10	1E10	1E-30	1E-10	1E10	1E-30	1E-10	1E10	1E-30	1E-10	1E10	1E-30	1E-10	1E10	1E-30	1E-10	1E10	1E-30	1E-10	1E10	1E-30	1E-10	1E10	1E-30	1E-10	1E10	1E-30	1E-10
56	3.6E-12	1E10	1E11	1E-30	4.12155262470394E-10	1E10	1E-30	1E10	0.257011162425376	1E-30	1.08078567466391E-11	0.362205580267559	5.97866691830772E-12	6.7007954508871E-11	35.2612433077133	1E10	1E-30	1E-10	1E10	1E-30	1E-10	1E10	1E-30	1E-10	1E10	1E-30	1E-10	1E10	1E-30	1E-10	1E10	1E-30	1E-10	1E10	1E-30	1E-10	1E10	1E-30	1E-10	1E10	1E-30	1E-10	1E10	1E-30	1E-10	1E10	1E-30	1E-10	1E10	1E-30	1E-10	1E10	1E-30	1E-10
57	3.6E-12	1E10	1E11	1E-30	4.12155262470394E-10	1E10	1E-30	1E10	0.257011162425376	1E-30	1.08078567466391E-11	0.362205580267559	5.97866691830772E-12	6.7007954508871E-11	35.2612433077133	1E10	1E-30	1E-10	1E10	1E-30	1E-10	1E10	1E-30	1E-10	1E10	1E-30	1E-10	1E10	1E-30	1E-10	1E10	1E-30	1E-10	1E10	1E-30	1E-10	1E10	1E-30	1E-10	1E10	1E-30	1E-10	1E10	1E-30	1E-10	1E10	1E-30	1E-10	1E10	1E-30	1E-10	1E10	1E-30	1E-10
58	3.6E-12	1E10	1E11	1E-30	4.12155262470394E-10	1E10	1E-30	1E10	0.257011162425376	1E-30	1.08078567466391E-11	0.362205580267559	5.97866691830772E-12	6.7007954508871E-11	35.2612433077133	1E10	1E-30	1E-10	1E10	1E-30	1E-10	1E10	1E-30	1E-10	1E10	1E-30	1E-10	1E10	1E-30	1E-10	1E10	1E-30	1E-10	1E10	1E-30	1E-10	1E10	1E-30	1E-10	1E10	1E-30	1E-10	1E10	1E-30	1E-10	1E10	1E-30	1E-10	1E10	1E-30	1E-10	1E10	1E-30	1E-10
59	3.9E-12	1E10	1E11	1E-30	3.22054946367455E-10	1E10	1E-30	1E10	0.252696092191308	1E-30	5.22393336937032E-12	0.161818479626654	5.1698697631793E-12	8.20403166677296E-11	44.5449602193334	4.05536871055601E-12	7.6887090825188E-11	73.2332190723638	1E10	1E-30	1E-10	1E10	1E-30	1E-10	1E10	1E-30	1E-10	1E10	1E-30	1E-10	1E10	1E-30	1E-10	1E10	1E-30	1E-10	1E10	1E-30	1E-10	1E10	1E-30	1E-10	1E10	1E-30	1E-10	1E10	1E-30	1E-10	1E10	1E-30	1E-10	1E10	1E-30	1E-10
60	3.9E-12	1E10	1E11	1E-30	3.22054946367455E-10	1E10	1E-30	1E10	0.252696092191308	1E-30	5.22393336937032E-12	0.161818479626654	5.1698697631793E-12	8.20403166677296E-11	44.5449602193334	4.05536871055601E-12	7.6887090825188E-11	73.2332190723638	1E10	1E-30	1E-10	1E10	1E-30	1E-10	1E10	1E-30	1E-10	1E10	1E-30	1E-10	1E10	1E-30	1E-10	1E10	1E-30	1E-10	1E10	1E-30	1E-10	1E10	1E-30	1E-10	1E10	1E-30	1E-10	1E10	1E-30	1E-10	1E10	1E-30	1E-10	1E10	1E-30	1E-10
61	3.9E-12	1E10	1E11	1E-30	3.22054946367455E-10	1E10	1E-30	1E10	0.252696092191308	1E-30	5.22393336937032E-12	0.161818479626654	5.1698697631793E-12	8.20403166677296E-11	44.5449602193334	4.05536871055601E-12	7.6887090825188E-11	73.2332190723638	1E10	1E-30	1E-10	1E10	1E-30	1E-10	1E10	1E-30	1E-10	1E10	1E-30	1E-10	1E10	1E-30	1E-10	1E10	1E-30	1E-10	1E10	1E-30	1E-10	1E10	1E-30	1E-10	1E10	1E-30	1E-10	1E10	1E-30	1E-10	1E10	1E-30	1E-10	1E10	1E-30	1E-10
62	3.9E-12	1E10	1E11	1E-30	3.22054946367455E-10	1E10	1E-30	1E10	0.252696092191308	1E-30	5.22393336937032E-12	0.161818479626654	5.1698697631793E-12	8.20403166677296E-11	44.5449602193334	4.05536871055601E-12	7.6887090825188E-11	73.2332190723638	1E10	1E-30	1E-10	1E10	1E-30	1E-10	1E10	1E-30	1E-10	1E10	1E-30	1E-10	1E10	1E-30	1E-10	1E10	1E-30	1E-10	1E10	1E-30	1E-10	1E10	1E-30	1E-10	1E10	1E-30	1E-10	1E10	1E-30	1E-10	1E10	1E-30	1E-10	1E10	1E-30	1E-10
63	3.9E-12	1E10	1E11	1E-30	3.22054946367455E-10	1E10	1E-30	1E10	0.252696092191308	1E-30	5.22393336937032E-12	0.161818479626654	5.1698697631793E-12	8.20403166677296E-11	44.5449602193334	4.05536871055601E-12	7.6887090825188E-11	73.2332190723638	1E10	1E-30	1E-10	1E10	1E-30	1E-10	1E10	1E-30	1E-10	1E10	1E-30	1E-10	1E10	1E-30	1E-10	1E10	1E-30	1E-10	1E10	1E-30	1E-10	1E10	1E-30	1E-10	1E10	1E-30	1E-10	1E10	1E-30	1E-10	1E10	1E-30	1E-10	1E10	1E-30	1E-10
64	3.99999999999999E-12	1E10	1E10	1E-30	4.09007462120492E-10	1E10	1E-30	1E10	0.153858415197409	1E-30	2.07106693998294E-11	0.57181047835015	1E-30	2.04489439731029E-11	0.120088517616766	1.49882880687073E-11	2.86391228764702E-11	13.7496844139786	4.25341019530837E-12	6.663436830214E-11	1E5	1E10	1E-30	1E-10	1E10	1E-30	1E-10	1E10	1E-30	1E-10	1E10	1E-30	1E-10	1E10	1E-30	1E-10	1E10	1E-30	1E-10	1E10	1E-30	1E-10	1E10	1E-30	1E-10	1E10	1E-30	1E-10	1E10	1E-30	1E-10	1E10	1E-30	1E-10
65	3.99999999999999E-12	1E10	1E10	1E-30	4.09007462120492E-10	1E10	1E-30	1E10	0.153858415197409	1E-30	2.07106693998294E-11	0.57181047835015	1E-30	2.04489439731029E-11	0.120088517616766	1.49882880687073E-11	2.86391228764702E-11	13.7496844139786	4.25341019530837E-12	6.663436830214E-11	1E5	1E10	1E-30	1E-10	1E10	1E-30	1E-10	1E10	1E-30	1E-10	1E10	1E-30	1E-10	1E10	1E-30	1E-10	1E10	1E-30	1E-10	1E10	1E-30	1E-10	1E10	1E-30	1E-10	1E10	1E-30	1E-10	1E10	1E-30	1E-10	1E10	1E-30	1E-10
66	3.99999999999999E-12	1E10	1E11	1E-30	3.25406034377012E-10	1E10	1E-30	1E10	0.249667346589603	1E-30	7.39854854971937E-12	0.229674071270107	5.98169635100781E-12	7.24610370995136E-11	39.9315361930552	3.96868951089966E-12	7.56772547438827E-11	68.4679752664776	1E10	1E-30	1E-10	1E10	1E-30	1E-10	1E10	1E-30	1E-10	1E10	1E-30	1E-10	1E10	1E-30	1E-10	1E10	1E-30	1E-10	1E10	1E-30	1E-10	1E10	1E-30	1E-10	1E10	1E-30	1E-10	1E10	1E-30	1E-10	1E10	1E-30	1E-10	1E10	1E-30	1E-10
67	3.99999999999999E-12	1E10	1E11	1E-30	3.25406034377012E-10	1E10	1E-30	1E10	0.249667346589603	1E-30	7.39854854971937E-12	0.229674071270107	5.98169635100781E-12	7.24610370995136E-11	39.9315361930552	3.96868951089966E-12	7.56772547438827E-11	68.4679752664776	1E10	1E-30	1E-10	1E10	1E-30	1E-10	1E10	1E-30	1E-10	1E10	1E-30	1E-10	1E10	1E-30	1E-10	1E10	1E-30	1E-10	1E10	1E-30	1E-10	1E10	1E-30	1E-10	1E10	1E-30	1E-10	1E10	1E-30	1E-10	1E10	1E-30	1E-10	1E10	1E-30	1E-10
68	3.99999999999999E-12	1E10	1E11	1E-30	3.25406034377012E-10	1E10	1E-30	1E10	0.249667346589603	1E-30	7.39854854971937E-12	0.229674071270107	5.98169635100781E-12	7.24610370995136E-11	39.9315361930552	3.96868951089966E-12	7.56772547438827E-11	68.4679752664776	1E10	1E-30	1E-10	1E10	1E-30	1E-10	1E10	1E-30	1E-10	1E10	1E-30	1E-10	1E10	1E-30	1E-10	1E10	1E-30	1E-10	1E10	1E-30	1E-10	1E10	1E-30	1E-10	1E10	1E-30	1E-10	1E10	1E-30	1E-10	1E10	1E-30	1E-10	1E10	1E-30	1E-10
69	3.99999999999999E-12	1E10	1E11	1E-30	3.25406034377012E-10	1E10	1E-30	1E10	0.249667346589603	1E-30	7.39854854971937E-12	0.229674071270107	5.98169635100781E-12	7.24610370995136E-11	39.9315361930552	3.96868951089966E-12	7.56772547438827E-11	68.4679752664776	1E10	1E-30	1E-10	1E10	1E-30	1E-10	1E10	1E-30	1E-10	1E10	1E-30	1E-10	1E10	1E-30	1E-10	1E10	1E-30	1E-10	1E10	1E-30	1E-10	1E10	1E-30	1E-10	1E10	1E-30	1E-10	1E10	1E-30	1E-10	1E10	1E-30	1E-10	1E10	1E-30	1E-10
70	3.99999999999999E-12	1E10	1E11	1E-30	4.09007462120492E-10	1E10	1E-30	1E10	0.153858415197409	1E-30	2.07106693998294E-11	0.57181047835015	1E-30	2.04489439731029E-11	0.120088517616766	1.49882880687073E-11	2.86391228764702E-11	13.7496844139786	4.25341019530837E-12	6.663436830214E-11	1E5	1E10	1E-30	1E-10	1E10	1E-30	1E-10	1E10	1E-30	1E-10	1E10	1E-30	1E-10	1E10	1E-30	1E-10	1E10	1E-30	1E-10	1E10	1E-30	1E-10	1E10	1E-30	1E-10	1E10	1E-30	1E-10	1E10	1E-30	1E-10	1E10	1E-30	1E-10
71	3.99999999999999E-12	1E10	1E11	1E-30	3.25406034377012E-10	1E10	1E-30	1E10	0.249667346589603	1E-30	7.39854854971937E-12	0.229674071270107	5.98169635100781E-12	7.24610370995136E-11	39.9315361930552	3.96868951089966E-12	7.56772547438827E-11	68.4679752664776	1E10	1E-30	1E-10	1E10	1E-30	1E-10	1E10	1E-30	1E-10	1E10	1E-30	1E-10	1E10	1E-30	1E-10	1E10	1E-30	1E-10	1E10	1E-30	1E-10	1E10	1E-30	1E-10	1E10	1E-30	1E-10	1E10	1E-30	1E-10	1E10	1E-30	1E-10	1E10	1E-30	1E-10
72	4.7E-12	1E10	1E11	1E-30	4.00196296297489E-10	1E10	1E-30	1E10	0.24461907829209	1E-30	1.15411915219785E-11	0.377536345495586	1.69340259605901E-11	3.2055820644756E-11	17.4789589054107	6.84238034878638E-12	4.54871396336234E-11	25.5364919914869	1E10	1E-30	1E-10	1E10	1E-30	1E-10	1E10	1E-30	1E-10	1E10	1E-30	1E-10	1E10	1E-30	1E-10	1E10	1E-30	1E-10	1E10	1E-30	1E-10	1E10	1E-30	1E-10	1E10	1E-30	1E-10	1E10	1E-30	1E-10	1E10	1E-30	1E-10	1E10	1E-30	1E-10
73	4.7E-12	1E10	1E11	1E-30	4.00196296297489E-10	1E10	1E-30	1E10	0.24461907829209	1E-30	1.15411915219785E-11	0.377536345495586	1.69340259605901E-11	3.2055820644756E-11	17.4789589054107	6.84238034878638E-12	4.54871396336234E-11	25.5364919914869	1E10	1E-30	1E-10	1E10	1E-30	1E-10	1E10	1E-30	1E-10	1E10	1E-30	1E-10	1E10	1E-30	1E-10	1E10	1E-30	1E-10	1E10	1E-30	1E-10	1E10	1E-30	1E-10	1E10	1E-30	1E-10	1E10	1E-30	1E-10	1E10	1E-30	1E-10	1E10	1E-30	1E-10
74	4.7E-12	1E10	1E11	1E-30	4.00196296297489E-10	1E10	1E-30	1E10	0.24461907829209	1E-30	1.15411915219785E-11	0.377536345495586	1.69340259605901E-11	3.2055820644756E-11	17.4789589054107	6.84238034878638E-12	4.54871396336234E-11	25.5364919914869	1E10	1E-30	1E-10	1E10	1E-30	1E-10	1E10	1E-30	1E-10	1E10	1E-30	1E-10	1E10	1E-30	1E-10	1E10	1E-30	1E-10	1E10	1E-30	1E-10	1E10	1E-30	1E-10	1E10	1E-30	1E-10	1E10	1E-30	1E-10	1E10	1E-30	1E-10	1E10	1E-30	1E-10
75	4.7E-12	1E10	1E11	1E-30	4.00196296297489E-10	1E10	1E-30	1E10	0.24461907829209	1E-30	1.15411915219785E-11	0.377536345495586	1.69340259605901E-11	3.2055820644756E-11	17.4789589054107	6.84238034878638E-12	4.54871396336234E-11	25.5364919914869	1E10	1E-30	1E-10	1E10	1E-30	1E-10	1E10	1E-30	1E-10	1E10	1E-30	1E-10	1E10	1E-30	1E-10	1E10	1E-30	1E-10	1E10	1E-30	1E-10	1E10	1E-30	1E-10	1E10	1E-30	1E-10	1E10	1E-30	1E-10	1E10	1E-30	1E-10	1E10	1E-30	1E-10
76	4.7E-12	1E10	1E11	1E-30	4.00196296297489E-10	1E10	1E-30	1E10	0.24461907829209	1E-30	1.15411915219785E-11	0.377536345495586	1.69340259605901E-11	3.2055820644756E-11	17.4789589054107	6.84238034878638E-12	4.54871396336234E-11	25.5364919914869	1E10	1E-30	1E-10	1E10	1E-30	1E-10	1E10	1E-30	1E-10	1E10	1E-30	1E-10	1E10	1E-30	1E-10	1E10	1E-30	1E-10	1E10	1E-30	1E-10	1E10	1E-30	1E-10	1E10	1E-30	1E-10	1E10	1E-30	1E-10	1E10	1E-30	1E-10	1E10	1E-30	1E-10
77	4.7E-12	1E10	1E11	1E-30	4.00196296297489E-10	1E10	1E-30	1E10	0.24461907829209	1E-30	1.15411915219785E-11	0.377536345495586	1.69340259605901E-11	3.2055820644756E-11	17.4789589054107	6.84238034878638E-12	4.54871396336234E-11	25.5364919914869	1E10	1E-30	1E-10	1E10	1E-30	1E-10	1E10	1E-30	1E-10	1E10	1E-30	1E-10	1E10	1E-30	1E-10	1E10	1E-30	1E-10	1E10	1E-30	1E-10	1E10	1E-30	1E-10	1E10	1E-30	1E-10	1E10	1E-30	1E-10	1E10	1E-30	1E-10	1E10	1E-30	1E-10
78	4.99999999999999E-12	1E10	1E10	1E-30	3.44524754663812E-10	1E10	1E-30	1E10	0.141589156876827	1E-30	2.84503454992935E-11	0.194008374812198	1.77762119422109E-11	3.23087041038412E-11	15.453406666194	6.35789378444146E-12	4.90307157612547E-11	20.742122700372	4.61929493599536E-12	6.33860826825273E-11	1E5	1E10	1E-30	1E-10	1E10	1E-30	1E-10	1E10	1E-30	1E-10	1E10	1E-30	1E-10	1E10	1E-30	1E-10	1E10	1E-30	1E-10	1E10	1E-30	1E-10	1E10	1E-30	1E-10	1E10	1E-30	1E-10	1E10	1E-30	1E-10	1E10	1E-30	1E-10
79	4.99999999999999E-12	1E10	1E10	1E-30	3.44524754663812E-10	1E10	1E-30	1E10	0.141589156876827	1E-30	2.84503454992935E-11	0.194008374812198	1.77762119422109E-11	3.23087041038412E-11	15.453406666194	6.35789378444146E-12	4.90307157612547E-11	20.742122700372	4.61929493599536E-12	6.33860826825273E-11	1E5	1E10	1E-30	1E-10	1E10	1E-30	1E-10	1E10	1E-30	1E-10	1E10	1E-30	1E-10	1E10	1E-30	1E-10	1E10	1E-30	1E-10	1E10	1E-30	1E-10	1E10	1E-30	1E-10	1E10	1E-30	1E-10	1E10	1E-30	1E-10	1E10	1E-30	1E-10
80	5E-12	1E10	1E11	1E-30	3.48249560512498E-10	1E10	1E-30	1E10	0.245333547826801	1E-30	4.00363217670243E-12	5.70237870650929E-02	1.31199279757147E-11	4.39801947288279E-11	24.6769991589554	4.36138920346856E-12	7.93345154152091E-11	39.1510671786691	1E10	1E-30	1E-10	1E10	1E-30	1E-10	1E10	1E-30	1E-10	1E10	1E-30	1E-10	1E10	1E-30	1E-10	1E10	1E-30	1E-10	1E10	1E-30	1E-10	1E10	1E-30	1E-10	1E10	1E-30	1E-10	1E10	1E-30	1E-10	1E10	1E-30	1E-10	1E10	1E-30	1E-10
81	5E-12	1E10	1E11	1E-30	3.48249560512498E-10	1E10	1E-30	1E10	0.245333547826801	1E-30	4.00363217670243E-12	5.70237870650929E-02	1.31199279757147E-11	4.39801947288279E-11	24.6769991589554	4.36138920346856E-12	7.93345154152091E-11	39.1510671786691	1E10	1E-30	1E-10	1E10	1E-30	1E-10	1E10	1E-30	1E-10	1E10	1E-30	1E-10	1E10	1E-30	1E-10	1E10	1E-30	1E-10	1E10	1E-30	1E-10	1E10	1E-30	1E-10	1E10	1E-30	1E-10	1E10	1E-30	1E-10	1E10	1E-30	1E-10	1E10	1E-30	1E-10
82	5E-12	1E10	1E11	1E-30	3.48249560512498E-10	1E10	1E-30	1E10	0.245333547826801	1E-30	4.00363217670243E-12	5.70237870650929E-02	1.31199279757147E-11	4.39801947288279E-11	24.6769991589554	4.36138920346856E-12	7.93345154152091E-11	39.1510671786691	1E10	1E-30	1E-10	1E10	1E-30	1E-10	1E10	1E-30	1E-10	1E10	1E-30	1E-10	1E10	1E-30	1E-10	1E10	1E-30	1E-10	1E10	1E-30	1E-10	1E10	1E-30	1E-10	1E10	1E-30	1E-10	1E10	1E-30	1E-10	1E10	1E-30	1E-10	1E10	1E-30	1E-10
83	5E-12	1E10	1E11	1E-30	3.48249560512498E-10	1E10	1E-30	1E10	0.245333547826801	1E-30	4.00363217670243E-12	5.70237870650929E-02	1.31199279757147E-11	4.39801947288279E-11	24.6769991589554	4.36138920346856E-12	7.93345154152091E-11	39.1510671786691	1E10	1E-30	1E-10	1E10	1E-30	1E-10	1E10	1E-30	1E-10	1E10	1E-30	1E-10	1E10	1E-30	1E-10	1E10	1E-30	1E-10	1E10	1E-30	1E-10	1E10	1E-30	1E-10	1E10	1E-30	1E-10	1E10	1E-30	1E-10	1E10	1E-30	1E-10	1E10	1E-30	1E-10
84	4.99999999999999E-12	1E10	1E11	1E-30	3.44524754663812E-10	1E10	1E-30	1E10	0.141589156876827	1E-30	2.84503454992935E-11	0.194008374812198	1.77762119422109E-11	3.23087041038412E-11	15.453406666194	6.35789378444146E-12	4.90307157612547E-11	20.742122700372	4.61929493599536E-12	6.33860826825273E-11	1E5	1E10	1E-30	1E-10	1E10	1E-30	1E-10	1E10	1E-30	1E-10	1E10	1E-30	1E-10	1E10	1E-30	1E-10	1E10	1E-30	1E-10	1E10	1E-30	1E-10	1E10	1E-30	1E-10	1E10	1E-30	1E-10	1E10	1E-30	1E-10	1E10	1E-30	1E-10
85	5E-12	1E10	1E11	1E-30	3.48249560512498E-10	1E10	1E-30	1E10	0.245333547826801	1E-30	4.00363217670243E-12	5.70237870650929E-02	1.31199279757147E-11	4.39801947288279E-11	24.6769991589554	4.36138920346856E-12	7.93345154152091E-11	39.1510671786691	1E10	1E-30	1E-10	1E10	1E-30	1E-10	1E10	1E-30	1E-10	1E10	1E-30	1E-10	1E10	1E-30	1E-10	1E10	1E-30	1E-10	1E10	1E-30	1E-10	1E10	1E-30	1E-10	1E10	1E-30	1E-10	1E10	1E-30	1E-10	1E10	1E-30	1E-10	1E10	1E-30	1E-10
86	5.6E-12	1E10	1E11	1E-30	3.12373862923918E-10	1E10	1E-30	1E10	0.240641734792214	1.78945945648389E-11	3.53598478413614E-11	18.9425905688791	2.62233925712849E-12	1.25992000587521E-10	58.9450845676529	1E10	1E-30	1E-10	1E10	1E-30	1E-10	1E10	1E-30	1E-10	1E10	1E-30	1E-10	1E10	1E-30	1E-10	1E10	1E-30	1E-10	1E10	1E-30	1E-10	1E10	1E-30	1E-10	1E10	1E-30	1E-10	1E10	1E-30	1E-10	1E10	1E-30	1E-10	1E10	1E-30	1E-10	1E10	1E-30	1E-10
87	5.6E-12	1E10	1E11	1E-30	3.12373862923918E-10	1E10	1E-30	1E10	0.240641734792214	1.78945945648389E-11	3.53598478413614E-11	18.9425905688791	2.62233925712849E-12	1.25992000587521E-10	58.9450845676529	1E10	1E-30	1E-10	1E10	1E-30	1E-10	1E10	1E-30	1E-10	1E10	1E-30	1E-10	1E10	1E-30	1E-10	1E10	1E-30	1E-10	1E10	1E-30	1E-10	1E10	1E-30	1E-10	1E10	1E-30	1E-10	1E10	1E-30	1E-10	1E10	1E-30	1E-10	1E10	1E-30	1E-10	1E10	1E-30	1E-10
88	5.6E-12	1E10	1E11	1E-30	3.12373862923918E-10	1E10	1E-30	1E10	0.240641734792214	1.78945945648389E-11	3.53598478413614E-11	18.9425905688791	2.62233925712849E-12	1.25992000587521E-10	58.9450845676529	1E10	1E-30	1E-10	1E10	1E-30	1E-10	1E10	1E-30	1E-10	1E10	1E-30	1E-10	1E10	1E-30	1E-10	1E10	1E-30	1E-10	1E10	1E-30	1E-10	1E10	1E-30	1E-10	1E10	1E-30	1E-10	1E10	1E-30	1E-10	1E10	1E-30	1E-10	1E10	1E-30	1E-10	1E10	1E-30	1E-10
89	5.6E-12	1E10	1E11	1E-30	3.12373862923918E-10	1E10	1E-30	1E10	0.240641734792214	1.78945945648389E-11	3.53598478413614E-11	18.9425905688791	2.62233925712849E-12	1.25992000587521E-10	58.9450845676529	1E10	1E-30	1E-10	1E10	1E-30	1E-10	1E10	1E-30	1E-10	1E10	1E-30	1E-10	1E10	1E-30	1E-10	1E10	1E-30	1E-10	1E10	1E-30	1E-10	1E10	1E-30	1E-10	1E10	1E-30	1E-10	1E10	1E-30	1E-10	1E10	1E-30	1E-10	1E10	1E-30	1E-10	1E10	1E-30	1E-10
90	5.6E-12	1E10	1E11	1E-30	3.12373862923918E-10	1E10	1E-30	1E10	0.240641734792214	1.78945945648389E-11	3.53598478413614E-11	18.9425905688791	2.62233925712849E-12	1.25992000587521E-10	58.9450845676529	1E10	1E-30	1E-10	1E10	1E-30	1E-10	1E10	1E-30	1E-10	1E10	1E-30	1E-10	1E10	1E-30	1E-10	1E10	1E-30	1E-10	1E10	1E-30	1E-10	1E10	1E-30	1E-10	1E10	1E-30	1E-10	1E10	1E-30	1E-10	1E10	1E-30	1E-10	1E10	1E-30	1E-10	1E10	1E-30	1E-10
91	5.6E-12	1E10	1E11	1E-30	3.12373862923918E-10	1E10	1E-30	1E10	0.240641734792214	1.78945945648389E-11	3.53598478413614E-11	18.9425905688791	2.62233925712849E-12	1.25992000587521E-10	58.9450845676529	1E10	1E-30	1E-10	1E10	1E-30	1E-10	1E10	1E-30	1E-10	1E10	1E-30	1E-10	1E10	1E-30	1E-10	1E10	1E-30	1E-10	1E10	1E-30	1E-10	1E10	1E-30	1E-10	1E10	1E-30	1E-10	1E10	1E-30	1E-10	1E10	1E-30	1E-10	1E10	1E-30	1E-10	1E10	1E-30	1E-10
92	6E-12	1E10	1E10	1E-30	3.59724054510316E-10	1E10	1E-30	1E10	0.138366194183787	1E-30	1.71613519324892E-11	0.448890641567964	1E-30	4.01539524152057E-11	0.153377626146615	1.20442353185205E-11	2.48255616704309E-11	3.44703564630464	1.91388945076607E-12	1.31643736040435E-10	1E5	1E10	1E-30	1E-10	1E10	1E-30	1E-10	1E10	1E-30	1E-10	1E10	1E-30	1E-10	1E10	1E-30	1E-10	1E10	1E-30	1E-10	1E10	1E-30	1E-10	1E10	1E-30	1E-10	1E10	1E-30	1E-10	1E10	1E-30	1E-10	1E10	1E-30	1E-10
93	6E-12	1E10	1E10	1E-30	3.59724054510316E-10	1E10	1E-30	1E10	0.138366194183787	1E-30	1.71613519324892E-11	0.448890641567964	1E-30	4.01539524152057E-11	0.153377626146615	1.20442353185205E-11	2.48255616704309E-11	3.44703564630464	1.91388945076607E-12	1.31643736040435E-10	1E5	1E10	1E-30	1E-10	1E10	1E-30	1E-10	1E10	1E-30	1E-10	1E10	1E-30	1E-10	1E10	1E-30	1E-10	1E10	1E-30	1E-10	1E10	1E-30	1E-10	1E10	1E-30	1E-10	1E10	1E-30	1E-10	1E10	1E-30	1E-10	1E10	1E-30	1E-10
94	6E-12	1E10	1E11	1E-30	3.75973519032321E-10	1E10	1E-30	1E10	0.233510302698966	1E-30	5.49405051208051E-12	8.10670190768855E-02	2.21946309396795E-11	2.52662632612392E-11	10.3970478972237	3.08108611213183E-12	1.08591974847821E-10	57.6975365941682	1E10	1E-30	1E-10	1E10	1E-30	1E-10	1E10	1E-30	1E-10	1E10	1E-30	1E-10	1E10	1E-30	1E-10	1E10	1E-30	1E-10	1E10	1E-30	1E-10	1E10	1E-30	1E-10	1E10	1E-30	1E-10	1E10	1E-30	1E-10	1E10	1E-30	1E-10	1E10	1E-30	1E-10
95	6E-12	1E10	1E11	1E-30	3.75973519032321E-10	1E10	1E-30	1E10	0.233510302698966	1E-30	5.49405051208051E-12	8.10670190768855E-02	2.21946309396795E-11	2.52662632612392E-11	10.3970478972237	3.08108611213183E-12	1.08591974847821E-10	57.6975365941682	1E10	1E-30	1E-10	1E10	1E-30	1E-10	1E10	1E-30	1E-10	1E10	1E-30	1E-10	1E10	1E-30	1E-10	1E10	1E-30	1E-10	1E10	1E-30	1E-10	1E10	1E-30	1E-10	1E10	1E-30	1E-10	1E10	1E-30	1E-10	1E10	1E-30	1E-10	1E10	1E-30	1E-10
96	6E-12	1E10	1E11	1E-30	3.75973519032321E-10	1E10	1E-30	1E10	0.233510302698966	1E-30	5.49405051208051E-12	8.10670190768855E-02	2.21946309396795E-11	2.52662632612392E-11	10.3970478972237	3.08108611213183E-12	1.08591974847821E-10	57.6975365941682	1E10	1E-30	1E-10	1E10	1E-30	1E-10	1E10	1E-30	1E-10	1E10	1E-30	1E-10	1E10	1E-30	1E-10	1E10	1E-30	1E-10	1E10	1E-30	1E-10	1E10	1E-30	1E-10	1E10	1E-30	1E-10	1E10	1E-30	1E-10	1E10	1E-30	1E-10	1E10	1E-30	1E-10
97	6E-12	1E10	1E11	1E-30	3.75973519032321E-10	1E10	1E-30	1E10	0.233510302698966	1E-30	5.49405051208051E-12	8.10670190768855E-02	2.21946309396795E-11	2.52662632612392E-11	10.3970478972237	3.08108611213183E-12	1.08591974847821E-10	57.6975365941682	1E10	1E-30	1E-10	1E10	1E-30	1E-10	1E10	1E-30	1E-10	1E10	1E-30	1E-10	1E10	1E-30	1E-10	1E10	1E-30	1E-10	1E10	1E-30	1E-10	1E10	1E-30	1E-10	1E10	1E-30	1E-10	1E10	1E-30	1E-10	1E10	1E-30	1E-10	1E10	1E-30	1E-10
98	6E-12	1E10	1E11	1E-30	3.75973519032321E-10	1E10	1E-30	1E10	0.233510302698966	1E-30	5.49405051208051E-12	8.10670190768855E-02	2.21946309396795E-11	2.52662632612392E-11	10.3970478972237	3.08108611213183E-12	1.08591974847821E-10	57.6975365941682	1E10	1E-30	1E-10	1E10	1E-30	1E-10	1E10	1E-30	1E-10	1E10	1E-30	1E-10	1E10	1E-30	1E-10	1E10	1E-30	1E-10	1E10	1E-30	1E-10	1E10	1E-30	1E-10	1E10	1E-30	1E-10	1E10	1E-30	1E-10	1E10	1E-30	1E-10	1E10	1E-30	1E-10
99	6E-12	1E10	1E11	1E-30	3.59724054510316E-10	1E10	1E-30	1E10	0.138366194183787	1E-30	1.71613519324892E-11	0.448890641567964	1E-30	4.01539524152057E-11	0.153377626146615	1.20442353185205E-11	2.48255616704309E-11	3.44703564630464	1.91388945076607E-12	1.31643736040435E-10	1E5	1E10	1E-30	1E-10	1E10	1E-30	1E-10	1E10	1E-30	1E-10	1E10	1E-30	1E-10	1E10	1E-30	1E-10	1E10	1E-30	1E-10	1E10	1E-30	1E-10	1E10	1E-30	1E-10	1E10	1E-30	1E-10	1E10	1E-30	1E-10	1E10	1E-30	1E-10
100	6.79999999999999E-12	1E10	1E11	1E-30	3.07942770184507E-10	1E10	1E-30	1E10	0.213441328738842	3.57474042347004E-11	1.98213870803974E-11	9.94049343592489	2.01185698046833E-12	1.58893073190177E-10	72.5273941271869	1E10	1E-30	1E-10	1E10	1E-30	1E-10	1E10	1E-30	1E-10	1E10	1E-30	1E-10	1E10	1E-30	1E-10	1E10	1E-30	1E-10	1E10	1E-30	1E-10	1E10	1E-30	1E-10	1E10	1E-30	1E-10	1E10	1E-30	1E-10	1E10	1E-30	1E-10	1E10	1E-30	1E-10	1E10	1E-30	1E-10
101	6.79999999999999E-12	1E10	1E11	1E-30	3.07942770184507E-10	1E10	1E-30	1E10	0.213441328738842	3.57474042347004E-11	1.98213870803974E-11	9.94049343592489	2.01185698046833E-12	1.58893073190177E-10	72.5273941271869	1E10	1E-30	1E-10	1E10	1E-30	1E-10	1E10	1E-30	1E-10	1E10	1E-30	1E-10	1E10	1E-30	1E-10	1E10	1E-30	1E-10	1E10	1E-30	1E-10	1E10	1E-30	1E-10	1E10	1E-30	1E-10	1E10	1E-30	1E-10	1E10	1E-30	1E-10	1E10	1E-30	1E-10	1E10	1E-30	1E-10
102	6.79999999999999E-12	1E10	1E11	1E-30	3.07942770184507E-10	1E10	1E-30	1E10	0.213441328738842	3.57474042347004E-11	1.98213870803974E-11	9.94049343592489	2.01185698046833E-12	1.58893073190177E-10	72.5273941271869	1E10	1E-30	1E-10	1E10	1E-30	1E-10	1E10	1E-30	1E-10	1E10	1E-30	1E-10	1E10	1E-30	1E-10	1E10	1E-30	1E-10	1E10	1E-30	1E-10	1E10	1E-30	1E-10	1E10	1E-30	1E-10	1E10	1E-30	1E-10	1E10	1E-30	1E-10	1E10	1E-30	1E-10	1E10	1E-30	1E-10
103	6.79999999999999E-12	1E10	1E11	1E-30	3.07942770184507E-10	1E10	1E-30	1E10	0.213441328738842	3.57474042347004E-11	1.98213870803974E-11	9.94049343592489	2.01185698046833E-12	1.58893073190177E-10	72.5273941271869	1E10	1E-30	1E-10	1E10	1E-30	1E-10	1E10	1E-30	1E-10	1E10	1E-30	1E-10	1E10	1E-30	1E-10	1E10	1E-30	1E-10	1E10	1E-30	1E-10	1E10	1E-30	1E-10	1E10	1E-30	1E-10	1E10	1E-30	1E-10	1E10	1E-30	1E-10	1E10	1E-30	1E-10	1E10	1E-30	1E-10
104	6.79999999999999E-12	1E10	1E11	1E-30	3.07942770184507E-10	1E10	1E-30	1E10	0.213441328738842	3.57474042347004E-11	1.98213870803974E-11	9.94049343592489	2.01185698046833E-12	1.58893073190177E-10	72.5273941271869	1E10	1E-30	1E-10	1E10	1E-30	1E-10	1E10	1E-30	1E-10	1E10	1E-30	1E-10	1E10	1E-30	1E-10	1E10	1E-30	1E-10	1E10	1E-30	1E-10	1E10	1E-30	1E-10	1E10	1E-30	1E-10	1E10	1E-30	1E-10	1E10	1E-30	1E-10	1E10	1E-30	1E-10	1E10	1E-30	1E-10
105	6.79999999999999E-12	1E10	1E11	1E-30	3.07942770184507E-10	1E10	1E-30	1E10	0.213441328738842	3.57474042347004E-11	1.98213870803974E-11	9.94049343592489	2.01185698046833E-12	1.58893073190177E-10	72.5273941271869	1E10	1E-30	1E-10	1E10	1E-30	1E-10	1E10	1E-30	1E-10	1E10	1E-30	1E-10	1E10	1E-30	1E-10	1E10	1E-30	1E-10	1E10	1E-30	1E-10	1E10	1E-30	1E-10	1E10	1E-30	1E-10	1E10	1E-30	1E-10	1E10	1E-30	1E-10	1E10	1E-30	1E-10	1E10	1E-30	1E-10
106	7E-12	1E10	1E10	1E-30	4.10737274821517E-10	1E10	1E-30	1E10	0.132138689601519	1E-30	9.41165185311733E-12	0.170443890345174	1E-30	4.668269877523E-11	0.163435528821805	5.95556257570078E-12	5.37893207778225E-11	13.3079667141797	1.16341450695228E-11	2.70249999018488E-11	1E5	1E10	1E-30	1E-10	1E10	1E-30	1E-10	1E10	1E-30	1E-10	1E10	1E-30	1E-10	1E10	1E-30	1E-10	1E10	1E-30	1E-10	1E10	1E-30	1E-10	1E10	1E-30	1E-10	1E10	1E-30	1E-10	1E10	1E-30	1E-10	1E10	1E-30	1E-10
107	7E-12	1E10	1E10	1E-30	4.10737274821517E-10	1E10	1E-30	1E10	0.132138689601519	1E-30	9.41165185311733E-12	0.170443890345174	1E-30	4.668269877523E-11	0.163435528821805	5.95556257570078E-12	5.37893207778225E-11	13.3079667141797	1.16341450695228E-11	2.70249999018488E-11	1E5	1E10	1E-30	1E-10	1E10	1E-30	1E-10	1E10	1E-30	1E-10	1E10	1E-30	1E-10	1E10	1E-30	1E-10	1E10	1E-30	1E-10	1E10	1E-30	1E-10	1E10	1E-30	1E-10	1E10	1E-30	1E-10	1E10	1E-30	1E-10	1E10	1E-30	1E-10
108	7E-12	1E10	1E11	1E-30	2.4818212382374E-10	1E10	1E-30	1E10	0.210495116996634	2.57707240264474E-11	2.87330720405873E-11	13.6990707060788	1.62371137651876E-12	2.06543824747884E-10	130.458522062362	1E10	1E-30	1E-10	1E10	1E-30	1E-10	1E10	1E-30	1E-10	1E10	1E-30	1E-10	1E10	1E-30	1E-10	1E10	1E-30	1E-10	1E10	1E-30	1E-10	1E10	1E-30	1E-10	1E10	1E-30	1E-10	1E10	1E-30	1E-10	1E10	1E-30	1E-10	1E10	1E-30	1E-10	1E10	1E-30	1E-10
109	7E-12	1E10	1E11	1E-30	2.4818212382374E-10	1E10	1E-30	1E10	0.210495116996634	2.57707240264474E-11	2.87330720405873E-11	13.6990707060788	1.62371137651876E-12	2.06543824747884E-10	130.458522062362	1E10	1E-30	1E-10	1E10	1E-30	1E-10	1E10	1E-30	1E-10	1E10	1E-30	1E-10	1E10	1E-30	1E-10	1E10	1E-30	1E-10	1E10	1E-30	1E-10	1E10	1E-30	1E-10	1E10	1E-30	1E-10	1E10	1E-30	1E-10	1E10	1E-30	1E-10	1E10	1E-30	1E-10	1E10	1E-30	1E-10
110	7E-12	1E10	1E11	1E-30	2.4818212382374E-10	1E10	1E-30	1E10	0.210495116996634	2.57707240264474E-11	2.87330720405873E-11	13.6990707060788	1.62371137651876E-12	2.06543824747884E-10	130.458522062362	1E10	1E-30	1E-10	1E10	1E-30	1E-10	1E10	1E-30	1E-10	1E10	1E-30	1E-10	1E10	1E-30	1E-10	1E10	1E-30	1E-10	1E10	1E-30	1E-10	1E10	1E-30	1E-10	1E10	1E-30	1E-10	1E10	1E-30	1E-10	1E10	1E-30	1E-10	1E10	1E-30	1E-10	1E10	1E-30	1E-10
111	7E-12	1E10	1E11	1E-30	2.4818212382374E-10	1E10	1E-30	1E10	0.210495116996634	2.57707240264474E-11	2.87330720405873E-11	13.6990707060788	1.62371137651876E-12	2.06543824747884E-10	130.458522062362	1E10	1E-30	1E-10	1E10	1E-30	1E-10	1E10	1E-30	1E-10	1E10	1E-30	1E-10	1E10	1E-30	1E-10	1E10	1E-30	1E-10	1E10	1E-30	1E-10	1E10	1E-30	1E-10	1E10	1E-30	1E-10	1E10	1E-30	1E-10	1E10	1E-30	1E-10	1E10	1E-30	1E-10	1E10	1E-30	1E-10
112	7E-12	1E10	1E11	1E-30	2.4818212382374E-10	1E10	1E-30	1E10	0.210495116996634	2.57707240264474E-11	2.87330720405873E-11	13.6990707060788	1.62371137651876E-12	2.06543824747884E-10	130.458522062362	1E10	1E-30	1E-10	1E10	1E-30	1E-10	1E10	1E-30	1E-10	1E10	1E-30	1E-10	1E10	1E-30	1E-10	1E10	1E-30	1E-10	1E10	1E-30	1E-10	1E10	1E-30	1E-10	1E10	1E-30	1E-10	1E10	1E-30	1E-10	1E10	1E-30	1E-10	1E10	1E-30	1E-10	1E10	1E-30	1E-10
113	7E-12	1E10	1E11	1E-30	4.10737274821517E-10	1E10	1E-30	1E10	0.132138689601519	1E-30	9.41165185311733E-12	0.170443890345174	1E-30	4.668269877523E-11	0.163435528821805	5.95556257570078E-12	5.37893207778225E-11	13.3079667141797	1.16341450695228E-11	2.70249999018488E-11	1E5	1E10	1E-30	1E-10	1E10	1E-30	1E-10	1E10	1E-30	1E-10	1E10	1E-30	1E-10	1E10	1E-30	1E-10	1E10	1E-30	1E-10	1E10	1E-30	1E-10	1E10	1E-30	1E-10	1E10	1E-30	1E-10	1E10	1E-30	1E-10	1E10	1E-30	1E-10
114	8E-12	1E10	1E10	1E-30	3.51948466420756E-10	1E10	1E-30	1E10	0.129231386029393	1E-30	2.80802908151238E-11	0.120818804508796	3.14527109235627E-11	2.87786625257345E-11	12.0347112635411	6.26892678011739E-12	6.72173790664409E-11	25.1256463781694	1.63442918920454E-11	1.96055649307004E-11	40.9383366051656	1E10	1E-30	1E-10	1E10	1E-30	1E-10	1E10	1E-30	1E-10	1E10	1E-30	1E-10	1E10	1E-30	1E-10	1E10	1E-30	1E-10	1E10	1E-30	1E-10	1E10	1E-30	1E-10	1E10	1E-30	1E-10	1E10	1E-30	1E-10	1E10	1E-30	1E-10
115	8E-12	1E10	1E10	1E-30	3.51948466420756E-10	1E10	1E-30	1E10	0.129231386029393	1E-30	2.80802908151238E-11	0.120818804508796	3.14527109235627E-11	2.87786625257345E-11	12.0347112635411	6.26892678011739E-12	6.72173790664409E-11	25.1256463781694	1.63442918920454E-11	1.96055649307004E-11	40.9383366051656	1E10	1E-30	1E-10	1E10	1E-30	1E-10	1E10	1E-30	1E-10	1E10	1E-30	1E-10	1E10	1E-30	1E-10	1E10	1E-30	1E-10	1E10	1E-30	1E-10	1E10	1E-30	1E-10	1E10	1E-30	1E-10	1E10	1E-30	1E-10	1E10	1E-30	1E-10
116	8E-12	1E10	1E11	1E-30	3.19317508224978E-10	1E10	1E-30	1E10	0.214247322045813	3.14525180970412E-11	2.8044755405891E-11	13.043369327764	3.53589633253531E-12	1.10622075048727E-10	38.9915878680327	1E10	1E-30	1E-10	1E10	1E-30	1E-10	1E10	1E-30	1E-10	1E10	1E-30	1E-10	1E10	1E-30	1E-10	1E10	1E-30	1E-10	1E10	1E-30	1E-10	1E10	1E-30	1E-10	1E10	1E-30	1E-10	1E10	1E-30	1E-10	1E10	1E-30	1E-10	1E10	1E-30	1E-10	1E10	1E-30	1E-10
117	8E-12	1E10	1E11	1E-30	3.19317508224978E-10	1E10	1E-30	1E10	0.214247322045813	3.14525180970412E-11	2.8044755405891E-11	13.043369327764	3.53589633253531E-12	1.10622075048727E-10	38.9915878680327	1E10	1E-30	1E-10	1E10	1E-30	1E-10	1E10	1E-30	1E-10	1E10	1E-30	1E-10	1E10	1E-30	1E-10	1E10	1E-30	1E-10	1E10	1E-30	1E-10	1E10	1E-30	1E-10	1E10	1E-30	1E-10	1E10	1E-30	1E-10	1E10	1E-30	1E-10	1E10	1E-30	1E-10	1E10	1E-30	1E-10
118	8E-12	1E10	1E11	1E-30	3.19317508224978E-10	1E10	1E-30	1E10	0.214247322045813	3.14525180970412E-11	2.8044755405891E-11	13.043369327764	3.53589633253531E-12	1.10622075048727E-10	38.9915878680327	1E10	1E-30	1E-10	1E10	1E-30	1E-10	1E10	1E-30	1E-10	1E10	1E-30	1E-10	1E10	1E-30	1E-10	1E10	1E-30	1E-10	1E10	1E-30	1E-10	1E10	1E-30	1E-10	1E10	1E-30	1E-10	1E10	1E-30	1E-10	1E10	1E-30	1E-10	1E10	1E-30	1E-10	1E10	1E-30	1E-10
119	8E-12	1E10	1E11	1E-30	3.19317508224978E-10	1E10	1E-30	1E10	0.214247322045813	3.14525180970412E-11	2.8044755405891E-11	13.043369327764	3.53589633253531E-12	1.10622075048727E-10	38.9915878680327	1E10	1E-30	1E-10	1E10	1E-30	1E-10	1E10	1E-30	1E-10	1E10	1E-30	1E-10	1E10	1E-30	1E-10	1E10	1E-30	1E-10	1E10	1E-30	1E-10	1E10	1E-30	1E-10	1E10	1E-30	1E-10	1E10	1E-30	1E-10	1E10	1E-30	1E-10	1E10	1E-30	1E-10	1E10	1E-30	1E-10
120	8E-12	1E10	1E11	1E-30	3.19317508224978E-10	1E10	1E-30	1E10	0.214247322045813	3.14525180970412E-11	2.8044755405891E-11	13.043369327764	3.53589633253531E-12	1.10622075048727E-10	38.9915878680327	1E10	1E-30	1E-10	1E10	1E-30	1E-10	1E10	1E-30	1E-10	1E10	1E-30	1E-10	1E10	1E-30	1E-10	1E10	1E-30	1E-10	1E10	1E-30	1E-10	1E10	1E-30	1E-10	1E10	1E-30	1E-10	1E10	1E-30	1E-10	1E10	1E-30	1E-10	1E10	1E-30	1E-10	1E10	1E-30	1E-10
121	8E-12	1E10	1E11	1E-30	3.51948466420756E-10	1E10	1E-30	1E10	0.129231386029393	1E-30	2.80802908151238E-11	0.120818804508796	3.14527109235627E-11	2.87786625257345E-11	12.0347112635411	6.26892678011739E-12	6.72173790664409E-11	25.1256463781694	1.63442918920454E-11	1.96055649307004E-11	40.9383366051656	1E10	1E-30	1E-10	1E10	1E-30	1E-10	1E10	1E-30	1E-10	1E10	1E-30	1E-10	1E10	1E-30	1E-10	1E10	1E-30	1E-10	1E10	1E-30	1E-10	1E10	1E-30	1E-10	1E10	1E-30	1E-10	1E10	1E-30	1E-10	1E10	1E-30	1E-10
122	8.2E-12	1E10	1E11	1E-30	3.26212183973888E-10	1E10	1E-30	1E10	0.211756153512269	1E-30	2.49043566612278E-12	5.25386661445821E-02	3.29378676440802E-11	2.72057791411527E-11	11.8114276187459	4.12126532784728E-12	9.84446183098417E-11	37.0069427958748	1E10	1E-30	1E-10	1E10	1E-30	1E-10	1E10	1E-30	1E-10	1E10	1E-30	1E-10	1E10	1E-30	1E-10	1E10	1E-30	1E-10	1E10	1E-30	1E-10	1E10	1E-30	1E-10	1E10	1E-30	1E-10	1E10	1E-30	1E-10	1E10	1E-30	1E-10	1E10	1E-30	1E-10
123	8.2E-12	1E10	1E11	1E-30	3.26212183973888E-10	1E10	1E-30	1E10	0.211756153512269	1E-30	2.49043566612278E-12	5.25386661445821E-02	3.29378676440802E-11	2.72057791411527E-11	11.8114276187459	4.12126532784728E-12	9.84446183098417E-11	37.0069427958748	1E10	1E-30	1E-10	1E10	1E-30	1E-10	1E10	1E-30	1E-10	1E10	1E-30	1E-10	1E10	1E-30	1E-10	1E10	1E-30	1E-10	1E10	1E-30	1E-10	1E10	1E-30	1E-10	1E10	1E-30	1E-10	1E10	1E-30	1E-10	1E10	1E-30	1E-10	1E10	1E-30	1E-10
124	8.2E-12	1E10	1E11	1E-30	3.26212183973888E-10	1E10	1E-30	1E10	0.211756153512269	1E-30	2.49043566612278E-12	5.25386661445821E-02	3.29378676440802E-11	2.72057791411527E-11	11.8114276187459	4.12126532784728E-12	9.84446183098417E-11	37.0069427958748	1E10	1E-30	1E-10	1E10	1E-30	1E-10	1E10	1E-30	1E-10	1E10	1E-30	1E-10	1E10	1E-30	1E-10	1E10	1E-30	1E-10	1E10	1E-30	1E-10	1E10	1E-30	1E-10	1E10	1E-30	1E-10	1E10	1E-30	1E-10	1E10	1E-30	1E-10	1E10	1E-30	1E-10
125	8.2E-12	1E10	1E11	1E-30	3.26212183973888E-10	1E10	1E-30	1E10	0.211756153512269	1E-30	2.49043566612278E-12	5.25386661445821E-02	3.29378676440802E-11	2.72057791411527E-11	11.8114276187459	4.12126532784728E-12	9.84446183098417E-11	37.0069427958748	1E10	1E-30	1E-10	1E10	1E-30	1E-10	1E10	1E-30	1E-10	1E10	1E-30	1E-10	1E10	1E-30	1E-10	1E10	1E-30	1E-10	1E10	1E-30	1E-10	1E10	1E-30	1E-10	1E10	1E-30	1E-10	1E10	1E-30	1E-10	1E10	1E-30	1E-10	1E10	1E-30	1E-10
126	8.2E-12	1E10	1E11	1E-30	3.26212183973888E-10	1E10	1E-30	1E10	0.211756153512269	1E-30	2.49043566612278E-12	5.25386661445821E-02	3.29378676440802E-11	2.72057791411527E-11	11.8114276187459	4.12126532784728E-12	9.84446183098417E-11	37.0069427958748	1E10	1E-30	1E-10	1E10	1E-30	1E-10	1E10	1E-30	1E-10	1E10	1E-30	1E-10	1E10	1E-30	1E-10	1E10	1E-30	1E-10	1E10	1E-30	1E-10	1E10	1E-30	1E-10	1E10	1E-30	1E-10	1E10	1E-30	1E-10	1E10	1E-30	1E-10	1E10	1E-30	1E-10
127	8.2E-12	1E10	1E11	1E-30	3.26212183973888E-10	1E10	1E-30	1E10	0.211756153512269	1E-30	2.49043566612278E-12	5.25386661445821E-02	3.29378676440802E-11	2.72057791411527E-11	11.8114276187459	4.12126532784728E-12	9.84446183098417E-11	37.0069427958748	1E10	1E-30	1E-10	1E10	1E-30	1E-10	1E10	1E-30	1E-10	1E10	1E-30	1E-10	1E10	1E-30	1E-10	1E10	1E-30	1E-10	1E10	1E-30	1E-10	1E10	1E-30	1E-10	1E10	1E-30	1E-10	1E10	1E-30	1E-10	1E10	1E-30	1E-10	1E10	1E-30	1E-10
128	9E-12	1E10	1E10	1E-30	3.21245622965621E-10	1E10	1E-30	1E10	0.116120123407359	1E-30	7.30956516000709E-12	0.108362510891119	1E-30	2.30984223741966E-11	0.102930486207556	3.72932445826689E-11	2.74641724030669E-11	12.301952101657	7.08282856151007E-12	6.42835673962376E-11	21.6122440025155	5.12562152234857E-12	5.70978462007853E-11	1E5	1E10	1E-30	1E-10	1E10	1E-30	1E-10	1E10	1E-30	1E-10	1E10	1E-30	1E-10	1E10	1E-30	1E-10	1E10	1E-30	1E-10	1E10	1E-30	1E-10	1E10	1E-30	1E-10	1E10	1E-30	1E-10	1E10	1E-30	1E-10
129	9E-12	1E10	1E10	1E-30	3.21245622965621E-10	1E10	1E-30	1E10	0.116120123407359	1E-30	7.30956516000709E-12	0.108362510891119	1E-30	2.30984223741966E-11	0.102930486207556	3.72932445826689E-11	2.74641724030669E-11	12.301952101657	7.08282856151007E-12	6.42835673962376E-11	21.6122440025155	5.12562152234857E-12	5.70978462007853E-11	1E5	1E10	1E-30	1E-10	1E10	1E-30	1E-10	1E10	1E-30	1E-10	1E10	1E-30	1E-10	1E10	1E-30	1E-10	1E10	1E-30	1E-10	1E10	1E-30	1E-10	1E10	1E-30	1E-10	1E10	1E-30	1E-10	1E10	1E-30	1E-10
130	9E-12	1E10	1E11	1E-30	2.9154730608579E-10	1E10	1E-30	1E10	0.19725523409554	1E-30	1.6985573279654E-12	3.71937709746398E-02	4.08821663723336E-11	2.51451838101471E-11	10.8704495315809	5.42438587810316E-12	8.5189636476217E-11	29.7167247732659	5.98911943013007E-12	5.38668277324835E-11	69.8337372324394	1E10	1E-30	1E-10	1E10	1E-30	1E-10	1E10	1E-30	1E-10	1E10	1E-30	1E-10	1E10	1E-30	1E-10	1E10	1E-30	1E-10	1E10	1E-30	1E-10	1E10	1E-30	1E-10	1E10	1E-30	1E-10	1E10	1E-30	1E-10	1E10	1E-30	1E-10
131	9E-12	1E10	1E11	1E-30	2.9154730608579E-10	1E10	1E-30	1E10	0.19725523409554	1E-30	1.6985573279654E-12	3.71937709746398E-02	4.08821663723336E-11	2.51451838101471E-11	10.8704495315809	5.42438587810316E-12	8.5189636476217E-11	29.7167247732659	5.98911943013007E-12	5.38668277324835E-11	69.8337372324394	1E10	1E-30	1E-10	1E10	1E-30	1E-10	1E10	1E-30	1E-10	1E10	1E-30	1E-10	1E10	1E-30	1E-10	1E10	1E-30	1E-10	1E10	1E-30	1E-10	1E10	1E-30	1E-10	1E10	1E-30	1E-10	1E10	1E-30	1E-10	1E10	1E-30	1E-10
132	9E-12	1E10	1E11	1E-30	2.9154730608579E-10	1E10	1E-30	1E10	0.19725523409554	1E-30	1.6985573279654E-12	3.71937709746398E-02	4.08821663723336E-11	2.51451838101471E-11	10.8704495315809	5.42438587810316E-12	8.5189636476217E-11	29.7167247732659	5.98911943013007E-12	5.38668277324835E-11	69.8337372324394	1E10	1E-30	1E-10	1E10	1E-30	1E-10	1E10	1E-30	1E-10	1E10	1E-30	1E-10	1E10	1E-30	1E-10	1E10	1E-30	1E-10	1E10	1E-30	1E-10	1E10	1E-30	1E-10	1E10	1E-30	1E-10	1E10	1E-30	1E-10	1E10	1E-30	1E-10
133	9E-12	1E10	1E11	1E-30	2.9154730608579E-10	1E10	1E-30	1E10	0.19725523409554	1E-30	1.6985573279654E-12	3.71937709746398E-02	4.08821663723336E-11	2.51451838101471E-11	10.8704495315809	5.42438587810316E-12	8.5189636476217E-11	29.7167247732659	5.98911943013007E-12	5.38668277324835E-11	69.8337372324394	1E10	1E-30	1E-10	1E10	1E-30	1E-10	1E10	1E-30	1E-10	1E10	1E-30	1E-10	1E10	1E-30	1E-10	1E10	1E-30	1E-10	1E10	1E-30	1E-10	1E10	1E-30	1E-10	1E10	1E-30	1E-10	1E10	1E-30	1E-10	1E10	1E-30	1E-10
134	9E-12	1E10	1E11	1E-30	2.9154730608579E-10	1E10	1E-30	1E10	0.19725523409554	1E-30	1.6985573279654E-12	3.71937709746398E-02	4.08821663723336E-11	2.51451838101471E-11	10.8704495315809	5.42438587810316E-12	8.5189636476217E-11	29.7167247732659	5.98911943013007E-12	5.38668277324835E-11	69.8337372324394	1E10	1E-30	1E-10	1E10	1E-30	1E-10	1E10	1E-30	1E-10	1E10	1E-30	1E-10	1E10	1E-30	1E-10	1E10	1E-30	1E-10	1E10	1E-30	1E-10	1E10	1E-30	1E-10	1E10	1E-30	1E-10	1E10	1E-30	1E-10	1E10	1E-30	1E-10
135	9E-12	1E10	1E11	1E-30	3.21245622965621E-10	1E10	1E-30	1E10	0.116120123407359	1E-30	7.30956516000709E-12	0.108362510891119	1E-30	2.30984223741966E-11	0.102930486207556	3.72932445826689E-11	2.74641724030669E-11	12.301952101657	7.08282856151007E-12	6.42835673962376E-11	21.6122440025155	5.12562152234857E-12	5.70978462007853E-11	1E5	1E10	1E-30	1E-10	1E10	1E-30	1E-10	1E10	1E-30	1E-10	1E10	1E-30	1E-10	1E10	1E-30	1E-10	1E10	1E-30	1E-10	1E10	1E-30	1E-10	1E10	1E-30	1E-10	1E10	1E-30	1E-10	1E10	1E-30	1E-10
136	1E-11	1E10	1E10	1E-30	3.46740410453055E-11	1E10	1E-30	1E10	0.239999999999999	1E-30	3.31500004702151E-11	0.257349381232147	1.9721482032378E-11	3.08239125646141E-11	6.43407992457093	2.83240260068287E-12	1.17350644367298E-10	15.134066482645	7.49920422706963E-13	3.46756739382241E-10	1E5	1E10	1E-30	1E-10	1E10	1E-30	1E-10	1E10	1E-30	1E-10	1E10	1E-30	1E-10	1E10	1E-30	1E-10	1E10	1E-30	1E-10	1E10	1E-30	1E-10	1E10	1E-30	1E-10	1E10	1E-30	1E-10	1E10	1E-30	1E-10	1E10	1E-30	1E-10
137	1E-11	1E10	1E10	1E-30	1.30644538493412E-10	1E10	1E-30	1E10	0.178822713556101	1E-30	3.68715104908261E-11	0.366782264696923	1E-30	1.84536051933856E-11	7.59852495674142E-02	1.23890756838552E-11	4.61982872979388E-11	9.88536118549229	2.90971443535395E-12	1.14232608622747E-10	26.8077431199288	1.12868737064561E-12	2.46868925031831E-10	1E5	1E10	1E-30	1E-10	1E10	1E-30	1E-10	1E10	1E-30	1E-10	1E10	1E-30	1E-10	1E10	1E-30	1E-10	1E10	1E-30	1E-10	1E10	1E-30	1E-10	1E10	1E-30	1E-10	1E10	1E-30	1E-10	1E10	1E-30	1E-10
138	1E-11	1E10	1E11	1E-30	3.46740410453055E-11	1E10	1E-30	1E10	0.239999999999999	1E-30	3.31500004702151E-11	0.257349381232147	1.9721482032378E-11	3.08239125646141E-11	6.43407992457093	2.83240260068287E-12	1.17350644367298E-10	15.134066482645	7.49920422706963E-13	3.46756739382241E-10	1E5	1E10	1E-30	1E-10	1E10	1E-30	1E-10	1E10	1E-30	1E-10	1E10	1E-30	1E-10	1E10	1E-30	1E-10	1E10	1E-30	1E-10	1E10	1E-30	1E-10	1E10	1E-30	1E-10	1E10	1E-30	1E-10	1E10	1E-30	1E-10	1E10	1E-30	1E-10
139	1E-11	1E10	1E11	1E-30	1.30644538493412E-10	1E10	1E-30	1E10	0.178822713556101	1E-30	3.68715104908261E-11	0.366782264696923	1E-30	1.84536051933856E-11	7.59852495674142E-02	1.23890756838552E-11	4.61982872979388E-11	9.88536118549229	2.90971443535395E-12	1.14232608622747E-10	26.8077431199288	1.12868737064561E-12	2.46868925031831E-10	1E5	1E10	1E-30	1E-10	1E10	1E-30	1E-10	1E10	1E-30	1E-10	1E10	1E-30	1E-10	1E10	1E-30	1E-10	1E10	1E-30	1E-10	1E10	1E-30	1E-10	1E10	1E-30	1E-10	1E10	1E-30	1E-10	1E10	1E-30	1E-10
140	1.2E-11	1E10	1E10	1E-30	6.18286776518806E-11	1E10	1E-30	1E10	0.16025104618669	1E-30	1.36522451098279E-11	0.202391185661245	1E-30	6.45198990320602E-11	0.176585944296416	3.40300954564208E-12	9.83873457524314E-11	15.0938560495735	7.40778396336113E-13	3.5505081983775E-10	1E5	1E10	1E-30	1E-10	1E10	1E-30	1E-10	1E10	1E-30	1E-10	1E10	1E-30	1E-10	1E10	1E-30	1E-10	1E10	1E-30	1E-10	1E10	1E-30	1E-10	1E10	1E-30	1E-10	1E10	1E-30	1E-10	1E10	1E-30	1E-10	1E10	1E-30	1E-10
141	1.2E-11	1E10	1E10	1E-30	6.18286776518806E-11	1E10	1E-30	1E10	0.16025104618669	1E-30	1.36522451098279E-11	0.202391185661245	1E-30	6.45198990320602E-11	0.176585944296416	3.40300954564208E-12	9.83873457524314E-11	15.0938560495735	7.40778396336113E-13	3.5505081983775E-10	1E5	1E10	1E-30	1E-10	1E10	1E-30	1E-10	1E10	1E-30	1E-10	1E10	1E-30	1E-10	1E10	1E-30	1E-10	1E10	1E-30	1E-10	1E10	1E-30	1E-10	1E10	1E-30	1E-10	1E10	1E-30	1E-10	1E10	1E-30	1E-10	1E10	1E-30	1E-10
142	1.2E-11	1E10	1E11	1E-30	6.18286776518806E-11	1E10	1E-30	1E10	0.16025104618669	1E-30	1.36522451098279E-11	0.202391185661245	1E-30	6.45198990320602E-11	0.176585944296416	3.40300954564208E-12	9.83873457524314E-11	15.0938560495735	7.40778396336113E-13	3.5505081983775E-10	1E5	1E10	1E-30	1E-10	1E10	1E-30	1E-10	1E10	1E-30	1E-10	1E10	1E-30	1E-10	1E10	1E-30	1E-10	1E10	1E-30	1E-10	1E10	1E-30	1E-10	1E10	1E-30	1E-10	1E10	1E-30	1E-10	1E10	1E-30	1E-10	1E10	1E-30	1E-10
143	1.2E-11	1E10	1E11	1E-30	6.18286776518806E-11	1E10	1E-30	1E10	0.16025104618669	1E-30	1.36522451098279E-11	0.202391185661245	1E-30	6.45198990320602E-11	0.176585944296416	3.40300954564208E-12	9.83873457524314E-11	15.0938560495735	7.40778396336113E-13	3.5505081983775E-10	1E5	1E10	1E-30	1E-10	1E10	1E-30	1E-10	1E10	1E-30	1E-10	1E10	1E-30	1E-10	1E10	1E-30	1E-10	1E10	1E-30	1E-10	1E10	1E-30	1E-10	1E10	1E-30	1E-10	1E10	1E-30	1E-10	1E10	1E-30	1E-10	1E10	1E-30	1E-10
144	1.49999999999999E-11	1E10	1E10	1E-30	3.98107170553497E-11	1E10	1E-30	1E10	0.21	1E-30	1.84711805775583E-11	0.255263337536241	2.09972083844285E-12	1.52808041137279E-10	31.5979256805286	8.6877501792401E-13	3.06289964465382E-10	1E5	1E10	1E-30	1E-10	1E10	1E-30	1E-10	1E10	1E-30	1E-10	1E10	1E-30	1E-10	1E10	1E-30	1E-10	1E10	1E-30	1E-10	1E10	1E-30	1E-10	1E10	1E-30	1E-10	1E10	1E-30	1E-10	1E10	1E-30	1E-10	1E10	1E-30	1E-10	1E10	1E-30	1E-10
145	1.49999999999999E-11	1E10	1E10	1E-30	2.78014882153498E-11	1E10	1E-30	1E10	0.144887192014997	1E-30	1.72174621304709E-11	0.182766108741104	1E-30	2.25478410083649E-11	0.073019598755895	1.93425437201559E-12	1.6588005843473E-10	35.9175367232075	8.04261340500637E-13	3.01746956323571E-10	1E5	1E10	1E-30	1E-10	1E10	1E-30	1E-10	1E10	1E-30	1E-10	1E10	1E-30	1E-10	1E10	1E-30	1E-10	1E10	1E-30	1E-10	1E10	1E-30	1E-10	1E10	1E-30	1E-10	1E10	1E-30	1E-10	1E10	1E-30	1E-10	1E10	1E-30	1E-10
146	1.49999999999999E-11	1E10	1E11	1E-30	3.98107170553497E-11	1E10	1E-30	1E10	0.21	1E-30	1.84711805775583E-11	0.255263337536241	2.09972083844285E-12	1.52808041137279E-10	31.5979256805286	8.6877501792401E-13	3.06289964465382E-10	1E5	1E10	1E-30	1E-10	1E10	1E-30	1E-10	1E10	1E-30	1E-10	1E10	1E-30	1E-10	1E10	1E-30	1E-10	1E10	1E-30	1E-10	1E10	1E-30	1E-10	1E10	1E-30	1E-10	1E10	1E-30	1E-10	1E10	1E-30	1E-10	1E10	1E-30	1E-10	1E10	1E-30	1E-10
147	1.49999999999999E-11	1E10	1E11	1E-30	2.78014882153498E-11	1E10	1E-30	1E10	0.144887192014997	1E-30	1.72174621304709E-11	0.182766108741104	1E-30	2.25478410083649E-11	0.073019598755895	1.93425437201559E-12	1.6588005843473E-10	35.9175367232075	8.04261340500637E-13	3.01746956323571E-10	1E5	1E10	1E-30	1E-10	1E10	1E-30	1E-10	1E10	1E-30	1E-10	1E10	1E-30	1E-10	1E10	1E-30	1E-10	1E10	1E-30	1E-10	1E10	1E-30	1E-10	1E10	1E-30	1E-10	1E10	1E-30	1E-10	1E10	1E-30	1E-10	1E10	1E-30	1E-10
148	1.8E-11	1E10	1E10	1E-30	1E-12	1E10	1E-30	1E10	0.129408749714147	1E-30	5.41755428206533E-11	0.294070419354308	4.21698361131048E-11	4.426224404796E-11	5.07373446634125	7.39295923572175E-13	4.74224623406999E-10	294.874935264238	1E10	1E-30	1E-10	1E10	1E-30	1E-10	1E10	1E-30	1E-10	1E10	1E-30	1E-10	1E10	1E-30	1E-10	1E10	1E-30	1E-10	1E10	1E-30	1E-10	1E10	1E-30	1E-10	1E10	1E-30	1E-10	1E10	1E-30	1E-10	1E10	1E-30	1E-10	1E10	1E-30	1E-10
149	1.8E-11	1E10	1E10	1E-30	1E-12	1E10	1E-30	1E10	0.129408749714147	1E-30	5.41755428206533E-11	0.294070419354308	4.21698361131048E-11	4.426224404796E-11	5.07373446634125	7.39295923572175E-13	4.74224623406999E-10	294.874935264238	1E10	1E-30	1E-10	1E10	1E-30	1E-10	1E10	1E-30	1E-10	1E10	1E-30	1E-10	1E10	1E-30	1E-10	1E10	1E-30	1E-10	1E10	1E-30	1E-10	1E10	1E-30	1E-10	1E10	1E-30	1E-10	1E10	1E-30	1E-10	1E10	1E-30	1E-10	1E10	1E-30	1E-10
150	1.8E-11	1E10	1E11	1E-30	1E-12	1E10	1E-30	1E10	0.129408749714147	1E-30	5.41755428206533E-11	0.294070419354308	4.21698361131048E-11	4.426224404796E-11	5.07373446634125	7.39295923572175E-13	4.74224623406999E-10	294.874935264238	1E10	1E-30	1E-10	1E10	1E-30	1E-10	1E10	1E-30	1E-10	1E10	1E-30	1E-10	1E10	1E-30	1E-10	1E10	1E-30	1E-10	1E10	1E-30	1E-10	1E10	1E-30	1E-10	1E10	1E-30	1E-10	1E10	1E-30	1E-10	1E10	1E-30	1E-10	1E10	1E-30	1E-10
151	1.8E-11	1E10	1E11	1E-30	1E-12	1E10	1E-30	1E10	0.129408749714147	1E-30	5.41755428206533E-11	0.294070419354308	4.21698361131048E-11	4.426224404796E-11	5.07373446634125	7.39295923572175E-13	4.74224623406999E-10	294.874935264238	1E10	1E-30	1E-10	1E10	1E-30	1E-10	1E10	1E-30	1E-10	1E10	1E-30	1E-10	1E10	1E-30	1E-10	1E10	1E-30	1E-10	1E10	1E-30	1E-10	1E10	1E-30	1E-10	1E10	1E-30	1E-10	1E10	1E-30	1E-10	1E10	1E-30	1E-10	1E10	1E-30	1E-10
152	2.2E-11	1E10	1E10	1E-30	1.27077319169535E-12	1E10	1E-30	1E10	0.14971747879848	1E-30	2.29183693878933E-11	0.156577114712416	2.89649589156294E-10	8.90591972602814E-12	1.05197169345386	1.26212388337122E-12	2.53746668173887E-10	66.9121547466841	1.01135620666068E-12	2.45547743497275E-10	1E5	1E10	1E-30	1E-10	1E10	1E-30	1E-10	1E10	1E-30	1E-10	1E10	1E-30	1E-10	1E10	1E-30	1E-10	1E10	1E-30	1E-10	1E10	1E-30	1E-10	1E10	1E-30	1E-10	1E10	1E-30	1E-10	1E10	1E-30	1E-10	1E10	1E-30	1E-10
153	2.19999999999999E-11	1E10	1E10	1E-30	6.36895300513494E-11	1E10	1E-30	1E10	0.112317886161291	1E-30	3.12801238823589E-11	0.102574626724426	3.32714627536108E-10	7.74192733468354E-12	0.977714134796952	1.28405122784058E-12	2.48492874288507E-10	68.6311014002395	1.33069101251967E-12	1.99969088890516E-10	1E5	1E10	1E-30	1E-10	1E10	1E-30	1E-10	1E10	1E-30	1E-10	1E10	1E-30	1E-10	1E10	1E-30	1E-10	1E10	1E-30	1E-10	1E10	1E-30	1E-10	1E10	1E-30	1E-10	1E10	1E-30	1E-10	1E10	1E-30	1E-10	1E10	1E-30	1E-10
154	2.2E-11	1E10	1E11	1E-30	1.27077319169535E-12	1E10	1E-30	1E10	0.14971747879848	1E-30	2.29183693878933E-11	0.156577114712416	2.89649589156294E-10	8.90591972602814E-12	1.05197169345386	1.26212388337122E-12	2.53746668173887E-10	66.9121547466841	1.01135620666068E-12	2.45547743497275E-10	1E5	1E10	1E-30	1E-10	1E10	1E-30	1E-10	1E10	1E-30	1E-10	1E10	1E-30	1E-10	1E10	1E-30	1E-10	1E10	1E-30	1E-10	1E10	1E-30	1E-10	1E10	1E-30	1E-10	1E10	1E-30	1E-10	1E10	1E-30	1E-10	1E10	1E-30	1E-10
155	2.19999999999999E-11	1E10	1E11	1E-30	6.36895300513494E-11	1E10	1E-30	1E10	0.112317886161291	1E-30	3.12801238823589E-11	0.102574626724426	3.32714627536108E-10	7.74192733468354E-12	0.977714134796952	1.28405122784058E-12	2.48492874288507E-10	68.6311014002395	1.33069101251967E-12	1.99969088890516E-10	1E5	1E10	1E-30	1E-10	1E10	1E-30	1E-10	1E10	1E-30	1E-10	1E10	1E-30	1E-10	1E10	1E-30	1E-10	1E10	1E-30	1E-10	1E10	1E-30	1E-10	1E10	1E-30	1E-10	1E10	1E-30	1E-10	1E10	1E-30	1E-10	1E10	1E-30	1E-10
156	2.69999999999999E-11	1E10	1E10	1E-30	4.80078625234516E-12	1E10	1E-30	1E10	0.101970725039766	1E-30	2.79733134167459E-11	9.98869198704998E-02	8.49788126645817E-10	3.8913515428902E-12	0.42980581495518	4.8836816602284E-11	2.16801384721761E-11	3.15183223983472	5.09292017545046E-12	6.65291475628612E-11	101.363887459002	7.43538064450557E-13	4.10675888388117E-10	151.074793004019	1E10	1E-30	1E-10	1E10	1E-30	1E-10	1E10	1E-30	1E-10	1E10	1E-30	1E-10	1E10	1E-30	1E-10	1E10	1E-30	1E-10	1E10	1E-30	1E-10	1E10	1E-30	1E-10	1E10	1E-30	1E-10	1E10	1E-30	1E-10
157	2.69999999999999E-11	1E10	1E10	1E-30	4.80078625234516E-12	1E10	1E-30	1E10	0.101970725039766	1E-30	2.79733134167459E-11	9.98869198704998E-02	8.49788126645817E-10	3.8913515428902E-12	0.42980581495518	4.8836816602284E-11	2.16801384721761E-11	3.15183223983472	5.09292017545046E-12	6.65291475628612E-11	101.363887459002	7.43538064450557E-13	4.10675888388117E-10	151.074793004019	1E10	1E-30	1E-10	1E10	1E-30	1E-10	1E10	1E-30	1E-10	1E10	1E-30	1E-10	1E10	1E-30	1E-10	1E10	1E-30	1E-10	1E10	1E-30	1E-10	1E10	1E-30	1E-10	1E10	1E-30	1E-10	1E10	1E-30	1E-10
158	2.69999999999999E-11	1E10	1E11	1E-30	4.80078625234516E-12	1E10	1E-30	1E10	0.101970725039766	1E-30	2.79733134167459E-11	9.98869198704998E-02	8.49788126645817E-10	3.8913515428902E-12	0.42980581495518	4.8836816602284E-11	2.16801384721761E-11	3.15183223983472	5.09292017545046E-12	6.65291475628612E-11	101.363887459002	7.43538064450557E-13	4.10675888388117E-10	151.074793004019	1E10	1E-30	1E-10	1E10	1E-30	1E-10	1E10	1E-30	1E-10	1E10	1E-30	1E-10	1E10	1E-30	1E-10	1E10	1E-30	1E-10	1E10	1E-30	1E-10	1E10	1E-30	1E-10	1E10	1E-30	1E-10	1E10	1E-30	1E-10
159	2.69999999999999E-11	1E10	1E11	1E-30	4.80078625234516E-12	1E10	1E-30	1E10	0.101970725039766	1E-30	2.79733134167459E-11	9.98869198704998E-02	8.49788126645817E-10	3.8913515428902E-12	0.42980581495518	4.8836816602284E-11	2.16801384721761E-11	3.15183223983472	5.09292017545046E-12	6.65291475628612E-11	101.363887459002	7.43538064450557E-13	4.10675888388117E-10	151.074793004019	1E10	1E-30	1E-10	1E10	1E-30	1E-10	1E10	1E-30	1E-10	1E10	1E-30	1E-10	1E10	1E-30	1E-10	1E10	1E-30	1E-10	1E10	1E-30	1E-10	1E10	1E-30	1E-10	1E10	1E-30	1E-10	1E10	1E-30	1E-10
160	3.3E-11	1E10	1E10	1E-30	9.63980046168358E-11	1E10	1E-30	1E10	0.13	1E-30	1.3609629321639E-11	0.105409344647065	3.70476789342337E-10	1.03328090044557E-11	0.932346332201093	7.8304658767574E-11	1.49425361144947E-11	2.34180709448778	3.96121984105042E-12	7.94822962009027E-11	7.58709801629175	7.09798685275565E-13	3.26516325856365E-10	1E5	1E10	1E-30	1E-10	1E10	1E-30	1E-10	1E10	1E-30	1E-10	1E10	1E-30	1E-10	1E10	1E-30	1E-10	1E10	1E-30	1E-10	1E10	1E-30	1E-10	1E10	1E-30	1E-10	1E10	1E-30	1E-10	1E10	1E-30	1E-10
161	3.3E-11	1E10	1E10	1E-30	1.50356170088181E-11	1E10	1E-30	1E10	0.105667967101332	1E-30	3.16844645165468E-11	0.175338371109472	9.91064790543126E-10	3.59090259829441E-12	0.309879274815914	5.4785775828359E-11	2.0160644519317E-11	2.55510975746424	5.15051986813163E-12	7.08223235132464E-11	11.986139576669	6.14013762599766E-13	3.86244213330078E-10	1E5	1E10	1E-30	1E-10	1E10	1E-30	1E-10	1E10	1E-30	1E-10	1E10	1E-30	1E-10	1E10	1E-30	1E-10	1E10	1E-30	1E-10	1E10	1E-30	1E-10	1E10	1E-30	1E-10	1E10	1E-30	1E-10	1E10	1E-30	1E-10
162	3.3E-11	1E10	1E11	1E-30	9.63980046168358E-11	1E10	1E-30	1E10	0.13	1E-30	1.3609629321639E-11	0.105409344647065	3.70476789342337E-10	1.03328090044557E-11	0.932346332201093	7.8304658767574E-11	1.49425361144947E-11	2.34180709448778	3.96121984105042E-12	7.94822962009027E-11	7.58709801629175	7.09798685275565E-13	3.26516325856365E-10	1E5	1E10	1E-30	1E-10	1E10	1E-30	1E-10	1E10	1E-30	1E-10	1E10	1E-30	1E-10	1E10	1E-30	1E-10	1E10	1E-30	1E-10	1E10	1E-30	1E-10	1E10	1E-30	1E-10	1E10	1E-30	1E-10	1E10	1E-30	1E-10
163	3.3E-11	1E10	1E11	1E-30	1.50356170088181E-11	1E10	1E-30	1E10	0.105667967101332	1E-30	3.16844645165468E-11	0.175338371109472	9.91064790543126E-10	3.59090259829441E-12	0.309879274815914	5.4785775828359E-11	2.0160644519317E-11	2.55510975746424	5.15051986813163E-12	7.08223235132464E-11	11.986139576669	6.14013762599766E-13	3.86244213330078E-10	1E5	1E10	1E-30	1E-10	1E10	1E-30	1E-10	1E10	1E-30	1E-10	1E10	1E-30	1E-10	1E10	1E-30	1E-10	1E10	1E-30	1E-10	1E10	1E-30	1E-10	1E10	1E-30	1E-10	1E10	1E-30	1E-10	1E10	1E-30	1E-10
164	3.9E-11	1E10	1E10	1E-30	1E-12	1E10	1E-30	1E10	0.101180783952214	1E-30	2.63094776564486E-11	7.25945953781904E-02	3.453415450746E-10	1.39279053988981E-11	1.55567058325296	6.23742436553761E-11	2.10813017267588E-11	2.71304920606834	2.35436113300733E-12	1.35809244185936E-10	14.7442312856924	8.60078851832231E-13	3.47137732582227E-10	1E5	1E10	1E-30	1E-10	1E10	1E-30	1E-10	1E10	1E-30	1E-10	1E10	1E-30	1E-10	1E10	1E-30	1E-10	1E10	1E-30	1E-10	1E10	1E-30	1E-10	1E10	1E-30	1E-10	1E10	1E-30	1E-10	1E10	1E-30	1E-10
165	3.9E-11	1E10	1E10	1E-30	1E-12	1E10	1E-30	1E10	0.101180783952214	1E-30	2.63094776564486E-11	7.25945953781904E-02	3.453415450746E-10	1.39279053988981E-11	1.55567058325296	6.23742436553761E-11	2.10813017267588E-11	2.71304920606834	2.35436113300733E-12	1.35809244185936E-10	14.7442312856924	8.60078851832231E-13	3.47137732582227E-10	1E5	1E10	1E-30	1E-10	1E10	1E-30	1E-10	1E10	1E-30	1E-10	1E10	1E-30	1E-10	1E10	1E-30	1E-10	1E10	1E-30	1E-10	1E10	1E-30	1E-10	1E10	1E-30	1E-10	1E10	1E-30	1E-10	1E10	1E-30	1E-10
166	3.9E-11	1E10	1E11	1E-30	1E-12	1E10	1E-30	1E10	0.101180783952214	1E-30	2.63094776564486E-11	7.25945953781904E-02	3.453415450746E-10	1.39279053988981E-11	1.55567058325296	6.23742436553761E-11	2.10813017267588E-11	2.71304920606834	2.35436113300733E-12	1.35809244185936E-10	14.7442312856924	8.60078851832231E-13	3.47137732582227E-10	1E5	1E10	1E-30	1E-10	1E10	1E-30	1E-10	1E10	1E-30	1E-10	1E10	1E-30	1E-10	1E10	1E-30	1E-10	1E10	1E-30	1E-10	1E10	1E-30	1E-10	1E10	1E-30	1E-10	1E10	1E-30	1E-10	1E10	1E-30	1E-10
167	3.9E-11	1E10	1E11	1E-30	1E-12	1E10	1E-30	1E10	0.101180783952214	1E-30	2.63094776564486E-11	7.25945953781904E-02	3.453415450746E-10	1.39279053988981E-11	1.55567058325296	6.23742436553761E-11	2.10813017267588E-11	2.71304920606834	2.35436113300733E-12	1.35809244185936E-10	14.7442312856924	8.60078851832231E-13	3.47137732582227E-10	1E5	1E10	1E-30	1E-10	1E10	1E-30	1E-10	1E10	1E-30	1E-10	1E10	1E-30	1E-10	1E10	1E-30	1E-10	1E10	1E-30	1E-10	1E10	1E-30	1E-10	1E10	1E-30	1E-10	1E10	1E-30	1E-10	1E10	1E-30	1E-10
168	4.7E-11	1E10	1E10	1E-30	1.75415531769545E-10	1E10	1E-30	1E10	0.102329299228075	1E-30	9.01669580143581E-12	7.35131423732551E-02	3.1665045096201E-10	1.92106702910797E-11	1.63114853579429	8.30909057978528E-11	2.18248676658215E-11	2.15550507202146	3.67629274122157E-12	8.20485179344419E-11	9.21466609340794	1.21607861633271E-12	2.04210674443394E-10	1E5	1E10	1E-30	1E-10	1E10	1E-30	1E-10	1E10	1E-30	1E-10	1E10	1E-30	1E-10	1E10	1E-30	1E-10	1E10	1E-30	1E-10	1E10	1E-30	1E-10	1E10	1E-30	1E-10	1E10	1E-30	1E-10	1E10	1E-30	1E-10
169	4.7E-11	1E10	1E10	1E-30	8.3E-11	1E10	1E-30	1E10	9.36251842022613E-02	1E-30	1.80805999662136E-11	5.63642183003799E-02	3.40725763045706E-10	1.75871940561349E-11	1.46125700150569	8.01855929178524E-11	2.23537532030581E-11	2.28357931639111	3.39621647264335E-12	8.36661075412997E-11	8.17583841051022	8.46618270746308E-13	2.73748945448052E-10	1E5	1E10	1E-30	1E-10	1E10	1E-30	1E-10	1E10	1E-30	1E-10	1E10	1E-30	1E-10	1E10	1E-30	1E-10	1E10	1E-30	1E-10	1E10	1E-30	1E-10	1E10	1E-30	1E-10	1E10	1E-30	1E-10	1E10	1E-30	1E-10
170	4.7E-11	1E10	1E11	1E-30	1.75415531769545E-10	1E10	1E-30	1E10	0.102329299228075	1E-30	9.01669580143581E-12	7.35131423732551E-02	3.1665045096201E-10	1.92106702910797E-11	1.63114853579429	8.30909057978528E-11	2.18248676658215E-11	2.15550507202146	3.67629274122157E-12	8.20485179344419E-11	9.21466609340794	1.21607861633271E-12	2.04210674443394E-10	1E5	1E10	1E-30	1E-10	1E10	1E-30	1E-10	1E10	1E-30	1E-10	1E10	1E-30	1E-10	1E10	1E-30	1E-10	1E10	1E-30	1E-10	1E10	1E-30	1E-10	1E10	1E-30	1E-10	1E10	1E-30	1E-10	1E10	1E-30	1E-10
171	4.7E-11	1E10	1E11	1E-30	8.3E-11	1E10	1E-30	1E10	9.36251842022613E-02	1E-30	1.80805999662136E-11	5.63642183003799E-02	3.40725763045706E-10	1.75871940561349E-11	1.46125700150569	8.01855929178524E-11	2.23537532030581E-11	2.28357931639111	3.39621647264335E-12	8.36661075412997E-11	8.17583841051022	8.46618270746308E-13	2.73748945448052E-10	1E5	1E10	1E-30	1E-10	1E10	1E-30	1E-10	1E10	1E-30	1E-10	1E10	1E-30	1E-10	1E10	1E-30	1E-10	1E10	1E-30	1E-10	1E10	1E-30	1E-10	1E10	1E-30	1E-10	1E10	1E-30	1E-10	1E10	1E-30	1E-10
172	5.6E-11	1E10	1E10	1E-30	3.42628819785009E-11	1E10	1E-30	1E10	9.36141382946438E-02	1E-30	3.9531611236113E-11	1.81111300754589	1E-30	4.95987997669404E-11	0.16718265359442	5.33748837716645E-10	1.1512687488541E-11	0.729171230099875	6.93629063244425E-13	5.05446425936162E-10	239.627186803386	1E10	1E-30	1E-10	1E10	1E-30	1E-10	1E10	1E-30	1E-10	1E10	1E-30	1E-10	1E10	1E-30	1E-10	1E10	1E-30	1E-10	1E10	1E-30	1E-10	1E10	1E-30	1E-10	1E10	1E-30	1E-10	1E10	1E-30	1E-10	1E10	1E-30	1E-10
173	5.6E-11	1E10	1E10	1E-30	3.42628819785009E-11	1E10	1E-30	1E10	9.36141382946438E-02	1E-30	3.9531611236113E-11	1.81111300754589	1E-30	4.95987997669404E-11	0.16718265359442	5.33748837716645E-10	1.1512687488541E-11	0.729171230099875	6.93629063244425E-13	5.05446425936162E-10	239.627186803386	1E10	1E-30	1E-10	1E10	1E-30	1E-10	1E10	1E-30	1E-10	1E10	1E-30	1E-10	1E10	1E-30	1E-10	1E10	1E-30	1E-10	1E10	1E-30	1E-10	1E10	1E-30	1E-10	1E10	1E-30	1E-10	1E10	1E-30	1E-10	1E10	1E-30	1E-10
174	5.6E-11	1E10	1E11	1E-30	3.42628819785009E-11	1E10	1E-30	1E10	9.36141382946438E-02	1E-30	3.9531611236113E-11	1.81111300754589	1E-30	4.95987997669404E-11	0.16718265359442	5.33748837716645E-10	1.1512687488541E-11	0.729171230099875	6.93629063244425E-13	5.05446425936162E-10	239.627186803386	1E10	1E-30	1E-10	1E10	1E-30	1E-10	1E10	1E-30	1E-10	1E10	1E-30	1E-10	1E10	1E-30	1E-10	1E10	1E-30	1E-10	1E10	1E-30	1E-10	1E10	1E-30	1E-10	1E10	1E-30	1E-10	1E10	1E-30	1E-10	1E10	1E-30	1E-10
175	5.6E-11	1E10	1E11	1E-30	3.42628819785009E-11	1E10	1E-30	1E10	9.36141382946438E-02	1E-30	3.9531611236113E-11	1.81111300754589	1E-30	4.95987997669404E-11	0.16718265359442	5.33748837716645E-10	1.1512687488541E-11	0.729171230099875	6.93629063244425E-13	5.05446425936162E-10	239.627186803386	1E10	1E-30	1E-10	1E10	1E-30	1E-10	1E10	1E-30	1E-10	1E10	1E-30	1E-10	1E10	1E-30	1E-10	1E10	1E-30	1E-10	1E10	1E-30	1E-10	1E10	1E-30	1E-10	1E10	1E-30	1E-10	1E10	1E-30	1E-10	1E10	1E-30	1E-10
176	6.8E-11	1E10	1E10	1E-30	4.66627150398495E-12	1E10	1E-30	1E10	0.14	1E-30	7.83710688902687E-11	2.96091427296334	1E-30	7.77853188291634E-13	4.78572028962713E-03	8.28098852010775E-10	9.34258814731357E-12	0.568841717338577	2.34368368963436E-12	1.36387666791036E-10	60.9379240772533	7.4522859968773E-13	3.40997015567163E-10	1E5	1E10	1E-30	1E-10	1E10	1E-30	1E-10	1E10	1E-30	1E-10	1E10	1E-30	1E-10	1E10	1E-30	1E-10	1E10	1E-30	1E-10	1E10	1E-30	1E-10	1E10	1E-30	1E-10	1E10	1E-30	1E-10	1E10	1E-30	1E-10
177	6.79999999999999E-11	1E10	1E10	1E-30	7.56403624051644E-11	1E10	1E-30	1E10	9.02515090799945E-02	1E-30	3.55293531939586E-11	0.113535551094736	3.35283494510275E-09	2.17144669115835E-12	0.109639332046349	8.09102253923279E-11	2.25615376129678E-11	1.06356076056305	2.02185652749128E-12	1.6240666627054E-10	56.8876536850598	6.89506225286411E-13	2.8E-10	31622776.6016838	1E10	1E-30	1E-10	1E10	1E-30	1E-10	1E10	1E-30	1E-10	1E10	1E-30	1E-10	1E10	1E-30	1E-10	1E10	1E-30	1E-10	1E10	1E-30	1E-10	1E10	1E-30	1E-10	1E10	1E-30	1E-10	1E10	1E-30	1E-10
178	6.8E-11	1E10	1E11	1E-30	4.66627150398495E-12	1E10	1E-30	1E10	0.14	1E-30	7.83710688902687E-11	2.96091427296334	1E-30	7.77853188291634E-13	4.78572028962713E-03	8.28098852010775E-10	9.34258814731357E-12	0.568841717338577	2.34368368963436E-12	1.36387666791036E-10	60.9379240772533	7.4522859968773E-13	3.40997015567163E-10	1E5	1E10	1E-30	1E-10	1E10	1E-30	1E-10	1E10	1E-30	1E-10	1E10	1E-30	1E-10	1E10	1E-30	1E-10	1E10	1E-30	1E-10	1E10	1E-30	1E-10	1E10	1E-30	1E-10	1E10	1E-30	1E-10	1E10	1E-30	1E-10
179	6.79999999999999E-11	1E10	1E11	1E-30	7.56403624051644E-11	1E10	1E-30	1E10	9.02515090799945E-02	1E-30	3.55293531939586E-11	0.113535551094736	3.35283494510275E-09	2.17144669115835E-12	0.109639332046349	8.09102253923279E-11	2.25615376129678E-11	1.06356076056305	2.02185652749128E-12	1.6240666627054E-10	56.8876536850598	6.89506225286411E-13	2.8E-10	31622776.6016838	1E10	1E-30	1E-10	1E10	1E-30	1E-10	1E10	1E-30	1E-10	1E10	1E-30	1E-10	1E10	1E-30	1E-10	1E10	1E-30	1E-10	1E10	1E-30	1E-10	1E10	1E-30	1E-10	1E10	1E-30	1E-10	1E10	1E-30	1E-10
180	8.2E-11	1E10	1E10	1E-30	1.10779445450235E-11	1E10	1E-30	1E10	8.60234846547016E-02	1E-30	3.5864388808563E-11	0.101050929493696	6.42753467441165E-10	1.49992129260293E-11	0.718783014020595	1.83382828821504E-10	1.41974782339116E-11	0.847706352027579	8.69460295739161E-13	3.24137347290796E-10	1E5	1.10139271219429E-12	2.00844624880247E-10	23.9177968410275	1E10	1E-30	1E-10	1E10	1E-30	1E-10	1E10	1E-30	1E-10	1E10	1E-30	1E-10	1E10	1E-30	1E-10	1E10	1E-30	1E-10	1E10	1E-30	1E-10	1E10	1E-30	1E-10	1E10	1E-30	1E-10	1E10	1E-30	1E-10
181	8.2E-11	1E10	1E10	1E-30	1.10779445450235E-11	1E10	1E-30	1E10	8.60234846547016E-02	1E-30	3.5864388808563E-11	0.101050929493696	6.42753467441165E-10	1.49992129260293E-11	0.718783014020595	1.83382828821504E-10	1.41974782339116E-11	0.847706352027579	8.69460295739161E-13	3.24137347290796E-10	1E5	1.10139271219429E-12	2.00844624880247E-10	23.9177968410275	1E10	1E-30	1E-10	1E10	1E-30	1E-10	1E10	1E-30	1E-10	1E10	1E-30	1E-10	1E10	1E-30	1E-10	1E10	1E-30	1E-10	1E10	1E-30	1E-10	1E10	1E-30	1E-10	1E10	1E-30	1E-10	1E10	1E-30	1E-10
182	8.2E-11	1E10	1E11	1E-30	1.10779445450235E-11	1E10	1E-30	1E10	8.60234846547016E-02	1E-30	3.5864388808563E-11	0.101050929493696	6.42753467441165E-10	1.49992129260293E-11	0.718783014020595	1.83382828821504E-10	1.41974782339116E-11	0.847706352027579	8.69460295739161E-13	3.24137347290796E-10	1E5	1.10139271219429E-12	2.00844624880247E-10	23.9177968410275	1E10	1E-30	1E-10	1E10	1E-30	1E-10	1E10	1E-30	1E-10	1E10	1E-30	1E-10	1E10	1E-30	1E-10	1E10	1E-30	1E-10	1E10	1E-30	1E-10	1E10	1E-30	1E-10	1E10	1E-30	1E-10	1E10	1E-30	1E-10
183	8.2E-11	1E10	1E11	1E-30	1.10779445450235E-11	1E10	1E-30	1E10	8.60234846547016E-02	1E-30	3.5864388808563E-11	0.101050929493696	6.42753467441165E-10	1.49992129260293E-11	0.718783014020595	1.83382828821504E-10	1.41974782339116E-11	0.847706352027579	8.69460295739161E-13	3.24137347290796E-10	1E5	1.10139271219429E-12	2.00844624880247E-10	23.9177968410275	1E10	1E-30	1E-10	1E10	1E-30	1E-10	1E10	1E-30	1E-10	1E10	1E-30	1E-10	1E10	1E-30	1E-10	1E10	1E-30	1E-10	1E10	1E-30	1E-10	1E10	1E-30	1E-10	1E10	1E-30	1E-10	1E10	1E-30	1E-10
184	1E-10	1E10	1E10	1E-30	3.15478672240096E-11	1E10	1E-30	1E10	0.12	1E-30	1.71450628616097E-11	8.03016968198854E-02	1.13559756637168E-09	7.23895900850272E-12	0.27673884567099	1.01382466512145E-10	2.88213788736518E-11	1.49990928591658	1.60867289593816E-12	1.77272782167942E-10	42.5333454116634	7.24996513779002E-13	3.50513034999606E-10	1E5	1E10	1E-30	1E-10	1E10	1E-30	1E-10	1E10	1E-30	1E-10	1E10	1E-30	1E-10	1E10	1E-30	1E-10	1E10	1E-30	1E-10	1E10	1E-30	1E-10	1E10	1E-30	1E-10	1E10	1E-30	1E-10	1E10	1E-30	1E-10
185	1E-10	1E10	1E10	1E-30	1.09388081197477E-11	1E10	1E-30	1E10	8.99380262194617E-02	1E-30	4.29370025945755E-11	0.157362647694312	1.02940388491552E-10	2.90297804268921E-11	1.36664078728167	3.4820095431859E-12	9.42832212685702E-11	16.16248494028	5.94337223847915E-13	4.3752931860879E-10	1E5	1E10	1E-30	1E-10	1E10	1E-30	1E-10	1E10	1E-30	1E-10	1E10	1E-30	1E-10	1E10	1E-30	1E-10	1E10	1E-30	1E-10	1E10	1E-30	1E-10	1E10	1E-30	1E-10	1E10	1E-30	1E-10	1E10	1E-30	1E-10	1E10	1E-30	1E-10
186	1E-10	1E10	1E11	1E-30	3.15478672240096E-11	1E10	1E-30	1E10	0.12	1E-30	1.71450628616097E-11	8.03016968198854E-02	1.13559756637168E-09	7.23895900850272E-12	0.27673884567099	1.01382466512145E-10	2.88213788736518E-11	1.49990928591658	1.60867289593816E-12	1.77272782167942E-10	42.5333454116634	7.24996513779002E-13	3.50513034999606E-10	1E5	1E10	1E-30	1E-10	1E10	1E-30	1E-10	1E10	1E-30	1E-10	1E10	1E-30	1E-10	1E10	1E-30	1E-10	1E10	1E-30	1E-10	1E10	1E-30	1E-10	1E10	1E-30	1E-10	1E10	1E-30	1E-10	1E10	1E-30	1E-10
187	1E-10	1E10	1E11	1E-30	1.09388081197477E-11	1E10	1E-30	1E10	8.99380262194617E-02	1E-30	4.29370025945755E-11	0.157362647694312	1.02940388491552E-10	2.90297804268921E-11	1.36664078728167	3.4820095431859E-12	9.42832212685702E-11	16.16248494028	5.94337223847915E-13	4.3752931860879E-10	1E5	1E10	1E-30	1E-10	1E10	1E-30	1E-10	1E10	1E-30	1E-10	1E10	1E-30	1E-10	1E10	1E-30	1E-10	1E10	1E-30	1E-10	1E10	1E-30	1E-10	1E10	1E-30	1E-10	1E10	1E-30	1E-10	1E10	1E-30	1E-10	1E10	1E-30	1E-10
188	1.19999999999999E-10	1E10	1E10	1E-30	7.23600231112476E-12	1E10	1E-30	1E10	9.14136678303885E-02	1E-30	7.97943027411961E-11	4.50662144214861	1E-30	2.32881896781856E-11	9.32950921217396E-02	1.81684478465418E-09	6.05409688081743E-12	0.290908087316059	1.59239958575491E-10	2.46964003913698E-11	1.3671531110663	1.01134504845985E-12	4.99009708471777E-10	352.538408611724	1E10	1E-30	1E-10	1E10	1E-30	1E-10	1E10	1E-30	1E-10	1E10	1E-30	1E-10	1E10	1E-30	1E-10	1E10	1E-30	1E-10	1E10	1E-30	1E-10	1E10	1E-30	1E-10	1E10	1E-30	1E-10	1E10	1E-30	1E-10
189	1.19999999999999E-10	1E10	1E10	1E-30	7.23600231112476E-12	1E10	1E-30	1E10	9.14136678303885E-02	1E-30	7.97943027411961E-11	4.50662144214861	1E-30	2.32881896781856E-11	9.32950921217396E-02	1.81684478465418E-09	6.05409688081743E-12	0.290908087316059	1.59239958575491E-10	2.46964003913698E-11	1.3671531110663	1.01134504845985E-12	4.99009708471777E-10	352.538408611724	1E10	1E-30	1E-10	1E10	1E-30	1E-10	1E10	1E-30	1E-10	1E10	1E-30	1E-10	1E10	1E-30	1E-10	1E10	1E-30	1E-10	1E10	1E-30	1E-10	1E10	1E-30	1E-10	1E10	1E-30	1E-10	1E10	1E-30	1E-10
190	1.19999999999999E-10	1E10	1E11	1E-30	7.23600231112476E-12	1E10	1E-30	1E10	9.14136678303885E-02	1E-30	7.97943027411961E-11	4.50662144214861	1E-30	2.32881896781856E-11	9.32950921217396E-02	1.81684478465418E-09	6.05409688081743E-12	0.290908087316059	1.59239958575491E-10	2.46964003913698E-11	1.3671531110663	1.01134504845985E-12	4.99009708471777E-10	352.538408611724	1E10	1E-30	1E-10	1E10	1E-30	1E-10	1E10	1E-30	1E-10	1E10	1E-30	1E-10	1E10	1E-30	1E-10	1E10	1E-30	1E-10	1E10	1E-30	1E-10	1E10	1E-30	1E-10	1E10	1E-30	1E-10	1E10	1E-30	1E-10
191	1.19999999999999E-10	1E10	1E11	1E-30	7.23600231112476E-12	1E10	1E-30	1E10	9.14136678303885E-02	1E-30	7.97943027411961E-11	4.50662144214861	1E-30	2.32881896781856E-11	9.32950921217396E-02	1.81684478465418E-09	6.05409688081743E-12	0.290908087316059	1.59239958575491E-10	2.46964003913698E-11	1.3671531110663	1.01134504845985E-12	4.99009708471777E-10	352.538408611724	1E10	1E-30	1E-10	1E10	1E-30	1E-10	1E10	1E-30	1E-10	1E10	1E-30	1E-10	1E10	1E-30	1E-10	1E10	1E-30	1E-10	1E10	1E-30	1E-10	1E10	1E-30	1E-10	1E10	1E-30	1E-10	1E10	1E-30	1E-10
192	1.5E-10	1E10	1E10	1E-30	5.42085816619368E-11	1E10	1E-30	1E10	0.085	1E-30	8.61232792308066E-11	1.86861655934787	1.87847078437885E-09	8.09081838932526E-12	0.386876076416822	2.92787810695709E-10	1.99510054393502E-11	1.07728185726719	6.83219475274144E-12	5.00844831383191E-11	11.7905510463352	6.74088150789088E-13	3.68403203834382E-10	1E5	1E10	1E-30	1E-10	1E10	1E-30	1E-10	1E10	1E-30	1E-10	1E10	1E-30	1E-10	1E10	1E-30	1E-10	1E10	1E-30	1E-10	1E10	1E-30	1E-10	1E10	1E-30	1E-10	1E10	1E-30	1E-10	1E10	1E-30	1E-10
193	1.5E-10	1E10	1E10	1E-30	3.58152547298263E-12	1E10	1E-30	1E10	0.085	1E-30	8.47307594795346E-11	1.87234182800909	1.48598530402839E-09	9.97983027083763E-12	0.395688795005126	2.99363611946331E-10	1.93740860446095E-11	1.03764309825692	5.985030663121E-12	5.74995717267507E-11	16.4772265922991	6.25210083224539E-13	3.9720446147748E-10	1E5	1E10	1E-30	1E-10	1E10	1E-30	1E-10	1E10	1E-30	1E-10	1E10	1E-30	1E-10	1E10	1E-30	1E-10	1E10	1E-30	1E-10	1E10	1E-30	1E-10	1E10	1E-30	1E-10	1E10	1E-30	1E-10	1E10	1E-30	1E-10
194	1.5E-10	1E10	1E11	1E-30	5.42085816619368E-11	1E10	1E-30	1E10	0.085	1E-30	8.61232792308066E-11	1.86861655934787	1.87847078437885E-09	8.09081838932526E-12	0.386876076416822	2.92787810695709E-10	1.99510054393502E-11	1.07728185726719	6.83219475274144E-12	5.00844831383191E-11	11.7905510463352	6.74088150789088E-13	3.68403203834382E-10	1E5	1E10	1E-30	1E-10	1E10	1E-30	1E-10	1E10	1E-30	1E-10	1E10	1E-30	1E-10	1E10	1E-30	1E-10	1E10	1E-30	1E-10	1E10	1E-30	1E-10	1E10	1E-30	1E-10	1E10	1E-30	1E-10	1E10	1E-30	1E-10
195	1.5E-10	1E10	1E11	1E-30	3.58152547298263E-12	1E10	1E-30	1E10	0.085	1E-30	8.47307594795346E-11	1.87234182800909	1.48598530402839E-09	9.97983027083763E-12	0.395688795005126	2.99363611946331E-10	1.93740860446095E-11	1.03764309825692	5.985030663121E-12	5.74995717267507E-11	16.4772265922991	6.25210083224539E-13	3.9720446147748E-10	1E5	1E10	1E-30	1E-10	1E10	1E-30	1E-10	1E10	1E-30	1E-10	1E10	1E-30	1E-10	1E10	1E-30	1E-10	1E10	1E-30	1E-10	1E10	1E-30	1E-10	1E10	1E-30	1E-10	1E10	1E-30	1E-10	1E10	1E-30	1E-10
196	1.8E-10	1E10	1E10	1E-30	1E-12	1E10	1E-30	1E10	0.09	1E-30	9.57245239407722E-11	3.60872953416852	9.40624377379821E-13	4.11999999999999E-10	558.700482830195	3.09739617203784E-10	2.55233363695662E-11	1.20857554637111	1.36905214221286E-09	1.39902215941779E-11	0.554838719478032	1E10	1E-30	1E-10	1E10	1E-30	1E-10	1E10	1E-30	1E-10	1E10	1E-30	1E-10	1E10	1E-30	1E-10	1E10	1E-30	1E-10	1E10	1E-30	1E-10	1E10	1E-30	1E-10	1E10	1E-30	1E-10	1E10	1E-30	1E-10	1E10	1E-30	1E-10
197	1.8E-10	1E10	1E10	1E-30	1E-12	1E10	1E-30	1E10	0.09	1E-30	9.57245239407722E-11	3.60872953416852	9.40624377379821E-13	4.11999999999999E-10	558.700482830195	3.09739617203784E-10	2.55233363695662E-11	1.20857554637111	1.36905214221286E-09	1.39902215941779E-11	0.554838719478032	1E10	1E-30	1E-10	1E10	1E-30	1E-10	1E10	1E-30	1E-10	1E10	1E-30	1E-10	1E10	1E-30	1E-10	1E10	1E-30	1E-10	1E10	1E-30	1E-10	1E10	1E-30	1E-10	1E10	1E-30	1E-10	1E10	1E-30	1E-10	1E10	1E-30	1E-10
198	1.8E-10	1E10	1E11	1E-30	1E-12	1E10	1E-30	1E10	0.09	1E-30	9.57245239407722E-11	3.60872953416852	9.40624377379821E-13	4.11999999999999E-10	558.700482830195	3.09739617203784E-10	2.55233363695662E-11	1.20857554637111	1.36905214221286E-09	1.39902215941779E-11	0.554838719478032	1E10	1E-30	1E-10	1E10	1E-30	1E-10	1E10	1E-30	1E-10	1E10	1E-30	1E-10	1E10	1E-30	1E-10	1E10	1E-30	1E-10	1E10	1E-30	1E-10	1E10	1E-30	1E-10	1E10	1E-30	1E-10	1E10	1E-30	1E-10	1E10	1E-30	1E-10
199	1.8E-10	1E10	1E11	1E-30	1E-12	1E10	1E-30	1E10	0.09	1E-30	9.57245239407722E-11	3.60872953416852	9.40624377379821E-13	4.11999999999999E-10	558.700482830195	3.09739617203784E-10	2.55233363695662E-11	1.20857554637111	1.36905214221286E-09	1.39902215941779E-11	0.554838719478032	1E10	1E-30	1E-10	1E10	1E-30	1E-10	1E10	1E-30	1E-10	1E10	1E-30	1E-10	1E10	1E-30	1E-10	1E10	1E-30	1E-10	1E10	1E-30	1E-10	1E10	1E-30	1E-10	1E10	1E-30	1E-10	1E10	1E-30	1E-10	1E10	1E-30	1E-10
200	2.2E-10	1E10	1E10	1E-30	1.62617370435106E-10	1E10	1E-30	1E10	9.46199652328992E-02	1E-30	5.00198714270147E-11	0.898284164562544	1E-30	1.16488306433431E-11	3.50017184607574E-02	3.18890310090445E-09	5.99916768107339E-12	0.203907076792812	2.98220689002049E-10	2.40673978538415E-11	0.874742929244537	4.97656163877696E-12	5.35253635030084E-11	6.35083387738858	7.5571842087573E-13	3.28609476171985E-10	1E5	1E10	1E-30	1E-10	1E10	1E-30	1E-10	1E10	1E-30	1E-10	1E10	1E-30	1E-10	1E10	1E-30	1E-10	1E10	1E-30	1E-10	1E10	1E-30	1E-10	1E10	1E-30	1E-10	1E10	1E-30	1E-10
201	2.2E-10	1E10	1E10	1E-30	1.79501484396977E-11	1E10	1E-30	1E10	0.09	1E-30	6.404123121396E-11	1.28262071605015	2.17428185089736E-09	8.82931962085797E-12	0.22024596284699	3.09294684534041E-10	2.29252489531785E-11	0.803844834987024	6.0281309270635E-10	1.6065618527591E-12	0.578629097639424	2.99741504305655E-12	1.18791138772545E-10	54.361864324484	7.69133249681347E-13	3.62275116832781E-10	1E5	1E10	1E-30	1E-10	1E10	1E-30	1E-10	1E10	1E-30	1E-10	1E10	1E-30	1E-10	1E10	1E-30	1E-10	1E10	1E-30	1E-10	1E10	1E-30	1E-10	1E10	1E-30	1E-10	1E10	1E-30	1E-10
202	2.2E-10	1E10	1E11	1E-30	1.62617370435106E-10	1E10	1E-30	1E10	9.46199652328992E-02	1E-30	5.00198714270147E-11	0.898284164562544	1E-30	1.16488306433431E-11	3.50017184607574E-02	3.18890310090445E-09	5.99916768107339E-12	0.203907076792812	2.98220689002049E-10	2.40673978538415E-11	0.874742929244537	4.97656163877696E-12	5.35253635030084E-11	6.35083387738858	7.5571842087573E-13	3.28609476171985E-10	1E5	1E10	1E-30	1E-10	1E10	1E-30	1E-10	1E10	1E-30	1E-10	1E10	1E-30	1E-10	1E10	1E-30	1E-10	1E10	1E-30	1E-10	1E10	1E-30	1E-10	1E10	1E-30	1E-10	1E10	1E-30	1E-10
203	2.2E-10	1E10	1E11	1E-30	1.79501484396977E-11	1E10	1E-30	1E10	0.09	1E-30	6.404123121396E-11	1.28262071605015	2.17428185089736E-09	8.82931962085797E-12	0.22024596284699	3.09294684534041E-10	2.29252489531785E-11	0.803844834987024	6.0281309270635E-10	1.6065618527591E-12	0.578629097639424	2.99741504305655E-12	1.18791138772545E-10	54.361864324484	7.69133249681347E-13	3.62275116832781E-10	1E5	1E10	1E-30	1E-10	1E10	1E-30	1E-10	1E10	1E-30	1E-10	1E10	1E-30	1E-10	1E10	1E-30	1E-10	1E10	1E-30	1E-10	1E10	1E-30	1E-10	1E10	1E-30	1E-10	1E10	1E-30	1E-10
204	2.7E-10	1E10	1E10	1E-30	1E-11	1E10	1E-30	1E10	0.09	1E-30	7.38457553046903E-11	1.85594625891203	1.00523063367749E-12	4.79400558013665E-10	714.165965342164	3.98219712377437E-10	2.7531529118118E-11	0.797724502218071	1.72099720898785E-09	1.63084575190742E-11	0.329562052787156	1E10	1E-30	1E-10	1E10	1E-30	1E-10	1E10	1E-30	1E-10	1E10	1E-30	1E-10	1E10	1E-30	1E-10	1E10	1E-30	1E-10	1E10	1E-30	1E-10	1E10	1E-30	1E-10	1E10	1E-30	1E-10	1E10	1E-30	1E-10	1E10	1E-30	1E-10
205	2.7E-10	1E10	1E10	1E-30	1E-11	1E10	1E-30	1E10	0.09	1E-30	7.38457553046903E-11	1.85594625891203	1.00523063367749E-12	4.79400558013665E-10	714.165965342164	3.98219712377437E-10	2.7531529118118E-11	0.797724502218071	1.72099720898785E-09	1.63084575190742E-11	0.329562052787156	1E10	1E-30	1E-10	1E10	1E-30	1E-10	1E10	1E-30	1E-10	1E10	1E-30	1E-10	1E10	1E-30	1E-10	1E10	1E-30	1E-10	1E10	1E-30	1E-10	1E10	1E-30	1E-10	1E10	1E-30	1E-10	1E10	1E-30	1E-10	1E10	1E-30	1E-10
206	2.7E-10	1E10	1E11	1E-30	1E-11	1E10	1E-30	1E10	0.09	1E-30	7.38457553046903E-11	1.85594625891203	1.00523063367749E-12	4.79400558013665E-10	714.165965342164	3.98219712377437E-10	2.7531529118118E-11	0.797724502218071	1.72099720898785E-09	1.63084575190742E-11	0.329562052787156	1E10	1E-30	1E-10	1E10	1E-30	1E-10	1E10	1E-30	1E-10	1E10	1E-30	1E-10	1E10	1E-30	1E-10	1E10	1E-30	1E-10	1E10	1E-30	1E-10	1E10	1E-30	1E-10	1E10	1E-30	1E-10	1E10	1E-30	1E-10	1E10	1E-30	1E-10
207	2.7E-10	1E10	1E11	1E-30	1E-11	1E10	1E-30	1E10	0.09	1E-30	7.38457553046903E-11	1.85594625891203	1.00523063367749E-12	4.79400558013665E-10	714.165965342164	3.98219712377437E-10	2.7531529118118E-11	0.797724502218071	1.72099720898785E-09	1.63084575190742E-11	0.329562052787156	1E10	1E-30	1E-10	1E10	1E-30	1E-10	1E10	1E-30	1E-10	1E10	1E-30	1E-10	1E10	1E-30	1E-10	1E10	1E-30	1E-10	1E10	1E-30	1E-10	1E10	1E-30	1E-10	1E10	1E-30	1E-10	1E10	1E-30	1E-10	1E10	1E-30	1E-10
208	3.29999999999999E-10	1E10	1E10	1E-30	9E-11	1E10	1E-30	1E10	7.67711541844769E-02	1E-30	1.48847563815914E-11	0.321960842001914	2.75595956654631E-09	1.30512368148017E-11	0.371642540894157	4.2887305772486E-10	3.33418349720031E-11	0.956913377607868	1.50919359769292E-10	2.20133899771027E-11	0.479317529767439	4.8275942339257E-10	2.06280589809112E-12	0.485434175009557	2.99013772705866E-12	1.07304163736028E-10	33.7269981401282	8.92735385982877E-13	2.78174516566387E-10	1E5	1E10	1E-30	1E-10	1E10	1E-30	1E-10	1E10	1E-30	1E-10	1E10	1E-30	1E-10	1E10	1E-30	1E-10	1E10	1E-30	1E-10	1E10	1E-30	1E-10	1E10	1E-30	1E-10
209	3.3E-10	1E10	1E10	1E-30	1E-10	1E10	1E-30	1E10	7.48553995572944E-02	1E-30	3.20971963783738E-11	0.824977574850038	5.49595073234084E-10	2.59061463240251E-11	0.79648500099169	3.27477333261072E-10	1.16938687327413E-11	0.372332785555267	2.08765004156666E-11	1.70446781504615E-11	2.2133045583085	6.97056615902128E-13	3.402295556757E-10	1E5	1E10	1E-30	1E-10	1E10	1E-30	1E-10	1E10	1E-30	1E-10	1E10	1E-30	1E-10	1E10	1E-30	1E-10	1E10	1E-30	1E-10	1E10	1E-30	1E-10	1E10	1E-30	1E-10	1E10	1E-30	1E-10	1E10	1E-30	1E-10
210	3.29999999999999E-10	1E10	1E11	1E-30	9E-11	1E10	1E-30	1E10	7.67711541844769E-02	1E-30	1.48847563815914E-11	0.321960842001914	2.75595956654631E-09	1.30512368148017E-11	0.371642540894157	4.2887305772486E-10	3.33418349720031E-11	0.956913377607868	1.50919359769292E-10	2.20133899771027E-11	0.479317529767439	4.8275942339257E-10	2.06280589809112E-12	0.485434175009557	2.99013772705866E-12	1.07304163736028E-10	33.7269981401282	8.92735385982877E-13	2.78174516566387E-10	1E5	1E10	1E-30	1E-10	1E10	1E-30	1E-10	1E10	1E-30	1E-10	1E10	1E-30	1E-10	1E10	1E-30	1E-10	1E10	1E-30	1E-10	1E10	1E-30	1E-10	1E10	1E-30	1E-10
211	3.3E-10	1E10	1E11	1E-30	1E-10	1E10	1E-30	1E10	7.48553995572944E-02	1E-30	3.20971963783738E-11	0.824977574850038	5.49595073234084E-10	2.59061463240251E-11	0.79648500099169	3.27477333261072E-10	1.16938687327413E-11	0.372332785555267	2.08765004156666E-11	1.70446781504615E-11	2.2133045583085	6.97056615902128E-13	3.402295556757E-10	1E5	1E10	1E-30	1E-10	1E10	1E-30	1E-10	1E10	1E-30	1E-10	1E10	1E-30	1E-10	1E10	1E-30	1E-10	1E10	1E-30	1E-10	1E10	1E-30	1E-10	1E10	1E-30	1E-10	1E10	1E-30	1E-10	1E10	1E-30	1E-10
212	3.9E-10	1E10	1E10	1E-30	2E-11	1E10	1E-30	1E10	0.06	1E-30	8.16955955868719E-11	4.2644096240072	7.55361435464844E-13	3.3E-10	1E10	2.59204995929319E-11	1.4894531856115E-11	4.18773069542905	4.43065325536191E-10	1.22159331349173E-11	0.449016583782786	5.28404021791266E-10	3.32898360833973E-11	0.874015944572908	2.53592879070392E-09	2.06791936312291E-11	0.674002699321972	1E10	1E-30	1E-10	1E10	1E-30	1E-10	1E10	1E-30	1E-10	1E10	1E-30	1E-10	1E10	1E-30	1E-10	1E10	1E-30	1E-10	1E10	1E-30	1E-10	1E10	1E-30	1E-10	1E10	1E-30	1E-10
213	3.9E-10	1E10	1E10	1E-30	1E-11	1E10	1E-30	1E10	0.05	1E-30	9.07031104089329E-11	1.22122382279334	6.15220981710116E-13	3.81228508003596E-10	1E10	4.2189225011008E-11	9.62020956989788E-12	1.96919101748707	2.26092176040791E-09	2.34506040425608E-12	0.140787660925675	8.59049518953044E-10	2.04766813590412E-11	0.620685104505687	2.577220336805E-09	2.03478770321153E-11	0.663204005421469	1E10	1E-30	1E-10	1E10	1E-30	1E-10	1E10	1E-30	1E-10	1E10	1E-30	1E-10	1E10	1E-30	1E-10	1E10	1E-30	1E-10	1E10	1E-30	1E-10	1E10	1E-30	1E-10	1E10	1E-30	1E-10
214	3.9E-10	1E10	1E11	1E-30	2E-11	1E10	1E-30	1E10	0.06	1E-30	8.16955955868719E-11	4.2644096240072	7.55361435464844E-13	3.3E-10	1E10	2.59204995929319E-11	1.4894531856115E-11	4.18773069542905	4.43065325536191E-10	1.22159331349173E-11	0.449016583782786	5.28404021791266E-10	3.32898360833973E-11	0.874015944572908	2.53592879070392E-09	2.06791936312291E-11	0.674002699321972	1E10	1E-30	1E-10	1E10	1E-30	1E-10	1E10	1E-30	1E-10	1E10	1E-30	1E-10	1E10	1E-30	1E-10	1E10	1E-30	1E-10	1E10	1E-30	1E-10	1E10	1E-30	1E-10	1E10	1E-30	1E-10
215	3.9E-10	1E10	1E11	1E-30	1E-11	1E10	1E-30	1E10	0.05	1E-30	9.07031104089329E-11	1.22122382279334	6.15220981710116E-13	3.81228508003596E-10	1E10	4.2189225011008E-11	9.62020956989788E-12	1.96919101748707	2.26092176040791E-09	2.34506040425608E-12	0.140787660925675	8.59049518953044E-10	2.04766813590412E-11	0.620685104505687	2.577220336805E-09	2.03478770321153E-11	0.663204005421469	1E10	1E-30	1E-10	1E10	1E-30	1E-10	1E10	1E-30	1E-10	1E10	1E-30	1E-10	1E10	1E-30	1E-10	1E10	1E-30	1E-10	1E10	1E-30	1E-10	1E10	1E-30	1E-10	1E10	1E-30	1E-10
216	4.7E-10	1E10	1E10	1E-30	3.9E-11	1E10	1E-30	1E10	6.33209230298791E-02	1E-30	3.92677669357535E-11	1.04073630577717	3.06075355531238E-09	1.99966234596063E-11	0.616123735248269	7.32948643491018E-10	2.8357296706658E-11	0.731697376435211	4.6388545238955E-10	1.27265420563323E-11	0.403424889827605	7.61114439065786E-12	3.9545062135831E-11	8.00292811483046	8.13162151488279E-13	2.85011861889635E-10	1E5	1E10	1E-30	1E-10	1E10	1E-30	1E-10	1E10	1E-30	1E-10	1E10	1E-30	1E-10	1E10	1E-30	1E-10	1E10	1E-30	1E-10	1E10	1E-30	1E-10	1E10	1E-30	1E-10	1E10	1E-30	1E-10
217	4.7E-10	1E10	1E10	1E-30	1.05E-10	1E10	1E-30	1E10	5.72525820858612E-02	1E-30	2.47261755899736E-11	0.508422350610034	2.92408307426667E-09	2.15242281206299E-11	0.676589648997622	8.44250876090068E-10	2.4031266427849E-11	0.730928345140844	3.51568505065981E-10	1.74690659537582E-11	0.436214603902494	3.96380146845041E-12	6.72012139938981E-11	7.97348618492054	1.06479299959833E-12	2.33224893957016E-10	1E5	1E10	1E-30	1E-10	1E10	1E-30	1E-10	1E10	1E-30	1E-10	1E10	1E-30	1E-10	1E10	1E-30	1E-10	1E10	1E-30	1E-10	1E10	1E-30	1E-10	1E10	1E-30	1E-10	1E10	1E-30	1E-10
218	4.7E-10	1E10	1E11	1E-30	3.9E-11	1E10	1E-30	1E10	6.33209230298791E-02	1E-30	3.92677669357535E-11	1.04073630577717	3.06075355531238E-09	1.99966234596063E-11	0.616123735248269	7.32948643491018E-10	2.8357296706658E-11	0.731697376435211	4.6388545238955E-10	1.27265420563323E-11	0.403424889827605	7.61114439065786E-12	3.9545062135831E-11	8.00292811483046	8.13162151488279E-13	2.85011861889635E-10	1E5	1E10	1E-30	1E-10	1E10	1E-30	1E-10	1E10	1E-30	1E-10	1E10	1E-30	1E-10	1E10	1E-30	1E-10	1E10	1E-30	1E-10	1E10	1E-30	1E-10	1E10	1E-30	1E-10	1E10	1E-30	1E-10
219	4.7E-10	1E10	1E11	1E-30	1.05E-10	1E10	1E-30	1E10	5.72525820858612E-02	1E-30	2.47261755899736E-11	0.508422350610034	2.92408307426667E-09	2.15242281206299E-11	0.676589648997622	8.44250876090068E-10	2.4031266427849E-11	0.730928345140844	3.51568505065981E-10	1.74690659537582E-11	0.436214603902494	3.96380146845041E-12	6.72012139938981E-11	7.97348618492054	1.06479299959833E-12	2.33224893957016E-10	1E5	1E10	1E-30	1E-10	1E10	1E-30	1E-10	1E10	1E-30	1E-10	1E10	1E-30	1E-10	1E10	1E-30	1E-10	1E10	1E-30	1E-10	1E10	1E-30	1E-10	1E10	1E-30	1E-10	1E10	1E-30	1E-10
220	5.6E-10	1E10	1E10	1E-30	5E-11	1E10	1E-30	1E10	0.045	1E-30	6.02559672221474E-11	1.2969043547901	9.39580133894179E-13	2.64305539739586E-10	1E10	1.9235732878064E-11	1.8226096877346E-11	4.33966895163136	5.16002697594393E-10	1.60292127746376E-11	0.335799652910875	9.36440920401902E-10	2.93506290813467E-11	0.803094796062419	2.83522473869793E-09	2.65580868323606E-11	0.676625541737261	1E10	1E-30	1E-10	1E10	1E-30	1E-10	1E10	1E-30	1E-10	1E10	1E-30	1E-10	1E10	1E-30	1E-10	1E10	1E-30	1E-10	1E10	1E-30	1E-10	1E10	1E-30	1E-10	1E10	1E-30	1E-10
221	5.6E-10	1E10	1E10	1E-30	5E-11	1E10	1E-30	1E10	0.045	1E-30	6.02559672221474E-11	1.2969043547901	9.39580133894179E-13	2.64305539739586E-10	1E10	1.9235732878064E-11	1.8226096877346E-11	4.33966895163136	5.16002697594393E-10	1.60292127746376E-11	0.335799652910875	9.36440920401902E-10	2.93506290813467E-11	0.803094796062419	2.83522473869793E-09	2.65580868323606E-11	0.676625541737261	1E10	1E-30	1E-10	1E10	1E-30	1E-10	1E10	1E-30	1E-10	1E10	1E-30	1E-10	1E10	1E-30	1E-10	1E10	1E-30	1E-10	1E10	1E-30	1E-10	1E10	1E-30	1E-10	1E10	1E-30	1E-10
222	5.6E-10	1E10	1E11	1E-30	5E-11	1E10	1E-30	1E10	0.045	1E-30	6.02559672221474E-11	1.2969043547901	9.39580133894179E-13	2.64305539739586E-10	1E10	1.9235732878064E-11	1.8226096877346E-11	4.33966895163136	5.16002697594393E-10	1.60292127746376E-11	0.335799652910875	9.36440920401902E-10	2.93506290813467E-11	0.803094796062419	2.83522473869793E-09	2.65580868323606E-11	0.676625541737261	1E10	1E-30	1E-10	1E10	1E-30	1E-10	1E10	1E-30	1E-10	1E10	1E-30	1E-10	1E10	1E-30	1E-10	1E10	1E-30	1E-10	1E10	1E-30	1E-10	1E10	1E-30	1E-10	1E10	1E-30	1E-10
223	5.6E-10	1E10	1E11	1E-30	5E-11	1E10	1E-30	1E10	0.045	1E-30	6.02559672221474E-11	1.2969043547901	9.39580133894179E-13	2.64305539739586E-10	1E10	1.9235732878064E-11	1.8226096877346E-11	4.33966895163136	5.16002697594393E-10	1.60292127746376E-11	0.335799652910875	9.36440920401902E-10	2.93506290813467E-11	0.803094796062419	2.83522473869793E-09	2.65580868323606E-11	0.676625541737261	1E10	1E-30	1E-10	1E10	1E-30	1E-10	1E10	1E-30	1E-10	1E10	1E-30	1E-10	1E10	1E-30	1E-10	1E10	1E-30	1E-10	1E10	1E-30	1E-10	1E10	1E-30	1E-10	1E10	1E-30	1E-10
224	6.79999999999999E-10	1E10	1E10	1E-30	1.93878486297436E-10	1E10	1E-30	1E10	0.06	1E-30	4.77782702717229E-11	6.27501519671534	1E-30	4.96276757393104E-11	0.739201945010611	4.85818937780156E-09	1.87353918279054E-11	0.383777449729202	1.02663567727632E-09	3.01002698474952E-11	0.569486716362737	1.38353293656511E-09	6.97715916532647E-12	0.233144016260864	5.10187199894988E-10	2.01716230440393E-12	0.864728234180061	1.68166048379926E-12	1.69551553147739E-10	1E5	1E10	1E-30	1E-10	1E10	1E-30	1E-10	1E10	1E-30	1E-10	1E10	1E-30	1E-10	1E10	1E-30	1E-10	1E10	1E-30	1E-10	1E10	1E-30	1E-10	1E10	1E-30	1E-10
225	6.8E-10	1E10	1E10	1E-30	8.66328576828114E-11	1E10	1E-30	1E10	0.054535189498522	1E-30	3.14316032177254E-11	1.31679062357651	1E-30	6.44077468429479E-11	0.401560283348283	6.91525381514914E-09	1.31030792582255E-11	0.349598588635073	1.88966686920274E-09	1.69404535742225E-11	0.475461880307329	2.85073408718992E-11	1.17448020939739E-11	5.69779293461985	7.27370229140685E-13	3.18628463922229E-10	1E5	1E10	1E-30	1E-10	1E10	1E-30	1E-10	1E10	1E-30	1E-10	1E10	1E-30	1E-10	1E10	1E-30	1E-10	1E10	1E-30	1E-10	1E10	1E-30	1E-10	1E10	1E-30	1E-10	1E10	1E-30	1E-10
226	6.79999999999999E-10	1E10	1E11	1E-30	1.93878486297436E-10	1E10	1E-30	1E10	0.06	1E-30	4.77782702717229E-11	6.27501519671534	1E-30	4.96276757393104E-11	0.739201945010611	4.85818937780156E-09	1.87353918279054E-11	0.383777449729202	1.02663567727632E-09	3.01002698474952E-11	0.569486716362737	1.38353293656511E-09	6.97715916532647E-12	0.233144016260864	5.10187199894988E-10	2.01716230440393E-12	0.864728234180061	1.68166048379926E-12	1.69551553147739E-10	1E5	1E10	1E-30	1E-10	1E10	1E-30	1E-10	1E10	1E-30	1E-10	1E10	1E-30	1E-10	1E10	1E-30	1E-10	1E10	1E-30	1E-10	1E10	1E-30	1E-10	1E10	1E-30	1E-10
227	6.8E-10	1E10	1E11	1E-30	8.66328576828114E-11	1E10	1E-30	1E10	0.054535189498522	1E-30	3.14316032177254E-11	1.31679062357651	1E-30	6.44077468429479E-11	0.401560283348283	6.91525381514914E-09	1.31030792582255E-11	0.349598588635073	1.88966686920274E-09	1.69404535742225E-11	0.475461880307329	2.85073408718992E-11	1.17448020939739E-11	5.69779293461985	7.27370229140685E-13	3.18628463922229E-10	1E5	1E10	1E-30	1E-10	1E10	1E-30	1E-10	1E10	1E-30	1E-10	1E10	1E-30	1E-10	1E10	1E-30	1E-10	1E10	1E-30	1E-10	1E10	1E-30	1E-10	1E10	1E-30	1E-10	1E10	1E-30	1E-10
228	8.2E-10	1E10	1E10	1E-30	4.5E-11	1E10	1E-30	1E10	0.033	1E-30	9.07659576126929E-11	0.712874164080196	5E-13	3.3E-10	1E10	3.10969893180492E-11	1.27274659792599E-11	1.52952254396422	2.27370584736688E-09	6.24994860563286E-12	0.174995089268262	1.64550903956008E-09	2.53017631207043E-11	0.571829026670391	6.38506232439271E-09	1.75827946211273E-11	0.485049167184734	1E10	1E-30	1E-10	1E10	1E-30	1E-10	1E10	1E-30	1E-10	1E10	1E-30	1E-10	1E10	1E-30	1E-10	1E10	1E-30	1E-10	1E10	1E-30	1E-10	1E10	1E-30	1E-10	1E10	1E-30	1E-10
229	8.2E-10	1E10	1E10	1E-30	4.5E-11	1E10	1E-30	1E10	0.033	1E-30	9.07659576126929E-11	0.712874164080196	5E-13	3.3E-10	1E10	3.10969893180492E-11	1.27274659792599E-11	1.52952254396422	2.27370584736688E-09	6.24994860563286E-12	0.174995089268262	1.64550903956008E-09	2.53017631207043E-11	0.571829026670391	6.38506232439271E-09	1.75827946211273E-11	0.485049167184734	1E10	1E-30	1E-10	1E10	1E-30	1E-10	1E10	1E-30	1E-10	1E10	1E-30	1E-10	1E10	1E-30	1E-10	1E10	1E-30	1E-10	1E10	1E-30	1E-10	1E10	1E-30	1E-10	1E10	1E-30	1E-10
230	8.2E-10	1E10	1E11	1E-30	4.5E-11	1E10	1E-30	1E10	0.033	1E-30	9.07659576126929E-11	0.712874164080196	5E-13	3.3E-10	1E10	3.10969893180492E-11	1.27274659792599E-11	1.52952254396422	2.27370584736688E-09	6.24994860563286E-12	0.174995089268262	1.64550903956008E-09	2.53017631207043E-11	0.571829026670391	6.38506232439271E-09	1.75827946211273E-11	0.485049167184734	1E10	1E-30	1E-10	1E10	1E-30	1E-10	1E10	1E-30	1E-10	1E10	1E-30	1E-10	1E10	1E-30	1E-10	1E10	1E-30	1E-10	1E10	1E-30	1E-10	1E10	1E-30	1E-10	1E10	1E-30	1E-10
231	8.2E-10	1E10	1E11	1E-30	4.5E-11	1E10	1E-30	1E10	0.033	1E-30	9.07659576126929E-11	0.712874164080196	5E-13	3.3E-10	1E10	3.10969893180492E-11	1.27274659792599E-11	1.52952254396422	2.27370584736688E-09	6.24994860563286E-12	0.174995089268262	1.64550903956008E-09	2.53017631207043E-11	0.571829026670391	6.38506232439271E-09	1.75827946211273E-11	0.485049167184734	1E10	1E-30	1E-10	1E10	1E-30	1E-10	1E10	1E-30	1E-10	1E10	1E-30	1E-10	1E10	1E-30	1E-10	1E10	1E-30	1E-10	1E10	1E-30	1E-10	1E10	1E-30	1E-10	1E10	1E-30	1E-10
232	1.00183094908985E-09	1E10	1E10	1E-30	1.04820814622391E-10	1E10	1E-30	1E10	1.96506884179277E-02	1E-30	6.73222826203768E-11	0.539491238353056	1E-30	7.18478193802811E-11	1.79880549576566E-02	5.82558509201937E-09	2.39530259130784E-11	0.54244469004498	2.45408312150243E-09	2.15821541115507E-11	0.56817719134756	1.40128660046037E-09	1.29276521340844E-11	0.260324410698978	2.09486908107659E-11	1.67357633042236E-11	4.3958021378883	1.1210044697042E-12	2.06743920365464E-10	1E5	1E10	1E-30	1E-10	1E10	1E-30	1E-10	1E10	1E-30	1E-10	1E10	1E-30	1E-10	1E10	1E-30	1E-10	1E10	1E-30	1E-10	1E10	1E-30	1E-10	1E10	1E-30	1E-10
233	1.02478497461293E-09	1E10	1E10	1E-30	2.1100939864299E-10	1E10	1E-30	1E10	2.19131082250637E-02	1E-30	4.69193107735071E-11	0.485055483642987	1E-30	5.08842106778586E-11	1.62780508279679E-02	4.28070125119793E-09	3.31593203628779E-11	0.556066691547296	1.78680305304145E-09	3.08252081982293E-11	0.62046363555503	8.50056526685011E-09	3.78667937296036E-12	0.129954876511647	9.53979118932659E-10	1.8144118546292E-11	0.347362244077383	4.40391309012619E-12	6.64272846831407E-11	1E5	5.31609127380614E-12	4.70866567875357E-11	3.34324120990733	1E10	1E-30	1E-10	1E10	1E-30	1E-10	1E10	1E-30	1E-10	1E10	1E-30	1E-10	1E10	1E-30	1E-10	1E10	1E-30	1E-10	1E10	1E-30	1E-10
234	1.00183094908985E-09	1E10	1E11	1E-30	1.04820814622391E-10	1E10	1E-30	1E10	1.96506884179277E-02	1E-30	6.73222826203768E-11	0.539491238353056	1E-30	7.18478193802811E-11	1.79880549576566E-02	5.82558509201937E-09	2.39530259130784E-11	0.54244469004498	2.45408312150243E-09	2.15821541115507E-11	0.56817719134756	1.40128660046037E-09	1.29276521340844E-11	0.260324410698978	2.09486908107659E-11	1.67357633042236E-11	4.3958021378883	1.1210044697042E-12	2.06743920365464E-10	1E5	1E10	1E-30	1E-10	1E10	1E-30	1E-10	1E10	1E-30	1E-10	1E10	1E-30	1E-10	1E10	1E-30	1E-10	1E10	1E-30	1E-10	1E10	1E-30	1E-10	1E10	1E-30	1E-10
235	1.02478497461293E-09	1E10	1E11	1E-30	2.1100939864299E-10	1E10	1E-30	1E10	2.19131082250637E-02	1E-30	4.69193107735071E-11	0.485055483642987	1E-30	5.08842106778586E-11	1.62780508279679E-02	4.28070125119793E-09	3.31593203628779E-11	0.556066691547296	1.78680305304145E-09	3.08252081982293E-11	0.62046363555503	8.50056526685011E-09	3.78667937296036E-12	0.129954876511647	9.53979118932659E-10	1.8144118546292E-11	0.347362244077383	4.40391309012619E-12	6.64272846831407E-11	1E5	5.31609127380614E-12	4.70866567875357E-11	3.34324120990733	1E10	1E-30	1E-10	1E10	1E-30	1E-10	1E10	1E-30	1E-10	1E10	1E-30	1E-10	1E10	1E-30	1E-10	1E10	1E-30	1E-10	1E10	1E-30	1E-10
236	1.00714294925629E-09	1E10	1E10	1E-30	1.5818865605154E-10	1E10	1E-30	1E10	3.42849704666935E-02	1E-30	6.01880736942129E-11	0.557083565711364	1E-30	5.45109977734969E-11	2.72818135247259E-02	1E-30	6.65442920097312E-11	2.7193108560089E-03	1E-30	4.21027333804294E-11	6.20285873956771E-04	1.58747410367483E-08	7.1957666486538E-12	0.138697555409624	1.7442542236828E-09	2.70241563161977E-11	0.426398288805484	8.00217805698777E-13	3.23761186522746E-10	312.084479779525	1E10	1E-30	1E-10	1E10	1E-30	1E-10	1E10	1E-30	1E-10	1E10	1E-30	1E-10	1E10	1E-30	1E-10	1E10	1E-30	1E-10	1E10	1E-30	1E-10	1E10	1E-30	1E-10
237	1.00714294925629E-09	1E10	1E11	1E-30	1.5818865605154E-10	1E10	1E-30	1E10	3.42849704666935E-02	1E-30	6.01880736942129E-11	0.557083565711364	1E-30	5.45109977734969E-11	2.72818135247259E-02	1E-30	6.65442920097312E-11	2.7193108560089E-03	1E-30	4.21027333804294E-11	6.20285873956771E-04	1.58747410367483E-08	7.1957666486538E-12	0.138697555409624	1.7442542236828E-09	2.70241563161977E-11	0.426398288805484	8.00217805698777E-13	3.23761186522746E-10	312.084479779525	1E10	1E-30	1E-10	1E10	1E-30	1E-10	1E10	1E-30	1E-10	1E10	1E-30	1E-10	1E10	1E-30	1E-10	1E10	1E-30	1E-10	1E10	1E-30	1E-10	1E10	1E-30	1E-10
238	1.00714294925629E-09	1E10	1E10	1E-30	1.5818865605154E-10	1E10	1E-30	1E10	3.42849704666935E-02	1E-30	6.01880736942129E-11	0.557083565711364	1E-30	5.45109977734969E-11	2.72818135247259E-02	1E-30	6.65442920097312E-11	2.7193108560089E-03	1E-30	4.21027333804294E-11	6.20285873956771E-04	1.58747410367483E-08	7.1957666486538E-12	0.138697555409624	1.7442542236828E-09	2.70241563161977E-11	0.426398288805484	8.00217805698777E-13	3.23761186522746E-10	312.084479779525	1E10	1E-30	1E-10	1E10	1E-30	1E-10	1E10	1E-30	1E-10	1E10	1E-30	1E-10	1E10	1E-30	1E-10	1E10	1E-30	1E-10	1E10	1E-30	1E-10	1E10	1E-30	1E-10
239	1.00714294925629E-09	1E10	1E11	1E-30	1.5818865605154E-10	1E10	1E-30	1E10	3.42849704666935E-02	1E-30	6.01880736942129E-11	0.557083565711364	1E-30	5.45109977734969E-11	2.72818135247259E-02	1E-30	6.65442920097312E-11	2.7193108560089E-03	1E-30	4.21027333804294E-11	6.20285873956771E-04	1.58747410367483E-08	7.1957666486538E-12	0.138697555409624	1.7442542236828E-09	2.70241563161977E-11	0.426398288805484	8.00217805698777E-13	3.23761186522746E-10	312.084479779525	1E10	1E-30	1E-10	1E10	1E-30	1E-10	1E10	1E-30	1E-10	1E10	1E-30	1E-10	1E10	1E-30	1E-10	1E10	1E-30	1E-10	1E10	1E-30	1E-10	1E10	1E-30	1E-10
240	9.86514660402679E-10	1E10	1E10	1E-30	1.65203956492703E-10	1E10	1E-30	1E10	0.233223267887608	8.99260148601219E-08	1E10	18176.6589862092	1.64357535379887E-07	1E10	998.881706309346	1.50134193490859E-07	1E10	147.745431058992	1.10821095343656E-07	1E10	21.6185881388277	1.49989777389626E-07	1E10	2.54283635691755	7.2587943570567E-08	1E10	1.34967623689478	4.57897065242332E-08	1E10	0.315132493867193	1.3763566973128E-08	1E10	0.24483830277832	1E-30	3.99020100075911E-11	0.501423446013259	6.54253301169794E-09	1.19032205327164E-11	0.146805606267555	9.13901584532103E-10	3.05411868640236E-11	0.308861333314765	6.97293496466882E-12	1.0347314139336E-10	14.2838825536533	3.04414510890046E-12	1.21409046636864E-10	22.1231146816923	1E10	1E-30	1E-10	1E10	1E-30	1E-10
241	9.86514660402679E-10	1E10	1E10	1E-30	1.65203956492703E-10	1E10	1E-30	1E10	0.233223267887608	8.99260148601219E-08	1E10	18176.6589862092	1.64357535379887E-07	1E10	998.881706309346	1.50134193490859E-07	1E10	147.745431058992	1.10821095343656E-07	1E10	21.6185881388277	1.49989777389626E-07	1E10	2.54283635691755	7.2587943570567E-08	1E10	1.34967623689478	4.57897065242332E-08	1E10	0.315132493867193	1.3763566973128E-08	1E10	0.24483830277832	1E-30	3.99020100075911E-11	0.501423446013259	6.54253301169794E-09	1.19032205327164E-11	0.146805606267555	9.13901584532103E-10	3.05411868640236E-11	0.308861333314765	6.97293496466882E-12	1.0347314139336E-10	14.2838825536533	3.04414510890046E-12	1.21409046636864E-10	22.1231146816923	1E10	1E-30	1E-10	1E10	1E-30	1E-10
242	1.04712854805089E-09	1E10	1E10	1E-30	1.6E-10	1E10	1E-30	1E10	0.256259627277209	1.03170918453415E-07	1E10	12683.9422805665	1.6340398004341E-07	1E10	746.885893680812	1.33403161485943E-07	1E10	91.88703903558	1.27550859481392E-07	1E10	12.5905726463622	8.38354849054175E-08	1E10	2.77519951531124	5.69150581486302E-08	1E10	0.704081516521699	2.90899766715398E-08	1E10	0.24887364054459	1.0331587625945E-08	1E10	0.159829567838331	1.11739294511464E-11	2.8914672360888E-10	5.21736907396473	2.34366855980286E-12	1.6072789578564E-10	17.9007076164128	1E10	1E-30	1E-10	1E10	1E-30	1E-10	1E10	1E-30	1E-10	1E10	1E-30	1E-10	1E10	1E-30	1E-10
243	1.04712854805089E-09	1E10	1E10	1E-30	1.6E-10	1E10	1E-30	1E10	0.256259627277209	1.03170918453415E-07	1E10	12683.9422805665	1.6340398004341E-07	1E10	746.885893680812	1.33403161485943E-07	1E10	91.88703903558	1.27550859481392E-07	1E10	12.5905726463622	8.38354849054175E-08	1E10	2.77519951531124	5.69150581486302E-08	1E10	0.704081516521699	2.90899766715398E-08	1E10	0.24887364054459	1.0331587625945E-08	1E10	0.159829567838331	1.11739294511464E-11	2.8914672360888E-10	5.21736907396473	2.34366855980286E-12	1.6072789578564E-10	17.9007076164128	1E10	1E-30	1E-10	1E10	1E-30	1E-10	1E10	1E-30	1E-10	1E10	1E-30	1E-10	1E10	1E-30	1E-10
244	9.86514660402679E-10	1E10	1E10	1E-30	1.65203956492703E-10	1E10	1E-30	1E10	0.233223267887608	8.99260148601219E-08	1E10	18176.6589862092	1.64357535379887E-07	1E10	998.881706309346	1.50134193490859E-07	1E10	147.745431058992	1.10821095343656E-07	1E10	21.6185881388277	1.49989777389626E-07	1E10	2.54283635691755	7.2587943570567E-08	1E10	1.34967623689478	4.57897065242332E-08	1E10	0.315132493867193	1.3763566973128E-08	1E10	0.24483830277832	1E-30	3.99020100075911E-11	0.501423446013259	6.54253301169794E-09	1.19032205327164E-11	0.146805606267555	9.13901584532103E-10	3.05411868640236E-11	0.308861333314765	6.97293496466882E-12	1.0347314139336E-10	14.2838825536533	3.04414510890046E-12	1.21409046636864E-10	22.1231146816923	1E10	1E-30	1E-10	1E10	1E-30	1E-10
245	1.04712854805089E-09	1E10	1E10	1E-30	1.6E-10	1E10	1E-30	1E10	0.256259627277209	1.03170918453415E-07	1E10	12683.9422805665	1.6340398004341E-07	1E10	746.885893680812	1.33403161485943E-07	1E10	91.88703903558	1.27550859481392E-07	1E10	12.5905726463622	8.38354849054175E-08	1E10	2.77519951531124	5.69150581486302E-08	1E10	0.704081516521699	2.90899766715398E-08	1E10	0.24887364054459	1.0331587625945E-08	1E10	0.159829567838331	1.11739294511464E-11	2.8914672360888E-10	5.21736907396473	2.34366855980286E-12	1.6072789578564E-10	17.9007076164128	1E10	1E-30	1E-10	1E10	1E-30	1E-10	1E10	1E-30	1E-10	1E10	1E-30	1E-10	1E10	1E-30	1E-10
246	1.18011899576335E-09	1E10	1E10	1E-30	9.16801036873661E-11	1E10	1E-30	1E10	0.012	1E-30	5.38751188476877E-11	0.453466113179633	1E-30	8.87561252223093E-11	2.07183431349145E-02	1E-30	1.18700983332696E-11	1.38061222372677E-02	1.76966802408453E-08	7.31304643249282E-12	0.171321261048047	1.64657179114304E-09	3.30959410286993E-11	0.601363379781585	1.00694916320752E-12	3.58288147559256E-10	499.445460040933	1E10	1E-30	1E-10	1E10	1E-30	1E-10	1E10	1E-30	1E-10	1E10	1E-30	1E-10	1E10	1E-30	1E-10	1E10	1E-30	1E-10	1E10	1E-30	1E-10	1E10	1E-30	1E-10	1E10	1E-30	1E-10
247	1.18011899576335E-09	1E10	1E10	1E-30	9.16801036873661E-11	1E10	1E-30	1E10	0.012	1E-30	5.38751188476877E-11	0.453466113179633	1E-30	8.87561252223093E-11	2.07183431349145E-02	1E-30	1.18700983332696E-11	1.38061222372677E-02	1.76966802408453E-08	7.31304643249282E-12	0.171321261048047	1.64657179114304E-09	3.30959410286993E-11	0.601363379781585	1.00694916320752E-12	3.58288147559256E-10	499.445460040933	1E10	1E-30	1E-10	1E10	1E-30	1E-10	1E10	1E-30	1E-10	1E10	1E-30	1E-10	1E10	1E-30	1E-10	1E10	1E-30	1E-10	1E10	1E-30	1E-10	1E10	1E-30	1E-10	1E10	1E-30	1E-10
248	1.18011899576335E-09	1E10	1E11	1E-30	9.16801036873661E-11	1E10	1E-30	1E10	0.012	1E-30	5.38751188476877E-11	0.453466113179633	1E-30	8.87561252223093E-11	2.07183431349145E-02	1E-30	1.18700983332696E-11	1.38061222372677E-02	1.76966802408453E-08	7.31304643249282E-12	0.171321261048047	1.64657179114304E-09	3.30959410286993E-11	0.601363379781585	1.00694916320752E-12	3.58288147559256E-10	499.445460040933	1E10	1E-30	1E-10	1E10	1E-30	1E-10	1E10	1E-30	1E-10	1E10	1E-30	1E-10	1E10	1E-30	1E-10	1E10	1E-30	1E-10	1E10	1E-30	1E-10	1E10	1E-30	1E-10	1E10	1E-30	1E-10
249	1.18011899576335E-09	1E10	1E11	1E-30	9.16801036873661E-11	1E10	1E-30	1E10	0.012	1E-30	5.38751188476877E-11	0.453466113179633	1E-30	8.87561252223093E-11	2.07183431349145E-02	1E-30	1.18700983332696E-11	1.38061222372677E-02	1.76966802408453E-08	7.31304643249282E-12	0.171321261048047	1.64657179114304E-09	3.30959410286993E-11	0.601363379781585	1.00694916320752E-12	3.58288147559256E-10	499.445460040933	1E10	1E-30	1E-10	1E10	1E-30	1E-10	1E10	1E-30	1E-10	1E10	1E-30	1E-10	1E10	1E-30	1E-10	1E10	1E-30	1E-10	1E10	1E-30	1E-10	1E10	1E-30	1E-10	1E10	1E-30	1E-10
250	1.21459171089401E-09	1E10	1E10	1E-30	1.00022224428563E-10	1E10	1E-30	1E10	2.17618691841881E-02	1E-30	5.91847041847416E-11	0.520138861371468	1E-30	6.34784233677531E-11	2.51021352003076E-02	1E-30	3.22262205173832E-10	5.57685418907304E-03	1E-30	4.67160542990494E-11	3.03319996732712E-03	1.32909979262001E-08	1.15911593943984E-11	0.164885794060849	2.36937277651883E-09	2.95560619395215E-11	0.417635639080781	1.63990048661953E-09	1.33078919182612E-11	0.124266408222026	6.23763401329438E-13	3.5255937095574E-10	274.04701209514	1E10	1E-30	1E-10	1E10	1E-30	1E-10	1E10	1E-30	1E-10	1E10	1E-30	1E-10	1E10	1E-30	1E-10	1E10	1E-30	1E-10	1E10	1E-30	1E-10
251	1.21459171089401E-09	1E10	1E11	1E-30	1.00022224428563E-10	1E10	1E-30	1E10	2.17618691841881E-02	1E-30	5.91847041847416E-11	0.520138861371468	1E-30	6.34784233677531E-11	2.51021352003076E-02	1E-30	3.22262205173832E-10	5.57685418907304E-03	1E-30	4.67160542990494E-11	3.03319996732712E-03	1.32909979262001E-08	1.15911593943984E-11	0.164885794060849	2.36937277651883E-09	2.95560619395215E-11	0.417635639080781	1.63990048661953E-09	1.33078919182612E-11	0.124266408222026	6.23763401329438E-13	3.5255937095574E-10	274.04701209514	1E10	1E-30	1E-10	1E10	1E-30	1E-10	1E10	1E-30	1E-10	1E10	1E-30	1E-10	1E10	1E-30	1E-10	1E10	1E-30	1E-10	1E10	1E-30	1E-10
252	1.21459171089401E-09	1E10	1E10	1E-30	1.00022224428563E-10	1E10	1E-30	1E10	2.17618691841881E-02	1E-30	5.91847041847416E-11	0.520138861371468	1E-30	6.34784233677531E-11	2.51021352003076E-02	1E-30	3.22262205173832E-10	5.57685418907304E-03	1E-30	4.67160542990494E-11	3.03319996732712E-03	1.32909979262001E-08	1.15911593943984E-11	0.164885794060849	2.36937277651883E-09	2.95560619395215E-11	0.417635639080781	1.63990048661953E-09	1.33078919182612E-11	0.124266408222026	6.23763401329438E-13	3.5255937095574E-10	274.04701209514	1E10	1E-30	1E-10	1E10	1E-30	1E-10	1E10	1E-30	1E-10	1E10	1E-30	1E-10	1E10	1E-30	1E-10	1E10	1E-30	1E-10	1E10	1E-30	1E-10
253	1.21459171089401E-09	1E10	1E11	1E-30	1.00022224428563E-10	1E10	1E-30	1E10	2.17618691841881E-02	1E-30	5.91847041847416E-11	0.520138861371468	1E-30	6.34784233677531E-11	2.51021352003076E-02	1E-30	3.22262205173832E-10	5.57685418907304E-03	1E-30	4.67160542990494E-11	3.03319996732712E-03	1.32909979262001E-08	1.15911593943984E-11	0.164885794060849	2.36937277651883E-09	2.95560619395215E-11	0.417635639080781	1.63990048661953E-09	1.33078919182612E-11	0.124266408222026	6.23763401329438E-13	3.5255937095574E-10	274.04701209514	1E10	1E-30	1E-10	1E10	1E-30	1E-10	1E10	1E-30	1E-10	1E10	1E-30	1E-10	1E10	1E-30	1E-10	1E10	1E-30	1E-10	1E10	1E-30	1E-10
254	1.46825878698666E-09	1E10	1E10	1E-30	2.68797134394968E-11	1E10	1E-30	1E10	0.015	1E-30	5.04065787531184E-11	0.379980448333101	1E-30	1.22522766770367E-10	2.76163653293905E-02	1.07414055867087E-08	1.58956211118594E-11	0.241953518803793	1.83618802349673E-09	4.1460296380779E-11	0.595961397019391	2.62898615249474E-09	9.51602560427919E-12	0.188408001879177	7.17650787530356E-13	3.25558514004303E-10	1E5	2.36634419799877E-12	6.81176798484583E-11	6.43831486307871	1E10	1E-30	1E-10	1E10	1E-30	1E-10	1E10	1E-30	1E-10	1E10	1E-30	1E-10	1E10	1E-30	1E-10	1E10	1E-30	1E-10	1E10	1E-30	1E-10	1E10	1E-30	1E-10
255	1.54620441517427E-09	1E10	1E10	1E-30	1.64934395125228E-10	1E10	1E-30	1E10	0.017	1E-30	5.16258194476246E-11	0.50704394339583	1E-30	1.12592700590632E-10	2.91936107842792E-02	9.04289856696568E-09	2.01349843426517E-11	0.23791696290835	2.76869358678826E-09	3.0271571012839E-11	0.42257128833908	1.1414033178605E-09	2.10445637415011E-11	0.173856233772286	1.83185727515711E-11	2.03401836511774E-11	1.02756012595411	1.20101374299291E-12	2.2747643857363E-10	1E5	1E10	1E-30	1E-10	1E10	1E-30	1E-10	1E10	1E-30	1E-10	1E10	1E-30	1E-10	1E10	1E-30	1E-10	1E10	1E-30	1E-10	1E10	1E-30	1E-10	1E10	1E-30	1E-10
256	1.46825878698666E-09	1E10	1E11	1E-30	2.68797134394968E-11	1E10	1E-30	1E10	0.015	1E-30	5.04065787531184E-11	0.379980448333101	1E-30	1.22522766770367E-10	2.76163653293905E-02	1.07414055867087E-08	1.58956211118594E-11	0.241953518803793	1.83618802349673E-09	4.1460296380779E-11	0.595961397019391	2.62898615249474E-09	9.51602560427919E-12	0.188408001879177	7.17650787530356E-13	3.25558514004303E-10	1E5	2.36634419799877E-12	6.81176798484583E-11	6.43831486307871	1E10	1E-30	1E-10	1E10	1E-30	1E-10	1E10	1E-30	1E-10	1E10	1E-30	1E-10	1E10	1E-30	1E-10	1E10	1E-30	1E-10	1E10	1E-30	1E-10	1E10	1E-30	1E-10
257	1.54620441517427E-09	1E10	1E11	1E-30	1.64934395125228E-10	1E10	1E-30	1E10	0.017	1E-30	5.16258194476246E-11	0.50704394339583	1E-30	1.12592700590632E-10	2.91936107842792E-02	9.04289856696568E-09	2.01349843426517E-11	0.23791696290835	2.76869358678826E-09	3.0271571012839E-11	0.42257128833908	1.1414033178605E-09	2.10445637415011E-11	0.173856233772286	1.83185727515711E-11	2.03401836511774E-11	1.02756012595411	1.20101374299291E-12	2.2747643857363E-10	1E5	1E10	1E-30	1E-10	1E10	1E-30	1E-10	1E10	1E-30	1E-10	1E10	1E-30	1E-10	1E10	1E-30	1E-10	1E10	1E-30	1E-10	1E10	1E-30	1E-10	1E10	1E-30	1E-10
258	1.50159015815088E-09	1E10	1E10	1E-30	7.78524600581191E-11	1E10	1E-30	1E10	1.94901967399883E-02	1E-30	6.14210348160034E-11	0.539792629760067	1E-30	3.73311551517826E-11	2.12766207723971E-02	1E-30	4.35984936252731E-11	9.15242833418873E-03	1E-30	8.23953337706723E-11	9.16317408228621E-04	1.92192538959246E-08	9.51740166627854E-12	0.212853115182941	3.15398565969028E-09	2.65523762156603E-11	0.442133956988437	1.81557791028554E-09	1.52490520821756E-11	0.144320174259082	7.29891821323128E-13	3.3556010115322E-10	568.766662929108	1E10	1E-30	1E-10	1E10	1E-30	1E-10	1E10	1E-30	1E-10	1E10	1E-30	1E-10	1E10	1E-30	1E-10	1E10	1E-30	1E-10	1E10	1E-30	1E-10
259	1.50159015815088E-09	1E10	1E11	1E-30	7.78524600581191E-11	1E10	1E-30	1E10	1.94901967399883E-02	1E-30	6.14210348160034E-11	0.539792629760067	1E-30	3.73311551517826E-11	2.12766207723971E-02	1E-30	4.35984936252731E-11	9.15242833418873E-03	1E-30	8.23953337706723E-11	9.16317408228621E-04	1.92192538959246E-08	9.51740166627854E-12	0.212853115182941	3.15398565969028E-09	2.65523762156603E-11	0.442133956988437	1.81557791028554E-09	1.52490520821756E-11	0.144320174259082	7.29891821323128E-13	3.3556010115322E-10	568.766662929108	1E10	1E-30	1E-10	1E10	1E-30	1E-10	1E10	1E-30	1E-10	1E10	1E-30	1E-10	1E10	1E-30	1E-10	1E10	1E-30	1E-10	1E10	1E-30	1E-10
260	1.50159015815088E-09	1E10	1E10	1E-30	7.78524600581191E-11	1E10	1E-30	1E10	1.94901967399883E-02	1E-30	6.14210348160034E-11	0.539792629760067	1E-30	3.73311551517826E-11	2.12766207723971E-02	1E-30	4.35984936252731E-11	9.15242833418873E-03	1E-30	8.23953337706723E-11	9.16317408228621E-04	1.92192538959246E-08	9.51740166627854E-12	0.212853115182941	3.15398565969028E-09	2.65523762156603E-11	0.442133956988437	1.81557791028554E-09	1.52490520821756E-11	0.144320174259082	7.29891821323128E-13	3.3556010115322E-10	568.766662929108	1E10	1E-30	1E-10	1E10	1E-30	1E-10	1E10	1E-30	1E-10	1E10	1E-30	1E-10	1E10	1E-30	1E-10	1E10	1E-30	1E-10	1E10	1E-30	1E-10
261	1.50159015815088E-09	1E10	1E11	1E-30	7.78524600581191E-11	1E10	1E-30	1E10	1.94901967399883E-02	1E-30	6.14210348160034E-11	0.539792629760067	1E-30	3.73311551517826E-11	2.12766207723971E-02	1E-30	4.35984936252731E-11	9.15242833418873E-03	1E-30	8.23953337706723E-11	9.16317408228621E-04	1.92192538959246E-08	9.51740166627854E-12	0.212853115182941	3.15398565969028E-09	2.65523762156603E-11	0.442133956988437	1.81557791028554E-09	1.52490520821756E-11	0.144320174259082	7.29891821323128E-13	3.3556010115322E-10	568.766662929108	1E10	1E-30	1E-10	1E10	1E-30	1E-10	1E10	1E-30	1E-10	1E10	1E-30	1E-10	1E10	1E-30	1E-10	1E10	1E-30	1E-10	1E10	1E-30	1E-10
262	1.55379539827759E-09	1E10	1E10	1E-30	1.87975776295678E-10	1E10	1E-30	1E10	0.211433395813649	1.53700576511954E-07	1E10	13283.6478369863	2.2897590687697E-07	1E10	665.759471189808	1.84245243650912E-07	1E10	89.8084815368898	1.69159039880391E-07	1E10	9.62775256160915	1.46210640882375E-07	1E10	1.92100251467809	8.16872953168398E-08	1E10	0.51894966598919	2.67359945608208E-08	1E10	0.186895408636795	1E-30	8.04049275927797E-11	0.844858247028071	1.15093327692845E-08	1.44718713454332E-11	0.100071044737356	5.28867164738018E-12	1.49833748225066E-10	14.4002348120003	5.27744717873394E-12	7.34370965768591E-11	14.8219590291781	1E10	1E-30	1E-10	1E10	1E-30	1E-10	1E10	1E-30	1E-10	1E10	1E-30	1E-10
263	1.55379539827759E-09	1E10	1E10	1E-30	1.87975776295678E-10	1E10	1E-30	1E10	0.211433395813649	1.53700576511954E-07	1E10	13283.6478369863	2.2897590687697E-07	1E10	665.759471189808	1.84245243650912E-07	1E10	89.8084815368898	1.69159039880391E-07	1E10	9.62775256160915	1.46210640882375E-07	1E10	1.92100251467809	8.16872953168398E-08	1E10	0.51894966598919	2.67359945608208E-08	1E10	0.186895408636795	1E-30	8.04049275927797E-11	0.844858247028071	1.15093327692845E-08	1.44718713454332E-11	0.100071044737356	5.28867164738018E-12	1.49833748225066E-10	14.4002348120003	5.27744717873394E-12	7.34370965768591E-11	14.8219590291781	1E10	1E-30	1E-10	1E10	1E-30	1E-10	1E10	1E-30	1E-10	1E10	1E-30	1E-10
264	1.47681830563926E-09	1E10	1E10	1E-30	2.39948503677547E-10	1E10	1E-30	1E10	0.187695717294956	1.59623029517117E-07	1E10	8198.15272680206	2.6133292236445E-07	1E10	541.646579236373	1.93057948906208E-07	1E10	81.9815272680207	1.50500185348792E-07	1E10	9.29624863667963	1.12107035678614E-07	1E10	1.45126661100676	1.12093881889526E-07	1E10	0.241356441183509	3.10311651688252E-08	1E10	0.198065255466213	1E-30	4.99518166908064E-11	0.375735652834304	1.77432703617952E-09	1.9855474201091E-11	0.156585738211175	1.45320459817085E-11	1.89689328956802E-10	4.30084188516185	4.00694211369273E-12	9.39696703848134E-11	7.7820756439431	1E10	1E-30	1E-10	1E10	1E-30	1E-10	1E10	1E-30	1E-10	1E10	1E-30	1E-10
265	1.47681830563926E-09	1E10	1E10	1E-30	2.39948503677547E-10	1E10	1E-30	1E10	0.187695717294956	1.59623029517117E-07	1E10	8198.15272680206	2.6133292236445E-07	1E10	541.646579236373	1.93057948906208E-07	1E10	81.9815272680207	1.50500185348792E-07	1E10	9.29624863667963	1.12107035678614E-07	1E10	1.45126661100676	1.12093881889526E-07	1E10	0.241356441183509	3.10311651688252E-08	1E10	0.198065255466213	1E-30	4.99518166908064E-11	0.375735652834304	1.77432703617952E-09	1.9855474201091E-11	0.156585738211175	1.45320459817085E-11	1.89689328956802E-10	4.30084188516185	4.00694211369273E-12	9.39696703848134E-11	7.7820756439431	1E10	1E-30	1E-10	1E10	1E-30	1E-10	1E10	1E-30	1E-10	1E10	1E-30	1E-10
266	1.55379539827759E-09	1E10	1E10	1E-30	1.87975776295678E-10	1E10	1E-30	1E10	0.211433395813649	1.53700576511954E-07	1E10	13283.6478369863	2.2897590687697E-07	1E10	665.759471189808	1.84245243650912E-07	1E10	89.8084815368898	1.69159039880391E-07	1E10	9.62775256160915	1.46210640882375E-07	1E10	1.92100251467809	8.16872953168398E-08	1E10	0.51894966598919	2.67359945608208E-08	1E10	0.186895408636795	1E-30	8.04049275927797E-11	0.844858247028071	1.15093327692845E-08	1.44718713454332E-11	0.100071044737356	5.28867164738018E-12	1.49833748225066E-10	14.4002348120003	5.27744717873394E-12	7.34370965768591E-11	14.8219590291781	1E10	1E-30	1E-10	1E10	1E-30	1E-10	1E10	1E-30	1E-10	1E10	1E-30	1E-10
267	1.47681830563926E-09	1E10	1E10	1E-30	2.39948503677547E-10	1E10	1E-30	1E10	0.187695717294956	1.59623029517117E-07	1E10	8198.15272680206	2.6133292236445E-07	1E10	541.646579236373	1.93057948906208E-07	1E10	81.9815272680207	1.50500185348792E-07	1E10	9.29624863667963	1.12107035678614E-07	1E10	1.45126661100676	1.12093881889526E-07	1E10	0.241356441183509	3.10311651688252E-08	1E10	0.198065255466213	1E-30	4.99518166908064E-11	0.375735652834304	1.77432703617952E-09	1.9855474201091E-11	0.156585738211175	1.45320459817085E-11	1.89689328956802E-10	4.30084188516185	4.00694211369273E-12	9.39696703848134E-11	7.7820756439431	1E10	1E-30	1E-10	1E10	1E-30	1E-10	1E10	1E-30	1E-10	1E10	1E-30	1E-10
268	1.62743760823421E-09	1E10	1E10	1E-30	3.11775022486251E-10	1E10	1E-30	1E10	9.15621002660806E-03	1E-30	5.06039158905975E-11	0.497007298653543	1E-30	6.49760752942921E-11	2.58310809296412E-02	1E-30	1.12448137251678E-10	5.32248865971223E-03	1E-30	2.49542905927127E-11	7.90458540851301E-04	1.75770493911082E-08	1.10542607120666E-11	0.189102958768296	2.87782253246059E-09	2.36248535313597E-11	0.356899292690126	1.95938382043022E-09	9.9012857274519E-12	0.147112264770078	1.65711266179331E-12	1.4154644887804E-10	122.943355703085	1E10	1E-30	1E-10	1E10	1E-30	1E-10	1E10	1E-30	1E-10	1E10	1E-30	1E-10	1E10	1E-30	1E-10	1E10	1E-30	1E-10	1E10	1E-30	1E-10
269	1.62743760823421E-09	1E10	1E10	1E-30	3.11775022486251E-10	1E10	1E-30	1E10	9.15621002660806E-03	1E-30	5.06039158905975E-11	0.497007298653543	1E-30	6.49760752942921E-11	2.58310809296412E-02	1E-30	1.12448137251678E-10	5.32248865971223E-03	1E-30	2.49542905927127E-11	7.90458540851301E-04	1.75770493911082E-08	1.10542607120666E-11	0.189102958768296	2.87782253246059E-09	2.36248535313597E-11	0.356899292690126	1.95938382043022E-09	9.9012857274519E-12	0.147112264770078	1.65711266179331E-12	1.4154644887804E-10	122.943355703085	1E10	1E-30	1E-10	1E10	1E-30	1E-10	1E10	1E-30	1E-10	1E10	1E-30	1E-10	1E10	1E-30	1E-10	1E10	1E-30	1E-10	1E10	1E-30	1E-10
270	1.62743760823421E-09	1E10	1E11	1E-30	3.11775022486251E-10	1E10	1E-30	1E10	9.15621002660806E-03	1E-30	5.06039158905975E-11	0.497007298653543	1E-30	6.49760752942921E-11	2.58310809296412E-02	1E-30	1.12448137251678E-10	5.32248865971223E-03	1E-30	2.49542905927127E-11	7.90458540851301E-04	1.75770493911082E-08	1.10542607120666E-11	0.189102958768296	2.87782253246059E-09	2.36248535313597E-11	0.356899292690126	1.95938382043022E-09	9.9012857274519E-12	0.147112264770078	1.65711266179331E-12	1.4154644887804E-10	122.943355703085	1E10	1E-30	1E-10	1E10	1E-30	1E-10	1E10	1E-30	1E-10	1E10	1E-30	1E-10	1E10	1E-30	1E-10	1E10	1E-30	1E-10	1E10	1E-30	1E-10
271	1.62743760823421E-09	1E10	1E11	1E-30	3.11775022486251E-10	1E10	1E-30	1E10	9.15621002660806E-03	1E-30	5.06039158905975E-11	0.497007298653543	1E-30	6.49760752942921E-11	2.58310809296412E-02	1E-30	1.12448137251678E-10	5.32248865971223E-03	1E-30	2.49542905927127E-11	7.90458540851301E-04	1.75770493911082E-08	1.10542607120666E-11	0.189102958768296	2.87782253246059E-09	2.36248535313597E-11	0.356899292690126	1.95938382043022E-09	9.9012857274519E-12	0.147112264770078	1.65711266179331E-12	1.4154644887804E-10	122.943355703085	1E10	1E-30	1E-10	1E10	1E-30	1E-10	1E10	1E-30	1E-10	1E10	1E-30	1E-10	1E10	1E-30	1E-10	1E10	1E-30	1E-10	1E10	1E-30	1E-10
272	1.62743760823421E-09	1E10	1E11	1E-30	3.11775022486251E-10	1E10	1E-30	1E10	9.15621002660806E-03	1E-30	5.06039158905975E-11	0.497007298653543	1E-30	6.49760752942921E-11	2.58310809296412E-02	1E-30	1.12448137251678E-10	5.32248865971223E-03	1E-30	2.49542905927127E-11	7.90458540851301E-04	1.75770493911082E-08	1.10542607120666E-11	0.189102958768296	2.87782253246059E-09	2.36248535313597E-11	0.356899292690126	1.95938382043022E-09	9.9012857274519E-12	0.147112264770078	1.65711266179331E-12	1.4154644887804E-10	122.943355703085	1E10	1E-30	1E-10	1E10	1E-30	1E-10	1E10	1E-30	1E-10	1E10	1E-30	1E-10	1E10	1E-30	1E-10	1E10	1E-30	1E-10	1E10	1E-30	1E-10
273	1.62743760823421E-09	1E10	1E11	1E-30	3.11775022486251E-10	1E10	1E-30	1E10	9.15621002660806E-03	1E-30	5.06039158905975E-11	0.497007298653543	1E-30	6.49760752942921E-11	2.58310809296412E-02	1E-30	1.12448137251678E-10	5.32248865971223E-03	1E-30	2.49542905927127E-11	7.90458540851301E-04	1.75770493911082E-08	1.10542607120666E-11	0.189102958768296	2.87782253246059E-09	2.36248535313597E-11	0.356899292690126	1.95938382043022E-09	9.9012857274519E-12	0.147112264770078	1.65711266179331E-12	1.4154644887804E-10	122.943355703085	1E10	1E-30	1E-10	1E10	1E-30	1E-10	1E10	1E-30	1E-10	1E10	1E-30	1E-10	1E10	1E-30	1E-10	1E10	1E-30	1E-10	1E10	1E-30	1E-10
274	1.80758272546474E-09	1E10	1E10	1E-30	1.98554773852693E-10	1E10	1E-30	1E10	2.05144553596545E-02	1E-30	5.18831756750566E-11	2.28881663204252E-02	1.64026058854366E-08	1.29010277000857E-11	0.180111687680688	3.02107692028495E-09	2.50420224684259E-11	0.369928647356109	8.33791619622676E-10	2.40479663152561E-11	0.223959848529261	8.65956722930164E-12	4.54909876853829E-11	0.881143954662252	9.60617330875804E-13	2.30642106156346E-10	1E5	1E10	1E-30	1E-10	1E10	1E-30	1E-10	1E10	1E-30	1E-10	1E10	1E-30	1E-10	1E10	1E-30	1E-10	1E10	1E-30	1E-10	1E10	1E-30	1E-10	1E10	1E-30	1E-10	1E10	1E-30	1E-10
275	1.81243177187642E-09	1E10	1E10	1E-30	1.36992555044146E-10	1E10	1E-30	1E10	9.18523808767001E-03	1E-30	4.93219103236864E-11	0.513620160203327	1E-30	5.78987772207178E-11	2.57600197316267E-02	1E-30	9.68441054959584E-11	3.95750288209723E-03	1E-30	5.95127269139475E-11	2.06410612328334E-03	1.7420417855706E-08	1.27058325716156E-11	0.213855659590512	3.47914377121438E-09	2.29184124821101E-11	0.352573652736921	1.55895953217624E-09	1.57222739101394E-11	0.176005393815009	8.66462352584168E-13	2.84269179287773E-10	589.890909123938	1E10	1E-30	1E-10	1E10	1E-30	1E-10	1E10	1E-30	1E-10	1E10	1E-30	1E-10	1E10	1E-30	1E-10	1E10	1E-30	1E-10	1E10	1E-30	1E-10
276	1.81243177187642E-09	1E10	1E10	1E-30	1.36992555044146E-10	1E10	1E-30	1E10	9.18523808767001E-03	1E-30	4.93219103236864E-11	0.513620160203327	1E-30	5.78987772207178E-11	2.57600197316267E-02	1E-30	9.68441054959584E-11	3.95750288209723E-03	1E-30	5.95127269139475E-11	2.06410612328334E-03	1.7420417855706E-08	1.27058325716156E-11	0.213855659590512	3.47914377121438E-09	2.29184124821101E-11	0.352573652736921	1.55895953217624E-09	1.57222739101394E-11	0.176005393815009	8.66462352584168E-13	2.84269179287773E-10	589.890909123938	1E10	1E-30	1E-10	1E10	1E-30	1E-10	1E10	1E-30	1E-10	1E10	1E-30	1E-10	1E10	1E-30	1E-10	1E10	1E-30	1E-10	1E10	1E-30	1E-10
277	1.80758272546474E-09	1E10	1E11	1E-30	1.98554773852693E-10	1E10	1E-30	1E10	2.05144553596545E-02	1E-30	5.18831756750566E-11	2.28881663204252E-02	1.64026058854366E-08	1.29010277000857E-11	0.180111687680688	3.02107692028495E-09	2.50420224684259E-11	0.369928647356109	8.33791619622676E-10	2.40479663152561E-11	0.223959848529261	8.65956722930164E-12	4.54909876853829E-11	0.881143954662252	9.60617330875804E-13	2.30642106156346E-10	1E5	1E10	1E-30	1E-10	1E10	1E-30	1E-10	1E10	1E-30	1E-10	1E10	1E-30	1E-10	1E10	1E-30	1E-10	1E10	1E-30	1E-10	1E10	1E-30	1E-10	1E10	1E-30	1E-10	1E10	1E-30	1E-10
278	1.81243177187642E-09	1E10	1E11	1E-30	1.36992555044146E-10	1E10	1E-30	1E10	9.18523808767001E-03	1E-30	4.93219103236864E-11	0.513620160203327	1E-30	5.78987772207178E-11	2.57600197316267E-02	1E-30	9.68441054959584E-11	3.95750288209723E-03	1E-30	5.95127269139475E-11	2.06410612328334E-03	1.7420417855706E-08	1.27058325716156E-11	0.213855659590512	3.47914377121438E-09	2.29184124821101E-11	0.352573652736921	1.55895953217624E-09	1.57222739101394E-11	0.176005393815009	8.66462352584168E-13	2.84269179287773E-10	589.890909123938	1E10	1E-30	1E-10	1E10	1E-30	1E-10	1E10	1E-30	1E-10	1E10	1E-30	1E-10	1E10	1E-30	1E-10	1E10	1E-30	1E-10	1E10	1E-30	1E-10
279	1.81243177187642E-09	1E10	1E11	1E-30	1.36992555044146E-10	1E10	1E-30	1E10	9.18523808767001E-03	1E-30	4.93219103236864E-11	0.513620160203327	1E-30	5.78987772207178E-11	2.57600197316267E-02	1E-30	9.68441054959584E-11	3.95750288209723E-03	1E-30	5.95127269139475E-11	2.06410612328334E-03	1.7420417855706E-08	1.27058325716156E-11	0.213855659590512	3.47914377121438E-09	2.29184124821101E-11	0.352573652736921	1.55895953217624E-09	1.57222739101394E-11	0.176005393815009	8.66462352584168E-13	2.84269179287773E-10	589.890909123938	1E10	1E-30	1E-10	1E10	1E-30	1E-10	1E10	1E-30	1E-10	1E10	1E-30	1E-10	1E10	1E-30	1E-10	1E10	1E-30	1E-10	1E10	1E-30	1E-10
280	1.81243177187642E-09	1E10	1E11	1E-30	1.36992555044146E-10	1E10	1E-30	1E10	9.18523808767001E-03	1E-30	4.93219103236864E-11	0.513620160203327	1E-30	5.78987772207178E-11	2.57600197316267E-02	1E-30	9.68441054959584E-11	3.95750288209723E-03	1E-30	5.95127269139475E-11	2.06410612328334E-03	1.7420417855706E-08	1.27058325716156E-11	0.213855659590512	3.47914377121438E-09	2.29184124821101E-11	0.352573652736921	1.55895953217624E-09	1.57222739101394E-11	0.176005393815009	8.66462352584168E-13	2.84269179287773E-10	589.890909123938	1E10	1E-30	1E-10	1E10	1E-30	1E-10	1E10	1E-30	1E-10	1E10	1E-30	1E-10	1E10	1E-30	1E-10	1E10	1E-30	1E-10	1E10	1E-30	1E-10
281	1.81243177187642E-09	1E10	1E11	1E-30	1.36992555044146E-10	1E10	1E-30	1E10	9.18523808767001E-03	1E-30	4.93219103236864E-11	0.513620160203327	1E-30	5.78987772207178E-11	2.57600197316267E-02	1E-30	9.68441054959584E-11	3.95750288209723E-03	1E-30	5.95127269139475E-11	2.06410612328334E-03	1.7420417855706E-08	1.27058325716156E-11	0.213855659590512	3.47914377121438E-09	2.29184124821101E-11	0.352573652736921	1.55895953217624E-09	1.57222739101394E-11	0.176005393815009	8.66462352584168E-13	2.84269179287773E-10	589.890909123938	1E10	1E-30	1E-10	1E10	1E-30	1E-10	1E10	1E-30	1E-10	1E10	1E-30	1E-10	1E10	1E-30	1E-10	1E10	1E-30	1E-10	1E10	1E-30	1E-10
282	1.8297376856537E-09	1E10	1E10	1E-30	2.5544949874883E-10	1E10	1E-30	1E10	2.71026647332389E-02	1E-30	5.56026631531444E-11	0.388084482316401	1E-30	1.11399231496451E-10	1.96023439209827E-02	1E-30	7.79517609996349E-12	5.69893410857957E-03	4.30674368655083E-08	2.6900042483556E-12	0.053134754283179	2.38558446822422E-09	1.74583515518626E-11	0.220527724847114	1.02904450209938E-12	2.67656200145876E-10	93.5827602499789	1E10	1E-30	1E-10	1E10	1E-30	1E-10	1E10	1E-30	1E-10	1E10	1E-30	1E-10	1E10	1E-30	1E-10	1E10	1E-30	1E-10	1E10	1E-30	1E-10	1E10	1E-30	1E-10	1E10	1E-30	1E-10
283	1.8297376856537E-09	1E10	1E11	1E-30	2.5544949874883E-10	1E10	1E-30	1E10	2.71026647332389E-02	1E-30	5.56026631531444E-11	0.388084482316401	1E-30	1.11399231496451E-10	1.96023439209827E-02	1E-30	7.79517609996349E-12	5.69893410857957E-03	4.30674368655083E-08	2.6900042483556E-12	0.053134754283179	2.38558446822422E-09	1.74583515518626E-11	0.220527724847114	1.02904450209938E-12	2.67656200145876E-10	93.5827602499789	1E10	1E-30	1E-10	1E10	1E-30	1E-10	1E10	1E-30	1E-10	1E10	1E-30	1E-10	1E10	1E-30	1E-10	1E10	1E-30	1E-10	1E10	1E-30	1E-10	1E10	1E-30	1E-10	1E10	1E-30	1E-10
284	1.8297376856537E-09	1E10	1E10	1E-30	2.5544949874883E-10	1E10	1E-30	1E10	2.71026647332389E-02	1E-30	5.56026631531444E-11	0.388084482316401	1E-30	1.11399231496451E-10	1.96023439209827E-02	1E-30	7.79517609996349E-12	5.69893410857957E-03	4.30674368655083E-08	2.6900042483556E-12	0.053134754283179	2.38558446822422E-09	1.74583515518626E-11	0.220527724847114	1.02904450209938E-12	2.67656200145876E-10	93.5827602499789	1E10	1E-30	1E-10	1E10	1E-30	1E-10	1E10	1E-30	1E-10	1E10	1E-30	1E-10	1E10	1E-30	1E-10	1E10	1E-30	1E-10	1E10	1E-30	1E-10	1E10	1E-30	1E-10	1E10	1E-30	1E-10
285	1.8297376856537E-09	1E10	1E11	1E-30	2.5544949874883E-10	1E10	1E-30	1E10	2.71026647332389E-02	1E-30	5.56026631531444E-11	0.388084482316401	1E-30	1.11399231496451E-10	1.96023439209827E-02	1E-30	7.79517609996349E-12	5.69893410857957E-03	4.30674368655083E-08	2.6900042483556E-12	0.053134754283179	2.38558446822422E-09	1.74583515518626E-11	0.220527724847114	1.02904450209938E-12	2.67656200145876E-10	93.5827602499789	1E10	1E-30	1E-10	1E10	1E-30	1E-10	1E10	1E-30	1E-10	1E10	1E-30	1E-10	1E10	1E-30	1E-10	1E10	1E-30	1E-10	1E10	1E-30	1E-10	1E10	1E-30	1E-10	1E10	1E-30	1E-10
286	1.99510679205638E-09	1E10	1E10	1E-30	1.96002982057607E-10	1E10	1E-30	1E10	1.30080777811477E-02	1E-30	5.27038328464807E-11	0.519598350014181	1E-30	6.54810787989917E-11	2.58940724402001E-02	1E-30	5.12309311880037E-11	2.28003589440684E-03	1E-30	2.39526428499744E-11	5.88544434876967E-04	1.67708222820766E-08	1.50165613760298E-11	0.206701637181936	3.63270818819586E-09	2.46539818703772E-11	0.351295449457995	1.66143811561969E-09	1.66544265101918E-11	0.158682137947952	1.2214783038147E-12	2.11151278739404E-10	480.436111727167	1E10	1E-30	1E-10	1E10	1E-30	1E-10	1E10	1E-30	1E-10	1E10	1E-30	1E-10	1E10	1E-30	1E-10	1E10	1E-30	1E-10	1E10	1E-30	1E-10
287	1.99510679205638E-09	1E10	1E10	1E-30	1.96002982057607E-10	1E10	1E-30	1E10	1.30080777811477E-02	1E-30	5.27038328464807E-11	0.519598350014181	1E-30	6.54810787989917E-11	2.58940724402001E-02	1E-30	5.12309311880037E-11	2.28003589440684E-03	1E-30	2.39526428499744E-11	5.88544434876967E-04	1.67708222820766E-08	1.50165613760298E-11	0.206701637181936	3.63270818819586E-09	2.46539818703772E-11	0.351295449457995	1.66143811561969E-09	1.66544265101918E-11	0.158682137947952	1.2214783038147E-12	2.11151278739404E-10	480.436111727167	1E10	1E-30	1E-10	1E10	1E-30	1E-10	1E10	1E-30	1E-10	1E10	1E-30	1E-10	1E10	1E-30	1E-10	1E10	1E-30	1E-10	1E10	1E-30	1E-10
288	1.99510679205638E-09	1E10	1E11	1E-30	1.96002982057607E-10	1E10	1E-30	1E10	1.30080777811477E-02	1E-30	5.27038328464807E-11	0.519598350014181	1E-30	6.54810787989917E-11	2.58940724402001E-02	1E-30	5.12309311880037E-11	2.28003589440684E-03	1E-30	2.39526428499744E-11	5.88544434876967E-04	1.67708222820766E-08	1.50165613760298E-11	0.206701637181936	3.63270818819586E-09	2.46539818703772E-11	0.351295449457995	1.66143811561969E-09	1.66544265101918E-11	0.158682137947952	1.2214783038147E-12	2.11151278739404E-10	480.436111727167	1E10	1E-30	1E-10	1E10	1E-30	1E-10	1E10	1E-30	1E-10	1E10	1E-30	1E-10	1E10	1E-30	1E-10	1E10	1E-30	1E-10	1E10	1E-30	1E-10
289	1.99510679205638E-09	1E10	1E11	1E-30	1.96002982057607E-10	1E10	1E-30	1E10	1.30080777811477E-02	1E-30	5.27038328464807E-11	0.519598350014181	1E-30	6.54810787989917E-11	2.58940724402001E-02	1E-30	5.12309311880037E-11	2.28003589440684E-03	1E-30	2.39526428499744E-11	5.88544434876967E-04	1.67708222820766E-08	1.50165613760298E-11	0.206701637181936	3.63270818819586E-09	2.46539818703772E-11	0.351295449457995	1.66143811561969E-09	1.66544265101918E-11	0.158682137947952	1.2214783038147E-12	2.11151278739404E-10	480.436111727167	1E10	1E-30	1E-10	1E10	1E-30	1E-10	1E10	1E-30	1E-10	1E10	1E-30	1E-10	1E10	1E-30	1E-10	1E10	1E-30	1E-10	1E10	1E-30	1E-10
290	1.99510679205638E-09	1E10	1E11	1E-30	1.96002982057607E-10	1E10	1E-30	1E10	1.30080777811477E-02	1E-30	5.27038328464807E-11	0.519598350014181	1E-30	6.54810787989917E-11	2.58940724402001E-02	1E-30	5.12309311880037E-11	2.28003589440684E-03	1E-30	2.39526428499744E-11	5.88544434876967E-04	1.67708222820766E-08	1.50165613760298E-11	0.206701637181936	3.63270818819586E-09	2.46539818703772E-11	0.351295449457995	1.66143811561969E-09	1.66544265101918E-11	0.158682137947952	1.2214783038147E-12	2.11151278739404E-10	480.436111727167	1E10	1E-30	1E-10	1E10	1E-30	1E-10	1E10	1E-30	1E-10	1E10	1E-30	1E-10	1E10	1E-30	1E-10	1E10	1E-30	1E-10	1E10	1E-30	1E-10
291	1.99510679205638E-09	1E10	1E11	1E-30	1.96002982057607E-10	1E10	1E-30	1E10	1.30080777811477E-02	1E-30	5.27038328464807E-11	0.519598350014181	1E-30	6.54810787989917E-11	2.58940724402001E-02	1E-30	5.12309311880037E-11	2.28003589440684E-03	1E-30	2.39526428499744E-11	5.88544434876967E-04	1.67708222820766E-08	1.50165613760298E-11	0.206701637181936	3.63270818819586E-09	2.46539818703772E-11	0.351295449457995	1.66143811561969E-09	1.66544265101918E-11	0.158682137947952	1.2214783038147E-12	2.11151278739404E-10	480.436111727167	1E10	1E-30	1E-10	1E10	1E-30	1E-10	1E10	1E-30	1E-10	1E10	1E-30	1E-10	1E10	1E-30	1E-10	1E10	1E-30	1E-10	1E10	1E-30	1E-10
292	2.23172162399693E-09	1E10	1E10	1E-30	1.98500853552649E-10	1E10	1E-30	1E10	1.55081577047274E-02	1E-30	5.13899848452753E-11	0.712909755021661	1E-30	6.80086885744401E-11	1.42922366094603E-02	1.14079557833332E-08	2.49828744544289E-11	0.267006334033419	4.71592582207199E-09	2.23434078599285E-11	0.343196520972182	1.26416147402866E-09	2.41172391764969E-11	0.208646743525446	1.10143437618778E-10	2.64448487220072E-12	0.3791678527383	1.49033073840497E-12	1.70222535394262E-10	1E5	1E10	1E-30	1E-10	1E10	1E-30	1E-10	1E10	1E-30	1E-10	1E10	1E-30	1E-10	1E10	1E-30	1E-10	1E10	1E-30	1E-10	1E10	1E-30	1E-10	1E10	1E-30	1E-10
293	2.1966381875914E-09	1E10	1E10	1E-30	2.59246118914593E-10	1E10	1E-30	1E10	8.42015599434733E-03	1E-30	5.23534263288637E-11	0.406015568277012	1E-30	4.23505722956023E-11	1.59017065060776E-02	1E-30	5.9605642318477E-11	8.72790663324262E-03	1E-30	4.91191732375196E-11	1.3008911604873E-03	1.74149284188301E-08	1.67052034464769E-11	0.232438842238878	4.53233603943399E-09	2.40157008330786E-11	0.358727675464492	2.09982923562277E-09	1.6674869996565E-11	0.176839522500941	1.67470055805075E-12	1.47739229123325E-10	183.460772137402	1E10	1E-30	1E-10	1E10	1E-30	1E-10	1E10	1E-30	1E-10	1E10	1E-30	1E-10	1E10	1E-30	1E-10	1E10	1E-30	1E-10	1E10	1E-30	1E-10
294	2.1966381875914E-09	1E10	1E10	1E-30	2.59246118914593E-10	1E10	1E-30	1E10	8.42015599434733E-03	1E-30	5.23534263288637E-11	0.406015568277012	1E-30	4.23505722956023E-11	1.59017065060776E-02	1E-30	5.9605642318477E-11	8.72790663324262E-03	1E-30	4.91191732375196E-11	1.3008911604873E-03	1.74149284188301E-08	1.67052034464769E-11	0.232438842238878	4.53233603943399E-09	2.40157008330786E-11	0.358727675464492	2.09982923562277E-09	1.6674869996565E-11	0.176839522500941	1.67470055805075E-12	1.47739229123325E-10	183.460772137402	1E10	1E-30	1E-10	1E10	1E-30	1E-10	1E10	1E-30	1E-10	1E10	1E-30	1E-10	1E10	1E-30	1E-10	1E10	1E-30	1E-10	1E10	1E-30	1E-10
295	2.23172162399693E-09	1E10	1E11	1E-30	1.98500853552649E-10	1E10	1E-30	1E10	1.55081577047274E-02	1E-30	5.13899848452753E-11	0.712909755021661	1E-30	6.80086885744401E-11	1.42922366094603E-02	1.14079557833332E-08	2.49828744544289E-11	0.267006334033419	4.71592582207199E-09	2.23434078599285E-11	0.343196520972182	1.26416147402866E-09	2.41172391764969E-11	0.208646743525446	1.10143437618778E-10	2.64448487220072E-12	0.3791678527383	1.49033073840497E-12	1.70222535394262E-10	1E5	1E10	1E-30	1E-10	1E10	1E-30	1E-10	1E10	1E-30	1E-10	1E10	1E-30	1E-10	1E10	1E-30	1E-10	1E10	1E-30	1E-10	1E10	1E-30	1E-10	1E10	1E-30	1E-10
296	2.1966381875914E-09	1E10	1E11	1E-30	2.59246118914593E-10	1E10	1E-30	1E10	8.42015599434733E-03	1E-30	5.23534263288637E-11	0.406015568277012	1E-30	4.23505722956023E-11	1.59017065060776E-02	1E-30	5.9605642318477E-11	8.72790663324262E-03	1E-30	4.91191732375196E-11	1.3008911604873E-03	1.74149284188301E-08	1.67052034464769E-11	0.232438842238878	4.53233603943399E-09	2.40157008330786E-11	0.358727675464492	2.09982923562277E-09	1.6674869996565E-11	0.176839522500941	1.67470055805075E-12	1.47739229123325E-10	183.460772137402	1E10	1E-30	1E-10	1E10	1E-30	1E-10	1E10	1E-30	1E-10	1E10	1E-30	1E-10	1E10	1E-30	1E-10	1E10	1E-30	1E-10	1E10	1E-30	1E-10
297	2.1966381875914E-09	1E10	1E11	1E-30	2.59246118914593E-10	1E10	1E-30	1E10	8.42015599434733E-03	1E-30	5.23534263288637E-11	0.406015568277012	1E-30	4.23505722956023E-11	1.59017065060776E-02	1E-30	5.9605642318477E-11	8.72790663324262E-03	1E-30	4.91191732375196E-11	1.3008911604873E-03	1.74149284188301E-08	1.67052034464769E-11	0.232438842238878	4.53233603943399E-09	2.40157008330786E-11	0.358727675464492	2.09982923562277E-09	1.6674869996565E-11	0.176839522500941	1.67470055805075E-12	1.47739229123325E-10	183.460772137402	1E10	1E-30	1E-10	1E10	1E-30	1E-10	1E10	1E-30	1E-10	1E10	1E-30	1E-10	1E10	1E-30	1E-10	1E10	1E-30	1E-10	1E10	1E-30	1E-10
298	2.1966381875914E-09	1E10	1E11	1E-30	2.59246118914593E-10	1E10	1E-30	1E10	8.42015599434733E-03	1E-30	5.23534263288637E-11	0.406015568277012	1E-30	4.23505722956023E-11	1.59017065060776E-02	1E-30	5.9605642318477E-11	8.72790663324262E-03	1E-30	4.91191732375196E-11	1.3008911604873E-03	1.74149284188301E-08	1.67052034464769E-11	0.232438842238878	4.53233603943399E-09	2.40157008330786E-11	0.358727675464492	2.09982923562277E-09	1.6674869996565E-11	0.176839522500941	1.67470055805075E-12	1.47739229123325E-10	183.460772137402	1E10	1E-30	1E-10	1E10	1E-30	1E-10	1E10	1E-30	1E-10	1E10	1E-30	1E-10	1E10	1E-30	1E-10	1E10	1E-30	1E-10	1E10	1E-30	1E-10
299	2.1966381875914E-09	1E10	1E11	1E-30	2.59246118914593E-10	1E10	1E-30	1E10	8.42015599434733E-03	1E-30	5.23534263288637E-11	0.406015568277012	1E-30	4.23505722956023E-11	1.59017065060776E-02	1E-30	5.9605642318477E-11	8.72790663324262E-03	1E-30	4.91191732375196E-11	1.3008911604873E-03	1.74149284188301E-08	1.67052034464769E-11	0.232438842238878	4.53233603943399E-09	2.40157008330786E-11	0.358727675464492	2.09982923562277E-09	1.6674869996565E-11	0.176839522500941	1.67470055805075E-12	1.47739229123325E-10	183.460772137402	1E10	1E-30	1E-10	1E10	1E-30	1E-10	1E10	1E-30	1E-10	1E10	1E-30	1E-10	1E10	1E-30	1E-10	1E10	1E-30	1E-10	1E10	1E-30	1E-10
300	2.15340653593902E-09	1E10	1E10	1E-30	2.98216235417152E-10	1E10	1E-30	1E10	2.29042415133651E-02	1E-30	1.57299970637081E-11	0.18835748166825	1E-30	7.79801812411396E-11	2.66753853232277E-02	1E-30	1.24420765590751E-10	3.06629381555782E-03	1E-30	2.65460343925305E-10	1.38803176337367E-03	3.48346345974397E-08	4.59398860070711E-12	6.18363120995676E-02	2.78305077537823E-09	2.10494044347984E-11	0.237179641940483	6.86276394004204E-10	1.95353747417141E-11	0.153209922980191	1.25208073649929E-12	2.10190364961981E-10	67.8737484214419	1E10	1E-30	1E-10	1E10	1E-30	1E-10	1E10	1E-30	1E-10	1E10	1E-30	1E-10	1E10	1E-30	1E-10	1E10	1E-30	1E-10	1E10	1E-30	1E-10
301	2.15340653593902E-09	1E10	1E11	1E-30	2.98216235417152E-10	1E10	1E-30	1E10	2.29042415133651E-02	1E-30	1.57299970637081E-11	0.18835748166825	1E-30	7.79801812411396E-11	2.66753853232277E-02	1E-30	1.24420765590751E-10	3.06629381555782E-03	1E-30	2.65460343925305E-10	1.38803176337367E-03	3.48346345974397E-08	4.59398860070711E-12	6.18363120995676E-02	2.78305077537823E-09	2.10494044347984E-11	0.237179641940483	6.86276394004204E-10	1.95353747417141E-11	0.153209922980191	1.25208073649929E-12	2.10190364961981E-10	67.8737484214419	1E10	1E-30	1E-10	1E10	1E-30	1E-10	1E10	1E-30	1E-10	1E10	1E-30	1E-10	1E10	1E-30	1E-10	1E10	1E-30	1E-10	1E10	1E-30	1E-10
302	2.15340653593902E-09	1E10	1E10	1E-30	2.98216235417152E-10	1E10	1E-30	1E10	2.29042415133651E-02	1E-30	1.57299970637081E-11	0.18835748166825	1E-30	7.79801812411396E-11	2.66753853232277E-02	1E-30	1.24420765590751E-10	3.06629381555782E-03	1E-30	2.65460343925305E-10	1.38803176337367E-03	3.48346345974397E-08	4.59398860070711E-12	6.18363120995676E-02	2.78305077537823E-09	2.10494044347984E-11	0.237179641940483	6.86276394004204E-10	1.95353747417141E-11	0.153209922980191	1.25208073649929E-12	2.10190364961981E-10	67.8737484214419	1E10	1E-30	1E-10	1E10	1E-30	1E-10	1E10	1E-30	1E-10	1E10	1E-30	1E-10	1E10	1E-30	1E-10	1E10	1E-30	1E-10	1E10	1E-30	1E-10
303	2.15340653593902E-09	1E10	1E11	1E-30	2.98216235417152E-10	1E10	1E-30	1E10	2.29042415133651E-02	1E-30	1.57299970637081E-11	0.18835748166825	1E-30	7.79801812411396E-11	2.66753853232277E-02	1E-30	1.24420765590751E-10	3.06629381555782E-03	1E-30	2.65460343925305E-10	1.38803176337367E-03	3.48346345974397E-08	4.59398860070711E-12	6.18363120995676E-02	2.78305077537823E-09	2.10494044347984E-11	0.237179641940483	6.86276394004204E-10	1.95353747417141E-11	0.153209922980191	1.25208073649929E-12	2.10190364961981E-10	67.8737484214419	1E10	1E-30	1E-10	1E10	1E-30	1E-10	1E10	1E-30	1E-10	1E10	1E-30	1E-10	1E10	1E-30	1E-10	1E10	1E-30	1E-10	1E10	1E-30	1E-10
304	2.25495748000321E-09	1E10	1E10	1E-30	2.73029595604099E-10	1E10	1E-30	1E10	0.141938357283811	2.79205390615111E-07	1E10	4052.33553712713	3.30226171368946E-07	1E10	369.57739345671	3.16748801892812E-07	1E10	38.699503940276	2.39599845851722E-07	1E10	5.67919284442232	1.88775542669142E-07	1E10	0.972215567679632	1.44456757289024E-07	1E10	0.232316403320517	4.73076916768978E-08	1E10	0.126964195678342	1E-30	5.33560302400571E-11	0.327614698608018	1.83735592784247E-08	1.19745850224816E-11	5.85531112413858E-02	3.6923832224328E-09	2.54309010779548E-11	0.167170666903643	6.68418272963665E-12	1.2486225074837E-10	12.3249679822043	7.637861548529E-12	4.98104984715074E-11	5.05667844431485	1E10	1E-30	1E-10	1E10	1E-30	1E-10	1E10	1E-30	1E-10
305	2.25495748000321E-09	1E10	1E10	1E-30	2.73029595604099E-10	1E10	1E-30	1E10	0.141938357283811	2.79205390615111E-07	1E10	4052.33553712713	3.30226171368946E-07	1E10	369.57739345671	3.16748801892812E-07	1E10	38.699503940276	2.39599845851722E-07	1E10	5.67919284442232	1.88775542669142E-07	1E10	0.972215567679632	1.44456757289024E-07	1E10	0.232316403320517	4.73076916768978E-08	1E10	0.126964195678342	1E-30	5.33560302400571E-11	0.327614698608018	1.83735592784247E-08	1.19745850224816E-11	5.85531112413858E-02	3.6923832224328E-09	2.54309010779548E-11	0.167170666903643	6.68418272963665E-12	1.2486225074837E-10	12.3249679822043	7.637861548529E-12	4.98104984715074E-11	5.05667844431485	1E10	1E-30	1E-10	1E10	1E-30	1E-10	1E10	1E-30	1E-10
306	2.27014526806774E-09	1E10	1E10	1E-30	1.69988680311815E-10	1E10	1E-30	1E10	0.150198192090726	2.36156025451889E-07	1E10	6748.65502622615	3.24122968322256E-07	1E10	379.504761070052	2.9840757231971E-07	1E10	39.7390269437687	2.23771567219476E-07	1E10	5.96930774124439	1.49253788927069E-07	1E10	1.13227368609547	8.06507272784935E-08	1E10	0.281268168037209	3.70662592990931E-08	1E10	9.36719502578485E-02	1.0339857087157E-08	1.48875497690751E-11	7.82055457607466E-02	2.59725467209773E-09	2.70908870973854E-11	0.17508040844786	1.8760540663204E-11	1.38068611202694E-10	2.45409940826989	1.75945792865904E-12	1.75567217227503E-10	19.1537344199902	1E10	1E-30	1E-10	1E10	1E-30	1E-10	1E10	1E-30	1E-10	1E10	1E-30	1E-10
307	2.27014526806774E-09	1E10	1E10	1E-30	1.69988680311815E-10	1E10	1E-30	1E10	0.150198192090726	2.36156025451889E-07	1E10	6748.65502622615	3.24122968322256E-07	1E10	379.504761070052	2.9840757231971E-07	1E10	39.7390269437687	2.23771567219476E-07	1E10	5.96930774124439	1.49253788927069E-07	1E10	1.13227368609547	8.06507272784935E-08	1E10	0.281268168037209	3.70662592990931E-08	1E10	9.36719502578485E-02	1.0339857087157E-08	1.48875497690751E-11	7.82055457607466E-02	2.59725467209773E-09	2.70908870973854E-11	0.17508040844786	1.8760540663204E-11	1.38068611202694E-10	2.45409940826989	1.75945792865904E-12	1.75567217227503E-10	19.1537344199902	1E10	1E-30	1E-10	1E10	1E-30	1E-10	1E10	1E-30	1E-10	1E10	1E-30	1E-10
308	2.25495748000321E-09	1E10	1E10	1E-30	2.73029595604099E-10	1E10	1E-30	1E10	0.141938357283811	2.79205390615111E-07	1E10	4052.33553712713	3.30226171368946E-07	1E10	369.57739345671	3.16748801892812E-07	1E10	38.699503940276	2.39599845851722E-07	1E10	5.67919284442232	1.88775542669142E-07	1E10	0.972215567679632	1.44456757289024E-07	1E10	0.232316403320517	4.73076916768978E-08	1E10	0.126964195678342	1E-30	5.33560302400571E-11	0.327614698608018	1.83735592784247E-08	1.19745850224816E-11	5.85531112413858E-02	3.6923832224328E-09	2.54309010779548E-11	0.167170666903643	6.68418272963665E-12	1.2486225074837E-10	12.3249679822043	7.637861548529E-12	4.98104984715074E-11	5.05667844431485	1E10	1E-30	1E-10	1E10	1E-30	1E-10	1E10	1E-30	1E-10
309	2.27014526806774E-09	1E10	1E10	1E-30	1.69988680311815E-10	1E10	1E-30	1E10	0.150198192090726	2.36156025451889E-07	1E10	6748.65502622615	3.24122968322256E-07	1E10	379.504761070052	2.9840757231971E-07	1E10	39.7390269437687	2.23771567219476E-07	1E10	5.96930774124439	1.49253788927069E-07	1E10	1.13227368609547	8.06507272784935E-08	1E10	0.281268168037209	3.70662592990931E-08	1E10	9.36719502578485E-02	1.0339857087157E-08	1.48875497690751E-11	7.82055457607466E-02	2.59725467209773E-09	2.70908870973854E-11	0.17508040844786	1.8760540663204E-11	1.38068611202694E-10	2.45409940826989	1.75945792865904E-12	1.75567217227503E-10	19.1537344199902	1E10	1E-30	1E-10	1E10	1E-30	1E-10	1E10	1E-30	1E-10	1E10	1E-30	1E-10
310	2.4673268664364E-09	1E10	1E10	1E-30	4.85146576813083E-11	1E10	1E-30	1E10	7.47118691358613E-03	1E-30	5.56836650205048E-11	0.437059392319559	1E-30	6.02371894121669E-11	2.11338744797165E-02	1E-30	2.92485368013191E-11	2.38480125986711E-03	1E-30	6.95405607261351E-11	2.1078310552643E-03	2.18224517933065E-08	1.42237372974562E-11	0.254036002068024	5.00922971758133E-09	2.51369875102557E-11	0.359033376965331	2.98130873799278E-09	1.35017886463036E-11	0.170026106838365	6.70869000933413E-13	3.1507364100621E-10	1123.92584530103	1E10	1E-30	1E-10	1E10	1E-30	1E-10	1E10	1E-30	1E-10	1E10	1E-30	1E-10	1E10	1E-30	1E-10	1E10	1E-30	1E-10	1E10	1E-30	1E-10
311	2.4673268664364E-09	1E10	1E10	1E-30	4.85146576813083E-11	1E10	1E-30	1E10	7.47118691358613E-03	1E-30	5.56836650205048E-11	0.437059392319559	1E-30	6.02371894121669E-11	2.11338744797165E-02	1E-30	2.92485368013191E-11	2.38480125986711E-03	1E-30	6.95405607261351E-11	2.1078310552643E-03	2.18224517933065E-08	1.42237372974562E-11	0.254036002068024	5.00922971758133E-09	2.51369875102557E-11	0.359033376965331	2.98130873799278E-09	1.35017886463036E-11	0.170026106838365	6.70869000933413E-13	3.1507364100621E-10	1123.92584530103	1E10	1E-30	1E-10	1E10	1E-30	1E-10	1E10	1E-30	1E-10	1E10	1E-30	1E-10	1E10	1E-30	1E-10	1E10	1E-30	1E-10	1E10	1E-30	1E-10
312	2.4673268664364E-09	1E10	1E11	1E-30	4.85146576813083E-11	1E10	1E-30	1E10	7.47118691358613E-03	1E-30	5.56836650205048E-11	0.437059392319559	1E-30	6.02371894121669E-11	2.11338744797165E-02	1E-30	2.92485368013191E-11	2.38480125986711E-03	1E-30	6.95405607261351E-11	2.1078310552643E-03	2.18224517933065E-08	1.42237372974562E-11	0.254036002068024	5.00922971758133E-09	2.51369875102557E-11	0.359033376965331	2.98130873799278E-09	1.35017886463036E-11	0.170026106838365	6.70869000933413E-13	3.1507364100621E-10	1123.92584530103	1E10	1E-30	1E-10	1E10	1E-30	1E-10	1E10	1E-30	1E-10	1E10	1E-30	1E-10	1E10	1E-30	1E-10	1E10	1E-30	1E-10	1E10	1E-30	1E-10
313	2.4673268664364E-09	1E10	1E11	1E-30	4.85146576813083E-11	1E10	1E-30	1E10	7.47118691358613E-03	1E-30	5.56836650205048E-11	0.437059392319559	1E-30	6.02371894121669E-11	2.11338744797165E-02	1E-30	2.92485368013191E-11	2.38480125986711E-03	1E-30	6.95405607261351E-11	2.1078310552643E-03	2.18224517933065E-08	1.42237372974562E-11	0.254036002068024	5.00922971758133E-09	2.51369875102557E-11	0.359033376965331	2.98130873799278E-09	1.35017886463036E-11	0.170026106838365	6.70869000933413E-13	3.1507364100621E-10	1123.92584530103	1E10	1E-30	1E-10	1E10	1E-30	1E-10	1E10	1E-30	1E-10	1E10	1E-30	1E-10	1E10	1E-30	1E-10	1E10	1E-30	1E-10	1E10	1E-30	1E-10
314	2.4673268664364E-09	1E10	1E11	1E-30	4.85146576813083E-11	1E10	1E-30	1E10	7.47118691358613E-03	1E-30	5.56836650205048E-11	0.437059392319559	1E-30	6.02371894121669E-11	2.11338744797165E-02	1E-30	2.92485368013191E-11	2.38480125986711E-03	1E-30	6.95405607261351E-11	2.1078310552643E-03	2.18224517933065E-08	1.42237372974562E-11	0.254036002068024	5.00922971758133E-09	2.51369875102557E-11	0.359033376965331	2.98130873799278E-09	1.35017886463036E-11	0.170026106838365	6.70869000933413E-13	3.1507364100621E-10	1123.92584530103	1E10	1E-30	1E-10	1E10	1E-30	1E-10	1E10	1E-30	1E-10	1E10	1E-30	1E-10	1E10	1E-30	1E-10	1E10	1E-30	1E-10	1E10	1E-30	1E-10
315	2.4673268664364E-09	1E10	1E11	1E-30	4.85146576813083E-11	1E10	1E-30	1E10	7.47118691358613E-03	1E-30	5.56836650205048E-11	0.437059392319559	1E-30	6.02371894121669E-11	2.11338744797165E-02	1E-30	2.92485368013191E-11	2.38480125986711E-03	1E-30	6.95405607261351E-11	2.1078310552643E-03	2.18224517933065E-08	1.42237372974562E-11	0.254036002068024	5.00922971758133E-09	2.51369875102557E-11	0.359033376965331	2.98130873799278E-09	1.35017886463036E-11	0.170026106838365	6.70869000933413E-13	3.1507364100621E-10	1123.92584530103	1E10	1E-30	1E-10	1E10	1E-30	1E-10	1E10	1E-30	1E-10	1E10	1E-30	1E-10	1E10	1E-30	1E-10	1E10	1E-30	1E-10	1E10	1E-30	1E-10
316	2.70664431927829E-09	1E10	1E10	1E-30	3.40504161948288E-10	1E10	1E-30	1E10	1.03551582105528E-02	1E-30	7.56493159405241E-11	0.362585149284042	1E-30	7.62276748961655E-11	0.017793826858932	2.10652277297789E-08	1.57873746585237E-11	0.237193055157593	5.66534724351509E-09	2.66352944515571E-11	0.392448379345479	5.2646479177609E-09	9.28037375010989E-12	0.113425780764401	6.00174975692264E-12	5.16513072858955E-11	34.6009254492535	1E10	1E-30	1E-10	1E10	1E-30	1E-10	1E10	1E-30	1E-10	1E10	1E-30	1E-10	1E10	1E-30	1E-10	1E10	1E-30	1E-10	1E10	1E-30	1E-10	1E10	1E-30	1E-10	1E10	1E-30	1E-10
317	2.65735816928235E-09	1E10	1E10	1E-30	3.50280416935435E-10	1E10	1E-30	1E10	5.15997199885632E-03	1E-30	6.36690391515754E-11	0.373239750258209	1E-30	7.94288911540412E-11	1.98782573246562E-02	1E-30	1.74358049431467E-10	6.55945477894411E-03	1.7823557199778E-08	1.90841938066458E-11	0.243334584504086	4.807480193315E-09	3.09894714895497E-11	0.440962667372471	3.55342131384053E-09	1.43595151411646E-11	0.154211354798494	8.78852290501043E-12	3.39315683633665E-11	12.0329337696496	1E10	1E-30	1E-10	1E10	1E-30	1E-10	1E10	1E-30	1E-10	1E10	1E-30	1E-10	1E10	1E-30	1E-10	1E10	1E-30	1E-10	1E10	1E-30	1E-10	1E10	1E-30	1E-10
318	2.65735816928235E-09	1E10	1E10	1E-30	3.50280416935435E-10	1E10	1E-30	1E10	5.15997199885632E-03	1E-30	6.36690391515754E-11	0.373239750258209	1E-30	7.94288911540412E-11	1.98782573246562E-02	1E-30	1.74358049431467E-10	6.55945477894411E-03	1.7823557199778E-08	1.90841938066458E-11	0.243334584504086	4.807480193315E-09	3.09894714895497E-11	0.440962667372471	3.55342131384053E-09	1.43595151411646E-11	0.154211354798494	8.78852290501043E-12	3.39315683633665E-11	12.0329337696496	1E10	1E-30	1E-10	1E10	1E-30	1E-10	1E10	1E-30	1E-10	1E10	1E-30	1E-10	1E10	1E-30	1E-10	1E10	1E-30	1E-10	1E10	1E-30	1E-10	1E10	1E-30	1E-10
319	2.70664431927829E-09	1E10	1E11	1E-30	3.40504161948288E-10	1E10	1E-30	1E10	1.03551582105528E-02	1E-30	7.56493159405241E-11	0.362585149284042	1E-30	7.62276748961655E-11	0.017793826858932	2.10652277297789E-08	1.57873746585237E-11	0.237193055157593	5.66534724351509E-09	2.66352944515571E-11	0.392448379345479	5.2646479177609E-09	9.28037375010989E-12	0.113425780764401	6.00174975692264E-12	5.16513072858955E-11	34.6009254492535	1E10	1E-30	1E-10	1E10	1E-30	1E-10	1E10	1E-30	1E-10	1E10	1E-30	1E-10	1E10	1E-30	1E-10	1E10	1E-30	1E-10	1E10	1E-30	1E-10	1E10	1E-30	1E-10	1E10	1E-30	1E-10
320	2.65735816928235E-09	1E10	1E11	1E-30	3.50280416935435E-10	1E10	1E-30	1E10	5.15997199885632E-03	1E-30	6.36690391515754E-11	0.373239750258209	1E-30	7.94288911540412E-11	1.98782573246562E-02	1E-30	1.74358049431467E-10	6.55945477894411E-03	1.7823557199778E-08	1.90841938066458E-11	0.243334584504086	4.807480193315E-09	3.09894714895497E-11	0.440962667372471	3.55342131384053E-09	1.43595151411646E-11	0.154211354798494	8.78852290501043E-12	3.39315683633665E-11	12.0329337696496	1E10	1E-30	1E-10	1E10	1E-30	1E-10	1E10	1E-30	1E-10	1E10	1E-30	1E-10	1E10	1E-30	1E-10	1E10	1E-30	1E-10	1E10	1E-30	1E-10	1E10	1E-30	1E-10
321	2.71623570159521E-09	1E10	1E10	1E-30	4.19716318594377E-10	1E10	1E-30	1E10	1.46746052817711E-02	1E-30	5.28027029910142E-11	0.418208839472472	1E-30	5.47768825511736E-11	0.025132003050099	1E-30	1.54376467672721E-10	6.15093567297422E-03	1E-30	3.39593861700391E-10	3.04887565534387E-03	3.2475461980776E-08	6.75520807339212E-12	9.14787338253306E-02	3.6592686148415E-09	2.22978308852476E-11	0.282452862501245	4.93116204032025E-12	6.03231094410991E-11	56.8239092598203	1E10	1E-30	1E-10	1E10	1E-30	1E-10	1E10	1E-30	1E-10	1E10	1E-30	1E-10	1E10	1E-30	1E-10	1E10	1E-30	1E-10	1E10	1E-30	1E-10	1E10	1E-30	1E-10
322	2.71623570159521E-09	1E10	1E11	1E-30	4.19716318594377E-10	1E10	1E-30	1E10	1.46746052817711E-02	1E-30	5.28027029910142E-11	0.418208839472472	1E-30	5.47768825511736E-11	0.025132003050099	1E-30	1.54376467672721E-10	6.15093567297422E-03	1E-30	3.39593861700391E-10	3.04887565534387E-03	3.2475461980776E-08	6.75520807339212E-12	9.14787338253306E-02	3.6592686148415E-09	2.22978308852476E-11	0.282452862501245	4.93116204032025E-12	6.03231094410991E-11	56.8239092598203	1E10	1E-30	1E-10	1E10	1E-30	1E-10	1E10	1E-30	1E-10	1E10	1E-30	1E-10	1E10	1E-30	1E-10	1E10	1E-30	1E-10	1E10	1E-30	1E-10	1E10	1E-30	1E-10
323	2.71623570159521E-09	1E10	1E10	1E-30	4.19716318594377E-10	1E10	1E-30	1E10	1.46746052817711E-02	1E-30	5.28027029910142E-11	0.418208839472472	1E-30	5.47768825511736E-11	0.025132003050099	1E-30	1.54376467672721E-10	6.15093567297422E-03	1E-30	3.39593861700391E-10	3.04887565534387E-03	3.2475461980776E-08	6.75520807339212E-12	9.14787338253306E-02	3.6592686148415E-09	2.22978308852476E-11	0.282452862501245	4.93116204032025E-12	6.03231094410991E-11	56.8239092598203	1E10	1E-30	1E-10	1E10	1E-30	1E-10	1E10	1E-30	1E-10	1E10	1E-30	1E-10	1E10	1E-30	1E-10	1E10	1E-30	1E-10	1E10	1E-30	1E-10	1E10	1E-30	1E-10
324	2.71623570159521E-09	1E10	1E11	1E-30	4.19716318594377E-10	1E10	1E-30	1E10	1.46746052817711E-02	1E-30	5.28027029910142E-11	0.418208839472472	1E-30	5.47768825511736E-11	0.025132003050099	1E-30	1.54376467672721E-10	6.15093567297422E-03	1E-30	3.39593861700391E-10	3.04887565534387E-03	3.2475461980776E-08	6.75520807339212E-12	9.14787338253306E-02	3.6592686148415E-09	2.22978308852476E-11	0.282452862501245	4.93116204032025E-12	6.03231094410991E-11	56.8239092598203	1E10	1E-30	1E-10	1E10	1E-30	1E-10	1E10	1E-30	1E-10	1E10	1E-30	1E-10	1E10	1E-30	1E-10	1E10	1E-30	1E-10	1E10	1E-30	1E-10	1E10	1E-30	1E-10
325	3.00244062693675E-09	1E10	1E10	1E-30	2.32100140760095E-10	1E10	1E-30	1E10	8.8821192513237E-03	1E-30	4.3087866783227E-11	0.24456457469533	1E-30	1.38725242189975E-11	0.18707122182195	1E-30	6.25141837122613E-11	1.47098537983334E-02	1E-30	3.93866595910449E-11	1.86428209609273E-03	1E-30	3.08043924091018E-11	8.15835429383266E-04	1.4709291919487E-08	2.61655300435238E-11	0.259931734377085	5.28662124700143E-09	3.38972559770206E-11	0.405830948479142	2.40872447193014E-09	2.32220682877052E-11	0.17804664069305	2.5803853087752E-12	1.12769428395054E-10	92.3877377209106	1E10	1E-30	1E-10	1E10	1E-30	1E-10	1E10	1E-30	1E-10	1E10	1E-30	1E-10	1E10	1E-30	1E-10	1E10	1E-30	1E-10
326	3.00244062693675E-09	1E10	1E10	1E-30	2.32100140760095E-10	1E10	1E-30	1E10	8.8821192513237E-03	1E-30	4.3087866783227E-11	0.24456457469533	1E-30	1.38725242189975E-11	0.18707122182195	1E-30	6.25141837122613E-11	1.47098537983334E-02	1E-30	3.93866595910449E-11	1.86428209609273E-03	1E-30	3.08043924091018E-11	8.15835429383266E-04	1.4709291919487E-08	2.61655300435238E-11	0.259931734377085	5.28662124700143E-09	3.38972559770206E-11	0.405830948479142	2.40872447193014E-09	2.32220682877052E-11	0.17804664069305	2.5803853087752E-12	1.12769428395054E-10	92.3877377209106	1E10	1E-30	1E-10	1E10	1E-30	1E-10	1E10	1E-30	1E-10	1E10	1E-30	1E-10	1E10	1E-30	1E-10	1E10	1E-30	1E-10
327	3.00244062693675E-09	1E10	1E11	1E-30	2.32100140760095E-10	1E10	1E-30	1E10	8.8821192513237E-03	1E-30	4.3087866783227E-11	0.24456457469533	1E-30	1.38725242189975E-11	0.18707122182195	1E-30	6.25141837122613E-11	1.47098537983334E-02	1E-30	3.93866595910449E-11	1.86428209609273E-03	1E-30	3.08043924091018E-11	8.15835429383266E-04	1.4709291919487E-08	2.61655300435238E-11	0.259931734377085	5.28662124700143E-09	3.38972559770206E-11	0.405830948479142	2.40872447193014E-09	2.32220682877052E-11	0.17804664069305	2.5803853087752E-12	1.12769428395054E-10	92.3877377209106	1E10	1E-30	1E-10	1E10	1E-30	1E-10	1E10	1E-30	1E-10	1E10	1E-30	1E-10	1E10	1E-30	1E-10	1E10	1E-30	1E-10
328	3.00244062693675E-09	1E10	1E11	1E-30	2.32100140760095E-10	1E10	1E-30	1E10	8.8821192513237E-03	1E-30	4.3087866783227E-11	0.24456457469533	1E-30	1.38725242189975E-11	0.18707122182195	1E-30	6.25141837122613E-11	1.47098537983334E-02	1E-30	3.93866595910449E-11	1.86428209609273E-03	1E-30	3.08043924091018E-11	8.15835429383266E-04	1.4709291919487E-08	2.61655300435238E-11	0.259931734377085	5.28662124700143E-09	3.38972559770206E-11	0.405830948479142	2.40872447193014E-09	2.32220682877052E-11	0.17804664069305	2.5803853087752E-12	1.12769428395054E-10	92.3877377209106	1E10	1E-30	1E-10	1E10	1E-30	1E-10	1E10	1E-30	1E-10	1E10	1E-30	1E-10	1E10	1E-30	1E-10	1E10	1E-30	1E-10
329	3.00244062693675E-09	1E10	1E11	1E-30	2.32100140760095E-10	1E10	1E-30	1E10	8.8821192513237E-03	1E-30	4.3087866783227E-11	0.24456457469533	1E-30	1.38725242189975E-11	0.18707122182195	1E-30	6.25141837122613E-11	1.47098537983334E-02	1E-30	3.93866595910449E-11	1.86428209609273E-03	1E-30	3.08043924091018E-11	8.15835429383266E-04	1.4709291919487E-08	2.61655300435238E-11	0.259931734377085	5.28662124700143E-09	3.38972559770206E-11	0.405830948479142	2.40872447193014E-09	2.32220682877052E-11	0.17804664069305	2.5803853087752E-12	1.12769428395054E-10	92.3877377209106	1E10	1E-30	1E-10	1E10	1E-30	1E-10	1E10	1E-30	1E-10	1E10	1E-30	1E-10	1E10	1E-30	1E-10	1E10	1E-30	1E-10
330	3.00244062693675E-09	1E10	1E11	1E-30	2.32100140760095E-10	1E10	1E-30	1E10	8.8821192513237E-03	1E-30	4.3087866783227E-11	0.24456457469533	1E-30	1.38725242189975E-11	0.18707122182195	1E-30	6.25141837122613E-11	1.47098537983334E-02	1E-30	3.93866595910449E-11	1.86428209609273E-03	1E-30	3.08043924091018E-11	8.15835429383266E-04	1.4709291919487E-08	2.61655300435238E-11	0.259931734377085	5.28662124700143E-09	3.38972559770206E-11	0.405830948479142	2.40872447193014E-09	2.32220682877052E-11	0.17804664069305	2.5803853087752E-12	1.12769428395054E-10	92.3877377209106	1E10	1E-30	1E-10	1E10	1E-30	1E-10	1E10	1E-30	1E-10	1E10	1E-30	1E-10	1E10	1E-30	1E-10	1E10	1E-30	1E-10
331	3.30595927550243E-09	1E10	1E10	1E-30	5.56495037951252E-12	1E10	1E-30	1E10	1.43905975953109E-02	1E-30	6.67848016215399E-11	0.380140949963303	1E-30	4.26233581987161E-11	1.02747090792206E-02	2.48720899109469E-08	1.62208801778614E-11	0.243593741348846	5.05881071877748E-09	3.86205812071124E-11	0.420500213916232	3.78444153344519E-09	1.70301412938384E-11	0.114941224375952	3.44832526132342E-11	8.68712705763485E-12	0.968884257028566	7.71853824827326E-13	3.15335384214678E-10	1E5	1E10	1E-30	1E-10	1E10	1E-30	1E-10	1E10	1E-30	1E-10	1E10	1E-30	1E-10	1E10	1E-30	1E-10	1E10	1E-30	1E-10	1E10	1E-30	1E-10	1E10	1E-30	1E-10
332	3.29999999999999E-09	1E10	1E10	1E-30	2.82627559305803E-10	1E10	1E-30	1E10	8.89366944717117E-03	1E-30	9.91492652307069E-11	0.341083556313829	1E-30	7.80362400507345E-11	1.25778885238111E-02	1.67321923837099E-08	2.56367766628066E-11	0.307710168921949	7.20853867083641E-09	2.72104215854813E-11	0.400032098310276	9.95480884721877E-09	6.50777603767052E-12	0.11044589018875	5.43083863014619E-12	5.29106877516204E-11	19.3498671453751	1E10	1E-30	1E-10	1E10	1E-30	1E-10	1E10	1E-30	1E-10	1E10	1E-30	1E-10	1E10	1E-30	1E-10	1E10	1E-30	1E-10	1E10	1E-30	1E-10	1E10	1E-30	1E-10	1E10	1E-30	1E-10
333	3.29999999999999E-09	1E10	1E10	1E-30	2.82627559305803E-10	1E10	1E-30	1E10	8.89366944717117E-03	1E-30	9.91492652307069E-11	0.341083556313829	1E-30	7.80362400507345E-11	1.25778885238111E-02	1.67321923837099E-08	2.56367766628066E-11	0.307710168921949	7.20853867083641E-09	2.72104215854813E-11	0.400032098310276	9.95480884721877E-09	6.50777603767052E-12	0.11044589018875	5.43083863014619E-12	5.29106877516204E-11	19.3498671453751	1E10	1E-30	1E-10	1E10	1E-30	1E-10	1E10	1E-30	1E-10	1E10	1E-30	1E-10	1E10	1E-30	1E-10	1E10	1E-30	1E-10	1E10	1E-30	1E-10	1E10	1E-30	1E-10	1E10	1E-30	1E-10
334	3.30595927550243E-09	1E10	1E11	1E-30	5.56495037951252E-12	1E10	1E-30	1E10	1.43905975953109E-02	1E-30	6.67848016215399E-11	0.380140949963303	1E-30	4.26233581987161E-11	1.02747090792206E-02	2.48720899109469E-08	1.62208801778614E-11	0.243593741348846	5.05881071877748E-09	3.86205812071124E-11	0.420500213916232	3.78444153344519E-09	1.70301412938384E-11	0.114941224375952	3.44832526132342E-11	8.68712705763485E-12	0.968884257028566	7.71853824827326E-13	3.15335384214678E-10	1E5	1E10	1E-30	1E-10	1E10	1E-30	1E-10	1E10	1E-30	1E-10	1E10	1E-30	1E-10	1E10	1E-30	1E-10	1E10	1E-30	1E-10	1E10	1E-30	1E-10	1E10	1E-30	1E-10
335	3.29999999999999E-09	1E10	1E11	1E-30	2.82627559305803E-10	1E10	1E-30	1E10	8.89366944717117E-03	1E-30	9.91492652307069E-11	0.341083556313829	1E-30	7.80362400507345E-11	1.25778885238111E-02	1.67321923837099E-08	2.56367766628066E-11	0.307710168921949	7.20853867083641E-09	2.72104215854813E-11	0.400032098310276	9.95480884721877E-09	6.50777603767052E-12	0.11044589018875	5.43083863014619E-12	5.29106877516204E-11	19.3498671453751	1E10	1E-30	1E-10	1E10	1E-30	1E-10	1E10	1E-30	1E-10	1E10	1E-30	1E-10	1E10	1E-30	1E-10	1E10	1E-30	1E-10	1E10	1E-30	1E-10	1E10	1E-30	1E-10	1E10	1E-30	1E-10
336	3.29999999999999E-09	1E10	1E11	1E-30	2.82627559305803E-10	1E10	1E-30	1E10	8.89366944717117E-03	1E-30	9.91492652307069E-11	0.341083556313829	1E-30	7.80362400507345E-11	1.25778885238111E-02	1.67321923837099E-08	2.56367766628066E-11	0.307710168921949	7.20853867083641E-09	2.72104215854813E-11	0.400032098310276	9.95480884721877E-09	6.50777603767052E-12	0.11044589018875	5.43083863014619E-12	5.29106877516204E-11	19.3498671453751	1E10	1E-30	1E-10	1E10	1E-30	1E-10	1E10	1E-30	1E-10	1E10	1E-30	1E-10	1E10	1E-30	1E-10	1E10	1E-30	1E-10	1E10	1E-30	1E-10	1E10	1E-30	1E-10	1E10	1E-30	1E-10
337	3.29999999999999E-09	1E10	1E11	1E-30	2.82627559305803E-10	1E10	1E-30	1E10	8.89366944717117E-03	1E-30	9.91492652307069E-11	0.341083556313829	1E-30	7.80362400507345E-11	1.25778885238111E-02	1.67321923837099E-08	2.56367766628066E-11	0.307710168921949	7.20853867083641E-09	2.72104215854813E-11	0.400032098310276	9.95480884721877E-09	6.50777603767052E-12	0.11044589018875	5.43083863014619E-12	5.29106877516204E-11	19.3498671453751	1E10	1E-30	1E-10	1E10	1E-30	1E-10	1E10	1E-30	1E-10	1E10	1E-30	1E-10	1E10	1E-30	1E-10	1E10	1E-30	1E-10	1E10	1E-30	1E-10	1E10	1E-30	1E-10	1E10	1E-30	1E-10
338	3.29999999999999E-09	1E10	1E11	1E-30	2.82627559305803E-10	1E10	1E-30	1E10	8.89366944717117E-03	1E-30	9.91492652307069E-11	0.341083556313829	1E-30	7.80362400507345E-11	1.25778885238111E-02	1.67321923837099E-08	2.56367766628066E-11	0.307710168921949	7.20853867083641E-09	2.72104215854813E-11	0.400032098310276	9.95480884721877E-09	6.50777603767052E-12	0.11044589018875	5.43083863014619E-12	5.29106877516204E-11	19.3498671453751	1E10	1E-30	1E-10	1E10	1E-30	1E-10	1E10	1E-30	1E-10	1E10	1E-30	1E-10	1E10	1E-30	1E-10	1E10	1E-30	1E-10	1E10	1E-30	1E-10	1E10	1E-30	1E-10	1E10	1E-30	1E-10
339	3.23692941636302E-09	1E10	1E10	1E-30	2.66907702773653E-10	1E10	1E-30	1E10	1.28502118053947E-02	1E-30	4.45707038230102E-11	0.335987810324094	1E-30	4.45030682847055E-11	1.98000712996358E-02	1E-30	1.28501403530176E-10	6.50746283673162E-03	1E-30	7.38279172290791E-10	2.02488565296169E-03	3.10400802715201E-08	9.12450780064115E-12	9.76820363408972E-02	5.13743450706682E-09	2.1896934184037E-11	0.258498841182029	3.03643374534743E-09	1.03803784331355E-11	9.82604029524333E-02	1.45375918941892E-12	1.74940948302124E-10	137.790333043789	1E10	1E-30	1E-10	1E10	1E-30	1E-10	1E10	1E-30	1E-10	1E10	1E-30	1E-10	1E10	1E-30	1E-10	1E10	1E-30	1E-10	1E10	1E-30	1E-10
340	3.23692941636302E-09	1E10	1E11	1E-30	2.66907702773653E-10	1E10	1E-30	1E10	1.28502118053947E-02	1E-30	4.45707038230102E-11	0.335987810324094	1E-30	4.45030682847055E-11	1.98000712996358E-02	1E-30	1.28501403530176E-10	6.50746283673162E-03	1E-30	7.38279172290791E-10	2.02488565296169E-03	3.10400802715201E-08	9.12450780064115E-12	9.76820363408972E-02	5.13743450706682E-09	2.1896934184037E-11	0.258498841182029	3.03643374534743E-09	1.03803784331355E-11	9.82604029524333E-02	1.45375918941892E-12	1.74940948302124E-10	137.790333043789	1E10	1E-30	1E-10	1E10	1E-30	1E-10	1E10	1E-30	1E-10	1E10	1E-30	1E-10	1E10	1E-30	1E-10	1E10	1E-30	1E-10	1E10	1E-30	1E-10
341	3.23692941636302E-09	1E10	1E10	1E-30	2.66907702773653E-10	1E10	1E-30	1E10	1.28502118053947E-02	1E-30	4.45707038230102E-11	0.335987810324094	1E-30	4.45030682847055E-11	1.98000712996358E-02	1E-30	1.28501403530176E-10	6.50746283673162E-03	1E-30	7.38279172290791E-10	2.02488565296169E-03	3.10400802715201E-08	9.12450780064115E-12	9.76820363408972E-02	5.13743450706682E-09	2.1896934184037E-11	0.258498841182029	3.03643374534743E-09	1.03803784331355E-11	9.82604029524333E-02	1.45375918941892E-12	1.74940948302124E-10	137.790333043789	1E10	1E-30	1E-10	1E10	1E-30	1E-10	1E10	1E-30	1E-10	1E10	1E-30	1E-10	1E10	1E-30	1E-10	1E10	1E-30	1E-10	1E10	1E-30	1E-10
342	3.23692941636302E-09	1E10	1E11	1E-30	2.66907702773653E-10	1E10	1E-30	1E10	1.28502118053947E-02	1E-30	4.45707038230102E-11	0.335987810324094	1E-30	4.45030682847055E-11	1.98000712996358E-02	1E-30	1.28501403530176E-10	6.50746283673162E-03	1E-30	7.38279172290791E-10	2.02488565296169E-03	3.10400802715201E-08	9.12450780064115E-12	9.76820363408972E-02	5.13743450706682E-09	2.1896934184037E-11	0.258498841182029	3.03643374534743E-09	1.03803784331355E-11	9.82604029524333E-02	1.45375918941892E-12	1.74940948302124E-10	137.790333043789	1E10	1E-30	1E-10	1E10	1E-30	1E-10	1E10	1E-30	1E-10	1E10	1E-30	1E-10	1E10	1E-30	1E-10	1E10	1E-30	1E-10	1E10	1E-30	1E-10
343	3.34287851311663E-09	1E10	1E10	1E-30	2.04805457633805E-10	1E10	1E-30	1E10	0.125804495408593	3.93390111587868E-07	1E10	4155.04726212753	4.79867125674497E-07	1E10	378.944814109641	4.36128389423193E-07	1E10	43.5086860667447	3.49958404847484E-07	1E10	5.54349000833633	3.14843110531461E-07	1E10	0.825739733344258	2.42017356573638E-07	1E10	0.234523485095324	8.61348922523556E-08	1E10	0.122177399592306	1E-30	7.25158165550553E-11	0.390573341244932	2.88749791059636E-08	1.24158992521337E-11	5.95959674826278E-02	5.93173180188114E-09	2.71695696934861E-11	0.141020453898862	5.44751935285024E-12	1.39621579931945E-10	14.4621572488289	5.71263104574188E-12	6.6203389280779E-11	15.7721464785152	1E10	1E-30	1E-10	1E10	1E-30	1E-10	1E10	1E-30	1E-10
344	3.34287851311663E-09	1E10	1E10	1E-30	2.04805457633805E-10	1E10	1E-30	1E10	0.125804495408593	3.93390111587868E-07	1E10	4155.04726212753	4.79867125674497E-07	1E10	378.944814109641	4.36128389423193E-07	1E10	43.5086860667447	3.49958404847484E-07	1E10	5.54349000833633	3.14843110531461E-07	1E10	0.825739733344258	2.42017356573638E-07	1E10	0.234523485095324	8.61348922523556E-08	1E10	0.122177399592306	1E-30	7.25158165550553E-11	0.390573341244932	2.88749791059636E-08	1.24158992521337E-11	5.95959674826278E-02	5.93173180188114E-09	2.71695696934861E-11	0.141020453898862	5.44751935285024E-12	1.39621579931945E-10	14.4621572488289	5.71263104574188E-12	6.6203389280779E-11	15.7721464785152	1E10	1E-30	1E-10	1E10	1E-30	1E-10	1E10	1E-30	1E-10
345	3.39884171657677E-09	1E10	1E10	1E-30	2.22286334446224E-10	1E10	1E-30	1E10	0.127306197487148	4.29274289128347E-07	1E10	4100.7563507835	5.22175465383612E-07	1E10	528.279753049961	4.3455641311351E-07	1E10	60.6546311627792	3.71746404183972E-07	1E10	6.87943736655654	4.27599798341503E-07	1E10	0.894916259751619	2.45944967980703E-07	1E10	0.359734153393634	8.67888816406065E-08	1E10	0.115768534095747	1E-30	4.14862202505508E-11	0.520096267500962	5.71199898654275E-08	5.22002592221022E-12	3.36047825640323E-02	3.48903870881053E-09	3.11321242294954E-11	0.169750636942206	1.93200154593519E-11	1.38146903818497E-10	2.66330218517225	4.23140718302272E-12	8.7204606678213E-11	7.55162321755528	1E10	1E-30	1E-10	1E10	1E-30	1E-10	1E10	1E-30	1E-10
346	3.39884171657677E-09	1E10	1E10	1E-30	2.22286334446224E-10	1E10	1E-30	1E10	0.127306197487148	4.29274289128347E-07	1E10	4100.7563507835	5.22175465383612E-07	1E10	528.279753049961	4.3455641311351E-07	1E10	60.6546311627792	3.71746404183972E-07	1E10	6.87943736655654	4.27599798341503E-07	1E10	0.894916259751619	2.45944967980703E-07	1E10	0.359734153393634	8.67888816406065E-08	1E10	0.115768534095747	1E-30	4.14862202505508E-11	0.520096267500962	5.71199898654275E-08	5.22002592221022E-12	3.36047825640323E-02	3.48903870881053E-09	3.11321242294954E-11	0.169750636942206	1.93200154593519E-11	1.38146903818497E-10	2.66330218517225	4.23140718302272E-12	8.7204606678213E-11	7.55162321755528	1E10	1E-30	1E-10	1E10	1E-30	1E-10	1E10	1E-30	1E-10
347	3.34287851311663E-09	1E10	1E10	1E-30	2.04805457633805E-10	1E10	1E-30	1E10	0.125804495408593	3.93390111587868E-07	1E10	4155.04726212753	4.79867125674497E-07	1E10	378.944814109641	4.36128389423193E-07	1E10	43.5086860667447	3.49958404847484E-07	1E10	5.54349000833633	3.14843110531461E-07	1E10	0.825739733344258	2.42017356573638E-07	1E10	0.234523485095324	8.61348922523556E-08	1E10	0.122177399592306	1E-30	7.25158165550553E-11	0.390573341244932	2.88749791059636E-08	1.24158992521337E-11	5.95959674826278E-02	5.93173180188114E-09	2.71695696934861E-11	0.141020453898862	5.44751935285024E-12	1.39621579931945E-10	14.4621572488289	5.71263104574188E-12	6.6203389280779E-11	15.7721464785152	1E10	1E-30	1E-10	1E10	1E-30	1E-10	1E10	1E-30	1E-10
348	3.39884171657677E-09	1E10	1E10	1E-30	2.22286334446224E-10	1E10	1E-30	1E10	0.127306197487148	4.29274289128347E-07	1E10	4100.7563507835	5.22175465383612E-07	1E10	528.279753049961	4.3455641311351E-07	1E10	60.6546311627792	3.71746404183972E-07	1E10	6.87943736655654	4.27599798341503E-07	1E10	0.894916259751619	2.45944967980703E-07	1E10	0.359734153393634	8.67888816406065E-08	1E10	0.115768534095747	1E-30	4.14862202505508E-11	0.520096267500962	5.71199898654275E-08	5.22002592221022E-12	3.36047825640323E-02	3.48903870881053E-09	3.11321242294954E-11	0.169750636942206	1.93200154593519E-11	1.38146903818497E-10	2.66330218517225	4.23140718302272E-12	8.7204606678213E-11	7.55162321755528	1E10	1E-30	1E-10	1E10	1E-30	1E-10	1E10	1E-30	1E-10
349	3.60314694751787E-09	1E10	1E10	1E-30	2.58606655128548E-10	1E10	1E-30	1E10	7.20813892011399E-03	1E-30	4.40059447598553E-11	0.207280752447147	1E-30	1.05848866710599E-11	0.157661399580046	1E-30	6.18182560565055E-11	3.00801911411459E-02	1E-30	1.05673634176526E-10	3.88677466033125E-03	1E-30	8.25381670122462E-11	1.75555329010431E-03	1.29153539950412E-08	1.78649522964839E-11	0.246827458542589	9.90547068185172E-09	7.68744090747012E-12	8.18176712098134E-02	4.06055787224849E-12	7.67091709591012E-11	44.5548183594667	1E10	1E-30	1E-10	1E10	1E-30	1E-10	1E10	1E-30	1E-10	1E10	1E-30	1E-10	1E10	1E-30	1E-10	1E10	1E-30	1E-10	1E10	1E-30	1E-10
350	3.60314694751787E-09	1E10	1E10	1E-30	2.58606655128548E-10	1E10	1E-30	1E10	7.20813892011399E-03	1E-30	4.40059447598553E-11	0.207280752447147	1E-30	1.05848866710599E-11	0.157661399580046	1E-30	6.18182560565055E-11	3.00801911411459E-02	1E-30	1.05673634176526E-10	3.88677466033125E-03	1E-30	8.25381670122462E-11	1.75555329010431E-03	1.29153539950412E-08	1.78649522964839E-11	0.246827458542589	9.90547068185172E-09	7.68744090747012E-12	8.18176712098134E-02	4.06055787224849E-12	7.67091709591012E-11	44.5548183594667	1E10	1E-30	1E-10	1E10	1E-30	1E-10	1E10	1E-30	1E-10	1E10	1E-30	1E-10	1E10	1E-30	1E-10	1E10	1E-30	1E-10	1E10	1E-30	1E-10
351	3.60314694751787E-09	1E10	1E11	1E-30	2.58606655128548E-10	1E10	1E-30	1E10	7.20813892011399E-03	1E-30	4.40059447598553E-11	0.207280752447147	1E-30	1.05848866710599E-11	0.157661399580046	1E-30	6.18182560565055E-11	3.00801911411459E-02	1E-30	1.05673634176526E-10	3.88677466033125E-03	1E-30	8.25381670122462E-11	1.75555329010431E-03	1.29153539950412E-08	1.78649522964839E-11	0.246827458542589	9.90547068185172E-09	7.68744090747012E-12	8.18176712098134E-02	4.06055787224849E-12	7.67091709591012E-11	44.5548183594667	1E10	1E-30	1E-10	1E10	1E-30	1E-10	1E10	1E-30	1E-10	1E10	1E-30	1E-10	1E10	1E-30	1E-10	1E10	1E-30	1E-10	1E10	1E-30	1E-10
352	3.60314694751787E-09	1E10	1E11	1E-30	2.58606655128548E-10	1E10	1E-30	1E10	7.20813892011399E-03	1E-30	4.40059447598553E-11	0.207280752447147	1E-30	1.05848866710599E-11	0.157661399580046	1E-30	6.18182560565055E-11	3.00801911411459E-02	1E-30	1.05673634176526E-10	3.88677466033125E-03	1E-30	8.25381670122462E-11	1.75555329010431E-03	1.29153539950412E-08	1.78649522964839E-11	0.246827458542589	9.90547068185172E-09	7.68744090747012E-12	8.18176712098134E-02	4.06055787224849E-12	7.67091709591012E-11	44.5548183594667	1E10	1E-30	1E-10	1E10	1E-30	1E-10	1E10	1E-30	1E-10	1E10	1E-30	1E-10	1E10	1E-30	1E-10	1E10	1E-30	1E-10	1E10	1E-30	1E-10
353	3.60314694751787E-09	1E10	1E11	1E-30	2.58606655128548E-10	1E10	1E-30	1E10	7.20813892011399E-03	1E-30	4.40059447598553E-11	0.207280752447147	1E-30	1.05848866710599E-11	0.157661399580046	1E-30	6.18182560565055E-11	3.00801911411459E-02	1E-30	1.05673634176526E-10	3.88677466033125E-03	1E-30	8.25381670122462E-11	1.75555329010431E-03	1.29153539950412E-08	1.78649522964839E-11	0.246827458542589	9.90547068185172E-09	7.68744090747012E-12	8.18176712098134E-02	4.06055787224849E-12	7.67091709591012E-11	44.5548183594667	1E10	1E-30	1E-10	1E10	1E-30	1E-10	1E10	1E-30	1E-10	1E10	1E-30	1E-10	1E10	1E-30	1E-10	1E10	1E-30	1E-10	1E10	1E-30	1E-10
354	3.60314694751787E-09	1E10	1E11	1E-30	2.58606655128548E-10	1E10	1E-30	1E10	7.20813892011399E-03	1E-30	4.40059447598553E-11	0.207280752447147	1E-30	1.05848866710599E-11	0.157661399580046	1E-30	6.18182560565055E-11	3.00801911411459E-02	1E-30	1.05673634176526E-10	3.88677466033125E-03	1E-30	8.25381670122462E-11	1.75555329010431E-03	1.29153539950412E-08	1.78649522964839E-11	0.246827458542589	9.90547068185172E-09	7.68744090747012E-12	8.18176712098134E-02	4.06055787224849E-12	7.67091709591012E-11	44.5548183594667	1E10	1E-30	1E-10	1E10	1E-30	1E-10	1E10	1E-30	1E-10	1E10	1E-30	1E-10	1E10	1E-30	1E-10	1E10	1E-30	1E-10	1E10	1E-30	1E-10
355	3.8355742398372E-09	1E10	1E10	1E-30	3.17470568158494E-10	1E10	1E-30	1E10	7.59765126387253E-03	1E-30	1.023185591364E-10	0.36907772469706	1E-30	5.33824112883435E-11	1.33458684863925E-02	1E-30	1.38096167963766E-10	5.29109157657464E-03	2.12861262465931E-08	2.38791332704282E-11	0.302548575230672	8.42572989360351E-09	2.81593467748904E-11	0.390548541691806	1.69913550927864E-11	2.14516689016797E-11	5.92703236630671	1E10	1E-30	1E-10	1E10	1E-30	1E-10	1E10	1E-30	1E-10	1E10	1E-30	1E-10	1E10	1E-30	1E-10	1E10	1E-30	1E-10	1E10	1E-30	1E-10	1E10	1E-30	1E-10	1E10	1E-30	1E-10
356	3.87981554842906E-09	1E10	1E10	1E-30	2.71333883861734E-10	1E10	1E-30	1E10	6.8732465760057E-03	1E-30	4.3433562979458E-11	0.181221379593114	1E-30	8.00904588622245E-12	9.01741307326777E-02	1E-30	3.68357856282598E-11	1.93551282857899E-02	1E-30	7.85470931506074E-11	9.44954254452346E-03	1E-30	2.44746888439723E-11	9.25188933906804E-04	1E-30	2.59011534090113E-11	6.36421617073646E-04	1.36270296888539E-08	1.86369723837543E-11	0.242782345870419	1.34112272620844E-08	6.34660492374687E-12	0.111436841698995	4.53669687066412E-12	6.14844647921322E-11	34.7009511206919	1E10	1E-30	1E-10	1E10	1E-30	1E-10	1E10	1E-30	1E-10	1E10	1E-30	1E-10	1E10	1E-30	1E-10	1E10	1E-30	1E-10
357	3.87981554842906E-09	1E10	1E10	1E-30	2.71333883861734E-10	1E10	1E-30	1E10	6.8732465760057E-03	1E-30	4.3433562979458E-11	0.181221379593114	1E-30	8.00904588622245E-12	9.01741307326777E-02	1E-30	3.68357856282598E-11	1.93551282857899E-02	1E-30	7.85470931506074E-11	9.44954254452346E-03	1E-30	2.44746888439723E-11	9.25188933906804E-04	1E-30	2.59011534090113E-11	6.36421617073646E-04	1.36270296888539E-08	1.86369723837543E-11	0.242782345870419	1.34112272620844E-08	6.34660492374687E-12	0.111436841698995	4.53669687066412E-12	6.14844647921322E-11	34.7009511206919	1E10	1E-30	1E-10	1E10	1E-30	1E-10	1E10	1E-30	1E-10	1E10	1E-30	1E-10	1E10	1E-30	1E-10	1E10	1E-30	1E-10
358	3.8355742398372E-09	1E10	1E11	1E-30	3.17470568158494E-10	1E10	1E-30	1E10	7.59765126387253E-03	1E-30	1.023185591364E-10	0.36907772469706	1E-30	5.33824112883435E-11	1.33458684863925E-02	1E-30	1.38096167963766E-10	5.29109157657464E-03	2.12861262465931E-08	2.38791332704282E-11	0.302548575230672	8.42572989360351E-09	2.81593467748904E-11	0.390548541691806	1.69913550927864E-11	2.14516689016797E-11	5.92703236630671	1E10	1E-30	1E-10	1E10	1E-30	1E-10	1E10	1E-30	1E-10	1E10	1E-30	1E-10	1E10	1E-30	1E-10	1E10	1E-30	1E-10	1E10	1E-30	1E-10	1E10	1E-30	1E-10	1E10	1E-30	1E-10
359	3.87981554842906E-09	1E10	1E11	1E-30	2.71333883861734E-10	1E10	1E-30	1E10	6.8732465760057E-03	1E-30	4.3433562979458E-11	0.181221379593114	1E-30	8.00904588622245E-12	9.01741307326777E-02	1E-30	3.68357856282598E-11	1.93551282857899E-02	1E-30	7.85470931506074E-11	9.44954254452346E-03	1E-30	2.44746888439723E-11	9.25188933906804E-04	1E-30	2.59011534090113E-11	6.36421617073646E-04	1.36270296888539E-08	1.86369723837543E-11	0.242782345870419	1.34112272620844E-08	6.34660492374687E-12	0.111436841698995	4.53669687066412E-12	6.14844647921322E-11	34.7009511206919	1E10	1E-30	1E-10	1E10	1E-30	1E-10	1E10	1E-30	1E-10	1E10	1E-30	1E-10	1E10	1E-30	1E-10	1E10	1E-30	1E-10
360	3.87981554842906E-09	1E10	1E11	1E-30	2.71333883861734E-10	1E10	1E-30	1E10	6.8732465760057E-03	1E-30	4.3433562979458E-11	0.181221379593114	1E-30	8.00904588622245E-12	9.01741307326777E-02	1E-30	3.68357856282598E-11	1.93551282857899E-02	1E-30	7.85470931506074E-11	9.44954254452346E-03	1E-30	2.44746888439723E-11	9.25188933906804E-04	1E-30	2.59011534090113E-11	6.36421617073646E-04	1.36270296888539E-08	1.86369723837543E-11	0.242782345870419	1.34112272620844E-08	6.34660492374687E-12	0.111436841698995	4.53669687066412E-12	6.14844647921322E-11	34.7009511206919	1E10	1E-30	1E-10	1E10	1E-30	1E-10	1E10	1E-30	1E-10	1E10	1E-30	1E-10	1E10	1E-30	1E-10	1E10	1E-30	1E-10
361	3.87981554842906E-09	1E10	1E11	1E-30	2.71333883861734E-10	1E10	1E-30	1E10	6.8732465760057E-03	1E-30	4.3433562979458E-11	0.181221379593114	1E-30	8.00904588622245E-12	9.01741307326777E-02	1E-30	3.68357856282598E-11	1.93551282857899E-02	1E-30	7.85470931506074E-11	9.44954254452346E-03	1E-30	2.44746888439723E-11	9.25188933906804E-04	1E-30	2.59011534090113E-11	6.36421617073646E-04	1.36270296888539E-08	1.86369723837543E-11	0.242782345870419	1.34112272620844E-08	6.34660492374687E-12	0.111436841698995	4.53669687066412E-12	6.14844647921322E-11	34.7009511206919	1E10	1E-30	1E-10	1E10	1E-30	1E-10	1E10	1E-30	1E-10	1E10	1E-30	1E-10	1E10	1E-30	1E-10	1E10	1E-30	1E-10
362	3.87981554842906E-09	1E10	1E11	1E-30	2.71333883861734E-10	1E10	1E-30	1E10	6.8732465760057E-03	1E-30	4.3433562979458E-11	0.181221379593114	1E-30	8.00904588622245E-12	9.01741307326777E-02	1E-30	3.68357856282598E-11	1.93551282857899E-02	1E-30	7.85470931506074E-11	9.44954254452346E-03	1E-30	2.44746888439723E-11	9.25188933906804E-04	1E-30	2.59011534090113E-11	6.36421617073646E-04	1.36270296888539E-08	1.86369723837543E-11	0.242782345870419	1.34112272620844E-08	6.34660492374687E-12	0.111436841698995	4.53669687066412E-12	6.14844647921322E-11	34.7009511206919	1E10	1E-30	1E-10	1E10	1E-30	1E-10	1E10	1E-30	1E-10	1E10	1E-30	1E-10	1E10	1E-30	1E-10	1E10	1E-30	1E-10
363	3.995266196208E-09	1E10	1E10	1E-30	2.68993863164207E-10	1E10	1E-30	1E10	1.08769199797355E-02	1E-30	5.84360567681568E-11	0.18969328605319	1E-30	9.20551357047367E-12	0.116816040396613	1E-30	3.98240508160921E-11	1.57481653571959E-02	1E-30	1.15725525092151E-10	7.0405171828484E-03	1E-30	2.06360913355606E-10	1.68354675513775E-03	4.5735865213901E-08	8.19450604707623E-12	0.116055624837415	6.35595467686342E-09	2.39056547202325E-11	0.29481824584714	1.98795700887406E-12	1.3976422876054E-10	105.28084900493	1E10	1E-30	1E-10	1E10	1E-30	1E-10	1E10	1E-30	1E-10	1E10	1E-30	1E-10	1E10	1E-30	1E-10	1E10	1E-30	1E-10	1E10	1E-30	1E-10
364	3.995266196208E-09	1E10	1E11	1E-30	2.68993863164207E-10	1E10	1E-30	1E10	1.08769199797355E-02	1E-30	5.84360567681568E-11	0.18969328605319	1E-30	9.20551357047367E-12	0.116816040396613	1E-30	3.98240508160921E-11	1.57481653571959E-02	1E-30	1.15725525092151E-10	7.0405171828484E-03	1E-30	2.06360913355606E-10	1.68354675513775E-03	4.5735865213901E-08	8.19450604707623E-12	0.116055624837415	6.35595467686342E-09	2.39056547202325E-11	0.29481824584714	1.98795700887406E-12	1.3976422876054E-10	105.28084900493	1E10	1E-30	1E-10	1E10	1E-30	1E-10	1E10	1E-30	1E-10	1E10	1E-30	1E-10	1E10	1E-30	1E-10	1E10	1E-30	1E-10	1E10	1E-30	1E-10
365	3.995266196208E-09	1E10	1E10	1E-30	2.68993863164207E-10	1E10	1E-30	1E10	1.08769199797355E-02	1E-30	5.84360567681568E-11	0.18969328605319	1E-30	9.20551357047367E-12	0.116816040396613	1E-30	3.98240508160921E-11	1.57481653571959E-02	1E-30	1.15725525092151E-10	7.0405171828484E-03	1E-30	2.06360913355606E-10	1.68354675513775E-03	4.5735865213901E-08	8.19450604707623E-12	0.116055624837415	6.35595467686342E-09	2.39056547202325E-11	0.29481824584714	1.98795700887406E-12	1.3976422876054E-10	105.28084900493	1E10	1E-30	1E-10	1E10	1E-30	1E-10	1E10	1E-30	1E-10	1E10	1E-30	1E-10	1E10	1E-30	1E-10	1E10	1E-30	1E-10	1E10	1E-30	1E-10
366	3.995266196208E-09	1E10	1E11	1E-30	2.68993863164207E-10	1E10	1E-30	1E10	1.08769199797355E-02	1E-30	5.84360567681568E-11	0.18969328605319	1E-30	9.20551357047367E-12	0.116816040396613	1E-30	3.98240508160921E-11	1.57481653571959E-02	1E-30	1.15725525092151E-10	7.0405171828484E-03	1E-30	2.06360913355606E-10	1.68354675513775E-03	4.5735865213901E-08	8.19450604707623E-12	0.116055624837415	6.35595467686342E-09	2.39056547202325E-11	0.29481824584714	1.98795700887406E-12	1.3976422876054E-10	105.28084900493	1E10	1E-30	1E-10	1E10	1E-30	1E-10	1E10	1E-30	1E-10	1E10	1E-30	1E-10	1E10	1E-30	1E-10	1E10	1E-30	1E-10	1E10	1E-30	1E-10
367	4.29042192454722E-09	1E10	1E10	1E-30	1.71233948431972E-10	1E10	1E-30	1E10	7.01930565607984E-03	1E-30	4.85821211315696E-11	0.302892917133457	1E-30	8.65318379308546E-11	2.22483665125037E-02	1E-30	2.12524352861158E-10	4.22268292950123E-03	2.58872922574177E-08	1.69313498814675E-11	9.87390672316588E-02	5.44503603809267E-09	3.17852842338596E-11	0.296464707119053	4.34868050032453E-09	1.09190890040511E-11	0.102486481442249	7.25445194946349E-13	2.86627533269538E-10	376.981891799666	1E10	1E-30	1E-10	1E10	1E-30	1E-10	1E10	1E-30	1E-10	1E10	1E-30	1E-10	1E10	1E-30	1E-10	1E10	1E-30	1E-10	1E10	1E-30	1E-10	1E10	1E-30	1E-10
368	4.29042192454722E-09	1E10	1E10	1E-30	1.71233948431972E-10	1E10	1E-30	1E10	7.01930565607984E-03	1E-30	4.85821211315696E-11	0.302892917133457	1E-30	8.65318379308546E-11	2.22483665125037E-02	1E-30	2.12524352861158E-10	4.22268292950123E-03	2.58872922574177E-08	1.69313498814675E-11	9.87390672316588E-02	5.44503603809267E-09	3.17852842338596E-11	0.296464707119053	4.34868050032453E-09	1.09190890040511E-11	0.102486481442249	7.25445194946349E-13	2.86627533269538E-10	376.981891799666	1E10	1E-30	1E-10	1E10	1E-30	1E-10	1E10	1E-30	1E-10	1E10	1E-30	1E-10	1E10	1E-30	1E-10	1E10	1E-30	1E-10	1E10	1E-30	1E-10	1E10	1E-30	1E-10
369	4.29042192454722E-09	1E10	1E11	1E-30	1.71233948431972E-10	1E10	1E-30	1E10	7.01930565607984E-03	1E-30	4.85821211315696E-11	0.302892917133457	1E-30	8.65318379308546E-11	2.22483665125037E-02	1E-30	2.12524352861158E-10	4.22268292950123E-03	2.58872922574177E-08	1.69313498814675E-11	9.87390672316588E-02	5.44503603809267E-09	3.17852842338596E-11	0.296464707119053	4.34868050032453E-09	1.09190890040511E-11	0.102486481442249	7.25445194946349E-13	2.86627533269538E-10	376.981891799666	1E10	1E-30	1E-10	1E10	1E-30	1E-10	1E10	1E-30	1E-10	1E10	1E-30	1E-10	1E10	1E-30	1E-10	1E10	1E-30	1E-10	1E10	1E-30	1E-10	1E10	1E-30	1E-10
370	4.29042192454722E-09	1E10	1E11	1E-30	1.71233948431972E-10	1E10	1E-30	1E10	7.01930565607984E-03	1E-30	4.85821211315696E-11	0.302892917133457	1E-30	8.65318379308546E-11	2.22483665125037E-02	1E-30	2.12524352861158E-10	4.22268292950123E-03	2.58872922574177E-08	1.69313498814675E-11	9.87390672316588E-02	5.44503603809267E-09	3.17852842338596E-11	0.296464707119053	4.34868050032453E-09	1.09190890040511E-11	0.102486481442249	7.25445194946349E-13	2.86627533269538E-10	376.981891799666	1E10	1E-30	1E-10	1E10	1E-30	1E-10	1E10	1E-30	1E-10	1E10	1E-30	1E-10	1E10	1E-30	1E-10	1E10	1E-30	1E-10	1E10	1E-30	1E-10	1E10	1E-30	1E-10
371	4.46557022342397E-09	1E10	1E10	1E-30	2.24730755158594E-10	1E10	1E-30	1E10	6.88868157410815E-03	1E-30	5.4395487346763E-11	0.267426821037347	1E-30	5.49873716468623E-12	0.116824850559334	1E-30	6.34506499306163E-11	1.61040928868135E-02	1E-30	5.09655714957113E-10	3.5017880128897E-03	1E-30	1.33529579239375E-10	3.48737469689341E-03	3.26239719147793E-08	1.46886888472481E-11	0.125211229921475	7.30487001953024E-09	2.63652337857953E-11	0.275462094350246	5.45165330512555E-09	1.15312555254502E-11	7.91278163220135E-02	1.83941787738305E-12	1.56042216817064E-10	170.704391918798	1E10	1E-30	1E-10	1E10	1E-30	1E-10	1E10	1E-30	1E-10	1E10	1E-30	1E-10	1E10	1E-30	1E-10	1E10	1E-30	1E-10
372	4.46557022342397E-09	1E10	1E11	1E-30	2.24730755158594E-10	1E10	1E-30	1E10	6.88868157410815E-03	1E-30	5.4395487346763E-11	0.267426821037347	1E-30	5.49873716468623E-12	0.116824850559334	1E-30	6.34506499306163E-11	1.61040928868135E-02	1E-30	5.09655714957113E-10	3.5017880128897E-03	1E-30	1.33529579239375E-10	3.48737469689341E-03	3.26239719147793E-08	1.46886888472481E-11	0.125211229921475	7.30487001953024E-09	2.63652337857953E-11	0.275462094350246	5.45165330512555E-09	1.15312555254502E-11	7.91278163220135E-02	1.83941787738305E-12	1.56042216817064E-10	170.704391918798	1E10	1E-30	1E-10	1E10	1E-30	1E-10	1E10	1E-30	1E-10	1E10	1E-30	1E-10	1E10	1E-30	1E-10	1E10	1E-30	1E-10
373	4.46557022342397E-09	1E10	1E10	1E-30	2.24730755158594E-10	1E10	1E-30	1E10	6.88868157410815E-03	1E-30	5.4395487346763E-11	0.267426821037347	1E-30	5.49873716468623E-12	0.116824850559334	1E-30	6.34506499306163E-11	1.61040928868135E-02	1E-30	5.09655714957113E-10	3.5017880128897E-03	1E-30	1.33529579239375E-10	3.48737469689341E-03	3.26239719147793E-08	1.46886888472481E-11	0.125211229921475	7.30487001953024E-09	2.63652337857953E-11	0.275462094350246	5.45165330512555E-09	1.15312555254502E-11	7.91278163220135E-02	1.83941787738305E-12	1.56042216817064E-10	170.704391918798	1E10	1E-30	1E-10	1E10	1E-30	1E-10	1E10	1E-30	1E-10	1E10	1E-30	1E-10	1E10	1E-30	1E-10	1E10	1E-30	1E-10
374	4.46557022342397E-09	1E10	1E11	1E-30	2.24730755158594E-10	1E10	1E-30	1E10	6.88868157410815E-03	1E-30	5.4395487346763E-11	0.267426821037347	1E-30	5.49873716468623E-12	0.116824850559334	1E-30	6.34506499306163E-11	1.61040928868135E-02	1E-30	5.09655714957113E-10	3.5017880128897E-03	1E-30	1.33529579239375E-10	3.48737469689341E-03	3.26239719147793E-08	1.46886888472481E-11	0.125211229921475	7.30487001953024E-09	2.63652337857953E-11	0.275462094350246	5.45165330512555E-09	1.15312555254502E-11	7.91278163220135E-02	1.83941787738305E-12	1.56042216817064E-10	170.704391918798	1E10	1E-30	1E-10	1E10	1E-30	1E-10	1E10	1E-30	1E-10	1E10	1E-30	1E-10	1E10	1E-30	1E-10	1E10	1E-30	1E-10
375	4.6641682872423E-09	1E10	1E10	1E-30	7.12174721082E-12	1E10	1E-30	1E10	3.89038448269459E-03	1E-30	7.19682492075361E-11	0.280239941652984	1E-30	6.87188298336065E-11	1.73535031453653E-02	1E-30	8.35231052134793E-10	7.27241563912251E-03	4.1517603594759E-08	1.17134529146033E-11	9.55224263849178E-02	7.74965659195419E-09	2.586371214893E-11	0.251877206441895	5.25480900007158E-13	4.32740601467365E-10	1166.44128848289	1E10	1E-30	1E-10	1E10	1E-30	1E-10	1E10	1E-30	1E-10	1E10	1E-30	1E-10	1E10	1E-30	1E-10	1E10	1E-30	1E-10	1E10	1E-30	1E-10	1E10	1E-30	1E-10	1E10	1E-30	1E-10
376	4.6641682872423E-09	1E10	1E10	1E-30	7.12174721082E-12	1E10	1E-30	1E10	3.89038448269459E-03	1E-30	7.19682492075361E-11	0.280239941652984	1E-30	6.87188298336065E-11	1.73535031453653E-02	1E-30	8.35231052134793E-10	7.27241563912251E-03	4.1517603594759E-08	1.17134529146033E-11	9.55224263849178E-02	7.74965659195419E-09	2.586371214893E-11	0.251877206441895	5.25480900007158E-13	4.32740601467365E-10	1166.44128848289	1E10	1E-30	1E-10	1E10	1E-30	1E-10	1E10	1E-30	1E-10	1E10	1E-30	1E-10	1E10	1E-30	1E-10	1E10	1E-30	1E-10	1E10	1E-30	1E-10	1E10	1E-30	1E-10	1E10	1E-30	1E-10
377	4.6641682872423E-09	1E10	1E11	1E-30	7.12174721082E-12	1E10	1E-30	1E10	3.89038448269459E-03	1E-30	7.19682492075361E-11	0.280239941652984	1E-30	6.87188298336065E-11	1.73535031453653E-02	1E-30	8.35231052134793E-10	7.27241563912251E-03	4.1517603594759E-08	1.17134529146033E-11	9.55224263849178E-02	7.74965659195419E-09	2.586371214893E-11	0.251877206441895	5.25480900007158E-13	4.32740601467365E-10	1166.44128848289	1E10	1E-30	1E-10	1E10	1E-30	1E-10	1E10	1E-30	1E-10	1E10	1E-30	1E-10	1E10	1E-30	1E-10	1E10	1E-30	1E-10	1E10	1E-30	1E-10	1E10	1E-30	1E-10	1E10	1E-30	1E-10
378	4.6641682872423E-09	1E10	1E11	1E-30	7.12174721082E-12	1E10	1E-30	1E10	3.89038448269459E-03	1E-30	7.19682492075361E-11	0.280239941652984	1E-30	6.87188298336065E-11	1.73535031453653E-02	1E-30	8.35231052134793E-10	7.27241563912251E-03	4.1517603594759E-08	1.17134529146033E-11	9.55224263849178E-02	7.74965659195419E-09	2.586371214893E-11	0.251877206441895	5.25480900007158E-13	4.32740601467365E-10	1166.44128848289	1E10	1E-30	1E-10	1E10	1E-30	1E-10	1E10	1E-30	1E-10	1E10	1E-30	1E-10	1E10	1E-30	1E-10	1E10	1E-30	1E-10	1E10	1E-30	1E-10	1E10	1E-30	1E-10	1E10	1E-30	1E-10
379	4.64351854598502E-09	1E10	1E10	1E-30	2.79892975055861E-10	1E10	1E-30	1E10	7.31739563182951E-03	1E-30	5.29681461289415E-11	0.277989020620668	1E-30	6.42133262869933E-12	0.171750274606059	1E-30	6.90396459643129E-11	1.79906176947978E-02	1E-30	5.16828362289922E-10	3.41800145686369E-03	1E-30	1.1362853375215E-10	2.80032411519755E-03	3.39456049735805E-08	1.41113509047414E-11	0.109055778003262	8.17138128433718E-09	2.45006771902472E-11	0.253409170498782	5.07884797477577E-09	1.13652298829171E-11	7.77682100423179E-02	1.7351444341921E-12	1.30384879868749E-10	99.8623730945847	1E10	1E-30	1E-10	1E10	1E-30	1E-10	1E10	1E-30	1E-10	1E10	1E-30	1E-10	1E10	1E-30	1E-10	1E10	1E-30	1E-10
380	4.64351854598502E-09	1E10	1E11	1E-30	2.79892975055861E-10	1E10	1E-30	1E10	7.31739563182951E-03	1E-30	5.29681461289415E-11	0.277989020620668	1E-30	6.42133262869933E-12	0.171750274606059	1E-30	6.90396459643129E-11	1.79906176947978E-02	1E-30	5.16828362289922E-10	3.41800145686369E-03	1E-30	1.1362853375215E-10	2.80032411519755E-03	3.39456049735805E-08	1.41113509047414E-11	0.109055778003262	8.17138128433718E-09	2.45006771902472E-11	0.253409170498782	5.07884797477577E-09	1.13652298829171E-11	7.77682100423179E-02	1.7351444341921E-12	1.30384879868749E-10	99.8623730945847	1E10	1E-30	1E-10	1E10	1E-30	1E-10	1E10	1E-30	1E-10	1E10	1E-30	1E-10	1E10	1E-30	1E-10	1E10	1E-30	1E-10
381	4.64351854598502E-09	1E10	1E10	1E-30	2.79892975055861E-10	1E10	1E-30	1E10	7.31739563182951E-03	1E-30	5.29681461289415E-11	0.277989020620668	1E-30	6.42133262869933E-12	0.171750274606059	1E-30	6.90396459643129E-11	1.79906176947978E-02	1E-30	5.16828362289922E-10	3.41800145686369E-03	1E-30	1.1362853375215E-10	2.80032411519755E-03	3.39456049735805E-08	1.41113509047414E-11	0.109055778003262	8.17138128433718E-09	2.45006771902472E-11	0.253409170498782	5.07884797477577E-09	1.13652298829171E-11	7.77682100423179E-02	1.7351444341921E-12	1.30384879868749E-10	99.8623730945847	1E10	1E-30	1E-10	1E10	1E-30	1E-10	1E10	1E-30	1E-10	1E10	1E-30	1E-10	1E10	1E-30	1E-10	1E10	1E-30	1E-10
382	4.64351854598502E-09	1E10	1E11	1E-30	2.79892975055861E-10	1E10	1E-30	1E10	7.31739563182951E-03	1E-30	5.29681461289415E-11	0.277989020620668	1E-30	6.42133262869933E-12	0.171750274606059	1E-30	6.90396459643129E-11	1.79906176947978E-02	1E-30	5.16828362289922E-10	3.41800145686369E-03	1E-30	1.1362853375215E-10	2.80032411519755E-03	3.39456049735805E-08	1.41113509047414E-11	0.109055778003262	8.17138128433718E-09	2.45006771902472E-11	0.253409170498782	5.07884797477577E-09	1.13652298829171E-11	7.77682100423179E-02	1.7351444341921E-12	1.30384879868749E-10	99.8623730945847	1E10	1E-30	1E-10	1E10	1E-30	1E-10	1E10	1E-30	1E-10	1E10	1E-30	1E-10	1E10	1E-30	1E-10	1E10	1E-30	1E-10
383	4.8133360572868E-09	1E10	1E10	1E-30	2.08348557691567E-10	1E10	1E-30	1E10	9.88161839566647E-02	7.32818837893716E-07	1E10	2970.28178364552	1.1184976618237E-06	1E10	439.336870141331	7.93096329376306E-07	1E10	121.0034218178	6.03947771038005E-07	1E10	20.5493293028231	4.43037680986893E-07	1E10	2.49906241865027	3.44520770190345E-07	1E10	0.375495487462133	1.53146545496165E-07	1E10	0.09292509727508	3.3399835956431E-06	1E10	1.04735458302909E-02	1E-30	9.41761587091332E-11	0.377762532021564	2.47425951074867E-08	1.79129415894852E-11	0.059032143102315	9.92129313799811E-09	1.85777813169621E-11	0.100945068099169	5.01356467578169E-12	1.28893381910487E-10	12.5062569468289	9.31153832815571E-12	3.96912671645611E-11	8.6380039790533	1E10	1E-30	1E-10	1E10	1E-30	1E-10
384	4.8133360572868E-09	1E10	1E10	1E-30	2.08348557691567E-10	1E10	1E-30	1E10	9.88161839566647E-02	7.32818837893716E-07	1E10	2970.28178364552	1.1184976618237E-06	1E10	439.336870141331	7.93096329376306E-07	1E10	121.0034218178	6.03947771038005E-07	1E10	20.5493293028231	4.43037680986893E-07	1E10	2.49906241865027	3.44520770190345E-07	1E10	0.375495487462133	1.53146545496165E-07	1E10	0.09292509727508	3.3399835956431E-06	1E10	1.04735458302909E-02	1E-30	9.41761587091332E-11	0.377762532021564	2.47425951074867E-08	1.79129415894852E-11	0.059032143102315	9.92129313799811E-09	1.85777813169621E-11	0.100945068099169	5.01356467578169E-12	1.28893381910487E-10	12.5062569468289	9.31153832815571E-12	3.96912671645611E-11	8.6380039790533	1E10	1E-30	1E-10	1E10	1E-30	1E-10
385	4.8602837979837E-09	1E10	1E10	1E-30	1.9E-10	1E10	1E-30	1E10	0.081023689820868	5.11524578152779E-07	1E10	4689.4978824725	6.03624884433565E-07	1E10	289.152095557255	5.86512602680217E-07	1E10	27.613810748974	4.4370296141458E-07	1E10	3.22579337202651	3.52672568274273E-07	1E10	0.476822995878168	2.5514290512006E-07	1E10	0.109381878198691	9.00476216047631E-08	1E10	0.048593671495402	1E-30	9.02091652866461E-11	0.445135054081928	4.03376702261488E-08	1.2974304622923E-11	4.43876183167152E-02	4.98236449494868E-09	4.39791603085478E-11	0.132180650166999	6.92813841176913E-11	4.66345343959538E-11	1.031850573059	2.83982030852873E-12	1.19974402708194E-10	15.377956648409	1E10	1E-30	1E-10	1E10	1E-30	1E-10	1E10	1E-30	1E-10
386	4.8602837979837E-09	1E10	1E10	1E-30	1.9E-10	1E10	1E-30	1E10	0.081023689820868	5.11524578152779E-07	1E10	4689.4978824725	6.03624884433565E-07	1E10	289.152095557255	5.86512602680217E-07	1E10	27.613810748974	4.4370296141458E-07	1E10	3.22579337202651	3.52672568274273E-07	1E10	0.476822995878168	2.5514290512006E-07	1E10	0.109381878198691	9.00476216047631E-08	1E10	0.048593671495402	1E-30	9.02091652866461E-11	0.445135054081928	4.03376702261488E-08	1.2974304622923E-11	4.43876183167152E-02	4.98236449494868E-09	4.39791603085478E-11	0.132180650166999	6.92813841176913E-11	4.66345343959538E-11	1.031850573059	2.83982030852873E-12	1.19974402708194E-10	15.377956648409	1E10	1E-30	1E-10	1E10	1E-30	1E-10	1E10	1E-30	1E-10
387	4.8602837979837E-09	1E10	1E10	1E-30	1.9E-10	1E10	1E-30	1E10	0.081023689820868	5.11524578152779E-07	1E10	4689.4978824725	6.03624884433565E-07	1E10	289.152095557255	5.86512602680217E-07	1E10	27.613810748974	4.4370296141458E-07	1E10	3.22579337202651	3.52672568274273E-07	1E10	0.476822995878168	2.5514290512006E-07	1E10	0.109381878198691	9.00476216047631E-08	1E10	0.048593671495402	1E-30	9.02091652866461E-11	0.445135054081928	4.03376702261488E-08	1.2974304622923E-11	4.43876183167152E-02	4.98236449494868E-09	4.39791603085478E-11	0.132180650166999	6.92813841176913E-11	4.66345343959538E-11	1.031850573059	2.83982030852873E-12	1.19974402708194E-10	15.377956648409	1E10	1E-30	1E-10	1E10	1E-30	1E-10	1E10	1E-30	1E-10
388	4.8602837979837E-09	1E10	1E10	1E-30	1.9E-10	1E10	1E-30	1E10	0.081023689820868	5.11524578152779E-07	1E10	4689.4978824725	6.03624884433565E-07	1E10	289.152095557255	5.86512602680217E-07	1E10	27.613810748974	4.4370296141458E-07	1E10	3.22579337202651	3.52672568274273E-07	1E10	0.476822995878168	2.5514290512006E-07	1E10	0.109381878198691	9.00476216047631E-08	1E10	0.048593671495402	1E-30	9.02091652866461E-11	0.445135054081928	4.03376702261488E-08	1.2974304622923E-11	4.43876183167152E-02	4.98236449494868E-09	4.39791603085478E-11	0.132180650166999	6.92813841176913E-11	4.66345343959538E-11	1.031850573059	2.83982030852873E-12	1.19974402708194E-10	15.377956648409	1E10	1E-30	1E-10	1E10	1E-30	1E-10	1E10	1E-30	1E-10
389	5.16724762688399E-09	1E10	1E10	1E-30	4.31542978593045E-11	1E10	1E-30	1E10	4.24204853636241E-03	1E-30	6.45225995830165E-11	0.266604726897761	1E-30	8.25889701819024E-11	1.71027300310123E-02	1E-30	8.35279047778398E-10	6.43938721384152E-03	3.96190303290183E-08	1.3642497296258E-11	0.102182497231987	8.05488339547009E-09	2.78943073720873E-11	0.258690263446773	5.95002827558362E-13	3.84091411022133E-10	681.404334781478	1E10	1E-30	1E-10	1E10	1E-30	1E-10	1E10	1E-30	1E-10	1E10	1E-30	1E-10	1E10	1E-30	1E-10	1E10	1E-30	1E-10	1E10	1E-30	1E-10	1E10	1E-30	1E-10	1E10	1E-30	1E-10
390	5.16724762688399E-09	1E10	1E10	1E-30	4.31542978593045E-11	1E10	1E-30	1E10	4.24204853636241E-03	1E-30	6.45225995830165E-11	0.266604726897761	1E-30	8.25889701819024E-11	1.71027300310123E-02	1E-30	8.35279047778398E-10	6.43938721384152E-03	3.96190303290183E-08	1.3642497296258E-11	0.102182497231987	8.05488339547009E-09	2.78943073720873E-11	0.258690263446773	5.95002827558362E-13	3.84091411022133E-10	681.404334781478	1E10	1E-30	1E-10	1E10	1E-30	1E-10	1E10	1E-30	1E-10	1E10	1E-30	1E-10	1E10	1E-30	1E-10	1E10	1E-30	1E-10	1E10	1E-30	1E-10	1E10	1E-30	1E-10	1E10	1E-30	1E-10
391	5.16724762688399E-09	1E10	1E11	1E-30	4.31542978593045E-11	1E10	1E-30	1E10	4.24204853636241E-03	1E-30	6.45225995830165E-11	0.266604726897761	1E-30	8.25889701819024E-11	1.71027300310123E-02	1E-30	8.35279047778398E-10	6.43938721384152E-03	3.96190303290183E-08	1.3642497296258E-11	0.102182497231987	8.05488339547009E-09	2.78943073720873E-11	0.258690263446773	5.95002827558362E-13	3.84091411022133E-10	681.404334781478	1E10	1E-30	1E-10	1E10	1E-30	1E-10	1E10	1E-30	1E-10	1E10	1E-30	1E-10	1E10	1E-30	1E-10	1E10	1E-30	1E-10	1E10	1E-30	1E-10	1E10	1E-30	1E-10	1E10	1E-30	1E-10
392	5.16724762688399E-09	1E10	1E11	1E-30	4.31542978593045E-11	1E10	1E-30	1E10	4.24204853636241E-03	1E-30	6.45225995830165E-11	0.266604726897761	1E-30	8.25889701819024E-11	1.71027300310123E-02	1E-30	8.35279047778398E-10	6.43938721384152E-03	3.96190303290183E-08	1.3642497296258E-11	0.102182497231987	8.05488339547009E-09	2.78943073720873E-11	0.258690263446773	5.95002827558362E-13	3.84091411022133E-10	681.404334781478	1E10	1E-30	1E-10	1E10	1E-30	1E-10	1E10	1E-30	1E-10	1E10	1E-30	1E-10	1E10	1E-30	1E-10	1E10	1E-30	1E-10	1E10	1E-30	1E-10	1E10	1E-30	1E-10	1E10	1E-30	1E-10
393	5.57295711407749E-09	1E10	1E10	1E-30	1.21884977071849E-10	1E10	1E-30	1E10	6.4940095261041E-03	1E-30	4.82516532164918E-11	0.259722996488666	1E-30	6.47664734271672E-11	2.78376060815481E-02	1E-30	1.05186090725316E-10	5.27023889251125E-03	1E-30	6.06561636235164E-10	2.90603502327548E-03	4.03768268663979E-08	1.46160064652351E-11	0.113099676930048	9.87322662193175E-09	2.62870521601471E-11	0.227875032932348	4.83317437694908E-09	1.52383528665781E-11	7.93185836513148E-02	6.65116915887896E-13	2.93907907932155E-10	241.472919907513	1E10	1E-30	1E-10	1E10	1E-30	1E-10	1E10	1E-30	1E-10	1E10	1E-30	1E-10	1E10	1E-30	1E-10	1E10	1E-30	1E-10	1E10	1E-30	1E-10
394	5.57295711407749E-09	1E10	1E10	1E-30	1.21884977071849E-10	1E10	1E-30	1E10	6.4940095261041E-03	1E-30	4.82516532164918E-11	0.259722996488666	1E-30	6.47664734271672E-11	2.78376060815481E-02	1E-30	1.05186090725316E-10	5.27023889251125E-03	1E-30	6.06561636235164E-10	2.90603502327548E-03	4.03768268663979E-08	1.46160064652351E-11	0.113099676930048	9.87322662193175E-09	2.62870521601471E-11	0.227875032932348	4.83317437694908E-09	1.52383528665781E-11	7.93185836513148E-02	6.65116915887896E-13	2.93907907932155E-10	241.472919907513	1E10	1E-30	1E-10	1E10	1E-30	1E-10	1E10	1E-30	1E-10	1E10	1E-30	1E-10	1E10	1E-30	1E-10	1E10	1E-30	1E-10	1E10	1E-30	1E-10
395	5.57295711407749E-09	1E10	1E11	1E-30	1.21884977071849E-10	1E10	1E-30	1E10	6.4940095261041E-03	1E-30	4.82516532164918E-11	0.259722996488666	1E-30	6.47664734271672E-11	2.78376060815481E-02	1E-30	1.05186090725316E-10	5.27023889251125E-03	1E-30	6.06561636235164E-10	2.90603502327548E-03	4.03768268663979E-08	1.46160064652351E-11	0.113099676930048	9.87322662193175E-09	2.62870521601471E-11	0.227875032932348	4.83317437694908E-09	1.52383528665781E-11	7.93185836513148E-02	6.65116915887896E-13	2.93907907932155E-10	241.472919907513	1E10	1E-30	1E-10	1E10	1E-30	1E-10	1E10	1E-30	1E-10	1E10	1E-30	1E-10	1E10	1E-30	1E-10	1E10	1E-30	1E-10	1E10	1E-30	1E-10
396	5.57295711407749E-09	1E10	1E11	1E-30	1.21884977071849E-10	1E10	1E-30	1E10	6.4940095261041E-03	1E-30	4.82516532164918E-11	0.259722996488666	1E-30	6.47664734271672E-11	2.78376060815481E-02	1E-30	1.05186090725316E-10	5.27023889251125E-03	1E-30	6.06561636235164E-10	2.90603502327548E-03	4.03768268663979E-08	1.46160064652351E-11	0.113099676930048	9.87322662193175E-09	2.62870521601471E-11	0.227875032932348	4.83317437694908E-09	1.52383528665781E-11	7.93185836513148E-02	6.65116915887896E-13	2.93907907932155E-10	241.472919907513	1E10	1E-30	1E-10	1E10	1E-30	1E-10	1E10	1E-30	1E-10	1E10	1E-30	1E-10	1E10	1E-30	1E-10	1E10	1E-30	1E-10	1E10	1E-30	1E-10
397	5.40109882665727E-09	1E10	1E10	1E-30	2.6505630721085E-10	1E10	1E-30	1E10	7.76485102783748E-03	1E-30	5.07842835737266E-11	0.273355324119554	1E-30	4.41517550129107E-12	6.57638357931873E-02	1E-30	6.36727260379501E-11	1.88948340987599E-02	1E-30	1.4502948203607E-10	3.08471818029073E-03	1E-30	1.38175114830777E-10	1.09169188586574E-03	4.04597932779753E-08	1.51498968869975E-11	0.160046727906619	8.88776907027107E-09	2.97483005516447E-11	0.241559305781413	5.35604525873881E-09	1.45057261649515E-11	9.01544897014922E-02	2.06817201564167E-12	1.19943358514732E-10	123.922696914622	1E10	1E-30	1E-10	1E10	1E-30	1E-10	1E10	1E-30	1E-10	1E10	1E-30	1E-10	1E10	1E-30	1E-10	1E10	1E-30	1E-10
398	5.40109882665727E-09	1E10	1E11	1E-30	2.6505630721085E-10	1E10	1E-30	1E10	7.76485102783748E-03	1E-30	5.07842835737266E-11	0.273355324119554	1E-30	4.41517550129107E-12	6.57638357931873E-02	1E-30	6.36727260379501E-11	1.88948340987599E-02	1E-30	1.4502948203607E-10	3.08471818029073E-03	1E-30	1.38175114830777E-10	1.09169188586574E-03	4.04597932779753E-08	1.51498968869975E-11	0.160046727906619	8.88776907027107E-09	2.97483005516447E-11	0.241559305781413	5.35604525873881E-09	1.45057261649515E-11	9.01544897014922E-02	2.06817201564167E-12	1.19943358514732E-10	123.922696914622	1E10	1E-30	1E-10	1E10	1E-30	1E-10	1E10	1E-30	1E-10	1E10	1E-30	1E-10	1E10	1E-30	1E-10	1E10	1E-30	1E-10
399	5.40109882665727E-09	1E10	1E10	1E-30	2.6505630721085E-10	1E10	1E-30	1E10	7.76485102783748E-03	1E-30	5.07842835737266E-11	0.273355324119554	1E-30	4.41517550129107E-12	6.57638357931873E-02	1E-30	6.36727260379501E-11	1.88948340987599E-02	1E-30	1.4502948203607E-10	3.08471818029073E-03	1E-30	1.38175114830777E-10	1.09169188586574E-03	4.04597932779753E-08	1.51498968869975E-11	0.160046727906619	8.88776907027107E-09	2.97483005516447E-11	0.241559305781413	5.35604525873881E-09	1.45057261649515E-11	9.01544897014922E-02	2.06817201564167E-12	1.19943358514732E-10	123.922696914622	1E10	1E-30	1E-10	1E10	1E-30	1E-10	1E10	1E-30	1E-10	1E10	1E-30	1E-10	1E10	1E-30	1E-10	1E10	1E-30	1E-10
400	5.40109882665727E-09	1E10	1E11	1E-30	2.6505630721085E-10	1E10	1E-30	1E10	7.76485102783748E-03	1E-30	5.07842835737266E-11	0.273355324119554	1E-30	4.41517550129107E-12	6.57638357931873E-02	1E-30	6.36727260379501E-11	1.88948340987599E-02	1E-30	1.4502948203607E-10	3.08471818029073E-03	1E-30	1.38175114830777E-10	1.09169188586574E-03	4.04597932779753E-08	1.51498968869975E-11	0.160046727906619	8.88776907027107E-09	2.97483005516447E-11	0.241559305781413	5.35604525873881E-09	1.45057261649515E-11	9.01544897014922E-02	2.06817201564167E-12	1.19943358514732E-10	123.922696914622	1E10	1E-30	1E-10	1E10	1E-30	1E-10	1E10	1E-30	1E-10	1E10	1E-30	1E-10	1E10	1E-30	1E-10	1E10	1E-30	1E-10
401	6.07545222365042E-09	1E10	1E10	1E-30	1.13835633375706E-10	1E10	1E-30	1E10	6.19383751381289E-03	1E-30	4.76577617024793E-11	0.243708510083444	1E-30	5.38010125443266E-11	2.77830759195821E-02	1E-30	9.07063017404512E-11	4.63049410058354E-03	1E-30	5.48303238004266E-10	3.06684054424246E-03	4.40302846767499E-08	1.55491016142463E-11	0.105679172071769	9.82174480310784E-09	2.89244231466095E-11	0.242626114433953	5.64755793222539E-09	1.46446980633464E-11	9.25830520501633E-02	7.69724441214581E-13	2.8371575960592E-10	343.3788117736	1E10	1E-30	1E-10	1E10	1E-30	1E-10	1E10	1E-30	1E-10	1E10	1E-30	1E-10	1E10	1E-30	1E-10	1E10	1E-30	1E-10	1E10	1E-30	1E-10
402	6.07545222365042E-09	1E10	1E10	1E-30	1.13835633375706E-10	1E10	1E-30	1E10	6.19383751381289E-03	1E-30	4.76577617024793E-11	0.243708510083444	1E-30	5.38010125443266E-11	2.77830759195821E-02	1E-30	9.07063017404512E-11	4.63049410058354E-03	1E-30	5.48303238004266E-10	3.06684054424246E-03	4.40302846767499E-08	1.55491016142463E-11	0.105679172071769	9.82174480310784E-09	2.89244231466095E-11	0.242626114433953	5.64755793222539E-09	1.46446980633464E-11	9.25830520501633E-02	7.69724441214581E-13	2.8371575960592E-10	343.3788117736	1E10	1E-30	1E-10	1E10	1E-30	1E-10	1E10	1E-30	1E-10	1E10	1E-30	1E-10	1E10	1E-30	1E-10	1E10	1E-30	1E-10	1E10	1E-30	1E-10
403	6.07545222365042E-09	1E10	1E11	1E-30	1.13835633375706E-10	1E10	1E-30	1E10	6.19383751381289E-03	1E-30	4.76577617024793E-11	0.243708510083444	1E-30	5.38010125443266E-11	2.77830759195821E-02	1E-30	9.07063017404512E-11	4.63049410058354E-03	1E-30	5.48303238004266E-10	3.06684054424246E-03	4.40302846767499E-08	1.55491016142463E-11	0.105679172071769	9.82174480310784E-09	2.89244231466095E-11	0.242626114433953	5.64755793222539E-09	1.46446980633464E-11	9.25830520501633E-02	7.69724441214581E-13	2.8371575960592E-10	343.3788117736	1E10	1E-30	1E-10	1E10	1E-30	1E-10	1E10	1E-30	1E-10	1E10	1E-30	1E-10	1E10	1E-30	1E-10	1E10	1E-30	1E-10	1E10	1E-30	1E-10
404	6.07545222365042E-09	1E10	1E11	1E-30	1.13835633375706E-10	1E10	1E-30	1E10	6.19383751381289E-03	1E-30	4.76577617024793E-11	0.243708510083444	1E-30	5.38010125443266E-11	2.77830759195821E-02	1E-30	9.07063017404512E-11	4.63049410058354E-03	1E-30	5.48303238004266E-10	3.06684054424246E-03	4.40302846767499E-08	1.55491016142463E-11	0.105679172071769	9.82174480310784E-09	2.89244231466095E-11	0.242626114433953	5.64755793222539E-09	1.46446980633464E-11	9.25830520501633E-02	7.69724441214581E-13	2.8371575960592E-10	343.3788117736	1E10	1E-30	1E-10	1E10	1E-30	1E-10	1E10	1E-30	1E-10	1E10	1E-30	1E-10	1E10	1E-30	1E-10	1E10	1E-30	1E-10	1E10	1E-30	1E-10
405	6.76170555507716E-09	1E10	1E10	1E-30	1.56648907240221E-10	1E10	1E-30	1E10	5.4631149695809E-03	1E-30	5.64950326957026E-11	0.235718809670656	1E-30	6.88279876667496E-11	1.64416328050331E-02	1E-30	9.2064723899902E-11	3.12778363474161E-03	1E-30	3.70410640939306E-10	2.07182867601935E-03	4.2809455777431E-08	1.87812874875213E-11	0.128912026218585	1.11303070075623E-08	3.17055738533953E-11	0.237579931266292	8.16988559467857E-09	1.39535801082904E-11	9.37166316552027E-02	1.12332823282756E-12	2.2156007682425E-10	136.416585372302	1E10	1E-30	1E-10	1E10	1E-30	1E-10	1E10	1E-30	1E-10	1E10	1E-30	1E-10	1E10	1E-30	1E-10	1E10	1E-30	1E-10	1E10	1E-30	1E-10
406	6.76170555507716E-09	1E10	1E10	1E-30	1.56648907240221E-10	1E10	1E-30	1E10	5.4631149695809E-03	1E-30	5.64950326957026E-11	0.235718809670656	1E-30	6.88279876667496E-11	1.64416328050331E-02	1E-30	9.2064723899902E-11	3.12778363474161E-03	1E-30	3.70410640939306E-10	2.07182867601935E-03	4.2809455777431E-08	1.87812874875213E-11	0.128912026218585	1.11303070075623E-08	3.17055738533953E-11	0.237579931266292	8.16988559467857E-09	1.39535801082904E-11	9.37166316552027E-02	1.12332823282756E-12	2.2156007682425E-10	136.416585372302	1E10	1E-30	1E-10	1E10	1E-30	1E-10	1E10	1E-30	1E-10	1E10	1E-30	1E-10	1E10	1E-30	1E-10	1E10	1E-30	1E-10	1E10	1E-30	1E-10
407	6.76170555507716E-09	1E10	1E11	1E-30	1.56648907240221E-10	1E10	1E-30	1E10	5.4631149695809E-03	1E-30	5.64950326957026E-11	0.235718809670656	1E-30	6.88279876667496E-11	1.64416328050331E-02	1E-30	9.2064723899902E-11	3.12778363474161E-03	1E-30	3.70410640939306E-10	2.07182867601935E-03	4.2809455777431E-08	1.87812874875213E-11	0.128912026218585	1.11303070075623E-08	3.17055738533953E-11	0.237579931266292	8.16988559467857E-09	1.39535801082904E-11	9.37166316552027E-02	1.12332823282756E-12	2.2156007682425E-10	136.416585372302	1E10	1E-30	1E-10	1E10	1E-30	1E-10	1E10	1E-30	1E-10	1E10	1E-30	1E-10	1E10	1E-30	1E-10	1E10	1E-30	1E-10	1E10	1E-30	1E-10
408	6.76170555507716E-09	1E10	1E11	1E-30	1.56648907240221E-10	1E10	1E-30	1E10	5.4631149695809E-03	1E-30	5.64950326957026E-11	0.235718809670656	1E-30	6.88279876667496E-11	1.64416328050331E-02	1E-30	9.2064723899902E-11	3.12778363474161E-03	1E-30	3.70410640939306E-10	2.07182867601935E-03	4.2809455777431E-08	1.87812874875213E-11	0.128912026218585	1.11303070075623E-08	3.17055738533953E-11	0.237579931266292	8.16988559467857E-09	1.39535801082904E-11	9.37166316552027E-02	1.12332823282756E-12	2.2156007682425E-10	136.416585372302	1E10	1E-30	1E-10	1E10	1E-30	1E-10	1E10	1E-30	1E-10	1E10	1E-30	1E-10	1E10	1E-30	1E-10	1E10	1E-30	1E-10	1E10	1E-30	1E-10
409	6.83343560013318E-09	1E10	1E10	1E-30	5.17440319093354E-11	1E10	1E-30	1E10	6.55797628781541E-03	1E-30	4.15664755867811E-11	0.290117473607036	1E-30	6.32763183246005E-11	1.51157396151427E-02	1E-30	1.33555921614888E-10	2.48089265506088E-03	1E-30	2.92928570221682E-10	1.79862862953895E-03	4.2441644346098E-08	1.90716886684999E-11	0.162797252971239	1.15968134530622E-08	3.08372828506613E-11	0.239573947178782	4.95050693554785E-09	2.42906773637326E-11	0.122013157758044	6.2068317813798E-09	6.95856390801419E-12	0.058977757815741	1.11172486476576E-12	2.84608468932818E-10	439.882666574728	1E10	1E-30	1E-10	1E10	1E-30	1E-10	1E10	1E-30	1E-10	1E10	1E-30	1E-10	1E10	1E-30	1E-10	1E10	1E-30	1E-10
410	6.83343560013318E-09	1E10	1E11	1E-30	5.17440319093354E-11	1E10	1E-30	1E10	6.55797628781541E-03	1E-30	4.15664755867811E-11	0.290117473607036	1E-30	6.32763183246005E-11	1.51157396151427E-02	1E-30	1.33555921614888E-10	2.48089265506088E-03	1E-30	2.92928570221682E-10	1.79862862953895E-03	4.2441644346098E-08	1.90716886684999E-11	0.162797252971239	1.15968134530622E-08	3.08372828506613E-11	0.239573947178782	4.95050693554785E-09	2.42906773637326E-11	0.122013157758044	6.2068317813798E-09	6.95856390801419E-12	0.058977757815741	1.11172486476576E-12	2.84608468932818E-10	439.882666574728	1E10	1E-30	1E-10	1E10	1E-30	1E-10	1E10	1E-30	1E-10	1E10	1E-30	1E-10	1E10	1E-30	1E-10	1E10	1E-30	1E-10
411	6.83343560013318E-09	1E10	1E10	1E-30	5.17440319093354E-11	1E10	1E-30	1E10	6.55797628781541E-03	1E-30	4.15664755867811E-11	0.290117473607036	1E-30	6.32763183246005E-11	1.51157396151427E-02	1E-30	1.33555921614888E-10	2.48089265506088E-03	1E-30	2.92928570221682E-10	1.79862862953895E-03	4.2441644346098E-08	1.90716886684999E-11	0.162797252971239	1.15968134530622E-08	3.08372828506613E-11	0.239573947178782	4.95050693554785E-09	2.42906773637326E-11	0.122013157758044	6.2068317813798E-09	6.95856390801419E-12	0.058977757815741	1.11172486476576E-12	2.84608468932818E-10	439.882666574728	1E10	1E-30	1E-10	1E10	1E-30	1E-10	1E10	1E-30	1E-10	1E10	1E-30	1E-10	1E10	1E-30	1E-10	1E10	1E-30	1E-10
412	6.83343560013318E-09	1E10	1E11	1E-30	5.17440319093354E-11	1E10	1E-30	1E10	6.55797628781541E-03	1E-30	4.15664755867811E-11	0.290117473607036	1E-30	6.32763183246005E-11	1.51157396151427E-02	1E-30	1.33555921614888E-10	2.48089265506088E-03	1E-30	2.92928570221682E-10	1.79862862953895E-03	4.2441644346098E-08	1.90716886684999E-11	0.162797252971239	1.15968134530622E-08	3.08372828506613E-11	0.239573947178782	4.95050693554785E-09	2.42906773637326E-11	0.122013157758044	6.2068317813798E-09	6.95856390801419E-12	0.058977757815741	1.11172486476576E-12	2.84608468932818E-10	439.882666574728	1E10	1E-30	1E-10	1E10	1E-30	1E-10	1E10	1E-30	1E-10	1E10	1E-30	1E-10	1E10	1E-30	1E-10	1E10	1E-30	1E-10
413	7.0587998953499E-09	1E10	1E10	1E-30	2.68250006118638E-10	1E10	1E-30	1E10	8.74612924118761E-02	7.49958112665067E-07	1E10	2347.26345064196	9.43499866920783E-07	1E10	148.102311361246	9.09581997411083E-07	1E10	15.5082158258684	7.40133297483362E-07	1E10	2.0820432867773	6.1016283279299E-07	1E10	0.387486780631512	2.55780504499657E-07	1E10	0.106940255035284	1E-30	6.95878091600357E-11	0.326439736875257	6.69791702594225E-09	6.04031219057807E-11	0.110420021372873	5.25125352713927E-12	1.65396000649404E-10	13.9999907424398	7.2522802261917E-12	5.01332627515181E-11	7.03960355218192	1E10	1E-30	1E-10	1E10	1E-30	1E-10	1E10	1E-30	1E-10	1E10	1E-30	1E-10	1E10	1E-30	1E-10
414	7.0587998953499E-09	1E10	1E10	1E-30	2.68250006118638E-10	1E10	1E-30	1E10	8.74612924118761E-02	7.49958112665067E-07	1E10	2347.26345064196	9.43499866920783E-07	1E10	148.102311361246	9.09581997411083E-07	1E10	15.5082158258684	7.40133297483362E-07	1E10	2.0820432867773	6.1016283279299E-07	1E10	0.387486780631512	2.55780504499657E-07	1E10	0.106940255035284	1E-30	6.95878091600357E-11	0.326439736875257	6.69791702594225E-09	6.04031219057807E-11	0.110420021372873	5.25125352713927E-12	1.65396000649404E-10	13.9999907424398	7.2522802261917E-12	5.01332627515181E-11	7.03960355218192	1E10	1E-30	1E-10	1E10	1E-30	1E-10	1E10	1E-30	1E-10	1E10	1E-30	1E-10	1E10	1E-30	1E-10
415	6.81925036058287E-09	1E10	1E10	1E-30	9E-11	1E10	1E-30	1E10	9.84086400435586E-02	6.69955406426905E-07	1E10	3934.84288800961	1.08335195256924E-06	1E10	175.76297557658	1.07960013296094E-06	1E10	22.1272476405914	7.87937754281056E-07	1E10	3.60046187832948	5.95990187304124E-07	1E10	0.534085783565698	3.54868021651967E-07	1E10	0.132673217637248	6.20036608732193E-07	1E10	2.73927235346855E-02	1E-30	3.88522207235814E-11	0.251090436756039	6.18863129752828E-09	3.34125456598578E-11	0.107155453982383	2.32716187257721E-11	2.05758600951239E-10	3.2226357020164	1.81718943149739E-12	2.12456500253366E-10	33.5734920060701	1E10	1E-30	1E-10	1E10	1E-30	1E-10	1E10	1E-30	1E-10	1E10	1E-30	1E-10
416	6.81925036058287E-09	1E10	1E10	1E-30	9E-11	1E10	1E-30	1E10	9.84086400435586E-02	6.69955406426905E-07	1E10	3934.84288800961	1.08335195256924E-06	1E10	175.76297557658	1.07960013296094E-06	1E10	22.1272476405914	7.87937754281056E-07	1E10	3.60046187832948	5.95990187304124E-07	1E10	0.534085783565698	3.54868021651967E-07	1E10	0.132673217637248	6.20036608732193E-07	1E10	2.73927235346855E-02	1E-30	3.88522207235814E-11	0.251090436756039	6.18863129752828E-09	3.34125456598578E-11	0.107155453982383	2.32716187257721E-11	2.05758600951239E-10	3.2226357020164	1.81718943149739E-12	2.12456500253366E-10	33.5734920060701	1E10	1E-30	1E-10	1E10	1E-30	1E-10	1E10	1E-30	1E-10	1E10	1E-30	1E-10
417	6.77790364533127E-09	1E10	1E10	1E-30	2.517968140068E-10	1E10	1E-30	1E10	9.95649195745351E-02	6.20333874807064E-07	1E10	3627.13760866135	8.66834926684076E-07	1E10	173.605720850049	7.94035025845676E-07	1E10	18.6021881390519	6.63653304110626E-07	1E10	2.11992393596931	4.73254073171632E-07	1E10	0.373455878121611	2.59673109666906E-07	1E10	9.07213586094484E-02	3.45834485204088E-06	1E10	1.83320565714824E-02	4.32451690581251E-09	4.52198756980211E-11	0.141987686014227	1.72658617529533E-11	2.69786700196591E-10	4.3510722951326	4.97681327285979E-12	6.86663582095148E-11	4.96416463621625	1E10	1E-30	1E-10	1E10	1E-30	1E-10	1E10	1E-30	1E-10	1E10	1E-30	1E-10	1E10	1E-30	1E-10
418	6.81925036058287E-09	1E10	1E10	1E-30	9E-11	1E10	1E-30	1E10	9.84086400435586E-02	6.69955406426905E-07	1E10	3934.84288800961	1.08335195256924E-06	1E10	175.76297557658	1.07960013296094E-06	1E10	22.1272476405914	7.87937754281056E-07	1E10	3.60046187832948	5.95990187304124E-07	1E10	0.534085783565698	3.54868021651967E-07	1E10	0.132673217637248	6.20036608732193E-07	1E10	2.73927235346855E-02	1E-30	3.88522207235814E-11	0.251090436756039	6.18863129752828E-09	3.34125456598578E-11	0.107155453982383	2.32716187257721E-11	2.05758600951239E-10	3.2226357020164	1.81718943149739E-12	2.12456500253366E-10	33.5734920060701	1E10	1E-30	1E-10	1E10	1E-30	1E-10	1E10	1E-30	1E-10	1E10	1E-30	1E-10
419	7.58549821670916E-09	1E10	1E10	1E-30	3.10929852419759E-11	1E10	1E-30	1E10	3.70765194568789E-03	1E-30	9.55453772640981E-11	0.22672799371558	1E-30	6.46946313885277E-11	9.52901729716699E-03	1E-30	4.10529042647219E-10	3.93085780931809E-03	5.57365965795821E-08	1.62355630088928E-11	0.132229950153484	1.614240231628E-08	2.53781246597107E-11	0.221957995969246	5.6517267692936E-13	3.29564728420915E-10	442.339333299618	1E10	1E-30	1E-10	1E10	1E-30	1E-10	1E10	1E-30	1E-10	1E10	1E-30	1E-10	1E10	1E-30	1E-10	1E10	1E-30	1E-10	1E10	1E-30	1E-10	1E10	1E-30	1E-10	1E10	1E-30	1E-10
420	7.58549821670916E-09	1E10	1E10	1E-30	3.10929852419759E-11	1E10	1E-30	1E10	3.70765194568789E-03	1E-30	9.55453772640981E-11	0.22672799371558	1E-30	6.46946313885277E-11	9.52901729716699E-03	1E-30	4.10529042647219E-10	3.93085780931809E-03	5.57365965795821E-08	1.62355630088928E-11	0.132229950153484	1.614240231628E-08	2.53781246597107E-11	0.221957995969246	5.6517267692936E-13	3.29564728420915E-10	442.339333299618	1E10	1E-30	1E-10	1E10	1E-30	1E-10	1E10	1E-30	1E-10	1E10	1E-30	1E-10	1E10	1E-30	1E-10	1E10	1E-30	1E-10	1E10	1E-30	1E-10	1E10	1E-30	1E-10	1E10	1E-30	1E-10
421	7.58549821670916E-09	1E10	1E11	1E-30	3.10929852419759E-11	1E10	1E-30	1E10	3.70765194568789E-03	1E-30	9.55453772640981E-11	0.22672799371558	1E-30	6.46946313885277E-11	9.52901729716699E-03	1E-30	4.10529042647219E-10	3.93085780931809E-03	5.57365965795821E-08	1.62355630088928E-11	0.132229950153484	1.614240231628E-08	2.53781246597107E-11	0.221957995969246	5.6517267692936E-13	3.29564728420915E-10	442.339333299618	1E10	1E-30	1E-10	1E10	1E-30	1E-10	1E10	1E-30	1E-10	1E10	1E-30	1E-10	1E10	1E-30	1E-10	1E10	1E-30	1E-10	1E10	1E-30	1E-10	1E10	1E-30	1E-10	1E10	1E-30	1E-10
422	7.58549821670916E-09	1E10	1E11	1E-30	3.10929852419759E-11	1E10	1E-30	1E10	3.70765194568789E-03	1E-30	9.55453772640981E-11	0.22672799371558	1E-30	6.46946313885277E-11	9.52901729716699E-03	1E-30	4.10529042647219E-10	3.93085780931809E-03	5.57365965795821E-08	1.62355630088928E-11	0.132229950153484	1.614240231628E-08	2.53781246597107E-11	0.221957995969246	5.6517267692936E-13	3.29564728420915E-10	442.339333299618	1E10	1E-30	1E-10	1E10	1E-30	1E-10	1E10	1E-30	1E-10	1E10	1E-30	1E-10	1E10	1E-30	1E-10	1E10	1E-30	1E-10	1E10	1E-30	1E-10	1E10	1E-30	1E-10	1E10	1E-30	1E-10
423	8.20355154981918E-09	1E10	1E10	1E-30	1.44184801151743E-10	1E10	1E-30	1E10	4.40140273276172E-03	1E-30	6.13110986337034E-11	0.240642061674525	1E-30	6.17527610139108E-11	1.59576076652188E-02	1E-30	1.04541333026334E-10	3.48712781272778E-03	1E-30	4.4987779926226E-10	1.66049925401204E-03	4.51365740035283E-08	2.263403152136E-11	0.14203814244731	1.36201221341641E-08	3.3164608468048E-11	0.227377276053128	7.34139798545169E-09	1.82331650939885E-11	9.08340794745018E-02	1.14341574296028E-12	1.96604651171422E-10	185.90672734754	1E10	1E-30	1E-10	1E10	1E-30	1E-10	1E10	1E-30	1E-10	1E10	1E-30	1E-10	1E10	1E-30	1E-10	1E10	1E-30	1E-10	1E10	1E-30	1E-10
424	8.20355154981918E-09	1E10	1E10	1E-30	1.44184801151743E-10	1E10	1E-30	1E10	4.40140273276172E-03	1E-30	6.13110986337034E-11	0.240642061674525	1E-30	6.17527610139108E-11	1.59576076652188E-02	1E-30	1.04541333026334E-10	3.48712781272778E-03	1E-30	4.4987779926226E-10	1.66049925401204E-03	4.51365740035283E-08	2.263403152136E-11	0.14203814244731	1.36201221341641E-08	3.3164608468048E-11	0.227377276053128	7.34139798545169E-09	1.82331650939885E-11	9.08340794745018E-02	1.14341574296028E-12	1.96604651171422E-10	185.90672734754	1E10	1E-30	1E-10	1E10	1E-30	1E-10	1E10	1E-30	1E-10	1E10	1E-30	1E-10	1E10	1E-30	1E-10	1E10	1E-30	1E-10	1E10	1E-30	1E-10
425	8.20355154981918E-09	1E10	1E11	1E-30	1.44184801151743E-10	1E10	1E-30	1E10	4.40140273276172E-03	1E-30	6.13110986337034E-11	0.240642061674525	1E-30	6.17527610139108E-11	1.59576076652188E-02	1E-30	1.04541333026334E-10	3.48712781272778E-03	1E-30	4.4987779926226E-10	1.66049925401204E-03	4.51365740035283E-08	2.263403152136E-11	0.14203814244731	1.36201221341641E-08	3.3164608468048E-11	0.227377276053128	7.34139798545169E-09	1.82331650939885E-11	9.08340794745018E-02	1.14341574296028E-12	1.96604651171422E-10	185.90672734754	1E10	1E-30	1E-10	1E10	1E-30	1E-10	1E10	1E-30	1E-10	1E10	1E-30	1E-10	1E10	1E-30	1E-10	1E10	1E-30	1E-10	1E10	1E-30	1E-10
426	8.20355154981918E-09	1E10	1E11	1E-30	1.44184801151743E-10	1E10	1E-30	1E10	4.40140273276172E-03	1E-30	6.13110986337034E-11	0.240642061674525	1E-30	6.17527610139108E-11	1.59576076652188E-02	1E-30	1.04541333026334E-10	3.48712781272778E-03	1E-30	4.4987779926226E-10	1.66049925401204E-03	4.51365740035283E-08	2.263403152136E-11	0.14203814244731	1.36201221341641E-08	3.3164608468048E-11	0.227377276053128	7.34139798545169E-09	1.82331650939885E-11	9.08340794745018E-02	1.14341574296028E-12	1.96604651171422E-10	185.90672734754	1E10	1E-30	1E-10	1E10	1E-30	1E-10	1E10	1E-30	1E-10	1E10	1E-30	1E-10	1E10	1E-30	1E-10	1E10	1E-30	1E-10	1E10	1E-30	1E-10
427	8.23132944717458E-09	1E10	1E10	1E-30	1.34131833479478E-10	1E10	1E-30	1E10	6.62033081001495E-03	1E-30	6.79588759331853E-11	0.155515224921977	1E-30	1.37212590788252E-11	0.109956150684023	1E-30	4.17854265916991E-11	1.27566905859151E-02	1E-30	9.6263500942697E-11	3.40765017253505E-03	1E-30	3.7584972006201E-10	1.82821417311607E-03	5.24470460375458E-08	1.80705294707592E-11	0.12166565733224	1.51565613292481E-08	2.74331850709782E-11	0.210744996188304	1.21926951152845E-12	2.22009054823744E-10	571.760172914024	1E10	1E-30	1E-10	1E10	1E-30	1E-10	1E10	1E-30	1E-10	1E10	1E-30	1E-10	1E10	1E-30	1E-10	1E10	1E-30	1E-10	1E10	1E-30	1E-10
428	8.23132944717458E-09	1E10	1E11	1E-30	1.34131833479478E-10	1E10	1E-30	1E10	6.62033081001495E-03	1E-30	6.79588759331853E-11	0.155515224921977	1E-30	1.37212590788252E-11	0.109956150684023	1E-30	4.17854265916991E-11	1.27566905859151E-02	1E-30	9.6263500942697E-11	3.40765017253505E-03	1E-30	3.7584972006201E-10	1.82821417311607E-03	5.24470460375458E-08	1.80705294707592E-11	0.12166565733224	1.51565613292481E-08	2.74331850709782E-11	0.210744996188304	1.21926951152845E-12	2.22009054823744E-10	571.760172914024	1E10	1E-30	1E-10	1E10	1E-30	1E-10	1E10	1E-30	1E-10	1E10	1E-30	1E-10	1E10	1E-30	1E-10	1E10	1E-30	1E-10	1E10	1E-30	1E-10
429	8.23132944717458E-09	1E10	1E10	1E-30	1.34131833479478E-10	1E10	1E-30	1E10	6.62033081001495E-03	1E-30	6.79588759331853E-11	0.155515224921977	1E-30	1.37212590788252E-11	0.109956150684023	1E-30	4.17854265916991E-11	1.27566905859151E-02	1E-30	9.6263500942697E-11	3.40765017253505E-03	1E-30	3.7584972006201E-10	1.82821417311607E-03	5.24470460375458E-08	1.80705294707592E-11	0.12166565733224	1.51565613292481E-08	2.74331850709782E-11	0.210744996188304	1.21926951152845E-12	2.22009054823744E-10	571.760172914024	1E10	1E-30	1E-10	1E10	1E-30	1E-10	1E10	1E-30	1E-10	1E10	1E-30	1E-10	1E10	1E-30	1E-10	1E10	1E-30	1E-10	1E10	1E-30	1E-10
430	8.23132944717458E-09	1E10	1E11	1E-30	1.34131833479478E-10	1E10	1E-30	1E10	6.62033081001495E-03	1E-30	6.79588759331853E-11	0.155515224921977	1E-30	1.37212590788252E-11	0.109956150684023	1E-30	4.17854265916991E-11	1.27566905859151E-02	1E-30	9.6263500942697E-11	3.40765017253505E-03	1E-30	3.7584972006201E-10	1.82821417311607E-03	5.24470460375458E-08	1.80705294707592E-11	0.12166565733224	1.51565613292481E-08	2.74331850709782E-11	0.210744996188304	1.21926951152845E-12	2.22009054823744E-10	571.760172914024	1E10	1E-30	1E-10	1E10	1E-30	1E-10	1E10	1E-30	1E-10	1E10	1E-30	1E-10	1E10	1E-30	1E-10	1E10	1E-30	1E-10	1E10	1E-30	1E-10
431	9.17877880615673E-09	1E10	1E10	1E-30	1.21375291588812E-10	1E10	1E-30	1E10	3.32037338408219E-03	1E-30	1.09976325871174E-10	0.218616554537033	1E-30	5.88176871359641E-11	7.10644298974605E-03	1E-30	2.68154185731929E-10	3.12988915951392E-03	6.07434157295983E-08	1.92472472259688E-11	0.160355454108191	1.88245575765185E-08	2.94399500461206E-11	0.218525627693671	2.97700794838426E-08	5.97585622758551E-12	5.93221187866657E-02	9.65429958281616E-13	2.10975902785358E-10	203.46993406921	1E10	1E-30	1E-10	1E10	1E-30	1E-10	1E10	1E-30	1E-10	1E10	1E-30	1E-10	1E10	1E-30	1E-10	1E10	1E-30	1E-10	1E10	1E-30	1E-10	1E10	1E-30	1E-10
432	9.17877880615673E-09	1E10	1E10	1E-30	1.21375291588812E-10	1E10	1E-30	1E10	3.32037338408219E-03	1E-30	1.09976325871174E-10	0.218616554537033	1E-30	5.88176871359641E-11	7.10644298974605E-03	1E-30	2.68154185731929E-10	3.12988915951392E-03	6.07434157295983E-08	1.92472472259688E-11	0.160355454108191	1.88245575765185E-08	2.94399500461206E-11	0.218525627693671	2.97700794838426E-08	5.97585622758551E-12	5.93221187866657E-02	9.65429958281616E-13	2.10975902785358E-10	203.46993406921	1E10	1E-30	1E-10	1E10	1E-30	1E-10	1E10	1E-30	1E-10	1E10	1E-30	1E-10	1E10	1E-30	1E-10	1E10	1E-30	1E-10	1E10	1E-30	1E-10	1E10	1E-30	1E-10
433	9.17877880615673E-09	1E10	1E11	1E-30	1.21375291588812E-10	1E10	1E-30	1E10	3.32037338408219E-03	1E-30	1.09976325871174E-10	0.218616554537033	1E-30	5.88176871359641E-11	7.10644298974605E-03	1E-30	2.68154185731929E-10	3.12988915951392E-03	6.07434157295983E-08	1.92472472259688E-11	0.160355454108191	1.88245575765185E-08	2.94399500461206E-11	0.218525627693671	2.97700794838426E-08	5.97585622758551E-12	5.93221187866657E-02	9.65429958281616E-13	2.10975902785358E-10	203.46993406921	1E10	1E-30	1E-10	1E10	1E-30	1E-10	1E10	1E-30	1E-10	1E10	1E-30	1E-10	1E10	1E-30	1E-10	1E10	1E-30	1E-10	1E10	1E-30	1E-10	1E10	1E-30	1E-10
434	9.17877880615673E-09	1E10	1E11	1E-30	1.21375291588812E-10	1E10	1E-30	1E10	3.32037338408219E-03	1E-30	1.09976325871174E-10	0.218616554537033	1E-30	5.88176871359641E-11	7.10644298974605E-03	1E-30	2.68154185731929E-10	3.12988915951392E-03	6.07434157295983E-08	1.92472472259688E-11	0.160355454108191	1.88245575765185E-08	2.94399500461206E-11	0.218525627693671	2.97700794838426E-08	5.97585622758551E-12	5.93221187866657E-02	9.65429958281616E-13	2.10975902785358E-10	203.46993406921	1E10	1E-30	1E-10	1E10	1E-30	1E-10	1E10	1E-30	1E-10	1E10	1E-30	1E-10	1E10	1E-30	1E-10	1E10	1E-30	1E-10	1E10	1E-30	1E-10	1E10	1E-30	1E-10
435	9.82875789704773E-09	1E10	1E10	1E-30	2.35902834180586E-10	1E10	1E-30	1E10	3.26069953589477E-03	1E-30	1.0835313690591E-10	0.213817549848571	1E-30	6.91650859487366E-11	6.95916735728271E-03	1E-30	2.84158718966343E-10	2.68184101129887E-03	4.21342425153575E-08	3.0819126388122E-11	0.190988499001688	2.83279785303162E-08	2.13522074453656E-11	0.219981614842862	1.69485170584305E-08	1.31177870041166E-11	6.14354444382596E-02	3.44660056148501E-12	7.84211247922703E-11	68.6541780856033	1E10	1E-30	1E-10	1E10	1E-30	1E-10	1E10	1E-30	1E-10	1E10	1E-30	1E-10	1E10	1E-30	1E-10	1E10	1E-30	1E-10	1E10	1E-30	1E-10	1E10	1E-30	1E-10
436	9.82875789704773E-09	1E10	1E10	1E-30	2.35902834180586E-10	1E10	1E-30	1E10	3.26069953589477E-03	1E-30	1.0835313690591E-10	0.213817549848571	1E-30	6.91650859487366E-11	6.95916735728271E-03	1E-30	2.84158718966343E-10	2.68184101129887E-03	4.21342425153575E-08	3.0819126388122E-11	0.190988499001688	2.83279785303162E-08	2.13522074453656E-11	0.219981614842862	1.69485170584305E-08	1.31177870041166E-11	6.14354444382596E-02	3.44660056148501E-12	7.84211247922703E-11	68.6541780856033	1E10	1E-30	1E-10	1E10	1E-30	1E-10	1E10	1E-30	1E-10	1E10	1E-30	1E-10	1E10	1E-30	1E-10	1E10	1E-30	1E-10	1E10	1E-30	1E-10	1E10	1E-30	1E-10
437	9.82875789704773E-09	1E10	1E11	1E-30	2.35902834180586E-10	1E10	1E-30	1E10	3.26069953589477E-03	1E-30	1.0835313690591E-10	0.213817549848571	1E-30	6.91650859487366E-11	6.95916735728271E-03	1E-30	2.84158718966343E-10	2.68184101129887E-03	4.21342425153575E-08	3.0819126388122E-11	0.190988499001688	2.83279785303162E-08	2.13522074453656E-11	0.219981614842862	1.69485170584305E-08	1.31177870041166E-11	6.14354444382596E-02	3.44660056148501E-12	7.84211247922703E-11	68.6541780856033	1E10	1E-30	1E-10	1E10	1E-30	1E-10	1E10	1E-30	1E-10	1E10	1E-30	1E-10	1E10	1E-30	1E-10	1E10	1E-30	1E-10	1E10	1E-30	1E-10	1E10	1E-30	1E-10
438	9.82875789704773E-09	1E10	1E11	1E-30	2.35902834180586E-10	1E10	1E-30	1E10	3.26069953589477E-03	1E-30	1.0835313690591E-10	0.213817549848571	1E-30	6.91650859487366E-11	6.95916735728271E-03	1E-30	2.84158718966343E-10	2.68184101129887E-03	4.21342425153575E-08	3.0819126388122E-11	0.190988499001688	2.83279785303162E-08	2.13522074453656E-11	0.219981614842862	1.69485170584305E-08	1.31177870041166E-11	6.14354444382596E-02	3.44660056148501E-12	7.84211247922703E-11	68.6541780856033	1E10	1E-30	1E-10	1E10	1E-30	1E-10	1E10	1E-30	1E-10	1E10	1E-30	1E-10	1E10	1E-30	1E-10	1E10	1E-30	1E-10	1E10	1E-30	1E-10	1E10	1E-30	1E-10
439	9.94226179315722E-09	1E10	1E10	1E-30	2.58719411504602E-10	1E10	1E-30	1E10	6.14281096835959E-03	1E-30	6.88081035186428E-11	0.191539166813842	1E-30	4.21175916894403E-12	5.34463422875445E-02	1E-30	5.59321361633904E-11	1.00574981810278E-02	1E-30	2.67916112665605E-10	3.33817148450646E-03	1E-30	5.25668480536301E-11	2.21607219461368E-04	4.29077309722107E-08	2.84311232962819E-11	0.134359795434512	2.25776219915471E-08	2.52933807089577E-11	0.194599115271493	6.39471395024222E-08	4.66690663352941E-12	3.07544716855026E-02	2.03884423856415E-08	9.0142507328398E-12	7.92416776192032E-02	4.43493479614657E-12	6.42207870365499E-11	21.4709012586469	1E10	1E-30	1E-10	1E10	1E-30	1E-10	1E10	1E-30	1E-10	1E10	1E-30	1E-10	1E10	1E-30	1E-10
440	9.94226179315722E-09	1E10	1E11	1E-30	2.58719411504602E-10	1E10	1E-30	1E10	6.14281096835959E-03	1E-30	6.88081035186428E-11	0.191539166813842	1E-30	4.21175916894403E-12	5.34463422875445E-02	1E-30	5.59321361633904E-11	1.00574981810278E-02	1E-30	2.67916112665605E-10	3.33817148450646E-03	1E-30	5.25668480536301E-11	2.21607219461368E-04	4.29077309722107E-08	2.84311232962819E-11	0.134359795434512	2.25776219915471E-08	2.52933807089577E-11	0.194599115271493	6.39471395024222E-08	4.66690663352941E-12	3.07544716855026E-02	2.03884423856415E-08	9.0142507328398E-12	7.92416776192032E-02	4.43493479614657E-12	6.42207870365499E-11	21.4709012586469	1E10	1E-30	1E-10	1E10	1E-30	1E-10	1E10	1E-30	1E-10	1E10	1E-30	1E-10	1E10	1E-30	1E-10
441	9.94226179315722E-09	1E10	1E10	1E-30	2.58719411504602E-10	1E10	1E-30	1E10	6.14281096835959E-03	1E-30	6.88081035186428E-11	0.191539166813842	1E-30	4.21175916894403E-12	5.34463422875445E-02	1E-30	5.59321361633904E-11	1.00574981810278E-02	1E-30	2.67916112665605E-10	3.33817148450646E-03	1E-30	5.25668480536301E-11	2.21607219461368E-04	4.29077309722107E-08	2.84311232962819E-11	0.134359795434512	2.25776219915471E-08	2.52933807089577E-11	0.194599115271493	6.39471395024222E-08	4.66690663352941E-12	3.07544716855026E-02	2.03884423856415E-08	9.0142507328398E-12	7.92416776192032E-02	4.43493479614657E-12	6.42207870365499E-11	21.4709012586469	1E10	1E-30	1E-10	1E10	1E-30	1E-10	1E10	1E-30	1E-10	1E10	1E-30	1E-10	1E10	1E-30	1E-10
442	9.94226179315722E-09	1E10	1E11	1E-30	2.58719411504602E-10	1E10	1E-30	1E10	6.14281096835959E-03	1E-30	6.88081035186428E-11	0.191539166813842	1E-30	4.21175916894403E-12	5.34463422875445E-02	1E-30	5.59321361633904E-11	1.00574981810278E-02	1E-30	2.67916112665605E-10	3.33817148450646E-03	1E-30	5.25668480536301E-11	2.21607219461368E-04	4.29077309722107E-08	2.84311232962819E-11	0.134359795434512	2.25776219915471E-08	2.52933807089577E-11	0.194599115271493	6.39471395024222E-08	4.66690663352941E-12	3.07544716855026E-02	2.03884423856415E-08	9.0142507328398E-12	7.92416776192032E-02	4.43493479614657E-12	6.42207870365499E-11	21.4709012586469	1E10	1E-30	1E-10	1E10	1E-30	1E-10	1E10	1E-30	1E-10	1E10	1E-30	1E-10	1E10	1E-30	1E-10
443	9.84738178132322E-09	1E10	1E10	1E-30	2.56441566393617E-10	1E10	1E-30	1E10	6.09381868702473E-02	1.40569191106698E-06	1E10	2830.54454960706	1.77153402601661E-06	1E10	324.989997543961	1.55840473665305E-06	1E10	53.9349144972123	1.58032728508968E-06	1E10	8.35352919129063	1.05069496662361E-06	1E10	1.42818575577145	6.93357143872589E-07	1E10	0.25304950398437	3.66474743432461E-07	1E10	6.30941077195094E-02	1E-30	8.06259200438148E-11	0.197338460931325	6.35894277253695E-08	1.78858930851996E-11	4.37879858338319E-02	1.66203466112413E-08	2.36064231024257E-11	0.072253093933186	4.60185135863824E-12	1.26247057210231E-10	12.6269259468493	1E10	1E-30	1E-10	1E10	1E-30	1E-10	1E10	1E-30	1E-10	1E10	1E-30	1E-10
444	9.84738178132322E-09	1E10	1E10	1E-30	2.56441566393617E-10	1E10	1E-30	1E10	6.09381868702473E-02	1.40569191106698E-06	1E10	2830.54454960706	1.77153402601661E-06	1E10	324.989997543961	1.55840473665305E-06	1E10	53.9349144972123	1.58032728508968E-06	1E10	8.35352919129063	1.05069496662361E-06	1E10	1.42818575577145	6.93357143872589E-07	1E10	0.25304950398437	3.66474743432461E-07	1E10	6.30941077195094E-02	1E-30	8.06259200438148E-11	0.197338460931325	6.35894277253695E-08	1.78858930851996E-11	4.37879858338319E-02	1.66203466112413E-08	2.36064231024257E-11	0.072253093933186	4.60185135863824E-12	1.26247057210231E-10	12.6269259468493	1E10	1E-30	1E-10	1E10	1E-30	1E-10	1E10	1E-30	1E-10	1E10	1E-30	1E-10
445	1.00968210397945E-08	1E10	1E10	1E-30	1.86223554274179E-10	1E10	1E-30	1E10	7.00172239956698E-02	1.10312093815445E-06	1E10	3606.92417275128	1.75017904817951E-06	1E10	279.986448899651	1.86041547566163E-06	1E10	39.5491371056358	1.39154181109021E-06	1E10	10.1935127790478	1.01170150506496E-06	1E10	1.37014880279011	5.49469716372123E-07	1E10	0.321835435854846	4.63438492982499E-07	1E10	4.90602761444718E-02	1E-30	8.51159376997838E-11	0.255868186656166	1.74719336531843E-07	5.93006325732738E-12	1.39284650721092E-02	1.31758908814632E-08	3.07595697486788E-11	0.069054155153425	3.28700221527422E-11	1.33788191482643E-10	2.42097407711387	2.50888144472516E-12	1.25156032655762E-10	13.2335287108834	1E10	1E-30	1E-10	1E10	1E-30	1E-10	1E10	1E-30	1E-10
446	1.00968210397945E-08	1E10	1E10	1E-30	1.86223554274179E-10	1E10	1E-30	1E10	7.00172239956698E-02	1.10312093815445E-06	1E10	3606.92417275128	1.75017904817951E-06	1E10	279.986448899651	1.86041547566163E-06	1E10	39.5491371056358	1.39154181109021E-06	1E10	10.1935127790478	1.01170150506496E-06	1E10	1.37014880279011	5.49469716372123E-07	1E10	0.321835435854846	4.63438492982499E-07	1E10	4.90602761444718E-02	1E-30	8.51159376997838E-11	0.255868186656166	1.74719336531843E-07	5.93006325732738E-12	1.39284650721092E-02	1.31758908814632E-08	3.07595697486788E-11	0.069054155153425	3.28700221527422E-11	1.33788191482643E-10	2.42097407711387	2.50888144472516E-12	1.25156032655762E-10	13.2335287108834	1E10	1E-30	1E-10	1E10	1E-30	1E-10	1E10	1E-30	1E-10
447	1.00968210397945E-08	1E10	1E10	1E-30	1.86223554274179E-10	1E10	1E-30	1E10	7.00172239956698E-02	1.10312093815445E-06	1E10	3606.92417275128	1.75017904817951E-06	1E10	279.986448899651	1.86041547566163E-06	1E10	39.5491371056358	1.39154181109021E-06	1E10	10.1935127790478	1.01170150506496E-06	1E10	1.37014880279011	5.49469716372123E-07	1E10	0.321835435854846	4.63438492982499E-07	1E10	4.90602761444718E-02	1E-30	8.51159376997838E-11	0.255868186656166	1.74719336531843E-07	5.93006325732738E-12	1.39284650721092E-02	1.31758908814632E-08	3.07595697486788E-11	0.069054155153425	3.28700221527422E-11	1.33788191482643E-10	2.42097407711387	2.50888144472516E-12	1.25156032655762E-10	13.2335287108834	1E10	1E-30	1E-10	1E10	1E-30	1E-10	1E10	1E-30	1E-10
448	1.00968210397945E-08	1E10	1E10	1E-30	1.86223554274179E-10	1E10	1E-30	1E10	7.00172239956698E-02	1.10312093815445E-06	1E10	3606.92417275128	1.75017904817951E-06	1E10	279.986448899651	1.86041547566163E-06	1E10	39.5491371056358	1.39154181109021E-06	1E10	10.1935127790478	1.01170150506496E-06	1E10	1.37014880279011	5.49469716372123E-07	1E10	0.321835435854846	4.63438492982499E-07	1E10	4.90602761444718E-02	1E-30	8.51159376997838E-11	0.255868186656166	1.74719336531843E-07	5.93006325732738E-12	1.39284650721092E-02	1.31758908814632E-08	3.07595697486788E-11	0.069054155153425	3.28700221527422E-11	1.33788191482643E-10	2.42097407711387	2.50888144472516E-12	1.25156032655762E-10	13.2335287108834	1E10	1E-30	1E-10	1E10	1E-30	1E-10	1E10	1E-30	1E-10
449	1.50534290170731E-08	1E10	1E10	1E-30	2.3350329486669E-10	1E10	1E-30	1E10	5.35744229691346E-02	2.04894448331164E-06	1E10	1803.16063386376	2.98137245512219E-06	1E10	180.316063386376	2.57325289551584E-06	1E10	29.9250177996711	2.60630974590888E-06	1E10	3.85508907648354	2.04589679811566E-06	1E10	0.772151220503198	1.36036550455113E-06	1E10	0.155694336907684	7.37595706604039E-07	1E10	4.88866496767586E-02	1E-30	9.75828810888862E-11	0.275032416144936	6.74989061378534E-08	2.38233692182073E-11	3.99923611790672E-02	2.26180949612982E-08	3.023024725747E-11	6.43328476856426E-02	3.35223026708093E-12	1.50022484962169E-10	15.0280896437929	1E10	1E-30	1E-10	1E10	1E-30	1E-10	1E10	1E-30	1E-10	1E10	1E-30	1E-10
450	1.50534290170731E-08	1E10	1E10	1E-30	2.3350329486669E-10	1E10	1E-30	1E10	5.35744229691346E-02	2.04894448331164E-06	1E10	1803.16063386376	2.98137245512219E-06	1E10	180.316063386376	2.57325289551584E-06	1E10	29.9250177996711	2.60630974590888E-06	1E10	3.85508907648354	2.04589679811566E-06	1E10	0.772151220503198	1.36036550455113E-06	1E10	0.155694336907684	7.37595706604039E-07	1E10	4.88866496767586E-02	1E-30	9.75828810888862E-11	0.275032416144936	6.74989061378534E-08	2.38233692182073E-11	3.99923611790672E-02	2.26180949612982E-08	3.023024725747E-11	6.43328476856426E-02	3.35223026708093E-12	1.50022484962169E-10	15.0280896437929	1E10	1E-30	1E-10	1E10	1E-30	1E-10	1E10	1E-30	1E-10	1E10	1E-30	1E-10
451	1.52243632120904E-08	1E10	1E10	1E-30	2.31261380169601E-10	1E10	1E-30	1E10	5.27121466895709E-02	2.80130653148355E-06	1E10	1318.87602865198	3.47719268683441E-06	1E10	213.896646043242	2.66133597639183E-06	1E10	36.3248621425794	2.42004305966679E-06	1E10	4.36720898464036	2.06797424113692E-06	1E10	0.643025247799416	1.64050815279686E-06	1E10	0.117478659972153	9.15035567172424E-07	1E10	4.47510085643805E-02	1E-30	7.77171416749869E-11	0.220538864602727	9.40777636676204E-08	1.72968648094462E-11	3.63406466629474E-02	1.7487337825666E-08	3.62027367546337E-11	7.56795404049809E-02	1.1649966094025E-10	4.28120371349128E-11	0.804856693568203	4.24017073254122E-12	9.54972932562957E-11	6.79073111746821	1E10	1E-30	1E-10	1E10	1E-30	1E-10	1E10	1E-30	1E-10
452	1.52243632120904E-08	1E10	1E10	1E-30	2.31261380169601E-10	1E10	1E-30	1E10	5.27121466895709E-02	2.80130653148355E-06	1E10	1318.87602865198	3.47719268683441E-06	1E10	213.896646043242	2.66133597639183E-06	1E10	36.3248621425794	2.42004305966679E-06	1E10	4.36720898464036	2.06797424113692E-06	1E10	0.643025247799416	1.64050815279686E-06	1E10	0.117478659972153	9.15035567172424E-07	1E10	4.47510085643805E-02	1E-30	7.77171416749869E-11	0.220538864602727	9.40777636676204E-08	1.72968648094462E-11	3.63406466629474E-02	1.7487337825666E-08	3.62027367546337E-11	7.56795404049809E-02	1.1649966094025E-10	4.28120371349128E-11	0.804856693568203	4.24017073254122E-12	9.54972932562957E-11	6.79073111746821	1E10	1E-30	1E-10	1E10	1E-30	1E-10	1E10	1E-30	1E-10
453	1.50534290170731E-08	1E10	1E10	1E-30	2.3350329486669E-10	1E10	1E-30	1E10	5.35744229691346E-02	2.04894448331164E-06	1E10	1803.16063386376	2.98137245512219E-06	1E10	180.316063386376	2.57325289551584E-06	1E10	29.9250177996711	2.60630974590888E-06	1E10	3.85508907648354	2.04589679811566E-06	1E10	0.772151220503198	1.36036550455113E-06	1E10	0.155694336907684	7.37595706604039E-07	1E10	4.88866496767586E-02	1E-30	9.75828810888862E-11	0.275032416144936	6.74989061378534E-08	2.38233692182073E-11	3.99923611790672E-02	2.26180949612982E-08	3.023024725747E-11	6.43328476856426E-02	3.35223026708093E-12	1.50022484962169E-10	15.0280896437929	1E10	1E-30	1E-10	1E10	1E-30	1E-10	1E10	1E-30	1E-10	1E10	1E-30	1E-10
454	1.53699891268609E-08	1E10	1E10	1E-30	2.3560907719107E-10	1E10	1E-30	1E10	5.13957164237584E-02	1.94579042370104E-06	1E10	1763.07829269369	4.45217861787786E-06	1E10	133.743165585817	2.31546665627099E-06	1E10	30.6387891819313	2.96741871156075E-06	1E10	2.43372553249729	2.12449247942809E-06	1E10	0.593385578018655	1.67825749295949E-06	1E10	0.123352461138536	8.53553655955422E-07	1E10	4.75388066293189E-02	1E-30	1.17809506176483E-10	0.643841741824621	7.18097821617999E-08	2.12001873466625E-11	0.03982262908479	2.2254487629888E-08	3.01630688865236E-11	7.55209104667259E-02	2.49441144014906E-10	1.98928588597184E-11	0.61270015878815	6.44762941279398E-12	6.36235407706794E-11	5.86754479807283	1E10	1E-30	1E-10	1E10	1E-30	1E-10	1E10	1E-30	1E-10
455	2.24129860902972E-08	1E10	1E10	1E-30	2.29630724299376E-10	1E10	1E-30	1E10	4.06994802654215E-02	2.7657934167852E-06	1E10	1438.6011453893	4.72580565781738E-06	1E10	119.657631380162	3.57437322167256E-06	1E10	21.7741094561719	3.33735137597619E-06	1E10	2.94047978101516	3.42684714584939E-06	1E10	0.386300614009247	1.75233255380599E-06	1E10	0.126796002726027	7.89426105358358E-07	1E10	2.82760447796158E-02	1E-30	1.09938837028211E-10	0.172691521376016	1.97240491199697E-07	1.22643401713321E-11	0.017523124333311	4.49059631456081E-08	2.50699651115135E-11	3.74865490566742E-02	8.41643829157733E-11	4.81539483245466E-11	0.81994628887663	3.62859996372419E-12	9.45630515315503E-11	9.92114294877698	1E10	1E-30	1E-10	1E10	1E-30	1E-10	1E10	1E-30	1E-10
456	2.1549645785348E-08	1E10	1E10	1E-30	2.62769263936842E-10	1E10	1E-30	1E10	4.80009546237031E-02	3.00570649628021E-06	1E10	1323.77315690056	6.11237513636145E-06	1E10	159.152538604276	3.27858814187322E-06	1E10	39.9773102260385	2.78381377305461E-06	1E10	4.59000935137305	2.23235427872352E-06	1E10	0.521792977575844	1.5826659297574E-06	1E10	8.36432459729753E-02	1.42461835271247E-06	1E10	2.08179513531615E-02	1E-30	7.04954278819226E-11	0.177369910457895	1.10644842362492E-07	1.9708771235392E-11	0.029368603060773	2.45840291464491E-08	3.65466358004676E-11	5.91639883086378E-02	3.97202244416785E-12	1.55369420828974E-10	11.0002192874799	1E10	1E-30	1E-10	1E10	1E-30	1E-10	1E10	1E-30	1E-10	1E10	1E-30	1E-10
457	2.1549645785348E-08	1E10	1E10	1E-30	2.62769263936842E-10	1E10	1E-30	1E10	4.80009546237031E-02	3.00570649628021E-06	1E10	1323.77315690056	6.11237513636145E-06	1E10	159.152538604276	3.27858814187322E-06	1E10	39.9773102260385	2.78381377305461E-06	1E10	4.59000935137305	2.23235427872352E-06	1E10	0.521792977575844	1.5826659297574E-06	1E10	8.36432459729753E-02	1.42461835271247E-06	1E10	2.08179513531615E-02	1E-30	7.04954278819226E-11	0.177369910457895	1.10644842362492E-07	1.9708771235392E-11	0.029368603060773	2.45840291464491E-08	3.65466358004676E-11	5.91639883086378E-02	3.97202244416785E-12	1.55369420828974E-10	11.0002192874799	1E10	1E-30	1E-10	1E10	1E-30	1E-10	1E10	1E-30	1E-10	1E10	1E-30	1E-10
458	2.24129860902972E-08	1E10	1E10	1E-30	2.29630724299376E-10	1E10	1E-30	1E10	4.06994802654215E-02	2.7657934167852E-06	1E10	1438.6011453893	4.72580565781738E-06	1E10	119.657631380162	3.57437322167256E-06	1E10	21.7741094561719	3.33735137597619E-06	1E10	2.94047978101516	3.42684714584939E-06	1E10	0.386300614009247	1.75233255380599E-06	1E10	0.126796002726027	7.89426105358358E-07	1E10	2.82760447796158E-02	1E-30	1.09938837028211E-10	0.172691521376016	1.97240491199697E-07	1.22643401713321E-11	0.017523124333311	4.49059631456081E-08	2.50699651115135E-11	3.74865490566742E-02	8.41643829157733E-11	4.81539483245466E-11	0.81994628887663	3.62859996372419E-12	9.45630515315503E-11	9.92114294877698	1E10	1E-30	1E-10	1E10	1E-30	1E-10	1E10	1E-30	1E-10
459	2.24129860902972E-08	1E10	1E10	1E-30	2.29630724299376E-10	1E10	1E-30	1E10	4.06994802654215E-02	2.7657934167852E-06	1E10	1438.6011453893	4.72580565781738E-06	1E10	119.657631380162	3.57437322167256E-06	1E10	21.7741094561719	3.33735137597619E-06	1E10	2.94047978101516	3.42684714584939E-06	1E10	0.386300614009247	1.75233255380599E-06	1E10	0.126796002726027	7.89426105358358E-07	1E10	2.82760447796158E-02	1E-30	1.09938837028211E-10	0.172691521376016	1.97240491199697E-07	1.22643401713321E-11	0.017523124333311	4.49059631456081E-08	2.50699651115135E-11	3.74865490566742E-02	8.41643829157733E-11	4.81539483245466E-11	0.81994628887663	3.62859996372419E-12	9.45630515315503E-11	9.92114294877698	1E10	1E-30	1E-10	1E10	1E-30	1E-10	1E10	1E-30	1E-10
460	2.1549645785348E-08	1E10	1E10	1E-30	2.62769263936842E-10	1E10	1E-30	1E10	4.80009546237031E-02	3.00570649628021E-06	1E10	1323.77315690056	6.11237513636145E-06	1E10	159.152538604276	3.27858814187322E-06	1E10	39.9773102260385	2.78381377305461E-06	1E10	4.59000935137305	2.23235427872352E-06	1E10	0.521792977575844	1.5826659297574E-06	1E10	8.36432459729753E-02	1.42461835271247E-06	1E10	2.08179513531615E-02	1E-30	7.04954278819226E-11	0.177369910457895	1.10644842362492E-07	1.9708771235392E-11	0.029368603060773	2.45840291464491E-08	3.65466358004676E-11	5.91639883086378E-02	3.97202244416785E-12	1.55369420828974E-10	11.0002192874799	1E10	1E-30	1E-10	1E10	1E-30	1E-10	1E10	1E-30	1E-10	1E10	1E-30	1E-10
461	2.31948906796739E-08	1E10	1E10	1E-30	2.06999999999999E-10	1E10	1E-30	1E10	4.16946568508743E-02	2.83984511249468E-06	1E10	1401.08823533763	4.61056348566437E-06	1E10	143.3723772788	3.68034192778359E-06	1E10	23.2522769153112	3.26367115993497E-06	1E10	3.1485727894565	2.92686224936304E-06	1E10	0.431934454794861	1.85365178073923E-06	1E10	9.49949940450136E-02	1.0204803057143E-06	1E10	2.24365208144789E-02	1E-30	1.0098802388472E-10	0.158631616968394	1.75127866392806E-07	1.44638865489112E-11	2.01953954330736E-02	4.23704795024435E-08	2.65701720296647E-11	3.97297743656161E-02	7.84288969600003E-11	5.16754347286116E-11	0.760983591161555	2.77277659216266E-12	1.19847476731442E-10	12.7137522284179	1E10	1E-30	1E-10	1E10	1E-30	1E-10	1E10	1E-30	1E-10
462	3.28831992542685E-08	1E10	1E10	1E-30	2.54000712509914E-10	1E10	1E-30	1E10	4.07931402114704E-02	4.11996099300976E-06	1E10	896.750245827177	1.45597872550875E-05	1E10	62.0399593242411	6.78295310606174E-06	1E10	32.5590334869542	6.43722814384511E-06	1E10	5.78990588606184	9.85263087933603E-06	1E10	1.15523810216757	3.80041487477193E-06	1E10	0.522907964984531	2.65081211844916E-06	1E10	8.47455015690699E-02	2.74814043054048E-06	1E10	1.43078154330556E-02	1E-30	9.35553503349657E-11	0.185779631764145	1.89762184870694E-07	2.33178747651211E-11	2.21461252326956E-02	6.61396891304609E-08	1.90659333176128E-11	2.84068874739521E-02	4.30194873522476E-12	1.21786655214922E-10	10.9214621361671	1E10	1E-30	1E-10	1E10	1E-30	1E-10	1E10	1E-30	1E-10
463	3.40063298972207E-08	1E10	1E10	1E-30	2.69099077286795E-10	1E10	1E-30	1E10	2.59311842114504E-02	5.04284624586512E-06	1E10	732.637057159784	8.48672862818678E-06	1E10	98.8300196519729	5.26778456945955E-06	1E10	23.1680179886789	5.40478245240361E-06	1E10	2.54032265724395	4.20798091596219E-06	1E10	0.376162938650628	3.20872175805271E-06	1E10	7.08856536143224E-02	3.29833406368091E-06	1E10	0.015465285662441	1E-30	8.18300993397097E-11	0.132186316121805	1.54366449923283E-07	2.21850523913245E-11	2.51825857764682E-02	4.47235690644115E-08	3.17606261680945E-11	5.16004548239594E-02	6.97842981247591E-12	1.09074130174824E-10	9.28730959698541	3.01826802862713E-11	1.28930320569466E-11	1.9356498365793	1E10	1E-30	1E-10	1E10	1E-30	1E-10	1E10	1E-30	1E-10
464	3.20326620422762E-08	1E10	1E10	1E-30	2.72660452437909E-10	1E10	1E-30	1E10	4.13559632710949E-02	3.95039775720674E-06	1E10	1007.2083425115	9.98913029963026E-06	1E10	57.9587905500283	5.82900361188141E-06	1E10	22.5485860732289	5.46094407295026E-06	1E10	3.74213382283596	4.06116665596967E-06	1E10	0.583786011315986	3.47701028836695E-06	1E10	0.106358146900475	2.14737043058756E-06	1E10	2.99051247063161E-02	1E-30	7.62372320257436E-11	0.194860466851448	1.84527736061879E-07	1.80099030363718E-11	1.78127485601871E-02	3.24769972071707E-08	3.5621594268855E-11	5.04145399639524E-02	8.40563175685366E-11	6.23101924401474E-11	0.944200032046088	4.38511785608192E-12	1.18861984379989E-10	9.02071599170702	1E10	1E-30	1E-10	1E10	1E-30	1E-10	1E10	1E-30	1E-10
465	3.24848545091732E-08	1E10	1E10	1E-30	2.25890998632787E-10	1E10	1E-30	1E10	2.86824947842666E-02	3.94078890383406E-06	1E10	870.531495564481	1.09509830072418E-05	1E10	66.0365670891833	6.59066368115461E-06	1E10	19.9427244390422	6.68337624304693E-06	1E10	4.46461987623272	1.04439778205926E-05	1E10	0.602260649791889	4.98809391132109E-06	1E10	0.447014535199626	3.25766843614349E-06	1E10	0.116538829472833	2.34301749276773E-06	1E10	2.82368111685814E-02	1E-30	7.90911225481733E-11	0.132661757175849	1.71345198987908E-07	1.94738605852193E-11	2.44789342540445E-02	3.97091220419228E-08	3.33149408339922E-11	5.30855019934453E-02	7.19735861603377E-12	1.10656820498825E-10	11.3771682097755	6.3888614261339E-12	5.62180238428697E-11	6.51827589012562	1E10	1E-30	1E-10	1E10	1E-30	1E-10
466	4.69577112329773E-08	1E10	1E10	1E-30	1.88391482363218E-10	1E10	1E-30	1E10	1.81186409422481E-02	6.49445474376606E-06	1E10	528.232314106361	1.93380477473886E-05	1E10	34.8999628955963	8.36524595105716E-06	1E10	19.6256913838036	6.73371609041194E-06	1E10	2.77693254340588	5.18169033739055E-06	1E10	0.352653887808573	4.02716093035997E-06	1E10	5.64576902559168E-02	5.72116106207861E-06	1E10	7.33442299312669E-03	1E-30	1.14421929234308E-10	0.117415973456798	1E-30	1.15065173003059E-11	9.63967739174535E-02	2.43853622411835E-07	2.45857996731833E-11	0.029913853590655	5.85065066509813E-08	4.32948356696315E-11	5.14523940123462E-02	1.34979767253797E-11	4.44165554006675E-11	5.40421850384642	2.57039578276886E-12	6.22472231990849E-11	8.47522526773652	1E10	1E-30	1E-10	1E10	1E-30	1E-10
467	4.69577112329773E-08	1E10	1E10	1E-30	1.88391482363218E-10	1E10	1E-30	1E10	1.81186409422481E-02	6.49445474376606E-06	1E10	528.232314106361	1.93380477473886E-05	1E10	34.8999628955963	8.36524595105716E-06	1E10	19.6256913838036	6.73371609041194E-06	1E10	2.77693254340588	5.18169033739055E-06	1E10	0.352653887808573	4.02716093035997E-06	1E10	5.64576902559168E-02	5.72116106207861E-06	1E10	7.33442299312669E-03	1E-30	1.14421929234308E-10	0.117415973456798	1E-30	1.15065173003059E-11	9.63967739174535E-02	2.43853622411835E-07	2.45857996731833E-11	0.029913853590655	5.85065066509813E-08	4.32948356696315E-11	5.14523940123462E-02	1.34979767253797E-11	4.44165554006675E-11	5.40421850384642	2.57039578276886E-12	6.22472231990849E-11	8.47522526773652	1E10	1E-30	1E-10	1E10	1E-30	1E-10
468	4.59566575424452E-08	1E10	1E10	1E-30	2.41876914645925E-10	1E10	1E-30	1E10	3.32963071169888E-02	6.34776353017313E-06	1E10	501.823359429921	1.05753148093255E-05	1E10	58.9591038005755	1.55443554331806E-05	1E10	6.76941085488414	1.06273795449692E-05	1E10	3.02378475740537	9.92855828582377E-06	1E10	0.852218334808893	7.42448226175102E-06	1E10	0.224578654506637	7.58920270480591E-06	1E10	0.056714673306518	2.49830937999247E-06	1E10	3.51343220377209E-02	1E-30	1.01089677258026E-10	0.120854667788926	1.17566845094514E-07	3.51908175554952E-11	2.65949744105607E-02	1.19543455997295E-07	1.68706031974486E-11	0.02664166796069	3.87663944105207E-12	1.38170063454397E-10	12.2541306146184	1E10	1E-30	1E-10	1E10	1E-30	1E-10	1E10	1E-30	1E-10
469	4.72201376649215E-08	1E10	1E10	1E-30	2.30034143949129E-10	1E10	1E-30	1E10	1.99801109170435E-02	7.42951714198499E-06	1E10	497.283465758689	1.01684848118845E-05	1E10	48.5963912105296	9.69913518149554E-06	1E10	8.06499346017086	1.1978607850962E-05	1E10	1.27821532322682	1.52496456967507E-05	1E10	0.306622499495163	6.54413484507675E-06	1E10	0.216818306877624	3.71848031153386E-06	1E10	3.42082908394284E-02	2.04184686066575E-05	1E10	1.51829760197534E-02	1E-30	1.0058121290187E-10	0.124133192826411	1E-30	1.06128574887367E-11	9.87522073985664E-02	2.31238890292046E-07	2.48189934980052E-11	3.03391376680706E-02	5.725290991559E-08	4.41567170454438E-11	5.26519489780393E-02	9.31306643787685E-12	6.85621320868472E-11	6.66294902338958	1E10	1E-30	1E-10	1E10	1E-30	1E-10
470	4.89101285180269E-08	1E10	1E10	1E-30	1.98452151292101E-10	1E10	1E-30	1E10	2.61741570644875E-02	6.12862838083225E-06	1E10	602.838972066728	1.52555502403557E-05	1E10	54.979567691103	8.11887109614257E-06	1E10	19.9618744893868	6.99534352252332E-06	1E10	2.51305110617347	6.78342776365001E-06	1E10	0.313915192616319	5.31674160103765E-06	1E10	7.44072341292837E-02	2.73706204123753E-06	1E10	1.85017249578623E-02	1E-30	5.99910834686957E-11	0.614740339547195	1E-30	9.40541466258735E-11	0.104393489026698	7.85129760588682E-07	7.73444971864443E-12	1.14077194549388E-02	5.69019544181141E-08	4.87749478060754E-11	0.042945735638529	4.059813720406E-12	8.53421958235293E-11	12.8847304165803	1E10	1E-30	1E-10	1E10	1E-30	1E-10	1E10	1E-30	1E-10
471	4.71149912837856E-08	1E10	1E10	1E-30	2.01865110294518E-10	1E10	1E-30	1E10	1.92256838264581E-02	7.75206737254345E-06	1E10	476.592353462441	1.15104028396136E-05	1E10	62.827108149632	8.13891604327165E-06	1E10	16.1490533831377	7.12849071778315E-06	1E10	2.23265975075001	5.24052563417166E-06	1E10	0.304273433987296	5.33851181460399E-06	1E10	4.83503835366464E-02	4.58061897170692E-06	1E10	1.38651942959552E-02	1E-30	1.11169238475437E-10	0.126017943621083	2.1738174913958E-07	2.59577818892642E-11	0.031177877196668	7.42170659296813E-08	3.41300152374444E-11	4.76544911719391E-02	1.35551452108838E-11	4.70820094336616E-11	5.41537798870857	6.32983931070872E-12	5.0596442562694E-11	7.21358660770447	1E10	1E-30	1E-10	1E10	1E-30	1E-10	1E10	1E-30	1E-10
472	7.09225335129913E-08	1E10	7352941176.47058	1E-30	2.56319738301951E-10	1E10	1E-30	1E10	1.74753910783056E-02	1.3523056801949E-05	1E10	294.228859315587	1.70425361857735E-05	1E10	61.4731217353655	1.62559254412078E-05	1E10	11.7134618677311	1.41412717712257E-05	1E10	2.4472890559157	1.68482628531634E-05	1E10	0.466321316154874	1.50301663452874E-05	1E10	0.118867802756448	1.61015972912355E-05	1E10	4.82953668537782E-02	4.98103947235193E-06	1E10	3.24049809509176E-02	1E-30	1.07984561004768E-10	9.72701695654822E-02	1E-30	7.41560890183886E-12	8.39569471734171E-02	3.86213415561785E-07	2.27510003945139E-11	2.14188673031867E-02	1.05125395781722E-07	3.68955387664062E-11	3.99208641417912E-02	6.20104831946631E-12	9.80854246447413E-11	9.84087337092345	1E10	1E-30	1E-10	1E10	1E-30	1E-10
473	7.09225335129913E-08	1E10	7352941176.47058	1E-30	2.56319738301951E-10	1E10	1E-30	1E10	1.74753910783056E-02	1.3523056801949E-05	1E10	294.228859315587	1.70425361857735E-05	1E10	61.4731217353655	1.62559254412078E-05	1E10	11.7134618677311	1.41412717712257E-05	1E10	2.4472890559157	1.68482628531634E-05	1E10	0.466321316154874	1.50301663452874E-05	1E10	0.118867802756448	1.61015972912355E-05	1E10	4.82953668537782E-02	4.98103947235193E-06	1E10	3.24049809509176E-02	1E-30	1.07984561004768E-10	9.72701695654822E-02	1E-30	7.41560890183886E-12	8.39569471734171E-02	3.86213415561785E-07	2.27510003945139E-11	2.14188673031867E-02	1.05125395781722E-07	3.68955387664062E-11	3.99208641417912E-02	6.20104831946631E-12	9.80854246447413E-11	9.84087337092345	1E10	1E-30	1E-10	1E10	1E-30	1E-10
474	6.65936618131047E-08	1E10	7352941176.47058	1E-30	2.51883650320911E-10	1E10	1E-30	1E10	1.80725041606977E-02	1.09033981958558E-05	1E10	373.420595642098	1.37795319134922E-05	1E10	56.5194942931847	1.5167320848046E-05	1E10	10.0507452967382	1.20333190141652E-05	1E10	2.30249272865055	1.74605860768047E-05	1E10	0.310597722838677	1.16846435847948E-05	1E10	0.16383971349634	8.95577679964705E-06	1E10	5.03036362010552E-02	5.14430106914145E-06	1E10	1.95897453067479E-02	1E-30	9.6703630394607E-11	9.85885813465428E-02	1E-30	5.59060024074703E-12	6.20318932251176E-02	3.86750241103577E-07	2.07692161206686E-11	2.10596247276826E-02	8.78503018283104E-08	3.95973256894664E-11	4.28423366276324E-02	5.16655036724922E-12	1.10617433776221E-10	9.41936469957487	1E10	1E-30	1E-10	1E10	1E-30	1E-10
475	6.65936618131047E-08	1E10	7352941176.47058	1E-30	2.51883650320911E-10	1E10	1E-30	1E10	1.80725041606977E-02	1.09033981958558E-05	1E10	373.420595642098	1.37795319134922E-05	1E10	56.5194942931847	1.5167320848046E-05	1E10	10.0507452967382	1.20333190141652E-05	1E10	2.30249272865055	1.74605860768047E-05	1E10	0.310597722838677	1.16846435847948E-05	1E10	0.16383971349634	8.95577679964705E-06	1E10	5.03036362010552E-02	5.14430106914145E-06	1E10	1.95897453067479E-02	1E-30	9.6703630394607E-11	9.85885813465428E-02	1E-30	5.59060024074703E-12	6.20318932251176E-02	3.86750241103577E-07	2.07692161206686E-11	2.10596247276826E-02	8.78503018283104E-08	3.95973256894664E-11	4.28423366276324E-02	5.16655036724922E-12	1.10617433776221E-10	9.41936469957487	1E10	1E-30	1E-10	1E10	1E-30	1E-10
476	9.8006487364973E-08	1E10	5E9	1E-30	1.7583205020567E-10	1E10	1E-30	1E10	1.15404317395679E-02	1.30251474409238E-05	1E10	305.476279277737	1.90487589317611E-05	1E10	32.732373053825	1.56656905674657E-05	1E10	6.23702510597823	1.30997152245233E-05	1E10	0.749131876151776	1.40439494374048E-05	1E10	8.59668224545159E-02	1.02989365098567E-05	1E10	2.66647652002172E-02	1.05126516723762E-05	1E10	6.71456480862211E-03	1E-30	1.42594874012521E-10	8.53285730737711E-02	1E-30	1.79221136850119E-11	8.44559710344519E-02	5.59195242775303E-07	2.33959068750688E-11	2.60966786008563E-02	1.5538573241485E-07	4.04991347813702E-11	4.08300327310558E-02	1.97452720672357E-11	3.08671151569865E-11	4.28299635350897	4.18208335952617E-12	6.08303034112897E-11	7.553552470765	1E10	1E-30	1E-10	1E10	1E-30	1E-10
477	9.94619362547982E-08	1E10	5E9	1E-30	2.62656868666323E-10	1E10	1E-30	1E10	0.021591627204456	1.30023286273675E-05	1E10	306.012383729679	2.36318973512213E-05	1E10	30.6012383729679	1.8843914619529E-05	1E10	7.51171326651273	1.58139877141332E-05	1E10	1.88685706315438	1.21812207527878E-05	1E10	0.136881210068443	3.58199331720403E-05	1E10	0.130538615398735	6.53930462020007E-06	1E10	2.84073399565633E-02	1E-30	1.58466662168587E-11	0.116505871533449	1E-30	1.12473192427326E-10	9.72739452788124E-02	9.53747629521817E-07	1.52423188565653E-11	1.05332543580168E-02	1.1486280098586E-07	5.03468013127567E-11	2.89512331073377E-02	4.322738087358E-12	1.01809633419626E-10	9.76478903061452	1E10	1E-30	1E-10	1E10	1E-30	1E-10	1E10	1E-30	1E-10
478	9.82295038898808E-08	1E10	5E9	1E-30	1.99108338925243E-10	1E10	1E-30	1E10	1.26566955836677E-02	1.41545291912206E-05	1E10	261.017232248985	1.87313212913776E-05	1E10	38.6072777675924	1.86143427884194E-05	1E10	6.55645644076412	1.4319060284977E-05	1E10	1.22086932004372	1.24119784961245E-05	1E10	0.153018898158203	1.34463487307786E-05	1E10	2.99376699159833E-02	7.87194067369396E-06	1E10	1.35651656572321E-02	1E-30	1.33772861927169E-10	9.34200312706787E-02	1E-30	1.31642221098631E-11	7.94969318990613E-02	4.78930819132267E-07	2.83466909360704E-11	2.90810919325455E-02	1.33331557647441E-07	4.72498689687273E-11	4.13844284209887E-02	5.71741962155483E-12	7.44843215011173E-11	7.43659235192621	1E10	1E-30	1E-10	1E10	1E-30	1E-10	1E10	1E-30	1E-10
479	9.81671893339386E-08	1E10	5E9	1E-30	2.10335877004258E-10	1E10	1E-30	1E10	1.25303545158836E-02	1.20736170093531E-05	1E10	329.551084336618	2.46903875674072E-05	1E10	21.7732242205002	1.62476626694683E-05	1E10	8.08951984894766	1.32671613449396E-05	1E10	0.9977968324493	1.13481203211056E-05	1E10	0.122150767415432	1.01734344379776E-05	1E10	2.51919945690236E-02	1.43067523959964E-05	1E10	5.66485872685001E-03	1E-30	1.4366526290809E-10	8.79715696941867E-02	1E-30	1.06309820056449E-11	5.00973224540693E-02	7.04634013798493E-07	1.9441946722919E-11	2.11926419906542E-02	1.55954231955112E-07	4.22532111614732E-11	3.79659003101844E-02	1.89003977569675E-11	3.26537111623919E-11	3.54210968812148	1.12562229150883E-11	3.26678071147124E-11	3.29724524314574	1E10	1E-30	1E-10	1E10	1E-30	1E-10
480	1.02735263102172E-07	1E10	5E9	1E-30	1.95773480134394E-10	1E10	1E-30	1E10	1.81170254408386E-02	1.21222651562372E-05	1E10	304.776045207932	2.37277612666986E-05	1E10	30.4776045207932	1.64789410590231E-05	1E10	8.58975603672319	1.46741569713251E-05	1E10	1.13570874838399	2.13486325308679E-05	1E10	0.179997706393232	1.29399334040914E-05	1E10	7.41119244097637E-02	6.02757342360864E-06	1E10	1.77250567896597E-02	1E-30	5.48056603604769E-11	0.375659039920607	1E-30	1.23183475842321E-10	0.074013918398995	5.61490888407846E-07	2.44271344368464E-11	1.46572464742536E-02	1.87183796174501E-07	3.38307807997577E-11	2.25128576970007E-02	2.69999999999999E-12	1.10546321445029E-10	16.220325346653	1E10	1E-30	1E-10	1E10	1E-30	1E-10	1E10	1E-30	1E-10
481	9.81671893339386E-08	1E10	5E9	1E-30	2.10335877004258E-10	1E10	1E-30	1E10	1.25303545158836E-02	1.20736170093531E-05	1E10	329.551084336618	2.46903875674072E-05	1E10	21.7732242205002	1.62476626694683E-05	1E10	8.08951984894766	1.32671613449396E-05	1E10	0.9977968324493	1.13481203211056E-05	1E10	0.122150767415432	1.01734344379776E-05	1E10	2.51919945690236E-02	1.43067523959964E-05	1E10	5.66485872685001E-03	1E-30	1.4366526290809E-10	8.79715696941867E-02	1E-30	1.06309820056449E-11	5.00973224540693E-02	7.04634013798493E-07	1.9441946722919E-11	2.11926419906542E-02	1.55954231955112E-07	4.22532111614732E-11	3.79659003101844E-02	1.89003977569675E-11	3.26537111623919E-11	3.54210968812148	1.12562229150883E-11	3.26678071147124E-11	3.29724524314574	1E10	1E-30	1E-10	1E10	1E-30	1E-10
482	9.81671893339386E-08	1E10	5E9	1E-30	2.10335877004258E-10	1E10	1E-30	1E10	1.25303545158836E-02	1.20736170093531E-05	1E10	329.551084336618	2.46903875674072E-05	1E10	21.7732242205002	1.62476626694683E-05	1E10	8.08951984894766	1.32671613449396E-05	1E10	0.9977968324493	1.13481203211056E-05	1E10	0.122150767415432	1.01734344379776E-05	1E10	2.51919945690236E-02	1.43067523959964E-05	1E10	5.66485872685001E-03	1E-30	1.4366526290809E-10	8.79715696941867E-02	1E-30	1.06309820056449E-11	5.00973224540693E-02	7.04634013798493E-07	1.9441946722919E-11	2.11926419906542E-02	1.55954231955112E-07	4.22532111614732E-11	3.79659003101844E-02	1.89003977569675E-11	3.26537111623919E-11	3.54210968812148	1.12562229150883E-11	3.26678071147124E-11	3.29724524314574	1E10	1E-30	1E-10	1E10	1E-30	1E-10
483	1.47916429643516E-07	1E10	3333333333.33333	1E-30	2.40690189485334E-10	1E10	1E-30	1E10	1.36126711246616E-02	1.86162106006278E-05	1E10	213.73165907154	2.25307959735463E-05	1E10	25.6961972253486	2.13341860384714E-05	1E10	3.16132289749822	2.6421287610015E-05	1E10	0.388927683524618	1.62813608130334E-05	1E10	0.104526154591326	1.11231627059525E-05	1E10	2.14636443654581E-02	1E-30	1.93143885221257E-11	8.31843348021773E-02	1E-30	1.13752923300523E-10	5.88415895677422E-02	1.17116713520775E-06	1.58387882197611E-11	1.25564290450273E-02	1.85477329733444E-07	4.51938173056945E-11	2.57767759441917E-02	8.04332370715565E-12	7.38121616076975E-11	6.00415192950189	1E10	1E-30	1E-10	1E10	1E-30	1E-10	1E10	1E-30	1E-10	1E10	1E-30	1E-10
484	1.47916429643516E-07	1E10	3333333333.33333	1E-30	2.40690189485334E-10	1E10	1E-30	1E10	1.36126711246616E-02	1.86162106006278E-05	1E10	213.73165907154	2.25307959735463E-05	1E10	25.6961972253486	2.13341860384714E-05	1E10	3.16132289749822	2.6421287610015E-05	1E10	0.388927683524618	1.62813608130334E-05	1E10	0.104526154591326	1.11231627059525E-05	1E10	2.14636443654581E-02	1E-30	1.93143885221257E-11	8.31843348021773E-02	1E-30	1.13752923300523E-10	5.88415895677422E-02	1.17116713520775E-06	1.58387882197611E-11	1.25564290450273E-02	1.85477329733444E-07	4.51938173056945E-11	2.57767759441917E-02	8.04332370715565E-12	7.38121616076975E-11	6.00415192950189	1E10	1E-30	1E-10	1E10	1E-30	1E-10	1E10	1E-30	1E-10	1E10	1E-30	1E-10
485	1.49060553931906E-07	1E10	3333333333	1E-30	1.83336649540869E-10	1E10	1E-30	1E10	1.27911624035094E-02	1.74005002725043E-05	1E10	212.325846930691	3.28747231324294E-05	1E10	13.091905598347	2.6628623589058E-05	1E10	2.02769609639532	4.49390420766675E-05	1E10	0.202769609639532	2.3118387114549E-05	1E10	0.075587003796131	1.64746862509947E-05	1E10	1.20535396632298E-02	1E-30	1.24131816175997E-11	6.24489584353886E-02	1E-30	1.03936369029301E-10	5.88291208971513E-02	1.04969965510964E-06	1.75003152285067E-11	1.01628073948544E-02	2.11065781498033E-07	3.56551762416618E-11	2.43680046489553E-02	7.14330169963488E-12	9.90391717005375E-11	14.2206461552287	2.22530382690852E-12	1.22075224613385E-10	22.2833054880361	1E10	1E-30	1E-10	1E10	1E-30	1E-10	1E10	1E-30	1E-10
486	1.49060553931906E-07	1E10	3333333333	1E-30	1.83336649540869E-10	1E10	1E-30	1E10	1.27911624035094E-02	1.74005002725043E-05	1E10	212.325846930691	3.28747231324294E-05	1E10	13.091905598347	2.6628623589058E-05	1E10	2.02769609639532	4.49390420766675E-05	1E10	0.202769609639532	2.3118387114549E-05	1E10	0.075587003796131	1.64746862509947E-05	1E10	1.20535396632298E-02	1E-30	1.24131816175997E-11	6.24489584353886E-02	1E-30	1.03936369029301E-10	5.88291208971513E-02	1.04969965510964E-06	1.75003152285067E-11	1.01628073948544E-02	2.11065781498033E-07	3.56551762416618E-11	2.43680046489553E-02	7.14330169963488E-12	9.90391717005375E-11	14.2206461552287	2.22530382690852E-12	1.22075224613385E-10	22.2833054880361	1E10	1E-30	1E-10	1E10	1E-30	1E-10	1E10	1E-30	1E-10
487	2.12209826307321E-07	1E10	2272727272.72727	1E-30	1.84118759432676E-10	1E10	1E-30	1E10	1.07594262436578E-02	2.64090757881285E-05	1E10	150.663113287969	3.60437882251047E-05	1E10	17.2984399147577	3.14438168023471E-05	1E10	2.67921112212358	2.71235568609928E-05	1E10	0.445116292834679	2.57551879419703E-05	1E10	5.90140483633356E-02	2.70334495601945E-05	1E10	1.16634942060953E-02	3.59350621234249E-05	1E10	3.75181780694637E-03	1E-30	2.41883290646552E-11	0.116639862761995	1E-30	1.32952808560284E-10	5.20720744263037E-02	1.46621697999729E-06	1.9195503542753E-11	9.86800138557869E-03	3.97904302455061E-07	3.44290244435698E-11	2.09375061141691E-02	1.04335966697654E-11	6.11681182331758E-11	6.27045283492847	4.78630092322638E-12	4.90285355531522E-11	6.7825450204763	1E10	1E-30	1E-10	1E10	1E-30	1E-10
488	2.12209826307321E-07	1E10	2272727272.72727	1E-30	1.84118759432676E-10	1E10	1E-30	1E10	1.07594262436578E-02	2.64090757881285E-05	1E10	150.663113287969	3.60437882251047E-05	1E10	17.2984399147577	3.14438168023471E-05	1E10	2.67921112212358	2.71235568609928E-05	1E10	0.445116292834679	2.57551879419703E-05	1E10	5.90140483633356E-02	2.70334495601945E-05	1E10	1.16634942060953E-02	3.59350621234249E-05	1E10	3.75181780694637E-03	1E-30	2.41883290646552E-11	0.116639862761995	1E-30	1.32952808560284E-10	5.20720744263037E-02	1.46621697999729E-06	1.9195503542753E-11	9.86800138557869E-03	3.97904302455061E-07	3.44290244435698E-11	2.09375061141691E-02	1.04335966697654E-11	6.11681182331758E-11	6.27045283492847	4.78630092322638E-12	4.90285355531522E-11	6.7825450204763	1E10	1E-30	1E-10	1E10	1E-30	1E-10
489	2.15266081111514E-07	1E10	2272727272.72727	1E-30	2.16465210040376E-10	1E10	1E-30	1E10	1.19566522065585E-02	2.38054061988021E-05	1E10	167.141595655594	4.55352985531669E-05	1E10	17.1034823552993	3.1148156177401E-05	1E10	3.91818144774396	3.2283149810241E-05	1E10	0.493269819258533	2.23392699999657E-05	1E10	0.101192608597957	1.43656739059216E-05	1E10	1.86133085888712E-02	1E-30	1.77425190264675E-11	7.99933409739773E-02	1E-30	1.19598888700304E-10	6.24158939286815E-02	1.07906101449701E-06	2.48095375336612E-11	1.38334688195611E-02	3.340852290454E-07	3.82551015133979E-11	2.30101921028083E-02	5.61757510808291E-12	8.83592221900336E-11	8.6105323835337	1E10	1E-30	1E-10	1E10	1E-30	1E-10	1E10	1E-30	1E-10	1E10	1E-30	1E-10
490	2.15266081111514E-07	1E10	2272727272.72727	1E-30	2.16465210040376E-10	1E10	1E-30	1E10	1.19566522065585E-02	2.38054061988021E-05	1E10	167.141595655594	4.55352985531669E-05	1E10	17.1034823552993	3.1148156177401E-05	1E10	3.91818144774396	3.2283149810241E-05	1E10	0.493269819258533	2.23392699999657E-05	1E10	0.101192608597957	1.43656739059216E-05	1E10	1.86133085888712E-02	1E-30	1.77425190264675E-11	7.99933409739773E-02	1E-30	1.19598888700304E-10	6.24158939286815E-02	1.07906101449701E-06	2.48095375336612E-11	1.38334688195611E-02	3.340852290454E-07	3.82551015133979E-11	2.30101921028083E-02	5.61757510808291E-12	8.83592221900336E-11	8.6105323835337	1E10	1E-30	1E-10	1E10	1E-30	1E-10	1E10	1E-30	1E-10	1E10	1E-30	1E-10
491	2.20638920894317E-07	1E10	2272727272.72727	1E-30	1.79097691085467E-10	1E10	1E-30	1E10	1.04122077523886E-02	2.55196510740725E-05	1E10	159.54581185305	4.15477322377998E-05	1E10	18.7449984246991	2.94603690793431E-05	1E10	3.57178581565471	2.67929116370749E-05	1E10	0.517368781983212	2.31403317576492E-05	1E10	6.41875132514093E-02	1.75042222019101E-05	1E10	1.19011060983299E-02	2.43833537932621E-05	1E10	1.66980862572915E-03	1E-30	2.0085170801277E-11	9.46491375530821E-02	1E-30	1.48283818662131E-10	0.051760817261688	1.3982372106209E-06	2.01287542773122E-11	0.010347765801303	4.91925510062119E-07	2.78767626812843E-11	1.74743112165088E-02	1.0258917934926E-11	6.2209628612073E-11	6.37721992040702	2.76307507466053E-12	6.36971472885595E-11	9.50935915476668	1E10	1E-30	1E-10	1E10	1E-30	1E-10
492	2.20638920894317E-07	1E10	2272727272.72727	1E-30	1.79097691085467E-10	1E10	1E-30	1E10	1.04122077523886E-02	2.55196510740725E-05	1E10	159.54581185305	4.15477322377998E-05	1E10	18.7449984246991	2.94603690793431E-05	1E10	3.57178581565471	2.67929116370749E-05	1E10	0.517368781983212	2.31403317576492E-05	1E10	6.41875132514093E-02	1.75042222019101E-05	1E10	1.19011060983299E-02	2.43833537932621E-05	1E10	1.66980862572915E-03	1E-30	2.0085170801277E-11	9.46491375530821E-02	1E-30	1.48283818662131E-10	0.051760817261688	1.3982372106209E-06	2.01287542773122E-11	0.010347765801303	4.91925510062119E-07	2.78767626812843E-11	1.74743112165088E-02	1.0258917934926E-11	6.2209628612073E-11	6.37721992040702	2.76307507466053E-12	6.36971472885595E-11	9.50935915476668	1E10	1E-30	1E-10	1E10	1E-30	1E-10
493	2.18167874829371E-07	1E10	2272727273	1E-30	1.69954120402193E-10	1E10	1E-30	1E10	8.21211543694829E-03	3.11202387648866E-05	1E10	127.854853793306	4.64430921583754E-05	1E10	18.0599781245298	4.12484400036859E-05	1E10	2.5510397155964	3.94908567714467E-05	1E10	0.359189452789575	3.77382032779607E-05	1E10	4.21734288512993E-02	3.11919370098426E-05	1E10	8.60375033555172E-03	2.16401153174639E-05	1E10	9.62654785048935E-04	1E-30	2.02484720625978E-11	0.084816601437701	1E-30	1.41686073666377E-10	5.34143913775529E-02	1.13717989305346E-06	2.59116475905845E-11	1.38413552422664E-02	4.63778448155172E-07	3.11321932466343E-11	2.11642366179096E-02	9.84397452896514E-12	6.0903614617822E-11	8.84510299861806	2.5E-12	1E-10	23.5537462142235	1E10	1E-30	1E-10	1E10	1E-30	1E-10
494	2.18167874829371E-07	1E10	2272727273	1E-30	1.69954120402193E-10	1E10	1E-30	1E10	8.21211543694829E-03	3.11202387648866E-05	1E10	127.854853793306	4.64430921583754E-05	1E10	18.0599781245298	4.12484400036859E-05	1E10	2.5510397155964	3.94908567714467E-05	1E10	0.359189452789575	3.77382032779607E-05	1E10	4.21734288512993E-02	3.11919370098426E-05	1E10	8.60375033555172E-03	2.16401153174639E-05	1E10	9.62654785048935E-04	1E-30	2.02484720625978E-11	0.084816601437701	1E-30	1.41686073666377E-10	5.34143913775529E-02	1.13717989305346E-06	2.59116475905845E-11	1.38413552422664E-02	4.63778448155172E-07	3.11321932466343E-11	2.11642366179096E-02	9.84397452896514E-12	6.0903614617822E-11	8.84510299861806	2.5E-12	1E-10	23.5537462142235	1E10	1E-30	1E-10	1E10	1E-30	1E-10
495	3.09736008807882E-07	1E10	1515151515	1E-30	2.47929641147231E-10	1E10	1E-30	1E10	1.09352574996713E-02	3.94051168971749E-05	1E10	49.8358408103497	5.61628768375727E-05	1E10	5.90941018250565	6.50667243553088E-05	1E10	1.34774729567807	4.93286982535781E-05	1E10	0.423597608123261	3.81773037398275E-05	1E10	0.100235150317757	2.15487605074967E-05	1E10	2.23381938426031E-02	1E-30	2.33559021575147E-11	9.32605718274569E-02	1E-30	1.00769875487354E-10	2.86158171985459E-02	1E-30	4.01859378500492E-11	1.57290205139622E-02	1E-30	2.04973009850887E-11	5.9126612862361E-03	3.92675659345263E-06	1.02659985659745E-11	7.54673806951048E-03	5.55862672336303E-07	3.34535826982655E-11	1.43550911616795E-02	8.82044252401868E-12	8.13862213495809E-11	7.83371374341976	1E10	1E-30	1E-10	1E10	1E-30	1E-10
496	3.09736008807882E-07	1E10	1515151515	1E-30	2.47929641147231E-10	1E10	1E-30	1E10	1.09352574996713E-02	3.94051168971749E-05	1E10	49.8358408103497	5.61628768375727E-05	1E10	5.90941018250565	6.50667243553088E-05	1E10	1.34774729567807	4.93286982535781E-05	1E10	0.423597608123261	3.81773037398275E-05	1E10	0.100235150317757	2.15487605074967E-05	1E10	2.23381938426031E-02	1E-30	2.33559021575147E-11	9.32605718274569E-02	1E-30	1.00769875487354E-10	2.86158171985459E-02	1E-30	4.01859378500492E-11	1.57290205139622E-02	1E-30	2.04973009850887E-11	5.9126612862361E-03	3.92675659345263E-06	1.02659985659745E-11	7.54673806951048E-03	5.55862672336303E-07	3.34535826982655E-11	1.43550911616795E-02	8.82044252401868E-12	8.13862213495809E-11	7.83371374341976	1E10	1E-30	1E-10	1E10	1E-30	1E-10
497	4.56518544688416E-07	1E10	1063829787	1E-30	2.20692034103848E-10	1E10	1E-30	1E10	9.10217513124469E-03	4.99769970027899E-05	1E10	79.614098803801	7.7529160750268E-05	1E10	6.93409813052765	8.93582726209648E-05	1E10	1.17757881357154	6.38266704665653E-05	1E10	0.347528145973919	6.10288358703595E-05	1E10	5.01544739642667E-02	4.63568611162516E-05	1E10	1.01556065947438E-02	1E-30	1.98701948037313E-11	6.85901447202374E-02	1E-30	1.58690375801077E-10	4.70089315323397E-02	3.11045037306498E-06	2.07345541338423E-11	8.58795225426318E-03	9.14435041871024E-07	3.50690123562083E-11	1.51948678820094E-02	5.74916850472328E-12	8.99362097270272E-11	8.2799050347571	1E10	1E-30	1E-10	1E10	1E-30	1E-10	1E10	1E-30	1E-10	1E10	1E-30	1E-10
498	4.42974549547489E-07	1E10	1063829787	1E-30	1.78315583508483E-10	1E10	1E-30	1E10	7.44149286841634E-03	5.06725247155203E-05	1E10	78.5213209650614	6.07118344174762E-05	1E10	8.22219168131835	5.58938450534054E-05	1E10	0.966023290262506	5.91470596606929E-05	1E10	0.111014556861058	3.89122230562526E-05	1E10	2.40843033621239E-02	2.85942886773531E-05	1E10	1.85532321842003E-03	1E-30	2.2934110847902E-11	8.84734628743425E-02	1E-30	1.59477448350743E-10	4.16724612095321E-02	3.48853701558302E-06	1.83438177065204E-11	6.94590992173478E-03	8.48585904226515E-07	3.86177261870772E-11	1.40678163060213E-02	1.30372872113575E-11	4.59860722020037E-11	6.27759141614561	1.58489319246111E-12	1.0095317511683E-10	18.7094056514879	1E10	1E-30	1E-10	1E10	1E-30	1E-10	1E10	1E-30	1E-10
499	3.76364144287253E-07	1E10	106382978.723404	1E-30	1.53313418488072E-10	1E10	1E-30	1E10	8.77970631052775E-03	1.28170281864424E-05	1E10	151.438476328543	1.41793802095478E-05	1E10	13.8113531907174	1.25017498662327E-05	1E10	1.73874635030586	9.40302419740034E-06	1E10	0.269299924342714	6.9843686542762E-06	1E10	3.95263544763987E-02	9.9463303254756E-06	1E10	5.10745340387297E-03	1E-30	1.86810992595665E-11	9.80421159853009E-02	1E-30	1.56490661810686E-10	5.28539766842865E-02	1.99669025502485E-06	2.26464800949253E-11	1.31428811798689E-02	5.35661270543582E-07	4.23302864796492E-11	2.02898810247806E-02	1.25282808023371E-11	3.9097898960561E-11	11.9847774155132	2.931121387427E-12	8.28221679746837E-11	19.3989751711556	1E10	1E-30	1E-10	1E10	1E-30	1E-10	1E10	1E-30	1E-10
500	3.76364144287253E-07	1E10	106382978.723404	1E-30	1.53313418488072E-10	1E10	1E-30	1E10	8.77970631052775E-03	1.28170281864424E-05	1E10	151.438476328543	1.41793802095478E-05	1E10	13.8113531907174	1.25017498662327E-05	1E10	1.73874635030586	9.40302419740034E-06	1E10	0.269299924342714	6.9843686542762E-06	1E10	3.95263544763987E-02	9.9463303254756E-06	1E10	5.10745340387297E-03	1E-30	1.86810992595665E-11	9.80421159853009E-02	1E-30	1.56490661810686E-10	5.28539766842865E-02	1.99669025502485E-06	2.26464800949253E-11	1.31428811798689E-02	5.35661270543582E-07	4.23302864796492E-11	2.02898810247806E-02	1.25282808023371E-11	3.9097898960561E-11	11.9847774155132	2.931121387427E-12	8.28221679746837E-11	19.3989751711556	1E10	1E-30	1E-10	1E10	1E-30	1E-10	1E10	1E-30	1E-10
501	9.73349123259641E-07	1E10	5E7	1E-30	1.84989216677338E-10	1E10	1E-30	1E10	5.60780676855787E-03	1.11086018212564E-04	1E10	22.1657617365924	1.2947218844512E-04	1E10	4.92693457082383	1.18328183859386E-04	1E10	1.0352605147213	1.28146466197038E-04	1E10	0.197617171710013	1.07183632548661E-04	1E10	4.32095128662145E-02	6.21542358221314E-05	1E10	0.010985950289577	1E-30	1.03130555410043E-11	0.107939894958275	1E-30	1.79876065309598E-11	4.71396534573795E-02	1E-30	1.28682464297054E-10	2.61270260985671E-02	1E-30	4.28833604583056E-11	1.00282803129975E-02	6.37613177697912E-06	2.20758170825562E-11	9.75620658301745E-03	1.04784186900161E-06	6.1344959859155E-11	1.36443088211713E-02	2.18395710330766E-11	3.17783920289973E-11	4.0291042535234	1E10	1E-30	1E-10	1E10	1E-30	1E-10
502	9.73349123259641E-07	1E10	5E7	1E-30	1.84989216677338E-10	1E10	1E-30	1E10	5.60780676855787E-03	1.11086018212564E-04	1E10	22.1657617365924	1.2947218844512E-04	1E10	4.92693457082383	1.18328183859386E-04	1E10	1.0352605147213	1.28146466197038E-04	1E10	0.197617171710013	1.07183632548661E-04	1E10	4.32095128662145E-02	6.21542358221314E-05	1E10	0.010985950289577	1E-30	1.03130555410043E-11	0.107939894958275	1E-30	1.79876065309598E-11	4.71396534573795E-02	1E-30	1.28682464297054E-10	2.61270260985671E-02	1E-30	4.28833604583056E-11	1.00282803129975E-02	6.37613177697912E-06	2.20758170825562E-11	9.75620658301745E-03	1.04784186900161E-06	6.1344959859155E-11	1.36443088211713E-02	2.18395710330766E-11	3.17783920289973E-11	4.0291042535234	1E10	1E-30	1E-10	1E10	1E-30	1E-10
503	9.73349123259641E-07	1E10	5E7	1E-30	1.84989216677338E-10	1E10	1E-30	1E10	5.60780676855787E-03	1.11086018212564E-04	1E10	22.1657617365924	1.2947218844512E-04	1E10	4.92693457082383	1.18328183859386E-04	1E10	1.0352605147213	1.28146466197038E-04	1E10	0.197617171710013	1.07183632548661E-04	1E10	4.32095128662145E-02	6.21542358221314E-05	1E10	0.010985950289577	1E-30	1.03130555410043E-11	0.107939894958275	1E-30	1.79876065309598E-11	4.71396534573795E-02	1E-30	1.28682464297054E-10	2.61270260985671E-02	1E-30	4.28833604583056E-11	1.00282803129975E-02	6.37613177697912E-06	2.20758170825562E-11	9.75620658301745E-03	1.04784186900161E-06	6.1344959859155E-11	1.36443088211713E-02	2.18395710330766E-11	3.17783920289973E-11	4.0291042535234	1E10	1E-30	1E-10	1E10	1E-30	1E-10
504	9.73349123259641E-07	1E10	5E7	1E-30	1.84989216677338E-10	1E10	1E-30	1E10	5.60780676855787E-03	1.11086018212564E-04	1E10	22.1657617365924	1.2947218844512E-04	1E10	4.92693457082383	1.18328183859386E-04	1E10	1.0352605147213	1.28146466197038E-04	1E10	0.197617171710013	1.07183632548661E-04	1E10	4.32095128662145E-02	6.21542358221314E-05	1E10	0.010985950289577	1E-30	1.03130555410043E-11	0.107939894958275	1E-30	1.79876065309598E-11	4.71396534573795E-02	1E-30	1.28682464297054E-10	2.61270260985671E-02	1E-30	4.28833604583056E-11	1.00282803129975E-02	6.37613177697912E-06	2.20758170825562E-11	9.75620658301745E-03	1.04784186900161E-06	6.1344959859155E-11	1.36443088211713E-02	2.18395710330766E-11	3.17783920289973E-11	4.0291042535234	1E10	1E-30	1E-10	1E10	1E-30	1E-10
505	9.73349123259641E-07	1E10	5E7	1E-30	1.84989216677338E-10	1E10	1E-30	1E10	5.60780676855787E-03	1.11086018212564E-04	1E10	22.1657617365924	1.2947218844512E-04	1E10	4.92693457082383	1.18328183859386E-04	1E10	1.0352605147213	1.28146466197038E-04	1E10	0.197617171710013	1.07183632548661E-04	1E10	4.32095128662145E-02	6.21542358221314E-05	1E10	0.010985950289577	1E-30	1.03130555410043E-11	0.107939894958275	1E-30	1.79876065309598E-11	4.71396534573795E-02	1E-30	1.28682464297054E-10	2.61270260985671E-02	1E-30	4.28833604583056E-11	1.00282803129975E-02	6.37613177697912E-06	2.20758170825562E-11	9.75620658301745E-03	1.04784186900161E-06	6.1344959859155E-11	1.36443088211713E-02	2.18395710330766E-11	3.17783920289973E-11	4.0291042535234	1E10	1E-30	1E-10	1E10	1E-30	1E-10
506	7.39828071585455E-07	1E10	5E7	1E-30	2.22952099672566E-10	1E10	1E-30	1E10	7.69552905708913E-03	5.35643656767996E-06	1E10	1246.87498077865	1.82481345202383E-05	1E10	19.1112948263999	1.77851847921723E-05	1E10	1.7465790111307	1.38879968079153E-05	1E10	0.203009739814256	1.03684630241065E-05	1E10	2.31500851772579E-02	1E-30	2.92523742487054E-11	0.110435481567587	1E-30	1.73659836301206E-10	4.23184743272441E-02	3.07557138336544E-06	3.05614600783778E-11	1.01908482783851E-02	9.64852933113115E-07	4.54270615313191E-11	1.55126236319264E-02	3.80118685317348E-12	8.2224613909547E-11	15.1926424318471	1E10	1E-30	1E-10	1E10	1E-30	1E-10	1E10	1E-30	1E-10	1E10	1E-30	1E-10	1E10	1E-30	1E-10
507	6.97826296556658E-07	1E10	5E8	1E-30	1.9915593174427E-10	1E10	1E-30	1E10	7.75152319452053E-03	1.26403548147581E-05	1E10	419.700621341407	2.08795620269319E-05	1E10	19.5419166382525	1.92290167163431E-05	1E10	2.11500389500889	1.6252002303189E-05	1E10	0.263658218397648	1.29236041053802E-05	1E10	3.88144574431485E-02	2.21294528967249E-05	1E10	3.78021126981732E-03	1E-30	3.1586763987486E-11	0.115764959804471	1E-30	1.89485315042189E-10	4.28630066261888E-02	2.52186816495748E-06	3.55633379921497E-11	1.15058197910151E-02	1.43905716511784E-06	3.03856319577883E-11	1.29942484697845E-02	3.32347439213612E-12	1.01601249216322E-10	26.8467052047863	1E10	1E-30	1E-10	1E10	1E-30	1E-10	1E10	1E-30	1E-10	1E10	1E-30	1E-10
508	7.39828071585455E-07	1E10	5E7	1E-30	2.22952099672566E-10	1E10	1E-30	1E10	7.69552905708913E-03	5.35643656767996E-06	1E10	1246.87498077865	1.82481345202383E-05	1E10	19.1112948263999	1.77851847921723E-05	1E10	1.7465790111307	1.38879968079153E-05	1E10	0.203009739814256	1.03684630241065E-05	1E10	2.31500851772579E-02	1E-30	2.92523742487054E-11	0.110435481567587	1E-30	1.73659836301206E-10	4.23184743272441E-02	3.07557138336544E-06	3.05614600783778E-11	1.01908482783851E-02	9.64852933113115E-07	4.54270615313191E-11	1.55126236319264E-02	3.80118685317348E-12	8.2224613909547E-11	15.1926424318471	1E10	1E-30	1E-10	1E10	1E-30	1E-10	1E10	1E-30	1E-10	1E10	1E-30	1E-10	1E10	1E-30	1E-10
509	6.97826296556658E-07	1E10	5E8	1E-30	1.9915593174427E-10	1E10	1E-30	1E10	7.75152319452053E-03	1.26403548147581E-05	1E10	419.700621341407	2.08795620269319E-05	1E10	19.5419166382525	1.92290167163431E-05	1E10	2.11500389500889	1.6252002303189E-05	1E10	0.263658218397648	1.29236041053802E-05	1E10	3.88144574431485E-02	2.21294528967249E-05	1E10	3.78021126981732E-03	1E-30	3.1586763987486E-11	0.115764959804471	1E-30	1.89485315042189E-10	4.28630066261888E-02	2.52186816495748E-06	3.55633379921497E-11	1.15058197910151E-02	1.43905716511784E-06	3.03856319577883E-11	1.29942484697845E-02	3.32347439213612E-12	1.01601249216322E-10	26.8467052047863	1E10	1E-30	1E-10	1E10	1E-30	1E-10	1E10	1E-30	1E-10	1E10	1E-30	1E-10
510	7.39828071585455E-07	1E10	5E7	1E-30	2.22952099672566E-10	1E10	1E-30	1E10	7.69552905708913E-03	5.35643656767996E-06	1E10	1246.87498077865	1.82481345202383E-05	1E10	19.1112948263999	1.77851847921723E-05	1E10	1.7465790111307	1.38879968079153E-05	1E10	0.203009739814256	1.03684630241065E-05	1E10	2.31500851772579E-02	1E-30	2.92523742487054E-11	0.110435481567587	1E-30	1.73659836301206E-10	4.23184743272441E-02	3.07557138336544E-06	3.05614600783778E-11	1.01908482783851E-02	9.64852933113115E-07	4.54270615313191E-11	1.55126236319264E-02	3.80118685317348E-12	8.2224613909547E-11	15.1926424318471	1E10	1E-30	1E-10	1E10	1E-30	1E-10	1E10	1E-30	1E-10	1E10	1E-30	1E-10	1E10	1E-30	1E-10
511	6.97826296556658E-07	1E10	5E7	1E-30	1.9915593174427E-10	1E10	1E-30	1E10	7.75152319452053E-03	1.26403548147581E-05	1E10	419.700621341407	2.08795620269319E-05	1E10	19.5419166382525	1.92290167163431E-05	1E10	2.11500389500889	1.6252002303189E-05	1E10	0.263658218397648	1.29236041053802E-05	1E10	3.88144574431485E-02	2.21294528967249E-05	1E10	3.78021126981732E-03	1E-30	3.1586763987486E-11	0.115764959804471	1E-30	1.89485315042189E-10	4.28630066261888E-02	2.52186816495748E-06	3.55633379921497E-11	1.15058197910151E-02	1.43905716511784E-06	3.03856319577883E-11	1.29942484697845E-02	3.32347439213612E-12	1.01601249216322E-10	26.8467052047863	1E10	1E-30	1E-10	1E10	1E-30	1E-10	1E10	1E-30	1E-10	1E10	1E-30	1E-10
512	7.39828071585455E-07	1E10	5E7	1E-30	2.22952099672566E-10	1E10	1E-30	1E10	7.69552905708913E-03	5.35643656767996E-06	1E10	1246.87498077865	1.82481345202383E-05	1E10	19.1112948263999	1.77851847921723E-05	1E10	1.7465790111307	1.38879968079153E-05	1E10	0.203009739814256	1.03684630241065E-05	1E10	2.31500851772579E-02	1E-30	2.92523742487054E-11	0.110435481567587	1E-30	1.73659836301206E-10	4.23184743272441E-02	3.07557138336544E-06	3.05614600783778E-11	1.01908482783851E-02	9.64852933113115E-07	4.54270615313191E-11	1.55126236319264E-02	3.80118685317348E-12	8.2224613909547E-11	15.1926424318471	1E10	1E-30	1E-10	1E10	1E-30	1E-10	1E10	1E-30	1E-10	1E10	1E-30	1E-10	1E10	1E-30	1E-10
513	6.97826296556658E-07	1E10	5E7	1E-30	1.9915593174427E-10	1E10	1E-30	1E10	7.75152319452053E-03	1.26403548147581E-05	1E10	419.700621341407	2.08795620269319E-05	1E10	19.5419166382525	1.92290167163431E-05	1E10	2.11500389500889	1.6252002303189E-05	1E10	0.263658218397648	1.29236041053802E-05	1E10	3.88144574431485E-02	2.21294528967249E-05	1E10	3.78021126981732E-03	1E-30	3.1586763987486E-11	0.115764959804471	1E-30	1.89485315042189E-10	4.28630066261888E-02	2.52186816495748E-06	3.55633379921497E-11	1.15058197910151E-02	1.43905716511784E-06	3.03856319577883E-11	1.29942484697845E-02	3.32347439213612E-12	1.01601249216322E-10	26.8467052047863	1E10	1E-30	1E-10	1E10	1E-30	1E-10	1E10	1E-30	1E-10	1E10	1E-30	1E-10
514	1.54136627165892E-06	1E10	22727273	1E-30	1.89470630125265E-10	1E10	1E-30	1E10	5.97238685237668E-03	1.89602984995417E-05	1E10	306.798835318776	4.33648735435881E-05	1E10	9.87897138459408	3.83342720849308E-05	1E10	1.11360542350535	3.32810751845138E-05	1E10	0.12255095622773	2.66411406786792E-05	1E10	1.66346216894624E-02	1E-30	3.36553268165551E-11	9.20441514731528E-02	1E-30	2.06038841555417E-10	0.032482569597657	7.93950721757535E-06	2.72422558950785E-11	4.64412067329436E-03	3.18356006583801E-06	3.60460082234443E-11	7.3711642067649E-03	3.57337885713695E-12	9.44957597499285E-11	21.7472460098585	1E10	1E-30	1E-10	1E10	1E-30	1E-10	1E10	1E-30	1E-10	1E10	1E-30	1E-10	1E10	1E-30	1E-10
515	1.54136627165892E-06	1E10	22727273	1E-30	1.89470630125265E-10	1E10	1E-30	1E10	5.97238685237668E-03	1.89602984995417E-05	1E10	306.798835318776	4.33648735435881E-05	1E10	9.87897138459408	3.83342720849308E-05	1E10	1.11360542350535	3.32810751845138E-05	1E10	0.12255095622773	2.66411406786792E-05	1E10	1.66346216894624E-02	1E-30	3.36553268165551E-11	9.20441514731528E-02	1E-30	2.06038841555417E-10	0.032482569597657	7.93950721757535E-06	2.72422558950785E-11	4.64412067329436E-03	3.18356006583801E-06	3.60460082234443E-11	7.3711642067649E-03	3.57337885713695E-12	9.44957597499285E-11	21.7472460098585	1E10	1E-30	1E-10	1E10	1E-30	1E-10	1E10	1E-30	1E-10	1E10	1E-30	1E-10	1E10	1E-30	1E-10
516	1.54136627165892E-06	1E10	22727273	1E-30	1.89470630125265E-10	1E10	1E-30	1E10	5.97238685237668E-03	1.89602984995417E-05	1E10	306.798835318776	4.33648735435881E-05	1E10	9.87897138459408	3.83342720849308E-05	1E10	1.11360542350535	3.32810751845138E-05	1E10	0.12255095622773	2.66411406786792E-05	1E10	1.66346216894624E-02	1E-30	3.36553268165551E-11	9.20441514731528E-02	1E-30	2.06038841555417E-10	0.032482569597657	7.93950721757535E-06	2.72422558950785E-11	4.64412067329436E-03	3.18356006583801E-06	3.60460082234443E-11	7.3711642067649E-03	3.57337885713695E-12	9.44957597499285E-11	21.7472460098585	1E10	1E-30	1E-10	1E10	1E-30	1E-10	1E10	1E-30	1E-10	1E10	1E-30	1E-10	1E10	1E-30	1E-10
517	1.54136627165892E-06	1E10	22727273	1E-30	1.89470630125265E-10	1E10	1E-30	1E10	5.97238685237668E-03	1.89602984995417E-05	1E10	306.798835318776	4.33648735435881E-05	1E10	9.87897138459408	3.83342720849308E-05	1E10	1.11360542350535	3.32810751845138E-05	1E10	0.12255095622773	2.66411406786792E-05	1E10	1.66346216894624E-02	1E-30	3.36553268165551E-11	9.20441514731528E-02	1E-30	2.06038841555417E-10	0.032482569597657	7.93950721757535E-06	2.72422558950785E-11	4.64412067329436E-03	3.18356006583801E-06	3.60460082234443E-11	7.3711642067649E-03	3.57337885713695E-12	9.44957597499285E-11	21.7472460098585	1E10	1E-30	1E-10	1E10	1E-30	1E-10	1E10	1E-30	1E-10	1E10	1E-30	1E-10	1E10	1E-30	1E-10
518	1.54136627165892E-06	1E10	22727272.7272727	1E-30	1.89470630125265E-10	1E10	1E-30	1E10	5.97238685237668E-03	1.89602984995417E-05	1E10	306.798835318776	4.33648735435881E-05	1E10	9.87897138459408	3.83342720849308E-05	1E10	1.11360542350535	3.32810751845138E-05	1E10	0.12255095622773	2.66411406786792E-05	1E10	1.66346216894624E-02	1E-30	3.36553268165551E-11	9.20441514731528E-02	1E-30	2.06038841555417E-10	0.032482569597657	7.93950721757535E-06	2.72422558950785E-11	4.64412067329436E-03	3.18356006583801E-06	3.60460082234443E-11	7.3711642067649E-03	3.57337885713695E-12	9.44957597499285E-11	21.7472460098585	1E10	1E-30	1E-10	1E10	1E-30	1E-10	1E10	1E-30	1E-10	1E10	1E-30	1E-10	1E10	1E-30	1E-10
519	1.54136627165892E-06	1E10	22727272.7272727	1E-30	1.89470630125265E-10	1E10	1E-30	1E10	5.97238685237668E-03	1.89602984995417E-05	1E10	306.798835318776	4.33648735435881E-05	1E10	9.87897138459408	3.83342720849308E-05	1E10	1.11360542350535	3.32810751845138E-05	1E10	0.12255095622773	2.66411406786792E-05	1E10	1.66346216894624E-02	1E-30	3.36553268165551E-11	9.20441514731528E-02	1E-30	2.06038841555417E-10	0.032482569597657	7.93950721757535E-06	2.72422558950785E-11	4.64412067329436E-03	3.18356006583801E-06	3.60460082234443E-11	7.3711642067649E-03	3.57337885713695E-12	9.44957597499285E-11	21.7472460098585	1E10	1E-30	1E-10	1E10	1E-30	1E-10	1E10	1E-30	1E-10	1E10	1E-30	1E-10	1E10	1E-30	1E-10
520	1.54136627165892E-06	1E10	22727273	1E-30	1.89470630125265E-10	1E10	1E-30	1E10	5.97238685237668E-03	1.89602984995417E-05	1E10	306.798835318776	4.33648735435881E-05	1E10	9.87897138459408	3.83342720849308E-05	1E10	1.11360542350535	3.32810751845138E-05	1E10	0.12255095622773	2.66411406786792E-05	1E10	1.66346216894624E-02	1E-30	3.36553268165551E-11	9.20441514731528E-02	1E-30	2.06038841555417E-10	0.032482569597657	7.93950721757535E-06	2.72422558950785E-11	4.64412067329436E-03	3.18356006583801E-06	3.60460082234443E-11	7.3711642067649E-03	3.57337885713695E-12	9.44957597499285E-11	21.7472460098585	1E10	1E-30	1E-10	1E10	1E-30	1E-10	1E10	1E-30	1E-10	1E10	1E-30	1E-10	1E10	1E-30	1E-10
521	1.54136627165892E-06	1E10	22727273	1E-30	1.89470630125265E-10	1E10	1E-30	1E10	5.97238685237668E-03	1.89602984995417E-05	1E10	306.798835318776	4.33648735435881E-05	1E10	9.87897138459408	3.83342720849308E-05	1E10	1.11360542350535	3.32810751845138E-05	1E10	0.12255095622773	2.66411406786792E-05	1E10	1.66346216894624E-02	1E-30	3.36553268165551E-11	9.20441514731528E-02	1E-30	2.06038841555417E-10	0.032482569597657	7.93950721757535E-06	2.72422558950785E-11	4.64412067329436E-03	3.18356006583801E-06	3.60460082234443E-11	7.3711642067649E-03	3.57337885713695E-12	9.44957597499285E-11	21.7472460098585	1E10	1E-30	1E-10	1E10	1E-30	1E-10	1E10	1E-30	1E-10	1E10	1E-30	1E-10	1E10	1E-30	1E-10
522	3.30655856126197E-06	1E10	10638298	1E-30	2.17010780550856E-10	1E10	1E-30	1E10	4.05571062867409E-03	1.46266610920514E-04	1E10	14.3777787103251	2.42282729288538E-04	1E10	1.79897867436752	2.3890510596528E-04	1E10	0.476661153556185	2.22598701379448E-04	1E10	0.142422953916049	1.50143929707301E-04	1E10	4.14793069082641E-02	9.0845980503095E-05	1E10	9.54770459700333E-03	1E-30	1.7429661623459E-11	0.12029489841249	1E-30	2.40674215191922E-11	2.56895189669167E-02	1E-30	1.69047056115767E-10	1.29609233940586E-02	1E-30	8.09810774935891E-11	8.92038621015205E-03	4.07816249210767E-05	1.4752331407461E-11	3.27836671426197E-03	4.53057934915968E-06	6.85234187358925E-11	6.70901065715405E-03	1.30595387490722E-11	4.57830863241702E-11	6.79664049205717	1E10	1E-30	1E-10	1E10	1E-30	1E-10
523	3.30655856126197E-06	1E10	10638298	1E-30	2.17010780550856E-10	1E10	1E-30	1E10	4.05571062867409E-03	1.46266610920514E-04	1E10	14.3777787103251	2.42282729288538E-04	1E10	1.79897867436752	2.3890510596528E-04	1E10	0.476661153556185	2.22598701379448E-04	1E10	0.142422953916049	1.50143929707301E-04	1E10	4.14793069082641E-02	9.0845980503095E-05	1E10	9.54770459700333E-03	1E-30	1.7429661623459E-11	0.12029489841249	1E-30	2.40674215191922E-11	2.56895189669167E-02	1E-30	1.69047056115767E-10	1.29609233940586E-02	1E-30	8.09810774935891E-11	8.92038621015205E-03	4.07816249210767E-05	1.4752331407461E-11	3.27836671426197E-03	4.53057934915968E-06	6.85234187358925E-11	6.70901065715405E-03	1.30595387490722E-11	4.57830863241702E-11	6.79664049205717	1E10	1E-30	1E-10	1E10	1E-30	1E-10
524	3.30655856126197E-06	1E10	10638298	1E-30	2.17010780550856E-10	1E10	1E-30	1E10	4.05571062867409E-03	1.46266610920514E-04	1E10	14.3777787103251	2.42282729288538E-04	1E10	1.79897867436752	2.3890510596528E-04	1E10	0.476661153556185	2.22598701379448E-04	1E10	0.142422953916049	1.50143929707301E-04	1E10	4.14793069082641E-02	9.0845980503095E-05	1E10	9.54770459700333E-03	1E-30	1.7429661623459E-11	0.12029489841249	1E-30	2.40674215191922E-11	2.56895189669167E-02	1E-30	1.69047056115767E-10	1.29609233940586E-02	1E-30	8.09810774935891E-11	8.92038621015205E-03	4.07816249210767E-05	1.4752331407461E-11	3.27836671426197E-03	4.53057934915968E-06	6.85234187358925E-11	6.70901065715405E-03	1.30595387490722E-11	4.57830863241702E-11	6.79664049205717	1E10	1E-30	1E-10	1E10	1E-30	1E-10
525	3.30655856126197E-06	1E10	10638298	1E-30	2.17010780550856E-10	1E10	1E-30	1E10	4.05571062867409E-03	1.46266610920514E-04	1E10	14.3777787103251	2.42282729288538E-04	1E10	1.79897867436752	2.3890510596528E-04	1E10	0.476661153556185	2.22598701379448E-04	1E10	0.142422953916049	1.50143929707301E-04	1E10	4.14793069082641E-02	9.0845980503095E-05	1E10	9.54770459700333E-03	1E-30	1.7429661623459E-11	0.12029489841249	1E-30	2.40674215191922E-11	2.56895189669167E-02	1E-30	1.69047056115767E-10	1.29609233940586E-02	1E-30	8.09810774935891E-11	8.92038621015205E-03	4.07816249210767E-05	1.4752331407461E-11	3.27836671426197E-03	4.53057934915968E-06	6.85234187358925E-11	6.70901065715405E-03	1.30595387490722E-11	4.57830863241702E-11	6.79664049205717	1E10	1E-30	1E-10	1E10	1E-30	1E-10
526	3.30655856126197E-06	1E10	10638298	1E-30	2.17010780550856E-10	1E10	1E-30	1E10	4.05571062867409E-03	1.46266610920514E-04	1E10	14.3777787103251	2.42282729288538E-04	1E10	1.79897867436752	2.3890510596528E-04	1E10	0.476661153556185	2.22598701379448E-04	1E10	0.142422953916049	1.50143929707301E-04	1E10	4.14793069082641E-02	9.0845980503095E-05	1E10	9.54770459700333E-03	1E-30	1.7429661623459E-11	0.12029489841249	1E-30	2.40674215191922E-11	2.56895189669167E-02	1E-30	1.69047056115767E-10	1.29609233940586E-02	1E-30	8.09810774935891E-11	8.92038621015205E-03	4.07816249210767E-05	1.4752331407461E-11	3.27836671426197E-03	4.53057934915968E-06	6.85234187358925E-11	6.70901065715405E-03	1.30595387490722E-11	4.57830863241702E-11	6.79664049205717	1E10	1E-30	1E-10	1E10	1E-30	1E-10
527	3.30655856126197E-06	1E10	10638298	1E-30	2.17010780550856E-10	1E10	1E-30	1E10	4.05571062867409E-03	1.46266610920514E-04	1E10	14.3777787103251	2.42282729288538E-04	1E10	1.79897867436752	2.3890510596528E-04	1E10	0.476661153556185	2.22598701379448E-04	1E10	0.142422953916049	1.50143929707301E-04	1E10	4.14793069082641E-02	9.0845980503095E-05	1E10	9.54770459700333E-03	1E-30	1.7429661623459E-11	0.12029489841249	1E-30	2.40674215191922E-11	2.56895189669167E-02	1E-30	1.69047056115767E-10	1.29609233940586E-02	1E-30	8.09810774935891E-11	8.92038621015205E-03	4.07816249210767E-05	1.4752331407461E-11	3.27836671426197E-03	4.53057934915968E-06	6.85234187358925E-11	6.70901065715405E-03	1.30595387490722E-11	4.57830863241702E-11	6.79664049205717	1E10	1E-30	1E-10	1E10	1E-30	1E-10
528	3.30655856126197E-06	1E10	10638298	1E-30	2.17010780550856E-10	1E10	1E-30	1E10	4.05571062867409E-03	1.46266610920514E-04	1E10	14.3777787103251	2.42282729288538E-04	1E10	1.79897867436752	2.3890510596528E-04	1E10	0.476661153556185	2.22598701379448E-04	1E10	0.142422953916049	1.50143929707301E-04	1E10	4.14793069082641E-02	9.0845980503095E-05	1E10	9.54770459700333E-03	1E-30	1.7429661623459E-11	0.12029489841249	1E-30	2.40674215191922E-11	2.56895189669167E-02	1E-30	1.69047056115767E-10	1.29609233940586E-02	1E-30	8.09810774935891E-11	8.92038621015205E-03	4.07816249210767E-05	1.4752331407461E-11	3.27836671426197E-03	4.53057934915968E-06	6.85234187358925E-11	6.70901065715405E-03	1.30595387490722E-11	4.57830863241702E-11	6.79664049205717	1E10	1E-30	1E-10	1E10	1E-30	1E-10
529	7.05282126101386E-06	1E10	5E6	1E-30	1.44099842879776E-10	1E10	1E-30	1E10	3.27889629474316E-03	2.3468228572057E-04	1E10	18.3595385822371	2.89570151975765E-04	1E10	1.62216870117756	3.45629957572508E-04	1E10	0.202858004694009	2.82134308566576E-04	1E10	4.13146773938719E-02	2.07174304159185E-04	1E10	8.01346960072762E-03	5.7391999048725E-04	1E10	5.74813993881871E-04	1E-30	2.95606594890384E-11	0.103424621490817	1E-30	4.86368123970763E-11	2.29905602236555E-02	1E-30	2.54910098006512E-10	1.49282598426138E-02	1.20702448830075E-05	7.84683560032994E-11	4.25635966316234E-03	2.25727334015854E-05	1.42280930521201E-11	1.51609039943529E-03	1.07016145014176E-11	5.5541218859628E-11	7.65826668167353	5.91570659991474E-12	4.37442596848758E-11	14.4434181904332	1E10	1E-30	1E-10	1E10	1E-30	1E-10
530	7.05282126101386E-06	1E10	5E6	1E-30	1.44099842879776E-10	1E10	1E-30	1E10	3.27889629474316E-03	2.3468228572057E-04	1E10	18.3595385822371	2.89570151975765E-04	1E10	1.62216870117756	3.45629957572508E-04	1E10	0.202858004694009	2.82134308566576E-04	1E10	4.13146773938719E-02	2.07174304159185E-04	1E10	8.01346960072762E-03	5.7391999048725E-04	1E10	5.74813993881871E-04	1E-30	2.95606594890384E-11	0.103424621490817	1E-30	4.86368123970763E-11	2.29905602236555E-02	1E-30	2.54910098006512E-10	1.49282598426138E-02	1.20702448830075E-05	7.84683560032994E-11	4.25635966316234E-03	2.25727334015854E-05	1.42280930521201E-11	1.51609039943529E-03	1.07016145014176E-11	5.5541218859628E-11	7.65826668167353	5.91570659991474E-12	4.37442596848758E-11	14.4434181904332	1E10	1E-30	1E-10	1E10	1E-30	1E-10
531	7.05282126101386E-06	1E10	5E6	1E-30	1.44099842879776E-10	1E10	1E-30	1E10	3.27889629474316E-03	2.3468228572057E-04	1E10	18.3595385822371	2.89570151975765E-04	1E10	1.62216870117756	3.45629957572508E-04	1E10	0.202858004694009	2.82134308566576E-04	1E10	4.13146773938719E-02	2.07174304159185E-04	1E10	8.01346960072762E-03	5.7391999048725E-04	1E10	5.74813993881871E-04	1E-30	2.95606594890384E-11	0.103424621490817	1E-30	4.86368123970763E-11	2.29905602236555E-02	1E-30	2.54910098006512E-10	1.49282598426138E-02	1.20702448830075E-05	7.84683560032994E-11	4.25635966316234E-03	2.25727334015854E-05	1.42280930521201E-11	1.51609039943529E-03	1.07016145014176E-11	5.5541218859628E-11	7.65826668167353	5.91570659991474E-12	4.37442596848758E-11	14.4434181904332	1E10	1E-30	1E-10	1E10	1E-30	1E-10
532	7.05282126101386E-06	1E10	5E6	1E-30	1.44099842879776E-10	1E10	1E-30	1E10	3.27889629474316E-03	2.3468228572057E-04	1E10	18.3595385822371	2.89570151975765E-04	1E10	1.62216870117756	3.45629957572508E-04	1E10	0.202858004694009	2.82134308566576E-04	1E10	4.13146773938719E-02	2.07174304159185E-04	1E10	8.01346960072762E-03	5.7391999048725E-04	1E10	5.74813993881871E-04	1E-30	2.95606594890384E-11	0.103424621490817	1E-30	4.86368123970763E-11	2.29905602236555E-02	1E-30	2.54910098006512E-10	1.49282598426138E-02	1.20702448830075E-05	7.84683560032994E-11	4.25635966316234E-03	2.25727334015854E-05	1.42280930521201E-11	1.51609039943529E-03	1.07016145014176E-11	5.5541218859628E-11	7.65826668167353	5.91570659991474E-12	4.37442596848758E-11	14.4434181904332	1E10	1E-30	1E-10	1E10	1E-30	1E-10
533	6.58814878566852E-06	1E10	5E6	1E-30	2.07860114178682E-10	1E10	1E-30	1E10	3.22980839255698E-03	2.64738251387296E-04	1E10	5.6707089569762	4.37329189043536E-04	1E10	0.614736323448106	3.59859587856273E-04	1E10	0.174275743191646	2.85394080412068E-04	1E10	3.83102847163219E-02	1.52202465655424E-04	1E10	7.70666511095257E-03	1E-30	2.75180316640589E-11	0.11281193468246	1E-30	3.30195843854192E-11	2.41178420384474E-02	1E-30	2.22030874546654E-10	1.22604774714779E-02	1E-30	8.53787796033472E-11	6.34559737381384E-03	5.74585971405839E-05	2.42295379899026E-11	3.28667433285676E-03	7.74118328811754E-06	8.95244362391786E-11	5.56763044240141E-03	3.92274741094523E-11	1.40258587064757E-11	0.653954235885266	1E10	1E-30	1E-10	1E10	1E-30	1E-10	1E10	1E-30	1E-10
534	1.78361750145594E-05	1E10	2272727	1E-30	1.79554359614111E-10	1E10	1E-30	1E10	2.35477777442252E-03	1.58433863929976E-03	1E10	1.52241747404584	2.07788769719666E-03	1E10	0.274812615141012	1.73097879952057E-03	1E10	6.36657182319877E-02	2.23160621685446E-03	1E10	1.07300695124585E-02	1.24488007084208E-03	1E10	2.58421444511646E-03	1E-30	2.81654720959963E-11	0.110610333582394	1E-30	5.91342866957577E-11	0.022799742407642	1E-30	2.41519861691093E-10	7.54705603642096E-03	1E-30	1.07104667388059E-10	4.71831458204548E-03	1.32294501259798E-04	3.38187912368484E-11	1.77069048545658E-03	2.51720035666715E-05	8.2708883915125E-11	2.90116736624196E-03	1.38773382058965E-11	3.4053262936752E-11	2.95908836309161	1E10	1E-30	1E-10	1E10	1E-30	1E-10	1E10	1E-30	1E-10
535	1.78361750145594E-05	1E10	2272727	1E-30	1.79554359614111E-10	1E10	1E-30	1E10	2.35477777442252E-03	1.58433863929976E-03	1E10	1.52241747404584	2.07788769719666E-03	1E10	0.274812615141012	1.73097879952057E-03	1E10	6.36657182319877E-02	2.23160621685446E-03	1E10	1.07300695124585E-02	1.24488007084208E-03	1E10	2.58421444511646E-03	1E-30	2.81654720959963E-11	0.110610333582394	1E-30	5.91342866957577E-11	0.022799742407642	1E-30	2.41519861691093E-10	7.54705603642096E-03	1E-30	1.07104667388059E-10	4.71831458204548E-03	1.32294501259798E-04	3.38187912368484E-11	1.77069048545658E-03	2.51720035666715E-05	8.2708883915125E-11	2.90116736624196E-03	1.38773382058965E-11	3.4053262936752E-11	2.95908836309161	1E10	1E-30	1E-10	1E10	1E-30	1E-10	1E10	1E-30	1E-10
536	1.78361750145595E-05	1E10	2272727	1E-30	1.79554359614111E-10	1E10	1E-30	1E10	2.35477777442252E-03	1.58433863929977E-03	1E10	1.52241747404584	2.07788769719667E-03	1E10	0.274812615141012	1.73097879952057E-03	1E10	6.36657182319878E-02	2.23160621685446E-03	1E10	1.07300695124586E-02	1.24488007084208E-03	1E10	2.58421444511647E-03	1E-30	2.81654720959964E-11	0.110610333582394	1E-30	5.91342866957578E-11	0.022799742407642	1E-30	2.41519861691093E-10	7.54705603642096E-03	1E-30	1.0710466738806E-10	4.71831458204549E-03	1.32294501259799E-04	3.38187912368485E-11	1.77069048545658E-03	2.51720035666715E-05	8.27088839151251E-11	2.90116736624196E-03	1.38773382058966E-11	3.40532629367521E-11	2.95908836309161	1E10	1E-30	1E-10	1E10	1E-30	1E-10	1E10	1E-30	1E-10
537	1.78361750145594E-05	1E10	2272727	1E-30	1.79554359614111E-10	1E10	1E-30	1E10	2.35477777442252E-03	1.58433863929976E-03	1E10	1.52241747404584	2.07788769719666E-03	1E10	0.274812615141012	1.73097879952057E-03	1E10	6.36657182319877E-02	2.23160621685446E-03	1E10	1.07300695124585E-02	1.24488007084208E-03	1E10	2.58421444511646E-03	1E-30	2.81654720959963E-11	0.110610333582394	1E-30	5.91342866957577E-11	0.022799742407642	1E-30	2.41519861691093E-10	7.54705603642096E-03	1E-30	1.07104667388059E-10	4.71831458204548E-03	1.32294501259798E-04	3.38187912368484E-11	1.77069048545658E-03	2.51720035666715E-05	8.2708883915125E-11	2.90116736624196E-03	1.38773382058965E-11	3.4053262936752E-11	2.95908836309161	1E10	1E-30	1E-10	1E10	1E-30	1E-10	1E10	1E-30	1E-10
END DSCRDATA
