BEGIN DSCRDATA
% INDEX	K01	L01	M01	K02	L02	M02	K03	L03	M03	K04	L04	M04	K05	L05	M05	K06	L06	M06	K07	L07	M07	K08	L08	M08	K09	L09	M09	K10	L10	M10	K11	L11	M11	K12	L12	M12	K13	L13	M13	K14	L14	M14	K15	L15	M15	K16	L16	M16	K17	L17	M17	K18	L18	M18
0	0	0	0	0	0	0	0	0	0	0	0	0	0	0	0	0	0	0	0	0	0	0	0	0	0	0	0	0	0	0	0	0	0	0	0	0	0	0	0	0	0	0	0	0	0	0	0	0	0	0	0	0	0	0
1	1E-11	1E10	1E11	1E-30	6.46401149372555E-11	1E10	1E-30	1E10	0.234100138810514	6.65534382500493E-11	1E10	2807.09684340181	1E-30	3.12354332868111E-11	0.304461290623304	6.87917445871723E-13	5.2528315243422E-10	265.36277258308	1E10	1E-30	1E-10	1E10	1E-30	1E-10	1E10	1E-30	1E-10	1E10	1E-30	1E-10	1E10	1E-30	1E-10	1E10	1E-30	1E-10	1E10	1E-30	1E-10	1E10	1E-30	1E-10	1E10	1E-30	1E-10	1E10	1E-30	1E-10	1E10	1E-30	1E-10	1E10	1E-30	1E-10
2	1E-11	1E10	1E11	1E-30	6.46401149372555E-11	1E10	1E-30	1E10	0.234100138810514	6.65534382500493E-11	1E10	2807.09684340181	1E-30	3.12354332868111E-11	0.304461290623304	6.87917445871723E-13	5.2528315243422E-10	265.36277258308	1E10	1E-30	1E-10	1E10	1E-30	1E-10	1E10	1E-30	1E-10	1E10	1E-30	1E-10	1E10	1E-30	1E-10	1E10	1E-30	1E-10	1E10	1E-30	1E-10	1E10	1E-30	1E-10	1E10	1E-30	1E-10	1E10	1E-30	1E-10	1E10	1E-30	1E-10	1E10	1E-30	1E-10
3	1E-11	1E10	1E11	1E-30	6.46401149372555E-11	1E10	1E-30	1E10	0.234100138810514	6.65534382500493E-11	1E10	2807.09684340181	1E-30	3.12354332868111E-11	0.304461290623304	6.87917445871723E-13	5.2528315243422E-10	265.36277258308	1E10	1E-30	1E-10	1E10	1E-30	1E-10	1E10	1E-30	1E-10	1E10	1E-30	1E-10	1E10	1E-30	1E-10	1E10	1E-30	1E-10	1E10	1E-30	1E-10	1E10	1E-30	1E-10	1E10	1E-30	1E-10	1E10	1E-30	1E-10	1E10	1E-30	1E-10	1E10	1E-30	1E-10
4	1E-11	1E10	1E11	1E-30	6.46401149372555E-11	1E10	1E-30	1E10	0.234100138810514	6.65534382500493E-11	1E10	2807.09684340181	1E-30	3.12354332868111E-11	0.304461290623304	6.87917445871723E-13	5.2528315243422E-10	265.36277258308	1E10	1E-30	1E-10	1E10	1E-30	1E-10	1E10	1E-30	1E-10	1E10	1E-30	1E-10	1E10	1E-30	1E-10	1E10	1E-30	1E-10	1E10	1E-30	1E-10	1E10	1E-30	1E-10	1E10	1E-30	1E-10	1E10	1E-30	1E-10	1E10	1E-30	1E-10	1E10	1E-30	1E-10
5	1E-11	1E10	1E11	1E-30	6.46401149372555E-11	1E10	1E-30	1E10	0.234100138810514	6.65534382500493E-11	1E10	2807.09684340181	1E-30	3.12354332868111E-11	0.304461290623304	6.87917445871723E-13	5.2528315243422E-10	265.36277258308	1E10	1E-30	1E-10	1E10	1E-30	1E-10	1E10	1E-30	1E-10	1E10	1E-30	1E-10	1E10	1E-30	1E-10	1E10	1E-30	1E-10	1E10	1E-30	1E-10	1E10	1E-30	1E-10	1E10	1E-30	1E-10	1E10	1E-30	1E-10	1E10	1E-30	1E-10	1E10	1E-30	1E-10
6	1E-11	1E10	1E11	1E-30	6.46401149372555E-11	1E10	1E-30	1E10	0.234100138810514	6.65534382500493E-11	1E10	2807.09684340181	1E-30	3.12354332868111E-11	0.304461290623304	6.87917445871723E-13	5.2528315243422E-10	265.36277258308	1E10	1E-30	1E-10	1E10	1E-30	1E-10	1E10	1E-30	1E-10	1E10	1E-30	1E-10	1E10	1E-30	1E-10	1E10	1E-30	1E-10	1E10	1E-30	1E-10	1E10	1E-30	1E-10	1E10	1E-30	1E-10	1E10	1E-30	1E-10	1E10	1E-30	1E-10	1E10	1E-30	1E-10
7	1.2E-11	1E10	1E11	1E-30	6.86476016946641E-11	1E10	1E-30	1E10	0.294529257967688	5.21849974247103E-09	1E10	14.9238964204322	1E-30	1.59833897094195E-11	0.726444051289561	1.14464500018212E-11	5.04275209024137E-11	14.8719356450623	8.42250732068449E-13	4.54028375475466E-10	206.003657520242	1E10	1E-30	1E-10	1E10	1E-30	1E-10	1E10	1E-30	1E-10	1E10	1E-30	1E-10	1E10	1E-30	1E-10	1E10	1E-30	1E-10	1E10	1E-30	1E-10	1E10	1E-30	1E-10	1E10	1E-30	1E-10	1E10	1E-30	1E-10	1E10	1E-30	1E-10
8	1.2E-11	1E10	1E11	1E-30	6.86476016946641E-11	1E10	1E-30	1E10	0.294529257967688	5.21849974247103E-09	1E10	14.9238964204322	1E-30	1.59833897094195E-11	0.726444051289561	1.14464500018212E-11	5.04275209024137E-11	14.8719356450623	8.42250732068449E-13	4.54028375475466E-10	206.003657520242	1E10	1E-30	1E-10	1E10	1E-30	1E-10	1E10	1E-30	1E-10	1E10	1E-30	1E-10	1E10	1E-30	1E-10	1E10	1E-30	1E-10	1E10	1E-30	1E-10	1E10	1E-30	1E-10	1E10	1E-30	1E-10	1E10	1E-30	1E-10	1E10	1E-30	1E-10
9	1.2E-11	1E10	1E11	1E-30	6.86476016946641E-11	1E10	1E-30	1E10	0.294529257967688	5.21849974247103E-09	1E10	14.9238964204322	1E-30	1.59833897094195E-11	0.726444051289561	1.14464500018212E-11	5.04275209024137E-11	14.8719356450623	8.42250732068449E-13	4.54028375475466E-10	206.003657520242	1E10	1E-30	1E-10	1E10	1E-30	1E-10	1E10	1E-30	1E-10	1E10	1E-30	1E-10	1E10	1E-30	1E-10	1E10	1E-30	1E-10	1E10	1E-30	1E-10	1E10	1E-30	1E-10	1E10	1E-30	1E-10	1E10	1E-30	1E-10	1E10	1E-30	1E-10
10	1.2E-11	1E10	1E11	1E-30	6.86476016946641E-11	1E10	1E-30	1E10	0.294529257967688	5.21849974247103E-09	1E10	14.9238964204322	1E-30	1.59833897094195E-11	0.726444051289561	1.14464500018212E-11	5.04275209024137E-11	14.8719356450623	8.42250732068449E-13	4.54028375475466E-10	206.003657520242	1E10	1E-30	1E-10	1E10	1E-30	1E-10	1E10	1E-30	1E-10	1E10	1E-30	1E-10	1E10	1E-30	1E-10	1E10	1E-30	1E-10	1E10	1E-30	1E-10	1E10	1E-30	1E-10	1E10	1E-30	1E-10	1E10	1E-30	1E-10	1E10	1E-30	1E-10
11	1.2E-11	1E10	1E11	1E-30	6.86476016946641E-11	1E10	1E-30	1E10	0.294529257967688	5.21849974247103E-09	1E10	14.9238964204322	1E-30	1.59833897094195E-11	0.726444051289561	1.14464500018212E-11	5.04275209024137E-11	14.8719356450623	8.42250732068449E-13	4.54028375475466E-10	206.003657520242	1E10	1E-30	1E-10	1E10	1E-30	1E-10	1E10	1E-30	1E-10	1E10	1E-30	1E-10	1E10	1E-30	1E-10	1E10	1E-30	1E-10	1E10	1E-30	1E-10	1E10	1E-30	1E-10	1E10	1E-30	1E-10	1E10	1E-30	1E-10	1E10	1E-30	1E-10
12	1.2E-11	1E10	1E11	1E-30	6.86476016946641E-11	1E10	1E-30	1E10	0.294529257967688	5.21849974247103E-09	1E10	14.9238964204322	1E-30	1.59833897094195E-11	0.726444051289561	1.14464500018212E-11	5.04275209024137E-11	14.8719356450623	8.42250732068449E-13	4.54028375475466E-10	206.003657520242	1E10	1E-30	1E-10	1E10	1E-30	1E-10	1E10	1E-30	1E-10	1E10	1E-30	1E-10	1E10	1E-30	1E-10	1E10	1E-30	1E-10	1E10	1E-30	1E-10	1E10	1E-30	1E-10	1E10	1E-30	1E-10	1E10	1E-30	1E-10	1E10	1E-30	1E-10
13	1.5E-11	1E10	1E11	1E-30	1.32605521563121E-10	1E10	1E-30	1E10	0.250190209961242	3.57455402294841E-10	1E10	38.7441401916598	3.12279749719782E-11	3.2945607153189E-11	8.92028126819858	8.86180153365782E-12	8.77445031769148E-11	15.052330231995	2.89107882221247E-12	2.14153960219407E-10	74.3914481850905	4.23695975147178E-12	9.567124092465E-11	37.5145252143275	1E10	1E-30	1E-10	1E10	1E-30	1E-10	1E10	1E-30	1E-10	1E10	1E-30	1E-10	1E10	1E-30	1E-10	1E10	1E-30	1E-10	1E10	1E-30	1E-10	1E10	1E-30	1E-10	1E10	1E-30	1E-10	1E10	1E-30	1E-10
14	1.5E-11	1E10	1E11	1E-30	1.32605521563121E-10	1E10	1E-30	1E10	0.250190209961242	3.57455402294841E-10	1E10	38.7441401916598	3.12279749719782E-11	3.2945607153189E-11	8.92028126819858	8.86180153365782E-12	8.77445031769148E-11	15.052330231995	2.89107882221247E-12	2.14153960219407E-10	74.3914481850905	4.23695975147178E-12	9.567124092465E-11	37.5145252143275	1E10	1E-30	1E-10	1E10	1E-30	1E-10	1E10	1E-30	1E-10	1E10	1E-30	1E-10	1E10	1E-30	1E-10	1E10	1E-30	1E-10	1E10	1E-30	1E-10	1E10	1E-30	1E-10	1E10	1E-30	1E-10	1E10	1E-30	1E-10
15	1.5E-11	1E10	1E11	1E-30	1.32605521563121E-10	1E10	1E-30	1E10	0.250190209961242	3.57455402294841E-10	1E10	38.7441401916598	3.12279749719782E-11	3.2945607153189E-11	8.92028126819858	8.86180153365782E-12	8.77445031769148E-11	15.052330231995	2.89107882221247E-12	2.14153960219407E-10	74.3914481850905	4.23695975147178E-12	9.567124092465E-11	37.5145252143275	1E10	1E-30	1E-10	1E10	1E-30	1E-10	1E10	1E-30	1E-10	1E10	1E-30	1E-10	1E10	1E-30	1E-10	1E10	1E-30	1E-10	1E10	1E-30	1E-10	1E10	1E-30	1E-10	1E10	1E-30	1E-10	1E10	1E-30	1E-10
16	1.5E-11	1E10	1E11	1E-30	1.32605521563121E-10	1E10	1E-30	1E10	0.250190209961242	3.57455402294841E-10	1E10	38.7441401916598	3.12279749719782E-11	3.2945607153189E-11	8.92028126819858	8.86180153365782E-12	8.77445031769148E-11	15.052330231995	2.89107882221247E-12	2.14153960219407E-10	74.3914481850905	4.23695975147178E-12	9.567124092465E-11	37.5145252143275	1E10	1E-30	1E-10	1E10	1E-30	1E-10	1E10	1E-30	1E-10	1E10	1E-30	1E-10	1E10	1E-30	1E-10	1E10	1E-30	1E-10	1E10	1E-30	1E-10	1E10	1E-30	1E-10	1E10	1E-30	1E-10	1E10	1E-30	1E-10
17	1.5E-11	1E10	1E11	1E-30	1.32605521563121E-10	1E10	1E-30	1E10	0.250190209961242	3.57455402294841E-10	1E10	38.7441401916598	3.12279749719782E-11	3.2945607153189E-11	8.92028126819858	8.86180153365782E-12	8.77445031769148E-11	15.052330231995	2.89107882221247E-12	2.14153960219407E-10	74.3914481850905	4.23695975147178E-12	9.567124092465E-11	37.5145252143275	1E10	1E-30	1E-10	1E10	1E-30	1E-10	1E10	1E-30	1E-10	1E10	1E-30	1E-10	1E10	1E-30	1E-10	1E10	1E-30	1E-10	1E10	1E-30	1E-10	1E10	1E-30	1E-10	1E10	1E-30	1E-10	1E10	1E-30	1E-10
18	1.5E-11	1E10	1E11	1E-30	1.32605521563121E-10	1E10	1E-30	1E10	0.250190209961242	3.57455402294841E-10	1E10	38.7441401916598	3.12279749719782E-11	3.2945607153189E-11	8.92028126819858	8.86180153365782E-12	8.77445031769148E-11	15.052330231995	2.89107882221247E-12	2.14153960219407E-10	74.3914481850905	4.23695975147178E-12	9.567124092465E-11	37.5145252143275	1E10	1E-30	1E-10	1E10	1E-30	1E-10	1E10	1E-30	1E-10	1E10	1E-30	1E-10	1E10	1E-30	1E-10	1E10	1E-30	1E-10	1E10	1E-30	1E-10	1E10	1E-30	1E-10	1E10	1E-30	1E-10	1E10	1E-30	1E-10
19	1.8E-11	1E10	1E11	1E-30	1.01870701341279E-10	1E10	1E-30	1E10	0.24227144050757	2.77990671156372E-06	1E10	106.511786840321	2.08142079474975E-10	5.6198675098152E-12	2.42075113835625	4.09064719038601E-12	1.27851403403369E-10	55.804720700836	9.28254279073471E-13	3.30605152361358E-10	96.1293474911971	1E10	1E-30	1E-10	1E10	1E-30	1E-10	1E10	1E-30	1E-10	1E10	1E-30	1E-10	1E10	1E-30	1E-10	1E10	1E-30	1E-10	1E10	1E-30	1E-10	1E10	1E-30	1E-10	1E10	1E-30	1E-10	1E10	1E-30	1E-10	1E10	1E-30	1E-10
20	1.8E-11	1E10	1E11	1E-30	1.01870701341279E-10	1E10	1E-30	1E10	0.24227144050757	2.77990671156372E-06	1E10	106.511786840321	2.08142079474975E-10	5.6198675098152E-12	2.42075113835625	4.09064719038601E-12	1.27851403403369E-10	55.804720700836	9.28254279073471E-13	3.30605152361358E-10	96.1293474911971	1E10	1E-30	1E-10	1E10	1E-30	1E-10	1E10	1E-30	1E-10	1E10	1E-30	1E-10	1E10	1E-30	1E-10	1E10	1E-30	1E-10	1E10	1E-30	1E-10	1E10	1E-30	1E-10	1E10	1E-30	1E-10	1E10	1E-30	1E-10	1E10	1E-30	1E-10
21	1.8E-11	1E10	1E11	1E-30	1.01870701341279E-10	1E10	1E-30	1E10	0.24227144050757	2.77990671156372E-06	1E10	106.511786840321	2.08142079474975E-10	5.6198675098152E-12	2.42075113835625	4.09064719038601E-12	1.27851403403369E-10	55.804720700836	9.28254279073471E-13	3.30605152361358E-10	96.1293474911971	1E10	1E-30	1E-10	1E10	1E-30	1E-10	1E10	1E-30	1E-10	1E10	1E-30	1E-10	1E10	1E-30	1E-10	1E10	1E-30	1E-10	1E10	1E-30	1E-10	1E10	1E-30	1E-10	1E10	1E-30	1E-10	1E10	1E-30	1E-10	1E10	1E-30	1E-10
22	1.8E-11	1E10	1E11	1E-30	1.01870701341279E-10	1E10	1E-30	1E10	0.24227144050757	2.77990671156372E-06	1E10	106.511786840321	2.08142079474975E-10	5.6198675098152E-12	2.42075113835625	4.09064719038601E-12	1.27851403403369E-10	55.804720700836	9.28254279073471E-13	3.30605152361358E-10	96.1293474911971	1E10	1E-30	1E-10	1E10	1E-30	1E-10	1E10	1E-30	1E-10	1E10	1E-30	1E-10	1E10	1E-30	1E-10	1E10	1E-30	1E-10	1E10	1E-30	1E-10	1E10	1E-30	1E-10	1E10	1E-30	1E-10	1E10	1E-30	1E-10	1E10	1E-30	1E-10
23	1.8E-11	1E10	1E11	1E-30	1.01870701341279E-10	1E10	1E-30	1E10	0.24227144050757	2.77990671156372E-06	1E10	106.511786840321	2.08142079474975E-10	5.6198675098152E-12	2.42075113835625	4.09064719038601E-12	1.27851403403369E-10	55.804720700836	9.28254279073471E-13	3.30605152361358E-10	96.1293474911971	1E10	1E-30	1E-10	1E10	1E-30	1E-10	1E10	1E-30	1E-10	1E10	1E-30	1E-10	1E10	1E-30	1E-10	1E10	1E-30	1E-10	1E10	1E-30	1E-10	1E10	1E-30	1E-10	1E10	1E-30	1E-10	1E10	1E-30	1E-10	1E10	1E-30	1E-10
24	1.8E-11	1E10	1E11	1E-30	1.01870701341279E-10	1E10	1E-30	1E10	0.24227144050757	2.77990671156372E-06	1E10	106.511786840321	2.08142079474975E-10	5.6198675098152E-12	2.42075113835625	4.09064719038601E-12	1.27851403403369E-10	55.804720700836	9.28254279073471E-13	3.30605152361358E-10	96.1293474911971	1E10	1E-30	1E-10	1E10	1E-30	1E-10	1E10	1E-30	1E-10	1E10	1E-30	1E-10	1E10	1E-30	1E-10	1E10	1E-30	1E-10	1E10	1E-30	1E-10	1E10	1E-30	1E-10	1E10	1E-30	1E-10	1E10	1E-30	1E-10	1E10	1E-30	1E-10
25	2.2E-11	1E10	1E11	1E-30	4.81038216751854E-12	1E10	1E-30	1E10	0.22547881388261	6.61754793059381E-10	1E10	109.832481757574	1.50291861090486E-10	1.05278403463794E-11	2.37833208886191	8.058830596994E-12	8.29990787857543E-11	23.8419772005311	1.37086275162674E-11	2.90814695186089E-11	4.04222346513236	7.53658727735834E-13	4.08216891892547E-10	241.641537920807	1E10	1E-30	1E-10	1E10	1E-30	1E-10	1E10	1E-30	1E-10	1E10	1E-30	1E-10	1E10	1E-30	1E-10	1E10	1E-30	1E-10	1E10	1E-30	1E-10	1E10	1E-30	1E-10	1E10	1E-30	1E-10	1E10	1E-30	1E-10
26	2.2E-11	1E10	1E11	1E-30	4.81038216751854E-12	1E10	1E-30	1E10	0.22547881388261	6.61754793059381E-10	1E10	109.832481757574	1.50291861090486E-10	1.05278403463794E-11	2.37833208886191	8.058830596994E-12	8.29990787857543E-11	23.8419772005311	1.37086275162674E-11	2.90814695186089E-11	4.04222346513236	7.53658727735834E-13	4.08216891892547E-10	241.641537920807	1E10	1E-30	1E-10	1E10	1E-30	1E-10	1E10	1E-30	1E-10	1E10	1E-30	1E-10	1E10	1E-30	1E-10	1E10	1E-30	1E-10	1E10	1E-30	1E-10	1E10	1E-30	1E-10	1E10	1E-30	1E-10	1E10	1E-30	1E-10
27	2.2E-11	1E10	1E11	1E-30	4.81038216751854E-12	1E10	1E-30	1E10	0.22547881388261	6.61754793059381E-10	1E10	109.832481757574	1.50291861090486E-10	1.05278403463794E-11	2.37833208886191	8.058830596994E-12	8.29990787857543E-11	23.8419772005311	1.37086275162674E-11	2.90814695186089E-11	4.04222346513236	7.53658727735834E-13	4.08216891892547E-10	241.641537920807	1E10	1E-30	1E-10	1E10	1E-30	1E-10	1E10	1E-30	1E-10	1E10	1E-30	1E-10	1E10	1E-30	1E-10	1E10	1E-30	1E-10	1E10	1E-30	1E-10	1E10	1E-30	1E-10	1E10	1E-30	1E-10	1E10	1E-30	1E-10
28	2.2E-11	1E10	1E11	1E-30	4.81038216751854E-12	1E10	1E-30	1E10	0.22547881388261	6.61754793059381E-10	1E10	109.832481757574	1.50291861090486E-10	1.05278403463794E-11	2.37833208886191	8.058830596994E-12	8.29990787857543E-11	23.8419772005311	1.37086275162674E-11	2.90814695186089E-11	4.04222346513236	7.53658727735834E-13	4.08216891892547E-10	241.641537920807	1E10	1E-30	1E-10	1E10	1E-30	1E-10	1E10	1E-30	1E-10	1E10	1E-30	1E-10	1E10	1E-30	1E-10	1E10	1E-30	1E-10	1E10	1E-30	1E-10	1E10	1E-30	1E-10	1E10	1E-30	1E-10	1E10	1E-30	1E-10
29	2.2E-11	1E10	1E11	1E-30	4.81038216751854E-12	1E10	1E-30	1E10	0.22547881388261	6.61754793059381E-10	1E10	109.832481757574	1.50291861090486E-10	1.05278403463794E-11	2.37833208886191	8.058830596994E-12	8.29990787857543E-11	23.8419772005311	1.37086275162674E-11	2.90814695186089E-11	4.04222346513236	7.53658727735834E-13	4.08216891892547E-10	241.641537920807	1E10	1E-30	1E-10	1E10	1E-30	1E-10	1E10	1E-30	1E-10	1E10	1E-30	1E-10	1E10	1E-30	1E-10	1E10	1E-30	1E-10	1E10	1E-30	1E-10	1E10	1E-30	1E-10	1E10	1E-30	1E-10	1E10	1E-30	1E-10
30	2.2E-11	1E10	1E11	1E-30	4.81038216751854E-12	1E10	1E-30	1E10	0.22547881388261	6.61754793059381E-10	1E10	109.832481757574	1.50291861090486E-10	1.05278403463794E-11	2.37833208886191	8.058830596994E-12	8.29990787857543E-11	23.8419772005311	1.37086275162674E-11	2.90814695186089E-11	4.04222346513236	7.53658727735834E-13	4.08216891892547E-10	241.641537920807	1E10	1E-30	1E-10	1E10	1E-30	1E-10	1E10	1E-30	1E-10	1E10	1E-30	1E-10	1E10	1E-30	1E-10	1E10	1E-30	1E-10	1E10	1E-30	1E-10	1E10	1E-30	1E-10	1E10	1E-30	1E-10	1E10	1E-30	1E-10
31	2.7E-11	1E10	1E11	1E-30	1.63850042580795E-10	1E10	1E-30	1E10	0.206819445951765	2.13606830362613E-09	1E10	11.6788353616989	1E-30	1.56463920477471E-11	0.198335080211509	7.48973249529501E-13	4.78148763635905E-10	126.633428512578	1E10	1E-30	1E-10	1E10	1E-30	1E-10	1E10	1E-30	1E-10	1E10	1E-30	1E-10	1E10	1E-30	1E-10	1E10	1E-30	1E-10	1E10	1E-30	1E-10	1E10	1E-30	1E-10	1E10	1E-30	1E-10	1E10	1E-30	1E-10	1E10	1E-30	1E-10	1E10	1E-30	1E-10
32	2.7E-11	1E10	1E11	1E-30	1.63850042580795E-10	1E10	1E-30	1E10	0.206819445951765	2.13606830362613E-09	1E10	11.6788353616989	1E-30	1.56463920477471E-11	0.198335080211509	7.48973249529501E-13	4.78148763635905E-10	126.633428512578	1E10	1E-30	1E-10	1E10	1E-30	1E-10	1E10	1E-30	1E-10	1E10	1E-30	1E-10	1E10	1E-30	1E-10	1E10	1E-30	1E-10	1E10	1E-30	1E-10	1E10	1E-30	1E-10	1E10	1E-30	1E-10	1E10	1E-30	1E-10	1E10	1E-30	1E-10	1E10	1E-30	1E-10
33	2.7E-11	1E10	1E11	1E-30	1.63850042580795E-10	1E10	1E-30	1E10	0.206819445951765	2.13606830362613E-09	1E10	11.6788353616989	1E-30	1.56463920477471E-11	0.198335080211509	7.48973249529501E-13	4.78148763635905E-10	126.633428512578	1E10	1E-30	1E-10	1E10	1E-30	1E-10	1E10	1E-30	1E-10	1E10	1E-30	1E-10	1E10	1E-30	1E-10	1E10	1E-30	1E-10	1E10	1E-30	1E-10	1E10	1E-30	1E-10	1E10	1E-30	1E-10	1E10	1E-30	1E-10	1E10	1E-30	1E-10	1E10	1E-30	1E-10
34	2.7E-11	1E10	1E11	1E-30	1.63850042580795E-10	1E10	1E-30	1E10	0.206819445951765	2.13606830362613E-09	1E10	11.6788353616989	1E-30	1.56463920477471E-11	0.198335080211509	7.48973249529501E-13	4.78148763635905E-10	126.633428512578	1E10	1E-30	1E-10	1E10	1E-30	1E-10	1E10	1E-30	1E-10	1E10	1E-30	1E-10	1E10	1E-30	1E-10	1E10	1E-30	1E-10	1E10	1E-30	1E-10	1E10	1E-30	1E-10	1E10	1E-30	1E-10	1E10	1E-30	1E-10	1E10	1E-30	1E-10	1E10	1E-30	1E-10
35	2.7E-11	1E10	1E11	1E-30	1.63850042580795E-10	1E10	1E-30	1E10	0.206819445951765	2.13606830362613E-09	1E10	11.6788353616989	1E-30	1.56463920477471E-11	0.198335080211509	7.48973249529501E-13	4.78148763635905E-10	126.633428512578	1E10	1E-30	1E-10	1E10	1E-30	1E-10	1E10	1E-30	1E-10	1E10	1E-30	1E-10	1E10	1E-30	1E-10	1E10	1E-30	1E-10	1E10	1E-30	1E-10	1E10	1E-30	1E-10	1E10	1E-30	1E-10	1E10	1E-30	1E-10	1E10	1E-30	1E-10	1E10	1E-30	1E-10
36	2.7E-11	1E10	1E11	1E-30	1.63850042580795E-10	1E10	1E-30	1E10	0.206819445951765	2.13606830362613E-09	1E10	11.6788353616989	1E-30	1.56463920477471E-11	0.198335080211509	7.48973249529501E-13	4.78148763635905E-10	126.633428512578	1E10	1E-30	1E-10	1E10	1E-30	1E-10	1E10	1E-30	1E-10	1E10	1E-30	1E-10	1E10	1E-30	1E-10	1E10	1E-30	1E-10	1E10	1E-30	1E-10	1E10	1E-30	1E-10	1E10	1E-30	1E-10	1E10	1E-30	1E-10	1E10	1E-30	1E-10	1E10	1E-30	1E-10
37	3.3E-11	1E10	1E11	1E-30	3.97626502883162E-10	1E10	1E-30	1E10	0.263847718788835	1E-30	7.47840422738895E-12	0.13360458128587	4.91025884588619E-10	8.98184634760042E-12	0.181449894906242	4.61745177984532E-10	4.03559641274588E-12	0.27727331309235	7.62065228545407E-11	1.5463531715787E-11	1.92761904105767	2.83182506877718E-12	2.0511579163485E-10	62.7915832060237	1E10	1E-30	1E-10	1E10	1E-30	1E-10	1E10	1E-30	1E-10	1E10	1E-30	1E-10	1E10	1E-30	1E-10	1E10	1E-30	1E-10	1E10	1E-30	1E-10	1E10	1E-30	1E-10	1E10	1E-30	1E-10	1E10	1E-30	1E-10
38	3.3E-11	1E10	1E11	1E-30	3.97626502883162E-10	1E10	1E-30	1E10	0.263847718788835	1E-30	7.47840422738895E-12	0.13360458128587	4.91025884588619E-10	8.98184634760042E-12	0.181449894906242	4.61745177984532E-10	4.03559641274588E-12	0.27727331309235	7.62065228545407E-11	1.5463531715787E-11	1.92761904105767	2.83182506877718E-12	2.0511579163485E-10	62.7915832060237	1E10	1E-30	1E-10	1E10	1E-30	1E-10	1E10	1E-30	1E-10	1E10	1E-30	1E-10	1E10	1E-30	1E-10	1E10	1E-30	1E-10	1E10	1E-30	1E-10	1E10	1E-30	1E-10	1E10	1E-30	1E-10	1E10	1E-30	1E-10
39	3.3E-11	1E10	1E11	1E-30	3.97626502883162E-10	1E10	1E-30	1E10	0.263847718788835	1E-30	7.47840422738895E-12	0.13360458128587	4.91025884588619E-10	8.98184634760042E-12	0.181449894906242	4.61745177984532E-10	4.03559641274588E-12	0.27727331309235	7.62065228545407E-11	1.5463531715787E-11	1.92761904105767	2.83182506877718E-12	2.0511579163485E-10	62.7915832060237	1E10	1E-30	1E-10	1E10	1E-30	1E-10	1E10	1E-30	1E-10	1E10	1E-30	1E-10	1E10	1E-30	1E-10	1E10	1E-30	1E-10	1E10	1E-30	1E-10	1E10	1E-30	1E-10	1E10	1E-30	1E-10	1E10	1E-30	1E-10
40	3.3E-11	1E10	1E11	1E-30	3.97626502883162E-10	1E10	1E-30	1E10	0.263847718788835	1E-30	7.47840422738895E-12	0.13360458128587	4.91025884588619E-10	8.98184634760042E-12	0.181449894906242	4.61745177984532E-10	4.03559641274588E-12	0.27727331309235	7.62065228545407E-11	1.5463531715787E-11	1.92761904105767	2.83182506877718E-12	2.0511579163485E-10	62.7915832060237	1E10	1E-30	1E-10	1E10	1E-30	1E-10	1E10	1E-30	1E-10	1E10	1E-30	1E-10	1E10	1E-30	1E-10	1E10	1E-30	1E-10	1E10	1E-30	1E-10	1E10	1E-30	1E-10	1E10	1E-30	1E-10	1E10	1E-30	1E-10
41	3.3E-11	1E10	1E11	1E-30	3.97626502883162E-10	1E10	1E-30	1E10	0.263847718788835	1E-30	7.47840422738895E-12	0.13360458128587	4.91025884588619E-10	8.98184634760042E-12	0.181449894906242	4.61745177984532E-10	4.03559641274588E-12	0.27727331309235	7.62065228545407E-11	1.5463531715787E-11	1.92761904105767	2.83182506877718E-12	2.0511579163485E-10	62.7915832060237	1E10	1E-30	1E-10	1E10	1E-30	1E-10	1E10	1E-30	1E-10	1E10	1E-30	1E-10	1E10	1E-30	1E-10	1E10	1E-30	1E-10	1E10	1E-30	1E-10	1E10	1E-30	1E-10	1E10	1E-30	1E-10	1E10	1E-30	1E-10
42	3.3E-11	1E10	1E11	1E-30	3.97626502883162E-10	1E10	1E-30	1E10	0.263847718788835	1E-30	7.47840422738895E-12	0.13360458128587	4.91025884588619E-10	8.98184634760042E-12	0.181449894906242	4.61745177984532E-10	4.03559641274588E-12	0.27727331309235	7.62065228545407E-11	1.5463531715787E-11	1.92761904105767	2.83182506877718E-12	2.0511579163485E-10	62.7915832060237	1E10	1E-30	1E-10	1E10	1E-30	1E-10	1E10	1E-30	1E-10	1E10	1E-30	1E-10	1E10	1E-30	1E-10	1E10	1E-30	1E-10	1E10	1E-30	1E-10	1E10	1E-30	1E-10	1E10	1E-30	1E-10	1E10	1E-30	1E-10
43	3.9E-11	1E10	1E11	1E-30	5.9803569223174E-11	1E10	1E-30	1E10	0.204200730870273	1.11044283349863E-09	1E10	153.437561154069	5.32395118809305E-13	5.98335009286898E-10	164.502404470058	1E10	1E-30	1E-10	1E10	1E-30	1E-10	1E10	1E-30	1E-10	1E10	1E-30	1E-10	1E10	1E-30	1E-10	1E10	1E-30	1E-10	1E10	1E-30	1E-10	1E10	1E-30	1E-10	1E10	1E-30	1E-10	1E10	1E-30	1E-10	1E10	1E-30	1E-10	1E10	1E-30	1E-10	1E10	1E-30	1E-10
44	3.9E-11	1E10	1E11	1E-30	5.9803569223174E-11	1E10	1E-30	1E10	0.204200730870273	1.11044283349863E-09	1E10	153.437561154069	5.32395118809305E-13	5.98335009286898E-10	164.502404470058	1E10	1E-30	1E-10	1E10	1E-30	1E-10	1E10	1E-30	1E-10	1E10	1E-30	1E-10	1E10	1E-30	1E-10	1E10	1E-30	1E-10	1E10	1E-30	1E-10	1E10	1E-30	1E-10	1E10	1E-30	1E-10	1E10	1E-30	1E-10	1E10	1E-30	1E-10	1E10	1E-30	1E-10	1E10	1E-30	1E-10
45	3.9E-11	1E10	1E11	1E-30	5.9803569223174E-11	1E10	1E-30	1E10	0.204200730870273	1.11044283349863E-09	1E10	153.437561154069	5.32395118809305E-13	5.98335009286898E-10	164.502404470058	1E10	1E-30	1E-10	1E10	1E-30	1E-10	1E10	1E-30	1E-10	1E10	1E-30	1E-10	1E10	1E-30	1E-10	1E10	1E-30	1E-10	1E10	1E-30	1E-10	1E10	1E-30	1E-10	1E10	1E-30	1E-10	1E10	1E-30	1E-10	1E10	1E-30	1E-10	1E10	1E-30	1E-10	1E10	1E-30	1E-10
46	3.9E-11	1E10	1E11	1E-30	5.9803569223174E-11	1E10	1E-30	1E10	0.204200730870273	1.11044283349863E-09	1E10	153.437561154069	5.32395118809305E-13	5.98335009286898E-10	164.502404470058	1E10	1E-30	1E-10	1E10	1E-30	1E-10	1E10	1E-30	1E-10	1E10	1E-30	1E-10	1E10	1E-30	1E-10	1E10	1E-30	1E-10	1E10	1E-30	1E-10	1E10	1E-30	1E-10	1E10	1E-30	1E-10	1E10	1E-30	1E-10	1E10	1E-30	1E-10	1E10	1E-30	1E-10	1E10	1E-30	1E-10
47	3.9E-11	1E10	1E11	1E-30	5.9803569223174E-11	1E10	1E-30	1E10	0.204200730870273	1.11044283349863E-09	1E10	153.437561154069	5.32395118809305E-13	5.98335009286898E-10	164.502404470058	1E10	1E-30	1E-10	1E10	1E-30	1E-10	1E10	1E-30	1E-10	1E10	1E-30	1E-10	1E10	1E-30	1E-10	1E10	1E-30	1E-10	1E10	1E-30	1E-10	1E10	1E-30	1E-10	1E10	1E-30	1E-10	1E10	1E-30	1E-10	1E10	1E-30	1E-10	1E10	1E-30	1E-10	1E10	1E-30	1E-10
48	3.9E-11	1E10	1E11	1E-30	5.9803569223174E-11	1E10	1E-30	1E10	0.204200730870273	1.11044283349863E-09	1E10	153.437561154069	5.32395118809305E-13	5.98335009286898E-10	164.502404470058	1E10	1E-30	1E-10	1E10	1E-30	1E-10	1E10	1E-30	1E-10	1E10	1E-30	1E-10	1E10	1E-30	1E-10	1E10	1E-30	1E-10	1E10	1E-30	1E-10	1E10	1E-30	1E-10	1E10	1E-30	1E-10	1E10	1E-30	1E-10	1E10	1E-30	1E-10	1E10	1E-30	1E-10	1E10	1E-30	1E-10
49	4.7E-11	1E10	1E11	1E-30	4.26075454294655E-10	1E10	1E-30	1E10	0.179142454231346	1E-30	8.72649231384016E-12	8.82974790588025E-02	2.42698636129859E-10	1.03384563965492E-11	0.753368194559051	2.19901344109027E-11	4.25669910021462E-11	5.58782197384414	2.43939816633258E-11	2.92561671216995E-11	5.68067256107407	3.71934861229975E-12	1.01821583930505E-10	21.4799519476703	1E10	1E-30	1E-10	1E10	1E-30	1E-10	1E10	1E-30	1E-10	1E10	1E-30	1E-10	1E10	1E-30	1E-10	1E10	1E-30	1E-10	1E10	1E-30	1E-10	1E10	1E-30	1E-10	1E10	1E-30	1E-10	1E10	1E-30	1E-10
50	4.7E-11	1E10	1E11	1E-30	4.26075454294655E-10	1E10	1E-30	1E10	0.179142454231346	1E-30	8.72649231384016E-12	8.82974790588025E-02	2.42698636129859E-10	1.03384563965492E-11	0.753368194559051	2.19901344109027E-11	4.25669910021462E-11	5.58782197384414	2.43939816633258E-11	2.92561671216995E-11	5.68067256107407	3.71934861229975E-12	1.01821583930505E-10	21.4799519476703	1E10	1E-30	1E-10	1E10	1E-30	1E-10	1E10	1E-30	1E-10	1E10	1E-30	1E-10	1E10	1E-30	1E-10	1E10	1E-30	1E-10	1E10	1E-30	1E-10	1E10	1E-30	1E-10	1E10	1E-30	1E-10	1E10	1E-30	1E-10
51	4.7E-11	1E10	1E11	1E-30	4.26075454294655E-10	1E10	1E-30	1E10	0.179142454231346	1E-30	8.72649231384016E-12	8.82974790588025E-02	2.42698636129859E-10	1.03384563965492E-11	0.753368194559051	2.19901344109027E-11	4.25669910021462E-11	5.58782197384414	2.43939816633258E-11	2.92561671216995E-11	5.68067256107407	3.71934861229975E-12	1.01821583930505E-10	21.4799519476703	1E10	1E-30	1E-10	1E10	1E-30	1E-10	1E10	1E-30	1E-10	1E10	1E-30	1E-10	1E10	1E-30	1E-10	1E10	1E-30	1E-10	1E10	1E-30	1E-10	1E10	1E-30	1E-10	1E10	1E-30	1E-10	1E10	1E-30	1E-10
52	4.7E-11	1E10	1E11	1E-30	4.26075454294655E-10	1E10	1E-30	1E10	0.179142454231346	1E-30	8.72649231384016E-12	8.82974790588025E-02	2.42698636129859E-10	1.03384563965492E-11	0.753368194559051	2.19901344109027E-11	4.25669910021462E-11	5.58782197384414	2.43939816633258E-11	2.92561671216995E-11	5.68067256107407	3.71934861229975E-12	1.01821583930505E-10	21.4799519476703	1E10	1E-30	1E-10	1E10	1E-30	1E-10	1E10	1E-30	1E-10	1E10	1E-30	1E-10	1E10	1E-30	1E-10	1E10	1E-30	1E-10	1E10	1E-30	1E-10	1E10	1E-30	1E-10	1E10	1E-30	1E-10	1E10	1E-30	1E-10
53	4.7E-11	1E10	1E11	1E-30	4.26075454294655E-10	1E10	1E-30	1E10	0.179142454231346	1E-30	8.72649231384016E-12	8.82974790588025E-02	2.42698636129859E-10	1.03384563965492E-11	0.753368194559051	2.19901344109027E-11	4.25669910021462E-11	5.58782197384414	2.43939816633258E-11	2.92561671216995E-11	5.68067256107407	3.71934861229975E-12	1.01821583930505E-10	21.4799519476703	1E10	1E-30	1E-10	1E10	1E-30	1E-10	1E10	1E-30	1E-10	1E10	1E-30	1E-10	1E10	1E-30	1E-10	1E10	1E-30	1E-10	1E10	1E-30	1E-10	1E10	1E-30	1E-10	1E10	1E-30	1E-10	1E10	1E-30	1E-10
54	4.7E-11	1E10	1E11	1E-30	4.26075454294655E-10	1E10	1E-30	1E10	0.179142454231346	1E-30	8.72649231384016E-12	8.82974790588025E-02	2.42698636129859E-10	1.03384563965492E-11	0.753368194559051	2.19901344109027E-11	4.25669910021462E-11	5.58782197384414	2.43939816633258E-11	2.92561671216995E-11	5.68067256107407	3.71934861229975E-12	1.01821583930505E-10	21.4799519476703	1E10	1E-30	1E-10	1E10	1E-30	1E-10	1E10	1E-30	1E-10	1E10	1E-30	1E-10	1E10	1E-30	1E-10	1E10	1E-30	1E-10	1E10	1E-30	1E-10	1E10	1E-30	1E-10	1E10	1E-30	1E-10	1E10	1E-30	1E-10
55	5.6E-11	1E10	1E11	1E-30	7.28026155644636E-15	1E10	1E-30	1E10	2.71976855209624E-02	1.14086451934257E-08	1E10	1.18629805581598	1E-30	3.93039136949567E-11	2.65989921941701	1E-30	2.5917818041361E-10	0.142713747228238	5.22586329677945E-10	6.70750809607798E-12	0.553197575715661	3.02073616003989E-11	3.84093197885053E-11	5.41983897358455	8.46788241131794E-13	5.18315586428819E-10	395.831399644943	1E10	1E-30	1E-10	1E10	1E-30	1E-10	1E10	1E-30	1E-10	1E10	1E-30	1E-10	1E10	1E-30	1E-10	1E10	1E-30	1E-10	1E10	1E-30	1E-10	1E10	1E-30	1E-10	1E10	1E-30	1E-10
56	5.6E-11	1E10	1E11	1E-30	7.28026155644636E-15	1E10	1E-30	1E10	2.71976855209624E-02	1.14086451934257E-08	1E10	1.18629805581598	1E-30	3.93039136949567E-11	2.65989921941701	1E-30	2.5917818041361E-10	0.142713747228238	5.22586329677945E-10	6.70750809607798E-12	0.553197575715661	3.02073616003989E-11	3.84093197885053E-11	5.41983897358455	8.46788241131794E-13	5.18315586428819E-10	395.831399644943	1E10	1E-30	1E-10	1E10	1E-30	1E-10	1E10	1E-30	1E-10	1E10	1E-30	1E-10	1E10	1E-30	1E-10	1E10	1E-30	1E-10	1E10	1E-30	1E-10	1E10	1E-30	1E-10	1E10	1E-30	1E-10
57	5.6E-11	1E10	1E11	1E-30	7.28026155644636E-15	1E10	1E-30	1E10	2.71976855209624E-02	1.14086451934257E-08	1E10	1.18629805581598	1E-30	3.93039136949567E-11	2.65989921941701	1E-30	2.5917818041361E-10	0.142713747228238	5.22586329677945E-10	6.70750809607798E-12	0.553197575715661	3.02073616003989E-11	3.84093197885053E-11	5.41983897358455	8.46788241131794E-13	5.18315586428819E-10	395.831399644943	1E10	1E-30	1E-10	1E10	1E-30	1E-10	1E10	1E-30	1E-10	1E10	1E-30	1E-10	1E10	1E-30	1E-10	1E10	1E-30	1E-10	1E10	1E-30	1E-10	1E10	1E-30	1E-10	1E10	1E-30	1E-10
58	5.6E-11	1E10	1E11	1E-30	7.28026155644636E-15	1E10	1E-30	1E10	2.71976855209624E-02	1.14086451934257E-08	1E10	1.18629805581598	1E-30	3.93039136949567E-11	2.65989921941701	1E-30	2.5917818041361E-10	0.142713747228238	5.22586329677945E-10	6.70750809607798E-12	0.553197575715661	3.02073616003989E-11	3.84093197885053E-11	5.41983897358455	8.46788241131794E-13	5.18315586428819E-10	395.831399644943	1E10	1E-30	1E-10	1E10	1E-30	1E-10	1E10	1E-30	1E-10	1E10	1E-30	1E-10	1E10	1E-30	1E-10	1E10	1E-30	1E-10	1E10	1E-30	1E-10	1E10	1E-30	1E-10	1E10	1E-30	1E-10
59	5.6E-11	1E10	1E11	1E-30	7.28026155644636E-15	1E10	1E-30	1E10	2.71976855209624E-02	1.14086451934257E-08	1E10	1.18629805581598	1E-30	3.93039136949567E-11	2.65989921941701	1E-30	2.5917818041361E-10	0.142713747228238	5.22586329677945E-10	6.70750809607798E-12	0.553197575715661	3.02073616003989E-11	3.84093197885053E-11	5.41983897358455	8.46788241131794E-13	5.18315586428819E-10	395.831399644943	1E10	1E-30	1E-10	1E10	1E-30	1E-10	1E10	1E-30	1E-10	1E10	1E-30	1E-10	1E10	1E-30	1E-10	1E10	1E-30	1E-10	1E10	1E-30	1E-10	1E10	1E-30	1E-10	1E10	1E-30	1E-10
60	5.6E-11	1E10	1E11	1E-30	7.28026155644636E-15	1E10	1E-30	1E10	2.71976855209624E-02	1.14086451934257E-08	1E10	1.18629805581598	1E-30	3.93039136949567E-11	2.65989921941701	1E-30	2.5917818041361E-10	0.142713747228238	5.22586329677945E-10	6.70750809607798E-12	0.553197575715661	3.02073616003989E-11	3.84093197885053E-11	5.41983897358455	8.46788241131794E-13	5.18315586428819E-10	395.831399644943	1E10	1E-30	1E-10	1E10	1E-30	1E-10	1E10	1E-30	1E-10	1E10	1E-30	1E-10	1E10	1E-30	1E-10	1E10	1E-30	1E-10	1E10	1E-30	1E-10	1E10	1E-30	1E-10	1E10	1E-30	1E-10
61	6.8E-11	1E10	1E11	1E-30	3.77434902213323E-10	1E10	1E-30	1E10	0.130797378717885	1E-30	1.74346367957846E-11	0.42330167282165	6.48425703360291E-10	7.55451912370767E-12	0.806496972071029	5.45286718487214E-11	3.01530075029101E-11	3.69002897218508	2.02194482834895E-12	1.74160360703736E-10	32.2963222679202	1E10	1E-30	1E-10	1E10	1E-30	1E-10	1E10	1E-30	1E-10	1E10	1E-30	1E-10	1E10	1E-30	1E-10	1E10	1E-30	1E-10	1E10	1E-30	1E-10	1E10	1E-30	1E-10	1E10	1E-30	1E-10	1E10	1E-30	1E-10	1E10	1E-30	1E-10
62	6.8E-11	1E10	1E11	1E-30	3.77434902213323E-10	1E10	1E-30	1E10	0.130797378717885	1E-30	1.74346367957846E-11	0.42330167282165	6.48425703360291E-10	7.55451912370767E-12	0.806496972071029	5.45286718487214E-11	3.01530075029101E-11	3.69002897218508	2.02194482834895E-12	1.74160360703736E-10	32.2963222679202	1E10	1E-30	1E-10	1E10	1E-30	1E-10	1E10	1E-30	1E-10	1E10	1E-30	1E-10	1E10	1E-30	1E-10	1E10	1E-30	1E-10	1E10	1E-30	1E-10	1E10	1E-30	1E-10	1E10	1E-30	1E-10	1E10	1E-30	1E-10	1E10	1E-30	1E-10
63	6.8E-11	1E10	1E11	1E-30	3.77434902213323E-10	1E10	1E-30	1E10	0.130797378717885	1E-30	1.74346367957846E-11	0.42330167282165	6.48425703360291E-10	7.55451912370767E-12	0.806496972071029	5.45286718487214E-11	3.01530075029101E-11	3.69002897218508	2.02194482834895E-12	1.74160360703736E-10	32.2963222679202	1E10	1E-30	1E-10	1E10	1E-30	1E-10	1E10	1E-30	1E-10	1E10	1E-30	1E-10	1E10	1E-30	1E-10	1E10	1E-30	1E-10	1E10	1E-30	1E-10	1E10	1E-30	1E-10	1E10	1E-30	1E-10	1E10	1E-30	1E-10	1E10	1E-30	1E-10
64	6.8E-11	1E10	1E11	1E-30	3.77434902213323E-10	1E10	1E-30	1E10	0.130797378717885	1E-30	1.74346367957846E-11	0.42330167282165	6.48425703360291E-10	7.55451912370767E-12	0.806496972071029	5.45286718487214E-11	3.01530075029101E-11	3.69002897218508	2.02194482834895E-12	1.74160360703736E-10	32.2963222679202	1E10	1E-30	1E-10	1E10	1E-30	1E-10	1E10	1E-30	1E-10	1E10	1E-30	1E-10	1E10	1E-30	1E-10	1E10	1E-30	1E-10	1E10	1E-30	1E-10	1E10	1E-30	1E-10	1E10	1E-30	1E-10	1E10	1E-30	1E-10	1E10	1E-30	1E-10
65	6.8E-11	1E10	1E11	1E-30	3.77434902213323E-10	1E10	1E-30	1E10	0.130797378717885	1E-30	1.74346367957846E-11	0.42330167282165	6.48425703360291E-10	7.55451912370767E-12	0.806496972071029	5.45286718487214E-11	3.01530075029101E-11	3.69002897218508	2.02194482834895E-12	1.74160360703736E-10	32.2963222679202	1E10	1E-30	1E-10	1E10	1E-30	1E-10	1E10	1E-30	1E-10	1E10	1E-30	1E-10	1E10	1E-30	1E-10	1E10	1E-30	1E-10	1E10	1E-30	1E-10	1E10	1E-30	1E-10	1E10	1E-30	1E-10	1E10	1E-30	1E-10	1E10	1E-30	1E-10
66	6.8E-11	1E10	1E11	1E-30	3.77434902213323E-10	1E10	1E-30	1E10	0.130797378717885	1E-30	1.74346367957846E-11	0.42330167282165	6.48425703360291E-10	7.55451912370767E-12	0.806496972071029	5.45286718487214E-11	3.01530075029101E-11	3.69002897218508	2.02194482834895E-12	1.74160360703736E-10	32.2963222679202	1E10	1E-30	1E-10	1E10	1E-30	1E-10	1E10	1E-30	1E-10	1E10	1E-30	1E-10	1E10	1E-30	1E-10	1E10	1E-30	1E-10	1E10	1E-30	1E-10	1E10	1E-30	1E-10	1E10	1E-30	1E-10	1E10	1E-30	1E-10	1E10	1E-30	1E-10
67	8.2E-11	1E10	1E11	1E-30	3.34097361446838E-10	1E10	1E-30	1E10	0.123380916107027	5.15158446864208E-08	1E10	0.288062726755634	4.26745561620981E-06	1E10	1.74686090276581E-03	5.70356233184914E-10	1.20072650625342E-11	0.727154179829603	7.17423529932859E-11	3.38409798765953E-11	2.67842246710432	1.49924137213268E-12	2.33846488937018E-10	75.3756350656363	1E10	1E-30	1E-10	1E10	1E-30	1E-10	1E10	1E-30	1E-10	1E10	1E-30	1E-10	1E10	1E-30	1E-10	1E10	1E-30	1E-10	1E10	1E-30	1E-10	1E10	1E-30	1E-10	1E10	1E-30	1E-10	1E10	1E-30	1E-10
68	8.2E-11	1E10	1E11	1E-30	3.34097361446838E-10	1E10	1E-30	1E10	0.123380916107027	5.15158446864208E-08	1E10	0.288062726755634	4.26745561620981E-06	1E10	1.74686090276581E-03	5.70356233184914E-10	1.20072650625342E-11	0.727154179829603	7.17423529932859E-11	3.38409798765953E-11	2.67842246710432	1.49924137213268E-12	2.33846488937018E-10	75.3756350656363	1E10	1E-30	1E-10	1E10	1E-30	1E-10	1E10	1E-30	1E-10	1E10	1E-30	1E-10	1E10	1E-30	1E-10	1E10	1E-30	1E-10	1E10	1E-30	1E-10	1E10	1E-30	1E-10	1E10	1E-30	1E-10	1E10	1E-30	1E-10
69	8.2E-11	1E10	1E11	1E-30	3.34097361446838E-10	1E10	1E-30	1E10	0.123380916107027	5.15158446864208E-08	1E10	0.288062726755634	4.26745561620981E-06	1E10	1.74686090276581E-03	5.70356233184914E-10	1.20072650625342E-11	0.727154179829603	7.17423529932859E-11	3.38409798765953E-11	2.67842246710432	1.49924137213268E-12	2.33846488937018E-10	75.3756350656363	1E10	1E-30	1E-10	1E10	1E-30	1E-10	1E10	1E-30	1E-10	1E10	1E-30	1E-10	1E10	1E-30	1E-10	1E10	1E-30	1E-10	1E10	1E-30	1E-10	1E10	1E-30	1E-10	1E10	1E-30	1E-10	1E10	1E-30	1E-10
70	8.2E-11	1E10	1E11	1E-30	3.34097361446838E-10	1E10	1E-30	1E10	0.123380916107027	5.15158446864208E-08	1E10	0.288062726755634	4.26745561620981E-06	1E10	1.74686090276581E-03	5.70356233184914E-10	1.20072650625342E-11	0.727154179829603	7.17423529932859E-11	3.38409798765953E-11	2.67842246710432	1.49924137213268E-12	2.33846488937018E-10	75.3756350656363	1E10	1E-30	1E-10	1E10	1E-30	1E-10	1E10	1E-30	1E-10	1E10	1E-30	1E-10	1E10	1E-30	1E-10	1E10	1E-30	1E-10	1E10	1E-30	1E-10	1E10	1E-30	1E-10	1E10	1E-30	1E-10	1E10	1E-30	1E-10
71	8.2E-11	1E10	1E11	1E-30	3.34097361446838E-10	1E10	1E-30	1E10	0.123380916107027	5.15158446864208E-08	1E10	0.288062726755634	4.26745561620981E-06	1E10	1.74686090276581E-03	5.70356233184914E-10	1.20072650625342E-11	0.727154179829603	7.17423529932859E-11	3.38409798765953E-11	2.67842246710432	1.49924137213268E-12	2.33846488937018E-10	75.3756350656363	1E10	1E-30	1E-10	1E10	1E-30	1E-10	1E10	1E-30	1E-10	1E10	1E-30	1E-10	1E10	1E-30	1E-10	1E10	1E-30	1E-10	1E10	1E-30	1E-10	1E10	1E-30	1E-10	1E10	1E-30	1E-10	1E10	1E-30	1E-10
72	8.2E-11	1E10	1E11	1E-30	3.34097361446838E-10	1E10	1E-30	1E10	0.123380916107027	5.15158446864208E-08	1E10	0.288062726755634	4.26745561620981E-06	1E10	1.74686090276581E-03	5.70356233184914E-10	1.20072650625342E-11	0.727154179829603	7.17423529932859E-11	3.38409798765953E-11	2.67842246710432	1.49924137213268E-12	2.33846488937018E-10	75.3756350656363	1E10	1E-30	1E-10	1E10	1E-30	1E-10	1E10	1E-30	1E-10	1E10	1E-30	1E-10	1E10	1E-30	1E-10	1E10	1E-30	1E-10	1E10	1E-30	1E-10	1E10	1E-30	1E-10	1E10	1E-30	1E-10	1E10	1E-30	1E-10
73	1E-10	1E10	1E10	1E-30	6.40206996299022E-11	1E10	1E-30	1E10	0.1	3.19992035443783E-10	1.77338130790921E-11	1.06387028261337	7.8797042889806E-11	2.23103015241758E-11	2.63973228982951	9.11257287129206E-13	3.67418819574762E-10	208.33931828095	1E10	1E-30	1E-10	1E10	1E-30	1E-10	1E10	1E-30	1E-10	1E10	1E-30	1E-10	1E10	1E-30	1E-10	1E10	1E-30	1E-10	1E10	1E-30	1E-10	1E10	1E-30	1E-10	1E10	1E-30	1E-10	1E10	1E-30	1E-10	1E10	1E-30	1E-10	1E10	1E-30	1E-10
74	1E-10	1E10	1E11	1E-30	7.37985460808022E-11	1E10	1E-30	1E10	0.11	1E-30	1.43628944499972E-11	0.314358164486091	5.90847824990453E-10	9.54572790146811E-12	0.715128908801836	7.23690954377048E-11	2.36984008681194E-11	1.7100527879331	2.64541569427554E-12	7.16627566048376E-11	9.04922356426035	6.38853853400516E-13	2.96232929038841E-10	1E5	1E10	1E-30	1E-10	1E10	1E-30	1E-10	1E10	1E-30	1E-10	1E10	1E-30	1E-10	1E10	1E-30	1E-10	1E10	1E-30	1E-10	1E10	1E-30	1E-10	1E10	1E-30	1E-10	1E10	1E-30	1E-10	1E10	1E-30	1E-10
75	1E-10	1E10	1E11	1E-30	2.80320492922354E-10	1E10	1E-30	1E10	0.114375911176589	5.4624446831505E-08	1E10	0.271669473143866	7.33842791157891E-10	1.23110486480256E-11	0.895913701961041	9.93563238580857E-11	3.395967837964E-11	2.4864762579035	4.55669838872963E-10	1.89268260481898E-12	0.140430758426335	1.25501894946939E-12	2.49504159775112E-10	52.1749740042181	1E10	1E-30	1E-10	1E10	1E-30	1E-10	1E10	1E-30	1E-10	1E10	1E-30	1E-10	1E10	1E-30	1E-10	1E10	1E-30	1E-10	1E10	1E-30	1E-10	1E10	1E-30	1E-10	1E10	1E-30	1E-10	1E10	1E-30	1E-10
76	1E-10	1E10	1E11	1E-30	2.80320492922354E-10	1E10	1E-30	1E10	0.114375911176589	5.4624446831505E-08	1E10	0.271669473143866	7.33842791157891E-10	1.23110486480256E-11	0.895913701961041	9.93563238580857E-11	3.395967837964E-11	2.4864762579035	4.55669838872963E-10	1.89268260481898E-12	0.140430758426335	1.25501894946939E-12	2.49504159775112E-10	52.1749740042181	1E10	1E-30	1E-10	1E10	1E-30	1E-10	1E10	1E-30	1E-10	1E10	1E-30	1E-10	1E10	1E-30	1E-10	1E10	1E-30	1E-10	1E10	1E-30	1E-10	1E10	1E-30	1E-10	1E10	1E-30	1E-10	1E10	1E-30	1E-10
77	1E-10	1E10	1E11	1E-30	2.80320492922354E-10	1E10	1E-30	1E10	0.114375911176589	5.4624446831505E-08	1E10	0.271669473143866	7.33842791157891E-10	1.23110486480256E-11	0.895913701961041	9.93563238580857E-11	3.395967837964E-11	2.4864762579035	4.55669838872963E-10	1.89268260481898E-12	0.140430758426335	1.25501894946939E-12	2.49504159775112E-10	52.1749740042181	1E10	1E-30	1E-10	1E10	1E-30	1E-10	1E10	1E-30	1E-10	1E10	1E-30	1E-10	1E10	1E-30	1E-10	1E10	1E-30	1E-10	1E10	1E-30	1E-10	1E10	1E-30	1E-10	1E10	1E-30	1E-10	1E10	1E-30	1E-10
78	1E-10	1E10	1E11	1E-30	1.99852773902182E-10	1E10	1E-30	1E10	0.118429679832233	7.86571017702979E-08	1E10	0.149861457588224	6.4641198187924E-10	1.37964410519386E-11	0.947331297363694	8.48603149642127E-11	3.94145773367772E-11	2.68724781688903	4.51207872133925E-11	2.04599946517832E-11	1.88216559306649	1.19448121897666E-12	2.7594416285115E-10	143.073481403279	1E10	1E-30	1E-10	1E10	1E-30	1E-10	1E10	1E-30	1E-10	1E10	1E-30	1E-10	1E10	1E-30	1E-10	1E10	1E-30	1E-10	1E10	1E-30	1E-10	1E10	1E-30	1E-10	1E10	1E-30	1E-10	1E10	1E-30	1E-10
79	1E-10	1E10	1E11	1E-30	1.99852773902182E-10	1E10	1E-30	1E10	0.118429679832233	7.86571017702979E-08	1E10	0.149861457588224	6.4641198187924E-10	1.37964410519386E-11	0.947331297363694	8.48603149642127E-11	3.94145773367772E-11	2.68724781688903	4.51207872133925E-11	2.04599946517832E-11	1.88216559306649	1.19448121897666E-12	2.7594416285115E-10	143.073481403279	1E10	1E-30	1E-10	1E10	1E-30	1E-10	1E10	1E-30	1E-10	1E10	1E-30	1E-10	1E10	1E-30	1E-10	1E10	1E-30	1E-10	1E10	1E-30	1E-10	1E10	1E-30	1E-10	1E10	1E-30	1E-10	1E10	1E-30	1E-10
80	1E-10	1E10	1E11	1E-30	1.99852773902182E-10	1E10	1E-30	1E10	0.118429679832233	7.86571017702979E-08	1E10	0.149861457588224	6.4641198187924E-10	1.37964410519386E-11	0.947331297363694	8.48603149642127E-11	3.94145773367772E-11	2.68724781688903	4.51207872133925E-11	2.04599946517832E-11	1.88216559306649	1.19448121897666E-12	2.7594416285115E-10	143.073481403279	1E10	1E-30	1E-10	1E10	1E-30	1E-10	1E10	1E-30	1E-10	1E10	1E-30	1E-10	1E10	1E-30	1E-10	1E10	1E-30	1E-10	1E10	1E-30	1E-10	1E10	1E-30	1E-10	1E10	1E-30	1E-10	1E10	1E-30	1E-10
81	1E-10	1E10	1E11	1E-30	1.37616429982371E-11	1E10	1E-30	1E10	0.155875583727851	2.10053154430906E-09	5.90610852872728E-12	0.342224195572998	1.19103194713732E-10	4.11853629340588E-11	2.04332006386625	4.50568097970002E-11	2.89488933756641E-11	1.49330889332267	7.96150387975218E-13	6.07369666883548E-10	365.466565762987	1E10	1E-30	1E-10	1E10	1E-30	1E-10	1E10	1E-30	1E-10	1E10	1E-30	1E-10	1E10	1E-30	1E-10	1E10	1E-30	1E-10	1E10	1E-30	1E-10	1E10	1E-30	1E-10	1E10	1E-30	1E-10	1E10	1E-30	1E-10	1E10	1E-30	1E-10
82	1.2E-10	1E10	1E10	1E-30	7.52215725621667E-11	1E10	1E-30	1E10	0.1	3.89970922559843E-10	1.82059314683717E-11	1.12525658375834	9.55748245624493E-11	2.42688057461689E-11	1.98972456672314	1.37266937397929E-12	2.29297029909915E-10	89.2892885226657	2.13593795018301E-12	1.04944973972467E-10	1E5	1E10	1E-30	1E-10	1E10	1E-30	1E-10	1E10	1E-30	1E-10	1E10	1E-30	1E-10	1E10	1E-30	1E-10	1E10	1E-30	1E-10	1E10	1E-30	1E-10	1E10	1E-30	1E-10	1E10	1E-30	1E-10	1E10	1E-30	1E-10	1E10	1E-30	1E-10
83	1.2E-10	1E10	1E11	1E-30	7.52215725621667E-11	1E10	1E-30	1E10	0.1	3.89970922559843E-10	1.82059314683717E-11	1.12525658375834	9.55748245624493E-11	2.42688057461689E-11	1.98972456672314	1.37266937397929E-12	2.29297029909915E-10	89.2892885226657	2.13593795018301E-12	1.04944973972467E-10	1E5	1E10	1E-30	1E-10	1E10	1E-30	1E-10	1E10	1E-30	1E-10	1E10	1E-30	1E-10	1E10	1E-30	1E-10	1E10	1E-30	1E-10	1E10	1E-30	1E-10	1E10	1E-30	1E-10	1E10	1E-30	1E-10	1E10	1E-30	1E-10	1E10	1E-30	1E-10
84	1.2E-10	1E10	1E11	1E-30	5.95344182183327E-14	1E10	1E-30	1E10	0.122104621864681	2.49873174418457E-04	1E10	0.149179194680245	6.60520172844876E-10	1.00118905383484E-11	0.45121563585827	8.32900957263084E-11	2.37200272518612E-11	2.00404205352484	6.34039081281381E-13	5.6991982868266E-10	266.342373493008	1E10	1E-30	1E-10	1E10	1E-30	1E-10	1E10	1E-30	1E-10	1E10	1E-30	1E-10	1E10	1E-30	1E-10	1E10	1E-30	1E-10	1E10	1E-30	1E-10	1E10	1E-30	1E-10	1E10	1E-30	1E-10	1E10	1E-30	1E-10	1E10	1E-30	1E-10
85	1.2E-10	1E10	1E11	1E-30	5.95344182183327E-14	1E10	1E-30	1E10	0.122104621864681	2.49873174418457E-04	1E10	0.149179194680245	6.60520172844876E-10	1.00118905383484E-11	0.45121563585827	8.32900957263084E-11	2.37200272518612E-11	2.00404205352484	6.34039081281381E-13	5.6991982868266E-10	266.342373493008	1E10	1E-30	1E-10	1E10	1E-30	1E-10	1E10	1E-30	1E-10	1E10	1E-30	1E-10	1E10	1E-30	1E-10	1E10	1E-30	1E-10	1E10	1E-30	1E-10	1E10	1E-30	1E-10	1E10	1E-30	1E-10	1E10	1E-30	1E-10	1E10	1E-30	1E-10
86	1.2E-10	1E10	1E11	1E-30	5.95344182183327E-14	1E10	1E-30	1E10	0.122104621864681	2.49873174418457E-04	1E10	0.149179194680245	6.60520172844876E-10	1.00118905383484E-11	0.45121563585827	8.32900957263084E-11	2.37200272518612E-11	2.00404205352484	6.34039081281381E-13	5.6991982868266E-10	266.342373493008	1E10	1E-30	1E-10	1E10	1E-30	1E-10	1E10	1E-30	1E-10	1E10	1E-30	1E-10	1E10	1E-30	1E-10	1E10	1E-30	1E-10	1E10	1E-30	1E-10	1E10	1E-30	1E-10	1E10	1E-30	1E-10	1E10	1E-30	1E-10	1E10	1E-30	1E-10
87	1.2E-10	1E10	1E11	1E-30	5.95344182183327E-14	1E10	1E-30	1E10	0.122104621864681	2.49873174418457E-04	1E10	0.149179194680245	6.60520172844876E-10	1.00118905383484E-11	0.45121563585827	8.32900957263084E-11	2.37200272518612E-11	2.00404205352484	6.34039081281381E-13	5.6991982868266E-10	266.342373493008	1E10	1E-30	1E-10	1E10	1E-30	1E-10	1E10	1E-30	1E-10	1E10	1E-30	1E-10	1E10	1E-30	1E-10	1E10	1E-30	1E-10	1E10	1E-30	1E-10	1E10	1E-30	1E-10	1E10	1E-30	1E-10	1E10	1E-30	1E-10	1E10	1E-30	1E-10
88	1.2E-10	1E10	1E11	1E-30	5.95344182183327E-14	1E10	1E-30	1E10	0.122104621864681	2.49873174418457E-04	1E10	0.149179194680245	6.60520172844876E-10	1.00118905383484E-11	0.45121563585827	8.32900957263084E-11	2.37200272518612E-11	2.00404205352484	6.34039081281381E-13	5.6991982868266E-10	266.342373493008	1E10	1E-30	1E-10	1E10	1E-30	1E-10	1E10	1E-30	1E-10	1E10	1E-30	1E-10	1E10	1E-30	1E-10	1E10	1E-30	1E-10	1E10	1E-30	1E-10	1E10	1E-30	1E-10	1E10	1E-30	1E-10	1E10	1E-30	1E-10	1E10	1E-30	1E-10
89	1.2E-10	1E10	1E11	1E-30	5.95344182183327E-14	1E10	1E-30	1E10	0.122104621864681	2.49873174418457E-04	1E10	0.149179194680245	6.60520172844876E-10	1.00118905383484E-11	0.45121563585827	8.32900957263084E-11	2.37200272518612E-11	2.00404205352484	6.34039081281381E-13	5.6991982868266E-10	266.342373493008	1E10	1E-30	1E-10	1E10	1E-30	1E-10	1E10	1E-30	1E-10	1E10	1E-30	1E-10	1E10	1E-30	1E-10	1E10	1E-30	1E-10	1E10	1E-30	1E-10	1E10	1E-30	1E-10	1E10	1E-30	1E-10	1E10	1E-30	1E-10	1E10	1E-30	1E-10
90	1.2E-10	1E10	1E11	1E-30	1.22216453600135E-11	1E10	1E-30	1E10	0.13591529938281	1E-30	1.34205329658206E-10	5.28699822803773	2.52855846408232E-09	6.18595551235113E-12	0.365823581575026	2.10254126079984E-10	3.0215734112017E-11	1.54559262552301	8.23112572541381E-13	4.79035255042621E-10	825.217846046833	1E10	1E-30	1E-10	1E10	1E-30	1E-10	1E10	1E-30	1E-10	1E10	1E-30	1E-10	1E10	1E-30	1E-10	1E10	1E-30	1E-10	1E10	1E-30	1E-10	1E10	1E-30	1E-10	1E10	1E-30	1E-10	1E10	1E-30	1E-10	1E10	1E-30	1E-10
91	1.5E-10	1E10	1E10	1E-30	1.58704839855929E-10	1E10	1E-30	1E10	0.08	4.49290579289337E-10	1.9929453944057E-11	0.928317387197558	9.49668553572018E-11	2.95344349409593E-11	1.98110903640305	2.92033797965006E-11	2.29330746142219E-11	2.13154832673754	3.38029598951922E-12	1.03716459159012E-10	39.0578776787728	2.11392098747824E-12	1.53069998372573E-10	1E5	1E10	1E-30	1E-10	1E10	1E-30	1E-10	1E10	1E-30	1E-10	1E10	1E-30	1E-10	1E10	1E-30	1E-10	1E10	1E-30	1E-10	1E10	1E-30	1E-10	1E10	1E-30	1E-10	1E10	1E-30	1E-10	1E10	1E-30	1E-10
92	1.5E-10	1E10	1E11	1E-30	1E-11	1E10	1E-30	1E10	6E-3	5.49829171121409E-09	1E10	0.115785012110062	1E-30	4.16108235333335E-11	0.140779969639229	1E-30	1.44686577248512E-10	19.6970058201358	8.00742163073374E-13	2.63612694559119E-10	1E10	3.32860145108961E-11	9.39492778558511E-12	2.2500874589066	1.18715402752264E-10	2.37077688164148E-11	1.55610318295687	6.25242585024294E-10	1.4018252248794E-11	0.809335629454974	1E10	1E-30	1E-10	1E10	1E-30	1E-10	1E10	1E-30	1E-10	1E10	1E-30	1E-10	1E10	1E-30	1E-10	1E10	1E-30	1E-10	1E10	1E-30	1E-10	1E10	1E-30	1E-10
93	1.5E-10	1E10	1E11	1E-30	2.07571104226164E-10	1E10	1E-30	1E10	0.104218356312124	9.33278239160026E-09	1E10	33.2213099273628	9.7017054567068E-10	1.04163872683658E-11	0.457259985339779	8.98521963442552E-11	3.52991533736751E-11	1.94885712156994	3.71535425895829E-11	1.8960079412392E-11	1.58483263059008	1.07246940953051E-12	3.21821921747933E-10	161.736815569206	1E10	1E-30	1E-10	1E10	1E-30	1E-10	1E10	1E-30	1E-10	1E10	1E-30	1E-10	1E10	1E-30	1E-10	1E10	1E-30	1E-10	1E10	1E-30	1E-10	1E10	1E-30	1E-10	1E10	1E-30	1E-10	1E10	1E-30	1E-10
94	1.5E-10	1E10	1E11	1E-30	2.07571104226164E-10	1E10	1E-30	1E10	0.104218356312124	9.33278239160026E-09	1E10	33.2213099273628	9.7017054567068E-10	1.04163872683658E-11	0.457259985339779	8.98521963442552E-11	3.52991533736751E-11	1.94885712156994	3.71535425895829E-11	1.8960079412392E-11	1.58483263059008	1.07246940953051E-12	3.21821921747933E-10	161.736815569206	1E10	1E-30	1E-10	1E10	1E-30	1E-10	1E10	1E-30	1E-10	1E10	1E-30	1E-10	1E10	1E-30	1E-10	1E10	1E-30	1E-10	1E10	1E-30	1E-10	1E10	1E-30	1E-10	1E10	1E-30	1E-10	1E10	1E-30	1E-10
95	1.5E-10	1E10	1E11	1E-30	2.07571104226164E-10	1E10	1E-30	1E10	0.104218356312124	9.33278239160026E-09	1E10	33.2213099273628	9.7017054567068E-10	1.04163872683658E-11	0.457259985339779	8.98521963442552E-11	3.52991533736751E-11	1.94885712156994	3.71535425895829E-11	1.8960079412392E-11	1.58483263059008	1.07246940953051E-12	3.21821921747933E-10	161.736815569206	1E10	1E-30	1E-10	1E10	1E-30	1E-10	1E10	1E-30	1E-10	1E10	1E-30	1E-10	1E10	1E-30	1E-10	1E10	1E-30	1E-10	1E10	1E-30	1E-10	1E10	1E-30	1E-10	1E10	1E-30	1E-10	1E10	1E-30	1E-10
96	1.5E-10	1E10	1E11	1E-30	2.07571104226164E-10	1E10	1E-30	1E10	0.104218356312124	9.33278239160026E-09	1E10	33.2213099273628	9.7017054567068E-10	1.04163872683658E-11	0.457259985339779	8.98521963442552E-11	3.52991533736751E-11	1.94885712156994	3.71535425895829E-11	1.8960079412392E-11	1.58483263059008	1.07246940953051E-12	3.21821921747933E-10	161.736815569206	1E10	1E-30	1E-10	1E10	1E-30	1E-10	1E10	1E-30	1E-10	1E10	1E-30	1E-10	1E10	1E-30	1E-10	1E10	1E-30	1E-10	1E10	1E-30	1E-10	1E10	1E-30	1E-10	1E10	1E-30	1E-10	1E10	1E-30	1E-10
97	1.5E-10	1E10	1E11	1E-30	2.07571104226164E-10	1E10	1E-30	1E10	0.104218356312124	9.33278239160026E-09	1E10	33.2213099273628	9.7017054567068E-10	1.04163872683658E-11	0.457259985339779	8.98521963442552E-11	3.52991533736751E-11	1.94885712156994	3.71535425895829E-11	1.8960079412392E-11	1.58483263059008	1.07246940953051E-12	3.21821921747933E-10	161.736815569206	1E10	1E-30	1E-10	1E10	1E-30	1E-10	1E10	1E-30	1E-10	1E10	1E-30	1E-10	1E10	1E-30	1E-10	1E10	1E-30	1E-10	1E10	1E-30	1E-10	1E10	1E-30	1E-10	1E10	1E-30	1E-10	1E10	1E-30	1E-10
98	1.5E-10	1E10	1E11	1E-30	2.07571104226164E-10	1E10	1E-30	1E10	0.104218356312124	9.33278239160026E-09	1E10	33.2213099273628	9.7017054567068E-10	1.04163872683658E-11	0.457259985339779	8.98521963442552E-11	3.52991533736751E-11	1.94885712156994	3.71535425895829E-11	1.8960079412392E-11	1.58483263059008	1.07246940953051E-12	3.21821921747933E-10	161.736815569206	1E10	1E-30	1E-10	1E10	1E-30	1E-10	1E10	1E-30	1E-10	1E10	1E-30	1E-10	1E10	1E-30	1E-10	1E10	1E-30	1E-10	1E10	1E-30	1E-10	1E10	1E-30	1E-10	1E10	1E-30	1E-10	1E10	1E-30	1E-10
99	1.5E-10	1E10	1E11	1E-30	1.23034440915677E-11	1E10	1E-30	1E10	0.107204082706783	1E-30	1.2089434524802E-10	4.76261405365865	1.75346784994436E-09	1.20332235376342E-11	0.558640771199351	2.60270219658327E-10	3.66680061765452E-11	1.74855429559969	8.80004074811218E-13	4.58502838964041E-10	444.163803647337	1E10	1E-30	1E-10	1E10	1E-30	1E-10	1E10	1E-30	1E-10	1E10	1E-30	1E-10	1E10	1E-30	1E-10	1E10	1E-30	1E-10	1E10	1E-30	1E-10	1E10	1E-30	1E-10	1E10	1E-30	1E-10	1E10	1E-30	1E-10	1E10	1E-30	1E-10
100	1.8E-10	1E10	1E10	1E-30	2.093303423135E-10	1E10	1E-30	1E10	0.085	1E-30	2.47113320842329E-11	0.655730656210194	6.34830972388197E-10	1.56256530789367E-11	0.725177691212584	1.32639402317026E-10	2.37463724016475E-11	1.68034031860056	1.79995186882291E-12	1.49723297757674E-10	1E5	4.0932246249658E-12	6.0647573772366E-11	10.4944774293887	1E10	1E-30	1E-10	1E10	1E-30	1E-10	1E10	1E-30	1E-10	1E10	1E-30	1E-10	1E10	1E-30	1E-10	1E10	1E-30	1E-10	1E10	1E-30	1E-10	1E10	1E-30	1E-10	1E10	1E-30	1E-10	1E10	1E-30	1E-10
101	1.8E-10	1E10	1E11	1E-30	2.093303423135E-10	1E10	1E-30	1E10	0.085	1E-30	2.47113320842329E-11	0.655730656210194	6.34830972388197E-10	1.56256530789367E-11	0.725177691212584	1.32639402317026E-10	2.37463724016475E-11	1.68034031860056	1.79995186882291E-12	1.49723297757674E-10	1E5	4.0932246249658E-12	6.0647573772366E-11	10.4944774293887	1E10	1E-30	1E-10	1E10	1E-30	1E-10	1E10	1E-30	1E-10	1E10	1E-30	1E-10	1E10	1E-30	1E-10	1E10	1E-30	1E-10	1E10	1E-30	1E-10	1E10	1E-30	1E-10	1E10	1E-30	1E-10	1E10	1E-30	1E-10
102	1.8E-10	1E10	1E11	1E-30	1.56833961111642E-10	1E10	1E-30	1E10	9.34693931198776E-02	2.1822369665042E-07	1E10	6.80026730335455E-02	1.27753443037975E-09	1.0718553662147E-11	0.483087331632362	1.36587381831563E-10	3.39365024920352E-11	1.71393545524434	8.86030381954839E-11	1.30926013818019E-11	0.858795655890296	2.46041827697452E-12	1.38240235153027E-10	37.3330608349711	1.24694403888206E-12	2.24936654542248E-10	315.708772322902	1E10	1E-30	1E-10	1E10	1E-30	1E-10	1E10	1E-30	1E-10	1E10	1E-30	1E-10	1E10	1E-30	1E-10	1E10	1E-30	1E-10	1E10	1E-30	1E-10	1E10	1E-30	1E-10	1E10	1E-30	1E-10
103	1.8E-10	1E10	1E11	1E-30	1.56833961111642E-10	1E10	1E-30	1E10	9.34693931198776E-02	2.1822369665042E-07	1E10	6.80026730335455E-02	1.27753443037975E-09	1.0718553662147E-11	0.483087331632362	1.36587381831563E-10	3.39365024920352E-11	1.71393545524434	8.86030381954839E-11	1.30926013818019E-11	0.858795655890296	2.46041827697452E-12	1.38240235153027E-10	37.3330608349711	1.24694403888206E-12	2.24936654542248E-10	315.708772322902	1E10	1E-30	1E-10	1E10	1E-30	1E-10	1E10	1E-30	1E-10	1E10	1E-30	1E-10	1E10	1E-30	1E-10	1E10	1E-30	1E-10	1E10	1E-30	1E-10	1E10	1E-30	1E-10	1E10	1E-30	1E-10
104	1.8E-10	1E10	1E11	1E-30	1.56833961111642E-10	1E10	1E-30	1E10	9.34693931198776E-02	2.1822369665042E-07	1E10	6.80026730335455E-02	1.27753443037975E-09	1.0718553662147E-11	0.483087331632362	1.36587381831563E-10	3.39365024920352E-11	1.71393545524434	8.86030381954839E-11	1.30926013818019E-11	0.858795655890296	2.46041827697452E-12	1.38240235153027E-10	37.3330608349711	1.24694403888206E-12	2.24936654542248E-10	315.708772322902	1E10	1E-30	1E-10	1E10	1E-30	1E-10	1E10	1E-30	1E-10	1E10	1E-30	1E-10	1E10	1E-30	1E-10	1E10	1E-30	1E-10	1E10	1E-30	1E-10	1E10	1E-30	1E-10	1E10	1E-30	1E-10
105	1.8E-10	1E10	1E11	1E-30	1.56833961111642E-10	1E10	1E-30	1E10	9.34693931198776E-02	2.1822369665042E-07	1E10	6.80026730335455E-02	1.27753443037975E-09	1.0718553662147E-11	0.483087331632362	1.36587381831563E-10	3.39365024920352E-11	1.71393545524434	8.86030381954839E-11	1.30926013818019E-11	0.858795655890296	2.46041827697452E-12	1.38240235153027E-10	37.3330608349711	1.24694403888206E-12	2.24936654542248E-10	315.708772322902	1E10	1E-30	1E-10	1E10	1E-30	1E-10	1E10	1E-30	1E-10	1E10	1E-30	1E-10	1E10	1E-30	1E-10	1E10	1E-30	1E-10	1E10	1E-30	1E-10	1E10	1E-30	1E-10	1E10	1E-30	1E-10
106	1.8E-10	1E10	1E11	1E-30	1.56833961111642E-10	1E10	1E-30	1E10	9.34693931198776E-02	2.1822369665042E-07	1E10	6.80026730335455E-02	1.27753443037975E-09	1.0718553662147E-11	0.483087331632362	1.36587381831563E-10	3.39365024920352E-11	1.71393545524434	8.86030381954839E-11	1.30926013818019E-11	0.858795655890296	2.46041827697452E-12	1.38240235153027E-10	37.3330608349711	1.24694403888206E-12	2.24936654542248E-10	315.708772322902	1E10	1E-30	1E-10	1E10	1E-30	1E-10	1E10	1E-30	1E-10	1E10	1E-30	1E-10	1E10	1E-30	1E-10	1E10	1E-30	1E-10	1E10	1E-30	1E-10	1E10	1E-30	1E-10	1E10	1E-30	1E-10
107	1.8E-10	1E10	1E11	1E-30	1.56833961111642E-10	1E10	1E-30	1E10	9.34693931198776E-02	2.1822369665042E-07	1E10	6.80026730335455E-02	1.27753443037975E-09	1.0718553662147E-11	0.483087331632362	1.36587381831563E-10	3.39365024920352E-11	1.71393545524434	8.86030381954839E-11	1.30926013818019E-11	0.858795655890296	2.46041827697452E-12	1.38240235153027E-10	37.3330608349711	1.24694403888206E-12	2.24936654542248E-10	315.708772322902	1E10	1E-30	1E-10	1E10	1E-30	1E-10	1E10	1E-30	1E-10	1E10	1E-30	1E-10	1E10	1E-30	1E-10	1E10	1E-30	1E-10	1E10	1E-30	1E-10	1E10	1E-30	1E-10	1E10	1E-30	1E-10
108	1.8E-10	1E10	1E11	1E-30	9.74293380886808E-12	1E10	1E-30	1E10	0.117904858308554	1E-30	1.49743369677447E-10	4.79498224617585	4.34256787756781E-09	5.19720122159479E-12	0.218299198557999	3.2596266293652E-10	2.73239773931147E-11	1.08165077539349	9.72345593988203E-13	5.10512125327824E-10	879.441986803947	1E10	1E-30	1E-10	1E10	1E-30	1E-10	1E10	1E-30	1E-10	1E10	1E-30	1E-10	1E10	1E-30	1E-10	1E10	1E-30	1E-10	1E10	1E-30	1E-10	1E10	1E-30	1E-10	1E10	1E-30	1E-10	1E10	1E-30	1E-10	1E10	1E-30	1E-10
109	2.2E-10	1E10	1E10	1E-30	7.40121195694421E-11	1E10	1E-30	1E10	7.34690443166881E-02	1E-30	1.73734604344032E-11	0.337518096035661	7.8276917849249E-10	1.81333373595837E-11	0.878683477678578	1.62286551155177E-10	2.88721202976902E-11	1.65288957709955	1.44910062188359E-10	7.81546820576677E-12	0.802412636637457	1.17423337771538E-12	3.12758137908197E-10	233.773836994962	1E10	1E-30	1E-10	1E10	1E-30	1E-10	1E10	1E-30	1E-10	1E10	1E-30	1E-10	1E10	1E-30	1E-10	1E10	1E-30	1E-10	1E10	1E-30	1E-10	1E10	1E-30	1E-10	1E10	1E-30	1E-10	1E10	1E-30	1E-10
110	2.2E-10	1E10	1E11	1E-30	2.78873838257643E-11	1E10	1E-30	1E10	7.72007080886242E-02	5.84391163454925E-10	2.44632086402586E-11	0.898757822994773	1.70553889658879E-10	2.79099124715131E-11	1.5868821934522	3.45271532116175E-10	5.94569592739465E-12	0.37677075171384	7.61635615741296E-11	1.40252424249403E-11	1.09729980596019	2.81057835569273E-11	1.64238276452954E-11	2.01578650540988	5.26422843122819E-13	3.46111117753053E-10	1E5	1E10	1E-30	1E-10	1E10	1E-30	1E-10	1E10	1E-30	1E-10	1E10	1E-30	1E-10	1E10	1E-30	1E-10	1E10	1E-30	1E-10	1E10	1E-30	1E-10	1E10	1E-30	1E-10	1E10	1E-30	1E-10
111	2.2E-10	1E10	1E11	1E-30	2.6211328419875E-12	1E10	1E-30	1E10	0.01292650328698	2.43115759932294E-08	1E10	7.70218995007497	1E-30	6.63178596577075E-11	7.55161285731403E-02	4.98919611242939E-08	7.2710791006052E-11	3.39113026078376E-02	1.57152768913368E-09	1.22390402952085E-11	0.563619795365854	1.93155847853505E-10	3.50105402831274E-11	1.54524992404455	8.79581267271537E-11	1.89392261343691E-11	0.863726974086384	7.981848421449E-13	4.5502329986115E-10	332.148912522597	1E10	1E-30	1E-10	1E10	1E-30	1E-10	1E10	1E-30	1E-10	1E10	1E-30	1E-10	1E10	1E-30	1E-10	1E10	1E-30	1E-10	1E10	1E-30	1E-10	1E10	1E-30	1E-10
112	2.2E-10	1E10	1E11	1E-30	2.6211328419875E-12	1E10	1E-30	1E10	0.01292650328698	2.43115759932294E-08	1E10	7.70218995007497	1E-30	6.63178596577075E-11	7.55161285731403E-02	4.98919611242939E-08	7.2710791006052E-11	3.39113026078376E-02	1.57152768913368E-09	1.22390402952085E-11	0.563619795365854	1.93155847853505E-10	3.50105402831274E-11	1.54524992404455	8.79581267271537E-11	1.89392261343691E-11	0.863726974086384	7.981848421449E-13	4.5502329986115E-10	332.148912522597	1E10	1E-30	1E-10	1E10	1E-30	1E-10	1E10	1E-30	1E-10	1E10	1E-30	1E-10	1E10	1E-30	1E-10	1E10	1E-30	1E-10	1E10	1E-30	1E-10	1E10	1E-30	1E-10
113	2.2E-10	1E10	1E11	1E-30	2.6211328419875E-12	1E10	1E-30	1E10	0.01292650328698	2.43115759932294E-08	1E10	7.70218995007497	1E-30	6.63178596577075E-11	7.55161285731403E-02	4.98919611242939E-08	7.2710791006052E-11	3.39113026078376E-02	1.57152768913368E-09	1.22390402952085E-11	0.563619795365854	1.93155847853505E-10	3.50105402831274E-11	1.54524992404455	8.79581267271537E-11	1.89392261343691E-11	0.863726974086384	7.981848421449E-13	4.5502329986115E-10	332.148912522597	1E10	1E-30	1E-10	1E10	1E-30	1E-10	1E10	1E-30	1E-10	1E10	1E-30	1E-10	1E10	1E-30	1E-10	1E10	1E-30	1E-10	1E10	1E-30	1E-10	1E10	1E-30	1E-10
114	2.2E-10	1E10	1E11	1E-30	1.60603613182327E-10	1E10	1E-30	1E10	1.20993773457412E-02	9.95696037744679E-09	1E10	9403.75083984703	1E-30	1.01751331147826E-10	0.076850097814107	2.88419265932821E-07	1.71121427966732E-11	1.11776570456331E-02	1.54741843034446E-09	1.24297283366732E-11	0.52203606828942	1.96431786141477E-10	3.48167413111359E-11	1.4624282471536	9.39642092196327E-11	1.894988724271E-11	0.811965784238719	8.87554850362869E-13	3.30063664249149E-10	144.249087182342	1E10	1E-30	1E-10	1E10	1E-30	1E-10	1E10	1E-30	1E-10	1E10	1E-30	1E-10	1E10	1E-30	1E-10	1E10	1E-30	1E-10	1E10	1E-30	1E-10	1E10	1E-30	1E-10
115	2.2E-10	1E10	1E11	1E-30	1.60603613182327E-10	1E10	1E-30	1E10	1.20993773457412E-02	9.95696037744679E-09	1E10	9403.75083984703	1E-30	1.01751331147826E-10	0.076850097814107	2.88419265932821E-07	1.71121427966732E-11	1.11776570456331E-02	1.54741843034446E-09	1.24297283366732E-11	0.52203606828942	1.96431786141477E-10	3.48167413111359E-11	1.4624282471536	9.39642092196327E-11	1.894988724271E-11	0.811965784238719	8.87554850362869E-13	3.30063664249149E-10	144.249087182342	1E10	1E-30	1E-10	1E10	1E-30	1E-10	1E10	1E-30	1E-10	1E10	1E-30	1E-10	1E10	1E-30	1E-10	1E10	1E-30	1E-10	1E10	1E-30	1E-10	1E10	1E-30	1E-10
116	2.2E-10	1E10	1E11	1E-30	1.60603613182327E-10	1E10	1E-30	1E10	1.20993773457412E-02	9.95696037744679E-09	1E10	9403.75083984703	1E-30	1.01751331147826E-10	0.076850097814107	2.88419265932821E-07	1.71121427966732E-11	1.11776570456331E-02	1.54741843034446E-09	1.24297283366732E-11	0.52203606828942	1.96431786141477E-10	3.48167413111359E-11	1.4624282471536	9.39642092196327E-11	1.894988724271E-11	0.811965784238719	8.87554850362869E-13	3.30063664249149E-10	144.249087182342	1E10	1E-30	1E-10	1E10	1E-30	1E-10	1E10	1E-30	1E-10	1E10	1E-30	1E-10	1E10	1E-30	1E-10	1E10	1E-30	1E-10	1E10	1E-30	1E-10	1E10	1E-30	1E-10
117	2.2E-10	1E10	1E11	1E-30	5.19568329278078E-12	1E10	1E-30	1E10	0.104580342221488	1E-30	9.5473293617697E-11	1.81653932773193	3.97467517167622E-09	7.56617150143565E-12	0.224390367331026	3.62393995084423E-10	3.59034605447001E-11	1.15660672115205	8.44415131968178E-13	5.26789755299893E-10	326.424236952275	1E10	1E-30	1E-10	1E10	1E-30	1E-10	1E10	1E-30	1E-10	1E10	1E-30	1E-10	1E10	1E-30	1E-10	1E10	1E-30	1E-10	1E10	1E-30	1E-10	1E10	1E-30	1E-10	1E10	1E-30	1E-10	1E10	1E-30	1E-10	1E10	1E-30	1E-10
118	2.7E-10	1E10	1E10	1E-30	6.3416083517065E-11	1E10	1E-30	1E10	0.07	1E-30	3.9998229392208E-11	1.2470104637414	8.63805006072335E-10	2.32720521976119E-11	1.01792743961646	2.49768792285962E-10	2.7714198219222E-11	1.53709170786241	1.32189234550644E-09	2.31534020757429E-12	0.268100035121936	5.1450846577921E-10	3.30702898589727E-12	0.431544598274458	5.91627449141201E-12	5.26884934577471E-11	13.1150406342199	1.08206658736243E-12	2.18759715906672E-10	1E5	1E10	1E-30	1E-10	1E10	1E-30	1E-10	1E10	1E-30	1E-10	1E10	1E-30	1E-10	1E10	1E-30	1E-10	1E10	1E-30	1E-10	1E10	1E-30	1E-10	1E10	1E-30	1E-10
119	2.7E-10	1E10	1E11	1E-30	6.3416083517065E-11	1E10	1E-30	1E10	0.07	1E-30	3.9998229392208E-11	1.2470104637414	8.63805006072335E-10	2.32720521976119E-11	1.01792743961646	2.49768792285962E-10	2.7714198219222E-11	1.53709170786241	1.32189234550644E-09	2.31534020757429E-12	0.268100035121936	5.1450846577921E-10	3.30702898589727E-12	0.431544598274458	5.91627449141201E-12	5.26884934577471E-11	13.1150406342199	1.08206658736243E-12	2.18759715906672E-10	1E5	1E10	1E-30	1E-10	1E10	1E-30	1E-10	1E10	1E-30	1E-10	1E10	1E-30	1E-10	1E10	1E-30	1E-10	1E10	1E-30	1E-10	1E10	1E-30	1E-10	1E10	1E-30	1E-10
120	2.7E-10	1E10	1E11	1E-30	4.81702317504909E-11	1E10	1E-30	1E10	5.28151196517016E-03	6.00581796702821E-09	1E10	592.728387921018	1E-30	5.93215223128146E-11	7.02562015576233E-02	9.96583382772038E-08	3.47628843144517E-11	1.73724634321917E-02	1.44241733550103E-09	1.75483853219197E-11	0.88350556426446	2.62793341393604E-10	3.62360817600109E-11	1.91171855810938	1.04718387582358E-10	2.42900961819455E-11	0.740582939912314	8.40764021947224E-13	4.00223382850845E-10	213.980038769856	1E10	1E-30	1E-10	1E10	1E-30	1E-10	1E10	1E-30	1E-10	1E10	1E-30	1E-10	1E10	1E-30	1E-10	1E10	1E-30	1E-10	1E10	1E-30	1E-10	1E10	1E-30	1E-10
121	2.7E-10	1E10	1E11	1E-30	4.81702317504909E-11	1E10	1E-30	1E10	5.28151196517016E-03	6.00581796702821E-09	1E10	592.728387921018	1E-30	5.93215223128146E-11	7.02562015576233E-02	9.96583382772038E-08	3.47628843144517E-11	1.73724634321917E-02	1.44241733550103E-09	1.75483853219197E-11	0.88350556426446	2.62793341393604E-10	3.62360817600109E-11	1.91171855810938	1.04718387582358E-10	2.42900961819455E-11	0.740582939912314	8.40764021947224E-13	4.00223382850845E-10	213.980038769856	1E10	1E-30	1E-10	1E10	1E-30	1E-10	1E10	1E-30	1E-10	1E10	1E-30	1E-10	1E10	1E-30	1E-10	1E10	1E-30	1E-10	1E10	1E-30	1E-10	1E10	1E-30	1E-10
122	2.7E-10	1E10	1E11	1E-30	4.81702317504909E-11	1E10	1E-30	1E10	5.28151196517016E-03	6.00581796702821E-09	1E10	592.728387921018	1E-30	5.93215223128146E-11	7.02562015576233E-02	9.96583382772038E-08	3.47628843144517E-11	1.73724634321917E-02	1.44241733550103E-09	1.75483853219197E-11	0.88350556426446	2.62793341393604E-10	3.62360817600109E-11	1.91171855810938	1.04718387582358E-10	2.42900961819455E-11	0.740582939912314	8.40764021947224E-13	4.00223382850845E-10	213.980038769856	1E10	1E-30	1E-10	1E10	1E-30	1E-10	1E10	1E-30	1E-10	1E10	1E-30	1E-10	1E10	1E-30	1E-10	1E10	1E-30	1E-10	1E10	1E-30	1E-10	1E10	1E-30	1E-10
123	2.7E-10	1E10	1E11	1E-30	4.81702317504909E-11	1E10	1E-30	1E10	5.28151196517016E-03	6.00581796702821E-09	1E10	592.728387921018	1E-30	5.93215223128146E-11	7.02562015576233E-02	9.96583382772038E-08	3.47628843144517E-11	1.73724634321917E-02	1.44241733550103E-09	1.75483853219197E-11	0.88350556426446	2.62793341393604E-10	3.62360817600109E-11	1.91171855810938	1.04718387582358E-10	2.42900961819455E-11	0.740582939912314	8.40764021947224E-13	4.00223382850845E-10	213.980038769856	1E10	1E-30	1E-10	1E10	1E-30	1E-10	1E10	1E-30	1E-10	1E10	1E-30	1E-10	1E10	1E-30	1E-10	1E10	1E-30	1E-10	1E10	1E-30	1E-10	1E10	1E-30	1E-10
124	2.7E-10	1E10	1E11	1E-30	4.81702317504909E-11	1E10	1E-30	1E10	5.28151196517016E-03	6.00581796702821E-09	1E10	592.728387921018	1E-30	5.93215223128146E-11	7.02562015576233E-02	9.96583382772038E-08	3.47628843144517E-11	1.73724634321917E-02	1.44241733550103E-09	1.75483853219197E-11	0.88350556426446	2.62793341393604E-10	3.62360817600109E-11	1.91171855810938	1.04718387582358E-10	2.42900961819455E-11	0.740582939912314	8.40764021947224E-13	4.00223382850845E-10	213.980038769856	1E10	1E-30	1E-10	1E10	1E-30	1E-10	1E10	1E-30	1E-10	1E10	1E-30	1E-10	1E10	1E-30	1E-10	1E10	1E-30	1E-10	1E10	1E-30	1E-10	1E10	1E-30	1E-10
125	2.7E-10	1E10	1E11	1E-30	4.81702317504909E-11	1E10	1E-30	1E10	5.28151196517016E-03	6.00581796702821E-09	1E10	592.728387921018	1E-30	5.93215223128146E-11	7.02562015576233E-02	9.96583382772038E-08	3.47628843144517E-11	1.73724634321917E-02	1.44241733550103E-09	1.75483853219197E-11	0.88350556426446	2.62793341393604E-10	3.62360817600109E-11	1.91171855810938	1.04718387582358E-10	2.42900961819455E-11	0.740582939912314	8.40764021947224E-13	4.00223382850845E-10	213.980038769856	1E10	1E-30	1E-10	1E10	1E-30	1E-10	1E10	1E-30	1E-10	1E10	1E-30	1E-10	1E10	1E-30	1E-10	1E10	1E-30	1E-10	1E10	1E-30	1E-10	1E10	1E-30	1E-10
126	2.7E-10	1E10	1E11	1E-30	1.17605098590287E-12	1E10	1E-30	1E10	9.79657033140651E-02	1E-30	1.20417865892908E-10	4.60688525346411	2.59963203539962E-09	1.50162220131725E-11	0.390119284048622	4.02806774962818E-10	4.23146238289868E-11	1.25603573250294	1.00301412201741E-12	4.64294384785687E-10	719.474558899315	1E10	1E-30	1E-10	1E10	1E-30	1E-10	1E10	1E-30	1E-10	1E10	1E-30	1E-10	1E10	1E-30	1E-10	1E10	1E-30	1E-10	1E10	1E-30	1E-10	1E10	1E-30	1E-10	1E10	1E-30	1E-10	1E10	1E-30	1E-10	1E10	1E-30	1E-10
127	3.3E-10	1E10	1E10	1E-30	9.14371481547327E-11	1E10	1E-30	1E10	7.52766362667087E-02	1E-30	1.92918885362277E-11	0.564107513654711	1E-30	1.09466449494978E-11	3.43533858791583E-02	1.03151314733878E-09	1.21444982045188E-11	0.245260593434022	1.49197228658001E-10	2.17672333558035E-11	0.670521282986373	1.95042633524975E-12	1.60830414040481E-10	1E5	1.37080791534254E-12	2.24167405072689E-10	242.313733369007	1E10	1E-30	1E-10	1E10	1E-30	1E-10	1E10	1E-30	1E-10	1E10	1E-30	1E-10	1E10	1E-30	1E-10	1E10	1E-30	1E-10	1E10	1E-30	1E-10	1E10	1E-30	1E-10	1E10	1E-30	1E-10
128	3.3E-10	1E10	1E11	1E-30	2E-11	1E10	1E-30	1E10	0.018	1.55246165805936E-08	1E10	0.113908659025251	1E-30	5.11635945205901E-11	8.38344233963085E-02	1E-30	6.55742449107383E-11	4.26997500594457	5.79754117853214E-13	4.16109012433467E-10	1E10	1.62488496577309E-10	1.92456517960962E-12	0.460933822304867	1.71829943598944E-10	1.88029223717653E-11	0.618929507837782	1.20099963493486E-09	1.07607196427199E-11	0.239053390397337	1E10	1E-30	1E-10	1E10	1E-30	1E-10	1E10	1E-30	1E-10	1E10	1E-30	1E-10	1E10	1E-30	1E-10	1E10	1E-30	1E-10	1E10	1E-30	1E-10	1E10	1E-30	1E-10
129	3.3E-10	1E10	1E11	1E-30	3.85239137777185E-10	1E10	1E-30	1E10	1.07272289294826E-02	1E-30	6.53495666256864E-11	6.97183398305494E-02	1.55502417906395E-07	2.67850399390568E-11	1.46770205165335E-02	2.1085547965976E-09	1.17889317456733E-11	0.36417936174211	2.7620851344742E-10	3.06838521583075E-11	1.14534483846238	7.75230678688254E-10	5.47382055398929E-12	0.211580500925923	1.86145898781386E-10	1.0699574854656E-11	0.626131975219989	3.71066938662947E-12	1.0464149548011E-10	17.5381608832272	7.87065011820629E-12	4.26459906854526E-11	34.3571586252456	1E10	1E-30	1E-10	1E10	1E-30	1E-10	1E10	1E-30	1E-10	1E10	1E-30	1E-10	1E10	1E-30	1E-10	1E10	1E-30	1E-10	1E10	1E-30	1E-10
130	3.3E-10	1E10	1E11	1E-30	3.85239137777185E-10	1E10	1E-30	1E10	1.07272289294826E-02	1E-30	6.53495666256864E-11	6.97183398305494E-02	1.55502417906395E-07	2.67850399390568E-11	1.46770205165335E-02	2.1085547965976E-09	1.17889317456733E-11	0.36417936174211	2.7620851344742E-10	3.06838521583075E-11	1.14534483846238	7.75230678688254E-10	5.47382055398929E-12	0.211580500925923	1.86145898781386E-10	1.0699574854656E-11	0.626131975219989	3.71066938662947E-12	1.0464149548011E-10	17.5381608832272	7.87065011820629E-12	4.26459906854526E-11	34.3571586252456	1E10	1E-30	1E-10	1E10	1E-30	1E-10	1E10	1E-30	1E-10	1E10	1E-30	1E-10	1E10	1E-30	1E-10	1E10	1E-30	1E-10	1E10	1E-30	1E-10
131	3.3E-10	1E10	1E11	1E-30	3.85239137777185E-10	1E10	1E-30	1E10	1.07272289294826E-02	1E-30	6.53495666256864E-11	6.97183398305494E-02	1.55502417906395E-07	2.67850399390568E-11	1.46770205165335E-02	2.1085547965976E-09	1.17889317456733E-11	0.36417936174211	2.7620851344742E-10	3.06838521583075E-11	1.14534483846238	7.75230678688254E-10	5.47382055398929E-12	0.211580500925923	1.86145898781386E-10	1.0699574854656E-11	0.626131975219989	3.71066938662947E-12	1.0464149548011E-10	17.5381608832272	7.87065011820629E-12	4.26459906854526E-11	34.3571586252456	1E10	1E-30	1E-10	1E10	1E-30	1E-10	1E10	1E-30	1E-10	1E10	1E-30	1E-10	1E10	1E-30	1E-10	1E10	1E-30	1E-10	1E10	1E-30	1E-10
132	3.3E-10	1E10	1E11	1E-30	1.41498348383127E-10	1E10	1E-30	1E10	5.2341862276787E-03	3.697355321149E-08	1E10	10.3166026467556	1E-30	6.68803928761175E-11	6.65806572820039E-02	1.31126718166992E-07	3.85567267844058E-11	1.76094227264849E-02	2.90846414309753E-09	8.91815660042851E-12	0.30399230051139	3.19478006830124E-10	2.75581486880132E-11	0.915877338331322	2.63159100615139E-11	3.74809810899068E-11	0.766033765735904	7.75735509836197E-13	3.77641093411764E-10	504.690114972469	1E10	1E-30	1E-10	1E10	1E-30	1E-10	1E10	1E-30	1E-10	1E10	1E-30	1E-10	1E10	1E-30	1E-10	1E10	1E-30	1E-10	1E10	1E-30	1E-10	1E10	1E-30	1E-10
133	3.3E-10	1E10	1E11	1E-30	1.41498348383127E-10	1E10	1E-30	1E10	5.2341862276787E-03	3.697355321149E-08	1E10	10.3166026467556	1E-30	6.68803928761175E-11	6.65806572820039E-02	1.31126718166992E-07	3.85567267844058E-11	1.76094227264849E-02	2.90846414309753E-09	8.91815660042851E-12	0.30399230051139	3.19478006830124E-10	2.75581486880132E-11	0.915877338331322	2.63159100615139E-11	3.74809810899068E-11	0.766033765735904	7.75735509836197E-13	3.77641093411764E-10	504.690114972469	1E10	1E-30	1E-10	1E10	1E-30	1E-10	1E10	1E-30	1E-10	1E10	1E-30	1E-10	1E10	1E-30	1E-10	1E10	1E-30	1E-10	1E10	1E-30	1E-10	1E10	1E-30	1E-10
134	3.3E-10	1E10	1E11	1E-30	1.41498348383127E-10	1E10	1E-30	1E10	5.2341862276787E-03	3.697355321149E-08	1E10	10.3166026467556	1E-30	6.68803928761175E-11	6.65806572820039E-02	1.31126718166992E-07	3.85567267844058E-11	1.76094227264849E-02	2.90846414309753E-09	8.91815660042851E-12	0.30399230051139	3.19478006830124E-10	2.75581486880132E-11	0.915877338331322	2.63159100615139E-11	3.74809810899068E-11	0.766033765735904	7.75735509836197E-13	3.77641093411764E-10	504.690114972469	1E10	1E-30	1E-10	1E10	1E-30	1E-10	1E10	1E-30	1E-10	1E10	1E-30	1E-10	1E10	1E-30	1E-10	1E10	1E-30	1E-10	1E10	1E-30	1E-10	1E10	1E-30	1E-10
135	3.3E-10	1E10	1E11	1E-30	6.17195289197865E-12	1E10	1E-30	1E10	8.73523943863711E-02	1E-30	1.07778729103564E-10	1.37617069255722	1.28217043662533E-08	3.47742832414147E-12	0.111690244312893	7.09022623964499E-10	2.52691096293132E-11	0.713635990804743	7.31052605490708E-13	6.09178809942846E-10	858.373237198524	1E10	1E-30	1E-10	1E10	1E-30	1E-10	1E10	1E-30	1E-10	1E10	1E-30	1E-10	1E10	1E-30	1E-10	1E10	1E-30	1E-10	1E10	1E-30	1E-10	1E10	1E-30	1E-10	1E10	1E-30	1E-10	1E10	1E-30	1E-10	1E10	1E-30	1E-10
136	3.9E-10	1E10	1E10	1E-30	3.53466363389199E-11	1E10	1E-30	1E10	0.065	1.15203849220947E-09	1.48293641603311E-11	0.286897531432628	2.30902351336715E-10	2.21334460464919E-11	0.720756654489316	7.84958516834725E-10	3.61971843576015E-12	0.291457203555429	7.94794512107747E-13	4.31277860463781E-10	672.323713383677	1E10	1E-30	1E-10	1E10	1E-30	1E-10	1E10	1E-30	1E-10	1E10	1E-30	1E-10	1E10	1E-30	1E-10	1E10	1E-30	1E-10	1E10	1E-30	1E-10	1E10	1E-30	1E-10	1E10	1E-30	1E-10	1E10	1E-30	1E-10	1E10	1E-30	1E-10
137	3.9E-10	1E10	1E11	1E-30	3.53466363389199E-11	1E10	1E-30	1E10	0.065	1.15203849220947E-09	1.48293641603311E-11	0.286897531432628	2.30902351336715E-10	2.21334460464919E-11	0.720756654489316	7.84958516834725E-10	3.61971843576015E-12	0.291457203555429	7.94794512107747E-13	4.31277860463781E-10	672.323713383677	1E10	1E-30	1E-10	1E10	1E-30	1E-10	1E10	1E-30	1E-10	1E10	1E-30	1E-10	1E10	1E-30	1E-10	1E10	1E-30	1E-10	1E10	1E-30	1E-10	1E10	1E-30	1E-10	1E10	1E-30	1E-10	1E10	1E-30	1E-10	1E10	1E-30	1E-10
138	3.9E-10	1E10	1E11	1E-30	1.18073979265486E-10	1E10	1E-30	1E10	4.49169178915894E-03	1.28624743170932E-08	1E10	91.6438597299838	1E-30	6.37914064805682E-11	7.52529205620165E-02	7.99241059495721E-08	5.21136698966727E-11	2.02160945794115E-02	2.84430838523761E-09	1.11778952191891E-11	0.378487172407711	3.4047449733677E-10	3.29746296404836E-11	1.07692544716634	2.07339382704174E-10	1.28672760485876E-11	0.380585299315519	8.68936814101508E-13	4.04483320145276E-10	123.895470283306	1E10	1E-30	1E-10	1E10	1E-30	1E-10	1E10	1E-30	1E-10	1E10	1E-30	1E-10	1E10	1E-30	1E-10	1E10	1E-30	1E-10	1E10	1E-30	1E-10	1E10	1E-30	1E-10
139	3.9E-10	1E10	1E11	1E-30	1.18073979265486E-10	1E10	1E-30	1E10	4.49169178915894E-03	1.28624743170932E-08	1E10	91.6438597299838	1E-30	6.37914064805682E-11	7.52529205620165E-02	7.99241059495721E-08	5.21136698966727E-11	2.02160945794115E-02	2.84430838523761E-09	1.11778952191891E-11	0.378487172407711	3.4047449733677E-10	3.29746296404836E-11	1.07692544716634	2.07339382704174E-10	1.28672760485876E-11	0.380585299315519	8.68936814101508E-13	4.04483320145276E-10	123.895470283306	1E10	1E-30	1E-10	1E10	1E-30	1E-10	1E10	1E-30	1E-10	1E10	1E-30	1E-10	1E10	1E-30	1E-10	1E10	1E-30	1E-10	1E10	1E-30	1E-10	1E10	1E-30	1E-10
140	3.9E-10	1E10	1E11	1E-30	1.18073979265486E-10	1E10	1E-30	1E10	4.49169178915894E-03	1.28624743170932E-08	1E10	91.6438597299838	1E-30	6.37914064805682E-11	7.52529205620165E-02	7.99241059495721E-08	5.21136698966727E-11	2.02160945794115E-02	2.84430838523761E-09	1.11778952191891E-11	0.378487172407711	3.4047449733677E-10	3.29746296404836E-11	1.07692544716634	2.07339382704174E-10	1.28672760485876E-11	0.380585299315519	8.68936814101508E-13	4.04483320145276E-10	123.895470283306	1E10	1E-30	1E-10	1E10	1E-30	1E-10	1E10	1E-30	1E-10	1E10	1E-30	1E-10	1E10	1E-30	1E-10	1E10	1E-30	1E-10	1E10	1E-30	1E-10	1E10	1E-30	1E-10
141	3.9E-10	1E10	1E11	1E-30	1.18073979265486E-10	1E10	1E-30	1E10	4.49169178915894E-03	1.28624743170932E-08	1E10	91.6438597299838	1E-30	6.37914064805682E-11	7.52529205620165E-02	7.99241059495721E-08	5.21136698966727E-11	2.02160945794115E-02	2.84430838523761E-09	1.11778952191891E-11	0.378487172407711	3.4047449733677E-10	3.29746296404836E-11	1.07692544716634	2.07339382704174E-10	1.28672760485876E-11	0.380585299315519	8.68936814101508E-13	4.04483320145276E-10	123.895470283306	1E10	1E-30	1E-10	1E10	1E-30	1E-10	1E10	1E-30	1E-10	1E10	1E-30	1E-10	1E10	1E-30	1E-10	1E10	1E-30	1E-10	1E10	1E-30	1E-10	1E10	1E-30	1E-10
142	3.9E-10	1E10	1E11	1E-30	1.18073979265486E-10	1E10	1E-30	1E10	4.49169178915894E-03	1.28624743170932E-08	1E10	91.6438597299838	1E-30	6.37914064805682E-11	7.52529205620165E-02	7.99241059495721E-08	5.21136698966727E-11	2.02160945794115E-02	2.84430838523761E-09	1.11778952191891E-11	0.378487172407711	3.4047449733677E-10	3.29746296404836E-11	1.07692544716634	2.07339382704174E-10	1.28672760485876E-11	0.380585299315519	8.68936814101508E-13	4.04483320145276E-10	123.895470283306	1E10	1E-30	1E-10	1E10	1E-30	1E-10	1E10	1E-30	1E-10	1E10	1E-30	1E-10	1E10	1E-30	1E-10	1E10	1E-30	1E-10	1E10	1E-30	1E-10	1E10	1E-30	1E-10
143	3.9E-10	1E10	1E11	1E-30	1.18073979265486E-10	1E10	1E-30	1E10	4.49169178915894E-03	1.28624743170932E-08	1E10	91.6438597299838	1E-30	6.37914064805682E-11	7.52529205620165E-02	7.99241059495721E-08	5.21136698966727E-11	2.02160945794115E-02	2.84430838523761E-09	1.11778952191891E-11	0.378487172407711	3.4047449733677E-10	3.29746296404836E-11	1.07692544716634	2.07339382704174E-10	1.28672760485876E-11	0.380585299315519	8.68936814101508E-13	4.04483320145276E-10	123.895470283306	1E10	1E-30	1E-10	1E10	1E-30	1E-10	1E10	1E-30	1E-10	1E10	1E-30	1E-10	1E10	1E-30	1E-10	1E10	1E-30	1E-10	1E10	1E-30	1E-10	1E10	1E-30	1E-10
144	3.89999999999999E-10	1E10	1E11	1E-30	5.40412413465345E-12	1E10	1E-30	1E10	8.08542766495869E-02	1E-30	1.03676014565295E-10	1.59886452322317	6.59250608338258E-09	8.24877848913332E-12	0.147847899234966	6.00953168260961E-10	3.95889122293631E-11	0.781555687625915	9.20833983988722E-13	5.4348300467855E-10	951.748076346284	1E10	1E-30	1E-10	1E10	1E-30	1E-10	1E10	1E-30	1E-10	1E10	1E-30	1E-10	1E10	1E-30	1E-10	1E10	1E-30	1E-10	1E10	1E-30	1E-10	1E10	1E-30	1E-10	1E10	1E-30	1E-10	1E10	1E-30	1E-10	1E10	1E-30	1E-10
145	4.7E-10	1E10	1E10	1E-30	1.31009120123464E-10	1E10	1E-30	1E10	0.06	1E-30	3.93619646107445E-11	1.17110348349162	1.59126455680642E-09	1.50148308959822E-11	0.282692104833749	2.74901531874278E-10	2.56431746201575E-11	0.651965387191777	1.21632178901762E-12	3.09917162464981E-10	299.147600786094	1E10	1E-30	1E-10	1E10	1E-30	1E-10	1E10	1E-30	1E-10	1E10	1E-30	1E-10	1E10	1E-30	1E-10	1E10	1E-30	1E-10	1E10	1E-30	1E-10	1E10	1E-30	1E-10	1E10	1E-30	1E-10	1E10	1E-30	1E-10	1E10	1E-30	1E-10
146	4.7E-10	1E10	1E11	1E-30	1.81588422927853E-11	1E10	1E-30	1E10	0.06	1E-30	4.80561353280543E-11	1.43785144851026	1.37112646785996E-09	1.74472592019893E-11	0.285756492847376	2.63024934105195E-10	2.63514573046815E-11	0.611055216702792	2.12194178755088E-11	2.1047372641132E-11	2.58961015770058	5.31336202179962E-13	3.93800041542993E-10	1E5	1E10	1E-30	1E-10	1E10	1E-30	1E-10	1E10	1E-30	1E-10	1E10	1E-30	1E-10	1E10	1E-30	1E-10	1E10	1E-30	1E-10	1E10	1E-30	1E-10	1E10	1E-30	1E-10	1E10	1E-30	1E-10	1E10	1E-30	1E-10
147	4.7E-10	1E10	1E11	1E-30	9.45138132947845E-11	1E10	1E-30	1E10	3.98677108213027E-03	1.49029021123095E-07	1E10	0.950948600591531	1E-30	5.6100310650092E-11	6.72440370741635E-02	8.10011215994003E-08	5.19158916514752E-11	1.88341176292697E-02	3.01486492103029E-09	1.45014652868217E-11	0.434536957853189	4.88670438575823E-10	3.37361194801069E-11	1.14048670740857	2.38566871262903E-10	1.9280993992353E-11	0.522404706468905	2.94852730276585E-10	5.18713050083896E-12	0.252868678131853	7.58330852515959E-13	3.84541916416546E-10	297.960476231367	1E10	1E-30	1E-10	1E10	1E-30	1E-10	1E10	1E-30	1E-10	1E10	1E-30	1E-10	1E10	1E-30	1E-10	1E10	1E-30	1E-10	1E10	1E-30	1E-10
148	4.7E-10	1E10	1E11	1E-30	9.45138132947845E-11	1E10	1E-30	1E10	3.98677108213027E-03	1.49029021123095E-07	1E10	0.950948600591531	1E-30	5.6100310650092E-11	6.72440370741635E-02	8.10011215994003E-08	5.19158916514752E-11	1.88341176292697E-02	3.01486492103029E-09	1.45014652868217E-11	0.434536957853189	4.88670438575823E-10	3.37361194801069E-11	1.14048670740857	2.38566871262903E-10	1.9280993992353E-11	0.522404706468905	2.94852730276585E-10	5.18713050083896E-12	0.252868678131853	7.58330852515959E-13	3.84541916416546E-10	297.960476231367	1E10	1E-30	1E-10	1E10	1E-30	1E-10	1E10	1E-30	1E-10	1E10	1E-30	1E-10	1E10	1E-30	1E-10	1E10	1E-30	1E-10	1E10	1E-30	1E-10
149	4.7E-10	1E10	1E11	1E-30	9.45138132947845E-11	1E10	1E-30	1E10	3.98677108213027E-03	1.49029021123095E-07	1E10	0.950948600591531	1E-30	5.6100310650092E-11	6.72440370741635E-02	8.10011215994003E-08	5.19158916514752E-11	1.88341176292697E-02	3.01486492103029E-09	1.45014652868217E-11	0.434536957853189	4.88670438575823E-10	3.37361194801069E-11	1.14048670740857	2.38566871262903E-10	1.9280993992353E-11	0.522404706468905	2.94852730276585E-10	5.18713050083896E-12	0.252868678131853	7.58330852515959E-13	3.84541916416546E-10	297.960476231367	1E10	1E-30	1E-10	1E10	1E-30	1E-10	1E10	1E-30	1E-10	1E10	1E-30	1E-10	1E10	1E-30	1E-10	1E10	1E-30	1E-10	1E10	1E-30	1E-10
150	4.7E-10	1E10	1E11	1E-30	1.94764637109717E-10	1E10	1E-30	1E10	4.27258073862226E-04	2.92433110704051E-08	1E10	21.154431004663	1E-30	5.32306555565757E-11	1.10758050864524	1E-30	1.21638150406476E-10	5.17928664042825E-02	3.30853531965692E-09	1.38370646712296E-11	0.489280633787885	5.14946147265977E-10	3.29430667477261E-11	1.14671423314718	4.7377520049288E-10	9.51633657648782E-12	0.338325138226826	1.1424430147487E-12	2.76245204569768E-10	117.347469460025	1E10	1E-30	1E-10	1E10	1E-30	1E-10	1E10	1E-30	1E-10	1E10	1E-30	1E-10	1E10	1E-30	1E-10	1E10	1E-30	1E-10	1E10	1E-30	1E-10	1E10	1E-30	1E-10
151	4.7E-10	1E10	1E11	1E-30	1.94764637109717E-10	1E10	1E-30	1E10	4.27258073862226E-04	2.92433110704051E-08	1E10	21.154431004663	1E-30	5.32306555565757E-11	1.10758050864524	1E-30	1.21638150406476E-10	5.17928664042825E-02	3.30853531965692E-09	1.38370646712296E-11	0.489280633787885	5.14946147265977E-10	3.29430667477261E-11	1.14671423314718	4.7377520049288E-10	9.51633657648782E-12	0.338325138226826	1.1424430147487E-12	2.76245204569768E-10	117.347469460025	1E10	1E-30	1E-10	1E10	1E-30	1E-10	1E10	1E-30	1E-10	1E10	1E-30	1E-10	1E10	1E-30	1E-10	1E10	1E-30	1E-10	1E10	1E-30	1E-10	1E10	1E-30	1E-10
152	4.7E-10	1E10	1E11	1E-30	1.94764637109717E-10	1E10	1E-30	1E10	4.27258073862226E-04	2.92433110704051E-08	1E10	21.154431004663	1E-30	5.32306555565757E-11	1.10758050864524	1E-30	1.21638150406476E-10	5.17928664042825E-02	3.30853531965692E-09	1.38370646712296E-11	0.489280633787885	5.14946147265977E-10	3.29430667477261E-11	1.14671423314718	4.7377520049288E-10	9.51633657648782E-12	0.338325138226826	1.1424430147487E-12	2.76245204569768E-10	117.347469460025	1E10	1E-30	1E-10	1E10	1E-30	1E-10	1E10	1E-30	1E-10	1E10	1E-30	1E-10	1E10	1E-30	1E-10	1E10	1E-30	1E-10	1E10	1E-30	1E-10	1E10	1E-30	1E-10
153	4.69999999999999E-10	1E10	1E11	1E-30	4.03635203424711E-11	1E10	1E-30	1E10	6.63448984885047E-02	1E-30	8.47043457987764E-11	1.30628838336755	7.45823486877451E-09	9.39299572846425E-12	0.188571541409023	7.11054996406564E-10	4.41073540425116E-11	0.831567226354241	9.51895774389391E-13	4.90656896686982E-10	1270.90751466771	1E10	1E-30	1E-10	1E10	1E-30	1E-10	1E10	1E-30	1E-10	1E10	1E-30	1E-10	1E10	1E-30	1E-10	1E10	1E-30	1E-10	1E10	1E-30	1E-10	1E10	1E-30	1E-10	1E10	1E-30	1E-10	1E10	1E-30	1E-10	1E10	1E-30	1E-10
154	5.6E-10	1E10	1E10	1E-30	8.58615572336047E-11	1E10	1E-30	1E10	0.05	1.76064594740877E-09	1.88730882397984E-11	0.350631494589348	3.10077910579322E-10	3.29663002729392E-11	0.710422259521985	2.63815891375236E-10	1.07652808536252E-11	0.557915283458771	3.64206666617661E-12	8.604431789315E-11	27.7033463659996	1.21940939599466E-12	2.53746896478687E-10	1E5	1E10	1E-30	1E-10	1E10	1E-30	1E-10	1E10	1E-30	1E-10	1E10	1E-30	1E-10	1E10	1E-30	1E-10	1E10	1E-30	1E-10	1E10	1E-30	1E-10	1E10	1E-30	1E-10	1E10	1E-30	1E-10	1E10	1E-30	1E-10
155	5.6E-10	1E10	1E10	1E-30	8.58615572336047E-11	1E10	1E-30	1E10	0.05	1.76064594740877E-09	1.88730882397984E-11	0.350631494589348	3.10077910579322E-10	3.29663002729392E-11	0.710422259521985	2.63815891375236E-10	1.07652808536252E-11	0.557915283458771	3.64206666617661E-12	8.604431789315E-11	27.7033463659996	1.21940939599466E-12	2.53746896478687E-10	1E5	1E10	1E-30	1E-10	1E10	1E-30	1E-10	1E10	1E-30	1E-10	1E10	1E-30	1E-10	1E10	1E-30	1E-10	1E10	1E-30	1E-10	1E10	1E-30	1E-10	1E10	1E-30	1E-10	1E10	1E-30	1E-10	1E10	1E-30	1E-10
156	5.6E-10	1E10	1E11	1E-30	8.58615572336047E-11	1E10	1E-30	1E10	0.05	1.76064594740877E-09	1.88730882397984E-11	0.350631494589348	3.10077910579322E-10	3.29663002729392E-11	0.710422259521985	2.63815891375236E-10	1.07652808536252E-11	0.557915283458771	3.64206666617661E-12	8.604431789315E-11	27.7033463659996	1.21940939599466E-12	2.53746896478687E-10	1E5	1E10	1E-30	1E-10	1E10	1E-30	1E-10	1E10	1E-30	1E-10	1E10	1E-30	1E-10	1E10	1E-30	1E-10	1E10	1E-30	1E-10	1E10	1E-30	1E-10	1E10	1E-30	1E-10	1E10	1E-30	1E-10	1E10	1E-30	1E-10
157	5.6E-10	1E10	1E11	1E-30	8.58615572336047E-11	1E10	1E-30	1E10	0.05	1.76064594740877E-09	1.88730882397984E-11	0.350631494589348	3.10077910579322E-10	3.29663002729392E-11	0.710422259521985	2.63815891375236E-10	1.07652808536252E-11	0.557915283458771	3.64206666617661E-12	8.604431789315E-11	27.7033463659996	1.21940939599466E-12	2.53746896478687E-10	1E5	1E10	1E-30	1E-10	1E10	1E-30	1E-10	1E10	1E-30	1E-10	1E10	1E-30	1E-10	1E10	1E-30	1E-10	1E10	1E-30	1E-10	1E10	1E-30	1E-10	1E10	1E-30	1E-10	1E10	1E-30	1E-10	1E10	1E-30	1E-10
158	5.6E-10	1E10	1E11	1E-30	6.530828922148E-15	1E10	1E-30	1E10	6.87269739446754E-03	1.36337425154583E-06	1E10	1.08846082978788E-02	1E-30	3.69410891302987E-11	0.822324024836975	8.25936456023845E-09	7.28924938162627E-11	3.47879159171877E-02	2.86761576324579E-09	2.03496254868696E-11	0.532860649042272	6.0947752964736E-10	3.83265157719677E-11	1.04646573226652	2.90325725437865E-10	2.13322785289404E-11	0.434663120152595	6.68135711374593E-13	4.37546414478766E-10	388.286865631599	1E10	1E-30	1E-10	1E10	1E-30	1E-10	1E10	1E-30	1E-10	1E10	1E-30	1E-10	1E10	1E-30	1E-10	1E10	1E-30	1E-10	1E10	1E-30	1E-10	1E10	1E-30	1E-10
159	5.6E-10	1E10	1E11	1E-30	6.530828922148E-15	1E10	1E-30	1E10	6.87269739446754E-03	1.36337425154583E-06	1E10	1.08846082978788E-02	1E-30	3.69410891302987E-11	0.822324024836975	8.25936456023845E-09	7.28924938162627E-11	3.47879159171877E-02	2.86761576324579E-09	2.03496254868696E-11	0.532860649042272	6.0947752964736E-10	3.83265157719677E-11	1.04646573226652	2.90325725437865E-10	2.13322785289404E-11	0.434663120152595	6.68135711374593E-13	4.37546414478766E-10	388.286865631599	1E10	1E-30	1E-10	1E10	1E-30	1E-10	1E10	1E-30	1E-10	1E10	1E-30	1E-10	1E10	1E-30	1E-10	1E10	1E-30	1E-10	1E10	1E-30	1E-10	1E10	1E-30	1E-10
160	5.6E-10	1E10	1E11	1E-30	6.530828922148E-15	1E10	1E-30	1E10	6.87269739446754E-03	1.36337425154583E-06	1E10	1.08846082978788E-02	1E-30	3.69410891302987E-11	0.822324024836975	8.25936456023845E-09	7.28924938162627E-11	3.47879159171877E-02	2.86761576324579E-09	2.03496254868696E-11	0.532860649042272	6.0947752964736E-10	3.83265157719677E-11	1.04646573226652	2.90325725437865E-10	2.13322785289404E-11	0.434663120152595	6.68135711374593E-13	4.37546414478766E-10	388.286865631599	1E10	1E-30	1E-10	1E10	1E-30	1E-10	1E10	1E-30	1E-10	1E10	1E-30	1E-10	1E10	1E-30	1E-10	1E10	1E-30	1E-10	1E10	1E-30	1E-10	1E10	1E-30	1E-10
161	5.6E-10	1E10	1E11	1E-30	1.76867587388576E-10	1E10	1E-30	1E10	1.27289518212783E-02	8.90388840777495E-07	1E10	1.66666449666326E-02	1E-30	8.56390984662322E-11	3.49025666023018E-02	3.64472582067474E-09	1.55066108884458E-11	0.48829408165563	5.93028198894686E-10	3.78299278566624E-11	1.06986990323848	3.24219323164598E-10	1.83868829546159E-11	0.451598297544676	3.66077378690119E-12	8.04035822997813E-11	4.94811135964944	1.37576738130127E-12	2.11961704622231E-10	1351.36080970262	1E10	1E-30	1E-10	1E10	1E-30	1E-10	1E10	1E-30	1E-10	1E10	1E-30	1E-10	1E10	1E-30	1E-10	1E10	1E-30	1E-10	1E10	1E-30	1E-10	1E10	1E-30	1E-10
162	5.6E-10	1E10	1E11	1E-30	1.76867587388576E-10	1E10	1E-30	1E10	1.27289518212783E-02	8.90388840777495E-07	1E10	1.66666449666326E-02	1E-30	8.56390984662322E-11	3.49025666023018E-02	3.64472582067474E-09	1.55066108884458E-11	0.48829408165563	5.93028198894686E-10	3.78299278566624E-11	1.06986990323848	3.24219323164598E-10	1.83868829546159E-11	0.451598297544676	3.66077378690119E-12	8.04035822997813E-11	4.94811135964944	1.37576738130127E-12	2.11961704622231E-10	1351.36080970262	1E10	1E-30	1E-10	1E10	1E-30	1E-10	1E10	1E-30	1E-10	1E10	1E-30	1E-10	1E10	1E-30	1E-10	1E10	1E-30	1E-10	1E10	1E-30	1E-10	1E10	1E-30	1E-10
163	5.6E-10	1E10	1E11	1E-30	1.76867587388576E-10	1E10	1E-30	1E10	1.27289518212783E-02	8.90388840777495E-07	1E10	1.66666449666326E-02	1E-30	8.56390984662322E-11	3.49025666023018E-02	3.64472582067474E-09	1.55066108884458E-11	0.48829408165563	5.93028198894686E-10	3.78299278566624E-11	1.06986990323848	3.24219323164598E-10	1.83868829546159E-11	0.451598297544676	3.66077378690119E-12	8.04035822997813E-11	4.94811135964944	1.37576738130127E-12	2.11961704622231E-10	1351.36080970262	1E10	1E-30	1E-10	1E10	1E-30	1E-10	1E10	1E-30	1E-10	1E10	1E-30	1E-10	1E10	1E-30	1E-10	1E10	1E-30	1E-10	1E10	1E-30	1E-10	1E10	1E-30	1E-10
164	5.59999999999999E-10	1E10	1E11	1E-30	7.43120811258078E-11	1E10	1E-30	1E10	7.24666157856655E-02	1E-30	9.33496034197541E-11	0.961329139884017	1.37890402479453E-08	5.23403648570573E-12	7.15036066586345E-02	9.38677930406031E-10	3.00606330600861E-11	0.520643390629154	8.71188486192538E-13	5.38676995503975E-10	1667.81181251575	1E10	1E-30	1E-10	1E10	1E-30	1E-10	1E10	1E-30	1E-10	1E10	1E-30	1E-10	1E10	1E-30	1E-10	1E10	1E-30	1E-10	1E10	1E-30	1E-10	1E10	1E-30	1E-10	1E10	1E-30	1E-10	1E10	1E-30	1E-10	1E10	1E-30	1E-10
165	6.79999999999999E-10	1E10	1E10	1E-30	4.36265737866809E-12	1E10	1E-30	1E10	0.05	1E-30	6.97179973369965E-11	0.854585729484645	3.28619603035152E-09	1.31708967854306E-11	0.327234800381988	7.19819663320774E-10	1.99893096462374E-11	0.58184075835535	1.63508961752312E-11	2.39076712045938E-11	6.05350166118972	7.56656678485409E-13	3.749123810784E-10	1E5	1E10	1E-30	1E-10	1E10	1E-30	1E-10	1E10	1E-30	1E-10	1E10	1E-30	1E-10	1E10	1E-30	1E-10	1E10	1E-30	1E-10	1E10	1E-30	1E-10	1E10	1E-30	1E-10	1E10	1E-30	1E-10	1E10	1E-30	1E-10
166	6.79999999999999E-10	1E10	1E10	1E-30	4.36265737866809E-12	1E10	1E-30	1E10	0.05	1E-30	6.97179973369965E-11	0.854585729484645	3.28619603035152E-09	1.31708967854306E-11	0.327234800381988	7.19819663320774E-10	1.99893096462374E-11	0.58184075835535	1.63508961752312E-11	2.39076712045938E-11	6.05350166118972	7.56656678485409E-13	3.749123810784E-10	1E5	1E10	1E-30	1E-10	1E10	1E-30	1E-10	1E10	1E-30	1E-10	1E10	1E-30	1E-10	1E10	1E-30	1E-10	1E10	1E-30	1E-10	1E10	1E-30	1E-10	1E10	1E-30	1E-10	1E10	1E-30	1E-10	1E10	1E-30	1E-10
167	6.8E-10	1E10	1E11	1E-30	3.19255791466929E-10	1E10	1E-30	1E10	0.045	1E-30	6.53221582425287E-11	1.48706718021718	2.07286307408358E-09	2.2357296566037E-11	0.416826846625584	5.36953137499323E-10	2.74742411864751E-11	0.667296244305761	3.55526177471848E-12	7.25266214269832E-11	1E5	1E10	1E-30	1E-10	1E10	1E-30	1E-10	1E10	1E-30	1E-10	1E10	1E-30	1E-10	1E10	1E-30	1E-10	1E10	1E-30	1E-10	1E10	1E-30	1E-10	1E10	1E-30	1E-10	1E10	1E-30	1E-10	1E10	1E-30	1E-10	1E10	1E-30	1E-10
168	6.8E-10	1E10	1E11	1E-30	3.19255791466929E-10	1E10	1E-30	1E10	0.045	1E-30	6.53221582425287E-11	1.48706718021718	2.07286307408358E-09	2.2357296566037E-11	0.416826846625584	5.36953137499323E-10	2.74742411864751E-11	0.667296244305761	3.55526177471848E-12	7.25266214269832E-11	1E5	1E10	1E-30	1E-10	1E10	1E-30	1E-10	1E10	1E-30	1E-10	1E10	1E-30	1E-10	1E10	1E-30	1E-10	1E10	1E-30	1E-10	1E10	1E-30	1E-10	1E10	1E-30	1E-10	1E10	1E-30	1E-10	1E10	1E-30	1E-10	1E10	1E-30	1E-10
169	6.8E-10	1E10	1E11	1E-30	2.52568829073138E-10	1E10	1E-30	1E10	1.10462186685116E-02	4.91875656115279E-07	1E10	3.01698091926146E-02	1E-30	1.72661564744163E-10	0.051430543018794	5.54259687719191E-09	9.29110964380062E-12	0.184280978149353	5.31703320694947E-10	3.15568759332585E-11	0.661833639000934	3.5141912590801E-10	1.28386933420922E-11	0.316076219123883	5.51956033983477E-12	6.80180078549559E-11	4.0688514478903	1.35566674049687E-12	2.16092640898975E-10	183.569035223396	1E10	1E-30	1E-10	1E10	1E-30	1E-10	1E10	1E-30	1E-10	1E10	1E-30	1E-10	1E10	1E-30	1E-10	1E10	1E-30	1E-10	1E10	1E-30	1E-10	1E10	1E-30	1E-10
170	6.8E-10	1E10	1E11	1E-30	2.52568829073138E-10	1E10	1E-30	1E10	1.10462186685116E-02	4.91875656115279E-07	1E10	3.01698091926146E-02	1E-30	1.72661564744163E-10	0.051430543018794	5.54259687719191E-09	9.29110964380062E-12	0.184280978149353	5.31703320694947E-10	3.15568759332585E-11	0.661833639000934	3.5141912590801E-10	1.28386933420922E-11	0.316076219123883	5.51956033983477E-12	6.80180078549559E-11	4.0688514478903	1.35566674049687E-12	2.16092640898975E-10	183.569035223396	1E10	1E-30	1E-10	1E10	1E-30	1E-10	1E10	1E-30	1E-10	1E10	1E-30	1E-10	1E10	1E-30	1E-10	1E10	1E-30	1E-10	1E10	1E-30	1E-10	1E10	1E-30	1E-10
171	6.8E-10	1E10	1E11	1E-30	2.52568829073138E-10	1E10	1E-30	1E10	1.10462186685116E-02	4.91875656115279E-07	1E10	3.01698091926146E-02	1E-30	1.72661564744163E-10	0.051430543018794	5.54259687719191E-09	9.29110964380062E-12	0.184280978149353	5.31703320694947E-10	3.15568759332585E-11	0.661833639000934	3.5141912590801E-10	1.28386933420922E-11	0.316076219123883	5.51956033983477E-12	6.80180078549559E-11	4.0688514478903	1.35566674049687E-12	2.16092640898975E-10	183.569035223396	1E10	1E-30	1E-10	1E10	1E-30	1E-10	1E10	1E-30	1E-10	1E10	1E-30	1E-10	1E10	1E-30	1E-10	1E10	1E-30	1E-10	1E10	1E-30	1E-10	1E10	1E-30	1E-10
172	6.8E-10	1E10	1E11	1E-30	1.53439226497855E-10	1E10	1E-30	1E10	2.5600071855926E-03	1.58427627860181E-06	1E10	9.36692349177055E-03	5.2575695085799E-09	9.52454902339695E-11	3.95904122944533E-02	3.77192951098164E-09	2.11701075665045E-11	0.619119813484126	1.01673899943407E-09	3.05864059691971E-11	1.02081318437958	4.44376821372614E-10	1.97219634039024E-11	0.308421562064945	8.96325514726438E-12	4.50536811261237E-11	0.954132870742095	8.52764361691741E-13	3.94591326935208E-10	563.050407858538	1E10	1E-30	1E-10	1E10	1E-30	1E-10	1E10	1E-30	1E-10	1E10	1E-30	1E-10	1E10	1E-30	1E-10	1E10	1E-30	1E-10	1E10	1E-30	1E-10	1E10	1E-30	1E-10
173	6.8E-10	1E10	1E11	1E-30	1.53439226497855E-10	1E10	1E-30	1E10	2.5600071855926E-03	1.58427627860181E-06	1E10	9.36692349177055E-03	5.2575695085799E-09	9.52454902339695E-11	3.95904122944533E-02	3.77192951098164E-09	2.11701075665045E-11	0.619119813484126	1.01673899943407E-09	3.05864059691971E-11	1.02081318437958	4.44376821372614E-10	1.97219634039024E-11	0.308421562064945	8.96325514726438E-12	4.50536811261237E-11	0.954132870742095	8.52764361691741E-13	3.94591326935208E-10	563.050407858538	1E10	1E-30	1E-10	1E10	1E-30	1E-10	1E10	1E-30	1E-10	1E10	1E-30	1E-10	1E10	1E-30	1E-10	1E10	1E-30	1E-10	1E10	1E-30	1E-10	1E10	1E-30	1E-10
174	6.8E-10	1E10	1E11	1E-30	1.53439226497855E-10	1E10	1E-30	1E10	2.5600071855926E-03	1.58427627860181E-06	1E10	9.36692349177055E-03	5.2575695085799E-09	9.52454902339695E-11	3.95904122944533E-02	3.77192951098164E-09	2.11701075665045E-11	0.619119813484126	1.01673899943407E-09	3.05864059691971E-11	1.02081318437958	4.44376821372614E-10	1.97219634039024E-11	0.308421562064945	8.96325514726438E-12	4.50536811261237E-11	0.954132870742095	8.52764361691741E-13	3.94591326935208E-10	563.050407858538	1E10	1E-30	1E-10	1E10	1E-30	1E-10	1E10	1E-30	1E-10	1E10	1E-30	1E-10	1E10	1E-30	1E-10	1E10	1E-30	1E-10	1E10	1E-30	1E-10	1E10	1E-30	1E-10
175	6.8E-10	1E10	1E11	1E-30	1.64502681860821E-11	1E10	1E-30	1E10	6.50917501835058E-02	1E-30	9.59971338190665E-11	1.05903913727075	1.27211538134975E-08	7.59054252074716E-12	0.10397287916608	1.15407394144093E-09	3.62087330868987E-11	0.579640666607895	7.35624625163913E-13	6.00942271171698E-10	718.312996722778	1E10	1E-30	1E-10	1E10	1E-30	1E-10	1E10	1E-30	1E-10	1E10	1E-30	1E-10	1E10	1E-30	1E-10	1E10	1E-30	1E-10	1E10	1E-30	1E-10	1E10	1E-30	1E-10	1E10	1E-30	1E-10	1E10	1E-30	1E-10	1E10	1E-30	1E-10
176	8.19999999999999E-10	1E10	1E10	1E-30	2.17685445511813E-10	1E10	1E-30	1E10	0.04	1E-30	3.66323107300813E-11	0.578092967942315	3.2308817746294E-09	1.80678548094196E-11	0.349765716154598	6.15811785025294E-10	3.41325842264617E-11	0.696017746155026	6.71782877414905E-12	4.56119706948664E-11	11.6530591533239	1.92259563120294E-12	1.3081643969453E-10	1E5	1E10	1E-30	1E-10	1E10	1E-30	1E-10	1E10	1E-30	1E-10	1E10	1E-30	1E-10	1E10	1E-30	1E-10	1E10	1E-30	1E-10	1E10	1E-30	1E-10	1E10	1E-30	1E-10	1E10	1E-30	1E-10	1E10	1E-30	1E-10
177	8.19999999999999E-10	1E10	1E10	1E-30	2.17685445511813E-10	1E10	1E-30	1E10	0.04	1E-30	3.66323107300813E-11	0.578092967942315	3.2308817746294E-09	1.80678548094196E-11	0.349765716154598	6.15811785025294E-10	3.41325842264617E-11	0.696017746155026	6.71782877414905E-12	4.56119706948664E-11	11.6530591533239	1.92259563120294E-12	1.3081643969453E-10	1E5	1E10	1E-30	1E-10	1E10	1E-30	1E-10	1E10	1E-30	1E-10	1E10	1E-30	1E-10	1E10	1E-30	1E-10	1E10	1E-30	1E-10	1E10	1E-30	1E-10	1E10	1E-30	1E-10	1E10	1E-30	1E-10	1E10	1E-30	1E-10
178	8.19999999999999E-10	1E10	1E11	1E-30	2.17685445511813E-10	1E10	1E-30	1E10	0.04	1E-30	3.66323107300813E-11	0.578092967942315	3.2308817746294E-09	1.80678548094196E-11	0.349765716154598	6.15811785025294E-10	3.41325842264617E-11	0.696017746155026	6.71782877414905E-12	4.56119706948664E-11	11.6530591533239	1.92259563120294E-12	1.3081643969453E-10	1E5	1E10	1E-30	1E-10	1E10	1E-30	1E-10	1E10	1E-30	1E-10	1E10	1E-30	1E-10	1E10	1E-30	1E-10	1E10	1E-30	1E-10	1E10	1E-30	1E-10	1E10	1E-30	1E-10	1E10	1E-30	1E-10	1E10	1E-30	1E-10
179	8.19999999999999E-10	1E10	1E11	1E-30	2.17685445511813E-10	1E10	1E-30	1E10	0.04	1E-30	3.66323107300813E-11	0.578092967942315	3.2308817746294E-09	1.80678548094196E-11	0.349765716154598	6.15811785025294E-10	3.41325842264617E-11	0.696017746155026	6.71782877414905E-12	4.56119706948664E-11	11.6530591533239	1.92259563120294E-12	1.3081643969453E-10	1E5	1E10	1E-30	1E-10	1E10	1E-30	1E-10	1E10	1E-30	1E-10	1E10	1E-30	1E-10	1E10	1E-30	1E-10	1E10	1E-30	1E-10	1E10	1E-30	1E-10	1E10	1E-30	1E-10	1E10	1E-30	1E-10	1E10	1E-30	1E-10
180	8.2E-10	1E10	1E11	1E-30	9.19525852948001E-11	1E10	1E-30	1E10	0.028795677380433	4.8107401390678E-07	1E10	3.08472173979567E-02	1E-30	5.98105787761335E-11	0.630132309760615	1E-30	7.13700460602337E-11	2.35655368712399E-02	1.12604470474627E-08	6.06617517108651E-12	0.184849982983868	1.0401354560733E-09	2.38149079566186E-11	0.500676618871251	8.38126549866762E-13	4.01482832272158E-10	212.846602045154	1E10	1E-30	1E-10	1E10	1E-30	1E-10	1E10	1E-30	1E-10	1E10	1E-30	1E-10	1E10	1E-30	1E-10	1E10	1E-30	1E-10	1E10	1E-30	1E-10	1E10	1E-30	1E-10	1E10	1E-30	1E-10
181	8.2E-10	1E10	1E11	1E-30	9.19525852948001E-11	1E10	1E-30	1E10	0.028795677380433	4.8107401390678E-07	1E10	3.08472173979567E-02	1E-30	5.98105787761335E-11	0.630132309760615	1E-30	7.13700460602337E-11	2.35655368712399E-02	1.12604470474627E-08	6.06617517108651E-12	0.184849982983868	1.0401354560733E-09	2.38149079566186E-11	0.500676618871251	8.38126549866762E-13	4.01482832272158E-10	212.846602045154	1E10	1E-30	1E-10	1E10	1E-30	1E-10	1E10	1E-30	1E-10	1E10	1E-30	1E-10	1E10	1E-30	1E-10	1E10	1E-30	1E-10	1E10	1E-30	1E-10	1E10	1E-30	1E-10	1E10	1E-30	1E-10
182	8.2E-10	1E10	1E11	1E-30	9.19525852948001E-11	1E10	1E-30	1E10	0.028795677380433	4.8107401390678E-07	1E10	3.08472173979567E-02	1E-30	5.98105787761335E-11	0.630132309760615	1E-30	7.13700460602337E-11	2.35655368712399E-02	1.12604470474627E-08	6.06617517108651E-12	0.184849982983868	1.0401354560733E-09	2.38149079566186E-11	0.500676618871251	8.38126549866762E-13	4.01482832272158E-10	212.846602045154	1E10	1E-30	1E-10	1E10	1E-30	1E-10	1E10	1E-30	1E-10	1E10	1E-30	1E-10	1E10	1E-30	1E-10	1E10	1E-30	1E-10	1E10	1E-30	1E-10	1E10	1E-30	1E-10	1E10	1E-30	1E-10
183	8.2E-10	1E10	1E11	1E-30	6.20891402921759E-11	1E10	1E-30	1E10	3.06578395093079E-03	2.07071537598427E-07	1E10	0.989253246469638	1E-30	5.43661498637783E-11	0.794460195309411	1E-30	1.07001246522305E-10	3.65068335069929E-02	5.11897654598885E-09	1.92684244305081E-11	0.596050651375346	1.20902389614285E-09	3.48176952635277E-11	1.07819851192851	1.09377398045935E-08	1.8077443949789E-12	8.58332106329365E-02	1.09798533058294E-09	1.13708013581636E-11	0.351140431703319	1.63426208616637E-09	3.08366538033837E-12	0.154663995931448	7.66480779034269E-13	4.41421411242953E-10	456.829137542879	1E10	1E-30	1E-10	1E10	1E-30	1E-10	1E10	1E-30	1E-10	1E10	1E-30	1E-10	1E10	1E-30	1E-10	1E10	1E-30	1E-10
184	8.2E-10	1E10	1E11	1E-30	6.20891402921759E-11	1E10	1E-30	1E10	3.06578395093079E-03	2.07071537598427E-07	1E10	0.989253246469638	1E-30	5.43661498637783E-11	0.794460195309411	1E-30	1.07001246522305E-10	3.65068335069929E-02	5.11897654598885E-09	1.92684244305081E-11	0.596050651375346	1.20902389614285E-09	3.48176952635277E-11	1.07819851192851	1.09377398045935E-08	1.8077443949789E-12	8.58332106329365E-02	1.09798533058294E-09	1.13708013581636E-11	0.351140431703319	1.63426208616637E-09	3.08366538033837E-12	0.154663995931448	7.66480779034269E-13	4.41421411242953E-10	456.829137542879	1E10	1E-30	1E-10	1E10	1E-30	1E-10	1E10	1E-30	1E-10	1E10	1E-30	1E-10	1E10	1E-30	1E-10	1E10	1E-30	1E-10
185	8.2E-10	1E10	1E11	1E-30	6.20891402921759E-11	1E10	1E-30	1E10	3.06578395093079E-03	2.07071537598427E-07	1E10	0.989253246469638	1E-30	5.43661498637783E-11	0.794460195309411	1E-30	1.07001246522305E-10	3.65068335069929E-02	5.11897654598885E-09	1.92684244305081E-11	0.596050651375346	1.20902389614285E-09	3.48176952635277E-11	1.07819851192851	1.09377398045935E-08	1.8077443949789E-12	8.58332106329365E-02	1.09798533058294E-09	1.13708013581636E-11	0.351140431703319	1.63426208616637E-09	3.08366538033837E-12	0.154663995931448	7.66480779034269E-13	4.41421411242953E-10	456.829137542879	1E10	1E-30	1E-10	1E10	1E-30	1E-10	1E10	1E-30	1E-10	1E10	1E-30	1E-10	1E10	1E-30	1E-10	1E10	1E-30	1E-10
186	8.2E-10	1E10	1E11	1E-30	4.53608143911584E-12	1E10	1E-30	1E10	5.30722049204029E-02	1E-30	9.76611702568429E-11	0.777645801174428	1.49382440997652E-08	8.43759550567939E-12	0.12194613892435	1.48134077577604E-09	3.77206541150302E-11	0.586089210649251	9.01055412963726E-13	5.38347419175337E-10	766.005441064875	1E10	1E-30	1E-10	1E10	1E-30	1E-10	1E10	1E-30	1E-10	1E10	1E-30	1E-10	1E10	1E-30	1E-10	1E10	1E-30	1E-10	1E10	1E-30	1E-10	1E10	1E-30	1E-10	1E10	1E-30	1E-10	1E10	1E-30	1E-10	1E10	1E-30	1E-10
187	9.86956833388631E-10	1E10	1E10	1E-30	1.34896288259165E-10	1E10	1E-30	1E10	1.92406512394175E-02	1E-30	3.18557407492789E-11	0.438426010842901	1E-30	9.78639008463909E-11	3.19447946197891E-02	7.23917078648277E-09	6.35728471644195E-12	0.103524555150125	5.42260446861599E-10	2.60174243649398E-11	0.337340227140051	1.26470326132485E-12	3.23698758223973E-10	381.683463833549	1E10	1E-30	1E-10	1E10	1E-30	1E-10	1E10	1E-30	1E-10	1E10	1E-30	1E-10	1E10	1E-30	1E-10	1E10	1E-30	1E-10	1E10	1E-30	1E-10	1E10	1E-30	1E-10	1E10	1E-30	1E-10	1E10	1E-30	1E-10
188	9.86956833388631E-10	1E10	1E10	1E-30	1.34896288259165E-10	1E10	1E-30	1E10	1.92406512394175E-02	1E-30	3.18557407492789E-11	0.438426010842901	1E-30	9.78639008463909E-11	3.19447946197891E-02	7.23917078648277E-09	6.35728471644195E-12	0.103524555150125	5.42260446861599E-10	2.60174243649398E-11	0.337340227140051	1.26470326132485E-12	3.23698758223973E-10	381.683463833549	1E10	1E-30	1E-10	1E10	1E-30	1E-10	1E10	1E-30	1E-10	1E10	1E-30	1E-10	1E10	1E-30	1E-10	1E10	1E-30	1E-10	1E10	1E-30	1E-10	1E10	1E-30	1E-10	1E10	1E-30	1E-10	1E10	1E-30	1E-10
189	9.81417817066685E-10	1E10	1E11	1E-30	3.16227766016837E-11	1E10	1E-30	1E10	2.28345333659487E-02	1.24369877839945E-08	8.79737471827524E-11	2.64513894541141E-02	3.71806399529305E-09	1.31845171592189E-11	0.136714665301801	5.4861574412399E-10	2.52697198946886E-11	0.33408946608462	4.72475811455005E-12	5.27673807459266E-11	0.820472931777002	5.35034882640426E-13	4.1880212369536E-10	91201.0839355909	1E10	1E-30	1E-10	1E10	1E-30	1E-10	1E10	1E-30	1E-10	1E10	1E-30	1E-10	1E10	1E-30	1E-10	1E10	1E-30	1E-10	1E10	1E-30	1E-10	1E10	1E-30	1E-10	1E10	1E-30	1E-10	1E10	1E-30	1E-10
190	9.81417817066685E-10	1E10	1E11	1E-30	3.16227766016837E-11	1E10	1E-30	1E10	2.28345333659487E-02	1.24369877839945E-08	8.79737471827524E-11	2.64513894541141E-02	3.71806399529305E-09	1.31845171592189E-11	0.136714665301801	5.4861574412399E-10	2.52697198946886E-11	0.33408946608462	4.72475811455005E-12	5.27673807459266E-11	0.820472931777002	5.35034882640426E-13	4.1880212369536E-10	91201.0839355909	1E10	1E-30	1E-10	1E10	1E-30	1E-10	1E10	1E-30	1E-10	1E10	1E-30	1E-10	1E10	1E-30	1E-10	1E10	1E-30	1E-10	1E10	1E-30	1E-10	1E10	1E-30	1E-10	1E10	1E-30	1E-10	1E10	1E-30	1E-10
191	1E-9	1E10	1E11	1E-30	4.2675936832348E-10	1E10	1E-30	1E10	2.40331030432354E-02	6.24022120748822E-07	1E10	10986.9521700833	2.79483849479834E-06	1E10	250.022456905595	4.94551598401699E-06	1E10	32.55566095522	8.67267657298199E-06	1E10	3.70381797512053	6.29329206355637E-06	1E10	0.74777690176667	5.4619854344784E-06	1E10	8.73327418074285E-02	1E-30	8.28286527923542E-11	1.99855415888851	1E-30	4.94334885407603E-11	0.024119098438327	8.06223995278542E-09	1.09416559113908E-11	0.299921225161634	1.07550601098042E-09	2.99675456562423E-11	0.741146191531605	2.15666669418452E-09	4.41484314990771E-12	0.124648405756977	1E10	1E-30	1E-10	1E10	1E-30	1E-10	1E10	1E-30	1E-10	1E10	1E-30	1E-10
192	1E-9	1E10	1E11	1E-30	4.2675936832348E-10	1E10	1E-30	1E10	2.40331030432354E-02	6.24022120748822E-07	1E10	10986.9521700833	2.79483849479834E-06	1E10	250.022456905595	4.94551598401699E-06	1E10	32.55566095522	8.67267657298199E-06	1E10	3.70381797512053	6.29329206355637E-06	1E10	0.74777690176667	5.4619854344784E-06	1E10	8.73327418074285E-02	1E-30	8.28286527923542E-11	1.99855415888851	1E-30	4.94334885407603E-11	0.024119098438327	8.06223995278542E-09	1.09416559113908E-11	0.299921225161634	1.07550601098042E-09	2.99675456562423E-11	0.741146191531605	2.15666669418452E-09	4.41484314990771E-12	0.124648405756977	1E10	1E-30	1E-10	1E10	1E-30	1E-10	1E10	1E-30	1E-10	1E10	1E-30	1E-10
193	1E-9	1E10	1E11	1E-30	4.2675936832348E-10	1E10	1E-30	1E10	2.40331030432354E-02	6.24022120748822E-07	1E10	10986.9521700833	2.79483849479834E-06	1E10	250.022456905595	4.94551598401699E-06	1E10	32.55566095522	8.67267657298199E-06	1E10	3.70381797512053	6.29329206355637E-06	1E10	0.74777690176667	5.4619854344784E-06	1E10	8.73327418074285E-02	1E-30	8.28286527923542E-11	1.99855415888851	1E-30	4.94334885407603E-11	0.024119098438327	8.06223995278542E-09	1.09416559113908E-11	0.299921225161634	1.07550601098042E-09	2.99675456562423E-11	0.741146191531605	2.15666669418452E-09	4.41484314990771E-12	0.124648405756977	1E10	1E-30	1E-10	1E10	1E-30	1E-10	1E10	1E-30	1E-10	1E10	1E-30	1E-10
194	1E-9	1E10	1E11	1E-30	4.54312719083888E-10	1E10	1E-30	1E10	1.39909811391449E-02	1.06886118774559E-06	1E10	3903.42813777946	4.17554893513229E-06	1E10	221.450371538778	4.0632634936984E-06	1E10	33.277427720316	1.39808191039338E-05	1E10	3.67853297859193	6.29517822601998E-06	1E10	1.038582028733	6.4045455742327E-06	1E10	0.122438559056431	1E-30	6.11735179579054E-11	1.45304643053081E-02	6.4383685985698E-09	2.05837381595503E-11	0.775463640529312	1.86476321237481E-09	3.0966562796097E-11	1.12743460938763	4.70919665600819E-11	8.48216430360105E-11	0.64829381608312	1E10	1E-30	1E-10	1E10	1E-30	1E-10	1E10	1E-30	1E-10	1E10	1E-30	1E-10	1E10	1E-30	1E-10
195	1E-9	1E10	1E11	1E-30	4.54312719083888E-10	1E10	1E-30	1E10	1.39909811391449E-02	1.06886118774559E-06	1E10	3903.42813777946	4.17554893513229E-06	1E10	221.450371538778	4.0632634936984E-06	1E10	33.277427720316	1.39808191039338E-05	1E10	3.67853297859193	6.29517822601998E-06	1E10	1.038582028733	6.4045455742327E-06	1E10	0.122438559056431	1E-30	6.11735179579054E-11	1.45304643053081E-02	6.4383685985698E-09	2.05837381595503E-11	0.775463640529312	1.86476321237481E-09	3.0966562796097E-11	1.12743460938763	4.70919665600819E-11	8.48216430360105E-11	0.64829381608312	1E10	1E-30	1E-10	1E10	1E-30	1E-10	1E10	1E-30	1E-10	1E10	1E-30	1E-10	1E10	1E-30	1E-10
196	1E-9	1E10	1E11	1E-30	4.54312719083888E-10	1E10	1E-30	1E10	1.39909811391449E-02	1.06886118774559E-06	1E10	3903.42813777946	4.17554893513229E-06	1E10	221.450371538778	4.0632634936984E-06	1E10	33.277427720316	1.39808191039338E-05	1E10	3.67853297859193	6.29517822601998E-06	1E10	1.038582028733	6.4045455742327E-06	1E10	0.122438559056431	1E-30	6.11735179579054E-11	1.45304643053081E-02	6.4383685985698E-09	2.05837381595503E-11	0.775463640529312	1.86476321237481E-09	3.0966562796097E-11	1.12743460938763	4.70919665600819E-11	8.48216430360105E-11	0.64829381608312	1E10	1E-30	1E-10	1E10	1E-30	1E-10	1E10	1E-30	1E-10	1E10	1E-30	1E-10	1E10	1E-30	1E-10
197	9.92684985722273E-10	1E10	1E11	1E-30	5.25663116086216E-11	1E10	1E-30	1E10	2.97788845232238E-02	1E-30	1.3035225952993E-10	0.690284918607019	7.05084458976476E-08	4.64144859592398E-11	1.69281520923238E-02	2.51783354154741E-08	6.14678397941246E-12	0.149101377942354	2.24333409814177E-09	3.25077136472414E-11	0.544507671361935	7.55874747241886E-13	4.57435796317401E-10	489.896291664315	1E10	1E-30	1E-10	1E10	1E-30	1E-10	1E10	1E-30	1E-10	1E10	1E-30	1E-10	1E10	1E-30	1E-10	1E10	1E-30	1E-10	1E10	1E-30	1E-10	1E10	1E-30	1E-10	1E10	1E-30	1E-10	1E10	1E-30	1E-10
198	1.0209800324103E-09	1E10	1E10	1E-30	2.663658772756E-11	1E10	1E-30	1E10	9.57104316012886E-02	9.04654130613099E-08	1E10	84.7405547399364	2.50915210176147E-07	1E10	0.627311083975341	3.74638119768107E-07	1E10	8.16352176507847E-02	1E-30	9.44403658870495E-11	0.976331847070295	1.9703650023074E-08	3.33157260829389E-12	6.90368629498583E-02	1.99486965895259E-09	1.31328080274013E-11	0.310933798153877	5.64326195850871E-12	2.24731129176533E-10	27.659750958068	7.52587099636519E-12	6.71643152906106E-11	10.3736935324251	2.04971449089213E-12	1.35518756371961E-10	28.6522208999855	1E10	1E-30	1E-10	1E10	1E-30	1E-10	1E10	1E-30	1E-10	1E10	1E-30	1E-10	1E10	1E-30	1E-10	1E10	1E-30	1E-10
199	1.0209800324103E-09	1E10	1E10	1E-30	2.663658772756E-11	1E10	1E-30	1E10	9.57104316012886E-02	9.04654130613099E-08	1E10	84.7405547399364	2.50915210176147E-07	1E10	0.627311083975341	3.74638119768107E-07	1E10	8.16352176507847E-02	1E-30	9.44403658870495E-11	0.976331847070295	1.9703650023074E-08	3.33157260829389E-12	6.90368629498583E-02	1.99486965895259E-09	1.31328080274013E-11	0.310933798153877	5.64326195850871E-12	2.24731129176533E-10	27.659750958068	7.52587099636519E-12	6.71643152906106E-11	10.3736935324251	2.04971449089213E-12	1.35518756371961E-10	28.6522208999855	1E10	1E-30	1E-10	1E10	1E-30	1E-10	1E10	1E-30	1E-10	1E10	1E-30	1E-10	1E10	1E-30	1E-10	1E10	1E-30	1E-10
200	1.0209800324103E-09	1E10	1E10	1E-30	2.663658772756E-11	1E10	1E-30	1E10	9.57104316012886E-02	9.04654130613099E-08	1E10	84.7405547399364	2.50915210176147E-07	1E10	0.627311083975341	3.74638119768107E-07	1E10	8.16352176507847E-02	1E-30	9.44403658870495E-11	0.976331847070295	1.9703650023074E-08	3.33157260829389E-12	6.90368629498583E-02	1.99486965895259E-09	1.31328080274013E-11	0.310933798153877	5.64326195850871E-12	2.24731129176533E-10	27.659750958068	7.52587099636519E-12	6.71643152906106E-11	10.3736935324251	2.04971449089213E-12	1.35518756371961E-10	28.6522208999855	1E10	1E-30	1E-10	1E10	1E-30	1E-10	1E10	1E-30	1E-10	1E10	1E-30	1E-10	1E10	1E-30	1E-10	1E10	1E-30	1E-10
201	1.0209800324103E-09	1E10	1E10	1E-30	2.663658772756E-11	1E10	1E-30	1E10	9.57104316012886E-02	9.04654130613099E-08	1E10	84.7405547399364	2.50915210176147E-07	1E10	0.627311083975341	3.74638119768107E-07	1E10	8.16352176507847E-02	1E-30	9.44403658870495E-11	0.976331847070295	1.9703650023074E-08	3.33157260829389E-12	6.90368629498583E-02	1.99486965895259E-09	1.31328080274013E-11	0.310933798153877	5.64326195850871E-12	2.24731129176533E-10	27.659750958068	7.52587099636519E-12	6.71643152906106E-11	10.3736935324251	2.04971449089213E-12	1.35518756371961E-10	28.6522208999855	1E10	1E-30	1E-10	1E10	1E-30	1E-10	1E10	1E-30	1E-10	1E10	1E-30	1E-10	1E10	1E-30	1E-10	1E10	1E-30	1E-10
202	1.0152E-9	1E10	1E10	1E-30	2.98224E-10	1E10	1E-30	1E10	0.322514355	1.01554E-7	1E10	21857.89634	1.4197E-7	1E10	2695.615206	1.24224E-7	1E10	622.2425671	1.16772E-7	1E10	124.1608778	9.8166E-8	1E10	26.1054405	7.12939E-8	1E10	5.511265424	5.46899E-8	1E10	1.167835266	1.74566E-8	1E10	0.344459961	1E-30	4.10894E-11	0.553429758	1.40208E-9	1.17405E-11	0.103035635	1.03763E-11	2.19477E-10	11.51845932	1E10	1E-30	1E-10	1E10	1E-30	1E-10	1E10	1E-30	1E-10	1E10	1E-30	1E-10
203	1.01519968200583E-09	1E10	1E10	1E-30	2.98223896996948E-10	1E10	1E-30	1E10	0.322514355237839	1.01554144290936E-07	1E10	21857.8963408522	1.41970143449201E-07	1E10	2695.61520602077	1.24224428185526E-07	1E10	622.242567126948	1.16771661165238E-07	1E10	124.160877776346	9.8166048691647E-08	1E10	26.1054404976956	7.12939094414927E-08	1E10	5.51126542364488	5.46898586216429E-08	1E10	1.16783526633322	1.7456634395786E-08	1E10	0.344459960593135	1E-30	4.10893850309495E-11	0.55342975788373	1.40207512712796E-09	1.17404920699766E-11	0.103035634655749	1.03762845358192E-11	2.19477418363103E-10	11.5184593185375	1E10	1E-30	1E-10	1E10	1E-30	1E-10	1E10	1E-30	1E-10	1E10	1E-30	1E-10
204	1.12528067582518E-09	1E10	1E10	1E-30	1.23043001217394E-10	1E10	1E-30	1E10	8.88123559686211E-02	2.12191875043112E-07	1E10	14.9655051649718	3.07087130682303E-07	1E10	0.582194365490344	3.20189742918094E-07	1E10	4.66838624269303E-02	1E-30	9.64878690046962E-11	1.23299674580595	2.68903895679747E-08	2.83020849255525E-12	4.47147873148507E-02	1.24722329997419E-09	2.41833175059174E-11	0.33757265466654	5.1114490931329E-12	2.15629468376298E-10	31.2131402582004	5.62827596447194E-12	8.16204148269336E-11	14.7121389845112	2.37320461532444E-11	1.50485088544445E-11	9.73968561694402	1E10	1E-30	1E-10	1E10	1E-30	1E-10	1E10	1E-30	1E-10	1E10	1E-30	1E-10	1E10	1E-30	1E-10	1E10	1E-30	1E-10
205	1.12528067582518E-09	1E10	1E10	1E-30	1.23043001217394E-10	1E10	1E-30	1E10	8.88123559686211E-02	2.12191875043112E-07	1E10	14.9655051649718	3.07087130682303E-07	1E10	0.582194365490344	3.20189742918094E-07	1E10	4.66838624269303E-02	1E-30	9.64878690046962E-11	1.23299674580595	2.68903895679747E-08	2.83020849255525E-12	4.47147873148507E-02	1.24722329997419E-09	2.41833175059174E-11	0.33757265466654	5.1114490931329E-12	2.15629468376298E-10	31.2131402582004	5.62827596447194E-12	8.16204148269336E-11	14.7121389845112	2.37320461532444E-11	1.50485088544445E-11	9.73968561694402	1E10	1E-30	1E-10	1E10	1E-30	1E-10	1E10	1E-30	1E-10	1E10	1E-30	1E-10	1E10	1E-30	1E-10	1E10	1E-30	1E-10
206	1.12528067582518E-09	1E10	1E10	1E-30	1.23043001217394E-10	1E10	1E-30	1E10	8.88123559686211E-02	2.12191875043112E-07	1E10	14.9655051649718	3.07087130682303E-07	1E10	0.582194365490344	3.20189742918094E-07	1E10	4.66838624269303E-02	1E-30	9.64878690046962E-11	1.23299674580595	2.68903895679747E-08	2.83020849255525E-12	4.47147873148507E-02	1.24722329997419E-09	2.41833175059174E-11	0.33757265466654	5.1114490931329E-12	2.15629468376298E-10	31.2131402582004	5.62827596447194E-12	8.16204148269336E-11	14.7121389845112	2.37320461532444E-11	1.50485088544445E-11	9.73968561694402	1E10	1E-30	1E-10	1E10	1E-30	1E-10	1E10	1E-30	1E-10	1E10	1E-30	1E-10	1E10	1E-30	1E-10	1E10	1E-30	1E-10
207	1.12528067582518E-09	1E10	1E10	1E-30	1.23043001217394E-10	1E10	1E-30	1E10	8.88123559686211E-02	2.12191875043112E-07	1E10	14.9655051649718	3.07087130682303E-07	1E10	0.582194365490344	3.20189742918094E-07	1E10	4.66838624269303E-02	1E-30	9.64878690046962E-11	1.23299674580595	2.68903895679747E-08	2.83020849255525E-12	4.47147873148507E-02	1.24722329997419E-09	2.41833175059174E-11	0.33757265466654	5.1114490931329E-12	2.15629468376298E-10	31.2131402582004	5.62827596447194E-12	8.16204148269336E-11	14.7121389845112	2.37320461532444E-11	1.50485088544445E-11	9.73968561694402	1E10	1E-30	1E-10	1E10	1E-30	1E-10	1E10	1E-30	1E-10	1E10	1E-30	1E-10	1E10	1E-30	1E-10	1E10	1E-30	1E-10
208	1.1729972649913E-09	1E10	1E10	1E-30	2.04743564304547E-10	1E10	1E-30	1E10	0.02	1E-30	7.29214462433319E-11	0.034288716529041	5.93938253161478E-09	1.11185828557277E-11	0.163604092758138	7.49687311882163E-10	2.51092694744387E-11	0.370701541817754	1.05703497214538E-12	2.13917903783321E-10	1E5	3.90665526694519E-12	5.01696633174827E-11	1.12708882124485	1E10	1E-30	1E-10	1E10	1E-30	1E-10	1E10	1E-30	1E-10	1E10	1E-30	1E-10	1E10	1E-30	1E-10	1E10	1E-30	1E-10	1E10	1E-30	1E-10	1E10	1E-30	1E-10	1E10	1E-30	1E-10	1E10	1E-30	1E-10
209	1.1729972649913E-09	1E10	1E10	1E-30	2.04743564304547E-10	1E10	1E-30	1E10	0.02	1E-30	7.29214462433319E-11	0.034288716529041	5.93938253161478E-09	1.11185828557277E-11	0.163604092758138	7.49687311882163E-10	2.51092694744387E-11	0.370701541817754	1.05703497214538E-12	2.13917903783321E-10	1E5	3.90665526694519E-12	5.01696633174827E-11	1.12708882124485	1E10	1E-30	1E-10	1E10	1E-30	1E-10	1E10	1E-30	1E-10	1E10	1E-30	1E-10	1E10	1E-30	1E-10	1E10	1E-30	1E-10	1E10	1E-30	1E-10	1E10	1E-30	1E-10	1E10	1E-30	1E-10	1E10	1E-30	1E-10
210	1.1729972649913E-09	1E10	1E11	1E-30	2.04743564304547E-10	1E10	1E-30	1E10	0.02	1E-30	7.29214462433319E-11	0.034288716529041	5.93938253161478E-09	1.11185828557277E-11	0.163604092758138	7.49687311882163E-10	2.51092694744387E-11	0.370701541817754	1.05703497214538E-12	2.13917903783321E-10	1E5	3.90665526694519E-12	5.01696633174827E-11	1.12708882124485	1E10	1E-30	1E-10	1E10	1E-30	1E-10	1E10	1E-30	1E-10	1E10	1E-30	1E-10	1E10	1E-30	1E-10	1E10	1E-30	1E-10	1E10	1E-30	1E-10	1E10	1E-30	1E-10	1E10	1E-30	1E-10	1E10	1E-30	1E-10
211	1.1729972649913E-09	1E10	1E11	1E-30	2.04743564304547E-10	1E10	1E-30	1E10	0.02	1E-30	7.29214462433319E-11	0.034288716529041	5.93938253161478E-09	1.11185828557277E-11	0.163604092758138	7.49687311882163E-10	2.51092694744387E-11	0.370701541817754	1.05703497214538E-12	2.13917903783321E-10	1E5	3.90665526694519E-12	5.01696633174827E-11	1.12708882124485	1E10	1E-30	1E-10	1E10	1E-30	1E-10	1E10	1E-30	1E-10	1E10	1E-30	1E-10	1E10	1E-30	1E-10	1E10	1E-30	1E-10	1E10	1E-30	1E-10	1E10	1E-30	1E-10	1E10	1E-30	1E-10	1E10	1E-30	1E-10
212	1.2E-9	1E10	1E11	1E-30	4.31161358258886E-10	1E10	1E-30	1E10	1.80891477530127E-02	1.77861338836985E-06	1E10	2345.77275922254	3.21472591486286E-06	1E10	119.693278447743	7.62972701490306E-06	1E10	24.8247688488799	9.11865842884621E-06	1E10	2.90077448286003	8.65389487881646E-06	1E10	0.542592382801245	7.39581192148491E-06	1E10	0.079969334431664	1E-30	9.51660594455511E-12	0.467899120026379	1E-30	4.66281997538863E-11	1.62363664355766E-02	8.95267961952236E-09	1.31052540466287E-11	0.412634885242296	1.71475812227941E-09	2.62543672175764E-11	0.802421456338396	4.71036724728045E-11	6.64880561845677E-11	0.563371835502967	1E10	1E-30	1E-10	1E10	1E-30	1E-10	1E10	1E-30	1E-10	1E10	1E-30	1E-10
213	1.2E-9	1E10	1E11	1E-30	4.31161358258886E-10	1E10	1E-30	1E10	1.80891477530127E-02	1.77861338836985E-06	1E10	2345.77275922254	3.21472591486286E-06	1E10	119.693278447743	7.62972701490306E-06	1E10	24.8247688488799	9.11865842884621E-06	1E10	2.90077448286003	8.65389487881646E-06	1E10	0.542592382801245	7.39581192148491E-06	1E10	0.079969334431664	1E-30	9.51660594455511E-12	0.467899120026379	1E-30	4.66281997538863E-11	1.62363664355766E-02	8.95267961952236E-09	1.31052540466287E-11	0.412634885242296	1.71475812227941E-09	2.62543672175764E-11	0.802421456338396	4.71036724728045E-11	6.64880561845677E-11	0.563371835502967	1E10	1E-30	1E-10	1E10	1E-30	1E-10	1E10	1E-30	1E-10	1E10	1E-30	1E-10
214	1.2E-9	1E10	1E11	1E-30	4.31161358258886E-10	1E10	1E-30	1E10	1.80891477530127E-02	1.77861338836985E-06	1E10	2345.77275922254	3.21472591486286E-06	1E10	119.693278447743	7.62972701490306E-06	1E10	24.8247688488799	9.11865842884621E-06	1E10	2.90077448286003	8.65389487881646E-06	1E10	0.542592382801245	7.39581192148491E-06	1E10	0.079969334431664	1E-30	9.51660594455511E-12	0.467899120026379	1E-30	4.66281997538863E-11	1.62363664355766E-02	8.95267961952236E-09	1.31052540466287E-11	0.412634885242296	1.71475812227941E-09	2.62543672175764E-11	0.802421456338396	4.71036724728045E-11	6.64880561845677E-11	0.563371835502967	1E10	1E-30	1E-10	1E10	1E-30	1E-10	1E10	1E-30	1E-10	1E10	1E-30	1E-10
215	1.2E-9	1E10	1E11	1E-30	4.09022076200245E-10	1E10	1E-30	1E10	1.04534092437044E-02	1.27639493437538E-06	1E10	3268.75540106105	4.44669663628031E-06	1E10	259.376429072855	3.78403624475418E-06	1E10	38.7429545266607	2.27507973078069E-05	1E10	2.10379486962403	7.36040809795478E-06	1E10	0.998216345490842	7.80616851276972E-06	1E10	0.113659962902924	1E-30	7.28843102657349E-11	1.27339717716657E-02	6.57650968843004E-09	2.53096290390591E-11	0.892982288522615	2.2851507041166E-09	3.30141583128085E-11	1.16682907497703	6.08283477991794E-11	9.36937305930239E-11	0.618228763289855	1E10	1E-30	1E-10	1E10	1E-30	1E-10	1E10	1E-30	1E-10	1E10	1E-30	1E-10	1E10	1E-30	1E-10
216	1.2E-9	1E10	1E11	1E-30	4.09022076200245E-10	1E10	1E-30	1E10	1.04534092437044E-02	1.27639493437538E-06	1E10	3268.75540106105	4.44669663628031E-06	1E10	259.376429072855	3.78403624475418E-06	1E10	38.7429545266607	2.27507973078069E-05	1E10	2.10379486962403	7.36040809795478E-06	1E10	0.998216345490842	7.80616851276972E-06	1E10	0.113659962902924	1E-30	7.28843102657349E-11	1.27339717716657E-02	6.57650968843004E-09	2.53096290390591E-11	0.892982288522615	2.2851507041166E-09	3.30141583128085E-11	1.16682907497703	6.08283477991794E-11	9.36937305930239E-11	0.618228763289855	1E10	1E-30	1E-10	1E10	1E-30	1E-10	1E10	1E-30	1E-10	1E10	1E-30	1E-10	1E10	1E-30	1E-10
217	1.2E-9	1E10	1E11	1E-30	4.09022076200245E-10	1E10	1E-30	1E10	1.04534092437044E-02	1.27639493437538E-06	1E10	3268.75540106105	4.44669663628031E-06	1E10	259.376429072855	3.78403624475418E-06	1E10	38.7429545266607	2.27507973078069E-05	1E10	2.10379486962403	7.36040809795478E-06	1E10	0.998216345490842	7.80616851276972E-06	1E10	0.113659962902924	1E-30	7.28843102657349E-11	1.27339717716657E-02	6.57650968843004E-09	2.53096290390591E-11	0.892982288522615	2.2851507041166E-09	3.30141583128085E-11	1.16682907497703	6.08283477991794E-11	9.36937305930239E-11	0.618228763289855	1E10	1E-30	1E-10	1E10	1E-30	1E-10	1E10	1E-30	1E-10	1E10	1E-30	1E-10	1E10	1E-30	1E-10
218	1.19538238263776E-09	1E10	1E11	1E-30	4.44193469829626E-11	1E10	1E-30	1E10	2.16167882620515E-02	1E-30	7.51396118550897E-11	0.416657082635311	2.42765539513738E-08	6.64178503385201E-11	2.06185432451485E-02	1.34755291094156E-08	7.24651405518696E-12	0.149100724198797	1.53812986674051E-09	2.21762126722447E-11	0.41924145430714	8.04040258073498E-13	4.50300251063694E-10	528.781428937273	1E10	1E-30	1E-10	1E10	1E-30	1E-10	1E10	1E-30	1E-10	1E10	1E-30	1E-10	1E10	1E-30	1E-10	1E10	1E-30	1E-10	1E10	1E-30	1E-10	1E10	1E-30	1E-10	1E10	1E-30	1E-10	1E10	1E-30	1E-10
219	1.17248933257213E-09	1E10	1E10	1E-30	5.17344702095457E-11	1E10	1E-30	1E10	8.59805725760139E-02	1.87173468195844E-07	1E10	10.2879675468198	3.26400970357782E-07	1E10	0.436621622094759	3.26179262634018E-07	1E10	4.58266224167481E-02	1E-30	9.15909293303529E-11	1.54569833294627	7.92000691639287E-09	1.02623899035666E-11	0.168461622694758	6.02059332349227E-10	4.98670625752456E-11	0.645708771102718	5.49982961347497E-12	2.05749717577023E-10	33.5952569448326	2.3239317034255E-11	2.06010570698519E-11	7.30281633094342	1.95981780784799E-12	1.38131099056766E-10	16.762911411303	1E10	1E-30	1E-10	1E10	1E-30	1E-10	1E10	1E-30	1E-10	1E10	1E-30	1E-10	1E10	1E-30	1E-10	1E10	1E-30	1E-10
220	1.17248933257213E-09	1E10	1E10	1E-30	5.17344702095457E-11	1E10	1E-30	1E10	8.59805725760139E-02	1.87173468195844E-07	1E10	10.2879675468198	3.26400970357782E-07	1E10	0.436621622094759	3.26179262634018E-07	1E10	4.58266224167481E-02	1E-30	9.15909293303529E-11	1.54569833294627	7.92000691639287E-09	1.02623899035666E-11	0.168461622694758	6.02059332349227E-10	4.98670625752456E-11	0.645708771102718	5.49982961347497E-12	2.05749717577023E-10	33.5952569448326	2.3239317034255E-11	2.06010570698519E-11	7.30281633094342	1.95981780784799E-12	1.38131099056766E-10	16.762911411303	1E10	1E-30	1E-10	1E10	1E-30	1E-10	1E10	1E-30	1E-10	1E10	1E-30	1E-10	1E10	1E-30	1E-10	1E10	1E-30	1E-10
221	1.17248933257213E-09	1E10	1E10	1E-30	5.17344702095457E-11	1E10	1E-30	1E10	8.59805725760139E-02	1.87173468195844E-07	1E10	10.2879675468198	3.26400970357782E-07	1E10	0.436621622094759	3.26179262634018E-07	1E10	4.58266224167481E-02	1E-30	9.15909293303529E-11	1.54569833294627	7.92000691639287E-09	1.02623899035666E-11	0.168461622694758	6.02059332349227E-10	4.98670625752456E-11	0.645708771102718	5.49982961347497E-12	2.05749717577023E-10	33.5952569448326	2.3239317034255E-11	2.06010570698519E-11	7.30281633094342	1.95981780784799E-12	1.38131099056766E-10	16.762911411303	1E10	1E-30	1E-10	1E10	1E-30	1E-10	1E10	1E-30	1E-10	1E10	1E-30	1E-10	1E10	1E-30	1E-10	1E10	1E-30	1E-10
222	1.17248933257213E-09	1E10	1E10	1E-30	5.17344702095457E-11	1E10	1E-30	1E10	8.59805725760139E-02	1.87173468195844E-07	1E10	10.2879675468198	3.26400970357782E-07	1E10	0.436621622094759	3.26179262634018E-07	1E10	4.58266224167481E-02	1E-30	9.15909293303529E-11	1.54569833294627	7.92000691639287E-09	1.02623899035666E-11	0.168461622694758	6.02059332349227E-10	4.98670625752456E-11	0.645708771102718	5.49982961347497E-12	2.05749717577023E-10	33.5952569448326	2.3239317034255E-11	2.06010570698519E-11	7.30281633094342	1.95981780784799E-12	1.38131099056766E-10	16.762911411303	1E10	1E-30	1E-10	1E10	1E-30	1E-10	1E10	1E-30	1E-10	1E10	1E-30	1E-10	1E10	1E-30	1E-10	1E10	1E-30	1E-10
223	1.30795375009266E-09	1E10	1E10	1E-30	6.78768799990515E-13	1E10	1E-30	1E10	7.37026683728898E-02	2.02008388500498E-07	1E10	13.7785802208222	4.11676564013565E-07	1E10	0.352585193690532	6.02651256796344E-07	1E10	4.29163268362653E-02	1E-30	8.30375487708301E-11	0.7898211410794	1.18279298624877E-08	8.71313395280384E-12	0.160180440476198	8.68327999757802E-10	4.43754468609165E-11	0.588216236138664	6.03066773635679E-12	1.69039893021845E-10	27.9474230592376	1.52722673706838E-11	2.90643274035425E-11	7.25454000434752	1.03048135894383E-12	2.19963741059212E-10	40.8163828067983	1E10	1E-30	1E-10	1E10	1E-30	1E-10	1E10	1E-30	1E-10	1E10	1E-30	1E-10	1E10	1E-30	1E-10	1E10	1E-30	1E-10
224	1.30795375009266E-09	1E10	1E10	1E-30	6.78768799990515E-13	1E10	1E-30	1E10	7.37026683728898E-02	2.02008388500498E-07	1E10	13.7785802208222	4.11676564013565E-07	1E10	0.352585193690532	6.02651256796344E-07	1E10	4.29163268362653E-02	1E-30	8.30375487708301E-11	0.7898211410794	1.18279298624877E-08	8.71313395280384E-12	0.160180440476198	8.68327999757802E-10	4.43754468609165E-11	0.588216236138664	6.03066773635679E-12	1.69039893021845E-10	27.9474230592376	1.52722673706838E-11	2.90643274035425E-11	7.25454000434752	1.03048135894383E-12	2.19963741059212E-10	40.8163828067983	1E10	1E-30	1E-10	1E10	1E-30	1E-10	1E10	1E-30	1E-10	1E10	1E-30	1E-10	1E10	1E-30	1E-10	1E10	1E-30	1E-10
225	1.30795375009266E-09	1E10	1E10	1E-30	6.78768799990515E-13	1E10	1E-30	1E10	7.37026683728898E-02	2.02008388500498E-07	1E10	13.7785802208222	4.11676564013565E-07	1E10	0.352585193690532	6.02651256796344E-07	1E10	4.29163268362653E-02	1E-30	8.30375487708301E-11	0.7898211410794	1.18279298624877E-08	8.71313395280384E-12	0.160180440476198	8.68327999757802E-10	4.43754468609165E-11	0.588216236138664	6.03066773635679E-12	1.69039893021845E-10	27.9474230592376	1.52722673706838E-11	2.90643274035425E-11	7.25454000434752	1.03048135894383E-12	2.19963741059212E-10	40.8163828067983	1E10	1E-30	1E-10	1E10	1E-30	1E-10	1E10	1E-30	1E-10	1E10	1E-30	1E-10	1E10	1E-30	1E-10	1E10	1E-30	1E-10
226	1.30795375009266E-09	1E10	1E10	1E-30	6.78768799990515E-13	1E10	1E-30	1E10	7.37026683728898E-02	2.02008388500498E-07	1E10	13.7785802208222	4.11676564013565E-07	1E10	0.352585193690532	6.02651256796344E-07	1E10	4.29163268362653E-02	1E-30	8.30375487708301E-11	0.7898211410794	1.18279298624877E-08	8.71313395280384E-12	0.160180440476198	8.68327999757802E-10	4.43754468609165E-11	0.588216236138664	6.03066773635679E-12	1.69039893021845E-10	27.9474230592376	1.52722673706838E-11	2.90643274035425E-11	7.25454000434752	1.03048135894383E-12	2.19963741059212E-10	40.8163828067983	1E10	1E-30	1E-10	1E10	1E-30	1E-10	1E10	1E-30	1E-10	1E10	1E-30	1E-10	1E10	1E-30	1E-10	1E10	1E-30	1E-10
227	1.49239616315554E-09	1E10	1E10	1E-30	3.98107170553497E-11	1E10	1E-30	1E10	1.37787358362103E-02	1E-30	5.97745102204984E-11	0.517602268165216	1E-30	7.298945787972E-11	2.44763927537681E-02	9.63641488641756E-09	9.85970931594266E-12	0.138089827984877	1.46085108647515E-09	2.03460014511043E-11	0.334882138905898	1.82264764029076E-12	1.96361424239531E-10	169.577794620799	1.47857637684907E-12	1.92839647217256E-10	1E5	1E10	1E-30	1E-10	1E10	1E-30	1E-10	1E10	1E-30	1E-10	1E10	1E-30	1E-10	1E10	1E-30	1E-10	1E10	1E-30	1E-10	1E10	1E-30	1E-10	1E10	1E-30	1E-10	1E10	1E-30	1E-10
228	1.49239616315554E-09	1E10	1E10	1E-30	3.98107170553497E-11	1E10	1E-30	1E10	1.37787358362103E-02	1E-30	5.97745102204984E-11	0.517602268165216	1E-30	7.298945787972E-11	2.44763927537681E-02	9.63641488641756E-09	9.85970931594266E-12	0.138089827984877	1.46085108647515E-09	2.03460014511043E-11	0.334882138905898	1.82264764029076E-12	1.96361424239531E-10	169.577794620799	1.47857637684907E-12	1.92839647217256E-10	1E5	1E10	1E-30	1E-10	1E10	1E-30	1E-10	1E10	1E-30	1E-10	1E10	1E-30	1E-10	1E10	1E-30	1E-10	1E10	1E-30	1E-10	1E10	1E-30	1E-10	1E10	1E-30	1E-10	1E10	1E-30	1E-10
229	1.48383772768956E-09	1E10	1E11	1E-30	1.46585583143371E-10	1E10	1E-30	1E10	1.55112241810793E-02	1E-30	8.9065649065766E-11	2.47686160855026E-02	7.54444635203128E-09	1.26371761347338E-11	0.160926977214614	1.30394302713256E-09	2.38591627886412E-11	0.363008736642678	5.85530602909308E-12	5.80507515322739E-11	0.614027033702775	9.19301853484729E-13	2.79854849573901E-10	1E5	1E10	1E-30	1E-10	1E10	1E-30	1E-10	1E10	1E-30	1E-10	1E10	1E-30	1E-10	1E10	1E-30	1E-10	1E10	1E-30	1E-10	1E10	1E-30	1E-10	1E10	1E-30	1E-10	1E10	1E-30	1E-10	1E10	1E-30	1E-10
230	1.49239616315554E-09	1E10	1E11	1E-30	3.98107170553497E-11	1E10	1E-30	1E10	1.37787358362103E-02	1E-30	5.97745102204984E-11	0.517602268165216	1E-30	7.298945787972E-11	2.44763927537681E-02	9.63641488641756E-09	9.85970931594266E-12	0.138089827984877	1.46085108647515E-09	2.03460014511043E-11	0.334882138905898	1.82264764029076E-12	1.96361424239531E-10	169.577794620799	1.47857637684907E-12	1.92839647217256E-10	1E5	1E10	1E-30	1E-10	1E10	1E-30	1E-10	1E10	1E-30	1E-10	1E10	1E-30	1E-10	1E10	1E-30	1E-10	1E10	1E-30	1E-10	1E10	1E-30	1E-10	1E10	1E-30	1E-10	1E10	1E-30	1E-10
231	1.5E-9	1E10	1E11	1E-30	4.97867904099486E-10	1E10	1E-30	1E10	2.33666655362264E-02	2.14645855606536E-07	1E10	86252.9897940316	4.53175516905483E-07	1E10	60336.018945112	7.8963172433079E-06	1E10	15.077258415854	1.43527336215752E-05	1E10	6.46043218241991	9.88242034246168E-06	1E10	0.975165497973774	9.4158642838215E-06	1E10	0.120728426247512	3.03785007473588E-06	1E10	5.47905888295338E-03	1E-30	7.0229159069629E-11	1.21865053259567	1E-30	5.48404330089534E-11	2.32188995724744E-02	1.70680591028998E-08	6.73389553599376E-12	0.14560696796253	1.50766174891621E-09	2.60933284347327E-11	0.485711243287214	5.3119836440686E-09	2.55172711322256E-12	5.91748333185263E-02	1E10	1E-30	1E-10	1E10	1E-30	1E-10	1E10	1E-30	1E-10
232	1.5E-9	1E10	1E11	1E-30	4.97867904099486E-10	1E10	1E-30	1E10	2.33666655362264E-02	2.14645855606536E-07	1E10	86252.9897940316	4.53175516905483E-07	1E10	60336.018945112	7.8963172433079E-06	1E10	15.077258415854	1.43527336215752E-05	1E10	6.46043218241991	9.88242034246168E-06	1E10	0.975165497973774	9.4158642838215E-06	1E10	0.120728426247512	3.03785007473588E-06	1E10	5.47905888295338E-03	1E-30	7.0229159069629E-11	1.21865053259567	1E-30	5.48404330089534E-11	2.32188995724744E-02	1.70680591028998E-08	6.73389553599376E-12	0.14560696796253	1.50766174891621E-09	2.60933284347327E-11	0.485711243287214	5.3119836440686E-09	2.55172711322256E-12	5.91748333185263E-02	1E10	1E-30	1E-10	1E10	1E-30	1E-10	1E10	1E-30	1E-10
233	1.5E-9	1E10	1E11	1E-30	4.97867904099486E-10	1E10	1E-30	1E10	2.33666655362264E-02	2.14645855606536E-07	1E10	86252.9897940316	4.53175516905483E-07	1E10	60336.018945112	7.8963172433079E-06	1E10	15.077258415854	1.43527336215752E-05	1E10	6.46043218241991	9.88242034246168E-06	1E10	0.975165497973774	9.4158642838215E-06	1E10	0.120728426247512	3.03785007473588E-06	1E10	5.47905888295338E-03	1E-30	7.0229159069629E-11	1.21865053259567	1E-30	5.48404330089534E-11	2.32188995724744E-02	1.70680591028998E-08	6.73389553599376E-12	0.14560696796253	1.50766174891621E-09	2.60933284347327E-11	0.485711243287214	5.3119836440686E-09	2.55172711322256E-12	5.91748333185263E-02	1E10	1E-30	1E-10	1E10	1E-30	1E-10	1E10	1E-30	1E-10
234	1.5E-9	1E10	1E11	1E-30	4.09656242149746E-10	1E10	1E-30	1E10	1.06079451897904E-02	1.23737207441197E-06	1E10	5540.85657460746	5.11488175168964E-06	1E10	125.178463859211	6.034851213127E-06	1E10	21.2409299853025	1.41260577493605E-05	1E10	1.3964920474732	1.08742624199855E-05	1E10	0.346286697233297	1.08649096744574E-05	1E10	4.92236501666044E-02	1E-30	8.18489457278605E-11	0.861050408071413	1E-30	6.43898907093908E-11	1.64205218577874E-02	5.80773476613282E-09	3.13029864105344E-11	0.849708472554348	2.25378021987872E-09	3.30483835171873E-11	0.969754915032866	1.76026499706883E-09	1.3545808562805E-11	0.239278345503828	1E10	1E-30	1E-10	1E10	1E-30	1E-10	1E10	1E-30	1E-10	1E10	1E-30	1E-10
235	1.5E-9	1E10	1E11	1E-30	4.09656242149746E-10	1E10	1E-30	1E10	1.06079451897904E-02	1.23737207441197E-06	1E10	5540.85657460746	5.11488175168964E-06	1E10	125.178463859211	6.034851213127E-06	1E10	21.2409299853025	1.41260577493605E-05	1E10	1.3964920474732	1.08742624199855E-05	1E10	0.346286697233297	1.08649096744574E-05	1E10	4.92236501666044E-02	1E-30	8.18489457278605E-11	0.861050408071413	1E-30	6.43898907093908E-11	1.64205218577874E-02	5.80773476613282E-09	3.13029864105344E-11	0.849708472554348	2.25378021987872E-09	3.30483835171873E-11	0.969754915032866	1.76026499706883E-09	1.3545808562805E-11	0.239278345503828	1E10	1E-30	1E-10	1E10	1E-30	1E-10	1E10	1E-30	1E-10	1E10	1E-30	1E-10
236	1.5E-9	1E10	1E11	1E-30	4.09656242149746E-10	1E10	1E-30	1E10	1.06079451897904E-02	1.23737207441197E-06	1E10	5540.85657460746	5.11488175168964E-06	1E10	125.178463859211	6.034851213127E-06	1E10	21.2409299853025	1.41260577493605E-05	1E10	1.3964920474732	1.08742624199855E-05	1E10	0.346286697233297	1.08649096744574E-05	1E10	4.92236501666044E-02	1E-30	8.18489457278605E-11	0.861050408071413	1E-30	6.43898907093908E-11	1.64205218577874E-02	5.80773476613282E-09	3.13029864105344E-11	0.849708472554348	2.25378021987872E-09	3.30483835171873E-11	0.969754915032866	1.76026499706883E-09	1.3545808562805E-11	0.239278345503828	1E10	1E-30	1E-10	1E10	1E-30	1E-10	1E10	1E-30	1E-10	1E10	1E-30	1E-10
237	1.4943745020821E-09	1E10	1E11	1E-30	2.16526349422233E-10	1E10	1E-30	1E10	1.65187487583762E-02	1E-30	8.08182744603104E-11	0.750877633209418	2.27351799808133E-08	6.2360353389942E-11	2.01489281104207E-02	9.50815109178859E-09	1.51926280969706E-11	0.212905336747304	1.54026588412386E-09	3.58799466533727E-11	0.482630180522649	1.57705533303314E-12	2.20450483825918E-10	253.690411847935	1E10	1E-30	1E-10	1E10	1E-30	1E-10	1E10	1E-30	1E-10	1E10	1E-30	1E-10	1E10	1E-30	1E-10	1E10	1E-30	1E-10	1E10	1E-30	1E-10	1E10	1E-30	1E-10	1E10	1E-30	1E-10	1E10	1E-30	1E-10
238	1.48408337996545E-09	1E10	1E10	1E-30	9.18556717950591E-11	1E10	1E-30	1E10	6.43901966879725E-02	2.84303731873713E-07	1E10	8.52690280751555	4.78541852907576E-07	1E10	0.449713526306145	4.85250202379479E-07	1E10	0.064822058783135	1E-30	1.14844121401144E-10	1.22380139055387	1.26055119957398E-08	1.06417055854693E-11	0.152470018897115	2.1794328789302E-09	2.37487392678234E-11	0.376341534984618	6.93599877204345E-12	1.46975722243922E-10	24.2995461932591	1.09280273541914E-11	4.28125496490158E-11	8.69615362396278	2.56026174533158E-12	9.63866493161703E-11	25.1304278308439	1E10	1E-30	1E-10	1E10	1E-30	1E-10	1E10	1E-30	1E-10	1E10	1E-30	1E-10	1E10	1E-30	1E-10	1E10	1E-30	1E-10
239	1.48408337996545E-09	1E10	1E10	1E-30	9.18556717950591E-11	1E10	1E-30	1E10	6.43901966879725E-02	2.84303731873713E-07	1E10	8.52690280751555	4.78541852907576E-07	1E10	0.449713526306145	4.85250202379479E-07	1E10	0.064822058783135	1E-30	1.14844121401144E-10	1.22380139055387	1.26055119957398E-08	1.06417055854693E-11	0.152470018897115	2.1794328789302E-09	2.37487392678234E-11	0.376341534984618	6.93599877204345E-12	1.46975722243922E-10	24.2995461932591	1.09280273541914E-11	4.28125496490158E-11	8.69615362396278	2.56026174533158E-12	9.63866493161703E-11	25.1304278308439	1E10	1E-30	1E-10	1E10	1E-30	1E-10	1E10	1E-30	1E-10	1E10	1E-30	1E-10	1E10	1E-30	1E-10	1E10	1E-30	1E-10
240	1.48408337996545E-09	1E10	1E10	1E-30	9.18556717950591E-11	1E10	1E-30	1E10	6.43901966879725E-02	2.84303731873713E-07	1E10	8.52690280751555	4.78541852907576E-07	1E10	0.449713526306145	4.85250202379479E-07	1E10	0.064822058783135	1E-30	1.14844121401144E-10	1.22380139055387	1.26055119957398E-08	1.06417055854693E-11	0.152470018897115	2.1794328789302E-09	2.37487392678234E-11	0.376341534984618	6.93599877204345E-12	1.46975722243922E-10	24.2995461932591	1.09280273541914E-11	4.28125496490158E-11	8.69615362396278	2.56026174533158E-12	9.63866493161703E-11	25.1304278308439	1E10	1E-30	1E-10	1E10	1E-30	1E-10	1E10	1E-30	1E-10	1E10	1E-30	1E-10	1E10	1E-30	1E-10	1E10	1E-30	1E-10
241	1.48408337996545E-09	1E10	1E10	1E-30	9.18556717950591E-11	1E10	1E-30	1E10	6.43901966879725E-02	2.84303731873713E-07	1E10	8.52690280751555	4.78541852907576E-07	1E10	0.449713526306145	4.85250202379479E-07	1E10	0.064822058783135	1E-30	1.14844121401144E-10	1.22380139055387	1.26055119957398E-08	1.06417055854693E-11	0.152470018897115	2.1794328789302E-09	2.37487392678234E-11	0.376341534984618	6.93599877204345E-12	1.46975722243922E-10	24.2995461932591	1.09280273541914E-11	4.28125496490158E-11	8.69615362396278	2.56026174533158E-12	9.63866493161703E-11	25.1304278308439	1E10	1E-30	1E-10	1E10	1E-30	1E-10	1E10	1E-30	1E-10	1E10	1E-30	1E-10	1E10	1E-30	1E-10	1E10	1E-30	1E-10
242	1.54992E-9	1E10	1E10	1E-30	3.31659E-10	1E10	1E-30	1E10	0.255300382	1.55195E-7	1E10	13308.26486	2.00004E-7	1E10	2230.168945	1.64332E-7	1E10	520.515071	1.58722E-7	1E10	98.27094283	1.37613E-7	1E10	20.32138322	9.54996E-8	1E10	4.806556252	7.34265E-8	1E10	0.777765827	2.68802E-8	1E10	0.235877235	1E-30	1.98866E-11	0.27231284	6.59291E-10	1.86958E-11	0.204231788	8.83392E-12	2.78588E-10	14.1663597	1E10	1E-30	1E-10	1E10	1E-30	1E-10	1E10	1E-30	1E-10	1E10	1E-30	1E-10
243	1.54991625678531E-09	1E10	1E10	1E-30	3.31659451479415E-10	1E10	1E-30	1E10	0.255300381612447	1.55194679356085E-07	1E10	13308.2648573252	2.00004077260726E-07	1E10	2230.16894480162	1.64331878795587E-07	1E10	520.515071003692	1.58722025957897E-07	1E10	98.2709428300594	1.37613176127164E-07	1E10	20.3213832191154	9.54996192325675E-08	1E10	4.80655625224098	7.34265403931774E-08	1E10	0.777765827391237	2.68802166492928E-08	1E10	0.235877234711377	1E-30	1.98866471132984E-11	0.27231283994096	6.59290813706115E-10	1.86958294669083E-11	0.204231788012581	8.83391772182677E-12	2.78587501193934E-10	14.1663597016332	1E10	1E-30	1E-10	1E10	1E-30	1E-10	1E10	1E-30	1E-10	1E10	1E-30	1E-10
244	1.77225091841556E-09	1E10	1E10	1E-30	4.02668369920432E-11	1E10	1E-30	1E10	0.013	1E-30	5.23411395048613E-11	0.554625419937272	1E-30	6.93098617821296E-11	2.67138619391762E-02	1.11917248446957E-08	1.15275103400807E-11	0.227470992071818	1.43342689054932E-09	2.93770538805079E-11	0.394626698431991	2.13327934210975E-11	1.74601970723434E-11	4.11821092067523	6.89572709598989E-13	3.81715324680675E-10	1E5	1E10	1E-30	1E-10	1E10	1E-30	1E-10	1E10	1E-30	1E-10	1E10	1E-30	1E-10	1E10	1E-30	1E-10	1E10	1E-30	1E-10	1E10	1E-30	1E-10	1E10	1E-30	1E-10	1E10	1E-30	1E-10
245	1.77225091841556E-09	1E10	1E10	1E-30	4.02668369920432E-11	1E10	1E-30	1E10	0.013	1E-30	5.23411395048613E-11	0.554625419937272	1E-30	6.93098617821296E-11	2.67138619391762E-02	1.11917248446957E-08	1.15275103400807E-11	0.227470992071818	1.43342689054932E-09	2.93770538805079E-11	0.394626698431991	2.13327934210975E-11	1.74601970723434E-11	4.11821092067523	6.89572709598989E-13	3.81715324680675E-10	1E5	1E10	1E-30	1E-10	1E10	1E-30	1E-10	1E10	1E-30	1E-10	1E10	1E-30	1E-10	1E10	1E-30	1E-10	1E10	1E-30	1E-10	1E10	1E-30	1E-10	1E10	1E-30	1E-10	1E10	1E-30	1E-10
246	1.77225091841556E-09	1E10	1E11	1E-30	4.02668369920432E-11	1E10	1E-30	1E10	0.013	1E-30	5.23411395048613E-11	0.554625419937272	1E-30	6.93098617821296E-11	2.67138619391762E-02	1.11917248446957E-08	1.15275103400807E-11	0.227470992071818	1.43342689054932E-09	2.93770538805079E-11	0.394626698431991	2.13327934210975E-11	1.74601970723434E-11	4.11821092067523	6.89572709598989E-13	3.81715324680675E-10	1E5	1E10	1E-30	1E-10	1E10	1E-30	1E-10	1E10	1E-30	1E-10	1E10	1E-30	1E-10	1E10	1E-30	1E-10	1E10	1E-30	1E-10	1E10	1E-30	1E-10	1E10	1E-30	1E-10	1E10	1E-30	1E-10
247	1.77225091841556E-09	1E10	1E11	1E-30	4.02668369920432E-11	1E10	1E-30	1E10	0.013	1E-30	5.23411395048613E-11	0.554625419937272	1E-30	6.93098617821296E-11	2.67138619391762E-02	1.11917248446957E-08	1.15275103400807E-11	0.227470992071818	1.43342689054932E-09	2.93770538805079E-11	0.394626698431991	2.13327934210975E-11	1.74601970723434E-11	4.11821092067523	6.89572709598989E-13	3.81715324680675E-10	1E5	1E10	1E-30	1E-10	1E10	1E-30	1E-10	1E10	1E-30	1E-10	1E10	1E-30	1E-10	1E10	1E-30	1E-10	1E10	1E-30	1E-10	1E10	1E-30	1E-10	1E10	1E-30	1E-10	1E10	1E-30	1E-10
248	1.8E-9	1E10	1E11	1E-30	4.78719962472346E-10	1E10	1E-30	1E10	2.07767755581371E-02	4.41675971032911E-07	1E10	25508.397130729	9.21461864318787E-07	1E10	17182.0824169822	9.25065579343839E-06	1E10	13.432755448181	1.86591747061188E-05	1E10	5.32732635117492	1.21247806839802E-05	1E10	0.9354224259165	1.09685347636421E-05	1E10	0.118291315415498	5.97315805183599E-06	1E10	5.20271101844372E-03	1E-30	7.10649116201072E-11	1.03163254321043	1E-30	5.68100727560649E-11	2.38652649220921E-02	1.81160397987225E-08	8.71670607629067E-12	0.168177324765218	1.93476239403359E-09	2.92069262960596E-11	0.497542267307418	4.05848221505385E-09	4.33663315406591E-12	0.105293665580328	1E10	1E-30	1E-10	1E10	1E-30	1E-10	1E10	1E-30	1E-10
249	1.8E-9	1E10	1E11	1E-30	4.78719962472346E-10	1E10	1E-30	1E10	2.07767755581371E-02	4.41675971032911E-07	1E10	25508.397130729	9.21461864318787E-07	1E10	17182.0824169822	9.25065579343839E-06	1E10	13.432755448181	1.86591747061188E-05	1E10	5.32732635117492	1.21247806839802E-05	1E10	0.9354224259165	1.09685347636421E-05	1E10	0.118291315415498	5.97315805183599E-06	1E10	5.20271101844372E-03	1E-30	7.10649116201072E-11	1.03163254321043	1E-30	5.68100727560649E-11	2.38652649220921E-02	1.81160397987225E-08	8.71670607629067E-12	0.168177324765218	1.93476239403359E-09	2.92069262960596E-11	0.497542267307418	4.05848221505385E-09	4.33663315406591E-12	0.105293665580328	1E10	1E-30	1E-10	1E10	1E-30	1E-10	1E10	1E-30	1E-10
250	1.8E-9	1E10	1E11	1E-30	4.78719962472346E-10	1E10	1E-30	1E10	2.07767755581371E-02	4.41675971032911E-07	1E10	25508.397130729	9.21461864318787E-07	1E10	17182.0824169822	9.25065579343839E-06	1E10	13.432755448181	1.86591747061188E-05	1E10	5.32732635117492	1.21247806839802E-05	1E10	0.9354224259165	1.09685347636421E-05	1E10	0.118291315415498	5.97315805183599E-06	1E10	5.20271101844372E-03	1E-30	7.10649116201072E-11	1.03163254321043	1E-30	5.68100727560649E-11	2.38652649220921E-02	1.81160397987225E-08	8.71670607629067E-12	0.168177324765218	1.93476239403359E-09	2.92069262960596E-11	0.497542267307418	4.05848221505385E-09	4.33663315406591E-12	0.105293665580328	1E10	1E-30	1E-10	1E10	1E-30	1E-10	1E10	1E-30	1E-10
251	1.8E-9	1E10	1E11	1E-30	3.47876070483106E-10	1E10	1E-30	1E10	1.07440687203321E-02	1.95671135935786E-06	1E10	3503.88991250668	9.21222584721733E-06	1E10	106.694686015063	5.36819622712799E-06	1E10	30.1823153810772	2.75918750540169E-05	1E10	0.894338373336997	1.43237339936969E-05	1E10	0.549148162677502	1.13323840536601E-05	1E10	8.76496228913607E-02	1E-30	6.73647275374505E-11	1.86004345141081	1E-30	4.98063493921207E-11	1.12786726326693E-02	6.18925632161247E-09	3.86425850954008E-11	1.08418832086398	3.31108576245993E-09	3.07898334986476E-11	1.04898700687765	3.52575621044753E-10	6.59960370532068E-11	0.368432388144524	1E10	1E-30	1E-10	1E10	1E-30	1E-10	1E10	1E-30	1E-10	1E10	1E-30	1E-10
252	1.8E-9	1E10	1E11	1E-30	3.47876070483106E-10	1E10	1E-30	1E10	1.07440687203321E-02	1.95671135935786E-06	1E10	3503.88991250668	9.21222584721733E-06	1E10	106.694686015063	5.36819622712799E-06	1E10	30.1823153810772	2.75918750540169E-05	1E10	0.894338373336997	1.43237339936969E-05	1E10	0.549148162677502	1.13323840536601E-05	1E10	8.76496228913607E-02	1E-30	6.73647275374505E-11	1.86004345141081	1E-30	4.98063493921207E-11	1.12786726326693E-02	6.18925632161247E-09	3.86425850954008E-11	1.08418832086398	3.31108576245993E-09	3.07898334986476E-11	1.04898700687765	3.52575621044753E-10	6.59960370532068E-11	0.368432388144524	1E10	1E-30	1E-10	1E10	1E-30	1E-10	1E10	1E-30	1E-10	1E10	1E-30	1E-10
253	1.8E-9	1E10	1E11	1E-30	3.47876070483106E-10	1E10	1E-30	1E10	1.07440687203321E-02	1.95671135935786E-06	1E10	3503.88991250668	9.21222584721733E-06	1E10	106.694686015063	5.36819622712799E-06	1E10	30.1823153810772	2.75918750540169E-05	1E10	0.894338373336997	1.43237339936969E-05	1E10	0.549148162677502	1.13323840536601E-05	1E10	8.76496228913607E-02	1E-30	6.73647275374505E-11	1.86004345141081	1E-30	4.98063493921207E-11	1.12786726326693E-02	6.18925632161247E-09	3.86425850954008E-11	1.08418832086398	3.31108576245993E-09	3.07898334986476E-11	1.04898700687765	3.52575621044753E-10	6.59960370532068E-11	0.368432388144524	1E10	1E-30	1E-10	1E10	1E-30	1E-10	1E10	1E-30	1E-10	1E10	1E-30	1E-10
254	1.76284108273796E-09	1E10	1E11	1E-30	3.87501783194071E-11	1E10	1E-30	1E10	1.47356680488897E-02	1E-30	9.23950643988447E-11	0.558844347048358	3.6332418437948E-08	5.43856344920272E-11	1.79141497401813E-02	1.09713982396449E-08	1.68457156061231E-11	0.235505019311264	2.52636048934022E-09	2.8792017970981E-11	0.440306866464251	7.21702413385635E-13	3.90450061047443E-10	468.199997231498	1E10	1E-30	1E-10	1E10	1E-30	1E-10	1E10	1E-30	1E-10	1E10	1E-30	1E-10	1E10	1E-30	1E-10	1E10	1E-30	1E-10	1E10	1E-30	1E-10	1E10	1E-30	1E-10	1E10	1E-30	1E-10	1E10	1E-30	1E-10
255	2.26551683715487E-09	1E10	1E10	1E-30	2.44309305238952E-10	1E10	1E-30	1E10	1.20265543684154E-02	1E-30	7.51251543338011E-11	0.37738408752557	1E-30	7.62053809244347E-11	0.016183415001374	1.57256474467384E-08	1.41493029217877E-11	0.222920937401498	2.61714885826623E-09	3.1368146675657E-11	0.452103954197362	2.04937945065613E-12	1.71614456633232E-10	82.4318840251264	1E10	1E-30	1E-10	1E10	1E-30	1E-10	1E10	1E-30	1E-10	1E10	1E-30	1E-10	1E10	1E-30	1E-10	1E10	1E-30	1E-10	1E10	1E-30	1E-10	1E10	1E-30	1E-10	1E10	1E-30	1E-10	1E10	1E-30	1E-10
256	2.26551683715487E-09	1E10	1E10	1E-30	2.44309305238952E-10	1E10	1E-30	1E10	1.20265543684154E-02	1E-30	7.51251543338011E-11	0.37738408752557	1E-30	7.62053809244347E-11	0.016183415001374	1.57256474467384E-08	1.41493029217877E-11	0.222920937401498	2.61714885826623E-09	3.1368146675657E-11	0.452103954197362	2.04937945065613E-12	1.71614456633232E-10	82.4318840251264	1E10	1E-30	1E-10	1E10	1E-30	1E-10	1E10	1E-30	1E-10	1E10	1E-30	1E-10	1E10	1E-30	1E-10	1E10	1E-30	1E-10	1E10	1E-30	1E-10	1E10	1E-30	1E-10	1E10	1E-30	1E-10	1E10	1E-30	1E-10
257	2.16873400553164E-09	1E10	1E11	1E-30	1.14815362149688E-10	1E10	1E-30	1E10	1.08144783729502E-02	1E-30	1.03779349246835E-10	1.83067783362688E-02	1.12873144093634E-08	1.95404762004422E-11	0.20100125486337	2.12818922785353E-09	4.10513309333138E-11	0.468112699461597	5.98759400480268E-10	3.52445154011569E-11	0.240464680419513	1.00216914282392E-11	4.1052869286565E-11	0.631380986381003	8.54139157665622E-13	2.9434884804356E-10	199526.231496887	1E10	1E-30	1E-10	1E10	1E-30	1E-10	1E10	1E-30	1E-10	1E10	1E-30	1E-10	1E10	1E-30	1E-10	1E10	1E-30	1E-10	1E10	1E-30	1E-10	1E10	1E-30	1E-10	1E10	1E-30	1E-10
258	2.16873400553164E-09	1E10	1E11	1E-30	1.14815362149688E-10	1E10	1E-30	1E10	1.08144783729502E-02	1E-30	1.03779349246835E-10	1.83067783362688E-02	1.12873144093634E-08	1.95404762004422E-11	0.20100125486337	2.12818922785353E-09	4.10513309333138E-11	0.468112699461597	5.98759400480268E-10	3.52445154011569E-11	0.240464680419513	1.00216914282392E-11	4.1052869286565E-11	0.631380986381003	8.54139157665622E-13	2.9434884804356E-10	199526.231496887	1E10	1E-30	1E-10	1E10	1E-30	1E-10	1E10	1E-30	1E-10	1E10	1E-30	1E-10	1E10	1E-30	1E-10	1E10	1E-30	1E-10	1E10	1E-30	1E-10	1E10	1E-30	1E-10	1E10	1E-30	1E-10
259	2.2E-9	1E10	1E11	1E-30	4.46162261650961E-10	1E10	1E-30	1E10	1.55668262828015E-02	6.38345769421245E-07	1E10	17649.4411209501	1.55395152567283E-06	1E10	6846.87315539863	7.36933438500379E-06	1E10	20.8939179160201	1.43268164307369E-05	1E10	1.21534913762794	1.26354733689409E-05	1E10	0.140200164288781	8.5737628817515E-06	1E10	6.75061193457145E-03	1E-30	6.22391560578336E-11	0.674123131090114	1E-30	5.25395986018952E-11	2.05322944234406E-02	1.72008606002812E-08	1.24203435083587E-11	0.241140803964448	2.55903358986831E-09	3.19679392814371E-11	0.570234047772716	3.17208661973248E-09	7.55322017912158E-12	0.145991925662925	1E10	1E-30	1E-10	1E10	1E-30	1E-10	1E10	1E-30	1E-10	1E10	1E-30	1E-10
260	2.2E-9	1E10	1E11	1E-30	4.46162261650961E-10	1E10	1E-30	1E10	1.55668262828015E-02	6.38345769421245E-07	1E10	17649.4411209501	1.55395152567283E-06	1E10	6846.87315539863	7.36933438500379E-06	1E10	20.8939179160201	1.43268164307369E-05	1E10	1.21534913762794	1.26354733689409E-05	1E10	0.140200164288781	8.5737628817515E-06	1E10	6.75061193457145E-03	1E-30	6.22391560578336E-11	0.674123131090114	1E-30	5.25395986018952E-11	2.05322944234406E-02	1.72008606002812E-08	1.24203435083587E-11	0.241140803964448	2.55903358986831E-09	3.19679392814371E-11	0.570234047772716	3.17208661973248E-09	7.55322017912158E-12	0.145991925662925	1E10	1E-30	1E-10	1E10	1E-30	1E-10	1E10	1E-30	1E-10	1E10	1E-30	1E-10
261	2.2E-9	1E10	1E11	1E-30	4.46162261650961E-10	1E10	1E-30	1E10	1.55668262828015E-02	6.38345769421245E-07	1E10	17649.4411209501	1.55395152567283E-06	1E10	6846.87315539863	7.36933438500379E-06	1E10	20.8939179160201	1.43268164307369E-05	1E10	1.21534913762794	1.26354733689409E-05	1E10	0.140200164288781	8.5737628817515E-06	1E10	6.75061193457145E-03	1E-30	6.22391560578336E-11	0.674123131090114	1E-30	5.25395986018952E-11	2.05322944234406E-02	1.72008606002812E-08	1.24203435083587E-11	0.241140803964448	2.55903358986831E-09	3.19679392814371E-11	0.570234047772716	3.17208661973248E-09	7.55322017912158E-12	0.145991925662925	1E10	1E-30	1E-10	1E10	1E-30	1E-10	1E10	1E-30	1E-10	1E10	1E-30	1E-10
262	2.2E-9	1E10	1E11	1E-30	3.14590879162421E-10	1E10	1E-30	1E10	4.87073280286857E-03	4.06995670441597E-07	1E10	74750.9298692284	1.0290104285543E-05	1E10	26.0731407368401	1.04862449276247E-05	1E10	19.1253992586703	1.38459312539774E-05	1E10	1.28123445497748	1.29563724007E-05	1E10	0.139892590914693	1.23711731454408E-05	1E10	5.69420730875352E-03	1E-30	8.26239732020225E-11	9.60098595126826E-03	6.17455781547212E-09	5.08695582434659E-11	1.51768348619646	3.88888543959656E-09	3.54955829442025E-11	1.06827883029432	5.82882269462789E-11	1.28895287991396E-10	0.599358259647848	1E10	1E-30	1E-10	1E10	1E-30	1E-10	1E10	1E-30	1E-10	1E10	1E-30	1E-10	1E10	1E-30	1E-10
263	2.2E-9	1E10	1E11	1E-30	3.14590879162421E-10	1E10	1E-30	1E10	4.87073280286857E-03	4.06995670441597E-07	1E10	74750.9298692284	1.0290104285543E-05	1E10	26.0731407368401	1.04862449276247E-05	1E10	19.1253992586703	1.38459312539774E-05	1E10	1.28123445497748	1.29563724007E-05	1E10	0.139892590914693	1.23711731454408E-05	1E10	5.69420730875352E-03	1E-30	8.26239732020225E-11	9.60098595126826E-03	6.17455781547212E-09	5.08695582434659E-11	1.51768348619646	3.88888543959656E-09	3.54955829442025E-11	1.06827883029432	5.82882269462789E-11	1.28895287991396E-10	0.599358259647848	1E10	1E-30	1E-10	1E10	1E-30	1E-10	1E10	1E-30	1E-10	1E10	1E-30	1E-10	1E10	1E-30	1E-10
264	2.2E-9	1E10	1E11	1E-30	3.14590879162421E-10	1E10	1E-30	1E10	4.87073280286857E-03	4.06995670441597E-07	1E10	74750.9298692284	1.0290104285543E-05	1E10	26.0731407368401	1.04862449276247E-05	1E10	19.1253992586703	1.38459312539774E-05	1E10	1.28123445497748	1.29563724007E-05	1E10	0.139892590914693	1.23711731454408E-05	1E10	5.69420730875352E-03	1E-30	8.26239732020225E-11	9.60098595126826E-03	6.17455781547212E-09	5.08695582434659E-11	1.51768348619646	3.88888543959656E-09	3.54955829442025E-11	1.06827883029432	5.82882269462789E-11	1.28895287991396E-10	0.599358259647848	1E10	1E-30	1E-10	1E10	1E-30	1E-10	1E10	1E-30	1E-10	1E10	1E-30	1E-10	1E10	1E-30	1E-10
265	2.23529838604375E-09	1E10	1E11	1E-30	7.94868777475776E-11	1E10	1E-30	1E10	1.14545951170673E-02	1E-30	9.77870455887088E-11	0.526303783087602	5.17903936006649E-08	5.22368251120824E-11	1.65229454872628E-02	1.00054855783649E-08	2.53032674034626E-11	0.323969001354844	3.42985030416102E-09	3.08413854080599E-11	0.534586062307788	1.03206353810705E-12	3.00371984737777E-10	359.160948931983	1E10	1E-30	1E-10	1E10	1E-30	1E-10	1E10	1E-30	1E-10	1E10	1E-30	1E-10	1E10	1E-30	1E-10	1E10	1E-30	1E-10	1E10	1E-30	1E-10	1E10	1E-30	1E-10	1E10	1E-30	1E-10	1E10	1E-30	1E-10
266	2.23937E-9	1E10	1E10	1E-30	3.52402E-10	1E10	1E-30	1E10	0.19064782	2.51783E-7	1E10	8065.839565	2.93395E-7	1E10	1696.505577	2.55418E-7	1E10	369.2881115	2.47943E-7	1E10	73.8565983	2.17251E-7	1E10	15.61780146	1.64892E-7	1E10	3.628126585	1.23029E-7	1E10	0.727906346	4.91366E-8	1E10	0.185259115	1E-30	4.54228E-11	0.387085945	1E-30	3.28056E-11	0.300693492	1.5803E-9	1.12496E-11	0.103598221	1.30047E-11	1.78859E-10	8.078063067	1E10	1E-30	1E-10	1E10	1E-30	1E-10	1E10	1E-30	1E-10
267	2.23937291127313E-09	1E10	1E10	1E-30	3.5240249391812E-10	1E10	1E-30	1E10	0.19064781999896	2.51783162957394E-07	1E10	8065.83956456098	2.9339475592018E-07	1E10	1696.50557667961	2.55418022231158E-07	1E10	369.288111511074	2.47942690772773E-07	1E10	73.8565982959295	2.17250774420986E-07	1E10	15.6178014586187	1.64892035488692E-07	1E10	3.62812658459293	1.23028555034591E-07	1E10	0.727906346497901	4.91365964253441E-08	1E10	0.185259114937276	1E-30	4.54227755988594E-11	0.387085945194892	1E-30	3.28055791762315E-11	0.300693491689323	1.58029647916884E-09	1.12496351084145E-11	0.103598221027139	1.30046945913219E-11	1.78859312301113E-10	8.07806306663037	1E10	1E-30	1E-10	1E10	1E-30	1E-10	1E10	1E-30	1E-10
268	2.72922815844556E-09	1E10	1E10	1E-30	2.59622713389597E-10	1E10	1E-30	1E10	0.01	1E-30	7.88662336020069E-11	0.263660473467792	1E-30	4.7956903976945E-11	1.33365237407878E-02	1.4430770228995E-08	2.06220678259593E-11	0.256188635175454	3.07698674317491E-09	3.78612606627638E-11	0.44114544156616	2.6622821674215E-12	1.03448630335873E-10	99999.9999999999	1.234413540072E-11	2.21514971578615E-11	0.660624103653564	1E10	1E-30	1E-10	1E10	1E-30	1E-10	1E10	1E-30	1E-10	1E10	1E-30	1E-10	1E10	1E-30	1E-10	1E10	1E-30	1E-10	1E10	1E-30	1E-10	1E10	1E-30	1E-10	1E10	1E-30	1E-10
269	2.72922815844556E-09	1E10	1E10	1E-30	2.59622713389597E-10	1E10	1E-30	1E10	0.01	1E-30	7.88662336020069E-11	0.263660473467792	1E-30	4.7956903976945E-11	1.33365237407878E-02	1.4430770228995E-08	2.06220678259593E-11	0.256188635175454	3.07698674317491E-09	3.78612606627638E-11	0.44114544156616	2.6622821674215E-12	1.03448630335873E-10	99999.9999999999	1.234413540072E-11	2.21514971578615E-11	0.660624103653564	1E10	1E-30	1E-10	1E10	1E-30	1E-10	1E10	1E-30	1E-10	1E10	1E-30	1E-10	1E10	1E-30	1E-10	1E10	1E-30	1E-10	1E10	1E-30	1E-10	1E10	1E-30	1E-10	1E10	1E-30	1E-10
270	2.72922815844556E-09	1E10	1E11	1E-30	2.59622713389597E-10	1E10	1E-30	1E10	0.01	1E-30	7.88662336020069E-11	0.263660473467792	1E-30	4.7956903976945E-11	1.33365237407878E-02	1.4430770228995E-08	2.06220678259593E-11	0.256188635175454	3.07698674317491E-09	3.78612606627638E-11	0.44114544156616	2.6622821674215E-12	1.03448630335873E-10	99999.9999999999	1.234413540072E-11	2.21514971578615E-11	0.660624103653564	1E10	1E-30	1E-10	1E10	1E-30	1E-10	1E10	1E-30	1E-10	1E10	1E-30	1E-10	1E10	1E-30	1E-10	1E10	1E-30	1E-10	1E10	1E-30	1E-10	1E10	1E-30	1E-10	1E10	1E-30	1E-10
271	2.72922815844556E-09	1E10	1E11	1E-30	2.59622713389597E-10	1E10	1E-30	1E10	0.01	1E-30	7.88662336020069E-11	0.263660473467792	1E-30	4.7956903976945E-11	1.33365237407878E-02	1.4430770228995E-08	2.06220678259593E-11	0.256188635175454	3.07698674317491E-09	3.78612606627638E-11	0.44114544156616	2.6622821674215E-12	1.03448630335873E-10	99999.9999999999	1.234413540072E-11	2.21514971578615E-11	0.660624103653564	1E10	1E-30	1E-10	1E10	1E-30	1E-10	1E10	1E-30	1E-10	1E10	1E-30	1E-10	1E10	1E-30	1E-10	1E10	1E-30	1E-10	1E10	1E-30	1E-10	1E10	1E-30	1E-10	1E10	1E-30	1E-10
272	2.69999999999999E-09	1E10	1E11	1E-30	3.92994356565703E-10	1E10	1E-30	1E10	1.28548191788416E-02	8.50738338323872E-07	1E10	13243.1390060603	1.72613548195559E-06	1E10	7090.05141437766	9.27239123763571E-06	1E10	15.4428963974012	1.95990199799808E-05	1E10	0.985041820250637	1.5686882620553E-05	1E10	0.131482258527463	1.2365755048661E-05	1E10	5.06819099299417E-03	1E-30	6.42997176393178E-11	1.09213385314803	1E-30	5.4345285160653E-11	1.40593867035494E-02	2.12292687212105E-08	1.36340035164651E-11	0.271356546612973	4.56821538489347E-09	2.60183097617603E-11	0.543092982560174	7.93466676949487E-10	4.58823811427528E-11	0.186362630719492	1E10	1E-30	1E-10	1E10	1E-30	1E-10	1E10	1E-30	1E-10	1E10	1E-30	1E-10
273	2.69999999999999E-09	1E10	1E11	1E-30	3.92994356565703E-10	1E10	1E-30	1E10	1.28548191788416E-02	8.50738338323872E-07	1E10	13243.1390060603	1.72613548195559E-06	1E10	7090.05141437766	9.27239123763571E-06	1E10	15.4428963974012	1.95990199799808E-05	1E10	0.985041820250637	1.5686882620553E-05	1E10	0.131482258527463	1.2365755048661E-05	1E10	5.06819099299417E-03	1E-30	6.42997176393178E-11	1.09213385314803	1E-30	5.4345285160653E-11	1.40593867035494E-02	2.12292687212105E-08	1.36340035164651E-11	0.271356546612973	4.56821538489347E-09	2.60183097617603E-11	0.543092982560174	7.93466676949487E-10	4.58823811427528E-11	0.186362630719492	1E10	1E-30	1E-10	1E10	1E-30	1E-10	1E10	1E-30	1E-10	1E10	1E-30	1E-10
274	2.69999999999999E-09	1E10	1E11	1E-30	3.92994356565703E-10	1E10	1E-30	1E10	1.28548191788416E-02	8.50738338323872E-07	1E10	13243.1390060603	1.72613548195559E-06	1E10	7090.05141437766	9.27239123763571E-06	1E10	15.4428963974012	1.95990199799808E-05	1E10	0.985041820250637	1.5686882620553E-05	1E10	0.131482258527463	1.2365755048661E-05	1E10	5.06819099299417E-03	1E-30	6.42997176393178E-11	1.09213385314803	1E-30	5.4345285160653E-11	1.40593867035494E-02	2.12292687212105E-08	1.36340035164651E-11	0.271356546612973	4.56821538489347E-09	2.60183097617603E-11	0.543092982560174	7.93466676949487E-10	4.58823811427528E-11	0.186362630719492	1E10	1E-30	1E-10	1E10	1E-30	1E-10	1E10	1E-30	1E-10	1E10	1E-30	1E-10
275	2.68030725607767E-09	1E10	1E11	1E-30	6.11122459729351E-11	1E10	1E-30	1E10	1.36573846986252E-02	1E-30	7.93580489125036E-11	0.52432896807406	4.15327205028399E-08	5.23953006112252E-11	1.66460440982623E-02	1.39330120005728E-08	2.09129726853198E-11	0.219258297631489	3.81958792264989E-09	3.06125913017199E-11	0.419887900171102	8.14954696724379E-13	4.38105727447344E-10	1289.4296720421	1E10	1E-30	1E-10	1E10	1E-30	1E-10	1E10	1E-30	1E-10	1E10	1E-30	1E-10	1E10	1E-30	1E-10	1E10	1E-30	1E-10	1E10	1E-30	1E-10	1E10	1E-30	1E-10	1E10	1E-30	1E-10	1E10	1E-30	1E-10
276	3.19870654052305E-09	1E10	1E10	1E-30	9.77237220955811E-11	1E10	1E-30	1E10	9.29457882247932E-03	1E-30	9.61310498202077E-11	0.414022811230517	1E-30	7.02352276756617E-11	1.35290772357031E-02	1.63380989216575E-08	2.19845932433433E-11	0.207314570960649	3.67946248014326E-09	4.16782532293198E-11	0.44563059856216	2.58811682670035E-12	1.4425995603786E-10	89.2705287271335	2.66652090383773E-12	1.20445455761654E-10	1E5	1E10	1E-30	1E-10	1E10	1E-30	1E-10	1E10	1E-30	1E-10	1E10	1E-30	1E-10	1E10	1E-30	1E-10	1E10	1E-30	1E-10	1E10	1E-30	1E-10	1E10	1E-30	1E-10	1E10	1E-30	1E-10
277	3.19870654052305E-09	1E10	1E10	1E-30	9.77237220955811E-11	1E10	1E-30	1E10	9.29457882247932E-03	1E-30	9.61310498202077E-11	0.414022811230517	1E-30	7.02352276756617E-11	1.35290772357031E-02	1.63380989216575E-08	2.19845932433433E-11	0.207314570960649	3.67946248014326E-09	4.16782532293198E-11	0.44563059856216	2.58811682670035E-12	1.4425995603786E-10	89.2705287271335	2.66652090383773E-12	1.20445455761654E-10	1E5	1E10	1E-30	1E-10	1E10	1E-30	1E-10	1E10	1E-30	1E-10	1E10	1E-30	1E-10	1E10	1E-30	1E-10	1E10	1E-30	1E-10	1E10	1E-30	1E-10	1E10	1E-30	1E-10	1E10	1E-30	1E-10
278	3.25204775603648E-09	1E10	1E11	1E-30	2.32488983002448E-10	1E10	1E-30	1E10	1.20259597228764E-02	1E-30	7.89089507033608E-11	0.472498351494535	1E-30	6.28781376971346E-11	1.10917647621878E-02	1.43292498282364E-08	2.65336103954677E-11	0.272757547260701	4.1925407623396E-09	3.80401050221908E-11	0.417883163602571	2.39507620174859E-09	2.34462531023857E-11	0.169937767770564	3.84960543449597E-11	1.21851333047364E-11	0.346164603847298	2.17446192992597E-12	1.11712154496031E-10	1E5	1E10	1E-30	1E-10	1E10	1E-30	1E-10	1E10	1E-30	1E-10	1E10	1E-30	1E-10	1E10	1E-30	1E-10	1E10	1E-30	1E-10	1E10	1E-30	1E-10	1E10	1E-30	1E-10
279	3.25204775603648E-09	1E10	1E11	1E-30	2.32488983002448E-10	1E10	1E-30	1E10	1.20259597228764E-02	1E-30	7.89089507033608E-11	0.472498351494535	1E-30	6.28781376971346E-11	1.10917647621878E-02	1.43292498282364E-08	2.65336103954677E-11	0.272757547260701	4.1925407623396E-09	3.80401050221908E-11	0.417883163602571	2.39507620174859E-09	2.34462531023857E-11	0.169937767770564	3.84960543449597E-11	1.21851333047364E-11	0.346164603847298	2.17446192992597E-12	1.11712154496031E-10	1E5	1E10	1E-30	1E-10	1E10	1E-30	1E-10	1E10	1E-30	1E-10	1E10	1E-30	1E-10	1E10	1E-30	1E-10	1E10	1E-30	1E-10	1E10	1E-30	1E-10	1E10	1E-30	1E-10
280	3.29999999999999E-09	1E10	1E11	1E-30	5.07353982161263E-10	1E10	1E-30	1E10	1.01710166727735E-02	1.17734874164739E-06	1E10	9569.33631783851	2.46298893164421E-06	1E10	4106.51541484845	1.07428231076117E-05	1E10	16.5585149166144	2.23816364379775E-05	1E10	0.974798709272677	1.94586364787268E-05	1E10	0.119276796778874	1.526559656626E-05	1E10	5.32021499699458E-03	1E-30	6.18800928459784E-11	0.382527079075326	1E-30	7.34384572722832E-11	1.90879532086082E-02	2.52220050680562E-08	1.5953692430992E-11	0.232767204917483	5.00623643779779E-09	3.25883499447455E-11	0.531342189545497	5.11236043999386E-09	9.43941523120985E-12	0.134468180312561	1E10	1E-30	1E-10	1E10	1E-30	1E-10	1E10	1E-30	1E-10	1E10	1E-30	1E-10
281	3.29999999999999E-09	1E10	1E11	1E-30	5.07353982161263E-10	1E10	1E-30	1E10	1.01710166727735E-02	1.17734874164739E-06	1E10	9569.33631783851	2.46298893164421E-06	1E10	4106.51541484845	1.07428231076117E-05	1E10	16.5585149166144	2.23816364379775E-05	1E10	0.974798709272677	1.94586364787268E-05	1E10	0.119276796778874	1.526559656626E-05	1E10	5.32021499699458E-03	1E-30	6.18800928459784E-11	0.382527079075326	1E-30	7.34384572722832E-11	1.90879532086082E-02	2.52220050680562E-08	1.5953692430992E-11	0.232767204917483	5.00623643779779E-09	3.25883499447455E-11	0.531342189545497	5.11236043999386E-09	9.43941523120985E-12	0.134468180312561	1E10	1E-30	1E-10	1E10	1E-30	1E-10	1E10	1E-30	1E-10	1E10	1E-30	1E-10
282	3.29999999999999E-09	1E10	1E11	1E-30	5.07353982161263E-10	1E10	1E-30	1E10	1.01710166727735E-02	1.17734874164739E-06	1E10	9569.33631783851	2.46298893164421E-06	1E10	4106.51541484845	1.07428231076117E-05	1E10	16.5585149166144	2.23816364379775E-05	1E10	0.974798709272677	1.94586364787268E-05	1E10	0.119276796778874	1.526559656626E-05	1E10	5.32021499699458E-03	1E-30	6.18800928459784E-11	0.382527079075326	1E-30	7.34384572722832E-11	1.90879532086082E-02	2.52220050680562E-08	1.5953692430992E-11	0.232767204917483	5.00623643779779E-09	3.25883499447455E-11	0.531342189545497	5.11236043999386E-09	9.43941523120985E-12	0.134468180312561	1E10	1E-30	1E-10	1E10	1E-30	1E-10	1E10	1E-30	1E-10	1E10	1E-30	1E-10
283	3.27947078330871E-09	1E10	1E11	1E-30	1.3646113501593E-10	1E10	1E-30	1E10	9.5170292177966E-03	1E-30	8.49095240666592E-11	0.489041261281374	1.71793928715111E-08	2.46289174204791E-11	0.266116846380939	2.27827064608227E-09	8.08325136041817E-11	1.83174967584079E-02	5.40822559482465E-09	3.0850035333562E-11	0.434867023184208	1.16434185471191E-12	3.22080364222701E-10	240.422285507626	1E10	1E-30	1E-10	1E10	1E-30	1E-10	1E10	1E-30	1E-10	1E10	1E-30	1E-10	1E10	1E-30	1E-10	1E10	1E-30	1E-10	1E10	1E-30	1E-10	1E10	1E-30	1E-10	1E10	1E-30	1E-10	1E10	1E-30	1E-10
284	3.343E-9	1E10	1E10	1E-30	3.40794E-10	1E10	1E-30	1E10	0.156959494	3.32567E-7	1E10	5706.997975	3.62577E-7	1E10	1387.691653	3.21753E-7	1E10	297.022862	3.14694E-7	1E10	59.8516541	2.70886E-7	1E10	12.42164681	2.29818E-7	1E10	2.850035464	1.62204E-7	1E10	0.551410068	7.34132E-8	1E10	0.141943679	1E-30	4.12643E-11	0.403049929	1E-30	2.12346E-11	0.23443296	4.68099E-9	1.1627E-11	0.113194066	1.15318E-11	2.19143E-10	11.42983551	1E10	1E-30	1E-10	1E10	1E-30	1E-10	1E10	1E-30	1E-10
285	3.34300050133576E-09	1E10	1E10	1E-30	3.407937039979E-10	1E10	1E-30	1E10	0.156959493667681	3.32567070185002E-07	1E10	5706.99797454173	3.62576837838489E-07	1E10	1387.69165291787	3.21753025117478E-07	1E10	297.022861975159	3.14693578532137E-07	1E10	59.8516540981988	2.70886021105357E-07	1E10	12.4216468115807	2.2981843610847E-07	1E10	2.85003546353469	1.62204062016972E-07	1E10	0.551410068369531	7.34132187661484E-08	1E10	0.141943679252489	1E-30	4.1264286196523E-11	0.403049928858228	1E-30	2.12345567488095E-11	0.234432959526614	4.68098988070268E-09	1.16269716077409E-11	0.113194066000701	1.15318195422043E-11	2.19142673160591E-10	11.4298355079414	1E10	1E-30	1E-10	1E10	1E-30	1E-10	1E10	1E-30	1E-10
286	3.85754522974447E-09	1E10	1E10	1E-30	2.65185348616688E-10	1E10	1E-30	1E10	0.012	1E-30	6.28249333789549E-11	0.332340961999318	1E-30	7.92123277668714E-11	1.44710724944654E-02	2.11585367156683E-08	1.47479157685775E-11	0.162288885934616	4.06629575193918E-09	2.74011445211014E-11	0.323496759077675	1.96465277516809E-12	1.23037399992761E-10	1E5	1.44734296091349E-11	1.3076137576059E-11	0.735612093012364	1E10	1E-30	1E-10	1E10	1E-30	1E-10	1E10	1E-30	1E-10	1E10	1E-30	1E-10	1E10	1E-30	1E-10	1E10	1E-30	1E-10	1E10	1E-30	1E-10	1E10	1E-30	1E-10	1E10	1E-30	1E-10
287	3.89388460776915E-09	1E10	1E10	1E-30	1.43144572496765E-11	1E10	1E-30	1E10	9.28870709552629E-03	1E-30	1.68829515583265E-11	0.284970420892078	1E-30	2.80798457853744E-11	0.246776920075516	1E-30	6.59149681149848E-11	1.72149267046405E-02	1E-30	2.18381128870352E-10	3.6099127527894E-03	1.88705442586814E-08	1.61435995170326E-11	0.19574460890241	4.34754583933231E-09	2.53763683088446E-11	0.339416337374468	1.38797334970983E-09	1.96483043309472E-11	0.123979901788685	8.33443808847073E-13	3.50452235001437E-10	640.036609057812	1E10	1E-30	1E-10	1E10	1E-30	1E-10	1E10	1E-30	1E-10	1E10	1E-30	1E-10	1E10	1E-30	1E-10	1E10	1E-30	1E-10	1E10	1E-30	1E-10
288	3.85754522974447E-09	1E10	1E11	1E-30	2.65185348616688E-10	1E10	1E-30	1E10	0.012	1E-30	6.28249333789549E-11	0.332340961999318	1E-30	7.92123277668714E-11	1.44710724944654E-02	2.11585367156683E-08	1.47479157685775E-11	0.162288885934616	4.06629575193918E-09	2.74011445211014E-11	0.323496759077675	1.96465277516809E-12	1.23037399992761E-10	1E5	1.44734296091349E-11	1.3076137576059E-11	0.735612093012364	1E10	1E-30	1E-10	1E10	1E-30	1E-10	1E10	1E-30	1E-10	1E10	1E-30	1E-10	1E10	1E-30	1E-10	1E10	1E-30	1E-10	1E10	1E-30	1E-10	1E10	1E-30	1E-10	1E10	1E-30	1E-10
289	3.89388460776915E-09	1E10	1E11	1E-30	1.43144572496765E-11	1E10	1E-30	1E10	9.28870709552629E-03	1E-30	1.68829515583265E-11	0.284970420892078	1E-30	2.80798457853744E-11	0.246776920075516	1E-30	6.59149681149848E-11	1.72149267046405E-02	1E-30	2.18381128870352E-10	3.6099127527894E-03	1.88705442586814E-08	1.61435995170326E-11	0.19574460890241	4.34754583933231E-09	2.53763683088446E-11	0.339416337374468	1.38797334970983E-09	1.96483043309472E-11	0.123979901788685	8.33443808847073E-13	3.50452235001437E-10	640.036609057812	1E10	1E-30	1E-10	1E10	1E-30	1E-10	1E10	1E-30	1E-10	1E10	1E-30	1E-10	1E10	1E-30	1E-10	1E10	1E-30	1E-10	1E10	1E-30	1E-10
290	3.89388460776915E-09	1E10	1E11	1E-30	1.43144572496765E-11	1E10	1E-30	1E10	9.28870709552629E-03	1E-30	1.68829515583265E-11	0.284970420892078	1E-30	2.80798457853744E-11	0.246776920075516	1E-30	6.59149681149848E-11	1.72149267046405E-02	1E-30	2.18381128870352E-10	3.6099127527894E-03	1.88705442586814E-08	1.61435995170326E-11	0.19574460890241	4.34754583933231E-09	2.53763683088446E-11	0.339416337374468	1.38797334970983E-09	1.96483043309472E-11	0.123979901788685	8.33443808847073E-13	3.50452235001437E-10	640.036609057812	1E10	1E-30	1E-10	1E10	1E-30	1E-10	1E10	1E-30	1E-10	1E10	1E-30	1E-10	1E10	1E-30	1E-10	1E10	1E-30	1E-10	1E10	1E-30	1E-10
291	3.89388460776915E-09	1E10	1E11	1E-30	1.43144572496765E-11	1E10	1E-30	1E10	9.28870709552629E-03	1E-30	1.68829515583265E-11	0.284970420892078	1E-30	2.80798457853744E-11	0.246776920075516	1E-30	6.59149681149848E-11	1.72149267046405E-02	1E-30	2.18381128870352E-10	3.6099127527894E-03	1.88705442586814E-08	1.61435995170326E-11	0.19574460890241	4.34754583933231E-09	2.53763683088446E-11	0.339416337374468	1.38797334970983E-09	1.96483043309472E-11	0.123979901788685	8.33443808847073E-13	3.50452235001437E-10	640.036609057812	1E10	1E-30	1E-10	1E10	1E-30	1E-10	1E10	1E-30	1E-10	1E10	1E-30	1E-10	1E10	1E-30	1E-10	1E10	1E-30	1E-10	1E10	1E-30	1E-10
292	3.89388460776915E-09	1E10	1E11	1E-30	1.43144572496765E-11	1E10	1E-30	1E10	9.28870709552629E-03	1E-30	1.68829515583265E-11	0.284970420892078	1E-30	2.80798457853744E-11	0.246776920075516	1E-30	6.59149681149848E-11	1.72149267046405E-02	1E-30	2.18381128870352E-10	3.6099127527894E-03	1.88705442586814E-08	1.61435995170326E-11	0.19574460890241	4.34754583933231E-09	2.53763683088446E-11	0.339416337374468	1.38797334970983E-09	1.96483043309472E-11	0.123979901788685	8.33443808847073E-13	3.50452235001437E-10	640.036609057812	1E10	1E-30	1E-10	1E10	1E-30	1E-10	1E10	1E-30	1E-10	1E10	1E-30	1E-10	1E10	1E-30	1E-10	1E10	1E-30	1E-10	1E10	1E-30	1E-10
293	3.9E-9	1E10	1E11	1E-30	4.63519647329173E-10	1E10	1E-30	1E10	8.79223608018181E-03	1.35062604836456E-06	1E10	8341.64725747005	3.01020431865322E-06	1E10	3381.03025797064	1.20248388290575E-05	1E10	17.3732329093739	2.54572249804802E-05	1E10	0.98562214776232	2.23739817588913E-05	1E10	0.116313807236641	1.37413083448737E-05	1E10	6.00494878963136E-03	1E-30	3.75733366876785E-11	1.41084835687819	1E-30	8.32062553805941E-11	1.02039976680076E-02	2.88307778172431E-08	1.76723626605783E-11	0.282129275644035	7.70441426450098E-09	2.76498263665417E-11	0.522268888957673	1.40651183718343E-08	4.58685781085589E-12	0.119619624605313	9.49360493102628E-11	7.90181971105729E-11	0.232389153447451	1E10	1E-30	1E-10	1E10	1E-30	1E-10	1E10	1E-30	1E-10
294	3.9E-9	1E10	1E11	1E-30	4.63519647329173E-10	1E10	1E-30	1E10	8.79223608018181E-03	1.35062604836456E-06	1E10	8341.64725747005	3.01020431865322E-06	1E10	3381.03025797064	1.20248388290575E-05	1E10	17.3732329093739	2.54572249804802E-05	1E10	0.98562214776232	2.23739817588913E-05	1E10	0.116313807236641	1.37413083448737E-05	1E10	6.00494878963136E-03	1E-30	3.75733366876785E-11	1.41084835687819	1E-30	8.32062553805941E-11	1.02039976680076E-02	2.88307778172431E-08	1.76723626605783E-11	0.282129275644035	7.70441426450098E-09	2.76498263665417E-11	0.522268888957673	1.40651183718343E-08	4.58685781085589E-12	0.119619624605313	9.49360493102628E-11	7.90181971105729E-11	0.232389153447451	1E10	1E-30	1E-10	1E10	1E-30	1E-10	1E10	1E-30	1E-10
295	3.9E-9	1E10	1E11	1E-30	4.63519647329173E-10	1E10	1E-30	1E10	8.79223608018181E-03	1.35062604836456E-06	1E10	8341.64725747005	3.01020431865322E-06	1E10	3381.03025797064	1.20248388290575E-05	1E10	17.3732329093739	2.54572249804802E-05	1E10	0.98562214776232	2.23739817588913E-05	1E10	0.116313807236641	1.37413083448737E-05	1E10	6.00494878963136E-03	1E-30	3.75733366876785E-11	1.41084835687819	1E-30	8.32062553805941E-11	1.02039976680076E-02	2.88307778172431E-08	1.76723626605783E-11	0.282129275644035	7.70441426450098E-09	2.76498263665417E-11	0.522268888957673	1.40651183718343E-08	4.58685781085589E-12	0.119619624605313	9.49360493102628E-11	7.90181971105729E-11	0.232389153447451	1E10	1E-30	1E-10	1E10	1E-30	1E-10	1E10	1E-30	1E-10
296	3.97202661215124E-09	1E10	1E11	1E-30	1.48299713814558E-10	1E10	1E-30	1E10	8.88254677632608E-03	1E-30	9.86536954517864E-11	0.348944860100925	9.75900006883868E-08	6.14468455817129E-11	1.03669613818618E-02	1.74048042832104E-08	3.03478951125717E-11	0.310265674710884	7.04508403840043E-09	3.16571022470836E-11	0.394861310468529	1.19216066432184E-12	2.84174451832457E-10	175.709749899208	1E10	1E-30	1E-10	1E10	1E-30	1E-10	1E10	1E-30	1E-10	1E10	1E-30	1E-10	1E10	1E-30	1E-10	1E10	1E-30	1E-10	1E10	1E-30	1E-10	1E10	1E-30	1E-10	1E10	1E-30	1E-10	1E10	1E-30	1E-10
297	4.3034606084152E-09	1E10	1E10	1E-30	8.19338087725858E-11	1E10	1E-30	1E10	8.57519464706978E-03	1E-30	4.10384402454083E-11	0.275922020046506	1E-30	1.14510182681048E-11	0.204644546262299	1E-30	6.87048130705276E-11	1.72870556689582E-02	1E-30	2.2118687367821E-10	3.03912999431376E-03	1.67087183635775E-08	2.14739895651367E-11	0.217763417023924	5.39167781492557E-09	2.42435053650525E-11	0.322053126586895	2.4386132990691E-09	1.5174263473066E-11	0.105655781846431	1.25153602666268E-12	2.65612867684398E-10	484.313825685159	1E10	1E-30	1E-10	1E10	1E-30	1E-10	1E10	1E-30	1E-10	1E10	1E-30	1E-10	1E10	1E-30	1E-10	1E10	1E-30	1E-10	1E10	1E-30	1E-10
298	4.3034606084152E-09	1E10	1E10	1E-30	8.19338087725858E-11	1E10	1E-30	1E10	8.57519464706978E-03	1E-30	4.10384402454083E-11	0.275922020046506	1E-30	1.14510182681048E-11	0.204644546262299	1E-30	6.87048130705276E-11	1.72870556689582E-02	1E-30	2.2118687367821E-10	3.03912999431376E-03	1.67087183635775E-08	2.14739895651367E-11	0.217763417023924	5.39167781492557E-09	2.42435053650525E-11	0.322053126586895	2.4386132990691E-09	1.5174263473066E-11	0.105655781846431	1.25153602666268E-12	2.65612867684398E-10	484.313825685159	1E10	1E-30	1E-10	1E10	1E-30	1E-10	1E10	1E-30	1E-10	1E10	1E-30	1E-10	1E10	1E-30	1E-10	1E10	1E-30	1E-10	1E10	1E-30	1E-10
299	4.3034606084152E-09	1E10	1E11	1E-30	8.19338087725858E-11	1E10	1E-30	1E10	8.57519464706978E-03	1E-30	4.10384402454083E-11	0.275922020046506	1E-30	1.14510182681048E-11	0.204644546262299	1E-30	6.87048130705276E-11	1.72870556689582E-02	1E-30	2.2118687367821E-10	3.03912999431376E-03	1.67087183635775E-08	2.14739895651367E-11	0.217763417023924	5.39167781492557E-09	2.42435053650525E-11	0.322053126586895	2.4386132990691E-09	1.5174263473066E-11	0.105655781846431	1.25153602666268E-12	2.65612867684398E-10	484.313825685159	1E10	1E-30	1E-10	1E10	1E-30	1E-10	1E10	1E-30	1E-10	1E10	1E-30	1E-10	1E10	1E-30	1E-10	1E10	1E-30	1E-10	1E10	1E-30	1E-10
300	4.3034606084152E-09	1E10	1E11	1E-30	8.19338087725858E-11	1E10	1E-30	1E10	8.57519464706978E-03	1E-30	4.10384402454083E-11	0.275922020046506	1E-30	1.14510182681048E-11	0.204644546262299	1E-30	6.87048130705276E-11	1.72870556689582E-02	1E-30	2.2118687367821E-10	3.03912999431376E-03	1.67087183635775E-08	2.14739895651367E-11	0.217763417023924	5.39167781492557E-09	2.42435053650525E-11	0.322053126586895	2.4386132990691E-09	1.5174263473066E-11	0.105655781846431	1.25153602666268E-12	2.65612867684398E-10	484.313825685159	1E10	1E-30	1E-10	1E10	1E-30	1E-10	1E10	1E-30	1E-10	1E10	1E-30	1E-10	1E10	1E-30	1E-10	1E10	1E-30	1E-10	1E10	1E-30	1E-10
301	4.3034606084152E-09	1E10	1E11	1E-30	8.19338087725858E-11	1E10	1E-30	1E10	8.57519464706978E-03	1E-30	4.10384402454083E-11	0.275922020046506	1E-30	1.14510182681048E-11	0.204644546262299	1E-30	6.87048130705276E-11	1.72870556689582E-02	1E-30	2.2118687367821E-10	3.03912999431376E-03	1.67087183635775E-08	2.14739895651367E-11	0.217763417023924	5.39167781492557E-09	2.42435053650525E-11	0.322053126586895	2.4386132990691E-09	1.5174263473066E-11	0.105655781846431	1.25153602666268E-12	2.65612867684398E-10	484.313825685159	1E10	1E-30	1E-10	1E10	1E-30	1E-10	1E10	1E-30	1E-10	1E10	1E-30	1E-10	1E10	1E-30	1E-10	1E10	1E-30	1E-10	1E10	1E-30	1E-10
302	4.3034606084152E-09	1E10	1E11	1E-30	8.19338087725858E-11	1E10	1E-30	1E10	8.57519464706978E-03	1E-30	4.10384402454083E-11	0.275922020046506	1E-30	1.14510182681048E-11	0.204644546262299	1E-30	6.87048130705276E-11	1.72870556689582E-02	1E-30	2.2118687367821E-10	3.03912999431376E-03	1.67087183635775E-08	2.14739895651367E-11	0.217763417023924	5.39167781492557E-09	2.42435053650525E-11	0.322053126586895	2.4386132990691E-09	1.5174263473066E-11	0.105655781846431	1.25153602666268E-12	2.65612867684398E-10	484.313825685159	1E10	1E-30	1E-10	1E10	1E-30	1E-10	1E10	1E-30	1E-10	1E10	1E-30	1E-10	1E10	1E-30	1E-10	1E10	1E-30	1E-10	1E10	1E-30	1E-10
303	4.8364775852526E-09	1E10	1E10	1E-30	6.30957344480193E-11	1E10	1E-30	1E10	7.27529966663067E-03	1E-30	7.68125732414576E-11	0.295600528096737	1E-30	6.53137955495743E-11	1.42150268029335E-02	2.5467370019157E-08	1.7688302894161E-11	0.188527784623686	5.90191543481113E-09	2.85386400544579E-11	0.332443541585514	5.5589119363912E-12	6.32007705404643E-11	18.4475810867113	1.32011624266562E-12	2.11070683688924E-10	1E5	1E10	1E-30	1E-10	1E10	1E-30	1E-10	1E10	1E-30	1E-10	1E10	1E-30	1E-10	1E10	1E-30	1E-10	1E10	1E-30	1E-10	1E10	1E-30	1E-10	1E10	1E-30	1E-10	1E10	1E-30	1E-10
304	4.6237595589605E-09	1E10	1E10	1E-30	1.27015173493472E-10	1E10	1E-30	1E10	8.81747792511809E-03	1E-30	4.74930782030619E-11	0.291534470995546	1E-30	4.08577472306545E-12	0.206409117023979	1E-30	5.86834273982251E-11	1.25958419073689E-02	1E-30	3.74432481026704E-10	5.13102499601629E-03	1.83997324786658E-08	2.10835325237792E-11	0.208365681966756	5.3650247344501E-09	2.67145349711781E-11	0.288456097601863	3.4540302125375E-09	1.3166196935415E-11	0.100826849882115	1.54663266276983E-12	2.00132769978054E-10	176.853623132917	1E10	1E-30	1E-10	1E10	1E-30	1E-10	1E10	1E-30	1E-10	1E10	1E-30	1E-10	1E10	1E-30	1E-10	1E10	1E-30	1E-10	1E10	1E-30	1E-10
305	4.6237595589605E-09	1E10	1E10	1E-30	1.27015173493472E-10	1E10	1E-30	1E10	8.81747792511809E-03	1E-30	4.74930782030619E-11	0.291534470995546	1E-30	4.08577472306545E-12	0.206409117023979	1E-30	5.86834273982251E-11	1.25958419073689E-02	1E-30	3.74432481026704E-10	5.13102499601629E-03	1.83997324786658E-08	2.10835325237792E-11	0.208365681966756	5.3650247344501E-09	2.67145349711781E-11	0.288456097601863	3.4540302125375E-09	1.3166196935415E-11	0.100826849882115	1.54663266276983E-12	2.00132769978054E-10	176.853623132917	1E10	1E-30	1E-10	1E10	1E-30	1E-10	1E10	1E-30	1E-10	1E10	1E-30	1E-10	1E10	1E-30	1E-10	1E10	1E-30	1E-10	1E10	1E-30	1E-10
306	4.67230980028064E-09	1E10	1E11	1E-30	1.20226443461741E-10	1E10	1E-30	1E10	1.13437014079047E-02	1E-30	6.55547783476321E-11	1.43983357540839E-02	1.77031769566252E-08	2.32513754010969E-11	0.179063981014568	4.75160352849548E-09	3.16789918133094E-11	0.321301389858538	1.75663736108448E-09	2.46349259714708E-11	0.123878943822735	7.19030612136349E-12	5.24906552996313E-11	0.521022229074153	9.12626187051197E-13	2.21409416076044E-10	1E5	1E10	1E-30	1E-10	1E10	1E-30	1E-10	1E10	1E-30	1E-10	1E10	1E-30	1E-10	1E10	1E-30	1E-10	1E10	1E-30	1E-10	1E10	1E-30	1E-10	1E10	1E-30	1E-10	1E10	1E-30	1E-10
307	4.6237595589605E-09	1E10	1E11	1E-30	1.27015173493472E-10	1E10	1E-30	1E10	8.81747792511809E-03	1E-30	4.74930782030619E-11	0.291534470995546	1E-30	4.08577472306545E-12	0.206409117023979	1E-30	5.86834273982251E-11	1.25958419073689E-02	1E-30	3.74432481026704E-10	5.13102499601629E-03	1.83997324786658E-08	2.10835325237792E-11	0.208365681966756	5.3650247344501E-09	2.67145349711781E-11	0.288456097601863	3.4540302125375E-09	1.3166196935415E-11	0.100826849882115	1.54663266276983E-12	2.00132769978054E-10	176.853623132917	1E10	1E-30	1E-10	1E10	1E-30	1E-10	1E10	1E-30	1E-10	1E10	1E-30	1E-10	1E10	1E-30	1E-10	1E10	1E-30	1E-10	1E10	1E-30	1E-10
308	4.6237595589605E-09	1E10	1E11	1E-30	1.27015173493472E-10	1E10	1E-30	1E10	8.81747792511809E-03	1E-30	4.74930782030619E-11	0.291534470995546	1E-30	4.08577472306545E-12	0.206409117023979	1E-30	5.86834273982251E-11	1.25958419073689E-02	1E-30	3.74432481026704E-10	5.13102499601629E-03	1.83997324786658E-08	2.10835325237792E-11	0.208365681966756	5.3650247344501E-09	2.67145349711781E-11	0.288456097601863	3.4540302125375E-09	1.3166196935415E-11	0.100826849882115	1.54663266276983E-12	2.00132769978054E-10	176.853623132917	1E10	1E-30	1E-10	1E10	1E-30	1E-10	1E10	1E-30	1E-10	1E10	1E-30	1E-10	1E10	1E-30	1E-10	1E10	1E-30	1E-10	1E10	1E-30	1E-10
309	4.6237595589605E-09	1E10	1E11	1E-30	1.27015173493472E-10	1E10	1E-30	1E10	8.81747792511809E-03	1E-30	4.74930782030619E-11	0.291534470995546	1E-30	4.08577472306545E-12	0.206409117023979	1E-30	5.86834273982251E-11	1.25958419073689E-02	1E-30	3.74432481026704E-10	5.13102499601629E-03	1.83997324786658E-08	2.10835325237792E-11	0.208365681966756	5.3650247344501E-09	2.67145349711781E-11	0.288456097601863	3.4540302125375E-09	1.3166196935415E-11	0.100826849882115	1.54663266276983E-12	2.00132769978054E-10	176.853623132917	1E10	1E-30	1E-10	1E10	1E-30	1E-10	1E10	1E-30	1E-10	1E10	1E-30	1E-10	1E10	1E-30	1E-10	1E10	1E-30	1E-10	1E10	1E-30	1E-10
310	4.6237595589605E-09	1E10	1E11	1E-30	1.27015173493472E-10	1E10	1E-30	1E10	8.81747792511809E-03	1E-30	4.74930782030619E-11	0.291534470995546	1E-30	4.08577472306545E-12	0.206409117023979	1E-30	5.86834273982251E-11	1.25958419073689E-02	1E-30	3.74432481026704E-10	5.13102499601629E-03	1.83997324786658E-08	2.10835325237792E-11	0.208365681966756	5.3650247344501E-09	2.67145349711781E-11	0.288456097601863	3.4540302125375E-09	1.3166196935415E-11	0.100826849882115	1.54663266276983E-12	2.00132769978054E-10	176.853623132917	1E10	1E-30	1E-10	1E10	1E-30	1E-10	1E10	1E-30	1E-10	1E10	1E-30	1E-10	1E10	1E-30	1E-10	1E10	1E-30	1E-10	1E10	1E-30	1E-10
311	4.7E-9	1E10	1E11	1E-30	4.22059587201812E-10	1E10	1E-30	1E10	8.08995373406861E-03	3.67274319168846E-06	1E10	1866.75213482305	1.67114667736717E-05	1E10	30.6629989137321	2.52791555215304E-05	1E10	7.78739265581282	2.90783436363203E-05	1E10	1.0332295040147	2.72214412721115E-05	1E10	0.105375941441859	1.84386312530368E-05	1E10	4.90432603393223E-03	1E-30	2.38737472960679E-11	0.896571716322471	1E-30	5.80549377716125E-11	8.21960454394717E-03	2.76388981440229E-08	2.41952532735856E-11	0.326946879410844	9.62544135473118E-09	3.0713616118141E-11	0.510499519445878	1.35534158439063E-08	6.91828629188104E-12	0.124847253300509	9.04095342018218E-11	9.1025342134045E-11	0.245872192463828	1E10	1E-30	1E-10	1E10	1E-30	1E-10	1E10	1E-30	1E-10
312	4.7E-9	1E10	1E11	1E-30	4.22059587201812E-10	1E10	1E-30	1E10	8.08995373406861E-03	3.67274319168846E-06	1E10	1866.75213482305	1.67114667736717E-05	1E10	30.6629989137321	2.52791555215304E-05	1E10	7.78739265581282	2.90783436363203E-05	1E10	1.0332295040147	2.72214412721115E-05	1E10	0.105375941441859	1.84386312530368E-05	1E10	4.90432603393223E-03	1E-30	2.38737472960679E-11	0.896571716322471	1E-30	5.80549377716125E-11	8.21960454394717E-03	2.76388981440229E-08	2.41952532735856E-11	0.326946879410844	9.62544135473118E-09	3.0713616118141E-11	0.510499519445878	1.35534158439063E-08	6.91828629188104E-12	0.124847253300509	9.04095342018218E-11	9.1025342134045E-11	0.245872192463828	1E10	1E-30	1E-10	1E10	1E-30	1E-10	1E10	1E-30	1E-10
313	4.7E-9	1E10	1E11	1E-30	4.22059587201812E-10	1E10	1E-30	1E10	8.08995373406861E-03	3.67274319168846E-06	1E10	1866.75213482305	1.67114667736717E-05	1E10	30.6629989137321	2.52791555215304E-05	1E10	7.78739265581282	2.90783436363203E-05	1E10	1.0332295040147	2.72214412721115E-05	1E10	0.105375941441859	1.84386312530368E-05	1E10	4.90432603393223E-03	1E-30	2.38737472960679E-11	0.896571716322471	1E-30	5.80549377716125E-11	8.21960454394717E-03	2.76388981440229E-08	2.41952532735856E-11	0.326946879410844	9.62544135473118E-09	3.0713616118141E-11	0.510499519445878	1.35534158439063E-08	6.91828629188104E-12	0.124847253300509	9.04095342018218E-11	9.1025342134045E-11	0.245872192463828	1E10	1E-30	1E-10	1E10	1E-30	1E-10	1E10	1E-30	1E-10
314	4.69344314966874E-09	1E10	1E11	1E-30	1.70547017662491E-10	1E10	1E-30	1E10	7.8180607916128E-03	1E-30	8.12997864697814E-11	0.45420595494564	1E-30	7.02221835735843E-11	1.64545770844374E-02	2.06288392808396E-08	3.30672840408817E-11	0.398129799580536	6.916742353468E-09	4.49409456954004E-11	0.393828285662188	1.68909579148465E-12	2.19487935412076E-10	81.7279287143467	1E10	1E-30	1E-10	1E10	1E-30	1E-10	1E10	1E-30	1E-10	1E10	1E-30	1E-10	1E10	1E-30	1E-10	1E10	1E-30	1E-10	1E10	1E-30	1E-10	1E10	1E-30	1E-10	1E10	1E-30	1E-10	1E10	1E-30	1E-10
315	4.80803E-9	1E10	1E10	1E-30	3.24123E-10	1E10	1E-30	1E10	0.133180606	3.83743E-7	1E10	4540.293865	5.14599E-7	1E10	599.5840131	4.26286E-7	1E10	132.5732188	4.09378E-7	1E10	23.12383591	2.7566E-7	1E10	4.972563487	2.27372E-7	1E10	0.706339108	1.76922E-7	1E10	0.119877724	1E-30	6.05918E-11	0.504788624	1E-30	2.07507E-11	0.184899634	6.84326E-9	1.65348E-11	0.100262109	1.17935E-11	1.82824E-10	10.82365701	1E10	1E-30	1E-10	1E10	1E-30	1E-10	1E10	1E-30	1E-10	1E10	1E-30	1E-10
316	4.80802984409392E-09	1E10	1E10	1E-30	3.2412286889122E-10	1E10	1E-30	1E10	0.133180605701501	3.83742582861513E-07	1E10	4540.29386502696	5.14598926984118E-07	1E10	599.584013083215	4.26286162950418E-07	1E10	132.573218847163	4.0937765939784E-07	1E10	23.1238359105674	2.7565965402838E-07	1E10	4.97256348713767	2.27371580682129E-07	1E10	0.706339108146159	1.76922017376476E-07	1E10	0.119877723857876	1E-30	6.05917907160793E-11	0.504788624072203	1E-30	2.07507313015055E-11	0.184899634185233	6.84326017159735E-09	1.65348469341883E-11	0.100262109206196	1.17935112666059E-11	1.82823762308059E-10	10.8236570067307	1E10	1E-30	1E-10	1E10	1E-30	1E-10	1E10	1E-30	1E-10	1E10	1E-30	1E-10
317	5.70196299677084E-09	1E10	1E10	1E-30	1E-12	1E10	1E-30	1E10	4.66215563207267E-03	1E-30	1.04343208552418E-10	0.34197220706437	1E-30	8.94106620137035E-11	7.3002392769084E-03	1E-30	6.66457298988328E-11	1.34103951879111E-03	1.6329336706617E-08	4.04463269029732E-11	0.296619408952832	8.55683210122129E-09	3.20478008167697E-11	0.424018791291163	1.30305103925997E-08	9.56076999687519E-12	0.074418408963464	9.39516425293299E-09	8.19097607395855E-12	9.49265329978928E-02	3.89510904062166E-11	9.00083482351985E-12	1.33437113334155	6.65127807169851E-13	3.40514011220324E-10	1E5	1E10	1E-30	1E-10	1E10	1E-30	1E-10	1E10	1E-30	1E-10	1E10	1E-30	1E-10	1E10	1E-30	1E-10	1E10	1E-30	1E-10
318	5.70196299677084E-09	1E10	1E11	1E-30	1E-12	1E10	1E-30	1E10	4.66215563207267E-03	1E-30	1.04343208552418E-10	0.34197220706437	1E-30	8.94106620137035E-11	7.3002392769084E-03	1E-30	6.66457298988328E-11	1.34103951879111E-03	1.6329336706617E-08	4.04463269029732E-11	0.296619408952832	8.55683210122129E-09	3.20478008167697E-11	0.424018791291163	1.30305103925997E-08	9.56076999687519E-12	0.074418408963464	9.39516425293299E-09	8.19097607395855E-12	9.49265329978928E-02	3.89510904062166E-11	9.00083482351985E-12	1.33437113334155	6.65127807169851E-13	3.40514011220324E-10	1E5	1E10	1E-30	1E-10	1E10	1E-30	1E-10	1E10	1E-30	1E-10	1E10	1E-30	1E-10	1E10	1E-30	1E-10	1E10	1E-30	1E-10
319	5.6E-9	1E10	1E11	1E-30	4.54401001111155E-10	1E10	1E-30	1E10	5.48070092142443E-03	4.47677612929717E-06	1E10	1531.48180648864	1.93735694428836E-05	1E10	25.5380723241718	3.27530444470014E-05	1E10	5.88594159228928	3.5010433839479E-05	1E10	0.892961211259681	3.26825756161058E-05	1E10	0.095076875153186	1.47871406196242E-05	1E10	6.35883187458808E-03	1E-30	3.45352603636267E-11	1.29552649460777	1E-30	9.78469000075605E-11	1.16405820013908E-02	2.69229984464696E-08	2.38044429853682E-11	0.307635008154025	9.72936520155337E-09	2.5863567085955E-11	0.449665520888165	1.72226653966907E-08	4.21363147458396E-12	9.81265206264793E-02	1.17477562267927E-10	7.5084520263239E-11	0.200034551243292	1E10	1E-30	1E-10	1E10	1E-30	1E-10	1E10	1E-30	1E-10
320	5.6E-9	1E10	1E11	1E-30	4.54401001111155E-10	1E10	1E-30	1E10	5.48070092142443E-03	4.47677612929717E-06	1E10	1531.48180648864	1.93735694428836E-05	1E10	25.5380723241718	3.27530444470014E-05	1E10	5.88594159228928	3.5010433839479E-05	1E10	0.892961211259681	3.26825756161058E-05	1E10	0.095076875153186	1.47871406196242E-05	1E10	6.35883187458808E-03	1E-30	3.45352603636267E-11	1.29552649460777	1E-30	9.78469000075605E-11	1.16405820013908E-02	2.69229984464696E-08	2.38044429853682E-11	0.307635008154025	9.72936520155337E-09	2.5863567085955E-11	0.449665520888165	1.72226653966907E-08	4.21363147458396E-12	9.81265206264793E-02	1.17477562267927E-10	7.5084520263239E-11	0.200034551243292	1E10	1E-30	1E-10	1E10	1E-30	1E-10	1E10	1E-30	1E-10
321	5.6E-9	1E10	1E11	1E-30	4.54401001111155E-10	1E10	1E-30	1E10	5.48070092142443E-03	4.47677612929717E-06	1E10	1531.48180648864	1.93735694428836E-05	1E10	25.5380723241718	3.27530444470014E-05	1E10	5.88594159228928	3.5010433839479E-05	1E10	0.892961211259681	3.26825756161058E-05	1E10	0.095076875153186	1.47871406196242E-05	1E10	6.35883187458808E-03	1E-30	3.45352603636267E-11	1.29552649460777	1E-30	9.78469000075605E-11	1.16405820013908E-02	2.69229984464696E-08	2.38044429853682E-11	0.307635008154025	9.72936520155337E-09	2.5863567085955E-11	0.449665520888165	1.72226653966907E-08	4.21363147458396E-12	9.81265206264793E-02	1.17477562267927E-10	7.5084520263239E-11	0.200034551243292	1E10	1E-30	1E-10	1E10	1E-30	1E-10	1E10	1E-30	1E-10
322	5.5245363454053E-09	1E10	1E11	1E-30	1.9101655377822E-12	1E10	1E-30	1E10	6.79343349159903E-03	1E-30	1.4209685996964E-10	0.343800347409198	1.22436567238918E-07	4.15205885812914E-11	7.97207886576603E-03	2.65908281245725E-08	3.07734698297948E-11	0.362179075444932	9.47315721222022E-09	3.80833676171564E-11	0.394908403784492	7.41846545027085E-13	3.59173522578999E-10	543.482283326169	1E10	1E-30	1E-10	1E10	1E-30	1E-10	1E10	1E-30	1E-10	1E10	1E-30	1E-10	1E10	1E-30	1E-10	1E10	1E-30	1E-10	1E10	1E-30	1E-10	1E10	1E-30	1E-10	1E10	1E-30	1E-10	1E10	1E-30	1E-10
323	6.69478584639229E-09	1E10	1E10	1E-30	1.58865646944856E-11	1E10	1E-30	1E10	5.73700102595758E-03	1E-30	8.03699406792192E-11	0.25310116777938	1E-30	8.57086511928456E-11	1.06526094801097E-02	3.89104140328745E-08	1.995242325486E-11	0.208111938924854	8.38050708102981E-09	3.58070383921717E-11	0.323657299873853	1.53465467573701E-07	9.434225947108E-13	9.43061200360683E-03	1.31582917184103E-08	6.54016013503024E-12	8.61522051524022E-02	7.13390909453754E-13	3.98505154394034E-10	987.03883607645	1E10	1E-30	1E-10	1E10	1E-30	1E-10	1E10	1E-30	1E-10	1E10	1E-30	1E-10	1E10	1E-30	1E-10	1E10	1E-30	1E-10	1E10	1E-30	1E-10	1E10	1E-30	1E-10
324	6.7221751207286E-09	1E10	1E10	1E-30	4.04850871590181E-11	1E10	1E-30	1E10	6.79988524363421E-03	1E-30	1.3077413216395E-11	0.36984779111731	1E-30	4.89385604208676E-11	0.245838216680169	1E-30	5.36652109861392E-11	1.09893619311767E-02	1E-30	2.3374689917685E-10	4.77558440826685E-03	2.2025244404897E-08	3.2965008624642E-11	0.201124295733323	9.30547102405067E-09	3.01847440712877E-11	0.296042692204892	3.90197203823686E-09	2.06959962779329E-11	0.115431213725334	1.02573372949787E-12	3.39353793243041E-10	626.758337505415	1E10	1E-30	1E-10	1E10	1E-30	1E-10	1E10	1E-30	1E-10	1E10	1E-30	1E-10	1E10	1E-30	1E-10	1E10	1E-30	1E-10	1E10	1E-30	1E-10
325	6.7221751207286E-09	1E10	1E10	1E-30	4.04850871590181E-11	1E10	1E-30	1E10	6.79988524363421E-03	1E-30	1.3077413216395E-11	0.36984779111731	1E-30	4.89385604208676E-11	0.245838216680169	1E-30	5.36652109861392E-11	1.09893619311767E-02	1E-30	2.3374689917685E-10	4.77558440826685E-03	2.2025244404897E-08	3.2965008624642E-11	0.201124295733323	9.30547102405067E-09	3.01847440712877E-11	0.296042692204892	3.90197203823686E-09	2.06959962779329E-11	0.115431213725334	1.02573372949787E-12	3.39353793243041E-10	626.758337505415	1E10	1E-30	1E-10	1E10	1E-30	1E-10	1E10	1E-30	1E-10	1E10	1E-30	1E-10	1E10	1E-30	1E-10	1E10	1E-30	1E-10	1E10	1E-30	1E-10
326	6.75006680018527E-09	1E10	1E11	1E-30	6.48054432735685E-11	1E10	1E-30	1E10	7.1481792201656E-03	1E-30	6.63023267869289E-11	0.388676572180989	1E-30	1.0644431498188E-10	1.23350209158822E-02	2.73230431994246E-08	2.8071769417634E-11	0.252890391912277	7.05624864563046E-09	4.09920374975861E-11	0.373363903451656	5.34537778361471E-09	1.65389497254239E-11	0.119952406003941	1.26004856842548E-10	3.72271010541965E-12	0.211014156240042	7.3507109939652E-13	3.41383770603077E-10	1E5	1E10	1E-30	1E-10	1E10	1E-30	1E-10	1E10	1E-30	1E-10	1E10	1E-30	1E-10	1E10	1E-30	1E-10	1E10	1E-30	1E-10	1E10	1E-30	1E-10	1E10	1E-30	1E-10
327	6.7221751207286E-09	1E10	1E11	1E-30	4.04850871590181E-11	1E10	1E-30	1E10	6.79988524363421E-03	1E-30	1.3077413216395E-11	0.36984779111731	1E-30	4.89385604208676E-11	0.245838216680169	1E-30	5.36652109861392E-11	1.09893619311767E-02	1E-30	2.3374689917685E-10	4.77558440826685E-03	2.2025244404897E-08	3.2965008624642E-11	0.201124295733323	9.30547102405067E-09	3.01847440712877E-11	0.296042692204892	3.90197203823686E-09	2.06959962779329E-11	0.115431213725334	1.02573372949787E-12	3.39353793243041E-10	626.758337505415	1E10	1E-30	1E-10	1E10	1E-30	1E-10	1E10	1E-30	1E-10	1E10	1E-30	1E-10	1E10	1E-30	1E-10	1E10	1E-30	1E-10	1E10	1E-30	1E-10
328	6.7221751207286E-09	1E10	1E11	1E-30	4.04850871590181E-11	1E10	1E-30	1E10	6.79988524363421E-03	1E-30	1.3077413216395E-11	0.36984779111731	1E-30	4.89385604208676E-11	0.245838216680169	1E-30	5.36652109861392E-11	1.09893619311767E-02	1E-30	2.3374689917685E-10	4.77558440826685E-03	2.2025244404897E-08	3.2965008624642E-11	0.201124295733323	9.30547102405067E-09	3.01847440712877E-11	0.296042692204892	3.90197203823686E-09	2.06959962779329E-11	0.115431213725334	1.02573372949787E-12	3.39353793243041E-10	626.758337505415	1E10	1E-30	1E-10	1E10	1E-30	1E-10	1E10	1E-30	1E-10	1E10	1E-30	1E-10	1E10	1E-30	1E-10	1E10	1E-30	1E-10	1E10	1E-30	1E-10
329	6.7221751207286E-09	1E10	1E11	1E-30	4.04850871590181E-11	1E10	1E-30	1E10	6.79988524363421E-03	1E-30	1.3077413216395E-11	0.36984779111731	1E-30	4.89385604208676E-11	0.245838216680169	1E-30	5.36652109861392E-11	1.09893619311767E-02	1E-30	2.3374689917685E-10	4.77558440826685E-03	2.2025244404897E-08	3.2965008624642E-11	0.201124295733323	9.30547102405067E-09	3.01847440712877E-11	0.296042692204892	3.90197203823686E-09	2.06959962779329E-11	0.115431213725334	1.02573372949787E-12	3.39353793243041E-10	626.758337505415	1E10	1E-30	1E-10	1E10	1E-30	1E-10	1E10	1E-30	1E-10	1E10	1E-30	1E-10	1E10	1E-30	1E-10	1E10	1E-30	1E-10	1E10	1E-30	1E-10
330	6.7221751207286E-09	1E10	1E11	1E-30	4.04850871590181E-11	1E10	1E-30	1E10	6.79988524363421E-03	1E-30	1.3077413216395E-11	0.36984779111731	1E-30	4.89385604208676E-11	0.245838216680169	1E-30	5.36652109861392E-11	1.09893619311767E-02	1E-30	2.3374689917685E-10	4.77558440826685E-03	2.2025244404897E-08	3.2965008624642E-11	0.201124295733323	9.30547102405067E-09	3.01847440712877E-11	0.296042692204892	3.90197203823686E-09	2.06959962779329E-11	0.115431213725334	1.02573372949787E-12	3.39353793243041E-10	626.758337505415	1E10	1E-30	1E-10	1E10	1E-30	1E-10	1E10	1E-30	1E-10	1E10	1E-30	1E-10	1E10	1E-30	1E-10	1E10	1E-30	1E-10	1E10	1E-30	1E-10
331	6.8E-9	1E10	1E11	1E-30	4.18660054487402E-10	1E10	1E-30	1E10	7.22050937370104E-03	6.7165900404688E-06	1E10	1020.77112827072	2.2200796640891E-05	1E10	29.608068719848	3.63345389404995E-05	1E10	5.07143209509157	4.53207546156961E-05	1E10	0.773333594735016	3.97310528830057E-05	1E10	8.73444265731328E-02	2.44422480758073E-05	1E10	4.20002633229626E-03	1E-30	2.25578151098497E-11	0.848823710384061	1E-30	5.92859839003903E-11	6.74810351263649E-03	2.71211139837087E-08	3.1871760757485E-11	0.35656875474506	1.26556160222942E-08	2.79697516508266E-11	0.423409776097453	1.94549056044065E-08	5.47489691343583E-12	9.37526919493437E-02	1.37798621663438E-10	9.06744043140987E-11	0.20055386346298	1E10	1E-30	1E-10	1E10	1E-30	1E-10	1E10	1E-30	1E-10
332	6.8E-9	1E10	1E11	1E-30	4.18660054487402E-10	1E10	1E-30	1E10	7.22050937370104E-03	6.7165900404688E-06	1E10	1020.77112827072	2.2200796640891E-05	1E10	29.608068719848	3.63345389404995E-05	1E10	5.07143209509157	4.53207546156961E-05	1E10	0.773333594735016	3.97310528830057E-05	1E10	8.73444265731328E-02	2.44422480758073E-05	1E10	4.20002633229626E-03	1E-30	2.25578151098497E-11	0.848823710384061	1E-30	5.92859839003903E-11	6.74810351263649E-03	2.71211139837087E-08	3.1871760757485E-11	0.35656875474506	1.26556160222942E-08	2.79697516508266E-11	0.423409776097453	1.94549056044065E-08	5.47489691343583E-12	9.37526919493437E-02	1.37798621663438E-10	9.06744043140987E-11	0.20055386346298	1E10	1E-30	1E-10	1E10	1E-30	1E-10	1E10	1E-30	1E-10
333	6.8E-9	1E10	1E11	1E-30	4.18660054487402E-10	1E10	1E-30	1E10	7.22050937370104E-03	6.7165900404688E-06	1E10	1020.77112827072	2.2200796640891E-05	1E10	29.608068719848	3.63345389404995E-05	1E10	5.07143209509157	4.53207546156961E-05	1E10	0.773333594735016	3.97310528830057E-05	1E10	8.73444265731328E-02	2.44422480758073E-05	1E10	4.20002633229626E-03	1E-30	2.25578151098497E-11	0.848823710384061	1E-30	5.92859839003903E-11	6.74810351263649E-03	2.71211139837087E-08	3.1871760757485E-11	0.35656875474506	1.26556160222942E-08	2.79697516508266E-11	0.423409776097453	1.94549056044065E-08	5.47489691343583E-12	9.37526919493437E-02	1.37798621663438E-10	9.06744043140987E-11	0.20055386346298	1E10	1E-30	1E-10	1E10	1E-30	1E-10	1E10	1E-30	1E-10
334	6.42492057542623E-09	1E10	1E10	1E-30	1.87903458445741E-10	1E10	1E-30	1E10	0.095	7.35320401549458E-07	1E10	3245.76939498384	9.65982519518923E-07	1E10	174.308136879176	8.75950114348369E-07	1E10	22.4552379191064	6.72530109374295E-07	1E10	2.79234722980392	5.09356537805903E-07	1E10	0.411720326422095	4.07922297795547E-07	1E10	7.91933448588878E-02	3.61993689340478E-07	1E10	3.03874951898375E-02	3.55751954032679E-09	4.73891249436724E-11	0.136191253657552	3.21176427343496E-11	2.21069580518031E-10	2.62217743218702	2.91553827234351E-12	2.13463383173543E-10	15.5345880913712	1E10	1E-30	1E-10	1E10	1E-30	1E-10	1E10	1E-30	1E-10	1E10	1E-30	1E-10	1E10	1E-30	1E-10
335	6.93309267293994E-09	1E10	1E10	1E-30	1.43647282827371E-10	1E10	1E-30	1E10	7.15191922229507E-02	7.55103841919591E-07	1E10	2703.87225886209	9.86962742037272E-07	1E10	178.643068567968	9.39775669257592E-07	1E10	20.9887304467401	6.67142108366143E-07	1E10	2.84687062864564	4.24227734308524E-07	1E10	0.437888036076513	2.4411913609817E-07	1E10	9.05499814796407E-02	1E-30	6.83743047813309E-11	0.241519676243446	2.68336426072927E-08	2.26664065030917E-11	7.68183756217043E-02	6.19177052229132E-09	3.96659576379336E-11	0.134034166325872	1.21916278676568E-11	7.8577054854142E-11	10.3578109384998	3.0879087500734E-12	1.31132381386795E-10	19.2169699819888	1E10	1E-30	1E-10	1E10	1E-30	1E-10	1E10	1E-30	1E-10	1E10	1E-30	1E-10
336	7.09091E-9	1E10	1E10	1E-30	3.57534E-10	1E10	1E-30	1E10	0.098897509	6.11635E-7	1E10	2868.440129	7.58856E-7	1E10	463.6988182	6.44602E-7	1E10	99.60664737	5.99344E-7	1E10	18.44090049	4.96786E-7	1E10	3.5731516	3.20878E-7	1E10	0.772809098	2.33565E-7	1E10	0.095016741	1E-30	4.47619E-11	0.205754134	1E-30	3.01222E-11	0.094667834	7.82415E-8	4.79416E-12	0.02255854	1.15708E-8	1.55471E-11	0.069456958	2.08102E-11	1.00883E-10	5.16200616	1E10	1E-30	1E-10	1E10	1E-30	1E-10	1E10	1E-30	1E-10
337	7.09090603262381E-09	1E10	1E10	1E-30	3.57533833611126E-10	1E10	1E-30	1E10	9.88975087745405E-02	6.11635148362231E-07	1E10	2868.4401293565	7.58855596361766E-07	1E10	463.698818191448	6.44602409262207E-07	1E10	99.6066473727238	5.9934378654954E-07	1E10	18.4409004919581	4.96785973466932E-07	1E10	3.57315159971194	3.20878111170205E-07	1E10	0.77280909752537	2.33565049708801E-07	1E10	9.50167409139388E-02	1E-30	4.47619255594137E-11	0.205754133998817	1E-30	3.01221734849832E-11	0.094667833503992	7.82415343051863E-08	4.79416386092937E-12	2.25585402862903E-02	1.1570766566914E-08	1.55471252934233E-11	6.94569582312779E-02	2.08102106750516E-11	1.00883041310668E-10	5.16200615982143	1E10	1E-30	1E-10	1E10	1E-30	1E-10	1E10	1E-30	1E-10
338	8.24514614789608E-09	1E10	1E10	1E-30	4.59367517732681E-11	1E10	1E-30	1E10	6.99999999999999E-03	1E-30	8.95634784230897E-11	0.240106752154893	1E-30	5.30133889796752E-11	4.73635414185534E-03	2.58236936852394E-08	3.75278986250651E-11	0.198005510524994	1.11838344954057E-08	3.6074138112845E-11	0.334031691865269	1.15760420302463E-12	3.12840991353658E-10	97.4890879661811	1E10	1E-30	1E-10	1E10	1E-30	1E-10	1E10	1E-30	1E-10	1E10	1E-30	1E-10	1E10	1E-30	1E-10	1E10	1E-30	1E-10	1E10	1E-30	1E-10	1E10	1E-30	1E-10	1E10	1E-30	1E-10	1E10	1E-30	1E-10
339	8.2034617516028E-09	1E10	1E10	1E-30	2.38570706550725E-10	1E10	1E-30	1E10	3.04458864514368E-03	1E-30	6.9064012746141E-11	0.250981034084028	1E-30	6.46087391049265E-11	1.04136426562508E-02	1E-30	3.20145629146134E-10	4.55540712255974E-03	2.84185412182532E-08	3.49878045152089E-11	0.292371835383662	1.02207455518451E-08	3.92979614622172E-11	0.34493333467773	5.23751512853553E-08	3.64834498934098E-12	5.46394510597862E-02	1.2381386704227E-08	9.66073819885279E-12	0.112540253861828	2.08926241711461E-12	1.08068621132458E-10	67.8933367329154	1E10	1E-30	1E-10	1E10	1E-30	1E-10	1E10	1E-30	1E-10	1E10	1E-30	1E-10	1E10	1E-30	1E-10	1E10	1E-30	1E-10	1E10	1E-30	1E-10
340	8.2034617516028E-09	1E10	1E10	1E-30	2.38570706550725E-10	1E10	1E-30	1E10	3.04458864514368E-03	1E-30	6.9064012746141E-11	0.250981034084028	1E-30	6.46087391049265E-11	1.04136426562508E-02	1E-30	3.20145629146134E-10	4.55540712255974E-03	2.84185412182532E-08	3.49878045152089E-11	0.292371835383662	1.02207455518451E-08	3.92979614622172E-11	0.34493333467773	5.23751512853553E-08	3.64834498934098E-12	5.46394510597862E-02	1.2381386704227E-08	9.66073819885279E-12	0.112540253861828	2.08926241711461E-12	1.08068621132458E-10	67.8933367329154	1E10	1E-30	1E-10	1E10	1E-30	1E-10	1E10	1E-30	1E-10	1E10	1E-30	1E-10	1E10	1E-30	1E-10	1E10	1E-30	1E-10	1E10	1E-30	1E-10
341	8.24514614789608E-09	1E10	1E11	1E-30	4.59367517732681E-11	1E10	1E-30	1E10	6.99999999999999E-03	1E-30	8.95634784230897E-11	0.240106752154893	1E-30	5.30133889796752E-11	4.73635414185534E-03	2.58236936852394E-08	3.75278986250651E-11	0.198005510524994	1.11838344954057E-08	3.6074138112845E-11	0.334031691865269	1.15760420302463E-12	3.12840991353658E-10	97.4890879661811	1E10	1E-30	1E-10	1E10	1E-30	1E-10	1E10	1E-30	1E-10	1E10	1E-30	1E-10	1E10	1E-30	1E-10	1E10	1E-30	1E-10	1E10	1E-30	1E-10	1E10	1E-30	1E-10	1E10	1E-30	1E-10	1E10	1E-30	1E-10
342	8.2034617516028E-09	1E10	1E11	1E-30	2.38570706550725E-10	1E10	1E-30	1E10	3.04458864514368E-03	1E-30	6.9064012746141E-11	0.250981034084028	1E-30	6.46087391049265E-11	1.04136426562508E-02	1E-30	3.20145629146134E-10	4.55540712255974E-03	2.84185412182532E-08	3.49878045152089E-11	0.292371835383662	1.02207455518451E-08	3.92979614622172E-11	0.34493333467773	5.23751512853553E-08	3.64834498934098E-12	5.46394510597862E-02	1.2381386704227E-08	9.66073819885279E-12	0.112540253861828	2.08926241711461E-12	1.08068621132458E-10	67.8933367329154	1E10	1E-30	1E-10	1E10	1E-30	1E-10	1E10	1E-30	1E-10	1E10	1E-30	1E-10	1E10	1E-30	1E-10	1E10	1E-30	1E-10	1E10	1E-30	1E-10
343	8.2E-9	1E10	1E11	1E-30	3.48766318986567E-10	1E10	1E-30	1E10	3.94525946970716E-03	7.27900264971731E-06	1E10	941.901181202005	2.83417231835935E-05	1E10	21.8338819927099	4.66416389272942E-05	1E10	3.4488730452717	6.12367728944165E-05	1E10	0.549017632187148	5.00896505628449E-05	1E10	7.57573460329025E-02	1.94991159278187E-05	1E10	5.70117037302003E-03	1E-30	3.51980917916038E-11	1.32468727975306	1E-30	8.71835818437504E-11	8.3809958290986E-03	2.69707011363208E-08	4.318650414225E-11	0.421317373114649	1.53861302551004E-08	3.24256929763191E-11	0.398162735287562	1.68796071678882E-08	9.63124863902672E-12	8.61820677868036E-02	7.87186122934527E-11	1.07849595783579E-10	0.224357599340057	1E10	1E-30	1E-10	1E10	1E-30	1E-10	1E10	1E-30	1E-10
344	8.2E-9	1E10	1E11	1E-30	3.48766318986567E-10	1E10	1E-30	1E10	3.94525946970716E-03	7.27900264971731E-06	1E10	941.901181202005	2.83417231835935E-05	1E10	21.8338819927099	4.66416389272942E-05	1E10	3.4488730452717	6.12367728944165E-05	1E10	0.549017632187148	5.00896505628449E-05	1E10	7.57573460329025E-02	1.94991159278187E-05	1E10	5.70117037302003E-03	1E-30	3.51980917916038E-11	1.32468727975306	1E-30	8.71835818437504E-11	8.3809958290986E-03	2.69707011363208E-08	4.318650414225E-11	0.421317373114649	1.53861302551004E-08	3.24256929763191E-11	0.398162735287562	1.68796071678882E-08	9.63124863902672E-12	8.61820677868036E-02	7.87186122934527E-11	1.07849595783579E-10	0.224357599340057	1E10	1E-30	1E-10	1E10	1E-30	1E-10	1E10	1E-30	1E-10
345	8.2E-9	1E10	1E11	1E-30	3.48766318986567E-10	1E10	1E-30	1E10	3.94525946970716E-03	7.27900264971731E-06	1E10	941.901181202005	2.83417231835935E-05	1E10	21.8338819927099	4.66416389272942E-05	1E10	3.4488730452717	6.12367728944165E-05	1E10	0.549017632187148	5.00896505628449E-05	1E10	7.57573460329025E-02	1.94991159278187E-05	1E10	5.70117037302003E-03	1E-30	3.51980917916038E-11	1.32468727975306	1E-30	8.71835818437504E-11	8.3809958290986E-03	2.69707011363208E-08	4.318650414225E-11	0.421317373114649	1.53861302551004E-08	3.24256929763191E-11	0.398162735287562	1.68796071678882E-08	9.63124863902672E-12	8.61820677868036E-02	7.87186122934527E-11	1.07849595783579E-10	0.224357599340057	1E10	1E-30	1E-10	1E10	1E-30	1E-10	1E10	1E-30	1E-10
346	9.99270092899501E-09	1E10	1E10	1E-30	4.46683592150963E-11	1E10	1E-30	1E10	5.33192378834544E-03	1E-30	9.8797716859481E-11	0.289279854855325	1E-30	5.99047274196344E-11	7.44547555389664E-03	3.56190998152986E-08	3.68690112712943E-11	0.246666780766367	1.26256331618752E-08	4.22642553109173E-11	0.304848468046194	1.15642011216074E-07	2.39517986243662E-12	2.53339987827826E-02	1.21610974216501E-08	1.37829098181903E-11	0.100777815937896	3.43998014591833E-11	1.00012067841299E-11	1.16362562960681	9.7773361302817E-13	2.62788202961881E-10	1E5	1E10	1E-30	1E-10	1E10	1E-30	1E-10	1E10	1E-30	1E-10	1E10	1E-30	1E-10	1E10	1E-30	1E-10	1E10	1E-30	1E-10	1E10	1E-30	1E-10
347	1E-8	1E10	1E10	1E-30	9.41024509981722E-11	1E10	1E-30	1E10	5.03320252156929E-03	1E-30	1.1505248081147E-10	0.239006419460412	1E-30	4.29420154099249E-12	0.128044554892193	1E-30	5.22652189619827E-11	4.5855628961178E-03	1E-30	5.95041230037953E-11	5.22332684740365E-04	3.23562970516818E-08	3.93399153138702E-11	0.339900616556677	1.41800525366486E-08	3.86585140854798E-11	0.359544434251211	7.51838597898161E-08	3.53625875021939E-12	6.09827056864114E-02	2.86546539117318E-08	5.79154833054813E-12	0.106198577335838	1.25170537512665E-12	1.93318323103848E-10	242.144144617154	1E10	1E-30	1E-10	1E10	1E-30	1E-10	1E10	1E-30	1E-10	1E10	1E-30	1E-10	1E10	1E-30	1E-10	1E10	1E-30	1E-10
348	1E-8	1E10	1E10	1E-30	9.41024509981722E-11	1E10	1E-30	1E10	5.03320252156929E-03	1E-30	1.1505248081147E-10	0.239006419460412	1E-30	4.29420154099249E-12	0.128044554892193	1E-30	5.22652189619827E-11	4.5855628961178E-03	1E-30	5.95041230037953E-11	5.22332684740365E-04	3.23562970516818E-08	3.93399153138702E-11	0.339900616556677	1.41800525366486E-08	3.86585140854798E-11	0.359544434251211	7.51838597898161E-08	3.53625875021939E-12	6.09827056864114E-02	2.86546539117318E-08	5.79154833054813E-12	0.106198577335838	1.25170537512665E-12	1.93318323103848E-10	242.144144617154	1E10	1E-30	1E-10	1E10	1E-30	1E-10	1E10	1E-30	1E-10	1E10	1E-30	1E-10	1E10	1E-30	1E-10	1E10	1E-30	1E-10
349	9.84615312678532E-09	1E10	1E11	1E-30	2.05893549552295E-10	1E10	1E-30	1E10	4.22157223206455E-03	1E-30	1.32357557654018E-10	0.265088467468171	1E-30	1.12381450926096E-10	6.31790054613567E-03	3.99799260063813E-08	3.28475093314077E-11	0.276663342431859	1.58953887898028E-08	3.65733532449408E-11	0.292998057032972	1.40571641335875E-07	1.9724449212028E-12	3.63409013283585E-02	1.81111373187085E-08	9.20309687090393E-12	8.87890180506822E-02	7.84098971435981E-11	5.62249178641673E-12	0.133788643939435	2.35712555889003E-12	1.01861075141697E-10	1E5	1E10	1E-30	1E-10	1E10	1E-30	1E-10	1E10	1E-30	1E-10	1E10	1E-30	1E-10	1E10	1E-30	1E-10	1E10	1E-30	1E-10	1E10	1E-30	1E-10
350	1E-8	1E10	1E11	1E-30	9.41024509981722E-11	1E10	1E-30	1E10	5.03320252156929E-03	1E-30	1.1505248081147E-10	0.239006419460412	1E-30	4.29420154099249E-12	0.128044554892193	1E-30	5.22652189619827E-11	4.5855628961178E-03	1E-30	5.95041230037953E-11	5.22332684740365E-04	3.23562970516818E-08	3.93399153138702E-11	0.339900616556677	1.41800525366486E-08	3.86585140854798E-11	0.359544434251211	7.51838597898161E-08	3.53625875021939E-12	6.09827056864114E-02	2.86546539117318E-08	5.79154833054813E-12	0.106198577335838	1.25170537512665E-12	1.93318323103848E-10	242.144144617154	1E10	1E-30	1E-10	1E10	1E-30	1E-10	1E10	1E-30	1E-10	1E10	1E-30	1E-10	1E10	1E-30	1E-10	1E10	1E-30	1E-10
351	1E-8	1E10	1E11	1E-30	9.41024509981722E-11	1E10	1E-30	1E10	5.03320252156929E-03	1E-30	1.1505248081147E-10	0.239006419460412	1E-30	4.29420154099249E-12	0.128044554892193	1E-30	5.22652189619827E-11	4.5855628961178E-03	1E-30	5.95041230037953E-11	5.22332684740365E-04	3.23562970516818E-08	3.93399153138702E-11	0.339900616556677	1.41800525366486E-08	3.86585140854798E-11	0.359544434251211	7.51838597898161E-08	3.53625875021939E-12	6.09827056864114E-02	2.86546539117318E-08	5.79154833054813E-12	0.106198577335838	1.25170537512665E-12	1.93318323103848E-10	242.144144617154	1E10	1E-30	1E-10	1E10	1E-30	1E-10	1E10	1E-30	1E-10	1E10	1E-30	1E-10	1E10	1E-30	1E-10	1E10	1E-30	1E-10
352	1E-8	1E10	1E11	1E-30	9.41024509981722E-11	1E10	1E-30	1E10	5.03320252156929E-03	1E-30	1.1505248081147E-10	0.239006419460412	1E-30	4.29420154099249E-12	0.128044554892193	1E-30	5.22652189619827E-11	4.5855628961178E-03	1E-30	5.95041230037953E-11	5.22332684740365E-04	3.23562970516818E-08	3.93399153138702E-11	0.339900616556677	1.41800525366486E-08	3.86585140854798E-11	0.359544434251211	7.51838597898161E-08	3.53625875021939E-12	6.09827056864114E-02	2.86546539117318E-08	5.79154833054813E-12	0.106198577335838	1.25170537512665E-12	1.93318323103848E-10	242.144144617154	1E10	1E-30	1E-10	1E10	1E-30	1E-10	1E10	1E-30	1E-10	1E10	1E-30	1E-10	1E10	1E-30	1E-10	1E10	1E-30	1E-10
353	1E-8	1E10	1E10	1E-30	9.41024509981722E-11	1E10	1E-30	1E10	5.03320252156929E-03	1E-30	1.1505248081147E-10	0.239006419460412	1E-30	4.29420154099249E-12	0.128044554892193	1E-30	5.22652189619827E-11	4.5855628961178E-03	1E-30	5.95041230037953E-11	5.22332684740365E-04	3.23562970516818E-08	3.93399153138702E-11	0.339900616556677	1.41800525366486E-08	3.86585140854798E-11	0.359544434251211	7.51838597898161E-08	3.53625875021939E-12	6.09827056864114E-02	2.86546539117318E-08	5.79154833054813E-12	0.106198577335838	1.25170537512665E-12	1.93318323103848E-10	242.144144617154	1E10	1E-30	1E-10	1E10	1E-30	1E-10	1E10	1E-30	1E-10	1E10	1E-30	1E-10	1E10	1E-30	1E-10	1E10	1E-30	1E-10
354	1E-8	1E10	1E11	1E-30	9.41024509981722E-11	1E10	1E-30	1E10	5.03320252156929E-03	1E-30	1.1505248081147E-10	0.239006419460412	1E-30	4.29420154099249E-12	0.128044554892193	1E-30	5.22652189619827E-11	4.5855628961178E-03	1E-30	5.95041230037953E-11	5.22332684740365E-04	3.23562970516818E-08	3.93399153138702E-11	0.339900616556677	1.41800525366486E-08	3.86585140854798E-11	0.359544434251211	7.51838597898161E-08	3.53625875021939E-12	6.09827056864114E-02	2.86546539117318E-08	5.79154833054813E-12	0.106198577335838	1.25170537512665E-12	1.93318323103848E-10	242.144144617154	1E10	1E-30	1E-10	1E10	1E-30	1E-10	1E10	1E-30	1E-10	1E10	1E-30	1E-10	1E10	1E-30	1E-10	1E10	1E-30	1E-10
355	1E-8	1E10	1E11	1E-30	2.88271368273543E-10	1E10	1E-30	1E10	6.1972155457405E-03	8.37172232272734E-06	1E10	818.959460125486	3.99387595027657E-05	1E10	24.2874821554227	4.25984096386411E-05	1E10	4.16111932970092	1.11751901015912E-04	1E10	0.485480823753856	7.16772248052981E-05	1E10	0.124883370897927	8.56763854142156E-05	1E10	1.52228653891511E-02	1E-30	3.21905926529217E-11	0.379720205291045	1E-30	9.62577933676153E-12	0.110809572558325	1E-30	3.8257928641133E-11	3.72202302244942E-03	2.5522866227695E-08	5.77824987072909E-11	0.52616954743654	1.72331275028128E-08	3.77333580528948E-11	0.451895406523446	5.51689011343466E-08	5.88099918696699E-12	0.110147147780051	8.75763074517277E-10	1.03165998265904E-10	0.220207703624619	1E10	1E-30	1E-10	1E10	1E-30	1E-10
356	1E-8	1E10	1E11	1E-30	2.88271368273543E-10	1E10	1E-30	1E10	6.1972155457405E-03	8.37172232272734E-06	1E10	818.959460125486	3.99387595027657E-05	1E10	24.2874821554227	4.25984096386411E-05	1E10	4.16111932970092	1.11751901015912E-04	1E10	0.485480823753856	7.16772248052981E-05	1E10	0.124883370897927	8.56763854142156E-05	1E10	1.52228653891511E-02	1E-30	3.21905926529217E-11	0.379720205291045	1E-30	9.62577933676153E-12	0.110809572558325	1E-30	3.8257928641133E-11	3.72202302244942E-03	2.5522866227695E-08	5.77824987072909E-11	0.52616954743654	1.72331275028128E-08	3.77333580528948E-11	0.451895406523446	5.51689011343466E-08	5.88099918696699E-12	0.110147147780051	8.75763074517277E-10	1.03165998265904E-10	0.220207703624619	1E10	1E-30	1E-10	1E10	1E-30	1E-10
357	1E-8	1E10	1E11	1E-30	2.88271368273543E-10	1E10	1E-30	1E10	6.1972155457405E-03	8.37172232272734E-06	1E10	818.959460125486	3.99387595027657E-05	1E10	24.2874821554227	4.25984096386411E-05	1E10	4.16111932970092	1.11751901015912E-04	1E10	0.485480823753856	7.16772248052981E-05	1E10	0.124883370897927	8.56763854142156E-05	1E10	1.52228653891511E-02	1E-30	3.21905926529217E-11	0.379720205291045	1E-30	9.62577933676153E-12	0.110809572558325	1E-30	3.8257928641133E-11	3.72202302244942E-03	2.5522866227695E-08	5.77824987072909E-11	0.52616954743654	1.72331275028128E-08	3.77333580528948E-11	0.451895406523446	5.51689011343466E-08	5.88099918696699E-12	0.110147147780051	8.75763074517277E-10	1.03165998265904E-10	0.220207703624619	1E10	1E-30	1E-10	1E10	1E-30	1E-10
358	9.91688305795904E-09	1E10	1E10	1E-30	1.60477832960943E-10	1E10	1E-30	1E10	6.00871086456579E-02	1.29415522608742E-06	1E10	2650.82641479581	2.18290567577966E-06	1E10	326.122895496784	1.3950154060603E-06	1E10	66.5857490361279	1.32830080890946E-06	1E10	7.96897454909552	9.52242940397323E-07	1E10	1.11160659645592	5.95842221852184E-07	1E10	0.223649330532218	3.15811178101844E-07	1E10	4.21960092802973E-02	1E-30	1.04459330028922E-10	0.562574852259043	2.41117275802767E-09	1.04323575787202E-10	0.194139043849598	8.03806577275431E-11	8.0802370284102E-11	1.16471496261293	8.6550508875802E-12	1.05578967776716E-10	9.67825153313102	5.90078345372469E-12	7.77663128789348E-11	8.42869766468433	1E10	1E-30	1E-10	1E10	1E-30	1E-10	1E10	1E-30	1E-10
359	1.00747291273652E-08	1E10	1E10	1E-30	1.10485441854896E-10	1E10	1E-30	1E10	4.46466677513461E-02	1.69284055633776E-06	1E10	2026.52331627746	1.67757184015537E-06	1E10	368.766621862325	1.3734050792874E-06	1E10	50.9039642129515	1.39516861561582E-06	1E10	4.78709646103962	1.18556774327509E-06	1E10	0.70920616524216	6.20108316556524E-07	1E10	0.23026679754251	3.01462087119132E-07	1E10	5.56501289934985E-02	1E-30	1.04629803334607E-10	0.230729967033817	4.32445648334686E-08	3.16174668854648E-11	0.118802066057542	1.26343768404892E-08	3.40385571179645E-11	0.107419978054673	1.14690666160257E-11	8.98213827087634E-11	7.67574128129776	2.22988729271463E-12	1.53506097463905E-10	27.4513603672804	1E10	1E-30	1E-10	1E10	1E-30	1E-10	1E10	1E-30	1E-10
360	1.01637E-8	1E10	1E10	1E-30	2.67437E-10	1E10	1E-30	1E10	0.079965972	9.06952E-7	1E10	1936.593368	1.10579E-6	1E10	330.7324208	9.3625E-7	1E10	71.86243974	8.69071E-7	1E10	13.50604766	7.2877E-7	1E10	2.628775372	5.01856E-7	1E10	0.579569835	4.0686E-7	1E10	0.071479152	1E-30	4.14104E-11	0.288415327	1E-30	4.50465E-11	0.160506148	1.17515E-7	6.69253E-12	0.022260439	1.22024E-8	2.50686E-11	0.084685797	9.52866E-12	2.30669E-10	9.972512795	1E10	1E-30	1E-10	1E10	1E-30	1E-10	1E10	1E-30	1E-10
361	1.01637459324118E-08	1E10	1E10	1E-30	2.67436656738028E-10	1E10	1E-30	1E10	7.99659724127735E-02	9.06951969968411E-07	1E10	1936.59336770268	1.10578518669547E-06	1E10	330.732420771695	9.36250053338956E-07	1E10	71.862439739355	8.690711735171E-07	1E10	13.506047658535	7.2876985354116E-07	1E10	2.62877537161512	5.01855547788375E-07	1E10	0.579569835369212	4.0685955559034E-07	1E10	7.14791519515143E-02	1E-30	4.14103924439759E-11	0.288415327208342	1E-30	4.50464880177055E-11	0.16050614826624	1.17514875787871E-07	6.69252932335709E-12	2.22604393902998E-02	1.22023872952428E-08	2.50686275276093E-11	8.46857971952198E-02	9.52865894581154E-12	2.30669063052289E-10	9.9725127947233	1E10	1E-30	1E-10	1E10	1E-30	1E-10	1E10	1E-30	1E-10
362	1.09955273178318E-08	1E10	1E10	1E-30	2.66186616442141E-10	1E10	1E-30	1E10	2.87703308719373E-03	1E-30	6.98130978883105E-11	0.240164157037603	1E-30	5.66326412546834E-11	8.63906270912812E-03	1E-30	2.28958237387651E-10	3.32164883237445E-03	3.42800126364305E-08	3.51609009065618E-11	0.262635073360193	1.16181151966958E-08	4.08190680749433E-11	0.307900454651837	7.97073365650045E-08	2.77444089646684E-12	5.17603323585459E-02	1.52261349663428E-08	8.99283564540184E-12	9.79897981201019E-02	3.80535704124424E-12	6.78217105199103E-11	23.9133306022065	1E10	1E-30	1E-10	1E10	1E-30	1E-10	1E10	1E-30	1E-10	1E10	1E-30	1E-10	1E10	1E-30	1E-10	1E10	1E-30	1E-10	1E10	1E-30	1E-10
363	1.09955273178318E-08	1E10	1E10	1E-30	2.66186616442141E-10	1E10	1E-30	1E10	2.87703308719373E-03	1E-30	6.98130978883105E-11	0.240164157037603	1E-30	5.66326412546834E-11	8.63906270912812E-03	1E-30	2.28958237387651E-10	3.32164883237445E-03	3.42800126364305E-08	3.51609009065618E-11	0.262635073360193	1.16181151966958E-08	4.08190680749433E-11	0.307900454651837	7.97073365650045E-08	2.77444089646684E-12	5.17603323585459E-02	1.52261349663428E-08	8.99283564540184E-12	9.79897981201019E-02	3.80535704124424E-12	6.78217105199103E-11	23.9133306022065	1E10	1E-30	1E-10	1E10	1E-30	1E-10	1E10	1E-30	1E-10	1E10	1E-30	1E-10	1E10	1E-30	1E-10	1E10	1E-30	1E-10	1E10	1E-30	1E-10
364	1.18928068649623E-08	1E10	1E10	1E-30	1.32855674483564E-11	1E10	1E-30	1E10	5E-3	1E-30	9.96201924364109E-11	0.191124204678384	1E-30	4.55349392161139E-11	4.27681435801313E-03	3.11508126519316E-08	4.39717557388752E-11	0.252195759837075	1.75232388806305E-08	3.03258152126549E-11	0.29304234747683	2.35164898706499E-11	1.34155023123237E-11	0.446636180765473	5.12171545093543E-13	3.05355601390546E-10	1E5	1E10	1E-30	1E-10	1E10	1E-30	1E-10	1E10	1E-30	1E-10	1E10	1E-30	1E-10	1E10	1E-30	1E-10	1E10	1E-30	1E-10	1E10	1E-30	1E-10	1E10	1E-30	1E-10	1E10	1E-30	1E-10
365	1.17564594425715E-08	1E10	1E10	1E-30	1.13711043375596E-10	1E10	1E-30	1E10	4.97417072487934E-03	1E-30	8.34812132678447E-12	0.199454108192784	1E-30	6.49750688733054E-11	0.198107389548521	1E-30	5.72502831350959E-11	6.79646290902584E-03	1E-30	1.76545279692508E-10	2.44298950038751E-03	3.70076007424657E-08	3.5263209477696E-11	0.236844051675365	1.28840517831278E-08	4.21156998056719E-11	0.265423891176993	7.98158427454549E-09	1.9806578583758E-11	8.63450494331902E-02	1.37691791853848E-12	2.14682840236015E-10	361.4873361703	1E10	1E-30	1E-10	1E10	1E-30	1E-10	1E10	1E-30	1E-10	1E10	1E-30	1E-10	1E10	1E-30	1E-10	1E10	1E-30	1E-10	1E10	1E-30	1E-10
366	1.17564594425715E-08	1E10	1E10	1E-30	1.13711043375596E-10	1E10	1E-30	1E10	4.97417072487934E-03	1E-30	8.34812132678447E-12	0.199454108192784	1E-30	6.49750688733054E-11	0.198107389548521	1E-30	5.72502831350959E-11	6.79646290902584E-03	1E-30	1.76545279692508E-10	2.44298950038751E-03	3.70076007424657E-08	3.5263209477696E-11	0.236844051675365	1.28840517831278E-08	4.21156998056719E-11	0.265423891176993	7.98158427454549E-09	1.9806578583758E-11	8.63450494331902E-02	1.37691791853848E-12	2.14682840236015E-10	361.4873361703	1E10	1E-30	1E-10	1E10	1E-30	1E-10	1E10	1E-30	1E-10	1E10	1E-30	1E-10	1E10	1E-30	1E-10	1E10	1E-30	1E-10	1E10	1E-30	1E-10
367	1.18928068649623E-08	1E10	83333333333.3333	1E-30	1.32855674483564E-11	1E10	1E-30	1E10	5E-3	1E-30	9.96201924364109E-11	0.191124204678384	1E-30	4.55349392161139E-11	4.27681435801313E-03	3.11508126519316E-08	4.39717557388752E-11	0.252195759837075	1.75232388806305E-08	3.03258152126549E-11	0.29304234747683	2.35164898706499E-11	1.34155023123237E-11	0.446636180765473	5.12171545093543E-13	3.05355601390546E-10	1E5	1E10	1E-30	1E-10	1E10	1E-30	1E-10	1E10	1E-30	1E-10	1E10	1E-30	1E-10	1E10	1E-30	1E-10	1E10	1E-30	1E-10	1E10	1E-30	1E-10	1E10	1E-30	1E-10	1E10	1E-30	1E-10
368	1.17564594425715E-08	1E10	83333333333.3333	1E-30	1.13711043375596E-10	1E10	1E-30	1E10	4.97417072487934E-03	1E-30	8.34812132678447E-12	0.199454108192784	1E-30	6.49750688733054E-11	0.198107389548521	1E-30	5.72502831350959E-11	6.79646290902584E-03	1E-30	1.76545279692508E-10	2.44298950038751E-03	3.70076007424657E-08	3.5263209477696E-11	0.236844051675365	1.28840517831278E-08	4.21156998056719E-11	0.265423891176993	7.98158427454549E-09	1.9806578583758E-11	8.63450494331902E-02	1.37691791853848E-12	2.14682840236015E-10	361.4873361703	1E10	1E-30	1E-10	1E10	1E-30	1E-10	1E10	1E-30	1E-10	1E10	1E-30	1E-10	1E10	1E-30	1E-10	1E10	1E-30	1E-10	1E10	1E-30	1E-10
369	1.17564594425715E-08	1E10	83333333333.3333	1E-30	1.13711043375596E-10	1E10	1E-30	1E10	4.97417072487934E-03	1E-30	8.34812132678447E-12	0.199454108192784	1E-30	6.49750688733054E-11	0.198107389548521	1E-30	5.72502831350959E-11	6.79646290902584E-03	1E-30	1.76545279692508E-10	2.44298950038751E-03	3.70076007424657E-08	3.5263209477696E-11	0.236844051675365	1.28840517831278E-08	4.21156998056719E-11	0.265423891176993	7.98158427454549E-09	1.9806578583758E-11	8.63450494331902E-02	1.37691791853848E-12	2.14682840236015E-10	361.4873361703	1E10	1E-30	1E-10	1E10	1E-30	1E-10	1E10	1E-30	1E-10	1E10	1E-30	1E-10	1E10	1E-30	1E-10	1E10	1E-30	1E-10	1E10	1E-30	1E-10
370	1.17564594425715E-08	1E10	83333333333.3333	1E-30	1.13711043375596E-10	1E10	1E-30	1E10	4.97417072487934E-03	1E-30	8.34812132678447E-12	0.199454108192784	1E-30	6.49750688733054E-11	0.198107389548521	1E-30	5.72502831350959E-11	6.79646290902584E-03	1E-30	1.76545279692508E-10	2.44298950038751E-03	3.70076007424657E-08	3.5263209477696E-11	0.236844051675365	1.28840517831278E-08	4.21156998056719E-11	0.265423891176993	7.98158427454549E-09	1.9806578583758E-11	8.63450494331902E-02	1.37691791853848E-12	2.14682840236015E-10	361.4873361703	1E10	1E-30	1E-10	1E10	1E-30	1E-10	1E10	1E-30	1E-10	1E10	1E-30	1E-10	1E10	1E-30	1E-10	1E10	1E-30	1E-10	1E10	1E-30	1E-10
371	1.17564594425715E-08	1E10	83333333333.3333	1E-30	1.13711043375596E-10	1E10	1E-30	1E10	4.97417072487934E-03	1E-30	8.34812132678447E-12	0.199454108192784	1E-30	6.49750688733054E-11	0.198107389548521	1E-30	5.72502831350959E-11	6.79646290902584E-03	1E-30	1.76545279692508E-10	2.44298950038751E-03	3.70076007424657E-08	3.5263209477696E-11	0.236844051675365	1.28840517831278E-08	4.21156998056719E-11	0.265423891176993	7.98158427454549E-09	1.9806578583758E-11	8.63450494331902E-02	1.37691791853848E-12	2.14682840236015E-10	361.4873361703	1E10	1E-30	1E-10	1E10	1E-30	1E-10	1E10	1E-30	1E-10	1E10	1E-30	1E-10	1E10	1E-30	1E-10	1E10	1E-30	1E-10	1E10	1E-30	1E-10
372	1.20883596958304E-08	1E10	1E10	1E-30	1.62181330876889E-10	1E10	1E-30	1E10	3.19394476038675E-03	1E-30	3.62842915372754E-11	2.93083197282893	1E-30	9.04105254386827E-11	0.206349220257768	1E-30	8.52854672766808E-11	6.05248375755721E-03	1E-30	8.88409535506245E-09	1.65275677447088E-03	3.86858800999679E-08	3.70005015208829E-11	0.215180603823858	1.65831138325737E-08	3.29300119538236E-11	0.262787928106976	2.22643208419669E-12	1.18132494947461E-10	1E5	1E10	1E-30	1E-10	1E10	1E-30	1E-10	1E10	1E-30	1E-10	1E10	1E-30	1E-10	1E10	1E-30	1E-10	1E10	1E-30	1E-10	1E10	1E-30	1E-10	1E10	1E-30	1E-10
373	1.20883596958304E-08	1E10	1E10	1E-30	1.62181330876889E-10	1E10	1E-30	1E10	3.19394476038675E-03	1E-30	3.62842915372754E-11	2.93083197282893	1E-30	9.04105254386827E-11	0.206349220257768	1E-30	8.52854672766808E-11	6.05248375755721E-03	1E-30	8.88409535506245E-09	1.65275677447088E-03	3.86858800999679E-08	3.70005015208829E-11	0.215180603823858	1.65831138325737E-08	3.29300119538236E-11	0.262787928106976	2.22643208419669E-12	1.18132494947461E-10	1E5	1E10	1E-30	1E-10	1E10	1E-30	1E-10	1E10	1E-30	1E-10	1E10	1E-30	1E-10	1E10	1E-30	1E-10	1E10	1E-30	1E-10	1E10	1E-30	1E-10	1E10	1E-30	1E-10
374	1.30766071198843E-08	1E10	1E10	1E-30	2.04280105067246E-10	1E10	1E-30	1E10	2.61131703387197E-03	1E-30	7.70622111105751E-11	0.227739537169983	1E-30	5.92857360953671E-11	7.72755875070793E-03	1E-30	1.87158862321509E-10	2.92073576646964E-03	3.58116333362169E-08	4.36671953812288E-11	0.286056243593112	1.44396937046532E-08	4.36974349186775E-11	0.313392365747429	7.18097405726129E-08	4.23774223288538E-12	0.059448981611345	1.63556179537877E-08	1.11226775931128E-11	0.105816644251821	3.47782674862839E-12	9.07879108030217E-11	24.5767645305778	1E10	1E-30	1E-10	1E10	1E-30	1E-10	1E10	1E-30	1E-10	1E10	1E-30	1E-10	1E10	1E-30	1E-10	1E10	1E-30	1E-10	1E10	1E-30	1E-10
375	1.30766071198843E-08	1E10	1E10	1E-30	2.04280105067246E-10	1E10	1E-30	1E10	2.61131703387197E-03	1E-30	7.70622111105751E-11	0.227739537169983	1E-30	5.92857360953671E-11	7.72755875070793E-03	1E-30	1.87158862321509E-10	2.92073576646964E-03	3.58116333362169E-08	4.36671953812288E-11	0.286056243593112	1.44396937046532E-08	4.36974349186775E-11	0.313392365747429	7.18097405726129E-08	4.23774223288538E-12	0.059448981611345	1.63556179537877E-08	1.11226775931128E-11	0.105816644251821	3.47782674862839E-12	9.07879108030217E-11	24.5767645305778	1E10	1E-30	1E-10	1E10	1E-30	1E-10	1E10	1E-30	1E-10	1E10	1E-30	1E-10	1E10	1E-30	1E-10	1E10	1E-30	1E-10	1E10	1E-30	1E-10
376	1.49843400636321E-08	1E10	1E10	1E-30	7.58577575029183E-11	1E10	1E-30	1E10	5E-3	1E-30	1.20354295650096E-10	0.244007953122572	1E-30	7.16434234220237E-11	5.08506209902665E-03	3.8864277142818E-08	4.81249204861826E-11	0.242132482641532	2.28876134555269E-08	3.60278873100833E-11	0.268708693197827	1.47201732455586E-07	2.74498649840879E-12	4.31827212672561E-02	3.21212204021077E-08	7.96732529341782E-12	7.21333814217891E-02	1.08947694836576E-11	3.12491858565074E-11	6.29303442629264	1.53521943512038E-12	1.61759438902635E-10	99999.9999999999	1E10	1E-30	1E-10	1E10	1E-30	1E-10	1E10	1E-30	1E-10	1E10	1E-30	1E-10	1E10	1E-30	1E-10	1E10	1E-30	1E-10	1E10	1E-30	1E-10
377	1.54015034362522E-08	1E10	1E10	1E-30	7.60212728484152E-11	1E10	1E-30	1E10	4.42509141157552E-03	2.4286935678818E-06	1E10	1.64606662341878	6.69406332580222E-05	1E10	3.2063531298447E-03	1E-30	1.23724789056609E-10	0.233212694892076	1E-30	7.19808142123825E-11	3.68307113259906E-03	3.65972149370104E-08	5.36637880914735E-11	0.289923510366798	2.23150237014053E-08	3.87456805723952E-11	0.274049663284524	7.47534725944662E-08	5.53123056218539E-12	6.70903551133485E-02	2.77228748300858E-08	9.27021176466453E-12	9.38914580213399E-02	1.29893721259056E-12	1.71972149794156E-10	200.625045117028	1E10	1E-30	1E-10	1E10	1E-30	1E-10	1E10	1E-30	1E-10	1E10	1E-30	1E-10	1E10	1E-30	1E-10	1E10	1E-30	1E-10
378	1.48454443666276E-08	1E10	66666666666.6666	1E-30	2.23030283587219E-10	1E10	1E-30	1E10	3.71029140931473E-03	1E-30	1.15786645009937E-10	0.224927371981594	1E-30	6.61778529461894E-11	3.94273680189753E-03	4.31106645687199E-08	4.49069237945033E-11	0.200948150002856	1.8051559896958E-08	4.62289003838394E-11	0.285070019924229	6.88422718047167E-08	5.61128101583546E-12	5.24825284030232E-02	3.10875820521564E-08	7.68288440083372E-12	0.108920887074349	5.84630927715899E-11	8.02351589116852E-12	0.286957176562193	3.91389105609402E-12	6.66669022675152E-11	1E5	1E10	1E-30	1E-10	1E10	1E-30	1E-10	1E10	1E-30	1E-10	1E10	1E-30	1E-10	1E10	1E-30	1E-10	1E10	1E-30	1E-10	1E10	1E-30	1E-10
379	1.54015034362522E-08	1E10	66666666666.6666	1E-30	7.60212728484152E-11	1E10	1E-30	1E10	4.42509141157552E-03	2.4286935678818E-06	1E10	1.64606662341878	6.69406332580222E-05	1E10	3.2063531298447E-03	1E-30	1.23724789056609E-10	0.233212694892076	1E-30	7.19808142123825E-11	3.68307113259906E-03	3.65972149370104E-08	5.36637880914735E-11	0.289923510366798	2.23150237014053E-08	3.87456805723952E-11	0.274049663284524	7.47534725944662E-08	5.53123056218539E-12	6.70903551133485E-02	2.77228748300858E-08	9.27021176466453E-12	9.38914580213399E-02	1.29893721259056E-12	1.71972149794156E-10	200.625045117028	1E10	1E-30	1E-10	1E10	1E-30	1E-10	1E10	1E-30	1E-10	1E10	1E-30	1E-10	1E10	1E-30	1E-10	1E10	1E-30	1E-10
380	1.54015034362522E-08	1E10	1E10	1E-30	7.60212728484152E-11	1E10	1E-30	1E10	4.42509141157552E-03	2.4286935678818E-06	1E10	1.64606662341878	6.69406332580222E-05	1E10	3.2063531298447E-03	1E-30	1.23724789056609E-10	0.233212694892076	1E-30	7.19808142123825E-11	3.68307113259906E-03	3.65972149370104E-08	5.36637880914735E-11	0.289923510366798	2.23150237014053E-08	3.87456805723952E-11	0.274049663284524	7.47534725944662E-08	5.53123056218539E-12	6.70903551133485E-02	2.77228748300858E-08	9.27021176466453E-12	9.38914580213399E-02	1.29893721259056E-12	1.71972149794156E-10	200.625045117028	1E10	1E-30	1E-10	1E10	1E-30	1E-10	1E10	1E-30	1E-10	1E10	1E-30	1E-10	1E10	1E-30	1E-10	1E10	1E-30	1E-10
381	1.54015034362522E-08	1E10	66666666666.6666	1E-30	7.60212728484152E-11	1E10	1E-30	1E10	4.42509141157552E-03	2.4286935678818E-06	1E10	1.64606662341878	6.69406332580222E-05	1E10	3.2063531298447E-03	1E-30	1.23724789056609E-10	0.233212694892076	1E-30	7.19808142123825E-11	3.68307113259906E-03	3.65972149370104E-08	5.36637880914735E-11	0.289923510366798	2.23150237014053E-08	3.87456805723952E-11	0.274049663284524	7.47534725944662E-08	5.53123056218539E-12	6.70903551133485E-02	2.77228748300858E-08	9.27021176466453E-12	9.38914580213399E-02	1.29893721259056E-12	1.71972149794156E-10	200.625045117028	1E10	1E-30	1E-10	1E10	1E-30	1E-10	1E10	1E-30	1E-10	1E10	1E-30	1E-10	1E10	1E-30	1E-10	1E10	1E-30	1E-10
382	1.48454443666276E-08	1E10	1E10	1E-30	2.23030283587219E-10	1E10	1E-30	1E10	3.71029140931473E-03	1E-30	1.15786645009937E-10	0.224927371981594	1E-30	6.61778529461894E-11	3.94273680189753E-03	4.31106645687199E-08	4.49069237945033E-11	0.200948150002856	1.8051559896958E-08	4.62289003838394E-11	0.285070019924229	6.88422718047167E-08	5.61128101583546E-12	5.24825284030232E-02	3.10875820521564E-08	7.68288440083372E-12	0.108920887074349	5.84630927715899E-11	8.02351589116852E-12	0.286957176562193	3.91389105609402E-12	6.66669022675152E-11	1E5	1E10	1E-30	1E-10	1E10	1E-30	1E-10	1E10	1E-30	1E-10	1E10	1E-30	1E-10	1E10	1E-30	1E-10	1E10	1E-30	1E-10	1E10	1E-30	1E-10
383	1.48454443666276E-08	1E10	1E10	1E-30	2.23030283587219E-10	1E10	1E-30	1E10	3.71029140931473E-03	1E-30	1.15786645009937E-10	0.224927371981594	1E-30	6.61778529461894E-11	3.94273680189753E-03	4.31106645687199E-08	4.49069237945033E-11	0.200948150002856	1.8051559896958E-08	4.62289003838394E-11	0.285070019924229	6.88422718047167E-08	5.61128101583546E-12	5.24825284030232E-02	3.10875820521564E-08	7.68288440083372E-12	0.108920887074349	5.84630927715899E-11	8.02351589116852E-12	0.286957176562193	3.91389105609402E-12	6.66669022675152E-11	1E5	1E10	1E-30	1E-10	1E10	1E-30	1E-10	1E10	1E-30	1E-10	1E10	1E-30	1E-10	1E10	1E-30	1E-10	1E10	1E-30	1E-10	1E10	1E-30	1E-10
384	1.43707958010182E-08	1E10	1E10	1E-30	1.90729268880146E-10	1E10	1E-30	1E10	0.050101600298423	2.39704778026641E-06	1E10	1233.94727037165	3.87205031283364E-06	1E10	186.765477104818	2.45252548004439E-06	1E10	48.0061194717039	2.34462722825184E-06	1E10	6.78104461254272	1.74022444475536E-06	1E10	1.04753650169022	1.11522168814134E-06	1E10	0.189481900965899	6.84316486845675E-07	1E10	4.21097740403256E-02	1E-30	1.01881402376645E-10	0.340603291945535	6.59421811656236E-08	1.30974458593709E-11	2.84748451811715E-02	1.16164819716875E-08	2.5998017143481E-11	8.40787588014378E-02	7.28601764608859E-11	1.04139013118339E-10	1.43403832631129	4.38988281763252E-12	1.17246386004559E-10	10.5660904403721	1E10	1E-30	1E-10	1E10	1E-30	1E-10	1E10	1E-30	1E-10
385	1.56941070591337E-08	1E10	1E10	1E-30	1.70412720979433E-10	1E10	1E-30	1E10	3.90894888382324E-02	2.30643682166507E-06	1E10	1282.42427350551	4.69035661200094E-06	1E10	154.181309412575	2.77254369960923E-06	1E10	45.5021302917896	2.323942373419E-06	1E10	5.86180989494806	2.36476724900341E-06	1E10	1.0186658093412	1.37836730200728E-06	1E10	0.230326320743921	9.10563069742768E-07	1E10	5.12809544099859E-02	1.1710502609287E-06	1E10	0.012783059254432	1E-30	9.99405814336028E-11	0.202446620625772	8.84343472106537E-08	2.38323629076281E-11	6.41752247593827E-02	1.92873777951647E-08	4.69212961257372E-11	0.109631151069003	1.36748432149384E-11	1.11314856367523E-10	8.90376907755867	1.81629146142222E-12	1.60312840425719E-10	14.6602945840947	1E10	1E-30	1E-10	1E10	1E-30	1E-10
386	1.55975E-8	1E10	6666666667	1E-30	2.97676E-10	1E10	1E-30	1E10	0.06366481	1.67595E-6	1E10	1225.413719	1.84254E-6	1E10	288.4471397	1.63527E-6	1E10	62.20444321	1.51497E-6	1E10	13.6136458	1.10347E-6	1E10	2.89307119	1.47445E-6	1E10	0.705935987	5.98472E-7	1E10	0.278198764	1E-30	6.04606E-11	0.142752371	1E-30	3.40598E-11	0.043739215	3.45696E-7	3.73321E-12	9.177379E-3	4.28462E-8	1.71436E-11	0.040214758	1.01011E-11	2.3476E-10	13.37603575	1E10	1E-30	1E-10	1E10	1E-30	1E-10	1E10	1E-30	1E-10
387	1.55975185187146E-08	1E10	6666666666.66666	1E-30	2.97676445934404E-10	1E10	1E-30	1E10	6.36648101097294E-02	1.67594690326411E-06	1E10	1225.41371938052	1.84253639286121E-06	1E10	288.447139655312	1.63527488155027E-06	1E10	62.2044432149243	1.51497446119646E-06	1E10	13.613645804896	1.10347461690249E-06	1E10	2.89307118979211	1.47445448704674E-06	1E10	0.705935987210861	5.98471887727536E-07	1E10	0.278198764372302	1E-30	6.0460645780734E-11	0.142752370958407	1E-30	3.40597744161674E-11	4.37392149156203E-02	3.45695894625423E-07	3.73321483091503E-12	9.17737858791612E-03	4.28461704349588E-08	1.71436218230165E-11	4.02147584236476E-02	1.01010628993705E-11	2.34760230144598E-10	13.3760357536307	1E10	1E-30	1E-10	1E10	1E-30	1E-10	1E10	1E-30	1E-10
388	1.77638169861162E-08	1E10	1E10	1E-30	1.44976014246339E-12	1E10	1E-30	1E10	4E-3	1E-30	1.2309157828629E-10	0.169239510816726	1E-30	7.82493159240472E-11	2.57067565706903E-03	5.18173798144435E-08	4.61932909004083E-11	0.241412564090609	3.02220355990198E-08	3.57955315466249E-11	0.242226313694358	1.90435201518677E-11	1.44855285125209E-11	0.634914723613337	6.17489973078902E-13	3.49616103085108E-10	1E5	1E10	1E-30	1E-10	1E10	1E-30	1E-10	1E10	1E-30	1E-10	1E10	1E-30	1E-10	1E10	1E-30	1E-10	1E10	1E-30	1E-10	1E10	1E-30	1E-10	1E10	1E-30	1E-10	1E10	1E-30	1E-10
389	1.81302726911818E-08	1E10	1E10	1E-30	6.96746619685099E-11	1E10	1E-30	1E10	3.78389655357415E-03	3.40384032535318E-06	1E10	1.13718341792781	6.90839518645102E-05	1E10	4.94687715197857E-03	1E-30	1.04429576715765E-10	0.165656122901246	1E-30	8.20681132801066E-11	6.30388062645859E-03	6.26152132942996E-08	4.09264863030032E-11	0.27527838033042	3.31212494546837E-08	3.44275950126338E-11	0.252519118420915	1.08700036896419E-07	5.21194402150709E-12	8.93535195326937E-02	3.97209943216242E-08	8.97660612602869E-12	9.90237275873684E-02	5.38886434364879E-13	2.94085099065498E-10	191.976521712337	1E10	1E-30	1E-10	1E10	1E-30	1E-10	1E10	1E-30	1E-10	1E10	1E-30	1E-10	1E10	1E-30	1E-10	1E10	1E-30	1E-10
390	1.77638169861162E-08	1E10	55555555555.5555	1E-30	1.44976014246339E-12	1E10	1E-30	1E10	4E-3	1E-30	1.2309157828629E-10	0.169239510816726	1E-30	7.82493159240472E-11	2.57067565706903E-03	5.18173798144435E-08	4.61932909004083E-11	0.241412564090609	3.02220355990198E-08	3.57955315466249E-11	0.242226313694358	1.90435201518677E-11	1.44855285125209E-11	0.634914723613337	6.17489973078902E-13	3.49616103085108E-10	1E5	1E10	1E-30	1E-10	1E10	1E-30	1E-10	1E10	1E-30	1E-10	1E10	1E-30	1E-10	1E10	1E-30	1E-10	1E10	1E-30	1E-10	1E10	1E-30	1E-10	1E10	1E-30	1E-10	1E10	1E-30	1E-10
391	1.81302726911818E-08	1E10	55555555555.5555	1E-30	6.96746619685099E-11	1E10	1E-30	1E10	3.78389655357415E-03	3.40384032535318E-06	1E10	1.13718341792781	6.90839518645102E-05	1E10	4.94687715197857E-03	1E-30	1.04429576715765E-10	0.165656122901246	1E-30	8.20681132801066E-11	6.30388062645859E-03	6.26152132942996E-08	4.09264863030032E-11	0.27527838033042	3.31212494546837E-08	3.44275950126338E-11	0.252519118420915	1.08700036896419E-07	5.21194402150709E-12	8.93535195326937E-02	3.97209943216242E-08	8.97660612602869E-12	9.90237275873684E-02	5.38886434364879E-13	2.94085099065498E-10	191.976521712337	1E10	1E-30	1E-10	1E10	1E-30	1E-10	1E10	1E-30	1E-10	1E10	1E-30	1E-10	1E10	1E-30	1E-10	1E10	1E-30	1E-10
392	1.81302726911818E-08	1E10	1E10	1E-30	6.96746619685099E-11	1E10	1E-30	1E10	3.78389655357415E-03	3.40384032535318E-06	1E10	1.13718341792781	6.90839518645102E-05	1E10	4.94687715197857E-03	1E-30	1.04429576715765E-10	0.165656122901246	1E-30	8.20681132801066E-11	6.30388062645859E-03	6.26152132942996E-08	4.09264863030032E-11	0.27527838033042	3.31212494546837E-08	3.44275950126338E-11	0.252519118420915	1.08700036896419E-07	5.21194402150709E-12	8.93535195326937E-02	3.97209943216242E-08	8.97660612602869E-12	9.90237275873684E-02	5.38886434364879E-13	2.94085099065498E-10	191.976521712337	1E10	1E-30	1E-10	1E10	1E-30	1E-10	1E10	1E-30	1E-10	1E10	1E-30	1E-10	1E10	1E-30	1E-10	1E10	1E-30	1E-10
393	1.81302726911818E-08	1E10	55555555555.5555	1E-30	6.96746619685099E-11	1E10	1E-30	1E10	3.78389655357415E-03	3.40384032535318E-06	1E10	1.13718341792781	6.90839518645102E-05	1E10	4.94687715197857E-03	1E-30	1.04429576715765E-10	0.165656122901246	1E-30	8.20681132801066E-11	6.30388062645859E-03	6.26152132942996E-08	4.09264863030032E-11	0.27527838033042	3.31212494546837E-08	3.44275950126338E-11	0.252519118420915	1.08700036896419E-07	5.21194402150709E-12	8.93535195326937E-02	3.97209943216242E-08	8.97660612602869E-12	9.90237275873684E-02	5.38886434364879E-13	2.94085099065498E-10	191.976521712337	1E10	1E-30	1E-10	1E10	1E-30	1E-10	1E10	1E-30	1E-10	1E10	1E-30	1E-10	1E10	1E-30	1E-10	1E10	1E-30	1E-10
394	1.78803333210944E-08	1E10	1E10	1E-30	4.81056628870854E-11	1E10	1E-30	1E10	3.16857537679258E-03	1E-30	1.02161790190492E-10	19.8400484445441	1E-30	9.414831719541E-11	0.17078747171721	1E-30	5.47520545204106E-11	5.10832559520754E-03	1E-30	1.07650832937252E-10	2.18879846655977E-03	5.60035353203802E-08	4.5921719236471E-11	0.270099897530779	2.23974485579984E-08	4.82637036101441E-11	0.26459572764402	1.09099086100137E-12	2.14861060772258E-10	1E5	1E10	1E-30	1E-10	1E10	1E-30	1E-10	1E10	1E-30	1E-10	1E10	1E-30	1E-10	1E10	1E-30	1E-10	1E10	1E-30	1E-10	1E10	1E-30	1E-10	1E10	1E-30	1E-10
395	1.78803333210944E-08	1E10	1E10	1E-30	4.81056628870854E-11	1E10	1E-30	1E10	3.16857537679258E-03	1E-30	1.02161790190492E-10	19.8400484445441	1E-30	9.414831719541E-11	0.17078747171721	1E-30	5.47520545204106E-11	5.10832559520754E-03	1E-30	1.07650832937252E-10	2.18879846655977E-03	5.60035353203802E-08	4.5921719236471E-11	0.270099897530779	2.23974485579984E-08	4.82637036101441E-11	0.26459572764402	1.09099086100137E-12	2.14861060772258E-10	1E5	1E10	1E-30	1E-10	1E10	1E-30	1E-10	1E10	1E-30	1E-10	1E10	1E-30	1E-10	1E10	1E-30	1E-10	1E10	1E-30	1E-10	1E10	1E-30	1E-10	1E10	1E-30	1E-10
396	2.04091333496212E-08	1E10	1E10	1E-30	1.03845156015093E-10	1E10	1E-30	1E10	3.60332286508639E-03	4.57632785645481E-06	1E10	0.726612728017676	1.02957728523592E-04	1E10	3.3193217055932E-03	1E-30	1.09262430468749E-10	0.177042239903057	1E-30	8.42049517684245E-11	5.91694322506156E-03	4.30553261304935E-08	7.22661929327083E-11	0.303953335748985	3.93761086235725E-08	3.39270629584858E-11	0.253221626992587	5.57676807837194E-08	1.2879769473993E-11	8.42684390776759E-02	4.87799693581927E-08	8.7937627855078E-12	9.40704398872794E-02	1.24832577702607E-12	2.15649440836448E-10	94.1956097654273	1E10	1E-30	1E-10	1E10	1E-30	1E-10	1E10	1E-30	1E-10	1E10	1E-30	1E-10	1E10	1E-30	1E-10	1E10	1E-30	1E-10
397	2.04091333496212E-08	1E10	5E10	1E-30	1.03845156015093E-10	1E10	1E-30	1E10	3.60332286508639E-03	4.57632785645481E-06	1E10	0.726612728017676	1.02957728523592E-04	1E10	3.3193217055932E-03	1E-30	1.09262430468749E-10	0.177042239903057	1E-30	8.42049517684245E-11	5.91694322506156E-03	4.30553261304935E-08	7.22661929327083E-11	0.303953335748985	3.93761086235725E-08	3.39270629584858E-11	0.253221626992587	5.57676807837194E-08	1.2879769473993E-11	8.42684390776759E-02	4.87799693581927E-08	8.7937627855078E-12	9.40704398872794E-02	1.24832577702607E-12	2.15649440836448E-10	94.1956097654273	1E10	1E-30	1E-10	1E10	1E-30	1E-10	1E10	1E-30	1E-10	1E10	1E-30	1E-10	1E10	1E-30	1E-10	1E10	1E-30	1E-10
398	2.04091333496212E-08	1E10	1E10	1E-30	1.03845156015093E-10	1E10	1E-30	1E10	3.60332286508639E-03	4.57632785645481E-06	1E10	0.726612728017676	1.02957728523592E-04	1E10	3.3193217055932E-03	1E-30	1.09262430468749E-10	0.177042239903057	1E-30	8.42049517684245E-11	5.91694322506156E-03	4.30553261304935E-08	7.22661929327083E-11	0.303953335748985	3.93761086235725E-08	3.39270629584858E-11	0.253221626992587	5.57676807837194E-08	1.2879769473993E-11	8.42684390776759E-02	4.87799693581927E-08	8.7937627855078E-12	9.40704398872794E-02	1.24832577702607E-12	2.15649440836448E-10	94.1956097654273	1E10	1E-30	1E-10	1E10	1E-30	1E-10	1E10	1E-30	1E-10	1E10	1E-30	1E-10	1E10	1E-30	1E-10	1E10	1E-30	1E-10
399	2.04091333496212E-08	1E10	5E10	1E-30	1.03845156015093E-10	1E10	1E-30	1E10	3.60332286508639E-03	4.57632785645481E-06	1E10	0.726612728017676	1.02957728523592E-04	1E10	3.3193217055932E-03	1E-30	1.09262430468749E-10	0.177042239903057	1E-30	8.42049517684245E-11	5.91694322506156E-03	4.30553261304935E-08	7.22661929327083E-11	0.303953335748985	3.93761086235725E-08	3.39270629584858E-11	0.253221626992587	5.57676807837194E-08	1.2879769473993E-11	8.42684390776759E-02	4.87799693581927E-08	8.7937627855078E-12	9.40704398872794E-02	1.24832577702607E-12	2.15649440836448E-10	94.1956097654273	1E10	1E-30	1E-10	1E10	1E-30	1E-10	1E10	1E-30	1E-10	1E10	1E-30	1E-10	1E10	1E-30	1E-10	1E10	1E-30	1E-10
400	2.2015875362068E-08	1E10	1E10	1E-30	6.16595001861482E-11	1E10	1E-30	1E10	3.27547514033015E-03	1E-30	1.25270589611805E-10	0.203348032125782	1E-30	7.38896150235741E-11	5.06403118229918E-03	5.98141493581912E-08	5.67356997090635E-11	0.28032801049285	2.98216806925366E-08	4.95753782616456E-11	0.23716225588876	7.48171597330845E-08	1.020405648061E-11	6.61231295143689E-02	4.78692864512994E-08	9.99002869523428E-12	8.12524464633744E-02	2.8452243167708E-12	1.05469308380473E-10	45.586152193877	2.22644667614897E-12	1.31047214265499E-10	1E5	1E10	1E-30	1E-10	1E10	1E-30	1E-10	1E10	1E-30	1E-10	1E10	1E-30	1E-10	1E10	1E-30	1E-10	1E10	1E-30	1E-10	1E10	1E-30	1E-10
401	2.25017993121426E-08	1E10	1E10	1E-30	1.08198970865561E-10	1E10	1E-30	1E10	3.2984686166085E-03	4.25352866614294E-06	1E10	1.07912254925878	5.94386571803287E-05	1E10	6.3672429620107E-03	1E-30	1.56849824699396E-10	0.181637647219913	1E-30	6.29518698194767E-11	3.27812055163131E-03	5.18931325414917E-08	6.7196435621719E-11	0.314029522095526	5.12689509431158E-08	3.03903919303988E-11	0.226896688898882	1.48520534742497E-07	5.42630460972033E-12	7.84091737952923E-02	8.5187406014867E-08	6.01416550224075E-12	0.081174637133261	1.29908923232707E-12	1.88182459660512E-10	138.84976129609	1E10	1E-30	1E-10	1E10	1E-30	1E-10	1E10	1E-30	1E-10	1E10	1E-30	1E-10	1E10	1E-30	1E-10	1E10	1E-30	1E-10
402	2.2098225032422E-08	1E10	45454545454.5454	1E-30	1.31984579698387E-11	1E10	1E-30	1E10	3.14089364481576E-03	1E-30	1.58614687169931E-10	0.172548845918909	1E-30	5.80869924986599E-11	3.4096928652191E-03	5.15685020128607E-08	6.99642629367513E-11	0.270428456545099	3.75076353378446E-08	4.09147661653757E-11	0.263568747819718	9.40710423999289E-08	7.62429774636749E-12	6.56519644885272E-02	1.04504406071569E-07	4.65952541646927E-12	0.106899061219301	1.8297626087092E-11	1.02059104868936E-11	0.289937325447498	6.68990688079076E-13	2.76120681019665E-10	1E5	1E10	1E-30	1E-10	1E10	1E-30	1E-10	1E10	1E-30	1E-10	1E10	1E-30	1E-10	1E10	1E-30	1E-10	1E10	1E-30	1E-10	1E10	1E-30	1E-10
403	2.25017993121426E-08	1E10	45454545454.5454	1E-30	1.08198970865561E-10	1E10	1E-30	1E10	3.2984686166085E-03	4.25352866614294E-06	1E10	1.07912254925878	5.94386571803287E-05	1E10	6.3672429620107E-03	1E-30	1.56849824699396E-10	0.181637647219913	1E-30	6.29518698194767E-11	3.27812055163131E-03	5.18931325414917E-08	6.7196435621719E-11	0.314029522095526	5.12689509431158E-08	3.03903919303988E-11	0.226896688898882	1.48520534742497E-07	5.42630460972033E-12	7.84091737952923E-02	8.5187406014867E-08	6.01416550224075E-12	0.081174637133261	1.29908923232707E-12	1.88182459660512E-10	138.84976129609	1E10	1E-30	1E-10	1E10	1E-30	1E-10	1E10	1E-30	1E-10	1E10	1E-30	1E-10	1E10	1E-30	1E-10	1E10	1E-30	1E-10
404	2.25017993121426E-08	1E10	1E10	1E-30	1.08198970865561E-10	1E10	1E-30	1E10	3.2984686166085E-03	4.25352866614294E-06	1E10	1.07912254925878	5.94386571803287E-05	1E10	6.3672429620107E-03	1E-30	1.56849824699396E-10	0.181637647219913	1E-30	6.29518698194767E-11	3.27812055163131E-03	5.18931325414917E-08	6.7196435621719E-11	0.314029522095526	5.12689509431158E-08	3.03903919303988E-11	0.226896688898882	1.48520534742497E-07	5.42630460972033E-12	7.84091737952923E-02	8.5187406014867E-08	6.01416550224075E-12	0.081174637133261	1.29908923232707E-12	1.88182459660512E-10	138.84976129609	1E10	1E-30	1E-10	1E10	1E-30	1E-10	1E10	1E-30	1E-10	1E10	1E-30	1E-10	1E10	1E-30	1E-10	1E10	1E-30	1E-10
405	2.25017993121426E-08	1E10	45454545454.5454	1E-30	1.08198970865561E-10	1E10	1E-30	1E10	3.2984686166085E-03	4.25352866614294E-06	1E10	1.07912254925878	5.94386571803287E-05	1E10	6.3672429620107E-03	1E-30	1.56849824699396E-10	0.181637647219913	1E-30	6.29518698194767E-11	3.27812055163131E-03	5.18931325414917E-08	6.7196435621719E-11	0.314029522095526	5.12689509431158E-08	3.03903919303988E-11	0.226896688898882	1.48520534742497E-07	5.42630460972033E-12	7.84091737952923E-02	8.5187406014867E-08	6.01416550224075E-12	0.081174637133261	1.29908923232707E-12	1.88182459660512E-10	138.84976129609	1E10	1E-30	1E-10	1E10	1E-30	1E-10	1E10	1E-30	1E-10	1E10	1E-30	1E-10	1E10	1E-30	1E-10	1E10	1E-30	1E-10
406	2.2098225032422E-08	1E10	1E10	1E-30	1.31984579698387E-11	1E10	1E-30	1E10	3.14089364481576E-03	1E-30	1.58614687169931E-10	0.172548845918909	1E-30	5.80869924986599E-11	3.4096928652191E-03	5.15685020128607E-08	6.99642629367513E-11	0.270428456545099	3.75076353378446E-08	4.09147661653757E-11	0.263568747819718	9.40710423999289E-08	7.62429774636749E-12	6.56519644885272E-02	1.04504406071569E-07	4.65952541646927E-12	0.106899061219301	1.8297626087092E-11	1.02059104868936E-11	0.289937325447498	6.68990688079076E-13	2.76120681019665E-10	1E5	1E10	1E-30	1E-10	1E10	1E-30	1E-10	1E10	1E-30	1E-10	1E10	1E-30	1E-10	1E10	1E-30	1E-10	1E10	1E-30	1E-10	1E10	1E-30	1E-10
407	2.2098225032422E-08	1E10	1E10	1E-30	1.31984579698387E-11	1E10	1E-30	1E10	3.14089364481576E-03	1E-30	1.58614687169931E-10	0.172548845918909	1E-30	5.80869924986599E-11	3.4096928652191E-03	5.15685020128607E-08	6.99642629367513E-11	0.270428456545099	3.75076353378446E-08	4.09147661653757E-11	0.263568747819718	9.40710423999289E-08	7.62429774636749E-12	6.56519644885272E-02	1.04504406071569E-07	4.65952541646927E-12	0.106899061219301	1.8297626087092E-11	1.02059104868936E-11	0.289937325447498	6.68990688079076E-13	2.76120681019665E-10	1E5	1E10	1E-30	1E-10	1E10	1E-30	1E-10	1E10	1E-30	1E-10	1E10	1E-30	1E-10	1E10	1E-30	1E-10	1E10	1E-30	1E-10	1E10	1E-30	1E-10
408	2.11838576735229E-08	1E10	1E10	1E-30	1.61450477530331E-10	1E10	1E-30	1E10	3.70604772127336E-02	2.63376971165238E-06	1E10	1510.71430417547	4.71231071033095E-06	1E10	120.000302640842	3.02149132162561E-06	1E10	29.4565812777379	2.75983861151432E-06	1E10	3.04659826605434	2.00286171402417E-06	1E10	0.419805295071304	1.1415004293796E-06	1E10	7.36584876538247E-02	1.96283445454828E-06	1E10	2.70280805262853E-03	1E-30	1.08338311050742E-10	0.254589609230992	1.20114378003105E-07	1.40589862938414E-11	2.65005648345912E-02	1.58975030110569E-08	3.93419900448903E-11	8.34276421592754E-02	2.1241617602504E-10	3.31245644289643E-11	0.524034693539592	1.26805837790452E-11	4.47519854166218E-11	6.46756608876937	3.75196060287518E-12	8.52426244355809E-11	11.16293164937	1E10	1E-30	1E-10	1E10	1E-30	1E-10
409	2.18219351059047E-08	1E10	1E10	1E-30	8.0306301353305E-11	1E10	1E-30	1E10	3.54032519472448E-02	2.37161279306094E-06	1E10	1747.91707242037	3.75224104285323E-06	1E10	87.6033722136247	3.85853854954822E-06	1E10	13.884198825801	2.7198915047793E-06	1E10	2.18850375623071	2.43939683781138E-06	1E10	0.273789267856895	1.58523852569433E-06	1E10	8.60209547647399E-02	1.29087147858815E-06	1E10	1.63612270534258E-02	1E-30	9.73510670450993E-11	0.152918698524005	9.72186909680253E-08	2.71405885474603E-11	5.15240948720807E-02	2.72100437677723E-08	3.97827834261776E-11	7.79883312942449E-02	1.30847520693109E-11	1.17325069744876E-10	9.00752989657224	1.8570291746289E-12	2.21540118138993E-10	30.0716006212052	1E10	1E-30	1E-10	1E10	1E-30	1E-10	1E10	1E-30	1E-10
410	2.20101E-8	1E10	4545454545	1E-30	3.32836E-10	1E10	1E-30	1E10	0.04770265	2.69013E-6	1E10	788.6559996	2.82725E-6	1E10	201.919038	2.52085E-6	1E10	43.58513571	2.32977E-6	1E10	9.547629401	1.98672E-6	1E10	1.88759472	1.77811E-6	1E10	0.39762013	1.17782E-6	1E10	0.113554474	1E-30	7.82086E-11	0.131960961	1E-30	5.27367E-11	0.057234265	4.39935E-8	3.13468E-11	0.054393049	1.54973E-7	5.44336E-12	0.017056067	1.79164E-11	1.12033E-10	4.690631562	1E10	1E-30	1E-10	1E10	1E-30	1E-10	1E10	1E-30	1E-10
411	2.20100965707921E-08	1E10	4545454545.45454	1E-30	3.32835603590774E-10	1E10	1E-30	1E10	4.77026500758647E-02	2.6901292104552E-06	1E10	788.655999612816	2.82724628567769E-06	1E10	201.919038036519	2.52084642659772E-06	1E10	43.5851357061878	2.32977044837979E-06	1E10	9.547629400715	1.98671860030772E-06	1E10	1.88759472045206	1.77810990485993E-06	1E10	0.39762013043431	1.17782198922531E-06	1E10	0.113554473597188	1E-30	7.82085911222302E-11	0.131960960511973	1E-30	5.27367262604924E-11	5.72342650693103E-02	4.39934851478189E-08	3.13468326900559E-11	5.43930493561523E-02	1.54972786888126E-07	5.44335827406266E-12	1.70560670251501E-02	1.79163521406057E-11	1.12033246822234E-10	4.69063156203711	1E10	1E-30	1E-10	1E10	1E-30	1E-10	1E10	1E-30	1E-10
412	2.71261219377543E-08	1E10	1E10	1E-30	3.06781054584946E-10	1E10	1E-30	1E10	2.58559892296368E-03	1E-30	1.15567890654602E-10	0.160639490434319	1E-30	6.16922918590643E-11	3.72532951144329E-03	1E-30	1.96321898895437E-10	1.65936921770687E-03	6.55433487476899E-08	6.11248227339799E-11	0.290290248635126	4.48132570379351E-08	3.87660804651251E-11	0.233321385901109	1.32570034024202E-07	6.69982899185011E-12	6.19858296981998E-02	5.73996418702977E-08	9.38412436612948E-12	7.91172049229256E-02	3.27668331462319E-11	1.64353797710567E-11	0.747188800003323	1E10	1E-30	1E-10	1E10	1E-30	1E-10	1E10	1E-30	1E-10	1E10	1E-30	1E-10	1E10	1E-30	1E-10	1E10	1E-30	1E-10	1E10	1E-30	1E-10
413	2.71261219377543E-08	1E10	1E10	1E-30	3.06781054584946E-10	1E10	1E-30	1E10	2.58559892296368E-03	1E-30	1.15567890654602E-10	0.160639490434319	1E-30	6.16922918590643E-11	3.72532951144329E-03	1E-30	1.96321898895437E-10	1.65936921770687E-03	6.55433487476899E-08	6.11248227339799E-11	0.290290248635126	4.48132570379351E-08	3.87660804651251E-11	0.233321385901109	1.32570034024202E-07	6.69982899185011E-12	6.19858296981998E-02	5.73996418702977E-08	9.38412436612948E-12	7.91172049229256E-02	3.27668331462319E-11	1.64353797710567E-11	0.747188800003323	1E10	1E-30	1E-10	1E10	1E-30	1E-10	1E10	1E-30	1E-10	1E10	1E-30	1E-10	1E10	1E-30	1E-10	1E10	1E-30	1E-10	1E10	1E-30	1E-10
414	2.71261219377543E-08	1E10	1E10	1E-30	3.06781054584946E-10	1E10	1E-30	1E10	2.58559892296368E-03	1E-30	1.15567890654602E-10	0.160639490434319	1E-30	6.16922918590643E-11	3.72532951144329E-03	1E-30	1.96321898895437E-10	1.65936921770687E-03	6.55433487476899E-08	6.11248227339799E-11	0.290290248635126	4.48132570379351E-08	3.87660804651251E-11	0.233321385901109	1.32570034024202E-07	6.69982899185011E-12	6.19858296981998E-02	5.73996418702977E-08	9.38412436612948E-12	7.91172049229256E-02	3.27668331462319E-11	1.64353797710567E-11	0.747188800003323	1E10	1E-30	1E-10	1E10	1E-30	1E-10	1E10	1E-30	1E-10	1E10	1E-30	1E-10	1E10	1E-30	1E-10	1E10	1E-30	1E-10	1E10	1E-30	1E-10
415	2.71261219377543E-08	1E10	1E10	1E-30	3.06781054584946E-10	1E10	1E-30	1E10	2.58559892296368E-03	1E-30	1.15567890654602E-10	0.160639490434319	1E-30	6.16922918590643E-11	3.72532951144329E-03	1E-30	1.96321898895437E-10	1.65936921770687E-03	6.55433487476899E-08	6.11248227339799E-11	0.290290248635126	4.48132570379351E-08	3.87660804651251E-11	0.233321385901109	1.32570034024202E-07	6.69982899185011E-12	6.19858296981998E-02	5.73996418702977E-08	9.38412436612948E-12	7.91172049229256E-02	3.27668331462319E-11	1.64353797710567E-11	0.747188800003323	1E10	1E-30	1E-10	1E10	1E-30	1E-10	1E10	1E-30	1E-10	1E10	1E-30	1E-10	1E10	1E-30	1E-10	1E10	1E-30	1E-10	1E10	1E-30	1E-10
416	3.29196030051589E-08	1E10	1E10	1E-30	3.45857194715313E-10	1E10	1E-30	1E10	3.07213183328487E-03	1E-30	8.60080778159512E-12	0.143246087044892	1E-30	1.05148767354417E-10	0.139746325081111	1E-30	7.67752478723376E-11	4.28450628971287E-03	1E-30	2.4790667607002E-10	1.61547036301682E-03	9.71343329545406E-08	4.98271855288399E-11	0.194458984177379	5.01631855067745E-08	4.16846307943076E-11	0.182485778568972	2.10604908565956E-07	5.03508157254332E-12	4.34206354357438E-02	5.97357884341091E-08	1.09602017280022E-11	5.93357484029029E-02	1.09157826168071E-07	2.88470665400566E-12	1.20182087178224E-02	1E10	1E-30	1E-10	1E10	1E-30	1E-10	1E10	1E-30	1E-10	1E10	1E-30	1E-10	1E10	1E-30	1E-10	1E10	1E-30	1E-10
417	3.29196030051589E-08	1E10	1E10	1E-30	3.45857194715313E-10	1E10	1E-30	1E10	3.07213183328487E-03	1E-30	8.60080778159512E-12	0.143246087044892	1E-30	1.05148767354417E-10	0.139746325081111	1E-30	7.67752478723376E-11	4.28450628971287E-03	1E-30	2.4790667607002E-10	1.61547036301682E-03	9.71343329545406E-08	4.98271855288399E-11	0.194458984177379	5.01631855067745E-08	4.16846307943076E-11	0.182485778568972	2.10604908565956E-07	5.03508157254332E-12	4.34206354357438E-02	5.97357884341091E-08	1.09602017280022E-11	5.93357484029029E-02	1.09157826168071E-07	2.88470665400566E-12	1.20182087178224E-02	1E10	1E-30	1E-10	1E10	1E-30	1E-10	1E10	1E-30	1E-10	1E10	1E-30	1E-10	1E10	1E-30	1E-10	1E10	1E-30	1E-10
418	3.29196030051589E-08	1E10	1E10	1E-30	3.45857194715313E-10	1E10	1E-30	1E10	3.07213183328487E-03	1E-30	8.60080778159512E-12	0.143246087044892	1E-30	1.05148767354417E-10	0.139746325081111	1E-30	7.67752478723376E-11	4.28450628971287E-03	1E-30	2.4790667607002E-10	1.61547036301682E-03	9.71343329545406E-08	4.98271855288399E-11	0.194458984177379	5.01631855067745E-08	4.16846307943076E-11	0.182485778568972	2.10604908565956E-07	5.03508157254332E-12	4.34206354357438E-02	5.97357884341091E-08	1.09602017280022E-11	5.93357484029029E-02	1.09157826168071E-07	2.88470665400566E-12	1.20182087178224E-02	1E10	1E-30	1E-10	1E10	1E-30	1E-10	1E10	1E-30	1E-10	1E10	1E-30	1E-10	1E10	1E-30	1E-10	1E10	1E-30	1E-10
419	3.29196030051589E-08	1E10	1E10	1E-30	3.45857194715313E-10	1E10	1E-30	1E10	3.07213183328487E-03	1E-30	8.60080778159512E-12	0.143246087044892	1E-30	1.05148767354417E-10	0.139746325081111	1E-30	7.67752478723376E-11	4.28450628971287E-03	1E-30	2.4790667607002E-10	1.61547036301682E-03	9.71343329545406E-08	4.98271855288399E-11	0.194458984177379	5.01631855067745E-08	4.16846307943076E-11	0.182485778568972	2.10604908565956E-07	5.03508157254332E-12	4.34206354357438E-02	5.97357884341091E-08	1.09602017280022E-11	5.93357484029029E-02	1.09157826168071E-07	2.88470665400566E-12	1.20182087178224E-02	1E10	1E-30	1E-10	1E10	1E-30	1E-10	1E10	1E-30	1E-10	1E10	1E-30	1E-10	1E10	1E-30	1E-10	1E10	1E-30	1E-10
420	3.27115885169599E-08	1E10	1E10	1E-30	1.40522681151335E-10	1E10	1E-30	1E10	0.0245	4.33388374392104E-06	1E10	682.489595979359	1.18888968253248E-05	1E10	60.8269492683125	6.18311956052051E-06	1E10	26.5519263824878	6.03509851356676E-06	1E10	4.94420005704499	7.90613835560284E-06	1E10	0.636936350696938	5.11771612867866E-06	1E10	0.318384436047762	2.45310133898276E-06	1E10	9.80974006682894E-02	1.55033336746312E-06	1E10	2.07893865447692E-02	1E-30	1.37433092731296E-10	0.204748634625353	1.83151456839068E-07	3.04258775160904E-11	5.03229392898936E-02	4.21582588580599E-08	4.18554716038272E-11	5.65321997622863E-02	1.35514175206797E-11	1.07019104583803E-10	7.58917165043875	1.73211228606303E-12	1.49461318138256E-10	20.2073482044727	1E10	1E-30	1E-10	1E10	1E-30	1E-10
421	3.24478370128325E-08	1E10	1E10	1E-30	1.83196925437614E-10	1E10	1E-30	1E10	2.67879826309401E-02	4.34646124519591E-06	1E10	1003.74715811371	9.9677047217863E-06	1E10	105.105230428583	4.75181492579235E-06	1E10	32.480621352674	4.39932491571829E-06	1E10	3.4803612825503	3.9747005188253E-06	1E10	0.458637982504809	2.70802656547954E-06	1E10	0.090215016604619	1.9742056631406E-06	1E10	2.11648041894144E-02	1E-30	8.46740209797869E-11	0.137550610728277	1.41084872578936E-07	2.32116275361801E-11	3.97357736810217E-02	3.31501138476397E-08	3.9108195846591E-11	7.39986160259548E-02	5.70534150702431E-11	1.16440298804604E-10	1.34996463681591	5.0625894113655E-12	8.45628645006439E-11	8.35592522069259	1E10	1E-30	1E-10	1E10	1E-30	1E-10	1E10	1E-30	1E-10
422	3.24478370128325E-08	1E10	1E10	1E-30	1.83196925437614E-10	1E10	1E-30	1E10	2.67879826309401E-02	4.34646124519591E-06	1E10	1003.74715811371	9.9677047217863E-06	1E10	105.105230428583	4.75181492579235E-06	1E10	32.480621352674	4.39932491571829E-06	1E10	3.4803612825503	3.9747005188253E-06	1E10	0.458637982504809	2.70802656547954E-06	1E10	0.090215016604619	1.9742056631406E-06	1E10	2.11648041894144E-02	1E-30	8.46740209797869E-11	0.137550610728277	1.41084872578936E-07	2.32116275361801E-11	3.97357736810217E-02	3.31501138476397E-08	3.9108195846591E-11	7.39986160259548E-02	5.70534150702431E-11	1.16440298804604E-10	1.34996463681591	5.0625894113655E-12	8.45628645006439E-11	8.35592522069259	1E10	1E-30	1E-10	1E10	1E-30	1E-10	1E10	1E-30	1E-10
423	3.29538354085311E-08	1E10	1E10	1E-30	9.82615954046497E-11	1E10	1E-30	1E10	2.39195828240891E-02	4.59051499887733E-06	1E10	690.417644476489	7.43598954228327E-06	1E10	72.2956025609388	5.64674593546181E-06	1E10	14.7608674981416	4.69607710927585E-06	1E10	2.13359449325248	4.31489912484912E-06	1E10	0.31944736707578	2.63693904283315E-06	1E10	7.99450350217512E-02	1.54396055199875E-06	1E10	1.84867247326861E-02	1E-30	1.22690649889893E-10	0.117972228081911	2.11394779607607E-07	2.80553641885947E-11	4.97640202060757E-02	4.24330448016047E-08	4.34404702791943E-11	5.66474905303089E-02	1.47659826328091E-11	9.89043047720574E-11	8.48676372748821	1.5080558721437E-12	2.10228704611797E-10	22.4420910457265	1E10	1E-30	1E-10	1E10	1E-30	1E-10	1E10	1E-30	1E-10
424	3.89854440157179E-08	1E10	1E10	1E-30	2.91795280865416E-10	1E10	1E-30	1E10	2.65041863501914E-03	1E-30	1.21700465371802E-10	0.140518943400914	1E-30	9.32646291312228E-12	0.13682309908526	1E-30	7.05882292991655E-11	3.38507931875829E-03	1E-30	2.140491251313E-10	1.4210991973894E-03	9.64038684121983E-08	6.3290190826278E-11	0.253671288742862	6.2377821836622E-08	4.32701877004229E-11	0.190327817101782	1.66874038264242E-07	8.30400872811881E-12	5.79465346534059E-02	8.19783695493811E-08	1.07041291210387E-11	6.68931035158035E-02	6.63149629219926E-08	6.79430293942835E-12	2.57334948325516E-02	1E10	1E-30	1E-10	1E10	1E-30	1E-10	1E10	1E-30	1E-10	1E10	1E-30	1E-10	1E10	1E-30	1E-10	1E10	1E-30	1E-10
425	3.89854440157179E-08	1E10	1E10	1E-30	2.91795280865416E-10	1E10	1E-30	1E10	2.65041863501914E-03	1E-30	1.21700465371802E-10	0.140518943400914	1E-30	9.32646291312228E-12	0.13682309908526	1E-30	7.05882292991655E-11	3.38507931875829E-03	1E-30	2.140491251313E-10	1.4210991973894E-03	9.64038684121983E-08	6.3290190826278E-11	0.253671288742862	6.2377821836622E-08	4.32701877004229E-11	0.190327817101782	1.66874038264242E-07	8.30400872811881E-12	5.79465346534059E-02	8.19783695493811E-08	1.07041291210387E-11	6.68931035158035E-02	6.63149629219926E-08	6.79430293942835E-12	2.57334948325516E-02	1E10	1E-30	1E-10	1E10	1E-30	1E-10	1E10	1E-30	1E-10	1E10	1E-30	1E-10	1E10	1E-30	1E-10	1E10	1E-30	1E-10
426	3.89854440157179E-08	1E10	1E10	1E-30	2.91795280865416E-10	1E10	1E-30	1E10	2.65041863501914E-03	1E-30	1.21700465371802E-10	0.140518943400914	1E-30	9.32646291312228E-12	0.13682309908526	1E-30	7.05882292991655E-11	3.38507931875829E-03	1E-30	2.140491251313E-10	1.4210991973894E-03	9.64038684121983E-08	6.3290190826278E-11	0.253671288742862	6.2377821836622E-08	4.32701877004229E-11	0.190327817101782	1.66874038264242E-07	8.30400872811881E-12	5.79465346534059E-02	8.19783695493811E-08	1.07041291210387E-11	6.68931035158035E-02	6.63149629219926E-08	6.79430293942835E-12	2.57334948325516E-02	1E10	1E-30	1E-10	1E10	1E-30	1E-10	1E10	1E-30	1E-10	1E10	1E-30	1E-10	1E10	1E-30	1E-10	1E10	1E-30	1E-10
427	3.89854440157179E-08	1E10	1E10	1E-30	2.91795280865416E-10	1E10	1E-30	1E10	2.65041863501914E-03	1E-30	1.21700465371802E-10	0.140518943400914	1E-30	9.32646291312228E-12	0.13682309908526	1E-30	7.05882292991655E-11	3.38507931875829E-03	1E-30	2.140491251313E-10	1.4210991973894E-03	9.64038684121983E-08	6.3290190826278E-11	0.253671288742862	6.2377821836622E-08	4.32701877004229E-11	0.190327817101782	1.66874038264242E-07	8.30400872811881E-12	5.79465346534059E-02	8.19783695493811E-08	1.07041291210387E-11	6.68931035158035E-02	6.63149629219926E-08	6.79430293942835E-12	2.57334948325516E-02	1E10	1E-30	1E-10	1E10	1E-30	1E-10	1E10	1E-30	1E-10	1E10	1E-30	1E-10	1E10	1E-30	1E-10	1E10	1E-30	1E-10
428	4.65093246652343E-08	1E10	1E10	1E-30	1.24112509390674E-10	1E10	1E-30	1E10	2.09087889954806E-02	6.22943385570823E-06	1E10	593.083756703578	8.45480242058116E-06	1E10	62.103493302959	7.30518007776226E-06	1E10	8.57266849322753	6.18861422322035E-06	1E10	1.07920876976115	5.58268656196396E-06	1E10	0.150610632266473	4.51027478509895E-06	1E10	4.27066863241265E-02	3.20511587504314E-06	1E10	1.31478621390068E-02	1E-30	1.0745235729916E-10	0.12859868049598	1.72700274808156E-07	4.20987390847207E-11	6.14378266117186E-02	4.38021165281579E-08	4.52858242034699E-11	5.28147051183406E-02	1.39000038240296E-11	8.53904861553038E-11	7.18763338422178	2.50976729849562E-12	1.45730015664522E-10	27.0380541605058	1E10	1E-30	1E-10	1E10	1E-30	1E-10	1E10	1E-30	1E-10
429	4.64290666458013E-08	1E10	1E10	1E-30	1.3037521274453E-10	1E10	1E-30	1E10	2.35191615128739E-02	5.74585587936798E-06	1E10	708.606956787666	1.01027304598587E-05	1E10	61.7170858951638	7.28956695812215E-06	1E10	13.1948789918413	6.25177378757561E-06	1E10	1.6931507280028	4.36152178534019E-06	1E10	0.242695000981564	2.6604589797227E-06	1E10	3.97871022271719E-02	1E-30	3.43664239825985E-11	0.28790748030369	1E-30	1.2795117096465E-10	0.164662597548262	2.67683102679698E-07	2.32818607034115E-11	3.82973900921222E-02	6.45766895270462E-08	4.0859519278714E-11	6.16147034857049E-02	1.15211467499703E-11	1.01200992023828E-10	8.91236008660755	2.33813840160665E-12	1.4739498572782E-10	19.4483101822166	1E10	1E-30	1E-10	1E10	1E-30	1E-10	1E10	1E-30	1E-10
430	4.65093246652343E-08	1E10	1E10	1E-30	1.24112509390674E-10	1E10	1E-30	1E10	2.09087889954806E-02	6.22943385570823E-06	1E10	593.083756703578	8.45480242058116E-06	1E10	62.103493302959	7.30518007776226E-06	1E10	8.57266849322753	6.18861422322035E-06	1E10	1.07920876976115	5.58268656196396E-06	1E10	0.150610632266473	4.51027478509895E-06	1E10	4.27066863241265E-02	3.20511587504314E-06	1E10	1.31478621390068E-02	1E-30	1.0745235729916E-10	0.12859868049598	1.72700274808156E-07	4.20987390847207E-11	6.14378266117186E-02	4.38021165281579E-08	4.52858242034699E-11	5.28147051183406E-02	1.39000038240296E-11	8.53904861553038E-11	7.18763338422178	2.50976729849562E-12	1.45730015664522E-10	27.0380541605058	1E10	1E-30	1E-10	1E10	1E-30	1E-10	1E10	1E-30	1E-10
431	4.64290666458013E-08	1E10	1E10	1E-30	1.3037521274453E-10	1E10	1E-30	1E10	2.35191615128739E-02	5.74585587936798E-06	1E10	708.606956787666	1.01027304598587E-05	1E10	61.7170858951638	7.28956695812215E-06	1E10	13.1948789918413	6.25177378757561E-06	1E10	1.6931507280028	4.36152178534019E-06	1E10	0.242695000981564	2.6604589797227E-06	1E10	3.97871022271719E-02	1E-30	3.43664239825985E-11	0.28790748030369	1E-30	1.2795117096465E-10	0.164662597548262	2.67683102679698E-07	2.32818607034115E-11	3.82973900921222E-02	6.45766895270462E-08	4.0859519278714E-11	6.16147034857049E-02	1.15211467499703E-11	1.01200992023828E-10	8.91236008660755	2.33813840160665E-12	1.4739498572782E-10	19.4483101822166	1E10	1E-30	1E-10	1E10	1E-30	1E-10	1E10	1E-30	1E-10
432	6.59172976364137E-08	1E10	7352941176.47058	1E-30	1.13543083774355E-10	1E10	1E-30	1E10	2.07573414045863E-02	1.00674766631377E-05	1E10	293.800588208993	1.52194161111712E-05	1E10	35.3225998073349	1.39023314553524E-05	1E10	6.28134519464285	1.06943495664725E-05	1E10	1.54188740517851	8.20291427095052E-06	1E10	0.21964829478493	4.84588881931056E-06	1E10	3.87324899642005E-02	3.24123132756474E-06	1E10	8.10132591171548E-03	1E-30	1.30897895344136E-10	0.109558748768875	7.1089044147855E-07	1.37609664566818E-11	2.04686961282893E-02	6.91395434171313E-08	6.60206772384842E-11	4.70519462231495E-02	1.24872784309247E-11	9.67101497215938E-11	7.80515340933227	1.31149902896585E-12	1.77611946716319E-10	18.1970085860998	1E10	1E-30	1E-10	1E10	1E-30	1E-10	1E10	1E-30	1E-10
433	6.72297852347092E-08	1E10	7352941176.47058	1E-30	1.01523004713738E-10	1E10	1E-30	1E10	0.02	9.77940281592868E-06	1E10	406.862632840585	2.27184516115513E-05	1E10	39.7601308627897	1.1696411227326E-05	1E10	13.1658167228901	9.77655645892696E-06	1E10	1.61974931564111	1.18097413670704E-05	1E10	0.233593640743009	6.49607282939295E-06	1E10	5.52286968969703E-02	4.02000736589144E-06	1E10	1.26259094769998E-02	1E-30	9.2550578036943E-11	0.130212463854907	2.9429947574783E-07	3.86334618569849E-11	4.01546730508889E-02	4.40024876054743E-08	5.6737188079897E-11	4.31800620911301E-02	1.30854652219482E-11	7.53150664017311E-11	6.37302347025688	1.0665228385137E-12	1.86207911570927E-10	21.8179546499808	1E10	1E-30	1E-10	1E10	1E-30	1E-10	1E10	1E-30	1E-10
434	6.59172976364137E-08	1E10	7352941176.47058	1E-30	1.13543083774355E-10	1E10	1E-30	1E10	2.07573414045863E-02	1.00674766631377E-05	1E10	293.800588208993	1.52194161111712E-05	1E10	35.3225998073349	1.39023314553524E-05	1E10	6.28134519464285	1.06943495664725E-05	1E10	1.54188740517851	8.20291427095052E-06	1E10	0.21964829478493	4.84588881931056E-06	1E10	3.87324899642005E-02	3.24123132756474E-06	1E10	8.10132591171548E-03	1E-30	1.30897895344136E-10	0.109558748768875	7.1089044147855E-07	1.37609664566818E-11	2.04686961282893E-02	6.91395434171313E-08	6.60206772384842E-11	4.70519462231495E-02	1.24872784309247E-11	9.67101497215938E-11	7.80515340933227	1.31149902896585E-12	1.77611946716319E-10	18.1970085860998	1E10	1E-30	1E-10	1E10	1E-30	1E-10	1E10	1E-30	1E-10
435	6.72297852347092E-08	1E10	7352941176.47058	1E-30	1.01523004713738E-10	1E10	1E-30	1E10	0.02	9.77940281592868E-06	1E10	406.862632840585	2.27184516115513E-05	1E10	39.7601308627897	1.1696411227326E-05	1E10	13.1658167228901	9.77655645892696E-06	1E10	1.61974931564111	1.18097413670704E-05	1E10	0.233593640743009	6.49607282939295E-06	1E10	5.52286968969703E-02	4.02000736589144E-06	1E10	1.26259094769998E-02	1E-30	9.2550578036943E-11	0.130212463854907	2.9429947574783E-07	3.86334618569849E-11	4.01546730508889E-02	4.40024876054743E-08	5.6737188079897E-11	4.31800620911301E-02	1.30854652219482E-11	7.53150664017311E-11	6.37302347025688	1.0665228385137E-12	1.86207911570927E-10	21.8179546499808	1E10	1E-30	1E-10	1E10	1E-30	1E-10	1E10	1E-30	1E-10
436	1.02394755646115E-07	1E10	5E9	1E-30	1.13224254663731E-10	1E10	1E-30	1E10	1.59054673143446E-02	1.26310879018588E-05	1E10	315.006403899053	2.14850160962755E-05	1E10	25.0218480735978	1.51574293284285E-05	1E10	4.44958372304012	1.23802829714598E-05	1E10	0.523959176365951	9.27471352851425E-06	1E10	0.055770918124156	9.5413343431302E-06	1E10	4.01582333706648E-03	1E-30	1.1831990891831E-10	0.102176890989133	1E-30	6.36572779883669E-12	5.81839539320854E-02	3.33242709240975E-07	4.39107326601983E-11	3.51998971233284E-02	1.03219709532025E-07	6.07993771631546E-11	4.59785913648043E-02	1.06135329666225E-11	8.36555266001349E-11	8.46822474294485	2.32661416046202E-12	1.61214124970254E-10	19.9344390235818	1E10	1E-30	1E-10	1E10	1E-30	1E-10	1E10	1E-30	1E-10
437	1.02200422992635E-07	1E10	5E9	1E-30	1.67653124124958E-10	1E10	1E-30	1E10	1.50200986537734E-02	1.18233136864917E-05	1E10	336.527785932235	1.86741147966481E-05	1E10	26.7313522135223	1.62531749981481E-05	1E10	4.53963492183335	1.54624051596054E-05	1E10	0.703837918474612	1.32723399977917E-05	1E10	0.110487679007842	6.82884570156939E-06	1E10	2.59785458190196E-02	1E-30	1.07229397614565E-10	8.47726276705599E-02	1E-30	1.23526680559737E-11	6.15069497406132E-02	4.32772959821178E-07	3.42662683087397E-11	3.68354063290199E-02	9.54565920431761E-08	6.46017743095743E-11	4.77251221954317E-02	8.918133719031E-12	8.70874276450607E-11	9.67508265293758	3.01140519485231E-12	1.23147065632613E-10	20.6377058926512	1E10	1E-30	1E-10	1E10	1E-30	1E-10	1E10	1E-30	1E-10
438	1.00347718128293E-07	1E10	5E9	1E-30	1.23385673624359E-10	1E10	1E-30	1E10	1.50054097290544E-02	1.39243662630309E-05	1E10	285.748988653167	2.28482354110107E-05	1E10	27.2888165626898	1.63202629010344E-05	1E10	4.74225280382321	1.93669086791862E-05	1E10	0.485271406177605	1.38909059634583E-05	1E10	0.122828019928835	8.45863926992589E-06	1E10	2.16974049280764E-02	2.72734641190834E-05	1E10	1.56788740790936E-03	1E-30	1.74416131673034E-11	0.106107781627401	1E-30	1.29400694227777E-10	0.101913440589763	4.09978098280083E-07	3.56919834933328E-11	3.68588171662919E-02	1.05624005429377E-07	5.94154143747654E-11	0.049266948275019	9.90512528775115E-12	9.38630446497001E-11	9.28522379067926	2.79720545820074E-12	1.34092068540276E-10	20.8739201909724	1E10	1E-30	1E-10	1E10	1E-30	1E-10
439	1.02200422992635E-07	1E10	5E9	1E-30	1.67653124124958E-10	1E10	1E-30	1E10	1.50200986537734E-02	1.18233136864917E-05	1E10	336.527785932235	1.86741147966481E-05	1E10	26.7313522135223	1.62531749981481E-05	1E10	4.53963492183335	1.54624051596054E-05	1E10	0.703837918474612	1.32723399977917E-05	1E10	0.110487679007842	6.82884570156939E-06	1E10	2.59785458190196E-02	1E-30	1.07229397614565E-10	8.47726276705599E-02	1E-30	1.23526680559737E-11	6.15069497406132E-02	4.32772959821178E-07	3.42662683087397E-11	3.68354063290199E-02	9.54565920431761E-08	6.46017743095743E-11	4.77251221954317E-02	8.918133719031E-12	8.70874276450607E-11	9.67508265293758	3.01140519485231E-12	1.23147065632613E-10	20.6377058926512	1E10	1E-30	1E-10	1E10	1E-30	1E-10	1E10	1E-30	1E-10
440	1.02200422992635E-07	1E10	5E9	1E-30	1.67653124124958E-10	1E10	1E-30	1E10	1.50200986537734E-02	1.18233136864917E-05	1E10	336.527785932235	1.86741147966481E-05	1E10	26.7313522135223	1.62531749981481E-05	1E10	4.53963492183335	1.54624051596054E-05	1E10	0.703837918474612	1.32723399977917E-05	1E10	0.110487679007842	6.82884570156939E-06	1E10	2.59785458190196E-02	1E-30	1.07229397614565E-10	8.47726276705599E-02	1E-30	1.23526680559737E-11	6.15069497406132E-02	4.32772959821178E-07	3.42662683087397E-11	3.68354063290199E-02	9.54565920431761E-08	6.46017743095743E-11	4.77251221954317E-02	8.918133719031E-12	8.70874276450607E-11	9.67508265293758	3.01140519485231E-12	1.23147065632613E-10	20.6377058926512	1E10	1E-30	1E-10	1E10	1E-30	1E-10	1E10	1E-30	1E-10
441	1.02200422992635E-07	1E10	5E9	1E-30	1.67653124124958E-10	1E10	1E-30	1E10	1.50200986537734E-02	1.18233136864917E-05	1E10	336.527785932235	1.86741147966481E-05	1E10	26.7313522135223	1.62531749981481E-05	1E10	4.53963492183335	1.54624051596054E-05	1E10	0.703837918474612	1.32723399977917E-05	1E10	0.110487679007842	6.82884570156939E-06	1E10	2.59785458190196E-02	1E-30	1.07229397614565E-10	8.47726276705599E-02	1E-30	1.23526680559737E-11	6.15069497406132E-02	4.32772959821178E-07	3.42662683087397E-11	3.68354063290199E-02	9.54565920431761E-08	6.46017743095743E-11	4.77251221954317E-02	8.918133719031E-12	8.70874276450607E-11	9.67508265293758	3.01140519485231E-12	1.23147065632613E-10	20.6377058926512	1E10	1E-30	1E-10	1E10	1E-30	1E-10	1E10	1E-30	1E-10
442	1.46842184253682E-07	1E10	3333333333.33333	1E-30	1.62184772884349E-10	1E10	1E-30	1E10	1.53468251867019E-02	1.63808205914129E-05	1E10	242.898306290171	3.05513622505244E-05	1E10	17.5964267717909	3.02077033849746E-05	1E10	2.78884570022519	2.80784734094611E-05	1E10	0.733541157963739	1.7899459176272E-05	1E10	0.136589198674092	1.6097164144948E-05	1E10	0.023693194342046	1E-30	2.05665175933253E-11	0.105171438632912	1E-30	1.459446687719E-10	6.49877771852727E-02	8.19446673386338E-07	3.10752497252647E-11	2.22742578994022E-02	2.29530650790917E-07	5.05786656207334E-11	2.73425061375777E-02	9.50459702363663E-12	1.06163130082063E-10	11.2777963859628	2.73391884421154E-12	1.40521235311493E-10	14.0867324484074	1E10	1E-30	1E-10	1E10	1E-30	1E-10	1E10	1E-30	1E-10
443	1.50727159615121E-07	1E10	3333333333.33333	1E-30	2.18307696401138E-10	1E10	1E-30	1E10	9.42415693245809E-03	1.82883453161592E-05	1E10	217.563344770274	3.00090080344171E-05	1E10	18.948975180397	2.29804859383278E-05	1E10	3.52846429363612	2.75947140392819E-05	1E10	0.444207336386687	1.75220799600236E-05	1E10	0.105115818479474	1.25180384046757E-05	1E10	1.86566787609691E-02	1E-30	1.34065345518069E-11	8.10883795204053E-02	1E-30	1.50024290118876E-10	6.65758868260737E-02	5.46772203165837E-07	3.95736247874493E-11	3.92173204621492E-02	2.36135655793364E-07	3.95754105119193E-11	3.80319202159442E-02	1.44760468868471E-11	7.2542069811526E-11	7.36184921862052	5.57327424872183E-12	6.64119072677404E-11	8.17442149151731	1E10	1E-30	1E-10	1E10	1E-30	1E-10	1E10	1E-30	1E-10
444	1.46842184253682E-07	1E10	3333333333.33333	1E-30	1.62184772884349E-10	1E10	1E-30	1E10	1.53468251867019E-02	1.63808205914129E-05	1E10	242.898306290171	3.05513622505244E-05	1E10	17.5964267717909	3.02077033849746E-05	1E10	2.78884570022519	2.80784734094611E-05	1E10	0.733541157963739	1.7899459176272E-05	1E10	0.136589198674092	1.6097164144948E-05	1E10	0.023693194342046	1E-30	2.05665175933253E-11	0.105171438632912	1E-30	1.459446687719E-10	6.49877771852727E-02	8.19446673386338E-07	3.10752497252647E-11	2.22742578994022E-02	2.29530650790917E-07	5.05786656207334E-11	2.73425061375777E-02	9.50459702363663E-12	1.06163130082063E-10	11.2777963859628	2.73391884421154E-12	1.40521235311493E-10	14.0867324484074	1E10	1E-30	1E-10	1E10	1E-30	1E-10	1E10	1E-30	1E-10
445	1.50727159615121E-07	1E10	3333333333.33333	1E-30	2.18307696401138E-10	1E10	1E-30	1E10	9.42415693245809E-03	1.82883453161592E-05	1E10	217.563344770274	3.00090080344171E-05	1E10	18.948975180397	2.29804859383278E-05	1E10	3.52846429363612	2.75947140392819E-05	1E10	0.444207336386687	1.75220799600236E-05	1E10	0.105115818479474	1.25180384046757E-05	1E10	1.86566787609691E-02	1E-30	1.34065345518069E-11	8.10883795204053E-02	1E-30	1.50024290118876E-10	6.65758868260737E-02	5.46772203165837E-07	3.95736247874493E-11	3.92173204621492E-02	2.36135655793364E-07	3.95754105119193E-11	3.80319202159442E-02	1.44760468868471E-11	7.2542069811526E-11	7.36184921862052	5.57327424872183E-12	6.64119072677404E-11	8.17442149151731	1E10	1E-30	1E-10	1E10	1E-30	1E-10	1E10	1E-30	1E-10
446	2.12825204708569E-07	1E10	2272727272.72727	1E-30	1.16359968064426E-10	1E10	1E-30	1E10	1.01893048259625E-02	2.00473707981351E-05	1E10	198.473586255385	3.30622511623328E-05	1E10	20.3096629967965	3.57434589534597E-05	1E10	3.96006867172096	2.50769891636097E-05	1E10	1.28145310317464	1.97032628621049E-05	1E10	0.17277856821467	1.78421795342758E-05	1E10	1.83193208604066E-02	1E-30	1.23091821323743E-10	7.55389557005795E-02	1E-30	1.38303022758829E-11	4.66542558293173E-02	1.25183371616832E-06	2.31172327899454E-11	0.013669406308049	1.99352326597643E-07	6.46759988299993E-11	3.59902424606545E-02	9.81581725528149E-12	1.08878496013735E-10	11.4363012808966	2.36503549917144E-12	1.57756171342325E-10	28.9654403268283	1E10	1E-30	1E-10	1E10	1E-30	1E-10	1E10	1E-30	1E-10
447	2.21668623285403E-07	1E10	2272727272.72727	1E-30	1.22479594150925E-10	1E10	1E-30	1E10	8.63161132906726E-03	2.55041372904844E-05	1E10	156.008945998808	2.82302982379393E-05	1E10	15.245774883212	2.82108702937717E-05	1E10	1.56008945998808	2.52965748253006E-05	1E10	0.209718699324614	2.35406542791747E-05	1E10	2.83713726184597E-02	3.65931664316917E-05	1E10	4.58457293280302E-03	1E-30	2.68342379375451E-11	0.112402993025696	1E-30	1.93002012333312E-10	7.20696511695473E-02	1.23087928935441E-06	3.19550080704995E-11	2.58603657512785E-02	2.96350591011936E-07	6.78365762126488E-11	0.035549466529419	1.91005953100828E-11	4.53118243247787E-11	4.44990303513778	2.49380639628312E-12	1.09720253819055E-10	18.3188162243112	1E10	1E-30	1E-10	1E10	1E-30	1E-10	1E10	1E-30	1E-10
448	2.30042043820254E-07	1E10	2272727272.72727	1E-30	1.15635999334882E-10	1E10	1E-30	1E10	8.0507306770744E-03	2.99548491821884E-05	1E10	132.829030555201	3.82617456353521E-05	1E10	12.1141515647481	3.44243285602664E-05	1E10	1.45644135818615	3.17196991928213E-05	1E10	0.167251421190352	2.12245041835692E-05	1E10	3.96151516931002E-02	1.67555889476075E-05	1E10	6.31741168444806E-03	1E-30	1.86822854514155E-11	6.16267372627563E-02	1E-30	1.68350967746257E-10	5.68846479107919E-02	7.62139870050586E-07	4.28848484014902E-11	3.48044038778454E-02	3.91722738668218E-07	3.80935720185227E-11	3.00959170354145E-02	1.85907825917838E-11	4.45996424073104E-11	5.98756104841594	2.01862531559818E-12	1.52100485143416E-10	22.5266375746029	1E10	1E-30	1E-10	1E10	1E-30	1E-10	1E10	1E-30	1E-10
449	2.13477761788846E-07	1E10	2272727272.72727	1E-30	1.05337269027111E-10	1E10	1E-30	1E10	1.10446083095753E-02	2.2224971450819E-05	1E10	179.027162581608	3.48271902386884E-05	1E10	17.9027162581608	3.27938891175306E-05	1E10	4.00791893249356	2.73059116312522E-05	1E10	1.00674371851209	2.16041981211758E-05	1E10	0.157575927020174	1.6651290785955E-05	1E10	2.47120838749756E-02	1E-30	1.14875971643318E-10	7.04970552852792E-02	1E-30	2.5282415183239E-11	6.77451413509404E-02	1.28099266925582E-06	2.25910203278347E-11	1.33582526325937E-02	2.08747512300758E-07	6.0359154066438E-11	3.43704147190389E-02	1.05178376857185E-11	1.08878496013735E-10	10.1926142453793	2.01297167504376E-12	1.65190990643758E-10	23.0080670828211	1E10	1E-30	1E-10	1E10	1E-30	1E-10	1E10	1E-30	1E-10
450	2.21507770967565E-07	1E10	2272727272.72727	1E-30	1.5179818149299E-10	1E10	1E-30	1E10	8.38565494055936E-03	2.58451646440982E-05	1E10	153.950405504805	3.80960646706528E-05	1E10	10.408324821649	3.19867964450478E-05	1E10	1.64960831547556	3.12924596334314E-05	1E10	0.165759726892389	2.61653737154819E-05	1E10	3.09406422463801E-02	2.07844833295467E-05	1E10	8.38973153805393E-03	1E-30	1.85256957457088E-11	5.83411557547257E-02	1E-30	1.46733912854011E-10	5.47906320165717E-02	9.10363386417429E-07	3.56670925014926E-11	3.26977921721753E-02	2.59377290794409E-07	5.2829271685765E-11	3.29473566695998E-02	1.68974264261685E-11	5.63219520640286E-11	6.25294898029514	2.60901456010026E-12	1.27633215078013E-10	20.4590429259914	1E10	1E-30	1E-10	1E10	1E-30	1E-10	1E10	1E-30	1E-10
451	2.21507770967565E-07	1E10	2272727272.72727	1E-30	1.5179818149299E-10	1E10	1E-30	1E10	8.38565494055936E-03	2.58451646440982E-05	1E10	153.950405504805	3.80960646706528E-05	1E10	10.408324821649	3.19867964450478E-05	1E10	1.64960831547556	3.12924596334314E-05	1E10	0.165759726892389	2.61653737154819E-05	1E10	3.09406422463801E-02	2.07844833295467E-05	1E10	8.38973153805393E-03	1E-30	1.85256957457088E-11	5.83411557547257E-02	1E-30	1.46733912854011E-10	5.47906320165717E-02	9.10363386417429E-07	3.56670925014926E-11	3.26977921721753E-02	2.59377290794409E-07	5.2829271685765E-11	3.29473566695998E-02	1.68974264261685E-11	5.63219520640286E-11	6.25294898029514	2.60901456010026E-12	1.27633215078013E-10	20.4590429259914	1E10	1E-30	1E-10	1E10	1E-30	1E-10	1E10	1E-30	1E-10
452	3.2815245590326E-07	1E10	1515151515.15151	1E-30	1.42745272864382E-10	1E10	1E-30	1E10	8.52973460790792E-03	3.77567959919955E-05	1E10	105.381653097389	5.16474900441109E-05	1E10	12.6696613580181	4.37095247546287E-05	1E10	1.78963723458567	4.16899166415047E-05	1E10	0.341008344990737	4.1018185705667E-05	1E10	5.10053506803173E-02	2.40331144227557E-05	1E10	1.38546787836777E-02	1E-30	1.50421576298314E-11	0.113392456728218	1E-30	1.09936383832448E-10	0.061559660801327	1.39259251181544E-06	2.87327625392674E-11	1.47984429882446E-02	2.54766235138167E-07	6.80170789807319E-11	3.04065697661276E-02	1.16098107965037E-11	8.10715473832152E-11	8.97970780249757	4.54121727307916E-12	8.60146500985373E-11	15.6802742491486	1E10	1E-30	1E-10	1E10	1E-30	1E-10	1E10	1E-30	1E-10
453	3.28712377902653E-07	1E10	1515151515.15151	1E-30	2.10424536265674E-10	1E10	1E-30	1E10	7.71493899771076E-03	3.57882804807835E-05	1E10	111.178115401041	5.78417793623405E-05	1E10	8.63016915122701	4.93089354959248E-05	1E10	1.36778963375675	5.55389397050603E-05	1E10	0.23769459590973	3.00285664253711E-05	1E10	4.79426092991197E-02	2.7130902048887E-05	1E10	7.956063697732E-3	1E-30	1.4536111340773E-10	4.91855288677989E-02	1E-30	5.44306979241209E-12	1.92525096858743E-02	1.61091013656686E-06	2.82829728433686E-11	1.87257531862177E-02	4.82331915496731E-07	4.11652493990556E-11	2.52492454813185E-02	1.19839638088317E-11	1.04953055197791E-10	10.262822772478	3.22548893004409E-12	1.03132842492991E-10	18.6791502617435	1E10	1E-30	1E-10	1E10	1E-30	1E-10	1E10	1E-30	1E-10
454	3.2815245590326E-07	1E10	1515151515.15151	1E-30	1.42745272864382E-10	1E10	1E-30	1E10	8.52973460790792E-03	3.77567959919955E-05	1E10	105.381653097389	5.16474900441109E-05	1E10	12.6696613580181	4.37095247546287E-05	1E10	1.78963723458567	4.16899166415047E-05	1E10	0.341008344990737	4.1018185705667E-05	1E10	5.10053506803173E-02	2.40331144227557E-05	1E10	1.38546787836777E-02	1E-30	1.50421576298314E-11	0.113392456728218	1E-30	1.09936383832448E-10	0.061559660801327	1.39259251181544E-06	2.87327625392674E-11	1.47984429882446E-02	2.54766235138167E-07	6.80170789807319E-11	3.04065697661276E-02	1.16098107965037E-11	8.10715473832152E-11	8.97970780249757	4.54121727307916E-12	8.60146500985373E-11	15.6802742491486	1E10	1E-30	1E-10	1E10	1E-30	1E-10	1E10	1E-30	1E-10
455	3.16316746049185E-07	1E10	1515151515.15151	1E-30	1.79326499737466E-10	1E10	1E-30	1E10	7.78499519261661E-03	3.87023360503414E-05	1E10	102.80706498238	6.17479339672691E-05	1E10	9.37611576262985	4.73934216231673E-05	1E10	1.91435713261754	4.4523975140182E-05	1E10	0.296498814153169	3.04743843344223E-05	1E10	5.41587466716526E-02	2.4902893570787E-05	1E10	7.91198974898362E-03	1E-30	1.47605200081491E-10	0.055554475965545	1E-30	1.06177931811325E-11	5.14407335378734E-02	1.40186662901475E-06	2.87361028145375E-11	1.77056859482879E-02	3.55962124614845E-07	4.80524268348277E-11	2.64443667311395E-02	1.06562446644621E-11	7.30049319968382E-11	8.18127940099869	5.33597663590301E-12	6.49777859031702E-11	9.67467106262317	1E10	1E-30	1E-10	1E10	1E-30	1E-10	1E10	1E-30	1E-10
456	4.46045298554242E-07	1E10	1063829787.23404	1E-30	1.45604897582853E-10	1E10	1E-30	1E10	8.4797530199418E-03	5.02307234721033E-05	1E10	79.2119504212821	5.41819566938153E-05	1E10	10.6853980975999	5.52519239568567E-05	1E10	1.31459115831753	5.17613180592718E-05	1E10	0.274657022072774	5.30776949343861E-05	1E10	3.33694835633648E-02	5.50487628790115E-05	1E10	9.28177681144372E-03	1E-30	2.23523070101513E-11	0.155252056826853	1E-30	1.31772113067632E-10	5.81197452622625E-02	2.11454761742036E-06	2.82625350652464E-11	1.11760902984316E-02	4.33215826381529E-07	5.80709786378615E-11	2.32242328140555E-02	9.7169921939649E-12	9.03986095765752E-11	9.78089834970377	3.93535159836081E-12	8.644923773287E-11	20.0129905881262	1E10	1E-30	1E-10	1E10	1E-30	1E-10	1E10	1E-30	1E-10
457	4.42881718616242E-07	1E10	1063829787.23404	1E-30	1.58367114104096E-10	1E10	1E-30	1E10	6.14787676812502E-03	4.84785457291962E-05	1E10	76.2105360588847	6.94784230288479E-05	1E10	6.1946249361886	5.4566979990227E-05	1E10	1.07650243479	5.05978649920072E-05	1E10	0.104849577557627	1.44885511123613E-04	1E10	1.21073388025819E-02	5.53452038744659E-05	1E10	9.58559079800847E-03	2.42807195326398E-05	1E10	2.34119357978264E-03	1E-30	1.56244421146764E-10	4.49237339396984E-02	1E-30	1.32315734778506E-11	3.99054854721112E-02	1.50971462527409E-06	4.48615008414238E-11	2.10841095962754E-02	6.88445745090427E-07	4.23034810352389E-11	2.10163709970665E-02	1.15839900058704E-11	9.0010692760522E-11	9.39051590011312	2.93308176395857E-12	1.38437844980856E-10	19.3444307052434	1E10	1E-30	1E-10	1E10	1E-30	1E-10
458	4.51773430638909E-07	1E10	1063829787.23404	1E-30	1.14995954198685E-10	1E10	1E-30	1E10	7.8367687104887E-03	5.31409118807051E-05	1E10	74.8740177102994	7.6159949138625E-05	1E10	6.08598864627426	6.64379109559127E-05	1E10	0.942608035786225	5.61779272234705E-05	1E10	0.116180479821723	5.00224554629464E-05	1E10	0.016808690118496	6.48849816317946E-05	1E10	2.36050977905799E-03	1E-30	1.74497723856265E-11	5.26272736641584E-02	1E-30	1.39394407126712E-10	4.47718587417991E-02	2.44785745507621E-06	2.28305474962136E-11	1.08363433473798E-02	4.84593565873307E-07	4.97821123562353E-11	1.93193969860538E-02	1.19421400178089E-11	7.05147990355659E-11	9.8693613772566	2.18789300813702E-12	1.6350068950865E-10	30.3097817740591	1E10	1E-30	1E-10	1E10	1E-30	1E-10	1E10	1E-30	1E-10
459	4.42881718616242E-07	1E10	1063829787.23404	1E-30	1.58367114104096E-10	1E10	1E-30	1E10	6.14787676812502E-03	4.84785457291962E-05	1E10	76.2105360588847	6.94784230288479E-05	1E10	6.1946249361886	5.4566979990227E-05	1E10	1.07650243479	5.05978649920072E-05	1E10	0.104849577557627	1.44885511123613E-04	1E10	1.21073388025819E-02	5.53452038744659E-05	1E10	9.58559079800847E-03	2.42807195326398E-05	1E10	2.34119357978264E-03	1E-30	1.56244421146764E-10	4.49237339396984E-02	1E-30	1.32315734778506E-11	3.99054854721112E-02	1.50971462527409E-06	4.48615008414238E-11	2.10841095962754E-02	6.88445745090427E-07	4.23034810352389E-11	2.10163709970665E-02	1.15839900058704E-11	9.0010692760522E-11	9.39051590011312	2.93308176395857E-12	1.38437844980856E-10	19.3444307052434	1E10	1E-30	1E-10	1E10	1E-30	1E-10
460	4.51773430638909E-07	1E10	1063829787.23404	1E-30	1.14995954198685E-10	1E10	1E-30	1E10	7.8367687104887E-03	5.31409118807051E-05	1E10	74.8740177102994	7.6159949138625E-05	1E10	6.08598864627426	6.64379109559127E-05	1E10	0.942608035786225	5.61779272234705E-05	1E10	0.116180479821723	5.00224554629464E-05	1E10	0.016808690118496	6.48849816317946E-05	1E10	2.36050977905799E-03	1E-30	1.74497723856265E-11	5.26272736641584E-02	1E-30	1.39394407126712E-10	4.47718587417991E-02	2.44785745507621E-06	2.28305474962136E-11	1.08363433473798E-02	4.84593565873307E-07	4.97821123562353E-11	1.93193969860538E-02	1.19421400178089E-11	7.05147990355659E-11	9.8693613772566	2.18789300813702E-12	1.6350068950865E-10	30.3097817740591	1E10	1E-30	1E-10	1E10	1E-30	1E-10	1E10	1E-30	1E-10
461	4.42881718616242E-07	1E10	1063829787.23404	1E-30	1.58367114104096E-10	1E10	1E-30	1E10	6.14787676812502E-03	4.84785457291962E-05	1E10	76.2105360588847	6.94784230288479E-05	1E10	6.1946249361886	5.4566979990227E-05	1E10	1.07650243479	5.05978649920072E-05	1E10	0.104849577557627	1.44885511123613E-04	1E10	1.21073388025819E-02	5.53452038744659E-05	1E10	9.58559079800847E-03	2.42807195326398E-05	1E10	2.34119357978264E-03	1E-30	1.56244421146764E-10	4.49237339396984E-02	1E-30	1.32315734778506E-11	3.99054854721112E-02	1.50971462527409E-06	4.48615008414238E-11	2.10841095962754E-02	6.88445745090427E-07	4.23034810352389E-11	2.10163709970665E-02	1.15839900058704E-11	9.0010692760522E-11	9.39051590011312	2.93308176395857E-12	1.38437844980856E-10	19.3444307052434	1E10	1E-30	1E-10	1E10	1E-30	1E-10
462	4.42881718616242E-07	1E10	1063829787.23404	1E-30	1.58367114104096E-10	1E10	1E-30	1E10	6.14787676812502E-03	4.84785457291962E-05	1E10	76.2105360588847	6.94784230288479E-05	1E10	6.1946249361886	5.4566979990227E-05	1E10	1.07650243479	5.05978649920072E-05	1E10	0.104849577557627	1.44885511123613E-04	1E10	1.21073388025819E-02	5.53452038744659E-05	1E10	9.58559079800847E-03	2.42807195326398E-05	1E10	2.34119357978264E-03	1E-30	1.56244421146764E-10	4.49237339396984E-02	1E-30	1.32315734778506E-11	3.99054854721112E-02	1.50971462527409E-06	4.48615008414238E-11	2.10841095962754E-02	6.88445745090427E-07	4.23034810352389E-11	2.10163709970665E-02	1.15839900058704E-11	9.0010692760522E-11	9.39051590011312	2.93308176395857E-12	1.38437844980856E-10	19.3444307052434	1E10	1E-30	1E-10	1E10	1E-30	1E-10
463	6.59247513140827E-07	1E10	735294117.647058	1E-30	2.08206294555544E-10	1E10	1E-30	1E10	6.6E-3	6.97845104929472E-05	1E10	57.0165721474754	9.38123140228325E-05	1E10	5.32109611733333	8.14227942277376E-05	1E10	0.769132395195534	8.89700633280044E-05	1E10	8.83082144954324E-02	5.29421223895317E-05	1E10	2.31514041779912E-02	5.61485663776788E-05	1E10	2.53577193396768E-03	1E-30	1.59319216112758E-11	7.29014881563914E-02	1E-30	1.52541140846064E-10	4.33611488852921E-02	4.21764781659609E-06	2.06854024297983E-11	8.54930173142625E-03	6.39160957660912E-07	5.73286285288083E-11	1.64295359152705E-02	1.11385646404622E-11	8.53743293257999E-11	8.63246404334606	4.42905467598274E-12	7.05044511066645E-11	8.89784514003732	1E10	1E-30	1E-10	1E10	1E-30	1E-10	1E10	1E-30	1E-10
464	6.69278903899915E-07	1E10	735294117.647058	1E-30	1.44156120864991E-10	1E10	1E-30	1E10	6.20534167207193E-03	7.95553410171911E-05	1E10	50.0139088893803	9.85268488641587E-05	1E10	5.87612192671013	9.209801987147E-05	1E10	0.849358033061901	8.74029505340162E-05	1E10	0.151039590194513	5.96828037855975E-05	1E10	2.56687379810346E-02	5.82612196579927E-05	1E10	3.68227339179427E-03	1E-30	1.73134517629002E-10	3.49051069934885E-02	1E-30	1.57251243960841E-11	2.13146951419572E-02	3.62985871870506E-06	2.83169373118545E-11	1.11825543067054E-02	1.19311834022423E-06	3.87899012685177E-11	1.53074919939271E-02	1.14029020430172E-11	1.15557490827209E-10	9.61792231893171	2.00759301519937E-12	1.4861559693317E-10	25.1511467635424	1E10	1E-30	1E-10	1E10	1E-30	1E-10	1E10	1E-30	1E-10
465	6.59247513140827E-07	1E10	735294117.647058	1E-30	2.08206294555544E-10	1E10	1E-30	1E10	6.6E-3	6.97845104929472E-05	1E10	57.0165721474754	9.38123140228325E-05	1E10	5.32109611733333	8.14227942277376E-05	1E10	0.769132395195534	8.89700633280044E-05	1E10	8.83082144954324E-02	5.29421223895317E-05	1E10	2.31514041779912E-02	5.61485663776788E-05	1E10	2.53577193396768E-03	1E-30	1.59319216112758E-11	7.29014881563914E-02	1E-30	1.52541140846064E-10	4.33611488852921E-02	4.21764781659609E-06	2.06854024297983E-11	8.54930173142625E-03	6.39160957660912E-07	5.73286285288083E-11	1.64295359152705E-02	1.11385646404622E-11	8.53743293257999E-11	8.63246404334606	4.42905467598274E-12	7.05044511066645E-11	8.89784514003732	1E10	1E-30	1E-10	1E10	1E-30	1E-10	1E10	1E-30	1E-10
466	6.69278903899915E-07	1E10	735294117.647058	1E-30	1.44156120864991E-10	1E10	1E-30	1E10	6.20534167207193E-03	7.95553410171911E-05	1E10	50.0139088893803	9.85268488641587E-05	1E10	5.87612192671013	9.209801987147E-05	1E10	0.849358033061901	8.74029505340162E-05	1E10	0.151039590194513	5.96828037855975E-05	1E10	2.56687379810346E-02	5.82612196579927E-05	1E10	3.68227339179427E-03	1E-30	1.73134517629002E-10	3.49051069934885E-02	1E-30	1.57251243960841E-11	2.13146951419572E-02	3.62985871870506E-06	2.83169373118545E-11	1.11825543067054E-02	1.19311834022423E-06	3.87899012685177E-11	1.53074919939271E-02	1.14029020430172E-11	1.15557490827209E-10	9.61792231893171	2.00759301519937E-12	1.4861559693317E-10	25.1511467635424	1E10	1E-30	1E-10	1E10	1E-30	1E-10	1E10	1E-30	1E-10
467	6.817158807947E-07	1E10	735294118	1E-30	2.10930526483158E-10	1E10	1E-30	1E10	5.23564274025449E-03	9.015709449339E-05	1E10	44.1326730819735	1.38763391144724E-04	1E10	3.50558283028678	1.52050157006057E-04	1E10	0.411870069594194	1.55403050960749E-04	1E10	7.32420064370654E-02	1.22924137074948E-04	1E10	1.28417547390274E-02	1.43521314385259E-04	1E10	2.20800102803028E-03	1E-30	1.7371522436437E-10	3.64199264314655E-02	1E-30	1.17872912773587E-11	2.63470553794181E-02	3.88630995662944E-06	2.82626000259315E-11	1.23877809992574E-02	1.16127241480059E-06	4.28751580290625E-11	1.69241696752466E-02	1.4545369051743E-11	9.42778013050755E-11	8.70510355585495	3.7752437262197E-12	9.70788443081599E-11	12.9695318145282	1E10	1E-30	1E-10	1E10	1E-30	1E-10	1E10	1E-30	1E-10
468	6.817158807947E-07	1E10	735294118	1E-30	2.10930526483158E-10	1E10	1E-30	1E10	5.23564274025449E-03	9.015709449339E-05	1E10	44.1326730819735	1.38763391144724E-04	1E10	3.50558283028678	1.52050157006057E-04	1E10	0.411870069594194	1.55403050960749E-04	1E10	7.32420064370654E-02	1.22924137074948E-04	1E10	1.28417547390274E-02	1.43521314385259E-04	1E10	2.20800102803028E-03	1E-30	1.7371522436437E-10	3.64199264314655E-02	1E-30	1.17872912773587E-11	2.63470553794181E-02	3.88630995662944E-06	2.82626000259315E-11	1.23877809992574E-02	1.16127241480059E-06	4.28751580290625E-11	1.69241696752466E-02	1.4545369051743E-11	9.42778013050755E-11	8.70510355585495	3.7752437262197E-12	9.70788443081599E-11	12.9695318145282	1E10	1E-30	1E-10	1E10	1E-30	1E-10	1E10	1E-30	1E-10
469	9.39430675650584E-07	1E10	5E7	1E-30	2.33624431651975E-10	1E10	1E-30	1E10	5.87564120905066E-03	1.40189077267955E-04	1E10	3.9988848198583	1.09741719601176E-04	1E10	0.874535079143227	1.10894138142463E-04	1E10	0.140674610890179	1.00524300649214E-04	1E10	0.023518525728264	7.32170018459048E-05	1E10	6.12174670513195E-03	1E-30	1.35418400883714E-11	0.085639848024808	1E-30	1.88783406722924E-10	0.03872661117876	1E-30	1.8322703855448E-11	3.51320880241418E-02	2.97298834205522E-06	5.53456198932952E-11	1.43275519680212E-02	1.3887942534576E-06	5.48832631470699E-11	1.52845143986312E-02	1.9318530762642E-11	6.742665224463E-11	5.47157629966998	1E10	1E-30	1E-10	1E10	1E-30	1E-10	1E10	1E-30	1E-10	1E10	1E-30	1E-10
470	9.39430675650584E-07	1E10	5E7	1E-30	2.33624431651975E-10	1E10	1E-30	1E10	5.87564120905066E-03	1.40189077267955E-04	1E10	3.9988848198583	1.09741719601176E-04	1E10	0.874535079143227	1.10894138142463E-04	1E10	0.140674610890179	1.00524300649214E-04	1E10	0.023518525728264	7.32170018459048E-05	1E10	6.12174670513195E-03	1E-30	1.35418400883714E-11	0.085639848024808	1E-30	1.88783406722924E-10	0.03872661117876	1E-30	1.8322703855448E-11	3.51320880241418E-02	2.97298834205522E-06	5.53456198932952E-11	1.43275519680212E-02	1.3887942534576E-06	5.48832631470699E-11	1.52845143986312E-02	1.9318530762642E-11	6.742665224463E-11	5.47157629966998	1E10	1E-30	1E-10	1E10	1E-30	1E-10	1E10	1E-30	1E-10	1E10	1E-30	1E-10
471	9.39430675650584E-07	1E10	5E7	1E-30	2.33624431651975E-10	1E10	1E-30	1E10	5.87564120905066E-03	1.40189077267955E-04	1E10	3.9988848198583	1.09741719601176E-04	1E10	0.874535079143227	1.10894138142463E-04	1E10	0.140674610890179	1.00524300649214E-04	1E10	0.023518525728264	7.32170018459048E-05	1E10	6.12174670513195E-03	1E-30	1.35418400883714E-11	0.085639848024808	1E-30	1.88783406722924E-10	0.03872661117876	1E-30	1.8322703855448E-11	3.51320880241418E-02	2.97298834205522E-06	5.53456198932952E-11	1.43275519680212E-02	1.3887942534576E-06	5.48832631470699E-11	1.52845143986312E-02	1.9318530762642E-11	6.742665224463E-11	5.47157629966998	1E10	1E-30	1E-10	1E10	1E-30	1E-10	1E10	1E-30	1E-10	1E10	1E-30	1E-10
472	9.39430675650584E-07	1E10	5E7	1E-30	2.33624431651975E-10	1E10	1E-30	1E10	5.87564120905066E-03	1.40189077267955E-04	1E10	3.9988848198583	1.09741719601176E-04	1E10	0.874535079143227	1.10894138142463E-04	1E10	0.140674610890179	1.00524300649214E-04	1E10	0.023518525728264	7.32170018459048E-05	1E10	6.12174670513195E-03	1E-30	1.35418400883714E-11	0.085639848024808	1E-30	1.88783406722924E-10	0.03872661117876	1E-30	1.8322703855448E-11	3.51320880241418E-02	2.97298834205522E-06	5.53456198932952E-11	1.43275519680212E-02	1.3887942534576E-06	5.48832631470699E-11	1.52845143986312E-02	1.9318530762642E-11	6.742665224463E-11	5.47157629966998	1E10	1E-30	1E-10	1E10	1E-30	1E-10	1E10	1E-30	1E-10	1E10	1E-30	1E-10
473	9.88644209435751E-07	1E10	5E8	1E-30	1.54201177322959E-10	1E10	1E-30	1E10	5.23234957498872E-03	2.619877547469E-05	1E10	343.528568369053	1.2620078448646E-04	1E10	4.54081406709481	1.06986923905044E-04	1E10	0.683512024410884	9.33415934555558E-05	1E10	7.69356261904898E-02	6.98917175894971E-05	1E10	1.07987623573285E-02	1E-30	1.8568195272387E-11	6.02754903752464E-02	1E-30	2.05407580182776E-10	3.98845472311962E-02	2.32853764811179E-06	6.8749583858799E-11	1.59628222734534E-02	1.65200427868378E-06	4.41026694522483E-11	1.56171027517673E-02	1.51680989755009E-11	6.99333955515748E-11	6.04596008807736	3.12722373312593E-12	9.36795069965282E-11	25.3625116857413	1E10	1E-30	1E-10	1E10	1E-30	1E-10	1E10	1E-30	1E-10	1E10	1E-30	1E-10
474	9.88644209435751E-07	1E10	5E8	1E-30	1.54201177322959E-10	1E10	1E-30	1E10	5.23234957498872E-03	2.619877547469E-05	1E10	343.528568369053	1.2620078448646E-04	1E10	4.54081406709481	1.06986923905044E-04	1E10	0.683512024410884	9.33415934555558E-05	1E10	7.69356261904898E-02	6.98917175894971E-05	1E10	1.07987623573285E-02	1E-30	1.8568195272387E-11	6.02754903752464E-02	1E-30	2.05407580182776E-10	3.98845472311962E-02	2.32853764811179E-06	6.8749583858799E-11	1.59628222734534E-02	1.65200427868378E-06	4.41026694522483E-11	1.56171027517673E-02	1.51680989755009E-11	6.99333955515748E-11	6.04596008807736	3.12722373312593E-12	9.36795069965282E-11	25.3625116857413	1E10	1E-30	1E-10	1E10	1E-30	1E-10	1E10	1E-30	1E-10	1E10	1E-30	1E-10
475	9.88644209435751E-07	1E10	5E8	1E-30	1.54201177322959E-10	1E10	1E-30	1E10	5.23234957498872E-03	2.619877547469E-05	1E10	343.528568369053	1.2620078448646E-04	1E10	4.54081406709481	1.06986923905044E-04	1E10	0.683512024410884	9.33415934555558E-05	1E10	7.69356261904898E-02	6.98917175894971E-05	1E10	1.07987623573285E-02	1E-30	1.8568195272387E-11	6.02754903752464E-02	1E-30	2.05407580182776E-10	3.98845472311962E-02	2.32853764811179E-06	6.8749583858799E-11	1.59628222734534E-02	1.65200427868378E-06	4.41026694522483E-11	1.56171027517673E-02	1.51680989755009E-11	6.99333955515748E-11	6.04596008807736	3.12722373312593E-12	9.36795069965282E-11	25.3625116857413	1E10	1E-30	1E-10	1E10	1E-30	1E-10	1E10	1E-30	1E-10	1E10	1E-30	1E-10
476	9.88644209435751E-07	1E10	5E8	1E-30	1.54201177322959E-10	1E10	1E-30	1E10	5.23234957498872E-03	2.619877547469E-05	1E10	343.528568369053	1.2620078448646E-04	1E10	4.54081406709481	1.06986923905044E-04	1E10	0.683512024410884	9.33415934555558E-05	1E10	7.69356261904898E-02	6.98917175894971E-05	1E10	1.07987623573285E-02	1E-30	1.8568195272387E-11	6.02754903752464E-02	1E-30	2.05407580182776E-10	3.98845472311962E-02	2.32853764811179E-06	6.8749583858799E-11	1.59628222734534E-02	1.65200427868378E-06	4.41026694522483E-11	1.56171027517673E-02	1.51680989755009E-11	6.99333955515748E-11	6.04596008807736	3.12722373312593E-12	9.36795069965282E-11	25.3625116857413	1E10	1E-30	1E-10	1E10	1E-30	1E-10	1E10	1E-30	1E-10	1E10	1E-30	1E-10
477	8.95034949175169E-07	1E10	5E8	1E-30	1.68419334830342E-10	1E10	1E-30	1E10	4.69056683650855E-03	1.24944604302574E-04	1E10	12.2842610423816	1.20946084404016E-04	1E10	1.71306261768569	8.19926567028764E-05	1E10	0.327487101323752	7.4556201393729E-05	1E10	3.21640846206942E-02	1.29025231467867E-04	1E10	3.38521397639432E-03	1E-30	1.76760760969581E-11	8.08676753380406E-02	1E-30	2.18803021510403E-10	4.41789911399123E-02	3.33263214291247E-06	4.90709239631474E-11	1.83810855112544E-02	1.11948711227647E-06	7.00271905700922E-11	2.09083845353889E-02	1.56193125979675E-11	5.40762478578832E-11	4.97344544899947	4.12647390965734E-12	6.82986786818919E-11	14.1896715724576	1E10	1E-30	1E-10	1E10	1E-30	1E-10	1E10	1E-30	1E-10	1E10	1E-30	1E-10
478	8.9503494917517E-07	1E10	5E8	1E-30	1.68419334830342E-10	1E10	1E-30	1E10	4.69056683650855E-03	1.24944604302574E-04	1E10	12.2842610423817	1.20946084404016E-04	1E10	1.71306261768569	8.19926567028764E-05	1E10	0.327487101323752	7.4556201393729E-05	1E10	3.21640846206943E-02	1.29025231467867E-04	1E10	3.38521397639433E-03	1E-30	1.76760760969581E-11	8.08676753380406E-02	1E-30	2.18803021510404E-10	4.41789911399123E-02	3.33263214291247E-06	4.90709239631474E-11	1.83810855112544E-02	1.11948711227648E-06	7.00271905700923E-11	0.020908384535389	1.56193125979676E-11	5.40762478578832E-11	4.97344544899948	4.12647390965734E-12	6.82986786818919E-11	14.1896715724576	1E10	1E-30	1E-10	1E10	1E-30	1E-10	1E10	1E-30	1E-10	1E10	1E-30	1E-10
479	9.77248020056914E-07	1E10	5E8	1E-30	1.59647779105308E-10	1E10	1E-30	1E10	4.9722186404337E-03	2.90366020117397E-05	1E10	237.898191882819	1.42130337307096E-04	1E10	4.67439291415381	1.03818533661257E-04	1E10	0.843978800193218	9.21730796323902E-05	1E10	9.44393826184998E-02	7.86327604098851E-05	1E10	1.22018168018518E-02	1.69903196223644E-04	1E10	1.31000533252837E-03	1E-30	2.13228776734367E-11	7.67364676941847E-02	1E-30	1.93864174815399E-10	3.90139405354324E-02	4.32705532166442E-06	3.40709081041871E-11	9.80883984115834E-03	1.31352402344563E-06	5.06981128585207E-11	1.47724145556994E-02	1.11336060220908E-11	6.81727864547934E-11	7.65023853887196	5.82880510786693E-12	5.56542968438805E-11	16.7839790131328	1E10	1E-30	1E-10	1E10	1E-30	1E-10	1E10	1E-30	1E-10
480	9.88644209435751E-07	1E10	5E8	1E-30	1.54201177322959E-10	1E10	1E-30	1E10	5.23234957498872E-03	2.619877547469E-05	1E10	343.528568369053	1.2620078448646E-04	1E10	4.54081406709481	1.06986923905044E-04	1E10	0.683512024410884	9.33415934555558E-05	1E10	7.69356261904898E-02	6.98917175894971E-05	1E10	1.07987623573285E-02	1E-30	1.8568195272387E-11	6.02754903752464E-02	1E-30	2.05407580182776E-10	3.98845472311962E-02	2.32853764811179E-06	6.8749583858799E-11	1.59628222734534E-02	1.65200427868378E-06	4.41026694522483E-11	1.56171027517673E-02	1.51680989755009E-11	6.99333955515748E-11	6.04596008807736	3.12722373312593E-12	9.36795069965282E-11	25.3625116857413	1E10	1E-30	1E-10	1E10	1E-30	1E-10	1E10	1E-30	1E-10	1E10	1E-30	1E-10
481	9.77248020056914E-07	1E10	5E8	1E-30	1.59647779105309E-10	1E10	1E-30	1E10	4.97221864043371E-03	2.90366020117397E-05	1E10	237.89819188282	1.42130337307096E-04	1E10	4.67439291415382	1.03818533661257E-04	1E10	0.843978800193218	9.21730796323903E-05	1E10	9.44393826184999E-02	7.86327604098852E-05	1E10	1.22018168018519E-02	1.69903196223645E-04	1E10	1.31000533252838E-03	1E-30	2.13228776734368E-11	7.67364676941848E-02	1E-30	1.93864174815399E-10	3.90139405354324E-02	4.32705532166443E-06	3.40709081041872E-11	9.80883984115835E-03	1.31352402344564E-06	5.06981128585208E-11	1.47724145556995E-02	1.11336060220908E-11	6.81727864547935E-11	7.65023853887196	5.82880510786694E-12	5.56542968438806E-11	16.7839790131328	1E10	1E-30	1E-10	1E10	1E-30	1E-10	1E10	1E-30	1E-10
482	9.88644209435751E-07	1E10	5E8	1E-30	1.54201177322959E-10	1E10	1E-30	1E10	5.23234957498872E-03	2.619877547469E-05	1E10	343.528568369053	1.2620078448646E-04	1E10	4.54081406709481	1.06986923905044E-04	1E10	0.683512024410884	9.33415934555558E-05	1E10	7.69356261904898E-02	6.98917175894971E-05	1E10	1.07987623573285E-02	1E-30	1.8568195272387E-11	6.02754903752464E-02	1E-30	2.05407580182776E-10	3.98845472311962E-02	2.32853764811179E-06	6.8749583858799E-11	1.59628222734534E-02	1.65200427868378E-06	4.41026694522483E-11	1.56171027517673E-02	1.51680989755009E-11	6.99333955515748E-11	6.04596008807736	3.12722373312593E-12	9.36795069965282E-11	25.3625116857413	1E10	1E-30	1E-10	1E10	1E-30	1E-10	1E10	1E-30	1E-10	1E10	1E-30	1E-10
483	9.88644209435751E-07	1E10	5E8	1E-30	1.54201177322959E-10	1E10	1E-30	1E10	5.23234957498872E-03	2.619877547469E-05	1E10	343.528568369053	1.26200784486459E-04	1E10	4.54081406709481	1.06986923905043E-04	1E10	0.683512024410883	9.33415934555557E-05	1E10	7.69356261904897E-02	6.9891717589497E-05	1E10	1.07987623573285E-02	1E-30	1.85681952723869E-11	6.02754903752464E-02	1E-30	2.05407580182776E-10	3.98845472311961E-02	2.32853764811178E-06	6.8749583858799E-11	1.59628222734533E-02	1.65200427868377E-06	4.41026694522482E-11	1.56171027517672E-02	1.51680989755008E-11	6.99333955515748E-11	6.04596008807736	3.12722373312592E-12	9.36795069965282E-11	25.3625116857412	1E10	1E-30	1E-10	1E10	1E-30	1E-10	1E10	1E-30	1E-10	1E10	1E-30	1E-10
484	9.88644209435751E-07	1E10	5E8	1E-30	1.54201177322959E-10	1E10	1E-30	1E10	5.23234957498872E-03	2.619877547469E-05	1E10	343.528568369053	1.2620078448646E-04	1E10	4.54081406709481	1.06986923905044E-04	1E10	0.683512024410884	9.33415934555558E-05	1E10	7.69356261904898E-02	6.98917175894971E-05	1E10	1.07987623573285E-02	1E-30	1.8568195272387E-11	6.02754903752464E-02	1E-30	2.05407580182776E-10	3.98845472311962E-02	2.32853764811179E-06	6.8749583858799E-11	1.59628222734534E-02	1.65200427868378E-06	4.41026694522483E-11	1.56171027517673E-02	1.51680989755009E-11	6.99333955515748E-11	6.04596008807736	3.12722373312593E-12	9.36795069965282E-11	25.3625116857413	1E10	1E-30	1E-10	1E10	1E-30	1E-10	1E10	1E-30	1E-10	1E10	1E-30	1E-10
485	9.77248020056914E-07	1E10	5E8	1E-30	1.59647779105309E-10	1E10	1E-30	1E10	4.97221864043371E-03	2.90366020117397E-05	1E10	237.89819188282	1.42130337307096E-04	1E10	4.67439291415382	1.03818533661257E-04	1E10	0.843978800193218	9.21730796323903E-05	1E10	9.44393826184999E-02	7.86327604098852E-05	1E10	1.22018168018519E-02	1.69903196223645E-04	1E10	1.31000533252838E-03	1E-30	2.13228776734368E-11	7.67364676941848E-02	1E-30	1.93864174815399E-10	3.90139405354324E-02	4.32705532166443E-06	3.40709081041872E-11	9.80883984115835E-03	1.31352402344564E-06	5.06981128585208E-11	1.47724145556995E-02	1.11336060220908E-11	6.81727864547935E-11	7.65023853887196	5.82880510786694E-12	5.56542968438806E-11	16.7839790131328	1E10	1E-30	1E-10	1E10	1E-30	1E-10	1E10	1E-30	1E-10
486	9.77248020056914E-07	1E10	5E8	1E-30	1.59647779105308E-10	1E10	1E-30	1E10	4.9722186404337E-03	2.90366020117397E-05	1E10	237.898191882819	1.42130337307096E-04	1E10	4.67439291415381	1.03818533661257E-04	1E10	0.843978800193218	9.21730796323902E-05	1E10	9.44393826184998E-02	7.86327604098851E-05	1E10	1.22018168018518E-02	1.69903196223644E-04	1E10	1.31000533252837E-03	1E-30	2.13228776734367E-11	7.67364676941847E-02	1E-30	1.93864174815399E-10	3.90139405354324E-02	4.32705532166442E-06	3.40709081041871E-11	9.80883984115834E-03	1.31352402344563E-06	5.06981128585207E-11	1.47724145556994E-02	1.11336060220908E-11	6.81727864547934E-11	7.65023853887196	5.82880510786693E-12	5.56542968438805E-11	16.7839790131328	1E10	1E-30	1E-10	1E10	1E-30	1E-10	1E10	1E-30	1E-10
487	9.88644209435751E-07	1E10	5E8	1E-30	1.54201177322959E-10	1E10	1E-30	1E10	5.23234957498872E-03	2.619877547469E-05	1E10	343.528568369053	1.2620078448646E-04	1E10	4.54081406709481	1.06986923905044E-04	1E10	0.683512024410884	9.33415934555558E-05	1E10	7.69356261904898E-02	6.98917175894971E-05	1E10	1.07987623573285E-02	1E-30	1.8568195272387E-11	6.02754903752464E-02	1E-30	2.05407580182776E-10	3.98845472311962E-02	2.32853764811179E-06	6.8749583858799E-11	1.59628222734534E-02	1.65200427868378E-06	4.41026694522483E-11	1.56171027517673E-02	1.51680989755009E-11	6.99333955515748E-11	6.04596008807736	3.12722373312593E-12	9.36795069965282E-11	25.3625116857413	1E10	1E-30	1E-10	1E10	1E-30	1E-10	1E10	1E-30	1E-10	1E10	1E-30	1E-10
488	9.88644209435751E-07	1E10	5E8	1E-30	1.54201177322959E-10	1E10	1E-30	1E10	5.23234957498872E-03	2.619877547469E-05	1E10	343.528568369053	1.2620078448646E-04	1E10	4.54081406709481	1.06986923905044E-04	1E10	0.683512024410884	9.33415934555558E-05	1E10	7.69356261904898E-02	6.98917175894971E-05	1E10	1.07987623573285E-02	1E-30	1.8568195272387E-11	6.02754903752464E-02	1E-30	2.05407580182776E-10	3.98845472311962E-02	2.32853764811179E-06	6.8749583858799E-11	1.59628222734534E-02	1.65200427868378E-06	4.41026694522483E-11	1.56171027517673E-02	1.51680989755009E-11	6.99333955515748E-11	6.04596008807736	3.12722373312593E-12	9.36795069965282E-11	25.3625116857413	1E10	1E-30	1E-10	1E10	1E-30	1E-10	1E10	1E-30	1E-10	1E10	1E-30	1E-10
489	9.77248020056914E-07	1E10	5E8	1E-30	1.59647779105309E-10	1E10	1E-30	1E10	4.97221864043371E-03	2.90366020117397E-05	1E10	237.89819188282	1.42130337307096E-04	1E10	4.67439291415382	1.03818533661257E-04	1E10	0.843978800193218	9.21730796323903E-05	1E10	9.44393826184999E-02	7.86327604098852E-05	1E10	1.22018168018519E-02	1.69903196223645E-04	1E10	1.31000533252838E-03	1E-30	2.13228776734368E-11	7.67364676941848E-02	1E-30	1.93864174815399E-10	3.90139405354324E-02	4.32705532166443E-06	3.40709081041872E-11	9.80883984115835E-03	1.31352402344564E-06	5.06981128585208E-11	1.47724145556995E-02	1.11336060220908E-11	6.81727864547935E-11	7.65023853887196	5.82880510786694E-12	5.56542968438806E-11	16.7839790131328	1E10	1E-30	1E-10	1E10	1E-30	1E-10	1E10	1E-30	1E-10
490	9.77248020056914E-07	1E10	5E8	1E-30	1.59647779105309E-10	1E10	1E-30	1E10	4.97221864043371E-03	2.90366020117397E-05	1E10	237.89819188282	1.42130337307096E-04	1E10	4.67439291415382	1.03818533661257E-04	1E10	0.843978800193218	9.21730796323903E-05	1E10	9.44393826184999E-02	7.86327604098852E-05	1E10	1.22018168018519E-02	1.69903196223645E-04	1E10	1.31000533252838E-03	1E-30	2.13228776734368E-11	7.67364676941848E-02	1E-30	1.93864174815399E-10	3.90139405354324E-02	4.32705532166443E-06	3.40709081041872E-11	9.80883984115835E-03	1.31352402344564E-06	5.06981128585208E-11	1.47724145556995E-02	1.11336060220908E-11	6.81727864547935E-11	7.65023853887196	5.82880510786694E-12	5.56542968438806E-11	16.7839790131328	1E10	1E-30	1E-10	1E10	1E-30	1E-10	1E10	1E-30	1E-10
491	9.88644209435751E-07	1E10	5E8	1E-30	1.54201177322959E-10	1E10	1E-30	1E10	5.23234957498872E-03	2.619877547469E-05	1E10	343.528568369053	1.2620078448646E-04	1E10	4.54081406709481	1.06986923905044E-04	1E10	0.683512024410884	9.33415934555558E-05	1E10	7.69356261904898E-02	6.98917175894971E-05	1E10	1.07987623573285E-02	1E-30	1.8568195272387E-11	6.02754903752464E-02	1E-30	2.05407580182776E-10	3.98845472311962E-02	2.32853764811179E-06	6.8749583858799E-11	1.59628222734534E-02	1.65200427868378E-06	4.41026694522483E-11	1.56171027517673E-02	1.51680989755009E-11	6.99333955515748E-11	6.04596008807736	3.12722373312593E-12	9.36795069965282E-11	25.3625116857413	1E10	1E-30	1E-10	1E10	1E-30	1E-10	1E10	1E-30	1E-10	1E10	1E-30	1E-10
492	9.88644209435751E-07	1E10	5E8	1E-30	1.54201177322959E-10	1E10	1E-30	1E10	5.23234957498872E-03	2.619877547469E-05	1E10	343.528568369053	1.2620078448646E-04	1E10	4.54081406709481	1.06986923905044E-04	1E10	0.683512024410884	9.33415934555558E-05	1E10	7.69356261904898E-02	6.98917175894971E-05	1E10	1.07987623573285E-02	1E-30	1.8568195272387E-11	6.02754903752464E-02	1E-30	2.05407580182776E-10	3.98845472311962E-02	2.32853764811179E-06	6.8749583858799E-11	1.59628222734534E-02	1.65200427868378E-06	4.41026694522483E-11	1.56171027517673E-02	1.51680989755009E-11	6.99333955515748E-11	6.04596008807736	3.12722373312593E-12	9.36795069965282E-11	25.3625116857413	1E10	1E-30	1E-10	1E10	1E-30	1E-10	1E10	1E-30	1E-10	1E10	1E-30	1E-10
493	9.88644209435751E-07	1E10	5E8	1E-30	1.54201177322959E-10	1E10	1E-30	1E10	5.23234957498872E-03	2.619877547469E-05	1E10	343.528568369053	1.2620078448646E-04	1E10	4.54081406709481	1.06986923905044E-04	1E10	0.683512024410884	9.33415934555558E-05	1E10	7.69356261904898E-02	6.98917175894971E-05	1E10	1.07987623573285E-02	1E-30	1.8568195272387E-11	6.02754903752464E-02	1E-30	2.05407580182776E-10	3.98845472311962E-02	2.32853764811179E-06	6.8749583858799E-11	1.59628222734534E-02	1.65200427868378E-06	4.41026694522483E-11	1.56171027517673E-02	1.51680989755009E-11	6.99333955515748E-11	6.04596008807736	3.12722373312593E-12	9.36795069965282E-11	25.3625116857413	1E10	1E-30	1E-10	1E10	1E-30	1E-10	1E10	1E-30	1E-10	1E10	1E-30	1E-10
494	9.88644209435751E-07	1E10	5E8	1E-30	1.54201177322959E-10	1E10	1E-30	1E10	5.23234957498872E-03	2.619877547469E-05	1E10	343.528568369053	1.26200784486459E-04	1E10	4.54081406709481	1.06986923905043E-04	1E10	0.683512024410883	9.33415934555557E-05	1E10	7.69356261904897E-02	6.9891717589497E-05	1E10	1.07987623573285E-02	1E-30	1.85681952723869E-11	6.02754903752464E-02	1E-30	2.05407580182776E-10	3.98845472311961E-02	2.32853764811178E-06	6.8749583858799E-11	1.59628222734533E-02	1.65200427868377E-06	4.41026694522482E-11	1.56171027517672E-02	1.51680989755008E-11	6.99333955515748E-11	6.04596008807736	3.12722373312592E-12	9.36795069965282E-11	25.3625116857412	1E10	1E-30	1E-10	1E10	1E-30	1E-10	1E10	1E-30	1E-10	1E10	1E-30	1E-10
495	9.88644209435751E-07	1E10	5E8	1E-30	1.54201177322959E-10	1E10	1E-30	1E10	5.23234957498872E-03	2.619877547469E-05	1E10	343.528568369053	1.2620078448646E-04	1E10	4.54081406709481	1.06986923905044E-04	1E10	0.683512024410884	9.33415934555558E-05	1E10	7.69356261904898E-02	6.98917175894971E-05	1E10	1.07987623573285E-02	1E-30	1.8568195272387E-11	6.02754903752464E-02	1E-30	2.05407580182776E-10	3.98845472311962E-02	2.32853764811179E-06	6.8749583858799E-11	1.59628222734534E-02	1.65200427868378E-06	4.41026694522483E-11	1.56171027517673E-02	1.51680989755009E-11	6.99333955515748E-11	6.04596008807736	3.12722373312593E-12	9.36795069965282E-11	25.3625116857413	1E10	1E-30	1E-10	1E10	1E-30	1E-10	1E10	1E-30	1E-10	1E10	1E-30	1E-10
496	9.88644209435751E-07	1E10	5E8	1E-30	1.54201177322959E-10	1E10	1E-30	1E10	5.23234957498872E-03	2.619877547469E-05	1E10	343.528568369053	1.2620078448646E-04	1E10	4.54081406709481	1.06986923905044E-04	1E10	0.683512024410884	9.33415934555558E-05	1E10	7.69356261904898E-02	6.98917175894971E-05	1E10	1.07987623573285E-02	1E-30	1.8568195272387E-11	6.02754903752464E-02	1E-30	2.05407580182776E-10	3.98845472311962E-02	2.32853764811179E-06	6.8749583858799E-11	1.59628222734534E-02	1.65200427868378E-06	4.41026694522483E-11	1.56171027517673E-02	1.51680989755009E-11	6.99333955515748E-11	6.04596008807736	3.12722373312593E-12	9.36795069965282E-11	25.3625116857413	1E10	1E-30	1E-10	1E10	1E-30	1E-10	1E10	1E-30	1E-10	1E10	1E-30	1E-10
497	1.00367455835399E-06	1E10	5E8	1E-30	1.3805364175442E-10	1E10	1E-30	1E10	4.03047504747974E-03	1.52772998502012E-04	1E10	29.8197929572618	2.05421783548979E-04	1E10	4.04377794112488	1.69019886989177E-04	1E10	0.495072292875048	1.81578244535518E-04	1E10	4.92189646570796E-02	1.36646264628794E-04	1E10	7.69524351100915E-03	1E-30	2.22910157710547E-11	6.17794815020469E-02	1E-30	2.58177413338692E-10	3.81355420211744E-02	3.91815884000098E-06	4.52524005899541E-11	1.53313142367975E-02	2.71686378837802E-06	3.2304026728049E-11	1.48167457401258E-02	1.98263893566797E-11	6.15873371524384E-11	5.20398880144863	2.64511309201304E-12	7.59422486123032E-11	17.3866358123775	1E10	1E-30	1E-10	1E10	1E-30	1E-10	1E10	1E-30	1E-10	1E10	1E-30	1E-10
498	1.01101889389572E-06	1E10	5E8	1E-30	9.20991185335245E-11	1E10	1E-30	1E10	4.10132748647851E-03	9.06924661311599E-05	1E10	52.3668743579281	2.85410690660813E-04	1E10	2.36838299549869	2.22569012292974E-04	1E10	0.709460455765274	2.33169782452648E-04	1E10	0.115517103531298	1.771921343387E-04	1E10	2.47309512120065E-02	1.86302500682902E-04	1E10	4.11715291331423E-03	1E-30	1.46476243301957E-11	4.23587963320164E-02	1E-30	1.96231238390456E-10	0.042019706621932	2.96652794889348E-06	6.00644841159248E-11	1.78232848719496E-02	1.63387968394373E-06	5.3284364272973E-11	1.97086204241428E-02	1.97128474397062E-11	5.63467707495003E-11	4.78891279274198	1.32553830692831E-12	1.35546604675333E-10	29.6044797623965	1E10	1E-30	1E-10	1E10	1E-30	1E-10	1E10	1E-30	1E-10
499	1.00367455835399E-06	1E10	5E8	1E-30	1.3805364175442E-10	1E10	1E-30	1E10	4.03047504747974E-03	1.52772998502013E-04	1E10	29.8197929572618	2.05421783548979E-04	1E10	4.04377794112488	1.69019886989177E-04	1E10	0.495072292875048	1.81578244535518E-04	1E10	4.92189646570797E-02	1.36646264628795E-04	1E10	7.69524351100915E-03	1E-30	2.22910157710548E-11	0.061779481502047	1E-30	2.58177413338693E-10	3.81355420211744E-02	3.91815884000099E-06	4.52524005899541E-11	1.53313142367975E-02	2.71686378837802E-06	3.2304026728049E-11	1.48167457401259E-02	1.98263893566798E-11	6.15873371524384E-11	5.20398880144864	2.64511309201304E-12	7.59422486123032E-11	17.3866358123776	1E10	1E-30	1E-10	1E10	1E-30	1E-10	1E10	1E-30	1E-10	1E10	1E-30	1E-10
500	1.01101889389572E-06	1E10	5E8	1E-30	9.20991185335245E-11	1E10	1E-30	1E10	4.10132748647851E-03	9.069246613116E-05	1E10	52.3668743579281	2.85410690660813E-04	1E10	2.3683829954987	2.22569012292974E-04	1E10	0.709460455765274	2.33169782452648E-04	1E10	0.115517103531298	1.77192134338701E-04	1E10	2.47309512120066E-02	1.86302500682902E-04	1E10	4.11715291331423E-03	1E-30	1.46476243301957E-11	4.23587963320164E-02	1E-30	1.96231238390457E-10	4.20197066219321E-02	2.96652794889348E-06	6.00644841159249E-11	1.78232848719497E-02	1.63387968394374E-06	5.32843642729731E-11	1.97086204241428E-02	1.97128474397063E-11	5.63467707495004E-11	4.78891279274199	1.32553830692832E-12	1.35546604675333E-10	29.6044797623966	1E10	1E-30	1E-10	1E10	1E-30	1E-10	1E10	1E-30	1E-10
501	9.982623615845E-07	1E10	5E8	1E-30	1.58147735819676E-10	1E10	1E-30	1E10	4.19845884636655E-03	2.47118924283936E-05	1E10	443.027748355064	1.67944845501075E-04	1E10	3.68292995703728	1.70876352666953E-04	1E10	0.410942065721104	1.94279273688938E-04	1E10	4.60530914584023E-02	1.43440431574952E-04	1E10	8.61288301462837E-03	1E-30	1.77868702187057E-11	9.84164852800329E-02	1E-30	2.11833890497138E-10	4.29364424097583E-02	3.22923817008643E-06	5.15477577365321E-11	2.03782054461423E-02	1.60703108637757E-06	5.10117645579361E-11	1.88839482474176E-02	2.57158070646931E-11	4.02464687184258E-11	5.85888762586726	3.59792031996614E-12	7.87773283512587E-11	18.5753156001478	1E10	1E-30	1E-10	1E10	1E-30	1E-10	1E10	1E-30	1E-10	1E10	1E-30	1E-10
502	9.754093395853E-07	1E10	5E8	1E-30	1.30031774020409E-10	1E10	1E-30	1E10	3.74442685060115E-03	5.64448509120078E-04	1E10	12.2602315799751	4.38151527689824E-04	1E10	2.03469198122792	2.68467169849318E-04	1E10	0.502610803315619	2.05149829486401E-04	1E10	0.119086317032506	2.04579731977548E-04	1E10	1.75966122910006E-02	1.71343434593573E-04	1E10	4.08580563222127E-03	1E-30	1.95303811253163E-11	6.47283733883273E-02	1E-30	2.39049213365755E-10	3.82128628572234E-02	4.00779324226944E-06	4.45508524115389E-11	1.59272851541194E-02	1.90633948432501E-06	4.57831228596335E-11	1.74157298551723E-02	2.31536309076316E-11	4.88143669994115E-11	4.67309243910492	2.29745100291936E-12	9.90871957421302E-11	23.0816653682924	1E10	1E-30	1E-10	1E10	1E-30	1E-10	1E10	1E-30	1E-10
503	9.982623615845E-07	1E10	5E8	1E-30	1.58147735819676E-10	1E10	1E-30	1E10	4.19845884636655E-03	2.47118924283937E-05	1E10	443.027748355064	1.67944845501075E-04	1E10	3.68292995703728	1.70876352666953E-04	1E10	0.410942065721105	1.94279273688938E-04	1E10	4.60530914584024E-02	1.43440431574953E-04	1E10	8.61288301462837E-03	1E-30	1.77868702187058E-11	9.84164852800329E-02	1E-30	2.11833890497139E-10	4.29364424097584E-02	3.22923817008643E-06	5.15477577365321E-11	2.03782054461423E-02	1.60703108637757E-06	5.10117645579361E-11	1.88839482474176E-02	2.57158070646931E-11	4.02464687184258E-11	5.85888762586727	3.59792031996615E-12	7.87773283512587E-11	18.5753156001478	1E10	1E-30	1E-10	1E10	1E-30	1E-10	1E10	1E-30	1E-10	1E10	1E-30	1E-10
504	9.75409339585301E-07	1E10	5E8	1E-30	1.3003177402041E-10	1E10	1E-30	1E10	3.74442685060116E-03	5.64448509120078E-04	1E10	12.2602315799751	4.38151527689824E-04	1E10	2.03469198122793	2.68467169849318E-04	1E10	0.502610803315619	2.05149829486401E-04	1E10	0.119086317032506	2.04579731977549E-04	1E10	1.75966122910006E-02	1.71343434593573E-04	1E10	4.08580563222128E-03	1E-30	1.95303811253163E-11	6.47283733883274E-02	1E-30	2.39049213365756E-10	3.82128628572235E-02	4.00779324226944E-06	4.4550852411539E-11	1.59272851541194E-02	1.90633948432502E-06	4.57831228596335E-11	1.74157298551723E-02	2.31536309076317E-11	4.88143669994115E-11	4.67309243910492	2.29745100291937E-12	9.90871957421303E-11	23.0816653682925	1E10	1E-30	1E-10	1E10	1E-30	1E-10	1E10	1E-30	1E-10
505	1.0183234300804E-06	1E10	333333333.333333	1E-30	1.62605849085605E-10	1E10	1E-30	1E10	6.00600488325713E-03	6.58540828949317E-05	1E10	35.0352007406858	7.91792914882369E-05	1E10	4.94193438419507	4.34030231422804E-05	1E10	1.40825220347343	4.7651683954674E-05	1E10	0.200648445670727	3.44214570463931E-05	1E10	4.77193536403075E-02	2.38315453239438E-05	1E10	9.5946616328373E-03	1E-30	1.89083167776665E-10	3.42155513594783E-02	1E-30	1.88692860165801E-11	2.94841022634349E-02	3.7730047723827E-06	4.46307793869703E-11	1.39718391620092E-02	1.59339405026252E-06	4.90793429939028E-11	1.41849276082367E-02	2.30298298103277E-11	4.32976509215216E-11	7.86256702757858	1.77741578805344E-12	1.19506399236524E-10	26.173911957524	1E10	1E-30	1E-10	1E10	1E-30	1E-10	1E10	1E-30	1E-10
506	1.39588099794651E-06	1E10	333333333	1E-30	2.33356376900102E-10	1E10	1E-30	1E10	4.83140384995323E-03	1.83268123614563E-04	1E10	11.1192278321073	2.37373314897212E-04	1E10	1.55723546611101	2.59110447240419E-04	1E10	0.386810112463734	2.03833801038565E-04	1E10	0.126876182527148	1.61786776901095E-04	1E10	0.031697414065097	8.82756700199848E-05	1E10	7.86437181798274E-03	1E-30	2.33465594340518E-11	5.56548961439569E-02	1E-30	1.65508843251717E-10	2.51321982846648E-02	1E-30	5.49196684127115E-11	1.03965309712618E-02	7.62946051396924E-06	3.300843761962E-11	1.11788498431178E-02	1.32424884455871E-06	8.36849038299924E-11	1.40208921017913E-02	9.38221022911345E-12	9.68066586062725E-11	9.19204304485079	1E10	1E-30	1E-10	1E10	1E-30	1E-10	1E10	1E-30	1E-10
507	1.39588099794651E-06	1E10	333333333	1E-30	2.33356376900102E-10	1E10	1E-30	1E10	4.83140384995323E-03	1.83268123614563E-04	1E10	11.1192278321073	2.37373314897212E-04	1E10	1.55723546611101	2.59110447240419E-04	1E10	0.386810112463734	2.03833801038565E-04	1E10	0.126876182527148	1.61786776901095E-04	1E10	0.031697414065097	8.82756700199848E-05	1E10	7.86437181798274E-03	1E-30	2.33465594340518E-11	5.56548961439569E-02	1E-30	1.65508843251717E-10	2.51321982846648E-02	1E-30	5.49196684127115E-11	1.03965309712618E-02	7.62946051396924E-06	3.300843761962E-11	1.11788498431178E-02	1.32424884455871E-06	8.36849038299924E-11	1.40208921017913E-02	9.38221022911345E-12	9.68066586062725E-11	9.19204304485079	1E10	1E-30	1E-10	1E10	1E-30	1E-10	1E10	1E-30	1E-10
508	1.39588099794651E-06	1E10	333333333	1E-30	2.33356376900102E-10	1E10	1E-30	1E10	4.83140384995323E-03	1.83268123614563E-04	1E10	11.1192278321073	2.37373314897212E-04	1E10	1.55723546611101	2.59110447240419E-04	1E10	0.386810112463734	2.03833801038565E-04	1E10	0.126876182527148	1.61786776901095E-04	1E10	0.031697414065097	8.82756700199848E-05	1E10	7.86437181798274E-03	1E-30	2.33465594340518E-11	5.56548961439569E-02	1E-30	1.65508843251717E-10	2.51321982846648E-02	1E-30	5.49196684127115E-11	1.03965309712618E-02	7.62946051396924E-06	3.300843761962E-11	1.11788498431178E-02	1.32424884455871E-06	8.36849038299924E-11	1.40208921017913E-02	9.38221022911345E-12	9.68066586062725E-11	9.19204304485079	1E10	1E-30	1E-10	1E10	1E-30	1E-10	1E10	1E-30	1E-10
509	1.37774779764086E-06	1E10	333333333	1E-30	2.40354017678719E-10	1E10	1E-30	1E10	4.99896147856403E-03	2.11890373061136E-04	1E10	8.95014139832974	2.35284210425982E-04	1E10	1.57650614825925	2.76483521745486E-04	1E10	0.348545835780527	2.06939740522658E-04	1E10	0.122047779023831	1.68767049143441E-04	1E10	0.029830839597751	8.49602859775409E-05	1E10	7.81872485381772E-03	1E-30	1.8339256633452E-11	4.58098654178262E-02	1E-30	7.16345315158546E-12	2.27607369252505E-02	1E-30	1.23712298273853E-10	1.85766160434069E-02	1E-30	9.36569098028115E-11	1.75581429040767E-02	7.88156754016307E-06	3.16889223098979E-11	1.08419723121469E-02	1.2999886009435E-06	8.38204237320563E-11	1.37512153514493E-02	9.48596458063822E-12	8.90292188229168E-11	9.63873424442634	1E10	1E-30	1E-10	1E10	1E-30	1E-10
510	1.39588099794651E-06	1E10	333333333	1E-30	2.33356376900102E-10	1E10	1E-30	1E10	4.83140384995323E-03	1.83268123614563E-04	1E10	11.1192278321073	2.37373314897212E-04	1E10	1.55723546611101	2.59110447240419E-04	1E10	0.386810112463734	2.03833801038565E-04	1E10	0.126876182527148	1.61786776901095E-04	1E10	0.031697414065097	8.82756700199848E-05	1E10	7.86437181798274E-03	1E-30	2.33465594340518E-11	5.56548961439569E-02	1E-30	1.65508843251717E-10	2.51321982846648E-02	1E-30	5.49196684127115E-11	1.03965309712618E-02	7.62946051396924E-06	3.300843761962E-11	1.11788498431178E-02	1.32424884455871E-06	8.36849038299924E-11	1.40208921017913E-02	9.38221022911345E-12	9.68066586062725E-11	9.19204304485079	1E10	1E-30	1E-10	1E10	1E-30	1E-10	1E10	1E-30	1E-10
511	1.37774779764086E-06	1E10	333333333	1E-30	2.40354017678719E-10	1E10	1E-30	1E10	4.99896147856403E-03	2.11890373061136E-04	1E10	8.95014139832974	2.35284210425982E-04	1E10	1.57650614825925	2.76483521745486E-04	1E10	0.348545835780527	2.06939740522658E-04	1E10	0.122047779023831	1.68767049143441E-04	1E10	0.029830839597751	8.49602859775409E-05	1E10	7.81872485381772E-03	1E-30	1.8339256633452E-11	4.58098654178262E-02	1E-30	7.16345315158546E-12	2.27607369252505E-02	1E-30	1.23712298273853E-10	1.85766160434069E-02	1E-30	9.36569098028115E-11	1.75581429040767E-02	7.88156754016307E-06	3.16889223098979E-11	1.08419723121469E-02	1.2999886009435E-06	8.38204237320563E-11	1.37512153514493E-02	9.48596458063822E-12	8.90292188229168E-11	9.63873424442634	1E10	1E-30	1E-10	1E10	1E-30	1E-10
512	1.08595995287607E-06	1E10	333333333	1E-30	2.02008841888212E-10	1E10	1E-30	1E10	6.25877504910879E-03	6.33019215180375E-05	1E10	25.5083262021889	4.96068772832577E-05	1E10	5.23474078570258	4.65958006411834E-05	1E10	0.802933956704873	3.8923477197608E-05	1E10	0.139955119420973	3.30935308696477E-05	1E10	2.56022011478604E-02	3.58889095658085E-05	1E10	5.45116518549934E-03	1E-30	1.0244525536518E-11	8.08659845747527E-02	1E-30	1.76739721974232E-10	3.34641713358713E-02	1E-30	1.73104022501848E-11	2.89358906451167E-02	3.5782560486728E-06	4.69713569636283E-11	1.23412949848161E-02	1.74864633423209E-06	4.40266175076716E-11	1.34875897408659E-02	1.77495522405578E-11	7.36428749916989E-11	9.63026711507758	5.29364842057293E-12	6.56856443931579E-11	8.8981193407886	1E10	1E-30	1E-10	1E10	1E-30	1E-10
513	1.0183234300804E-06	1E10	333333333.333333	1E-30	1.62605849085605E-10	1E10	1E-30	1E10	6.00600488325713E-03	6.58540828949317E-05	1E10	35.0352007406858	7.91792914882369E-05	1E10	4.94193438419507	4.34030231422804E-05	1E10	1.40825220347343	4.7651683954674E-05	1E10	0.200648445670727	3.44214570463931E-05	1E10	4.77193536403075E-02	2.38315453239438E-05	1E10	9.5946616328373E-03	1E-30	1.89083167776665E-10	3.42155513594783E-02	1E-30	1.88692860165801E-11	2.94841022634349E-02	3.7730047723827E-06	4.46307793869703E-11	1.39718391620092E-02	1.59339405026252E-06	4.90793429939028E-11	1.41849276082367E-02	2.30298298103277E-11	4.32976509215216E-11	7.86256702757858	1.77741578805344E-12	1.19506399236524E-10	26.173911957524	1E10	1E-30	1E-10	1E10	1E-30	1E-10	1E10	1E-30	1E-10
514	1.08595995287607E-06	1E10	333333333	1E-30	2.02008841888212E-10	1E10	1E-30	1E10	6.25877504910879E-03	6.33019215180375E-05	1E10	25.5083262021889	4.96068772832577E-05	1E10	5.23474078570258	4.65958006411834E-05	1E10	0.802933956704873	3.8923477197608E-05	1E10	0.139955119420973	3.30935308696477E-05	1E10	2.56022011478604E-02	3.58889095658085E-05	1E10	5.45116518549934E-03	1E-30	1.0244525536518E-11	8.08659845747527E-02	1E-30	1.76739721974232E-10	3.34641713358713E-02	1E-30	1.73104022501848E-11	2.89358906451167E-02	3.5782560486728E-06	4.69713569636283E-11	1.23412949848161E-02	1.74864633423209E-06	4.40266175076716E-11	1.34875897408659E-02	1.77495522405578E-11	7.36428749916989E-11	9.63026711507758	5.29364842057293E-12	6.56856443931579E-11	8.8981193407886	1E10	1E-30	1E-10	1E10	1E-30	1E-10
515	1.0183234300804E-06	1E10	333333333.333333	1E-30	1.62605849085605E-10	1E10	1E-30	1E10	6.00600488325713E-03	6.58540828949317E-05	1E10	35.0352007406858	7.91792914882369E-05	1E10	4.94193438419507	4.34030231422804E-05	1E10	1.40825220347343	4.7651683954674E-05	1E10	0.200648445670727	3.44214570463931E-05	1E10	4.77193536403075E-02	2.38315453239438E-05	1E10	9.5946616328373E-03	1E-30	1.89083167776665E-10	3.42155513594783E-02	1E-30	1.88692860165801E-11	2.94841022634349E-02	3.7730047723827E-06	4.46307793869703E-11	1.39718391620092E-02	1.59339405026252E-06	4.90793429939028E-11	1.41849276082367E-02	2.30298298103277E-11	4.32976509215216E-11	7.86256702757858	1.77741578805344E-12	1.19506399236524E-10	26.173911957524	1E10	1E-30	1E-10	1E10	1E-30	1E-10	1E10	1E-30	1E-10
516	1.09037701897294E-06	1E10	333333333.333333	1E-30	1.18554830873942E-10	1E10	1E-30	1E10	6.4757006275866E-03	3.61999471307062E-05	1E10	111.665734782113	4.12442092752715E-05	1E10	10.8954067113549	4.05153988816247E-05	1E10	1.51500065684357	3.5109571523979E-05	1E10	0.244060448935311	2.92364602296789E-05	1E10	4.44409678518387E-02	2.5764901068003E-05	1E10	8.4963480126617E-03	1E-30	2.10782231951976E-11	6.31546425344785E-02	1E-30	1.60034943776952E-10	3.78387759020791E-02	3.10972732193479E-06	5.18169420067477E-11	1.47080113486786E-02	1.23453688856448E-06	5.80950253667413E-11	1.65118630784295E-02	1.79350954236935E-11	6.24474983983823E-11	10.2972973442984	2.19562175673124E-12	1.36680409131364E-10	23.8824234029863	1E10	1E-30	1E-10	1E10	1E-30	1E-10	1E10	1E-30	1E-10
517	1.11551538815959E-06	1E10	33333333.3333333	1E-30	1.46257301935429E-10	1E10	1E-30	1E10	6.50105053694807E-03	2.86818295938087E-05	1E10	144.099772837665	4.71026806993758E-05	1E10	10.1666333874304	4.29673497844006E-05	1E10	1.66980193567064	3.71732635528193E-05	1E10	0.270466612072322	3.13153985772819E-05	1E10	4.92867692841014E-02	2.4880049196139E-05	1E10	0.010048171636819	1E-30	2.47944619266529E-11	6.32300241713811E-02	1E-30	1.72081461720308E-10	3.66832924197424E-02	4.94497641659287E-06	3.12884782050716E-11	9.69878754621744E-03	1.37956315049892E-06	5.31365044282573E-11	1.27373144040478E-02	1.70926586549261E-11	8.55307275565238E-11	10.1925448801281	3.46036396138027E-12	9.18209518159011E-11	23.4802494836737	1E10	1E-30	1E-10	1E10	1E-30	1E-10	1E10	1E-30	1E-10
518	1.09037701897294E-06	1E10	333333333	1E-30	1.18554830873942E-10	1E10	1E-30	1E10	6.47570062758661E-03	3.61999471307063E-05	1E10	111.665734782114	4.12442092752715E-05	1E10	10.895406711355	4.05153988816247E-05	1E10	1.51500065684358	3.51095715239791E-05	1E10	0.244060448935311	2.92364602296789E-05	1E10	4.44409678518387E-02	2.57649010680031E-05	1E10	8.4963480126617E-03	1E-30	2.10782231951977E-11	6.31546425344786E-02	1E-30	1.60034943776953E-10	3.78387759020792E-02	3.1097273219348E-06	5.18169420067477E-11	1.47080113486787E-02	1.23453688856448E-06	5.80950253667413E-11	1.65118630784295E-02	1.79350954236936E-11	6.24474983983824E-11	10.2972973442984	2.19562175673125E-12	1.36680409131365E-10	23.8824234029864	1E10	1E-30	1E-10	1E10	1E-30	1E-10	1E10	1E-30	1E-10
519	1.1155153881596E-06	1E10	333333333	1E-30	1.4625730193543E-10	1E10	1E-30	1E10	6.50105053694807E-03	2.86818295938087E-05	1E10	144.099772837666	4.71026806993758E-05	1E10	10.1666333874305	4.29673497844006E-05	1E10	1.66980193567065	3.71732635528194E-05	1E10	0.270466612072322	3.1315398577282E-05	1E10	4.92867692841014E-02	2.4880049196139E-05	1E10	0.010048171636819	1E-30	2.4794461926653E-11	6.32300241713812E-02	1E-30	1.72081461720309E-10	3.66832924197424E-02	4.94497641659288E-06	3.12884782050717E-11	9.69878754621744E-03	1.37956315049892E-06	5.31365044282573E-11	1.27373144040479E-02	1.70926586549261E-11	8.55307275565238E-11	10.1925448801281	3.46036396138028E-12	9.18209518159011E-11	23.4802494836738	1E10	1E-30	1E-10	1E10	1E-30	1E-10	1E10	1E-30	1E-10
520	2.06471453497967E-06	1E10	22727273	1E-30	1.96224210548872E-10	1E10	1E-30	1E10	2.87785334289952E-03	5.47935552104123E-04	1E10	2.80546310263621	4.24561529716248E-04	1E10	0.492128735546588	4.04068205595081E-04	1E10	8.11795260434095E-02	4.0728503101936E-04	1E10	1.09712985673368E-02	4.53743577336228E-04	1E10	1.88320692097126E-03	1E-30	1.06718069193339E-11	4.85621105685823E-02	1E-30	2.71986599703664E-10	0.028050237442962	1E-30	1.83077274928558E-11	1.95809758684821E-02	7.13174266389362E-06	5.09992188280311E-11	1.20405114823692E-02	4.62117318023315E-06	3.93871012972326E-11	1.07078649469352E-02	2.18170112820008E-11	5.31618509028472E-11	4.77700677071912	1.7364930074549E-11	2.81420529009031E-11	2.68237561067415	1E10	1E-30	1E-10	1E10	1E-30	1E-10	1E10	1E-30	1E-10
521	2.10703239929508E-06	1E10	22727273	1E-30	1.95780822293026E-10	1E10	1E-30	1E10	2.81007264830614E-03	4.45173173722866E-04	1E10	1.58819859954603	3.87847220134954E-04	1E10	0.236313380326774	3.99437892335428E-04	1E10	0.029397335980741	3.31182466933159E-04	1E10	4.30814128588939E-03	1E-30	1.1744872473643E-11	4.96887656400705E-02	1E-30	2.59241803832709E-10	2.76262571020885E-02	1E-30	1.83327641950273E-11	1.88624629911693E-02	6.31678268405676E-06	5.94342199882949E-11	1.13103962693381E-02	4.22872633396489E-06	4.37075580874627E-11	1.04039757351863E-02	1.903095726815E-11	5.61037709803361E-11	5.17614888806378	2.04100156281258E-11	2.1306544910964E-11	2.74614904274155	1E10	1E-30	1E-10	1E10	1E-30	1E-10	1E10	1E-30	1E-10	1E10	1E-30	1E-10
522	2.06471453497967E-06	1E10	22727273	1E-30	1.96224210548872E-10	1E10	1E-30	1E10	2.87785334289952E-03	5.47935552104123E-04	1E10	2.80546310263622	4.24561529716249E-04	1E10	0.492128735546589	4.04068205595082E-04	1E10	8.11795260434096E-02	4.07285031019361E-04	1E10	1.09712985673369E-02	4.53743577336229E-04	1E10	1.88320692097127E-03	1E-30	1.06718069193339E-11	4.85621105685823E-02	1E-30	2.71986599703664E-10	0.028050237442962	1E-30	1.83077274928559E-11	1.95809758684822E-02	7.13174266389362E-06	5.09992188280312E-11	1.20405114823692E-02	4.62117318023315E-06	3.93871012972326E-11	1.07078649469353E-02	2.18170112820009E-11	5.31618509028472E-11	4.77700677071913	1.7364930074549E-11	2.81420529009031E-11	2.68237561067416	1E10	1E-30	1E-10	1E10	1E-30	1E-10	1E10	1E-30	1E-10
523	2.10703239929509E-06	1E10	22727273	1E-30	1.95780822293026E-10	1E10	1E-30	1E10	2.81007264830614E-03	4.45173173722867E-04	1E10	1.58819859954603	3.87847220134954E-04	1E10	0.236313380326775	3.99437892335429E-04	1E10	0.029397335980741	3.31182466933159E-04	1E10	4.30814128588939E-03	1E-30	1.1744872473643E-11	4.96887656400706E-02	1E-30	2.59241803832709E-10	2.76262571020885E-02	1E-30	1.83327641950274E-11	1.88624629911693E-02	6.31678268405677E-06	5.94342199882949E-11	1.13103962693381E-02	4.22872633396489E-06	4.37075580874627E-11	1.04039757351863E-02	1.903095726815E-11	5.61037709803361E-11	5.17614888806378	2.04100156281259E-11	2.1306544910964E-11	2.74614904274155	1E10	1E-30	1E-10	1E10	1E-30	1E-10	1E10	1E-30	1E-10	1E10	1E-30	1E-10
524	2.14622627238236E-06	1E10	22727273	1E-30	1.92590321273465E-10	1E10	1E-30	1E10	4.10609607332007E-03	2.95493470565684E-04	1E10	16.7414928907864	2.20977094269792E-04	1E10	3.13497429964291	2.0003386374536E-04	1E10	0.507410022846687	2.05678029276383E-04	1E10	8.06995016414065E-02	1.80288557160325E-04	1E10	1.46003748106314E-02	1.81981405765849E-04	1E10	3.01981463596755E-03	1E-30	1.35084695852694E-11	0.112026464212861	1E-30	2.87305233368296E-11	3.26209687690743E-02	1E-30	2.58426616725378E-10	0.02545225561348	4.70299806877642E-06	7.96262942834363E-11	1.42049911143023E-02	3.89051635654852E-06	4.15891313942372E-11	1.01899299754773E-02	1.00743449444128E-11	5.58656437474407E-11	8.06614722459484	1E10	1E-30	1E-10	1E10	1E-30	1E-10	1E10	1E-30	1E-10
525	2.14622627238236E-06	1E10	22727273	1E-30	1.92590321273465E-10	1E10	1E-30	1E10	4.10609607332007E-03	2.95493470565684E-04	1E10	16.7414928907864	2.20977094269792E-04	1E10	3.13497429964291	2.0003386374536E-04	1E10	0.507410022846687	2.05678029276383E-04	1E10	8.06995016414065E-02	1.80288557160325E-04	1E10	1.46003748106314E-02	1.81981405765849E-04	1E10	3.01981463596755E-03	1E-30	1.35084695852694E-11	0.112026464212861	1E-30	2.87305233368296E-11	3.26209687690743E-02	1E-30	2.58426616725378E-10	0.02545225561348	4.70299806877642E-06	7.96262942834363E-11	1.42049911143023E-02	3.89051635654852E-06	4.15891313942372E-11	1.01899299754773E-02	1.00743449444128E-11	5.58656437474407E-11	8.06614722459484	1E10	1E-30	1E-10	1E10	1E-30	1E-10	1E10	1E-30	1E-10
526	2.03134743619731E-06	1E10	22727273	1E-30	2.0794377479764E-10	1E10	1E-30	1E10	3.88378450717469E-03	3.10056648084544E-04	1E10	6.54595591924627	2.50061031813756E-04	1E10	1.52433382200314	3.18427670614829E-04	1E10	0.347744513185263	2.28595324745198E-04	1E10	0.124579439679912	1.95144329389911E-04	1E10	3.06365971859674E-02	1.08023775187486E-04	1E10	7.6533358091598E-03	1E-30	8.61045235993519E-12	8.35767135381967E-02	1E-30	2.27869734829758E-11	0.04730198820794	1E-30	1.97160865864376E-10	2.35995880763979E-02	1E-30	4.70363715392202E-11	7.38940733953984E-03	6.66917488135314E-06	5.39909649726806E-11	1.53872059824328E-02	1.66978588683376E-06	8.89462261378374E-11	1.21984765646332E-02	1.72048701237017E-11	4.07377641199701E-11	4.93084544804177	1E10	1E-30	1E-10	1E10	1E-30	1E-10
527	2.10703239929508E-06	1E10	22727273	1E-30	1.95780822293026E-10	1E10	1E-30	1E10	2.81007264830614E-03	4.45173173722866E-04	1E10	1.58819859954603	3.87847220134954E-04	1E10	0.236313380326774	3.99437892335428E-04	1E10	0.029397335980741	3.31182466933159E-04	1E10	4.30814128588939E-03	1E-30	1.1744872473643E-11	4.96887656400705E-02	1E-30	2.59241803832709E-10	2.76262571020885E-02	1E-30	1.83327641950273E-11	1.88624629911693E-02	6.31678268405676E-06	5.94342199882949E-11	1.13103962693381E-02	4.22872633396489E-06	4.37075580874627E-11	1.04039757351863E-02	1.903095726815E-11	5.61037709803361E-11	5.17614888806378	2.04100156281258E-11	2.1306544910964E-11	2.74614904274155	1E10	1E-30	1E-10	1E10	1E-30	1E-10	1E10	1E-30	1E-10	1E10	1E-30	1E-10
528	2.14622627238236E-06	1E10	22727273	1E-30	1.92590321273465E-10	1E10	1E-30	1E10	4.10609607332007E-03	2.95493470565684E-04	1E10	16.7414928907864	2.20977094269792E-04	1E10	3.13497429964291	2.0003386374536E-04	1E10	0.507410022846687	2.05678029276383E-04	1E10	8.06995016414065E-02	1.80288557160325E-04	1E10	1.46003748106314E-02	1.81981405765849E-04	1E10	3.01981463596755E-03	1E-30	1.35084695852694E-11	0.112026464212861	1E-30	2.87305233368296E-11	3.26209687690743E-02	1E-30	2.58426616725378E-10	0.02545225561348	4.70299806877642E-06	7.96262942834363E-11	1.42049911143023E-02	3.89051635654852E-06	4.15891313942372E-11	1.01899299754773E-02	1.00743449444128E-11	5.58656437474407E-11	8.06614722459484	1E10	1E-30	1E-10	1E10	1E-30	1E-10	1E10	1E-30	1E-10
529	2.09152905349642E-06	1E10	227272727	1E-30	1.53766813770104E-10	1E10	1E-30	1E10	3.40163810625799E-03	3.19979085403094E-04	1E10	10.9161576323019	2.55328965082181E-04	1E10	1.25122953012321	2.39374281164414E-04	1E10	0.164095689396032	2.10852396470416E-04	1E10	2.26021581554892E-02	2.18556858746387E-04	1E10	3.1770611492016E-03	1E-30	2.53153348273651E-11	5.60450154756211E-02	1E-30	2.45939468245221E-10	2.95220355192051E-02	6.55235605735832E-06	5.82432529975616E-11	1.13783674897842E-02	3.06934804723191E-06	5.90412239490312E-11	1.16968906238413E-02	9.18539139881287E-12	6.66326234640623E-11	7.69489524751314	5.93058680198209E-12	5.17233818373837E-11	19.7789262930559	1E10	1E-30	1E-10	1E10	1E-30	1E-10	1E10	1E-30	1E-10	1E10	1E-30	1E-10
530	2.09152905349641E-06	1E10	227272727	1E-30	1.53766813770103E-10	1E10	1E-30	1E10	3.40163810625799E-03	3.19979085403094E-04	1E10	10.9161576323019	2.5532896508218E-04	1E10	1.25122953012321	2.39374281164413E-04	1E10	0.164095689396031	2.10852396470416E-04	1E10	2.26021581554891E-02	2.18556858746387E-04	1E10	3.17706114920159E-03	1E-30	2.53153348273651E-11	0.056045015475621	1E-30	2.4593946824522E-10	2.95220355192051E-02	6.55235605735832E-06	5.82432529975616E-11	1.13783674897842E-02	3.0693480472319E-06	5.90412239490312E-11	1.16968906238413E-02	9.18539139881287E-12	6.66326234640623E-11	7.69489524751313	5.93058680198209E-12	5.17233818373836E-11	19.7789262930559	1E10	1E-30	1E-10	1E10	1E-30	1E-10	1E10	1E-30	1E-10	1E10	1E-30	1E-10
531	2.09152905349642E-06	1E10	227272727	1E-30	1.53766813770104E-10	1E10	1E-30	1E10	3.40163810625799E-03	3.19979085403094E-04	1E10	10.9161576323019	2.55328965082181E-04	1E10	1.25122953012321	2.39374281164414E-04	1E10	0.164095689396032	2.10852396470416E-04	1E10	2.26021581554892E-02	2.18556858746387E-04	1E10	3.1770611492016E-03	1E-30	2.53153348273651E-11	5.60450154756211E-02	1E-30	2.45939468245221E-10	2.95220355192051E-02	6.55235605735832E-06	5.82432529975616E-11	1.13783674897842E-02	3.06934804723191E-06	5.90412239490312E-11	1.16968906238413E-02	9.18539139881287E-12	6.66326234640623E-11	7.69489524751314	5.93058680198209E-12	5.17233818373837E-11	19.7789262930559	1E10	1E-30	1E-10	1E10	1E-30	1E-10	1E10	1E-30	1E-10	1E10	1E-30	1E-10
532	2.09152905349642E-06	1E10	227272727	1E-30	1.53766813770104E-10	1E10	1E-30	1E10	3.40163810625799E-03	3.19979085403094E-04	1E10	10.9161576323019	2.55328965082181E-04	1E10	1.25122953012321	2.39374281164414E-04	1E10	0.164095689396032	2.10852396470416E-04	1E10	2.26021581554892E-02	2.18556858746387E-04	1E10	3.1770611492016E-03	1E-30	2.53153348273651E-11	5.60450154756211E-02	1E-30	2.45939468245221E-10	2.95220355192051E-02	6.55235605735832E-06	5.82432529975616E-11	1.13783674897842E-02	3.06934804723191E-06	5.90412239490312E-11	1.16968906238413E-02	9.18539139881287E-12	6.66326234640623E-11	7.69489524751314	5.93058680198209E-12	5.17233818373837E-11	19.7789262930559	1E10	1E-30	1E-10	1E10	1E-30	1E-10	1E10	1E-30	1E-10	1E10	1E-30	1E-10
533	2.09152905349642E-06	1E10	227272727	1E-30	1.53766813770104E-10	1E10	1E-30	1E10	3.40163810625799E-03	3.19979085403094E-04	1E10	10.9161576323019	2.55328965082181E-04	1E10	1.25122953012321	2.39374281164414E-04	1E10	0.164095689396032	2.10852396470416E-04	1E10	2.26021581554892E-02	2.18556858746387E-04	1E10	3.1770611492016E-03	1E-30	2.53153348273651E-11	5.60450154756211E-02	1E-30	2.45939468245221E-10	2.95220355192051E-02	6.55235605735832E-06	5.82432529975616E-11	1.13783674897842E-02	3.06934804723191E-06	5.90412239490312E-11	1.16968906238413E-02	9.18539139881287E-12	6.66326234640623E-11	7.69489524751314	5.93058680198209E-12	5.17233818373837E-11	19.7789262930559	1E10	1E-30	1E-10	1E10	1E-30	1E-10	1E10	1E-30	1E-10	1E10	1E-30	1E-10
534	2.09152905349641E-06	1E10	227272727	1E-30	1.53766813770103E-10	1E10	1E-30	1E10	3.40163810625799E-03	3.19979085403094E-04	1E10	10.9161576323019	2.5532896508218E-04	1E10	1.25122953012321	2.39374281164413E-04	1E10	0.164095689396031	2.10852396470416E-04	1E10	2.26021581554891E-02	2.18556858746387E-04	1E10	3.17706114920159E-03	1E-30	2.53153348273651E-11	0.056045015475621	1E-30	2.4593946824522E-10	2.95220355192051E-02	6.55235605735832E-06	5.82432529975616E-11	1.13783674897842E-02	3.0693480472319E-06	5.90412239490312E-11	1.16968906238413E-02	9.18539139881287E-12	6.66326234640623E-11	7.69489524751313	5.93058680198209E-12	5.17233818373836E-11	19.7789262930559	1E10	1E-30	1E-10	1E10	1E-30	1E-10	1E10	1E-30	1E-10	1E10	1E-30	1E-10
535	2.09152905349642E-06	1E10	227272727	1E-30	1.53766813770104E-10	1E10	1E-30	1E10	3.40163810625799E-03	3.19979085403094E-04	1E10	10.9161576323019	2.55328965082181E-04	1E10	1.25122953012321	2.39374281164414E-04	1E10	0.164095689396032	2.10852396470416E-04	1E10	2.26021581554892E-02	2.18556858746387E-04	1E10	3.1770611492016E-03	1E-30	2.53153348273651E-11	5.60450154756211E-02	1E-30	2.45939468245221E-10	2.95220355192051E-02	6.55235605735832E-06	5.82432529975616E-11	1.13783674897842E-02	3.06934804723191E-06	5.90412239490312E-11	1.16968906238413E-02	9.18539139881287E-12	6.66326234640623E-11	7.69489524751314	5.93058680198209E-12	5.17233818373837E-11	19.7789262930559	1E10	1E-30	1E-10	1E10	1E-30	1E-10	1E10	1E-30	1E-10	1E10	1E-30	1E-10
536	2.09152905349642E-06	1E10	227272727	1E-30	1.53766813770104E-10	1E10	1E-30	1E10	3.40163810625799E-03	3.19979085403094E-04	1E10	10.9161576323019	2.55328965082181E-04	1E10	1.25122953012321	2.39374281164414E-04	1E10	0.164095689396032	2.10852396470416E-04	1E10	2.26021581554892E-02	2.18556858746387E-04	1E10	3.1770611492016E-03	1E-30	2.53153348273651E-11	5.60450154756211E-02	1E-30	2.45939468245221E-10	2.95220355192051E-02	6.55235605735832E-06	5.82432529975616E-11	1.13783674897842E-02	3.06934804723191E-06	5.90412239490312E-11	1.16968906238413E-02	9.18539139881287E-12	6.66326234640623E-11	7.69489524751314	5.93058680198209E-12	5.17233818373837E-11	19.7789262930559	1E10	1E-30	1E-10	1E10	1E-30	1E-10	1E10	1E-30	1E-10	1E10	1E-30	1E-10
537	1.680576910284E-06	1E10	22727273	1E-30	2.16900694132658E-10	1E10	1E-30	1E10	4.78953802373511E-03	6.62070525864819E-05	1E10	29.661583189981	7.92830417083713E-05	1E10	4.13466163707516	9.44827968561566E-05	1E10	0.912825051291308	6.25189518983399E-05	1E10	0.31467977205654	4.46699025922083E-05	1E10	0.076161321978803	2.89028638770264E-05	1E10	0.014279108721834	1E-30	9.51841460528722E-12	6.37472857210086E-02	1E-30	1.42102343220675E-11	3.87670227159206E-02	1E-30	1.57802850543929E-10	2.50534908292601E-02	1E-30	6.28289250730375E-11	1.15726762690119E-02	7.64946343897444E-06	3.48827431676903E-11	1.28153312558609E-02	1.23950471791246E-06	9.4087996888567E-11	1.40174008578707E-02	1.49543819184827E-11	5.36123876888386E-11	8.10178930231556	1E10	1E-30	1E-10	1E10	1E-30	1E-10
538	1.680576910284E-06	1E10	22727273	1E-30	2.16900694132658E-10	1E10	1E-30	1E10	4.78953802373511E-03	6.62070525864819E-05	1E10	29.661583189981	7.92830417083713E-05	1E10	4.13466163707516	9.44827968561566E-05	1E10	0.912825051291308	6.25189518983399E-05	1E10	0.31467977205654	4.46699025922083E-05	1E10	0.076161321978803	2.89028638770264E-05	1E10	0.014279108721834	1E-30	9.51841460528722E-12	6.37472857210086E-02	1E-30	1.42102343220675E-11	3.87670227159206E-02	1E-30	1.57802850543929E-10	2.50534908292601E-02	1E-30	6.28289250730375E-11	1.15726762690119E-02	7.64946343897444E-06	3.48827431676903E-11	1.28153312558609E-02	1.23950471791246E-06	9.4087996888567E-11	1.40174008578707E-02	1.49543819184827E-11	5.36123876888386E-11	8.10178930231556	1E10	1E-30	1E-10	1E10	1E-30	1E-10
539	1.680576910284E-06	1E10	22727273	1E-30	2.16900694132659E-10	1E10	1E-30	1E10	4.78953802373512E-03	6.6207052586482E-05	1E10	29.6615831899811	7.92830417083713E-05	1E10	4.13466163707517	9.44827968561567E-05	1E10	0.912825051291309	6.25189518983399E-05	1E10	0.31467977205654	4.46699025922083E-05	1E10	7.61613219788031E-02	2.89028638770264E-05	1E10	0.014279108721834	1E-30	9.51841460528722E-12	6.37472857210086E-02	1E-30	1.42102343220676E-11	3.87670227159206E-02	1E-30	1.57802850543929E-10	2.50534908292601E-02	1E-30	6.28289250730376E-11	0.011572676269012	7.64946343897444E-06	3.48827431676903E-11	0.012815331255861	1.23950471791247E-06	9.4087996888567E-11	1.40174008578708E-02	1.49543819184828E-11	5.36123876888387E-11	8.10178930231556	1E10	1E-30	1E-10	1E10	1E-30	1E-10
540	1.680576910284E-06	1E10	22727273	1E-30	2.16900694132659E-10	1E10	1E-30	1E10	4.78953802373512E-03	6.6207052586482E-05	1E10	29.6615831899811	7.92830417083713E-05	1E10	4.13466163707517	9.44827968561567E-05	1E10	0.912825051291309	6.25189518983399E-05	1E10	0.31467977205654	4.46699025922083E-05	1E10	7.61613219788031E-02	2.89028638770264E-05	1E10	0.014279108721834	1E-30	9.51841460528722E-12	6.37472857210086E-02	1E-30	1.42102343220676E-11	3.87670227159206E-02	1E-30	1.57802850543929E-10	2.50534908292601E-02	1E-30	6.28289250730376E-11	0.011572676269012	7.64946343897444E-06	3.48827431676903E-11	0.012815331255861	1.23950471791247E-06	9.4087996888567E-11	1.40174008578708E-02	1.49543819184828E-11	5.36123876888387E-11	8.10178930231556	1E10	1E-30	1E-10	1E10	1E-30	1E-10
541	3.3441696796755E-06	1E10	10638297.8723404	1E-30	1.75071340237683E-10	1E10	1E-30	1E10	3.09337503220964E-03	1.29369797717745E-04	1E10	7.16128010606083	1.24667628285875E-04	1E10	1.05819860811405	1.02296522780771E-04	1E10	0.166773066683094	7.74455201591444E-05	1E10	2.72072629286851E-02	5.7436987315675E-05	1E10	4.0716786841444E-03	1E-30	8.07295187030363E-12	0.070948331187384	1E-30	2.77539437522649E-11	4.23111080010558E-02	1E-30	2.93690933060554E-10	0.025536619347999	1.40422000127228E-05	4.25955740885479E-11	7.99960748210805E-03	4.39364331683959E-06	6.81643616031372E-11	8.98889816711071E-03	1.40724005032672E-11	4.34816992344766E-11	7.06481023241847	9.95911090804728E-12	3.36409899655898E-11	12.6505454038346	1E10	1E-30	1E-10	1E10	1E-30	1E-10	1E10	1E-30	1E-10
542	3.3441696796755E-06	1E10	10638297.8723404	1E-30	1.75071340237683E-10	1E10	1E-30	1E10	3.09337503220964E-03	1.29369797717745E-04	1E10	7.16128010606083	1.24667628285875E-04	1E10	1.05819860811405	1.02296522780771E-04	1E10	0.166773066683094	7.74455201591444E-05	1E10	2.72072629286851E-02	5.7436987315675E-05	1E10	4.0716786841444E-03	1E-30	8.07295187030363E-12	0.070948331187384	1E-30	2.77539437522649E-11	4.23111080010558E-02	1E-30	2.93690933060554E-10	0.025536619347999	1.40422000127228E-05	4.25955740885479E-11	7.99960748210805E-03	4.39364331683959E-06	6.81643616031372E-11	8.98889816711071E-03	1.40724005032672E-11	4.34816992344766E-11	7.06481023241847	9.95911090804728E-12	3.36409899655898E-11	12.6505454038346	1E10	1E-30	1E-10	1E10	1E-30	1E-10	1E10	1E-30	1E-10
543	3.3441696796755E-06	1E10	10638298	1E-30	1.75071340237683E-10	1E10	1E-30	1E10	3.09337503220964E-03	1.29369797717745E-04	1E10	7.16128010606084	1.24667628285876E-04	1E10	1.05819860811406	1.02296522780771E-04	1E10	0.166773066683095	7.74455201591445E-05	1E10	2.72072629286851E-02	5.74369873156751E-05	1E10	4.07167868414441E-03	1E-30	8.07295187030364E-12	0.070948331187384	1E-30	2.77539437522649E-11	4.23111080010558E-02	1E-30	2.93690933060555E-10	0.025536619347999	1.40422000127229E-05	4.25955740885479E-11	7.99960748210806E-03	4.39364331683959E-06	6.81643616031373E-11	8.98889816711072E-03	1.40724005032672E-11	4.34816992344767E-11	7.06481023241848	9.95911090804728E-12	3.36409899655898E-11	12.6505454038346	1E10	1E-30	1E-10	1E10	1E-30	1E-10	1E10	1E-30	1E-10
544	3.3441696796755E-06	1E10	10638298	1E-30	1.75071340237683E-10	1E10	1E-30	1E10	3.09337503220964E-03	1.29369797717745E-04	1E10	7.16128010606084	1.24667628285876E-04	1E10	1.05819860811406	1.02296522780771E-04	1E10	0.166773066683095	7.74455201591445E-05	1E10	2.72072629286851E-02	5.74369873156751E-05	1E10	4.07167868414441E-03	1E-30	8.07295187030364E-12	0.070948331187384	1E-30	2.77539437522649E-11	4.23111080010558E-02	1E-30	2.93690933060555E-10	0.025536619347999	1.40422000127229E-05	4.25955740885479E-11	7.99960748210806E-03	4.39364331683959E-06	6.81643616031373E-11	8.98889816711072E-03	1.40724005032672E-11	4.34816992344767E-11	7.06481023241848	9.95911090804728E-12	3.36409899655898E-11	12.6505454038346	1E10	1E-30	1E-10	1E10	1E-30	1E-10	1E10	1E-30	1E-10
545	3.54983072496705E-06	1E10	10638298	1E-30	1.85632404458626E-10	1E10	1E-30	1E10	3.47096293638437E-03	2.02623820157318E-04	1E10	14.3882633406698	2.3366168644278E-04	1E10	1.5921857640876	2.07588777003071E-04	1E10	0.281126090692668	1.69606284702536E-04	1E10	4.39442858389999E-02	1.13365098431026E-04	1E10	7.91298825532305E-03	1E-30	1.48335094541927E-11	7.13393172290206E-02	1E-30	2.33061692247134E-10	0.023085930482706	1E-30	2.06538379007319E-11	1.92594376660908E-02	8.06943519012987E-06	8.01398923304833E-11	1.12857104407681E-02	4.42180786769557E-06	6.59230294578671E-11	9.75856162929655E-03	6.59388930462164E-12	7.01099099541217E-11	14.2902390336671	1E10	1E-30	1E-10	1E10	1E-30	1E-10	1E10	1E-30	1E-10	1E10	1E-30	1E-10
546	3.49537696571339E-06	1E10	10638298	1E-30	1.84379917507066E-10	1E10	1E-30	1E10	3.54422304940617E-03	2.26202804295545E-04	1E10	12.0282069648924	2.19595446117047E-04	1E10	1.692775862328	2.04889291836163E-04	1E10	0.242629332714113	1.77934484754048E-04	1E10	3.71277487975262E-02	1.19051686662025E-04	1E10	7.35646392582932E-03	1E-30	1.51689837854425E-11	0.084098291248901	1E-30	2.41597207684091E-11	2.24449140554695E-02	1E-30	2.63367177730076E-10	2.21218445117177E-02	7.53205670516692E-06	8.34998400096852E-11	1.18998798523312E-02	6.60041644978289E-06	4.40734471992656E-11	8.61503641672452E-03	6.81391178656994E-12	6.50743052519014E-11	14.8814677104488	1E10	1E-30	1E-10	1E10	1E-30	1E-10	1E10	1E-30	1E-10	1E10	1E-30	1E-10
547	3.54983072496705E-06	1E10	10638298	1E-30	1.85632404458627E-10	1E10	1E-30	1E10	3.47096293638438E-03	2.02623820157319E-04	1E10	14.3882633406698	2.33661686442781E-04	1E10	1.59218576408761	2.07588777003071E-04	1E10	0.281126090692668	1.69606284702537E-04	1E10	4.39442858389999E-02	1.13365098431026E-04	1E10	7.91298825532306E-03	1E-30	1.48335094541927E-11	7.13393172290206E-02	1E-30	2.33061692247135E-10	2.30859304827061E-02	1E-30	2.06538379007319E-11	1.92594376660909E-02	8.06943519012988E-06	8.01398923304834E-11	1.12857104407682E-02	4.42180786769557E-06	6.59230294578672E-11	9.75856162929655E-03	6.59388930462164E-12	7.01099099541218E-11	14.2902390336671	1E10	1E-30	1E-10	1E10	1E-30	1E-10	1E10	1E-30	1E-10	1E10	1E-30	1E-10
548	3.49537696571339E-06	1E10	10638298	1E-30	1.84379917507067E-10	1E10	1E-30	1E10	3.54422304940618E-03	2.26202804295545E-04	1E10	12.0282069648924	2.19595446117047E-04	1E10	1.69277586232801	2.04889291836163E-04	1E10	0.242629332714113	1.77934484754048E-04	1E10	3.71277487975262E-02	1.19051686662025E-04	1E10	7.35646392582933E-03	1E-30	1.51689837854425E-11	0.084098291248901	1E-30	2.41597207684092E-11	2.24449140554696E-02	1E-30	2.63367177730076E-10	2.21218445117178E-02	7.53205670516693E-06	8.34998400096853E-11	1.18998798523313E-02	6.60041644978289E-06	4.40734471992657E-11	8.61503641672453E-03	6.81391178656994E-12	6.50743052519014E-11	14.8814677104489	1E10	1E-30	1E-10	1E10	1E-30	1E-10	1E10	1E-30	1E-10	1E10	1E-30	1E-10
549	3.54983072496705E-06	1E10	10638298	1E-30	1.85632404458626E-10	1E10	1E-30	1E10	3.47096293638437E-03	2.02623820157318E-04	1E10	14.3882633406698	2.3366168644278E-04	1E10	1.5921857640876	2.07588777003071E-04	1E10	0.281126090692668	1.69606284702536E-04	1E10	4.39442858389999E-02	1.13365098431026E-04	1E10	7.91298825532305E-03	1E-30	1.48335094541927E-11	7.13393172290206E-02	1E-30	2.33061692247134E-10	0.023085930482706	1E-30	2.06538379007319E-11	1.92594376660908E-02	8.06943519012987E-06	8.01398923304833E-11	1.12857104407681E-02	4.42180786769557E-06	6.59230294578671E-11	9.75856162929655E-03	6.59388930462164E-12	7.01099099541217E-11	14.2902390336671	1E10	1E-30	1E-10	1E10	1E-30	1E-10	1E10	1E-30	1E-10	1E10	1E-30	1E-10
550	3.49537696571339E-06	1E10	10638298	1E-30	1.84379917507066E-10	1E10	1E-30	1E10	3.54422304940617E-03	2.26202804295545E-04	1E10	12.0282069648924	2.19595446117047E-04	1E10	1.692775862328	2.04889291836163E-04	1E10	0.242629332714113	1.77934484754048E-04	1E10	3.71277487975262E-02	1.19051686662025E-04	1E10	7.35646392582932E-03	1E-30	1.51689837854425E-11	0.084098291248901	1E-30	2.41597207684091E-11	2.24449140554695E-02	1E-30	2.63367177730076E-10	2.21218445117177E-02	7.53205670516692E-06	8.34998400096852E-11	1.18998798523312E-02	6.60041644978289E-06	4.40734471992656E-11	8.61503641672452E-03	6.81391178656994E-12	6.50743052519014E-11	14.8814677104488	1E10	1E-30	1E-10	1E10	1E-30	1E-10	1E10	1E-30	1E-10	1E10	1E-30	1E-10
551	3.54983072496705E-06	1E10	10638298	1E-30	1.85632404458627E-10	1E10	1E-30	1E10	3.47096293638438E-03	2.02623820157319E-04	1E10	14.3882633406698	2.33661686442781E-04	1E10	1.59218576408761	2.07588777003071E-04	1E10	0.281126090692668	1.69606284702537E-04	1E10	4.39442858389999E-02	1.13365098431026E-04	1E10	7.91298825532306E-03	1E-30	1.48335094541927E-11	7.13393172290206E-02	1E-30	2.33061692247135E-10	2.30859304827061E-02	1E-30	2.06538379007319E-11	1.92594376660909E-02	8.06943519012988E-06	8.01398923304834E-11	1.12857104407682E-02	4.42180786769557E-06	6.59230294578672E-11	9.75856162929655E-03	6.59388930462164E-12	7.01099099541218E-11	14.2902390336671	1E10	1E-30	1E-10	1E10	1E-30	1E-10	1E10	1E-30	1E-10	1E10	1E-30	1E-10
552	3.49537696571339E-06	1E10	10638298	1E-30	1.84379917507067E-10	1E10	1E-30	1E10	3.54422304940618E-03	2.26202804295545E-04	1E10	12.0282069648924	2.19595446117047E-04	1E10	1.69277586232801	2.04889291836163E-04	1E10	0.242629332714113	1.77934484754048E-04	1E10	3.71277487975262E-02	1.19051686662025E-04	1E10	7.35646392582933E-03	1E-30	1.51689837854425E-11	0.084098291248901	1E-30	2.41597207684092E-11	2.24449140554696E-02	1E-30	2.63367177730076E-10	2.21218445117178E-02	7.53205670516693E-06	8.34998400096853E-11	1.18998798523313E-02	6.60041644978289E-06	4.40734471992657E-11	8.61503641672453E-03	6.81391178656994E-12	6.50743052519014E-11	14.8814677104489	1E10	1E-30	1E-10	1E10	1E-30	1E-10	1E10	1E-30	1E-10	1E10	1E-30	1E-10
553	4.20412800511077E-06	1E10	10638298	1E-30	2.15220562864853E-10	1E10	1E-30	1E10	2.79992066576502E-03	3.67274000584746E-04	1E10	4.26042239189032	6.31372339358753E-04	1E10	0.439100169668354	5.42733607797554E-04	1E10	0.128642461491771	5.09941846442202E-04	1E10	2.59986166272421E-02	2.97594238631285E-04	1E10	5.56991711601599E-03	1E-30	1.36556370222441E-11	8.08008777498502E-02	1E-30	2.11313876945151E-11	2.49316108760212E-02	1E-30	1.98808588110892E-10	1.28900967152579E-02	1E-30	1.21593370742749E-10	9.0413889822078E-03	1.06122149424306E-05	7.664302956555E-11	1.10239247466876E-02	7.74413274641868E-06	4.62530488632E-11	7.16096963694071E-03	1.39948121973168E-11	4.53477514455879E-11	7.50175973405236	1E10	1E-30	1E-10	1E10	1E-30	1E-10	1E10	1E-30	1E-10
554	4.20412800511077E-06	1E10	10638298	1E-30	2.15220562864853E-10	1E10	1E-30	1E10	2.79992066576502E-03	3.67274000584746E-04	1E10	4.26042239189032	6.31372339358753E-04	1E10	0.439100169668354	5.42733607797554E-04	1E10	0.128642461491771	5.09941846442202E-04	1E10	2.59986166272421E-02	2.97594238631285E-04	1E10	5.56991711601599E-03	1E-30	1.36556370222441E-11	8.08008777498502E-02	1E-30	2.11313876945151E-11	2.49316108760212E-02	1E-30	1.98808588110892E-10	1.28900967152579E-02	1E-30	1.21593370742749E-10	9.0413889822078E-03	1.06122149424306E-05	7.664302956555E-11	1.10239247466876E-02	7.74413274641868E-06	4.62530488632E-11	7.16096963694071E-03	1.39948121973168E-11	4.53477514455879E-11	7.50175973405236	1E10	1E-30	1E-10	1E10	1E-30	1E-10	1E10	1E-30	1E-10
555	4.20412800511077E-06	1E10	10638298	1E-30	2.15220562864853E-10	1E10	1E-30	1E10	2.79992066576502E-03	3.67274000584746E-04	1E10	4.26042239189032	6.31372339358753E-04	1E10	0.439100169668354	5.42733607797554E-04	1E10	0.128642461491771	5.09941846442202E-04	1E10	2.59986166272421E-02	2.97594238631285E-04	1E10	5.56991711601599E-03	1E-30	1.36556370222441E-11	8.08008777498502E-02	1E-30	2.11313876945151E-11	2.49316108760212E-02	1E-30	1.98808588110892E-10	1.28900967152579E-02	1E-30	1.21593370742749E-10	9.0413889822078E-03	1.06122149424306E-05	7.664302956555E-11	1.10239247466876E-02	7.74413274641868E-06	4.62530488632E-11	7.16096963694071E-03	1.39948121973168E-11	4.53477514455879E-11	7.50175973405236	1E10	1E-30	1E-10	1E10	1E-30	1E-10	1E10	1E-30	1E-10
556	2.94797638058244E-06	1E10	10638297.8723404	1E-30	1.74163747116357E-10	1E10	1E-30	1E10	4.41900738825605E-03	1.15275672204716E-04	1E10	9.0418060689726	1.0520354916452E-04	1E10	1.35920246789686	8.89457464115936E-05	1E10	0.164250623388269	1.06239566113715E-04	1E10	0.019672981984683	7.05203041609735E-05	1E10	7.70019112391027E-03	1E-30	3.1079468252674E-11	3.98095398753034E-02	1E-30	6.47441222251713E-12	0.03915997780353	1E-30	2.18989043347315E-10	2.37278065964516E-02	9.72579872763912E-06	5.16156381137663E-11	6.79548099203764E-03	3.97016504887016E-06	6.03394813629854E-11	8.6695921498243E-03	1.72764624089071E-11	6.09917970649453E-11	8.17172773102263	4.88839479449141E-12	6.98954570461081E-11	13.0979962689072	1E10	1E-30	1E-10	1E10	1E-30	1E-10	1E10	1E-30	1E-10
557	2.94797638058244E-06	1E10	10638297.8723404	1E-30	1.74163747116357E-10	1E10	1E-30	1E10	4.41900738825605E-03	1.15275672204716E-04	1E10	9.0418060689726	1.0520354916452E-04	1E10	1.35920246789686	8.89457464115936E-05	1E10	0.164250623388269	1.06239566113715E-04	1E10	0.019672981984683	7.05203041609735E-05	1E10	7.70019112391027E-03	1E-30	3.1079468252674E-11	3.98095398753034E-02	1E-30	6.47441222251713E-12	0.03915997780353	1E-30	2.18989043347315E-10	2.37278065964516E-02	9.72579872763912E-06	5.16156381137663E-11	6.79548099203764E-03	3.97016504887016E-06	6.03394813629854E-11	8.6695921498243E-03	1.72764624089071E-11	6.09917970649453E-11	8.17172773102263	4.88839479449141E-12	6.98954570461081E-11	13.0979962689072	1E10	1E-30	1E-10	1E10	1E-30	1E-10	1E10	1E-30	1E-10
558	2.94797638058245E-06	1E10	10638298	1E-30	1.74163747116357E-10	1E10	1E-30	1E10	4.41900738825605E-03	1.15275672204716E-04	1E10	9.0418060689726	1.05203549164521E-04	1E10	1.35920246789687	8.89457464115937E-05	1E10	0.164250623388269	1.06239566113715E-04	1E10	0.019672981984683	7.05203041609735E-05	1E10	7.70019112391028E-03	1E-30	3.10794682526741E-11	3.98095398753034E-02	1E-30	6.47441222251713E-12	3.91599778035301E-02	1E-30	2.18989043347316E-10	2.37278065964516E-02	9.72579872763913E-06	5.16156381137663E-11	6.79548099203764E-03	3.97016504887017E-06	6.03394813629854E-11	8.66959214982431E-03	1.72764624089072E-11	6.09917970649453E-11	8.17172773102263	4.88839479449142E-12	6.98954570461081E-11	13.0979962689072	1E10	1E-30	1E-10	1E10	1E-30	1E-10	1E10	1E-30	1E-10
559	2.94797638058245E-06	1E10	10638298	1E-30	1.74163747116357E-10	1E10	1E-30	1E10	4.41900738825605E-03	1.15275672204716E-04	1E10	9.0418060689726	1.05203549164521E-04	1E10	1.35920246789687	8.89457464115937E-05	1E10	0.164250623388269	1.06239566113715E-04	1E10	0.019672981984683	7.05203041609735E-05	1E10	7.70019112391028E-03	1E-30	3.10794682526741E-11	3.98095398753034E-02	1E-30	6.47441222251713E-12	3.91599778035301E-02	1E-30	2.18989043347316E-10	2.37278065964516E-02	9.72579872763913E-06	5.16156381137663E-11	6.79548099203764E-03	3.97016504887017E-06	6.03394813629854E-11	8.66959214982431E-03	1.72764624089072E-11	6.09917970649453E-11	8.17172773102263	4.88839479449142E-12	6.98954570461081E-11	13.0979962689072	1E10	1E-30	1E-10	1E10	1E-30	1E-10	1E10	1E-30	1E-10
560	6.77015249294504E-06	1E10	5E6	1E-30	2.02166856795501E-10	1E10	1E-30	1E10	3.11949604844404E-03	2.55553473504812E-04	1E10	20.7595095342342	3.69113098892998E-04	1E10	2.00002910769464	3.32921617138118E-04	1E10	0.35106654055885	3.20772403711699E-04	1E10	5.38001378252086E-02	3.95872444648934E-04	1E10	8.33588358983301E-03	3.24462556085753E-04	1E10	3.37255893148551E-03	1E-30	1.17407731641284E-11	5.17291394340258E-02	1E-30	3.14525205671594E-11	1.84420937612716E-02	1E-30	2.82880498607287E-10	1.55922228123208E-02	2.19421404910313E-05	5.97108426473074E-11	6.17501546593197E-03	9.00468555712815E-06	7.04239766712422E-11	6.47917488883261E-03	5.03521983902747E-12	1.03457633378475E-10	21.85813794479	1E10	1E-30	1E-10	1E10	1E-30	1E-10	1E10	1E-30	1E-10
561	7.54033363036376E-06	1E10	5E6	1E-30	1.77652497318109E-10	1E10	1E-30	1E10	2.93953605740927E-03	2.87191139072328E-04	1E10	17.2254682116195	4.13754908321868E-04	1E10	1.6537619041697	4.15488593291996E-04	1E10	0.301420183532131	4.23932245977266E-04	1E10	5.32496603358311E-02	3.27688615317304E-04	1E10	1.35421689677105E-02	2.93009535780124E-04	1E10	2.53995941888404E-03	1E-30	1.40944317244836E-11	6.55606249721898E-02	1E-30	3.17892962196417E-11	1.77056607020595E-02	1E-30	3.16423984536372E-10	1.63851323837304E-02	1.81690806128456E-05	8.18430591073802E-11	6.92406410815987E-03	1.33134923444277E-05	5.4577918398586E-11	5.99781945228696E-03	4.91340296584698E-12	8.10704818918441E-11	18.9649536054921	1E10	1E-30	1E-10	1E10	1E-30	1E-10	1E10	1E-30	1E-10
562	7.54033363036377E-06	1E10	5E6	1E-30	1.77652497318109E-10	1E10	1E-30	1E10	2.93953605740927E-03	2.87191139072328E-04	1E10	17.2254682116196	4.13754908321868E-04	1E10	1.6537619041697	4.15488593291997E-04	1E10	0.301420183532131	4.23932245977267E-04	1E10	5.32496603358312E-02	3.27688615317305E-04	1E10	1.35421689677105E-02	2.93009535780124E-04	1E10	2.53995941888404E-03	1E-30	1.40944317244837E-11	6.55606249721899E-02	1E-30	3.17892962196418E-11	1.77056607020596E-02	1E-30	3.16423984536373E-10	1.63851323837304E-02	1.81690806128457E-05	8.18430591073802E-11	6.92406410815988E-03	1.33134923444278E-05	5.4577918398586E-11	5.99781945228696E-03	4.91340296584698E-12	8.10704818918441E-11	18.9649536054921	1E10	1E-30	1E-10	1E10	1E-30	1E-10	1E10	1E-30	1E-10
563	7.54033363036376E-06	1E10	5E6	1E-30	1.77652497318109E-10	1E10	1E-30	1E10	2.93953605740927E-03	2.87191139072328E-04	1E10	17.2254682116195	4.13754908321868E-04	1E10	1.6537619041697	4.15488593291996E-04	1E10	0.301420183532131	4.23932245977266E-04	1E10	5.32496603358311E-02	3.27688615317304E-04	1E10	1.35421689677105E-02	2.93009535780124E-04	1E10	2.53995941888404E-03	1E-30	1.40944317244836E-11	6.55606249721898E-02	1E-30	3.17892962196417E-11	1.77056607020595E-02	1E-30	3.16423984536372E-10	1.63851323837304E-02	1.81690806128456E-05	8.18430591073802E-11	6.92406410815987E-03	1.33134923444277E-05	5.4577918398586E-11	5.99781945228696E-03	4.91340296584698E-12	8.10704818918441E-11	18.9649536054921	1E10	1E-30	1E-10	1E10	1E-30	1E-10	1E10	1E-30	1E-10
564	8.10781155811785E-06	1E10	5E6	1E-30	2.13386884904175E-10	1E10	1E-30	1E10	2.77557950744227E-03	5.25753873373926E-04	1E10	20.1333663446243	5.39687940234915E-04	1E10	3.58198694157694	4.99784411538082E-04	1E10	0.590796971464539	5.41545058490648E-04	1E10	9.89996481669757E-02	5.19814689049803E-04	1E10	1.80872901250986E-02	7.60701277797819E-04	1E10	3.3235769994916E-03	4.30742379279198E-04	1E10	1.31066266863983E-03	1E-30	1.82896486069575E-11	7.63113851468671E-02	1E-30	4.3391285751455E-11	1.80998393568229E-02	1E-30	2.22826478499178E-10	1.44301823845339E-02	2.21907603813903E-05	7.40169740944022E-11	3.91518864055872E-03	7.00749386964034E-06	1.00957572229458E-10	5.73193768183123E-03	1.68307971502818E-11	5.65013883232434E-11	4.07401652881639	1E10	1E-30	1E-10	1E10	1E-30	1E-10
565	7.33933288544131E-06	1E10	5E6	1E-30	7.35416375252461E-11	1E10	1E-30	1E10	2.91223809125844E-03	4.21561266644514E-04	1E10	6.09585328749805	3.50575434166909E-04	1E10	0.89848595756341	3.44250671929227E-04	1E10	0.102710181923162	2.67990657669645E-04	1E10	1.39990354792996E-02	3.59702285140352E-04	1E10	1.69512030648399E-03	1E-30	7.92427639289612E-12	0.050880940429919	1E-30	3.99331203832979E-11	3.81990219435006E-02	1E-30	2.61909829734765E-10	1.73153974852997E-02	1.87795179236442E-05	7.60053274572529E-11	6.39801797795183E-03	9.91467976238587E-06	6.53373291821071E-11	6.16994827074249E-03	6.91530053021655E-12	8.72323625642867E-11	15.1461835402017	9.98284299099432E-13	1.36447975681558E-10	467.996128600131	1E10	1E-30	1E-10	1E10	1E-30	1E-10	1E10	1E-30	1E-10
566	6.69575313594253E-06	1E10	5E6	1E-30	1.4787477776145E-10	1E10	1E-30	1E10	3.11462899774085E-03	1.99506413913097E-04	1E10	7.48828390161122	2.24238916871127E-04	1E10	0.786815654211436	2.04654763221433E-04	1E10	9.97079285642502E-02	2.11809903734195E-04	1E10	1.31645525637983E-02	1.9896413356397E-04	1E10	3.38635215230686E-03	1E-30	9.19427694482542E-12	5.33297339515478E-02	1E-30	3.38099374520956E-11	3.66996366820453E-02	1E-30	2.89918013574469E-10	1.97940603284807E-02	2.34461015305859E-05	5.35314777296615E-11	4.73685666383995E-03	1.03758204105136E-05	6.10668132925113E-11	6.00815148278882E-03	1.28603865009138E-11	5.20324629332334E-11	9.90089131062293	5.08772863887409E-12	6.4588919509255E-11	14.8581556833174	1E10	1E-30	1E-10	1E10	1E-30	1E-10	1E10	1E-30	1E-10
567	6.69575313594253E-06	1E10	5E6	1E-30	1.4787477776145E-10	1E10	1E-30	1E10	3.11462899774085E-03	1.99506413913097E-04	1E10	7.48828390161122	2.24238916871127E-04	1E10	0.786815654211436	2.04654763221433E-04	1E10	9.97079285642502E-02	2.11809903734195E-04	1E10	1.31645525637983E-02	1.9896413356397E-04	1E10	3.38635215230686E-03	1E-30	9.19427694482542E-12	5.33297339515478E-02	1E-30	3.38099374520956E-11	3.66996366820453E-02	1E-30	2.89918013574469E-10	1.97940603284807E-02	2.34461015305859E-05	5.35314777296615E-11	4.73685666383995E-03	1.03758204105136E-05	6.10668132925113E-11	6.00815148278882E-03	1.28603865009138E-11	5.20324629332334E-11	9.90089131062293	5.08772863887409E-12	6.4588919509255E-11	14.8581556833174	1E10	1E-30	1E-10	1E10	1E-30	1E-10	1E10	1E-30	1E-10
568	6.69575313594254E-06	1E10	5E6	1E-30	1.47874777761451E-10	1E10	1E-30	1E10	3.11462899774086E-03	1.99506413913097E-04	1E10	7.48828390161122	2.24238916871128E-04	1E10	0.786815654211436	2.04654763221434E-04	1E10	9.97079285642502E-02	2.11809903734195E-04	1E10	1.31645525637983E-02	1.9896413356397E-04	1E10	3.38635215230687E-03	1E-30	9.19427694482542E-12	5.33297339515479E-02	1E-30	3.38099374520957E-11	3.66996366820453E-02	1E-30	2.89918013574469E-10	1.97940603284807E-02	2.3446101530586E-05	5.35314777296616E-11	4.73685666383996E-03	1.03758204105136E-05	6.10668132925113E-11	6.00815148278883E-03	1.28603865009139E-11	5.20324629332334E-11	9.90089131062294	5.08772863887409E-12	6.4588919509255E-11	14.8581556833175	1E10	1E-30	1E-10	1E10	1E-30	1E-10	1E10	1E-30	1E-10
569	6.69575313594254E-06	1E10	5E6	1E-30	1.47874777761451E-10	1E10	1E-30	1E10	3.11462899774086E-03	1.99506413913097E-04	1E10	7.48828390161122	2.24238916871128E-04	1E10	0.786815654211436	2.04654763221434E-04	1E10	9.97079285642502E-02	2.11809903734195E-04	1E10	1.31645525637983E-02	1.9896413356397E-04	1E10	3.38635215230687E-03	1E-30	9.19427694482542E-12	5.33297339515479E-02	1E-30	3.38099374520957E-11	3.66996366820453E-02	1E-30	2.89918013574469E-10	1.97940603284807E-02	2.3446101530586E-05	5.35314777296616E-11	4.73685666383996E-03	1.03758204105136E-05	6.10668132925113E-11	6.00815148278883E-03	1.28603865009139E-11	5.20324629332334E-11	9.90089131062294	5.08772863887409E-12	6.4588919509255E-11	14.8581556833175	1E10	1E-30	1E-10	1E10	1E-30	1E-10	1E10	1E-30	1E-10
570	6.35445906946155E-06	1E10	5E6	1E-30	1.17989755559592E-10	1E10	1E-30	1E10	3.58762995372349E-03	1.65185538459266E-04	1E10	32.1163996510388	2.4130935444264E-04	1E10	2.85575197244845	2.24257372313823E-04	1E10	0.489186245540796	2.00607592579501E-04	1E10	7.61776013749011E-02	1.45219495505805E-04	1E10	1.46589724031371E-02	3.26343879524053E-04	1E10	1.28889077564048E-03	1E-30	1.38953329853954E-11	6.54510451357008E-02	1E-30	3.94785374147886E-11	0.03162822686196	1E-30	2.15876734553653E-10	1.77166352022298E-02	1.140763143667E-05	8.45464718722252E-11	5.76289054172291E-03	1.51703607958511E-05	3.23002562804683E-11	5.10223173333391E-03	1.44814045250385E-11	6.36307236500514E-11	9.29884735625548	3.17788248347539E-12	7.58236223014966E-11	19.6428136919075	1E10	1E-30	1E-10	1E10	1E-30	1E-10
571	6.22109083273475E-06	1E10	5E6	1E-30	1.13296816676179E-10	1E10	1E-30	1E10	3.43550571377074E-03	1.75714023043233E-04	1E10	23.4119414995591	2.09990161825313E-04	1E10	2.43105006671415	1.91281677979533E-04	1E10	0.286745808419616	1.84519663568933E-04	1E10	3.81933774977839E-02	1.38415557455071E-04	1E10	7.03730537408075E-03	1E-30	1.11802079714741E-11	5.33536778182507E-02	1E-30	3.7311764579491E-11	3.09315581107009E-02	1E-30	2.35879012226675E-10	1.94080514580796E-02	2.07913922143363E-05	5.19314695970255E-11	5.14579091755971E-03	8.52806655528231E-06	6.34167601609126E-11	6.3386438169189E-03	2.33149598504052E-11	4.36804314026294E-11	7.67787047333599	2.34141931761027E-12	1.00118009884774E-10	20.8004269799975	1E10	1E-30	1E-10	1E10	1E-30	1E-10	1E10	1E-30	1E-10
572	6.35445906946155E-06	1E10	5E6	1E-30	1.17989755559592E-10	1E10	1E-30	1E10	3.58762995372349E-03	1.65185538459266E-04	1E10	32.1163996510389	2.4130935444264E-04	1E10	2.85575197244846	2.24257372313823E-04	1E10	0.489186245540797	2.00607592579502E-04	1E10	7.61776013749012E-02	1.45219495505806E-04	1E10	1.46589724031372E-02	3.26343879524054E-04	1E10	1.28889077564048E-03	1E-30	1.38953329853955E-11	6.54510451357008E-02	1E-30	3.94785374147887E-11	0.03162822686196	1E-30	2.15876734553654E-10	1.77166352022298E-02	1.14076314366701E-05	8.45464718722253E-11	5.76289054172292E-03	1.51703607958512E-05	3.23002562804683E-11	5.10223173333391E-03	1.44814045250385E-11	6.36307236500514E-11	9.29884735625548	3.17788248347539E-12	7.58236223014967E-11	19.6428136919075	1E10	1E-30	1E-10	1E10	1E-30	1E-10
573	6.22109083273475E-06	1E10	5E6	1E-30	1.13296816676179E-10	1E10	1E-30	1E10	3.43550571377074E-03	1.75714023043234E-04	1E10	23.4119414995592	2.09990161825314E-04	1E10	2.43105006671415	1.91281677979533E-04	1E10	0.286745808419617	1.84519663568934E-04	1E10	0.038193377497784	1.38415557455071E-04	1E10	7.03730537408076E-03	1E-30	1.11802079714741E-11	5.33536778182507E-02	1E-30	3.7311764579491E-11	3.09315581107009E-02	1E-30	2.35879012226675E-10	1.94080514580796E-02	2.07913922143363E-05	5.19314695970256E-11	5.14579091755971E-03	8.52806655528231E-06	6.34167601609127E-11	6.3386438169189E-03	2.33149598504053E-11	4.36804314026294E-11	7.677870473336	2.34141931761027E-12	1.00118009884774E-10	20.8004269799975	1E10	1E-30	1E-10	1E10	1E-30	1E-10	1E10	1E-30	1E-10
574	1.66551248965285E-05	1E10	2272727	1E-30	1.96022222217414E-10	1E10	1E-30	1E10	2.18152669220127E-03	4.12809733309337E-04	1E10	25.6418259687944	9.27313115893081E-04	1E10	1.52289094466538	7.93343389845279E-04	1E10	0.252748035122572	8.2825350369662E-04	1E10	4.25017877289925E-02	6.90684061166047E-04	1E10	7.45945936412131E-03	6.34960471836523E-04	1E10	1.71992526567722E-03	1E-30	1.69826957642478E-11	0.102823330144185	1E-30	4.75039846533231E-11	2.49099512886104E-02	1E-30	4.18266320301484E-10	1.24993211573176E-02	5.26142648310146E-05	6.98589191429769E-11	3.62043067131141E-03	3.61451077144519E-05	5.00360162632933E-11	2.78021474612481E-03	9.3832403749841E-12	4.89796417374545E-11	8.51499728522483	1E10	1E-30	1E-10	1E10	1E-30	1E-10	1E10	1E-30	1E-10
575	1.66551248965285E-05	1E10	2272727.27272727	1E-30	1.96022222217414E-10	1E10	1E-30	1E10	2.18152669220127E-03	4.12809733309337E-04	1E10	25.6418259687944	9.27313115893081E-04	1E10	1.52289094466538	7.93343389845279E-04	1E10	0.252748035122572	8.2825350369662E-04	1E10	4.25017877289925E-02	6.90684061166047E-04	1E10	7.45945936412131E-03	6.34960471836523E-04	1E10	1.71992526567722E-03	1E-30	1.69826957642478E-11	0.102823330144185	1E-30	4.75039846533231E-11	2.49099512886104E-02	1E-30	4.18266320301484E-10	1.24993211573176E-02	5.26142648310146E-05	6.98589191429769E-11	3.62043067131141E-03	3.61451077144519E-05	5.00360162632933E-11	2.78021474612481E-03	9.3832403749841E-12	4.89796417374545E-11	8.51499728522483	1E10	1E-30	1E-10	1E10	1E-30	1E-10	1E10	1E-30	1E-10
576	1.66551248965285E-05	1E10	2272727.27272727	1E-30	1.96022222217414E-10	1E10	1E-30	1E10	2.18152669220127E-03	4.12809733309337E-04	1E10	25.6418259687944	9.27313115893081E-04	1E10	1.52289094466538	7.93343389845279E-04	1E10	0.252748035122572	8.2825350369662E-04	1E10	4.25017877289925E-02	6.90684061166047E-04	1E10	7.45945936412131E-03	6.34960471836523E-04	1E10	1.71992526567722E-03	1E-30	1.69826957642478E-11	0.102823330144185	1E-30	4.75039846533231E-11	2.49099512886104E-02	1E-30	4.18266320301484E-10	1.24993211573176E-02	5.26142648310146E-05	6.98589191429769E-11	3.62043067131141E-03	3.61451077144519E-05	5.00360162632933E-11	2.78021474612481E-03	9.3832403749841E-12	4.89796417374545E-11	8.51499728522483	1E10	1E-30	1E-10	1E10	1E-30	1E-10	1E10	1E-30	1E-10
577	1.68583767330584E-05	1E10	2272727	1E-30	1.96057085266107E-10	1E10	1E-30	1E10	2.2203914035477E-03	7.64598520228104E-04	1E10	2.58637751723071	1.24540044879394E-03	1E10	0.297046443931672	1.05548720411247E-03	1E10	7.72167169806602E-02	9.61196237329453E-04	1E10	1.99730735929827E-02	4.88404052825464E-04	1E10	4.60302551670927E-03	1E-30	1.01768796421958E-11	9.70234275225707E-02	1E-30	1.58925779394179E-11	0.032631420509879	1E-30	3.42607595027112E-11	1.44953611517844E-02	1E-30	2.59162135403984E-10	7.57193165319865E-03	1E-30	1.52254336250891E-10	5.61515500179083E-03	1.23821691008894E-04	3.47313576020852E-11	2.77625281244551E-03	1.98057239666053E-05	1.10904317539947E-10	3.76329646928508E-03	1.26649472170554E-11	4.5965533876576E-11	10.5727835608018	1E10	1E-30	1E-10	1E10	1E-30	1E-10
578	3.32165603040713E-05	1E10	1063830	1E-30	2.06991692639314E-10	1E10	1E-30	1E10	1.86338062424719E-03	1.49995741761778E-03	1E10	1.34411902310669	2.5566621706095E-03	1E10	0.16316610509549	1.64909068036693E-03	1E10	5.15281402490258E-02	1.93476296274962E-03	1E10	1.18392477208289E-02	9.55768766569686E-04	1E10	2.72954511312097E-03	1E-30	1.59283847745937E-11	9.18575593488934E-02	1E-30	1.75209879717439E-11	1.97104102444244E-02	1E-30	4.68431085677793E-11	1.27725518716084E-02	1E-30	3.30079999631456E-10	5.84720927050145E-03	1E-30	1.39936901991933E-10	3.40300504268502E-03	3.08309362334775E-04	2.94158831838123E-11	1.40193905131186E-03	4.53879977440894E-05	1.05332688306432E-10	2.37620882530861E-03	3.93279109035986E-11	1.3294500826033E-11	1.07664284676893	1E10	1E-30	1E-10	1E10	1E-30	1E-10
579	3.32165603040713E-05	1E10	1063830	1E-30	2.06991692639314E-10	1E10	1E-30	1E10	1.86338062424719E-03	1.49995741761778E-03	1E10	1.34411902310669	2.5566621706095E-03	1E10	0.16316610509549	1.64909068036693E-03	1E10	5.15281402490258E-02	1.93476296274962E-03	1E10	1.18392477208289E-02	9.55768766569686E-04	1E10	2.72954511312097E-03	1E-30	1.59283847745937E-11	9.18575593488934E-02	1E-30	1.75209879717439E-11	1.97104102444244E-02	1E-30	4.68431085677793E-11	1.27725518716084E-02	1E-30	3.30079999631456E-10	5.84720927050145E-03	1E-30	1.39936901991933E-10	3.40300504268502E-03	3.08309362334775E-04	2.94158831838123E-11	1.40193905131186E-03	4.53879977440894E-05	1.05332688306432E-10	2.37620882530861E-03	3.93279109035986E-11	1.3294500826033E-11	1.07664284676893	1E10	1E-30	1E-10	1E10	1E-30	1E-10
580	3.32165603040713E-05	1E10	1063830	1E-30	2.06991692639314E-10	1E10	1E-30	1E10	1.86338062424719E-03	1.49995741761778E-03	1E10	1.34411902310669	2.5566621706095E-03	1E10	0.16316610509549	1.64909068036693E-03	1E10	5.15281402490258E-02	1.93476296274962E-03	1E10	1.18392477208289E-02	9.55768766569686E-04	1E10	2.72954511312097E-03	1E-30	1.59283847745937E-11	9.18575593488934E-02	1E-30	1.75209879717439E-11	1.97104102444244E-02	1E-30	4.68431085677793E-11	1.27725518716084E-02	1E-30	3.30079999631456E-10	5.84720927050145E-03	1E-30	1.39936901991933E-10	3.40300504268502E-03	3.08309362334775E-04	2.94158831838123E-11	1.40193905131186E-03	4.53879977440894E-05	1.05332688306432E-10	2.37620882530861E-03	3.93279109035986E-11	1.3294500826033E-11	1.07664284676893	1E10	1E-30	1E-10	1E10	1E-30	1E-10
END DSCRDATA
