BEGIN DSCRDATA
% INDEX	K01	L01	M01	K02	L02	M02	K03	L03	M03	K04	L04	M04	K05	L05	M05	K06	L06	M06	K07	L07	M07	K08	L08	M08	K09	L09	M09	K10	L10	M10	K11	L11	M11	K12	L12	M12	K13	L13	M13	K14	L14	M14	K15	L15	M15	K16	L16	M16	K17	L17	M17	K18	L18	M18	T01	T02	T03
0	0	0	0	0	0	0	0	0	0	0	0	0	0	0	0	0	0	0	0	0	0	0	0	0	0	0	0	0	0	0	0	0	0	0	0	0	0	0	0	0	0	0	0	0	0	0	0	0	0	0	0	0	0	0	0	0	0
1	1E-13	1E10	1E10	1E-30	3.70585390369135E-10	1E10	1E-30	1E10	3.43786159555223	1E10	1E-30	1E-10	1E10	1E-30	1E-10	1E10	1E-30	1E-10	1E10	1E-30	1E-10	1E10	1E-30	1E-10	1E10	1E-30	1E-10	1E10	1E-30	1E-10	1E10	1E-30	1E-10	1E10	1E-30	1E-10	1E10	1E-30	1E-10	1E10	1E-30	1E-10	1E10	1E-30	1E-10	1E10	1E-30	1E-10	1E10	1E-30	1E-10	1E10	1E-30	1E-10	1	-0.05	0.05
2	1E-13	1E10	1E10	1E-30	3.70585390369135E-10	1E10	1E-30	1E10	3.43786159555223	1E10	1E-30	1E-10	1E10	1E-30	1E-10	1E10	1E-30	1E-10	1E10	1E-30	1E-10	1E10	1E-30	1E-10	1E10	1E-30	1E-10	1E10	1E-30	1E-10	1E10	1E-30	1E-10	1E10	1E-30	1E-10	1E10	1E-30	1E-10	1E10	1E-30	1E-10	1E10	1E-30	1E-10	1E10	1E-30	1E-10	1E10	1E-30	1E-10	1E10	1E-30	1E-10	1	-0.1	0.1
3	1E-13	1E10	1E10	1E-30	3.70585390369135E-10	1E10	1E-30	1E10	3.43786159555223	1E10	1E-30	1E-10	1E10	1E-30	1E-10	1E10	1E-30	1E-10	1E10	1E-30	1E-10	1E10	1E-30	1E-10	1E10	1E-30	1E-10	1E10	1E-30	1E-10	1E10	1E-30	1E-10	1E10	1E-30	1E-10	1E10	1E-30	1E-10	1E10	1E-30	1E-10	1E10	1E-30	1E-10	1E10	1E-30	1E-10	1E10	1E-30	1E-10	1E10	1E-30	1E-10	1	-0.05	0.05
4	1E-13	1E10	1E10	1E-30	3.70585390369135E-10	1E10	1E-30	1E10	3.43786159555223	1E10	1E-30	1E-10	1E10	1E-30	1E-10	1E10	1E-30	1E-10	1E10	1E-30	1E-10	1E10	1E-30	1E-10	1E10	1E-30	1E-10	1E10	1E-30	1E-10	1E10	1E-30	1E-10	1E10	1E-30	1E-10	1E10	1E-30	1E-10	1E10	1E-30	1E-10	1E10	1E-30	1E-10	1E10	1E-30	1E-10	1E10	1E-30	1E-10	1E10	1E-30	1E-10	1	-0.1	0.1
5	2E-13	1E10	1E10	1E-30	2.54977545050362E-10	1E10	1E-30	1E10	1.24798849345777	6.06501711024878E-13	7.03608421807235E-11	819.030297875757	1E10	1E-30	1E-10	1E10	1E-30	1E-10	1E10	1E-30	1E-10	1E10	1E-30	1E-10	1E10	1E-30	1E-10	1E10	1E-30	1E-10	1E10	1E-30	1E-10	1E10	1E-30	1E-10	1E10	1E-30	1E-10	1E10	1E-30	1E-10	1E10	1E-30	1E-10	1E10	1E-30	1E-10	1E10	1E-30	1E-10	1E10	1E-30	1E-10	1	-0.05	0.05
6	2E-13	1E10	1E10	1E-30	2.54977545050362E-10	1E10	1E-30	1E10	1.24798849345777	6.06501711024878E-13	7.03608421807235E-11	819.030297875757	1E10	1E-30	1E-10	1E10	1E-30	1E-10	1E10	1E-30	1E-10	1E10	1E-30	1E-10	1E10	1E-30	1E-10	1E10	1E-30	1E-10	1E10	1E-30	1E-10	1E10	1E-30	1E-10	1E10	1E-30	1E-10	1E10	1E-30	1E-10	1E10	1E-30	1E-10	1E10	1E-30	1E-10	1E10	1E-30	1E-10	1E10	1E-30	1E-10	1	-0.1	0.1
7	2E-13	1E10	1E10	1E-30	2.54977545050362E-10	1E10	1E-30	1E10	1.24798849345777	6.06501711024878E-13	7.03608421807235E-11	819.030297875757	1E10	1E-30	1E-10	1E10	1E-30	1E-10	1E10	1E-30	1E-10	1E10	1E-30	1E-10	1E10	1E-30	1E-10	1E10	1E-30	1E-10	1E10	1E-30	1E-10	1E10	1E-30	1E-10	1E10	1E-30	1E-10	1E10	1E-30	1E-10	1E10	1E-30	1E-10	1E10	1E-30	1E-10	1E10	1E-30	1E-10	1E10	1E-30	1E-10	1	-0.05	0.05
8	2E-13	1E10	1E10	1E-30	2.54977545050362E-10	1E10	1E-30	1E10	1.24798849345777	6.06501711024878E-13	7.03608421807235E-11	819.030297875757	1E10	1E-30	1E-10	1E10	1E-30	1E-10	1E10	1E-30	1E-10	1E10	1E-30	1E-10	1E10	1E-30	1E-10	1E10	1E-30	1E-10	1E10	1E-30	1E-10	1E10	1E-30	1E-10	1E10	1E-30	1E-10	1E10	1E-30	1E-10	1E10	1E-30	1E-10	1E10	1E-30	1E-10	1E10	1E-30	1E-10	1E10	1E-30	1E-10	1	-0.1	0.1
9	3E-13	1E10	1E10	1E-30	2.28503827872783E-10	1E10	1E-30	1E10	0.852296980719332	9.38785118134404E-13	5.95638648323758E-11	589.803600439698	2.43364984053337E-12	1.87107420250295E-11	290.884741447595	4.66218681669807E-12	8.25805621959547E-12	113.906982656817	1E10	1E-30	1E-10	1E10	1E-30	1E-10	1E10	1E-30	1E-10	1E10	1E-30	1E-10	1E10	1E-30	1E-10	1E10	1E-30	1E-10	1E10	1E-30	1E-10	1E10	1E-30	1E-10	1E10	1E-30	1E-10	1E10	1E-30	1E-10	1E10	1E-30	1E-10	1E10	1E-30	1E-10	1	-0.05	0.05
10	3E-13	1E10	1E10	1E-30	2.28503827872783E-10	1E10	1E-30	1E10	0.852296980719332	9.38785118134404E-13	5.95638648323758E-11	589.803600439698	2.43364984053337E-12	1.87107420250295E-11	290.884741447595	4.66218681669807E-12	8.25805621959547E-12	113.906982656817	1E10	1E-30	1E-10	1E10	1E-30	1E-10	1E10	1E-30	1E-10	1E10	1E-30	1E-10	1E10	1E-30	1E-10	1E10	1E-30	1E-10	1E10	1E-30	1E-10	1E10	1E-30	1E-10	1E10	1E-30	1E-10	1E10	1E-30	1E-10	1E10	1E-30	1E-10	1E10	1E-30	1E-10	1	-0.1	0.1
11	3E-13	1E10	1E10	1E-30	2.28503827872783E-10	1E10	1E-30	1E10	0.852296980719332	9.38785118134404E-13	5.95638648323758E-11	589.803600439698	2.43364984053337E-12	1.87107420250295E-11	290.884741447595	4.66218681669807E-12	8.25805621959547E-12	113.906982656817	1E10	1E-30	1E-10	1E10	1E-30	1E-10	1E10	1E-30	1E-10	1E10	1E-30	1E-10	1E10	1E-30	1E-10	1E10	1E-30	1E-10	1E10	1E-30	1E-10	1E10	1E-30	1E-10	1E10	1E-30	1E-10	1E10	1E-30	1E-10	1E10	1E-30	1E-10	1E10	1E-30	1E-10	1	-0.05	0.05
12	3E-13	1E10	1E10	1E-30	2.28503827872783E-10	1E10	1E-30	1E10	0.852296980719332	9.38785118134404E-13	5.95638648323758E-11	589.803600439698	2.43364984053337E-12	1.87107420250295E-11	290.884741447595	4.66218681669807E-12	8.25805621959547E-12	113.906982656817	1E10	1E-30	1E-10	1E10	1E-30	1E-10	1E10	1E-30	1E-10	1E10	1E-30	1E-10	1E10	1E-30	1E-10	1E10	1E-30	1E-10	1E10	1E-30	1E-10	1E10	1E-30	1E-10	1E10	1E-30	1E-10	1E10	1E-30	1E-10	1E10	1E-30	1E-10	1E10	1E-30	1E-10	1	-0.1	0.1
13	4E-13	1E10	1E10	1E-30	1.8047692129364E-10	1E10	1E-30	1E10	0.697370728760232	3.41106429716457E-13	1.30385422989775E-10	1709.09967614949	1.65501546290531E-12	1.88599525279982E-11	257.558791028439	1E10	1E-30	1E-10	1E10	1E-30	1E-10	1E10	1E-30	1E-10	1E10	1E-30	1E-10	1E10	1E-30	1E-10	1E10	1E-30	1E-10	1E10	1E-30	1E-10	1E10	1E-30	1E-10	1E10	1E-30	1E-10	1E10	1E-30	1E-10	1E10	1E-30	1E-10	1E10	1E-30	1E-10	1E10	1E-30	1E-10	1	-0.05	0.05
14	4E-13	1E10	1E10	1E-30	1.8047692129364E-10	1E10	1E-30	1E10	0.697370728760232	3.41106429716457E-13	1.30385422989775E-10	1709.09967614949	1.65501546290531E-12	1.88599525279982E-11	257.558791028439	1E10	1E-30	1E-10	1E10	1E-30	1E-10	1E10	1E-30	1E-10	1E10	1E-30	1E-10	1E10	1E-30	1E-10	1E10	1E-30	1E-10	1E10	1E-30	1E-10	1E10	1E-30	1E-10	1E10	1E-30	1E-10	1E10	1E-30	1E-10	1E10	1E-30	1E-10	1E10	1E-30	1E-10	1E10	1E-30	1E-10	1	-0.1	0.1
15	4E-13	1E10	1E10	1E-30	1.8047692129364E-10	1E10	1E-30	1E10	0.697370728760232	3.41106429716457E-13	1.30385422989775E-10	1709.09967614949	1.65501546290531E-12	1.88599525279982E-11	257.558791028439	1E10	1E-30	1E-10	1E10	1E-30	1E-10	1E10	1E-30	1E-10	1E10	1E-30	1E-10	1E10	1E-30	1E-10	1E10	1E-30	1E-10	1E10	1E-30	1E-10	1E10	1E-30	1E-10	1E10	1E-30	1E-10	1E10	1E-30	1E-10	1E10	1E-30	1E-10	1E10	1E-30	1E-10	1E10	1E-30	1E-10	1	-0.05	0.05
16	4E-13	1E10	1E10	1E-30	1.8047692129364E-10	1E10	1E-30	1E10	0.697370728760232	3.41106429716457E-13	1.30385422989775E-10	1709.09967614949	1.65501546290531E-12	1.88599525279982E-11	257.558791028439	1E10	1E-30	1E-10	1E10	1E-30	1E-10	1E10	1E-30	1E-10	1E10	1E-30	1E-10	1E10	1E-30	1E-10	1E10	1E-30	1E-10	1E10	1E-30	1E-10	1E10	1E-30	1E-10	1E10	1E-30	1E-10	1E10	1E-30	1E-10	1E10	1E-30	1E-10	1E10	1E-30	1E-10	1E10	1E-30	1E-10	1	-0.1	0.1
17	5E-13	1E10	1E10	1E-30	2.31290523260345E-10	1E10	1E-30	1E10	0.455315025936047	1.02740655498053E-12	5.48429466869399E-11	759.381185065358	3.83023478939818E-12	8.66809712302353E-12	37.8358470528134	9.28927831028193E-13	2.81071775892878E-11	280.631278279208	1E10	1E-30	1E-10	1E10	1E-30	1E-10	1E10	1E-30	1E-10	1E10	1E-30	1E-10	1E10	1E-30	1E-10	1E10	1E-30	1E-10	1E10	1E-30	1E-10	1E10	1E-30	1E-10	1E10	1E-30	1E-10	1E10	1E-30	1E-10	1E10	1E-30	1E-10	1E10	1E-30	1E-10	1	-0.05	0.05
18	5E-13	1E10	1E10	1E-30	2.31290523260345E-10	1E10	1E-30	1E10	0.455315025936047	1.02740655498053E-12	5.48429466869399E-11	759.381185065358	3.83023478939818E-12	8.66809712302353E-12	37.8358470528134	9.28927831028193E-13	2.81071775892878E-11	280.631278279208	1E10	1E-30	1E-10	1E10	1E-30	1E-10	1E10	1E-30	1E-10	1E10	1E-30	1E-10	1E10	1E-30	1E-10	1E10	1E-30	1E-10	1E10	1E-30	1E-10	1E10	1E-30	1E-10	1E10	1E-30	1E-10	1E10	1E-30	1E-10	1E10	1E-30	1E-10	1E10	1E-30	1E-10	1	-0.1	0.1
19	5E-13	1E10	1E10	1E-30	2.31290523260345E-10	1E10	1E-30	1E10	0.455315025936047	1.02740655498053E-12	5.48429466869399E-11	759.381185065358	3.83023478939818E-12	8.66809712302353E-12	37.8358470528134	9.28927831028193E-13	2.81071775892878E-11	280.631278279208	1E10	1E-30	1E-10	1E10	1E-30	1E-10	1E10	1E-30	1E-10	1E10	1E-30	1E-10	1E10	1E-30	1E-10	1E10	1E-30	1E-10	1E10	1E-30	1E-10	1E10	1E-30	1E-10	1E10	1E-30	1E-10	1E10	1E-30	1E-10	1E10	1E-30	1E-10	1E10	1E-30	1E-10	1	-0.05	0.05
20	5E-13	1E10	1E10	1E-30	2.31290523260345E-10	1E10	1E-30	1E10	0.455315025936047	1.02740655498053E-12	5.48429466869399E-11	759.381185065358	3.83023478939818E-12	8.66809712302353E-12	37.8358470528134	9.28927831028193E-13	2.81071775892878E-11	280.631278279208	1E10	1E-30	1E-10	1E10	1E-30	1E-10	1E10	1E-30	1E-10	1E10	1E-30	1E-10	1E10	1E-30	1E-10	1E10	1E-30	1E-10	1E10	1E-30	1E-10	1E10	1E-30	1E-10	1E10	1E-30	1E-10	1E10	1E-30	1E-10	1E10	1E-30	1E-10	1E10	1E-30	1E-10	1	-0.1	0.1
21	6E-13	1E10	1E10	1E-30	1.68234608441887E-10	1E10	1E-30	1E10	0.300253397113448	9.43797995819104E-13	5.9712596920218E-11	671.740490262767	3.9963177503163E-13	9.35597053467952E-11	805.613388261356	1.14219293660056E-12	2.2137432464117E-11	333.422309392967	1E10	1E-30	1E-10	1E10	1E-30	1E-10	1E10	1E-30	1E-10	1E10	1E-30	1E-10	1E10	1E-30	1E-10	1E10	1E-30	1E-10	1E10	1E-30	1E-10	1E10	1E-30	1E-10	1E10	1E-30	1E-10	1E10	1E-30	1E-10	1E10	1E-30	1E-10	1E10	1E-30	1E-10	1	-0.05	0.05
22	6E-13	1E10	1E10	1E-30	1.68234608441887E-10	1E10	1E-30	1E10	0.300253397113448	9.43797995819104E-13	5.9712596920218E-11	671.740490262767	3.9963177503163E-13	9.35597053467952E-11	805.613388261356	1.14219293660056E-12	2.2137432464117E-11	333.422309392967	1E10	1E-30	1E-10	1E10	1E-30	1E-10	1E10	1E-30	1E-10	1E10	1E-30	1E-10	1E10	1E-30	1E-10	1E10	1E-30	1E-10	1E10	1E-30	1E-10	1E10	1E-30	1E-10	1E10	1E-30	1E-10	1E10	1E-30	1E-10	1E10	1E-30	1E-10	1E10	1E-30	1E-10	1	-0.1	0.1
23	6E-13	1E10	1E10	1E-30	1.68234608441887E-10	1E10	1E-30	1E10	0.300253397113448	9.43797995819104E-13	5.9712596920218E-11	671.740490262767	3.9963177503163E-13	9.35597053467952E-11	805.613388261356	1.14219293660056E-12	2.2137432464117E-11	333.422309392967	1E10	1E-30	1E-10	1E10	1E-30	1E-10	1E10	1E-30	1E-10	1E10	1E-30	1E-10	1E10	1E-30	1E-10	1E10	1E-30	1E-10	1E10	1E-30	1E-10	1E10	1E-30	1E-10	1E10	1E-30	1E-10	1E10	1E-30	1E-10	1E10	1E-30	1E-10	1E10	1E-30	1E-10	1	-0.05	0.05
24	6E-13	1E10	1E10	1E-30	1.68234608441887E-10	1E10	1E-30	1E10	0.300253397113448	9.43797995819104E-13	5.9712596920218E-11	671.740490262767	3.9963177503163E-13	9.35597053467952E-11	805.613388261356	1.14219293660056E-12	2.2137432464117E-11	333.422309392967	1E10	1E-30	1E-10	1E10	1E-30	1E-10	1E10	1E-30	1E-10	1E10	1E-30	1E-10	1E10	1E-30	1E-10	1E10	1E-30	1E-10	1E10	1E-30	1E-10	1E10	1E-30	1E-10	1E10	1E-30	1E-10	1E10	1E-30	1E-10	1E10	1E-30	1E-10	1E10	1E-30	1E-10	1	-0.1	0.1
25	7E-13	1E10	1E10	1E-30	1.64919894643054E-10	1E10	1E-30	1E10	0.380977714275666	1.41827115585136E-12	4.60585120562716E-11	711.411474400801	3.53590103175497E-13	1.15511852480666E-10	1518.38101506635	7.96667531533112E-13	3.00652625269667E-11	260.412861998964	1E10	1E-30	1E-10	1E10	1E-30	1E-10	1E10	1E-30	1E-10	1E10	1E-30	1E-10	1E10	1E-30	1E-10	1E10	1E-30	1E-10	1E10	1E-30	1E-10	1E10	1E-30	1E-10	1E10	1E-30	1E-10	1E10	1E-30	1E-10	1E10	1E-30	1E-10	1E10	1E-30	1E-10	1	-0.05	0.05
26	7E-13	1E10	1E10	1E-30	1.64919894643054E-10	1E10	1E-30	1E10	0.380977714275666	1.41827115585136E-12	4.60585120562716E-11	711.411474400801	3.53590103175497E-13	1.15511852480666E-10	1518.38101506635	7.96667531533112E-13	3.00652625269667E-11	260.412861998964	1E10	1E-30	1E-10	1E10	1E-30	1E-10	1E10	1E-30	1E-10	1E10	1E-30	1E-10	1E10	1E-30	1E-10	1E10	1E-30	1E-10	1E10	1E-30	1E-10	1E10	1E-30	1E-10	1E10	1E-30	1E-10	1E10	1E-30	1E-10	1E10	1E-30	1E-10	1E10	1E-30	1E-10	1	-0.1	0.1
27	7E-13	1E10	1E10	1E-30	1.64919894643054E-10	1E10	1E-30	1E10	0.380977714275666	1.41827115585136E-12	4.60585120562716E-11	711.411474400801	3.53590103175497E-13	1.15511852480666E-10	1518.38101506635	7.96667531533112E-13	3.00652625269667E-11	260.412861998964	1E10	1E-30	1E-10	1E10	1E-30	1E-10	1E10	1E-30	1E-10	1E10	1E-30	1E-10	1E10	1E-30	1E-10	1E10	1E-30	1E-10	1E10	1E-30	1E-10	1E10	1E-30	1E-10	1E10	1E-30	1E-10	1E10	1E-30	1E-10	1E10	1E-30	1E-10	1E10	1E-30	1E-10	1	-0.05	0.05
28	7E-13	1E10	1E10	1E-30	1.64919894643054E-10	1E10	1E-30	1E10	0.380977714275666	1.41827115585136E-12	4.60585120562716E-11	711.411474400801	3.53590103175497E-13	1.15511852480666E-10	1518.38101506635	7.96667531533112E-13	3.00652625269667E-11	260.412861998964	1E10	1E-30	1E-10	1E10	1E-30	1E-10	1E10	1E-30	1E-10	1E10	1E-30	1E-10	1E10	1E-30	1E-10	1E10	1E-30	1E-10	1E10	1E-30	1E-10	1E10	1E-30	1E-10	1E10	1E-30	1E-10	1E10	1E-30	1E-10	1E10	1E-30	1E-10	1E10	1E-30	1E-10	1	-0.1	0.1
29	8E-13	1E10	1E10	1E-30	2.03880612725839E-10	1E10	1E-30	1E10	0.351024284047172	2.051370547212E-12	3.55242754374555E-11	540.753294578299	5.13527155028402E-13	8.71465378581867E-11	654.145813334811	3.44088069232006E-12	1.04375470355554E-11	90.6583934237922	2.08553810785244E-12	1.43244569698476E-11	195.455908182252	1E10	1E-30	1E-10	1E10	1E-30	1E-10	1E10	1E-30	1E-10	1E10	1E-30	1E-10	1E10	1E-30	1E-10	1E10	1E-30	1E-10	1E10	1E-30	1E-10	1E10	1E-30	1E-10	1E10	1E-30	1E-10	1E10	1E-30	1E-10	1E10	1E-30	1E-10	1	-0.05	0.05
30	8E-13	1E10	1E10	1E-30	2.03880612725839E-10	1E10	1E-30	1E10	0.351024284047172	2.051370547212E-12	3.55242754374555E-11	540.753294578299	5.13527155028402E-13	8.71465378581867E-11	654.145813334811	3.44088069232006E-12	1.04375470355554E-11	90.6583934237922	2.08553810785244E-12	1.43244569698476E-11	195.455908182252	1E10	1E-30	1E-10	1E10	1E-30	1E-10	1E10	1E-30	1E-10	1E10	1E-30	1E-10	1E10	1E-30	1E-10	1E10	1E-30	1E-10	1E10	1E-30	1E-10	1E10	1E-30	1E-10	1E10	1E-30	1E-10	1E10	1E-30	1E-10	1E10	1E-30	1E-10	1	-0.1	0.1
31	8E-13	1E10	1E10	1E-30	2.03880612725839E-10	1E10	1E-30	1E10	0.351024284047172	2.051370547212E-12	3.55242754374555E-11	540.753294578299	5.13527155028402E-13	8.71465378581867E-11	654.145813334811	3.44088069232006E-12	1.04375470355554E-11	90.6583934237922	2.08553810785244E-12	1.43244569698476E-11	195.455908182252	1E10	1E-30	1E-10	1E10	1E-30	1E-10	1E10	1E-30	1E-10	1E10	1E-30	1E-10	1E10	1E-30	1E-10	1E10	1E-30	1E-10	1E10	1E-30	1E-10	1E10	1E-30	1E-10	1E10	1E-30	1E-10	1E10	1E-30	1E-10	1E10	1E-30	1E-10	1	-0.05	0.05
32	8E-13	1E10	1E10	1E-30	2.03880612725839E-10	1E10	1E-30	1E10	0.351024284047172	2.051370547212E-12	3.55242754374555E-11	540.753294578299	5.13527155028402E-13	8.71465378581867E-11	654.145813334811	3.44088069232006E-12	1.04375470355554E-11	90.6583934237922	2.08553810785244E-12	1.43244569698476E-11	195.455908182252	1E10	1E-30	1E-10	1E10	1E-30	1E-10	1E10	1E-30	1E-10	1E10	1E-30	1E-10	1E10	1E-30	1E-10	1E10	1E-30	1E-10	1E10	1E-30	1E-10	1E10	1E-30	1E-10	1E10	1E-30	1E-10	1E10	1E-30	1E-10	1E10	1E-30	1E-10	1	-0.1	0.1
33	9E-13	1E10	1E10	1E-30	2.16529002882055E-10	1E10	1E-30	1E10	0.296788387462177	2.26574321423225E-12	3.89370587342077E-11	560.621111609204	6.49467345328637E-13	7.56899760031177E-11	893.339002289691	3.86162097709878E-12	1.01324754720781E-11	191.419004541534	7.12562790058882E-13	3.90086779332983E-11	257.209377834228	1E10	1E-30	1E-10	1E10	1E-30	1E-10	1E10	1E-30	1E-10	1E10	1E-30	1E-10	1E10	1E-30	1E-10	1E10	1E-30	1E-10	1E10	1E-30	1E-10	1E10	1E-30	1E-10	1E10	1E-30	1E-10	1E10	1E-30	1E-10	1E10	1E-30	1E-10	1	-0.05	0.05
34	9E-13	1E10	1E10	1E-30	2.16529002882055E-10	1E10	1E-30	1E10	0.296788387462177	2.26574321423225E-12	3.89370587342077E-11	560.621111609204	6.49467345328637E-13	7.56899760031177E-11	893.339002289691	3.86162097709878E-12	1.01324754720781E-11	191.419004541534	7.12562790058882E-13	3.90086779332983E-11	257.209377834228	1E10	1E-30	1E-10	1E10	1E-30	1E-10	1E10	1E-30	1E-10	1E10	1E-30	1E-10	1E10	1E-30	1E-10	1E10	1E-30	1E-10	1E10	1E-30	1E-10	1E10	1E-30	1E-10	1E10	1E-30	1E-10	1E10	1E-30	1E-10	1E10	1E-30	1E-10	1	-0.1	0.1
35	9E-13	1E10	1E10	1E-30	2.16529002882055E-10	1E10	1E-30	1E10	0.296788387462177	2.26574321423225E-12	3.89370587342077E-11	560.621111609204	6.49467345328637E-13	7.56899760031177E-11	893.339002289691	3.86162097709878E-12	1.01324754720781E-11	191.419004541534	7.12562790058882E-13	3.90086779332983E-11	257.209377834228	1E10	1E-30	1E-10	1E10	1E-30	1E-10	1E10	1E-30	1E-10	1E10	1E-30	1E-10	1E10	1E-30	1E-10	1E10	1E-30	1E-10	1E10	1E-30	1E-10	1E10	1E-30	1E-10	1E10	1E-30	1E-10	1E10	1E-30	1E-10	1E10	1E-30	1E-10	1	-0.05	0.05
36	9E-13	1E10	1E10	1E-30	2.16529002882055E-10	1E10	1E-30	1E10	0.296788387462177	2.26574321423225E-12	3.89370587342077E-11	560.621111609204	6.49467345328637E-13	7.56899760031177E-11	893.339002289691	3.86162097709878E-12	1.01324754720781E-11	191.419004541534	7.12562790058882E-13	3.90086779332983E-11	257.209377834228	1E10	1E-30	1E-10	1E10	1E-30	1E-10	1E10	1E-30	1E-10	1E10	1E-30	1E-10	1E10	1E-30	1E-10	1E10	1E-30	1E-10	1E10	1E-30	1E-10	1E10	1E-30	1E-10	1E10	1E-30	1E-10	1E10	1E-30	1E-10	1E10	1E-30	1E-10	1	-0.1	0.1
37	1E-12	1E10	1E10	1E-30	3.79E-10	1E10	1E-30	1E10	0.28	1E-30	2.13752589279965E-12	0.532742027573071	4.62388723814865E-10	7.16096570200747E-13	1E10	1E10	1E-30	1E-10	1E10	1E-30	1E-10	1E10	1E-30	1E-10	1E10	1E-30	1E-10	1E10	1E-30	1E-10	1E10	1E-30	1E-10	1E10	1E-30	1E-10	1E10	1E-30	1E-10	1E10	1E-30	1E-10	1E10	1E-30	1E-10	1E10	1E-30	1E-10	1E10	1E-30	1E-10	1E10	1E-30	1E-10	1	-0.1	0.1
38	1E-12	1E10	1E10	1E-30	3.79E-10	1E10	1E-30	1E10	0.28	1E-30	2.13752589279965E-12	0.532742027573071	4.62388723814865E-10	7.16096570200747E-13	1E10	1E10	1E-30	1E-10	1E10	1E-30	1E-10	1E10	1E-30	1E-10	1E10	1E-30	1E-10	1E10	1E-30	1E-10	1E10	1E-30	1E-10	1E10	1E-30	1E-10	1E10	1E-30	1E-10	1E10	1E-30	1E-10	1E10	1E-30	1E-10	1E10	1E-30	1E-10	1E10	1E-30	1E-10	1E10	1E-30	1E-10	1	-0.25	0.25
39	1E-12	1E10	1E10	1E-30	3.79E-10	1E10	1E-30	1E10	0.28	1E-30	2.13752589279965E-12	0.532742027573071	4.62388723814865E-10	7.16096570200747E-13	1E10	1E10	1E-30	1E-10	1E10	1E-30	1E-10	1E10	1E-30	1E-10	1E10	1E-30	1E-10	1E10	1E-30	1E-10	1E10	1E-30	1E-10	1E10	1E-30	1E-10	1E10	1E-30	1E-10	1E10	1E-30	1E-10	1E10	1E-30	1E-10	1E10	1E-30	1E-10	1E10	1E-30	1E-10	1E10	1E-30	1E-10	1	-0.05	0.05
40	1E-12	1E10	1E10	1E-30	3.79E-10	1E10	1E-30	1E10	0.28	1E-30	2.13752589279965E-12	0.532742027573071	4.62388723814865E-10	7.16096570200747E-13	1E10	1E10	1E-30	1E-10	1E10	1E-30	1E-10	1E10	1E-30	1E-10	1E10	1E-30	1E-10	1E10	1E-30	1E-10	1E10	1E-30	1E-10	1E10	1E-30	1E-10	1E10	1E-30	1E-10	1E10	1E-30	1E-10	1E10	1E-30	1E-10	1E10	1E-30	1E-10	1E10	1E-30	1E-10	1E10	1E-30	1E-10	1	-0.1	0.1
41	1E-12	1E10	1E10	1E-30	3.79E-10	1E10	1E-30	1E10	0.28	1E-30	2.13752589279965E-12	0.532742027573071	4.62388723814865E-10	7.16096570200747E-13	1E10	1E10	1E-30	1E-10	1E10	1E-30	1E-10	1E10	1E-30	1E-10	1E10	1E-30	1E-10	1E10	1E-30	1E-10	1E10	1E-30	1E-10	1E10	1E-30	1E-10	1E10	1E-30	1E-10	1E10	1E-30	1E-10	1E10	1E-30	1E-10	1E10	1E-30	1E-10	1E10	1E-30	1E-10	1E10	1E-30	1E-10	1	-0.25	0.25
42	1.1E-12	1E10	1E10	1E-30	3.22999999999999E-10	1E10	1E-30	1E10	0.27	1E-30	2.19606304682693E-12	0.289763692458723	1.4E-11	1.8E-11	1E10	1E10	1E-30	1E-10	1E10	1E-30	1E-10	1E10	1E-30	1E-10	1E10	1E-30	1E-10	1E10	1E-30	1E-10	1E10	1E-30	1E-10	1E10	1E-30	1E-10	1E10	1E-30	1E-10	1E10	1E-30	1E-10	1E10	1E-30	1E-10	1E10	1E-30	1E-10	1E10	1E-30	1E-10	1E10	1E-30	1E-10	1	-0.1	0.1
43	1.1E-12	1E10	1E10	1E-30	3.22999999999999E-10	1E10	1E-30	1E10	0.27	1E-30	2.19606304682693E-12	0.289763692458723	1.4E-11	1.8E-11	1E10	1E10	1E-30	1E-10	1E10	1E-30	1E-10	1E10	1E-30	1E-10	1E10	1E-30	1E-10	1E10	1E-30	1E-10	1E10	1E-30	1E-10	1E10	1E-30	1E-10	1E10	1E-30	1E-10	1E10	1E-30	1E-10	1E10	1E-30	1E-10	1E10	1E-30	1E-10	1E10	1E-30	1E-10	1E10	1E-30	1E-10	1	-0.25	0.25
44	1.1E-12	1E10	1E10	1E-30	3.22999999999999E-10	1E10	1E-30	1E10	0.27	1E-30	2.19606304682693E-12	0.289763692458723	1.4E-11	1.8E-11	1E10	1E10	1E-30	1E-10	1E10	1E-30	1E-10	1E10	1E-30	1E-10	1E10	1E-30	1E-10	1E10	1E-30	1E-10	1E10	1E-30	1E-10	1E10	1E-30	1E-10	1E10	1E-30	1E-10	1E10	1E-30	1E-10	1E10	1E-30	1E-10	1E10	1E-30	1E-10	1E10	1E-30	1E-10	1E10	1E-30	1E-10	1	-0.05	0.05
45	1.1E-12	1E10	1E10	1E-30	3.22999999999999E-10	1E10	1E-30	1E10	0.27	1E-30	2.19606304682693E-12	0.289763692458723	1.4E-11	1.8E-11	1E10	1E10	1E-30	1E-10	1E10	1E-30	1E-10	1E10	1E-30	1E-10	1E10	1E-30	1E-10	1E10	1E-30	1E-10	1E10	1E-30	1E-10	1E10	1E-30	1E-10	1E10	1E-30	1E-10	1E10	1E-30	1E-10	1E10	1E-30	1E-10	1E10	1E-30	1E-10	1E10	1E-30	1E-10	1E10	1E-30	1E-10	1	-0.1	0.1
46	1.1E-12	1E10	1E10	1E-30	3.22999999999999E-10	1E10	1E-30	1E10	0.27	1E-30	2.19606304682693E-12	0.289763692458723	1.4E-11	1.8E-11	1E10	1E10	1E-30	1E-10	1E10	1E-30	1E-10	1E10	1E-30	1E-10	1E10	1E-30	1E-10	1E10	1E-30	1E-10	1E10	1E-30	1E-10	1E10	1E-30	1E-10	1E10	1E-30	1E-10	1E10	1E-30	1E-10	1E10	1E-30	1E-10	1E10	1E-30	1E-10	1E10	1E-30	1E-10	1E10	1E-30	1E-10	1	-0.25	0.25
47	1.2E-12	1E10	1E10	1E-30	3.31E-10	1E10	1E-30	1E10	0.26	1.35764756838761E-11	1.82916568482073E-11	1E10	2.12620338233943E-09	1.5739718227864E-13	7.26394371525178E-02	1E10	1E-30	1E-10	1E10	1E-30	1E-10	1E10	1E-30	1E-10	1E10	1E-30	1E-10	1E10	1E-30	1E-10	1E10	1E-30	1E-10	1E10	1E-30	1E-10	1E10	1E-30	1E-10	1E10	1E-30	1E-10	1E10	1E-30	1E-10	1E10	1E-30	1E-10	1E10	1E-30	1E-10	1E10	1E-30	1E-10	1	-0.1	0.1
48	1.2E-12	1E10	1E10	1E-30	3.31E-10	1E10	1E-30	1E10	0.26	1.35764756838761E-11	1.82916568482073E-11	1E10	2.12620338233943E-09	1.5739718227864E-13	7.26394371525178E-02	1E10	1E-30	1E-10	1E10	1E-30	1E-10	1E10	1E-30	1E-10	1E10	1E-30	1E-10	1E10	1E-30	1E-10	1E10	1E-30	1E-10	1E10	1E-30	1E-10	1E10	1E-30	1E-10	1E10	1E-30	1E-10	1E10	1E-30	1E-10	1E10	1E-30	1E-10	1E10	1E-30	1E-10	1E10	1E-30	1E-10	1	-0.25	0.25
49	1.2E-12	1E10	1E10	1E-30	3.31E-10	1E10	1E-30	1E10	0.26	1.35764756838761E-11	1.82916568482073E-11	1E10	2.12620338233943E-09	1.5739718227864E-13	7.26394371525178E-02	1E10	1E-30	1E-10	1E10	1E-30	1E-10	1E10	1E-30	1E-10	1E10	1E-30	1E-10	1E10	1E-30	1E-10	1E10	1E-30	1E-10	1E10	1E-30	1E-10	1E10	1E-30	1E-10	1E10	1E-30	1E-10	1E10	1E-30	1E-10	1E10	1E-30	1E-10	1E10	1E-30	1E-10	1E10	1E-30	1E-10	1	-0.05	0.05
50	1.2E-12	1E10	1E10	1E-30	3.31E-10	1E10	1E-30	1E10	0.26	1.35764756838761E-11	1.82916568482073E-11	1E10	2.12620338233943E-09	1.5739718227864E-13	7.26394371525178E-02	1E10	1E-30	1E-10	1E10	1E-30	1E-10	1E10	1E-30	1E-10	1E10	1E-30	1E-10	1E10	1E-30	1E-10	1E10	1E-30	1E-10	1E10	1E-30	1E-10	1E10	1E-30	1E-10	1E10	1E-30	1E-10	1E10	1E-30	1E-10	1E10	1E-30	1E-10	1E10	1E-30	1E-10	1E10	1E-30	1E-10	1	-0.1	0.1
51	1.2E-12	1E10	1E10	1E-30	3.31E-10	1E10	1E-30	1E10	0.26	1.35764756838761E-11	1.82916568482073E-11	1E10	2.12620338233943E-09	1.5739718227864E-13	7.26394371525178E-02	1E10	1E-30	1E-10	1E10	1E-30	1E-10	1E10	1E-30	1E-10	1E10	1E-30	1E-10	1E10	1E-30	1E-10	1E10	1E-30	1E-10	1E10	1E-30	1E-10	1E10	1E-30	1E-10	1E10	1E-30	1E-10	1E10	1E-30	1E-10	1E10	1E-30	1E-10	1E10	1E-30	1E-10	1E10	1E-30	1E-10	1	-0.25	0.25
52	1.3E-12	1E10	1E10	1E-30	2.94E-10	1E10	1E-30	1E10	0.26	1E-30	1.43145791502357E-12	0.188876422129963	9.43581592630066E-12	2.63184695798591E-11	1E10	1E10	1E-30	1E-10	1E10	1E-30	1E-10	1E10	1E-30	1E-10	1E10	1E-30	1E-10	1E10	1E-30	1E-10	1E10	1E-30	1E-10	1E10	1E-30	1E-10	1E10	1E-30	1E-10	1E10	1E-30	1E-10	1E10	1E-30	1E-10	1E10	1E-30	1E-10	1E10	1E-30	1E-10	1E10	1E-30	1E-10	1	-0.1	0.1
53	1.3E-12	1E10	1E10	1E-30	2.94E-10	1E10	1E-30	1E10	0.26	1E-30	1.43145791502357E-12	0.188876422129963	9.43581592630066E-12	2.63184695798591E-11	1E10	1E10	1E-30	1E-10	1E10	1E-30	1E-10	1E10	1E-30	1E-10	1E10	1E-30	1E-10	1E10	1E-30	1E-10	1E10	1E-30	1E-10	1E10	1E-30	1E-10	1E10	1E-30	1E-10	1E10	1E-30	1E-10	1E10	1E-30	1E-10	1E10	1E-30	1E-10	1E10	1E-30	1E-10	1E10	1E-30	1E-10	1	-0.25	0.25
54	1.3E-12	1E10	1E10	1E-30	2.94E-10	1E10	1E-30	1E10	0.26	1E-30	1.43145791502357E-12	0.188876422129963	9.43581592630066E-12	2.63184695798591E-11	1E10	1E10	1E-30	1E-10	1E10	1E-30	1E-10	1E10	1E-30	1E-10	1E10	1E-30	1E-10	1E10	1E-30	1E-10	1E10	1E-30	1E-10	1E10	1E-30	1E-10	1E10	1E-30	1E-10	1E10	1E-30	1E-10	1E10	1E-30	1E-10	1E10	1E-30	1E-10	1E10	1E-30	1E-10	1E10	1E-30	1E-10	1	-0.05	0.05
55	1.3E-12	1E10	1E10	1E-30	2.94E-10	1E10	1E-30	1E10	0.26	1E-30	1.43145791502357E-12	0.188876422129963	9.43581592630066E-12	2.63184695798591E-11	1E10	1E10	1E-30	1E-10	1E10	1E-30	1E-10	1E10	1E-30	1E-10	1E10	1E-30	1E-10	1E10	1E-30	1E-10	1E10	1E-30	1E-10	1E10	1E-30	1E-10	1E10	1E-30	1E-10	1E10	1E-30	1E-10	1E10	1E-30	1E-10	1E10	1E-30	1E-10	1E10	1E-30	1E-10	1E10	1E-30	1E-10	1	-0.1	0.1
56	1.3E-12	1E10	1E10	1E-30	2.94E-10	1E10	1E-30	1E10	0.26	1E-30	1.43145791502357E-12	0.188876422129963	9.43581592630066E-12	2.63184695798591E-11	1E10	1E10	1E-30	1E-10	1E10	1E-30	1E-10	1E10	1E-30	1E-10	1E10	1E-30	1E-10	1E10	1E-30	1E-10	1E10	1E-30	1E-10	1E10	1E-30	1E-10	1E10	1E-30	1E-10	1E10	1E-30	1E-10	1E10	1E-30	1E-10	1E10	1E-30	1E-10	1E10	1E-30	1E-10	1E10	1E-30	1E-10	1	-0.25	0.25
57	1.5E-12	1E10	1E10	1E-30	2.87E-10	1E10	1E-30	1E10	0.22	1E-30	2.30074162722979E-12	0.30357570574436	5.854848020611E-12	4.24154877365336E-11	1E10	1E10	1E-30	1E-10	1E10	1E-30	1E-10	1E10	1E-30	1E-10	1E10	1E-30	1E-10	1E10	1E-30	1E-10	1E10	1E-30	1E-10	1E10	1E-30	1E-10	1E10	1E-30	1E-10	1E10	1E-30	1E-10	1E10	1E-30	1E-10	1E10	1E-30	1E-10	1E10	1E-30	1E-10	1E10	1E-30	1E-10	1	-0.1	0.1
58	1.5E-12	1E10	1E10	1E-30	2.87E-10	1E10	1E-30	1E10	0.22	1E-30	2.30074162722979E-12	0.30357570574436	5.854848020611E-12	4.24154877365336E-11	1E10	1E10	1E-30	1E-10	1E10	1E-30	1E-10	1E10	1E-30	1E-10	1E10	1E-30	1E-10	1E10	1E-30	1E-10	1E10	1E-30	1E-10	1E10	1E-30	1E-10	1E10	1E-30	1E-10	1E10	1E-30	1E-10	1E10	1E-30	1E-10	1E10	1E-30	1E-10	1E10	1E-30	1E-10	1E10	1E-30	1E-10	1	-0.25	0.25
59	1.5E-12	1E10	1E10	1E-30	2.87E-10	1E10	1E-30	1E10	0.22	1E-30	2.30074162722979E-12	0.30357570574436	5.854848020611E-12	4.24154877365336E-11	1E10	1E10	1E-30	1E-10	1E10	1E-30	1E-10	1E10	1E-30	1E-10	1E10	1E-30	1E-10	1E10	1E-30	1E-10	1E10	1E-30	1E-10	1E10	1E-30	1E-10	1E10	1E-30	1E-10	1E10	1E-30	1E-10	1E10	1E-30	1E-10	1E10	1E-30	1E-10	1E10	1E-30	1E-10	1E10	1E-30	1E-10	1	-0.05	0.05
60	1.5E-12	1E10	1E10	1E-30	2.87E-10	1E10	1E-30	1E10	0.22	1E-30	2.30074162722979E-12	0.30357570574436	5.854848020611E-12	4.24154877365336E-11	1E10	1E10	1E-30	1E-10	1E10	1E-30	1E-10	1E10	1E-30	1E-10	1E10	1E-30	1E-10	1E10	1E-30	1E-10	1E10	1E-30	1E-10	1E10	1E-30	1E-10	1E10	1E-30	1E-10	1E10	1E-30	1E-10	1E10	1E-30	1E-10	1E10	1E-30	1E-10	1E10	1E-30	1E-10	1E10	1E-30	1E-10	1	-0.1	0.1
61	1.5E-12	1E10	1E10	1E-30	2.87E-10	1E10	1E-30	1E10	0.22	1E-30	2.30074162722979E-12	0.30357570574436	5.854848020611E-12	4.24154877365336E-11	1E10	1E10	1E-30	1E-10	1E10	1E-30	1E-10	1E10	1E-30	1E-10	1E10	1E-30	1E-10	1E10	1E-30	1E-10	1E10	1E-30	1E-10	1E10	1E-30	1E-10	1E10	1E-30	1E-10	1E10	1E-30	1E-10	1E10	1E-30	1E-10	1E10	1E-30	1E-10	1E10	1E-30	1E-10	1E10	1E-30	1E-10	1	-0.25	0.25
62	1.6E-12	1E10	1E10	1E-30	3.03E-10	1E10	1E-30	1E10	0.22	1E-30	2.07301546318401E-12	0.273527946296511	7.34922897033382E-12	3.37907874989251E-11	1E10	1E10	1E-30	1E-10	1E10	1E-30	1E-10	1E10	1E-30	1E-10	1E10	1E-30	1E-10	1E10	1E-30	1E-10	1E10	1E-30	1E-10	1E10	1E-30	1E-10	1E10	1E-30	1E-10	1E10	1E-30	1E-10	1E10	1E-30	1E-10	1E10	1E-30	1E-10	1E10	1E-30	1E-10	1E10	1E-30	1E-10	1	-0.1	0.1
63	1.6E-12	1E10	1E10	1E-30	3.03E-10	1E10	1E-30	1E10	0.22	1E-30	2.07301546318401E-12	0.273527946296511	7.34922897033382E-12	3.37907874989251E-11	1E10	1E10	1E-30	1E-10	1E10	1E-30	1E-10	1E10	1E-30	1E-10	1E10	1E-30	1E-10	1E10	1E-30	1E-10	1E10	1E-30	1E-10	1E10	1E-30	1E-10	1E10	1E-30	1E-10	1E10	1E-30	1E-10	1E10	1E-30	1E-10	1E10	1E-30	1E-10	1E10	1E-30	1E-10	1E10	1E-30	1E-10	1	-0.25	0.25
64	1.6E-12	1E10	1E10	1E-30	3.03E-10	1E10	1E-30	1E10	0.22	1E-30	2.07301546318401E-12	0.273527946296511	7.34922897033382E-12	3.37907874989251E-11	1E10	1E10	1E-30	1E-10	1E10	1E-30	1E-10	1E10	1E-30	1E-10	1E10	1E-30	1E-10	1E10	1E-30	1E-10	1E10	1E-30	1E-10	1E10	1E-30	1E-10	1E10	1E-30	1E-10	1E10	1E-30	1E-10	1E10	1E-30	1E-10	1E10	1E-30	1E-10	1E10	1E-30	1E-10	1E10	1E-30	1E-10	1	-0.05	0.05
65	1.6E-12	1E10	1E10	1E-30	3.03E-10	1E10	1E-30	1E10	0.22	1E-30	2.07301546318401E-12	0.273527946296511	7.34922897033382E-12	3.37907874989251E-11	1E10	1E10	1E-30	1E-10	1E10	1E-30	1E-10	1E10	1E-30	1E-10	1E10	1E-30	1E-10	1E10	1E-30	1E-10	1E10	1E-30	1E-10	1E10	1E-30	1E-10	1E10	1E-30	1E-10	1E10	1E-30	1E-10	1E10	1E-30	1E-10	1E10	1E-30	1E-10	1E10	1E-30	1E-10	1E10	1E-30	1E-10	1	-0.1	0.1
66	1.6E-12	1E10	1E10	1E-30	3.03E-10	1E10	1E-30	1E10	0.22	1E-30	2.07301546318401E-12	0.273527946296511	7.34922897033382E-12	3.37907874989251E-11	1E10	1E10	1E-30	1E-10	1E10	1E-30	1E-10	1E10	1E-30	1E-10	1E10	1E-30	1E-10	1E10	1E-30	1E-10	1E10	1E-30	1E-10	1E10	1E-30	1E-10	1E10	1E-30	1E-10	1E10	1E-30	1E-10	1E10	1E-30	1E-10	1E10	1E-30	1E-10	1E10	1E-30	1E-10	1E10	1E-30	1E-10	1	-0.25	0.25
67	1.8E-12	1E10	1E10	1E-30	3.02E-10	1E10	1E-30	1E10	0.2	7.41580733889106E-12	3.34874172249773E-11	1E10	7.33583435781229E-10	4.7791745811297E-13	0.101697879117017	1E10	1E-30	1E-10	1E10	1E-30	1E-10	1E10	1E-30	1E-10	1E10	1E-30	1E-10	1E10	1E-30	1E-10	1E10	1E-30	1E-10	1E10	1E-30	1E-10	1E10	1E-30	1E-10	1E10	1E-30	1E-10	1E10	1E-30	1E-10	1E10	1E-30	1E-10	1E10	1E-30	1E-10	1E10	1E-30	1E-10	1	-0.1	0.1
68	1.8E-12	1E10	1E10	1E-30	3.02E-10	1E10	1E-30	1E10	0.2	7.41580733889106E-12	3.34874172249773E-11	1E10	7.33583435781229E-10	4.7791745811297E-13	0.101697879117017	1E10	1E-30	1E-10	1E10	1E-30	1E-10	1E10	1E-30	1E-10	1E10	1E-30	1E-10	1E10	1E-30	1E-10	1E10	1E-30	1E-10	1E10	1E-30	1E-10	1E10	1E-30	1E-10	1E10	1E-30	1E-10	1E10	1E-30	1E-10	1E10	1E-30	1E-10	1E10	1E-30	1E-10	1E10	1E-30	1E-10	1	-0.25	0.25
69	1.8E-12	1E10	1E10	1E-30	3.02E-10	1E10	1E-30	1E10	0.2	7.41580733889106E-12	3.34874172249773E-11	1E10	7.33583435781229E-10	4.7791745811297E-13	0.101697879117017	1E10	1E-30	1E-10	1E10	1E-30	1E-10	1E10	1E-30	1E-10	1E10	1E-30	1E-10	1E10	1E-30	1E-10	1E10	1E-30	1E-10	1E10	1E-30	1E-10	1E10	1E-30	1E-10	1E10	1E-30	1E-10	1E10	1E-30	1E-10	1E10	1E-30	1E-10	1E10	1E-30	1E-10	1E10	1E-30	1E-10	1	-0.05	0.05
70	1.8E-12	1E10	1E10	1E-30	3.02E-10	1E10	1E-30	1E10	0.2	7.41580733889106E-12	3.34874172249773E-11	1E10	7.33583435781229E-10	4.7791745811297E-13	0.101697879117017	1E10	1E-30	1E-10	1E10	1E-30	1E-10	1E10	1E-30	1E-10	1E10	1E-30	1E-10	1E10	1E-30	1E-10	1E10	1E-30	1E-10	1E10	1E-30	1E-10	1E10	1E-30	1E-10	1E10	1E-30	1E-10	1E10	1E-30	1E-10	1E10	1E-30	1E-10	1E10	1E-30	1E-10	1E10	1E-30	1E-10	1	-0.1	0.1
71	1.8E-12	1E10	1E10	1E-30	3.02E-10	1E10	1E-30	1E10	0.2	7.41580733889106E-12	3.34874172249773E-11	1E10	7.33583435781229E-10	4.7791745811297E-13	0.101697879117017	1E10	1E-30	1E-10	1E10	1E-30	1E-10	1E10	1E-30	1E-10	1E10	1E-30	1E-10	1E10	1E-30	1E-10	1E10	1E-30	1E-10	1E10	1E-30	1E-10	1E10	1E-30	1E-10	1E10	1E-30	1E-10	1E10	1E-30	1E-10	1E10	1E-30	1E-10	1E10	1E-30	1E-10	1E10	1E-30	1E-10	1	-0.25	0.25
72	2E-12	1E10	1E10	1E-30	1.72E-10	1E10	1E-30	1E10	0.19	1.69999999999999E-12	1.3E-10	1E10	6.30992561316693E-11	4.70837121055838E-12	2.29299552438155	1E10	1E-30	1E-10	1E10	1E-30	1E-10	1E10	1E-30	1E-10	1E10	1E-30	1E-10	1E10	1E-30	1E-10	1E10	1E-30	1E-10	1E10	1E-30	1E-10	1E10	1E-30	1E-10	1E10	1E-30	1E-10	1E10	1E-30	1E-10	1E10	1E-30	1E-10	1E10	1E-30	1E-10	1E10	1E-30	1E-10	1	-0.1	0.1
73	2E-12	1E10	1E10	1E-30	1.72E-10	1E10	1E-30	1E10	0.19	1.69999999999999E-12	1.3E-10	1E10	6.30992561316693E-11	4.70837121055838E-12	2.29299552438155	1E10	1E-30	1E-10	1E10	1E-30	1E-10	1E10	1E-30	1E-10	1E10	1E-30	1E-10	1E10	1E-30	1E-10	1E10	1E-30	1E-10	1E10	1E-30	1E-10	1E10	1E-30	1E-10	1E10	1E-30	1E-10	1E10	1E-30	1E-10	1E10	1E-30	1E-10	1E10	1E-30	1E-10	1E10	1E-30	1E-10	1	-0.25	0.25
74	2E-12	1E10	1E10	1E-30	1.72E-10	1E10	1E-30	1E10	0.19	1.69999999999999E-12	1.3E-10	1E10	6.30992561316693E-11	4.70837121055838E-12	2.29299552438155	1E10	1E-30	1E-10	1E10	1E-30	1E-10	1E10	1E-30	1E-10	1E10	1E-30	1E-10	1E10	1E-30	1E-10	1E10	1E-30	1E-10	1E10	1E-30	1E-10	1E10	1E-30	1E-10	1E10	1E-30	1E-10	1E10	1E-30	1E-10	1E10	1E-30	1E-10	1E10	1E-30	1E-10	1E10	1E-30	1E-10	1	-0.05	0.05
75	2E-12	1E10	1E10	1E-30	1.72E-10	1E10	1E-30	1E10	0.19	1.69999999999999E-12	1.3E-10	1E10	6.30992561316693E-11	4.70837121055838E-12	2.29299552438155	1E10	1E-30	1E-10	1E10	1E-30	1E-10	1E10	1E-30	1E-10	1E10	1E-30	1E-10	1E10	1E-30	1E-10	1E10	1E-30	1E-10	1E10	1E-30	1E-10	1E10	1E-30	1E-10	1E10	1E-30	1E-10	1E10	1E-30	1E-10	1E10	1E-30	1E-10	1E10	1E-30	1E-10	1E10	1E-30	1E-10	1	-0.1	0.1
76	2E-12	1E10	1E10	1E-30	1.72E-10	1E10	1E-30	1E10	0.19	1.69999999999999E-12	1.3E-10	1E10	6.30992561316693E-11	4.70837121055838E-12	2.29299552438155	1E10	1E-30	1E-10	1E10	1E-30	1E-10	1E10	1E-30	1E-10	1E10	1E-30	1E-10	1E10	1E-30	1E-10	1E10	1E-30	1E-10	1E10	1E-30	1E-10	1E10	1E-30	1E-10	1E10	1E-30	1E-10	1E10	1E-30	1E-10	1E10	1E-30	1E-10	1E10	1E-30	1E-10	1E10	1E-30	1E-10	1	-0.25	0.25
77	2.2E-12	1E10	1E10	1E-30	1.61E-10	1E10	1E-30	1E10	0.17	1.64999999999999E-12	1.4E-10	1E10	7.5487260905851E-11	3.94773207723973E-12	1.40557882378234	1E10	1E-30	1E-10	1E10	1E-30	1E-10	1E10	1E-30	1E-10	1E10	1E-30	1E-10	1E10	1E-30	1E-10	1E10	1E-30	1E-10	1E10	1E-30	1E-10	1E10	1E-30	1E-10	1E10	1E-30	1E-10	1E10	1E-30	1E-10	1E10	1E-30	1E-10	1E10	1E-30	1E-10	1E10	1E-30	1E-10	1	-0.1	0.1
78	2.2E-12	1E10	1E10	1E-30	1.61E-10	1E10	1E-30	1E10	0.17	1.64999999999999E-12	1.4E-10	1E10	7.5487260905851E-11	3.94773207723973E-12	1.40557882378234	1E10	1E-30	1E-10	1E10	1E-30	1E-10	1E10	1E-30	1E-10	1E10	1E-30	1E-10	1E10	1E-30	1E-10	1E10	1E-30	1E-10	1E10	1E-30	1E-10	1E10	1E-30	1E-10	1E10	1E-30	1E-10	1E10	1E-30	1E-10	1E10	1E-30	1E-10	1E10	1E-30	1E-10	1E10	1E-30	1E-10	1	-0.25	0.25
79	2.2E-12	1E10	1E10	1E-30	1.61E-10	1E10	1E-30	1E10	0.17	1.64999999999999E-12	1.4E-10	1E10	7.5487260905851E-11	3.94773207723973E-12	1.40557882378234	1E10	1E-30	1E-10	1E10	1E-30	1E-10	1E10	1E-30	1E-10	1E10	1E-30	1E-10	1E10	1E-30	1E-10	1E10	1E-30	1E-10	1E10	1E-30	1E-10	1E10	1E-30	1E-10	1E10	1E-30	1E-10	1E10	1E-30	1E-10	1E10	1E-30	1E-10	1E10	1E-30	1E-10	1E10	1E-30	1E-10	1	-0.1	0.1
80	2.2E-12	1E10	1E10	1E-30	1.61E-10	1E10	1E-30	1E10	0.17	1.64999999999999E-12	1.4E-10	1E10	7.5487260905851E-11	3.94773207723973E-12	1.40557882378234	1E10	1E-30	1E-10	1E10	1E-30	1E-10	1E10	1E-30	1E-10	1E10	1E-30	1E-10	1E10	1E-30	1E-10	1E10	1E-30	1E-10	1E10	1E-30	1E-10	1E10	1E-30	1E-10	1E10	1E-30	1E-10	1E10	1E-30	1E-10	1E10	1E-30	1E-10	1E10	1E-30	1E-10	1E10	1E-30	1E-10	1	-0.25	0.25
81	2.4E-12	1E10	1E10	1E-30	2.17E-10	1E10	1E-30	1E10	0.18	2.3340369149999E-12	1.06397732110206E-10	1E10	1.26229969906229E-10	2.77740960568067E-12	0.861919311398415	1E10	1E-30	1E-10	1E10	1E-30	1E-10	1E10	1E-30	1E-10	1E10	1E-30	1E-10	1E10	1E-30	1E-10	1E10	1E-30	1E-10	1E10	1E-30	1E-10	1E10	1E-30	1E-10	1E10	1E-30	1E-10	1E10	1E-30	1E-10	1E10	1E-30	1E-10	1E10	1E-30	1E-10	1E10	1E-30	1E-10	1	-0.1	0.1
82	2.4E-12	1E10	1E10	1E-30	2.17E-10	1E10	1E-30	1E10	0.18	2.3340369149999E-12	1.06397732110206E-10	1E10	1.26229969906229E-10	2.77740960568067E-12	0.861919311398415	1E10	1E-30	1E-10	1E10	1E-30	1E-10	1E10	1E-30	1E-10	1E10	1E-30	1E-10	1E10	1E-30	1E-10	1E10	1E-30	1E-10	1E10	1E-30	1E-10	1E10	1E-30	1E-10	1E10	1E-30	1E-10	1E10	1E-30	1E-10	1E10	1E-30	1E-10	1E10	1E-30	1E-10	1E10	1E-30	1E-10	1	-0.25	0.25
83	2.4E-12	1E10	1E10	1E-30	2.17E-10	1E10	1E-30	1E10	0.18	2.3340369149999E-12	1.06397732110206E-10	1E10	1.26229969906229E-10	2.77740960568067E-12	0.861919311398415	1E10	1E-30	1E-10	1E10	1E-30	1E-10	1E10	1E-30	1E-10	1E10	1E-30	1E-10	1E10	1E-30	1E-10	1E10	1E-30	1E-10	1E10	1E-30	1E-10	1E10	1E-30	1E-10	1E10	1E-30	1E-10	1E10	1E-30	1E-10	1E10	1E-30	1E-10	1E10	1E-30	1E-10	1E10	1E-30	1E-10	1	-0.05	0.05
84	2.4E-12	1E10	1E10	1E-30	2.17E-10	1E10	1E-30	1E10	0.18	2.3340369149999E-12	1.06397732110206E-10	1E10	1.26229969906229E-10	2.77740960568067E-12	0.861919311398415	1E10	1E-30	1E-10	1E10	1E-30	1E-10	1E10	1E-30	1E-10	1E10	1E-30	1E-10	1E10	1E-30	1E-10	1E10	1E-30	1E-10	1E10	1E-30	1E-10	1E10	1E-30	1E-10	1E10	1E-30	1E-10	1E10	1E-30	1E-10	1E10	1E-30	1E-10	1E10	1E-30	1E-10	1E10	1E-30	1E-10	1	-0.1	0.1
85	2.4E-12	1E10	1E10	1E-30	2.17E-10	1E10	1E-30	1E10	0.18	2.3340369149999E-12	1.06397732110206E-10	1E10	1.26229969906229E-10	2.77740960568067E-12	0.861919311398415	1E10	1E-30	1E-10	1E10	1E-30	1E-10	1E10	1E-30	1E-10	1E10	1E-30	1E-10	1E10	1E-30	1E-10	1E10	1E-30	1E-10	1E10	1E-30	1E-10	1E10	1E-30	1E-10	1E10	1E-30	1E-10	1E10	1E-30	1E-10	1E10	1E-30	1E-10	1E10	1E-30	1E-10	1E10	1E-30	1E-10	1	-0.25	0.25
86	2.7E-12	1E10	1E10	1E-30	2.18E-10	1E10	1E-30	1E10	0.12	1E-30	2.19304311292522E-12	2.75585925302863E-02	2.51886470993681E-12	9.85905409837291E-11	1E10	1.46226355171053E-10	2.39760014897607E-12	0.400813104397388	1E10	1E-30	1E-10	1E10	1E-30	1E-10	1E10	1E-30	1E-10	1E10	1E-30	1E-10	1E10	1E-30	1E-10	1E10	1E-30	1E-10	1E10	1E-30	1E-10	1E10	1E-30	1E-10	1E10	1E-30	1E-10	1E10	1E-30	1E-10	1E10	1E-30	1E-10	1E10	1E-30	1E-10	1	-0.1	0.1
87	2.7E-12	1E10	1E10	1E-30	2.18E-10	1E10	1E-30	1E10	0.12	1E-30	2.19304311292522E-12	2.75585925302863E-02	2.51886470993681E-12	9.85905409837291E-11	1E10	1.46226355171053E-10	2.39760014897607E-12	0.400813104397388	1E10	1E-30	1E-10	1E10	1E-30	1E-10	1E10	1E-30	1E-10	1E10	1E-30	1E-10	1E10	1E-30	1E-10	1E10	1E-30	1E-10	1E10	1E-30	1E-10	1E10	1E-30	1E-10	1E10	1E-30	1E-10	1E10	1E-30	1E-10	1E10	1E-30	1E-10	1E10	1E-30	1E-10	1	-0.25	0.25
88	2.7E-12	1E10	1E10	1E-30	2.18E-10	1E10	1E-30	1E10	0.12	1E-30	2.19304311292522E-12	2.75585925302863E-02	2.51886470993681E-12	9.85905409837291E-11	1E10	1.46226355171053E-10	2.39760014897607E-12	0.400813104397388	1E10	1E-30	1E-10	1E10	1E-30	1E-10	1E10	1E-30	1E-10	1E10	1E-30	1E-10	1E10	1E-30	1E-10	1E10	1E-30	1E-10	1E10	1E-30	1E-10	1E10	1E-30	1E-10	1E10	1E-30	1E-10	1E10	1E-30	1E-10	1E10	1E-30	1E-10	1E10	1E-30	1E-10	1	-0.05	0.05
89	2.7E-12	1E10	1E10	1E-30	2.18E-10	1E10	1E-30	1E10	0.12	1E-30	2.19304311292522E-12	2.75585925302863E-02	2.51886470993681E-12	9.85905409837291E-11	1E10	1.46226355171053E-10	2.39760014897607E-12	0.400813104397388	1E10	1E-30	1E-10	1E10	1E-30	1E-10	1E10	1E-30	1E-10	1E10	1E-30	1E-10	1E10	1E-30	1E-10	1E10	1E-30	1E-10	1E10	1E-30	1E-10	1E10	1E-30	1E-10	1E10	1E-30	1E-10	1E10	1E-30	1E-10	1E10	1E-30	1E-10	1E10	1E-30	1E-10	1	-0.1	0.1
90	2.7E-12	1E10	1E10	1E-30	2.18E-10	1E10	1E-30	1E10	0.12	1E-30	2.19304311292522E-12	2.75585925302863E-02	2.51886470993681E-12	9.85905409837291E-11	1E10	1.46226355171053E-10	2.39760014897607E-12	0.400813104397388	1E10	1E-30	1E-10	1E10	1E-30	1E-10	1E10	1E-30	1E-10	1E10	1E-30	1E-10	1E10	1E-30	1E-10	1E10	1E-30	1E-10	1E10	1E-30	1E-10	1E10	1E-30	1E-10	1E10	1E-30	1E-10	1E10	1E-30	1E-10	1E10	1E-30	1E-10	1E10	1E-30	1E-10	1	-0.25	0.25
91	3E-12	1E10	1E10	1E-30	1.29E-10	1E10	1E-30	1E10	0.12	1E-30	9.29265172665672E-13	8.75811791904998E-02	1.75E-12	1.6E-10	1E10	3.68754472329666E-11	8.37701155835451E-12	2.39778550400288	1E10	1E-30	1E-10	1E10	1E-30	1E-10	1E10	1E-30	1E-10	1E10	1E-30	1E-10	1E10	1E-30	1E-10	1E10	1E-30	1E-10	1E10	1E-30	1E-10	1E10	1E-30	1E-10	1E10	1E-30	1E-10	1E10	1E-30	1E-10	1E10	1E-30	1E-10	1E10	1E-30	1E-10	1	-0.1	0.1
92	3E-12	1E10	1E10	1E-30	1.29E-10	1E10	1E-30	1E10	0.12	1E-30	9.29265172665672E-13	8.75811791904998E-02	1.75E-12	1.6E-10	1E10	3.68754472329666E-11	8.37701155835451E-12	2.39778550400288	1E10	1E-30	1E-10	1E10	1E-30	1E-10	1E10	1E-30	1E-10	1E10	1E-30	1E-10	1E10	1E-30	1E-10	1E10	1E-30	1E-10	1E10	1E-30	1E-10	1E10	1E-30	1E-10	1E10	1E-30	1E-10	1E10	1E-30	1E-10	1E10	1E-30	1E-10	1E10	1E-30	1E-10	1	-0.25	0.25
93	3E-12	1E10	1E10	1E-30	1.29E-10	1E10	1E-30	1E10	0.12	1E-30	9.29265172665672E-13	8.75811791904998E-02	1.75E-12	1.6E-10	1E10	3.68754472329666E-11	8.37701155835451E-12	2.39778550400288	1E10	1E-30	1E-10	1E10	1E-30	1E-10	1E10	1E-30	1E-10	1E10	1E-30	1E-10	1E10	1E-30	1E-10	1E10	1E-30	1E-10	1E10	1E-30	1E-10	1E10	1E-30	1E-10	1E10	1E-30	1E-10	1E10	1E-30	1E-10	1E10	1E-30	1E-10	1E10	1E-30	1E-10	1	-0.1	0.1
94	3E-12	1E10	1E10	1E-30	1.29E-10	1E10	1E-30	1E10	0.12	1E-30	9.29265172665672E-13	8.75811791904998E-02	1.75E-12	1.6E-10	1E10	3.68754472329666E-11	8.37701155835451E-12	2.39778550400288	1E10	1E-30	1E-10	1E10	1E-30	1E-10	1E10	1E-30	1E-10	1E10	1E-30	1E-10	1E10	1E-30	1E-10	1E10	1E-30	1E-10	1E10	1E-30	1E-10	1E10	1E-30	1E-10	1E10	1E-30	1E-10	1E10	1E-30	1E-10	1E10	1E-30	1E-10	1E10	1E-30	1E-10	1	-0.25	0.25
95	3.29999999999999E-12	1E10	1E10	1E-30	1.4E-10	1E10	1E-30	1E10	0.12	1E-30	1.04680961210336E-12	9.86594816127329E-02	1.64999999999999E-12	1.6E-10	1E10	7.00912983301324E-11	5.19537123243336E-12	1.13534024111145	1E10	1E-30	1E-10	1E10	1E-30	1E-10	1E10	1E-30	1E-10	1E10	1E-30	1E-10	1E10	1E-30	1E-10	1E10	1E-30	1E-10	1E10	1E-30	1E-10	1E10	1E-30	1E-10	1E10	1E-30	1E-10	1E10	1E-30	1E-10	1E10	1E-30	1E-10	1E10	1E-30	1E-10	1	-0.1	0.1
96	3.29999999999999E-12	1E10	1E10	1E-30	1.4E-10	1E10	1E-30	1E10	0.12	1E-30	1.04680961210336E-12	9.86594816127329E-02	1.64999999999999E-12	1.6E-10	1E10	7.00912983301324E-11	5.19537123243336E-12	1.13534024111145	1E10	1E-30	1E-10	1E10	1E-30	1E-10	1E10	1E-30	1E-10	1E10	1E-30	1E-10	1E10	1E-30	1E-10	1E10	1E-30	1E-10	1E10	1E-30	1E-10	1E10	1E-30	1E-10	1E10	1E-30	1E-10	1E10	1E-30	1E-10	1E10	1E-30	1E-10	1E10	1E-30	1E-10	1	-0.25	0.25
97	3.29999999999999E-12	1E10	1E10	1E-30	1.4E-10	1E10	1E-30	1E10	0.12	1E-30	1.04680961210336E-12	9.86594816127329E-02	1.64999999999999E-12	1.6E-10	1E10	7.00912983301324E-11	5.19537123243336E-12	1.13534024111145	1E10	1E-30	1E-10	1E10	1E-30	1E-10	1E10	1E-30	1E-10	1E10	1E-30	1E-10	1E10	1E-30	1E-10	1E10	1E-30	1E-10	1E10	1E-30	1E-10	1E10	1E-30	1E-10	1E10	1E-30	1E-10	1E10	1E-30	1E-10	1E10	1E-30	1E-10	1E10	1E-30	1E-10	1	-0.05	0.05
98	3.29999999999999E-12	1E10	1E10	1E-30	1.4E-10	1E10	1E-30	1E10	0.12	1E-30	1.04680961210336E-12	9.86594816127329E-02	1.64999999999999E-12	1.6E-10	1E10	7.00912983301324E-11	5.19537123243336E-12	1.13534024111145	1E10	1E-30	1E-10	1E10	1E-30	1E-10	1E10	1E-30	1E-10	1E10	1E-30	1E-10	1E10	1E-30	1E-10	1E10	1E-30	1E-10	1E10	1E-30	1E-10	1E10	1E-30	1E-10	1E10	1E-30	1E-10	1E10	1E-30	1E-10	1E10	1E-30	1E-10	1E10	1E-30	1E-10	1	-0.1	0.1
99	3.29999999999999E-12	1E10	1E10	1E-30	1.4E-10	1E10	1E-30	1E10	0.12	1E-30	1.04680961210336E-12	9.86594816127329E-02	1.64999999999999E-12	1.6E-10	1E10	7.00912983301324E-11	5.19537123243336E-12	1.13534024111145	1E10	1E-30	1E-10	1E10	1E-30	1E-10	1E10	1E-30	1E-10	1E10	1E-30	1E-10	1E10	1E-30	1E-10	1E10	1E-30	1E-10	1E10	1E-30	1E-10	1E10	1E-30	1E-10	1E10	1E-30	1E-10	1E10	1E-30	1E-10	1E10	1E-30	1E-10	1E10	1E-30	1E-10	1	-0.25	0.25
100	3.6E-12	1E10	1E10	1E-30	1.14E-10	1E10	1E-30	1E10	0.1	1E-30	3.24356314062841E-12	4.07598165362115E-02	1.31628080139899E-12	1.88665088903183E-10	1E10	7.54355740166488E-11	4.64757291917693E-12	1.44229099012897	1E10	1E-30	1E-10	1E10	1E-30	1E-10	1E10	1E-30	1E-10	1E10	1E-30	1E-10	1E10	1E-30	1E-10	1E10	1E-30	1E-10	1E10	1E-30	1E-10	1E10	1E-30	1E-10	1E10	1E-30	1E-10	1E10	1E-30	1E-10	1E10	1E-30	1E-10	1E10	1E-30	1E-10	1	-0.1	0.1
101	3.6E-12	1E10	1E10	1E-30	1.14E-10	1E10	1E-30	1E10	0.1	1E-30	3.24356314062841E-12	4.07598165362115E-02	1.31628080139899E-12	1.88665088903183E-10	1E10	7.54355740166488E-11	4.64757291917693E-12	1.44229099012897	1E10	1E-30	1E-10	1E10	1E-30	1E-10	1E10	1E-30	1E-10	1E10	1E-30	1E-10	1E10	1E-30	1E-10	1E10	1E-30	1E-10	1E10	1E-30	1E-10	1E10	1E-30	1E-10	1E10	1E-30	1E-10	1E10	1E-30	1E-10	1E10	1E-30	1E-10	1E10	1E-30	1E-10	1	-0.25	0.25
102	3.6E-12	1E10	1E10	1E-30	1.14E-10	1E10	1E-30	1E10	0.1	1E-30	3.24356314062841E-12	4.07598165362115E-02	1.31628080139899E-12	1.88665088903183E-10	1E10	7.54355740166488E-11	4.64757291917693E-12	1.44229099012897	1E10	1E-30	1E-10	1E10	1E-30	1E-10	1E10	1E-30	1E-10	1E10	1E-30	1E-10	1E10	1E-30	1E-10	1E10	1E-30	1E-10	1E10	1E-30	1E-10	1E10	1E-30	1E-10	1E10	1E-30	1E-10	1E10	1E-30	1E-10	1E10	1E-30	1E-10	1E10	1E-30	1E-10	1	-0.05	0.05
103	3.6E-12	1E10	1E10	1E-30	1.14E-10	1E10	1E-30	1E10	0.1	1E-30	3.24356314062841E-12	4.07598165362115E-02	1.31628080139899E-12	1.88665088903183E-10	1E10	7.54355740166488E-11	4.64757291917693E-12	1.44229099012897	1E10	1E-30	1E-10	1E10	1E-30	1E-10	1E10	1E-30	1E-10	1E10	1E-30	1E-10	1E10	1E-30	1E-10	1E10	1E-30	1E-10	1E10	1E-30	1E-10	1E10	1E-30	1E-10	1E10	1E-30	1E-10	1E10	1E-30	1E-10	1E10	1E-30	1E-10	1E10	1E-30	1E-10	1	-0.1	0.1
104	3.6E-12	1E10	1E10	1E-30	1.14E-10	1E10	1E-30	1E10	0.1	1E-30	3.24356314062841E-12	4.07598165362115E-02	1.31628080139899E-12	1.88665088903183E-10	1E10	7.54355740166488E-11	4.64757291917693E-12	1.44229099012897	1E10	1E-30	1E-10	1E10	1E-30	1E-10	1E10	1E-30	1E-10	1E10	1E-30	1E-10	1E10	1E-30	1E-10	1E10	1E-30	1E-10	1E10	1E-30	1E-10	1E10	1E-30	1E-10	1E10	1E-30	1E-10	1E10	1E-30	1E-10	1E10	1E-30	1E-10	1E10	1E-30	1E-10	1	-0.25	0.25
105	3.9E-12	1E10	1E10	1E-30	1.28E-10	1E10	1E-30	1E10	0.1	1E-30	3.38780367339395E-12	2.12861982642779E-02	1.43E-12	1.83E-10	1E10	8.07069674431824E-11	4.34401566617109E-12	1.36853870521532	1E10	1E-30	1E-10	1E10	1E-30	1E-10	1E10	1E-30	1E-10	1E10	1E-30	1E-10	1E10	1E-30	1E-10	1E10	1E-30	1E-10	1E10	1E-30	1E-10	1E10	1E-30	1E-10	1E10	1E-30	1E-10	1E10	1E-30	1E-10	1E10	1E-30	1E-10	1E10	1E-30	1E-10	1	-0.1	0.1
106	3.9E-12	1E10	1E10	1E-30	1.28E-10	1E10	1E-30	1E10	0.1	1E-30	3.38780367339395E-12	2.12861982642779E-02	1.43E-12	1.83E-10	1E10	8.07069674431824E-11	4.34401566617109E-12	1.36853870521532	1E10	1E-30	1E-10	1E10	1E-30	1E-10	1E10	1E-30	1E-10	1E10	1E-30	1E-10	1E10	1E-30	1E-10	1E10	1E-30	1E-10	1E10	1E-30	1E-10	1E10	1E-30	1E-10	1E10	1E-30	1E-10	1E10	1E-30	1E-10	1E10	1E-30	1E-10	1E10	1E-30	1E-10	1	-0.25	0.25
107	3.9E-12	1E10	1E10	1E-30	1.28E-10	1E10	1E-30	1E10	0.1	1E-30	3.38780367339395E-12	2.12861982642779E-02	1.43E-12	1.83E-10	1E10	8.07069674431824E-11	4.34401566617109E-12	1.36853870521532	1E10	1E-30	1E-10	1E10	1E-30	1E-10	1E10	1E-30	1E-10	1E10	1E-30	1E-10	1E10	1E-30	1E-10	1E10	1E-30	1E-10	1E10	1E-30	1E-10	1E10	1E-30	1E-10	1E10	1E-30	1E-10	1E10	1E-30	1E-10	1E10	1E-30	1E-10	1E10	1E-30	1E-10	1	-0.05	0.05
108	3.9E-12	1E10	1E10	1E-30	1.28E-10	1E10	1E-30	1E10	0.1	1E-30	3.38780367339395E-12	2.12861982642779E-02	1.43E-12	1.83E-10	1E10	8.07069674431824E-11	4.34401566617109E-12	1.36853870521532	1E10	1E-30	1E-10	1E10	1E-30	1E-10	1E10	1E-30	1E-10	1E10	1E-30	1E-10	1E10	1E-30	1E-10	1E10	1E-30	1E-10	1E10	1E-30	1E-10	1E10	1E-30	1E-10	1E10	1E-30	1E-10	1E10	1E-30	1E-10	1E10	1E-30	1E-10	1E10	1E-30	1E-10	1	-0.1	0.1
109	3.9E-12	1E10	1E10	1E-30	1.28E-10	1E10	1E-30	1E10	0.1	1E-30	3.38780367339395E-12	2.12861982642779E-02	1.43E-12	1.83E-10	1E10	8.07069674431824E-11	4.34401566617109E-12	1.36853870521532	1E10	1E-30	1E-10	1E10	1E-30	1E-10	1E10	1E-30	1E-10	1E10	1E-30	1E-10	1E10	1E-30	1E-10	1E10	1E-30	1E-10	1E10	1E-30	1E-10	1E10	1E-30	1E-10	1E10	1E-30	1E-10	1E10	1E-30	1E-10	1E10	1E-30	1E-10	1E10	1E-30	1E-10	1	-0.25	0.25
110	4E-12	1E10	1E10	1E-30	1.38E-10	1E10	1E-30	1E10	0.105	1E-30	1.88872870268711E-12	0.17800848650958	1.9E-12	1.55E-10	1E10	2.5E-11	1.3E-11	8.12004011574255	1E10	1E-30	1E-10	1E10	1E-30	1E-10	1E10	1E-30	1E-10	1E10	1E-30	1E-10	1E10	1E-30	1E-10	1E10	1E-30	1E-10	1E10	1E-30	1E-10	1E10	1E-30	1E-10	1E10	1E-30	1E-10	1E10	1E-30	1E-10	1E10	1E-30	1E-10	1E10	1E-30	1E-10	1	-0.1	0.1
111	4E-12	1E10	1E10	1E-30	1.38E-10	1E10	1E-30	1E10	0.105	1E-30	1.88872870268711E-12	0.17800848650958	1.9E-12	1.55E-10	1E10	2.5E-11	1.3E-11	8.12004011574255	1E10	1E-30	1E-10	1E10	1E-30	1E-10	1E10	1E-30	1E-10	1E10	1E-30	1E-10	1E10	1E-30	1E-10	1E10	1E-30	1E-10	1E10	1E-30	1E-10	1E10	1E-30	1E-10	1E10	1E-30	1E-10	1E10	1E-30	1E-10	1E10	1E-30	1E-10	1E10	1E-30	1E-10	1	-0.25	0.25
112	4E-12	1E10	1E10	1E-30	1.38E-10	1E10	1E-30	1E10	0.105	1E-30	1.88872870268711E-12	0.17800848650958	1.9E-12	1.55E-10	1E10	2.5E-11	1.3E-11	8.12004011574255	1E10	1E-30	1E-10	1E10	1E-30	1E-10	1E10	1E-30	1E-10	1E10	1E-30	1E-10	1E10	1E-30	1E-10	1E10	1E-30	1E-10	1E10	1E-30	1E-10	1E10	1E-30	1E-10	1E10	1E-30	1E-10	1E10	1E-30	1E-10	1E10	1E-30	1E-10	1E10	1E-30	1E-10	1	-0.1	0.1
113	4E-12	1E10	1E10	1E-30	1.38E-10	1E10	1E-30	1E10	0.105	1E-30	1.88872870268711E-12	0.17800848650958	1.9E-12	1.55E-10	1E10	2.5E-11	1.3E-11	8.12004011574255	1E10	1E-30	1E-10	1E10	1E-30	1E-10	1E10	1E-30	1E-10	1E10	1E-30	1E-10	1E10	1E-30	1E-10	1E10	1E-30	1E-10	1E10	1E-30	1E-10	1E10	1E-30	1E-10	1E10	1E-30	1E-10	1E10	1E-30	1E-10	1E10	1E-30	1E-10	1E10	1E-30	1E-10	1	-0.25	0.25
114	4.3E-12	1E10	1E10	1E-30	1.48E-10	1E10	1E-30	1E10	0.09	1E-30	5.26408413437311E-12	3.30752160888503E-02	2.68770951590521E-12	1.10876372441843E-10	1E10	5.93887203824888E-12	5.97341760417755E-11	121.014896338123	1E10	1E-30	1E-10	1E10	1E-30	1E-10	1E10	1E-30	1E-10	1E10	1E-30	1E-10	1E10	1E-30	1E-10	1E10	1E-30	1E-10	1E10	1E-30	1E-10	1E10	1E-30	1E-10	1E10	1E-30	1E-10	1E10	1E-30	1E-10	1E10	1E-30	1E-10	1E10	1E-30	1E-10	1	-0.1	0.1
115	4.3E-12	1E10	1E10	1E-30	1.48E-10	1E10	1E-30	1E10	0.09	1E-30	5.26408413437311E-12	3.30752160888503E-02	2.68770951590521E-12	1.10876372441843E-10	1E10	5.93887203824888E-12	5.97341760417755E-11	121.014896338123	1E10	1E-30	1E-10	1E10	1E-30	1E-10	1E10	1E-30	1E-10	1E10	1E-30	1E-10	1E10	1E-30	1E-10	1E10	1E-30	1E-10	1E10	1E-30	1E-10	1E10	1E-30	1E-10	1E10	1E-30	1E-10	1E10	1E-30	1E-10	1E10	1E-30	1E-10	1E10	1E-30	1E-10	1	-0.25	0.25
116	4.3E-12	1E10	1E10	1E-30	1.48E-10	1E10	1E-30	1E10	0.09	1E-30	5.26408413437311E-12	3.30752160888503E-02	2.68770951590521E-12	1.10876372441843E-10	1E10	5.93887203824888E-12	5.97341760417755E-11	121.014896338123	1E10	1E-30	1E-10	1E10	1E-30	1E-10	1E10	1E-30	1E-10	1E10	1E-30	1E-10	1E10	1E-30	1E-10	1E10	1E-30	1E-10	1E10	1E-30	1E-10	1E10	1E-30	1E-10	1E10	1E-30	1E-10	1E10	1E-30	1E-10	1E10	1E-30	1E-10	1E10	1E-30	1E-10	1	-0.05	0.05
117	4.3E-12	1E10	1E10	1E-30	1.48E-10	1E10	1E-30	1E10	0.09	1E-30	5.26408413437311E-12	3.30752160888503E-02	2.68770951590521E-12	1.10876372441843E-10	1E10	5.93887203824888E-12	5.97341760417755E-11	121.014896338123	1E10	1E-30	1E-10	1E10	1E-30	1E-10	1E10	1E-30	1E-10	1E10	1E-30	1E-10	1E10	1E-30	1E-10	1E10	1E-30	1E-10	1E10	1E-30	1E-10	1E10	1E-30	1E-10	1E10	1E-30	1E-10	1E10	1E-30	1E-10	1E10	1E-30	1E-10	1E10	1E-30	1E-10	1	-0.1	0.1
118	4.3E-12	1E10	1E10	1E-30	1.48E-10	1E10	1E-30	1E10	0.09	1E-30	5.26408413437311E-12	3.30752160888503E-02	2.68770951590521E-12	1.10876372441843E-10	1E10	5.93887203824888E-12	5.97341760417755E-11	121.014896338123	1E10	1E-30	1E-10	1E10	1E-30	1E-10	1E10	1E-30	1E-10	1E10	1E-30	1E-10	1E10	1E-30	1E-10	1E10	1E-30	1E-10	1E10	1E-30	1E-10	1E10	1E-30	1E-10	1E10	1E-30	1E-10	1E10	1E-30	1E-10	1E10	1E-30	1E-10	1E10	1E-30	1E-10	1	-0.25	0.25
119	4.7E-12	1E10	1E10	1E-30	1.33E-10	1E10	1E-30	1E10	0.1	1E-30	1.83741016706284E-12	0.173171828474274	2E-12	1.25E-10	1E10	6.29999999999999E-12	5.93086648993411E-11	170.101085427306	1.71774961639999E-09	3.08885831914946E-13	6.17687783956341E-02	1E10	1E-30	1E-10	1E10	1E-30	1E-10	1E10	1E-30	1E-10	1E10	1E-30	1E-10	1E10	1E-30	1E-10	1E10	1E-30	1E-10	1E10	1E-30	1E-10	1E10	1E-30	1E-10	1E10	1E-30	1E-10	1E10	1E-30	1E-10	1E10	1E-30	1E-10	1	-0.1	0.1
120	4.7E-12	1E10	1E10	1E-30	1.33E-10	1E10	1E-30	1E10	0.1	1E-30	1.83741016706284E-12	0.173171828474274	2E-12	1.25E-10	1E10	6.29999999999999E-12	5.93086648993411E-11	170.101085427306	1.71774961639999E-09	3.08885831914946E-13	6.17687783956341E-02	1E10	1E-30	1E-10	1E10	1E-30	1E-10	1E10	1E-30	1E-10	1E10	1E-30	1E-10	1E10	1E-30	1E-10	1E10	1E-30	1E-10	1E10	1E-30	1E-10	1E10	1E-30	1E-10	1E10	1E-30	1E-10	1E10	1E-30	1E-10	1E10	1E-30	1E-10	1	-0.25	0.25
121	4.7E-12	1E10	1E10	1E-30	1.33E-10	1E10	1E-30	1E10	0.1	1E-30	1.83741016706284E-12	0.173171828474274	2E-12	1.25E-10	1E10	6.29999999999999E-12	5.93086648993411E-11	170.101085427306	1.71774961639999E-09	3.08885831914946E-13	6.17687783956341E-02	1E10	1E-30	1E-10	1E10	1E-30	1E-10	1E10	1E-30	1E-10	1E10	1E-30	1E-10	1E10	1E-30	1E-10	1E10	1E-30	1E-10	1E10	1E-30	1E-10	1E10	1E-30	1E-10	1E10	1E-30	1E-10	1E10	1E-30	1E-10	1E10	1E-30	1E-10	1	-0.05	0.05
122	4.7E-12	1E10	1E10	1E-30	1.33E-10	1E10	1E-30	1E10	0.1	1E-30	1.83741016706284E-12	0.173171828474274	2E-12	1.25E-10	1E10	6.29999999999999E-12	5.93086648993411E-11	170.101085427306	1.71774961639999E-09	3.08885831914946E-13	6.17687783956341E-02	1E10	1E-30	1E-10	1E10	1E-30	1E-10	1E10	1E-30	1E-10	1E10	1E-30	1E-10	1E10	1E-30	1E-10	1E10	1E-30	1E-10	1E10	1E-30	1E-10	1E10	1E-30	1E-10	1E10	1E-30	1E-10	1E10	1E-30	1E-10	1E10	1E-30	1E-10	1	-0.1	0.1
123	4.7E-12	1E10	1E10	1E-30	1.33E-10	1E10	1E-30	1E10	0.1	1E-30	1.83741016706284E-12	0.173171828474274	2E-12	1.25E-10	1E10	6.29999999999999E-12	5.93086648993411E-11	170.101085427306	1.71774961639999E-09	3.08885831914946E-13	6.17687783956341E-02	1E10	1E-30	1E-10	1E10	1E-30	1E-10	1E10	1E-30	1E-10	1E10	1E-30	1E-10	1E10	1E-30	1E-10	1E10	1E-30	1E-10	1E10	1E-30	1E-10	1E10	1E-30	1E-10	1E10	1E-30	1E-10	1E10	1E-30	1E-10	1E10	1E-30	1E-10	1	-0.25	0.25
124	5E-12	1E10	1E10	1E-30	1.16E-10	1E10	1E-30	1E10	0.1	1E-30	3.80160301522979E-12	0.358292643135322	2E-12	1.25E-10	1E10	5.56553563247271E-12	7.12089495696606E-11	190.643457164348	3.29987971601742E-09	1.76869286592063E-13	6.02881607772574E-02	1E10	1E-30	1E-10	1E10	1E-30	1E-10	1E10	1E-30	1E-10	1E10	1E-30	1E-10	1E10	1E-30	1E-10	1E10	1E-30	1E-10	1E10	1E-30	1E-10	1E10	1E-30	1E-10	1E10	1E-30	1E-10	1E10	1E-30	1E-10	1E10	1E-30	1E-10	1	-0.1	0.1
125	5E-12	1E10	1E10	1E-30	1.16E-10	1E10	1E-30	1E10	0.1	1E-30	3.80160301522979E-12	0.358292643135322	2E-12	1.25E-10	1E10	5.56553563247271E-12	7.12089495696606E-11	190.643457164348	3.29987971601742E-09	1.76869286592063E-13	6.02881607772574E-02	1E10	1E-30	1E-10	1E10	1E-30	1E-10	1E10	1E-30	1E-10	1E10	1E-30	1E-10	1E10	1E-30	1E-10	1E10	1E-30	1E-10	1E10	1E-30	1E-10	1E10	1E-30	1E-10	1E10	1E-30	1E-10	1E10	1E-30	1E-10	1E10	1E-30	1E-10	1	-0.25	0.25
126	5E-12	1E10	1E10	1E-30	1.16E-10	1E10	1E-30	1E10	0.1	1E-30	3.80160301522979E-12	0.358292643135322	2E-12	1.25E-10	1E10	5.56553563247271E-12	7.12089495696606E-11	190.643457164348	3.29987971601742E-09	1.76869286592063E-13	6.02881607772574E-02	1E10	1E-30	1E-10	1E10	1E-30	1E-10	1E10	1E-30	1E-10	1E10	1E-30	1E-10	1E10	1E-30	1E-10	1E10	1E-30	1E-10	1E10	1E-30	1E-10	1E10	1E-30	1E-10	1E10	1E-30	1E-10	1E10	1E-30	1E-10	1E10	1E-30	1E-10	1	-0.05	0.05
127	5E-12	1E10	1E10	1E-30	1.16E-10	1E10	1E-30	1E10	0.1	1E-30	3.80160301522979E-12	0.358292643135322	2E-12	1.25E-10	1E10	5.56553563247271E-12	7.12089495696606E-11	190.643457164348	3.29987971601742E-09	1.76869286592063E-13	6.02881607772574E-02	1E10	1E-30	1E-10	1E10	1E-30	1E-10	1E10	1E-30	1E-10	1E10	1E-30	1E-10	1E10	1E-30	1E-10	1E10	1E-30	1E-10	1E10	1E-30	1E-10	1E10	1E-30	1E-10	1E10	1E-30	1E-10	1E10	1E-30	1E-10	1E10	1E-30	1E-10	1	-0.1	0.1
128	5E-12	1E10	1E10	1E-30	1.16E-10	1E10	1E-30	1E10	0.1	1E-30	3.80160301522979E-12	0.358292643135322	2E-12	1.25E-10	1E10	5.56553563247271E-12	7.12089495696606E-11	190.643457164348	3.29987971601742E-09	1.76869286592063E-13	6.02881607772574E-02	1E10	1E-30	1E-10	1E10	1E-30	1E-10	1E10	1E-30	1E-10	1E10	1E-30	1E-10	1E10	1E-30	1E-10	1E10	1E-30	1E-10	1E10	1E-30	1E-10	1E10	1E-30	1E-10	1E10	1E-30	1E-10	1E10	1E-30	1E-10	1E10	1E-30	1E-10	1	-0.25	0.25
129	5.1E-12	1E10	1E10	1E-30	2.7E-10	1E10	1E-30	1E10	0.09	1E-30	2.65031132520732E-12	0.124892978834957	1.20999999999999E-11	2.47266221997637E-11	1E10	7.49940209065359E-12	5.41750529475627E-11	133.643365032265	1E10	1E-30	1E-10	1E10	1E-30	1E-10	1E10	1E-30	1E-10	1E10	1E-30	1E-10	1E10	1E-30	1E-10	1E10	1E-30	1E-10	1E10	1E-30	1E-10	1E10	1E-30	1E-10	1E10	1E-30	1E-10	1E10	1E-30	1E-10	1E10	1E-30	1E-10	1E10	1E-30	1E-10	1	-0.25	0.25
130	5.1E-12	1E10	1E10	1E-30	2.7E-10	1E10	1E-30	1E10	0.09	1E-30	2.65031132520732E-12	0.124892978834957	1.20999999999999E-11	2.47266221997637E-11	1E10	7.49940209065359E-12	5.41750529475627E-11	133.643365032265	1E10	1E-30	1E-10	1E10	1E-30	1E-10	1E10	1E-30	1E-10	1E10	1E-30	1E-10	1E10	1E-30	1E-10	1E10	1E-30	1E-10	1E10	1E-30	1E-10	1E10	1E-30	1E-10	1E10	1E-30	1E-10	1E10	1E-30	1E-10	1E10	1E-30	1E-10	1E10	1E-30	1E-10	1	-0.5	0.5
131	5.1E-12	1E10	1E10	1E-30	2.7E-10	1E10	1E-30	1E10	0.09	1E-30	2.65031132520732E-12	0.124892978834957	1.20999999999999E-11	2.47266221997637E-11	1E10	7.49940209065359E-12	5.41750529475627E-11	133.643365032265	1E10	1E-30	1E-10	1E10	1E-30	1E-10	1E10	1E-30	1E-10	1E10	1E-30	1E-10	1E10	1E-30	1E-10	1E10	1E-30	1E-10	1E10	1E-30	1E-10	1E10	1E-30	1E-10	1E10	1E-30	1E-10	1E10	1E-30	1E-10	1E10	1E-30	1E-10	1E10	1E-30	1E-10	1	-0.05	0.05
132	5.1E-12	1E10	1E10	1E-30	2.7E-10	1E10	1E-30	1E10	0.09	1E-30	2.65031132520732E-12	0.124892978834957	1.20999999999999E-11	2.47266221997637E-11	1E10	7.49940209065359E-12	5.41750529475627E-11	133.643365032265	1E10	1E-30	1E-10	1E10	1E-30	1E-10	1E10	1E-30	1E-10	1E10	1E-30	1E-10	1E10	1E-30	1E-10	1E10	1E-30	1E-10	1E10	1E-30	1E-10	1E10	1E-30	1E-10	1E10	1E-30	1E-10	1E10	1E-30	1E-10	1E10	1E-30	1E-10	1E10	1E-30	1E-10	1	-0.1	0.1
133	5.1E-12	1E10	1E10	1E-30	2.7E-10	1E10	1E-30	1E10	0.09	1E-30	2.65031132520732E-12	0.124892978834957	1.20999999999999E-11	2.47266221997637E-11	1E10	7.49940209065359E-12	5.41750529475627E-11	133.643365032265	1E10	1E-30	1E-10	1E10	1E-30	1E-10	1E10	1E-30	1E-10	1E10	1E-30	1E-10	1E10	1E-30	1E-10	1E10	1E-30	1E-10	1E10	1E-30	1E-10	1E10	1E-30	1E-10	1E10	1E-30	1E-10	1E10	1E-30	1E-10	1E10	1E-30	1E-10	1E10	1E-30	1E-10	1	-0.25	0.25
134	5.1E-12	1E10	1E10	1E-30	2.7E-10	1E10	1E-30	1E10	0.09	1E-30	2.65031132520732E-12	0.124892978834957	1.20999999999999E-11	2.47266221997637E-11	1E10	7.49940209065359E-12	5.41750529475627E-11	133.643365032265	1E10	1E-30	1E-10	1E10	1E-30	1E-10	1E10	1E-30	1E-10	1E10	1E-30	1E-10	1E10	1E-30	1E-10	1E10	1E-30	1E-10	1E10	1E-30	1E-10	1E10	1E-30	1E-10	1E10	1E-30	1E-10	1E10	1E-30	1E-10	1E10	1E-30	1E-10	1E10	1E-30	1E-10	1	-0.5	0.5
135	5.59999999999999E-12	1E10	1E10	1E-30	1.95E-10	1E10	1E-30	1E10	0.085	1E-30	3.33758188400912E-12	0.125823872730689	2.81656338722852E-12	8.81699433939796E-11	1E10	8.42836659453757E-12	5.19361812346742E-11	110.453859330898	1E10	1E-30	1E-10	1E10	1E-30	1E-10	1E10	1E-30	1E-10	1E10	1E-30	1E-10	1E10	1E-30	1E-10	1E10	1E-30	1E-10	1E10	1E-30	1E-10	1E10	1E-30	1E-10	1E10	1E-30	1E-10	1E10	1E-30	1E-10	1E10	1E-30	1E-10	1E10	1E-30	1E-10	1	-0.25	0.25
136	5.59999999999999E-12	1E10	1E10	1E-30	1.95E-10	1E10	1E-30	1E10	0.085	1E-30	3.33758188400912E-12	0.125823872730689	2.81656338722852E-12	8.81699433939796E-11	1E10	8.42836659453757E-12	5.19361812346742E-11	110.453859330898	1E10	1E-30	1E-10	1E10	1E-30	1E-10	1E10	1E-30	1E-10	1E10	1E-30	1E-10	1E10	1E-30	1E-10	1E10	1E-30	1E-10	1E10	1E-30	1E-10	1E10	1E-30	1E-10	1E10	1E-30	1E-10	1E10	1E-30	1E-10	1E10	1E-30	1E-10	1E10	1E-30	1E-10	1	-0.5	0.5
137	5.59999999999999E-12	1E10	1E10	1E-30	1.95E-10	1E10	1E-30	1E10	0.085	1E-30	3.33758188400912E-12	0.125823872730689	2.81656338722852E-12	8.81699433939796E-11	1E10	8.42836659453757E-12	5.19361812346742E-11	110.453859330898	1E10	1E-30	1E-10	1E10	1E-30	1E-10	1E10	1E-30	1E-10	1E10	1E-30	1E-10	1E10	1E-30	1E-10	1E10	1E-30	1E-10	1E10	1E-30	1E-10	1E10	1E-30	1E-10	1E10	1E-30	1E-10	1E10	1E-30	1E-10	1E10	1E-30	1E-10	1E10	1E-30	1E-10	1	-0.05	0.05
138	5.59999999999999E-12	1E10	1E10	1E-30	1.95E-10	1E10	1E-30	1E10	0.085	1E-30	3.33758188400912E-12	0.125823872730689	2.81656338722852E-12	8.81699433939796E-11	1E10	8.42836659453757E-12	5.19361812346742E-11	110.453859330898	1E10	1E-30	1E-10	1E10	1E-30	1E-10	1E10	1E-30	1E-10	1E10	1E-30	1E-10	1E10	1E-30	1E-10	1E10	1E-30	1E-10	1E10	1E-30	1E-10	1E10	1E-30	1E-10	1E10	1E-30	1E-10	1E10	1E-30	1E-10	1E10	1E-30	1E-10	1E10	1E-30	1E-10	1	-0.1	0.1
139	5.59999999999999E-12	1E10	1E10	1E-30	1.95E-10	1E10	1E-30	1E10	0.085	1E-30	3.33758188400912E-12	0.125823872730689	2.81656338722852E-12	8.81699433939796E-11	1E10	8.42836659453757E-12	5.19361812346742E-11	110.453859330898	1E10	1E-30	1E-10	1E10	1E-30	1E-10	1E10	1E-30	1E-10	1E10	1E-30	1E-10	1E10	1E-30	1E-10	1E10	1E-30	1E-10	1E10	1E-30	1E-10	1E10	1E-30	1E-10	1E10	1E-30	1E-10	1E10	1E-30	1E-10	1E10	1E-30	1E-10	1E10	1E-30	1E-10	1	-0.25	0.25
140	5.59999999999999E-12	1E10	1E10	1E-30	1.95E-10	1E10	1E-30	1E10	0.085	1E-30	3.33758188400912E-12	0.125823872730689	2.81656338722852E-12	8.81699433939796E-11	1E10	8.42836659453757E-12	5.19361812346742E-11	110.453859330898	1E10	1E-30	1E-10	1E10	1E-30	1E-10	1E10	1E-30	1E-10	1E10	1E-30	1E-10	1E10	1E-30	1E-10	1E10	1E-30	1E-10	1E10	1E-30	1E-10	1E10	1E-30	1E-10	1E10	1E-30	1E-10	1E10	1E-30	1E-10	1E10	1E-30	1E-10	1E10	1E-30	1E-10	1	-0.5	0.5
141	6E-12	1E10	1E10	1E-30	1.6E-11	1E10	1E-30	1E10	0.09	1E-30	9.04441092286683E-13	6.81932517871817E-02	4.96247050670916E-12	5.67152453519501E-11	1E10	1.24651623325692E-12	1.63456171725233E-10	1276.79799785721	6.24038583504787E-12	7.5759279965924E-11	212.533523966356	1E10	1E-30	1E-10	1E10	1E-30	1E-10	1E10	1E-30	1E-10	1E10	1E-30	1E-10	1E10	1E-30	1E-10	1E10	1E-30	1E-10	1E10	1E-30	1E-10	1E10	1E-30	1E-10	1E10	1E-30	1E-10	1E10	1E-30	1E-10	1E10	1E-30	1E-10	1	-0.25	0.25
142	6E-12	1E10	1E10	1E-30	1.6E-11	1E10	1E-30	1E10	0.09	1E-30	9.04441092286683E-13	6.81932517871817E-02	4.96247050670916E-12	5.67152453519501E-11	1E10	1.24651623325692E-12	1.63456171725233E-10	1276.79799785721	6.24038583504787E-12	7.5759279965924E-11	212.533523966356	1E10	1E-30	1E-10	1E10	1E-30	1E-10	1E10	1E-30	1E-10	1E10	1E-30	1E-10	1E10	1E-30	1E-10	1E10	1E-30	1E-10	1E10	1E-30	1E-10	1E10	1E-30	1E-10	1E10	1E-30	1E-10	1E10	1E-30	1E-10	1E10	1E-30	1E-10	1	-0.5	0.5
143	6E-12	1E10	1E10	1E-30	1.6E-11	1E10	1E-30	1E10	0.09	1E-30	9.04441092286683E-13	6.81932517871817E-02	4.96247050670916E-12	5.67152453519501E-11	1E10	1.24651623325692E-12	1.63456171725233E-10	1276.79799785721	6.24038583504787E-12	7.5759279965924E-11	212.533523966356	1E10	1E-30	1E-10	1E10	1E-30	1E-10	1E10	1E-30	1E-10	1E10	1E-30	1E-10	1E10	1E-30	1E-10	1E10	1E-30	1E-10	1E10	1E-30	1E-10	1E10	1E-30	1E-10	1E10	1E-30	1E-10	1E10	1E-30	1E-10	1E10	1E-30	1E-10	1	-0.05	0.05
144	6E-12	1E10	1E10	1E-30	1.6E-11	1E10	1E-30	1E10	0.09	1E-30	9.04441092286683E-13	6.81932517871817E-02	4.96247050670916E-12	5.67152453519501E-11	1E10	1.24651623325692E-12	1.63456171725233E-10	1276.79799785721	6.24038583504787E-12	7.5759279965924E-11	212.533523966356	1E10	1E-30	1E-10	1E10	1E-30	1E-10	1E10	1E-30	1E-10	1E10	1E-30	1E-10	1E10	1E-30	1E-10	1E10	1E-30	1E-10	1E10	1E-30	1E-10	1E10	1E-30	1E-10	1E10	1E-30	1E-10	1E10	1E-30	1E-10	1E10	1E-30	1E-10	1	-0.1	0.1
145	6E-12	1E10	1E10	1E-30	1.6E-11	1E10	1E-30	1E10	0.09	1E-30	9.04441092286683E-13	6.81932517871817E-02	4.96247050670916E-12	5.67152453519501E-11	1E10	1.24651623325692E-12	1.63456171725233E-10	1276.79799785721	6.24038583504787E-12	7.5759279965924E-11	212.533523966356	1E10	1E-30	1E-10	1E10	1E-30	1E-10	1E10	1E-30	1E-10	1E10	1E-30	1E-10	1E10	1E-30	1E-10	1E10	1E-30	1E-10	1E10	1E-30	1E-10	1E10	1E-30	1E-10	1E10	1E-30	1E-10	1E10	1E-30	1E-10	1E10	1E-30	1E-10	1	-0.25	0.25
146	6E-12	1E10	1E10	1E-30	1.6E-11	1E10	1E-30	1E10	0.09	1E-30	9.04441092286683E-13	6.81932517871817E-02	4.96247050670916E-12	5.67152453519501E-11	1E10	1.24651623325692E-12	1.63456171725233E-10	1276.79799785721	6.24038583504787E-12	7.5759279965924E-11	212.533523966356	1E10	1E-30	1E-10	1E10	1E-30	1E-10	1E10	1E-30	1E-10	1E10	1E-30	1E-10	1E10	1E-30	1E-10	1E10	1E-30	1E-10	1E10	1E-30	1E-10	1E10	1E-30	1E-10	1E10	1E-30	1E-10	1E10	1E-30	1E-10	1E10	1E-30	1E-10	1	-0.5	0.5
147	6.2E-12	1E10	1E10	1E-30	2.16E-10	1E10	1E-30	1E10	0.08	1E-30	4.65523323697631E-12	8.77490792281909E-02	3.5081779107759E-12	7.07878108617842E-11	1E10	1.14360319803497E-11	4.08115944536653E-11	106.579268181538	1E10	1E-30	1E-10	1E10	1E-30	1E-10	1E10	1E-30	1E-10	1E10	1E-30	1E-10	1E10	1E-30	1E-10	1E10	1E-30	1E-10	1E10	1E-30	1E-10	1E10	1E-30	1E-10	1E10	1E-30	1E-10	1E10	1E-30	1E-10	1E10	1E-30	1E-10	1E10	1E-30	1E-10	1	-0.25	0.25
148	6.2E-12	1E10	1E10	1E-30	2.16E-10	1E10	1E-30	1E10	0.08	1E-30	4.65523323697631E-12	8.77490792281909E-02	3.5081779107759E-12	7.07878108617842E-11	1E10	1.14360319803497E-11	4.08115944536653E-11	106.579268181538	1E10	1E-30	1E-10	1E10	1E-30	1E-10	1E10	1E-30	1E-10	1E10	1E-30	1E-10	1E10	1E-30	1E-10	1E10	1E-30	1E-10	1E10	1E-30	1E-10	1E10	1E-30	1E-10	1E10	1E-30	1E-10	1E10	1E-30	1E-10	1E10	1E-30	1E-10	1E10	1E-30	1E-10	1	-0.5	0.5
149	6.2E-12	1E10	1E10	1E-30	2.16E-10	1E10	1E-30	1E10	0.08	1E-30	4.65523323697631E-12	8.77490792281909E-02	3.5081779107759E-12	7.07878108617842E-11	1E10	1.14360319803497E-11	4.08115944536653E-11	106.579268181538	1E10	1E-30	1E-10	1E10	1E-30	1E-10	1E10	1E-30	1E-10	1E10	1E-30	1E-10	1E10	1E-30	1E-10	1E10	1E-30	1E-10	1E10	1E-30	1E-10	1E10	1E-30	1E-10	1E10	1E-30	1E-10	1E10	1E-30	1E-10	1E10	1E-30	1E-10	1E10	1E-30	1E-10	1	-0.05	0.05
150	6.2E-12	1E10	1E10	1E-30	2.16E-10	1E10	1E-30	1E10	0.08	1E-30	4.65523323697631E-12	8.77490792281909E-02	3.5081779107759E-12	7.07878108617842E-11	1E10	1.14360319803497E-11	4.08115944536653E-11	106.579268181538	1E10	1E-30	1E-10	1E10	1E-30	1E-10	1E10	1E-30	1E-10	1E10	1E-30	1E-10	1E10	1E-30	1E-10	1E10	1E-30	1E-10	1E10	1E-30	1E-10	1E10	1E-30	1E-10	1E10	1E-30	1E-10	1E10	1E-30	1E-10	1E10	1E-30	1E-10	1E10	1E-30	1E-10	1	-0.1	0.1
151	6.2E-12	1E10	1E10	1E-30	2.16E-10	1E10	1E-30	1E10	0.08	1E-30	4.65523323697631E-12	8.77490792281909E-02	3.5081779107759E-12	7.07878108617842E-11	1E10	1.14360319803497E-11	4.08115944536653E-11	106.579268181538	1E10	1E-30	1E-10	1E10	1E-30	1E-10	1E10	1E-30	1E-10	1E10	1E-30	1E-10	1E10	1E-30	1E-10	1E10	1E-30	1E-10	1E10	1E-30	1E-10	1E10	1E-30	1E-10	1E10	1E-30	1E-10	1E10	1E-30	1E-10	1E10	1E-30	1E-10	1E10	1E-30	1E-10	1	-0.25	0.25
152	6.2E-12	1E10	1E10	1E-30	2.16E-10	1E10	1E-30	1E10	0.08	1E-30	4.65523323697631E-12	8.77490792281909E-02	3.5081779107759E-12	7.07878108617842E-11	1E10	1.14360319803497E-11	4.08115944536653E-11	106.579268181538	1E10	1E-30	1E-10	1E10	1E-30	1E-10	1E10	1E-30	1E-10	1E10	1E-30	1E-10	1E10	1E-30	1E-10	1E10	1E-30	1E-10	1E10	1E-30	1E-10	1E10	1E-30	1E-10	1E10	1E-30	1E-10	1E10	1E-30	1E-10	1E10	1E-30	1E-10	1E10	1E-30	1E-10	1	-0.5	0.5
153	6.79999999999999E-12	1E10	1E10	1E-30	1.5E-10	1E10	1E-30	1E10	0.08	1E-30	2.60715893735259E-12	0.491437881859673	2E-12	1.2E-10	1E10	2.685909148086E-10	1.38688366243396E-12	1.18511039887786	9.46993595343776E-12	5.73600048203283E-11	64.639760978011	1E10	1E-30	1E-10	1E10	1E-30	1E-10	1E10	1E-30	1E-10	1E10	1E-30	1E-10	1E10	1E-30	1E-10	1E10	1E-30	1E-10	1E10	1E-30	1E-10	1E10	1E-30	1E-10	1E10	1E-30	1E-10	1E10	1E-30	1E-10	1E10	1E-30	1E-10	1	-0.25	0.25
154	6.79999999999999E-12	1E10	1E10	1E-30	1.5E-10	1E10	1E-30	1E10	0.08	1E-30	2.60715893735259E-12	0.491437881859673	2E-12	1.2E-10	1E10	2.685909148086E-10	1.38688366243396E-12	1.18511039887786	9.46993595343776E-12	5.73600048203283E-11	64.639760978011	1E10	1E-30	1E-10	1E10	1E-30	1E-10	1E10	1E-30	1E-10	1E10	1E-30	1E-10	1E10	1E-30	1E-10	1E10	1E-30	1E-10	1E10	1E-30	1E-10	1E10	1E-30	1E-10	1E10	1E-30	1E-10	1E10	1E-30	1E-10	1E10	1E-30	1E-10	1	-0.5	0.5
155	6.79999999999999E-12	1E10	1E10	1E-30	1.5E-10	1E10	1E-30	1E10	0.08	1E-30	2.60715893735259E-12	0.491437881859673	2E-12	1.2E-10	1E10	2.685909148086E-10	1.38688366243396E-12	1.18511039887786	9.46993595343776E-12	5.73600048203283E-11	64.639760978011	1E10	1E-30	1E-10	1E10	1E-30	1E-10	1E10	1E-30	1E-10	1E10	1E-30	1E-10	1E10	1E-30	1E-10	1E10	1E-30	1E-10	1E10	1E-30	1E-10	1E10	1E-30	1E-10	1E10	1E-30	1E-10	1E10	1E-30	1E-10	1E10	1E-30	1E-10	1	-0.05	0.05
156	6.79999999999999E-12	1E10	1E10	1E-30	1.5E-10	1E10	1E-30	1E10	0.08	1E-30	2.60715893735259E-12	0.491437881859673	2E-12	1.2E-10	1E10	2.685909148086E-10	1.38688366243396E-12	1.18511039887786	9.46993595343776E-12	5.73600048203283E-11	64.639760978011	1E10	1E-30	1E-10	1E10	1E-30	1E-10	1E10	1E-30	1E-10	1E10	1E-30	1E-10	1E10	1E-30	1E-10	1E10	1E-30	1E-10	1E10	1E-30	1E-10	1E10	1E-30	1E-10	1E10	1E-30	1E-10	1E10	1E-30	1E-10	1E10	1E-30	1E-10	1	-0.1	0.1
157	6.79999999999999E-12	1E10	1E10	1E-30	1.5E-10	1E10	1E-30	1E10	0.08	1E-30	2.60715893735259E-12	0.491437881859673	2E-12	1.2E-10	1E10	2.685909148086E-10	1.38688366243396E-12	1.18511039887786	9.46993595343776E-12	5.73600048203283E-11	64.639760978011	1E10	1E-30	1E-10	1E10	1E-30	1E-10	1E10	1E-30	1E-10	1E10	1E-30	1E-10	1E10	1E-30	1E-10	1E10	1E-30	1E-10	1E10	1E-30	1E-10	1E10	1E-30	1E-10	1E10	1E-30	1E-10	1E10	1E-30	1E-10	1E10	1E-30	1E-10	1	-0.25	0.25
158	6.79999999999999E-12	1E10	1E10	1E-30	1.5E-10	1E10	1E-30	1E10	0.08	1E-30	2.60715893735259E-12	0.491437881859673	2E-12	1.2E-10	1E10	2.685909148086E-10	1.38688366243396E-12	1.18511039887786	9.46993595343776E-12	5.73600048203283E-11	64.639760978011	1E10	1E-30	1E-10	1E10	1E-30	1E-10	1E10	1E-30	1E-10	1E10	1E-30	1E-10	1E10	1E-30	1E-10	1E10	1E-30	1E-10	1E10	1E-30	1E-10	1E10	1E-30	1E-10	1E10	1E-30	1E-10	1E10	1E-30	1E-10	1E10	1E-30	1E-10	1	-0.5	0.5
159	7E-12	1E10	1E10	1E-30	1.32E-10	1E10	1E-30	1E10	0.075	1E-30	1.07859198332816E-11	2.03309799062677	1.9E-12	1.42E-10	1E10	1.38090598823411E-10	2.85831621495396E-12	1.21320003296051	1.0310332414407E-11	5.43279843405825E-11	118.741932248843	3.55102970829411E-09	2.74671758519336E-13	0.112048445215874	1E10	1E-30	1E-10	1E10	1E-30	1E-10	1E10	1E-30	1E-10	1E10	1E-30	1E-10	1E10	1E-30	1E-10	1E10	1E-30	1E-10	1E10	1E-30	1E-10	1E10	1E-30	1E-10	1E10	1E-30	1E-10	1E10	1E-30	1E-10	1	-0.25	0.25
160	7E-12	1E10	1E10	1E-30	1.32E-10	1E10	1E-30	1E10	0.075	1E-30	1.07859198332816E-11	2.03309799062677	1.9E-12	1.42E-10	1E10	1.38090598823411E-10	2.85831621495396E-12	1.21320003296051	1.0310332414407E-11	5.43279843405825E-11	118.741932248843	3.55102970829411E-09	2.74671758519336E-13	0.112048445215874	1E10	1E-30	1E-10	1E10	1E-30	1E-10	1E10	1E-30	1E-10	1E10	1E-30	1E-10	1E10	1E-30	1E-10	1E10	1E-30	1E-10	1E10	1E-30	1E-10	1E10	1E-30	1E-10	1E10	1E-30	1E-10	1E10	1E-30	1E-10	1	-0.5	0.5
161	7E-12	1E10	1E10	1E-30	1.32E-10	1E10	1E-30	1E10	0.075	1E-30	1.07859198332816E-11	2.03309799062677	1.9E-12	1.42E-10	1E10	1.38090598823411E-10	2.85831621495396E-12	1.21320003296051	1.0310332414407E-11	5.43279843405825E-11	118.741932248843	3.55102970829411E-09	2.74671758519336E-13	0.112048445215874	1E10	1E-30	1E-10	1E10	1E-30	1E-10	1E10	1E-30	1E-10	1E10	1E-30	1E-10	1E10	1E-30	1E-10	1E10	1E-30	1E-10	1E10	1E-30	1E-10	1E10	1E-30	1E-10	1E10	1E-30	1E-10	1E10	1E-30	1E-10	1	-0.05	0.05
162	7E-12	1E10	1E10	1E-30	1.32E-10	1E10	1E-30	1E10	0.075	1E-30	1.07859198332816E-11	2.03309799062677	1.9E-12	1.42E-10	1E10	1.38090598823411E-10	2.85831621495396E-12	1.21320003296051	1.0310332414407E-11	5.43279843405825E-11	118.741932248843	3.55102970829411E-09	2.74671758519336E-13	0.112048445215874	1E10	1E-30	1E-10	1E10	1E-30	1E-10	1E10	1E-30	1E-10	1E10	1E-30	1E-10	1E10	1E-30	1E-10	1E10	1E-30	1E-10	1E10	1E-30	1E-10	1E10	1E-30	1E-10	1E10	1E-30	1E-10	1E10	1E-30	1E-10	1	-0.1	0.1
163	7E-12	1E10	1E10	1E-30	1.32E-10	1E10	1E-30	1E10	0.075	1E-30	1.07859198332816E-11	2.03309799062677	1.9E-12	1.42E-10	1E10	1.38090598823411E-10	2.85831621495396E-12	1.21320003296051	1.0310332414407E-11	5.43279843405825E-11	118.741932248843	3.55102970829411E-09	2.74671758519336E-13	0.112048445215874	1E10	1E-30	1E-10	1E10	1E-30	1E-10	1E10	1E-30	1E-10	1E10	1E-30	1E-10	1E10	1E-30	1E-10	1E10	1E-30	1E-10	1E10	1E-30	1E-10	1E10	1E-30	1E-10	1E10	1E-30	1E-10	1E10	1E-30	1E-10	1	-0.25	0.25
164	7E-12	1E10	1E10	1E-30	1.32E-10	1E10	1E-30	1E10	0.075	1E-30	1.07859198332816E-11	2.03309799062677	1.9E-12	1.42E-10	1E10	1.38090598823411E-10	2.85831621495396E-12	1.21320003296051	1.0310332414407E-11	5.43279843405825E-11	118.741932248843	3.55102970829411E-09	2.74671758519336E-13	0.112048445215874	1E10	1E-30	1E-10	1E10	1E-30	1E-10	1E10	1E-30	1E-10	1E10	1E-30	1E-10	1E10	1E-30	1E-10	1E10	1E-30	1E-10	1E10	1E-30	1E-10	1E10	1E-30	1E-10	1E10	1E-30	1E-10	1E10	1E-30	1E-10	1	-0.5	0.5
165	7.5E-12	1E10	1E10	1E-30	1.3E-10	1E10	1E-30	1E10	0.075	1E-30	1.07221255727405E-12	4.04214611162266E-02	1.52932493861718E-12	1.49891917254604E-10	1E10	1.05443843875192E-10	2.96574642109933E-12	1.03450561315864	1.28114894766213E-11	4.47092462804032E-11	72.6054371639762	1E10	1E-30	1E-10	1E10	1E-30	1E-10	1E10	1E-30	1E-10	1E10	1E-30	1E-10	1E10	1E-30	1E-10	1E10	1E-30	1E-10	1E10	1E-30	1E-10	1E10	1E-30	1E-10	1E10	1E-30	1E-10	1E10	1E-30	1E-10	1E10	1E-30	1E-10	1	-0.25	0.25
166	7.5E-12	1E10	1E10	1E-30	1.3E-10	1E10	1E-30	1E10	0.075	1E-30	1.07221255727405E-12	4.04214611162266E-02	1.52932493861718E-12	1.49891917254604E-10	1E10	1.05443843875192E-10	2.96574642109933E-12	1.03450561315864	1.28114894766213E-11	4.47092462804032E-11	72.6054371639762	1E10	1E-30	1E-10	1E10	1E-30	1E-10	1E10	1E-30	1E-10	1E10	1E-30	1E-10	1E10	1E-30	1E-10	1E10	1E-30	1E-10	1E10	1E-30	1E-10	1E10	1E-30	1E-10	1E10	1E-30	1E-10	1E10	1E-30	1E-10	1E10	1E-30	1E-10	1	-0.5	0.5
167	7.5E-12	1E10	1E10	1E-30	1.3E-10	1E10	1E-30	1E10	0.075	1E-30	1.07221255727405E-12	4.04214611162266E-02	1.52932493861718E-12	1.49891917254604E-10	1E10	1.05443843875192E-10	2.96574642109933E-12	1.03450561315864	1.28114894766213E-11	4.47092462804032E-11	72.6054371639762	1E10	1E-30	1E-10	1E10	1E-30	1E-10	1E10	1E-30	1E-10	1E10	1E-30	1E-10	1E10	1E-30	1E-10	1E10	1E-30	1E-10	1E10	1E-30	1E-10	1E10	1E-30	1E-10	1E10	1E-30	1E-10	1E10	1E-30	1E-10	1E10	1E-30	1E-10	1	-0.05	0.05
168	7.5E-12	1E10	1E10	1E-30	1.3E-10	1E10	1E-30	1E10	0.075	1E-30	1.07221255727405E-12	4.04214611162266E-02	1.52932493861718E-12	1.49891917254604E-10	1E10	1.05443843875192E-10	2.96574642109933E-12	1.03450561315864	1.28114894766213E-11	4.47092462804032E-11	72.6054371639762	1E10	1E-30	1E-10	1E10	1E-30	1E-10	1E10	1E-30	1E-10	1E10	1E-30	1E-10	1E10	1E-30	1E-10	1E10	1E-30	1E-10	1E10	1E-30	1E-10	1E10	1E-30	1E-10	1E10	1E-30	1E-10	1E10	1E-30	1E-10	1E10	1E-30	1E-10	1	-0.1	0.1
169	7.5E-12	1E10	1E10	1E-30	1.3E-10	1E10	1E-30	1E10	0.075	1E-30	1.07221255727405E-12	4.04214611162266E-02	1.52932493861718E-12	1.49891917254604E-10	1E10	1.05443843875192E-10	2.96574642109933E-12	1.03450561315864	1.28114894766213E-11	4.47092462804032E-11	72.6054371639762	1E10	1E-30	1E-10	1E10	1E-30	1E-10	1E10	1E-30	1E-10	1E10	1E-30	1E-10	1E10	1E-30	1E-10	1E10	1E-30	1E-10	1E10	1E-30	1E-10	1E10	1E-30	1E-10	1E10	1E-30	1E-10	1E10	1E-30	1E-10	1E10	1E-30	1E-10	1	-0.25	0.25
170	7.5E-12	1E10	1E10	1E-30	1.3E-10	1E10	1E-30	1E10	0.075	1E-30	1.07221255727405E-12	4.04214611162266E-02	1.52932493861718E-12	1.49891917254604E-10	1E10	1.05443843875192E-10	2.96574642109933E-12	1.03450561315864	1.28114894766213E-11	4.47092462804032E-11	72.6054371639762	1E10	1E-30	1E-10	1E10	1E-30	1E-10	1E10	1E-30	1E-10	1E10	1E-30	1E-10	1E10	1E-30	1E-10	1E10	1E-30	1E-10	1E10	1E-30	1E-10	1E10	1E-30	1E-10	1E10	1E-30	1E-10	1E10	1E-30	1E-10	1E10	1E-30	1E-10	1	-0.5	0.5
171	8E-12	1E10	1E10	1E-30	4.5E-11	1E10	1E-30	1E10	0.067	1E-30	1.14994708145429E-12	7.22533060622768E-02	1E-30	5.24928529932894E-12	0.989466967978122	1.24E-12	2.03E-10	1E10	1.35549642135584E-10	2.85517174435614E-12	1.46768132862995	1.06166458632486E-11	5.69156445383124E-11	99.9405054678257	4.0481404759464E-09	2.45575628904065E-13	0.131051894104281	1E10	1E-30	1E-10	1E10	1E-30	1E-10	1E10	1E-30	1E-10	1E10	1E-30	1E-10	1E10	1E-30	1E-10	1E10	1E-30	1E-10	1E10	1E-30	1E-10	1E10	1E-30	1E-10	1E10	1E-30	1E-10	1	-0.25	0.25
172	8E-12	1E10	1E10	1E-30	4.5E-11	1E10	1E-30	1E10	0.067	1E-30	1.14994708145429E-12	7.22533060622768E-02	1E-30	5.24928529932894E-12	0.989466967978122	1.24E-12	2.03E-10	1E10	1.35549642135584E-10	2.85517174435614E-12	1.46768132862995	1.06166458632486E-11	5.69156445383124E-11	99.9405054678257	4.0481404759464E-09	2.45575628904065E-13	0.131051894104281	1E10	1E-30	1E-10	1E10	1E-30	1E-10	1E10	1E-30	1E-10	1E10	1E-30	1E-10	1E10	1E-30	1E-10	1E10	1E-30	1E-10	1E10	1E-30	1E-10	1E10	1E-30	1E-10	1E10	1E-30	1E-10	1	-0.5	0.5
173	8E-12	1E10	1E10	1E-30	4.5E-11	1E10	1E-30	1E10	0.067	1E-30	1.14994708145429E-12	7.22533060622768E-02	1E-30	5.24928529932894E-12	0.989466967978122	1.24E-12	2.03E-10	1E10	1.35549642135584E-10	2.85517174435614E-12	1.46768132862995	1.06166458632486E-11	5.69156445383124E-11	99.9405054678257	4.0481404759464E-09	2.45575628904065E-13	0.131051894104281	1E10	1E-30	1E-10	1E10	1E-30	1E-10	1E10	1E-30	1E-10	1E10	1E-30	1E-10	1E10	1E-30	1E-10	1E10	1E-30	1E-10	1E10	1E-30	1E-10	1E10	1E-30	1E-10	1E10	1E-30	1E-10	1	-0.05	0.05
174	8E-12	1E10	1E10	1E-30	4.5E-11	1E10	1E-30	1E10	0.067	1E-30	1.14994708145429E-12	7.22533060622768E-02	1E-30	5.24928529932894E-12	0.989466967978122	1.24E-12	2.03E-10	1E10	1.35549642135584E-10	2.85517174435614E-12	1.46768132862995	1.06166458632486E-11	5.69156445383124E-11	99.9405054678257	4.0481404759464E-09	2.45575628904065E-13	0.131051894104281	1E10	1E-30	1E-10	1E10	1E-30	1E-10	1E10	1E-30	1E-10	1E10	1E-30	1E-10	1E10	1E-30	1E-10	1E10	1E-30	1E-10	1E10	1E-30	1E-10	1E10	1E-30	1E-10	1E10	1E-30	1E-10	1	-0.1	0.1
175	8E-12	1E10	1E10	1E-30	4.5E-11	1E10	1E-30	1E10	0.067	1E-30	1.14994708145429E-12	7.22533060622768E-02	1E-30	5.24928529932894E-12	0.989466967978122	1.24E-12	2.03E-10	1E10	1.35549642135584E-10	2.85517174435614E-12	1.46768132862995	1.06166458632486E-11	5.69156445383124E-11	99.9405054678257	4.0481404759464E-09	2.45575628904065E-13	0.131051894104281	1E10	1E-30	1E-10	1E10	1E-30	1E-10	1E10	1E-30	1E-10	1E10	1E-30	1E-10	1E10	1E-30	1E-10	1E10	1E-30	1E-10	1E10	1E-30	1E-10	1E10	1E-30	1E-10	1E10	1E-30	1E-10	1	-0.25	0.25
176	8E-12	1E10	1E10	1E-30	4.5E-11	1E10	1E-30	1E10	0.067	1E-30	1.14994708145429E-12	7.22533060622768E-02	1E-30	5.24928529932894E-12	0.989466967978122	1.24E-12	2.03E-10	1E10	1.35549642135584E-10	2.85517174435614E-12	1.46768132862995	1.06166458632486E-11	5.69156445383124E-11	99.9405054678257	4.0481404759464E-09	2.45575628904065E-13	0.131051894104281	1E10	1E-30	1E-10	1E10	1E-30	1E-10	1E10	1E-30	1E-10	1E10	1E-30	1E-10	1E10	1E-30	1E-10	1E10	1E-30	1E-10	1E10	1E-30	1E-10	1E10	1E-30	1E-10	1E10	1E-30	1E-10	1	-0.5	0.5
177	8.2E-12	1E10	1E10	1E-30	1.45999999999999E-10	1E10	1E-30	1E10	0.07	1E-30	1.26615375356457E-12	3.18219146441089E-02	1.87573169989161E-12	1.29350778407907E-10	1E10	2.46424939121246E-11	1.14212357460033E-11	6.45855665662101	1.46524415032365E-11	4.20084778683433E-11	67.4615915571935	1E10	1E-30	1E-10	1E10	1E-30	1E-10	1E10	1E-30	1E-10	1E10	1E-30	1E-10	1E10	1E-30	1E-10	1E10	1E-30	1E-10	1E10	1E-30	1E-10	1E10	1E-30	1E-10	1E10	1E-30	1E-10	1E10	1E-30	1E-10	1E10	1E-30	1E-10	1	-0.25	0.25
178	8.2E-12	1E10	1E10	1E-30	1.45999999999999E-10	1E10	1E-30	1E10	0.07	1E-30	1.26615375356457E-12	3.18219146441089E-02	1.87573169989161E-12	1.29350778407907E-10	1E10	2.46424939121246E-11	1.14212357460033E-11	6.45855665662101	1.46524415032365E-11	4.20084778683433E-11	67.4615915571935	1E10	1E-30	1E-10	1E10	1E-30	1E-10	1E10	1E-30	1E-10	1E10	1E-30	1E-10	1E10	1E-30	1E-10	1E10	1E-30	1E-10	1E10	1E-30	1E-10	1E10	1E-30	1E-10	1E10	1E-30	1E-10	1E10	1E-30	1E-10	1E10	1E-30	1E-10	1	-0.5	0.5
179	8.2E-12	1E10	1E10	1E-30	1.45999999999999E-10	1E10	1E-30	1E10	0.07	1E-30	1.26615375356457E-12	3.18219146441089E-02	1.87573169989161E-12	1.29350778407907E-10	1E10	2.46424939121246E-11	1.14212357460033E-11	6.45855665662101	1.46524415032365E-11	4.20084778683433E-11	67.4615915571935	1E10	1E-30	1E-10	1E10	1E-30	1E-10	1E10	1E-30	1E-10	1E10	1E-30	1E-10	1E10	1E-30	1E-10	1E10	1E-30	1E-10	1E10	1E-30	1E-10	1E10	1E-30	1E-10	1E10	1E-30	1E-10	1E10	1E-30	1E-10	1E10	1E-30	1E-10	1	-0.05	0.05
180	8.2E-12	1E10	1E10	1E-30	1.45999999999999E-10	1E10	1E-30	1E10	0.07	1E-30	1.26615375356457E-12	3.18219146441089E-02	1.87573169989161E-12	1.29350778407907E-10	1E10	2.46424939121246E-11	1.14212357460033E-11	6.45855665662101	1.46524415032365E-11	4.20084778683433E-11	67.4615915571935	1E10	1E-30	1E-10	1E10	1E-30	1E-10	1E10	1E-30	1E-10	1E10	1E-30	1E-10	1E10	1E-30	1E-10	1E10	1E-30	1E-10	1E10	1E-30	1E-10	1E10	1E-30	1E-10	1E10	1E-30	1E-10	1E10	1E-30	1E-10	1E10	1E-30	1E-10	1	-0.1	0.1
181	8.2E-12	1E10	1E10	1E-30	1.45999999999999E-10	1E10	1E-30	1E10	0.07	1E-30	1.26615375356457E-12	3.18219146441089E-02	1.87573169989161E-12	1.29350778407907E-10	1E10	2.46424939121246E-11	1.14212357460033E-11	6.45855665662101	1.46524415032365E-11	4.20084778683433E-11	67.4615915571935	1E10	1E-30	1E-10	1E10	1E-30	1E-10	1E10	1E-30	1E-10	1E10	1E-30	1E-10	1E10	1E-30	1E-10	1E10	1E-30	1E-10	1E10	1E-30	1E-10	1E10	1E-30	1E-10	1E10	1E-30	1E-10	1E10	1E-30	1E-10	1E10	1E-30	1E-10	1	-0.25	0.25
182	8.2E-12	1E10	1E10	1E-30	1.45999999999999E-10	1E10	1E-30	1E10	0.07	1E-30	1.26615375356457E-12	3.18219146441089E-02	1.87573169989161E-12	1.29350778407907E-10	1E10	2.46424939121246E-11	1.14212357460033E-11	6.45855665662101	1.46524415032365E-11	4.20084778683433E-11	67.4615915571935	1E10	1E-30	1E-10	1E10	1E-30	1E-10	1E10	1E-30	1E-10	1E10	1E-30	1E-10	1E10	1E-30	1E-10	1E10	1E-30	1E-10	1E10	1E-30	1E-10	1E10	1E-30	1E-10	1E10	1E-30	1E-10	1E10	1E-30	1E-10	1E10	1E-30	1E-10	1	-0.5	0.5
183	9E-12	1E10	1E10	1E-30	1.17E-10	1E10	1E-30	1E10	0.067	1E-30	1.14994708145429E-12	7.22533060622768E-02	1E-30	5.24928529932894E-12	0.989466967978122	1.78213958297164E-12	1.6258772143624E-10	893.055429623032	1.50512268046989E-11	4.73812386864438E-11	105.7421731511	1E10	1E-30	1E-10	1E10	1E-30	1E-10	1E10	1E-30	1E-10	1E10	1E-30	1E-10	1E10	1E-30	1E-10	1E10	1E-30	1E-10	1E10	1E-30	1E-10	1E10	1E-30	1E-10	1E10	1E-30	1E-10	1E10	1E-30	1E-10	1E10	1E-30	1E-10	1	-0.25	0.25
184	9E-12	1E10	1E10	1E-30	1.17E-10	1E10	1E-30	1E10	0.067	1E-30	1.14994708145429E-12	7.22533060622768E-02	1E-30	5.24928529932894E-12	0.989466967978122	1.78213958297164E-12	1.6258772143624E-10	893.055429623032	1.50512268046989E-11	4.73812386864438E-11	105.7421731511	1E10	1E-30	1E-10	1E10	1E-30	1E-10	1E10	1E-30	1E-10	1E10	1E-30	1E-10	1E10	1E-30	1E-10	1E10	1E-30	1E-10	1E10	1E-30	1E-10	1E10	1E-30	1E-10	1E10	1E-30	1E-10	1E10	1E-30	1E-10	1E10	1E-30	1E-10	1	-0.5	0.5
185	9E-12	1E10	1E10	1E-30	1.17E-10	1E10	1E-30	1E10	0.067	1E-30	1.14994708145429E-12	7.22533060622768E-02	1E-30	5.24928529932894E-12	0.989466967978122	1.78213958297164E-12	1.6258772143624E-10	893.055429623032	1.50512268046989E-11	4.73812386864438E-11	105.7421731511	1E10	1E-30	1E-10	1E10	1E-30	1E-10	1E10	1E-30	1E-10	1E10	1E-30	1E-10	1E10	1E-30	1E-10	1E10	1E-30	1E-10	1E10	1E-30	1E-10	1E10	1E-30	1E-10	1E10	1E-30	1E-10	1E10	1E-30	1E-10	1E10	1E-30	1E-10	1	-0.05	0.05
186	9E-12	1E10	1E10	1E-30	1.17E-10	1E10	1E-30	1E10	0.067	1E-30	1.14994708145429E-12	7.22533060622768E-02	1E-30	5.24928529932894E-12	0.989466967978122	1.78213958297164E-12	1.6258772143624E-10	893.055429623032	1.50512268046989E-11	4.73812386864438E-11	105.7421731511	1E10	1E-30	1E-10	1E10	1E-30	1E-10	1E10	1E-30	1E-10	1E10	1E-30	1E-10	1E10	1E-30	1E-10	1E10	1E-30	1E-10	1E10	1E-30	1E-10	1E10	1E-30	1E-10	1E10	1E-30	1E-10	1E10	1E-30	1E-10	1E10	1E-30	1E-10	1	-0.1	0.1
187	9E-12	1E10	1E10	1E-30	1.17E-10	1E10	1E-30	1E10	0.067	1E-30	1.14994708145429E-12	7.22533060622768E-02	1E-30	5.24928529932894E-12	0.989466967978122	1.78213958297164E-12	1.6258772143624E-10	893.055429623032	1.50512268046989E-11	4.73812386864438E-11	105.7421731511	1E10	1E-30	1E-10	1E10	1E-30	1E-10	1E10	1E-30	1E-10	1E10	1E-30	1E-10	1E10	1E-30	1E-10	1E10	1E-30	1E-10	1E10	1E-30	1E-10	1E10	1E-30	1E-10	1E10	1E-30	1E-10	1E10	1E-30	1E-10	1E10	1E-30	1E-10	1	-0.25	0.25
188	9E-12	1E10	1E10	1E-30	1.17E-10	1E10	1E-30	1E10	0.067	1E-30	1.14994708145429E-12	7.22533060622768E-02	1E-30	5.24928529932894E-12	0.989466967978122	1.78213958297164E-12	1.6258772143624E-10	893.055429623032	1.50512268046989E-11	4.73812386864438E-11	105.7421731511	1E10	1E-30	1E-10	1E10	1E-30	1E-10	1E10	1E-30	1E-10	1E10	1E-30	1E-10	1E10	1E-30	1E-10	1E10	1E-30	1E-10	1E10	1E-30	1E-10	1E10	1E-30	1E-10	1E10	1E-30	1E-10	1E10	1E-30	1E-10	1E10	1E-30	1E-10	1	-0.5	0.5
189	9.1E-12	1E10	1E10	1E-30	1.81893988402366E-10	1E10	1E-30	1E10	8.02259276590564E-02	1.73115556117476E-11	4.05993450533845E-11	79.9328795987325	1.97414227974829E-11	1.59789853167544E-11	28.258349868245	2.35269745826179E-12	9.9965279004568E-11	226.850610971185	1E10	1E-30	1E-10	1E10	1E-30	1E-10	1E10	1E-30	1E-10	1E10	1E-30	1E-10	1E10	1E-30	1E-10	1E10	1E-30	1E-10	1E10	1E-30	1E-10	1E10	1E-30	1E-10	1E10	1E-30	1E-10	1E10	1E-30	1E-10	1E10	1E-30	1E-10	1E10	1E-30	1E-10	1	-0.25	0.25
190	9.1E-12	1E10	1E10	1E-30	1.81893988402366E-10	1E10	1E-30	1E10	8.02259276590564E-02	1.73115556117476E-11	4.05993450533845E-11	79.9328795987325	1.97414227974829E-11	1.59789853167544E-11	28.258349868245	2.35269745826179E-12	9.9965279004568E-11	226.850610971185	1E10	1E-30	1E-10	1E10	1E-30	1E-10	1E10	1E-30	1E-10	1E10	1E-30	1E-10	1E10	1E-30	1E-10	1E10	1E-30	1E-10	1E10	1E-30	1E-10	1E10	1E-30	1E-10	1E10	1E-30	1E-10	1E10	1E-30	1E-10	1E10	1E-30	1E-10	1E10	1E-30	1E-10	1	-0.5	0.5
191	9.1E-12	1E10	1E10	1E-30	1.81893988402366E-10	1E10	1E-30	1E10	8.02259276590564E-02	1.73115556117476E-11	4.05993450533845E-11	79.9328795987325	1.97414227974829E-11	1.59789853167544E-11	28.258349868245	2.35269745826179E-12	9.9965279004568E-11	226.850610971185	1E10	1E-30	1E-10	1E10	1E-30	1E-10	1E10	1E-30	1E-10	1E10	1E-30	1E-10	1E10	1E-30	1E-10	1E10	1E-30	1E-10	1E10	1E-30	1E-10	1E10	1E-30	1E-10	1E10	1E-30	1E-10	1E10	1E-30	1E-10	1E10	1E-30	1E-10	1E10	1E-30	1E-10	1	-0.05	0.05
192	9.1E-12	1E10	1E10	1E-30	1.81893988402366E-10	1E10	1E-30	1E10	8.02259276590564E-02	1.73115556117476E-11	4.05993450533845E-11	79.9328795987325	1.97414227974829E-11	1.59789853167544E-11	28.258349868245	2.35269745826179E-12	9.9965279004568E-11	226.850610971185	1E10	1E-30	1E-10	1E10	1E-30	1E-10	1E10	1E-30	1E-10	1E10	1E-30	1E-10	1E10	1E-30	1E-10	1E10	1E-30	1E-10	1E10	1E-30	1E-10	1E10	1E-30	1E-10	1E10	1E-30	1E-10	1E10	1E-30	1E-10	1E10	1E-30	1E-10	1E10	1E-30	1E-10	1	-0.1	0.1
193	9.1E-12	1E10	1E10	1E-30	1.81893988402366E-10	1E10	1E-30	1E10	8.02259276590564E-02	1.73115556117476E-11	4.05993450533845E-11	79.9328795987325	1.97414227974829E-11	1.59789853167544E-11	28.258349868245	2.35269745826179E-12	9.9965279004568E-11	226.850610971185	1E10	1E-30	1E-10	1E10	1E-30	1E-10	1E10	1E-30	1E-10	1E10	1E-30	1E-10	1E10	1E-30	1E-10	1E10	1E-30	1E-10	1E10	1E-30	1E-10	1E10	1E-30	1E-10	1E10	1E-30	1E-10	1E10	1E-30	1E-10	1E10	1E-30	1E-10	1E10	1E-30	1E-10	1	-0.25	0.25
194	9.1E-12	1E10	1E10	1E-30	1.81893988402366E-10	1E10	1E-30	1E10	8.02259276590564E-02	1.73115556117476E-11	4.05993450533845E-11	79.9328795987325	1.97414227974829E-11	1.59789853167544E-11	28.258349868245	2.35269745826179E-12	9.9965279004568E-11	226.850610971185	1E10	1E-30	1E-10	1E10	1E-30	1E-10	1E10	1E-30	1E-10	1E10	1E-30	1E-10	1E10	1E-30	1E-10	1E10	1E-30	1E-10	1E10	1E-30	1E-10	1E10	1E-30	1E-10	1E10	1E-30	1E-10	1E10	1E-30	1E-10	1E10	1E-30	1E-10	1E10	1E-30	1E-10	1	-0.5	0.5
195	9.99999999999999E-12	1E10	1E10	1E-30	1.55249423325738E-10	1E10	1E-30	1E10	0.08	1.63293794639151E-11	4.81990288636384E-11	101.686742431722	2.07547550672877E-11	1.57961512305797E-11	8.62738375092131	2.77359545778814E-12	1.18031241192489E-10	1E5	1E10	1E-30	1E-10	1E10	1E-30	1E-10	1E10	1E-30	1E-10	1E10	1E-30	1E-10	1E10	1E-30	1E-10	1E10	1E-30	1E-10	1E10	1E-30	1E-10	1E10	1E-30	1E-10	1E10	1E-30	1E-10	1E10	1E-30	1E-10	1E10	1E-30	1E-10	1E10	1E-30	1E-10	2	-2	2
196	9.99999999999999E-12	1E10	1E10	1E-30	1.55249423325738E-10	1E10	1E-30	1E10	0.08	1.63293794639151E-11	4.81990288636384E-11	101.686742431722	2.07547550672877E-11	1.57961512305797E-11	8.62738375092131	2.77359545778814E-12	1.18031241192489E-10	1E5	1E10	1E-30	1E-10	1E10	1E-30	1E-10	1E10	1E-30	1E-10	1E10	1E-30	1E-10	1E10	1E-30	1E-10	1E10	1E-30	1E-10	1E10	1E-30	1E-10	1E10	1E-30	1E-10	1E10	1E-30	1E-10	1E10	1E-30	1E-10	1E10	1E-30	1E-10	1E10	1E-30	1E-10	2	-5	5
197	9.99999999999999E-12	1E10	1E10	1E-30	1.55249423325738E-10	1E10	1E-30	1E10	0.08	1.63293794639151E-11	4.81990288636384E-11	101.686742431722	2.07547550672877E-11	1.57961512305797E-11	8.62738375092131	2.77359545778814E-12	1.18031241192489E-10	1E5	1E10	1E-30	1E-10	1E10	1E-30	1E-10	1E10	1E-30	1E-10	1E10	1E-30	1E-10	1E10	1E-30	1E-10	1E10	1E-30	1E-10	1E10	1E-30	1E-10	1E10	1E-30	1E-10	1E10	1E-30	1E-10	1E10	1E-30	1E-10	1E10	1E-30	1E-10	1E10	1E-30	1E-10	2	-2	2
198	9.99999999999999E-12	1E10	1E10	1E-30	1.55249423325738E-10	1E10	1E-30	1E10	0.08	1.63293794639151E-11	4.81990288636384E-11	101.686742431722	2.07547550672877E-11	1.57961512305797E-11	8.62738375092131	2.77359545778814E-12	1.18031241192489E-10	1E5	1E10	1E-30	1E-10	1E10	1E-30	1E-10	1E10	1E-30	1E-10	1E10	1E-30	1E-10	1E10	1E-30	1E-10	1E10	1E-30	1E-10	1E10	1E-30	1E-10	1E10	1E-30	1E-10	1E10	1E-30	1E-10	1E10	1E-30	1E-10	1E10	1E-30	1E-10	1E10	1E-30	1E-10	2	-5	5
199	1.09999999999999E-11	1E10	1E10	1E-30	2.63860842031941E-10	1E10	1E-30	1E10	0.075964846702004	1E-30	1.54336534030959E-12	2.60680843612212E-02	2.56329118857878E-11	3.30405730211556E-11	50.5226176510641	6.64854751205418E-12	5.08874156258374E-11	119.711243130526	1E10	1E-30	1E-10	1E10	1E-30	1E-10	1E10	1E-30	1E-10	1E10	1E-30	1E-10	1E10	1E-30	1E-10	1E10	1E-30	1E-10	1E10	1E-30	1E-10	1E10	1E-30	1E-10	1E10	1E-30	1E-10	1E10	1E-30	1E-10	1E10	1E-30	1E-10	1E10	1E-30	1E-10	2	-2	2
200	1.09999999999999E-11	1E10	1E10	1E-30	2.63860842031941E-10	1E10	1E-30	1E10	0.075964846702004	1E-30	1.54336534030959E-12	2.60680843612212E-02	2.56329118857878E-11	3.30405730211556E-11	50.5226176510641	6.64854751205418E-12	5.08874156258374E-11	119.711243130526	1E10	1E-30	1E-10	1E10	1E-30	1E-10	1E10	1E-30	1E-10	1E10	1E-30	1E-10	1E10	1E-30	1E-10	1E10	1E-30	1E-10	1E10	1E-30	1E-10	1E10	1E-30	1E-10	1E10	1E-30	1E-10	1E10	1E-30	1E-10	1E10	1E-30	1E-10	1E10	1E-30	1E-10	2	-5	5
201	1.09999999999999E-11	1E10	1E10	1E-30	2.63860842031941E-10	1E10	1E-30	1E10	0.075964846702004	1E-30	1.54336534030959E-12	2.60680843612212E-02	2.56329118857878E-11	3.30405730211556E-11	50.5226176510641	6.64854751205418E-12	5.08874156258374E-11	119.711243130526	1E10	1E-30	1E-10	1E10	1E-30	1E-10	1E10	1E-30	1E-10	1E10	1E-30	1E-10	1E10	1E-30	1E-10	1E10	1E-30	1E-10	1E10	1E-30	1E-10	1E10	1E-30	1E-10	1E10	1E-30	1E-10	1E10	1E-30	1E-10	1E10	1E-30	1E-10	1E10	1E-30	1E-10	2	-1	1
202	1.09999999999999E-11	1E10	1E10	1E-30	2.63860842031941E-10	1E10	1E-30	1E10	0.075964846702004	1E-30	1.54336534030959E-12	2.60680843612212E-02	2.56329118857878E-11	3.30405730211556E-11	50.5226176510641	6.64854751205418E-12	5.08874156258374E-11	119.711243130526	1E10	1E-30	1E-10	1E10	1E-30	1E-10	1E10	1E-30	1E-10	1E10	1E-30	1E-10	1E10	1E-30	1E-10	1E10	1E-30	1E-10	1E10	1E-30	1E-10	1E10	1E-30	1E-10	1E10	1E-30	1E-10	1E10	1E-30	1E-10	1E10	1E-30	1E-10	1E10	1E-30	1E-10	2	-2	2
203	1.09999999999999E-11	1E10	1E10	1E-30	2.63860842031941E-10	1E10	1E-30	1E10	0.075964846702004	1E-30	1.54336534030959E-12	2.60680843612212E-02	2.56329118857878E-11	3.30405730211556E-11	50.5226176510641	6.64854751205418E-12	5.08874156258374E-11	119.711243130526	1E10	1E-30	1E-10	1E10	1E-30	1E-10	1E10	1E-30	1E-10	1E10	1E-30	1E-10	1E10	1E-30	1E-10	1E10	1E-30	1E-10	1E10	1E-30	1E-10	1E10	1E-30	1E-10	1E10	1E-30	1E-10	1E10	1E-30	1E-10	1E10	1E-30	1E-10	1E10	1E-30	1E-10	2	-5	5
204	1.2E-11	1E10	1E10	1E-30	2.61837498700325E-10	1E10	1E-30	1E10	0.05	2.77525271797569E-11	3.35573590866622E-11	58.090320957767	7.18187210436151E-12	5.25792410090506E-11	119.392149506592	1E10	1E-30	1E-10	1E10	1E-30	1E-10	1E10	1E-30	1E-10	1E10	1E-30	1E-10	1E10	1E-30	1E-10	1E10	1E-30	1E-10	1E10	1E-30	1E-10	1E10	1E-30	1E-10	1E10	1E-30	1E-10	1E10	1E-30	1E-10	1E10	1E-30	1E-10	1E10	1E-30	1E-10	1E10	1E-30	1E-10	2	-2	2
205	1.2E-11	1E10	1E10	1E-30	2.61837498700325E-10	1E10	1E-30	1E10	0.05	2.77525271797569E-11	3.35573590866622E-11	58.090320957767	7.18187210436151E-12	5.25792410090506E-11	119.392149506592	1E10	1E-30	1E-10	1E10	1E-30	1E-10	1E10	1E-30	1E-10	1E10	1E-30	1E-10	1E10	1E-30	1E-10	1E10	1E-30	1E-10	1E10	1E-30	1E-10	1E10	1E-30	1E-10	1E10	1E-30	1E-10	1E10	1E-30	1E-10	1E10	1E-30	1E-10	1E10	1E-30	1E-10	1E10	1E-30	1E-10	2	-5	5
206	1.2E-11	1E10	1E10	1E-30	2.61837498700325E-10	1E10	1E-30	1E10	0.05	2.77525271797569E-11	3.35573590866622E-11	58.090320957767	7.18187210436151E-12	5.25792410090506E-11	119.392149506592	1E10	1E-30	1E-10	1E10	1E-30	1E-10	1E10	1E-30	1E-10	1E10	1E-30	1E-10	1E10	1E-30	1E-10	1E10	1E-30	1E-10	1E10	1E-30	1E-10	1E10	1E-30	1E-10	1E10	1E-30	1E-10	1E10	1E-30	1E-10	1E10	1E-30	1E-10	1E10	1E-30	1E-10	1E10	1E-30	1E-10	2	-1	1
207	1.2E-11	1E10	1E10	1E-30	2.61837498700325E-10	1E10	1E-30	1E10	0.05	2.77525271797569E-11	3.35573590866622E-11	58.090320957767	7.18187210436151E-12	5.25792410090506E-11	119.392149506592	1E10	1E-30	1E-10	1E10	1E-30	1E-10	1E10	1E-30	1E-10	1E10	1E-30	1E-10	1E10	1E-30	1E-10	1E10	1E-30	1E-10	1E10	1E-30	1E-10	1E10	1E-30	1E-10	1E10	1E-30	1E-10	1E10	1E-30	1E-10	1E10	1E-30	1E-10	1E10	1E-30	1E-10	1E10	1E-30	1E-10	2	-2	2
208	1.2E-11	1E10	1E10	1E-30	2.61837498700325E-10	1E10	1E-30	1E10	0.05	2.77525271797569E-11	3.35573590866622E-11	58.090320957767	7.18187210436151E-12	5.25792410090506E-11	119.392149506592	1E10	1E-30	1E-10	1E10	1E-30	1E-10	1E10	1E-30	1E-10	1E10	1E-30	1E-10	1E10	1E-30	1E-10	1E10	1E-30	1E-10	1E10	1E-30	1E-10	1E10	1E-30	1E-10	1E10	1E-30	1E-10	1E10	1E-30	1E-10	1E10	1E-30	1E-10	1E10	1E-30	1E-10	1E10	1E-30	1E-10	2	-5	5
209	1.3E-11	1E10	1E10	1E-30	2.19843348973927E-10	1E10	1E-30	1E10	6.08732884435541E-02	1E-30	5.82559135686281E-12	1.85674405116726E-02	2.85916340268434E-11	3.51611247151597E-11	54.2199716366563	1.19286036779822E-11	3.37633135270342E-11	84.0667731185965	1.1322720092264E-10	2.81892907599827E-12	11.2241340758724	2.88046838031258E-12	5.50193830136301E-11	1E5	1E10	1E-30	1E-10	1E10	1E-30	1E-10	1E10	1E-30	1E-10	1E10	1E-30	1E-10	1E10	1E-30	1E-10	1E10	1E-30	1E-10	1E10	1E-30	1E-10	1E10	1E-30	1E-10	1E10	1E-30	1E-10	1E10	1E-30	1E-10	2	-2	2
210	1.3E-11	1E10	1E10	1E-30	2.19843348973927E-10	1E10	1E-30	1E10	6.08732884435541E-02	1E-30	5.82559135686281E-12	1.85674405116726E-02	2.85916340268434E-11	3.51611247151597E-11	54.2199716366563	1.19286036779822E-11	3.37633135270342E-11	84.0667731185965	1.1322720092264E-10	2.81892907599827E-12	11.2241340758724	2.88046838031258E-12	5.50193830136301E-11	1E5	1E10	1E-30	1E-10	1E10	1E-30	1E-10	1E10	1E-30	1E-10	1E10	1E-30	1E-10	1E10	1E-30	1E-10	1E10	1E-30	1E-10	1E10	1E-30	1E-10	1E10	1E-30	1E-10	1E10	1E-30	1E-10	1E10	1E-30	1E-10	2	-5	5
211	1.3E-11	1E10	1E10	1E-30	2.19843348973927E-10	1E10	1E-30	1E10	6.08732884435541E-02	1E-30	5.82559135686281E-12	1.85674405116726E-02	2.85916340268434E-11	3.51611247151597E-11	54.2199716366563	1.19286036779822E-11	3.37633135270342E-11	84.0667731185965	1.1322720092264E-10	2.81892907599827E-12	11.2241340758724	2.88046838031258E-12	5.50193830136301E-11	1E5	1E10	1E-30	1E-10	1E10	1E-30	1E-10	1E10	1E-30	1E-10	1E10	1E-30	1E-10	1E10	1E-30	1E-10	1E10	1E-30	1E-10	1E10	1E-30	1E-10	1E10	1E-30	1E-10	1E10	1E-30	1E-10	1E10	1E-30	1E-10	2	-1	1
212	1.3E-11	1E10	1E10	1E-30	2.19843348973927E-10	1E10	1E-30	1E10	6.08732884435541E-02	1E-30	5.82559135686281E-12	1.85674405116726E-02	2.85916340268434E-11	3.51611247151597E-11	54.2199716366563	1.19286036779822E-11	3.37633135270342E-11	84.0667731185965	1.1322720092264E-10	2.81892907599827E-12	11.2241340758724	2.88046838031258E-12	5.50193830136301E-11	1E5	1E10	1E-30	1E-10	1E10	1E-30	1E-10	1E10	1E-30	1E-10	1E10	1E-30	1E-10	1E10	1E-30	1E-10	1E10	1E-30	1E-10	1E10	1E-30	1E-10	1E10	1E-30	1E-10	1E10	1E-30	1E-10	1E10	1E-30	1E-10	2	-2	2
213	1.3E-11	1E10	1E10	1E-30	2.19843348973927E-10	1E10	1E-30	1E10	6.08732884435541E-02	1E-30	5.82559135686281E-12	1.85674405116726E-02	2.85916340268434E-11	3.51611247151597E-11	54.2199716366563	1.19286036779822E-11	3.37633135270342E-11	84.0667731185965	1.1322720092264E-10	2.81892907599827E-12	11.2241340758724	2.88046838031258E-12	5.50193830136301E-11	1E5	1E10	1E-30	1E-10	1E10	1E-30	1E-10	1E10	1E-30	1E-10	1E10	1E-30	1E-10	1E10	1E-30	1E-10	1E10	1E-30	1E-10	1E10	1E-30	1E-10	1E10	1E-30	1E-10	1E10	1E-30	1E-10	1E10	1E-30	1E-10	2	-5	5
214	1.49999999999999E-11	1E10	1E10	1E-30	6.66911251287136E-11	1E10	1E-30	1E10	5.14079156553772E-02	1E-30	3.99524011804291E-12	4.61480490654292E-02	3.31661563313739E-11	3.45714438594823E-11	51.0948308731134	8.6499783881571E-12	5.37094450673112E-11	156.448540570429	1.30402913265075E-12	1.73681194631901E-10	1E5	1E10	1E-30	1E-10	1E10	1E-30	1E-10	1E10	1E-30	1E-10	1E10	1E-30	1E-10	1E10	1E-30	1E-10	1E10	1E-30	1E-10	1E10	1E-30	1E-10	1E10	1E-30	1E-10	1E10	1E-30	1E-10	1E10	1E-30	1E-10	1E10	1E-30	1E-10	2	-2	2
215	1.49999999999999E-11	1E10	1E10	1E-30	6.66911251287136E-11	1E10	1E-30	1E10	5.14079156553772E-02	1E-30	3.99524011804291E-12	4.61480490654292E-02	3.31661563313739E-11	3.45714438594823E-11	51.0948308731134	8.6499783881571E-12	5.37094450673112E-11	156.448540570429	1.30402913265075E-12	1.73681194631901E-10	1E5	1E10	1E-30	1E-10	1E10	1E-30	1E-10	1E10	1E-30	1E-10	1E10	1E-30	1E-10	1E10	1E-30	1E-10	1E10	1E-30	1E-10	1E10	1E-30	1E-10	1E10	1E-30	1E-10	1E10	1E-30	1E-10	1E10	1E-30	1E-10	1E10	1E-30	1E-10	2	-5	5
216	1.49999999999999E-11	1E10	1E10	1E-30	6.66911251287136E-11	1E10	1E-30	1E10	5.14079156553772E-02	1E-30	3.99524011804291E-12	4.61480490654292E-02	3.31661563313739E-11	3.45714438594823E-11	51.0948308731134	8.6499783881571E-12	5.37094450673112E-11	156.448540570429	1.30402913265075E-12	1.73681194631901E-10	1E5	1E10	1E-30	1E-10	1E10	1E-30	1E-10	1E10	1E-30	1E-10	1E10	1E-30	1E-10	1E10	1E-30	1E-10	1E10	1E-30	1E-10	1E10	1E-30	1E-10	1E10	1E-30	1E-10	1E10	1E-30	1E-10	1E10	1E-30	1E-10	1E10	1E-30	1E-10	2	-1	1
217	1.49999999999999E-11	1E10	1E10	1E-30	6.66911251287136E-11	1E10	1E-30	1E10	5.14079156553772E-02	1E-30	3.99524011804291E-12	4.61480490654292E-02	3.31661563313739E-11	3.45714438594823E-11	51.0948308731134	8.6499783881571E-12	5.37094450673112E-11	156.448540570429	1.30402913265075E-12	1.73681194631901E-10	1E5	1E10	1E-30	1E-10	1E10	1E-30	1E-10	1E10	1E-30	1E-10	1E10	1E-30	1E-10	1E10	1E-30	1E-10	1E10	1E-30	1E-10	1E10	1E-30	1E-10	1E10	1E-30	1E-10	1E10	1E-30	1E-10	1E10	1E-30	1E-10	1E10	1E-30	1E-10	2	-2	2
218	1.49999999999999E-11	1E10	1E10	1E-30	6.66911251287136E-11	1E10	1E-30	1E10	5.14079156553772E-02	1E-30	3.99524011804291E-12	4.61480490654292E-02	3.31661563313739E-11	3.45714438594823E-11	51.0948308731134	8.6499783881571E-12	5.37094450673112E-11	156.448540570429	1.30402913265075E-12	1.73681194631901E-10	1E5	1E10	1E-30	1E-10	1E10	1E-30	1E-10	1E10	1E-30	1E-10	1E10	1E-30	1E-10	1E10	1E-30	1E-10	1E10	1E-30	1E-10	1E10	1E-30	1E-10	1E10	1E-30	1E-10	1E10	1E-30	1E-10	1E10	1E-30	1E-10	1E10	1E-30	1E-10	2	-5	5
219	1.6E-11	1E10	1E10	1E-30	1.1428292860558E-10	1E10	1E-30	1E10	5.38298287280218E-02	1E-30	4.29120955230048E-12	9.30741391588872E-02	3.99356998545863E-11	3.04489033106873E-11	42.3889981741097	1.18859263755231E-11	4.06306151943991E-11	91.4799788579291	1.37835733706348E-12	1.493359595595E-10	1E5	1E10	1E-30	1E-10	1E10	1E-30	1E-10	1E10	1E-30	1E-10	1E10	1E-30	1E-10	1E10	1E-30	1E-10	1E10	1E-30	1E-10	1E10	1E-30	1E-10	1E10	1E-30	1E-10	1E10	1E-30	1E-10	1E10	1E-30	1E-10	1E10	1E-30	1E-10	2	-2	2
220	1.6E-11	1E10	1E10	1E-30	1.1428292860558E-10	1E10	1E-30	1E10	5.38298287280218E-02	1E-30	4.29120955230048E-12	9.30741391588872E-02	3.99356998545863E-11	3.04489033106873E-11	42.3889981741097	1.18859263755231E-11	4.06306151943991E-11	91.4799788579291	1.37835733706348E-12	1.493359595595E-10	1E5	1E10	1E-30	1E-10	1E10	1E-30	1E-10	1E10	1E-30	1E-10	1E10	1E-30	1E-10	1E10	1E-30	1E-10	1E10	1E-30	1E-10	1E10	1E-30	1E-10	1E10	1E-30	1E-10	1E10	1E-30	1E-10	1E10	1E-30	1E-10	1E10	1E-30	1E-10	2	-5	5
221	1.6E-11	1E10	1E10	1E-30	1.1428292860558E-10	1E10	1E-30	1E10	5.38298287280218E-02	1E-30	4.29120955230048E-12	9.30741391588872E-02	3.99356998545863E-11	3.04489033106873E-11	42.3889981741097	1.18859263755231E-11	4.06306151943991E-11	91.4799788579291	1.37835733706348E-12	1.493359595595E-10	1E5	1E10	1E-30	1E-10	1E10	1E-30	1E-10	1E10	1E-30	1E-10	1E10	1E-30	1E-10	1E10	1E-30	1E-10	1E10	1E-30	1E-10	1E10	1E-30	1E-10	1E10	1E-30	1E-10	1E10	1E-30	1E-10	1E10	1E-30	1E-10	1E10	1E-30	1E-10	2	-1	1
222	1.6E-11	1E10	1E10	1E-30	1.1428292860558E-10	1E10	1E-30	1E10	5.38298287280218E-02	1E-30	4.29120955230048E-12	9.30741391588872E-02	3.99356998545863E-11	3.04489033106873E-11	42.3889981741097	1.18859263755231E-11	4.06306151943991E-11	91.4799788579291	1.37835733706348E-12	1.493359595595E-10	1E5	1E10	1E-30	1E-10	1E10	1E-30	1E-10	1E10	1E-30	1E-10	1E10	1E-30	1E-10	1E10	1E-30	1E-10	1E10	1E-30	1E-10	1E10	1E-30	1E-10	1E10	1E-30	1E-10	1E10	1E-30	1E-10	1E10	1E-30	1E-10	1E10	1E-30	1E-10	2	-2	2
223	1.6E-11	1E10	1E10	1E-30	1.1428292860558E-10	1E10	1E-30	1E10	5.38298287280218E-02	1E-30	4.29120955230048E-12	9.30741391588872E-02	3.99356998545863E-11	3.04489033106873E-11	42.3889981741097	1.18859263755231E-11	4.06306151943991E-11	91.4799788579291	1.37835733706348E-12	1.493359595595E-10	1E5	1E10	1E-30	1E-10	1E10	1E-30	1E-10	1E10	1E-30	1E-10	1E10	1E-30	1E-10	1E10	1E-30	1E-10	1E10	1E-30	1E-10	1E10	1E-30	1E-10	1E10	1E-30	1E-10	1E10	1E-30	1E-10	1E10	1E-30	1E-10	1E10	1E-30	1E-10	2	-5	5
224	1.8E-11	1E10	1E10	1E-30	1.29015847243137E-10	1E10	1E-30	1E10	0.045	4.07593991713135E-11	3.38909516584426E-11	46.8655321498898	1.36050310777265E-11	3.98092019185993E-11	91.7838304408451	5.21350287978239E-11	4.49869852109193E-12	1.01758163216959	1.58556053704679E-12	1.39590950156614E-10	1E5	1E10	1E-30	1E-10	1E10	1E-30	1E-10	1E10	1E-30	1E-10	1E10	1E-30	1E-10	1E10	1E-30	1E-10	1E10	1E-30	1E-10	1E10	1E-30	1E-10	1E10	1E-30	1E-10	1E10	1E-30	1E-10	1E10	1E-30	1E-10	1E10	1E-30	1E-10	2	-2	2
225	1.8E-11	1E10	1E10	1E-30	1.29015847243137E-10	1E10	1E-30	1E10	0.045	4.07593991713135E-11	3.38909516584426E-11	46.8655321498898	1.36050310777265E-11	3.98092019185993E-11	91.7838304408451	5.21350287978239E-11	4.49869852109193E-12	1.01758163216959	1.58556053704679E-12	1.39590950156614E-10	1E5	1E10	1E-30	1E-10	1E10	1E-30	1E-10	1E10	1E-30	1E-10	1E10	1E-30	1E-10	1E10	1E-30	1E-10	1E10	1E-30	1E-10	1E10	1E-30	1E-10	1E10	1E-30	1E-10	1E10	1E-30	1E-10	1E10	1E-30	1E-10	1E10	1E-30	1E-10	2	-5	5
226	1.8E-11	1E10	1E10	1E-30	1.29015847243137E-10	1E10	1E-30	1E10	0.045	4.07593991713135E-11	3.38909516584426E-11	46.8655321498898	1.36050310777265E-11	3.98092019185993E-11	91.7838304408451	5.21350287978239E-11	4.49869852109193E-12	1.01758163216959	1.58556053704679E-12	1.39590950156614E-10	1E5	1E10	1E-30	1E-10	1E10	1E-30	1E-10	1E10	1E-30	1E-10	1E10	1E-30	1E-10	1E10	1E-30	1E-10	1E10	1E-30	1E-10	1E10	1E-30	1E-10	1E10	1E-30	1E-10	1E10	1E-30	1E-10	1E10	1E-30	1E-10	1E10	1E-30	1E-10	2	-1	1
227	1.8E-11	1E10	1E10	1E-30	1.29015847243137E-10	1E10	1E-30	1E10	0.045	4.07593991713135E-11	3.38909516584426E-11	46.8655321498898	1.36050310777265E-11	3.98092019185993E-11	91.7838304408451	5.21350287978239E-11	4.49869852109193E-12	1.01758163216959	1.58556053704679E-12	1.39590950156614E-10	1E5	1E10	1E-30	1E-10	1E10	1E-30	1E-10	1E10	1E-30	1E-10	1E10	1E-30	1E-10	1E10	1E-30	1E-10	1E10	1E-30	1E-10	1E10	1E-30	1E-10	1E10	1E-30	1E-10	1E10	1E-30	1E-10	1E10	1E-30	1E-10	1E10	1E-30	1E-10	2	-2	2
228	1.8E-11	1E10	1E10	1E-30	1.29015847243137E-10	1E10	1E-30	1E10	0.045	4.07593991713135E-11	3.38909516584426E-11	46.8655321498898	1.36050310777265E-11	3.98092019185993E-11	91.7838304408451	5.21350287978239E-11	4.49869852109193E-12	1.01758163216959	1.58556053704679E-12	1.39590950156614E-10	1E5	1E10	1E-30	1E-10	1E10	1E-30	1E-10	1E10	1E-30	1E-10	1E10	1E-30	1E-10	1E10	1E-30	1E-10	1E10	1E-30	1E-10	1E10	1E-30	1E-10	1E10	1E-30	1E-10	1E10	1E-30	1E-10	1E10	1E-30	1E-10	1E10	1E-30	1E-10	2	-5	5
229	1.99999999999999E-11	1E10	1E10	1E-30	1.9991398774512E-10	1E10	1E-30	1E10	0.041911014926059	4.38910387814603E-11	3.39655935216923E-11	34.4765505320938	1.961780703105E-11	3.00957150937726E-11	63.1541571907413	3.81876021160292E-12	6.5030591253923E-11	1E5	1.77365512667409E-11	1.32235276984008E-11	4.74056055316458	1E10	1E-30	1E-10	1E10	1E-30	1E-10	1E10	1E-30	1E-10	1E10	1E-30	1E-10	1E10	1E-30	1E-10	1E10	1E-30	1E-10	1E10	1E-30	1E-10	1E10	1E-30	1E-10	1E10	1E-30	1E-10	1E10	1E-30	1E-10	1E10	1E-30	1E-10	2	-2	2
230	1.99999999999999E-11	1E10	1E10	1E-30	1.9991398774512E-10	1E10	1E-30	1E10	0.041911014926059	4.38910387814603E-11	3.39655935216923E-11	34.4765505320938	1.961780703105E-11	3.00957150937726E-11	63.1541571907413	3.81876021160292E-12	6.5030591253923E-11	1E5	1.77365512667409E-11	1.32235276984008E-11	4.74056055316458	1E10	1E-30	1E-10	1E10	1E-30	1E-10	1E10	1E-30	1E-10	1E10	1E-30	1E-10	1E10	1E-30	1E-10	1E10	1E-30	1E-10	1E10	1E-30	1E-10	1E10	1E-30	1E-10	1E10	1E-30	1E-10	1E10	1E-30	1E-10	1E10	1E-30	1E-10	2	-5	5
231	1.99999999999999E-11	1E10	1E10	1E-30	1.9991398774512E-10	1E10	1E-30	1E10	0.041911014926059	4.38910387814603E-11	3.39655935216923E-11	34.4765505320938	1.961780703105E-11	3.00957150937726E-11	63.1541571907413	3.81876021160292E-12	6.5030591253923E-11	1E5	1.77365512667409E-11	1.32235276984008E-11	4.74056055316458	1E10	1E-30	1E-10	1E10	1E-30	1E-10	1E10	1E-30	1E-10	1E10	1E-30	1E-10	1E10	1E-30	1E-10	1E10	1E-30	1E-10	1E10	1E-30	1E-10	1E10	1E-30	1E-10	1E10	1E-30	1E-10	1E10	1E-30	1E-10	1E10	1E-30	1E-10	2	-2	2
232	1.99999999999999E-11	1E10	1E10	1E-30	1.9991398774512E-10	1E10	1E-30	1E10	0.041911014926059	4.38910387814603E-11	3.39655935216923E-11	34.4765505320938	1.961780703105E-11	3.00957150937726E-11	63.1541571907413	3.81876021160292E-12	6.5030591253923E-11	1E5	1.77365512667409E-11	1.32235276984008E-11	4.74056055316458	1E10	1E-30	1E-10	1E10	1E-30	1E-10	1E10	1E-30	1E-10	1E10	1E-30	1E-10	1E10	1E-30	1E-10	1E10	1E-30	1E-10	1E10	1E-30	1E-10	1E10	1E-30	1E-10	1E10	1E-30	1E-10	1E10	1E-30	1E-10	1E10	1E-30	1E-10	2	-5	5
233	2.2E-11	1E10	1E10	1E-30	1.46850150397171E-10	1E10	1E-30	1E10	0.04	1E-30	4.44849035535043E-12	3.47485868514046E-02	5.29737157004739E-11	3.11215666630921E-11	28.0101789354037	1.86830977561395E-11	3.45465655969129E-11	54.4949418645017	3.0771264519047E-11	1.02897525932454E-11	6.49598169442715	1.975146134212E-12	1.20071754996398E-10	1E5	1E10	1E-30	1E-10	1E10	1E-30	1E-10	1E10	1E-30	1E-10	1E10	1E-30	1E-10	1E10	1E-30	1E-10	1E10	1E-30	1E-10	1E10	1E-30	1E-10	1E10	1E-30	1E-10	1E10	1E-30	1E-10	1E10	1E-30	1E-10	2	-2	2
234	2.2E-11	1E10	1E10	1E-30	1.46850150397171E-10	1E10	1E-30	1E10	0.04	1E-30	4.44849035535043E-12	3.47485868514046E-02	5.29737157004739E-11	3.11215666630921E-11	28.0101789354037	1.86830977561395E-11	3.45465655969129E-11	54.4949418645017	3.0771264519047E-11	1.02897525932454E-11	6.49598169442715	1.975146134212E-12	1.20071754996398E-10	1E5	1E10	1E-30	1E-10	1E10	1E-30	1E-10	1E10	1E-30	1E-10	1E10	1E-30	1E-10	1E10	1E-30	1E-10	1E10	1E-30	1E-10	1E10	1E-30	1E-10	1E10	1E-30	1E-10	1E10	1E-30	1E-10	1E10	1E-30	1E-10	2	-5	5
235	2.2E-11	1E10	1E10	1E-30	1.46850150397171E-10	1E10	1E-30	1E10	0.04	1E-30	4.44849035535043E-12	3.47485868514046E-02	5.29737157004739E-11	3.11215666630921E-11	28.0101789354037	1.86830977561395E-11	3.45465655969129E-11	54.4949418645017	3.0771264519047E-11	1.02897525932454E-11	6.49598169442715	1.975146134212E-12	1.20071754996398E-10	1E5	1E10	1E-30	1E-10	1E10	1E-30	1E-10	1E10	1E-30	1E-10	1E10	1E-30	1E-10	1E10	1E-30	1E-10	1E10	1E-30	1E-10	1E10	1E-30	1E-10	1E10	1E-30	1E-10	1E10	1E-30	1E-10	1E10	1E-30	1E-10	2	-1	1
236	2.2E-11	1E10	1E10	1E-30	1.46850150397171E-10	1E10	1E-30	1E10	0.04	1E-30	4.44849035535043E-12	3.47485868514046E-02	5.29737157004739E-11	3.11215666630921E-11	28.0101789354037	1.86830977561395E-11	3.45465655969129E-11	54.4949418645017	3.0771264519047E-11	1.02897525932454E-11	6.49598169442715	1.975146134212E-12	1.20071754996398E-10	1E5	1E10	1E-30	1E-10	1E10	1E-30	1E-10	1E10	1E-30	1E-10	1E10	1E-30	1E-10	1E10	1E-30	1E-10	1E10	1E-30	1E-10	1E10	1E-30	1E-10	1E10	1E-30	1E-10	1E10	1E-30	1E-10	1E10	1E-30	1E-10	2	-2	2
237	2.2E-11	1E10	1E10	1E-30	1.46850150397171E-10	1E10	1E-30	1E10	0.04	1E-30	4.44849035535043E-12	3.47485868514046E-02	5.29737157004739E-11	3.11215666630921E-11	28.0101789354037	1.86830977561395E-11	3.45465655969129E-11	54.4949418645017	3.0771264519047E-11	1.02897525932454E-11	6.49598169442715	1.975146134212E-12	1.20071754996398E-10	1E5	1E10	1E-30	1E-10	1E10	1E-30	1E-10	1E10	1E-30	1E-10	1E10	1E-30	1E-10	1E10	1E-30	1E-10	1E10	1E-30	1E-10	1E10	1E-30	1E-10	1E10	1E-30	1E-10	1E10	1E-30	1E-10	1E10	1E-30	1E-10	2	-5	5
238	2.4E-11	1E10	1E10	1E-30	2.07768272229036E-10	1E10	1E-30	1E10	4.17012711935372E-02	1E-30	3.87796103325206E-12	4.32851600121631E-02	6.05069396534665E-11	2.99988243574273E-11	31.5998713839646	2.31014705138008E-11	3.06468424693717E-11	47.7852193771959	1.32415370763092E-11	2.6150497187104E-11	45.3553152470471	5.15634613592732E-12	4.78130347236432E-11	1E5	1E10	1E-30	1E-10	1E10	1E-30	1E-10	1E10	1E-30	1E-10	1E10	1E-30	1E-10	1E10	1E-30	1E-10	1E10	1E-30	1E-10	1E10	1E-30	1E-10	1E10	1E-30	1E-10	1E10	1E-30	1E-10	1E10	1E-30	1E-10	2	-2	2
239	2.4E-11	1E10	1E10	1E-30	2.07768272229036E-10	1E10	1E-30	1E10	4.17012711935372E-02	1E-30	3.87796103325206E-12	4.32851600121631E-02	6.05069396534665E-11	2.99988243574273E-11	31.5998713839646	2.31014705138008E-11	3.06468424693717E-11	47.7852193771959	1.32415370763092E-11	2.6150497187104E-11	45.3553152470471	5.15634613592732E-12	4.78130347236432E-11	1E5	1E10	1E-30	1E-10	1E10	1E-30	1E-10	1E10	1E-30	1E-10	1E10	1E-30	1E-10	1E10	1E-30	1E-10	1E10	1E-30	1E-10	1E10	1E-30	1E-10	1E10	1E-30	1E-10	1E10	1E-30	1E-10	1E10	1E-30	1E-10	2	-5	5
240	2.4E-11	1E10	1E10	1E-30	2.07768272229036E-10	1E10	1E-30	1E10	4.17012711935372E-02	1E-30	3.87796103325206E-12	4.32851600121631E-02	6.05069396534665E-11	2.99988243574273E-11	31.5998713839646	2.31014705138008E-11	3.06468424693717E-11	47.7852193771959	1.32415370763092E-11	2.6150497187104E-11	45.3553152470471	5.15634613592732E-12	4.78130347236432E-11	1E5	1E10	1E-30	1E-10	1E10	1E-30	1E-10	1E10	1E-30	1E-10	1E10	1E-30	1E-10	1E10	1E-30	1E-10	1E10	1E-30	1E-10	1E10	1E-30	1E-10	1E10	1E-30	1E-10	1E10	1E-30	1E-10	1E10	1E-30	1E-10	2	-1	1
241	2.4E-11	1E10	1E10	1E-30	2.07768272229036E-10	1E10	1E-30	1E10	4.17012711935372E-02	1E-30	3.87796103325206E-12	4.32851600121631E-02	6.05069396534665E-11	2.99988243574273E-11	31.5998713839646	2.31014705138008E-11	3.06468424693717E-11	47.7852193771959	1.32415370763092E-11	2.6150497187104E-11	45.3553152470471	5.15634613592732E-12	4.78130347236432E-11	1E5	1E10	1E-30	1E-10	1E10	1E-30	1E-10	1E10	1E-30	1E-10	1E10	1E-30	1E-10	1E10	1E-30	1E-10	1E10	1E-30	1E-10	1E10	1E-30	1E-10	1E10	1E-30	1E-10	1E10	1E-30	1E-10	1E10	1E-30	1E-10	2	-2	2
242	2.4E-11	1E10	1E10	1E-30	2.07768272229036E-10	1E10	1E-30	1E10	4.17012711935372E-02	1E-30	3.87796103325206E-12	4.32851600121631E-02	6.05069396534665E-11	2.99988243574273E-11	31.5998713839646	2.31014705138008E-11	3.06468424693717E-11	47.7852193771959	1.32415370763092E-11	2.6150497187104E-11	45.3553152470471	5.15634613592732E-12	4.78130347236432E-11	1E5	1E10	1E-30	1E-10	1E10	1E-30	1E-10	1E10	1E-30	1E-10	1E10	1E-30	1E-10	1E10	1E-30	1E-10	1E10	1E-30	1E-10	1E10	1E-30	1E-10	1E10	1E-30	1E-10	1E10	1E-30	1E-10	1E10	1E-30	1E-10	2	-5	5
243	2.7E-11	1E10	1E10	1E-30	2.81383916246892E-11	1E10	1E-30	1E10	0.039716411736214	1E-30	4.31978724131496E-12	4.70074550716903E-02	6.63851460013448E-11	2.96154008859912E-11	21.0689474801767	2.36145371644743E-11	3.29462524842177E-11	35.7135499106316	3.78280938460513E-11	9.95676392464284E-12	21.7039849991227	7.56559330180955E-13	2.32506329239662E-10	1E5	1E10	1E-30	1E-10	1E10	1E-30	1E-10	1E10	1E-30	1E-10	1E10	1E-30	1E-10	1E10	1E-30	1E-10	1E10	1E-30	1E-10	1E10	1E-30	1E-10	1E10	1E-30	1E-10	1E10	1E-30	1E-10	1E10	1E-30	1E-10	2	-2	2
244	2.7E-11	1E10	1E10	1E-30	2.81383916246892E-11	1E10	1E-30	1E10	0.039716411736214	1E-30	4.31978724131496E-12	4.70074550716903E-02	6.63851460013448E-11	2.96154008859912E-11	21.0689474801767	2.36145371644743E-11	3.29462524842177E-11	35.7135499106316	3.78280938460513E-11	9.95676392464284E-12	21.7039849991227	7.56559330180955E-13	2.32506329239662E-10	1E5	1E10	1E-30	1E-10	1E10	1E-30	1E-10	1E10	1E-30	1E-10	1E10	1E-30	1E-10	1E10	1E-30	1E-10	1E10	1E-30	1E-10	1E10	1E-30	1E-10	1E10	1E-30	1E-10	1E10	1E-30	1E-10	1E10	1E-30	1E-10	2	-5	5
245	2.7E-11	1E10	1E10	1E-30	2.81383916246892E-11	1E10	1E-30	1E10	0.039716411736214	1E-30	4.31978724131496E-12	4.70074550716903E-02	6.63851460013448E-11	2.96154008859912E-11	21.0689474801767	2.36145371644743E-11	3.29462524842177E-11	35.7135499106316	3.78280938460513E-11	9.95676392464284E-12	21.7039849991227	7.56559330180955E-13	2.32506329239662E-10	1E5	1E10	1E-30	1E-10	1E10	1E-30	1E-10	1E10	1E-30	1E-10	1E10	1E-30	1E-10	1E10	1E-30	1E-10	1E10	1E-30	1E-10	1E10	1E-30	1E-10	1E10	1E-30	1E-10	1E10	1E-30	1E-10	1E10	1E-30	1E-10	2	-1	1
246	2.7E-11	1E10	1E10	1E-30	2.81383916246892E-11	1E10	1E-30	1E10	0.039716411736214	1E-30	4.31978724131496E-12	4.70074550716903E-02	6.63851460013448E-11	2.96154008859912E-11	21.0689474801767	2.36145371644743E-11	3.29462524842177E-11	35.7135499106316	3.78280938460513E-11	9.95676392464284E-12	21.7039849991227	7.56559330180955E-13	2.32506329239662E-10	1E5	1E10	1E-30	1E-10	1E10	1E-30	1E-10	1E10	1E-30	1E-10	1E10	1E-30	1E-10	1E10	1E-30	1E-10	1E10	1E-30	1E-10	1E10	1E-30	1E-10	1E10	1E-30	1E-10	1E10	1E-30	1E-10	1E10	1E-30	1E-10	2	-2	2
247	2.7E-11	1E10	1E10	1E-30	2.81383916246892E-11	1E10	1E-30	1E10	0.039716411736214	1E-30	4.31978724131496E-12	4.70074550716903E-02	6.63851460013448E-11	2.96154008859912E-11	21.0689474801767	2.36145371644743E-11	3.29462524842177E-11	35.7135499106316	3.78280938460513E-11	9.95676392464284E-12	21.7039849991227	7.56559330180955E-13	2.32506329239662E-10	1E5	1E10	1E-30	1E-10	1E10	1E-30	1E-10	1E10	1E-30	1E-10	1E10	1E-30	1E-10	1E10	1E-30	1E-10	1E10	1E-30	1E-10	1E10	1E-30	1E-10	1E10	1E-30	1E-10	1E10	1E-30	1E-10	1E10	1E-30	1E-10	2	-5	5
248	3E-11	1E10	1E10	1E-30	2.3773717844819E-10	1E10	1E-30	1E10	4.08135202120304E-02	1E-30	9.32753831782935E-12	2.28376593754031E-02	7.3109156216308E-11	3.05866418442365E-11	25.3746938765502	3.03851173422955E-11	2.85195336082755E-11	34.636459437586	6.29412847575474E-11	6.68351711727382E-12	11.0118259813507	8.10709839040731E-11	3.60231417316806E-12	8.90009632551321	6.25583494681248E-12	3.84727459575921E-11	1E5	1E10	1E-30	1E-10	1E10	1E-30	1E-10	1E10	1E-30	1E-10	1E10	1E-30	1E-10	1E10	1E-30	1E-10	1E10	1E-30	1E-10	1E10	1E-30	1E-10	1E10	1E-30	1E-10	1E10	1E-30	1E-10	2	-2	2
249	3E-11	1E10	1E10	1E-30	2.3773717844819E-10	1E10	1E-30	1E10	4.08135202120304E-02	1E-30	9.32753831782935E-12	2.28376593754031E-02	7.3109156216308E-11	3.05866418442365E-11	25.3746938765502	3.03851173422955E-11	2.85195336082755E-11	34.636459437586	6.29412847575474E-11	6.68351711727382E-12	11.0118259813507	8.10709839040731E-11	3.60231417316806E-12	8.90009632551321	6.25583494681248E-12	3.84727459575921E-11	1E5	1E10	1E-30	1E-10	1E10	1E-30	1E-10	1E10	1E-30	1E-10	1E10	1E-30	1E-10	1E10	1E-30	1E-10	1E10	1E-30	1E-10	1E10	1E-30	1E-10	1E10	1E-30	1E-10	1E10	1E-30	1E-10	2	-5	5
250	3E-11	1E10	1E10	1E-30	2.3773717844819E-10	1E10	1E-30	1E10	4.08135202120304E-02	1E-30	9.32753831782935E-12	2.28376593754031E-02	7.3109156216308E-11	3.05866418442365E-11	25.3746938765502	3.03851173422955E-11	2.85195336082755E-11	34.636459437586	6.29412847575474E-11	6.68351711727382E-12	11.0118259813507	8.10709839040731E-11	3.60231417316806E-12	8.90009632551321	6.25583494681248E-12	3.84727459575921E-11	1E5	1E10	1E-30	1E-10	1E10	1E-30	1E-10	1E10	1E-30	1E-10	1E10	1E-30	1E-10	1E10	1E-30	1E-10	1E10	1E-30	1E-10	1E10	1E-30	1E-10	1E10	1E-30	1E-10	1E10	1E-30	1E-10	2	-1	1
251	3E-11	1E10	1E10	1E-30	2.3773717844819E-10	1E10	1E-30	1E10	4.08135202120304E-02	1E-30	9.32753831782935E-12	2.28376593754031E-02	7.3109156216308E-11	3.05866418442365E-11	25.3746938765502	3.03851173422955E-11	2.85195336082755E-11	34.636459437586	6.29412847575474E-11	6.68351711727382E-12	11.0118259813507	8.10709839040731E-11	3.60231417316806E-12	8.90009632551321	6.25583494681248E-12	3.84727459575921E-11	1E5	1E10	1E-30	1E-10	1E10	1E-30	1E-10	1E10	1E-30	1E-10	1E10	1E-30	1E-10	1E10	1E-30	1E-10	1E10	1E-30	1E-10	1E10	1E-30	1E-10	1E10	1E-30	1E-10	1E10	1E-30	1E-10	2	-2	2
252	3E-11	1E10	1E10	1E-30	2.3773717844819E-10	1E10	1E-30	1E10	4.08135202120304E-02	1E-30	9.32753831782935E-12	2.28376593754031E-02	7.3109156216308E-11	3.05866418442365E-11	25.3746938765502	3.03851173422955E-11	2.85195336082755E-11	34.636459437586	6.29412847575474E-11	6.68351711727382E-12	11.0118259813507	8.10709839040731E-11	3.60231417316806E-12	8.90009632551321	6.25583494681248E-12	3.84727459575921E-11	1E5	1E10	1E-30	1E-10	1E10	1E-30	1E-10	1E10	1E-30	1E-10	1E10	1E-30	1E-10	1E10	1E-30	1E-10	1E10	1E-30	1E-10	1E10	1E-30	1E-10	1E10	1E-30	1E-10	1E10	1E-30	1E-10	2	-5	5
253	3.3E-11	1E10	1E10	1E-30	6.82445609915315E-11	1E10	1E-30	1E10	3.55240503401063E-02	1E-30	6.25923429228428E-12	9.40566228019587E-02	8.01988674024786E-11	3.15620691072317E-11	26.1549457626598	3.07442602178044E-11	3.21346931624777E-11	38.019968744678	4.37095445924443E-11	1.11616280741365E-11	18.654551167145	6.41882327977796E-11	5.08399766622615E-12	1.86518108744427	1.27969715750843E-12	1.896412836122E-10	1E5	1E10	1E-30	1E-10	1E10	1E-30	1E-10	1E10	1E-30	1E-10	1E10	1E-30	1E-10	1E10	1E-30	1E-10	1E10	1E-30	1E-10	1E10	1E-30	1E-10	1E10	1E-30	1E-10	1E10	1E-30	1E-10	2	-2	2
254	3.3E-11	1E10	1E10	1E-30	6.82445609915315E-11	1E10	1E-30	1E10	3.55240503401063E-02	1E-30	6.25923429228428E-12	9.40566228019587E-02	8.01988674024786E-11	3.15620691072317E-11	26.1549457626598	3.07442602178044E-11	3.21346931624777E-11	38.019968744678	4.37095445924443E-11	1.11616280741365E-11	18.654551167145	6.41882327977796E-11	5.08399766622615E-12	1.86518108744427	1.27969715750843E-12	1.896412836122E-10	1E5	1E10	1E-30	1E-10	1E10	1E-30	1E-10	1E10	1E-30	1E-10	1E10	1E-30	1E-10	1E10	1E-30	1E-10	1E10	1E-30	1E-10	1E10	1E-30	1E-10	1E10	1E-30	1E-10	1E10	1E-30	1E-10	2	-5	5
255	3.59999999999999E-11	1E10	1E10	1E-30	2.10765557856318E-10	1E10	1E-30	1E10	3.96148322487288E-02	1E-30	9.17231407170094E-12	1.92096976421753E-02	8.46778642583738E-11	3.2764054294745E-11	23.1700152406485	3.85073993743355E-11	2.79135387734207E-11	26.0742507702286	7.32674851260929E-11	7.24463098049287E-12	9.34387701474157	2.63191649652521E-11	1.23730259082628E-11	23.9892913014148	2.88188671107204E-12	6.10167009353201E-11	1E5	1E10	1E-30	1E-10	1E10	1E-30	1E-10	1E10	1E-30	1E-10	1E10	1E-30	1E-10	1E10	1E-30	1E-10	1E10	1E-30	1E-10	1E10	1E-30	1E-10	1E10	1E-30	1E-10	1E10	1E-30	1E-10	2	-2	2
256	3.59999999999999E-11	1E10	1E10	1E-30	2.10765557856318E-10	1E10	1E-30	1E10	3.96148322487288E-02	1E-30	9.17231407170094E-12	1.92096976421753E-02	8.46778642583738E-11	3.2764054294745E-11	23.1700152406485	3.85073993743355E-11	2.79135387734207E-11	26.0742507702286	7.32674851260929E-11	7.24463098049287E-12	9.34387701474157	2.63191649652521E-11	1.23730259082628E-11	23.9892913014148	2.88188671107204E-12	6.10167009353201E-11	1E5	1E10	1E-30	1E-10	1E10	1E-30	1E-10	1E10	1E-30	1E-10	1E10	1E-30	1E-10	1E10	1E-30	1E-10	1E10	1E-30	1E-10	1E10	1E-30	1E-10	1E10	1E-30	1E-10	1E10	1E-30	1E-10	2	-5	5
257	3.9E-11	1E10	1E10	1E-30	1.45E-10	1E10	1E-30	1E10	0.03	1E-30	5.48149197341673E-12	3.44412298287949E-02	1.16910884086571E-10	2.55017987921055E-11	19.4476507635193	4.08792124732567E-11	2.81463274406021E-11	28.0033219645277	6.70160312404344E-11	8.43257855616679E-12	11.328310658372	1.68965804275845E-11	2.02695702453716E-11	40.0941240734244	1.66567156744221E-12	1.2118551673052E-10	1E5	1E10	1E-30	1E-10	1E10	1E-30	1E-10	1E10	1E-30	1E-10	1E10	1E-30	1E-10	1E10	1E-30	1E-10	1E10	1E-30	1E-10	1E10	1E-30	1E-10	1E10	1E-30	1E-10	1E10	1E-30	1E-10	2	-2	2
258	3.9E-11	1E10	1E10	1E-30	1.45E-10	1E10	1E-30	1E10	0.03	1E-30	5.48149197341673E-12	3.44412298287949E-02	1.16910884086571E-10	2.55017987921055E-11	19.4476507635193	4.08792124732567E-11	2.81463274406021E-11	28.0033219645277	6.70160312404344E-11	8.43257855616679E-12	11.328310658372	1.68965804275845E-11	2.02695702453716E-11	40.0941240734244	1.66567156744221E-12	1.2118551673052E-10	1E5	1E10	1E-30	1E-10	1E10	1E-30	1E-10	1E10	1E-30	1E-10	1E10	1E-30	1E-10	1E10	1E-30	1E-10	1E10	1E-30	1E-10	1E10	1E-30	1E-10	1E10	1E-30	1E-10	1E10	1E-30	1E-10	2	-5	5
259	4.3E-11	1E10	1E10	1E-30	1.79794724114326E-10	1E10	1E-30	1E10	0.03883364586788	1E-30	7.18341968727656E-12	1.80037949131603E-02	1.04458820578345E-10	3.15820726325344E-11	22.4290894669248	4.70845602386554E-11	2.74042106413704E-11	27.3973316385408	8.17449013413686E-11	7.70925137535355E-12	9.83774131651753	2.46092876045129E-11	1.60765904293409E-11	26.5830482514242	5.12039850219523E-12	4.95065750095211E-11	1E5	5.74172627675842E-12	4.14138717418156E-11	35.5343034707212	1E10	1E-30	1E-10	1E10	1E-30	1E-10	1E10	1E-30	1E-10	1E10	1E-30	1E-10	1E10	1E-30	1E-10	1E10	1E-30	1E-10	1E10	1E-30	1E-10	1E10	1E-30	1E-10	2	-2	2
260	4.3E-11	1E10	1E10	1E-30	1.79794724114326E-10	1E10	1E-30	1E10	0.03883364586788	1E-30	7.18341968727656E-12	1.80037949131603E-02	1.04458820578345E-10	3.15820726325344E-11	22.4290894669248	4.70845602386554E-11	2.74042106413704E-11	27.3973316385408	8.17449013413686E-11	7.70925137535355E-12	9.83774131651753	2.46092876045129E-11	1.60765904293409E-11	26.5830482514242	5.12039850219523E-12	4.95065750095211E-11	1E5	5.74172627675842E-12	4.14138717418156E-11	35.5343034707212	1E10	1E-30	1E-10	1E10	1E-30	1E-10	1E10	1E-30	1E-10	1E10	1E-30	1E-10	1E10	1E-30	1E-10	1E10	1E-30	1E-10	1E10	1E-30	1E-10	1E10	1E-30	1E-10	2	-5	5
261	4.7E-11	1E10	1E10	1E-30	8.42320341436703E-11	1E10	1E-30	1E10	0.032	1E-30	6.62390121645393E-11	13.4477026669627	1.14353651466205E-10	3.12140110856261E-11	18.5571715403006	4.95500751343703E-11	2.7852861815149E-11	23.7525549672749	1.07882556938332E-10	6.24498434978498E-12	9.4633675445642	3.06593564803871E-11	1.36026226662612E-11	25.8177560908904	2.04025209167552E-12	1.1624017623941E-10	1E5	1E10	1E-30	1E-10	1E10	1E-30	1E-10	1E10	1E-30	1E-10	1E10	1E-30	1E-10	1E10	1E-30	1E-10	1E10	1E-30	1E-10	1E10	1E-30	1E-10	1E10	1E-30	1E-10	1E10	1E-30	1E-10	2	-2	2
262	4.7E-11	1E10	1E10	1E-30	8.42320341436703E-11	1E10	1E-30	1E10	0.032	1E-30	6.62390121645393E-11	13.4477026669627	1.14353651466205E-10	3.12140110856261E-11	18.5571715403006	4.95500751343703E-11	2.7852861815149E-11	23.7525549672749	1.07882556938332E-10	6.24498434978498E-12	9.4633675445642	3.06593564803871E-11	1.36026226662612E-11	25.8177560908904	2.04025209167552E-12	1.1624017623941E-10	1E5	1E10	1E-30	1E-10	1E10	1E-30	1E-10	1E10	1E-30	1E-10	1E10	1E-30	1E-10	1E10	1E-30	1E-10	1E10	1E-30	1E-10	1E10	1E-30	1E-10	1E10	1E-30	1E-10	1E10	1E-30	1E-10	2	-5	5
263	5.1E-11	1E10	1E10	1E-30	2.70197352467286E-10	1E10	1E-30	1E10	4.83334937288965E-02	1.03762518721931E-10	3.81134086925595E-11	23.3461117326852	5.91220061514525E-11	2.58048240589757E-11	23.5092203877747	1.07783687746869E-10	6.83162108926734E-12	8.00570030449547	5.44436035328262E-11	8.28818306399824E-12	14.7921120165776	1E10	1E-30	1E-10	1E10	1E-30	1E-10	1E10	1E-30	1E-10	1E10	1E-30	1E-10	1E10	1E-30	1E-10	1E10	1E-30	1E-10	1E10	1E-30	1E-10	1E10	1E-30	1E-10	1E10	1E-30	1E-10	1E10	1E-30	1E-10	1E10	1E-30	1E-10	2	-1	1
264	5.1E-11	1E10	1E10	1E-30	2.70197352467286E-10	1E10	1E-30	1E10	4.83334937288965E-02	1.03762518721931E-10	3.81134086925595E-11	23.3461117326852	5.91220061514525E-11	2.58048240589757E-11	23.5092203877747	1.07783687746869E-10	6.83162108926734E-12	8.00570030449547	5.44436035328262E-11	8.28818306399824E-12	14.7921120165776	1E10	1E-30	1E-10	1E10	1E-30	1E-10	1E10	1E-30	1E-10	1E10	1E-30	1E-10	1E10	1E-30	1E-10	1E10	1E-30	1E-10	1E10	1E-30	1E-10	1E10	1E-30	1E-10	1E10	1E-30	1E-10	1E10	1E-30	1E-10	1E10	1E-30	1E-10	2	-2	2
265	5.1E-11	1E10	1E10	1E-30	2.70197352467286E-10	1E10	1E-30	1E10	4.83334937288965E-02	1.03762518721931E-10	3.81134086925595E-11	23.3461117326852	5.91220061514525E-11	2.58048240589757E-11	23.5092203877747	1.07783687746869E-10	6.83162108926734E-12	8.00570030449547	5.44436035328262E-11	8.28818306399824E-12	14.7921120165776	1E10	1E-30	1E-10	1E10	1E-30	1E-10	1E10	1E-30	1E-10	1E10	1E-30	1E-10	1E10	1E-30	1E-10	1E10	1E-30	1E-10	1E10	1E-30	1E-10	1E10	1E-30	1E-10	1E10	1E-30	1E-10	1E10	1E-30	1E-10	1E10	1E-30	1E-10	2	-5	5
266	5.6E-11	1E10	1E10	1E-30	8.63624090601271E-14	1E10	1E-30	1E10	5.38557884052306E-02	1.35077031304501E-10	3.1265992092995E-11	16.7723131455249	5.57893922240385E-11	2.94452156512267E-11	23.3953121290508	9.390429730913E-11	8.48087962647358E-12	9.52899608680232	3.30600681150751E-11	1.48254864203031E-11	21.1965129752287	6.0492279838759E-13	2.53691976696508E-10	77624711.662869	1E10	1E-30	1E-10	1E10	1E-30	1E-10	1E10	1E-30	1E-10	1E10	1E-30	1E-10	1E10	1E-30	1E-10	1E10	1E-30	1E-10	1E10	1E-30	1E-10	1E10	1E-30	1E-10	1E10	1E-30	1E-10	1E10	1E-30	1E-10	2	-1	1
267	5.6E-11	1E10	1E10	1E-30	8.63624090601271E-14	1E10	1E-30	1E10	5.38557884052306E-02	1.35077031304501E-10	3.1265992092995E-11	16.7723131455249	5.57893922240385E-11	2.94452156512267E-11	23.3953121290508	9.390429730913E-11	8.48087962647358E-12	9.52899608680232	3.30600681150751E-11	1.48254864203031E-11	21.1965129752287	6.0492279838759E-13	2.53691976696508E-10	77624711.662869	1E10	1E-30	1E-10	1E10	1E-30	1E-10	1E10	1E-30	1E-10	1E10	1E-30	1E-10	1E10	1E-30	1E-10	1E10	1E-30	1E-10	1E10	1E-30	1E-10	1E10	1E-30	1E-10	1E10	1E-30	1E-10	1E10	1E-30	1E-10	2	-2	2
268	5.6E-11	1E10	1E10	1E-30	8.63624090601271E-14	1E10	1E-30	1E10	5.38557884052306E-02	1.35077031304501E-10	3.1265992092995E-11	16.7723131455249	5.57893922240385E-11	2.94452156512267E-11	23.3953121290508	9.390429730913E-11	8.48087962647358E-12	9.52899608680232	3.30600681150751E-11	1.48254864203031E-11	21.1965129752287	6.0492279838759E-13	2.53691976696508E-10	77624711.662869	1E10	1E-30	1E-10	1E10	1E-30	1E-10	1E10	1E-30	1E-10	1E10	1E-30	1E-10	1E10	1E-30	1E-10	1E10	1E-30	1E-10	1E10	1E-30	1E-10	1E10	1E-30	1E-10	1E10	1E-30	1E-10	1E10	1E-30	1E-10	2	-5	5
269	6.19999999999999E-11	1E10	1E10	1E-30	2.83255577031893E-10	1E10	1E-30	1E10	4.60781599822753E-02	1.56476134022445E-10	3.03931860020588E-11	17.0946481986938	6.90211102025732E-11	2.63255801294536E-11	17.2572037272131	1.30986595866223E-10	6.79296642935067E-12	6.38030519274485	6.91940581285033E-11	7.76051831250234E-12	9.12780254686912	8.56788981182891E-11	4.18513456104282E-12	4.32435967769937	1E10	1E-30	1E-10	1E10	1E-30	1E-10	1E10	1E-30	1E-10	1E10	1E-30	1E-10	1E10	1E-30	1E-10	1E10	1E-30	1E-10	1E10	1E-30	1E-10	1E10	1E-30	1E-10	1E10	1E-30	1E-10	1E10	1E-30	1E-10	2	-1	1
270	6.19999999999999E-11	1E10	1E10	1E-30	2.83255577031893E-10	1E10	1E-30	1E10	4.60781599822753E-02	1.56476134022445E-10	3.03931860020588E-11	17.0946481986938	6.90211102025732E-11	2.63255801294536E-11	17.2572037272131	1.30986595866223E-10	6.79296642935067E-12	6.38030519274485	6.91940581285033E-11	7.76051831250234E-12	9.12780254686912	8.56788981182891E-11	4.18513456104282E-12	4.32435967769937	1E10	1E-30	1E-10	1E10	1E-30	1E-10	1E10	1E-30	1E-10	1E10	1E-30	1E-10	1E10	1E-30	1E-10	1E10	1E-30	1E-10	1E10	1E-30	1E-10	1E10	1E-30	1E-10	1E10	1E-30	1E-10	1E10	1E-30	1E-10	2	-2	2
271	6.19999999999999E-11	1E10	1E10	1E-30	2.83255577031893E-10	1E10	1E-30	1E10	4.60781599822753E-02	1.56476134022445E-10	3.03931860020588E-11	17.0946481986938	6.90211102025732E-11	2.63255801294536E-11	17.2572037272131	1.30986595866223E-10	6.79296642935067E-12	6.38030519274485	6.91940581285033E-11	7.76051831250234E-12	9.12780254686912	8.56788981182891E-11	4.18513456104282E-12	4.32435967769937	1E10	1E-30	1E-10	1E10	1E-30	1E-10	1E10	1E-30	1E-10	1E10	1E-30	1E-10	1E10	1E-30	1E-10	1E10	1E-30	1E-10	1E10	1E-30	1E-10	1E10	1E-30	1E-10	1E10	1E-30	1E-10	1E10	1E-30	1E-10	2	-5	5
272	6.79999999999999E-11	1E10	1E10	1E-30	1.22437390041049E-10	1E10	1E-30	1E10	5.19999999999999E-02	1.6747590007534E-10	3.04186502000663E-11	13.9770812202326	7.06664390890975E-11	2.76647753020085E-11	17.8831561021417	1.14224672580196E-10	8.25678421734446E-12	5.89948782964923	4.78150168031471E-11	1.21095358788905E-11	12.0643494932299	9.95865316993031E-11	3.83279242891104E-12	5.27184365336448	1.35910462409781E-12	1.57342419127204E-10	158489319.246111	1E10	1E-30	1E-10	1E10	1E-30	1E-10	1E10	1E-30	1E-10	1E10	1E-30	1E-10	1E10	1E-30	1E-10	1E10	1E-30	1E-10	1E10	1E-30	1E-10	1E10	1E-30	1E-10	1E10	1E-30	1E-10	2	-1	1
273	6.79999999999999E-11	1E10	1E10	1E-30	1.22437390041049E-10	1E10	1E-30	1E10	5.19999999999999E-02	1.6747590007534E-10	3.04186502000663E-11	13.9770812202326	7.06664390890975E-11	2.76647753020085E-11	17.8831561021417	1.14224672580196E-10	8.25678421734446E-12	5.89948782964923	4.78150168031471E-11	1.21095358788905E-11	12.0643494932299	9.95865316993031E-11	3.83279242891104E-12	5.27184365336448	1.35910462409781E-12	1.57342419127204E-10	158489319.246111	1E10	1E-30	1E-10	1E10	1E-30	1E-10	1E10	1E-30	1E-10	1E10	1E-30	1E-10	1E10	1E-30	1E-10	1E10	1E-30	1E-10	1E10	1E-30	1E-10	1E10	1E-30	1E-10	1E10	1E-30	1E-10	2	-2	2
274	6.79999999999999E-11	1E10	1E10	1E-30	1.22437390041049E-10	1E10	1E-30	1E10	5.19999999999999E-02	1.6747590007534E-10	3.04186502000663E-11	13.9770812202326	7.06664390890975E-11	2.76647753020085E-11	17.8831561021417	1.14224672580196E-10	8.25678421734446E-12	5.89948782964923	4.78150168031471E-11	1.21095358788905E-11	12.0643494932299	9.95865316993031E-11	3.83279242891104E-12	5.27184365336448	1.35910462409781E-12	1.57342419127204E-10	158489319.246111	1E10	1E-30	1E-10	1E10	1E-30	1E-10	1E10	1E-30	1E-10	1E10	1E-30	1E-10	1E10	1E-30	1E-10	1E10	1E-30	1E-10	1E10	1E-30	1E-10	1E10	1E-30	1E-10	1E10	1E-30	1E-10	2	-5	5
275	7.5E-11	1E10	1E10	1E-30	2.79082337683075E-10	1E10	1E-30	1E10	4.30848636006089E-02	1.62806185603503E-10	3.58179730526284E-11	16.2716517638728	8.38358641610735E-11	2.5730090959243E-11	17.3649991942235	1.60418028564773E-10	6.5336181434318E-12	5.36883970924078	7.78361996435171E-11	8.22004358452067E-12	9.23722693840021	1.23230280214225E-10	3.44677468700602E-12	3.9394747100382	1E10	1E-30	1E-10	1E10	1E-30	1E-10	1E10	1E-30	1E-10	1E10	1E-30	1E-10	1E10	1E-30	1E-10	1E10	1E-30	1E-10	1E10	1E-30	1E-10	1E10	1E-30	1E-10	1E10	1E-30	1E-10	1E10	1E-30	1E-10	2	-2	2
276	7.5E-11	1E10	1E10	1E-30	2.79082337683075E-10	1E10	1E-30	1E10	4.30848636006089E-02	1.62806185603503E-10	3.58179730526284E-11	16.2716517638728	8.38358641610735E-11	2.5730090959243E-11	17.3649991942235	1.60418028564773E-10	6.5336181434318E-12	5.36883970924078	7.78361996435171E-11	8.22004358452067E-12	9.23722693840021	1.23230280214225E-10	3.44677468700602E-12	3.9394747100382	1E10	1E-30	1E-10	1E10	1E-30	1E-10	1E10	1E-30	1E-10	1E10	1E-30	1E-10	1E10	1E-30	1E-10	1E10	1E-30	1E-10	1E10	1E-30	1E-10	1E10	1E-30	1E-10	1E10	1E-30	1E-10	1E10	1E-30	1E-10	2	-5	5
277	8.2E-11	1E10	1E10	1E-30	2.75454294662063E-10	1E10	1E-30	1E10	4.78071147513326E-02	2.12843134695854E-10	2.81390658811182E-11	13.6852806837748	9.45047675935361E-11	2.42652568220779E-11	14.1659722957317	2.15598977577468E-10	5.1153931948327E-12	4.42500419637855	1.07828975935061E-10	6.23607997410518E-12	7.29935374205109	2.29120460799836E-10	1.93612863309018E-12	2.7824086575356	6.60790626957613E-11	4.86333524311643E-12	11.3349841187142	1E10	1E-30	1E-10	1E10	1E-30	1E-10	1E10	1E-30	1E-10	1E10	1E-30	1E-10	1E10	1E-30	1E-10	1E10	1E-30	1E-10	1E10	1E-30	1E-10	1E10	1E-30	1E-10	1E10	1E-30	1E-10	2	-1	1
278	8.2E-11	1E10	1E10	1E-30	2.75454294662063E-10	1E10	1E-30	1E10	4.78071147513326E-02	2.12843134695854E-10	2.81390658811182E-11	13.6852806837748	9.45047675935361E-11	2.42652568220779E-11	14.1659722957317	2.15598977577468E-10	5.1153931948327E-12	4.42500419637855	1.07828975935061E-10	6.23607997410518E-12	7.29935374205109	2.29120460799836E-10	1.93612863309018E-12	2.7824086575356	6.60790626957613E-11	4.86333524311643E-12	11.3349841187142	1E10	1E-30	1E-10	1E10	1E-30	1E-10	1E10	1E-30	1E-10	1E10	1E-30	1E-10	1E10	1E-30	1E-10	1E10	1E-30	1E-10	1E10	1E-30	1E-10	1E10	1E-30	1E-10	1E10	1E-30	1E-10	2	-2	2
279	8.2E-11	1E10	1E10	1E-30	2.75454294662063E-10	1E10	1E-30	1E10	4.78071147513326E-02	2.12843134695854E-10	2.81390658811182E-11	13.6852806837748	9.45047675935361E-11	2.42652568220779E-11	14.1659722957317	2.15598977577468E-10	5.1153931948327E-12	4.42500419637855	1.07828975935061E-10	6.23607997410518E-12	7.29935374205109	2.29120460799836E-10	1.93612863309018E-12	2.7824086575356	6.60790626957613E-11	4.86333524311643E-12	11.3349841187142	1E10	1E-30	1E-10	1E10	1E-30	1E-10	1E10	1E-30	1E-10	1E10	1E-30	1E-10	1E10	1E-30	1E-10	1E10	1E-30	1E-10	1E10	1E-30	1E-10	1E10	1E-30	1E-10	1E10	1E-30	1E-10	2	-5	5
280	9.1E-11	1E10	1E10	1E-30	2.63269111959701E-10	1E10	1E-30	1E10	3.64748732746404E-02	1.93263398350359E-10	3.70646434748099E-11	14.9053900993813	1.05131952099671E-10	2.51209277203358E-11	14.5735546458463	1.89909091802598E-10	6.8674842205003E-12	5.09042994948891	8.53727823513439E-11	8.97991866062292E-12	8.4068428886801	1.25252520132486E-10	4.08856545457553E-12	4.14330725067664	5.07832061840742E-11	7.08733505209736E-12	8.72581862497763	1E10	1E-30	1E-10	1E10	1E-30	1E-10	1E10	1E-30	1E-10	1E10	1E-30	1E-10	1E10	1E-30	1E-10	1E10	1E-30	1E-10	1E10	1E-30	1E-10	1E10	1E-30	1E-10	1E10	1E-30	1E-10	2	-1	1
281	9.1E-11	1E10	1E10	1E-30	2.63269111959701E-10	1E10	1E-30	1E10	3.64748732746404E-02	1.93263398350359E-10	3.70646434748099E-11	14.9053900993813	1.05131952099671E-10	2.51209277203358E-11	14.5735546458463	1.89909091802598E-10	6.8674842205003E-12	5.09042994948891	8.53727823513439E-11	8.97991866062292E-12	8.4068428886801	1.25252520132486E-10	4.08856545457553E-12	4.14330725067664	5.07832061840742E-11	7.08733505209736E-12	8.72581862497763	1E10	1E-30	1E-10	1E10	1E-30	1E-10	1E10	1E-30	1E-10	1E10	1E-30	1E-10	1E10	1E-30	1E-10	1E10	1E-30	1E-10	1E10	1E-30	1E-10	1E10	1E-30	1E-10	1E10	1E-30	1E-10	2	-2	2
282	9.1E-11	1E10	1E10	1E-30	2.63269111959701E-10	1E10	1E-30	1E10	3.64748732746404E-02	1.93263398350359E-10	3.70646434748099E-11	14.9053900993813	1.05131952099671E-10	2.51209277203358E-11	14.5735546458463	1.89909091802598E-10	6.8674842205003E-12	5.09042994948891	8.53727823513439E-11	8.97991866062292E-12	8.4068428886801	1.25252520132486E-10	4.08856545457553E-12	4.14330725067664	5.07832061840742E-11	7.08733505209736E-12	8.72581862497763	1E10	1E-30	1E-10	1E10	1E-30	1E-10	1E10	1E-30	1E-10	1E10	1E-30	1E-10	1E10	1E-30	1E-10	1E10	1E-30	1E-10	1E10	1E-30	1E-10	1E10	1E-30	1E-10	1E10	1E-30	1E-10	2	-5	5
283	1E-10	1E10	1E10	1E-30	1.26967917919967E-10	1E10	1E-30	1E10	0.047	1.94213613174837E-12	1.27867573419754E-10	1E10	2.08146167822233E-10	3.55572681546914E-11	12.6396713311491	1.02631315403849E-10	2.71509940850192E-11	13.9679074373804	2.01711244644145E-10	6.7601388119542E-12	4.88520206676484	7.45595924440882E-11	1.10492712915751E-11	8.79687609887699	1.26531482452618E-10	4.26638971775817E-12	4.01108078679304	4.32876410316592E-11	8.91879755311637E-12	10.0982560144882	1E10	1E-30	1E-10	1E10	1E-30	1E-10	1E10	1E-30	1E-10	1E10	1E-30	1E-10	1E10	1E-30	1E-10	1E10	1E-30	1E-10	1E10	1E-30	1E-10	1E10	1E-30	1E-10	2	-1	1
284	1E-10	1E10	1E10	1E-30	1.26967917919967E-10	1E10	1E-30	1E10	0.047	1.94213613174837E-12	1.27867573419754E-10	1E10	2.08146167822233E-10	3.55572681546914E-11	12.6396713311491	1.02631315403849E-10	2.71509940850192E-11	13.9679074373804	2.01711244644145E-10	6.7601388119542E-12	4.88520206676484	7.45595924440882E-11	1.10492712915751E-11	8.79687609887699	1.26531482452618E-10	4.26638971775817E-12	4.01108078679304	4.32876410316592E-11	8.91879755311637E-12	10.0982560144882	1E10	1E-30	1E-10	1E10	1E-30	1E-10	1E10	1E-30	1E-10	1E10	1E-30	1E-10	1E10	1E-30	1E-10	1E10	1E-30	1E-10	1E10	1E-30	1E-10	1E10	1E-30	1E-10	2	-2	2
285	1E-10	1E10	1E10	1E-30	1.26967917919967E-10	1E10	1E-30	1E10	0.047	1.94213613174837E-12	1.27867573419754E-10	1E10	2.08146167822233E-10	3.55572681546914E-11	12.6396713311491	1.02631315403849E-10	2.71509940850192E-11	13.9679074373804	2.01711244644145E-10	6.7601388119542E-12	4.88520206676484	7.45595924440882E-11	1.10492712915751E-11	8.79687609887699	1.26531482452618E-10	4.26638971775817E-12	4.01108078679304	4.32876410316592E-11	8.91879755311637E-12	10.0982560144882	1E10	1E-30	1E-10	1E10	1E-30	1E-10	1E10	1E-30	1E-10	1E10	1E-30	1E-10	1E10	1E-30	1E-10	1E10	1E-30	1E-10	1E10	1E-30	1E-10	1E10	1E-30	1E-10	2	-5	5
END DSCRDATA
