BEGIN DSCRDATA
% INDEX	K01	L01	M01	K02	L02	M02	K03	L03	M03	K04	L04	M04	K05	L05	M05	K06	L06	M06	K07	L07	M07	K08	L08	M08	K09	L09	M09	K10	L10	M10	K11	L11	M11	K12	L12	M12	K13	L13	M13	K14	L14	M14	K15	L15	M15	K16	L16	M16	K17	L17	M17	K18	L18	M18
0	0	0	0	0	0	0	0	0	0	0	0	0	0	0	0	0	0	0	0	0	0	0	0	0	0	0	0	0	0	0	0	0	0	0	0	0	0	0	0	0	0	0	0	0	0	0	0	0	0	0	0	0	0	0
1	9.99999999999999E-13	1E10	1E11	1E-30	1.34205949620856E-10	1E10	1E-30	1E10	0.732997307915999	1.25654573927569E-12	5.19318997804592E-11	31.1278243187015	1.19752098878993E-13	2.64646748428315E-10	1E8	1E10	1E-30	1E-10	1E10	1E-30	1E-10	1E10	1E-30	1E-10	1E10	1E-30	1E-10	1E10	1E-30	1E-10	1E10	1E-30	1E-10	1E10	1E-30	1E-10	1E10	1E-30	1E-10	1E10	1E-30	1E-10	1E10	1E-30	1E-10	1E10	1E-30	1E-10	1E10	1E-30	1E-10	1E10	1E-30	1E-10
2	9.99999999999999E-13	1E10	1E11	1E-30	1.34205949620856E-10	1E10	1E-30	1E10	0.732997307915999	1.25654573927569E-12	5.19318997804592E-11	31.1278243187015	1.19752098878993E-13	2.64646748428315E-10	1E8	1E10	1E-30	1E-10	1E10	1E-30	1E-10	1E10	1E-30	1E-10	1E10	1E-30	1E-10	1E10	1E-30	1E-10	1E10	1E-30	1E-10	1E10	1E-30	1E-10	1E10	1E-30	1E-10	1E10	1E-30	1E-10	1E10	1E-30	1E-10	1E10	1E-30	1E-10	1E10	1E-30	1E-10	1E10	1E-30	1E-10
3	2E-12	1E10	1E11	1E-30	3.26248107369848E-10	1E10	1E-30	1E10	0.37	4.14018744277087E-11	9.5619543464907E-12	0.676533029432284	2.06336477427178E-11	1.39766411925085E-11	1E5	1E10	1E-30	1E-10	1E10	1E-30	1E-10	1E10	1E-30	1E-10	1E10	1E-30	1E-10	1E10	1E-30	1E-10	1E10	1E-30	1E-10	1E10	1E-30	1E-10	1E10	1E-30	1E-10	1E10	1E-30	1E-10	1E10	1E-30	1E-10	1E10	1E-30	1E-10	1E10	1E-30	1E-10	1E10	1E-30	1E-10
4	2E-12	1E10	1E11	1E-30	3.26248107369848E-10	1E10	1E-30	1E10	0.37	4.14018744277087E-11	9.5619543464907E-12	0.676533029432284	2.06336477427178E-11	1.39766411925085E-11	1E5	1E10	1E-30	1E-10	1E10	1E-30	1E-10	1E10	1E-30	1E-10	1E10	1E-30	1E-10	1E10	1E-30	1E-10	1E10	1E-30	1E-10	1E10	1E-30	1E-10	1E10	1E-30	1E-10	1E10	1E-30	1E-10	1E10	1E-30	1E-10	1E10	1E-30	1E-10	1E10	1E-30	1E-10	1E10	1E-30	1E-10
5	3E-12	1E10	1E11	1E-30	2.32283530029867E-10	1E10	1E-30	1E10	0.28	1.04895767973676E-11	2.61363235210109E-11	3.04109161369941	3.66261788267133E-12	6.8962493844455E-11	1E5	1E10	1E-30	1E-10	1E10	1E-30	1E-10	1E10	1E-30	1E-10	1E10	1E-30	1E-10	1E10	1E-30	1E-10	1E10	1E-30	1E-10	1E10	1E-30	1E-10	1E10	1E-30	1E-10	1E10	1E-30	1E-10	1E10	1E-30	1E-10	1E10	1E-30	1E-10	1E10	1E-30	1E-10	1E10	1E-30	1E-10
6	3E-12	1E10	1E11	1E-30	2.32283530029867E-10	1E10	1E-30	1E10	0.28	1.04895767973676E-11	2.61363235210109E-11	3.04109161369941	3.66261788267133E-12	6.8962493844455E-11	1E5	1E10	1E-30	1E-10	1E10	1E-30	1E-10	1E10	1E-30	1E-10	1E10	1E-30	1E-10	1E10	1E-30	1E-10	1E10	1E-30	1E-10	1E10	1E-30	1E-10	1E10	1E-30	1E-10	1E10	1E-30	1E-10	1E10	1E-30	1E-10	1E10	1E-30	1E-10	1E10	1E-30	1E-10	1E10	1E-30	1E-10
7	4E-12	1E10	1E11	1E-30	1.77665137291681E-10	1E10	1E-30	1E10	0.23	1.88777271751339E-12	1.39102464104338E-10	59.9690116175092	1E10	1E-30	1E-10	1E10	1E-30	1E-10	1E10	1E-30	1E-10	1E10	1E-30	1E-10	1E10	1E-30	1E-10	1E10	1E-30	1E-10	1E10	1E-30	1E-10	1E10	1E-30	1E-10	1E10	1E-30	1E-10	1E10	1E-30	1E-10	1E10	1E-30	1E-10	1E10	1E-30	1E-10	1E10	1E-30	1E-10	1E10	1E-30	1E-10
8	4E-12	1E10	1E11	1E-30	1.77665137291681E-10	1E10	1E-30	1E10	0.23	1.88777271751339E-12	1.39102464104338E-10	59.9690116175092	1E10	1E-30	1E-10	1E10	1E-30	1E-10	1E10	1E-30	1E-10	1E10	1E-30	1E-10	1E10	1E-30	1E-10	1E10	1E-30	1E-10	1E10	1E-30	1E-10	1E10	1E-30	1E-10	1E10	1E-30	1E-10	1E10	1E-30	1E-10	1E10	1E-30	1E-10	1E10	1E-30	1E-10	1E10	1E-30	1E-10	1E10	1E-30	1E-10
9	5E-12	1E10	1E11	1E-30	2.95086390595397E-10	1E10	1E-30	1E10	0.209999999999999	1E-30	2.0392065739932E-11	0.560231947856481	1.54811998316578E-11	2.64656305907231E-11	9.583713814167	1E10	1E-30	1E-10	1E10	1E-30	1E-10	1E10	1E-30	1E-10	1E10	1E-30	1E-10	1E10	1E-30	1E-10	1E10	1E-30	1E-10	1E10	1E-30	1E-10	1E10	1E-30	1E-10	1E10	1E-30	1E-10	1E10	1E-30	1E-10	1E10	1E-30	1E-10	1E10	1E-30	1E-10	1E10	1E-30	1E-10
10	5E-12	1E10	1E11	1E-30	2.95086390595397E-10	1E10	1E-30	1E10	0.209999999999999	1E-30	2.0392065739932E-11	0.560231947856481	1.54811998316578E-11	2.64656305907231E-11	9.583713814167	1E10	1E-30	1E-10	1E10	1E-30	1E-10	1E10	1E-30	1E-10	1E10	1E-30	1E-10	1E10	1E-30	1E-10	1E10	1E-30	1E-10	1E10	1E-30	1E-10	1E10	1E-30	1E-10	1E10	1E-30	1E-10	1E10	1E-30	1E-10	1E10	1E-30	1E-10	1E10	1E-30	1E-10	1E10	1E-30	1E-10
11	6E-12	1E10	1E11	1E-30	2.18557826012455E-10	1E10	1E-30	1E10	0.21	1E-30	1.57221387636403E-11	0.340073623285689	2.18146954417122E-11	1.95698090719978E-11	3.23720491516662	3.96234482124568E-12	6.85794837938725E-11	1E5	1E10	1E-30	1E-10	1E10	1E-30	1E-10	1E10	1E-30	1E-10	1E10	1E-30	1E-10	1E10	1E-30	1E-10	1E10	1E-30	1E-10	1E10	1E-30	1E-10	1E10	1E-30	1E-10	1E10	1E-30	1E-10	1E10	1E-30	1E-10	1E10	1E-30	1E-10	1E10	1E-30	1E-10
12	6E-12	1E10	1E11	1E-30	2.18557826012455E-10	1E10	1E-30	1E10	0.21	1E-30	1.57221387636403E-11	0.340073623285689	2.18146954417122E-11	1.95698090719978E-11	3.23720491516662	3.96234482124568E-12	6.85794837938725E-11	1E5	1E10	1E-30	1E-10	1E10	1E-30	1E-10	1E10	1E-30	1E-10	1E10	1E-30	1E-10	1E10	1E-30	1E-10	1E10	1E-30	1E-10	1E10	1E-30	1E-10	1E10	1E-30	1E-10	1E10	1E-30	1E-10	1E10	1E-30	1E-10	1E10	1E-30	1E-10	1E10	1E-30	1E-10
13	7E-12	1E10	1E11	1E-30	2.23270492949796E-10	1E10	1E-30	1E10	0.2	1E-30	2.28527932847981E-11	0.33878705600239	1.2666239455928E-10	4.41128942258915E-12	1.11955359076678	7.0523740254086E-11	4.99583918575789E-12	1.60831606562907	3.34233770598479E-12	7.34392951097887E-11	1E5	1E10	1E-30	1E-10	1E10	1E-30	1E-10	1E10	1E-30	1E-10	1E10	1E-30	1E-10	1E10	1E-30	1E-10	1E10	1E-30	1E-10	1E10	1E-30	1E-10	1E10	1E-30	1E-10	1E10	1E-30	1E-10	1E10	1E-30	1E-10	1E10	1E-30	1E-10
14	7E-12	1E10	1E11	1E-30	2.23270492949796E-10	1E10	1E-30	1E10	0.2	1E-30	2.28527932847981E-11	0.33878705600239	1.2666239455928E-10	4.41128942258915E-12	1.11955359076678	7.0523740254086E-11	4.99583918575789E-12	1.60831606562907	3.34233770598479E-12	7.34392951097887E-11	1E5	1E10	1E-30	1E-10	1E10	1E-30	1E-10	1E10	1E-30	1E-10	1E10	1E-30	1E-10	1E10	1E-30	1E-10	1E10	1E-30	1E-10	1E10	1E-30	1E-10	1E10	1E-30	1E-10	1E10	1E-30	1E-10	1E10	1E-30	1E-10	1E10	1E-30	1E-10
15	8E-12	1E10	1E11	1E-30	2.60111588954089E-10	1E10	1E-30	1E10	0.196	1E-30	2.21335580345526E-11	0.341526394963604	1.93317320781113E-10	3.33464858609283E-12	0.628057576528195	3.92780617794383E-11	8.73665950776674E-12	1.60631207279404	7.98363604483222E-12	3.44967433686618E-11	1E5	1E10	1E-30	1E-10	1E10	1E-30	1E-10	1E10	1E-30	1E-10	1E10	1E-30	1E-10	1E10	1E-30	1E-10	1E10	1E-30	1E-10	1E10	1E-30	1E-10	1E10	1E-30	1E-10	1E10	1E-30	1E-10	1E10	1E-30	1E-10	1E10	1E-30	1E-10
16	8E-12	1E10	1E11	1E-30	2.60111588954089E-10	1E10	1E-30	1E10	0.196	1E-30	2.21335580345526E-11	0.341526394963604	1.93317320781113E-10	3.33464858609283E-12	0.628057576528195	3.92780617794383E-11	8.73665950776674E-12	1.60631207279404	7.98363604483222E-12	3.44967433686618E-11	1E5	1E10	1E-30	1E-10	1E10	1E-30	1E-10	1E10	1E-30	1E-10	1E10	1E-30	1E-10	1E10	1E-30	1E-10	1E10	1E-30	1E-10	1E10	1E-30	1E-10	1E10	1E-30	1E-10	1E10	1E-30	1E-10	1E10	1E-30	1E-10	1E10	1E-30	1E-10
17	9E-12	1E10	1E11	1E-30	1.74699419346262E-10	1E10	1E-30	1E10	0.19	1E-30	9.15600048997576E-12	0.157093614661011	1.85661817911653E-11	3.75436893027156E-11	8.66178938337006	3.35797145609078E-12	8.36085958933029E-11	43.2146972483404	1E10	1E-30	1E-10	1E10	1E-30	1E-10	1E10	1E-30	1E-10	1E10	1E-30	1E-10	1E10	1E-30	1E-10	1E10	1E-30	1E-10	1E10	1E-30	1E-10	1E10	1E-30	1E-10	1E10	1E-30	1E-10	1E10	1E-30	1E-10	1E10	1E-30	1E-10	1E10	1E-30	1E-10
18	9E-12	1E10	1E11	1E-30	1.74699419346262E-10	1E10	1E-30	1E10	0.19	1E-30	9.15600048997576E-12	0.157093614661011	1.85661817911653E-11	3.75436893027156E-11	8.66178938337006	3.35797145609078E-12	8.36085958933029E-11	43.2146972483404	1E10	1E-30	1E-10	1E10	1E-30	1E-10	1E10	1E-30	1E-10	1E10	1E-30	1E-10	1E10	1E-30	1E-10	1E10	1E-30	1E-10	1E10	1E-30	1E-10	1E10	1E-30	1E-10	1E10	1E-30	1E-10	1E10	1E-30	1E-10	1E10	1E-30	1E-10	1E10	1E-30	1E-10
19	1E-11	1E10	1E11	1E-30	5.80855417603146E-11	1E10	1E-30	1E10	0.14	1E-30	2.26071010818155E-11	0.235450367966954	2.75921408605025E-11	2.92008961098315E-11	7.27692680382661	1.05932024753895E-11	3.15090578942881E-11	5.68412243335994	9.27915843682595E-13	2.12584453693624E-10	1E5	1E10	1E-30	1E-10	1E10	1E-30	1E-10	1E10	1E-30	1E-10	1E10	1E-30	1E-10	1E10	1E-30	1E-10	1E10	1E-30	1E-10	1E10	1E-30	1E-10	1E10	1E-30	1E-10	1E10	1E-30	1E-10	1E10	1E-30	1E-10	1E10	1E-30	1E-10
20	1E-11	1E10	1E11	1E-30	5.80855417603146E-11	1E10	1E-30	1E10	0.14	1E-30	2.26071010818155E-11	0.235450367966954	2.75921408605025E-11	2.92008961098315E-11	7.27692680382661	1.05932024753895E-11	3.15090578942881E-11	5.68412243335994	9.27915843682595E-13	2.12584453693624E-10	1E5	1E10	1E-30	1E-10	1E10	1E-30	1E-10	1E10	1E-30	1E-10	1E10	1E-30	1E-10	1E10	1E-30	1E-10	1E10	1E-30	1E-10	1E10	1E-30	1E-10	1E10	1E-30	1E-10	1E10	1E-30	1E-10	1E10	1E-30	1E-10	1E10	1E-30	1E-10
21	1E-11	1E10	1E11	1E-30	5.80855417603146E-11	1E10	1E-30	1E10	0.14	1E-30	2.26071010818155E-11	0.235450367966954	2.75921408605025E-11	2.92008961098315E-11	7.27692680382661	1.05932024753895E-11	3.15090578942881E-11	5.68412243335994	9.27915843682595E-13	2.12584453693624E-10	1E5	1E10	1E-30	1E-10	1E10	1E-30	1E-10	1E10	1E-30	1E-10	1E10	1E-30	1E-10	1E10	1E-30	1E-10	1E10	1E-30	1E-10	1E10	1E-30	1E-10	1E10	1E-30	1E-10	1E10	1E-30	1E-10	1E10	1E-30	1E-10	1E10	1E-30	1E-10
22	1.2E-11	1E10	1E11	1E-30	8.99638523969102E-11	1E10	1E-30	1E10	0.12	1E-30	2.39884164711268E-11	0.246633769287623	8.69064460927961E-11	1.21353823205087E-11	2.88158324975584	1.15501598988724E-11	2.90883957549496E-11	5.23880381443447	1.1001476214228E-12	1.75222199427837E-10	1E5	1E10	1E-30	1E-10	1E10	1E-30	1E-10	1E10	1E-30	1E-10	1E10	1E-30	1E-10	1E10	1E-30	1E-10	1E10	1E-30	1E-10	1E10	1E-30	1E-10	1E10	1E-30	1E-10	1E10	1E-30	1E-10	1E10	1E-30	1E-10	1E10	1E-30	1E-10
23	1.2E-11	1E10	1E11	1E-30	8.99638523969102E-11	1E10	1E-30	1E10	0.12	1E-30	2.39884164711268E-11	0.246633769287623	8.69064460927961E-11	1.21353823205087E-11	2.88158324975584	1.15501598988724E-11	2.90883957549496E-11	5.23880381443447	1.1001476214228E-12	1.75222199427837E-10	1E5	1E10	1E-30	1E-10	1E10	1E-30	1E-10	1E10	1E-30	1E-10	1E10	1E-30	1E-10	1E10	1E-30	1E-10	1E10	1E-30	1E-10	1E10	1E-30	1E-10	1E10	1E-30	1E-10	1E10	1E-30	1E-10	1E10	1E-30	1E-10	1E10	1E-30	1E-10
24	1.2E-11	1E10	1E11	1E-30	8.99638523969102E-11	1E10	1E-30	1E10	0.12	1E-30	2.39884164711268E-11	0.246633769287623	8.69064460927961E-11	1.21353823205087E-11	2.88158324975584	1.15501598988724E-11	2.90883957549496E-11	5.23880381443447	1.1001476214228E-12	1.75222199427837E-10	1E5	1E10	1E-30	1E-10	1E10	1E-30	1E-10	1E10	1E-30	1E-10	1E10	1E-30	1E-10	1E10	1E-30	1E-10	1E10	1E-30	1E-10	1E10	1E-30	1E-10	1E10	1E-30	1E-10	1E10	1E-30	1E-10	1E10	1E-30	1E-10	1E10	1E-30	1E-10
25	1.49999999999999E-11	1E10	1E11	1E-30	1.75415531769545E-10	1E10	1E-30	1E10	0.15	1E-30	2.51586736127952E-11	0.418222314603598	1.21592684127204E-10	8.83916495860993E-12	1.71309156034132	1.46815774504111E-11	2.31433066508351E-11	4.50050068435311	1.36952908889188E-12	1.50823435964885E-10	1E5	1E10	1E-30	1E-10	1E10	1E-30	1E-10	1E10	1E-30	1E-10	1E10	1E-30	1E-10	1E10	1E-30	1E-10	1E10	1E-30	1E-10	1E10	1E-30	1E-10	1E10	1E-30	1E-10	1E10	1E-30	1E-10	1E10	1E-30	1E-10	1E10	1E-30	1E-10
26	1.49999999999999E-11	1E10	1E11	1E-30	1.75415531769545E-10	1E10	1E-30	1E10	0.15	1E-30	2.51586736127952E-11	0.418222314603598	1.21592684127204E-10	8.83916495860993E-12	1.71309156034132	1.46815774504111E-11	2.31433066508351E-11	4.50050068435311	1.36952908889188E-12	1.50823435964885E-10	1E5	1E10	1E-30	1E-10	1E10	1E-30	1E-10	1E10	1E-30	1E-10	1E10	1E-30	1E-10	1E10	1E-30	1E-10	1E10	1E-30	1E-10	1E10	1E-30	1E-10	1E10	1E-30	1E-10	1E10	1E-30	1E-10	1E10	1E-30	1E-10	1E10	1E-30	1E-10
27	1.49999999999999E-11	1E10	1E11	1E-30	1.75415531769545E-10	1E10	1E-30	1E10	0.15	1E-30	2.51586736127952E-11	0.418222314603598	1.21592684127204E-10	8.83916495860993E-12	1.71309156034132	1.46815774504111E-11	2.31433066508351E-11	4.50050068435311	1.36952908889188E-12	1.50823435964885E-10	1E5	1E10	1E-30	1E-10	1E10	1E-30	1E-10	1E10	1E-30	1E-10	1E10	1E-30	1E-10	1E10	1E-30	1E-10	1E10	1E-30	1E-10	1E10	1E-30	1E-10	1E10	1E-30	1E-10	1E10	1E-30	1E-10	1E10	1E-30	1E-10	1E10	1E-30	1E-10
28	1.8E-11	1E10	1E11	1E-30	1.1859545464872E-10	1E10	1E-30	1E10	0.12	1E-30	2.40341530647185E-11	0.205387695800315	1.21065684732511E-10	1.12106022992066E-11	1.91519383044981	7.86055022832975E-12	4.31624465561146E-11	5.98649325068588	1.0223538391576E-12	1.84263306187145E-10	1169280786.78743	1E10	1E-30	1E-10	1E10	1E-30	1E-10	1E10	1E-30	1E-10	1E10	1E-30	1E-10	1E10	1E-30	1E-10	1E10	1E-30	1E-10	1E10	1E-30	1E-10	1E10	1E-30	1E-10	1E10	1E-30	1E-10	1E10	1E-30	1E-10	1E10	1E-30	1E-10
29	1.8E-11	1E10	1E11	1E-30	1.1859545464872E-10	1E10	1E-30	1E10	0.12	1E-30	2.40341530647185E-11	0.205387695800315	1.21065684732511E-10	1.12106022992066E-11	1.91519383044981	7.86055022832975E-12	4.31624465561146E-11	5.98649325068588	1.0223538391576E-12	1.84263306187145E-10	1169280786.78743	1E10	1E-30	1E-10	1E10	1E-30	1E-10	1E10	1E-30	1E-10	1E10	1E-30	1E-10	1E10	1E-30	1E-10	1E10	1E-30	1E-10	1E10	1E-30	1E-10	1E10	1E-30	1E-10	1E10	1E-30	1E-10	1E10	1E-30	1E-10	1E10	1E-30	1E-10
30	1.8E-11	1E10	1E11	1E-30	1.1859545464872E-10	1E10	1E-30	1E10	0.12	1E-30	2.40341530647185E-11	0.205387695800315	1.21065684732511E-10	1.12106022992066E-11	1.91519383044981	7.86055022832975E-12	4.31624465561146E-11	5.98649325068588	1.0223538391576E-12	1.84263306187145E-10	1169280786.78743	1E10	1E-30	1E-10	1E10	1E-30	1E-10	1E10	1E-30	1E-10	1E10	1E-30	1E-10	1E10	1E-30	1E-10	1E10	1E-30	1E-10	1E10	1E-30	1E-10	1E10	1E-30	1E-10	1E10	1E-30	1E-10	1E10	1E-30	1E-10	1E10	1E-30	1E-10
31	2.19999999999999E-11	1E10	1E11	1E-30	1.21357897658386E-10	1E10	1E-30	1E10	0.119999999999999	1E-30	2.62516021500756E-11	0.316884804271523	1.88355293969053E-10	8.61911911646728E-12	1.00621170256608	1.71496702204191E-11	2.42201061671166E-11	3.66787606783765	9.64454246070812E-13	1.99874993247583E-10	1268347964.65825	1E10	1E-30	1E-10	1E10	1E-30	1E-10	1E10	1E-30	1E-10	1E10	1E-30	1E-10	1E10	1E-30	1E-10	1E10	1E-30	1E-10	1E10	1E-30	1E-10	1E10	1E-30	1E-10	1E10	1E-30	1E-10	1E10	1E-30	1E-10	1E10	1E-30	1E-10
32	2.19999999999999E-11	1E10	1E11	1E-30	1.21357897658386E-10	1E10	1E-30	1E10	0.119999999999999	1E-30	2.62516021500756E-11	0.316884804271523	1.88355293969053E-10	8.61911911646728E-12	1.00621170256608	1.71496702204191E-11	2.42201061671166E-11	3.66787606783765	9.64454246070812E-13	1.99874993247583E-10	1268347964.65825	1E10	1E-30	1E-10	1E10	1E-30	1E-10	1E10	1E-30	1E-10	1E10	1E-30	1E-10	1E10	1E-30	1E-10	1E10	1E-30	1E-10	1E10	1E-30	1E-10	1E10	1E-30	1E-10	1E10	1E-30	1E-10	1E10	1E-30	1E-10	1E10	1E-30	1E-10
33	2.19999999999999E-11	1E10	1E11	1E-30	1.21357897658386E-10	1E10	1E-30	1E10	0.119999999999999	1E-30	2.62516021500756E-11	0.316884804271523	1.88355293969053E-10	8.61911911646728E-12	1.00621170256608	1.71496702204191E-11	2.42201061671166E-11	3.66787606783765	9.64454246070812E-13	1.99874993247583E-10	1268347964.65825	1E10	1E-30	1E-10	1E10	1E-30	1E-10	1E10	1E-30	1E-10	1E10	1E-30	1E-10	1E10	1E-30	1E-10	1E10	1E-30	1E-10	1E10	1E-30	1E-10	1E10	1E-30	1E-10	1E10	1E-30	1E-10	1E10	1E-30	1E-10	1E10	1E-30	1E-10
34	2.7E-11	1E10	1E11	1E-30	4.2558973564265E-11	1E10	1E-30	1E10	0.115	1E-30	4.18347071914545E-11	1.49100576218574	3.62185409226354E-10	5.63693161549282E-12	0.864270932372171	1.30010908396285E-10	5.00679533824517E-12	1.35805180714325	1.33175607267628E-11	2.30038668980169E-11	2.51174196130005	6.64727824033652E-13	2.4535580460389E-10	1E5	1E10	1E-30	1E-10	1E10	1E-30	1E-10	1E10	1E-30	1E-10	1E10	1E-30	1E-10	1E10	1E-30	1E-10	1E10	1E-30	1E-10	1E10	1E-30	1E-10	1E10	1E-30	1E-10	1E10	1E-30	1E-10	1E10	1E-30	1E-10
35	2.7E-11	1E10	1E11	1E-30	4.2558973564265E-11	1E10	1E-30	1E10	0.115	1E-30	4.18347071914545E-11	1.49100576218574	3.62185409226354E-10	5.63693161549282E-12	0.864270932372171	1.30010908396285E-10	5.00679533824517E-12	1.35805180714325	1.33175607267628E-11	2.30038668980169E-11	2.51174196130005	6.64727824033652E-13	2.4535580460389E-10	1E5	1E10	1E-30	1E-10	1E10	1E-30	1E-10	1E10	1E-30	1E-10	1E10	1E-30	1E-10	1E10	1E-30	1E-10	1E10	1E-30	1E-10	1E10	1E-30	1E-10	1E10	1E-30	1E-10	1E10	1E-30	1E-10	1E10	1E-30	1E-10
36	2.7E-11	1E10	1E11	1E-30	4.2558973564265E-11	1E10	1E-30	1E10	0.115	1E-30	4.18347071914545E-11	1.49100576218574	3.62185409226354E-10	5.63693161549282E-12	0.864270932372171	1.30010908396285E-10	5.00679533824517E-12	1.35805180714325	1.33175607267628E-11	2.30038668980169E-11	2.51174196130005	6.64727824033652E-13	2.4535580460389E-10	1E5	1E10	1E-30	1E-10	1E10	1E-30	1E-10	1E10	1E-30	1E-10	1E10	1E-30	1E-10	1E10	1E-30	1E-10	1E10	1E-30	1E-10	1E10	1E-30	1E-10	1E10	1E-30	1E-10	1E10	1E-30	1E-10	1E10	1E-30	1E-10
37	3.3E-11	1E10	1E11	1E-30	7.31253645798913E-11	1E10	1E-30	1E10	0.12	1E-30	1.74484702767999E-11	0.159592125102739	4.83101801335439E-10	5.11734489616657E-12	0.447265239048861	3.86006133800093E-11	2.07790497204911E-11	2.3550343450035	1.38506741225988E-11	2.37073643781304E-11	4.88987148174931	8.17538232731553E-13	2.25181143204397E-10	1E5	1E10	1E-30	1E-10	1E10	1E-30	1E-10	1E10	1E-30	1E-10	1E10	1E-30	1E-10	1E10	1E-30	1E-10	1E10	1E-30	1E-10	1E10	1E-30	1E-10	1E10	1E-30	1E-10	1E10	1E-30	1E-10	1E10	1E-30	1E-10
38	3.3E-11	1E10	1E11	1E-30	7.31253645798913E-11	1E10	1E-30	1E10	0.12	1E-30	1.74484702767999E-11	0.159592125102739	4.83101801335439E-10	5.11734489616657E-12	0.447265239048861	3.86006133800093E-11	2.07790497204911E-11	2.3550343450035	1.38506741225988E-11	2.37073643781304E-11	4.88987148174931	8.17538232731553E-13	2.25181143204397E-10	1E5	1E10	1E-30	1E-10	1E10	1E-30	1E-10	1E10	1E-30	1E-10	1E10	1E-30	1E-10	1E10	1E-30	1E-10	1E10	1E-30	1E-10	1E10	1E-30	1E-10	1E10	1E-30	1E-10	1E10	1E-30	1E-10	1E10	1E-30	1E-10
39	3.3E-11	1E10	1E11	1E-30	7.31253645798913E-11	1E10	1E-30	1E10	0.12	1E-30	1.74484702767999E-11	0.159592125102739	4.83101801335439E-10	5.11734489616657E-12	0.447265239048861	3.86006133800093E-11	2.07790497204911E-11	2.3550343450035	1.38506741225988E-11	2.37073643781304E-11	4.88987148174931	8.17538232731553E-13	2.25181143204397E-10	1E5	1E10	1E-30	1E-10	1E10	1E-30	1E-10	1E10	1E-30	1E-10	1E10	1E-30	1E-10	1E10	1E-30	1E-10	1E10	1E-30	1E-10	1E10	1E-30	1E-10	1E10	1E-30	1E-10	1E10	1E-30	1E-10	1E10	1E-30	1E-10
40	3.9E-11	1E10	1E11	1E-30	1.03292322933323E-10	1E10	1E-30	1E10	0.11	1E-30	1.46832824334214E-11	0.128959751360091	4.12663281943836E-10	7.65487649967136E-12	0.778573080428757	7.41817661482532E-11	1.23882995534613E-11	1.5606707435497	1.27449313355694E-11	2.56555289860655E-11	4.19788275526181	7.58432775252585E-13	1.9280708957091E-10	1E5	1E10	1E-30	1E-10	1E10	1E-30	1E-10	1E10	1E-30	1E-10	1E10	1E-30	1E-10	1E10	1E-30	1E-10	1E10	1E-30	1E-10	1E10	1E-30	1E-10	1E10	1E-30	1E-10	1E10	1E-30	1E-10	1E10	1E-30	1E-10
41	3.9E-11	1E10	1E11	1E-30	1.03292322933323E-10	1E10	1E-30	1E10	0.11	1E-30	1.46832824334214E-11	0.128959751360091	4.12663281943836E-10	7.65487649967136E-12	0.778573080428757	7.41817661482532E-11	1.23882995534613E-11	1.5606707435497	1.27449313355694E-11	2.56555289860655E-11	4.19788275526181	7.58432775252585E-13	1.9280708957091E-10	1E5	1E10	1E-30	1E-10	1E10	1E-30	1E-10	1E10	1E-30	1E-10	1E10	1E-30	1E-10	1E10	1E-30	1E-10	1E10	1E-30	1E-10	1E10	1E-30	1E-10	1E10	1E-30	1E-10	1E10	1E-30	1E-10	1E10	1E-30	1E-10
42	3.9E-11	1E10	1E11	1E-30	1.03292322933323E-10	1E10	1E-30	1E10	0.11	1E-30	1.46832824334214E-11	0.128959751360091	4.12663281943836E-10	7.65487649967136E-12	0.778573080428757	7.41817661482532E-11	1.23882995534613E-11	1.5606707435497	1.27449313355694E-11	2.56555289860655E-11	4.19788275526181	7.58432775252585E-13	1.9280708957091E-10	1E5	1E10	1E-30	1E-10	1E10	1E-30	1E-10	1E10	1E-30	1E-10	1E10	1E-30	1E-10	1E10	1E-30	1E-10	1E10	1E-30	1E-10	1E10	1E-30	1E-10	1E10	1E-30	1E-10	1E10	1E-30	1E-10	1E10	1E-30	1E-10
43	4.69999999999999E-11	1E10	1E11	1E-30	7.48286731325781E-11	1E10	1E-30	1E10	0.1	1E-30	1.30347313166403E-11	0.144109326702263	3.94406031976312E-10	1.00271088027933E-11	0.936914820938111	7.38362646995392E-11	1.72879150093555E-11	1.86291588072939	1.34019409788933E-11	2.64137717899224E-11	2.9623151701626	8.20746734955947E-13	1.999083468682E-10	1E5	1E10	1E-30	1E-10	1E10	1E-30	1E-10	1E10	1E-30	1E-10	1E10	1E-30	1E-10	1E10	1E-30	1E-10	1E10	1E-30	1E-10	1E10	1E-30	1E-10	1E10	1E-30	1E-10	1E10	1E-30	1E-10	1E10	1E-30	1E-10
44	4.69999999999999E-11	1E10	1E11	1E-30	7.48286731325781E-11	1E10	1E-30	1E10	0.1	1E-30	1.30347313166403E-11	0.144109326702263	3.94406031976312E-10	1.00271088027933E-11	0.936914820938111	7.38362646995392E-11	1.72879150093555E-11	1.86291588072939	1.34019409788933E-11	2.64137717899224E-11	2.9623151701626	8.20746734955947E-13	1.999083468682E-10	1E5	1E10	1E-30	1E-10	1E10	1E-30	1E-10	1E10	1E-30	1E-10	1E10	1E-30	1E-10	1E10	1E-30	1E-10	1E10	1E-30	1E-10	1E10	1E-30	1E-10	1E10	1E-30	1E-10	1E10	1E-30	1E-10	1E10	1E-30	1E-10
45	4.69999999999999E-11	1E10	1E11	1E-30	7.48286731325781E-11	1E10	1E-30	1E10	0.1	1E-30	1.30347313166403E-11	0.144109326702263	3.94406031976312E-10	1.00271088027933E-11	0.936914820938111	7.38362646995392E-11	1.72879150093555E-11	1.86291588072939	1.34019409788933E-11	2.64137717899224E-11	2.9623151701626	8.20746734955947E-13	1.999083468682E-10	1E5	1E10	1E-30	1E-10	1E10	1E-30	1E-10	1E10	1E-30	1E-10	1E10	1E-30	1E-10	1E10	1E-30	1E-10	1E10	1E-30	1E-10	1E10	1E-30	1E-10	1E10	1E-30	1E-10	1E10	1E-30	1E-10	1E10	1E-30	1E-10
46	5.59999999999999E-11	1E10	1E11	1E-30	1.44640386939165E-10	1E10	1E-30	1E10	0.11	1E-30	1.24890863495612E-11	0.102153949594483	4.70461052455634E-10	8.55451539994035E-12	0.759538767785601	8.85009691719632E-11	1.88676928518919E-11	1.83258076143913	9.16530562147171E-12	3.40928490715636E-11	3.30379252846571	1.35558730841173E-12	1.32712734388483E-10	1E5	1E10	1E-30	1E-10	1E10	1E-30	1E-10	1E10	1E-30	1E-10	1E10	1E-30	1E-10	1E10	1E-30	1E-10	1E10	1E-30	1E-10	1E10	1E-30	1E-10	1E10	1E-30	1E-10	1E10	1E-30	1E-10	1E10	1E-30	1E-10
47	5.59999999999999E-11	1E10	1E11	1E-30	1.44640386939165E-10	1E10	1E-30	1E10	0.11	1E-30	1.24890863495612E-11	0.102153949594483	4.70461052455634E-10	8.55451539994035E-12	0.759538767785601	8.85009691719632E-11	1.88676928518919E-11	1.83258076143913	9.16530562147171E-12	3.40928490715636E-11	3.30379252846571	1.35558730841173E-12	1.32712734388483E-10	1E5	1E10	1E-30	1E-10	1E10	1E-30	1E-10	1E10	1E-30	1E-10	1E10	1E-30	1E-10	1E10	1E-30	1E-10	1E10	1E-30	1E-10	1E10	1E-30	1E-10	1E10	1E-30	1E-10	1E10	1E-30	1E-10	1E10	1E-30	1E-10
48	5.59999999999999E-11	1E10	1E11	1E-30	1.44640386939165E-10	1E10	1E-30	1E10	0.11	1E-30	1.24890863495612E-11	0.102153949594483	4.70461052455634E-10	8.55451539994035E-12	0.759538767785601	8.85009691719632E-11	1.88676928518919E-11	1.83258076143913	9.16530562147171E-12	3.40928490715636E-11	3.30379252846571	1.35558730841173E-12	1.32712734388483E-10	1E5	1E10	1E-30	1E-10	1E10	1E-30	1E-10	1E10	1E-30	1E-10	1E10	1E-30	1E-10	1E10	1E-30	1E-10	1E10	1E-30	1E-10	1E10	1E-30	1E-10	1E10	1E-30	1E-10	1E10	1E-30	1E-10	1E10	1E-30	1E-10
49	6.8E-11	1E10	1E11	1E-30	2.15808250651518E-10	1E10	1E-30	1E10	0.11	1E-30	2.49455017509079E-11	0.169833296578073	6.39676312934917E-10	5.84612302375316E-12	0.341529255803175	6.13992277301371E-11	2.21436919146646E-11	1.60045477529542	2.41999210604315E-11	1.60034796809655E-11	1.91327431601236	1.95420070207598E-12	1.24185510386407E-10	1E5	1E10	1E-30	1E-10	1E10	1E-30	1E-10	1E10	1E-30	1E-10	1E10	1E-30	1E-10	1E10	1E-30	1E-10	1E10	1E-30	1E-10	1E10	1E-30	1E-10	1E10	1E-30	1E-10	1E10	1E-30	1E-10	1E10	1E-30	1E-10
50	6.8E-11	1E10	1E11	1E-30	2.15808250651518E-10	1E10	1E-30	1E10	0.11	1E-30	2.49455017509079E-11	0.169833296578073	6.39676312934917E-10	5.84612302375316E-12	0.341529255803175	6.13992277301371E-11	2.21436919146646E-11	1.60045477529542	2.41999210604315E-11	1.60034796809655E-11	1.91327431601236	1.95420070207598E-12	1.24185510386407E-10	1E5	1E10	1E-30	1E-10	1E10	1E-30	1E-10	1E10	1E-30	1E-10	1E10	1E-30	1E-10	1E10	1E-30	1E-10	1E10	1E-30	1E-10	1E10	1E-30	1E-10	1E10	1E-30	1E-10	1E10	1E-30	1E-10	1E10	1E-30	1E-10
51	6.8E-11	1E10	1E11	1E-30	2.15808250651518E-10	1E10	1E-30	1E10	0.11	1E-30	2.49455017509079E-11	0.169833296578073	6.39676312934917E-10	5.84612302375316E-12	0.341529255803175	6.13992277301371E-11	2.21436919146646E-11	1.60045477529542	2.41999210604315E-11	1.60034796809655E-11	1.91327431601236	1.95420070207598E-12	1.24185510386407E-10	1E5	1E10	1E-30	1E-10	1E10	1E-30	1E-10	1E10	1E-30	1E-10	1E10	1E-30	1E-10	1E10	1E-30	1E-10	1E10	1E-30	1E-10	1E10	1E-30	1E-10	1E10	1E-30	1E-10	1E10	1E-30	1E-10	1E10	1E-30	1E-10
52	8.2E-11	1E10	1E11	1E-30	1.53858415197409E-10	1E10	1E-30	1E10	0.11	1E-30	1.32410913043179E-11	6.92244848720978E-02	1.02622241376951E-09	5.13579841163414E-12	0.335806831031364	1.16116398566445E-10	1.74490875128699E-11	1.21221407976441	5.16905083623578E-12	4.6202165529215E-11	3.14956307938294	1.52145105184719E-12	1.45472903402627E-10	923128291.066898	1E10	1E-30	1E-10	1E10	1E-30	1E-10	1E10	1E-30	1E-10	1E10	1E-30	1E-10	1E10	1E-30	1E-10	1E10	1E-30	1E-10	1E10	1E-30	1E-10	1E10	1E-30	1E-10	1E10	1E-30	1E-10	1E10	1E-30	1E-10
53	8.2E-11	1E10	1E11	1E-30	1.53858415197409E-10	1E10	1E-30	1E10	0.11	1E-30	1.32410913043179E-11	6.92244848720978E-02	1.02622241376951E-09	5.13579841163414E-12	0.335806831031364	1.16116398566445E-10	1.74490875128699E-11	1.21221407976441	5.16905083623578E-12	4.6202165529215E-11	3.14956307938294	1.52145105184719E-12	1.45472903402627E-10	923128291.066898	1E10	1E-30	1E-10	1E10	1E-30	1E-10	1E10	1E-30	1E-10	1E10	1E-30	1E-10	1E10	1E-30	1E-10	1E10	1E-30	1E-10	1E10	1E-30	1E-10	1E10	1E-30	1E-10	1E10	1E-30	1E-10	1E10	1E-30	1E-10
54	8.2E-11	1E10	1E11	1E-30	1.53858415197409E-10	1E10	1E-30	1E10	0.11	1E-30	1.32410913043179E-11	6.92244848720978E-02	1.02622241376951E-09	5.13579841163414E-12	0.335806831031364	1.16116398566445E-10	1.74490875128699E-11	1.21221407976441	5.16905083623578E-12	4.6202165529215E-11	3.14956307938294	1.52145105184719E-12	1.45472903402627E-10	923128291.066898	1E10	1E-30	1E-10	1E10	1E-30	1E-10	1E10	1E-30	1E-10	1E10	1E-30	1E-10	1E10	1E-30	1E-10	1E10	1E-30	1E-10	1E10	1E-30	1E-10	1E10	1E-30	1E-10	1E10	1E-30	1E-10	1E10	1E-30	1E-10
55	1E-10	1E10	1E11	1E-30	2.12383735315241E-10	1E10	1E-30	1E10	0.11	1E-30	7.81844459589021E-12	0.034211165297577	8.95903383825545E-10	7.69740128493619E-12	0.351652630660492	1.74075486021945E-10	1.63155409893593E-11	1.02313383233719	7.081037303208E-12	3.53697330859959E-11	1.69702870636079	2.11963455730067E-12	9.97192721965458E-11	1E5	1E10	1E-30	1E-10	1E10	1E-30	1E-10	1E10	1E-30	1E-10	1E10	1E-30	1E-10	1E10	1E-30	1E-10	1E10	1E-30	1E-10	1E10	1E-30	1E-10	1E10	1E-30	1E-10	1E10	1E-30	1E-10	1E10	1E-30	1E-10
56	1E-10	1E10	1E11	1E-30	2.12383735315241E-10	1E10	1E-30	1E10	0.11	1E-30	7.81844459589021E-12	0.034211165297577	8.95903383825545E-10	7.69740128493619E-12	0.351652630660492	1.74075486021945E-10	1.63155409893593E-11	1.02313383233719	7.081037303208E-12	3.53697330859959E-11	1.69702870636079	2.11963455730067E-12	9.97192721965458E-11	1E5	1E10	1E-30	1E-10	1E10	1E-30	1E-10	1E10	1E-30	1E-10	1E10	1E-30	1E-10	1E10	1E-30	1E-10	1E10	1E-30	1E-10	1E10	1E-30	1E-10	1E10	1E-30	1E-10	1E10	1E-30	1E-10	1E10	1E-30	1E-10
57	1E-10	1E10	1E11	1E-30	2.12383735315241E-10	1E10	1E-30	1E10	0.11	1E-30	7.81844459589021E-12	0.034211165297577	8.95903383825545E-10	7.69740128493619E-12	0.351652630660492	1.74075486021945E-10	1.63155409893593E-11	1.02313383233719	7.081037303208E-12	3.53697330859959E-11	1.69702870636079	2.11963455730067E-12	9.97192721965458E-11	1E5	1E10	1E-30	1E-10	1E10	1E-30	1E-10	1E10	1E-30	1E-10	1E10	1E-30	1E-10	1E10	1E-30	1E-10	1E10	1E-30	1E-10	1E10	1E-30	1E-10	1E10	1E-30	1E-10	1E10	1E-30	1E-10	1E10	1E-30	1E-10
58	1.2E-10	1E10	1E11	1E-30	5.94385278361609E-11	1E10	1E-30	1E10	0.115	1.03800911964015E-09	8.95794471826175E-12	0.51188673292312	2.74865706170251E-10	1.45006907134642E-11	1.05453812936634	5.37880498716848E-12	5.44713330092057E-11	1.42087028570553	3.01316622172311E-13	2.43229922413435E-10	1E5	1E10	1E-30	1E-10	1E10	1E-30	1E-10	1E10	1E-30	1E-10	1E10	1E-30	1E-10	1E10	1E-30	1E-10	1E10	1E-30	1E-10	1E10	1E-30	1E-10	1E10	1E-30	1E-10	1E10	1E-30	1E-10	1E10	1E-30	1E-10	1E10	1E-30	1E-10
59	1.2E-10	1E10	1E11	1E-30	5.94385278361609E-11	1E10	1E-30	1E10	0.115	1.03800911964015E-09	8.95794471826175E-12	0.51188673292312	2.74865706170251E-10	1.45006907134642E-11	1.05453812936634	5.37880498716848E-12	5.44713330092057E-11	1.42087028570553	3.01316622172311E-13	2.43229922413435E-10	1E5	1E10	1E-30	1E-10	1E10	1E-30	1E-10	1E10	1E-30	1E-10	1E10	1E-30	1E-10	1E10	1E-30	1E-10	1E10	1E-30	1E-10	1E10	1E-30	1E-10	1E10	1E-30	1E-10	1E10	1E-30	1E-10	1E10	1E-30	1E-10	1E10	1E-30	1E-10
60	1.5E-10	1E10	1E11	1E-30	2.01403978068004E-10	1E10	1E-30	1E10	9.06306586549103E-02	1E-30	8.02349365981855E-12	2.55810848741272E-02	1.22703765909187E-09	8.58974331508825E-12	0.336605861283753	2.99118307910425E-10	1.48594220188194E-11	0.868684499700467	6.81068520264249E-12	5.01665587523425E-11	1.47950995167182	2.02966580992761E-12	1.11587501984704E-10	125892.541179416	1E10	1E-30	1E-10	1E10	1E-30	1E-10	1E10	1E-30	1E-10	1E10	1E-30	1E-10	1E10	1E-30	1E-10	1E10	1E-30	1E-10	1E10	1E-30	1E-10	1E10	1E-30	1E-10	1E10	1E-30	1E-10	1E10	1E-30	1E-10
61	1.5E-10	1E10	1E11	1E-30	2.01403978068004E-10	1E10	1E-30	1E10	9.06306586549103E-02	1E-30	8.02349365981855E-12	2.55810848741272E-02	1.22703765909187E-09	8.58974331508825E-12	0.336605861283753	2.99118307910425E-10	1.48594220188194E-11	0.868684499700467	6.81068520264249E-12	5.01665587523425E-11	1.47950995167182	2.02966580992761E-12	1.11587501984704E-10	125892.541179416	1E10	1E-30	1E-10	1E10	1E-30	1E-10	1E10	1E-30	1E-10	1E10	1E-30	1E-10	1E10	1E-30	1E-10	1E10	1E-30	1E-10	1E10	1E-30	1E-10	1E10	1E-30	1E-10	1E10	1E-30	1E-10	1E10	1E-30	1E-10
62	1.8E-10	1E10	1E11	1E-30	2.04120071387377E-10	1E10	1E-30	1E10	7.66424559771799E-02	1E-30	3.40001240920193E-11	1.13945206386533	1E-30	2.54897354735656E-11	0.456056943116606	2.30756021527319E-09	6.01685344765708E-12	0.347228547492163	3.55201155255528E-10	1.73490404709784E-11	0.80199178744803	8.77537930313769E-11	4.58177561525042E-12	0.906826574635858	3.7009775316618E-12	6.55727870565628E-11	1E5	1E10	1E-30	1E-10	1E10	1E-30	1E-10	1E10	1E-30	1E-10	1E10	1E-30	1E-10	1E10	1E-30	1E-10	1E10	1E-30	1E-10	1E10	1E-30	1E-10	1E10	1E-30	1E-10	1E10	1E-30	1E-10
63	1.8E-10	1E10	1E11	1E-30	2.04120071387377E-10	1E10	1E-30	1E10	7.66424559771799E-02	1E-30	3.40001240920193E-11	1.13945206386533	1E-30	2.54897354735656E-11	0.456056943116606	2.30756021527319E-09	6.01685344765708E-12	0.347228547492163	3.55201155255528E-10	1.73490404709784E-11	0.80199178744803	8.77537930313769E-11	4.58177561525042E-12	0.906826574635858	3.7009775316618E-12	6.55727870565628E-11	1E5	1E10	1E-30	1E-10	1E10	1E-30	1E-10	1E10	1E-30	1E-10	1E10	1E-30	1E-10	1E10	1E-30	1E-10	1E10	1E-30	1E-10	1E10	1E-30	1E-10	1E10	1E-30	1E-10	1E10	1E-30	1E-10
64	2.2E-10	1E10	1E11	1E-30	2.71686490820042E-10	1E10	1E-30	1E10	0.09	1E-30	5.36727796685592E-11	1.064211621249	2.15610517451617E-09	6.41089035821461E-12	0.18680024395172	4.13534788473204E-10	1.36036867063415E-11	0.570427422277885	5.54357684376723E-11	5.9678831339274E-12	0.360829119108549	2.85081459490076E-12	8.91396897095155E-11	565654273.085006	1E10	1E-30	1E-10	1E10	1E-30	1E-10	1E10	1E-30	1E-10	1E10	1E-30	1E-10	1E10	1E-30	1E-10	1E10	1E-30	1E-10	1E10	1E-30	1E-10	1E10	1E-30	1E-10	1E10	1E-30	1E-10	1E10	1E-30	1E-10
65	2.2E-10	1E10	1E11	1E-30	2.71686490820042E-10	1E10	1E-30	1E10	0.09	1E-30	5.36727796685592E-11	1.064211621249	2.15610517451617E-09	6.41089035821461E-12	0.18680024395172	4.13534788473204E-10	1.36036867063415E-11	0.570427422277885	5.54357684376723E-11	5.9678831339274E-12	0.360829119108549	2.85081459490076E-12	8.91396897095155E-11	565654273.085006	1E10	1E-30	1E-10	1E10	1E-30	1E-10	1E10	1E-30	1E-10	1E10	1E-30	1E-10	1E10	1E-30	1E-10	1E10	1E-30	1E-10	1E10	1E-30	1E-10	1E10	1E-30	1E-10	1E10	1E-30	1E-10	1E10	1E-30	1E-10
66	2.19202092762039E-10	1E10	1E9	1E-30	1.3E-10	1E10	1E-30	1E10	0.533306706709808	4.78192560065732E-08	1E10	53330.6706713407	3.85185515151636E-08	1E10	14688.4863931281	3.61873374243491E-08	1E10	1503.06251932992	3.77615682954758E-08	1E10	207.480385039739	2.92925235993692E-08	1E10	33.6493783461368	3.12347498216497E-08	1E10	6.58744702170867	1.3598096266543E-08	1E10	2.95025171632338	4.29776683358759E-09	1E10	1.38501994296899	9.4993627759714E-10	1E10	0.818645092078817	2.6E-12	1.10402641437325E-10	19.6889803438169	1.09017539484957E-12	1.29083693169694E-10	4.86634058592183	1E10	1E-30	1E-10	1E10	1E-30	1E-10	1E10	1E-30	1E-10	1E10	1E-30	1E-10
67	2.7E-10	1E10	1E11	1E-30	1.21653524099835E-10	1E10	1E-30	1E10	8.50360761706091E-02	1E-30	5.93246183290308E-11	1.31488885975094	1E-30	3.36661416822148E-12	8.3178144516944E-03	4.10554137944059E-09	4.87143428966238E-12	0.141165272457485	6.02879459727883E-10	1.31036200656612E-11	0.483519287918529	2.44092278050147E-11	1.53965643887181E-11	3.81813256248225	1.39089908103452E-12	1.78543675672563E-10	1E5	1E10	1E-30	1E-10	1E10	1E-30	1E-10	1E10	1E-30	1E-10	1E10	1E-30	1E-10	1E10	1E-30	1E-10	1E10	1E-30	1E-10	1E10	1E-30	1E-10	1E10	1E-30	1E-10	1E10	1E-30	1E-10
68	2.7E-10	1E10	1E11	1E-30	1.21653524099835E-10	1E10	1E-30	1E10	8.50360761706091E-02	1E-30	5.93246183290308E-11	1.31488885975094	1E-30	3.36661416822148E-12	8.3178144516944E-03	4.10554137944059E-09	4.87143428966238E-12	0.141165272457485	6.02879459727883E-10	1.31036200656612E-11	0.483519287918529	2.44092278050147E-11	1.53965643887181E-11	3.81813256248225	1.39089908103452E-12	1.78543675672563E-10	1E5	1E10	1E-30	1E-10	1E10	1E-30	1E-10	1E10	1E-30	1E-10	1E10	1E-30	1E-10	1E10	1E-30	1E-10	1E10	1E-30	1E-10	1E10	1E-30	1E-10	1E10	1E-30	1E-10	1E10	1E-30	1E-10
69	2.58511441320766E-10	1E10	1E9	1E-30	1.9360207736406E-10	1E10	1E-30	1E10	0.525245922311789	3.03806904065457E-08	1E10	104851.337377503	5.15315277573939E-08	1E10	11235.0232179976	4.29302144226075E-08	1E10	1822.10740990106	3.81088985138056E-08	1E10	209.205922143421	3.16749310688656E-08	1E10	29.1751564864125	4.1455225620475E-08	1E10	4.81039630423189	1.39607921739895E-08	1E10	2.53336377268234	4.9014570731394E-09	1E10	0.983968030612923	1.42900898280894E-09	1E10	0.506247034281475	3.88131545420142E-11	5.32752177040537E-11	1.35506393457075	2.68435353388801E-12	1.30605870842409E-10	12.8461361619898	1E10	1E-30	1E-10	1E10	1E-30	1E-10	1E10	1E-30	1E-10	1E10	1E-30	1E-10
70	3.3E-10	1E10	1E11	1E-30	1.5570067487736E-10	1E10	1E-30	1E10	6.98217401676713E-02	1E-30	5.68586747583987E-11	1.04766955227978	3.07385084651783E-09	8.21738172300112E-12	0.194562846327276	5.90949647816856E-10	1.81810227665537E-11	0.601793334128979	2.17089341714624E-12	9.96326289149479E-11	1E5	3.00988722757727E-12	5.02762682939872E-11	40.7108444454194	1E10	1E-30	1E-10	1E10	1E-30	1E-10	1E10	1E-30	1E-10	1E10	1E-30	1E-10	1E10	1E-30	1E-10	1E10	1E-30	1E-10	1E10	1E-30	1E-10	1E10	1E-30	1E-10	1E10	1E-30	1E-10	1E10	1E-30	1E-10
71	3.3E-10	1E10	1E11	1E-30	1.5570067487736E-10	1E10	1E-30	1E10	6.98217401676713E-02	1E-30	5.68586747583987E-11	1.04766955227978	3.07385084651783E-09	8.21738172300112E-12	0.194562846327276	5.90949647816856E-10	1.81810227665537E-11	0.601793334128979	2.17089341714624E-12	9.96326289149479E-11	1E5	3.00988722757727E-12	5.02762682939872E-11	40.7108444454194	1E10	1E-30	1E-10	1E10	1E-30	1E-10	1E10	1E-30	1E-10	1E10	1E-30	1E-10	1E10	1E-30	1E-10	1E10	1E-30	1E-10	1E10	1E-30	1E-10	1E10	1E-30	1E-10	1E10	1E-30	1E-10	1E10	1E-30	1E-10
72	3.24697479247288E-10	1E10	1E9	1E-30	1.0715193052376E-10	1E10	1E-30	1E10	0.46	4.61356585599702E-08	1E10	108025.897784225	4.61844404686622E-08	1E10	14572.292646956	4.69900374230872E-08	1E10	1212.07050856438	4.09411704574916E-08	1E10	127.143304612226	3.33791562561168E-08	1E10	15.8936455104603	2.32058380822825E-08	1E10	2.98191347793356	8.11455288574495E-09	1E10	1.12077255576907	1.69584629251568E-09	1E10	0.647240438021792	2.19605617636727E-10	2.38315042631923E-11	0.352299668186118	1.44841205881817E-12	2.42052894276791E-10	23.8078458359292	1E10	1E-30	1E-10	1E10	1E-30	1E-10	1E10	1E-30	1E-10	1E10	1E-30	1E-10	1E10	1E-30	1E-10
73	3.9E-10	1E10	1E11	1E-30	1.92122951990186E-10	1E10	1E-30	1E10	0.06	1E-30	6.85351086468194E-11	0.701274665362437	7.10830176754418E-09	4.32091286528216E-12	0.184322857852069	1.1552175359837E-09	1.16147257792419E-11	0.433226339610459	3.8720745547144E-11	1.03837925477793E-11	1.03002182059245	3.02112708369464E-12	8.02404169371059E-11	1E5	1E10	1E-30	1E-10	1E10	1E-30	1E-10	1E10	1E-30	1E-10	1E10	1E-30	1E-10	1E10	1E-30	1E-10	1E10	1E-30	1E-10	1E10	1E-30	1E-10	1E10	1E-30	1E-10	1E10	1E-30	1E-10	1E10	1E-30	1E-10
74	3.9E-10	1E10	1E11	1E-30	1.92122951990186E-10	1E10	1E-30	1E10	0.06	1E-30	6.85351086468194E-11	0.701274665362437	7.10830176754418E-09	4.32091286528216E-12	0.184322857852069	1.1552175359837E-09	1.16147257792419E-11	0.433226339610459	3.8720745547144E-11	1.03837925477793E-11	1.03002182059245	3.02112708369464E-12	8.02404169371059E-11	1E5	1E10	1E-30	1E-10	1E10	1E-30	1E-10	1E10	1E-30	1E-10	1E10	1E-30	1E-10	1E10	1E-30	1E-10	1E10	1E-30	1E-10	1E10	1E-30	1E-10	1E10	1E-30	1E-10	1E10	1E-30	1E-10	1E10	1E-30	1E-10
75	4.7E-10	1E10	1E11	1E-30	1.78069724026334E-10	1E10	1E-30	1E10	0.052	1E-30	3.6427919484895E-11	0.408574894520434	1E-30	2.95804506774788E-11	0.37171890615297	5.29990139270157E-09	7.25606248045604E-12	0.225464028483719	1.09321140801484E-09	1.61107043023765E-11	0.495935457041719	2.48601263442421E-12	8.90300792652471E-11	1E5	1E10	1E-30	1E-10	1E10	1E-30	1E-10	1E10	1E-30	1E-10	1E10	1E-30	1E-10	1E10	1E-30	1E-10	1E10	1E-30	1E-10	1E10	1E-30	1E-10	1E10	1E-30	1E-10	1E10	1E-30	1E-10	1E10	1E-30	1E-10
76	4.7E-10	1E10	1E11	1E-30	1.78069724026334E-10	1E10	1E-30	1E10	0.052	1E-30	3.6427919484895E-11	0.408574894520434	1E-30	2.95804506774788E-11	0.37171890615297	5.29990139270157E-09	7.25606248045604E-12	0.225464028483719	1.09321140801484E-09	1.61107043023765E-11	0.495935457041719	2.48601263442421E-12	8.90300792652471E-11	1E5	1E10	1E-30	1E-10	1E10	1E-30	1E-10	1E10	1E-30	1E-10	1E10	1E-30	1E-10	1E10	1E-30	1E-10	1E10	1E-30	1E-10	1E10	1E-30	1E-10	1E10	1E-30	1E-10	1E10	1E-30	1E-10	1E10	1E-30	1E-10
77	4.9332490812137E-10	1E10	1E9	1E-30	1.30891068506362E-10	1E10	1E-30	1E10	0.110761220605276	3.52975191320926E-08	1E10	87992.43735184	1.26008206523977E-07	1E10	4948.17838271624	7.74268666325657E-08	1E10	879.924373518399	6.50117288774982E-08	1E10	94.2855953374072	4.51746877566501E-08	1E10	12.1463375924535	2.14975617694762E-08	1E10	2.11779988648363	6.51211595400236E-09	1E10	0.579533665742857	9.41695174503889E-10	1E10	0.485065956773877	2.98597621768167E-09	2.12077173962314E-11	6.80060816626621E-02	4.79487959957699E-12	1.03302664515487E-10	1.17825758387483	1.59999999999999E-12	1.86782393918914E-10	20.6152852697797	1E10	1E-30	1E-10	1E10	1E-30	1E-10	1E10	1E-30	1E-10	1E10	1E-30	1E-10
78	5.59999999999999E-10	1E10	1E11	1E-30	1.95007689076329E-10	1E10	1E-30	1E10	0.05	1E-30	3.62919492009343E-11	1.69582371931431	1E-30	3.30047843925294E-11	0.387613914959355	6.08341791033105E-09	6.35799061276331E-12	0.174734493686221	7.93792822236189E-10	2.0123898228022E-11	0.415163303152446	3.66263658085266E-12	7.35794348295722E-11	1E5	1E10	1E-30	1E-10	1E10	1E-30	1E-10	1E10	1E-30	1E-10	1E10	1E-30	1E-10	1E10	1E-30	1E-10	1E10	1E-30	1E-10	1E10	1E-30	1E-10	1E10	1E-30	1E-10	1E10	1E-30	1E-10	1E10	1E-30	1E-10
79	5.59999999999999E-10	1E10	1E11	1E-30	1.95007689076329E-10	1E10	1E-30	1E10	0.05	1E-30	3.62919492009343E-11	1.69582371931431	1E-30	3.30047843925294E-11	0.387613914959355	6.08341791033105E-09	6.35799061276331E-12	0.174734493686221	7.93792822236189E-10	2.0123898228022E-11	0.415163303152446	3.66263658085266E-12	7.35794348295722E-11	1E5	1E10	1E-30	1E-10	1E10	1E-30	1E-10	1E10	1E-30	1E-10	1E10	1E-30	1E-10	1E10	1E-30	1E-10	1E10	1E-30	1E-10	1E10	1E-30	1E-10	1E10	1E-30	1E-10	1E10	1E-30	1E-10	1E10	1E-30	1E-10
80	6.8E-10	1E10	1E11	1E-30	8.92178729071394E-11	1E10	1E-30	1E10	0.055	1E-30	9.10540142649858E-12	0.898368563939869	1E-30	4.26619647442568E-11	0.732796899935792	4.0233444457853E-09	1.28491033252663E-11	0.227386277112007	1.18231090749274E-09	1.82450354652313E-11	0.435565282963909	1.7569213103215E-09	4.22491126643526E-12	0.110022644527829	7.00715098715919E-10	1.49487672235079E-12	0.597743997828645	1.0425881101574E-12	1.93609794354307E-10	1E5	1E10	1E-30	1E-10	1E10	1E-30	1E-10	1E10	1E-30	1E-10	1E10	1E-30	1E-10	1E10	1E-30	1E-10	1E10	1E-30	1E-10	1E10	1E-30	1E-10	1E10	1E-30	1E-10
81	6.8E-10	1E10	1E11	1E-30	8.92178729071394E-11	1E10	1E-30	1E10	0.055	1E-30	9.10540142649858E-12	0.898368563939869	1E-30	4.26619647442568E-11	0.732796899935792	4.0233444457853E-09	1.28491033252663E-11	0.227386277112007	1.18231090749274E-09	1.82450354652313E-11	0.435565282963909	1.7569213103215E-09	4.22491126643526E-12	0.110022644527829	7.00715098715919E-10	1.49487672235079E-12	0.597743997828645	1.0425881101574E-12	1.93609794354307E-10	1E5	1E10	1E-30	1E-10	1E10	1E-30	1E-10	1E10	1E-30	1E-10	1E10	1E-30	1E-10	1E10	1E-30	1E-10	1E10	1E-30	1E-10	1E10	1E-30	1E-10	1E10	1E-30	1E-10
82	6.64521310249951E-10	1E10	1E9	1E-30	1.61875545910998E-10	1E10	1E-30	1E10	0.32	5.20285092835337E-08	1E10	33231.7256541762	1.05621124222636E-07	1E10	874.083443036283	9.14662412169392E-08	1E10	98.0737753686509	8.95818873607552E-08	1E10	12.5646675520185	6.1604126240215E-08	1E10	3.03942480719166	2.89249230738971E-08	1E10	0.88747520766137	5.85071350232222E-09	1E10	0.357929675965172	1E-30	3.02486834093391E-11	0.716448813568359	5.58832091958778E-11	5.52225447151533E-11	0.793211158483236	2.28813827592728E-12	1.53221653879403E-10	17.5449143687163	1E10	1E-30	1E-10	1E10	1E-30	1E-10	1E10	1E-30	1E-10	1E10	1E-30	1E-10	1E10	1E-30	1E-10
83	8.19999999999999E-10	1E10	1E11	1E-30	1.74458529865883E-10	1E10	1E-30	1E10	0.04	1E-30	3.70764203845388E-11	0.986991369122804	5.28510675626742E-09	1.24460743325156E-11	0.264510269532931	1.19574510700159E-09	2.37188496461562E-11	0.533080851627057	9.05953324896629E-10	1.0368397008256E-11	0.22085701239118	1.46875337078719E-09	2.91302842785552E-12	0.118590247305185	1.23403045407493E-12	7.58652953067139E-11	1E5	1E10	1E-30	1E-10	1E10	1E-30	1E-10	1E10	1E-30	1E-10	1E10	1E-30	1E-10	1E10	1E-30	1E-10	1E10	1E-30	1E-10	1E10	1E-30	1E-10	1E10	1E-30	1E-10	1E10	1E-30	1E-10
84	8.19999999999999E-10	1E10	1E11	1E-30	1.74458529865883E-10	1E10	1E-30	1E10	0.04	1E-30	3.70764203845388E-11	0.986991369122804	5.28510675626742E-09	1.24460743325156E-11	0.264510269532931	1.19574510700159E-09	2.37188496461562E-11	0.533080851627057	9.05953324896629E-10	1.0368397008256E-11	0.22085701239118	1.46875337078719E-09	2.91302842785552E-12	0.118590247305185	1.23403045407493E-12	7.58652953067139E-11	1E5	1E10	1E-30	1E-10	1E10	1E-30	1E-10	1E10	1E-30	1E-10	1E10	1E-30	1E-10	1E10	1E-30	1E-10	1E10	1E-30	1E-10	1E10	1E-30	1E-10	1E10	1E-30	1E-10	1E10	1E-30	1E-10
85	8.58645409401737E-10	1E10	1E9	1E-30	8.81173166204647E-11	1E10	1E-30	1E10	0.25	1.14350948613862E-07	1E10	22301.8088153046	1.91474332255348E-07	1E10	2807.63138465621	1.39635853348098E-07	1E10	560.196109612844	1.19308195876788E-07	1E10	53.4983131398317	9.21118859621429E-08	1E10	8.10495963443804	6.63196724798636E-08	1E10	1.41165586709379	3.02156594901148E-08	1E10	0.478845454123076	6.36402989241944E-09	1E10	0.263247536350601	1E-30	4.21165019382457E-11	1.05850314467274	5.475835099135E-10	2.20296391807057E-11	0.234623543563366	1.14844950539326E-12	1.92615178192579E-10	23.850655996074	1E10	1E-30	1E-10	1E10	1E-30	1E-10	1E10	1E-30	1E-10	1E10	1E-30	1E-10
86	9.93069803667604E-10	1E10	1E11	1E-30	9.26076654705941E-11	1E10	1E-30	1E10	1.45865267698439E-02	1E-30	1.35585135181215E-10	2.95090235449181E-02	5.85684164254333E-09	1.39795299716959E-11	0.290840120246226	1.78777516103239E-09	2.05864434578486E-11	0.445325889964886	2.01044215382153E-12	1.29101044464253E-10	1E5	6.83755265624258E-13	6.98359029809326E-11	0.94716516182599	1E10	1E-30	1E-10	1E10	1E-30	1E-10	1E10	1E-30	1E-10	1E10	1E-30	1E-10	1E10	1E-30	1E-10	1E10	1E-30	1E-10	1E10	1E-30	1E-10	1E10	1E-30	1E-10	1E10	1E-30	1E-10	1E10	1E-30	1E-10
87	9.93069803667604E-10	1E10	1E11	1E-30	9.26076654705941E-11	1E10	1E-30	1E10	1.45865267698439E-02	1E-30	1.35585135181215E-10	2.95090235449181E-02	5.85684164254333E-09	1.39795299716959E-11	0.290840120246226	1.78777516103239E-09	2.05864434578486E-11	0.445325889964886	2.01044215382153E-12	1.29101044464253E-10	1E5	6.83755265624258E-13	6.98359029809326E-11	0.94716516182599	1E10	1E-30	1E-10	1E10	1E-30	1E-10	1E10	1E-30	1E-10	1E10	1E-30	1E-10	1E10	1E-30	1E-10	1E10	1E-30	1E-10	1E10	1E-30	1E-10	1E10	1E-30	1E-10	1E10	1E-30	1E-10	1E10	1E-30	1E-10
88	9.83789345823185E-10	1E10	1E9	1E-30	1.46604494372618E-10	1E10	1E-30	1E10	0.161709769421461	1.22798409926008E-07	1E10	22365.645273099	4.80674739674837E-07	1E10	1620.24777061141	2.06881781375525E-07	1E10	793.563040174417	1.99339013317472E-07	1E10	141.117681491005	1.18761493863313E-07	1E10	23.9652206842218	8.4737008774716E-08	1E10	3.12295521543738	6.19540521779801E-08	1E10	0.715570411580481	2.15853337955413E-08	1E10	0.297453342328555	3.56193059211703E-09	1E10	0.207512705239329	1E-30	2.67290818754061E-11	0.671775098055807	2.67967361556078E-10	5.25153008757238E-11	0.277668740149152	1.9E-12	1.74418839161882E-10	22.077866747144	1E10	1E-30	1E-10	1E10	1E-30	1E-10	1E10	1E-30	1E-10
89	1.51085131874161E-09	1E10	1E9	1E-30	1.43261018919305E-10	1E10	1E-30	1E10	0.21	1.61707478639318E-07	1E10	10886.0102339331	2.35296305288086E-07	1E10	753.127902957541	1.95578714588149E-07	1E10	84.5023405568099	1.69683270487651E-07	1E10	7.83483500534977	1.44421473740668E-07	1E10	1.22446351693656	7.03975773773522E-08	1E10	0.355772545262866	2.55620142044477E-08	1E10	0.137054267665494	1E-30	3.7107464421426E-11	2.76742563218932	1E-30	2.67762381365458E-11	0.336480132082172	1.62340820269574E-09	1.40291885877367E-11	0.100550819538421	2.90996875324315E-12	1.20479757918915E-10	13.5838390585666	1E10	1E-30	1E-10	1E10	1E-30	1E-10	1E10	1E-30	1E-10	1E10	1E-30	1E-10
90	2.20007993340362E-09	1E10	1E9	1E-30	1.51E-10	1E10	1E-30	1E10	0.1558	3.96728073398608E-07	1E10	7455.56153884361	3.97147993816102E-07	1E10	1128.44490305251	3.58316326150181E-07	1E10	148.75800975386	3.3586911503837E-07	1E10	18.7275238687059	3.25087419968577E-07	1E10	3.25764932552903	2.09736803821914E-07	1E10	0.704243432008408	1.06898007588661E-07	1E10	0.229240546797122	2.57850778723499E-08	1E10	0.115411732436782	1E-30	5.89153313562154E-11	0.555263916517484	3.78408538171279E-09	1.38206782947918E-11	8.54671482629825E-02	1.97999999999999E-12	1.48091775992228E-10	20.5001057735274	1E10	1E-30	1E-10	1E10	1E-30	1E-10	1E10	1E-30	1E-10	1E10	1E-30	1E-10
91	2.78335693900364E-09	1E10	1E9	1E-30	1.50725197548096E-10	1E10	1E-30	1E10	0.13	3.02359423828956E-07	1E10	8477.16559362222	3.99223826657626E-07	1E10	476.706053377555	4.04138041202087E-07	1E10	41.519361560351	3.36826892848859E-07	1E10	5.23980750499224	3.01823813650668E-07	1E10	0.811247315582296	1.53374771288266E-07	1E10	0.241322462308134	3.78113148007379E-08	1E10	0.102663128768385	1E-30	5.14981092498034E-11	0.522693494700291	2.17624450467365E-09	2.90986328238689E-11	0.121888068145297	2.27827605222996E-12	1.22235137867829E-10	19.2163861803907	1E10	1E-30	1E-10	1E10	1E-30	1E-10	1E10	1E-30	1E-10	1E10	1E-30	1E-10	1E10	1E-30	1E-10
92	3.32150947704534E-09	1E10	1E9	1E-30	1.8937268409889E-10	1E10	1E-30	1E10	0.13	4.09921452120943E-07	1E10	4624.8071740284	5.22135203230553E-07	1E10	335.037662527897	4.94401872325872E-07	1E10	38.4674705569255	3.79171311560182E-07	1E10	4.95260179197044	2.75390716853702E-07	1E10	0.722405174501779	1.41827739257216E-07	1E10	0.171775377390005	9.56034616271119E-08	1E10	3.20142380876769E-02	1E-30	3.82753182975583E-11	0.338190352811495	3.09198363242288E-09	2.43526983810691E-11	0.101874458486663	3.29708153605898E-12	1.02999999999999E-10	14.5333431251006	1E10	1E-30	1E-10	1E10	1E-30	1E-10	1E10	1E-30	1E-10	1E10	1E-30	1E-10	1E10	1E-30	1E-10
93	4.5932300748153E-09	1E10	1E9	1E-30	1.8E-10	1E10	1E-30	1E10	0.10042676469234	5.19796723552506E-07	1E10	3144.60332671971	7.66174352202407E-07	1E10	165.031128538875	7.01828766402192E-07	1E10	18.5167971754898	5.49522595435517E-07	1E10	2.44231800747329	3.97984708966903E-07	1E10	0.452715860271652	2.45302324109284E-07	1E10	9.93162764508749E-02	6.75562363664148E-08	1E10	5.88972061101297E-02	1E-30	1.97950261404702E-11	0.497503269604153	1E-30	5.30475950682402E-11	0.177764197287455	8.36288941845828E-09	1.44232992547814E-11	4.75777375283158E-02	3.24483691358915E-12	9.11420311998481E-11	14.0239870611133	1E10	1E-30	1E-10	1E10	1E-30	1E-10	1E10	1E-30	1E-10	1E10	1E-30	1E-10
94	5.593578614087E-09	1E10	1E9	1E-30	1.5477514156049E-10	1E10	1E-30	1E10	0.108711572743893	5.70750886757557E-07	1E10	2828.63542389866	7.6511497783281E-07	1E10	174.412246446425	7.09964690880159E-07	1E10	17.847482955657	6.15198416508463E-07	1E10	1.86886089137203	1.63166447951758E-06	1E10	0.298749660418026	3.16785214294817E-07	1E10	0.205623699333236	1.75559219544641E-07	1E10	5.43620331726979E-02	1E-30	4.32190152529412E-11	0.443788505898563	3.04073277619146E-09	3.30293564677874E-11	8.70559045893007E-02	2.67217252226288E-12	1.36286054982226E-10	20.5047408596931	1E10	1E-30	1E-10	1E10	1E-30	1E-10	1E10	1E-30	1E-10	1E10	1E-30	1E-10	1E10	1E-30	1E-10
95	6.61589598587083E-09	1E10	1E9	1E-30	1.93237432753969E-10	1E10	1E-30	1E10	0.07	7.09438990963713E-07	1E10	2900.57669638113	9.31985436282048E-07	1E10	187.276961065784	9.40826022858704E-07	1E10	23.5767725329303	6.62767360205392E-07	1E10	3.56703827155167	4.77549743802313E-07	1E10	0.523069028578199	3.01766677184036E-07	1E10	7.53443708691308E-02	1E-30	2.5060372037601E-11	1.18094221034331	1E-30	4.90402254818903E-11	0.235690409260487	6.35978649092339E-09	2.48930289825133E-11	0.064167185211948	5.00549327782624E-12	7.00415146885579E-11	11.2166389551566	1E10	1E-30	1E-10	1E10	1E-30	1E-10	1E10	1E-30	1E-10	1E10	1E-30	1E-10	1E10	1E-30	1E-10
96	9.6000435139648E-09	1E10	1E9	1E-30	1.6E-10	1E10	1E-30	1E10	7.41464888622533E-02	1.09786857901215E-06	1E10	3624.18021005529	1.92060125316038E-06	1E10	301.446179867125	1.4077339498076E-06	1E10	64.4480504581186	1.85870554449618E-06	1E10	6.59492383999492	1.37201807630065E-06	1E10	1.79663683081665	9.05140068883134E-07	1E10	0.472406097550988	3.50664013427299E-07	1E10	0.10490613742069	1E-30	5.57282373838291E-11	0.183155825216201	1.21578760836927E-08	2.08344744889772E-11	4.36356213306499E-02	2E-12	1.48729722675416E-10	20.5625690286415	1E10	1E-30	1E-10	1E10	1E-30	1E-10	1E10	1E-30	1E-10	1E10	1E-30	1E-10	1E10	1E-30	1E-10
97	9.6000435139648E-09	1E10	1E9	1E-30	1.6E-10	1E10	1E-30	1E10	7.41464888622533E-02	1.09786857901215E-06	1E10	3624.18021005529	1.92060125316038E-06	1E10	301.446179867125	1.4077339498076E-06	1E10	64.4480504581186	1.85870554449618E-06	1E10	6.59492383999492	1.37201807630065E-06	1E10	1.79663683081665	9.05140068883134E-07	1E10	0.472406097550988	3.50664013427299E-07	1E10	0.10490613742069	1E-30	5.57282373838291E-11	0.183155825216201	1.21578760836927E-08	2.08344744889772E-11	4.36356213306499E-02	2E-12	1.48729722675416E-10	20.5625690286415	1E10	1E-30	1E-10	1E10	1E-30	1E-10	1E10	1E-30	1E-10	1E10	1E-30	1E-10	1E10	1E-30	1E-10
98	9.65833952724979E-09	1E10	1E9	1E-30	1.8078218000482E-10	1E10	1E-30	1E10	4.86837755422762E-02	8.69239906557723E-07	1E10	1.77280121600497	7.38568940035824E-07	1E10	0.360202180350934	9.13354014331347E-07	1E10	6.28657359613494E-02	5.45133349308196E-07	1E10	2.35609189444137E-02	1E-30	5.76560945900588E-11	0.228222679395326	1.54931804757782E-07	4.43275748615866E-12	1.52806573846958E-02	9.51542718136713E-09	3.18819614780852E-11	7.36611788712361E-02	4.31183001024082E-12	6.52301312386735E-11	11.0641947732492	1E10	1E-30	1E-10	1E10	1E-30	1E-10	1E10	1E-30	1E-10	1E10	1E-30	1E-10	1E10	1E-30	1E-10	1E10	1E-30	1E-10	1E10	1E-30	1E-10
99	1.53377023409273E-08	1E10	1E9	1E-30	1.54006163248383E-10	1E10	1E-30	1E10	4.28562696226058E-02	1.56676797155186E-06	1E10	2539.54232505555	2.28615045455322E-06	1E10	188.258873378082	2.67669076402878E-06	1E10	27.2116862776501	2.16096750920126E-06	1E10	6.52762888248581	1.33251478632251E-06	1E10	1.06633525714826	9.97046186522112E-07	1E10	0.139565746711277	1.29694800556621E-06	1E10	1.83720683053467E-02	1E-30	6.37258026918221E-11	0.150673593000917	2.42316640973084E-08	2.15329649581797E-11	0.041120900514074	2.73880066764298E-12	1.25307603297069E-10	20.9107927183053	1E10	1E-30	1E-10	1E10	1E-30	1E-10	1E10	1E-30	1E-10	1E10	1E-30	1E-10	1E10	1E-30	1E-10
100	2.12011644107636E-08	1E10	1E9	1E-30	1.35E-10	1E10	1E-30	1E10	4.50887343092596E-02	2.23063482934371E-06	1E10	1656.28904591563	4.84962377708998E-06	1E10	109.429932064321	3.60078794223795E-06	1E10	23.3957046210323	3.31829702838111E-06	1E10	4.79628380855169	2.40261402724685E-06	1E10	0.829889805818134	1.56114981955437E-06	1E10	0.137849610749882	1.02052069713179E-06	1E10	1.90077306977699E-02	1E-30	5.65574250197171E-11	0.151089768988869	1E-30	3.81361185025399E-12	0.129844960241109	1.74537053056081E-08	4.0601316010601E-11	4.04714380302411E-02	1.70999999999999E-12	1.60902904951209E-10	25	1E10	1E-30	1E-10	1E10	1E-30	1E-10	1E10	1E-30	1E-10	1E10	1E-30	1E-10
101	2.12011644107636E-08	1E10	1E9	1E-30	1.35E-10	1E10	1E-30	1E10	4.50887343092596E-02	2.23063482934371E-06	1E10	1656.28904591563	4.84962377708998E-06	1E10	109.429932064321	3.60078794223795E-06	1E10	23.3957046210323	3.31829702838111E-06	1E10	4.79628380855169	2.40261402724685E-06	1E10	0.829889805818134	1.56114981955437E-06	1E10	0.137849610749882	1.02052069713179E-06	1E10	1.90077306977699E-02	1E-30	5.65574250197171E-11	0.151089768988869	1E-30	3.81361185025399E-12	0.129844960241109	1.74537053056081E-08	4.0601316010601E-11	4.04714380302411E-02	1.70999999999999E-12	1.60902904951209E-10	25	1E10	1E-30	1E-10	1E10	1E-30	1E-10	1E10	1E-30	1E-10	1E10	1E-30	1E-10
102	2.20422167939021E-08	1E10	1E9	1E-30	1.6170836190051E-10	1E10	1E-30	1E10	4.45270950998629E-02	2.4971998676862E-06	1E10	1593.33404938228	4.44778529878791E-06	1E10	120.866747939184	3.21097430848582E-06	1E10	21.0042334736957	3.07323506327423E-06	1E10	2.47870219938593	2.33184180021703E-06	1E10	0.39617868044745	1.1611188469423E-06	1E10	7.72743030539214E-02	1E-30	1.36380002566136E-11	0.342327299669154	1E-30	6.95946258146091E-11	0.142830920505459	2.66182156609591E-07	6.74421580660774E-12	8.98529401548625E-03	3.7536850458049E-08	2.02839825882344E-11	2.82131463988802E-02	2.61789184229865E-12	1.19418530730334E-10	21.4598780793456	1E10	1E-30	1E-10	1E10	1E-30	1E-10	1E10	1E-30	1E-10	1E10	1E-30	1E-10
103	2.23729880738118E-08	1E10	1E9	1E-30	1.82158281890393E-10	1E10	1E-30	1E10	2.89552844712658E-02	2.31103383529935E-06	1E10	1279.8733277858	6.55682020877919E-06	1E10	65.6397606221863	2.95504011216721E-06	1E10	30.7020227086762	5.68051905092451E-06	1E10	1.99446526492044	3.40403216005587E-06	1E10	1.0228842160898	2.19506187149615E-06	1E10	0.323588431611616	1.63598133561088E-06	1E10	7.92246886231676E-02	1.58842145795549E-06	1E10	1.25246154204524E-02	1E-30	2.1554499563498E-11	0.451436383203266	1E-30	8.90195738836052E-11	0.132081892160099	2.89127090463647E-07	6.79259086660137E-12	1.70872118226376E-02	5.63700378531532E-08	1.61951249233387E-11	3.45524632308703E-02	7.66100940283947E-12	3.65672816602513E-11	9.11377393843048	1E10	1E-30	1E-10	1E10	1E-30	1E-10
104	3.21429162287673E-08	1E10	1E9	1E-30	1.86208713666286E-10	1E10	1E-30	1E10	0.029643703672656	3.05136606157279E-06	1E10	1303.96468237787	5.69095069925936E-06	1E10	94.4638906582292	4.93944141760373E-06	1E10	16.7983191749697	4.04160906409006E-06	1E10	3.12799340532683	3.80283630619927E-06	1E10	0.410833187204009	4.25565293168244E-06	1E10	9.22713023384795E-02	2.062311130536E-06	1E10	3.07455551009646E-02	1E-30	6.29468479292445E-11	0.14796207232281	1.52894700530105E-07	1.53399168351167E-11	1.51342180693006E-02	3.19332817358041E-08	2.81356475918982E-11	3.90602543937632E-02	3.37943447907512E-12	9.35934395763296E-11	13.910690479407	1E10	1E-30	1E-10	1E10	1E-30	1E-10	1E10	1E-30	1E-10	1E10	1E-30	1E-10
105	3.21429162287673E-08	1E10	1E9	1E-30	1.86208713666286E-10	1E10	1E-30	1E10	0.029643703672656	3.05136606157279E-06	1E10	1303.96468237787	5.69095069925936E-06	1E10	94.4638906582292	4.93944141760373E-06	1E10	16.7983191749697	4.04160906409006E-06	1E10	3.12799340532683	3.80283630619927E-06	1E10	0.410833187204009	4.25565293168244E-06	1E10	9.22713023384795E-02	2.062311130536E-06	1E10	3.07455551009646E-02	1E-30	6.29468479292445E-11	0.14796207232281	1.52894700530105E-07	1.53399168351167E-11	1.51342180693006E-02	3.19332817358041E-08	2.81356475918982E-11	3.90602543937632E-02	3.37943447907512E-12	9.35934395763296E-11	13.910690479407	1E10	1E-30	1E-10	1E10	1E-30	1E-10	1E10	1E-30	1E-10	1E10	1E-30	1E-10
106	3.12765108338091E-08	1E10	1E9	1E-30	2.00025491642948E-10	1E10	1E-30	1E10	3.30632590570102E-02	2.87531371890434E-06	1E10	1107.86381278494	6.12599830231804E-06	1E10	65.2358577156465	4.06303585708614E-06	1E10	19.2524665199911	3.49497492146347E-06	1E10	2.21213793104324	2.51072077940338E-06	1E10	0.358396754338795	1.77910374487257E-06	1E10	5.19280191399374E-02	1E-30	1.77280781940476E-11	0.130834190878976	1E-30	5.92701434867699E-11	0.107252309256344	1E-30	2.42823526798191E-12	0.020375877724577	5.38655332029904E-08	1.87231749537702E-11	2.11068910060633E-02	6.95701971610587E-11	3.27719708369594E-11	0.715006406609276	1.05640349753862E-11	3.30675067919522E-11	6.02212766126228	1E10	1E-30	1E-10	1E10	1E-30	1E-10	1E10	1E-30	1E-10
107	3.84853223578867E-08	1E10	1E9	1E-30	1.78881068020781E-10	1E10	1E-30	1E10	2.70982019790376E-02	4.90824374959446E-06	1E10	810.651177954666	7.78753030638587E-06	1E10	134.53460814324	5.07289293132726E-06	1E10	27.4684414317299	4.39527561418521E-06	1E10	3.22726046761392	3.54597775657224E-06	1E10	0.401765176813705	3.47082842528115E-06	1E10	5.79362748938201E-02	3.48465808926064E-06	1E10	1.70785925951391E-02	1E-30	5.42273872752917E-11	2.54054808804226	1E-30	7.34742189738478E-11	0.127893159770401	2.52198086365882E-07	1.20898251973557E-11	1.44797908282681E-02	3.54845482849061E-08	3.3992962796044E-11	3.64273016206104E-02	2.03121849018728E-10	1.61906739745209E-11	0.309977988881297	1E10	1E-30	1E-10	1E10	1E-30	1E-10	1E10	1E-30	1E-10
108	4.57325167942203E-08	1E10	1E9	1E-30	1.9281153714425E-10	1E10	1E-30	1E10	2.32931112099545E-02	5.97352444520184E-06	1E10	533.262406272882	7.64732740557447E-06	1E10	70.2976760488032	6.05344637808743E-06	1E10	11.666510279388	5.80079901242426E-06	1E10	1.34379281125314	4.87455930288588E-06	1E10	0.202460444814079	2.90259619114178E-06	1E10	0.045831654624226	1E-30	1.66532900987871E-11	0.2901530990831	1E-30	7.53777064896501E-11	0.110022744594638	1.46157837249817E-06	2.84127884411779E-12	5.75908076584073E-03	5.17905856769637E-08	3.81914610678957E-11	3.32323752596227E-02	9.12524660742427E-12	3.76448152130117E-11	6.24134114809145	1E10	1E-30	1E-10	1E10	1E-30	1E-10	1E10	1E-30	1E-10	1E10	1E-30	1E-10
109	4.63654113870529E-08	1E10	1E9	1E-30	1.46499848167842E-10	1E10	1E-30	1E10	2.18650380116814E-02	5.91546605428368E-06	1E10	624.562122303865	8.26173670681205E-06	1E10	70.0770227082937	6.70730336507007E-06	1E10	15.688291206499	5.91059762047439E-06	1E10	2.21603003401549	4.57056283782242E-06	1E10	0.29696221355696	3.67609649224345E-06	1E10	0.045740951391231	4.58824621888716E-06	1E10	7.3809697415444E-03	1E-30	1.82153711127824E-11	0.3116959030118	1E-30	7.34509168764516E-11	0.108732558667206	1.70416754092489E-06	2.49664988041356E-12	5.5920585848086E-03	4.78470724748179E-08	4.34785155494524E-11	3.58295336698402E-02	3.5964568635371E-12	7.9708380078699E-11	26.7475724879156	1E10	1E-30	1E-10	1E10	1E-30	1E-10	1E10	1E-30	1E-10
110	4.63305909836023E-08	1E10	1E9	1E-30	1.87342696926951E-10	1E10	1E-30	1E10	2.24373078990801E-02	5.03239000190314E-06	1E10	510.761976784357	9.14636567831342E-06	1E10	40.5712659383403	7.4254898478187E-06	1E10	9.08277506746401	8.32150387711086E-06	1E10	1.77099999161117	5.52728689941551E-06	1E10	0.442663995800536	4.46973381405774E-06	1E10	0.101511439785242	2.69720112719211E-06	1E10	2.38425903020645E-02	1E-30	1.36453680467495E-11	0.131651268776937	1E-30	8.79047190094641E-11	0.110254425066268	3.31522931922536E-07	1.20422660013411E-11	1.50565581804546E-02	7.35021647704933E-08	2.35681166558414E-11	2.95033599459615E-02	1.51245662011729E-11	2.18137874610326E-11	5.15361579245652	1E10	1E-30	1E-10	1E10	1E-30	1E-10	1E10	1E-30	1E-10
111	5.42531241215689E-08	1E10	892857143	1E-30	2.16734248922068E-10	1E10	1E-30	1E10	3.93115817590263E-02	8.38474139494561E-06	1E10	268.001521346643	9.41386337947055E-06	1E10	55.7221173086177	8.55211199113967E-06	1E10	12.3450204395649	7.90810777280786E-06	1E10	2.7292036285521	6.57635824412084E-06	1E10	0.624049805108388	4.73561614898096E-06	1E10	0.151415530185204	2.80522445907579E-06	1E10	3.41746733162338E-02	1E-30	9.66776232271235E-11	5.12403199737625	1E-30	8.09427251292936E-11	0.117043914423765	9.96580423110351E-07	4.42440702650366E-12	5.77245579522132E-03	1.1142918276572E-07	1.59840371252267E-11	0.017751925399069	1E10	1E-30	1E-10	1E10	1E-30	1E-10	1E10	1E-30	1E-10	1E10	1E-30	1E-10
112	6.53126558766406E-08	1E10	735294118	1E-30	1.74192717991216E-10	1E10	1E-30	1E10	1.97291250206429E-02	7.14416984523595E-06	1E10	556.939947326513	1.26603520968674E-05	1E10	53.1873520555989	9.04305604102428E-06	1E10	13.3600587956382	7.87067105970874E-06	1E10	1.72110897540748	8.50617852288188E-06	1E10	0.196186974196259	9.18965879030853E-06	1E10	5.12953987012287E-02	4.81168430869802E-06	1E10	1.88972170261504E-02	1E-30	8.43159597738211E-11	8.33727663057062E-02	1E-30	9.45737508058279E-12	0.067558567905558	4.27683414184483E-07	1.10765930897857E-11	1.14002182655822E-02	1.67890336668411E-07	1.53554797170849E-11	2.20414201936035E-02	3.30750267474939E-12	1.01567426095152E-10	14.974691321442	1E10	1E-30	1E-10	1E10	1E-30	1E-10	1E10	1E-30	1E-10
113	6.85662243296611E-08	1E10	735294117.647058	1E-30	1.78689619973726E-10	1E10	1E-30	1E10	1.78108366048543E-02	8.34623367740441E-06	1E10	476.726836449511	1.36571348204841E-05	1E10	61.4143133336169	8.76275217473284E-06	1E10	12.8312687226983	7.69535499704841E-06	1E10	1.56318422498418	5.96798264546853E-06	1E10	0.206855965599412	4.6614506664755E-06	1E10	2.79516756107724E-02	1E-30	2.28318469616059E-11	0.205112855477253	1E-30	9.41981927519073E-11	8.75473635128509E-02	5.87583133190368E-07	1.00406488573972E-11	0.011068539373365	1.52776360808088E-07	2.01822363823572E-11	2.06720777209184E-02	8.01994950507886E-12	3.57422940468491E-11	8.71849781491974	1E10	1E-30	1E-10	1E10	1E-30	1E-10	1E10	1E-30	1E-10	1E10	1E-30	1E-10
114	7.92211390315777E-08	1E10	609756098	1E-30	1.74589757799742E-10	1E10	1E-30	1E10	1.71139698083284E-02	9.52383879046398E-06	1E10	462.323302888112	1.23183611608174E-05	1E10	54.3182518154811	9.64548983647559E-06	1E10	7.85137614514886	8.24221519206441E-06	1E10	0.880938892652323	6.29211508439971E-06	1E10	0.113853678274874	4.90868542110172E-06	1E10	1.49498842218709E-02	1E-30	1.22785412611414E-11	8.49492686856835E-02	1E-30	6.92080697172098E-11	8.30532495330779E-02	1.53757053573146E-06	4.24675823563373E-12	5.19691893247128E-03	6.16856035950597E-08	4.81215368675718E-11	2.14679491791023E-02	6.35001630798191E-12	4.83662801545087E-11	5.20174599336289	1E10	1E-30	1E-10	1E10	1E-30	1E-10	1E10	1E-30	1E-10	1E10	1E-30	1E-10
115	9.72579141734521E-08	1E10	5E8	1E-30	1.9E-10	1E10	1E-30	1E10	1.58489319246111E-02	1.1222843560848E-05	1E10	354.533461660113	1.8179434191277E-05	1E10	39.7793086650204	1.24354963904468E-05	1E10	9.112913147016	1.18045666278072E-05	1E10	1.348248928656	9.67886122868248E-06	1E10	0.165548219284055	1.29958995412602E-05	1E10	1.98615796414498E-02	9.01395288650604E-06	1E10	1.08314239083622E-02	1E-30	2.03470901309855E-11	0.209795118543624	1E-30	9.14884643423462E-11	7.32712944784788E-02	4.1054661940025E-07	2.03820464636452E-11	1.57927460285487E-02	3.37445798360125E-07	1.38926961309251E-11	1.80769593530394E-02	8.84194128288308E-12	3.53677651315323E-11	6	1E10	1E-30	1E-10	1E10	1E-30	1E-10	1E10	1E-30	1E-10
116	9.30310851988828E-08	1E10	5E8	1E-30	1.16911334095167E-10	1E10	1E-30	1E10	1.43855830507493E-02	1.250126786002E-05	1E10	303.952751799487	1.64601381031047E-05	1E10	43.9345395878645	1.41032326033379E-05	1E10	7.46115529789201	1.27820178791392E-05	1E10	1.29660018601045	1.03209515591069E-05	1E10	0.197574106417285	7.71458554323028E-06	1E10	3.88667125434545E-02	9.52698237306714E-06	1E10	7.15191648680722E-03	1E-30	1.29638148493828E-11	8.89655842768866E-02	1E-30	9.6525074116038E-11	6.73537799790358E-02	6.50352820978142E-07	1.22628836857111E-11	0.011167637112966	1.85135241487541E-07	2.09765495029615E-11	2.11653337338121E-02	2.30757557129013E-12	8.12174692884375E-11	19.4244223867199	1E10	1E-30	1E-10	1E10	1E-30	1E-10	1E10	1E-30	1E-10
117	9.30310851988828E-08	1E10	5E8	1E-30	1.16911334095167E-10	1E10	1E-30	1E10	1.43855830507493E-02	1.250126786002E-05	1E10	303.952751799487	1.64601381031047E-05	1E10	43.9345395878645	1.41032326033379E-05	1E10	7.46115529789201	1.27820178791392E-05	1E10	1.29660018601045	1.03209515591069E-05	1E10	0.197574106417285	7.71458554323028E-06	1E10	3.88667125434545E-02	9.52698237306714E-06	1E10	7.15191648680722E-03	1E-30	1.29638148493828E-11	8.89655842768866E-02	1E-30	9.6525074116038E-11	6.73537799790358E-02	6.50352820978142E-07	1.22628836857111E-11	0.011167637112966	1.85135241487541E-07	2.09765495029615E-11	2.11653337338121E-02	2.30757557129013E-12	8.12174692884375E-11	19.4244223867199	1E10	1E-30	1E-10	1E10	1E-30	1E-10	1E10	1E-30	1E-10
118	2.19342314406172E-07	1E10	227272727	1E-30	1.71690713702162E-10	1E10	1E-30	1E10	2.05412575532396E-02	1.56553071975062E-05	1E10	254.154934623778	2.28949036627295E-05	1E10	25.4154934623778	3.22286819915768E-05	1E10	2.42716078266471	4.02074892000935E-05	1E10	0.441670656019945	3.21949291486533E-05	1E10	0.121406111229554	1.50183769859747E-05	1E10	1.98848431312853E-02	1E-30	4.51878195218509E-11	0.200694265660071	8.65981418710888E-09	9.32217517886034E-11	0.035912537016959	1.36599938708503E-11	2.55139514544271E-11	1.94104783753329	1E10	1E-30	1E-10	1E10	1E-30	1E-10	1E10	1E-30	1E-10	1E10	1E-30	1E-10	1E10	1E-30	1E-10	1E10	1E-30	1E-10
119	2.19342314406172E-07	1E10	227272727	1E-30	1.71690713702162E-10	1E10	1E-30	1E10	2.05412575532396E-02	1.56553071975062E-05	1E10	254.154934623778	2.28949036627295E-05	1E10	25.4154934623778	3.22286819915768E-05	1E10	2.42716078266471	4.02074892000935E-05	1E10	0.441670656019945	3.21949291486533E-05	1E10	0.121406111229554	1.50183769859747E-05	1E10	1.98848431312853E-02	1E-30	4.51878195218509E-11	0.200694265660071	8.65981418710888E-09	9.32217517886034E-11	0.035912537016959	1.36599938708503E-11	2.55139514544271E-11	1.94104783753329	1E10	1E-30	1E-10	1E10	1E-30	1E-10	1E10	1E-30	1E-10	1E10	1E-30	1E-10	1E10	1E-30	1E-10	1E10	1E-30	1E-10
120	2.16938114363519E-07	1E10	227272727.272727	1E-30	2.01554395497656E-10	1E10	1E-30	1E10	0.0172	2.14355061637851E-05	1E10	185.620696189559	2.95537882320015E-05	1E10	24.4695733567417	3.13114308109207E-05	1E10	3.6193151206854	3.80872049641675E-05	1E10	0.466258108165915	2.91378826055111E-05	1E10	0.103507864343909	1.59289667015797E-05	1E10	0.017702968766457	1E-30	2.96810847550817E-11	0.18221072292758	1E-30	1.09E-10	0.0556	1.40722159817636E-06	1.45608345922415E-11	5.80364614837111E-03	5.49E-7	1.96E-11	8.07E-3	7.80223981104062E-12	3.68043924005227E-11	5.64659235136193	1E10	1E-30	1E-10	1E10	1E-30	1E-10	1E10	1E-30	1E-10	1E10	1E-30	1E-10
121	1.3695967051661E-07	1E10	227272727.272727	1E-30	1.43602989910597E-10	1E10	1E-30	1E10	1.64641217929376E-02	4.13282927962896E-06	1E10	962.74810985045	4.88801710669903E-06	1E10	91.9417307113331	4.04029460591499E-06	1E10	9.6274810985045	3.31404275293717E-06	1E10	0.99412636238067	2.81201151951043E-06	1E10	0.112034948246916	2.15696066257197E-06	1E10	2.22440032820484E-02	1E-30	2.54870329541673E-11	0.218660892492323	1E-30	1.33903686395111E-10	6.69455003680123E-02	1.58335145111762E-06	7.071907578134E-12	6.36966536737632E-03	5.41187133081966E-07	1.10893028657304E-11	1.08834465042615E-02	2.55354458179526E-12	8.73092922868055E-11	19.5499597926249	1E10	1E-30	1E-10	1E10	1E-30	1E-10	1E10	1E-30	1E-10	1E10	1E-30	1E-10
122	1.3695967051661E-07	1E10	227272727.272727	1E-30	1.43602989910597E-10	1E10	1E-30	1E10	1.64641217929376E-02	4.13282927962896E-06	1E10	962.74810985045	4.88801710669903E-06	1E10	91.9417307113331	4.04029460591499E-06	1E10	9.6274810985045	3.31404275293717E-06	1E10	0.99412636238067	2.81201151951043E-06	1E10	0.112034948246916	2.15696066257197E-06	1E10	2.22440032820484E-02	1E-30	2.54870329541673E-11	0.218660892492323	1E-30	1.33903686395111E-10	6.69455003680123E-02	1.58335145111762E-06	7.071907578134E-12	6.36966536737632E-03	5.41187133081966E-07	1.10893028657304E-11	1.08834465042615E-02	2.55354458179526E-12	8.73092922868055E-11	19.5499597926249	1E10	1E-30	1E-10	1E10	1E-30	1E-10	1E10	1E-30	1E-10	1E10	1E-30	1E-10
123	2.19342314406172E-07	1E10	227272727	1E-30	1.71690713702162E-10	1E10	1E-30	1E10	2.05412575532396E-02	1.56553071975062E-05	1E10	254.154934623778	2.28949036627295E-05	1E10	25.4154934623778	3.22286819915768E-05	1E10	2.42716078266471	4.02074892000935E-05	1E10	0.441670656019945	3.21949291486533E-05	1E10	0.121406111229554	1.50183769859747E-05	1E10	1.98848431312853E-02	1E-30	4.51878195218509E-11	0.200694265660071	8.65981418710888E-09	9.32217517886034E-11	0.035912537016959	1.36599938708503E-11	2.55139514544271E-11	1.94104783753329	1E10	1E-30	1E-10	1E10	1E-30	1E-10	1E10	1E-30	1E-10	1E10	1E-30	1E-10	1E10	1E-30	1E-10	1E10	1E-30	1E-10
124	2.16938114363519E-07	1E10	227272727.272727	1E-30	2.01554395497656E-10	1E10	1E-30	1E10	0.0172	2.14355061637851E-05	1E10	185.620696189559	2.95537882320015E-05	1E10	24.4695733567417	3.13114308109207E-05	1E10	3.6193151206854	3.80872049641675E-05	1E10	0.466258108165915	2.91378826055111E-05	1E10	0.103507864343909	1.59289667015797E-05	1E10	0.017702968766457	1E-30	2.96810847550817E-11	0.18221072292758	1E-30	1.09E-10	0.0556	1.40722159817636E-06	1.45608345922415E-11	5.80364614837111E-03	5.49E-7	1.96E-11	8.07E-3	7.80223981104062E-12	3.68043924005227E-11	5.64659235136193	1E10	1E-30	1E-10	1E10	1E-30	1E-10	1E10	1E-30	1E-10	1E10	1E-30	1E-10
125	2.16938114363519E-07	1E10	227272727.272727	1E-30	2.01554395497656E-10	1E10	1E-30	1E10	0.0172	2.14355061637851E-05	1E10	185.620696189559	2.95537882320015E-05	1E10	24.4695733567417	3.13114308109207E-05	1E10	3.6193151206854	3.80872049641675E-05	1E10	0.466258108165915	2.91378826055111E-05	1E10	0.103507864343909	1.59289667015797E-05	1E10	0.017702968766457	1E-30	2.96810847550817E-11	0.18221072292758	1E-30	1.09E-10	0.0556	1.40722159817636E-06	1.45608345922415E-11	5.80364614837111E-03	5.49E-7	1.96E-11	8.07E-3	7.80223981104062E-12	3.68043924005227E-11	5.64659235136193	1E10	1E-30	1E-10	1E10	1E-30	1E-10	1E10	1E-30	1E-10	1E10	1E-30	1E-10
126	1.38280210140488E-07	1E10	227272727.272727	1E-30	1.12200742699629E-10	1E10	1E-30	1E10	0.018391116169759	4.1605029208181E-06	1E10	700.229512406735	1.09432376628151E-05	1E10	59.5991973481275	5.10348368005969E-06	1E10	26.0159932312637	4.18761383364476E-06	1E10	3.93767991944195	3.53753767832718E-06	1E10	0.535918344431139	3.70564677047407E-06	1E10	7.58893141304753E-02	2.08676876363833E-06	1E10	2.47608701175307E-02	1E-30	1.74563236546609E-11	0.102332216224923	1E-30	9.10151931445384E-11	7.75745606152299E-02	6.64829771548659E-07	1.70103799205539E-11	7.72233914374143E-03	2.18830162724542E-07	2.85205767156378E-11	1.47179726371455E-02	1.52665244474792E-12	1.17809654929617E-10	26.7801100637818	1E10	1E-30	1E-10	1E10	1E-30	1E-10	1E10	1E-30	1E-10
127	1.3695967051661E-07	1E10	227272727.272727	1E-30	1.43602989910597E-10	1E10	1E-30	1E10	1.64641217929376E-02	4.13282927962896E-06	1E10	962.74810985045	4.88801710669903E-06	1E10	91.9417307113331	4.04029460591499E-06	1E10	9.6274810985045	3.31404275293717E-06	1E10	0.99412636238067	2.81201151951043E-06	1E10	0.112034948246916	2.15696066257197E-06	1E10	2.22440032820484E-02	1E-30	2.54870329541673E-11	0.218660892492323	1E-30	1.33903686395111E-10	6.69455003680123E-02	1.58335145111762E-06	7.071907578134E-12	6.36966536737632E-03	5.41187133081966E-07	1.10893028657304E-11	1.08834465042615E-02	2.55354458179526E-12	8.73092922868055E-11	19.5499597926249	1E10	1E-30	1E-10	1E10	1E-30	1E-10	1E10	1E-30	1E-10	1E10	1E-30	1E-10
128	1.3695967051661E-07	1E10	227272727.272727	1E-30	1.43602989910597E-10	1E10	1E-30	1E10	1.64641217929376E-02	4.13282927962896E-06	1E10	962.74810985045	4.88801710669903E-06	1E10	91.9417307113331	4.04029460591499E-06	1E10	9.6274810985045	3.31404275293717E-06	1E10	0.99412636238067	2.81201151951043E-06	1E10	0.112034948246916	2.15696066257197E-06	1E10	2.22440032820484E-02	1E-30	2.54870329541673E-11	0.218660892492323	1E-30	1.33903686395111E-10	6.69455003680123E-02	1.58335145111762E-06	7.071907578134E-12	6.36966536737632E-03	5.41187133081966E-07	1.10893028657304E-11	1.08834465042615E-02	2.55354458179526E-12	8.73092922868055E-11	19.5499597926249	1E10	1E-30	1E-10	1E10	1E-30	1E-10	1E10	1E-30	1E-10	1E10	1E-30	1E-10
129	1.3695967051661E-07	1E10	227272727.272727	1E-30	1.43602989910597E-10	1E10	1E-30	1E10	1.64641217929376E-02	4.13282927962896E-06	1E10	962.74810985045	4.88801710669903E-06	1E10	91.9417307113331	4.04029460591499E-06	1E10	9.6274810985045	3.31404275293717E-06	1E10	0.99412636238067	2.81201151951043E-06	1E10	0.112034948246916	2.15696066257197E-06	1E10	2.22440032820484E-02	1E-30	2.54870329541673E-11	0.218660892492323	1E-30	1.33903686395111E-10	6.69455003680123E-02	1.58335145111762E-06	7.071907578134E-12	6.36966536737632E-03	5.41187133081966E-07	1.10893028657304E-11	1.08834465042615E-02	2.55354458179526E-12	8.73092922868055E-11	19.5499597926249	1E10	1E-30	1E-10	1E10	1E-30	1E-10	1E10	1E-30	1E-10	1E10	1E-30	1E-10
130	1.38280210140488E-07	1E10	227272727.272727	1E-30	1.12200742699629E-10	1E10	1E-30	1E10	0.018391116169759	4.1605029208181E-06	1E10	700.229512406735	1.09432376628151E-05	1E10	59.5991973481275	5.10348368005969E-06	1E10	26.0159932312637	4.18761383364476E-06	1E10	3.93767991944195	3.53753767832718E-06	1E10	0.535918344431139	3.70564677047407E-06	1E10	7.58893141304753E-02	2.08676876363833E-06	1E10	2.47608701175307E-02	1E-30	1.74563236546609E-11	0.102332216224923	1E-30	9.10151931445384E-11	7.75745606152299E-02	6.64829771548659E-07	1.70103799205539E-11	7.72233914374143E-03	2.18830162724542E-07	2.85205767156378E-11	1.47179726371455E-02	1.52665244474792E-12	1.17809654929617E-10	26.7801100637818	1E10	1E-30	1E-10	1E10	1E-30	1E-10	1E10	1E-30	1E-10
131	3.17220827607033E-07	1E10	151515151.515151	1E-30	2.16E-10	1E10	1E-30	1E10	0.0137	2.63768638305983E-05	1E10	150.847106117358	4.05973938430859E-05	1E10	16.1635586343975	4.06634330865354E-05	1E10	2.23119219989084	4.72344704422362E-05	1E10	0.300979546158076	5.85269538541732E-05	1E10	4.29955744197777E-02	2.57E-5	1E10	0.0137	1E-30	9.08E-12	0.189	1E-30	2.74E-11	0.095	1E-30	1.06E-10	0.0419	2.97999999999999E-06	1.17E-11	4.44E-3	7.93999999999999E-07	2.20999999999999E-11	9.18E-3	1.57E-11	2.04E-11	4.13	1E10	1E-30	1E-10	1E10	1E-30	1E-10	1E10	1E-30	1E-10
132	3.17220827607033E-07	1E10	151515151.515151	1E-30	2.16E-10	1E10	1E-30	1E10	0.0137	2.63768638305983E-05	1E10	150.847106117358	4.05973938430859E-05	1E10	16.1635586343975	4.06634330865354E-05	1E10	2.23119219989084	4.72344704422362E-05	1E10	0.300979546158076	5.85269538541732E-05	1E10	4.29955744197777E-02	2.57E-5	1E10	0.0137	1E-30	9.08E-12	0.189	1E-30	2.74E-11	0.095	1E-30	1.06E-10	0.0419	2.97999999999999E-06	1.17E-11	4.44E-3	7.93999999999999E-07	2.20999999999999E-11	9.18E-3	1.57E-11	2.04E-11	4.13	1E10	1E-30	1E-10	1E10	1E-30	1E-10	1E10	1E-30	1E-10
133	3.17220827607033E-07	1E10	151515151.515151	1E-30	2.16E-10	1E10	1E-30	1E10	0.0137	2.63768638305983E-05	1E10	150.847106117358	4.05973938430859E-05	1E10	16.1635586343975	4.06634330865354E-05	1E10	2.23119219989084	4.72344704422362E-05	1E10	0.300979546158076	5.85269538541732E-05	1E10	4.29955744197777E-02	2.57E-5	1E10	0.0137	1E-30	9.08E-12	0.189	1E-30	2.74E-11	0.095	1E-30	1.06E-10	0.0419	2.97999999999999E-06	1.17E-11	4.44E-3	7.93999999999999E-07	2.20999999999999E-11	9.18E-3	1.57E-11	2.04E-11	4.13	1E10	1E-30	1E-10	1E10	1E-30	1E-10	1E10	1E-30	1E-10
134	4.44109158649847E-07	1E10	106382978.723404	1E-30	2.01310867516896E-10	1E10	1E-30	1E10	0.0112	3.69793795043145E-05	1E10	107.597088718947	6.06787808010281E-05	1E10	10.2754422004085	5.62761304455661E-05	1E10	1.86982309946807	7.20451881013626E-05	1E10	0.246490690078222	6.93646315443541E-05	1E10	4.64271189552959E-02	3.68E-5	1E10	0.0121	1E-30	1.41253754462275E-11	0.212758394593214	1E-30	2.75E-11	0.0999	1E-30	1.27E-10	0.042	2.84376031298141E-06	1.49517294806239E-11	3.68E-3	1.02E-6	2.6E-11	7.04999999999999E-03	4.0927672024328E-11	8.26437413164359E-12	0.776247116628692	1E10	1E-30	1E-10	1E10	1E-30	1E-10	1E10	1E-30	1E-10
135	2.77771187671447E-07	1E10	106382978.723404	1E-30	1.81071129439884E-10	1E10	1E-30	1E10	1.39836681087069E-02	8.14093590300121E-06	1E10	488.748913479412	1.13125259085367E-05	1E10	51.1782940133151	1.05208858223278E-05	1E10	6.90376190183247	1.13164505181679E-05	1E10	1.25627814604034	8.01943838150224E-06	1E10	0.304547993564424	6.8055869209198E-06	1E10	4.77348522565134E-02	4.47951410194324E-06	1E10	1.50897756120309E-02	1E-30	2.56444702297419E-11	0.141484459618606	1E-30	1.10836788040705E-10	5.60803083710354E-02	1.59230949237866E-06	1.64150073611366E-11	6.0385249323679E-03	5.15710417531967E-07	2.30045778403446E-11	1.05211353485827E-02	3.03061704381949E-12	5.9207240183716E-11	8.81312402864619	1E10	1E-30	1E-10	1E10	1E-30	1E-10	1E10	1E-30	1E-10
136	4.44109158649847E-07	1E10	106382978.723404	1E-30	2.01310867516896E-10	1E10	1E-30	1E10	0.0112	3.69793795043145E-05	1E10	107.597088718947	6.06787808010281E-05	1E10	10.2754422004085	5.62761304455661E-05	1E10	1.86982309946807	7.20451881013626E-05	1E10	0.246490690078222	6.93646315443541E-05	1E10	4.64271189552959E-02	3.68E-5	1E10	0.0121	1E-30	1.41253754462275E-11	0.212758394593214	1E-30	2.75E-11	0.0999	1E-30	1.27E-10	0.042	2.84376031298141E-06	1.49517294806239E-11	3.68E-3	1.02E-6	2.6E-11	7.04999999999999E-03	4.0927672024328E-11	8.26437413164359E-12	0.776247116628692	1E10	1E-30	1E-10	1E10	1E-30	1E-10	1E10	1E-30	1E-10
137	4.44109158649847E-07	1E10	106382978.723404	1E-30	2.01310867516896E-10	1E10	1E-30	1E10	0.0112	3.69793795043145E-05	1E10	107.597088718947	6.06787808010281E-05	1E10	10.2754422004085	5.62761304455661E-05	1E10	1.86982309946807	7.20451881013626E-05	1E10	0.246490690078222	6.93646315443541E-05	1E10	4.64271189552959E-02	3.68E-5	1E10	0.0121	1E-30	1.41253754462275E-11	0.212758394593214	1E-30	2.75E-11	0.0999	1E-30	1.27E-10	0.042	2.84376031298141E-06	1.49517294806239E-11	3.68E-3	1.02E-6	2.6E-11	7.04999999999999E-03	4.0927672024328E-11	8.26437413164359E-12	0.776247116628692	1E10	1E-30	1E-10	1E10	1E-30	1E-10	1E10	1E-30	1E-10
138	2.77771187671447E-07	1E10	106382978.723404	1E-30	1.81071129439884E-10	1E10	1E-30	1E10	1.39836681087069E-02	8.14093590300121E-06	1E10	488.748913479412	1.13125259085367E-05	1E10	51.1782940133151	1.05208858223278E-05	1E10	6.90376190183247	1.13164505181679E-05	1E10	1.25627814604034	8.01943838150224E-06	1E10	0.304547993564424	6.8055869209198E-06	1E10	4.77348522565134E-02	4.47951410194324E-06	1E10	1.50897756120309E-02	1E-30	2.56444702297419E-11	0.141484459618606	1E-30	1.10836788040705E-10	5.60803083710354E-02	1.59230949237866E-06	1.64150073611366E-11	6.0385249323679E-03	5.15710417531967E-07	2.30045778403446E-11	1.05211353485827E-02	3.03061704381949E-12	5.9207240183716E-11	8.81312402864619	1E10	1E-30	1E-10	1E10	1E-30	1E-10	1E10	1E-30	1E-10
139	2.77771187671447E-07	1E10	106382978.723404	1E-30	1.81071129439884E-10	1E10	1E-30	1E10	1.39836681087069E-02	8.14093590300121E-06	1E10	488.748913479412	1.13125259085367E-05	1E10	51.1782940133151	1.05208858223278E-05	1E10	6.90376190183247	1.13164505181679E-05	1E10	1.25627814604034	8.01943838150224E-06	1E10	0.304547993564424	6.8055869209198E-06	1E10	4.77348522565134E-02	4.47951410194324E-06	1E10	1.50897756120309E-02	1E-30	2.56444702297419E-11	0.141484459618606	1E-30	1.10836788040705E-10	5.60803083710354E-02	1.59230949237866E-06	1.64150073611366E-11	6.0385249323679E-03	5.15710417531967E-07	2.30045778403446E-11	1.05211353485827E-02	3.03061704381949E-12	5.9207240183716E-11	8.81312402864619	1E10	1E-30	1E-10	1E10	1E-30	1E-10	1E10	1E-30	1E-10
140	2.77771187671447E-07	1E10	106382978.723404	1E-30	1.81071129439884E-10	1E10	1E-30	1E10	1.39836681087069E-02	8.14093590300121E-06	1E10	488.748913479412	1.13125259085367E-05	1E10	51.1782940133151	1.05208858223278E-05	1E10	6.90376190183247	1.13164505181679E-05	1E10	1.25627814604034	8.01943838150224E-06	1E10	0.304547993564424	6.8055869209198E-06	1E10	4.77348522565134E-02	4.47951410194324E-06	1E10	1.50897756120309E-02	1E-30	2.56444702297419E-11	0.141484459618606	1E-30	1.10836788040705E-10	5.60803083710354E-02	1.59230949237866E-06	1.64150073611366E-11	6.0385249323679E-03	5.15710417531967E-07	2.30045778403446E-11	1.05211353485827E-02	3.03061704381949E-12	5.9207240183716E-11	8.81312402864619	1E10	1E-30	1E-10	1E10	1E-30	1E-10	1E10	1E-30	1E-10
141	2.77771187671447E-07	1E10	106382978.723404	1E-30	1.81071129439884E-10	1E10	1E-30	1E10	1.39836681087069E-02	8.14093590300121E-06	1E10	488.748913479412	1.13125259085367E-05	1E10	51.1782940133151	1.05208858223278E-05	1E10	6.90376190183247	1.13164505181679E-05	1E10	1.25627814604034	8.01943838150224E-06	1E10	0.304547993564424	6.8055869209198E-06	1E10	4.77348522565134E-02	4.47951410194324E-06	1E10	1.50897756120309E-02	1E-30	2.56444702297419E-11	0.141484459618606	1E-30	1.10836788040705E-10	5.60803083710354E-02	1.59230949237866E-06	1.64150073611366E-11	6.0385249323679E-03	5.15710417531967E-07	2.30045778403446E-11	1.05211353485827E-02	3.03061704381949E-12	5.9207240183716E-11	8.81312402864619	1E10	1E-30	1E-10	1E10	1E-30	1E-10	1E10	1E-30	1E-10
142	6.52473886693054E-07	1E10	73529411.7647058	1E-30	2.01118120495039E-10	1E10	1E-30	1E10	9.73043640048816E-03	5.03093428363553E-05	1E10	79.0881644039704	6.8663489532372E-05	1E10	9.08053623779595	7.31161394393217E-05	1E10	1.43916800671792	1.94035269199143E-04	1E10	0.114317178224791	7.53221316447302E-05	1E10	6.46667364233763E-02	5.85540473668878E-05	1E10	6.76666745996673E-03	1E-30	3.29630376937661E-11	0.17867581972132	1E-30	1.13706795952095E-10	4.07301028053542E-02	6.77059332717655E-07	5.70297797917815E-11	9.01589330185567E-03	1.61593013333346E-11	2.03210762705755E-11	0.997371199055601	1E10	1E-30	1E-10	1E10	1E-30	1E-10	1E10	1E-30	1E-10	1E10	1E-30	1E-10	1E10	1E-30	1E-10
143	6.52473886693054E-07	1E10	73529411.7647058	1E-30	2.01118120495039E-10	1E10	1E-30	1E10	9.73043640048816E-03	5.03093428363553E-05	1E10	79.0881644039704	6.8663489532372E-05	1E10	9.08053623779595	7.31161394393217E-05	1E10	1.43916800671792	1.94035269199143E-04	1E10	0.114317178224791	7.53221316447302E-05	1E10	6.46667364233763E-02	5.85540473668878E-05	1E10	6.76666745996673E-03	1E-30	3.29630376937661E-11	0.17867581972132	1E-30	1.13706795952095E-10	4.07301028053542E-02	6.77059332717655E-07	5.70297797917815E-11	9.01589330185567E-03	1.61593013333346E-11	2.03210762705755E-11	0.997371199055601	1E10	1E-30	1E-10	1E10	1E-30	1E-10	1E10	1E-30	1E-10	1E10	1E-30	1E-10	1E10	1E-30	1E-10
144	6.52473886693054E-07	1E10	73529411.7647058	1E-30	2.01118120495039E-10	1E10	1E-30	1E10	9.73043640048816E-03	5.03093428363553E-05	1E10	79.0881644039704	6.8663489532372E-05	1E10	9.08053623779595	7.31161394393217E-05	1E10	1.43916800671792	1.94035269199143E-04	1E10	0.114317178224791	7.53221316447302E-05	1E10	6.46667364233763E-02	5.85540473668878E-05	1E10	6.76666745996673E-03	1E-30	3.29630376937661E-11	0.17867581972132	1E-30	1.13706795952095E-10	4.07301028053542E-02	6.77059332717655E-07	5.70297797917815E-11	9.01589330185567E-03	1.61593013333346E-11	2.03210762705755E-11	0.997371199055601	1E10	1E-30	1E-10	1E10	1E-30	1E-10	1E10	1E-30	1E-10	1E10	1E-30	1E-10	1E10	1E-30	1E-10
145	8.59423635965153E-07	1E10	5E7	1E-30	1.41148924475576E-10	1E10	1E-30	1E10	8.69308486391588E-03	5.52188312422939E-06	1E10	1266.51887580912	2.83861665879298E-05	1E10	9.7181096244642	2.82301764529634E-05	1E10	0.967936070627963	2.14913691923509E-05	1E10	0.126934793483723	1.86396336897808E-05	1E10	1.52891272773453E-02	1E-30	3.48099255620954E-11	0.161477864460067	1E-30	1.32137150935141E-10	3.53885675526665E-02	1.8459696141917E-06	4.48420793252356E-11	5.54730741774949E-03	1.70091711660787E-06	2.36470802397015E-11	6.22597431646419E-03	6.57552294890468E-12	4.17693476294343E-11	7.73061070072246	1E10	1E-30	1E-10	1E10	1E-30	1E-10	1E10	1E-30	1E-10	1E10	1E-30	1E-10	1E10	1E-30	1E-10
146	7.17975211606605E-07	1E10	5E7	1E-30	1.89491918951229E-10	1E10	1E-30	1E10	1.31812626063822E-02	1.86212960276718E-05	1E10	117.262348822481	2.77036539555864E-05	1E10	15.3414283243327	3.07198419174324E-05	1E10	3.95722425881465	2.45599049829619E-05	1E10	1.34203213206634	2.13698230401382E-05	1E10	0.398983976339971	1.29896950804711E-05	1E10	0.10718826161699	9.02730057555785E-06	1E10	2.38369925408341E-02	1E-30	2.68428472228811E-11	0.210917510217296	1E-30	2.3540116566453E-11	6.46302520953865E-02	1E-30	6.37282114085935E-11	2.15371755808508E-02	1E-30	6.60761808119094E-11	1.66109895442495E-02	1.40463771850006E-06	3.13293033907891E-11	7.55441055889339E-03	3.06523525628917E-06	5.68800899945169E-12	3.09124223352555E-03	3.17872740519467E-11	1.55732455978687E-11	1.01889702519367	1E10	1E-30	1E-10
147	5.56098645682094E-07	1E10	5E7	1E-30	1.54471002737277E-10	1E10	1E-30	1E10	1.05779380405817E-02	1.76637582028793E-05	1E10	122.796796262402	1.64933804580018E-05	1E10	17.1869537784447	1.46623072951821E-05	1E10	2.4109503435367	1.49297735105505E-05	1E10	0.302147614794932	1.1482640631285E-05	1E10	5.23504433593629E-02	1.38106366599941E-05	1E10	9.18047534654443E-03	1E-30	2.04737522044543E-11	0.23672090237667	1E-30	2.19004197062679E-11	6.72047463254706E-02	1E-30	1.20361555440112E-10	3.79508941700676E-02	4.54247433517528E-06	1.13763353299164E-11	3.84664619013822E-03	8.42439312153318E-07	3.21256577791182E-11	5.60045083834557E-03	7.38717456875134E-12	2.47224295809359E-11	4.09595598511571	1E10	1E-30	1E-10	1E10	1E-30	1E-10	1E10	1E-30	1E-10
148	6.72863011476733E-07	1E10	5E7	1E-30	1.81227505900077E-10	1E10	1E-30	1E10	9.31262159366351E-03	6.7460995513741E-05	1E10	35.7434294219426	7.54144016569578E-05	1E10	5.40213053490751	4.86881613505102E-05	1E10	1.62912405886866	3.71338724963272E-05	1E10	0.385941454003516	2.61435472685049E-05	1E10	7.29725865153703E-02	1.66443063203825E-05	1E10	1.36625243219252E-02	1E-30	9.71541533636119E-12	0.139954426115245	1E-30	3.24758209609826E-11	0.103957446619862	1E-30	1.44313390635668E-10	3.22536926300064E-02	4.59874805828583E-06	1.55089470800017E-11	3.88052432810789E-03	2.2809742055543E-06	1.65263715505881E-11	5.09570336127539E-03	2.71324520710668E-11	1.15263380967545E-11	1.73896908364825	1E10	1E-30	1E-10	1E10	1E-30	1E-10	1E10	1E-30	1E-10
149	6.72863011476733E-07	1E10	5E7	1E-30	1.81227505900077E-10	1E10	1E-30	1E10	9.31262159366351E-03	6.7460995513741E-05	1E10	35.7434294219426	7.54144016569578E-05	1E10	5.40213053490751	4.86881613505102E-05	1E10	1.62912405886866	3.71338724963272E-05	1E10	0.385941454003516	2.61435472685049E-05	1E10	7.29725865153703E-02	1.66443063203825E-05	1E10	1.36625243219252E-02	1E-30	9.71541533636119E-12	0.139954426115245	1E-30	3.24758209609826E-11	0.103957446619862	1E-30	1.44313390635668E-10	3.22536926300064E-02	4.59874805828583E-06	1.55089470800017E-11	3.88052432810789E-03	2.2809742055543E-06	1.65263715505881E-11	5.09570336127539E-03	2.71324520710668E-11	1.15263380967545E-11	1.73896908364825	1E10	1E-30	1E-10	1E10	1E-30	1E-10	1E10	1E-30	1E-10
150	8.35880119478756E-07	1E10	5E7	1E-30	1.16026439454283E-10	1E10	1E-30	1E10	0.010388096675612	2.58685865751976E-05	1E10	214.746540803439	3.91735782703151E-05	1E10	10.8581858276912	4.33059258417669E-05	1E10	0.962077171211619	3.90469733318474E-05	1E10	0.105845883708702	2.26322455604869E-05	1E10	1.84916478951307E-02	1E-30	3.29073799956751E-11	0.280703916961987	1E-30	2.43294204770305E-11	6.13709811992773E-02	1E-30	1.22236875085505E-10	3.09688084363054E-02	8.98041951735523E-07	5.27127444480244E-11	8.91358457357808E-03	2.52089274450945E-12	7.00955165304761E-11	11.665225076498	1E10	1E-30	1E-10	1E10	1E-30	1E-10	1E10	1E-30	1E-10	1E10	1E-30	1E-10	1E10	1E-30	1E-10
151	7.94727216653147E-07	1E10	5E7	1E-30	1.79744771971545E-10	1E10	1E-30	1E10	0.0172703991257	3.12907795688296E-05	1E10	134.563008539059	4.35555194920988E-05	1E10	15.4742594610486	5.51880476486773E-05	1E10	1.66736352945807	6.27178576905023E-05	1E10	0.159884024547262	5.75965353641892E-05	1E10	2.18874831607585E-02	7.50473272030938E-05	1E10	5.54149451390605E-03	1E-30	1.43149995312942E-11	0.133200488570115	1E-30	5.75284500086651E-11	0.125163640849608	2.68784407053523E-08	8.43712812220607E-11	2.19569253175988E-02	3.50080028117352E-11	1.17499543541383E-11	0.919521792910098	1E10	1E-30	1E-10	1E10	1E-30	1E-10	1E10	1E-30	1E-10	1E10	1E-30	1E-10	1E10	1E-30	1E-10
152	7.82311764397031E-07	1E10	5E7	1E-30	1.77549543756946E-10	1E10	1E-30	1E10	1.41561974137735E-02	4.37192823522218E-06	1E10	1714.05933822984	3.27610703612431E-05	1E10	14.5524022909542	3.37507042509282E-05	1E10	1.32862500204225	3.13998472404468E-05	1E10	0.148476825090319	2.08694891639457E-05	1E10	2.26625226212071E-02	1E-30	3.37891720697957E-11	0.140981304727257	1E-30	1.10001373599566E-10	4.23974515588521E-02	5.33427138355582E-07	8.71411883426275E-11	1.33328793521497E-02	7.85908424236711E-12	4.09209383355419E-11	2.7136387855956	1E10	1E-30	1E-10	1E10	1E-30	1E-10	1E10	1E-30	1E-10	1E10	1E-30	1E-10	1E10	1E-30	1E-10	1E10	1E-30	1E-10
153	7.94727216653147E-07	1E10	5E7	1E-30	1.79744771971545E-10	1E10	1E-30	1E10	0.0172703991257	3.12907795688296E-05	1E10	134.563008539059	4.35555194920988E-05	1E10	15.4742594610486	5.51880476486773E-05	1E10	1.66736352945807	6.27178576905023E-05	1E10	0.159884024547262	5.75965353641892E-05	1E10	2.18874831607585E-02	7.50473272030938E-05	1E10	5.54149451390605E-03	1E-30	1.43149995312942E-11	0.133200488570115	1E-30	5.75284500086651E-11	0.125163640849608	2.68784407053523E-08	8.43712812220607E-11	2.19569253175988E-02	3.50080028117352E-11	1.17499543541383E-11	0.919521792910098	1E10	1E-30	1E-10	1E10	1E-30	1E-10	1E10	1E-30	1E-10	1E10	1E-30	1E-10	1E10	1E-30	1E-10
154	6.606409671543E-07	1E10	5E7	1E-30	9.93384193888502E-11	1E10	1E-30	1E10	0.011150916507331	2.54952109088274E-06	1E10	2743.09133266552	1.18653702447181E-05	1E10	25.3519564450144	1.24757372877893E-05	1E10	2.42098742860651	9.90474005919978E-06	1E10	0.295231933993136	7.18502012570837E-06	1E10	3.13118361164073E-02	1E-30	3.53655259201142E-11	0.147558453823148	1E-30	1.21186548856108E-10	3.59620182473837E-02	1.95375481739142E-06	2.54326857338997E-11	5.15475622593598E-03	1.30182859416217E-06	2.16184878060282E-11	5.50894738389798E-03	1.40365652233254E-12	9.71732212126127E-11	18.4685683112096	1E10	1E-30	1E-10	1E10	1E-30	1E-10	1E10	1E-30	1E-10	1E10	1E-30	1E-10	1E10	1E-30	1E-10
155	5.56098645682094E-07	1E10	5E7	1E-30	1.54471002737277E-10	1E10	1E-30	1E10	1.05779380405817E-02	1.76637582028793E-05	1E10	122.796796262402	1.64933804580018E-05	1E10	17.1869537784447	1.46623072951821E-05	1E10	2.4109503435367	1.49297735105505E-05	1E10	0.302147614794932	1.1482640631285E-05	1E10	5.23504433593629E-02	1.38106366599941E-05	1E10	9.18047534654443E-03	1E-30	2.04737522044543E-11	0.23672090237667	1E-30	2.19004197062679E-11	6.72047463254706E-02	1E-30	1.20361555440112E-10	3.79508941700676E-02	4.54247433517528E-06	1.13763353299164E-11	3.84664619013822E-03	8.42439312153318E-07	3.21256577791182E-11	5.60045083834557E-03	7.38717456875134E-12	2.47224295809359E-11	4.09595598511571	1E10	1E-30	1E-10	1E10	1E-30	1E-10	1E10	1E-30	1E-10
156	6.72863011476733E-07	1E10	5E7	1E-30	1.81227505900077E-10	1E10	1E-30	1E10	9.31262159366351E-03	6.7460995513741E-05	1E10	35.7434294219426	7.54144016569578E-05	1E10	5.40213053490751	4.86881613505102E-05	1E10	1.62912405886866	3.71338724963272E-05	1E10	0.385941454003516	2.61435472685049E-05	1E10	7.29725865153703E-02	1.66443063203825E-05	1E10	1.36625243219252E-02	1E-30	9.71541533636119E-12	0.139954426115245	1E-30	3.24758209609826E-11	0.103957446619862	1E-30	1.44313390635668E-10	3.22536926300064E-02	4.59874805828583E-06	1.55089470800017E-11	3.88052432810789E-03	2.2809742055543E-06	1.65263715505881E-11	5.09570336127539E-03	2.71324520710668E-11	1.15263380967545E-11	1.73896908364825	1E10	1E-30	1E-10	1E10	1E-30	1E-10	1E10	1E-30	1E-10
157	5.56063723138571E-07	1E10	5E7	1E-30	1.59657063488729E-10	1E10	1E-30	1E10	1.09311945407776E-02	1.74782473475208E-05	1E10	171.266304420023	1.60542205508727E-05	1E10	22.7280497576595	1.49556507040734E-05	1E10	3.11263151970067	1.48666365469396E-05	1E10	0.401863855385062	1.16879603400007E-05	1E10	7.82770157368821E-02	1.1315260818946E-05	1E10	1.42730908320411E-02	1E-30	3.67538886816093E-11	0.226867104653607	1E-30	1.0662654833653E-10	4.25740520219433E-02	6.55097047489994E-06	8.09579770237244E-12	3.34718640145631E-03	6.65398126749504E-07	3.97443591979417E-11	1.15253095410241E-02	9.02741245388614E-12	2.21883015434992E-11	2.83512016711532	1E10	1E-30	1E-10	1E10	1E-30	1E-10	1E10	1E-30	1E-10	1E10	1E-30	1E-10
158	5.33261705581284E-07	1E10	5E7	1E-30	1.548803594782E-10	1E10	1E-30	1E10	9.60357282953478E-03	1.6746944140062E-05	1E10	57.8270411142897	1.56785003892436E-05	1E10	6.71188450072551	1.44382744653597E-05	1E10	0.85920738377337	1.25287258341677E-05	1E10	0.129600640188912	8.36785506556782E-06	1E10	2.18213418184114E-02	1E-30	2.98500253189464E-11	0.218653961026816	1E-30	1.03217331745129E-10	4.22067993361824E-02	3.07567359827426E-06	1.46343521769597E-11	4.60367207722548E-03	7.48295480422383E-07	3.15698056800866E-11	1.00991583347007E-02	8.41055615283964E-12	2.03069961898335E-11	2.08203918981916	1E10	1E-30	1E-10	1E10	1E-30	1E-10	1E10	1E-30	1E-10	1E10	1E-30	1E-10	1E10	1E-30	1E-10
159	1.73209600421904E-06	1E10	22727272.7272727	1E-30	1.32170261132549E-10	1E10	1E-30	1E10	4.94489993048772E-03	1.12599900047802E-04	1E10	29.4160936023854	1.08224659811548E-04	1E10	4.74637788263776	8.26057419911028E-05	1E10	1.06928823177765	9.08280361531599E-05	1E10	0.173887502919574	6.19527141530698E-05	1E10	4.23180540423851E-02	4.60595038400796E-05	1E10	8.20240972970731E-03	1E-30	1.45006138910627E-11	8.42389315774055E-02	1E-30	1.40493003968826E-10	2.35770739647485E-02	1E-30	2.15545707966791E-11	2.28999343189321E-02	6.46251465633558E-06	3.0018200149434E-11	4.18425124348706E-03	2.40935927318613E-06	4.02581449957872E-11	6.95588159336448E-03	7.25265582609335E-12	3.48234165319762E-11	835.680536441593	1.05757293831249E-11	2.01043807092289E-11	0.865227429737376	1E10	1E-30	1E-10	1E10	1E-30	1E-10
160	1.7339021579238E-06	1E10	22727272.7272727	1E-30	1.78896783714282E-10	1E10	1E-30	1E10	6.34586454200836E-03	5.99923270611639E-05	1E10	85.7369052068733	9.14415324532643E-05	1E10	5.82268392878056	8.034390274859E-05	1E10	0.94045896438842	7.76088576946337E-05	1E10	0.14677394786731	7.79155657208395E-05	1E10	2.69251896508936E-02	4.69488429584249E-05	1E10	8.75140427768972E-03	1E-30	1.9009813663273E-11	0.211955656489092	1E-30	3.14068794278872E-11	6.04197208008965E-02	1E-30	1.38253604158526E-10	2.71129339432493E-02	6.23892506223398E-06	3.27406391220869E-11	4.6695689480333E-03	2.47394707934384E-06	3.93077215299621E-11	6.91477042323453E-03	4.51149616945011E-11	8.51532025874297E-12	0.919071641493576	1E10	1E-30	1E-10	1E10	1E-30	1E-10	1E10	1E-30	1E-10
161	1.75205763271272E-06	1E10	22727272.7272727	1E-30	1.65576044089604E-10	1E10	1E-30	1E10	1.01911134765232E-02	8.06047722656821E-05	1E10	61.3735601217672	1.25109378652158E-04	1E10	6.22400985137146	1.81988975233748E-04	1E10	0.877690369882524	2.01218067468116E-04	1E10	0.172183889504839	1.57316406474079E-04	1E10	3.28360036390748E-02	9.62421454683954E-05	1E10	6.65113944426767E-03	1E-30	3.22132849654215E-11	0.274783202709998	1E-30	3.30712374752748E-11	4.86430859434349E-02	1E-30	1.28421597516082E-10	2.31518439870659E-02	2.236121084093E-06	5.54218941073789E-11	4.59134470298702E-03	2.081537649435E-11	1.58230165310816E-11	4.08533024734498	1E10	1E-30	1E-10	1E10	1E-30	1E-10	1E10	1E-30	1E-10	1E10	1E-30	1E-10
162	1.75205763271272E-06	1E10	22727272.7272727	1E-30	1.65576044089604E-10	1E10	1E-30	1E10	1.01911134765232E-02	8.06047722656821E-05	1E10	61.3735601217672	1.25109378652158E-04	1E10	6.22400985137146	1.81988975233748E-04	1E10	0.877690369882524	2.01218067468116E-04	1E10	0.172183889504839	1.57316406474079E-04	1E10	3.28360036390748E-02	9.62421454683954E-05	1E10	6.65113944426767E-03	1E-30	3.22132849654215E-11	0.274783202709998	1E-30	3.30712374752748E-11	4.86430859434349E-02	1E-30	1.28421597516082E-10	2.31518439870659E-02	2.236121084093E-06	5.54218941073789E-11	4.59134470298702E-03	2.081537649435E-11	1.58230165310816E-11	4.08533024734498	1E10	1E-30	1E-10	1E10	1E-30	1E-10	1E10	1E-30	1E-10	1E10	1E-30	1E-10
163	1.7339021579238E-06	1E10	22727272.7272727	1E-30	1.78896783714282E-10	1E10	1E-30	1E10	6.34586454200836E-03	5.99923270611639E-05	1E10	85.7369052068733	9.14415324532643E-05	1E10	5.82268392878056	8.034390274859E-05	1E10	0.94045896438842	7.76088576946337E-05	1E10	0.14677394786731	7.79155657208395E-05	1E10	2.69251896508936E-02	4.69488429584249E-05	1E10	8.75140427768972E-03	1E-30	1.9009813663273E-11	0.211955656489092	1E-30	3.14068794278872E-11	6.04197208008965E-02	1E-30	1.38253604158526E-10	2.71129339432493E-02	6.23892506223398E-06	3.27406391220869E-11	4.6695689480333E-03	2.47394707934384E-06	3.93077215299621E-11	6.91477042323453E-03	4.51149616945011E-11	8.51532025874297E-12	0.919071641493576	1E10	1E-30	1E-10	1E10	1E-30	1E-10	1E10	1E-30	1E-10
164	1.7339021579238E-06	1E10	22727272.7272727	1E-30	1.78896783714282E-10	1E10	1E-30	1E10	6.34586454200836E-03	5.99923270611639E-05	1E10	85.7369052068733	9.14415324532643E-05	1E10	5.82268392878056	8.034390274859E-05	1E10	0.94045896438842	7.76088576946337E-05	1E10	0.14677394786731	7.79155657208395E-05	1E10	2.69251896508936E-02	4.69488429584249E-05	1E10	8.75140427768972E-03	1E-30	1.9009813663273E-11	0.211955656489092	1E-30	3.14068794278872E-11	6.04197208008965E-02	1E-30	1.38253604158526E-10	2.71129339432493E-02	6.23892506223398E-06	3.27406391220869E-11	4.6695689480333E-03	2.47394707934384E-06	3.93077215299621E-11	6.91477042323453E-03	4.51149616945011E-11	8.51532025874297E-12	0.919071641493576	1E10	1E-30	1E-10	1E10	1E-30	1E-10	1E10	1E-30	1E-10
165	1.57882419958463E-06	1E10	22727272.7272727	1E-30	1.16337491433042E-10	1E10	1E-30	1E10	1.22412351835589E-02	3.80323543804858E-05	1E10	146.064832771655	6.06908425346964E-05	1E10	9.06912471855778	9.06402668308041E-05	1E10	0.615530112889257	9.72003972337427E-05	1E10	5.65572706216324E-02	4.6543255007169E-05	1E10	1.17577939777281E-02	1E-30	5.44188794975193E-11	0.310915962454058	1E-30	9.05730877347344E-11	4.09098352014266E-02	3.1094521181317E-07	1.40237722661327E-10	7.61856742649965E-03	2.611557525429E-12	7.05680611288359E-11	246.044585127665	1E10	1E-30	1E-10	1E10	1E-30	1E-10	1E10	1E-30	1E-10	1E10	1E-30	1E-10	1E10	1E-30	1E-10	1E10	1E-30	1E-10
166	1.68179617422138E-06	1E10	22727273	1E-30	1.67336813184703E-10	1E10	1E-30	1E10	9.61716632605646E-03	3.26651024325065E-05	1E10	179.666539071746	1.05126020593763E-04	1E10	5.58396705635698	1.26047595362133E-04	1E10	0.70446322580098	1.38231319616767E-04	1E10	8.04444776378472E-02	8.83890146188605E-05	1E10	1.31447336695833E-02	1E-30	3.70545642986615E-11	0.181681180826881	1E-30	1.1959306446423E-10	4.05873658003396E-02	9.13827107934542E-07	7.53857740373083E-11	7.23668991996939E-03	2.19205338270928E-11	1.35859412068426E-11	0.95135303960128	1E10	1E-30	1E-10	1E10	1E-30	1E-10	1E10	1E-30	1E-10	1E10	1E-30	1E-10	1E10	1E-30	1E-10	1E10	1E-30	1E-10
167	1.57882419958463E-06	1E10	22727272.7272727	1E-30	1.16337491433042E-10	1E10	1E-30	1E10	1.22412351835589E-02	3.80323543804858E-05	1E10	146.064832771655	6.06908425346964E-05	1E10	9.06912471855778	9.06402668308041E-05	1E10	0.615530112889257	9.72003972337427E-05	1E10	5.65572706216324E-02	4.6543255007169E-05	1E10	1.17577939777281E-02	1E-30	5.44188794975193E-11	0.310915962454058	1E-30	9.05730877347344E-11	4.09098352014266E-02	3.1094521181317E-07	1.40237722661327E-10	7.61856742649965E-03	2.611557525429E-12	7.05680611288359E-11	246.044585127665	1E10	1E-30	1E-10	1E10	1E-30	1E-10	1E10	1E-30	1E-10	1E10	1E-30	1E-10	1E10	1E-30	1E-10	1E10	1E-30	1E-10
168	1.7339021579238E-06	1E10	22727272.7272727	1E-30	1.78896783714282E-10	1E10	1E-30	1E10	6.34586454200836E-03	5.99923270611639E-05	1E10	85.7369052068733	9.14415324532643E-05	1E10	5.82268392878056	8.034390274859E-05	1E10	0.94045896438842	7.76088576946337E-05	1E10	0.14677394786731	7.79155657208395E-05	1E10	2.69251896508936E-02	4.69488429584249E-05	1E10	8.75140427768972E-03	1E-30	1.9009813663273E-11	0.211955656489092	1E-30	3.14068794278872E-11	6.04197208008965E-02	1E-30	1.38253604158526E-10	2.71129339432493E-02	6.23892506223398E-06	3.27406391220869E-11	4.6695689480333E-03	2.47394707934384E-06	3.93077215299621E-11	6.91477042323453E-03	4.51149616945011E-11	8.51532025874297E-12	0.919071641493576	1E10	1E-30	1E-10	1E10	1E-30	1E-10	1E10	1E-30	1E-10
169	1.7339021579238E-06	1E10	22727272.7272727	1E-30	1.78896783714282E-10	1E10	1E-30	1E10	6.34586454200836E-03	5.99923270611639E-05	1E10	85.7369052068733	9.14415324532643E-05	1E10	5.82268392878056	8.034390274859E-05	1E10	0.94045896438842	7.76088576946337E-05	1E10	0.14677394786731	7.79155657208395E-05	1E10	2.69251896508936E-02	4.69488429584249E-05	1E10	8.75140427768972E-03	1E-30	1.9009813663273E-11	0.211955656489092	1E-30	3.14068794278872E-11	6.04197208008965E-02	1E-30	1.38253604158526E-10	2.71129339432493E-02	6.23892506223398E-06	3.27406391220869E-11	4.6695689480333E-03	2.47394707934384E-06	3.93077215299621E-11	6.91477042323453E-03	4.51149616945011E-11	8.51532025874297E-12	0.919071641493576	1E10	1E-30	1E-10	1E10	1E-30	1E-10	1E10	1E-30	1E-10
170	3.93296219048361E-06	1E10	10638298	1E-30	1.22578056160076E-10	1E10	1E-30	1E10	8.45920841254396E-03	1.98207116829022E-04	1E10	20.282645879229	2.86171153102017E-04	1E10	1.56755922533618	3.67139075182421E-04	1E10	0.154613086641852	4.03867508444491E-04	1E10	1.57534028391216E-02	4.26848720816073E-04	1E10	1.49876115881252E-03	1E-30	4.05049198294985E-11	0.214453599529858	1E-30	6.56910221119748E-11	3.40122297047875E-02	1E-30	2.09289628802408E-10	0.012721824642958	1.30341359497989E-05	2.24207912290702E-11	1.24361749495132E-03	1.8203576749727E-06	8.47306553242444E-11	8.15796833132456E-04	6.74615881928477E-12	4.0052606473691E-11	8.50455225851344	1E10	1E-30	1E-10	1E10	1E-30	1E-10	1E10	1E-30	1E-10	1E10	1E-30	1E-10
171	3.78209503875106E-06	1E10	10638298	1E-30	1.40588064456723E-10	1E10	1E-30	1E10	9.00065119915942E-03	2.1982683169532E-04	1E10	5.0380372127715	3.43006153567975E-04	1E10	0.393478381144238	4.13498792205157E-04	1E10	4.07034084806961E-02	3.03447478230115E-04	1E10	5.24690563735302E-03	1E-30	4.03036118759024E-11	0.197575488409351	1E-30	4.1946209050919E-11	2.80391019647121E-02	1E-30	1.56283576878335E-10	1.88015653983589E-02	1.69859042524825E-05	3.07947743856195E-11	1.32884826524189E-03	3.46815681866276E-06	5.89567748617461E-11	2.82492644461405E-03	4.82053091943508E-12	3.11042010381647E-11	4.13591523089524	1E10	1E-30	1E-10	1E10	1E-30	1E-10	1E10	1E-30	1E-10	1E10	1E-30	1E-10	1E10	1E-30	1E-10
172	3.84075046208311E-06	1E10	10638298	1E-30	1.50265136836147E-10	1E10	1E-30	1E10	4.42717421298486E-03	4.21833448458865E-04	1E10	5.41583251510463	4.02604138351665E-04	1E10	1.94682553617382	4.06932124930012E-04	1E10	0.351442466591406	4.4014119564811E-04	1E10	7.12367889060938E-02	3.7855642245522E-04	1E10	1.65571341403006E-02	2.28363528370358E-04	1E10	3.9969090005692E-03	1E-30	2.39363911227811E-11	0.116455167262445	1E-30	3.39597946983273E-11	2.84277011522928E-02	1E-30	1.50431003227206E-10	0.010898483336601	1E-30	7.32878808795158E-11	8.37362521612412E-03	3.6840330897807E-05	1.72056207269075E-11	2.56749489681646E-03	7.06895594930443E-06	4.27197339249344E-11	4.28923189579135E-03	3.9006714122932E-11	1.10487952359348E-11	0.675170870627678	1E10	1E-30	1E-10	1E10	1E-30	1E-10
173	3.84075046208311E-06	1E10	10638298	1E-30	1.50265136836147E-10	1E10	1E-30	1E10	4.42717421298486E-03	4.21833448458865E-04	1E10	5.41583251510463	4.02604138351665E-04	1E10	1.94682553617382	4.06932124930012E-04	1E10	0.351442466591406	4.4014119564811E-04	1E10	7.12367889060938E-02	3.7855642245522E-04	1E10	1.65571341403006E-02	2.28363528370358E-04	1E10	3.9969090005692E-03	1E-30	2.39363911227811E-11	0.116455167262445	1E-30	3.39597946983273E-11	2.84277011522928E-02	1E-30	1.50431003227206E-10	0.010898483336601	1E-30	7.32878808795158E-11	8.37362521612412E-03	3.6840330897807E-05	1.72056207269075E-11	2.56749489681646E-03	7.06895594930443E-06	4.27197339249344E-11	4.28923189579135E-03	3.9006714122932E-11	1.10487952359348E-11	0.675170870627678	1E10	1E-30	1E-10	1E10	1E-30	1E-10
174	3.83223979580675E-06	1E10	10638297.8723404	1E-30	1.65E-10	1E10	1E-30	1E10	5.60355722996072E-03	2.12376682069478E-04	1E10	25.9844363156507	3.04689839602605E-04	1E10	3.46585914803044	2.77251251180578E-04	1E10	0.591323804196292	3.49852733916868E-04	1E10	7.02378315967315E-02	3.17459053321703E-04	1E10	1.05891209699872E-02	3.45923456663601E-04	1E10	1.78994678501829E-03	1E-30	4.27712420989545E-11	4.30498170747378E-02	1E-30	1.89713034600928E-10	1.87596110153382E-02	6.97746880154764E-06	5.46426724028677E-11	3.05158035228703E-03	1.71785808714731E-10	2.35924455926606E-11	0.142469868138854	1.14013421370413E-11	2.22169421863852E-11	3.31400425534413	1E10	1E-30	1E-10	1E10	1E-30	1E-10	1E10	1E-30	1E-10	1E10	1E-30	1E-10
175	3.83223979580675E-06	1E10	10638297.8723404	1E-30	1.65E-10	1E10	1E-30	1E10	5.60355722996072E-03	2.12376682069478E-04	1E10	25.9844363156507	3.04689839602605E-04	1E10	3.46585914803044	2.77251251180578E-04	1E10	0.591323804196292	3.49852733916868E-04	1E10	7.02378315967315E-02	3.17459053321703E-04	1E10	1.05891209699872E-02	3.45923456663601E-04	1E10	1.78994678501829E-03	1E-30	4.27712420989545E-11	4.30498170747378E-02	1E-30	1.89713034600928E-10	1.87596110153382E-02	6.97746880154764E-06	5.46426724028677E-11	3.05158035228703E-03	1.71785808714731E-10	2.35924455926606E-11	0.142469868138854	1.14013421370413E-11	2.22169421863852E-11	3.31400425534413	1E10	1E-30	1E-10	1E10	1E-30	1E-10	1E10	1E-30	1E-10	1E10	1E-30	1E-10
176	3.78209503875106E-06	1E10	10638298	1E-30	1.40588064456723E-10	1E10	1E-30	1E10	9.00065119915942E-03	2.1982683169532E-04	1E10	5.0380372127715	3.43006153567975E-04	1E10	0.393478381144238	4.13498792205157E-04	1E10	4.07034084806961E-02	3.03447478230115E-04	1E10	5.24690563735302E-03	1E-30	4.03036118759024E-11	0.197575488409351	1E-30	4.1946209050919E-11	2.80391019647121E-02	1E-30	1.56283576878335E-10	1.88015653983589E-02	1.69859042524825E-05	3.07947743856195E-11	1.32884826524189E-03	3.46815681866276E-06	5.89567748617461E-11	2.82492644461405E-03	4.82053091943508E-12	3.11042010381647E-11	4.13591523089524	1E10	1E-30	1E-10	1E10	1E-30	1E-10	1E10	1E-30	1E-10	1E10	1E-30	1E-10	1E10	1E-30	1E-10
177	6.79289209862939E-06	1E10	5E6	1E-30	1.25663733929625E-10	1E10	1E-30	1E10	4.75469048467803E-03	1.84299872294601E-04	1E10	28.785504317928	3.59719552173007E-04	1E10	0.856616566963744	4.39490544075318E-04	1E10	6.97606842437416E-02	3.47950837149642E-04	1E10	8.87844856592603E-03	1.74578414200935E-04	1E10	1.75366125072639E-03	1E-30	4.33639973170859E-11	0.221292987613913	1E-30	8.98311056199925E-11	6.28779143666447E-02	1E-30	1.93306031815046E-10	1.59618965931406E-02	6.95435061039758E-06	9.81841887223557E-11	3.1685143363769E-03	1.4065711030357E-11	1.87489966088365E-11	2.24344911597197	1E10	1E-30	1E-10	1E10	1E-30	1E-10	1E10	1E-30	1E-10	1E10	1E-30	1E-10	1E10	1E-30	1E-10
178	7.87796178666168E-06	1E10	5E6	1E-30	1.3857577460002E-10	1E10	1E-30	1E10	4.4386999214476E-03	5.50204233477531E-04	1E10	9.6421736637664	6.71412014518578E-04	1E10	1.16492880695962	6.22636281004239E-04	1E10	0.191235759095597	7.00339820240572E-04	1E10	2.68994583457262E-02	6.85321441536905E-04	1E10	4.84038727044875E-03	7.25187136316904E-04	1E10	1.03038320457737E-03	1E-30	2.47549940160992E-11	0.106017567244722	1E-30	6.08131043593243E-11	3.38151717262052E-02	1E-30	2.37175608436046E-10	1.26091811799448E-02	3.34042514870132E-05	4.21082675578714E-11	2.04279649325573E-03	2.02622671239616E-05	3.34485212909788E-11	2.17921890646859E-03	1.68046731437321E-11	1.87722650499456E-11	2.63218142140365	1E10	1E-30	1E-10	1E10	1E-30	1E-10	1E10	1E-30	1E-10
179	7.87796178666168E-06	1E10	5E6	1E-30	1.3857577460002E-10	1E10	1E-30	1E10	4.4386999214476E-03	5.50204233477531E-04	1E10	9.6421736637664	6.71412014518578E-04	1E10	1.16492880695962	6.22636281004239E-04	1E10	0.191235759095597	7.00339820240572E-04	1E10	2.68994583457262E-02	6.85321441536905E-04	1E10	4.84038727044875E-03	7.25187136316904E-04	1E10	1.03038320457737E-03	1E-30	2.47549940160992E-11	0.106017567244722	1E-30	6.08131043593243E-11	3.38151717262052E-02	1E-30	2.37175608436046E-10	1.26091811799448E-02	3.34042514870132E-05	4.21082675578714E-11	2.04279649325573E-03	2.02622671239616E-05	3.34485212909788E-11	2.17921890646859E-03	1.68046731437321E-11	1.87722650499456E-11	2.63218142140365	1E10	1E-30	1E-10	1E10	1E-30	1E-10	1E10	1E-30	1E-10
180	7.87796178666168E-06	1E10	5E6	1E-30	1.3857577460002E-10	1E10	1E-30	1E10	4.4386999214476E-03	5.50204233477531E-04	1E10	9.6421736637664	6.71412014518578E-04	1E10	1.16492880695962	6.22636281004239E-04	1E10	0.191235759095597	7.00339820240572E-04	1E10	2.68994583457262E-02	6.85321441536905E-04	1E10	4.84038727044875E-03	7.25187136316904E-04	1E10	1.03038320457737E-03	1E-30	2.47549940160992E-11	0.106017567244722	1E-30	6.08131043593243E-11	3.38151717262052E-02	1E-30	2.37175608436046E-10	1.26091811799448E-02	3.34042514870132E-05	4.21082675578714E-11	2.04279649325573E-03	2.02622671239616E-05	3.34485212909788E-11	2.17921890646859E-03	1.68046731437321E-11	1.87722650499456E-11	2.63218142140365	1E10	1E-30	1E-10	1E10	1E-30	1E-10	1E10	1E-30	1E-10
181	7.87796178666168E-06	1E10	5E6	1E-30	1.3857577460002E-10	1E10	1E-30	1E10	4.4386999214476E-03	5.50204233477531E-04	1E10	9.6421736637664	6.71412014518578E-04	1E10	1.16492880695962	6.22636281004239E-04	1E10	0.191235759095597	7.00339820240572E-04	1E10	2.68994583457262E-02	6.85321441536905E-04	1E10	4.84038727044875E-03	7.25187136316904E-04	1E10	1.03038320457737E-03	1E-30	2.47549940160992E-11	0.106017567244722	1E-30	6.08131043593243E-11	3.38151717262052E-02	1E-30	2.37175608436046E-10	1.26091811799448E-02	3.34042514870132E-05	4.21082675578714E-11	2.04279649325573E-03	2.02622671239616E-05	3.34485212909788E-11	2.17921890646859E-03	1.68046731437321E-11	1.87722650499456E-11	2.63218142140365	1E10	1E-30	1E-10	1E10	1E-30	1E-10	1E10	1E-30	1E-10
182	7.87796178666168E-06	1E10	5E6	1E-30	1.3857577460002E-10	1E10	1E-30	1E10	4.4386999214476E-03	5.50204233477531E-04	1E10	9.6421736637664	6.71412014518578E-04	1E10	1.16492880695962	6.22636281004239E-04	1E10	0.191235759095597	7.00339820240572E-04	1E10	2.68994583457262E-02	6.85321441536905E-04	1E10	4.84038727044875E-03	7.25187136316904E-04	1E10	1.03038320457737E-03	1E-30	2.47549940160992E-11	0.106017567244722	1E-30	6.08131043593243E-11	3.38151717262052E-02	1E-30	2.37175608436046E-10	1.26091811799448E-02	3.34042514870132E-05	4.21082675578714E-11	2.04279649325573E-03	2.02622671239616E-05	3.34485212909788E-11	2.17921890646859E-03	1.68046731437321E-11	1.87722650499456E-11	2.63218142140365	1E10	1E-30	1E-10	1E10	1E-30	1E-10	1E10	1E-30	1E-10
END DSCRDATA
