BEGIN DSCRDATA
% INDEX	K01	L01	M01	K02	L02	M02	K03	L03	M03	K04	L04	M04	K05	L05	M05	K06	L06	M06	K07	L07	M07	K08	L08	M08	K09	L09	M09	K10	L10	M10	K11	L11	M11	K12	L12	M12	K13	L13	M13	K14	L14	M14	K15	L15	M15	K16	L16	M16	K17	L17	M17	K18	L18	M18	T01	T02	T03
0	0	0	0	0	0	0	0	0	0	0	0	0	0	0	0	0	0	0	0	0	0	0	0	0	0	0	0	0	0	0	0	0	0	0	0	0	0	0	0	0	0	0	0	0	0	0	0	0	0	0	0	0	0	0	0	0	0
1	3E-13	1E10	1E11	1E-30	2.44922901532803E-10	1E10	1E-30	1E10	0.794637300700082	3.042125393093E-13	1.27949736714684E-10	1123.28968289403	1E10	1E-30	1E-10	1E10	1E-30	1E-10	1E10	1E-30	1E-10	1E10	1E-30	1E-10	1E10	1E-30	1E-10	1E10	1E-30	1E-10	1E10	1E-30	1E-10	1E10	1E-30	1E-10	1E10	1E-30	1E-10	1E10	1E-30	1E-10	1E10	1E-30	1E-10	1E10	1E-30	1E-10	1E10	1E-30	1E-10	1E10	1E-30	1E-10	1	-0.1	0.1
2	3E-13	1E10	1E11	1E-30	2.44922901532803E-10	1E10	1E-30	1E10	0.794637300700082	3.042125393093E-13	1.27949736714684E-10	1123.28968289403	1E10	1E-30	1E-10	1E10	1E-30	1E-10	1E10	1E-30	1E-10	1E10	1E-30	1E-10	1E10	1E-30	1E-10	1E10	1E-30	1E-10	1E10	1E-30	1E-10	1E10	1E-30	1E-10	1E10	1E-30	1E-10	1E10	1E-30	1E-10	1E10	1E-30	1E-10	1E10	1E-30	1E-10	1E10	1E-30	1E-10	1E10	1E-30	1E-10	1	-0.25	0.25
3	5E-13	1E10	1E11	1E-30	4.02544209863018E-10	1E10	1E-30	1E10	0.594909642966919	1E-30	3.51666108867616E-11	0.495925905813292	1E10	1E-30	1E-10	1E10	1E-30	1E-10	1E10	1E-30	1E-10	1E10	1E-30	1E-10	1E10	1E-30	1E-10	1E10	1E-30	1E-10	1E10	1E-30	1E-10	1E10	1E-30	1E-10	1E10	1E-30	1E-10	1E10	1E-30	1E-10	1E10	1E-30	1E-10	1E10	1E-30	1E-10	1E10	1E-30	1E-10	1E10	1E-30	1E-10	1	-0.05	0.05
4	5E-13	1E10	1E11	1E-30	4.02544209863018E-10	1E10	1E-30	1E10	0.594909642966919	1E-30	3.51666108867616E-11	0.495925905813292	1E10	1E-30	1E-10	1E10	1E-30	1E-10	1E10	1E-30	1E-10	1E10	1E-30	1E-10	1E10	1E-30	1E-10	1E10	1E-30	1E-10	1E10	1E-30	1E-10	1E10	1E-30	1E-10	1E10	1E-30	1E-10	1E10	1E-30	1E-10	1E10	1E-30	1E-10	1E10	1E-30	1E-10	1E10	1E-30	1E-10	1E10	1E-30	1E-10	1	-0.1	0.1
5	5E-13	1E10	1E11	1E-30	4.02544209863018E-10	1E10	1E-30	1E10	0.594909642966919	1E-30	3.51666108867616E-11	0.495925905813292	1E10	1E-30	1E-10	1E10	1E-30	1E-10	1E10	1E-30	1E-10	1E10	1E-30	1E-10	1E10	1E-30	1E-10	1E10	1E-30	1E-10	1E10	1E-30	1E-10	1E10	1E-30	1E-10	1E10	1E-30	1E-10	1E10	1E-30	1E-10	1E10	1E-30	1E-10	1E10	1E-30	1E-10	1E10	1E-30	1E-10	1E10	1E-30	1E-10	1	-0.25	0.25
6	5E-13	1E10	1E11	1E-30	3.68379629837531E-10	1E10	1E-30	1E10	1.08275179007848	6.91459633015193E-13	7.03764752548551E-11	229.958131611055	1E10	1E-30	1E-10	1E10	1E-30	1E-10	1E10	1E-30	1E-10	1E10	1E-30	1E-10	1E10	1E-30	1E-10	1E10	1E-30	1E-10	1E10	1E-30	1E-10	1E10	1E-30	1E-10	1E10	1E-30	1E-10	1E10	1E-30	1E-10	1E10	1E-30	1E-10	1E10	1E-30	1E-10	1E10	1E-30	1E-10	1E10	1E-30	1E-10	1	-0.1	0.1
7	5E-13	1E10	1E11	1E-30	3.68379629837531E-10	1E10	1E-30	1E10	1.08275179007848	6.91459633015193E-13	7.03764752548551E-11	229.958131611055	1E10	1E-30	1E-10	1E10	1E-30	1E-10	1E10	1E-30	1E-10	1E10	1E-30	1E-10	1E10	1E-30	1E-10	1E10	1E-30	1E-10	1E10	1E-30	1E-10	1E10	1E-30	1E-10	1E10	1E-30	1E-10	1E10	1E-30	1E-10	1E10	1E-30	1E-10	1E10	1E-30	1E-10	1E10	1E-30	1E-10	1E10	1E-30	1E-10	1	-0.25	0.25
8	1E-12	1E10	1E10	1E-30	4.08938132030112E-10	1E10	1E-30	1E10	0.49197629098201	1E-30	3.76018608773427E-11	0.269966194458085	4.97016671962252E-11	6.09453910175957E-12	1.15240364821999	1E10	1E-30	1E-10	1E10	1E-30	1E-10	1E10	1E-30	1E-10	1E10	1E-30	1E-10	1E10	1E-30	1E-10	1E10	1E-30	1E-10	1E10	1E-30	1E-10	1E10	1E-30	1E-10	1E10	1E-30	1E-10	1E10	1E-30	1E-10	1E10	1E-30	1E-10	1E10	1E-30	1E-10	1E10	1E-30	1E-10	1	-0.25	0.25
9	1E-12	1E10	1E11	1E-30	4.08938132030112E-10	1E10	1E-30	1E10	0.49197629098201	1E-30	3.76018608773427E-11	0.269966194458085	4.97016671962252E-11	6.09453910175957E-12	1.15240364821999	1E10	1E-30	1E-10	1E10	1E-30	1E-10	1E10	1E-30	1E-10	1E10	1E-30	1E-10	1E10	1E-30	1E-10	1E10	1E-30	1E-10	1E10	1E-30	1E-10	1E10	1E-30	1E-10	1E10	1E-30	1E-10	1E10	1E-30	1E-10	1E10	1E-30	1E-10	1E10	1E-30	1E-10	1E10	1E-30	1E-10	1	-0.1	0.1
10	1E-12	1E10	1E11	1E-30	4.08938132030112E-10	1E10	1E-30	1E10	0.49197629098201	1E-30	3.76018608773427E-11	0.269966194458085	4.97016671962252E-11	6.09453910175957E-12	1.15240364821999	1E10	1E-30	1E-10	1E10	1E-30	1E-10	1E10	1E-30	1E-10	1E10	1E-30	1E-10	1E10	1E-30	1E-10	1E10	1E-30	1E-10	1E10	1E-30	1E-10	1E10	1E-30	1E-10	1E10	1E-30	1E-10	1E10	1E-30	1E-10	1E10	1E-30	1E-10	1E10	1E-30	1E-10	1E10	1E-30	1E-10	1	-0.25	0.25
11	1E-12	1E10	1E11	1E-30	4.08938132030112E-10	1E10	1E-30	1E10	0.49197629098201	1E-30	3.76018608773427E-11	0.269966194458085	4.97016671962252E-11	6.09453910175957E-12	1.15240364821999	1E10	1E-30	1E-10	1E10	1E-30	1E-10	1E10	1E-30	1E-10	1E10	1E-30	1E-10	1E10	1E-30	1E-10	1E10	1E-30	1E-10	1E10	1E-30	1E-10	1E10	1E-30	1E-10	1E10	1E-30	1E-10	1E10	1E-30	1E-10	1E10	1E-30	1E-10	1E10	1E-30	1E-10	1E10	1E-30	1E-10	2	-5	5
12	9.99999999999999E-13	1E10	1E11	1E-30	4.75544799765317E-10	1E10	1E-30	1E10	0.204255621493089	1E-30	2.11975458184769E-10	0.450822548479903	1E-30	3.89644804909733E-11	0.423676649346634	1E10	1E-30	1E-10	1E10	1E-30	1E-10	1E10	1E-30	1E-10	1E10	1E-30	1E-10	1E10	1E-30	1E-10	1E10	1E-30	1E-10	1E10	1E-30	1E-10	1E10	1E-30	1E-10	1E10	1E-30	1E-10	1E10	1E-30	1E-10	1E10	1E-30	1E-10	1E10	1E-30	1E-10	1E10	1E-30	1E-10	1	-0.1	0.1
13	9.99999999999999E-13	1E10	1E11	1E-30	4.75544799765317E-10	1E10	1E-30	1E10	0.204255621493089	1E-30	2.11975458184769E-10	0.450822548479903	1E-30	3.89644804909733E-11	0.423676649346634	1E10	1E-30	1E-10	1E10	1E-30	1E-10	1E10	1E-30	1E-10	1E10	1E-30	1E-10	1E10	1E-30	1E-10	1E10	1E-30	1E-10	1E10	1E-30	1E-10	1E10	1E-30	1E-10	1E10	1E-30	1E-10	1E10	1E-30	1E-10	1E10	1E-30	1E-10	1E10	1E-30	1E-10	1E10	1E-30	1E-10	1	-0.25	0.25
14	1.2E-12	1E10	1E11	1E-30	3.96325982225435E-10	1E10	1E-30	1E10	0.410824048300162	1E-30	4.14723717615494E-11	0.283534961408994	2.5403491650597E-11	1.15786268302715E-11	2.63120064801598	1E10	1E-30	1E-10	1E10	1E-30	1E-10	1E10	1E-30	1E-10	1E10	1E-30	1E-10	1E10	1E-30	1E-10	1E10	1E-30	1E-10	1E10	1E-30	1E-10	1E10	1E-30	1E-10	1E10	1E-30	1E-10	1E10	1E-30	1E-10	1E10	1E-30	1E-10	1E10	1E-30	1E-10	1E10	1E-30	1E-10	1	-0.1	0.1
15	1.2E-12	1E10	1E11	1E-30	3.96325982225435E-10	1E10	1E-30	1E10	0.410824048300162	1E-30	4.14723717615494E-11	0.283534961408994	2.5403491650597E-11	1.15786268302715E-11	2.63120064801598	1E10	1E-30	1E-10	1E10	1E-30	1E-10	1E10	1E-30	1E-10	1E10	1E-30	1E-10	1E10	1E-30	1E-10	1E10	1E-30	1E-10	1E10	1E-30	1E-10	1E10	1E-30	1E-10	1E10	1E-30	1E-10	1E10	1E-30	1E-10	1E10	1E-30	1E-10	1E10	1E-30	1E-10	1E10	1E-30	1E-10	1	-0.25	0.25
16	1.5E-12	1E10	1E11	1E-30	3.65622103411239E-10	1E10	1E-30	1E10	0.388530887624646	1E-30	2.4591415789421E-11	0.218972435797035	2.71526538432609E-11	1.14028718915454E-11	1.71798286936014	1E10	1E-30	1E-10	1E10	1E-30	1E-10	1E10	1E-30	1E-10	1E10	1E-30	1E-10	1E10	1E-30	1E-10	1E10	1E-30	1E-10	1E10	1E-30	1E-10	1E10	1E-30	1E-10	1E10	1E-30	1E-10	1E10	1E-30	1E-10	1E10	1E-30	1E-10	1E10	1E-30	1E-10	1E10	1E-30	1E-10	1	-0.05	0.05
17	1.5E-12	1E10	1E11	1E-30	3.65622103411239E-10	1E10	1E-30	1E10	0.388530887624646	1E-30	2.4591415789421E-11	0.218972435797035	2.71526538432609E-11	1.14028718915454E-11	1.71798286936014	1E10	1E-30	1E-10	1E10	1E-30	1E-10	1E10	1E-30	1E-10	1E10	1E-30	1E-10	1E10	1E-30	1E-10	1E10	1E-30	1E-10	1E10	1E-30	1E-10	1E10	1E-30	1E-10	1E10	1E-30	1E-10	1E10	1E-30	1E-10	1E10	1E-30	1E-10	1E10	1E-30	1E-10	1E10	1E-30	1E-10	1	-0.1	0.1
18	1.5E-12	1E10	1E11	1E-30	3.65622103411239E-10	1E10	1E-30	1E10	0.388530887624646	1E-30	2.4591415789421E-11	0.218972435797035	2.71526538432609E-11	1.14028718915454E-11	1.71798286936014	1E10	1E-30	1E-10	1E10	1E-30	1E-10	1E10	1E-30	1E-10	1E10	1E-30	1E-10	1E10	1E-30	1E-10	1E10	1E-30	1E-10	1E10	1E-30	1E-10	1E10	1E-30	1E-10	1E10	1E-30	1E-10	1E10	1E-30	1E-10	1E10	1E-30	1E-10	1E10	1E-30	1E-10	1E10	1E-30	1E-10	1	-0.25	0.25
19	1.5E-12	1E10	1E11	1E-30	3.65622103411239E-10	1E10	1E-30	1E10	0.388530887624646	1E-30	2.4591415789421E-11	0.218972435797035	2.71526538432609E-11	1.14028718915454E-11	1.71798286936014	1E10	1E-30	1E-10	1E10	1E-30	1E-10	1E10	1E-30	1E-10	1E10	1E-30	1E-10	1E10	1E-30	1E-10	1E10	1E-30	1E-10	1E10	1E-30	1E-10	1E10	1E-30	1E-10	1E10	1E-30	1E-10	1E10	1E-30	1E-10	1E10	1E-30	1E-10	1E10	1E-30	1E-10	1E10	1E-30	1E-10	2	-5	5
20	1.8E-12	1E10	1E11	1E-30	3.44255199460693E-10	1E10	1E-30	1E10	0.349756615929825	1E-30	1.74416063755392E-11	0.376156112195862	9.6498407903094E-11	3.6221055888872E-12	0.604593132767675	1E10	1E-30	1E-10	1E10	1E-30	1E-10	1E10	1E-30	1E-10	1E10	1E-30	1E-10	1E10	1E-30	1E-10	1E10	1E-30	1E-10	1E10	1E-30	1E-10	1E10	1E-30	1E-10	1E10	1E-30	1E-10	1E10	1E-30	1E-10	1E10	1E-30	1E-10	1E10	1E-30	1E-10	1E10	1E-30	1E-10	1	-0.05	0.05
21	1.8E-12	1E10	1E11	1E-30	3.44255199460693E-10	1E10	1E-30	1E10	0.349756615929825	1E-30	1.74416063755392E-11	0.376156112195862	9.6498407903094E-11	3.6221055888872E-12	0.604593132767675	1E10	1E-30	1E-10	1E10	1E-30	1E-10	1E10	1E-30	1E-10	1E10	1E-30	1E-10	1E10	1E-30	1E-10	1E10	1E-30	1E-10	1E10	1E-30	1E-10	1E10	1E-30	1E-10	1E10	1E-30	1E-10	1E10	1E-30	1E-10	1E10	1E-30	1E-10	1E10	1E-30	1E-10	1E10	1E-30	1E-10	1	-0.1	0.1
22	1.8E-12	1E10	1E11	1E-30	3.44255199460693E-10	1E10	1E-30	1E10	0.349756615929825	1E-30	1.74416063755392E-11	0.376156112195862	9.6498407903094E-11	3.6221055888872E-12	0.604593132767675	1E10	1E-30	1E-10	1E10	1E-30	1E-10	1E10	1E-30	1E-10	1E10	1E-30	1E-10	1E10	1E-30	1E-10	1E10	1E-30	1E-10	1E10	1E-30	1E-10	1E10	1E-30	1E-10	1E10	1E-30	1E-10	1E10	1E-30	1E-10	1E10	1E-30	1E-10	1E10	1E-30	1E-10	1E10	1E-30	1E-10	1	-0.25	0.25
23	2E-12	1E10	1E10	1E-30	3.34965965136642E-10	1E10	1E-30	1E10	0.318072451899274	1E-30	1.16027646248653E-11	0.333075847208272	2.62293612758133E-10	1.7316616296093E-12	0.237126860440279	1E10	1E-30	1E-10	1E10	1E-30	1E-10	1E10	1E-30	1E-10	1E10	1E-30	1E-10	1E10	1E-30	1E-10	1E10	1E-30	1E-10	1E10	1E-30	1E-10	1E10	1E-30	1E-10	1E10	1E-30	1E-10	1E10	1E-30	1E-10	1E10	1E-30	1E-10	1E10	1E-30	1E-10	1E10	1E-30	1E-10	1	-0.25	0.25
24	2E-12	1E10	1E11	1E-30	3.34965965136642E-10	1E10	1E-30	1E10	0.318072451899274	1E-30	1.16027646248653E-11	0.333075847208272	2.62293612758133E-10	1.7316616296093E-12	0.237126860440279	1E10	1E-30	1E-10	1E10	1E-30	1E-10	1E10	1E-30	1E-10	1E10	1E-30	1E-10	1E10	1E-30	1E-10	1E10	1E-30	1E-10	1E10	1E-30	1E-10	1E10	1E-30	1E-10	1E10	1E-30	1E-10	1E10	1E-30	1E-10	1E10	1E-30	1E-10	1E10	1E-30	1E-10	1E10	1E-30	1E-10	1	-0.1	0.1
25	2E-12	1E10	1E11	1E-30	3.34965965136642E-10	1E10	1E-30	1E10	0.318072451899274	1E-30	1.16027646248653E-11	0.333075847208272	2.62293612758133E-10	1.7316616296093E-12	0.237126860440279	1E10	1E-30	1E-10	1E10	1E-30	1E-10	1E10	1E-30	1E-10	1E10	1E-30	1E-10	1E10	1E-30	1E-10	1E10	1E-30	1E-10	1E10	1E-30	1E-10	1E10	1E-30	1E-10	1E10	1E-30	1E-10	1E10	1E-30	1E-10	1E10	1E-30	1E-10	1E10	1E-30	1E-10	1E10	1E-30	1E-10	1	-0.25	0.25
26	2E-12	1E10	1E11	1E-30	3.35419305747957E-10	1E10	1E-30	1E10	0.279365082261408	1E-30	1.10276396972026E-11	0.79720533654894	1E-30	1.80168744606386E-11	0.197911721126904	1E10	1E-30	1E-10	1E10	1E-30	1E-10	1E10	1E-30	1E-10	1E10	1E-30	1E-10	1E10	1E-30	1E-10	1E10	1E-30	1E-10	1E10	1E-30	1E-10	1E10	1E-30	1E-10	1E10	1E-30	1E-10	1E10	1E-30	1E-10	1E10	1E-30	1E-10	1E10	1E-30	1E-10	1E10	1E-30	1E-10	1	-0.1	0.1
27	2E-12	1E10	1E11	1E-30	3.35419305747957E-10	1E10	1E-30	1E10	0.279365082261408	1E-30	1.10276396972026E-11	0.79720533654894	1E-30	1.80168744606386E-11	0.197911721126904	1E10	1E-30	1E-10	1E10	1E-30	1E-10	1E10	1E-30	1E-10	1E10	1E-30	1E-10	1E10	1E-30	1E-10	1E10	1E-30	1E-10	1E10	1E-30	1E-10	1E10	1E-30	1E-10	1E10	1E-30	1E-10	1E10	1E-30	1E-10	1E10	1E-30	1E-10	1E10	1E-30	1E-10	1E10	1E-30	1E-10	1	-0.25	0.25
28	2.2E-12	1E10	1E11	1E-30	3.33477963816037E-10	1E10	1E-30	1E10	0.315969648080996	2.9101681786552E-11	1.00930586629549E-11	0.6664636768487	1E10	1E-30	1E-10	1E10	1E-30	1E-10	1E10	1E-30	1E-10	1E10	1E-30	1E-10	1E10	1E-30	1E-10	1E10	1E-30	1E-10	1E10	1E-30	1E-10	1E10	1E-30	1E-10	1E10	1E-30	1E-10	1E10	1E-30	1E-10	1E10	1E-30	1E-10	1E10	1E-30	1E-10	1E10	1E-30	1E-10	1E10	1E-30	1E-10	1	-0.05	0.05
29	2.2E-12	1E10	1E11	1E-30	3.33477963816037E-10	1E10	1E-30	1E10	0.315969648080996	2.9101681786552E-11	1.00930586629549E-11	0.6664636768487	1E10	1E-30	1E-10	1E10	1E-30	1E-10	1E10	1E-30	1E-10	1E10	1E-30	1E-10	1E10	1E-30	1E-10	1E10	1E-30	1E-10	1E10	1E-30	1E-10	1E10	1E-30	1E-10	1E10	1E-30	1E-10	1E10	1E-30	1E-10	1E10	1E-30	1E-10	1E10	1E-30	1E-10	1E10	1E-30	1E-10	1E10	1E-30	1E-10	1	-0.1	0.1
30	2.2E-12	1E10	1E11	1E-30	3.33477963816037E-10	1E10	1E-30	1E10	0.315969648080996	2.9101681786552E-11	1.00930586629549E-11	0.6664636768487	1E10	1E-30	1E-10	1E10	1E-30	1E-10	1E10	1E-30	1E-10	1E10	1E-30	1E-10	1E10	1E-30	1E-10	1E10	1E-30	1E-10	1E10	1E-30	1E-10	1E10	1E-30	1E-10	1E10	1E-30	1E-10	1E10	1E-30	1E-10	1E10	1E-30	1E-10	1E10	1E-30	1E-10	1E10	1E-30	1E-10	1E10	1E-30	1E-10	1	-0.25	0.25
31	2.7E-12	1E10	1E11	1E-30	3.3638895735158E-10	1E10	1E-30	1E10	0.284546626972385	4.96086824367398E-11	9.2045180571644E-12	0.620272730759549	1E10	1E-30	1E-10	1E10	1E-30	1E-10	1E10	1E-30	1E-10	1E10	1E-30	1E-10	1E10	1E-30	1E-10	1E10	1E-30	1E-10	1E10	1E-30	1E-10	1E10	1E-30	1E-10	1E10	1E-30	1E-10	1E10	1E-30	1E-10	1E10	1E-30	1E-10	1E10	1E-30	1E-10	1E10	1E-30	1E-10	1E10	1E-30	1E-10	1	-0.05	0.05
32	2.7E-12	1E10	1E11	1E-30	3.3638895735158E-10	1E10	1E-30	1E10	0.284546626972385	4.96086824367398E-11	9.2045180571644E-12	0.620272730759549	1E10	1E-30	1E-10	1E10	1E-30	1E-10	1E10	1E-30	1E-10	1E10	1E-30	1E-10	1E10	1E-30	1E-10	1E10	1E-30	1E-10	1E10	1E-30	1E-10	1E10	1E-30	1E-10	1E10	1E-30	1E-10	1E10	1E-30	1E-10	1E10	1E-30	1E-10	1E10	1E-30	1E-10	1E10	1E-30	1E-10	1E10	1E-30	1E-10	1	-0.1	0.1
33	2.7E-12	1E10	1E11	1E-30	3.3638895735158E-10	1E10	1E-30	1E10	0.284546626972385	4.96086824367398E-11	9.2045180571644E-12	0.620272730759549	1E10	1E-30	1E-10	1E10	1E-30	1E-10	1E10	1E-30	1E-10	1E10	1E-30	1E-10	1E10	1E-30	1E-10	1E10	1E-30	1E-10	1E10	1E-30	1E-10	1E10	1E-30	1E-10	1E10	1E-30	1E-10	1E10	1E-30	1E-10	1E10	1E-30	1E-10	1E10	1E-30	1E-10	1E10	1E-30	1E-10	1E10	1E-30	1E-10	1	-0.25	0.25
34	3E-12	1E10	1E10	1E-30	3.17200443861662E-10	1E10	1E-30	1E10	0.27411733680655	4.86349038077391E-11	9.16540190391907E-12	0.554824930424014	1E10	1E-30	1E-10	1E10	1E-30	1E-10	1E10	1E-30	1E-10	1E10	1E-30	1E-10	1E10	1E-30	1E-10	1E10	1E-30	1E-10	1E10	1E-30	1E-10	1E10	1E-30	1E-10	1E10	1E-30	1E-10	1E10	1E-30	1E-10	1E10	1E-30	1E-10	1E10	1E-30	1E-10	1E10	1E-30	1E-10	1E10	1E-30	1E-10	1	-0.25	0.25
35	3E-12	1E10	1E11	1E-30	3.17200443861662E-10	1E10	1E-30	1E10	0.27411733680655	4.86349038077391E-11	9.16540190391907E-12	0.554824930424014	1E10	1E-30	1E-10	1E10	1E-30	1E-10	1E10	1E-30	1E-10	1E10	1E-30	1E-10	1E10	1E-30	1E-10	1E10	1E-30	1E-10	1E10	1E-30	1E-10	1E10	1E-30	1E-10	1E10	1E-30	1E-10	1E10	1E-30	1E-10	1E10	1E-30	1E-10	1E10	1E-30	1E-10	1E10	1E-30	1E-10	1E10	1E-30	1E-10	1	-0.1	0.1
36	3E-12	1E10	1E11	1E-30	3.17200443861662E-10	1E10	1E-30	1E10	0.27411733680655	4.86349038077391E-11	9.16540190391907E-12	0.554824930424014	1E10	1E-30	1E-10	1E10	1E-30	1E-10	1E10	1E-30	1E-10	1E10	1E-30	1E-10	1E10	1E-30	1E-10	1E10	1E-30	1E-10	1E10	1E-30	1E-10	1E10	1E-30	1E-10	1E10	1E-30	1E-10	1E10	1E-30	1E-10	1E10	1E-30	1E-10	1E10	1E-30	1E-10	1E10	1E-30	1E-10	1E10	1E-30	1E-10	1	-0.25	0.25
37	3E-12	1E10	1E11	1E-30	2.75300198134033E-10	1E10	1E-30	1E10	0.220385242495929	1E-30	6.87007322409997E-11	26.9960942347309	1E-30	2.16370729678982E-11	0.199245731964723	1E10	1E-30	1E-10	1E10	1E-30	1E-10	1E10	1E-30	1E-10	1E10	1E-30	1E-10	1E10	1E-30	1E-10	1E10	1E-30	1E-10	1E10	1E-30	1E-10	1E10	1E-30	1E-10	1E10	1E-30	1E-10	1E10	1E-30	1E-10	1E10	1E-30	1E-10	1E10	1E-30	1E-10	1E10	1E-30	1E-10	1	-0.1	0.1
38	3E-12	1E10	1E11	1E-30	2.75300198134033E-10	1E10	1E-30	1E10	0.220385242495929	1E-30	6.87007322409997E-11	26.9960942347309	1E-30	2.16370729678982E-11	0.199245731964723	1E10	1E-30	1E-10	1E10	1E-30	1E-10	1E10	1E-30	1E-10	1E10	1E-30	1E-10	1E10	1E-30	1E-10	1E10	1E-30	1E-10	1E10	1E-30	1E-10	1E10	1E-30	1E-10	1E10	1E-30	1E-10	1E10	1E-30	1E-10	1E10	1E-30	1E-10	1E10	1E-30	1E-10	1E10	1E-30	1E-10	1	-0.25	0.25
39	3.3E-12	1E10	1E11	1E-30	2.9508104691E-10	1E10	1E-30	1E10	0.271903437025975	1E-30	8.8903947314701E-12	0.297384332176036	1.2246577785331E-11	2.23299460479544E-11	5.98977031286553	1E10	1E-30	1E-10	1E10	1E-30	1E-10	1E10	1E-30	1E-10	1E10	1E-30	1E-10	1E10	1E-30	1E-10	1E10	1E-30	1E-10	1E10	1E-30	1E-10	1E10	1E-30	1E-10	1E10	1E-30	1E-10	1E10	1E-30	1E-10	1E10	1E-30	1E-10	1E10	1E-30	1E-10	1E10	1E-30	1E-10	1	-0.1	0.1
40	3.3E-12	1E10	1E11	1E-30	2.9508104691E-10	1E10	1E-30	1E10	0.271903437025975	1E-30	8.8903947314701E-12	0.297384332176036	1.2246577785331E-11	2.23299460479544E-11	5.98977031286553	1E10	1E-30	1E-10	1E10	1E-30	1E-10	1E10	1E-30	1E-10	1E10	1E-30	1E-10	1E10	1E-30	1E-10	1E10	1E-30	1E-10	1E10	1E-30	1E-10	1E10	1E-30	1E-10	1E10	1E-30	1E-10	1E10	1E-30	1E-10	1E10	1E-30	1E-10	1E10	1E-30	1E-10	1E10	1E-30	1E-10	1	-0.25	0.25
41	3.3E-12	1E10	1E11	1E-30	2.9508104691E-10	1E10	1E-30	1E10	0.271903437025975	1E-30	8.8903947314701E-12	0.297384332176036	1.2246577785331E-11	2.23299460479544E-11	5.98977031286553	1E10	1E-30	1E-10	1E10	1E-30	1E-10	1E10	1E-30	1E-10	1E10	1E-30	1E-10	1E10	1E-30	1E-10	1E10	1E-30	1E-10	1E10	1E-30	1E-10	1E10	1E-30	1E-10	1E10	1E-30	1E-10	1E10	1E-30	1E-10	1E10	1E-30	1E-10	1E10	1E-30	1E-10	1E10	1E-30	1E-10	2	-2	2
42	3.9E-12	1E10	1E11	1E-30	2.60205862743609E-10	1E10	1E-30	1E10	0.254325610322062	1E-30	6.42786206596134E-12	0.126460581222431	5.05141343948417E-12	6.39095234812658E-11	26.790137818468	1E10	1E-30	1E-10	1E10	1E-30	1E-10	1E10	1E-30	1E-10	1E10	1E-30	1E-10	1E10	1E-30	1E-10	1E10	1E-30	1E-10	1E10	1E-30	1E-10	1E10	1E-30	1E-10	1E10	1E-30	1E-10	1E10	1E-30	1E-10	1E10	1E-30	1E-10	1E10	1E-30	1E-10	1E10	1E-30	1E-10	1	-0.1	0.1
43	3.9E-12	1E10	1E11	1E-30	2.60205862743609E-10	1E10	1E-30	1E10	0.254325610322062	1E-30	6.42786206596134E-12	0.126460581222431	5.05141343948417E-12	6.39095234812658E-11	26.790137818468	1E10	1E-30	1E-10	1E10	1E-30	1E-10	1E10	1E-30	1E-10	1E10	1E-30	1E-10	1E10	1E-30	1E-10	1E10	1E-30	1E-10	1E10	1E-30	1E-10	1E10	1E-30	1E-10	1E10	1E-30	1E-10	1E10	1E-30	1E-10	1E10	1E-30	1E-10	1E10	1E-30	1E-10	1E10	1E-30	1E-10	1	-0.25	0.25
44	4E-12	1E10	1E10	1E-30	1.3115533234991E-10	1E10	1E-30	1E10	0.249785784473592	1E-30	1.61661591066059E-10	240.702024371241	1E-30	2.01281159851052E-11	2.26820509111736	1.07796426958996E-11	2.92001536047569E-11	12.8120737909567	1E10	1E-30	1E-10	1E10	1E-30	1E-10	1E10	1E-30	1E-10	1E10	1E-30	1E-10	1E10	1E-30	1E-10	1E10	1E-30	1E-10	1E10	1E-30	1E-10	1E10	1E-30	1E-10	1E10	1E-30	1E-10	1E10	1E-30	1E-10	1E10	1E-30	1E-10	1E10	1E-30	1E-10	1	-0.25	0.25
45	4E-12	1E10	1E11	1E-30	1.3115533234991E-10	1E10	1E-30	1E10	0.249785784473592	1E-30	1.61661591066059E-10	240.702024371241	1E-30	2.01281159851052E-11	2.26820509111736	1.07796426958996E-11	2.92001536047569E-11	12.8120737909567	1E10	1E-30	1E-10	1E10	1E-30	1E-10	1E10	1E-30	1E-10	1E10	1E-30	1E-10	1E10	1E-30	1E-10	1E10	1E-30	1E-10	1E10	1E-30	1E-10	1E10	1E-30	1E-10	1E10	1E-30	1E-10	1E10	1E-30	1E-10	1E10	1E-30	1E-10	1E10	1E-30	1E-10	1	-0.1	0.1
46	4E-12	1E10	1E11	1E-30	1.3115533234991E-10	1E10	1E-30	1E10	0.249785784473592	1E-30	1.61661591066059E-10	240.702024371241	1E-30	2.01281159851052E-11	2.26820509111736	1.07796426958996E-11	2.92001536047569E-11	12.8120737909567	1E10	1E-30	1E-10	1E10	1E-30	1E-10	1E10	1E-30	1E-10	1E10	1E-30	1E-10	1E10	1E-30	1E-10	1E10	1E-30	1E-10	1E10	1E-30	1E-10	1E10	1E-30	1E-10	1E10	1E-30	1E-10	1E10	1E-30	1E-10	1E10	1E-30	1E-10	1E10	1E-30	1E-10	1	-0.25	0.25
47	4E-12	1E10	1E11	1E-30	1.3115533234991E-10	1E10	1E-30	1E10	0.249785784473592	1E-30	1.61661591066059E-10	240.702024371241	1E-30	2.01281159851052E-11	2.26820509111736	1.07796426958996E-11	2.92001536047569E-11	12.8120737909567	1E10	1E-30	1E-10	1E10	1E-30	1E-10	1E10	1E-30	1E-10	1E10	1E-30	1E-10	1E10	1E-30	1E-10	1E10	1E-30	1E-10	1E10	1E-30	1E-10	1E10	1E-30	1E-10	1E10	1E-30	1E-10	1E10	1E-30	1E-10	1E10	1E-30	1E-10	1E10	1E-30	1E-10	2	-2	2
48	4E-12	1E10	1E11	1E-30	1.3115533234991E-10	1E10	1E-30	1E10	0.249785784473592	1E-30	1.61661591066059E-10	240.702024371241	1E-30	2.01281159851052E-11	2.26820509111736	1.07796426958996E-11	2.92001536047569E-11	12.8120737909567	1E10	1E-30	1E-10	1E10	1E-30	1E-10	1E10	1E-30	1E-10	1E10	1E-30	1E-10	1E10	1E-30	1E-10	1E10	1E-30	1E-10	1E10	1E-30	1E-10	1E10	1E-30	1E-10	1E10	1E-30	1E-10	1E10	1E-30	1E-10	1E10	1E-30	1E-10	1E10	1E-30	1E-10	2	-5	5
49	3.99999999999999E-12	1E10	1E11	1E-30	3.08679507804409E-10	1E10	1E-30	1E10	0.198468416377587	1E-30	1.12093078036951E-11	0.255560882657582	1E-30	1.30977756472727E-11	0.116427140377461	1.5629371453766E-11	2.0775524320064E-11	9.44092633475156	1E10	1E-30	1E-10	1E10	1E-30	1E-10	1E10	1E-30	1E-10	1E10	1E-30	1E-10	1E10	1E-30	1E-10	1E10	1E-30	1E-10	1E10	1E-30	1E-10	1E10	1E-30	1E-10	1E10	1E-30	1E-10	1E10	1E-30	1E-10	1E10	1E-30	1E-10	1E10	1E-30	1E-10	1	-0.1	0.1
50	3.99999999999999E-12	1E10	1E11	1E-30	3.08679507804409E-10	1E10	1E-30	1E10	0.198468416377587	1E-30	1.12093078036951E-11	0.255560882657582	1E-30	1.30977756472727E-11	0.116427140377461	1.5629371453766E-11	2.0775524320064E-11	9.44092633475156	1E10	1E-30	1E-10	1E10	1E-30	1E-10	1E10	1E-30	1E-10	1E10	1E-30	1E-10	1E10	1E-30	1E-10	1E10	1E-30	1E-10	1E10	1E-30	1E-10	1E10	1E-30	1E-10	1E10	1E-30	1E-10	1E10	1E-30	1E-10	1E10	1E-30	1E-10	1E10	1E-30	1E-10	1	-0.25	0.25
51	4.3E-12	1E10	1E11	1E-30	2.90886090847186E-10	1E10	1E-30	1E10	0.247789903349983	1E-30	1.04607419501429E-11	0.296800572437254	1.13179835962707E-11	3.26929036608866E-11	12.868997722844	1E10	1E-30	1E-10	1E10	1E-30	1E-10	1E10	1E-30	1E-10	1E10	1E-30	1E-10	1E10	1E-30	1E-10	1E10	1E-30	1E-10	1E10	1E-30	1E-10	1E10	1E-30	1E-10	1E10	1E-30	1E-10	1E10	1E-30	1E-10	1E10	1E-30	1E-10	1E10	1E-30	1E-10	1E10	1E-30	1E-10	1	-0.1	0.1
52	4.3E-12	1E10	1E11	1E-30	2.90886090847186E-10	1E10	1E-30	1E10	0.247789903349983	1E-30	1.04607419501429E-11	0.296800572437254	1.13179835962707E-11	3.26929036608866E-11	12.868997722844	1E10	1E-30	1E-10	1E10	1E-30	1E-10	1E10	1E-30	1E-10	1E10	1E-30	1E-10	1E10	1E-30	1E-10	1E10	1E-30	1E-10	1E10	1E-30	1E-10	1E10	1E-30	1E-10	1E10	1E-30	1E-10	1E10	1E-30	1E-10	1E10	1E-30	1E-10	1E10	1E-30	1E-10	1E10	1E-30	1E-10	1	-0.25	0.25
53	4.69999999999999E-12	1E10	1E11	1E-30	2.8279632624789E-10	1E10	1E-30	1E10	0.247430385733794	1E-30	8.42338888456742E-12	0.256989685716578	9.29426995665351E-12	4.25317865948845E-11	15.1330023197263	1E10	1E-30	1E-10	1E10	1E-30	1E-10	1E10	1E-30	1E-10	1E10	1E-30	1E-10	1E10	1E-30	1E-10	1E10	1E-30	1E-10	1E10	1E-30	1E-10	1E10	1E-30	1E-10	1E10	1E-30	1E-10	1E10	1E-30	1E-10	1E10	1E-30	1E-10	1E10	1E-30	1E-10	1E10	1E-30	1E-10	1	-0.05	0.05
54	4.69999999999999E-12	1E10	1E11	1E-30	2.8279632624789E-10	1E10	1E-30	1E10	0.247430385733794	1E-30	8.42338888456742E-12	0.256989685716578	9.29426995665351E-12	4.25317865948845E-11	15.1330023197263	1E10	1E-30	1E-10	1E10	1E-30	1E-10	1E10	1E-30	1E-10	1E10	1E-30	1E-10	1E10	1E-30	1E-10	1E10	1E-30	1E-10	1E10	1E-30	1E-10	1E10	1E-30	1E-10	1E10	1E-30	1E-10	1E10	1E-30	1E-10	1E10	1E-30	1E-10	1E10	1E-30	1E-10	1E10	1E-30	1E-10	1	-0.1	0.1
55	4.69999999999999E-12	1E10	1E11	1E-30	2.8279632624789E-10	1E10	1E-30	1E10	0.247430385733794	1E-30	8.42338888456742E-12	0.256989685716578	9.29426995665351E-12	4.25317865948845E-11	15.1330023197263	1E10	1E-30	1E-10	1E10	1E-30	1E-10	1E10	1E-30	1E-10	1E10	1E-30	1E-10	1E10	1E-30	1E-10	1E10	1E-30	1E-10	1E10	1E-30	1E-10	1E10	1E-30	1E-10	1E10	1E-30	1E-10	1E10	1E-30	1E-10	1E10	1E-30	1E-10	1E10	1E-30	1E-10	1E10	1E-30	1E-10	1	-0.25	0.25
56	5E-12	1E10	1E10	1E-30	2.99402129010057E-10	1E10	1E-30	1E10	0.238985796556788	1E-30	1.36393208077743E-11	0.384254161018771	1.67544330343712E-11	2.5507965709456E-11	9.86506478770715	1E10	1E-30	1E-10	1E10	1E-30	1E-10	1E10	1E-30	1E-10	1E10	1E-30	1E-10	1E10	1E-30	1E-10	1E10	1E-30	1E-10	1E10	1E-30	1E-10	1E10	1E-30	1E-10	1E10	1E-30	1E-10	1E10	1E-30	1E-10	1E10	1E-30	1E-10	1E10	1E-30	1E-10	1E10	1E-30	1E-10	1	-0.25	0.25
57	5E-12	1E10	1E11	1E-30	2.99402129010057E-10	1E10	1E-30	1E10	0.238985796556788	1E-30	1.36393208077743E-11	0.384254161018771	1.67544330343712E-11	2.5507965709456E-11	9.86506478770715	1E10	1E-30	1E-10	1E10	1E-30	1E-10	1E10	1E-30	1E-10	1E10	1E-30	1E-10	1E10	1E-30	1E-10	1E10	1E-30	1E-10	1E10	1E-30	1E-10	1E10	1E-30	1E-10	1E10	1E-30	1E-10	1E10	1E-30	1E-10	1E10	1E-30	1E-10	1E10	1E-30	1E-10	1E10	1E-30	1E-10	1	-0.1	0.1
58	5E-12	1E10	1E11	1E-30	2.99402129010057E-10	1E10	1E-30	1E10	0.238985796556788	1E-30	1.36393208077743E-11	0.384254161018771	1.67544330343712E-11	2.5507965709456E-11	9.86506478770715	1E10	1E-30	1E-10	1E10	1E-30	1E-10	1E10	1E-30	1E-10	1E10	1E-30	1E-10	1E10	1E-30	1E-10	1E10	1E-30	1E-10	1E10	1E-30	1E-10	1E10	1E-30	1E-10	1E10	1E-30	1E-10	1E10	1E-30	1E-10	1E10	1E-30	1E-10	1E10	1E-30	1E-10	1E10	1E-30	1E-10	1	-0.25	0.25
59	5E-12	1E10	1E11	1E-30	2.99402129010057E-10	1E10	1E-30	1E10	0.238985796556788	1E-30	1.36393208077743E-11	0.384254161018771	1.67544330343712E-11	2.5507965709456E-11	9.86506478770715	1E10	1E-30	1E-10	1E10	1E-30	1E-10	1E10	1E-30	1E-10	1E10	1E-30	1E-10	1E10	1E-30	1E-10	1E10	1E-30	1E-10	1E10	1E-30	1E-10	1E10	1E-30	1E-10	1E10	1E-30	1E-10	1E10	1E-30	1E-10	1E10	1E-30	1E-10	1E10	1E-30	1E-10	1E10	1E-30	1E-10	2	-1	1
60	5E-12	1E10	1E11	1E-30	3.11312232839148E-10	1E10	1E-30	1E10	0.198846775393956	1E-30	2.1778134094993E-11	0.279381899310465	1.64134692919198E-11	2.43856430606422E-11	8.850736419519	1E10	1E-30	1E-10	1E10	1E-30	1E-10	1E10	1E-30	1E-10	1E10	1E-30	1E-10	1E10	1E-30	1E-10	1E10	1E-30	1E-10	1E10	1E-30	1E-10	1E10	1E-30	1E-10	1E10	1E-30	1E-10	1E10	1E-30	1E-10	1E10	1E-30	1E-10	1E10	1E-30	1E-10	1E10	1E-30	1E-10	1	-0.1	0.1
61	5E-12	1E10	1E11	1E-30	3.11312232839148E-10	1E10	1E-30	1E10	0.198846775393956	1E-30	2.1778134094993E-11	0.279381899310465	1.64134692919198E-11	2.43856430606422E-11	8.850736419519	1E10	1E-30	1E-10	1E10	1E-30	1E-10	1E10	1E-30	1E-10	1E10	1E-30	1E-10	1E10	1E-30	1E-10	1E10	1E-30	1E-10	1E10	1E-30	1E-10	1E10	1E-30	1E-10	1E10	1E-30	1E-10	1E10	1E-30	1E-10	1E10	1E-30	1E-10	1E10	1E-30	1E-10	1E10	1E-30	1E-10	1	-0.25	0.25
62	5.6E-12	1E10	1E11	1E-30	2.93254864837298E-10	1E10	1E-30	1E10	0.232119817362527	1E-30	1.66720631309619E-11	0.641752318691817	2.00238448495629E-11	2.41889776843506E-11	8.73477811815911	1E10	1E-30	1E-10	1E10	1E-30	1E-10	1E10	1E-30	1E-10	1E10	1E-30	1E-10	1E10	1E-30	1E-10	1E10	1E-30	1E-10	1E10	1E-30	1E-10	1E10	1E-30	1E-10	1E10	1E-30	1E-10	1E10	1E-30	1E-10	1E10	1E-30	1E-10	1E10	1E-30	1E-10	1E10	1E-30	1E-10	1	-0.1	0.1
63	5.6E-12	1E10	1E11	1E-30	2.93254864837298E-10	1E10	1E-30	1E10	0.232119817362527	1E-30	1.66720631309619E-11	0.641752318691817	2.00238448495629E-11	2.41889776843506E-11	8.73477811815911	1E10	1E-30	1E-10	1E10	1E-30	1E-10	1E10	1E-30	1E-10	1E10	1E-30	1E-10	1E10	1E-30	1E-10	1E10	1E-30	1E-10	1E10	1E-30	1E-10	1E10	1E-30	1E-10	1E10	1E-30	1E-10	1E10	1E-30	1E-10	1E10	1E-30	1E-10	1E10	1E-30	1E-10	1E10	1E-30	1E-10	1	-0.25	0.25
64	5.6E-12	1E10	1E11	1E-30	2.93254864837298E-10	1E10	1E-30	1E10	0.232119817362527	1E-30	1.66720631309619E-11	0.641752318691817	2.00238448495629E-11	2.41889776843506E-11	8.73477811815911	1E10	1E-30	1E-10	1E10	1E-30	1E-10	1E10	1E-30	1E-10	1E10	1E-30	1E-10	1E10	1E-30	1E-10	1E10	1E-30	1E-10	1E10	1E-30	1E-10	1E10	1E-30	1E-10	1E10	1E-30	1E-10	1E10	1E-30	1E-10	1E10	1E-30	1E-10	1E10	1E-30	1E-10	1E10	1E-30	1E-10	1	-0.5	0.5
65	6E-12	1E10	1E10	1E-30	2.6965874290265E-10	1E10	1E-30	1E10	0.229728814916505	1E-30	1.08541406307249E-11	0.218089744218586	1.36467461128373E-11	3.7217831545488E-11	12.1326572543217	1.5455140262175E-11	2.05805992042317E-11	22.452948134006	1E10	1E-30	1E-10	1E10	1E-30	1E-10	1E10	1E-30	1E-10	1E10	1E-30	1E-10	1E10	1E-30	1E-10	1E10	1E-30	1E-10	1E10	1E-30	1E-10	1E10	1E-30	1E-10	1E10	1E-30	1E-10	1E10	1E-30	1E-10	1E10	1E-30	1E-10	1E10	1E-30	1E-10	1	-0.5	0.5
66	6E-12	1E10	1E11	1E-30	2.6965874290265E-10	1E10	1E-30	1E10	0.229728814916505	1E-30	1.08541406307249E-11	0.218089744218586	1.36467461128373E-11	3.7217831545488E-11	12.1326572543217	1.5455140262175E-11	2.05805992042317E-11	22.452948134006	1E10	1E-30	1E-10	1E10	1E-30	1E-10	1E10	1E-30	1E-10	1E10	1E-30	1E-10	1E10	1E-30	1E-10	1E10	1E-30	1E-10	1E10	1E-30	1E-10	1E10	1E-30	1E-10	1E10	1E-30	1E-10	1E10	1E-30	1E-10	1E10	1E-30	1E-10	1E10	1E-30	1E-10	1	-0.1	0.1
67	6E-12	1E10	1E11	1E-30	2.6965874290265E-10	1E10	1E-30	1E10	0.229728814916505	1E-30	1.08541406307249E-11	0.218089744218586	1.36467461128373E-11	3.7217831545488E-11	12.1326572543217	1.5455140262175E-11	2.05805992042317E-11	22.452948134006	1E10	1E-30	1E-10	1E10	1E-30	1E-10	1E10	1E-30	1E-10	1E10	1E-30	1E-10	1E10	1E-30	1E-10	1E10	1E-30	1E-10	1E10	1E-30	1E-10	1E10	1E-30	1E-10	1E10	1E-30	1E-10	1E10	1E-30	1E-10	1E10	1E-30	1E-10	1E10	1E-30	1E-10	1	-0.25	0.25
68	6E-12	1E10	1E11	1E-30	2.6965874290265E-10	1E10	1E-30	1E10	0.229728814916505	1E-30	1.08541406307249E-11	0.218089744218586	1.36467461128373E-11	3.7217831545488E-11	12.1326572543217	1.5455140262175E-11	2.05805992042317E-11	22.452948134006	1E10	1E-30	1E-10	1E10	1E-30	1E-10	1E10	1E-30	1E-10	1E10	1E-30	1E-10	1E10	1E-30	1E-10	1E10	1E-30	1E-10	1E10	1E-30	1E-10	1E10	1E-30	1E-10	1E10	1E-30	1E-10	1E10	1E-30	1E-10	1E10	1E-30	1E-10	1E10	1E-30	1E-10	1	-0.5	0.5
69	6E-12	1E10	1E11	1E-30	2.6965874290265E-10	1E10	1E-30	1E10	0.229728814916505	1E-30	1.08541406307249E-11	0.218089744218586	1.36467461128373E-11	3.7217831545488E-11	12.1326572543217	1.5455140262175E-11	2.05805992042317E-11	22.452948134006	1E10	1E-30	1E-10	1E10	1E-30	1E-10	1E10	1E-30	1E-10	1E10	1E-30	1E-10	1E10	1E-30	1E-10	1E10	1E-30	1E-10	1E10	1E-30	1E-10	1E10	1E-30	1E-10	1E10	1E-30	1E-10	1E10	1E-30	1E-10	1E10	1E-30	1E-10	1E10	1E-30	1E-10	2	-1	1
70	6.29999999999999E-12	1E10	1E11	1E-30	3.15402592843863E-10	1E10	1E-30	1E10	0.235887733765142	1E-30	2.32772236404022E-11	0.373843563100767	1.98448167211869E-11	2.60301408157555E-11	8.08870926813691	1E10	1E-30	1E-10	1E10	1E-30	1E-10	1E10	1E-30	1E-10	1E10	1E-30	1E-10	1E10	1E-30	1E-10	1E10	1E-30	1E-10	1E10	1E-30	1E-10	1E10	1E-30	1E-10	1E10	1E-30	1E-10	1E10	1E-30	1E-10	1E10	1E-30	1E-10	1E10	1E-30	1E-10	1E10	1E-30	1E-10	1	-0.1	0.1
71	6.29999999999999E-12	1E10	1E11	1E-30	3.15402592843863E-10	1E10	1E-30	1E10	0.235887733765142	1E-30	2.32772236404022E-11	0.373843563100767	1.98448167211869E-11	2.60301408157555E-11	8.08870926813691	1E10	1E-30	1E-10	1E10	1E-30	1E-10	1E10	1E-30	1E-10	1E10	1E-30	1E-10	1E10	1E-30	1E-10	1E10	1E-30	1E-10	1E10	1E-30	1E-10	1E10	1E-30	1E-10	1E10	1E-30	1E-10	1E10	1E-30	1E-10	1E10	1E-30	1E-10	1E10	1E-30	1E-10	1E10	1E-30	1E-10	1	-0.25	0.25
72	6.79999999999999E-12	1E10	1E11	1E-30	2.77250451444507E-10	1E10	1E-30	1E10	0.226807941886212	1E-30	1.16254273062445E-11	0.301130595433827	1.7543591547069E-11	3.21725223093484E-11	9.91755110025914	1.39914560918195E-11	2.34040106803676E-11	9.2734135691259	1E10	1E-30	1E-10	1E10	1E-30	1E-10	1E10	1E-30	1E-10	1E10	1E-30	1E-10	1E10	1E-30	1E-10	1E10	1E-30	1E-10	1E10	1E-30	1E-10	1E10	1E-30	1E-10	1E10	1E-30	1E-10	1E10	1E-30	1E-10	1E10	1E-30	1E-10	1E10	1E-30	1E-10	1	-0.05	0.05
73	6.79999999999999E-12	1E10	1E11	1E-30	2.77250451444507E-10	1E10	1E-30	1E10	0.226807941886212	1E-30	1.16254273062445E-11	0.301130595433827	1.7543591547069E-11	3.21725223093484E-11	9.91755110025914	1.39914560918195E-11	2.34040106803676E-11	9.2734135691259	1E10	1E-30	1E-10	1E10	1E-30	1E-10	1E10	1E-30	1E-10	1E10	1E-30	1E-10	1E10	1E-30	1E-10	1E10	1E-30	1E-10	1E10	1E-30	1E-10	1E10	1E-30	1E-10	1E10	1E-30	1E-10	1E10	1E-30	1E-10	1E10	1E-30	1E-10	1E10	1E-30	1E-10	1	-0.1	0.1
74	6.79999999999999E-12	1E10	1E11	1E-30	2.77250451444507E-10	1E10	1E-30	1E10	0.226807941886212	1E-30	1.16254273062445E-11	0.301130595433827	1.7543591547069E-11	3.21725223093484E-11	9.91755110025914	1.39914560918195E-11	2.34040106803676E-11	9.2734135691259	1E10	1E-30	1E-10	1E10	1E-30	1E-10	1E10	1E-30	1E-10	1E10	1E-30	1E-10	1E10	1E-30	1E-10	1E10	1E-30	1E-10	1E10	1E-30	1E-10	1E10	1E-30	1E-10	1E10	1E-30	1E-10	1E10	1E-30	1E-10	1E10	1E-30	1E-10	1E10	1E-30	1E-10	1	-0.25	0.25
75	6.79999999999999E-12	1E10	1E11	1E-30	2.77250451444507E-10	1E10	1E-30	1E10	0.226807941886212	1E-30	1.16254273062445E-11	0.301130595433827	1.7543591547069E-11	3.21725223093484E-11	9.91755110025914	1.39914560918195E-11	2.34040106803676E-11	9.2734135691259	1E10	1E-30	1E-10	1E10	1E-30	1E-10	1E10	1E-30	1E-10	1E10	1E-30	1E-10	1E10	1E-30	1E-10	1E10	1E-30	1E-10	1E10	1E-30	1E-10	1E10	1E-30	1E-10	1E10	1E-30	1E-10	1E10	1E-30	1E-10	1E10	1E-30	1E-10	1E10	1E-30	1E-10	1	-0.5	0.5
76	6.79999999999999E-12	1E10	1E11	1E-30	2.77250451444507E-10	1E10	1E-30	1E10	0.226807941886212	1E-30	1.16254273062445E-11	0.301130595433827	1.7543591547069E-11	3.21725223093484E-11	9.91755110025914	1.39914560918195E-11	2.34040106803676E-11	9.2734135691259	1E10	1E-30	1E-10	1E10	1E-30	1E-10	1E10	1E-30	1E-10	1E10	1E-30	1E-10	1E10	1E-30	1E-10	1E10	1E-30	1E-10	1E10	1E-30	1E-10	1E10	1E-30	1E-10	1E10	1E-30	1E-10	1E10	1E-30	1E-10	1E10	1E-30	1E-10	1E10	1E-30	1E-10	2	-1	1
77	7E-12	1E10	1E10	1E-30	2.77867100273452E-10	1E10	1E-30	1E10	0.222685460484012	1E-30	1.26812595313909E-11	0.305621999727164	1.92684070636415E-11	3.07817368904418E-11	9.54044543051282	1.5316905944072E-11	1.98316989181113E-11	8.81404530445561	1E10	1E-30	1E-10	1E10	1E-30	1E-10	1E10	1E-30	1E-10	1E10	1E-30	1E-10	1E10	1E-30	1E-10	1E10	1E-30	1E-10	1E10	1E-30	1E-10	1E10	1E-30	1E-10	1E10	1E-30	1E-10	1E10	1E-30	1E-10	1E10	1E-30	1E-10	1E10	1E-30	1E-10	1	-0.5	0.5
78	7E-12	1E10	1E11	1E-30	2.77867100273452E-10	1E10	1E-30	1E10	0.222685460484012	1E-30	1.26812595313909E-11	0.305621999727164	1.92684070636415E-11	3.07817368904418E-11	9.54044543051282	1.5316905944072E-11	1.98316989181113E-11	8.81404530445561	1E10	1E-30	1E-10	1E10	1E-30	1E-10	1E10	1E-30	1E-10	1E10	1E-30	1E-10	1E10	1E-30	1E-10	1E10	1E-30	1E-10	1E10	1E-30	1E-10	1E10	1E-30	1E-10	1E10	1E-30	1E-10	1E10	1E-30	1E-10	1E10	1E-30	1E-10	1E10	1E-30	1E-10	1	-0.05	0.05
79	7E-12	1E10	1E11	1E-30	2.77867100273452E-10	1E10	1E-30	1E10	0.222685460484012	1E-30	1.26812595313909E-11	0.305621999727164	1.92684070636415E-11	3.07817368904418E-11	9.54044543051282	1.5316905944072E-11	1.98316989181113E-11	8.81404530445561	1E10	1E-30	1E-10	1E10	1E-30	1E-10	1E10	1E-30	1E-10	1E10	1E-30	1E-10	1E10	1E-30	1E-10	1E10	1E-30	1E-10	1E10	1E-30	1E-10	1E10	1E-30	1E-10	1E10	1E-30	1E-10	1E10	1E-30	1E-10	1E10	1E-30	1E-10	1E10	1E-30	1E-10	1	-0.1	0.1
80	7E-12	1E10	1E11	1E-30	2.77867100273452E-10	1E10	1E-30	1E10	0.222685460484012	1E-30	1.26812595313909E-11	0.305621999727164	1.92684070636415E-11	3.07817368904418E-11	9.54044543051282	1.5316905944072E-11	1.98316989181113E-11	8.81404530445561	1E10	1E-30	1E-10	1E10	1E-30	1E-10	1E10	1E-30	1E-10	1E10	1E-30	1E-10	1E10	1E-30	1E-10	1E10	1E-30	1E-10	1E10	1E-30	1E-10	1E10	1E-30	1E-10	1E10	1E-30	1E-10	1E10	1E-30	1E-10	1E10	1E-30	1E-10	1E10	1E-30	1E-10	1	-0.25	0.25
81	7E-12	1E10	1E11	1E-30	2.77867100273452E-10	1E10	1E-30	1E10	0.222685460484012	1E-30	1.26812595313909E-11	0.305621999727164	1.92684070636415E-11	3.07817368904418E-11	9.54044543051282	1.5316905944072E-11	1.98316989181113E-11	8.81404530445561	1E10	1E-30	1E-10	1E10	1E-30	1E-10	1E10	1E-30	1E-10	1E10	1E-30	1E-10	1E10	1E-30	1E-10	1E10	1E-30	1E-10	1E10	1E-30	1E-10	1E10	1E-30	1E-10	1E10	1E-30	1E-10	1E10	1E-30	1E-10	1E10	1E-30	1E-10	1E10	1E-30	1E-10	1	-0.5	0.5
82	7E-12	1E10	1E11	1E-30	2.77867100273452E-10	1E10	1E-30	1E10	0.222685460484012	1E-30	1.26812595313909E-11	0.305621999727164	1.92684070636415E-11	3.07817368904418E-11	9.54044543051282	1.5316905944072E-11	1.98316989181113E-11	8.81404530445561	1E10	1E-30	1E-10	1E10	1E-30	1E-10	1E10	1E-30	1E-10	1E10	1E-30	1E-10	1E10	1E-30	1E-10	1E10	1E-30	1E-10	1E10	1E-30	1E-10	1E10	1E-30	1E-10	1E10	1E-30	1E-10	1E10	1E-30	1E-10	1E10	1E-30	1E-10	1E10	1E-30	1E-10	2	-1	1
83	8E-12	1E10	1E10	1E-30	2.74701052229096E-10	1E10	1E-30	1E10	0.222787571257018	1E-30	1.0051676377936E-11	0.146920855873389	2.71810926253788E-11	2.58146246350342E-11	7.23811476608926	8.23585012366018E-12	3.32840626635235E-11	7.52256904283159	1E10	1E-30	1E-10	1E10	1E-30	1E-10	1E10	1E-30	1E-10	1E10	1E-30	1E-10	1E10	1E-30	1E-10	1E10	1E-30	1E-10	1E10	1E-30	1E-10	1E10	1E-30	1E-10	1E10	1E-30	1E-10	1E10	1E-30	1E-10	1E10	1E-30	1E-10	1E10	1E-30	1E-10	1	-0.5	0.5
84	8E-12	1E10	1E11	1E-30	2.74701052229096E-10	1E10	1E-30	1E10	0.222787571257018	1E-30	1.0051676377936E-11	0.146920855873389	2.71810926253788E-11	2.58146246350342E-11	7.23811476608926	8.23585012366018E-12	3.32840626635235E-11	7.52256904283159	1E10	1E-30	1E-10	1E10	1E-30	1E-10	1E10	1E-30	1E-10	1E10	1E-30	1E-10	1E10	1E-30	1E-10	1E10	1E-30	1E-10	1E10	1E-30	1E-10	1E10	1E-30	1E-10	1E10	1E-30	1E-10	1E10	1E-30	1E-10	1E10	1E-30	1E-10	1E10	1E-30	1E-10	1	-0.05	0.05
85	8E-12	1E10	1E11	1E-30	2.74701052229096E-10	1E10	1E-30	1E10	0.222787571257018	1E-30	1.0051676377936E-11	0.146920855873389	2.71810926253788E-11	2.58146246350342E-11	7.23811476608926	8.23585012366018E-12	3.32840626635235E-11	7.52256904283159	1E10	1E-30	1E-10	1E10	1E-30	1E-10	1E10	1E-30	1E-10	1E10	1E-30	1E-10	1E10	1E-30	1E-10	1E10	1E-30	1E-10	1E10	1E-30	1E-10	1E10	1E-30	1E-10	1E10	1E-30	1E-10	1E10	1E-30	1E-10	1E10	1E-30	1E-10	1E10	1E-30	1E-10	1	-0.1	0.1
86	8E-12	1E10	1E11	1E-30	2.74701052229096E-10	1E10	1E-30	1E10	0.222787571257018	1E-30	1.0051676377936E-11	0.146920855873389	2.71810926253788E-11	2.58146246350342E-11	7.23811476608926	8.23585012366018E-12	3.32840626635235E-11	7.52256904283159	1E10	1E-30	1E-10	1E10	1E-30	1E-10	1E10	1E-30	1E-10	1E10	1E-30	1E-10	1E10	1E-30	1E-10	1E10	1E-30	1E-10	1E10	1E-30	1E-10	1E10	1E-30	1E-10	1E10	1E-30	1E-10	1E10	1E-30	1E-10	1E10	1E-30	1E-10	1E10	1E-30	1E-10	1	-0.25	0.25
87	8E-12	1E10	1E11	1E-30	2.74701052229096E-10	1E10	1E-30	1E10	0.222787571257018	1E-30	1.0051676377936E-11	0.146920855873389	2.71810926253788E-11	2.58146246350342E-11	7.23811476608926	8.23585012366018E-12	3.32840626635235E-11	7.52256904283159	1E10	1E-30	1E-10	1E10	1E-30	1E-10	1E10	1E-30	1E-10	1E10	1E-30	1E-10	1E10	1E-30	1E-10	1E10	1E-30	1E-10	1E10	1E-30	1E-10	1E10	1E-30	1E-10	1E10	1E-30	1E-10	1E10	1E-30	1E-10	1E10	1E-30	1E-10	1E10	1E-30	1E-10	1	-0.5	0.5
88	8E-12	1E10	1E11	1E-30	2.74701052229096E-10	1E10	1E-30	1E10	0.222787571257018	1E-30	1.0051676377936E-11	0.146920855873389	2.71810926253788E-11	2.58146246350342E-11	7.23811476608926	8.23585012366018E-12	3.32840626635235E-11	7.52256904283159	1E10	1E-30	1E-10	1E10	1E-30	1E-10	1E10	1E-30	1E-10	1E10	1E-30	1E-10	1E10	1E-30	1E-10	1E10	1E-30	1E-10	1E10	1E-30	1E-10	1E10	1E-30	1E-10	1E10	1E-30	1E-10	1E10	1E-30	1E-10	1E10	1E-30	1E-10	1E10	1E-30	1E-10	2	-1	1
89	8.2E-12	1E10	1E11	1E-30	2.93532949866106E-10	1E10	1E-30	1E10	0.21938763228588	1E-30	1.58244023406414E-11	0.384541864006201	2.89566450056555E-11	2.41480360005239E-11	6.90711011261962	2.8150630694217E-11	1.06300078372903E-11	2.36168952118583	1E10	1E-30	1E-10	1E10	1E-30	1E-10	1E10	1E-30	1E-10	1E10	1E-30	1E-10	1E10	1E-30	1E-10	1E10	1E-30	1E-10	1E10	1E-30	1E-10	1E10	1E-30	1E-10	1E10	1E-30	1E-10	1E10	1E-30	1E-10	1E10	1E-30	1E-10	1E10	1E-30	1E-10	1	-0.1	0.1
90	8.2E-12	1E10	1E11	1E-30	2.93532949866106E-10	1E10	1E-30	1E10	0.21938763228588	1E-30	1.58244023406414E-11	0.384541864006201	2.89566450056555E-11	2.41480360005239E-11	6.90711011261962	2.8150630694217E-11	1.06300078372903E-11	2.36168952118583	1E10	1E-30	1E-10	1E10	1E-30	1E-10	1E10	1E-30	1E-10	1E10	1E-30	1E-10	1E10	1E-30	1E-10	1E10	1E-30	1E-10	1E10	1E-30	1E-10	1E10	1E-30	1E-10	1E10	1E-30	1E-10	1E10	1E-30	1E-10	1E10	1E-30	1E-10	1E10	1E-30	1E-10	1	-0.25	0.25
91	8.2E-12	1E10	1E11	1E-30	2.93532949866106E-10	1E10	1E-30	1E10	0.21938763228588	1E-30	1.58244023406414E-11	0.384541864006201	2.89566450056555E-11	2.41480360005239E-11	6.90711011261962	2.8150630694217E-11	1.06300078372903E-11	2.36168952118583	1E10	1E-30	1E-10	1E10	1E-30	1E-10	1E10	1E-30	1E-10	1E10	1E-30	1E-10	1E10	1E-30	1E-10	1E10	1E-30	1E-10	1E10	1E-30	1E-10	1E10	1E-30	1E-10	1E10	1E-30	1E-10	1E10	1E-30	1E-10	1E10	1E-30	1E-10	1E10	1E-30	1E-10	1	-0.5	0.5
92	8.99999999999999E-12	1E10	1E10	1E-30	2.94609176617196E-10	1E10	1E-30	1E10	0.215894341796927	1E-30	1.50506396756085E-11	0.285358877990894	3.08916770728356E-11	2.51623880337793E-11	7.11883524724087	1.63073583350129E-11	1.9357440487245E-11	4.00628778375791	1E10	1E-30	1E-10	1E10	1E-30	1E-10	1E10	1E-30	1E-10	1E10	1E-30	1E-10	1E10	1E-30	1E-10	1E10	1E-30	1E-10	1E10	1E-30	1E-10	1E10	1E-30	1E-10	1E10	1E-30	1E-10	1E10	1E-30	1E-10	1E10	1E-30	1E-10	1E10	1E-30	1E-10	1	-0.5	0.5
93	8.99999999999999E-12	1E10	1E11	1E-30	2.94609176617196E-10	1E10	1E-30	1E10	0.215894341796927	1E-30	1.50506396756085E-11	0.285358877990894	3.08916770728356E-11	2.51623880337793E-11	7.11883524724087	1.63073583350129E-11	1.9357440487245E-11	4.00628778375791	1E10	1E-30	1E-10	1E10	1E-30	1E-10	1E10	1E-30	1E-10	1E10	1E-30	1E-10	1E10	1E-30	1E-10	1E10	1E-30	1E-10	1E10	1E-30	1E-10	1E10	1E-30	1E-10	1E10	1E-30	1E-10	1E10	1E-30	1E-10	1E10	1E-30	1E-10	1E10	1E-30	1E-10	1	-0.05	0.05
94	8.99999999999999E-12	1E10	1E11	1E-30	2.94609176617196E-10	1E10	1E-30	1E10	0.215894341796927	1E-30	1.50506396756085E-11	0.285358877990894	3.08916770728356E-11	2.51623880337793E-11	7.11883524724087	1.63073583350129E-11	1.9357440487245E-11	4.00628778375791	1E10	1E-30	1E-10	1E10	1E-30	1E-10	1E10	1E-30	1E-10	1E10	1E-30	1E-10	1E10	1E-30	1E-10	1E10	1E-30	1E-10	1E10	1E-30	1E-10	1E10	1E-30	1E-10	1E10	1E-30	1E-10	1E10	1E-30	1E-10	1E10	1E-30	1E-10	1E10	1E-30	1E-10	1	-0.1	0.1
95	8.99999999999999E-12	1E10	1E11	1E-30	2.94609176617196E-10	1E10	1E-30	1E10	0.215894341796927	1E-30	1.50506396756085E-11	0.285358877990894	3.08916770728356E-11	2.51623880337793E-11	7.11883524724087	1.63073583350129E-11	1.9357440487245E-11	4.00628778375791	1E10	1E-30	1E-10	1E10	1E-30	1E-10	1E10	1E-30	1E-10	1E10	1E-30	1E-10	1E10	1E-30	1E-10	1E10	1E-30	1E-10	1E10	1E-30	1E-10	1E10	1E-30	1E-10	1E10	1E-30	1E-10	1E10	1E-30	1E-10	1E10	1E-30	1E-10	1E10	1E-30	1E-10	1	-0.25	0.25
96	8.99999999999999E-12	1E10	1E11	1E-30	2.94609176617196E-10	1E10	1E-30	1E10	0.215894341796927	1E-30	1.50506396756085E-11	0.285358877990894	3.08916770728356E-11	2.51623880337793E-11	7.11883524724087	1.63073583350129E-11	1.9357440487245E-11	4.00628778375791	1E10	1E-30	1E-10	1E10	1E-30	1E-10	1E10	1E-30	1E-10	1E10	1E-30	1E-10	1E10	1E-30	1E-10	1E10	1E-30	1E-10	1E10	1E-30	1E-10	1E10	1E-30	1E-10	1E10	1E-30	1E-10	1E10	1E-30	1E-10	1E10	1E-30	1E-10	1E10	1E-30	1E-10	1	-0.5	0.5
97	1E-11	1E10	1E10	1E-30	2.67130526206651E-10	1E10	1E-30	1E10	0.211220868721895	1E-30	7.3994660084379E-12	0.116147428029159	4.13132170987035E-11	2.13794879434263E-11	5.92296590374734	7.90616363701104E-12	3.52156966636064E-11	4.80809670940894	1E10	1E-30	1E-10	1E10	1E-30	1E-10	1E10	1E-30	1E-10	1E10	1E-30	1E-10	1E10	1E-30	1E-10	1E10	1E-30	1E-10	1E10	1E-30	1E-10	1E10	1E-30	1E-10	1E10	1E-30	1E-10	1E10	1E-30	1E-10	1E10	1E-30	1E-10	1E10	1E-30	1E-10	2	-5	5
98	1E-11	1E10	1E11	1E-30	2.67130526206651E-10	1E10	1E-30	1E10	0.211220868721895	1E-30	7.3994660084379E-12	0.116147428029159	4.13132170987035E-11	2.13794879434263E-11	5.92296590374734	7.90616363701104E-12	3.52156966636064E-11	4.80809670940894	1E10	1E-30	1E-10	1E10	1E-30	1E-10	1E10	1E-30	1E-10	1E10	1E-30	1E-10	1E10	1E-30	1E-10	1E10	1E-30	1E-10	1E10	1E-30	1E-10	1E10	1E-30	1E-10	1E10	1E-30	1E-10	1E10	1E-30	1E-10	1E10	1E-30	1E-10	1E10	1E-30	1E-10	2	-1	1
99	1E-11	1E10	1E11	1E-30	2.67130526206651E-10	1E10	1E-30	1E10	0.211220868721895	1E-30	7.3994660084379E-12	0.116147428029159	4.13132170987035E-11	2.13794879434263E-11	5.92296590374734	7.90616363701104E-12	3.52156966636064E-11	4.80809670940894	1E10	1E-30	1E-10	1E10	1E-30	1E-10	1E10	1E-30	1E-10	1E10	1E-30	1E-10	1E10	1E-30	1E-10	1E10	1E-30	1E-10	1E10	1E-30	1E-10	1E10	1E-30	1E-10	1E10	1E-30	1E-10	1E10	1E-30	1E-10	1E10	1E-30	1E-10	1E10	1E-30	1E-10	2	-2	2
100	1E-11	1E10	1E11	1E-30	2.67130526206651E-10	1E10	1E-30	1E10	0.211220868721895	1E-30	7.3994660084379E-12	0.116147428029159	4.13132170987035E-11	2.13794879434263E-11	5.92296590374734	7.90616363701104E-12	3.52156966636064E-11	4.80809670940894	1E10	1E-30	1E-10	1E10	1E-30	1E-10	1E10	1E-30	1E-10	1E10	1E-30	1E-10	1E10	1E-30	1E-10	1E10	1E-30	1E-10	1E10	1E-30	1E-10	1E10	1E-30	1E-10	1E10	1E-30	1E-10	1E10	1E-30	1E-10	1E10	1E-30	1E-10	1E10	1E-30	1E-10	2	-5	5
101	1E-11	1E10	1E11	1E-30	2.67130526206651E-10	1E10	1E-30	1E10	0.211220868721895	1E-30	7.3994660084379E-12	0.116147428029159	4.13132170987035E-11	2.13794879434263E-11	5.92296590374734	7.90616363701104E-12	3.52156966636064E-11	4.80809670940894	1E10	1E-30	1E-10	1E10	1E-30	1E-10	1E10	1E-30	1E-10	1E10	1E-30	1E-10	1E10	1E-30	1E-10	1E10	1E-30	1E-10	1E10	1E-30	1E-10	1E10	1E-30	1E-10	1E10	1E-30	1E-10	1E10	1E-30	1E-10	1E10	1E-30	1E-10	1E10	1E-30	1E-10	2	-2.5	2.5
102	1.19999999999999E-11	1E10	1E10	1E-30	2.25361912835617E-10	1E10	1E-30	1E10	0.108196075995463	1E-30	1.16393427469455E-11	0.211017861331486	1E-30	4.17960895573493E-11	0.117639986706571	9.33533992478978E-11	1.14428109968511E-11	2.46481314820874	1.44356608650219E-11	2.42834228542722E-11	3.12946372133275	4.41300224821133E-12	6.00133712203473E-11	4995.08472358775	1E10	1E-30	1E-10	1E10	1E-30	1E-10	1E10	1E-30	1E-10	1E10	1E-30	1E-10	1E10	1E-30	1E-10	1E10	1E-30	1E-10	1E10	1E-30	1E-10	1E10	1E-30	1E-10	1E10	1E-30	1E-10	1E10	1E-30	1E-10	2	-5	5
103	1.19999999999999E-11	1E10	1E11	1E-30	2.25361912835617E-10	1E10	1E-30	1E10	0.108196075995463	1E-30	1.16393427469455E-11	0.211017861331486	1E-30	4.17960895573493E-11	0.117639986706571	9.33533992478978E-11	1.14428109968511E-11	2.46481314820874	1.44356608650219E-11	2.42834228542722E-11	3.12946372133275	4.41300224821133E-12	6.00133712203473E-11	4995.08472358775	1E10	1E-30	1E-10	1E10	1E-30	1E-10	1E10	1E-30	1E-10	1E10	1E-30	1E-10	1E10	1E-30	1E-10	1E10	1E-30	1E-10	1E10	1E-30	1E-10	1E10	1E-30	1E-10	1E10	1E-30	1E-10	1E10	1E-30	1E-10	2	-5	5
104	1.2E-11	1E10	1E11	1E-30	2.33031591648973E-10	1E10	1E-30	1E10	0.240261609477913	7.0973548525225E-11	1.50948681064683E-11	3.40832959707269	4.59596440891268E-12	5.87698473749722E-11	22.9209004541128	1E10	1E-30	1E-10	1E10	1E-30	1E-10	1E10	1E-30	1E-10	1E10	1E-30	1E-10	1E10	1E-30	1E-10	1E10	1E-30	1E-10	1E10	1E-30	1E-10	1E10	1E-30	1E-10	1E10	1E-30	1E-10	1E10	1E-30	1E-10	1E10	1E-30	1E-10	1E10	1E-30	1E-10	1E10	1E-30	1E-10	2	-1	1
105	1.2E-11	1E10	1E11	1E-30	2.33031591648973E-10	1E10	1E-30	1E10	0.240261609477913	7.0973548525225E-11	1.50948681064683E-11	3.40832959707269	4.59596440891268E-12	5.87698473749722E-11	22.9209004541128	1E10	1E-30	1E-10	1E10	1E-30	1E-10	1E10	1E-30	1E-10	1E10	1E-30	1E-10	1E10	1E-30	1E-10	1E10	1E-30	1E-10	1E10	1E-30	1E-10	1E10	1E-30	1E-10	1E10	1E-30	1E-10	1E10	1E-30	1E-10	1E10	1E-30	1E-10	1E10	1E-30	1E-10	1E10	1E-30	1E-10	2	-2	2
106	1.2E-11	1E10	1E11	1E-30	2.33031591648973E-10	1E10	1E-30	1E10	0.240261609477913	7.0973548525225E-11	1.50948681064683E-11	3.40832959707269	4.59596440891268E-12	5.87698473749722E-11	22.9209004541128	1E10	1E-30	1E-10	1E10	1E-30	1E-10	1E10	1E-30	1E-10	1E10	1E-30	1E-10	1E10	1E-30	1E-10	1E10	1E-30	1E-10	1E10	1E-30	1E-10	1E10	1E-30	1E-10	1E10	1E-30	1E-10	1E10	1E-30	1E-10	1E10	1E-30	1E-10	1E10	1E-30	1E-10	1E10	1E-30	1E-10	2	-5	5
107	1.5E-11	1E10	1E10	1E-30	2.37130446946773E-10	1E10	1E-30	1E10	0.106365138716823	1E-30	2.00601666361902E-11	0.39958007735051	1E-30	3.51199913675695E-11	0.105473523438098	1.06312166274082E-10	1.00513063402124E-11	1.60544580212145	2.87056289763273E-11	1.18354379416774E-11	2.12882140535134	2.31749782679977E-12	8.88228374925701E-11	1E5	1E10	1E-30	1E-10	1E10	1E-30	1E-10	1E10	1E-30	1E-10	1E10	1E-30	1E-10	1E10	1E-30	1E-10	1E10	1E-30	1E-10	1E10	1E-30	1E-10	1E10	1E-30	1E-10	1E10	1E-30	1E-10	1E10	1E-30	1E-10	2	-5	5
108	1.5E-11	1E10	1E11	1E-30	2.37130446946773E-10	1E10	1E-30	1E10	0.106365138716823	1E-30	2.00601666361902E-11	0.39958007735051	1E-30	3.51199913675695E-11	0.105473523438098	1.06312166274082E-10	1.00513063402124E-11	1.60544580212145	2.87056289763273E-11	1.18354379416774E-11	2.12882140535134	2.31749782679977E-12	8.88228374925701E-11	1E5	1E10	1E-30	1E-10	1E10	1E-30	1E-10	1E10	1E-30	1E-10	1E10	1E-30	1E-10	1E10	1E-30	1E-10	1E10	1E-30	1E-10	1E10	1E-30	1E-10	1E10	1E-30	1E-10	1E10	1E-30	1E-10	1E10	1E-30	1E-10	2	-5	5
109	1.49999999999999E-11	1E10	1E11	1E-30	3.27067263639402E-10	1E10	1E-30	1E10	0.201003158193074	1E-30	2.06568787272041E-11	0.478636042903506	1.62142335719012E-10	6.68196118893413E-12	1.44380525556142	1.82884683705807E-11	1.68677656295473E-11	3.56022430092227	1E10	1E-30	1E-10	1E10	1E-30	1E-10	1E10	1E-30	1E-10	1E10	1E-30	1E-10	1E10	1E-30	1E-10	1E10	1E-30	1E-10	1E10	1E-30	1E-10	1E10	1E-30	1E-10	1E10	1E-30	1E-10	1E10	1E-30	1E-10	1E10	1E-30	1E-10	1E10	1E-30	1E-10	2	-1	1
110	1.49999999999999E-11	1E10	1E11	1E-30	3.27067263639402E-10	1E10	1E-30	1E10	0.201003158193074	1E-30	2.06568787272041E-11	0.478636042903506	1.62142335719012E-10	6.68196118893413E-12	1.44380525556142	1.82884683705807E-11	1.68677656295473E-11	3.56022430092227	1E10	1E-30	1E-10	1E10	1E-30	1E-10	1E10	1E-30	1E-10	1E10	1E-30	1E-10	1E10	1E-30	1E-10	1E10	1E-30	1E-10	1E10	1E-30	1E-10	1E10	1E-30	1E-10	1E10	1E-30	1E-10	1E10	1E-30	1E-10	1E10	1E-30	1E-10	1E10	1E-30	1E-10	2	-2	2
111	1.49999999999999E-11	1E10	1E11	1E-30	3.27067263639402E-10	1E10	1E-30	1E10	0.201003158193074	1E-30	2.06568787272041E-11	0.478636042903506	1.62142335719012E-10	6.68196118893413E-12	1.44380525556142	1.82884683705807E-11	1.68677656295473E-11	3.56022430092227	1E10	1E-30	1E-10	1E10	1E-30	1E-10	1E10	1E-30	1E-10	1E10	1E-30	1E-10	1E10	1E-30	1E-10	1E10	1E-30	1E-10	1E10	1E-30	1E-10	1E10	1E-30	1E-10	1E10	1E-30	1E-10	1E10	1E-30	1E-10	1E10	1E-30	1E-10	1E10	1E-30	1E-10	2	-5	5
112	1.8E-11	1E10	1E10	1E-30	2.21820404008231E-10	1E10	1E-30	1E10	0.105230305313282	1E-30	1.46350409276938E-11	0.083981874312209	1E-30	1.92226556152018E-11	5.09588670028831E-02	2.87621746789682E-10	4.88740020329489E-12	0.870523625859734	1.19054579222146E-11	3.67903660354756E-11	6.64475392278535	3.62393644918941E-12	7.78084636330508E-11	1E5	1E10	1E-30	1E-10	1E10	1E-30	1E-10	1E10	1E-30	1E-10	1E10	1E-30	1E-10	1E10	1E-30	1E-10	1E10	1E-30	1E-10	1E10	1E-30	1E-10	1E10	1E-30	1E-10	1E10	1E-30	1E-10	1E10	1E-30	1E-10	2	-5	5
113	1.8E-11	1E10	1E11	1E-30	2.21820404008231E-10	1E10	1E-30	1E10	0.105230305313282	1E-30	1.46350409276938E-11	0.083981874312209	1E-30	1.92226556152018E-11	5.09588670028831E-02	2.87621746789682E-10	4.88740020329489E-12	0.870523625859734	1.19054579222146E-11	3.67903660354756E-11	6.64475392278535	3.62393644918941E-12	7.78084636330508E-11	1E5	1E10	1E-30	1E-10	1E10	1E-30	1E-10	1E10	1E-30	1E-10	1E10	1E-30	1E-10	1E10	1E-30	1E-10	1E10	1E-30	1E-10	1E10	1E-30	1E-10	1E10	1E-30	1E-10	1E10	1E-30	1E-10	1E10	1E-30	1E-10	2	-5	5
114	1.79999999999999E-11	1E10	1E11	1E-30	3.1833475728336E-10	1E10	1E-30	1E10	0.181609293321965	1E-30	1.62090518825141E-11	0.450678845794462	1.35133182186828E-10	1.00313695018212E-11	1.74400622198392	3.77903992522974E-11	1.14867601270614E-11	1.59939956221866	1E10	1E-30	1E-10	1E10	1E-30	1E-10	1E10	1E-30	1E-10	1E10	1E-30	1E-10	1E10	1E-30	1E-10	1E10	1E-30	1E-10	1E10	1E-30	1E-10	1E10	1E-30	1E-10	1E10	1E-30	1E-10	1E10	1E-30	1E-10	1E10	1E-30	1E-10	1E10	1E-30	1E-10	2	-1	1
115	1.79999999999999E-11	1E10	1E11	1E-30	3.1833475728336E-10	1E10	1E-30	1E10	0.181609293321965	1E-30	1.62090518825141E-11	0.450678845794462	1.35133182186828E-10	1.00313695018212E-11	1.74400622198392	3.77903992522974E-11	1.14867601270614E-11	1.59939956221866	1E10	1E-30	1E-10	1E10	1E-30	1E-10	1E10	1E-30	1E-10	1E10	1E-30	1E-10	1E10	1E-30	1E-10	1E10	1E-30	1E-10	1E10	1E-30	1E-10	1E10	1E-30	1E-10	1E10	1E-30	1E-10	1E10	1E-30	1E-10	1E10	1E-30	1E-10	1E10	1E-30	1E-10	2	-2	2
116	1.79999999999999E-11	1E10	1E11	1E-30	3.1833475728336E-10	1E10	1E-30	1E10	0.181609293321965	1E-30	1.62090518825141E-11	0.450678845794462	1.35133182186828E-10	1.00313695018212E-11	1.74400622198392	3.77903992522974E-11	1.14867601270614E-11	1.59939956221866	1E10	1E-30	1E-10	1E10	1E-30	1E-10	1E10	1E-30	1E-10	1E10	1E-30	1E-10	1E10	1E-30	1E-10	1E10	1E-30	1E-10	1E10	1E-30	1E-10	1E10	1E-30	1E-10	1E10	1E-30	1E-10	1E10	1E-30	1E-10	1E10	1E-30	1E-10	1E10	1E-30	1E-10	2	-5	5
117	2.19999999999999E-11	1E10	1E10	1E-30	1.69929473340801E-10	1E10	1E-30	1E10	0.100700328531255	1E-30	2.01425501189948E-11	0.148315715036624	1E-30	2.75437464747101E-11	3.67022385119252E-02	1.32855240253356E-10	1.2380163256999E-11	1.89242890642092	1.43917486927993E-11	3.18994721677412E-11	4.74413085887599	1.90896032071103E-12	1.38198415656445E-10	1E5	1E10	1E-30	1E-10	1E10	1E-30	1E-10	1E10	1E-30	1E-10	1E10	1E-30	1E-10	1E10	1E-30	1E-10	1E10	1E-30	1E-10	1E10	1E-30	1E-10	1E10	1E-30	1E-10	1E10	1E-30	1E-10	1E10	1E-30	1E-10	2	-5	5
118	2.19999999999999E-11	1E10	1E11	1E-30	1.69929473340801E-10	1E10	1E-30	1E10	0.100700328531255	1E-30	2.01425501189948E-11	0.148315715036624	1E-30	2.75437464747101E-11	3.67022385119252E-02	1.32855240253356E-10	1.2380163256999E-11	1.89242890642092	1.43917486927993E-11	3.18994721677412E-11	4.74413085887599	1.90896032071103E-12	1.38198415656445E-10	1E5	1E10	1E-30	1E-10	1E10	1E-30	1E-10	1E10	1E-30	1E-10	1E10	1E-30	1E-10	1E10	1E-30	1E-10	1E10	1E-30	1E-10	1E10	1E-30	1E-10	1E10	1E-30	1E-10	1E10	1E-30	1E-10	1E10	1E-30	1E-10	2	-5	5
119	2.19999999999999E-11	1E10	1E11	1E-30	3.110771895141E-10	1E10	1E-30	1E10	0.174879389964059	1E-30	1.89434182198174E-11	2.64318699200649	1E-30	2.09708918677162E-11	0.644120735916176	1.61004323025857E-10	9.98381437688955E-12	1.68129516823228	8.40349987878825E-11	6.49344188459467E-12	1.17699437894716	1E10	1E-30	1E-10	1E10	1E-30	1E-10	1E10	1E-30	1E-10	1E10	1E-30	1E-10	1E10	1E-30	1E-10	1E10	1E-30	1E-10	1E10	1E-30	1E-10	1E10	1E-30	1E-10	1E10	1E-30	1E-10	1E10	1E-30	1E-10	1E10	1E-30	1E-10	2	-1	1
120	2.19999999999999E-11	1E10	1E11	1E-30	3.110771895141E-10	1E10	1E-30	1E10	0.174879389964059	1E-30	1.89434182198174E-11	2.64318699200649	1E-30	2.09708918677162E-11	0.644120735916176	1.61004323025857E-10	9.98381437688955E-12	1.68129516823228	8.40349987878825E-11	6.49344188459467E-12	1.17699437894716	1E10	1E-30	1E-10	1E10	1E-30	1E-10	1E10	1E-30	1E-10	1E10	1E-30	1E-10	1E10	1E-30	1E-10	1E10	1E-30	1E-10	1E10	1E-30	1E-10	1E10	1E-30	1E-10	1E10	1E-30	1E-10	1E10	1E-30	1E-10	1E10	1E-30	1E-10	2	-2	2
121	2.19999999999999E-11	1E10	1E11	1E-30	3.110771895141E-10	1E10	1E-30	1E10	0.174879389964059	1E-30	1.89434182198174E-11	2.64318699200649	1E-30	2.09708918677162E-11	0.644120735916176	1.61004323025857E-10	9.98381437688955E-12	1.68129516823228	8.40349987878825E-11	6.49344188459467E-12	1.17699437894716	1E10	1E-30	1E-10	1E10	1E-30	1E-10	1E10	1E-30	1E-10	1E10	1E-30	1E-10	1E10	1E-30	1E-10	1E10	1E-30	1E-10	1E10	1E-30	1E-10	1E10	1E-30	1E-10	1E10	1E-30	1E-10	1E10	1E-30	1E-10	1E10	1E-30	1E-10	2	-5	5
122	2.7E-11	1E10	1E10	1E-30	2.43433586138662E-10	1E10	1E-30	1E10	9.66159859531839E-02	1E-30	1.05945917956717E-11	0.13296381116055	1E-30	3.78863087620914E-11	8.53048199289747E-02	1.53131296659527E-10	1.30609007633537E-11	1.48372785458112	4.91682752927043E-11	1.37778948001106E-11	1.53829487626068	3.85588744278274E-11	9.54225651649072E-12	2.02896285558477	3.17965156711597E-12	7.57502209564283E-11	1E5	1E10	1E-30	1E-10	1E10	1E-30	1E-10	1E10	1E-30	1E-10	1E10	1E-30	1E-10	1E10	1E-30	1E-10	1E10	1E-30	1E-10	1E10	1E-30	1E-10	1E10	1E-30	1E-10	1E10	1E-30	1E-10	2	-5	5
123	2.7E-11	1E10	1E11	1E-30	2.43433586138662E-10	1E10	1E-30	1E10	9.66159859531839E-02	1E-30	1.05945917956717E-11	0.13296381116055	1E-30	3.78863087620914E-11	8.53048199289747E-02	1.53131296659527E-10	1.30609007633537E-11	1.48372785458112	4.91682752927043E-11	1.37778948001106E-11	1.53829487626068	3.85588744278274E-11	9.54225651649072E-12	2.02896285558477	3.17965156711597E-12	7.57502209564283E-11	1E5	1E10	1E-30	1E-10	1E10	1E-30	1E-10	1E10	1E-30	1E-10	1E10	1E-30	1E-10	1E10	1E-30	1E-10	1E10	1E-30	1E-10	1E10	1E-30	1E-10	1E10	1E-30	1E-10	1E10	1E-30	1E-10	2	-5	5
124	2.69999999999999E-11	1E10	1E11	1E-30	1.900908863899E-10	1E10	1E-30	1E10	0.179138073066128	1E-30	1.49724472970875E-10	48.9612011043139	1E-30	2.22806063112353E-12	3.02051515355142E-02	1.96169555365082E-10	1.04727668311063E-11	1.35609702549291	6.83408966177714E-11	9.82218405774891E-12	1.16071172333194	1E10	1E-30	1E-10	1E10	1E-30	1E-10	1E10	1E-30	1E-10	1E10	1E-30	1E-10	1E10	1E-30	1E-10	1E10	1E-30	1E-10	1E10	1E-30	1E-10	1E10	1E-30	1E-10	1E10	1E-30	1E-10	1E10	1E-30	1E-10	1E10	1E-30	1E-10	2	-1	1
125	2.69999999999999E-11	1E10	1E11	1E-30	1.900908863899E-10	1E10	1E-30	1E10	0.179138073066128	1E-30	1.49724472970875E-10	48.9612011043139	1E-30	2.22806063112353E-12	3.02051515355142E-02	1.96169555365082E-10	1.04727668311063E-11	1.35609702549291	6.83408966177714E-11	9.82218405774891E-12	1.16071172333194	1E10	1E-30	1E-10	1E10	1E-30	1E-10	1E10	1E-30	1E-10	1E10	1E-30	1E-10	1E10	1E-30	1E-10	1E10	1E-30	1E-10	1E10	1E-30	1E-10	1E10	1E-30	1E-10	1E10	1E-30	1E-10	1E10	1E-30	1E-10	1E10	1E-30	1E-10	2	-2	2
126	2.69999999999999E-11	1E10	1E11	1E-30	1.900908863899E-10	1E10	1E-30	1E10	0.179138073066128	1E-30	1.49724472970875E-10	48.9612011043139	1E-30	2.22806063112353E-12	3.02051515355142E-02	1.96169555365082E-10	1.04727668311063E-11	1.35609702549291	6.83408966177714E-11	9.82218405774891E-12	1.16071172333194	1E10	1E-30	1E-10	1E10	1E-30	1E-10	1E10	1E-30	1E-10	1E10	1E-30	1E-10	1E10	1E-30	1E-10	1E10	1E-30	1E-10	1E10	1E-30	1E-10	1E10	1E-30	1E-10	1E10	1E-30	1E-10	1E10	1E-30	1E-10	1E10	1E-30	1E-10	2	-5	5
127	3.3E-11	1E10	1E10	1E-30	2.3247209733551E-10	1E10	1E-30	1E10	8.05361229815984E-02	1E-30	1.24088027507347E-11	0.141726144144999	1E-30	3.924920627042E-11	8.57790550268821E-02	1.81150862033613E-10	1.35904437632997E-11	1.18292564207594	7.61602558336672E-11	1.07540806943875E-11	1.33764666193966	5.35054617342881E-11	7.8245145813573E-12	1.22477635578398	2.94637660985265E-12	7.19314188180441E-11	1E5	1E10	1E-30	1E-10	1E10	1E-30	1E-10	1E10	1E-30	1E-10	1E10	1E-30	1E-10	1E10	1E-30	1E-10	1E10	1E-30	1E-10	1E10	1E-30	1E-10	1E10	1E-30	1E-10	1E10	1E-30	1E-10	2	-5	5
128	3.3E-11	1E10	1E11	1E-30	2.3247209733551E-10	1E10	1E-30	1E10	8.05361229815984E-02	1E-30	1.24088027507347E-11	0.141726144144999	1E-30	3.924920627042E-11	8.57790550268821E-02	1.81150862033613E-10	1.35904437632997E-11	1.18292564207594	7.61602558336672E-11	1.07540806943875E-11	1.33764666193966	5.35054617342881E-11	7.8245145813573E-12	1.22477635578398	2.94637660985265E-12	7.19314188180441E-11	1E5	1E10	1E-30	1E-10	1E10	1E-30	1E-10	1E10	1E-30	1E-10	1E10	1E-30	1E-10	1E10	1E-30	1E-10	1E10	1E-30	1E-10	1E10	1E-30	1E-10	1E10	1E-30	1E-10	1E10	1E-30	1E-10	2	-5	5
129	3.3E-11	1E10	1E11	1E-30	2.81693232388235E-10	1E10	1E-30	1E10	0.100363495522096	1E-30	4.97759381605792E-11	4.14427760268367	1E-30	1.18390899517741E-10	6.64010587060531E-02	3.50275000694306E-10	7.31506352511669E-12	0.869447917804447	7.12215692179575E-11	1.09936896747114E-11	1.72741536880094	1E10	1E-30	1E-10	1E10	1E-30	1E-10	1E10	1E-30	1E-10	1E10	1E-30	1E-10	1E10	1E-30	1E-10	1E10	1E-30	1E-10	1E10	1E-30	1E-10	1E10	1E-30	1E-10	1E10	1E-30	1E-10	1E10	1E-30	1E-10	1E10	1E-30	1E-10	2	-1	1
130	3.3E-11	1E10	1E11	1E-30	2.81693232388235E-10	1E10	1E-30	1E10	0.100363495522096	1E-30	4.97759381605792E-11	4.14427760268367	1E-30	1.18390899517741E-10	6.64010587060531E-02	3.50275000694306E-10	7.31506352511669E-12	0.869447917804447	7.12215692179575E-11	1.09936896747114E-11	1.72741536880094	1E10	1E-30	1E-10	1E10	1E-30	1E-10	1E10	1E-30	1E-10	1E10	1E-30	1E-10	1E10	1E-30	1E-10	1E10	1E-30	1E-10	1E10	1E-30	1E-10	1E10	1E-30	1E-10	1E10	1E-30	1E-10	1E10	1E-30	1E-10	1E10	1E-30	1E-10	2	-2	2
131	3.3E-11	1E10	1E11	1E-30	2.81693232388235E-10	1E10	1E-30	1E10	0.100363495522096	1E-30	4.97759381605792E-11	4.14427760268367	1E-30	1.18390899517741E-10	6.64010587060531E-02	3.50275000694306E-10	7.31506352511669E-12	0.869447917804447	7.12215692179575E-11	1.09936896747114E-11	1.72741536880094	1E10	1E-30	1E-10	1E10	1E-30	1E-10	1E10	1E-30	1E-10	1E10	1E-30	1E-10	1E10	1E-30	1E-10	1E10	1E-30	1E-10	1E10	1E-30	1E-10	1E10	1E-30	1E-10	1E10	1E-30	1E-10	1E10	1E-30	1E-10	1E10	1E-30	1E-10	2	-5	5
132	3.89999999999999E-11	1E10	1E10	1E-30	1.53557592484372E-10	1E10	1E-30	1E10	7.54624812247048E-02	1E-30	1.05707612479873E-11	0.263664233932848	1E-30	3.73162057238899E-11	0.102964980565135	2.75687489714325E-10	1.14361460085976E-11	1.40460367372725	1.15730167455642E-10	9.2772016398922E-12	1.29667752709167	1.77837250512656E-11	2.59582352088829E-11	2.896356866128	1.64914470513792E-12	1.3288682036942E-10	1E5	1E10	1E-30	1E-10	1E10	1E-30	1E-10	1E10	1E-30	1E-10	1E10	1E-30	1E-10	1E10	1E-30	1E-10	1E10	1E-30	1E-10	1E10	1E-30	1E-10	1E10	1E-30	1E-10	1E10	1E-30	1E-10	2	-5	5
133	3.89999999999999E-11	1E10	1E11	1E-30	1.53557592484372E-10	1E10	1E-30	1E10	7.54624812247048E-02	1E-30	1.05707612479873E-11	0.263664233932848	1E-30	3.73162057238899E-11	0.102964980565135	2.75687489714325E-10	1.14361460085976E-11	1.40460367372725	1.15730167455642E-10	9.2772016398922E-12	1.29667752709167	1.77837250512656E-11	2.59582352088829E-11	2.896356866128	1.64914470513792E-12	1.3288682036942E-10	1E5	1E10	1E-30	1E-10	1E10	1E-30	1E-10	1E10	1E-30	1E-10	1E10	1E-30	1E-10	1E10	1E-30	1E-10	1E10	1E-30	1E-10	1E10	1E-30	1E-10	1E10	1E-30	1E-10	1E10	1E-30	1E-10	2	-5	5
134	3.9E-11	1E10	1E11	1E-30	1.98564351367098E-10	1E10	1E-30	1E10	0.154239631846312	3.50143891172107E-10	9.11909686890887E-12	1.18456858898619	1.69444252444952E-10	6.0871652098888E-12	1.09355937690694	7.60138396971726E-13	1.23678741926365E-10	17.219470886556	1E10	1E-30	1E-10	1E10	1E-30	1E-10	1E10	1E-30	1E-10	1E10	1E-30	1E-10	1E10	1E-30	1E-10	1E10	1E-30	1E-10	1E10	1E-30	1E-10	1E10	1E-30	1E-10	1E10	1E-30	1E-10	1E10	1E-30	1E-10	1E10	1E-30	1E-10	1E10	1E-30	1E-10	2	-1	1
135	3.9E-11	1E10	1E11	1E-30	1.98564351367098E-10	1E10	1E-30	1E10	0.154239631846312	3.50143891172107E-10	9.11909686890887E-12	1.18456858898619	1.69444252444952E-10	6.0871652098888E-12	1.09355937690694	7.60138396971726E-13	1.23678741926365E-10	17.219470886556	1E10	1E-30	1E-10	1E10	1E-30	1E-10	1E10	1E-30	1E-10	1E10	1E-30	1E-10	1E10	1E-30	1E-10	1E10	1E-30	1E-10	1E10	1E-30	1E-10	1E10	1E-30	1E-10	1E10	1E-30	1E-10	1E10	1E-30	1E-10	1E10	1E-30	1E-10	1E10	1E-30	1E-10	2	-2	2
136	3.9E-11	1E10	1E11	1E-30	1.98564351367098E-10	1E10	1E-30	1E10	0.154239631846312	3.50143891172107E-10	9.11909686890887E-12	1.18456858898619	1.69444252444952E-10	6.0871652098888E-12	1.09355937690694	7.60138396971726E-13	1.23678741926365E-10	17.219470886556	1E10	1E-30	1E-10	1E10	1E-30	1E-10	1E10	1E-30	1E-10	1E10	1E-30	1E-10	1E10	1E-30	1E-10	1E10	1E-30	1E-10	1E10	1E-30	1E-10	1E10	1E-30	1E-10	1E10	1E-30	1E-10	1E10	1E-30	1E-10	1E10	1E-30	1E-10	1E10	1E-30	1E-10	2	-5	5
137	4.7E-11	1E10	1E10	1E-30	1.00222588902466E-10	1E10	1E-30	1E10	7.44320468503425E-02	1E-30	3.85680999857499E-11	8.54872496276451E-02	1E-30	2.4817439738064E-12	5.60932854056809E-02	4.56398267497499E-10	7.44967847859255E-12	0.745932687291892	6.39535258248649E-11	2.17570434079164E-11	2.38299371545519	1.34071905433712E-11	3.0502853052969E-11	3.03973372493998	1.13925386633986E-12	1.82294042285343E-10	1E5	1E10	1E-30	1E-10	1E10	1E-30	1E-10	1E10	1E-30	1E-10	1E10	1E-30	1E-10	1E10	1E-30	1E-10	1E10	1E-30	1E-10	1E10	1E-30	1E-10	1E10	1E-30	1E-10	1E10	1E-30	1E-10	2	-5	5
138	4.7E-11	1E10	1E11	1E-30	1.00222588902466E-10	1E10	1E-30	1E10	7.44320468503425E-02	1E-30	3.85680999857499E-11	8.54872496276451E-02	1E-30	2.4817439738064E-12	5.60932854056809E-02	4.56398267497499E-10	7.44967847859255E-12	0.745932687291892	6.39535258248649E-11	2.17570434079164E-11	2.38299371545519	1.34071905433712E-11	3.0502853052969E-11	3.03973372493998	1.13925386633986E-12	1.82294042285343E-10	1E5	1E10	1E-30	1E-10	1E10	1E-30	1E-10	1E10	1E-30	1E-10	1E10	1E-30	1E-10	1E10	1E-30	1E-10	1E10	1E-30	1E-10	1E10	1E-30	1E-10	1E10	1E-30	1E-10	1E10	1E-30	1E-10	2	-5	5
139	4.69999999999999E-11	1E10	1E11	1E-30	2.37136699172039E-10	1E10	1E-30	1E10	0.135949903393471	4.87242534354718E-10	7.93758540477195E-12	0.827050453689781	8.49469119713649E-11	1.46497817202381E-11	1.57771469626742	1.96802678005843E-10	2.22528814425022E-12	0.262270127466204	2.24650054899385E-12	6.7250841875067E-11	9.6655002790271	1E10	1E-30	1E-10	1E10	1E-30	1E-10	1E10	1E-30	1E-10	1E10	1E-30	1E-10	1E10	1E-30	1E-10	1E10	1E-30	1E-10	1E10	1E-30	1E-10	1E10	1E-30	1E-10	1E10	1E-30	1E-10	1E10	1E-30	1E-10	1E10	1E-30	1E-10	2	-1	1
140	4.69999999999999E-11	1E10	1E11	1E-30	2.37136699172039E-10	1E10	1E-30	1E10	0.135949903393471	4.87242534354718E-10	7.93758540477195E-12	0.827050453689781	8.49469119713649E-11	1.46497817202381E-11	1.57771469626742	1.96802678005843E-10	2.22528814425022E-12	0.262270127466204	2.24650054899385E-12	6.7250841875067E-11	9.6655002790271	1E10	1E-30	1E-10	1E10	1E-30	1E-10	1E10	1E-30	1E-10	1E10	1E-30	1E-10	1E10	1E-30	1E-10	1E10	1E-30	1E-10	1E10	1E-30	1E-10	1E10	1E-30	1E-10	1E10	1E-30	1E-10	1E10	1E-30	1E-10	1E10	1E-30	1E-10	2	-2	2
141	4.69999999999999E-11	1E10	1E11	1E-30	2.37136699172039E-10	1E10	1E-30	1E10	0.135949903393471	4.87242534354718E-10	7.93758540477195E-12	0.827050453689781	8.49469119713649E-11	1.46497817202381E-11	1.57771469626742	1.96802678005843E-10	2.22528814425022E-12	0.262270127466204	2.24650054899385E-12	6.7250841875067E-11	9.6655002790271	1E10	1E-30	1E-10	1E10	1E-30	1E-10	1E10	1E-30	1E-10	1E10	1E-30	1E-10	1E10	1E-30	1E-10	1E10	1E-30	1E-10	1E10	1E-30	1E-10	1E10	1E-30	1E-10	1E10	1E-30	1E-10	1E10	1E-30	1E-10	1E10	1E-30	1E-10	2	-5	5
142	5.6E-11	1E10	1E10	1E-30	2.47677972907146E-10	1E10	1E-30	1E10	6.86405676808697E-02	1E-30	3.71013654053863E-11	0.078739890364195	1E-30	2.88759535842259E-12	2.56375156070009E-02	3.53717951331466E-10	1.12876970627153E-11	1.00838572145654	8.93723953321466E-11	1.90557374971403E-11	2.0472225224214	2.95716884715266E-11	1.82446591213095E-11	1.4257076161084	7.56940291251997E-12	2.73300510292494E-11	1E5	1E10	1E-30	1E-10	1E10	1E-30	1E-10	1E10	1E-30	1E-10	1E10	1E-30	1E-10	1E10	1E-30	1E-10	1E10	1E-30	1E-10	1E10	1E-30	1E-10	1E10	1E-30	1E-10	1E10	1E-30	1E-10	2	-5	5
143	5.6E-11	1E10	1E11	1E-30	2.47677972907146E-10	1E10	1E-30	1E10	6.86405676808697E-02	1E-30	3.71013654053863E-11	0.078739890364195	1E-30	2.88759535842259E-12	2.56375156070009E-02	3.53717951331466E-10	1.12876970627153E-11	1.00838572145654	8.93723953321466E-11	1.90557374971403E-11	2.0472225224214	2.95716884715266E-11	1.82446591213095E-11	1.4257076161084	7.56940291251997E-12	2.73300510292494E-11	1E5	1E10	1E-30	1E-10	1E10	1E-30	1E-10	1E10	1E-30	1E-10	1E10	1E-30	1E-10	1E10	1E-30	1E-10	1E10	1E-30	1E-10	1E10	1E-30	1E-10	1E10	1E-30	1E-10	1E10	1E-30	1E-10	2	-5	5
144	5.6E-11	1E10	1E11	1E-30	2.90044226623942E-10	1E10	1E-30	1E10	0.127281963171229	1E-30	1.4194278209106E-11	0.237696308394927	5.19324878243283E-10	7.78247034168523E-12	0.816405503994404	8.39997365605731E-11	2.11084734377537E-11	2.05035174234297	1.81923509875739E-11	1.91808586171776E-11	1.83554852215395	1E10	1E-30	1E-10	1E10	1E-30	1E-10	1E10	1E-30	1E-10	1E10	1E-30	1E-10	1E10	1E-30	1E-10	1E10	1E-30	1E-10	1E10	1E-30	1E-10	1E10	1E-30	1E-10	1E10	1E-30	1E-10	1E10	1E-30	1E-10	1E10	1E-30	1E-10	2	-1	1
145	5.6E-11	1E10	1E11	1E-30	2.90044226623942E-10	1E10	1E-30	1E10	0.127281963171229	1E-30	1.4194278209106E-11	0.237696308394927	5.19324878243283E-10	7.78247034168523E-12	0.816405503994404	8.39997365605731E-11	2.11084734377537E-11	2.05035174234297	1.81923509875739E-11	1.91808586171776E-11	1.83554852215395	1E10	1E-30	1E-10	1E10	1E-30	1E-10	1E10	1E-30	1E-10	1E10	1E-30	1E-10	1E10	1E-30	1E-10	1E10	1E-30	1E-10	1E10	1E-30	1E-10	1E10	1E-30	1E-10	1E10	1E-30	1E-10	1E10	1E-30	1E-10	1E10	1E-30	1E-10	2	-2	2
146	5.6E-11	1E10	1E11	1E-30	2.90044226623942E-10	1E10	1E-30	1E10	0.127281963171229	1E-30	1.4194278209106E-11	0.237696308394927	5.19324878243283E-10	7.78247034168523E-12	0.816405503994404	8.39997365605731E-11	2.11084734377537E-11	2.05035174234297	1.81923509875739E-11	1.91808586171776E-11	1.83554852215395	1E10	1E-30	1E-10	1E10	1E-30	1E-10	1E10	1E-30	1E-10	1E10	1E-30	1E-10	1E10	1E-30	1E-10	1E10	1E-30	1E-10	1E10	1E-30	1E-10	1E10	1E-30	1E-10	1E10	1E-30	1E-10	1E10	1E-30	1E-10	1E10	1E-30	1E-10	2	-5	5
147	6.8E-11	1E10	1E10	1E-30	2.48327082102289E-10	1E10	1E-30	1E10	0.127443701380429	1E-30	8.26798015746508E-12	9.27335178209692E-02	1E-30	2.93639302626424E-11	6.90341256619355E-02	6.74876344625283E-10	5.84815162669018E-12	0.31400137300232	7.63537496440765E-11	2.04381620004397E-11	1.37927585094289	2.68083611889436E-11	1.52110708119518E-11	1.25118325873037	2.46015911750206E-12	8.79201096899506E-11	1E5	1E10	1E-30	1E-10	1E10	1E-30	1E-10	1E10	1E-30	1E-10	1E10	1E-30	1E-10	1E10	1E-30	1E-10	1E10	1E-30	1E-10	1E10	1E-30	1E-10	1E10	1E-30	1E-10	1E10	1E-30	1E-10	2	-5	5
148	6.8E-11	1E10	1E11	1E-30	2.48327082102289E-10	1E10	1E-30	1E10	0.127443701380429	1E-30	8.26798015746508E-12	9.27335178209692E-02	1E-30	2.93639302626424E-11	6.90341256619355E-02	6.74876344625283E-10	5.84815162669018E-12	0.31400137300232	7.63537496440765E-11	2.04381620004397E-11	1.37927585094289	2.68083611889436E-11	1.52110708119518E-11	1.25118325873037	2.46015911750206E-12	8.79201096899506E-11	1E5	1E10	1E-30	1E-10	1E10	1E-30	1E-10	1E10	1E-30	1E-10	1E10	1E-30	1E-10	1E10	1E-30	1E-10	1E10	1E-30	1E-10	1E10	1E-30	1E-10	1E10	1E-30	1E-10	1E10	1E-30	1E-10	2	-5	5
149	6.8E-11	1E10	1E11	1E-30	3.13483046340365E-10	1E10	1E-30	1E10	0.1943016583128	1E-30	7.80408381057373E-11	7.97405871839746	1E-30	2.94960909735859E-11	0.012370055287765	1.09877337955325E-09	3.84702645137717E-12	0.335118317251587	1.20012057802464E-10	1.34632042554692E-11	1.15891644373813	1E10	1E-30	1E-10	1E10	1E-30	1E-10	1E10	1E-30	1E-10	1E10	1E-30	1E-10	1E10	1E-30	1E-10	1E10	1E-30	1E-10	1E10	1E-30	1E-10	1E10	1E-30	1E-10	1E10	1E-30	1E-10	1E10	1E-30	1E-10	1E10	1E-30	1E-10	2	-1	1
150	6.8E-11	1E10	1E11	1E-30	3.13483046340365E-10	1E10	1E-30	1E10	0.1943016583128	1E-30	7.80408381057373E-11	7.97405871839746	1E-30	2.94960909735859E-11	0.012370055287765	1.09877337955325E-09	3.84702645137717E-12	0.335118317251587	1.20012057802464E-10	1.34632042554692E-11	1.15891644373813	1E10	1E-30	1E-10	1E10	1E-30	1E-10	1E10	1E-30	1E-10	1E10	1E-30	1E-10	1E10	1E-30	1E-10	1E10	1E-30	1E-10	1E10	1E-30	1E-10	1E10	1E-30	1E-10	1E10	1E-30	1E-10	1E10	1E-30	1E-10	1E10	1E-30	1E-10	2	-2	2
151	6.8E-11	1E10	1E11	1E-30	3.13483046340365E-10	1E10	1E-30	1E10	0.1943016583128	1E-30	7.80408381057373E-11	7.97405871839746	1E-30	2.94960909735859E-11	0.012370055287765	1.09877337955325E-09	3.84702645137717E-12	0.335118317251587	1.20012057802464E-10	1.34632042554692E-11	1.15891644373813	1E10	1E-30	1E-10	1E10	1E-30	1E-10	1E10	1E-30	1E-10	1E10	1E-30	1E-10	1E10	1E-30	1E-10	1E10	1E-30	1E-10	1E10	1E-30	1E-10	1E10	1E-30	1E-10	1E10	1E-30	1E-10	1E10	1E-30	1E-10	1E10	1E-30	1E-10	2	-5	5
152	8.2E-11	1E10	1E10	1E-30	1.10679718105893E-12	1E10	1E-30	1E10	8.77582945523074E-02	1E-30	3.61122613169384E-11	7.30592894414944E-02	1E-30	3.86827254406386E-12	5.36195617439131E-02	8.52804710474166E-10	6.17164656968637E-12	0.417225498452344	1.09416893216303E-10	1.92672144380088E-11	1.54853561377297	1.53111394537504E-11	3.32179377975198E-11	2.558808003859	6.03983274800357E-13	2.9760896399533E-10	1E5	1E10	1E-30	1E-10	1E10	1E-30	1E-10	1E10	1E-30	1E-10	1E10	1E-30	1E-10	1E10	1E-30	1E-10	1E10	1E-30	1E-10	1E10	1E-30	1E-10	1E10	1E-30	1E-10	1E10	1E-30	1E-10	2	-5	5
153	8.2E-11	1E10	1E11	1E-30	1.10679718105893E-12	1E10	1E-30	1E10	8.77582945523074E-02	1E-30	3.61122613169384E-11	7.30592894414944E-02	1E-30	3.86827254406386E-12	5.36195617439131E-02	8.52804710474166E-10	6.17164656968637E-12	0.417225498452344	1.09416893216303E-10	1.92672144380088E-11	1.54853561377297	1.53111394537504E-11	3.32179377975198E-11	2.558808003859	6.03983274800357E-13	2.9760896399533E-10	1E5	1E10	1E-30	1E-10	1E10	1E-30	1E-10	1E10	1E-30	1E-10	1E10	1E-30	1E-10	1E10	1E-30	1E-10	1E10	1E-30	1E-10	1E10	1E-30	1E-10	1E10	1E-30	1E-10	1E10	1E-30	1E-10	2	-5	5
154	8.2E-11	1E10	1E11	1E-30	3.01648089020739E-10	1E10	1E-30	1E10	0.115670706436104	1E-30	4.3821999695336E-11	1.90566982068671	1E-30	2.2349117196286E-11	1.61416856607164E-02	1.08670107821125E-09	4.97583011423626E-12	0.390624171030204	1.38935212714551E-10	1.57664666314247E-11	1.13406479520798	1E10	1E-30	1E-10	1E10	1E-30	1E-10	1E10	1E-30	1E-10	1E10	1E-30	1E-10	1E10	1E-30	1E-10	1E10	1E-30	1E-10	1E10	1E-30	1E-10	1E10	1E-30	1E-10	1E10	1E-30	1E-10	1E10	1E-30	1E-10	1E10	1E-30	1E-10	2	-1	1
155	8.2E-11	1E10	1E11	1E-30	3.01648089020739E-10	1E10	1E-30	1E10	0.115670706436104	1E-30	4.3821999695336E-11	1.90566982068671	1E-30	2.2349117196286E-11	1.61416856607164E-02	1.08670107821125E-09	4.97583011423626E-12	0.390624171030204	1.38935212714551E-10	1.57664666314247E-11	1.13406479520798	1E10	1E-30	1E-10	1E10	1E-30	1E-10	1E10	1E-30	1E-10	1E10	1E-30	1E-10	1E10	1E-30	1E-10	1E10	1E-30	1E-10	1E10	1E-30	1E-10	1E10	1E-30	1E-10	1E10	1E-30	1E-10	1E10	1E-30	1E-10	1E10	1E-30	1E-10	2	-2	2
156	8.2E-11	1E10	1E11	1E-30	3.01648089020739E-10	1E10	1E-30	1E10	0.115670706436104	1E-30	4.3821999695336E-11	1.90566982068671	1E-30	2.2349117196286E-11	1.61416856607164E-02	1.08670107821125E-09	4.97583011423626E-12	0.390624171030204	1.38935212714551E-10	1.57664666314247E-11	1.13406479520798	1E10	1E-30	1E-10	1E10	1E-30	1E-10	1E10	1E-30	1E-10	1E10	1E-30	1E-10	1E10	1E-30	1E-10	1E10	1E-30	1E-10	1E10	1E-30	1E-10	1E10	1E-30	1E-10	1E10	1E-30	1E-10	1E10	1E-30	1E-10	1E10	1E-30	1E-10	2	-5	5
157	1E-10	1E10	1E10	1E-30	2.65036164287074E-10	1E10	1E-30	1E10	7.86504140490514E-02	1E-30	1.32088003639041E-11	6.82874476371687E-02	1E-30	1.75649096517539E-11	2.48213900209067E-02	1.0791711301745E-09	6.63892082513949E-12	0.444895973448223	1.58040391487074E-10	1.89351014860553E-11	1.24059107794462	2.8905705421808E-11	2.30117203088304E-11	1.17400212168821	8.66192727029822E-12	2.97638964808589E-11	1E5	1E10	1E-30	1E-10	1E10	1E-30	1E-10	1E10	1E-30	1E-10	1E10	1E-30	1E-10	1E10	1E-30	1E-10	1E10	1E-30	1E-10	1E10	1E-30	1E-10	1E10	1E-30	1E-10	1E10	1E-30	1E-10	2	-5	5
158	1E-10	1E10	1E11	1E-30	2.65036164287074E-10	1E10	1E-30	1E10	7.86504140490514E-02	1E-30	1.32088003639041E-11	6.82874476371687E-02	1E-30	1.75649096517539E-11	2.48213900209067E-02	1.0791711301745E-09	6.63892082513949E-12	0.444895973448223	1.58040391487074E-10	1.89351014860553E-11	1.24059107794462	2.8905705421808E-11	2.30117203088304E-11	1.17400212168821	8.66192727029822E-12	2.97638964808589E-11	1E5	1E10	1E-30	1E-10	1E10	1E-30	1E-10	1E10	1E-30	1E-10	1E10	1E-30	1E-10	1E10	1E-30	1E-10	1E10	1E-30	1E-10	1E10	1E-30	1E-10	1E10	1E-30	1E-10	1E10	1E-30	1E-10	2	-5	5
159	9.99999999999999E-11	1E10	1E11	1E-30	2.73753895446221E-10	1E10	1E-30	1E10	0.108054410899033	1E-30	5.39345626845513E-11	2.07903498946376	1E-30	3.65039438890413E-12	9.50633005344236E-03	1.29395605752828E-09	5.62167283463202E-12	0.455528455118233	2.32950149620978E-10	1.33926669102075E-11	1.11777456284576	1E10	1E-30	1E-10	1E10	1E-30	1E-10	1E10	1E-30	1E-10	1E10	1E-30	1E-10	1E10	1E-30	1E-10	1E10	1E-30	1E-10	1E10	1E-30	1E-10	1E10	1E-30	1E-10	1E10	1E-30	1E-10	1E10	1E-30	1E-10	1E10	1E-30	1E-10	2	-1	1
160	9.99999999999999E-11	1E10	1E11	1E-30	2.73753895446221E-10	1E10	1E-30	1E10	0.108054410899033	1E-30	5.39345626845513E-11	2.07903498946376	1E-30	3.65039438890413E-12	9.50633005344236E-03	1.29395605752828E-09	5.62167283463202E-12	0.455528455118233	2.32950149620978E-10	1.33926669102075E-11	1.11777456284576	1E10	1E-30	1E-10	1E10	1E-30	1E-10	1E10	1E-30	1E-10	1E10	1E-30	1E-10	1E10	1E-30	1E-10	1E10	1E-30	1E-10	1E10	1E-30	1E-10	1E10	1E-30	1E-10	1E10	1E-30	1E-10	1E10	1E-30	1E-10	1E10	1E-30	1E-10	2	-2	2
161	9.99999999999999E-11	1E10	1E11	1E-30	2.73753895446221E-10	1E10	1E-30	1E10	0.108054410899033	1E-30	5.39345626845513E-11	2.07903498946376	1E-30	3.65039438890413E-12	9.50633005344236E-03	1.29395605752828E-09	5.62167283463202E-12	0.455528455118233	2.32950149620978E-10	1.33926669102075E-11	1.11777456284576	1E10	1E-30	1E-10	1E10	1E-30	1E-10	1E10	1E-30	1E-10	1E10	1E-30	1E-10	1E10	1E-30	1E-10	1E10	1E-30	1E-10	1E10	1E-30	1E-10	1E10	1E-30	1E-10	1E10	1E-30	1E-10	1E10	1E-30	1E-10	1E10	1E-30	1E-10	2	-5	5
162	1.2E-10	1E10	1E10	1E-30	1.45E-10	1E10	1E-30	1E10	0.12	2.7413437250924E-12	1.02667801109231E-10	1E10	2.68441687149246E-12	7.25850117210327E-11	4.39173779938642	2.15395636595704E-10	1.73962910906439E-11	1.1560955556328	8.88720698659568E-10	9.86227538840754E-12	0.569392725831551	1E10	1E-30	1E-10	1E10	1E-30	1E-10	1E10	1E-30	1E-10	1E10	1E-30	1E-10	1E10	1E-30	1E-10	1E10	1E-30	1E-10	1E10	1E-30	1E-10	1E10	1E-30	1E-10	1E10	1E-30	1E-10	1E10	1E-30	1E-10	1E10	1E-30	1E-10	2	-5	5
163	1.2E-10	1E10	1E11	1E-30	1.45E-10	1E10	1E-30	1E10	0.12	2.7413437250924E-12	1.02667801109231E-10	1E10	2.68441687149246E-12	7.25850117210327E-11	4.39173779938642	2.15395636595704E-10	1.73962910906439E-11	1.1560955556328	8.88720698659568E-10	9.86227538840754E-12	0.569392725831551	1E10	1E-30	1E-10	1E10	1E-30	1E-10	1E10	1E-30	1E-10	1E10	1E-30	1E-10	1E10	1E-30	1E-10	1E10	1E-30	1E-10	1E10	1E-30	1E-10	1E10	1E-30	1E-10	1E10	1E-30	1E-10	1E10	1E-30	1E-10	1E10	1E-30	1E-10	2	-5	5
164	1.2E-10	1E10	1E11	1E-30	2.71011338741726E-10	1E10	1E-30	1E10	9.83373596183745E-02	1E-30	4.31558616827412E-11	1.36530081336596	1E-30	3.96615365243474E-12	9.33535240649997E-03	1.22453045823665E-09	7.47145541762629E-12	0.547250492225491	2.60838353243805E-10	1.5894070638365E-11	1.11491779006182	1E10	1E-30	1E-10	1E10	1E-30	1E-10	1E10	1E-30	1E-10	1E10	1E-30	1E-10	1E10	1E-30	1E-10	1E10	1E-30	1E-10	1E10	1E-30	1E-10	1E10	1E-30	1E-10	1E10	1E-30	1E-10	1E10	1E-30	1E-10	1E10	1E-30	1E-10	2	-1	1
165	1.2E-10	1E10	1E11	1E-30	2.71011338741726E-10	1E10	1E-30	1E10	9.83373596183745E-02	1E-30	4.31558616827412E-11	1.36530081336596	1E-30	3.96615365243474E-12	9.33535240649997E-03	1.22453045823665E-09	7.47145541762629E-12	0.547250492225491	2.60838353243805E-10	1.5894070638365E-11	1.11491779006182	1E10	1E-30	1E-10	1E10	1E-30	1E-10	1E10	1E-30	1E-10	1E10	1E-30	1E-10	1E10	1E-30	1E-10	1E10	1E-30	1E-10	1E10	1E-30	1E-10	1E10	1E-30	1E-10	1E10	1E-30	1E-10	1E10	1E-30	1E-10	1E10	1E-30	1E-10	2	-2	2
166	1.2E-10	1E10	1E11	1E-30	2.71011338741726E-10	1E10	1E-30	1E10	9.83373596183745E-02	1E-30	4.31558616827412E-11	1.36530081336596	1E-30	3.96615365243474E-12	9.33535240649997E-03	1.22453045823665E-09	7.47145541762629E-12	0.547250492225491	2.60838353243805E-10	1.5894070638365E-11	1.11491779006182	1E10	1E-30	1E-10	1E10	1E-30	1E-10	1E10	1E-30	1E-10	1E10	1E-30	1E-10	1E10	1E-30	1E-10	1E10	1E-30	1E-10	1E10	1E-30	1E-10	1E10	1E-30	1E-10	1E10	1E-30	1E-10	1E10	1E-30	1E-10	1E10	1E-30	1E-10	2	-5	5
167	1.5E-10	1E10	1E10	1E-30	1.49302831580557E-10	1E10	1E-30	1E10	8.71356517742512E-02	1E-30	1.15195558316491E-11	4.61486288701062E-02	1.47446620376668E-09	7.15167112798697E-12	0.27523486608161	2.51101993678051E-10	1.72821398793644E-11	0.855366318309252	6.99094389383351E-12	4.64389063753605E-11	1.71245157463578	1.46332826073664E-12	1.5125102674213E-10	1E5	1E10	1E-30	1E-10	1E10	1E-30	1E-10	1E10	1E-30	1E-10	1E10	1E-30	1E-10	1E10	1E-30	1E-10	1E10	1E-30	1E-10	1E10	1E-30	1E-10	1E10	1E-30	1E-10	1E10	1E-30	1E-10	1E10	1E-30	1E-10	2	-5	5
168	1.5E-10	1E10	1E11	1E-30	1.49302831580557E-10	1E10	1E-30	1E10	8.71356517742512E-02	1E-30	1.15195558316491E-11	4.61486288701062E-02	1.47446620376668E-09	7.15167112798697E-12	0.27523486608161	2.51101993678051E-10	1.72821398793644E-11	0.855366318309252	6.99094389383351E-12	4.64389063753605E-11	1.71245157463578	1.46332826073664E-12	1.5125102674213E-10	1E5	1E10	1E-30	1E-10	1E10	1E-30	1E-10	1E10	1E-30	1E-10	1E10	1E-30	1E-10	1E10	1E-30	1E-10	1E10	1E-30	1E-10	1E10	1E-30	1E-10	1E10	1E-30	1E-10	1E10	1E-30	1E-10	1E10	1E-30	1E-10	2	-5	5
169	1.49999999999999E-10	1E10	1E11	1E-30	2.90938256852787E-10	1E10	1E-30	1E10	0.090377573145173	1E-30	5.66825761817607E-11	1.71527438854193	1E-30	6.11354167742528E-12	7.64548450821087E-03	2.29993814393185E-09	4.75965262341613E-12	0.257553104812057	3.96734226243682E-10	1.1631605014543E-11	0.780797914047036	1E10	1E-30	1E-10	1E10	1E-30	1E-10	1E10	1E-30	1E-10	1E10	1E-30	1E-10	1E10	1E-30	1E-10	1E10	1E-30	1E-10	1E10	1E-30	1E-10	1E10	1E-30	1E-10	1E10	1E-30	1E-10	1E10	1E-30	1E-10	1E10	1E-30	1E-10	2	-1	1
170	1.49999999999999E-10	1E10	1E11	1E-30	2.90938256852787E-10	1E10	1E-30	1E10	0.090377573145173	1E-30	5.66825761817607E-11	1.71527438854193	1E-30	6.11354167742528E-12	7.64548450821087E-03	2.29993814393185E-09	4.75965262341613E-12	0.257553104812057	3.96734226243682E-10	1.1631605014543E-11	0.780797914047036	1E10	1E-30	1E-10	1E10	1E-30	1E-10	1E10	1E-30	1E-10	1E10	1E-30	1E-10	1E10	1E-30	1E-10	1E10	1E-30	1E-10	1E10	1E-30	1E-10	1E10	1E-30	1E-10	1E10	1E-30	1E-10	1E10	1E-30	1E-10	1E10	1E-30	1E-10	2	-2	2
171	1.49999999999999E-10	1E10	1E11	1E-30	2.90938256852787E-10	1E10	1E-30	1E10	0.090377573145173	1E-30	5.66825761817607E-11	1.71527438854193	1E-30	6.11354167742528E-12	7.64548450821087E-03	2.29993814393185E-09	4.75965262341613E-12	0.257553104812057	3.96734226243682E-10	1.1631605014543E-11	0.780797914047036	1E10	1E-30	1E-10	1E10	1E-30	1E-10	1E10	1E-30	1E-10	1E10	1E-30	1E-10	1E10	1E-30	1E-10	1E10	1E-30	1E-10	1E10	1E-30	1E-10	1E10	1E-30	1E-10	1E10	1E-30	1E-10	1E10	1E-30	1E-10	1E10	1E-30	1E-10	2	-5	5
172	1.8E-10	1E10	1E10	1E-30	1.15E-10	1E10	1E-30	1E10	0.1	1E-30	1.74357681686692E-11	0.547760811883862	1E-30	1.17191340066995E-10	13.2540283086773	3.3650390257082E-12	8.36387721478485E-11	1E10	2.98019775370238E-10	2.02249500704811E-11	0.998727056569334	1.78059943568076E-09	7.8056036469351E-12	0.429724945600452	1E10	1E-30	1E-10	1E10	1E-30	1E-10	1E10	1E-30	1E-10	1E10	1E-30	1E-10	1E10	1E-30	1E-10	1E10	1E-30	1E-10	1E10	1E-30	1E-10	1E10	1E-30	1E-10	1E10	1E-30	1E-10	1E10	1E-30	1E-10	2	-5	5
173	1.8E-10	1E10	1E11	1E-30	1.15E-10	1E10	1E-30	1E10	0.1	1E-30	1.74357681686692E-11	0.547760811883862	1E-30	1.17191340066995E-10	13.2540283086773	3.3650390257082E-12	8.36387721478485E-11	1E10	2.98019775370238E-10	2.02249500704811E-11	0.998727056569334	1.78059943568076E-09	7.8056036469351E-12	0.429724945600452	1E10	1E-30	1E-10	1E10	1E-30	1E-10	1E10	1E-30	1E-10	1E10	1E-30	1E-10	1E10	1E-30	1E-10	1E10	1E-30	1E-10	1E10	1E-30	1E-10	1E10	1E-30	1E-10	1E10	1E-30	1E-10	1E10	1E-30	1E-10	2	-5	5
174	1.8E-10	1E10	1E11	1E-30	2.70447016299184E-10	1E10	1E-30	1E10	7.24814167238716E-02	1E-30	5.7952708263035E-11	1.59661618864815	1E-30	1.11573508436444E-11	8.40385755682819E-03	1.89248321226954E-09	7.47335157477089E-12	0.442241814533865	4.62919462053286E-10	1.29929222357348E-11	0.805205628505205	1E10	1E-30	1E-10	1E10	1E-30	1E-10	1E10	1E-30	1E-10	1E10	1E-30	1E-10	1E10	1E-30	1E-10	1E10	1E-30	1E-10	1E10	1E-30	1E-10	1E10	1E-30	1E-10	1E10	1E-30	1E-10	1E10	1E-30	1E-10	1E10	1E-30	1E-10	2	-1	1
175	1.8E-10	1E10	1E11	1E-30	2.70447016299184E-10	1E10	1E-30	1E10	7.24814167238716E-02	1E-30	5.7952708263035E-11	1.59661618864815	1E-30	1.11573508436444E-11	8.40385755682819E-03	1.89248321226954E-09	7.47335157477089E-12	0.442241814533865	4.62919462053286E-10	1.29929222357348E-11	0.805205628505205	1E10	1E-30	1E-10	1E10	1E-30	1E-10	1E10	1E-30	1E-10	1E10	1E-30	1E-10	1E10	1E-30	1E-10	1E10	1E-30	1E-10	1E10	1E-30	1E-10	1E10	1E-30	1E-10	1E10	1E-30	1E-10	1E10	1E-30	1E-10	1E10	1E-30	1E-10	2	-2	2
176	1.8E-10	1E10	1E11	1E-30	2.70447016299184E-10	1E10	1E-30	1E10	7.24814167238716E-02	1E-30	5.7952708263035E-11	1.59661618864815	1E-30	1.11573508436444E-11	8.40385755682819E-03	1.89248321226954E-09	7.47335157477089E-12	0.442241814533865	4.62919462053286E-10	1.29929222357348E-11	0.805205628505205	1E10	1E-30	1E-10	1E10	1E-30	1E-10	1E10	1E-30	1E-10	1E10	1E-30	1E-10	1E10	1E-30	1E-10	1E10	1E-30	1E-10	1E10	1E-30	1E-10	1E10	1E-30	1E-10	1E10	1E-30	1E-10	1E10	1E-30	1E-10	1E10	1E-30	1E-10	2	-5	5
177	2E-10	1E10	1E11	1E-30	2.32236658313048E-10	1E10	1E-30	1E10	9.22467314267523E-02	1E-30	3.02724735908362E-11	0.491732854517198	4.72953501304313E-09	2.572702010797E-12	0.119467524248962	3.23284119185395E-10	1.52689011253007E-11	0.60118353786513	1.86494791950491E-12	1.19299594451238E-10	39.1343712855993	1E10	1E-30	1E-10	1E10	1E-30	1E-10	1E10	1E-30	1E-10	1E10	1E-30	1E-10	1E10	1E-30	1E-10	1E10	1E-30	1E-10	1E10	1E-30	1E-10	1E10	1E-30	1E-10	1E10	1E-30	1E-10	1E10	1E-30	1E-10	1E10	1E-30	1E-10	2	-1	1
178	2E-10	1E10	1E11	1E-30	2.32236658313048E-10	1E10	1E-30	1E10	9.22467314267523E-02	1E-30	3.02724735908362E-11	0.491732854517198	4.72953501304313E-09	2.572702010797E-12	0.119467524248962	3.23284119185395E-10	1.52689011253007E-11	0.60118353786513	1.86494791950491E-12	1.19299594451238E-10	39.1343712855993	1E10	1E-30	1E-10	1E10	1E-30	1E-10	1E10	1E-30	1E-10	1E10	1E-30	1E-10	1E10	1E-30	1E-10	1E10	1E-30	1E-10	1E10	1E-30	1E-10	1E10	1E-30	1E-10	1E10	1E-30	1E-10	1E10	1E-30	1E-10	1E10	1E-30	1E-10	2	-2	2
179	2E-10	1E10	1E11	1E-30	2.32236658313048E-10	1E10	1E-30	1E10	9.22467314267523E-02	1E-30	3.02724735908362E-11	0.491732854517198	4.72953501304313E-09	2.572702010797E-12	0.119467524248962	3.23284119185395E-10	1.52689011253007E-11	0.60118353786513	1.86494791950491E-12	1.19299594451238E-10	39.1343712855993	1E10	1E-30	1E-10	1E10	1E-30	1E-10	1E10	1E-30	1E-10	1E10	1E-30	1E-10	1E10	1E-30	1E-10	1E10	1E-30	1E-10	1E10	1E-30	1E-10	1E10	1E-30	1E-10	1E10	1E-30	1E-10	1E10	1E-30	1E-10	1E10	1E-30	1E-10	2	-5	5
180	2.2E-10	1E10	1E10	1E-30	2.06095279374456E-10	1E10	1E-30	1E10	0.095	1E-30	4.83827046680691E-11	1.04006960761914	2.61980492430005E-09	5.20008973243592E-12	0.133972637226373	3.4123427664977E-10	1.62125393519295E-11	0.56240044449034	6.81052921626979E-11	5.32910677146341E-12	1.13776429937261	1.66417254376571E-12	1.2996958702071E-10	824748801.672243	1E10	1E-30	1E-10	1E10	1E-30	1E-10	1E10	1E-30	1E-10	1E10	1E-30	1E-10	1E10	1E-30	1E-10	1E10	1E-30	1E-10	1E10	1E-30	1E-10	1E10	1E-30	1E-10	1E10	1E-30	1E-10	1E10	1E-30	1E-10	2	-5	5
181	2.2E-10	1E10	1E11	1E-30	2.06095279374456E-10	1E10	1E-30	1E10	0.095	1E-30	4.83827046680691E-11	1.04006960761914	2.61980492430005E-09	5.20008973243592E-12	0.133972637226373	3.4123427664977E-10	1.62125393519295E-11	0.56240044449034	6.81052921626979E-11	5.32910677146341E-12	1.13776429937261	1.66417254376571E-12	1.2996958702071E-10	824748801.672243	1E10	1E-30	1E-10	1E10	1E-30	1E-10	1E10	1E-30	1E-10	1E10	1E-30	1E-10	1E10	1E-30	1E-10	1E10	1E-30	1E-10	1E10	1E-30	1E-10	1E10	1E-30	1E-10	1E10	1E-30	1E-10	1E10	1E-30	1E-10	2	-5	5
182	2.2E-10	1E10	1E11	1E-30	2.52613697717306E-10	1E10	1E-30	1E10	8.82399654479005E-02	1E-30	3.76562471295589E-11	0.676534208031364	7.45543863999512E-09	1.9447364064264E-12	0.104776833757543	3.63784810945732E-10	1.591505478509E-11	0.604746406983312	2.83833888183778E-12	9.38073518342886E-11	26.9735705647764	1E10	1E-30	1E-10	1E10	1E-30	1E-10	1E10	1E-30	1E-10	1E10	1E-30	1E-10	1E10	1E-30	1E-10	1E10	1E-30	1E-10	1E10	1E-30	1E-10	1E10	1E-30	1E-10	1E10	1E-30	1E-10	1E10	1E-30	1E-10	1E10	1E-30	1E-10	2	-1	1
183	2.2E-10	1E10	1E11	1E-30	2.52613697717306E-10	1E10	1E-30	1E10	8.82399654479005E-02	1E-30	3.76562471295589E-11	0.676534208031364	7.45543863999512E-09	1.9447364064264E-12	0.104776833757543	3.63784810945732E-10	1.591505478509E-11	0.604746406983312	2.83833888183778E-12	9.38073518342886E-11	26.9735705647764	1E10	1E-30	1E-10	1E10	1E-30	1E-10	1E10	1E-30	1E-10	1E10	1E-30	1E-10	1E10	1E-30	1E-10	1E10	1E-30	1E-10	1E10	1E-30	1E-10	1E10	1E-30	1E-10	1E10	1E-30	1E-10	1E10	1E-30	1E-10	1E10	1E-30	1E-10	2	-2	2
184	2.2E-10	1E10	1E11	1E-30	2.52613697717306E-10	1E10	1E-30	1E10	8.82399654479005E-02	1E-30	3.76562471295589E-11	0.676534208031364	7.45543863999512E-09	1.9447364064264E-12	0.104776833757543	3.63784810945732E-10	1.591505478509E-11	0.604746406983312	2.83833888183778E-12	9.38073518342886E-11	26.9735705647764	1E10	1E-30	1E-10	1E10	1E-30	1E-10	1E10	1E-30	1E-10	1E10	1E-30	1E-10	1E10	1E-30	1E-10	1E10	1E-30	1E-10	1E10	1E-30	1E-10	1E10	1E-30	1E-10	1E10	1E-30	1E-10	1E10	1E-30	1E-10	1E10	1E-30	1E-10	2	-5	5
185	2.7E-10	1E10	1E10	1E-30	1.23E-10	1E10	1E-30	1E10	0.1	1E-30	6.58147568023286E-11	2.48115787761593	2.12604419199678E-12	1.32380941750552E-10	1E10	6.72314205288218E-12	4.18625294729822E-11	1E10	1.43954948839421E-11	2.43543090229863E-11	7.55792347651655	4.28996699457988E-10	1.82238990996265E-11	0.562111208487639	3.52097463488212E-09	5.16670127186068E-12	0.130982942795945	1E10	1E-30	1E-10	1E10	1E-30	1E-10	1E10	1E-30	1E-10	1E10	1E-30	1E-10	1E10	1E-30	1E-10	1E10	1E-30	1E-10	1E10	1E-30	1E-10	1E10	1E-30	1E-10	1E10	1E-30	1E-10	2	-5	5
186	2.7E-10	1E10	1E11	1E-30	1.23E-10	1E10	1E-30	1E10	0.1	1E-30	6.58147568023286E-11	2.48115787761593	2.12604419199678E-12	1.32380941750552E-10	1E10	6.72314205288218E-12	4.18625294729822E-11	1E10	1.43954948839421E-11	2.43543090229863E-11	7.55792347651655	4.28996699457988E-10	1.82238990996265E-11	0.562111208487639	3.52097463488212E-09	5.16670127186068E-12	0.130982942795945	1E10	1E-30	1E-10	1E10	1E-30	1E-10	1E10	1E-30	1E-10	1E10	1E-30	1E-10	1E10	1E-30	1E-10	1E10	1E-30	1E-10	1E10	1E-30	1E-10	1E10	1E-30	1E-10	1E10	1E-30	1E-10	2	-5	5
187	2.7E-10	1E10	1E11	1E-30	2.99074932692893E-10	1E10	1E-30	1E10	7.41711751028462E-02	1E-30	4.86218794568472E-11	0.99000472421561	1E-30	4.57719597095943E-12	1.15218736494579E-02	5.04505522745353E-09	3.85183569542705E-12	0.193776247965676	5.1900461538481E-10	1.56392909990404E-11	0.571788077276859	1E10	1E-30	1E-10	1E10	1E-30	1E-10	1E10	1E-30	1E-10	1E10	1E-30	1E-10	1E10	1E-30	1E-10	1E10	1E-30	1E-10	1E10	1E-30	1E-10	1E10	1E-30	1E-10	1E10	1E-30	1E-10	1E10	1E-30	1E-10	1E10	1E-30	1E-10	2	-1	1
188	2.7E-10	1E10	1E11	1E-30	2.99074932692893E-10	1E10	1E-30	1E10	7.41711751028462E-02	1E-30	4.86218794568472E-11	0.99000472421561	1E-30	4.57719597095943E-12	1.15218736494579E-02	5.04505522745353E-09	3.85183569542705E-12	0.193776247965676	5.1900461538481E-10	1.56392909990404E-11	0.571788077276859	1E10	1E-30	1E-10	1E10	1E-30	1E-10	1E10	1E-30	1E-10	1E10	1E-30	1E-10	1E10	1E-30	1E-10	1E10	1E-30	1E-10	1E10	1E-30	1E-10	1E10	1E-30	1E-10	1E10	1E-30	1E-10	1E10	1E-30	1E-10	1E10	1E-30	1E-10	2	-2	2
189	2.7E-10	1E10	1E11	1E-30	2.99074932692893E-10	1E10	1E-30	1E10	7.41711751028462E-02	1E-30	4.86218794568472E-11	0.99000472421561	1E-30	4.57719597095943E-12	1.15218736494579E-02	5.04505522745353E-09	3.85183569542705E-12	0.193776247965676	5.1900461538481E-10	1.56392909990404E-11	0.571788077276859	1E10	1E-30	1E-10	1E10	1E-30	1E-10	1E10	1E-30	1E-10	1E10	1E-30	1E-10	1E10	1E-30	1E-10	1E10	1E-30	1E-10	1E10	1E-30	1E-10	1E10	1E-30	1E-10	1E10	1E-30	1E-10	1E10	1E-30	1E-10	1E10	1E-30	1E-10	2	-5	5
190	3.3E-10	1E10	1E10	1E-30	1.98153778016854E-10	1E10	1E-30	1E10	7.51122076816265E-02	1E-30	6.23811760672932E-11	0.953697375189499	4.12893795421875E-09	5.92264770642546E-12	0.18854518069152	7.02424727385407E-10	1.49625489809783E-11	0.46398372891104	6.02600846272499E-11	5.81125558509052E-12	0.777607424863811	2.32571640059325E-12	1.04347809355808E-10	1E5	1E10	1E-30	1E-10	1E10	1E-30	1E-10	1E10	1E-30	1E-10	1E10	1E-30	1E-10	1E10	1E-30	1E-10	1E10	1E-30	1E-10	1E10	1E-30	1E-10	1E10	1E-30	1E-10	1E10	1E-30	1E-10	1E10	1E-30	1E-10	2	-5	5
191	3.3E-10	1E10	1E11	1E-30	1.98153778016854E-10	1E10	1E-30	1E10	7.51122076816265E-02	1E-30	6.23811760672932E-11	0.953697375189499	4.12893795421875E-09	5.92264770642546E-12	0.18854518069152	7.02424727385407E-10	1.49625489809783E-11	0.46398372891104	6.02600846272499E-11	5.81125558509052E-12	0.777607424863811	2.32571640059325E-12	1.04347809355808E-10	1E5	1E10	1E-30	1E-10	1E10	1E-30	1E-10	1E10	1E-30	1E-10	1E10	1E-30	1E-10	1E10	1E-30	1E-10	1E10	1E-30	1E-10	1E10	1E-30	1E-10	1E10	1E-30	1E-10	1E10	1E-30	1E-10	1E10	1E-30	1E-10	2	-5	5
192	3.3E-10	1E10	1E11	1E-30	2.88825450502401E-10	1E10	1E-30	1E10	5.92863845052284E-02	1E-30	5.18626296408194E-11	0.840723997694398	1E-30	6.97552023715963E-12	6.61445697609328E-03	4.46257883904047E-09	5.7324363101086E-12	0.222533607968257	7.57718804928877E-10	1.48842763466121E-11	0.554756711406097	1E10	1E-30	1E-10	1E10	1E-30	1E-10	1E10	1E-30	1E-10	1E10	1E-30	1E-10	1E10	1E-30	1E-10	1E10	1E-30	1E-10	1E10	1E-30	1E-10	1E10	1E-30	1E-10	1E10	1E-30	1E-10	1E10	1E-30	1E-10	1E10	1E-30	1E-10	2	-1	1
193	3.3E-10	1E10	1E11	1E-30	2.88825450502401E-10	1E10	1E-30	1E10	5.92863845052284E-02	1E-30	5.18626296408194E-11	0.840723997694398	1E-30	6.97552023715963E-12	6.61445697609328E-03	4.46257883904047E-09	5.7324363101086E-12	0.222533607968257	7.57718804928877E-10	1.48842763466121E-11	0.554756711406097	1E10	1E-30	1E-10	1E10	1E-30	1E-10	1E10	1E-30	1E-10	1E10	1E-30	1E-10	1E10	1E-30	1E-10	1E10	1E-30	1E-10	1E10	1E-30	1E-10	1E10	1E-30	1E-10	1E10	1E-30	1E-10	1E10	1E-30	1E-10	1E10	1E-30	1E-10	2	-2	2
194	3.3E-10	1E10	1E11	1E-30	2.88825450502401E-10	1E10	1E-30	1E10	5.92863845052284E-02	1E-30	5.18626296408194E-11	0.840723997694398	1E-30	6.97552023715963E-12	6.61445697609328E-03	4.46257883904047E-09	5.7324363101086E-12	0.222533607968257	7.57718804928877E-10	1.48842763466121E-11	0.554756711406097	1E10	1E-30	1E-10	1E10	1E-30	1E-10	1E10	1E-30	1E-10	1E10	1E-30	1E-10	1E10	1E-30	1E-10	1E10	1E-30	1E-10	1E10	1E-30	1E-10	1E10	1E-30	1E-10	1E10	1E-30	1E-10	1E10	1E-30	1E-10	1E10	1E-30	1E-10	2	-5	5
195	3.9E-10	1E10	1E10	1E-30	1.58E-10	1E10	1E-30	1E10	0.075	1E-30	4.36801675120367E-11	0.914835289089242	2.35318002568496E-12	1.19603145219585E-10	1E10	1.15389590819268E-11	2.96808768844756E-11	4.871199111408	9.05112868373459E-10	4.82513568305011E-12	0.195377650497281	6.96012720520829E-10	1.96763830942447E-11	0.590172189137158	3.21848242867039E-09	9.50399799910316E-12	0.245931349696578	1E10	1E-30	1E-10	1E10	1E-30	1E-10	1E10	1E-30	1E-10	1E10	1E-30	1E-10	1E10	1E-30	1E-10	1E10	1E-30	1E-10	1E10	1E-30	1E-10	1E10	1E-30	1E-10	1E10	1E-30	1E-10	2	-5	5
196	3.9E-10	1E10	1E11	1E-30	1.58E-10	1E10	1E-30	1E10	0.075	1E-30	4.36801675120367E-11	0.914835289089242	2.35318002568496E-12	1.19603145219585E-10	1E10	1.15389590819268E-11	2.96808768844756E-11	4.871199111408	9.05112868373459E-10	4.82513568305011E-12	0.195377650497281	6.96012720520829E-10	1.96763830942447E-11	0.590172189137158	3.21848242867039E-09	9.50399799910316E-12	0.245931349696578	1E10	1E-30	1E-10	1E10	1E-30	1E-10	1E10	1E-30	1E-10	1E10	1E-30	1E-10	1E10	1E-30	1E-10	1E10	1E-30	1E-10	1E10	1E-30	1E-10	1E10	1E-30	1E-10	1E10	1E-30	1E-10	2	-5	5
197	3.9E-10	1E10	1E11	1E-30	2.57370590289104E-10	1E10	1E-30	1E10	5.25540466529297E-02	1E-30	4.06961440136605E-11	0.96992158592058	1E-30	1.17400985860121E-11	1.30794456265131E-02	3.29017676312067E-09	9.46779949701994E-12	0.331840428828488	7.48028439876481E-10	1.92207552192596E-11	0.710931342471702	6.4163859848702E-10	7.24518017667935E-12	0.240905097731027	1E10	1E-30	1E-10	1E10	1E-30	1E-10	1E10	1E-30	1E-10	1E10	1E-30	1E-10	1E10	1E-30	1E-10	1E10	1E-30	1E-10	1E10	1E-30	1E-10	1E10	1E-30	1E-10	1E10	1E-30	1E-10	1E10	1E-30	1E-10	2	-1	1
198	3.9E-10	1E10	1E11	1E-30	2.57370590289104E-10	1E10	1E-30	1E10	5.25540466529297E-02	1E-30	4.06961440136605E-11	0.96992158592058	1E-30	1.17400985860121E-11	1.30794456265131E-02	3.29017676312067E-09	9.46779949701994E-12	0.331840428828488	7.48028439876481E-10	1.92207552192596E-11	0.710931342471702	6.4163859848702E-10	7.24518017667935E-12	0.240905097731027	1E10	1E-30	1E-10	1E10	1E-30	1E-10	1E10	1E-30	1E-10	1E10	1E-30	1E-10	1E10	1E-30	1E-10	1E10	1E-30	1E-10	1E10	1E-30	1E-10	1E10	1E-30	1E-10	1E10	1E-30	1E-10	1E10	1E-30	1E-10	2	-2	2
199	3.9E-10	1E10	1E11	1E-30	2.57370590289104E-10	1E10	1E-30	1E10	5.25540466529297E-02	1E-30	4.06961440136605E-11	0.96992158592058	1E-30	1.17400985860121E-11	1.30794456265131E-02	3.29017676312067E-09	9.46779949701994E-12	0.331840428828488	7.48028439876481E-10	1.92207552192596E-11	0.710931342471702	6.4163859848702E-10	7.24518017667935E-12	0.240905097731027	1E10	1E-30	1E-10	1E10	1E-30	1E-10	1E10	1E-30	1E-10	1E10	1E-30	1E-10	1E10	1E-30	1E-10	1E10	1E-30	1E-10	1E10	1E-30	1E-10	1E10	1E-30	1E-10	1E10	1E-30	1E-10	1E10	1E-30	1E-10	2	-5	5
200	4.7E-10	1E10	1E10	1E-30	1.3E-10	1E10	1E-30	1E10	5.29062938571425E-02	1E-30	7.92543921792337E-11	0.677281073641941	6.71769320427336E-09	5.61473232170161E-12	0.20711718992658	1.85034004621792E-09	9.34973521699605E-12	0.401684660529287	7.68865626093125E-11	4.5756976705078E-12	1.64425695080451	1.49929698923675E-12	1.25647086500321E-10	1E5	1E10	1E-30	1E-10	1E10	1E-30	1E-10	1E10	1E-30	1E-10	1E10	1E-30	1E-10	1E10	1E-30	1E-10	1E10	1E-30	1E-10	1E10	1E-30	1E-10	1E10	1E-30	1E-10	1E10	1E-30	1E-10	1E10	1E-30	1E-10	2	-5	5
201	4.7E-10	1E10	1E11	1E-30	1.3E-10	1E10	1E-30	1E10	5.29062938571425E-02	1E-30	7.92543921792337E-11	0.677281073641941	6.71769320427336E-09	5.61473232170161E-12	0.20711718992658	1.85034004621792E-09	9.34973521699605E-12	0.401684660529287	7.68865626093125E-11	4.5756976705078E-12	1.64425695080451	1.49929698923675E-12	1.25647086500321E-10	1E5	1E10	1E-30	1E-10	1E10	1E-30	1E-10	1E10	1E-30	1E-10	1E10	1E-30	1E-10	1E10	1E-30	1E-10	1E10	1E-30	1E-10	1E10	1E-30	1E-10	1E10	1E-30	1E-10	1E10	1E-30	1E-10	1E10	1E-30	1E-10	2	-5	5
202	4.7E-10	1E10	1E11	1E-30	2.43344739019987E-10	1E10	1E-30	1E10	4.15135192550308E-02	1E-30	4.20361443434658E-11	0.909251860116049	1E-30	2.22315612697043E-11	1.51510363991382E-02	4.05136195103797E-09	9.46618548870004E-12	0.324782601734989	8.27914299535923E-10	2.19343040325997E-11	0.656369253564996	6.47112558018256E-10	9.47315811690062E-12	0.235359159280264	1E10	1E-30	1E-10	1E10	1E-30	1E-10	1E10	1E-30	1E-10	1E10	1E-30	1E-10	1E10	1E-30	1E-10	1E10	1E-30	1E-10	1E10	1E-30	1E-10	1E10	1E-30	1E-10	1E10	1E-30	1E-10	1E10	1E-30	1E-10	2	-1	1
203	4.7E-10	1E10	1E11	1E-30	2.43344739019987E-10	1E10	1E-30	1E10	4.15135192550308E-02	1E-30	4.20361443434658E-11	0.909251860116049	1E-30	2.22315612697043E-11	1.51510363991382E-02	4.05136195103797E-09	9.46618548870004E-12	0.324782601734989	8.27914299535923E-10	2.19343040325997E-11	0.656369253564996	6.47112558018256E-10	9.47315811690062E-12	0.235359159280264	1E10	1E-30	1E-10	1E10	1E-30	1E-10	1E10	1E-30	1E-10	1E10	1E-30	1E-10	1E10	1E-30	1E-10	1E10	1E-30	1E-10	1E10	1E-30	1E-10	1E10	1E-30	1E-10	1E10	1E-30	1E-10	1E10	1E-30	1E-10	2	-2	2
204	4.7E-10	1E10	1E11	1E-30	2.43344739019987E-10	1E10	1E-30	1E10	4.15135192550308E-02	1E-30	4.20361443434658E-11	0.909251860116049	1E-30	2.22315612697043E-11	1.51510363991382E-02	4.05136195103797E-09	9.46618548870004E-12	0.324782601734989	8.27914299535923E-10	2.19343040325997E-11	0.656369253564996	6.47112558018256E-10	9.47315811690062E-12	0.235359159280264	1E10	1E-30	1E-10	1E10	1E-30	1E-10	1E10	1E-30	1E-10	1E10	1E-30	1E-10	1E10	1E-30	1E-10	1E10	1E-30	1E-10	1E10	1E-30	1E-10	1E10	1E-30	1E-10	1E10	1E-30	1E-10	1E10	1E-30	1E-10	2	-5	5
205	5.6E-10	1E10	1E10	1E-30	2.80489398757199E-10	1E10	1E-30	1E10	3.96978666519788E-02	1E-30	3.74752021877588E-11	1.15276275351682	1E-30	1.96839844459091E-11	2.03847790455566E-02	4.89588773244579E-09	8.01816347449093E-12	0.216711149232156	9.83811814929553E-10	1.73123214099136E-11	0.526904923606627	4.31529231796946E-10	1.08778527486897E-11	0.224502574842687	1E10	1E-30	1E-10	1E10	1E-30	1E-10	1E10	1E-30	1E-10	1E10	1E-30	1E-10	1E10	1E-30	1E-10	1E10	1E-30	1E-10	1E10	1E-30	1E-10	1E10	1E-30	1E-10	1E10	1E-30	1E-10	1E10	1E-30	1E-10	2	-5	5
206	5.6E-10	1E10	1E11	1E-30	2.80489398757199E-10	1E10	1E-30	1E10	3.96978666519788E-02	1E-30	3.74752021877588E-11	1.15276275351682	1E-30	1.96839844459091E-11	2.03847790455566E-02	4.89588773244579E-09	8.01816347449093E-12	0.216711149232156	9.83811814929553E-10	1.73123214099136E-11	0.526904923606627	4.31529231796946E-10	1.08778527486897E-11	0.224502574842687	1E10	1E-30	1E-10	1E10	1E-30	1E-10	1E10	1E-30	1E-10	1E10	1E-30	1E-10	1E10	1E-30	1E-10	1E10	1E-30	1E-10	1E10	1E-30	1E-10	1E10	1E-30	1E-10	1E10	1E-30	1E-10	1E10	1E-30	1E-10	2	-1	1
207	5.6E-10	1E10	1E11	1E-30	2.80489398757199E-10	1E10	1E-30	1E10	3.96978666519788E-02	1E-30	3.74752021877588E-11	1.15276275351682	1E-30	1.96839844459091E-11	2.03847790455566E-02	4.89588773244579E-09	8.01816347449093E-12	0.216711149232156	9.83811814929553E-10	1.73123214099136E-11	0.526904923606627	4.31529231796946E-10	1.08778527486897E-11	0.224502574842687	1E10	1E-30	1E-10	1E10	1E-30	1E-10	1E10	1E-30	1E-10	1E10	1E-30	1E-10	1E10	1E-30	1E-10	1E10	1E-30	1E-10	1E10	1E-30	1E-10	1E10	1E-30	1E-10	1E10	1E-30	1E-10	1E10	1E-30	1E-10	2	-2	2
208	5.6E-10	1E10	1E11	1E-30	2.80489398757199E-10	1E10	1E-30	1E10	3.96978666519788E-02	1E-30	3.74752021877588E-11	1.15276275351682	1E-30	1.96839844459091E-11	2.03847790455566E-02	4.89588773244579E-09	8.01816347449093E-12	0.216711149232156	9.83811814929553E-10	1.73123214099136E-11	0.526904923606627	4.31529231796946E-10	1.08778527486897E-11	0.224502574842687	1E10	1E-30	1E-10	1E10	1E-30	1E-10	1E10	1E-30	1E-10	1E10	1E-30	1E-10	1E10	1E-30	1E-10	1E10	1E-30	1E-10	1E10	1E-30	1E-10	1E10	1E-30	1E-10	1E10	1E-30	1E-10	1E10	1E-30	1E-10	2	-5	5
209	5.6E-10	1E10	1E11	1E-30	2.80489398757199E-10	1E10	1E-30	1E10	3.96978666519788E-02	1E-30	3.74752021877588E-11	1.15276275351682	1E-30	1.96839844459091E-11	2.03847790455566E-02	4.89588773244579E-09	8.01816347449093E-12	0.216711149232156	9.83811814929553E-10	1.73123214099136E-11	0.526904923606627	4.31529231796946E-10	1.08778527486897E-11	0.224502574842687	1E10	1E-30	1E-10	1E10	1E-30	1E-10	1E10	1E-30	1E-10	1E10	1E-30	1E-10	1E10	1E-30	1E-10	1E10	1E-30	1E-10	1E10	1E-30	1E-10	1E10	1E-30	1E-10	1E10	1E-30	1E-10	1E10	1E-30	1E-10	2	-1	1
210	5.6E-10	1E10	1E11	1E-30	2.80489398757199E-10	1E10	1E-30	1E10	3.96978666519788E-02	1E-30	3.74752021877588E-11	1.15276275351682	1E-30	1.96839844459091E-11	2.03847790455566E-02	4.89588773244579E-09	8.01816347449093E-12	0.216711149232156	9.83811814929553E-10	1.73123214099136E-11	0.526904923606627	4.31529231796946E-10	1.08778527486897E-11	0.224502574842687	1E10	1E-30	1E-10	1E10	1E-30	1E-10	1E10	1E-30	1E-10	1E10	1E-30	1E-10	1E10	1E-30	1E-10	1E10	1E-30	1E-10	1E10	1E-30	1E-10	1E10	1E-30	1E-10	1E10	1E-30	1E-10	1E10	1E-30	1E-10	2	-2	2
211	5.6E-10	1E10	1E11	1E-30	2.80489398757199E-10	1E10	1E-30	1E10	3.96978666519788E-02	1E-30	3.74752021877588E-11	1.15276275351682	1E-30	1.96839844459091E-11	2.03847790455566E-02	4.89588773244579E-09	8.01816347449093E-12	0.216711149232156	9.83811814929553E-10	1.73123214099136E-11	0.526904923606627	4.31529231796946E-10	1.08778527486897E-11	0.224502574842687	1E10	1E-30	1E-10	1E10	1E-30	1E-10	1E10	1E-30	1E-10	1E10	1E-30	1E-10	1E10	1E-30	1E-10	1E10	1E-30	1E-10	1E10	1E-30	1E-10	1E10	1E-30	1E-10	1E10	1E-30	1E-10	1E10	1E-30	1E-10	2	-5	5
212	6.2E-10	1E10	1E11	1E-30	2.79420282466774E-10	1E10	1E-30	1E10	5.45610400465362E-02	1E-30	3.2380140088147E-11	1.00299827703111	4.09261432733759E-09	1.11225442124024E-11	0.281547794533399	1.03230111514456E-09	1.88453697172086E-11	0.513249118295702	3.56820432995076E-10	1.54486934881315E-11	0.279070602481786	1E10	1E-30	1E-10	1E10	1E-30	1E-10	1E10	1E-30	1E-10	1E10	1E-30	1E-10	1E10	1E-30	1E-10	1E10	1E-30	1E-10	1E10	1E-30	1E-10	1E10	1E-30	1E-10	1E10	1E-30	1E-10	1E10	1E-30	1E-10	1E10	1E-30	1E-10	2	-1	1
213	6.2E-10	1E10	1E11	1E-30	2.79420282466774E-10	1E10	1E-30	1E10	5.45610400465362E-02	1E-30	3.2380140088147E-11	1.00299827703111	4.09261432733759E-09	1.11225442124024E-11	0.281547794533399	1.03230111514456E-09	1.88453697172086E-11	0.513249118295702	3.56820432995076E-10	1.54486934881315E-11	0.279070602481786	1E10	1E-30	1E-10	1E10	1E-30	1E-10	1E10	1E-30	1E-10	1E10	1E-30	1E-10	1E10	1E-30	1E-10	1E10	1E-30	1E-10	1E10	1E-30	1E-10	1E10	1E-30	1E-10	1E10	1E-30	1E-10	1E10	1E-30	1E-10	1E10	1E-30	1E-10	2	-2	2
214	6.2E-10	1E10	1E11	1E-30	2.79420282466774E-10	1E10	1E-30	1E10	5.45610400465362E-02	1E-30	3.2380140088147E-11	1.00299827703111	4.09261432733759E-09	1.11225442124024E-11	0.281547794533399	1.03230111514456E-09	1.88453697172086E-11	0.513249118295702	3.56820432995076E-10	1.54486934881315E-11	0.279070602481786	1E10	1E-30	1E-10	1E10	1E-30	1E-10	1E10	1E-30	1E-10	1E10	1E-30	1E-10	1E10	1E-30	1E-10	1E10	1E-30	1E-10	1E10	1E-30	1E-10	1E10	1E-30	1E-10	1E10	1E-30	1E-10	1E10	1E-30	1E-10	1E10	1E-30	1E-10	2	-5	5
215	6.2E-10	1E10	1E11	1E-30	2.79420282466774E-10	1E10	1E-30	1E10	5.45610400465362E-02	1E-30	3.2380140088147E-11	1.00299827703111	4.09261432733759E-09	1.11225442124024E-11	0.281547794533399	1.03230111514456E-09	1.88453697172086E-11	0.513249118295702	3.56820432995076E-10	1.54486934881315E-11	0.279070602481786	1E10	1E-30	1E-10	1E10	1E-30	1E-10	1E10	1E-30	1E-10	1E10	1E-30	1E-10	1E10	1E-30	1E-10	1E10	1E-30	1E-10	1E10	1E-30	1E-10	1E10	1E-30	1E-10	1E10	1E-30	1E-10	1E10	1E-30	1E-10	1E10	1E-30	1E-10	2	-1	1
216	6.2E-10	1E10	1E11	1E-30	2.79420282466774E-10	1E10	1E-30	1E10	5.45610400465362E-02	1E-30	3.2380140088147E-11	1.00299827703111	4.09261432733759E-09	1.11225442124024E-11	0.281547794533399	1.03230111514456E-09	1.88453697172086E-11	0.513249118295702	3.56820432995076E-10	1.54486934881315E-11	0.279070602481786	1E10	1E-30	1E-10	1E10	1E-30	1E-10	1E10	1E-30	1E-10	1E10	1E-30	1E-10	1E10	1E-30	1E-10	1E10	1E-30	1E-10	1E10	1E-30	1E-10	1E10	1E-30	1E-10	1E10	1E-30	1E-10	1E10	1E-30	1E-10	1E10	1E-30	1E-10	2	-2	2
217	6.2E-10	1E10	1E11	1E-30	2.79420282466774E-10	1E10	1E-30	1E10	5.45610400465362E-02	1E-30	3.2380140088147E-11	1.00299827703111	4.09261432733759E-09	1.11225442124024E-11	0.281547794533399	1.03230111514456E-09	1.88453697172086E-11	0.513249118295702	3.56820432995076E-10	1.54486934881315E-11	0.279070602481786	1E10	1E-30	1E-10	1E10	1E-30	1E-10	1E10	1E-30	1E-10	1E10	1E-30	1E-10	1E10	1E-30	1E-10	1E10	1E-30	1E-10	1E10	1E-30	1E-10	1E10	1E-30	1E-10	1E10	1E-30	1E-10	1E10	1E-30	1E-10	1E10	1E-30	1E-10	2	-5	5
218	6.8E-10	1E10	1E10	1E-30	2.78671642404862E-10	1E10	1E-30	1E10	5.20030973253546E-02	1E-30	3.64943608057037E-11	0.772327707501811	5.11108421683086E-09	9.69712748647588E-12	0.266434573727971	1.09566990359575E-09	1.9000801306229E-11	0.533706669494134	6.62211711525027E-10	9.26386082437902E-12	0.218019882614309	6.55185602440195E-11	3.52181445549802E-12	0.659624039241664	1E10	1E-30	1E-10	1E10	1E-30	1E-10	1E10	1E-30	1E-10	1E10	1E-30	1E-10	1E10	1E-30	1E-10	1E10	1E-30	1E-10	1E10	1E-30	1E-10	1E10	1E-30	1E-10	1E10	1E-30	1E-10	1E10	1E-30	1E-10	2	-5	5
219	6.8E-10	1E10	1E11	1E-30	2.78671642404862E-10	1E10	1E-30	1E10	5.20030973253546E-02	1E-30	3.64943608057037E-11	0.772327707501811	5.11108421683086E-09	9.69712748647588E-12	0.266434573727971	1.09566990359575E-09	1.9000801306229E-11	0.533706669494134	6.62211711525027E-10	9.26386082437902E-12	0.218019882614309	6.55185602440195E-11	3.52181445549802E-12	0.659624039241664	1E10	1E-30	1E-10	1E10	1E-30	1E-10	1E10	1E-30	1E-10	1E10	1E-30	1E-10	1E10	1E-30	1E-10	1E10	1E-30	1E-10	1E10	1E-30	1E-10	1E10	1E-30	1E-10	1E10	1E-30	1E-10	1E10	1E-30	1E-10	2	-1	1
220	6.8E-10	1E10	1E11	1E-30	2.78671642404862E-10	1E10	1E-30	1E10	5.20030973253546E-02	1E-30	3.64943608057037E-11	0.772327707501811	5.11108421683086E-09	9.69712748647588E-12	0.266434573727971	1.09566990359575E-09	1.9000801306229E-11	0.533706669494134	6.62211711525027E-10	9.26386082437902E-12	0.218019882614309	6.55185602440195E-11	3.52181445549802E-12	0.659624039241664	1E10	1E-30	1E-10	1E10	1E-30	1E-10	1E10	1E-30	1E-10	1E10	1E-30	1E-10	1E10	1E-30	1E-10	1E10	1E-30	1E-10	1E10	1E-30	1E-10	1E10	1E-30	1E-10	1E10	1E-30	1E-10	1E10	1E-30	1E-10	2	-2	2
221	6.8E-10	1E10	1E11	1E-30	2.78671642404862E-10	1E10	1E-30	1E10	5.20030973253546E-02	1E-30	3.64943608057037E-11	0.772327707501811	5.11108421683086E-09	9.69712748647588E-12	0.266434573727971	1.09566990359575E-09	1.9000801306229E-11	0.533706669494134	6.62211711525027E-10	9.26386082437902E-12	0.218019882614309	6.55185602440195E-11	3.52181445549802E-12	0.659624039241664	1E10	1E-30	1E-10	1E10	1E-30	1E-10	1E10	1E-30	1E-10	1E10	1E-30	1E-10	1E10	1E-30	1E-10	1E10	1E-30	1E-10	1E10	1E-30	1E-10	1E10	1E-30	1E-10	1E10	1E-30	1E-10	1E10	1E-30	1E-10	2	-5	5
222	6.8E-10	1E10	1E11	1E-30	2.78671642404862E-10	1E10	1E-30	1E10	5.20030973253546E-02	1E-30	3.64943608057037E-11	0.772327707501811	5.11108421683086E-09	9.69712748647588E-12	0.266434573727971	1.09566990359575E-09	1.9000801306229E-11	0.533706669494134	6.62211711525027E-10	9.26386082437902E-12	0.218019882614309	6.55185602440195E-11	3.52181445549802E-12	0.659624039241664	1E10	1E-30	1E-10	1E10	1E-30	1E-10	1E10	1E-30	1E-10	1E10	1E-30	1E-10	1E10	1E-30	1E-10	1E10	1E-30	1E-10	1E10	1E-30	1E-10	1E10	1E-30	1E-10	1E10	1E-30	1E-10	1E10	1E-30	1E-10	2	-1	1
223	6.8E-10	1E10	1E11	1E-30	2.78671642404862E-10	1E10	1E-30	1E10	5.20030973253546E-02	1E-30	3.64943608057037E-11	0.772327707501811	5.11108421683086E-09	9.69712748647588E-12	0.266434573727971	1.09566990359575E-09	1.9000801306229E-11	0.533706669494134	6.62211711525027E-10	9.26386082437902E-12	0.218019882614309	6.55185602440195E-11	3.52181445549802E-12	0.659624039241664	1E10	1E-30	1E-10	1E10	1E-30	1E-10	1E10	1E-30	1E-10	1E10	1E-30	1E-10	1E10	1E-30	1E-10	1E10	1E-30	1E-10	1E10	1E-30	1E-10	1E10	1E-30	1E-10	1E10	1E-30	1E-10	1E10	1E-30	1E-10	2	-2	2
224	6.8E-10	1E10	1E11	1E-30	2.78671642404862E-10	1E10	1E-30	1E10	5.20030973253546E-02	1E-30	3.64943608057037E-11	0.772327707501811	5.11108421683086E-09	9.69712748647588E-12	0.266434573727971	1.09566990359575E-09	1.9000801306229E-11	0.533706669494134	6.62211711525027E-10	9.26386082437902E-12	0.218019882614309	6.55185602440195E-11	3.52181445549802E-12	0.659624039241664	1E10	1E-30	1E-10	1E10	1E-30	1E-10	1E10	1E-30	1E-10	1E10	1E-30	1E-10	1E10	1E-30	1E-10	1E10	1E-30	1E-10	1E10	1E-30	1E-10	1E10	1E-30	1E-10	1E10	1E-30	1E-10	1E10	1E-30	1E-10	2	-5	5
225	8.19999999999999E-10	1E10	1E10	1E-30	2.34757217205334E-10	1E10	1E-30	1E10	4.68148176857351E-02	1E-30	4.04930812863113E-11	0.767745457422804	5.48352164294375E-09	1.1621232875358E-11	0.382115127217389	1.60905355741366E-09	1.80237747906778E-11	0.501385998075853	8.07468485756675E-10	1.14439103655016E-11	0.211825885857057	1.1305776416017E-10	2.70732173745181E-12	0.400425925702565	1E10	1E-30	1E-10	1E10	1E-30	1E-10	1E10	1E-30	1E-10	1E10	1E-30	1E-10	1E10	1E-30	1E-10	1E10	1E-30	1E-10	1E10	1E-30	1E-10	1E10	1E-30	1E-10	1E10	1E-30	1E-10	1E10	1E-30	1E-10	2	-5	5
226	8.19999999999999E-10	1E10	1E11	1E-30	2.34757217205334E-10	1E10	1E-30	1E10	4.68148176857351E-02	1E-30	4.04930812863113E-11	0.767745457422804	5.48352164294375E-09	1.1621232875358E-11	0.382115127217389	1.60905355741366E-09	1.80237747906778E-11	0.501385998075853	8.07468485756675E-10	1.14439103655016E-11	0.211825885857057	1.1305776416017E-10	2.70732173745181E-12	0.400425925702565	1E10	1E-30	1E-10	1E10	1E-30	1E-10	1E10	1E-30	1E-10	1E10	1E-30	1E-10	1E10	1E-30	1E-10	1E10	1E-30	1E-10	1E10	1E-30	1E-10	1E10	1E-30	1E-10	1E10	1E-30	1E-10	1E10	1E-30	1E-10	2	-1	1
227	8.19999999999999E-10	1E10	1E11	1E-30	2.34757217205334E-10	1E10	1E-30	1E10	4.68148176857351E-02	1E-30	4.04930812863113E-11	0.767745457422804	5.48352164294375E-09	1.1621232875358E-11	0.382115127217389	1.60905355741366E-09	1.80237747906778E-11	0.501385998075853	8.07468485756675E-10	1.14439103655016E-11	0.211825885857057	1.1305776416017E-10	2.70732173745181E-12	0.400425925702565	1E10	1E-30	1E-10	1E10	1E-30	1E-10	1E10	1E-30	1E-10	1E10	1E-30	1E-10	1E10	1E-30	1E-10	1E10	1E-30	1E-10	1E10	1E-30	1E-10	1E10	1E-30	1E-10	1E10	1E-30	1E-10	1E10	1E-30	1E-10	2	-2	2
228	8.19999999999999E-10	1E10	1E11	1E-30	2.34757217205334E-10	1E10	1E-30	1E10	4.68148176857351E-02	1E-30	4.04930812863113E-11	0.767745457422804	5.48352164294375E-09	1.1621232875358E-11	0.382115127217389	1.60905355741366E-09	1.80237747906778E-11	0.501385998075853	8.07468485756675E-10	1.14439103655016E-11	0.211825885857057	1.1305776416017E-10	2.70732173745181E-12	0.400425925702565	1E10	1E-30	1E-10	1E10	1E-30	1E-10	1E10	1E-30	1E-10	1E10	1E-30	1E-10	1E10	1E-30	1E-10	1E10	1E-30	1E-10	1E10	1E-30	1E-10	1E10	1E-30	1E-10	1E10	1E-30	1E-10	1E10	1E-30	1E-10	2	-5	5
229	8.19999999999999E-10	1E10	1E11	1E-30	2.34757217205334E-10	1E10	1E-30	1E10	4.68148176857351E-02	1E-30	4.04930812863113E-11	0.767745457422804	5.48352164294375E-09	1.1621232875358E-11	0.382115127217389	1.60905355741366E-09	1.80237747906778E-11	0.501385998075853	8.07468485756675E-10	1.14439103655016E-11	0.211825885857057	1.1305776416017E-10	2.70732173745181E-12	0.400425925702565	1E10	1E-30	1E-10	1E10	1E-30	1E-10	1E10	1E-30	1E-10	1E10	1E-30	1E-10	1E10	1E-30	1E-10	1E10	1E-30	1E-10	1E10	1E-30	1E-10	1E10	1E-30	1E-10	1E10	1E-30	1E-10	1E10	1E-30	1E-10	2	-1	1
230	8.19999999999999E-10	1E10	1E11	1E-30	2.34757217205334E-10	1E10	1E-30	1E10	4.68148176857351E-02	1E-30	4.04930812863113E-11	0.767745457422804	5.48352164294375E-09	1.1621232875358E-11	0.382115127217389	1.60905355741366E-09	1.80237747906778E-11	0.501385998075853	8.07468485756675E-10	1.14439103655016E-11	0.211825885857057	1.1305776416017E-10	2.70732173745181E-12	0.400425925702565	1E10	1E-30	1E-10	1E10	1E-30	1E-10	1E10	1E-30	1E-10	1E10	1E-30	1E-10	1E10	1E-30	1E-10	1E10	1E-30	1E-10	1E10	1E-30	1E-10	1E10	1E-30	1E-10	1E10	1E-30	1E-10	1E10	1E-30	1E-10	2	-2	2
231	8.19999999999999E-10	1E10	1E11	1E-30	2.34757217205334E-10	1E10	1E-30	1E10	4.68148176857351E-02	1E-30	4.04930812863113E-11	0.767745457422804	5.48352164294375E-09	1.1621232875358E-11	0.382115127217389	1.60905355741366E-09	1.80237747906778E-11	0.501385998075853	8.07468485756675E-10	1.14439103655016E-11	0.211825885857057	1.1305776416017E-10	2.70732173745181E-12	0.400425925702565	1E10	1E-30	1E-10	1E10	1E-30	1E-10	1E10	1E-30	1E-10	1E10	1E-30	1E-10	1E10	1E-30	1E-10	1E10	1E-30	1E-10	1E10	1E-30	1E-10	1E10	1E-30	1E-10	1E10	1E-30	1E-10	1E10	1E-30	1E-10	2	-5	5
END DSCRDATA
