BEGIN DSCRDATA
% INDEX	K01	L01	M01	K02	L02	M02	K03	L03	M03	K04	L04	M04	K05	L05	M05	K06	L06	M06	K07	L07	M07	K08	L08	M08	K09	L09	M09	K10	L10	M10	K11	L11	M11	K12	L12	M12	K13	L13	M13	K14	L14	M14	K15	L15	M15	K16	L16	M16	K17	L17	M17	K18	L18	M18
0	0	0	0	0	0	0	0	0	0	0	0	0	0	0	0	0	0	0	0	0	0	0	0	0	0	0	0	0	0	0	0	0	0	0	0	0	0	0	0	0	0	0	0	0	0	0	0	0	0	0	0	0	0	0
1	2E-13	1E10	1E10	1E-30	2.2056304432947E-10	1E10	1E-30	1E10	0.407212058509148	2.27556776314093E-11	9.05674521428952E-13	1.95987472990142	7.6956245105707E-13	1.31660776410661E-11	69.5127095735402	1E10	1E-30	1E-10	1E10	1E-30	1E-10	1E10	1E-30	1E-10	1E10	1E-30	1E-10	1E10	1E-30	1E-10	1E10	1E-30	1E-10	1E10	1E-30	1E-10	1E10	1E-30	1E-10	1E10	1E-30	1E-10	1E10	1E-30	1E-10	1E10	1E-30	1E-10	1E10	1E-30	1E-10	1E10	1E-30	1E-10
2	2E-13	1E10	1E10	1E-30	2.2056304432947E-10	1E10	1E-30	1E10	0.407212058509148	2.27556776314093E-11	9.05674521428952E-13	1.95987472990142	7.6956245105707E-13	1.31660776410661E-11	69.5127095735402	1E10	1E-30	1E-10	1E10	1E-30	1E-10	1E10	1E-30	1E-10	1E10	1E-30	1E-10	1E10	1E-30	1E-10	1E10	1E-30	1E-10	1E10	1E-30	1E-10	1E10	1E-30	1E-10	1E10	1E-30	1E-10	1E10	1E-30	1E-10	1E10	1E-30	1E-10	1E10	1E-30	1E-10	1E10	1E-30	1E-10
3	3E-13	1E10	1E10	1E-30	1.96340900812006E-10	1E10	1E-30	1E10	0.35118301612422	9.26737940625465E-12	2.0099014202726E-12	3.80852419971179	9.39732462520165E-13	1.03733843724264E-11	83.8938890705529	1E10	1E-30	1E-10	1E10	1E-30	1E-10	1E10	1E-30	1E-10	1E10	1E-30	1E-10	1E10	1E-30	1E-10	1E10	1E-30	1E-10	1E10	1E-30	1E-10	1E10	1E-30	1E-10	1E10	1E-30	1E-10	1E10	1E-30	1E-10	1E10	1E-30	1E-10	1E10	1E-30	1E-10	1E10	1E-30	1E-10
4	3E-13	1E10	1E10	1E-30	1.96340900812006E-10	1E10	1E-30	1E10	0.35118301612422	9.26737940625465E-12	2.0099014202726E-12	3.80852419971179	9.39732462520165E-13	1.03733843724264E-11	83.8938890705529	1E10	1E-30	1E-10	1E10	1E-30	1E-10	1E10	1E-30	1E-10	1E10	1E-30	1E-10	1E10	1E-30	1E-10	1E10	1E-30	1E-10	1E10	1E-30	1E-10	1E10	1E-30	1E-10	1E10	1E-30	1E-10	1E10	1E-30	1E-10	1E10	1E-30	1E-10	1E10	1E-30	1E-10	1E10	1E-30	1E-10
5	4E-13	1E10	1E10	1E-30	2.10764989112715E-10	1E10	1E-30	1E10	0.337872212538013	6.98531461214484E-12	2.40721183481339E-12	6.53284812940613	1.78888261942023E-12	5.49806816502058E-12	42.9301861354846	1E10	1E-30	1E-10	1E10	1E-30	1E-10	1E10	1E-30	1E-10	1E10	1E-30	1E-10	1E10	1E-30	1E-10	1E10	1E-30	1E-10	1E10	1E-30	1E-10	1E10	1E-30	1E-10	1E10	1E-30	1E-10	1E10	1E-30	1E-10	1E10	1E-30	1E-10	1E10	1E-30	1E-10	1E10	1E-30	1E-10
6	4E-13	1E10	1E10	1E-30	2.10764989112715E-10	1E10	1E-30	1E10	0.337872212538013	6.98531461214484E-12	2.40721183481339E-12	6.53284812940613	1.78888261942023E-12	5.49806816502058E-12	42.9301861354846	1E10	1E-30	1E-10	1E10	1E-30	1E-10	1E10	1E-30	1E-10	1E10	1E-30	1E-10	1E10	1E-30	1E-10	1E10	1E-30	1E-10	1E10	1E-30	1E-10	1E10	1E-30	1E-10	1E10	1E-30	1E-10	1E10	1E-30	1E-10	1E10	1E-30	1E-10	1E10	1E-30	1E-10	1E10	1E-30	1E-10
7	5E-13	1E10	1E10	1E-30	2.13259911912548E-10	1E10	1E-30	1E10	0.330887043035438	6.11959065790943E-12	3.20083855556561E-12	9.00580759643717	1.43769623643138E-12	6.83405472600404E-12	71.3578215316169	1E10	1E-30	1E-10	1E10	1E-30	1E-10	1E10	1E-30	1E-10	1E10	1E-30	1E-10	1E10	1E-30	1E-10	1E10	1E-30	1E-10	1E10	1E-30	1E-10	1E10	1E-30	1E-10	1E10	1E-30	1E-10	1E10	1E-30	1E-10	1E10	1E-30	1E-10	1E10	1E-30	1E-10	1E10	1E-30	1E-10
8	5E-13	1E10	1E10	1E-30	2.13259911912548E-10	1E10	1E-30	1E10	0.330887043035438	6.11959065790943E-12	3.20083855556561E-12	9.00580759643717	1.43769623643138E-12	6.83405472600404E-12	71.3578215316169	1E10	1E-30	1E-10	1E10	1E-30	1E-10	1E10	1E-30	1E-10	1E10	1E-30	1E-10	1E10	1E-30	1E-10	1E10	1E-30	1E-10	1E10	1E-30	1E-10	1E10	1E-30	1E-10	1E10	1E-30	1E-10	1E10	1E-30	1E-10	1E10	1E-30	1E-10	1E10	1E-30	1E-10	1E10	1E-30	1E-10
9	6E-13	1E10	1E10	1E-30	2.09926920578601E-10	1E10	1E-30	1E10	0.290689502687192	3.34769225445888E-12	6.28641212643658E-12	14.8854073084594	1.8035526652981E-12	5.73355498338919E-12	40.3377263322104	1E10	1E-30	1E-10	1E10	1E-30	1E-10	1E10	1E-30	1E-10	1E10	1E-30	1E-10	1E10	1E-30	1E-10	1E10	1E-30	1E-10	1E10	1E-30	1E-10	1E10	1E-30	1E-10	1E10	1E-30	1E-10	1E10	1E-30	1E-10	1E10	1E-30	1E-10	1E10	1E-30	1E-10	1E10	1E-30	1E-10
10	6E-13	1E10	1E10	1E-30	2.09926920578601E-10	1E10	1E-30	1E10	0.290689502687192	3.34769225445888E-12	6.28641212643658E-12	14.8854073084594	1.8035526652981E-12	5.73355498338919E-12	40.3377263322104	1E10	1E-30	1E-10	1E10	1E-30	1E-10	1E10	1E-30	1E-10	1E10	1E-30	1E-10	1E10	1E-30	1E-10	1E10	1E-30	1E-10	1E10	1E-30	1E-10	1E10	1E-30	1E-10	1E10	1E-30	1E-10	1E10	1E-30	1E-10	1E10	1E-30	1E-10	1E10	1E-30	1E-10	1E10	1E-30	1E-10
11	6.99999999999999E-13	1E10	1E10	1E-30	2.08963108659707E-10	1E10	1E-30	1E10	0.282443347529603	1.34993202273727E-11	1.55007370447212E-12	4.34984604076084	1.09831240440942E-11	1.61642989092503E-12	5.57118570548189	1.70365802985164E-12	6.08452988097041E-12	34.2887094334429	1E10	1E-30	1E-10	1E10	1E-30	1E-10	1E10	1E-30	1E-10	1E10	1E-30	1E-10	1E10	1E-30	1E-10	1E10	1E-30	1E-10	1E10	1E-30	1E-10	1E10	1E-30	1E-10	1E10	1E-30	1E-10	1E10	1E-30	1E-10	1E10	1E-30	1E-10	1E10	1E-30	1E-10
12	6.99999999999999E-13	1E10	1E10	1E-30	2.08963108659707E-10	1E10	1E-30	1E10	0.282443347529603	1.34993202273727E-11	1.55007370447212E-12	4.34984604076084	1.09831240440942E-11	1.61642989092503E-12	5.57118570548189	1.70365802985164E-12	6.08452988097041E-12	34.2887094334429	1E10	1E-30	1E-10	1E10	1E-30	1E-10	1E10	1E-30	1E-10	1E10	1E-30	1E-10	1E10	1E-30	1E-10	1E10	1E-30	1E-10	1E10	1E-30	1E-10	1E10	1E-30	1E-10	1E10	1E-30	1E-10	1E10	1E-30	1E-10	1E10	1E-30	1E-10	1E10	1E-30	1E-10
13	8E-13	1E10	1E10	1E-30	1.91425914413363E-10	1E10	1E-30	1E10	0.259084320402284	4.06812881799034E-12	5.10130583769216E-12	11.8873034249615	2.58029555693074E-12	4.79308831067881E-12	38.372338622978	6.55045942440035E-13	1.57085458798715E-11	86.2085599219934	1E10	1E-30	1E-10	1E10	1E-30	1E-10	1E10	1E-30	1E-10	1E10	1E-30	1E-10	1E10	1E-30	1E-10	1E10	1E-30	1E-10	1E10	1E-30	1E-10	1E10	1E-30	1E-10	1E10	1E-30	1E-10	1E10	1E-30	1E-10	1E10	1E-30	1E-10	1E10	1E-30	1E-10
14	8E-13	1E10	1E10	1E-30	1.91425914413363E-10	1E10	1E-30	1E10	0.259084320402284	4.06812881799034E-12	5.10130583769216E-12	11.8873034249615	2.58029555693074E-12	4.79308831067881E-12	38.372338622978	6.55045942440035E-13	1.57085458798715E-11	86.2085599219934	1E10	1E-30	1E-10	1E10	1E-30	1E-10	1E10	1E-30	1E-10	1E10	1E-30	1E-10	1E10	1E-30	1E-10	1E10	1E-30	1E-10	1E10	1E-30	1E-10	1E10	1E-30	1E-10	1E10	1E-30	1E-10	1E10	1E-30	1E-10	1E10	1E-30	1E-10	1E10	1E-30	1E-10
15	9E-13	1E10	1E10	1E-30	2.04363230588715E-10	1E10	1E-30	1E10	0.256254724439703	9.29618805125735E-12	2.48053315811355E-12	8.36938012576658	6.0684893441011E-12	3.30612905469793E-12	9.18942166918557	5.85592115282923E-12	2.19598984238305E-12	16.3152280746764	1.39859824371956E-12	7.14371900034981E-12	27.0065439982565	1E10	1E-30	1E-10	1E10	1E-30	1E-10	1E10	1E-30	1E-10	1E10	1E-30	1E-10	1E10	1E-30	1E-10	1E10	1E-30	1E-10	1E10	1E-30	1E-10	1E10	1E-30	1E-10	1E10	1E-30	1E-10	1E10	1E-30	1E-10	1E10	1E-30	1E-10
16	9E-13	1E10	1E10	1E-30	2.04363230588715E-10	1E10	1E-30	1E10	0.256254724439703	9.29618805125735E-12	2.48053315811355E-12	8.36938012576658	6.0684893441011E-12	3.30612905469793E-12	9.18942166918557	5.85592115282923E-12	2.19598984238305E-12	16.3152280746764	1.39859824371956E-12	7.14371900034981E-12	27.0065439982565	1E10	1E-30	1E-10	1E10	1E-30	1E-10	1E10	1E-30	1E-10	1E10	1E-30	1E-10	1E10	1E-30	1E-10	1E10	1E-30	1E-10	1E10	1E-30	1E-10	1E10	1E-30	1E-10	1E10	1E-30	1E-10	1E10	1E-30	1E-10	1E10	1E-30	1E-10
17	1E-12	1E10	1E10	1E-30	2.00432169069741E-10	1E10	1E-30	1E10	0.252721224693373	1.43159298546785E-11	1.85222187757045E-12	3.85857381537278	6.44299590619057E-12	3.068294813088E-12	6.29148502347414	4.38117546940498E-12	2.84632573197236E-12	21.8063573964084	1.04378215049922E-12	9.91899732803277E-12	68.6216568622851	1E10	1E-30	1E-10	1E10	1E-30	1E-10	1E10	1E-30	1E-10	1E10	1E-30	1E-10	1E10	1E-30	1E-10	1E10	1E-30	1E-10	1E10	1E-30	1E-10	1E10	1E-30	1E-10	1E10	1E-30	1E-10	1E10	1E-30	1E-10	1E10	1E-30	1E-10
18	1E-12	1E10	1E10	1E-30	2.00432169069741E-10	1E10	1E-30	1E10	0.252721224693373	1.43159298546785E-11	1.85222187757045E-12	3.85857381537278	6.44299590619057E-12	3.068294813088E-12	6.29148502347414	4.38117546940498E-12	2.84632573197236E-12	21.8063573964084	1.04378215049922E-12	9.91899732803277E-12	68.6216568622851	1E10	1E-30	1E-10	1E10	1E-30	1E-10	1E10	1E-30	1E-10	1E10	1E-30	1E-10	1E10	1E-30	1E-10	1E10	1E-30	1E-10	1E10	1E-30	1E-10	1E10	1E-30	1E-10	1E10	1E-30	1E-10	1E10	1E-30	1E-10	1E10	1E-30	1E-10
19	1E-12	1E10	1E10	1E-30	2.00432169069741E-10	1E10	1E-30	1E10	0.252721224693373	1.43159298546785E-11	1.85222187757045E-12	3.85857381537278	6.44299590619057E-12	3.068294813088E-12	6.29148502347414	4.38117546940498E-12	2.84632573197236E-12	21.8063573964084	1.04378215049922E-12	9.91899732803277E-12	68.6216568622851	1E10	1E-30	1E-10	1E10	1E-30	1E-10	1E10	1E-30	1E-10	1E10	1E-30	1E-10	1E10	1E-30	1E-10	1E10	1E-30	1E-10	1E10	1E-30	1E-10	1E10	1E-30	1E-10	1E10	1E-30	1E-10	1E10	1E-30	1E-10	1E10	1E-30	1E-10
20	1.1E-12	1E10	1E10	1E-30	1.6452369310115E-10	1E10	1E-30	1E10	0.231165537916002	9.21676955031769E-12	3.03768765345181E-12	5.77585456946838	6.21120655255248E-12	3.24207290065181E-12	9.73834695055736	2.0313699643814E-12	6.10732393087981E-12	50.5860104199875	2.80197950291008E-13	3.82766912132698E-11	290.863870706793	1E10	1E-30	1E-10	1E10	1E-30	1E-10	1E10	1E-30	1E-10	1E10	1E-30	1E-10	1E10	1E-30	1E-10	1E10	1E-30	1E-10	1E10	1E-30	1E-10	1E10	1E-30	1E-10	1E10	1E-30	1E-10	1E10	1E-30	1E-10	1E10	1E-30	1E-10
21	1.1E-12	1E10	1E10	1E-30	1.6452369310115E-10	1E10	1E-30	1E10	0.231165537916002	9.21676955031769E-12	3.03768765345181E-12	5.77585456946838	6.21120655255248E-12	3.24207290065181E-12	9.73834695055736	2.0313699643814E-12	6.10732393087981E-12	50.5860104199875	2.80197950291008E-13	3.82766912132698E-11	290.863870706793	1E10	1E-30	1E-10	1E10	1E-30	1E-10	1E10	1E-30	1E-10	1E10	1E-30	1E-10	1E10	1E-30	1E-10	1E10	1E-30	1E-10	1E10	1E-30	1E-10	1E10	1E-30	1E-10	1E10	1E-30	1E-10	1E10	1E-30	1E-10	1E10	1E-30	1E-10
22	1.1E-12	1E10	1E10	1E-30	1.6452369310115E-10	1E10	1E-30	1E10	0.231165537916002	9.21676955031769E-12	3.03768765345181E-12	5.77585456946838	6.21120655255248E-12	3.24207290065181E-12	9.73834695055736	2.0313699643814E-12	6.10732393087981E-12	50.5860104199875	2.80197950291008E-13	3.82766912132698E-11	290.863870706793	1E10	1E-30	1E-10	1E10	1E-30	1E-10	1E10	1E-30	1E-10	1E10	1E-30	1E-10	1E10	1E-30	1E-10	1E10	1E-30	1E-10	1E10	1E-30	1E-10	1E10	1E-30	1E-10	1E10	1E-30	1E-10	1E10	1E-30	1E-10	1E10	1E-30	1E-10
23	1.2E-12	1E10	1E10	1E-30	1.6452369310115E-10	1E10	1E-30	1E10	0.231165537916002	9.21676955031769E-12	3.03768765345181E-12	5.77585456946838	6.21120655255248E-12	3.24207290065181E-12	9.73834695055736	2.0313699643814E-12	6.10732393087981E-12	50.5860104199875	2.80197950291008E-13	3.82766912132698E-11	290.863870706793	1E10	1E-30	1E-10	1E10	1E-30	1E-10	1E10	1E-30	1E-10	1E10	1E-30	1E-10	1E10	1E-30	1E-10	1E10	1E-30	1E-10	1E10	1E-30	1E-10	1E10	1E-30	1E-10	1E10	1E-30	1E-10	1E10	1E-30	1E-10	1E10	1E-30	1E-10
24	1.2E-12	1E10	1E10	1E-30	1.6452369310115E-10	1E10	1E-30	1E10	0.231165537916002	9.21676955031769E-12	3.03768765345181E-12	5.77585456946838	6.21120655255248E-12	3.24207290065181E-12	9.73834695055736	2.0313699643814E-12	6.10732393087981E-12	50.5860104199875	2.80197950291008E-13	3.82766912132698E-11	290.863870706793	1E10	1E-30	1E-10	1E10	1E-30	1E-10	1E10	1E-30	1E-10	1E10	1E-30	1E-10	1E10	1E-30	1E-10	1E10	1E-30	1E-10	1E10	1E-30	1E-10	1E10	1E-30	1E-10	1E10	1E-30	1E-10	1E10	1E-30	1E-10	1E10	1E-30	1E-10
25	1.2E-12	1E10	1E10	1E-30	1.6452369310115E-10	1E10	1E-30	1E10	0.231165537916002	9.21676955031769E-12	3.03768765345181E-12	5.77585456946838	6.21120655255248E-12	3.24207290065181E-12	9.73834695055736	2.0313699643814E-12	6.10732393087981E-12	50.5860104199875	2.80197950291008E-13	3.82766912132698E-11	290.863870706793	1E10	1E-30	1E-10	1E10	1E-30	1E-10	1E10	1E-30	1E-10	1E10	1E-30	1E-10	1E10	1E-30	1E-10	1E10	1E-30	1E-10	1E10	1E-30	1E-10	1E10	1E-30	1E-10	1E10	1E-30	1E-10	1E10	1E-30	1E-10	1E10	1E-30	1E-10
26	1.3E-12	1E10	1E10	1E-30	1.91907949287415E-10	1E10	1E-30	1E10	0.22741724879549	4.45105999007021E-11	6.69831734205145E-13	2.66594665501627	8.51779617699485E-12	2.40990600742079E-12	6.08954553108523	1.13058796729809E-11	1.58313951057091E-12	5.24406682686338	3.11913873697475E-12	3.61911850203406E-12	23.0386090663762	1E10	1E-30	1E-10	1E10	1E-30	1E-10	1E10	1E-30	1E-10	1E10	1E-30	1E-10	1E10	1E-30	1E-10	1E10	1E-30	1E-10	1E10	1E-30	1E-10	1E10	1E-30	1E-10	1E10	1E-30	1E-10	1E10	1E-30	1E-10	1E10	1E-30	1E-10
27	1.3E-12	1E10	1E10	1E-30	1.91907949287415E-10	1E10	1E-30	1E10	0.22741724879549	4.45105999007021E-11	6.69831734205145E-13	2.66594665501627	8.51779617699485E-12	2.40990600742079E-12	6.08954553108523	1.13058796729809E-11	1.58313951057091E-12	5.24406682686338	3.11913873697475E-12	3.61911850203406E-12	23.0386090663762	1E10	1E-30	1E-10	1E10	1E-30	1E-10	1E10	1E-30	1E-10	1E10	1E-30	1E-10	1E10	1E-30	1E-10	1E10	1E-30	1E-10	1E10	1E-30	1E-10	1E10	1E-30	1E-10	1E10	1E-30	1E-10	1E10	1E-30	1E-10	1E10	1E-30	1E-10
28	1.3E-12	1E10	1E10	1E-30	1.91907949287415E-10	1E10	1E-30	1E10	0.22741724879549	4.45105999007021E-11	6.69831734205145E-13	2.66594665501627	8.51779617699485E-12	2.40990600742079E-12	6.08954553108523	1.13058796729809E-11	1.58313951057091E-12	5.24406682686338	3.11913873697475E-12	3.61911850203406E-12	23.0386090663762	1E10	1E-30	1E-10	1E10	1E-30	1E-10	1E10	1E-30	1E-10	1E10	1E-30	1E-10	1E10	1E-30	1E-10	1E10	1E-30	1E-10	1E10	1E-30	1E-10	1E10	1E-30	1E-10	1E10	1E-30	1E-10	1E10	1E-30	1E-10	1E10	1E-30	1E-10
29	1.4E-12	1E10	1E10	1E-30	1.91907949287415E-10	1E10	1E-30	1E10	0.22741724879549	4.45105999007021E-11	6.69831734205145E-13	2.66594665501627	8.51779617699485E-12	2.40990600742079E-12	6.08954553108523	1.13058796729809E-11	1.58313951057091E-12	5.24406682686338	3.11913873697475E-12	3.61911850203406E-12	23.0386090663762	1E10	1E-30	1E-10	1E10	1E-30	1E-10	1E10	1E-30	1E-10	1E10	1E-30	1E-10	1E10	1E-30	1E-10	1E10	1E-30	1E-10	1E10	1E-30	1E-10	1E10	1E-30	1E-10	1E10	1E-30	1E-10	1E10	1E-30	1E-10	1E10	1E-30	1E-10
30	1.4E-12	1E10	1E10	1E-30	1.91907949287415E-10	1E10	1E-30	1E10	0.22741724879549	4.45105999007021E-11	6.69831734205145E-13	2.66594665501627	8.51779617699485E-12	2.40990600742079E-12	6.08954553108523	1.13058796729809E-11	1.58313951057091E-12	5.24406682686338	3.11913873697475E-12	3.61911850203406E-12	23.0386090663762	1E10	1E-30	1E-10	1E10	1E-30	1E-10	1E10	1E-30	1E-10	1E10	1E-30	1E-10	1E10	1E-30	1E-10	1E10	1E-30	1E-10	1E10	1E-30	1E-10	1E10	1E-30	1E-10	1E10	1E-30	1E-10	1E10	1E-30	1E-10	1E10	1E-30	1E-10
31	1.4E-12	1E10	1E10	1E-30	1.91907949287415E-10	1E10	1E-30	1E10	0.22741724879549	4.45105999007021E-11	6.69831734205145E-13	2.66594665501627	8.51779617699485E-12	2.40990600742079E-12	6.08954553108523	1.13058796729809E-11	1.58313951057091E-12	5.24406682686338	3.11913873697475E-12	3.61911850203406E-12	23.0386090663762	1E10	1E-30	1E-10	1E10	1E-30	1E-10	1E10	1E-30	1E-10	1E10	1E-30	1E-10	1E10	1E-30	1E-10	1E10	1E-30	1E-10	1E10	1E-30	1E-10	1E10	1E-30	1E-10	1E10	1E-30	1E-10	1E10	1E-30	1E-10	1E10	1E-30	1E-10
32	1.5E-12	1E10	1E10	1E-30	1.75768606438202E-10	1E10	1E-30	1E10	0.207856072611364	9.31937506628023E-12	3.88011604314716E-12	10.2017098845239	4.75316079550223E-12	5.13842237478669E-12	13.0306232503583	2.07443884299161E-12	6.2258309372772E-12	19.2677345575466	1.52728565655085E-12	7.61693076258065E-12	73.7107269645721	1.72648352132954E-12	5.9149583200812E-12	43.2195988985411	1E10	1E-30	1E-10	1E10	1E-30	1E-10	1E10	1E-30	1E-10	1E10	1E-30	1E-10	1E10	1E-30	1E-10	1E10	1E-30	1E-10	1E10	1E-30	1E-10	1E10	1E-30	1E-10	1E10	1E-30	1E-10	1E10	1E-30	1E-10
33	1.5E-12	1E10	1E10	1E-30	1.75768606438202E-10	1E10	1E-30	1E10	0.207856072611364	9.31937506628023E-12	3.88011604314716E-12	10.2017098845239	4.75316079550223E-12	5.13842237478669E-12	13.0306232503583	2.07443884299161E-12	6.2258309372772E-12	19.2677345575466	1.52728565655085E-12	7.61693076258065E-12	73.7107269645721	1.72648352132954E-12	5.9149583200812E-12	43.2195988985411	1E10	1E-30	1E-10	1E10	1E-30	1E-10	1E10	1E-30	1E-10	1E10	1E-30	1E-10	1E10	1E-30	1E-10	1E10	1E-30	1E-10	1E10	1E-30	1E-10	1E10	1E-30	1E-10	1E10	1E-30	1E-10	1E10	1E-30	1E-10
34	1.5E-12	1E10	1E10	1E-30	1.75768606438202E-10	1E10	1E-30	1E10	0.207856072611364	9.31937506628023E-12	3.88011604314716E-12	10.2017098845239	4.75316079550223E-12	5.13842237478669E-12	13.0306232503583	2.07443884299161E-12	6.2258309372772E-12	19.2677345575466	1.52728565655085E-12	7.61693076258065E-12	73.7107269645721	1.72648352132954E-12	5.9149583200812E-12	43.2195988985411	1E10	1E-30	1E-10	1E10	1E-30	1E-10	1E10	1E-30	1E-10	1E10	1E-30	1E-10	1E10	1E-30	1E-10	1E10	1E-30	1E-10	1E10	1E-30	1E-10	1E10	1E-30	1E-10	1E10	1E-30	1E-10	1E10	1E-30	1E-10
35	1.6E-12	1E10	1E10	1E-30	1.75768606438202E-10	1E10	1E-30	1E10	0.207856072611364	9.31937506628023E-12	3.88011604314716E-12	10.2017098845239	4.75316079550223E-12	5.13842237478669E-12	13.0306232503583	2.07443884299161E-12	6.2258309372772E-12	19.2677345575466	1.52728565655085E-12	7.61693076258065E-12	73.7107269645721	1.72648352132954E-12	5.9149583200812E-12	43.2195988985411	1E10	1E-30	1E-10	1E10	1E-30	1E-10	1E10	1E-30	1E-10	1E10	1E-30	1E-10	1E10	1E-30	1E-10	1E10	1E-30	1E-10	1E10	1E-30	1E-10	1E10	1E-30	1E-10	1E10	1E-30	1E-10	1E10	1E-30	1E-10
36	1.6E-12	1E10	1E10	1E-30	1.75768606438202E-10	1E10	1E-30	1E10	0.207856072611364	9.31937506628023E-12	3.88011604314716E-12	10.2017098845239	4.75316079550223E-12	5.13842237478669E-12	13.0306232503583	2.07443884299161E-12	6.2258309372772E-12	19.2677345575466	1.52728565655085E-12	7.61693076258065E-12	73.7107269645721	1.72648352132954E-12	5.9149583200812E-12	43.2195988985411	1E10	1E-30	1E-10	1E10	1E-30	1E-10	1E10	1E-30	1E-10	1E10	1E-30	1E-10	1E10	1E-30	1E-10	1E10	1E-30	1E-10	1E10	1E-30	1E-10	1E10	1E-30	1E-10	1E10	1E-30	1E-10	1E10	1E-30	1E-10
37	1.6E-12	1E10	1E10	1E-30	1.75768606438202E-10	1E10	1E-30	1E10	0.207856072611364	9.31937506628023E-12	3.88011604314716E-12	10.2017098845239	4.75316079550223E-12	5.13842237478669E-12	13.0306232503583	2.07443884299161E-12	6.2258309372772E-12	19.2677345575466	1.52728565655085E-12	7.61693076258065E-12	73.7107269645721	1.72648352132954E-12	5.9149583200812E-12	43.2195988985411	1E10	1E-30	1E-10	1E10	1E-30	1E-10	1E10	1E-30	1E-10	1E10	1E-30	1E-10	1E10	1E-30	1E-10	1E10	1E-30	1E-10	1E10	1E-30	1E-10	1E10	1E-30	1E-10	1E10	1E-30	1E-10	1E10	1E-30	1E-10
38	1.7E-12	1E10	1E10	1E-30	1.75768606438202E-10	1E10	1E-30	1E10	0.207856072611364	9.31937506628023E-12	3.88011604314716E-12	10.2017098845239	4.75316079550223E-12	5.13842237478669E-12	13.0306232503583	2.07443884299161E-12	6.2258309372772E-12	19.2677345575466	1.52728565655085E-12	7.61693076258065E-12	73.7107269645721	1.72648352132954E-12	5.9149583200812E-12	43.2195988985411	1E10	1E-30	1E-10	1E10	1E-30	1E-10	1E10	1E-30	1E-10	1E10	1E-30	1E-10	1E10	1E-30	1E-10	1E10	1E-30	1E-10	1E10	1E-30	1E-10	1E10	1E-30	1E-10	1E10	1E-30	1E-10	1E10	1E-30	1E-10
39	1.7E-12	1E10	1E10	1E-30	1.75768606438202E-10	1E10	1E-30	1E10	0.207856072611364	9.31937506628023E-12	3.88011604314716E-12	10.2017098845239	4.75316079550223E-12	5.13842237478669E-12	13.0306232503583	2.07443884299161E-12	6.2258309372772E-12	19.2677345575466	1.52728565655085E-12	7.61693076258065E-12	73.7107269645721	1.72648352132954E-12	5.9149583200812E-12	43.2195988985411	1E10	1E-30	1E-10	1E10	1E-30	1E-10	1E10	1E-30	1E-10	1E10	1E-30	1E-10	1E10	1E-30	1E-10	1E10	1E-30	1E-10	1E10	1E-30	1E-10	1E10	1E-30	1E-10	1E10	1E-30	1E-10	1E10	1E-30	1E-10
40	1.7E-12	1E10	1E10	1E-30	1.75768606438202E-10	1E10	1E-30	1E10	0.207856072611364	9.31937506628023E-12	3.88011604314716E-12	10.2017098845239	4.75316079550223E-12	5.13842237478669E-12	13.0306232503583	2.07443884299161E-12	6.2258309372772E-12	19.2677345575466	1.52728565655085E-12	7.61693076258065E-12	73.7107269645721	1.72648352132954E-12	5.9149583200812E-12	43.2195988985411	1E10	1E-30	1E-10	1E10	1E-30	1E-10	1E10	1E-30	1E-10	1E10	1E-30	1E-10	1E10	1E-30	1E-10	1E10	1E-30	1E-10	1E10	1E-30	1E-10	1E10	1E-30	1E-10	1E10	1E-30	1E-10	1E10	1E-30	1E-10
41	1.8E-12	1E10	1E10	1E-30	1.8961790843993E-10	1E10	1E-30	1E10	0.204406464386707	7.55468019026076E-11	5.17150338492872E-13	1.66121184559098	1.99032342227514E-11	1.34310835884933E-12	3.43825389137611	5.52119977999267E-12	3.88485529643582E-12	6.65337482719202	2.19533613336472E-12	5.35781951112104E-12	43.2359090658437	1E10	1E-30	1E-10	1E10	1E-30	1E-10	1E10	1E-30	1E-10	1E10	1E-30	1E-10	1E10	1E-30	1E-10	1E10	1E-30	1E-10	1E10	1E-30	1E-10	1E10	1E-30	1E-10	1E10	1E-30	1E-10	1E10	1E-30	1E-10	1E10	1E-30	1E-10
42	1.8E-12	1E10	1E10	1E-30	1.8961790843993E-10	1E10	1E-30	1E10	0.204406464386707	7.55468019026076E-11	5.17150338492872E-13	1.66121184559098	1.99032342227514E-11	1.34310835884933E-12	3.43825389137611	5.52119977999267E-12	3.88485529643582E-12	6.65337482719202	2.19533613336472E-12	5.35781951112104E-12	43.2359090658437	1E10	1E-30	1E-10	1E10	1E-30	1E-10	1E10	1E-30	1E-10	1E10	1E-30	1E-10	1E10	1E-30	1E-10	1E10	1E-30	1E-10	1E10	1E-30	1E-10	1E10	1E-30	1E-10	1E10	1E-30	1E-10	1E10	1E-30	1E-10	1E10	1E-30	1E-10
43	1.8E-12	1E10	1E10	1E-30	1.8961790843993E-10	1E10	1E-30	1E10	0.204406464386707	7.55468019026076E-11	5.17150338492872E-13	1.66121184559098	1.99032342227514E-11	1.34310835884933E-12	3.43825389137611	5.52119977999267E-12	3.88485529643582E-12	6.65337482719202	2.19533613336472E-12	5.35781951112104E-12	43.2359090658437	1E10	1E-30	1E-10	1E10	1E-30	1E-10	1E10	1E-30	1E-10	1E10	1E-30	1E-10	1E10	1E-30	1E-10	1E10	1E-30	1E-10	1E10	1E-30	1E-10	1E10	1E-30	1E-10	1E10	1E-30	1E-10	1E10	1E-30	1E-10	1E10	1E-30	1E-10
44	1.9E-12	1E10	1E10	1E-30	1.8961790843993E-10	1E10	1E-30	1E10	0.204406464386707	7.55468019026076E-11	5.17150338492872E-13	1.66121184559098	1.99032342227514E-11	1.34310835884933E-12	3.43825389137611	5.52119977999267E-12	3.88485529643582E-12	6.65337482719202	2.19533613336472E-12	5.35781951112104E-12	43.2359090658437	1E10	1E-30	1E-10	1E10	1E-30	1E-10	1E10	1E-30	1E-10	1E10	1E-30	1E-10	1E10	1E-30	1E-10	1E10	1E-30	1E-10	1E10	1E-30	1E-10	1E10	1E-30	1E-10	1E10	1E-30	1E-10	1E10	1E-30	1E-10	1E10	1E-30	1E-10
45	1.9E-12	1E10	1E10	1E-30	1.8961790843993E-10	1E10	1E-30	1E10	0.204406464386707	7.55468019026076E-11	5.17150338492872E-13	1.66121184559098	1.99032342227514E-11	1.34310835884933E-12	3.43825389137611	5.52119977999267E-12	3.88485529643582E-12	6.65337482719202	2.19533613336472E-12	5.35781951112104E-12	43.2359090658437	1E10	1E-30	1E-10	1E10	1E-30	1E-10	1E10	1E-30	1E-10	1E10	1E-30	1E-10	1E10	1E-30	1E-10	1E10	1E-30	1E-10	1E10	1E-30	1E-10	1E10	1E-30	1E-10	1E10	1E-30	1E-10	1E10	1E-30	1E-10	1E10	1E-30	1E-10
46	1.9E-12	1E10	1E10	1E-30	1.8961790843993E-10	1E10	1E-30	1E10	0.204406464386707	7.55468019026076E-11	5.17150338492872E-13	1.66121184559098	1.99032342227514E-11	1.34310835884933E-12	3.43825389137611	5.52119977999267E-12	3.88485529643582E-12	6.65337482719202	2.19533613336472E-12	5.35781951112104E-12	43.2359090658437	1E10	1E-30	1E-10	1E10	1E-30	1E-10	1E10	1E-30	1E-10	1E10	1E-30	1E-10	1E10	1E-30	1E-10	1E10	1E-30	1E-10	1E10	1E-30	1E-10	1E10	1E-30	1E-10	1E10	1E-30	1E-10	1E10	1E-30	1E-10	1E10	1E-30	1E-10
47	2E-12	1E10	1E10	1E-30	1.80572956129874E-10	1E10	1E-30	1E10	0.197694397174822	1.55735115935272E-11	2.77180928309173E-12	6.67216737393911	8.80989053171502E-12	3.28190681909676E-12	7.25437353808232	3.92390579076761E-12	3.94865070826165E-12	10.356689774838	2.29183181579384E-12	5.34644762399096E-12	46.5380300648229	1E10	1E-30	1E-10	1E10	1E-30	1E-10	1E10	1E-30	1E-10	1E10	1E-30	1E-10	1E10	1E-30	1E-10	1E10	1E-30	1E-10	1E10	1E-30	1E-10	1E10	1E-30	1E-10	1E10	1E-30	1E-10	1E10	1E-30	1E-10	1E10	1E-30	1E-10
48	2E-12	1E10	1E10	1E-30	1.80572956129874E-10	1E10	1E-30	1E10	0.197694397174822	1.55735115935272E-11	2.77180928309173E-12	6.67216737393911	8.80989053171502E-12	3.28190681909676E-12	7.25437353808232	3.92390579076761E-12	3.94865070826165E-12	10.356689774838	2.29183181579384E-12	5.34644762399096E-12	46.5380300648229	1E10	1E-30	1E-10	1E10	1E-30	1E-10	1E10	1E-30	1E-10	1E10	1E-30	1E-10	1E10	1E-30	1E-10	1E10	1E-30	1E-10	1E10	1E-30	1E-10	1E10	1E-30	1E-10	1E10	1E-30	1E-10	1E10	1E-30	1E-10	1E10	1E-30	1E-10
49	2E-12	1E10	1E10	1E-30	1.80572956129874E-10	1E10	1E-30	1E10	0.197694397174822	1.55735115935272E-11	2.77180928309173E-12	6.67216737393911	8.80989053171502E-12	3.28190681909676E-12	7.25437353808232	3.92390579076761E-12	3.94865070826165E-12	10.356689774838	2.29183181579384E-12	5.34644762399096E-12	46.5380300648229	1E10	1E-30	1E-10	1E10	1E-30	1E-10	1E10	1E-30	1E-10	1E10	1E-30	1E-10	1E10	1E-30	1E-10	1E10	1E-30	1E-10	1E10	1E-30	1E-10	1E10	1E-30	1E-10	1E10	1E-30	1E-10	1E10	1E-30	1E-10	1E10	1E-30	1E-10
50	2.1E-12	1E10	1E10	1E-30	1.77021753313614E-10	1E10	1E-30	1E10	0.188	4.24576855400413E-11	1.2135023300757E-12	4.07699518988495	1.19961226048983E-11	2.31044617010258E-12	6.78820379916141	3.94564298044327E-12	4.97903386668914E-12	7.52236131570323	4.92091082072678E-12	2.87932318623642E-12	19.5791594513487	3.16689485609569E-12	3.39295935759241E-12	28.3677093718785	1E10	1E-30	1E-10	1E10	1E-30	1E-10	1E10	1E-30	1E-10	1E10	1E-30	1E-10	1E10	1E-30	1E-10	1E10	1E-30	1E-10	1E10	1E-30	1E-10	1E10	1E-30	1E-10	1E10	1E-30	1E-10	1E10	1E-30	1E-10
51	2.1E-12	1E10	1E10	1E-30	1.77021753313614E-10	1E10	1E-30	1E10	0.188	4.24576855400413E-11	1.2135023300757E-12	4.07699518988495	1.19961226048983E-11	2.31044617010258E-12	6.78820379916141	3.94564298044327E-12	4.97903386668914E-12	7.52236131570323	4.92091082072678E-12	2.87932318623642E-12	19.5791594513487	3.16689485609569E-12	3.39295935759241E-12	28.3677093718785	1E10	1E-30	1E-10	1E10	1E-30	1E-10	1E10	1E-30	1E-10	1E10	1E-30	1E-10	1E10	1E-30	1E-10	1E10	1E-30	1E-10	1E10	1E-30	1E-10	1E10	1E-30	1E-10	1E10	1E-30	1E-10	1E10	1E-30	1E-10
52	2.1E-12	1E10	1E10	1E-30	1.77021753313614E-10	1E10	1E-30	1E10	0.188	4.24576855400413E-11	1.2135023300757E-12	4.07699518988495	1.19961226048983E-11	2.31044617010258E-12	6.78820379916141	3.94564298044327E-12	4.97903386668914E-12	7.52236131570323	4.92091082072678E-12	2.87932318623642E-12	19.5791594513487	3.16689485609569E-12	3.39295935759241E-12	28.3677093718785	1E10	1E-30	1E-10	1E10	1E-30	1E-10	1E10	1E-30	1E-10	1E10	1E-30	1E-10	1E10	1E-30	1E-10	1E10	1E-30	1E-10	1E10	1E-30	1E-10	1E10	1E-30	1E-10	1E10	1E-30	1E-10	1E10	1E-30	1E-10
53	2.2E-12	1E10	1E10	1E-30	1.77021753313614E-10	1E10	1E-30	1E10	0.188	4.24576855400413E-11	1.2135023300757E-12	4.07699518988495	1.19961226048983E-11	2.31044617010258E-12	6.78820379916141	3.94564298044327E-12	4.97903386668914E-12	7.52236131570323	4.92091082072678E-12	2.87932318623642E-12	19.5791594513487	3.16689485609569E-12	3.39295935759241E-12	28.3677093718785	1E10	1E-30	1E-10	1E10	1E-30	1E-10	1E10	1E-30	1E-10	1E10	1E-30	1E-10	1E10	1E-30	1E-10	1E10	1E-30	1E-10	1E10	1E-30	1E-10	1E10	1E-30	1E-10	1E10	1E-30	1E-10	1E10	1E-30	1E-10
54	2.2E-12	1E10	1E10	1E-30	1.77021753313614E-10	1E10	1E-30	1E10	0.188	4.24576855400413E-11	1.2135023300757E-12	4.07699518988495	1.19961226048983E-11	2.31044617010258E-12	6.78820379916141	3.94564298044327E-12	4.97903386668914E-12	7.52236131570323	4.92091082072678E-12	2.87932318623642E-12	19.5791594513487	3.16689485609569E-12	3.39295935759241E-12	28.3677093718785	1E10	1E-30	1E-10	1E10	1E-30	1E-10	1E10	1E-30	1E-10	1E10	1E-30	1E-10	1E10	1E-30	1E-10	1E10	1E-30	1E-10	1E10	1E-30	1E-10	1E10	1E-30	1E-10	1E10	1E-30	1E-10	1E10	1E-30	1E-10
55	2.2E-12	1E10	1E10	1E-30	1.77021753313614E-10	1E10	1E-30	1E10	0.188	4.24576855400413E-11	1.2135023300757E-12	4.07699518988495	1.19961226048983E-11	2.31044617010258E-12	6.78820379916141	3.94564298044327E-12	4.97903386668914E-12	7.52236131570323	4.92091082072678E-12	2.87932318623642E-12	19.5791594513487	3.16689485609569E-12	3.39295935759241E-12	28.3677093718785	1E10	1E-30	1E-10	1E10	1E-30	1E-10	1E10	1E-30	1E-10	1E10	1E-30	1E-10	1E10	1E-30	1E-10	1E10	1E-30	1E-10	1E10	1E-30	1E-10	1E10	1E-30	1E-10	1E10	1E-30	1E-10	1E10	1E-30	1E-10
56	2.3E-12	1E10	1E10	1E-30	1.77334390441206E-10	1E10	1E-30	1E10	0.16	1E-30	2.35492312580988E-12	2.96237200047433E-02	1.88511483566253E-11	3.12958374066927E-12	9.20401525714833	5.86856589831915E-12	5.20311370712691E-12	11.1504496870136	2.92970951348185E-12	5.32734552132715E-12	27.3644527680057	1.14306312424616E-12	8.98263612786387E-12	70.6070372059139	1E10	1E-30	1E-10	1E10	1E-30	1E-10	1E10	1E-30	1E-10	1E10	1E-30	1E-10	1E10	1E-30	1E-10	1E10	1E-30	1E-10	1E10	1E-30	1E-10	1E10	1E-30	1E-10	1E10	1E-30	1E-10	1E10	1E-30	1E-10
57	2.3E-12	1E10	1E10	1E-30	1.77334390441206E-10	1E10	1E-30	1E10	0.16	1E-30	2.35492312580988E-12	2.96237200047433E-02	1.88511483566253E-11	3.12958374066927E-12	9.20401525714833	5.86856589831915E-12	5.20311370712691E-12	11.1504496870136	2.92970951348185E-12	5.32734552132715E-12	27.3644527680057	1.14306312424616E-12	8.98263612786387E-12	70.6070372059139	1E10	1E-30	1E-10	1E10	1E-30	1E-10	1E10	1E-30	1E-10	1E10	1E-30	1E-10	1E10	1E-30	1E-10	1E10	1E-30	1E-10	1E10	1E-30	1E-10	1E10	1E-30	1E-10	1E10	1E-30	1E-10	1E10	1E-30	1E-10
58	2.3E-12	1E10	1E10	1E-30	1.77334390441206E-10	1E10	1E-30	1E10	0.16	1E-30	2.35492312580988E-12	2.96237200047433E-02	1.88511483566253E-11	3.12958374066927E-12	9.20401525714833	5.86856589831915E-12	5.20311370712691E-12	11.1504496870136	2.92970951348185E-12	5.32734552132715E-12	27.3644527680057	1.14306312424616E-12	8.98263612786387E-12	70.6070372059139	1E10	1E-30	1E-10	1E10	1E-30	1E-10	1E10	1E-30	1E-10	1E10	1E-30	1E-10	1E10	1E-30	1E-10	1E10	1E-30	1E-10	1E10	1E-30	1E-10	1E10	1E-30	1E-10	1E10	1E-30	1E-10	1E10	1E-30	1E-10
59	2.4E-12	1E10	1E10	1E-30	1.77334390441206E-10	1E10	1E-30	1E10	0.16	1E-30	2.35492312580988E-12	2.96237200047433E-02	1.88511483566253E-11	3.12958374066927E-12	9.20401525714833	5.86856589831915E-12	5.20311370712691E-12	11.1504496870136	2.92970951348185E-12	5.32734552132715E-12	27.3644527680057	1.14306312424616E-12	8.98263612786387E-12	70.6070372059139	1E10	1E-30	1E-10	1E10	1E-30	1E-10	1E10	1E-30	1E-10	1E10	1E-30	1E-10	1E10	1E-30	1E-10	1E10	1E-30	1E-10	1E10	1E-30	1E-10	1E10	1E-30	1E-10	1E10	1E-30	1E-10	1E10	1E-30	1E-10
60	2.4E-12	1E10	1E10	1E-30	1.77334390441206E-10	1E10	1E-30	1E10	0.16	1E-30	2.35492312580988E-12	2.96237200047433E-02	1.88511483566253E-11	3.12958374066927E-12	9.20401525714833	5.86856589831915E-12	5.20311370712691E-12	11.1504496870136	2.92970951348185E-12	5.32734552132715E-12	27.3644527680057	1.14306312424616E-12	8.98263612786387E-12	70.6070372059139	1E10	1E-30	1E-10	1E10	1E-30	1E-10	1E10	1E-30	1E-10	1E10	1E-30	1E-10	1E10	1E-30	1E-10	1E10	1E-30	1E-10	1E10	1E-30	1E-10	1E10	1E-30	1E-10	1E10	1E-30	1E-10	1E10	1E-30	1E-10
61	2.4E-12	1E10	1E10	1E-30	1.77334390441206E-10	1E10	1E-30	1E10	0.16	1E-30	2.35492312580988E-12	2.96237200047433E-02	1.88511483566253E-11	3.12958374066927E-12	9.20401525714833	5.86856589831915E-12	5.20311370712691E-12	11.1504496870136	2.92970951348185E-12	5.32734552132715E-12	27.3644527680057	1.14306312424616E-12	8.98263612786387E-12	70.6070372059139	1E10	1E-30	1E-10	1E10	1E-30	1E-10	1E10	1E-30	1E-10	1E10	1E-30	1E-10	1E10	1E-30	1E-10	1E10	1E-30	1E-10	1E10	1E-30	1E-10	1E10	1E-30	1E-10	1E10	1E-30	1E-10	1E10	1E-30	1E-10
62	2.5E-12	1E10	1E10	1E-30	1.77334390441206E-10	1E10	1E-30	1E10	0.16	1E-30	2.35492312580988E-12	2.96237200047433E-02	1.88511483566253E-11	3.12958374066927E-12	9.20401525714833	5.86856589831915E-12	5.20311370712691E-12	11.1504496870136	2.92970951348185E-12	5.32734552132715E-12	27.3644527680057	1.14306312424616E-12	8.98263612786387E-12	70.6070372059139	1E10	1E-30	1E-10	1E10	1E-30	1E-10	1E10	1E-30	1E-10	1E10	1E-30	1E-10	1E10	1E-30	1E-10	1E10	1E-30	1E-10	1E10	1E-30	1E-10	1E10	1E-30	1E-10	1E10	1E-30	1E-10	1E10	1E-30	1E-10
63	2.5E-12	1E10	1E10	1E-30	1.77334390441206E-10	1E10	1E-30	1E10	0.16	1E-30	2.35492312580988E-12	2.96237200047433E-02	1.88511483566253E-11	3.12958374066927E-12	9.20401525714833	5.86856589831915E-12	5.20311370712691E-12	11.1504496870136	2.92970951348185E-12	5.32734552132715E-12	27.3644527680057	1.14306312424616E-12	8.98263612786387E-12	70.6070372059139	1E10	1E-30	1E-10	1E10	1E-30	1E-10	1E10	1E-30	1E-10	1E10	1E-30	1E-10	1E10	1E-30	1E-10	1E10	1E-30	1E-10	1E10	1E-30	1E-10	1E10	1E-30	1E-10	1E10	1E-30	1E-10	1E10	1E-30	1E-10
64	2.5E-12	1E10	1E10	1E-30	1.77334390441206E-10	1E10	1E-30	1E10	0.16	1E-30	2.35492312580988E-12	2.96237200047433E-02	1.88511483566253E-11	3.12958374066927E-12	9.20401525714833	5.86856589831915E-12	5.20311370712691E-12	11.1504496870136	2.92970951348185E-12	5.32734552132715E-12	27.3644527680057	1.14306312424616E-12	8.98263612786387E-12	70.6070372059139	1E10	1E-30	1E-10	1E10	1E-30	1E-10	1E10	1E-30	1E-10	1E10	1E-30	1E-10	1E10	1E-30	1E-10	1E10	1E-30	1E-10	1E10	1E-30	1E-10	1E10	1E-30	1E-10	1E10	1E-30	1E-10	1E10	1E-30	1E-10
65	2.6E-12	1E10	1E10	1E-30	1.74337387152482E-10	1E10	1E-30	1E10	0.138	1E-30	2.38883939957034E-12	6.62925688758656E-02	2.49017950990189E-11	2.63934032726307E-12	7.73595401475948	7.32839415737477E-12	4.4410991883242E-12	11.4256197142289	7.12819142941199E-12	3.56797951345155E-12	6.44813540789273	3.66364232722762E-12	4.53870591490905E-12	18.8178074568634	2.17895975567472E-12	4.83649600256833E-12	34.3548084449273	1E10	1E-30	1E-10	1E10	1E-30	1E-10	1E10	1E-30	1E-10	1E10	1E-30	1E-10	1E10	1E-30	1E-10	1E10	1E-30	1E-10	1E10	1E-30	1E-10	1E10	1E-30	1E-10	1E10	1E-30	1E-10
66	2.6E-12	1E10	1E10	1E-30	1.74337387152482E-10	1E10	1E-30	1E10	0.138	1E-30	2.38883939957034E-12	6.62925688758656E-02	2.49017950990189E-11	2.63934032726307E-12	7.73595401475948	7.32839415737477E-12	4.4410991883242E-12	11.4256197142289	7.12819142941199E-12	3.56797951345155E-12	6.44813540789273	3.66364232722762E-12	4.53870591490905E-12	18.8178074568634	2.17895975567472E-12	4.83649600256833E-12	34.3548084449273	1E10	1E-30	1E-10	1E10	1E-30	1E-10	1E10	1E-30	1E-10	1E10	1E-30	1E-10	1E10	1E-30	1E-10	1E10	1E-30	1E-10	1E10	1E-30	1E-10	1E10	1E-30	1E-10	1E10	1E-30	1E-10
67	2.6E-12	1E10	1E10	1E-30	1.74337387152482E-10	1E10	1E-30	1E10	0.138	1E-30	2.38883939957034E-12	6.62925688758656E-02	2.49017950990189E-11	2.63934032726307E-12	7.73595401475948	7.32839415737477E-12	4.4410991883242E-12	11.4256197142289	7.12819142941199E-12	3.56797951345155E-12	6.44813540789273	3.66364232722762E-12	4.53870591490905E-12	18.8178074568634	2.17895975567472E-12	4.83649600256833E-12	34.3548084449273	1E10	1E-30	1E-10	1E10	1E-30	1E-10	1E10	1E-30	1E-10	1E10	1E-30	1E-10	1E10	1E-30	1E-10	1E10	1E-30	1E-10	1E10	1E-30	1E-10	1E10	1E-30	1E-10	1E10	1E-30	1E-10
68	2.69999999999999E-12	1E10	1E10	1E-30	1.74337387152482E-10	1E10	1E-30	1E10	0.138	1E-30	2.38883939957034E-12	6.62925688758656E-02	2.49017950990189E-11	2.63934032726307E-12	7.73595401475948	7.32839415737477E-12	4.4410991883242E-12	11.4256197142289	7.12819142941199E-12	3.56797951345155E-12	6.44813540789273	3.66364232722762E-12	4.53870591490905E-12	18.8178074568634	2.17895975567472E-12	4.83649600256833E-12	34.3548084449273	1E10	1E-30	1E-10	1E10	1E-30	1E-10	1E10	1E-30	1E-10	1E10	1E-30	1E-10	1E10	1E-30	1E-10	1E10	1E-30	1E-10	1E10	1E-30	1E-10	1E10	1E-30	1E-10	1E10	1E-30	1E-10
69	2.69999999999999E-12	1E10	1E10	1E-30	1.74337387152482E-10	1E10	1E-30	1E10	0.138	1E-30	2.38883939957034E-12	6.62925688758656E-02	2.49017950990189E-11	2.63934032726307E-12	7.73595401475948	7.32839415737477E-12	4.4410991883242E-12	11.4256197142289	7.12819142941199E-12	3.56797951345155E-12	6.44813540789273	3.66364232722762E-12	4.53870591490905E-12	18.8178074568634	2.17895975567472E-12	4.83649600256833E-12	34.3548084449273	1E10	1E-30	1E-10	1E10	1E-30	1E-10	1E10	1E-30	1E-10	1E10	1E-30	1E-10	1E10	1E-30	1E-10	1E10	1E-30	1E-10	1E10	1E-30	1E-10	1E10	1E-30	1E-10	1E10	1E-30	1E-10
70	2.69999999999999E-12	1E10	1E10	1E-30	1.74337387152482E-10	1E10	1E-30	1E10	0.138	1E-30	2.38883939957034E-12	6.62925688758656E-02	2.49017950990189E-11	2.63934032726307E-12	7.73595401475948	7.32839415737477E-12	4.4410991883242E-12	11.4256197142289	7.12819142941199E-12	3.56797951345155E-12	6.44813540789273	3.66364232722762E-12	4.53870591490905E-12	18.8178074568634	2.17895975567472E-12	4.83649600256833E-12	34.3548084449273	1E10	1E-30	1E-10	1E10	1E-30	1E-10	1E10	1E-30	1E-10	1E10	1E-30	1E-10	1E10	1E-30	1E-10	1E10	1E-30	1E-10	1E10	1E-30	1E-10	1E10	1E-30	1E-10	1E10	1E-30	1E-10
71	2.8E-12	1E10	1E10	1E-30	1.74337387152482E-10	1E10	1E-30	1E10	0.138	1E-30	2.38883939957034E-12	6.62925688758656E-02	2.49017950990189E-11	2.63934032726307E-12	7.73595401475948	7.32839415737477E-12	4.4410991883242E-12	11.4256197142289	7.12819142941199E-12	3.56797951345155E-12	6.44813540789273	3.66364232722762E-12	4.53870591490905E-12	18.8178074568634	2.17895975567472E-12	4.83649600256833E-12	34.3548084449273	1E10	1E-30	1E-10	1E10	1E-30	1E-10	1E10	1E-30	1E-10	1E10	1E-30	1E-10	1E10	1E-30	1E-10	1E10	1E-30	1E-10	1E10	1E-30	1E-10	1E10	1E-30	1E-10	1E10	1E-30	1E-10
72	2.8E-12	1E10	1E10	1E-30	1.74337387152482E-10	1E10	1E-30	1E10	0.138	1E-30	2.38883939957034E-12	6.62925688758656E-02	2.49017950990189E-11	2.63934032726307E-12	7.73595401475948	7.32839415737477E-12	4.4410991883242E-12	11.4256197142289	7.12819142941199E-12	3.56797951345155E-12	6.44813540789273	3.66364232722762E-12	4.53870591490905E-12	18.8178074568634	2.17895975567472E-12	4.83649600256833E-12	34.3548084449273	1E10	1E-30	1E-10	1E10	1E-30	1E-10	1E10	1E-30	1E-10	1E10	1E-30	1E-10	1E10	1E-30	1E-10	1E10	1E-30	1E-10	1E10	1E-30	1E-10	1E10	1E-30	1E-10	1E10	1E-30	1E-10
73	2.8E-12	1E10	1E10	1E-30	1.74337387152482E-10	1E10	1E-30	1E10	0.138	1E-30	2.38883939957034E-12	6.62925688758656E-02	2.49017950990189E-11	2.63934032726307E-12	7.73595401475948	7.32839415737477E-12	4.4410991883242E-12	11.4256197142289	7.12819142941199E-12	3.56797951345155E-12	6.44813540789273	3.66364232722762E-12	4.53870591490905E-12	18.8178074568634	2.17895975567472E-12	4.83649600256833E-12	34.3548084449273	1E10	1E-30	1E-10	1E10	1E-30	1E-10	1E10	1E-30	1E-10	1E10	1E-30	1E-10	1E10	1E-30	1E-10	1E10	1E-30	1E-10	1E10	1E-30	1E-10	1E10	1E-30	1E-10	1E10	1E-30	1E-10
74	2.9E-12	1E10	1E10	1E-30	1.85358433698549E-10	1E10	1E-30	1E10	0.121	1E-30	3.55874141351391E-12	7.73592350212553E-02	4.60753264952762E-11	1.43935757932202E-12	3.43176108209942	8.21984148815344E-12	3.98043804593929E-12	9.73156812389706	4.12965140754811E-12	5.05525557286862E-12	11.2907536614477	5.16991140870751E-12	2.93311196877812E-12	12.1821301130066	1.99866075638974E-12	5.06945410714352E-12	22.9273373698862	1E10	1E-30	1E-10	1E10	1E-30	1E-10	1E10	1E-30	1E-10	1E10	1E-30	1E-10	1E10	1E-30	1E-10	1E10	1E-30	1E-10	1E10	1E-30	1E-10	1E10	1E-30	1E-10	1E10	1E-30	1E-10
75	2.9E-12	1E10	1E10	1E-30	1.85358433698549E-10	1E10	1E-30	1E10	0.121	1E-30	3.55874141351391E-12	7.73592350212553E-02	4.60753264952762E-11	1.43935757932202E-12	3.43176108209942	8.21984148815344E-12	3.98043804593929E-12	9.73156812389706	4.12965140754811E-12	5.05525557286862E-12	11.2907536614477	5.16991140870751E-12	2.93311196877812E-12	12.1821301130066	1.99866075638974E-12	5.06945410714352E-12	22.9273373698862	1E10	1E-30	1E-10	1E10	1E-30	1E-10	1E10	1E-30	1E-10	1E10	1E-30	1E-10	1E10	1E-30	1E-10	1E10	1E-30	1E-10	1E10	1E-30	1E-10	1E10	1E-30	1E-10	1E10	1E-30	1E-10
76	2.9E-12	1E10	1E10	1E-30	1.85358433698549E-10	1E10	1E-30	1E10	0.121	1E-30	3.55874141351391E-12	7.73592350212553E-02	4.60753264952762E-11	1.43935757932202E-12	3.43176108209942	8.21984148815344E-12	3.98043804593929E-12	9.73156812389706	4.12965140754811E-12	5.05525557286862E-12	11.2907536614477	5.16991140870751E-12	2.93311196877812E-12	12.1821301130066	1.99866075638974E-12	5.06945410714352E-12	22.9273373698862	1E10	1E-30	1E-10	1E10	1E-30	1E-10	1E10	1E-30	1E-10	1E10	1E-30	1E-10	1E10	1E-30	1E-10	1E10	1E-30	1E-10	1E10	1E-30	1E-10	1E10	1E-30	1E-10	1E10	1E-30	1E-10
77	3E-12	1E10	1E10	1E-30	1.85358433698549E-10	1E10	1E-30	1E10	0.121	1E-30	3.55874141351391E-12	7.73592350212553E-02	4.60753264952762E-11	1.43935757932202E-12	3.43176108209942	8.21984148815344E-12	3.98043804593929E-12	9.73156812389706	4.12965140754811E-12	5.05525557286862E-12	11.2907536614477	5.16991140870751E-12	2.93311196877812E-12	12.1821301130066	1.99866075638974E-12	5.06945410714352E-12	22.9273373698862	1E10	1E-30	1E-10	1E10	1E-30	1E-10	1E10	1E-30	1E-10	1E10	1E-30	1E-10	1E10	1E-30	1E-10	1E10	1E-30	1E-10	1E10	1E-30	1E-10	1E10	1E-30	1E-10	1E10	1E-30	1E-10
78	3E-12	1E10	1E10	1E-30	1.85358433698549E-10	1E10	1E-30	1E10	0.121	1E-30	3.55874141351391E-12	7.73592350212553E-02	4.60753264952762E-11	1.43935757932202E-12	3.43176108209942	8.21984148815344E-12	3.98043804593929E-12	9.73156812389706	4.12965140754811E-12	5.05525557286862E-12	11.2907536614477	5.16991140870751E-12	2.93311196877812E-12	12.1821301130066	1.99866075638974E-12	5.06945410714352E-12	22.9273373698862	1E10	1E-30	1E-10	1E10	1E-30	1E-10	1E10	1E-30	1E-10	1E10	1E-30	1E-10	1E10	1E-30	1E-10	1E10	1E-30	1E-10	1E10	1E-30	1E-10	1E10	1E-30	1E-10	1E10	1E-30	1E-10
79	3E-12	1E10	1E10	1E-30	1.85358433698549E-10	1E10	1E-30	1E10	0.121	1E-30	3.55874141351391E-12	7.73592350212553E-02	4.60753264952762E-11	1.43935757932202E-12	3.43176108209942	8.21984148815344E-12	3.98043804593929E-12	9.73156812389706	4.12965140754811E-12	5.05525557286862E-12	11.2907536614477	5.16991140870751E-12	2.93311196877812E-12	12.1821301130066	1.99866075638974E-12	5.06945410714352E-12	22.9273373698862	1E10	1E-30	1E-10	1E10	1E-30	1E-10	1E10	1E-30	1E-10	1E10	1E-30	1E-10	1E10	1E-30	1E-10	1E10	1E-30	1E-10	1E10	1E-30	1E-10	1E10	1E-30	1E-10	1E10	1E-30	1E-10
80	3.1E-12	1E10	1E10	1E-30	1.85358433698549E-10	1E10	1E-30	1E10	0.121	1E-30	3.55874141351391E-12	7.73592350212553E-02	4.60753264952762E-11	1.43935757932202E-12	3.43176108209942	8.21984148815344E-12	3.98043804593929E-12	9.73156812389706	4.12965140754811E-12	5.05525557286862E-12	11.2907536614477	5.16991140870751E-12	2.93311196877812E-12	12.1821301130066	1.99866075638974E-12	5.06945410714352E-12	22.9273373698862	1E10	1E-30	1E-10	1E10	1E-30	1E-10	1E10	1E-30	1E-10	1E10	1E-30	1E-10	1E10	1E-30	1E-10	1E10	1E-30	1E-10	1E10	1E-30	1E-10	1E10	1E-30	1E-10	1E10	1E-30	1E-10
81	3.1E-12	1E10	1E10	1E-30	1.85358433698549E-10	1E10	1E-30	1E10	0.121	1E-30	3.55874141351391E-12	7.73592350212553E-02	4.60753264952762E-11	1.43935757932202E-12	3.43176108209942	8.21984148815344E-12	3.98043804593929E-12	9.73156812389706	4.12965140754811E-12	5.05525557286862E-12	11.2907536614477	5.16991140870751E-12	2.93311196877812E-12	12.1821301130066	1.99866075638974E-12	5.06945410714352E-12	22.9273373698862	1E10	1E-30	1E-10	1E10	1E-30	1E-10	1E10	1E-30	1E-10	1E10	1E-30	1E-10	1E10	1E-30	1E-10	1E10	1E-30	1E-10	1E10	1E-30	1E-10	1E10	1E-30	1E-10	1E10	1E-30	1E-10
82	3.1E-12	1E10	1E10	1E-30	1.85358433698549E-10	1E10	1E-30	1E10	0.121	1E-30	3.55874141351391E-12	7.73592350212553E-02	4.60753264952762E-11	1.43935757932202E-12	3.43176108209942	8.21984148815344E-12	3.98043804593929E-12	9.73156812389706	4.12965140754811E-12	5.05525557286862E-12	11.2907536614477	5.16991140870751E-12	2.93311196877812E-12	12.1821301130066	1.99866075638974E-12	5.06945410714352E-12	22.9273373698862	1E10	1E-30	1E-10	1E10	1E-30	1E-10	1E10	1E-30	1E-10	1E10	1E-30	1E-10	1E10	1E-30	1E-10	1E10	1E-30	1E-10	1E10	1E-30	1E-10	1E10	1E-30	1E-10	1E10	1E-30	1E-10
83	3.2E-12	1E10	1E10	1E-30	1.79600226076253E-10	1E10	1E-30	1E10	0.112	1E-30	4.70728617737156E-12	8.06246051064633E-02	4.68618573013594E-11	1.48712983078065E-12	3.33478982425274	9.59477009293631E-12	3.55823081980802E-12	8.53104129697868	7.34914374974109E-12	3.1735126268438E-12	8.36521290400614	8.11698979774567E-12	2.50847197594531E-12	6.59603870968475	6.51095084229315E-12	2.40467399668278E-12	16.3181053690662	1.77913425584362E-12	5.9225132759039E-12	30.4188899199908	1E10	1E-30	1E-10	1E10	1E-30	1E-10	1E10	1E-30	1E-10	1E10	1E-30	1E-10	1E10	1E-30	1E-10	1E10	1E-30	1E-10	1E10	1E-30	1E-10	1E10	1E-30	1E-10
84	3.2E-12	1E10	1E10	1E-30	1.79600226076253E-10	1E10	1E-30	1E10	0.112	1E-30	4.70728617737156E-12	8.06246051064633E-02	4.68618573013594E-11	1.48712983078065E-12	3.33478982425274	9.59477009293631E-12	3.55823081980802E-12	8.53104129697868	7.34914374974109E-12	3.1735126268438E-12	8.36521290400614	8.11698979774567E-12	2.50847197594531E-12	6.59603870968475	6.51095084229315E-12	2.40467399668278E-12	16.3181053690662	1.77913425584362E-12	5.9225132759039E-12	30.4188899199908	1E10	1E-30	1E-10	1E10	1E-30	1E-10	1E10	1E-30	1E-10	1E10	1E-30	1E-10	1E10	1E-30	1E-10	1E10	1E-30	1E-10	1E10	1E-30	1E-10	1E10	1E-30	1E-10
85	3.2E-12	1E10	1E10	1E-30	1.79600226076253E-10	1E10	1E-30	1E10	0.112	1E-30	4.70728617737156E-12	8.06246051064633E-02	4.68618573013594E-11	1.48712983078065E-12	3.33478982425274	9.59477009293631E-12	3.55823081980802E-12	8.53104129697868	7.34914374974109E-12	3.1735126268438E-12	8.36521290400614	8.11698979774567E-12	2.50847197594531E-12	6.59603870968475	6.51095084229315E-12	2.40467399668278E-12	16.3181053690662	1.77913425584362E-12	5.9225132759039E-12	30.4188899199908	1E10	1E-30	1E-10	1E10	1E-30	1E-10	1E10	1E-30	1E-10	1E10	1E-30	1E-10	1E10	1E-30	1E-10	1E10	1E-30	1E-10	1E10	1E-30	1E-10	1E10	1E-30	1E-10
86	3.3E-12	1E10	1E10	1E-30	1.79600226076253E-10	1E10	1E-30	1E10	0.112	1E-30	4.70728617737156E-12	8.06246051064633E-02	4.68618573013594E-11	1.48712983078065E-12	3.33478982425274	9.59477009293631E-12	3.55823081980802E-12	8.53104129697868	7.34914374974109E-12	3.1735126268438E-12	8.36521290400614	8.11698979774567E-12	2.50847197594531E-12	6.59603870968475	6.51095084229315E-12	2.40467399668278E-12	16.3181053690662	1.77913425584362E-12	5.9225132759039E-12	30.4188899199908	1E10	1E-30	1E-10	1E10	1E-30	1E-10	1E10	1E-30	1E-10	1E10	1E-30	1E-10	1E10	1E-30	1E-10	1E10	1E-30	1E-10	1E10	1E-30	1E-10	1E10	1E-30	1E-10
87	3.3E-12	1E10	1E10	1E-30	1.79600226076253E-10	1E10	1E-30	1E10	0.112	1E-30	4.70728617737156E-12	8.06246051064633E-02	4.68618573013594E-11	1.48712983078065E-12	3.33478982425274	9.59477009293631E-12	3.55823081980802E-12	8.53104129697868	7.34914374974109E-12	3.1735126268438E-12	8.36521290400614	8.11698979774567E-12	2.50847197594531E-12	6.59603870968475	6.51095084229315E-12	2.40467399668278E-12	16.3181053690662	1.77913425584362E-12	5.9225132759039E-12	30.4188899199908	1E10	1E-30	1E-10	1E10	1E-30	1E-10	1E10	1E-30	1E-10	1E10	1E-30	1E-10	1E10	1E-30	1E-10	1E10	1E-30	1E-10	1E10	1E-30	1E-10	1E10	1E-30	1E-10
88	3.3E-12	1E10	1E10	1E-30	1.79600226076253E-10	1E10	1E-30	1E10	0.112	1E-30	4.70728617737156E-12	8.06246051064633E-02	4.68618573013594E-11	1.48712983078065E-12	3.33478982425274	9.59477009293631E-12	3.55823081980802E-12	8.53104129697868	7.34914374974109E-12	3.1735126268438E-12	8.36521290400614	8.11698979774567E-12	2.50847197594531E-12	6.59603870968475	6.51095084229315E-12	2.40467399668278E-12	16.3181053690662	1.77913425584362E-12	5.9225132759039E-12	30.4188899199908	1E10	1E-30	1E-10	1E10	1E-30	1E-10	1E10	1E-30	1E-10	1E10	1E-30	1E-10	1E10	1E-30	1E-10	1E10	1E-30	1E-10	1E10	1E-30	1E-10	1E10	1E-30	1E-10
89	3.4E-12	1E10	1E10	1E-30	1.79600226076253E-10	1E10	1E-30	1E10	0.112	1E-30	4.70728617737156E-12	8.06246051064633E-02	4.68618573013594E-11	1.48712983078065E-12	3.33478982425274	9.59477009293631E-12	3.55823081980802E-12	8.53104129697868	7.34914374974109E-12	3.1735126268438E-12	8.36521290400614	8.11698979774567E-12	2.50847197594531E-12	6.59603870968475	6.51095084229315E-12	2.40467399668278E-12	16.3181053690662	1.77913425584362E-12	5.9225132759039E-12	30.4188899199908	1E10	1E-30	1E-10	1E10	1E-30	1E-10	1E10	1E-30	1E-10	1E10	1E-30	1E-10	1E10	1E-30	1E-10	1E10	1E-30	1E-10	1E10	1E-30	1E-10	1E10	1E-30	1E-10
90	3.4E-12	1E10	1E10	1E-30	1.79600226076253E-10	1E10	1E-30	1E10	0.112	1E-30	4.70728617737156E-12	8.06246051064633E-02	4.68618573013594E-11	1.48712983078065E-12	3.33478982425274	9.59477009293631E-12	3.55823081980802E-12	8.53104129697868	7.34914374974109E-12	3.1735126268438E-12	8.36521290400614	8.11698979774567E-12	2.50847197594531E-12	6.59603870968475	6.51095084229315E-12	2.40467399668278E-12	16.3181053690662	1.77913425584362E-12	5.9225132759039E-12	30.4188899199908	1E10	1E-30	1E-10	1E10	1E-30	1E-10	1E10	1E-30	1E-10	1E10	1E-30	1E-10	1E10	1E-30	1E-10	1E10	1E-30	1E-10	1E10	1E-30	1E-10	1E10	1E-30	1E-10
91	3.4E-12	1E10	1E10	1E-30	1.79600226076253E-10	1E10	1E-30	1E10	0.112	1E-30	4.70728617737156E-12	8.06246051064633E-02	4.68618573013594E-11	1.48712983078065E-12	3.33478982425274	9.59477009293631E-12	3.55823081980802E-12	8.53104129697868	7.34914374974109E-12	3.1735126268438E-12	8.36521290400614	8.11698979774567E-12	2.50847197594531E-12	6.59603870968475	6.51095084229315E-12	2.40467399668278E-12	16.3181053690662	1.77913425584362E-12	5.9225132759039E-12	30.4188899199908	1E10	1E-30	1E-10	1E10	1E-30	1E-10	1E10	1E-30	1E-10	1E10	1E-30	1E-10	1E10	1E-30	1E-10	1E10	1E-30	1E-10	1E10	1E-30	1E-10	1E10	1E-30	1E-10
92	3.5E-12	1E10	1E10	1E-30	1.83411534699669E-10	1E10	1E-30	1E10	0.105	1E-30	3.70879083199142E-12	8.38265946878981E-02	4.68092754919143E-11	1.61223603404497E-12	3.60028600662219	1.20915168516008E-11	2.97170101564653E-12	7.82052693832849	5.4038337032712E-12	4.49928599184128E-12	7.8878048411012	6.15050263484226E-12	2.63168020042561E-12	12.8077857168375	2.94733030807967E-12	3.44130183972329E-12	20.6771417562209	1E10	1E-30	1E-10	1E10	1E-30	1E-10	1E10	1E-30	1E-10	1E10	1E-30	1E-10	1E10	1E-30	1E-10	1E10	1E-30	1E-10	1E10	1E-30	1E-10	1E10	1E-30	1E-10	1E10	1E-30	1E-10
93	3.5E-12	1E10	1E10	1E-30	1.83411534699669E-10	1E10	1E-30	1E10	0.105	1E-30	3.70879083199142E-12	8.38265946878981E-02	4.68092754919143E-11	1.61223603404497E-12	3.60028600662219	1.20915168516008E-11	2.97170101564653E-12	7.82052693832849	5.4038337032712E-12	4.49928599184128E-12	7.8878048411012	6.15050263484226E-12	2.63168020042561E-12	12.8077857168375	2.94733030807967E-12	3.44130183972329E-12	20.6771417562209	1E10	1E-30	1E-10	1E10	1E-30	1E-10	1E10	1E-30	1E-10	1E10	1E-30	1E-10	1E10	1E-30	1E-10	1E10	1E-30	1E-10	1E10	1E-30	1E-10	1E10	1E-30	1E-10	1E10	1E-30	1E-10
94	3.5E-12	1E10	1E10	1E-30	1.83411534699669E-10	1E10	1E-30	1E10	0.105	1E-30	3.70879083199142E-12	8.38265946878981E-02	4.68092754919143E-11	1.61223603404497E-12	3.60028600662219	1.20915168516008E-11	2.97170101564653E-12	7.82052693832849	5.4038337032712E-12	4.49928599184128E-12	7.8878048411012	6.15050263484226E-12	2.63168020042561E-12	12.8077857168375	2.94733030807967E-12	3.44130183972329E-12	20.6771417562209	1E10	1E-30	1E-10	1E10	1E-30	1E-10	1E10	1E-30	1E-10	1E10	1E-30	1E-10	1E10	1E-30	1E-10	1E10	1E-30	1E-10	1E10	1E-30	1E-10	1E10	1E-30	1E-10	1E10	1E-30	1E-10
95	3.6E-12	1E10	1E10	1E-30	1.83411534699669E-10	1E10	1E-30	1E10	0.105	1E-30	3.70879083199142E-12	8.38265946878981E-02	4.68092754919143E-11	1.61223603404497E-12	3.60028600662219	1.20915168516008E-11	2.97170101564653E-12	7.82052693832849	5.4038337032712E-12	4.49928599184128E-12	7.8878048411012	6.15050263484226E-12	2.63168020042561E-12	12.8077857168375	2.94733030807967E-12	3.44130183972329E-12	20.6771417562209	1E10	1E-30	1E-10	1E10	1E-30	1E-10	1E10	1E-30	1E-10	1E10	1E-30	1E-10	1E10	1E-30	1E-10	1E10	1E-30	1E-10	1E10	1E-30	1E-10	1E10	1E-30	1E-10	1E10	1E-30	1E-10
96	3.6E-12	1E10	1E10	1E-30	1.83411534699669E-10	1E10	1E-30	1E10	0.105	1E-30	3.70879083199142E-12	8.38265946878981E-02	4.68092754919143E-11	1.61223603404497E-12	3.60028600662219	1.20915168516008E-11	2.97170101564653E-12	7.82052693832849	5.4038337032712E-12	4.49928599184128E-12	7.8878048411012	6.15050263484226E-12	2.63168020042561E-12	12.8077857168375	2.94733030807967E-12	3.44130183972329E-12	20.6771417562209	1E10	1E-30	1E-10	1E10	1E-30	1E-10	1E10	1E-30	1E-10	1E10	1E-30	1E-10	1E10	1E-30	1E-10	1E10	1E-30	1E-10	1E10	1E-30	1E-10	1E10	1E-30	1E-10	1E10	1E-30	1E-10
97	3.6E-12	1E10	1E10	1E-30	1.83411534699669E-10	1E10	1E-30	1E10	0.105	1E-30	3.70879083199142E-12	8.38265946878981E-02	4.68092754919143E-11	1.61223603404497E-12	3.60028600662219	1.20915168516008E-11	2.97170101564653E-12	7.82052693832849	5.4038337032712E-12	4.49928599184128E-12	7.8878048411012	6.15050263484226E-12	2.63168020042561E-12	12.8077857168375	2.94733030807967E-12	3.44130183972329E-12	20.6771417562209	1E10	1E-30	1E-10	1E10	1E-30	1E-10	1E10	1E-30	1E-10	1E10	1E-30	1E-10	1E10	1E-30	1E-10	1E10	1E-30	1E-10	1E10	1E-30	1E-10	1E10	1E-30	1E-10	1E10	1E-30	1E-10
98	3.7E-12	1E10	1E10	1E-30	1.83411534699669E-10	1E10	1E-30	1E10	0.105	1E-30	3.70879083199142E-12	8.38265946878981E-02	4.68092754919143E-11	1.61223603404497E-12	3.60028600662219	1.20915168516008E-11	2.97170101564653E-12	7.82052693832849	5.4038337032712E-12	4.49928599184128E-12	7.8878048411012	6.15050263484226E-12	2.63168020042561E-12	12.8077857168375	2.94733030807967E-12	3.44130183972329E-12	20.6771417562209	1E10	1E-30	1E-10	1E10	1E-30	1E-10	1E10	1E-30	1E-10	1E10	1E-30	1E-10	1E10	1E-30	1E-10	1E10	1E-30	1E-10	1E10	1E-30	1E-10	1E10	1E-30	1E-10	1E10	1E-30	1E-10
99	3.7E-12	1E10	1E10	1E-30	1.83411534699669E-10	1E10	1E-30	1E10	0.105	1E-30	3.70879083199142E-12	8.38265946878981E-02	4.68092754919143E-11	1.61223603404497E-12	3.60028600662219	1.20915168516008E-11	2.97170101564653E-12	7.82052693832849	5.4038337032712E-12	4.49928599184128E-12	7.8878048411012	6.15050263484226E-12	2.63168020042561E-12	12.8077857168375	2.94733030807967E-12	3.44130183972329E-12	20.6771417562209	1E10	1E-30	1E-10	1E10	1E-30	1E-10	1E10	1E-30	1E-10	1E10	1E-30	1E-10	1E10	1E-30	1E-10	1E10	1E-30	1E-10	1E10	1E-30	1E-10	1E10	1E-30	1E-10	1E10	1E-30	1E-10
100	3.7E-12	1E10	1E10	1E-30	1.83411534699669E-10	1E10	1E-30	1E10	0.105	1E-30	3.70879083199142E-12	8.38265946878981E-02	4.68092754919143E-11	1.61223603404497E-12	3.60028600662219	1.20915168516008E-11	2.97170101564653E-12	7.82052693832849	5.4038337032712E-12	4.49928599184128E-12	7.8878048411012	6.15050263484226E-12	2.63168020042561E-12	12.8077857168375	2.94733030807967E-12	3.44130183972329E-12	20.6771417562209	1E10	1E-30	1E-10	1E10	1E-30	1E-10	1E10	1E-30	1E-10	1E10	1E-30	1E-10	1E10	1E-30	1E-10	1E10	1E-30	1E-10	1E10	1E-30	1E-10	1E10	1E-30	1E-10	1E10	1E-30	1E-10
101	3.8E-12	1E10	1E10	1E-30	1.57506197310532E-10	1E10	1E-30	1E10	0.099	1E-30	3.88187330901962E-12	6.87220685581914E-02	3.24252339150688E-11	2.97104717182557E-12	5.37791755086504	7.30692105690455E-12	5.67746845892223E-12	15.0333806275896	4.30810991711299E-12	5.38235361395112E-12	9.64232529073261	1.36045183827537E-11	1.31125462080735E-12	3.98700832322319	6.90170296540366E-13	1.56929460481114E-11	58.6200304924102	1E10	1E-30	1E-10	1E10	1E-30	1E-10	1E10	1E-30	1E-10	1E10	1E-30	1E-10	1E10	1E-30	1E-10	1E10	1E-30	1E-10	1E10	1E-30	1E-10	1E10	1E-30	1E-10	1E10	1E-30	1E-10
102	3.8E-12	1E10	1E10	1E-30	1.57506197310532E-10	1E10	1E-30	1E10	0.099	1E-30	3.88187330901962E-12	6.87220685581914E-02	3.24252339150688E-11	2.97104717182557E-12	5.37791755086504	7.30692105690455E-12	5.67746845892223E-12	15.0333806275896	4.30810991711299E-12	5.38235361395112E-12	9.64232529073261	1.36045183827537E-11	1.31125462080735E-12	3.98700832322319	6.90170296540366E-13	1.56929460481114E-11	58.6200304924102	1E10	1E-30	1E-10	1E10	1E-30	1E-10	1E10	1E-30	1E-10	1E10	1E-30	1E-10	1E10	1E-30	1E-10	1E10	1E-30	1E-10	1E10	1E-30	1E-10	1E10	1E-30	1E-10	1E10	1E-30	1E-10
103	3.8E-12	1E10	1E10	1E-30	1.57506197310532E-10	1E10	1E-30	1E10	0.099	1E-30	3.88187330901962E-12	6.87220685581914E-02	3.24252339150688E-11	2.97104717182557E-12	5.37791755086504	7.30692105690455E-12	5.67746845892223E-12	15.0333806275896	4.30810991711299E-12	5.38235361395112E-12	9.64232529073261	1.36045183827537E-11	1.31125462080735E-12	3.98700832322319	6.90170296540366E-13	1.56929460481114E-11	58.6200304924102	1E10	1E-30	1E-10	1E10	1E-30	1E-10	1E10	1E-30	1E-10	1E10	1E-30	1E-10	1E10	1E-30	1E-10	1E10	1E-30	1E-10	1E10	1E-30	1E-10	1E10	1E-30	1E-10	1E10	1E-30	1E-10
104	3.9E-12	1E10	1E10	1E-30	1.57506197310532E-10	1E10	1E-30	1E10	0.099	1E-30	3.88187330901962E-12	6.87220685581914E-02	3.24252339150688E-11	2.97104717182557E-12	5.37791755086504	7.30692105690455E-12	5.67746845892223E-12	15.0333806275896	4.30810991711299E-12	5.38235361395112E-12	9.64232529073261	1.36045183827537E-11	1.31125462080735E-12	3.98700832322319	6.90170296540366E-13	1.56929460481114E-11	58.6200304924102	1E10	1E-30	1E-10	1E10	1E-30	1E-10	1E10	1E-30	1E-10	1E10	1E-30	1E-10	1E10	1E-30	1E-10	1E10	1E-30	1E-10	1E10	1E-30	1E-10	1E10	1E-30	1E-10	1E10	1E-30	1E-10
105	3.9E-12	1E10	1E10	1E-30	1.57506197310532E-10	1E10	1E-30	1E10	0.099	1E-30	3.88187330901962E-12	6.87220685581914E-02	3.24252339150688E-11	2.97104717182557E-12	5.37791755086504	7.30692105690455E-12	5.67746845892223E-12	15.0333806275896	4.30810991711299E-12	5.38235361395112E-12	9.64232529073261	1.36045183827537E-11	1.31125462080735E-12	3.98700832322319	6.90170296540366E-13	1.56929460481114E-11	58.6200304924102	1E10	1E-30	1E-10	1E10	1E-30	1E-10	1E10	1E-30	1E-10	1E10	1E-30	1E-10	1E10	1E-30	1E-10	1E10	1E-30	1E-10	1E10	1E-30	1E-10	1E10	1E-30	1E-10	1E10	1E-30	1E-10
106	3.9E-12	1E10	1E10	1E-30	1.57506197310532E-10	1E10	1E-30	1E10	0.099	1E-30	3.88187330901962E-12	6.87220685581914E-02	3.24252339150688E-11	2.97104717182557E-12	5.37791755086504	7.30692105690455E-12	5.67746845892223E-12	15.0333806275896	4.30810991711299E-12	5.38235361395112E-12	9.64232529073261	1.36045183827537E-11	1.31125462080735E-12	3.98700832322319	6.90170296540366E-13	1.56929460481114E-11	58.6200304924102	1E10	1E-30	1E-10	1E10	1E-30	1E-10	1E10	1E-30	1E-10	1E10	1E-30	1E-10	1E10	1E-30	1E-10	1E10	1E-30	1E-10	1E10	1E-30	1E-10	1E10	1E-30	1E-10	1E10	1E-30	1E-10
107	4E-12	1E10	1E10	1E-30	1.57506197310532E-10	1E10	1E-30	1E10	0.099	1E-30	3.88187330901962E-12	6.87220685581914E-02	3.24252339150688E-11	2.97104717182557E-12	5.37791755086504	7.30692105690455E-12	5.67746845892223E-12	15.0333806275896	4.30810991711299E-12	5.38235361395112E-12	9.64232529073261	1.36045183827537E-11	1.31125462080735E-12	3.98700832322319	6.90170296540366E-13	1.56929460481114E-11	58.6200304924102	1E10	1E-30	1E-10	1E10	1E-30	1E-10	1E10	1E-30	1E-10	1E10	1E-30	1E-10	1E10	1E-30	1E-10	1E10	1E-30	1E-10	1E10	1E-30	1E-10	1E10	1E-30	1E-10	1E10	1E-30	1E-10
108	4E-12	1E10	1E10	1E-30	1.57506197310532E-10	1E10	1E-30	1E10	0.099	1E-30	3.88187330901962E-12	6.87220685581914E-02	3.24252339150688E-11	2.97104717182557E-12	5.37791755086504	7.30692105690455E-12	5.67746845892223E-12	15.0333806275896	4.30810991711299E-12	5.38235361395112E-12	9.64232529073261	1.36045183827537E-11	1.31125462080735E-12	3.98700832322319	6.90170296540366E-13	1.56929460481114E-11	58.6200304924102	1E10	1E-30	1E-10	1E10	1E-30	1E-10	1E10	1E-30	1E-10	1E10	1E-30	1E-10	1E10	1E-30	1E-10	1E10	1E-30	1E-10	1E10	1E-30	1E-10	1E10	1E-30	1E-10	1E10	1E-30	1E-10
109	4E-12	1E10	1E10	1E-30	1.57506197310532E-10	1E10	1E-30	1E10	0.099	1E-30	3.88187330901962E-12	6.87220685581914E-02	3.24252339150688E-11	2.97104717182557E-12	5.37791755086504	7.30692105690455E-12	5.67746845892223E-12	15.0333806275896	4.30810991711299E-12	5.38235361395112E-12	9.64232529073261	1.36045183827537E-11	1.31125462080735E-12	3.98700832322319	6.90170296540366E-13	1.56929460481114E-11	58.6200304924102	1E10	1E-30	1E-10	1E10	1E-30	1E-10	1E10	1E-30	1E-10	1E10	1E-30	1E-10	1E10	1E-30	1E-10	1E10	1E-30	1E-10	1E10	1E-30	1E-10	1E10	1E-30	1E-10	1E10	1E-30	1E-10
110	4.1E-12	1E10	1E10	1E-30	1.72108469376784E-10	1E10	1E-30	1E10	0.095	1E-30	4.26322039994321E-12	8.75549302593215E-02	2.76196566653368E-11	3.76737343385446E-12	6.75388732141848	7.03704525546543E-12	6.17310735163258E-12	12.9214196756286	6.294602850295E-12	2.92835845494289E-12	10.0177580233434	8.93873098063174E-13	1.11789181423951E-11	93.8648306536941	1E10	1E-30	1E-10	1E10	1E-30	1E-10	1E10	1E-30	1E-10	1E10	1E-30	1E-10	1E10	1E-30	1E-10	1E10	1E-30	1E-10	1E10	1E-30	1E-10	1E10	1E-30	1E-10	1E10	1E-30	1E-10	1E10	1E-30	1E-10
111	4.1E-12	1E10	1E10	1E-30	1.72108469376784E-10	1E10	1E-30	1E10	0.095	1E-30	4.26322039994321E-12	8.75549302593215E-02	2.76196566653368E-11	3.76737343385446E-12	6.75388732141848	7.03704525546543E-12	6.17310735163258E-12	12.9214196756286	6.294602850295E-12	2.92835845494289E-12	10.0177580233434	8.93873098063174E-13	1.11789181423951E-11	93.8648306536941	1E10	1E-30	1E-10	1E10	1E-30	1E-10	1E10	1E-30	1E-10	1E10	1E-30	1E-10	1E10	1E-30	1E-10	1E10	1E-30	1E-10	1E10	1E-30	1E-10	1E10	1E-30	1E-10	1E10	1E-30	1E-10	1E10	1E-30	1E-10
112	4.1E-12	1E10	1E10	1E-30	1.72108469376784E-10	1E10	1E-30	1E10	0.095	1E-30	4.26322039994321E-12	8.75549302593215E-02	2.76196566653368E-11	3.76737343385446E-12	6.75388732141848	7.03704525546543E-12	6.17310735163258E-12	12.9214196756286	6.294602850295E-12	2.92835845494289E-12	10.0177580233434	8.93873098063174E-13	1.11789181423951E-11	93.8648306536941	1E10	1E-30	1E-10	1E10	1E-30	1E-10	1E10	1E-30	1E-10	1E10	1E-30	1E-10	1E10	1E-30	1E-10	1E10	1E-30	1E-10	1E10	1E-30	1E-10	1E10	1E-30	1E-10	1E10	1E-30	1E-10	1E10	1E-30	1E-10
113	4.2E-12	1E10	1E10	1E-30	1.72108469376784E-10	1E10	1E-30	1E10	0.095	1E-30	4.26322039994321E-12	8.75549302593215E-02	2.76196566653368E-11	3.76737343385446E-12	6.75388732141848	7.03704525546543E-12	6.17310735163258E-12	12.9214196756286	6.294602850295E-12	2.92835845494289E-12	10.0177580233434	8.93873098063174E-13	1.11789181423951E-11	93.8648306536941	1E10	1E-30	1E-10	1E10	1E-30	1E-10	1E10	1E-30	1E-10	1E10	1E-30	1E-10	1E10	1E-30	1E-10	1E10	1E-30	1E-10	1E10	1E-30	1E-10	1E10	1E-30	1E-10	1E10	1E-30	1E-10	1E10	1E-30	1E-10
114	4.2E-12	1E10	1E10	1E-30	1.72108469376784E-10	1E10	1E-30	1E10	0.095	1E-30	4.26322039994321E-12	8.75549302593215E-02	2.76196566653368E-11	3.76737343385446E-12	6.75388732141848	7.03704525546543E-12	6.17310735163258E-12	12.9214196756286	6.294602850295E-12	2.92835845494289E-12	10.0177580233434	8.93873098063174E-13	1.11789181423951E-11	93.8648306536941	1E10	1E-30	1E-10	1E10	1E-30	1E-10	1E10	1E-30	1E-10	1E10	1E-30	1E-10	1E10	1E-30	1E-10	1E10	1E-30	1E-10	1E10	1E-30	1E-10	1E10	1E-30	1E-10	1E10	1E-30	1E-10	1E10	1E-30	1E-10
115	4.2E-12	1E10	1E10	1E-30	1.72108469376784E-10	1E10	1E-30	1E10	0.095	1E-30	4.26322039994321E-12	8.75549302593215E-02	2.76196566653368E-11	3.76737343385446E-12	6.75388732141848	7.03704525546543E-12	6.17310735163258E-12	12.9214196756286	6.294602850295E-12	2.92835845494289E-12	10.0177580233434	8.93873098063174E-13	1.11789181423951E-11	93.8648306536941	1E10	1E-30	1E-10	1E10	1E-30	1E-10	1E10	1E-30	1E-10	1E10	1E-30	1E-10	1E10	1E-30	1E-10	1E10	1E-30	1E-10	1E10	1E-30	1E-10	1E10	1E-30	1E-10	1E10	1E-30	1E-10	1E10	1E-30	1E-10
116	4.3E-12	1E10	1E10	1E-30	1.72108469376784E-10	1E10	1E-30	1E10	0.095	1E-30	4.26322039994321E-12	8.75549302593215E-02	2.76196566653368E-11	3.76737343385446E-12	6.75388732141848	7.03704525546543E-12	6.17310735163258E-12	12.9214196756286	6.294602850295E-12	2.92835845494289E-12	10.0177580233434	8.93873098063174E-13	1.11789181423951E-11	93.8648306536941	1E10	1E-30	1E-10	1E10	1E-30	1E-10	1E10	1E-30	1E-10	1E10	1E-30	1E-10	1E10	1E-30	1E-10	1E10	1E-30	1E-10	1E10	1E-30	1E-10	1E10	1E-30	1E-10	1E10	1E-30	1E-10	1E10	1E-30	1E-10
117	4.3E-12	1E10	1E10	1E-30	1.72108469376784E-10	1E10	1E-30	1E10	0.095	1E-30	4.26322039994321E-12	8.75549302593215E-02	2.76196566653368E-11	3.76737343385446E-12	6.75388732141848	7.03704525546543E-12	6.17310735163258E-12	12.9214196756286	6.294602850295E-12	2.92835845494289E-12	10.0177580233434	8.93873098063174E-13	1.11789181423951E-11	93.8648306536941	1E10	1E-30	1E-10	1E10	1E-30	1E-10	1E10	1E-30	1E-10	1E10	1E-30	1E-10	1E10	1E-30	1E-10	1E10	1E-30	1E-10	1E10	1E-30	1E-10	1E10	1E-30	1E-10	1E10	1E-30	1E-10	1E10	1E-30	1E-10
118	4.3E-12	1E10	1E10	1E-30	1.72108469376784E-10	1E10	1E-30	1E10	0.095	1E-30	4.26322039994321E-12	8.75549302593215E-02	2.76196566653368E-11	3.76737343385446E-12	6.75388732141848	7.03704525546543E-12	6.17310735163258E-12	12.9214196756286	6.294602850295E-12	2.92835845494289E-12	10.0177580233434	8.93873098063174E-13	1.11789181423951E-11	93.8648306536941	1E10	1E-30	1E-10	1E10	1E-30	1E-10	1E10	1E-30	1E-10	1E10	1E-30	1E-10	1E10	1E-30	1E-10	1E10	1E-30	1E-10	1E10	1E-30	1E-10	1E10	1E-30	1E-10	1E10	1E-30	1E-10	1E10	1E-30	1E-10
119	4.4E-12	1E10	1E10	1E-30	1.70760006056139E-10	1E10	1E-30	1E10	0.089	1E-30	4.16991352828977E-12	0.113533668305791	4.58554778575387E-11	2.3459026655039E-12	4.02460438084664	7.70303885097566E-12	5.91562165833301E-12	11.8293884398654	7.18789438432802E-12	3.44446353460204E-12	5.46327374956302	1.32393425716485E-11	1.39623464220015E-12	3.40877237754271	1.57712332444687E-12	6.35823126327049E-12	34.7185716509691	1E10	1E-30	1E-10	1E10	1E-30	1E-10	1E10	1E-30	1E-10	1E10	1E-30	1E-10	1E10	1E-30	1E-10	1E10	1E-30	1E-10	1E10	1E-30	1E-10	1E10	1E-30	1E-10	1E10	1E-30	1E-10
120	4.4E-12	1E10	1E10	1E-30	1.70760006056139E-10	1E10	1E-30	1E10	0.089	1E-30	4.16991352828977E-12	0.113533668305791	4.58554778575387E-11	2.3459026655039E-12	4.02460438084664	7.70303885097566E-12	5.91562165833301E-12	11.8293884398654	7.18789438432802E-12	3.44446353460204E-12	5.46327374956302	1.32393425716485E-11	1.39623464220015E-12	3.40877237754271	1.57712332444687E-12	6.35823126327049E-12	34.7185716509691	1E10	1E-30	1E-10	1E10	1E-30	1E-10	1E10	1E-30	1E-10	1E10	1E-30	1E-10	1E10	1E-30	1E-10	1E10	1E-30	1E-10	1E10	1E-30	1E-10	1E10	1E-30	1E-10	1E10	1E-30	1E-10
121	4.4E-12	1E10	1E10	1E-30	1.70760006056139E-10	1E10	1E-30	1E10	0.089	1E-30	4.16991352828977E-12	0.113533668305791	4.58554778575387E-11	2.3459026655039E-12	4.02460438084664	7.70303885097566E-12	5.91562165833301E-12	11.8293884398654	7.18789438432802E-12	3.44446353460204E-12	5.46327374956302	1.32393425716485E-11	1.39623464220015E-12	3.40877237754271	1.57712332444687E-12	6.35823126327049E-12	34.7185716509691	1E10	1E-30	1E-10	1E10	1E-30	1E-10	1E10	1E-30	1E-10	1E10	1E-30	1E-10	1E10	1E-30	1E-10	1E10	1E-30	1E-10	1E10	1E-30	1E-10	1E10	1E-30	1E-10	1E10	1E-30	1E-10
122	4.5E-12	1E10	1E10	1E-30	1.70760006056139E-10	1E10	1E-30	1E10	0.089	1E-30	4.16991352828977E-12	0.113533668305791	4.58554778575387E-11	2.3459026655039E-12	4.02460438084664	7.70303885097566E-12	5.91562165833301E-12	11.8293884398654	7.18789438432802E-12	3.44446353460204E-12	5.46327374956302	1.32393425716485E-11	1.39623464220015E-12	3.40877237754271	1.57712332444687E-12	6.35823126327049E-12	34.7185716509691	1E10	1E-30	1E-10	1E10	1E-30	1E-10	1E10	1E-30	1E-10	1E10	1E-30	1E-10	1E10	1E-30	1E-10	1E10	1E-30	1E-10	1E10	1E-30	1E-10	1E10	1E-30	1E-10	1E10	1E-30	1E-10
123	4.5E-12	1E10	1E10	1E-30	1.70760006056139E-10	1E10	1E-30	1E10	0.089	1E-30	4.16991352828977E-12	0.113533668305791	4.58554778575387E-11	2.3459026655039E-12	4.02460438084664	7.70303885097566E-12	5.91562165833301E-12	11.8293884398654	7.18789438432802E-12	3.44446353460204E-12	5.46327374956302	1.32393425716485E-11	1.39623464220015E-12	3.40877237754271	1.57712332444687E-12	6.35823126327049E-12	34.7185716509691	1E10	1E-30	1E-10	1E10	1E-30	1E-10	1E10	1E-30	1E-10	1E10	1E-30	1E-10	1E10	1E-30	1E-10	1E10	1E-30	1E-10	1E10	1E-30	1E-10	1E10	1E-30	1E-10	1E10	1E-30	1E-10
124	4.5E-12	1E10	1E10	1E-30	1.70760006056139E-10	1E10	1E-30	1E10	0.089	1E-30	4.16991352828977E-12	0.113533668305791	4.58554778575387E-11	2.3459026655039E-12	4.02460438084664	7.70303885097566E-12	5.91562165833301E-12	11.8293884398654	7.18789438432802E-12	3.44446353460204E-12	5.46327374956302	1.32393425716485E-11	1.39623464220015E-12	3.40877237754271	1.57712332444687E-12	6.35823126327049E-12	34.7185716509691	1E10	1E-30	1E-10	1E10	1E-30	1E-10	1E10	1E-30	1E-10	1E10	1E-30	1E-10	1E10	1E-30	1E-10	1E10	1E-30	1E-10	1E10	1E-30	1E-10	1E10	1E-30	1E-10	1E10	1E-30	1E-10
125	4.6E-12	1E10	1E10	1E-30	1.70760006056139E-10	1E10	1E-30	1E10	0.089	1E-30	4.16991352828977E-12	0.113533668305791	4.58554778575387E-11	2.3459026655039E-12	4.02460438084664	7.70303885097566E-12	5.91562165833301E-12	11.8293884398654	7.18789438432802E-12	3.44446353460204E-12	5.46327374956302	1.32393425716485E-11	1.39623464220015E-12	3.40877237754271	1.57712332444687E-12	6.35823126327049E-12	34.7185716509691	1E10	1E-30	1E-10	1E10	1E-30	1E-10	1E10	1E-30	1E-10	1E10	1E-30	1E-10	1E10	1E-30	1E-10	1E10	1E-30	1E-10	1E10	1E-30	1E-10	1E10	1E-30	1E-10	1E10	1E-30	1E-10
126	4.6E-12	1E10	1E10	1E-30	1.70760006056139E-10	1E10	1E-30	1E10	0.089	1E-30	4.16991352828977E-12	0.113533668305791	4.58554778575387E-11	2.3459026655039E-12	4.02460438084664	7.70303885097566E-12	5.91562165833301E-12	11.8293884398654	7.18789438432802E-12	3.44446353460204E-12	5.46327374956302	1.32393425716485E-11	1.39623464220015E-12	3.40877237754271	1.57712332444687E-12	6.35823126327049E-12	34.7185716509691	1E10	1E-30	1E-10	1E10	1E-30	1E-10	1E10	1E-30	1E-10	1E10	1E-30	1E-10	1E10	1E-30	1E-10	1E10	1E-30	1E-10	1E10	1E-30	1E-10	1E10	1E-30	1E-10	1E10	1E-30	1E-10
127	4.6E-12	1E10	1E10	1E-30	1.70760006056139E-10	1E10	1E-30	1E10	0.089	1E-30	4.16991352828977E-12	0.113533668305791	4.58554778575387E-11	2.3459026655039E-12	4.02460438084664	7.70303885097566E-12	5.91562165833301E-12	11.8293884398654	7.18789438432802E-12	3.44446353460204E-12	5.46327374956302	1.32393425716485E-11	1.39623464220015E-12	3.40877237754271	1.57712332444687E-12	6.35823126327049E-12	34.7185716509691	1E10	1E-30	1E-10	1E10	1E-30	1E-10	1E10	1E-30	1E-10	1E10	1E-30	1E-10	1E10	1E-30	1E-10	1E10	1E-30	1E-10	1E10	1E-30	1E-10	1E10	1E-30	1E-10	1E10	1E-30	1E-10
128	4.7E-12	1E10	1E10	1E-30	1.71251530709514E-10	1E10	1E-30	1E10	0.084	1E-30	4.58246415054843E-12	0.100857913343301	3.38183155884962E-11	3.27959124525306E-12	6.18999172406379	7.19473590433282E-12	6.52351972985871E-12	13.8315984724911	4.82314655734562E-12	4.07182247017006E-12	5.5944973610258	1.66151312207754E-12	6.2508170736977E-12	22.5291181429532	1E10	1E-30	1E-10	1E10	1E-30	1E-10	1E10	1E-30	1E-10	1E10	1E-30	1E-10	1E10	1E-30	1E-10	1E10	1E-30	1E-10	1E10	1E-30	1E-10	1E10	1E-30	1E-10	1E10	1E-30	1E-10	1E10	1E-30	1E-10
129	4.7E-12	1E10	1E10	1E-30	1.71251530709514E-10	1E10	1E-30	1E10	0.084	1E-30	4.58246415054843E-12	0.100857913343301	3.38183155884962E-11	3.27959124525306E-12	6.18999172406379	7.19473590433282E-12	6.52351972985871E-12	13.8315984724911	4.82314655734562E-12	4.07182247017006E-12	5.5944973610258	1.66151312207754E-12	6.2508170736977E-12	22.5291181429532	1E10	1E-30	1E-10	1E10	1E-30	1E-10	1E10	1E-30	1E-10	1E10	1E-30	1E-10	1E10	1E-30	1E-10	1E10	1E-30	1E-10	1E10	1E-30	1E-10	1E10	1E-30	1E-10	1E10	1E-30	1E-10	1E10	1E-30	1E-10
130	4.7E-12	1E10	1E10	1E-30	1.71251530709514E-10	1E10	1E-30	1E10	0.084	1E-30	4.58246415054843E-12	0.100857913343301	3.38183155884962E-11	3.27959124525306E-12	6.18999172406379	7.19473590433282E-12	6.52351972985871E-12	13.8315984724911	4.82314655734562E-12	4.07182247017006E-12	5.5944973610258	1.66151312207754E-12	6.2508170736977E-12	22.5291181429532	1E10	1E-30	1E-10	1E10	1E-30	1E-10	1E10	1E-30	1E-10	1E10	1E-30	1E-10	1E10	1E-30	1E-10	1E10	1E-30	1E-10	1E10	1E-30	1E-10	1E10	1E-30	1E-10	1E10	1E-30	1E-10	1E10	1E-30	1E-10
131	4.8E-12	1E10	1E10	1E-30	1.71251530709514E-10	1E10	1E-30	1E10	0.084	1E-30	4.58246415054843E-12	0.100857913343301	3.38183155884962E-11	3.27959124525306E-12	6.18999172406379	7.19473590433282E-12	6.52351972985871E-12	13.8315984724911	4.82314655734562E-12	4.07182247017006E-12	5.5944973610258	1.66151312207754E-12	6.2508170736977E-12	22.5291181429532	1E10	1E-30	1E-10	1E10	1E-30	1E-10	1E10	1E-30	1E-10	1E10	1E-30	1E-10	1E10	1E-30	1E-10	1E10	1E-30	1E-10	1E10	1E-30	1E-10	1E10	1E-30	1E-10	1E10	1E-30	1E-10	1E10	1E-30	1E-10
132	4.8E-12	1E10	1E10	1E-30	1.71251530709514E-10	1E10	1E-30	1E10	0.084	1E-30	4.58246415054843E-12	0.100857913343301	3.38183155884962E-11	3.27959124525306E-12	6.18999172406379	7.19473590433282E-12	6.52351972985871E-12	13.8315984724911	4.82314655734562E-12	4.07182247017006E-12	5.5944973610258	1.66151312207754E-12	6.2508170736977E-12	22.5291181429532	1E10	1E-30	1E-10	1E10	1E-30	1E-10	1E10	1E-30	1E-10	1E10	1E-30	1E-10	1E10	1E-30	1E-10	1E10	1E-30	1E-10	1E10	1E-30	1E-10	1E10	1E-30	1E-10	1E10	1E-30	1E-10	1E10	1E-30	1E-10
133	4.8E-12	1E10	1E10	1E-30	1.71251530709514E-10	1E10	1E-30	1E10	0.084	1E-30	4.58246415054843E-12	0.100857913343301	3.38183155884962E-11	3.27959124525306E-12	6.18999172406379	7.19473590433282E-12	6.52351972985871E-12	13.8315984724911	4.82314655734562E-12	4.07182247017006E-12	5.5944973610258	1.66151312207754E-12	6.2508170736977E-12	22.5291181429532	1E10	1E-30	1E-10	1E10	1E-30	1E-10	1E10	1E-30	1E-10	1E10	1E-30	1E-10	1E10	1E-30	1E-10	1E10	1E-30	1E-10	1E10	1E-30	1E-10	1E10	1E-30	1E-10	1E10	1E-30	1E-10	1E10	1E-30	1E-10
134	4.9E-12	1E10	1E10	1E-30	1.71251530709514E-10	1E10	1E-30	1E10	0.084	1E-30	4.58246415054843E-12	0.100857913343301	3.38183155884962E-11	3.27959124525306E-12	6.18999172406379	7.19473590433282E-12	6.52351972985871E-12	13.8315984724911	4.82314655734562E-12	4.07182247017006E-12	5.5944973610258	1.66151312207754E-12	6.2508170736977E-12	22.5291181429532	1E10	1E-30	1E-10	1E10	1E-30	1E-10	1E10	1E-30	1E-10	1E10	1E-30	1E-10	1E10	1E-30	1E-10	1E10	1E-30	1E-10	1E10	1E-30	1E-10	1E10	1E-30	1E-10	1E10	1E-30	1E-10	1E10	1E-30	1E-10
135	4.9E-12	1E10	1E10	1E-30	1.71251530709514E-10	1E10	1E-30	1E10	0.084	1E-30	4.58246415054843E-12	0.100857913343301	3.38183155884962E-11	3.27959124525306E-12	6.18999172406379	7.19473590433282E-12	6.52351972985871E-12	13.8315984724911	4.82314655734562E-12	4.07182247017006E-12	5.5944973610258	1.66151312207754E-12	6.2508170736977E-12	22.5291181429532	1E10	1E-30	1E-10	1E10	1E-30	1E-10	1E10	1E-30	1E-10	1E10	1E-30	1E-10	1E10	1E-30	1E-10	1E10	1E-30	1E-10	1E10	1E-30	1E-10	1E10	1E-30	1E-10	1E10	1E-30	1E-10	1E10	1E-30	1E-10
136	4.9E-12	1E10	1E10	1E-30	1.71251530709514E-10	1E10	1E-30	1E10	0.084	1E-30	4.58246415054843E-12	0.100857913343301	3.38183155884962E-11	3.27959124525306E-12	6.18999172406379	7.19473590433282E-12	6.52351972985871E-12	13.8315984724911	4.82314655734562E-12	4.07182247017006E-12	5.5944973610258	1.66151312207754E-12	6.2508170736977E-12	22.5291181429532	1E10	1E-30	1E-10	1E10	1E-30	1E-10	1E10	1E-30	1E-10	1E10	1E-30	1E-10	1E10	1E-30	1E-10	1E10	1E-30	1E-10	1E10	1E-30	1E-10	1E10	1E-30	1E-10	1E10	1E-30	1E-10	1E10	1E-30	1E-10
137	5E-12	1E10	1E10	1E-30	1.64275164308192E-10	1E10	1E-30	1E10	0.077	1E-30	4.45435275430191E-12	0.138538516405323	3.09639170835381E-11	4.27838476916948E-12	7.2642911773254	7.64480303379466E-12	7.15972055365027E-12	14.5206086913191	4.21777367397211E-12	5.0040886415488E-12	6.04042154253848	6.23075681194741E-12	2.01027896414761E-12	13.6393011266344	2.33889940193519E-12	4.37630613926245E-12	32.4447231024309	1E10	1E-30	1E-10	1E10	1E-30	1E-10	1E10	1E-30	1E-10	1E10	1E-30	1E-10	1E10	1E-30	1E-10	1E10	1E-30	1E-10	1E10	1E-30	1E-10	1E10	1E-30	1E-10	1E10	1E-30	1E-10
138	5E-12	1E10	1E10	1E-30	1.64275164308192E-10	1E10	1E-30	1E10	0.077	1E-30	4.45435275430191E-12	0.138538516405323	3.09639170835381E-11	4.27838476916948E-12	7.2642911773254	7.64480303379466E-12	7.15972055365027E-12	14.5206086913191	4.21777367397211E-12	5.0040886415488E-12	6.04042154253848	6.23075681194741E-12	2.01027896414761E-12	13.6393011266344	2.33889940193519E-12	4.37630613926245E-12	32.4447231024309	1E10	1E-30	1E-10	1E10	1E-30	1E-10	1E10	1E-30	1E-10	1E10	1E-30	1E-10	1E10	1E-30	1E-10	1E10	1E-30	1E-10	1E10	1E-30	1E-10	1E10	1E-30	1E-10	1E10	1E-30	1E-10
139	5E-12	1E10	1E10	1E-30	1.64275164308192E-10	1E10	1E-30	1E10	0.077	1E-30	4.45435275430191E-12	0.138538516405323	3.09639170835381E-11	4.27838476916948E-12	7.2642911773254	7.64480303379466E-12	7.15972055365027E-12	14.5206086913191	4.21777367397211E-12	5.0040886415488E-12	6.04042154253848	6.23075681194741E-12	2.01027896414761E-12	13.6393011266344	2.33889940193519E-12	4.37630613926245E-12	32.4447231024309	1E10	1E-30	1E-10	1E10	1E-30	1E-10	1E10	1E-30	1E-10	1E10	1E-30	1E-10	1E10	1E-30	1E-10	1E10	1E-30	1E-10	1E10	1E-30	1E-10	1E10	1E-30	1E-10	1E10	1E-30	1E-10
140	5.1E-12	1E10	1E10	1E-30	1.64275164308192E-10	1E10	1E-30	1E10	0.077	1E-30	4.45435275430191E-12	0.138538516405323	3.09639170835381E-11	4.27838476916948E-12	7.2642911773254	7.64480303379466E-12	7.15972055365027E-12	14.5206086913191	4.21777367397211E-12	5.0040886415488E-12	6.04042154253848	6.23075681194741E-12	2.01027896414761E-12	13.6393011266344	2.33889940193519E-12	4.37630613926245E-12	32.4447231024309	1E10	1E-30	1E-10	1E10	1E-30	1E-10	1E10	1E-30	1E-10	1E10	1E-30	1E-10	1E10	1E-30	1E-10	1E10	1E-30	1E-10	1E10	1E-30	1E-10	1E10	1E-30	1E-10	1E10	1E-30	1E-10
141	5.1E-12	1E10	1E10	1E-30	1.64275164308192E-10	1E10	1E-30	1E10	0.077	1E-30	4.45435275430191E-12	0.138538516405323	3.09639170835381E-11	4.27838476916948E-12	7.2642911773254	7.64480303379466E-12	7.15972055365027E-12	14.5206086913191	4.21777367397211E-12	5.0040886415488E-12	6.04042154253848	6.23075681194741E-12	2.01027896414761E-12	13.6393011266344	2.33889940193519E-12	4.37630613926245E-12	32.4447231024309	1E10	1E-30	1E-10	1E10	1E-30	1E-10	1E10	1E-30	1E-10	1E10	1E-30	1E-10	1E10	1E-30	1E-10	1E10	1E-30	1E-10	1E10	1E-30	1E-10	1E10	1E-30	1E-10	1E10	1E-30	1E-10
142	5.1E-12	1E10	1E10	1E-30	1.64275164308192E-10	1E10	1E-30	1E10	0.077	1E-30	4.45435275430191E-12	0.138538516405323	3.09639170835381E-11	4.27838476916948E-12	7.2642911773254	7.64480303379466E-12	7.15972055365027E-12	14.5206086913191	4.21777367397211E-12	5.0040886415488E-12	6.04042154253848	6.23075681194741E-12	2.01027896414761E-12	13.6393011266344	2.33889940193519E-12	4.37630613926245E-12	32.4447231024309	1E10	1E-30	1E-10	1E10	1E-30	1E-10	1E10	1E-30	1E-10	1E10	1E-30	1E-10	1E10	1E-30	1E-10	1E10	1E-30	1E-10	1E10	1E-30	1E-10	1E10	1E-30	1E-10	1E10	1E-30	1E-10
143	5.1E-12	1E10	1E10	1E-30	1.64275164308192E-10	1E10	1E-30	1E10	0.077	1E-30	4.45435275430191E-12	0.138538516405323	3.09639170835381E-11	4.27838476916948E-12	7.2642911773254	7.64480303379466E-12	7.15972055365027E-12	14.5206086913191	4.21777367397211E-12	5.0040886415488E-12	6.04042154253848	6.23075681194741E-12	2.01027896414761E-12	13.6393011266344	2.33889940193519E-12	4.37630613926245E-12	32.4447231024309	1E10	1E-30	1E-10	1E10	1E-30	1E-10	1E10	1E-30	1E-10	1E10	1E-30	1E-10	1E10	1E-30	1E-10	1E10	1E-30	1E-10	1E10	1E-30	1E-10	1E10	1E-30	1E-10	1E10	1E-30	1E-10
144	5.2E-12	1E10	1E10	1E-30	1.64275164308192E-10	1E10	1E-30	1E10	0.077	1E-30	4.45435275430191E-12	0.138538516405323	3.09639170835381E-11	4.27838476916948E-12	7.2642911773254	7.64480303379466E-12	7.15972055365027E-12	14.5206086913191	4.21777367397211E-12	5.0040886415488E-12	6.04042154253848	6.23075681194741E-12	2.01027896414761E-12	13.6393011266344	2.33889940193519E-12	4.37630613926245E-12	32.4447231024309	1E10	1E-30	1E-10	1E10	1E-30	1E-10	1E10	1E-30	1E-10	1E10	1E-30	1E-10	1E10	1E-30	1E-10	1E10	1E-30	1E-10	1E10	1E-30	1E-10	1E10	1E-30	1E-10	1E10	1E-30	1E-10
145	5.2E-12	1E10	1E10	1E-30	1.64275164308192E-10	1E10	1E-30	1E10	0.077	1E-30	4.45435275430191E-12	0.138538516405323	3.09639170835381E-11	4.27838476916948E-12	7.2642911773254	7.64480303379466E-12	7.15972055365027E-12	14.5206086913191	4.21777367397211E-12	5.0040886415488E-12	6.04042154253848	6.23075681194741E-12	2.01027896414761E-12	13.6393011266344	2.33889940193519E-12	4.37630613926245E-12	32.4447231024309	1E10	1E-30	1E-10	1E10	1E-30	1E-10	1E10	1E-30	1E-10	1E10	1E-30	1E-10	1E10	1E-30	1E-10	1E10	1E-30	1E-10	1E10	1E-30	1E-10	1E10	1E-30	1E-10	1E10	1E-30	1E-10
146	5.2E-12	1E10	1E10	1E-30	1.64275164308192E-10	1E10	1E-30	1E10	0.077	1E-30	4.45435275430191E-12	0.138538516405323	3.09639170835381E-11	4.27838476916948E-12	7.2642911773254	7.64480303379466E-12	7.15972055365027E-12	14.5206086913191	4.21777367397211E-12	5.0040886415488E-12	6.04042154253848	6.23075681194741E-12	2.01027896414761E-12	13.6393011266344	2.33889940193519E-12	4.37630613926245E-12	32.4447231024309	1E10	1E-30	1E-10	1E10	1E-30	1E-10	1E10	1E-30	1E-10	1E10	1E-30	1E-10	1E10	1E-30	1E-10	1E10	1E-30	1E-10	1E10	1E-30	1E-10	1E10	1E-30	1E-10	1E10	1E-30	1E-10
147	5.2E-12	1E10	1E10	1E-30	1.64275164308192E-10	1E10	1E-30	1E10	0.077	1E-30	4.45435275430191E-12	0.138538516405323	3.09639170835381E-11	4.27838476916948E-12	7.2642911773254	7.64480303379466E-12	7.15972055365027E-12	14.5206086913191	4.21777367397211E-12	5.0040886415488E-12	6.04042154253848	6.23075681194741E-12	2.01027896414761E-12	13.6393011266344	2.33889940193519E-12	4.37630613926245E-12	32.4447231024309	1E10	1E-30	1E-10	1E10	1E-30	1E-10	1E10	1E-30	1E-10	1E10	1E-30	1E-10	1E10	1E-30	1E-10	1E10	1E-30	1E-10	1E10	1E-30	1E-10	1E10	1E-30	1E-10	1E10	1E-30	1E-10
148	5.3E-12	1E10	1E10	1E-30	1.6010224090114E-10	1E10	1E-30	1E10	0.072	1E-30	5.34996178310032E-12	0.102156855107942	3.29931633692288E-11	4.29779548777488E-12	7.98999867667605	7.04714205478517E-12	8.40538551406112E-12	16.2154512416551	5.36652052621146E-11	6.87976869094329E-13	1.46784389512099	2.38252819713897E-11	1.28180546516097E-12	2.1414531297831	3.40009223297632E-12	3.80929252289135E-12	19.7840836975205	1.38578883206164E-12	7.31278281851599E-12	46.6974329000141	1E10	1E-30	1E-10	1E10	1E-30	1E-10	1E10	1E-30	1E-10	1E10	1E-30	1E-10	1E10	1E-30	1E-10	1E10	1E-30	1E-10	1E10	1E-30	1E-10	1E10	1E-30	1E-10
149	5.3E-12	1E10	1E10	1E-30	1.6010224090114E-10	1E10	1E-30	1E10	0.072	1E-30	5.34996178310032E-12	0.102156855107942	3.29931633692288E-11	4.29779548777488E-12	7.98999867667605	7.04714205478517E-12	8.40538551406112E-12	16.2154512416551	5.36652052621146E-11	6.87976869094329E-13	1.46784389512099	2.38252819713897E-11	1.28180546516097E-12	2.1414531297831	3.40009223297632E-12	3.80929252289135E-12	19.7840836975205	1.38578883206164E-12	7.31278281851599E-12	46.6974329000141	1E10	1E-30	1E-10	1E10	1E-30	1E-10	1E10	1E-30	1E-10	1E10	1E-30	1E-10	1E10	1E-30	1E-10	1E10	1E-30	1E-10	1E10	1E-30	1E-10	1E10	1E-30	1E-10
150	5.3E-12	1E10	1E10	1E-30	1.6010224090114E-10	1E10	1E-30	1E10	0.072	1E-30	5.34996178310032E-12	0.102156855107942	3.29931633692288E-11	4.29779548777488E-12	7.98999867667605	7.04714205478517E-12	8.40538551406112E-12	16.2154512416551	5.36652052621146E-11	6.87976869094329E-13	1.46784389512099	2.38252819713897E-11	1.28180546516097E-12	2.1414531297831	3.40009223297632E-12	3.80929252289135E-12	19.7840836975205	1.38578883206164E-12	7.31278281851599E-12	46.6974329000141	1E10	1E-30	1E-10	1E10	1E-30	1E-10	1E10	1E-30	1E-10	1E10	1E-30	1E-10	1E10	1E-30	1E-10	1E10	1E-30	1E-10	1E10	1E-30	1E-10	1E10	1E-30	1E-10
151	5.3E-12	1E10	1E10	1E-30	1.6010224090114E-10	1E10	1E-30	1E10	0.072	1E-30	5.34996178310032E-12	0.102156855107942	3.29931633692288E-11	4.29779548777488E-12	7.98999867667605	7.04714205478517E-12	8.40538551406112E-12	16.2154512416551	5.36652052621146E-11	6.87976869094329E-13	1.46784389512099	2.38252819713897E-11	1.28180546516097E-12	2.1414531297831	3.40009223297632E-12	3.80929252289135E-12	19.7840836975205	1.38578883206164E-12	7.31278281851599E-12	46.6974329000141	1E10	1E-30	1E-10	1E10	1E-30	1E-10	1E10	1E-30	1E-10	1E10	1E-30	1E-10	1E10	1E-30	1E-10	1E10	1E-30	1E-10	1E10	1E-30	1E-10	1E10	1E-30	1E-10
152	5.4E-12	1E10	1E10	1E-30	1.6010224090114E-10	1E10	1E-30	1E10	0.072	1E-30	5.34996178310032E-12	0.102156855107942	3.29931633692288E-11	4.29779548777488E-12	7.98999867667605	7.04714205478517E-12	8.40538551406112E-12	16.2154512416551	5.36652052621146E-11	6.87976869094329E-13	1.46784389512099	2.38252819713897E-11	1.28180546516097E-12	2.1414531297831	3.40009223297632E-12	3.80929252289135E-12	19.7840836975205	1.38578883206164E-12	7.31278281851599E-12	46.6974329000141	1E10	1E-30	1E-10	1E10	1E-30	1E-10	1E10	1E-30	1E-10	1E10	1E-30	1E-10	1E10	1E-30	1E-10	1E10	1E-30	1E-10	1E10	1E-30	1E-10	1E10	1E-30	1E-10
153	5.4E-12	1E10	1E10	1E-30	1.6010224090114E-10	1E10	1E-30	1E10	0.072	1E-30	5.34996178310032E-12	0.102156855107942	3.29931633692288E-11	4.29779548777488E-12	7.98999867667605	7.04714205478517E-12	8.40538551406112E-12	16.2154512416551	5.36652052621146E-11	6.87976869094329E-13	1.46784389512099	2.38252819713897E-11	1.28180546516097E-12	2.1414531297831	3.40009223297632E-12	3.80929252289135E-12	19.7840836975205	1.38578883206164E-12	7.31278281851599E-12	46.6974329000141	1E10	1E-30	1E-10	1E10	1E-30	1E-10	1E10	1E-30	1E-10	1E10	1E-30	1E-10	1E10	1E-30	1E-10	1E10	1E-30	1E-10	1E10	1E-30	1E-10	1E10	1E-30	1E-10
154	5.4E-12	1E10	1E10	1E-30	1.6010224090114E-10	1E10	1E-30	1E10	0.072	1E-30	5.34996178310032E-12	0.102156855107942	3.29931633692288E-11	4.29779548777488E-12	7.98999867667605	7.04714205478517E-12	8.40538551406112E-12	16.2154512416551	5.36652052621146E-11	6.87976869094329E-13	1.46784389512099	2.38252819713897E-11	1.28180546516097E-12	2.1414531297831	3.40009223297632E-12	3.80929252289135E-12	19.7840836975205	1.38578883206164E-12	7.31278281851599E-12	46.6974329000141	1E10	1E-30	1E-10	1E10	1E-30	1E-10	1E10	1E-30	1E-10	1E10	1E-30	1E-10	1E10	1E-30	1E-10	1E10	1E-30	1E-10	1E10	1E-30	1E-10	1E10	1E-30	1E-10
155	5.4E-12	1E10	1E10	1E-30	1.6010224090114E-10	1E10	1E-30	1E10	0.072	1E-30	5.34996178310032E-12	0.102156855107942	3.29931633692288E-11	4.29779548777488E-12	7.98999867667605	7.04714205478517E-12	8.40538551406112E-12	16.2154512416551	5.36652052621146E-11	6.87976869094329E-13	1.46784389512099	2.38252819713897E-11	1.28180546516097E-12	2.1414531297831	3.40009223297632E-12	3.80929252289135E-12	19.7840836975205	1.38578883206164E-12	7.31278281851599E-12	46.6974329000141	1E10	1E-30	1E-10	1E10	1E-30	1E-10	1E10	1E-30	1E-10	1E10	1E-30	1E-10	1E10	1E-30	1E-10	1E10	1E-30	1E-10	1E10	1E-30	1E-10	1E10	1E-30	1E-10
156	5.5E-12	1E10	1E10	1E-30	1.6010224090114E-10	1E10	1E-30	1E10	0.072	1E-30	5.34996178310032E-12	0.102156855107942	3.29931633692288E-11	4.29779548777488E-12	7.98999867667605	7.04714205478517E-12	8.40538551406112E-12	16.2154512416551	5.36652052621146E-11	6.87976869094329E-13	1.46784389512099	2.38252819713897E-11	1.28180546516097E-12	2.1414531297831	3.40009223297632E-12	3.80929252289135E-12	19.7840836975205	1.38578883206164E-12	7.31278281851599E-12	46.6974329000141	1E10	1E-30	1E-10	1E10	1E-30	1E-10	1E10	1E-30	1E-10	1E10	1E-30	1E-10	1E10	1E-30	1E-10	1E10	1E-30	1E-10	1E10	1E-30	1E-10	1E10	1E-30	1E-10
157	5.5E-12	1E10	1E10	1E-30	1.6010224090114E-10	1E10	1E-30	1E10	0.072	1E-30	5.34996178310032E-12	0.102156855107942	3.29931633692288E-11	4.29779548777488E-12	7.98999867667605	7.04714205478517E-12	8.40538551406112E-12	16.2154512416551	5.36652052621146E-11	6.87976869094329E-13	1.46784389512099	2.38252819713897E-11	1.28180546516097E-12	2.1414531297831	3.40009223297632E-12	3.80929252289135E-12	19.7840836975205	1.38578883206164E-12	7.31278281851599E-12	46.6974329000141	1E10	1E-30	1E-10	1E10	1E-30	1E-10	1E10	1E-30	1E-10	1E10	1E-30	1E-10	1E10	1E-30	1E-10	1E10	1E-30	1E-10	1E10	1E-30	1E-10	1E10	1E-30	1E-10
158	5.5E-12	1E10	1E10	1E-30	1.6010224090114E-10	1E10	1E-30	1E10	0.072	1E-30	5.34996178310032E-12	0.102156855107942	3.29931633692288E-11	4.29779548777488E-12	7.98999867667605	7.04714205478517E-12	8.40538551406112E-12	16.2154512416551	5.36652052621146E-11	6.87976869094329E-13	1.46784389512099	2.38252819713897E-11	1.28180546516097E-12	2.1414531297831	3.40009223297632E-12	3.80929252289135E-12	19.7840836975205	1.38578883206164E-12	7.31278281851599E-12	46.6974329000141	1E10	1E-30	1E-10	1E10	1E-30	1E-10	1E10	1E-30	1E-10	1E10	1E-30	1E-10	1E10	1E-30	1E-10	1E10	1E-30	1E-10	1E10	1E-30	1E-10	1E10	1E-30	1E-10
159	5.5E-12	1E10	1E10	1E-30	1.6010224090114E-10	1E10	1E-30	1E10	0.072	1E-30	5.34996178310032E-12	0.102156855107942	3.29931633692288E-11	4.29779548777488E-12	7.98999867667605	7.04714205478517E-12	8.40538551406112E-12	16.2154512416551	5.36652052621146E-11	6.87976869094329E-13	1.46784389512099	2.38252819713897E-11	1.28180546516097E-12	2.1414531297831	3.40009223297632E-12	3.80929252289135E-12	19.7840836975205	1.38578883206164E-12	7.31278281851599E-12	46.6974329000141	1E10	1E-30	1E-10	1E10	1E-30	1E-10	1E10	1E-30	1E-10	1E10	1E-30	1E-10	1E10	1E-30	1E-10	1E10	1E-30	1E-10	1E10	1E-30	1E-10	1E10	1E-30	1E-10
160	5.6E-12	1E10	1E10	1E-30	1.69245520098599E-10	1E10	1E-30	1E10	0.07	1E-30	4.84149937542771E-12	0.130499973175264	3.70966042527491E-11	3.95271775257745E-12	5.93435242224802	8.58197891570963E-12	7.09364884930983E-12	14.0195165064366	4.99467198386324E-11	7.24818773442556E-13	1.4928049681825	2.30957755680584E-11	1.35662507861683E-12	3.24971468095566	7.82402546816042E-12	1.63190078241E-12	10.0150240308639	1E10	1E-30	1E-10	1E10	1E-30	1E-10	1E10	1E-30	1E-10	1E10	1E-30	1E-10	1E10	1E-30	1E-10	1E10	1E-30	1E-10	1E10	1E-30	1E-10	1E10	1E-30	1E-10	1E10	1E-30	1E-10
161	5.6E-12	1E10	1E10	1E-30	1.69245520098599E-10	1E10	1E-30	1E10	0.07	1E-30	4.84149937542771E-12	0.130499973175264	3.70966042527491E-11	3.95271775257745E-12	5.93435242224802	8.58197891570963E-12	7.09364884930983E-12	14.0195165064366	4.99467198386324E-11	7.24818773442556E-13	1.4928049681825	2.30957755680584E-11	1.35662507861683E-12	3.24971468095566	7.82402546816042E-12	1.63190078241E-12	10.0150240308639	1E10	1E-30	1E-10	1E10	1E-30	1E-10	1E10	1E-30	1E-10	1E10	1E-30	1E-10	1E10	1E-30	1E-10	1E10	1E-30	1E-10	1E10	1E-30	1E-10	1E10	1E-30	1E-10	1E10	1E-30	1E-10
162	5.6E-12	1E10	1E10	1E-30	1.69245520098599E-10	1E10	1E-30	1E10	0.07	1E-30	4.84149937542771E-12	0.130499973175264	3.70966042527491E-11	3.95271775257745E-12	5.93435242224802	8.58197891570963E-12	7.09364884930983E-12	14.0195165064366	4.99467198386324E-11	7.24818773442556E-13	1.4928049681825	2.30957755680584E-11	1.35662507861683E-12	3.24971468095566	7.82402546816042E-12	1.63190078241E-12	10.0150240308639	1E10	1E-30	1E-10	1E10	1E-30	1E-10	1E10	1E-30	1E-10	1E10	1E-30	1E-10	1E10	1E-30	1E-10	1E10	1E-30	1E-10	1E10	1E-30	1E-10	1E10	1E-30	1E-10	1E10	1E-30	1E-10
163	5.6E-12	1E10	1E10	1E-30	1.69245520098599E-10	1E10	1E-30	1E10	0.07	1E-30	4.84149937542771E-12	0.130499973175264	3.70966042527491E-11	3.95271775257745E-12	5.93435242224802	8.58197891570963E-12	7.09364884930983E-12	14.0195165064366	4.99467198386324E-11	7.24818773442556E-13	1.4928049681825	2.30957755680584E-11	1.35662507861683E-12	3.24971468095566	7.82402546816042E-12	1.63190078241E-12	10.0150240308639	1E10	1E-30	1E-10	1E10	1E-30	1E-10	1E10	1E-30	1E-10	1E10	1E-30	1E-10	1E10	1E-30	1E-10	1E10	1E-30	1E-10	1E10	1E-30	1E-10	1E10	1E-30	1E-10	1E10	1E-30	1E-10
164	5.7E-12	1E10	1E10	1E-30	1.69245520098599E-10	1E10	1E-30	1E10	0.07	1E-30	4.84149937542771E-12	0.130499973175264	3.70966042527491E-11	3.95271775257745E-12	5.93435242224802	8.58197891570963E-12	7.09364884930983E-12	14.0195165064366	4.99467198386324E-11	7.24818773442556E-13	1.4928049681825	2.30957755680584E-11	1.35662507861683E-12	3.24971468095566	7.82402546816042E-12	1.63190078241E-12	10.0150240308639	1E10	1E-30	1E-10	1E10	1E-30	1E-10	1E10	1E-30	1E-10	1E10	1E-30	1E-10	1E10	1E-30	1E-10	1E10	1E-30	1E-10	1E10	1E-30	1E-10	1E10	1E-30	1E-10	1E10	1E-30	1E-10
165	5.7E-12	1E10	1E10	1E-30	1.69245520098599E-10	1E10	1E-30	1E10	0.07	1E-30	4.84149937542771E-12	0.130499973175264	3.70966042527491E-11	3.95271775257745E-12	5.93435242224802	8.58197891570963E-12	7.09364884930983E-12	14.0195165064366	4.99467198386324E-11	7.24818773442556E-13	1.4928049681825	2.30957755680584E-11	1.35662507861683E-12	3.24971468095566	7.82402546816042E-12	1.63190078241E-12	10.0150240308639	1E10	1E-30	1E-10	1E10	1E-30	1E-10	1E10	1E-30	1E-10	1E10	1E-30	1E-10	1E10	1E-30	1E-10	1E10	1E-30	1E-10	1E10	1E-30	1E-10	1E10	1E-30	1E-10	1E10	1E-30	1E-10
166	5.7E-12	1E10	1E10	1E-30	1.69245520098599E-10	1E10	1E-30	1E10	0.07	1E-30	4.84149937542771E-12	0.130499973175264	3.70966042527491E-11	3.95271775257745E-12	5.93435242224802	8.58197891570963E-12	7.09364884930983E-12	14.0195165064366	4.99467198386324E-11	7.24818773442556E-13	1.4928049681825	2.30957755680584E-11	1.35662507861683E-12	3.24971468095566	7.82402546816042E-12	1.63190078241E-12	10.0150240308639	1E10	1E-30	1E-10	1E10	1E-30	1E-10	1E10	1E-30	1E-10	1E10	1E-30	1E-10	1E10	1E-30	1E-10	1E10	1E-30	1E-10	1E10	1E-30	1E-10	1E10	1E-30	1E-10	1E10	1E-30	1E-10
167	5.7E-12	1E10	1E10	1E-30	1.69245520098599E-10	1E10	1E-30	1E10	0.07	1E-30	4.84149937542771E-12	0.130499973175264	3.70966042527491E-11	3.95271775257745E-12	5.93435242224802	8.58197891570963E-12	7.09364884930983E-12	14.0195165064366	4.99467198386324E-11	7.24818773442556E-13	1.4928049681825	2.30957755680584E-11	1.35662507861683E-12	3.24971468095566	7.82402546816042E-12	1.63190078241E-12	10.0150240308639	1E10	1E-30	1E-10	1E10	1E-30	1E-10	1E10	1E-30	1E-10	1E10	1E-30	1E-10	1E10	1E-30	1E-10	1E10	1E-30	1E-10	1E10	1E-30	1E-10	1E10	1E-30	1E-10	1E10	1E-30	1E-10
168	5.8E-12	1E10	1E10	1E-30	1.69245520098599E-10	1E10	1E-30	1E10	0.07	1E-30	4.84149937542771E-12	0.130499973175264	3.70966042527491E-11	3.95271775257745E-12	5.93435242224802	8.58197891570963E-12	7.09364884930983E-12	14.0195165064366	4.99467198386324E-11	7.24818773442556E-13	1.4928049681825	2.30957755680584E-11	1.35662507861683E-12	3.24971468095566	7.82402546816042E-12	1.63190078241E-12	10.0150240308639	1E10	1E-30	1E-10	1E10	1E-30	1E-10	1E10	1E-30	1E-10	1E10	1E-30	1E-10	1E10	1E-30	1E-10	1E10	1E-30	1E-10	1E10	1E-30	1E-10	1E10	1E-30	1E-10	1E10	1E-30	1E-10
169	5.8E-12	1E10	1E10	1E-30	1.69245520098599E-10	1E10	1E-30	1E10	0.07	1E-30	4.84149937542771E-12	0.130499973175264	3.70966042527491E-11	3.95271775257745E-12	5.93435242224802	8.58197891570963E-12	7.09364884930983E-12	14.0195165064366	4.99467198386324E-11	7.24818773442556E-13	1.4928049681825	2.30957755680584E-11	1.35662507861683E-12	3.24971468095566	7.82402546816042E-12	1.63190078241E-12	10.0150240308639	1E10	1E-30	1E-10	1E10	1E-30	1E-10	1E10	1E-30	1E-10	1E10	1E-30	1E-10	1E10	1E-30	1E-10	1E10	1E-30	1E-10	1E10	1E-30	1E-10	1E10	1E-30	1E-10	1E10	1E-30	1E-10
170	5.8E-12	1E10	1E10	1E-30	1.69245520098599E-10	1E10	1E-30	1E10	0.07	1E-30	4.84149937542771E-12	0.130499973175264	3.70966042527491E-11	3.95271775257745E-12	5.93435242224802	8.58197891570963E-12	7.09364884930983E-12	14.0195165064366	4.99467198386324E-11	7.24818773442556E-13	1.4928049681825	2.30957755680584E-11	1.35662507861683E-12	3.24971468095566	7.82402546816042E-12	1.63190078241E-12	10.0150240308639	1E10	1E-30	1E-10	1E10	1E-30	1E-10	1E10	1E-30	1E-10	1E10	1E-30	1E-10	1E10	1E-30	1E-10	1E10	1E-30	1E-10	1E10	1E-30	1E-10	1E10	1E-30	1E-10	1E10	1E-30	1E-10
171	5.8E-12	1E10	1E10	1E-30	1.69245520098599E-10	1E10	1E-30	1E10	0.07	1E-30	4.84149937542771E-12	0.130499973175264	3.70966042527491E-11	3.95271775257745E-12	5.93435242224802	8.58197891570963E-12	7.09364884930983E-12	14.0195165064366	4.99467198386324E-11	7.24818773442556E-13	1.4928049681825	2.30957755680584E-11	1.35662507861683E-12	3.24971468095566	7.82402546816042E-12	1.63190078241E-12	10.0150240308639	1E10	1E-30	1E-10	1E10	1E-30	1E-10	1E10	1E-30	1E-10	1E10	1E-30	1E-10	1E10	1E-30	1E-10	1E10	1E-30	1E-10	1E10	1E-30	1E-10	1E10	1E-30	1E-10	1E10	1E-30	1E-10
172	5.9E-12	1E10	1E10	1E-30	1.60370079464978E-10	1E10	1E-30	1E10	0.064	1E-30	4.95626476710794E-12	0.138945004078296	4.74064869529897E-11	3.61046773160636E-12	4.0208635346277	8.09483360252304E-12	8.69267097679097E-12	16.7296644027575	5.81119651477376E-11	6.8456634845943E-13	1.68357834093736	1.31058531945619E-11	2.41520499162874E-12	4.11027952413894	4.34229761791439E-12	3.30803334278241E-12	9.84682864591006	3.17085619165058E-12	3.19608362260413E-12	18.9948994993179	1E10	1E-30	1E-10	1E10	1E-30	1E-10	1E10	1E-30	1E-10	1E10	1E-30	1E-10	1E10	1E-30	1E-10	1E10	1E-30	1E-10	1E10	1E-30	1E-10	1E10	1E-30	1E-10
173	5.9E-12	1E10	1E10	1E-30	1.60370079464978E-10	1E10	1E-30	1E10	0.064	1E-30	4.95626476710794E-12	0.138945004078296	4.74064869529897E-11	3.61046773160636E-12	4.0208635346277	8.09483360252304E-12	8.69267097679097E-12	16.7296644027575	5.81119651477376E-11	6.8456634845943E-13	1.68357834093736	1.31058531945619E-11	2.41520499162874E-12	4.11027952413894	4.34229761791439E-12	3.30803334278241E-12	9.84682864591006	3.17085619165058E-12	3.19608362260413E-12	18.9948994993179	1E10	1E-30	1E-10	1E10	1E-30	1E-10	1E10	1E-30	1E-10	1E10	1E-30	1E-10	1E10	1E-30	1E-10	1E10	1E-30	1E-10	1E10	1E-30	1E-10	1E10	1E-30	1E-10
174	5.9E-12	1E10	1E10	1E-30	1.60370079464978E-10	1E10	1E-30	1E10	0.064	1E-30	4.95626476710794E-12	0.138945004078296	4.74064869529897E-11	3.61046773160636E-12	4.0208635346277	8.09483360252304E-12	8.69267097679097E-12	16.7296644027575	5.81119651477376E-11	6.8456634845943E-13	1.68357834093736	1.31058531945619E-11	2.41520499162874E-12	4.11027952413894	4.34229761791439E-12	3.30803334278241E-12	9.84682864591006	3.17085619165058E-12	3.19608362260413E-12	18.9948994993179	1E10	1E-30	1E-10	1E10	1E-30	1E-10	1E10	1E-30	1E-10	1E10	1E-30	1E-10	1E10	1E-30	1E-10	1E10	1E-30	1E-10	1E10	1E-30	1E-10	1E10	1E-30	1E-10
175	5.9E-12	1E10	1E10	1E-30	1.60370079464978E-10	1E10	1E-30	1E10	0.064	1E-30	4.95626476710794E-12	0.138945004078296	4.74064869529897E-11	3.61046773160636E-12	4.0208635346277	8.09483360252304E-12	8.69267097679097E-12	16.7296644027575	5.81119651477376E-11	6.8456634845943E-13	1.68357834093736	1.31058531945619E-11	2.41520499162874E-12	4.11027952413894	4.34229761791439E-12	3.30803334278241E-12	9.84682864591006	3.17085619165058E-12	3.19608362260413E-12	18.9948994993179	1E10	1E-30	1E-10	1E10	1E-30	1E-10	1E10	1E-30	1E-10	1E10	1E-30	1E-10	1E10	1E-30	1E-10	1E10	1E-30	1E-10	1E10	1E-30	1E-10	1E10	1E-30	1E-10
176	6E-12	1E10	1E10	1E-30	1.60370079464978E-10	1E10	1E-30	1E10	0.064	1E-30	4.95626476710794E-12	0.138945004078296	4.74064869529897E-11	3.61046773160636E-12	4.0208635346277	8.09483360252304E-12	8.69267097679097E-12	16.7296644027575	5.81119651477376E-11	6.8456634845943E-13	1.68357834093736	1.31058531945619E-11	2.41520499162874E-12	4.11027952413894	4.34229761791439E-12	3.30803334278241E-12	9.84682864591006	3.17085619165058E-12	3.19608362260413E-12	18.9948994993179	1E10	1E-30	1E-10	1E10	1E-30	1E-10	1E10	1E-30	1E-10	1E10	1E-30	1E-10	1E10	1E-30	1E-10	1E10	1E-30	1E-10	1E10	1E-30	1E-10	1E10	1E-30	1E-10
177	6E-12	1E10	1E10	1E-30	1.60370079464978E-10	1E10	1E-30	1E10	0.064	1E-30	4.95626476710794E-12	0.138945004078296	4.74064869529897E-11	3.61046773160636E-12	4.0208635346277	8.09483360252304E-12	8.69267097679097E-12	16.7296644027575	5.81119651477376E-11	6.8456634845943E-13	1.68357834093736	1.31058531945619E-11	2.41520499162874E-12	4.11027952413894	4.34229761791439E-12	3.30803334278241E-12	9.84682864591006	3.17085619165058E-12	3.19608362260413E-12	18.9948994993179	1E10	1E-30	1E-10	1E10	1E-30	1E-10	1E10	1E-30	1E-10	1E10	1E-30	1E-10	1E10	1E-30	1E-10	1E10	1E-30	1E-10	1E10	1E-30	1E-10	1E10	1E-30	1E-10
178	6E-12	1E10	1E10	1E-30	1.60370079464978E-10	1E10	1E-30	1E10	0.064	1E-30	4.95626476710794E-12	0.138945004078296	4.74064869529897E-11	3.61046773160636E-12	4.0208635346277	8.09483360252304E-12	8.69267097679097E-12	16.7296644027575	5.81119651477376E-11	6.8456634845943E-13	1.68357834093736	1.31058531945619E-11	2.41520499162874E-12	4.11027952413894	4.34229761791439E-12	3.30803334278241E-12	9.84682864591006	3.17085619165058E-12	3.19608362260413E-12	18.9948994993179	1E10	1E-30	1E-10	1E10	1E-30	1E-10	1E10	1E-30	1E-10	1E10	1E-30	1E-10	1E10	1E-30	1E-10	1E10	1E-30	1E-10	1E10	1E-30	1E-10	1E10	1E-30	1E-10
179	6E-12	1E10	1E10	1E-30	1.60370079464978E-10	1E10	1E-30	1E10	0.064	1E-30	4.95626476710794E-12	0.138945004078296	4.74064869529897E-11	3.61046773160636E-12	4.0208635346277	8.09483360252304E-12	8.69267097679097E-12	16.7296644027575	5.81119651477376E-11	6.8456634845943E-13	1.68357834093736	1.31058531945619E-11	2.41520499162874E-12	4.11027952413894	4.34229761791439E-12	3.30803334278241E-12	9.84682864591006	3.17085619165058E-12	3.19608362260413E-12	18.9948994993179	1E10	1E-30	1E-10	1E10	1E-30	1E-10	1E10	1E-30	1E-10	1E10	1E-30	1E-10	1E10	1E-30	1E-10	1E10	1E-30	1E-10	1E10	1E-30	1E-10	1E10	1E-30	1E-10
180	6.1E-12	1E10	1E10	1E-30	1.60370079464978E-10	1E10	1E-30	1E10	0.064	1E-30	4.95626476710794E-12	0.138945004078296	4.74064869529897E-11	3.61046773160636E-12	4.0208635346277	8.09483360252304E-12	8.69267097679097E-12	16.7296644027575	5.81119651477376E-11	6.8456634845943E-13	1.68357834093736	1.31058531945619E-11	2.41520499162874E-12	4.11027952413894	4.34229761791439E-12	3.30803334278241E-12	9.84682864591006	3.17085619165058E-12	3.19608362260413E-12	18.9948994993179	1E10	1E-30	1E-10	1E10	1E-30	1E-10	1E10	1E-30	1E-10	1E10	1E-30	1E-10	1E10	1E-30	1E-10	1E10	1E-30	1E-10	1E10	1E-30	1E-10	1E10	1E-30	1E-10
181	6.1E-12	1E10	1E10	1E-30	1.60370079464978E-10	1E10	1E-30	1E10	0.064	1E-30	4.95626476710794E-12	0.138945004078296	4.74064869529897E-11	3.61046773160636E-12	4.0208635346277	8.09483360252304E-12	8.69267097679097E-12	16.7296644027575	5.81119651477376E-11	6.8456634845943E-13	1.68357834093736	1.31058531945619E-11	2.41520499162874E-12	4.11027952413894	4.34229761791439E-12	3.30803334278241E-12	9.84682864591006	3.17085619165058E-12	3.19608362260413E-12	18.9948994993179	1E10	1E-30	1E-10	1E10	1E-30	1E-10	1E10	1E-30	1E-10	1E10	1E-30	1E-10	1E10	1E-30	1E-10	1E10	1E-30	1E-10	1E10	1E-30	1E-10	1E10	1E-30	1E-10
182	6.1E-12	1E10	1E10	1E-30	1.60370079464978E-10	1E10	1E-30	1E10	0.064	1E-30	4.95626476710794E-12	0.138945004078296	4.74064869529897E-11	3.61046773160636E-12	4.0208635346277	8.09483360252304E-12	8.69267097679097E-12	16.7296644027575	5.81119651477376E-11	6.8456634845943E-13	1.68357834093736	1.31058531945619E-11	2.41520499162874E-12	4.11027952413894	4.34229761791439E-12	3.30803334278241E-12	9.84682864591006	3.17085619165058E-12	3.19608362260413E-12	18.9948994993179	1E10	1E-30	1E-10	1E10	1E-30	1E-10	1E10	1E-30	1E-10	1E10	1E-30	1E-10	1E10	1E-30	1E-10	1E10	1E-30	1E-10	1E10	1E-30	1E-10	1E10	1E-30	1E-10
183	6.1E-12	1E10	1E10	1E-30	1.60370079464978E-10	1E10	1E-30	1E10	0.064	1E-30	4.95626476710794E-12	0.138945004078296	4.74064869529897E-11	3.61046773160636E-12	4.0208635346277	8.09483360252304E-12	8.69267097679097E-12	16.7296644027575	5.81119651477376E-11	6.8456634845943E-13	1.68357834093736	1.31058531945619E-11	2.41520499162874E-12	4.11027952413894	4.34229761791439E-12	3.30803334278241E-12	9.84682864591006	3.17085619165058E-12	3.19608362260413E-12	18.9948994993179	1E10	1E-30	1E-10	1E10	1E-30	1E-10	1E10	1E-30	1E-10	1E10	1E-30	1E-10	1E10	1E-30	1E-10	1E10	1E-30	1E-10	1E10	1E-30	1E-10	1E10	1E-30	1E-10
184	6.2E-12	1E10	1E10	1E-30	1.54971379124454E-10	1E10	1E-30	1E10	0.061	1E-30	5.73021966543263E-12	0.101483838025572	5.00934398388222E-11	3.52380678744106E-12	3.72111915303937	1.1488746881952E-11	6.36681257232853E-12	15.279640550517	1.5582662527441E-10	2.62365164341458E-13	0.959785026980447	3.08739096230302E-11	1.05056520821667E-12	2.54474782162777	6.64796653292185E-12	3.54083956372167E-12	6.08145973770216	3.12033312977522E-11	4.89768733150107E-13	2.51516085142801	2.51293774993449E-12	4.11675372193845E-12	29.5553244928648	1E10	1E-30	1E-10	1E10	1E-30	1E-10	1E10	1E-30	1E-10	1E10	1E-30	1E-10	1E10	1E-30	1E-10	1E10	1E-30	1E-10	1E10	1E-30	1E-10
185	6.2E-12	1E10	1E10	1E-30	1.54971379124454E-10	1E10	1E-30	1E10	0.061	1E-30	5.73021966543263E-12	0.101483838025572	5.00934398388222E-11	3.52380678744106E-12	3.72111915303937	1.1488746881952E-11	6.36681257232853E-12	15.279640550517	1.5582662527441E-10	2.62365164341458E-13	0.959785026980447	3.08739096230302E-11	1.05056520821667E-12	2.54474782162777	6.64796653292185E-12	3.54083956372167E-12	6.08145973770216	3.12033312977522E-11	4.89768733150107E-13	2.51516085142801	2.51293774993449E-12	4.11675372193845E-12	29.5553244928648	1E10	1E-30	1E-10	1E10	1E-30	1E-10	1E10	1E-30	1E-10	1E10	1E-30	1E-10	1E10	1E-30	1E-10	1E10	1E-30	1E-10	1E10	1E-30	1E-10
186	6.2E-12	1E10	1E10	1E-30	1.54971379124454E-10	1E10	1E-30	1E10	0.061	1E-30	5.73021966543263E-12	0.101483838025572	5.00934398388222E-11	3.52380678744106E-12	3.72111915303937	1.1488746881952E-11	6.36681257232853E-12	15.279640550517	1.5582662527441E-10	2.62365164341458E-13	0.959785026980447	3.08739096230302E-11	1.05056520821667E-12	2.54474782162777	6.64796653292185E-12	3.54083956372167E-12	6.08145973770216	3.12033312977522E-11	4.89768733150107E-13	2.51516085142801	2.51293774993449E-12	4.11675372193845E-12	29.5553244928648	1E10	1E-30	1E-10	1E10	1E-30	1E-10	1E10	1E-30	1E-10	1E10	1E-30	1E-10	1E10	1E-30	1E-10	1E10	1E-30	1E-10	1E10	1E-30	1E-10
187	6.2E-12	1E10	1E10	1E-30	1.54971379124454E-10	1E10	1E-30	1E10	0.061	1E-30	5.73021966543263E-12	0.101483838025572	5.00934398388222E-11	3.52380678744106E-12	3.72111915303937	1.1488746881952E-11	6.36681257232853E-12	15.279640550517	1.5582662527441E-10	2.62365164341458E-13	0.959785026980447	3.08739096230302E-11	1.05056520821667E-12	2.54474782162777	6.64796653292185E-12	3.54083956372167E-12	6.08145973770216	3.12033312977522E-11	4.89768733150107E-13	2.51516085142801	2.51293774993449E-12	4.11675372193845E-12	29.5553244928648	1E10	1E-30	1E-10	1E10	1E-30	1E-10	1E10	1E-30	1E-10	1E10	1E-30	1E-10	1E10	1E-30	1E-10	1E10	1E-30	1E-10	1E10	1E-30	1E-10
188	6.29999999999999E-12	1E10	1E10	1E-30	1.54971379124454E-10	1E10	1E-30	1E10	0.061	1E-30	5.73021966543263E-12	0.101483838025572	5.00934398388222E-11	3.52380678744106E-12	3.72111915303937	1.1488746881952E-11	6.36681257232853E-12	15.279640550517	1.5582662527441E-10	2.62365164341458E-13	0.959785026980447	3.08739096230302E-11	1.05056520821667E-12	2.54474782162777	6.64796653292185E-12	3.54083956372167E-12	6.08145973770216	3.12033312977522E-11	4.89768733150107E-13	2.51516085142801	2.51293774993449E-12	4.11675372193845E-12	29.5553244928648	1E10	1E-30	1E-10	1E10	1E-30	1E-10	1E10	1E-30	1E-10	1E10	1E-30	1E-10	1E10	1E-30	1E-10	1E10	1E-30	1E-10	1E10	1E-30	1E-10
189	6.29999999999999E-12	1E10	1E10	1E-30	1.54971379124454E-10	1E10	1E-30	1E10	0.061	1E-30	5.73021966543263E-12	0.101483838025572	5.00934398388222E-11	3.52380678744106E-12	3.72111915303937	1.1488746881952E-11	6.36681257232853E-12	15.279640550517	1.5582662527441E-10	2.62365164341458E-13	0.959785026980447	3.08739096230302E-11	1.05056520821667E-12	2.54474782162777	6.64796653292185E-12	3.54083956372167E-12	6.08145973770216	3.12033312977522E-11	4.89768733150107E-13	2.51516085142801	2.51293774993449E-12	4.11675372193845E-12	29.5553244928648	1E10	1E-30	1E-10	1E10	1E-30	1E-10	1E10	1E-30	1E-10	1E10	1E-30	1E-10	1E10	1E-30	1E-10	1E10	1E-30	1E-10	1E10	1E-30	1E-10
190	6.29999999999999E-12	1E10	1E10	1E-30	1.54971379124454E-10	1E10	1E-30	1E10	0.061	1E-30	5.73021966543263E-12	0.101483838025572	5.00934398388222E-11	3.52380678744106E-12	3.72111915303937	1.1488746881952E-11	6.36681257232853E-12	15.279640550517	1.5582662527441E-10	2.62365164341458E-13	0.959785026980447	3.08739096230302E-11	1.05056520821667E-12	2.54474782162777	6.64796653292185E-12	3.54083956372167E-12	6.08145973770216	3.12033312977522E-11	4.89768733150107E-13	2.51516085142801	2.51293774993449E-12	4.11675372193845E-12	29.5553244928648	1E10	1E-30	1E-10	1E10	1E-30	1E-10	1E10	1E-30	1E-10	1E10	1E-30	1E-10	1E10	1E-30	1E-10	1E10	1E-30	1E-10	1E10	1E-30	1E-10
191	6.29999999999999E-12	1E10	1E10	1E-30	1.54971379124454E-10	1E10	1E-30	1E10	0.061	1E-30	5.73021966543263E-12	0.101483838025572	5.00934398388222E-11	3.52380678744106E-12	3.72111915303937	1.1488746881952E-11	6.36681257232853E-12	15.279640550517	1.5582662527441E-10	2.62365164341458E-13	0.959785026980447	3.08739096230302E-11	1.05056520821667E-12	2.54474782162777	6.64796653292185E-12	3.54083956372167E-12	6.08145973770216	3.12033312977522E-11	4.89768733150107E-13	2.51516085142801	2.51293774993449E-12	4.11675372193845E-12	29.5553244928648	1E10	1E-30	1E-10	1E10	1E-30	1E-10	1E10	1E-30	1E-10	1E10	1E-30	1E-10	1E10	1E-30	1E-10	1E10	1E-30	1E-10	1E10	1E-30	1E-10
192	6.4E-12	1E10	1E10	1E-30	1.54971379124454E-10	1E10	1E-30	1E10	0.061	1E-30	5.73021966543263E-12	0.101483838025572	5.00934398388222E-11	3.52380678744106E-12	3.72111915303937	1.1488746881952E-11	6.36681257232853E-12	15.279640550517	1.5582662527441E-10	2.62365164341458E-13	0.959785026980447	3.08739096230302E-11	1.05056520821667E-12	2.54474782162777	6.64796653292185E-12	3.54083956372167E-12	6.08145973770216	3.12033312977522E-11	4.89768733150107E-13	2.51516085142801	2.51293774993449E-12	4.11675372193845E-12	29.5553244928648	1E10	1E-30	1E-10	1E10	1E-30	1E-10	1E10	1E-30	1E-10	1E10	1E-30	1E-10	1E10	1E-30	1E-10	1E10	1E-30	1E-10	1E10	1E-30	1E-10
193	6.4E-12	1E10	1E10	1E-30	1.54971379124454E-10	1E10	1E-30	1E10	0.061	1E-30	5.73021966543263E-12	0.101483838025572	5.00934398388222E-11	3.52380678744106E-12	3.72111915303937	1.1488746881952E-11	6.36681257232853E-12	15.279640550517	1.5582662527441E-10	2.62365164341458E-13	0.959785026980447	3.08739096230302E-11	1.05056520821667E-12	2.54474782162777	6.64796653292185E-12	3.54083956372167E-12	6.08145973770216	3.12033312977522E-11	4.89768733150107E-13	2.51516085142801	2.51293774993449E-12	4.11675372193845E-12	29.5553244928648	1E10	1E-30	1E-10	1E10	1E-30	1E-10	1E10	1E-30	1E-10	1E10	1E-30	1E-10	1E10	1E-30	1E-10	1E10	1E-30	1E-10	1E10	1E-30	1E-10
194	6.4E-12	1E10	1E10	1E-30	1.54971379124454E-10	1E10	1E-30	1E10	0.061	1E-30	5.73021966543263E-12	0.101483838025572	5.00934398388222E-11	3.52380678744106E-12	3.72111915303937	1.1488746881952E-11	6.36681257232853E-12	15.279640550517	1.5582662527441E-10	2.62365164341458E-13	0.959785026980447	3.08739096230302E-11	1.05056520821667E-12	2.54474782162777	6.64796653292185E-12	3.54083956372167E-12	6.08145973770216	3.12033312977522E-11	4.89768733150107E-13	2.51516085142801	2.51293774993449E-12	4.11675372193845E-12	29.5553244928648	1E10	1E-30	1E-10	1E10	1E-30	1E-10	1E10	1E-30	1E-10	1E10	1E-30	1E-10	1E10	1E-30	1E-10	1E10	1E-30	1E-10	1E10	1E-30	1E-10
195	6.4E-12	1E10	1E10	1E-30	1.54971379124454E-10	1E10	1E-30	1E10	0.061	1E-30	5.73021966543263E-12	0.101483838025572	5.00934398388222E-11	3.52380678744106E-12	3.72111915303937	1.1488746881952E-11	6.36681257232853E-12	15.279640550517	1.5582662527441E-10	2.62365164341458E-13	0.959785026980447	3.08739096230302E-11	1.05056520821667E-12	2.54474782162777	6.64796653292185E-12	3.54083956372167E-12	6.08145973770216	3.12033312977522E-11	4.89768733150107E-13	2.51516085142801	2.51293774993449E-12	4.11675372193845E-12	29.5553244928648	1E10	1E-30	1E-10	1E10	1E-30	1E-10	1E10	1E-30	1E-10	1E10	1E-30	1E-10	1E10	1E-30	1E-10	1E10	1E-30	1E-10	1E10	1E-30	1E-10
196	6.5E-12	1E10	1E10	1E-30	1.61119219544532E-10	1E10	1E-30	1E10	0.058	1E-30	6.97080294675678E-12	9.11842910497408E-02	5.89889080942461E-11	3.14597987548138E-12	3.28388996803917	9.48636347621963E-12	8.04333821320664E-12	15.2749332207866	5.28234634648543E-11	8.11848045293259E-13	1.58329955502803	1.75685648061758E-11	1.87819476497401E-12	4.07913285277591	1.00131147479275E-11	1.57559057900566E-12	6.22717396464403	1E10	1E-30	1E-10	1E10	1E-30	1E-10	1E10	1E-30	1E-10	1E10	1E-30	1E-10	1E10	1E-30	1E-10	1E10	1E-30	1E-10	1E10	1E-30	1E-10	1E10	1E-30	1E-10	1E10	1E-30	1E-10
197	6.5E-12	1E10	1E10	1E-30	1.61119219544532E-10	1E10	1E-30	1E10	0.058	1E-30	6.97080294675678E-12	9.11842910497408E-02	5.89889080942461E-11	3.14597987548138E-12	3.28388996803917	9.48636347621963E-12	8.04333821320664E-12	15.2749332207866	5.28234634648543E-11	8.11848045293259E-13	1.58329955502803	1.75685648061758E-11	1.87819476497401E-12	4.07913285277591	1.00131147479275E-11	1.57559057900566E-12	6.22717396464403	1E10	1E-30	1E-10	1E10	1E-30	1E-10	1E10	1E-30	1E-10	1E10	1E-30	1E-10	1E10	1E-30	1E-10	1E10	1E-30	1E-10	1E10	1E-30	1E-10	1E10	1E-30	1E-10	1E10	1E-30	1E-10
198	6.5E-12	1E10	1E10	1E-30	1.61119219544532E-10	1E10	1E-30	1E10	0.058	1E-30	6.97080294675678E-12	9.11842910497408E-02	5.89889080942461E-11	3.14597987548138E-12	3.28388996803917	9.48636347621963E-12	8.04333821320664E-12	15.2749332207866	5.28234634648543E-11	8.11848045293259E-13	1.58329955502803	1.75685648061758E-11	1.87819476497401E-12	4.07913285277591	1.00131147479275E-11	1.57559057900566E-12	6.22717396464403	1E10	1E-30	1E-10	1E10	1E-30	1E-10	1E10	1E-30	1E-10	1E10	1E-30	1E-10	1E10	1E-30	1E-10	1E10	1E-30	1E-10	1E10	1E-30	1E-10	1E10	1E-30	1E-10	1E10	1E-30	1E-10
199	6.5E-12	1E10	1E10	1E-30	1.61119219544532E-10	1E10	1E-30	1E10	0.058	1E-30	6.97080294675678E-12	9.11842910497408E-02	5.89889080942461E-11	3.14597987548138E-12	3.28388996803917	9.48636347621963E-12	8.04333821320664E-12	15.2749332207866	5.28234634648543E-11	8.11848045293259E-13	1.58329955502803	1.75685648061758E-11	1.87819476497401E-12	4.07913285277591	1.00131147479275E-11	1.57559057900566E-12	6.22717396464403	1E10	1E-30	1E-10	1E10	1E-30	1E-10	1E10	1E-30	1E-10	1E10	1E-30	1E-10	1E10	1E-30	1E-10	1E10	1E-30	1E-10	1E10	1E-30	1E-10	1E10	1E-30	1E-10	1E10	1E-30	1E-10
200	6.59999999999999E-12	1E10	1E10	1E-30	1.61119219544532E-10	1E10	1E-30	1E10	0.058	1E-30	6.97080294675678E-12	9.11842910497408E-02	5.89889080942461E-11	3.14597987548138E-12	3.28388996803917	9.48636347621963E-12	8.04333821320664E-12	15.2749332207866	5.28234634648543E-11	8.11848045293259E-13	1.58329955502803	1.75685648061758E-11	1.87819476497401E-12	4.07913285277591	1.00131147479275E-11	1.57559057900566E-12	6.22717396464403	1E10	1E-30	1E-10	1E10	1E-30	1E-10	1E10	1E-30	1E-10	1E10	1E-30	1E-10	1E10	1E-30	1E-10	1E10	1E-30	1E-10	1E10	1E-30	1E-10	1E10	1E-30	1E-10	1E10	1E-30	1E-10
201	6.59999999999999E-12	1E10	1E10	1E-30	1.61119219544532E-10	1E10	1E-30	1E10	0.058	1E-30	6.97080294675678E-12	9.11842910497408E-02	5.89889080942461E-11	3.14597987548138E-12	3.28388996803917	9.48636347621963E-12	8.04333821320664E-12	15.2749332207866	5.28234634648543E-11	8.11848045293259E-13	1.58329955502803	1.75685648061758E-11	1.87819476497401E-12	4.07913285277591	1.00131147479275E-11	1.57559057900566E-12	6.22717396464403	1E10	1E-30	1E-10	1E10	1E-30	1E-10	1E10	1E-30	1E-10	1E10	1E-30	1E-10	1E10	1E-30	1E-10	1E10	1E-30	1E-10	1E10	1E-30	1E-10	1E10	1E-30	1E-10	1E10	1E-30	1E-10
202	6.59999999999999E-12	1E10	1E10	1E-30	1.61119219544532E-10	1E10	1E-30	1E10	0.058	1E-30	6.97080294675678E-12	9.11842910497408E-02	5.89889080942461E-11	3.14597987548138E-12	3.28388996803917	9.48636347621963E-12	8.04333821320664E-12	15.2749332207866	5.28234634648543E-11	8.11848045293259E-13	1.58329955502803	1.75685648061758E-11	1.87819476497401E-12	4.07913285277591	1.00131147479275E-11	1.57559057900566E-12	6.22717396464403	1E10	1E-30	1E-10	1E10	1E-30	1E-10	1E10	1E-30	1E-10	1E10	1E-30	1E-10	1E10	1E-30	1E-10	1E10	1E-30	1E-10	1E10	1E-30	1E-10	1E10	1E-30	1E-10	1E10	1E-30	1E-10
203	6.59999999999999E-12	1E10	1E10	1E-30	1.61119219544532E-10	1E10	1E-30	1E10	0.058	1E-30	6.97080294675678E-12	9.11842910497408E-02	5.89889080942461E-11	3.14597987548138E-12	3.28388996803917	9.48636347621963E-12	8.04333821320664E-12	15.2749332207866	5.28234634648543E-11	8.11848045293259E-13	1.58329955502803	1.75685648061758E-11	1.87819476497401E-12	4.07913285277591	1.00131147479275E-11	1.57559057900566E-12	6.22717396464403	1E10	1E-30	1E-10	1E10	1E-30	1E-10	1E10	1E-30	1E-10	1E10	1E-30	1E-10	1E10	1E-30	1E-10	1E10	1E-30	1E-10	1E10	1E-30	1E-10	1E10	1E-30	1E-10	1E10	1E-30	1E-10
204	6.7E-12	1E10	1E10	1E-30	1.61119219544532E-10	1E10	1E-30	1E10	0.058	1E-30	6.97080294675678E-12	9.11842910497408E-02	5.89889080942461E-11	3.14597987548138E-12	3.28388996803917	9.48636347621963E-12	8.04333821320664E-12	15.2749332207866	5.28234634648543E-11	8.11848045293259E-13	1.58329955502803	1.75685648061758E-11	1.87819476497401E-12	4.07913285277591	1.00131147479275E-11	1.57559057900566E-12	6.22717396464403	1E10	1E-30	1E-10	1E10	1E-30	1E-10	1E10	1E-30	1E-10	1E10	1E-30	1E-10	1E10	1E-30	1E-10	1E10	1E-30	1E-10	1E10	1E-30	1E-10	1E10	1E-30	1E-10	1E10	1E-30	1E-10
205	6.7E-12	1E10	1E10	1E-30	1.61119219544532E-10	1E10	1E-30	1E10	0.058	1E-30	6.97080294675678E-12	9.11842910497408E-02	5.89889080942461E-11	3.14597987548138E-12	3.28388996803917	9.48636347621963E-12	8.04333821320664E-12	15.2749332207866	5.28234634648543E-11	8.11848045293259E-13	1.58329955502803	1.75685648061758E-11	1.87819476497401E-12	4.07913285277591	1.00131147479275E-11	1.57559057900566E-12	6.22717396464403	1E10	1E-30	1E-10	1E10	1E-30	1E-10	1E10	1E-30	1E-10	1E10	1E-30	1E-10	1E10	1E-30	1E-10	1E10	1E-30	1E-10	1E10	1E-30	1E-10	1E10	1E-30	1E-10	1E10	1E-30	1E-10
206	6.7E-12	1E10	1E10	1E-30	1.61119219544532E-10	1E10	1E-30	1E10	0.058	1E-30	6.97080294675678E-12	9.11842910497408E-02	5.89889080942461E-11	3.14597987548138E-12	3.28388996803917	9.48636347621963E-12	8.04333821320664E-12	15.2749332207866	5.28234634648543E-11	8.11848045293259E-13	1.58329955502803	1.75685648061758E-11	1.87819476497401E-12	4.07913285277591	1.00131147479275E-11	1.57559057900566E-12	6.22717396464403	1E10	1E-30	1E-10	1E10	1E-30	1E-10	1E10	1E-30	1E-10	1E10	1E-30	1E-10	1E10	1E-30	1E-10	1E10	1E-30	1E-10	1E10	1E-30	1E-10	1E10	1E-30	1E-10	1E10	1E-30	1E-10
207	6.7E-12	1E10	1E10	1E-30	1.61119219544532E-10	1E10	1E-30	1E10	0.058	1E-30	6.97080294675678E-12	9.11842910497408E-02	5.89889080942461E-11	3.14597987548138E-12	3.28388996803917	9.48636347621963E-12	8.04333821320664E-12	15.2749332207866	5.28234634648543E-11	8.11848045293259E-13	1.58329955502803	1.75685648061758E-11	1.87819476497401E-12	4.07913285277591	1.00131147479275E-11	1.57559057900566E-12	6.22717396464403	1E10	1E-30	1E-10	1E10	1E-30	1E-10	1E10	1E-30	1E-10	1E10	1E-30	1E-10	1E10	1E-30	1E-10	1E10	1E-30	1E-10	1E10	1E-30	1E-10	1E10	1E-30	1E-10	1E10	1E-30	1E-10
208	6.8E-12	1E10	1E10	1E-30	1.57498716795248E-10	1E10	1E-30	1E10	0.056	1E-30	6.40522857273624E-12	9.18661201402432E-02	5.58088832036725E-11	3.40593741843405E-12	2.58237868002576	1.11224161812087E-11	7.07556334833708E-12	12.8867695429826	5.92367797848799E-11	7.50234167346297E-13	1.60572501728028	1.50904048541796E-11	2.27509423302153E-12	3.78743981360316	9.78984863827387E-12	1.60600461024873E-12	6.42615457789545	7.83583568739471E-12	1.55656763597299E-12	7.53106225941407	3.62899314852629E-12	2.79875466103557E-12	16.9540112117128	1E10	1E-30	1E-10	1E10	1E-30	1E-10	1E10	1E-30	1E-10	1E10	1E-30	1E-10	1E10	1E-30	1E-10	1E10	1E-30	1E-10	1E10	1E-30	1E-10
209	6.8E-12	1E10	1E10	1E-30	1.57498716795248E-10	1E10	1E-30	1E10	0.056	1E-30	6.40522857273624E-12	9.18661201402432E-02	5.58088832036725E-11	3.40593741843405E-12	2.58237868002576	1.11224161812087E-11	7.07556334833708E-12	12.8867695429826	5.92367797848799E-11	7.50234167346297E-13	1.60572501728028	1.50904048541796E-11	2.27509423302153E-12	3.78743981360316	9.78984863827387E-12	1.60600461024873E-12	6.42615457789545	7.83583568739471E-12	1.55656763597299E-12	7.53106225941407	3.62899314852629E-12	2.79875466103557E-12	16.9540112117128	1E10	1E-30	1E-10	1E10	1E-30	1E-10	1E10	1E-30	1E-10	1E10	1E-30	1E-10	1E10	1E-30	1E-10	1E10	1E-30	1E-10	1E10	1E-30	1E-10
210	6.8E-12	1E10	1E10	1E-30	1.57498716795248E-10	1E10	1E-30	1E10	0.056	1E-30	6.40522857273624E-12	9.18661201402432E-02	5.58088832036725E-11	3.40593741843405E-12	2.58237868002576	1.11224161812087E-11	7.07556334833708E-12	12.8867695429826	5.92367797848799E-11	7.50234167346297E-13	1.60572501728028	1.50904048541796E-11	2.27509423302153E-12	3.78743981360316	9.78984863827387E-12	1.60600461024873E-12	6.42615457789545	7.83583568739471E-12	1.55656763597299E-12	7.53106225941407	3.62899314852629E-12	2.79875466103557E-12	16.9540112117128	1E10	1E-30	1E-10	1E10	1E-30	1E-10	1E10	1E-30	1E-10	1E10	1E-30	1E-10	1E10	1E-30	1E-10	1E10	1E-30	1E-10	1E10	1E-30	1E-10
211	6.8E-12	1E10	1E10	1E-30	1.57498716795248E-10	1E10	1E-30	1E10	0.056	1E-30	6.40522857273624E-12	9.18661201402432E-02	5.58088832036725E-11	3.40593741843405E-12	2.58237868002576	1.11224161812087E-11	7.07556334833708E-12	12.8867695429826	5.92367797848799E-11	7.50234167346297E-13	1.60572501728028	1.50904048541796E-11	2.27509423302153E-12	3.78743981360316	9.78984863827387E-12	1.60600461024873E-12	6.42615457789545	7.83583568739471E-12	1.55656763597299E-12	7.53106225941407	3.62899314852629E-12	2.79875466103557E-12	16.9540112117128	1E10	1E-30	1E-10	1E10	1E-30	1E-10	1E10	1E-30	1E-10	1E10	1E-30	1E-10	1E10	1E-30	1E-10	1E10	1E-30	1E-10	1E10	1E-30	1E-10
212	6.9E-12	1E10	1E10	1E-30	1.57498716795248E-10	1E10	1E-30	1E10	0.056	1E-30	6.40522857273624E-12	9.18661201402432E-02	5.58088832036725E-11	3.40593741843405E-12	2.58237868002576	1.11224161812087E-11	7.07556334833708E-12	12.8867695429826	5.92367797848799E-11	7.50234167346297E-13	1.60572501728028	1.50904048541796E-11	2.27509423302153E-12	3.78743981360316	9.78984863827387E-12	1.60600461024873E-12	6.42615457789545	7.83583568739471E-12	1.55656763597299E-12	7.53106225941407	3.62899314852629E-12	2.79875466103557E-12	16.9540112117128	1E10	1E-30	1E-10	1E10	1E-30	1E-10	1E10	1E-30	1E-10	1E10	1E-30	1E-10	1E10	1E-30	1E-10	1E10	1E-30	1E-10	1E10	1E-30	1E-10
213	6.9E-12	1E10	1E10	1E-30	1.57498716795248E-10	1E10	1E-30	1E10	0.056	1E-30	6.40522857273624E-12	9.18661201402432E-02	5.58088832036725E-11	3.40593741843405E-12	2.58237868002576	1.11224161812087E-11	7.07556334833708E-12	12.8867695429826	5.92367797848799E-11	7.50234167346297E-13	1.60572501728028	1.50904048541796E-11	2.27509423302153E-12	3.78743981360316	9.78984863827387E-12	1.60600461024873E-12	6.42615457789545	7.83583568739471E-12	1.55656763597299E-12	7.53106225941407	3.62899314852629E-12	2.79875466103557E-12	16.9540112117128	1E10	1E-30	1E-10	1E10	1E-30	1E-10	1E10	1E-30	1E-10	1E10	1E-30	1E-10	1E10	1E-30	1E-10	1E10	1E-30	1E-10	1E10	1E-30	1E-10
214	6.9E-12	1E10	1E10	1E-30	1.57498716795248E-10	1E10	1E-30	1E10	0.056	1E-30	6.40522857273624E-12	9.18661201402432E-02	5.58088832036725E-11	3.40593741843405E-12	2.58237868002576	1.11224161812087E-11	7.07556334833708E-12	12.8867695429826	5.92367797848799E-11	7.50234167346297E-13	1.60572501728028	1.50904048541796E-11	2.27509423302153E-12	3.78743981360316	9.78984863827387E-12	1.60600461024873E-12	6.42615457789545	7.83583568739471E-12	1.55656763597299E-12	7.53106225941407	3.62899314852629E-12	2.79875466103557E-12	16.9540112117128	1E10	1E-30	1E-10	1E10	1E-30	1E-10	1E10	1E-30	1E-10	1E10	1E-30	1E-10	1E10	1E-30	1E-10	1E10	1E-30	1E-10	1E10	1E-30	1E-10
215	6.9E-12	1E10	1E10	1E-30	1.57498716795248E-10	1E10	1E-30	1E10	0.056	1E-30	6.40522857273624E-12	9.18661201402432E-02	5.58088832036725E-11	3.40593741843405E-12	2.58237868002576	1.11224161812087E-11	7.07556334833708E-12	12.8867695429826	5.92367797848799E-11	7.50234167346297E-13	1.60572501728028	1.50904048541796E-11	2.27509423302153E-12	3.78743981360316	9.78984863827387E-12	1.60600461024873E-12	6.42615457789545	7.83583568739471E-12	1.55656763597299E-12	7.53106225941407	3.62899314852629E-12	2.79875466103557E-12	16.9540112117128	1E10	1E-30	1E-10	1E10	1E-30	1E-10	1E10	1E-30	1E-10	1E10	1E-30	1E-10	1E10	1E-30	1E-10	1E10	1E-30	1E-10	1E10	1E-30	1E-10
216	7E-12	1E10	1E10	1E-30	1.57498716795248E-10	1E10	1E-30	1E10	0.056	1E-30	6.40522857273624E-12	9.18661201402432E-02	5.58088832036725E-11	3.40593741843405E-12	2.58237868002576	1.11224161812087E-11	7.07556334833708E-12	12.8867695429826	5.92367797848799E-11	7.50234167346297E-13	1.60572501728028	1.50904048541796E-11	2.27509423302153E-12	3.78743981360316	9.78984863827387E-12	1.60600461024873E-12	6.42615457789545	7.83583568739471E-12	1.55656763597299E-12	7.53106225941407	3.62899314852629E-12	2.79875466103557E-12	16.9540112117128	1E10	1E-30	1E-10	1E10	1E-30	1E-10	1E10	1E-30	1E-10	1E10	1E-30	1E-10	1E10	1E-30	1E-10	1E10	1E-30	1E-10	1E10	1E-30	1E-10
217	7E-12	1E10	1E10	1E-30	1.57498716795248E-10	1E10	1E-30	1E10	0.056	1E-30	6.40522857273624E-12	9.18661201402432E-02	5.58088832036725E-11	3.40593741843405E-12	2.58237868002576	1.11224161812087E-11	7.07556334833708E-12	12.8867695429826	5.92367797848799E-11	7.50234167346297E-13	1.60572501728028	1.50904048541796E-11	2.27509423302153E-12	3.78743981360316	9.78984863827387E-12	1.60600461024873E-12	6.42615457789545	7.83583568739471E-12	1.55656763597299E-12	7.53106225941407	3.62899314852629E-12	2.79875466103557E-12	16.9540112117128	1E10	1E-30	1E-10	1E10	1E-30	1E-10	1E10	1E-30	1E-10	1E10	1E-30	1E-10	1E10	1E-30	1E-10	1E10	1E-30	1E-10	1E10	1E-30	1E-10
218	7E-12	1E10	1E10	1E-30	1.57498716795248E-10	1E10	1E-30	1E10	0.056	1E-30	6.40522857273624E-12	9.18661201402432E-02	5.58088832036725E-11	3.40593741843405E-12	2.58237868002576	1.11224161812087E-11	7.07556334833708E-12	12.8867695429826	5.92367797848799E-11	7.50234167346297E-13	1.60572501728028	1.50904048541796E-11	2.27509423302153E-12	3.78743981360316	9.78984863827387E-12	1.60600461024873E-12	6.42615457789545	7.83583568739471E-12	1.55656763597299E-12	7.53106225941407	3.62899314852629E-12	2.79875466103557E-12	16.9540112117128	1E10	1E-30	1E-10	1E10	1E-30	1E-10	1E10	1E-30	1E-10	1E10	1E-30	1E-10	1E10	1E-30	1E-10	1E10	1E-30	1E-10	1E10	1E-30	1E-10
219	7E-12	1E10	1E10	1E-30	1.57498716795248E-10	1E10	1E-30	1E10	0.056	1E-30	6.40522857273624E-12	9.18661201402432E-02	5.58088832036725E-11	3.40593741843405E-12	2.58237868002576	1.11224161812087E-11	7.07556334833708E-12	12.8867695429826	5.92367797848799E-11	7.50234167346297E-13	1.60572501728028	1.50904048541796E-11	2.27509423302153E-12	3.78743981360316	9.78984863827387E-12	1.60600461024873E-12	6.42615457789545	7.83583568739471E-12	1.55656763597299E-12	7.53106225941407	3.62899314852629E-12	2.79875466103557E-12	16.9540112117128	1E10	1E-30	1E-10	1E10	1E-30	1E-10	1E10	1E-30	1E-10	1E10	1E-30	1E-10	1E10	1E-30	1E-10	1E10	1E-30	1E-10	1E10	1E-30	1E-10
220	7.1E-12	1E10	1E10	1E-30	1.41813937303245E-10	1E10	1E-30	1E10	0.053	1E-30	6.08048577886285E-12	9.30131886118251E-02	5.60281673426095E-11	3.64542964573185E-12	3.01365993869038	1.11075707550245E-11	7.58465385707286E-12	13.8445261049024	6.47933599564092E-11	7.08597598442623E-13	1.41984119834042	1.91955185425777E-11	1.8919791997882E-12	3.86195688686814	4.66271278407259E-12	4.33897187999123E-12	8.68940068165323	2.12290578293396E-11	7.54700584449225E-13	3.87657437272584	6.50318306768253E-13	1.42093529268273E-11	171.803898313117	1E10	1E-30	1E-10	1E10	1E-30	1E-10	1E10	1E-30	1E-10	1E10	1E-30	1E-10	1E10	1E-30	1E-10	1E10	1E-30	1E-10	1E10	1E-30	1E-10
221	7.1E-12	1E10	1E10	1E-30	1.41813937303245E-10	1E10	1E-30	1E10	0.053	1E-30	6.08048577886285E-12	9.30131886118251E-02	5.60281673426095E-11	3.64542964573185E-12	3.01365993869038	1.11075707550245E-11	7.58465385707286E-12	13.8445261049024	6.47933599564092E-11	7.08597598442623E-13	1.41984119834042	1.91955185425777E-11	1.8919791997882E-12	3.86195688686814	4.66271278407259E-12	4.33897187999123E-12	8.68940068165323	2.12290578293396E-11	7.54700584449225E-13	3.87657437272584	6.50318306768253E-13	1.42093529268273E-11	171.803898313117	1E10	1E-30	1E-10	1E10	1E-30	1E-10	1E10	1E-30	1E-10	1E10	1E-30	1E-10	1E10	1E-30	1E-10	1E10	1E-30	1E-10	1E10	1E-30	1E-10
222	7.1E-12	1E10	1E10	1E-30	1.41813937303245E-10	1E10	1E-30	1E10	0.053	1E-30	6.08048577886285E-12	9.30131886118251E-02	5.60281673426095E-11	3.64542964573185E-12	3.01365993869038	1.11075707550245E-11	7.58465385707286E-12	13.8445261049024	6.47933599564092E-11	7.08597598442623E-13	1.41984119834042	1.91955185425777E-11	1.8919791997882E-12	3.86195688686814	4.66271278407259E-12	4.33897187999123E-12	8.68940068165323	2.12290578293396E-11	7.54700584449225E-13	3.87657437272584	6.50318306768253E-13	1.42093529268273E-11	171.803898313117	1E10	1E-30	1E-10	1E10	1E-30	1E-10	1E10	1E-30	1E-10	1E10	1E-30	1E-10	1E10	1E-30	1E-10	1E10	1E-30	1E-10	1E10	1E-30	1E-10
223	7.1E-12	1E10	1E10	1E-30	1.41813937303245E-10	1E10	1E-30	1E10	0.053	1E-30	6.08048577886285E-12	9.30131886118251E-02	5.60281673426095E-11	3.64542964573185E-12	3.01365993869038	1.11075707550245E-11	7.58465385707286E-12	13.8445261049024	6.47933599564092E-11	7.08597598442623E-13	1.41984119834042	1.91955185425777E-11	1.8919791997882E-12	3.86195688686814	4.66271278407259E-12	4.33897187999123E-12	8.68940068165323	2.12290578293396E-11	7.54700584449225E-13	3.87657437272584	6.50318306768253E-13	1.42093529268273E-11	171.803898313117	1E10	1E-30	1E-10	1E10	1E-30	1E-10	1E10	1E-30	1E-10	1E10	1E-30	1E-10	1E10	1E-30	1E-10	1E10	1E-30	1E-10	1E10	1E-30	1E-10
224	7.2E-12	1E10	1E10	1E-30	1.41813937303245E-10	1E10	1E-30	1E10	0.053	1E-30	6.08048577886285E-12	9.30131886118251E-02	5.60281673426095E-11	3.64542964573185E-12	3.01365993869038	1.11075707550245E-11	7.58465385707286E-12	13.8445261049024	6.47933599564092E-11	7.08597598442623E-13	1.41984119834042	1.91955185425777E-11	1.8919791997882E-12	3.86195688686814	4.66271278407259E-12	4.33897187999123E-12	8.68940068165323	2.12290578293396E-11	7.54700584449225E-13	3.87657437272584	6.50318306768253E-13	1.42093529268273E-11	171.803898313117	1E10	1E-30	1E-10	1E10	1E-30	1E-10	1E10	1E-30	1E-10	1E10	1E-30	1E-10	1E10	1E-30	1E-10	1E10	1E-30	1E-10	1E10	1E-30	1E-10
225	7.2E-12	1E10	1E10	1E-30	1.41813937303245E-10	1E10	1E-30	1E10	0.053	1E-30	6.08048577886285E-12	9.30131886118251E-02	5.60281673426095E-11	3.64542964573185E-12	3.01365993869038	1.11075707550245E-11	7.58465385707286E-12	13.8445261049024	6.47933599564092E-11	7.08597598442623E-13	1.41984119834042	1.91955185425777E-11	1.8919791997882E-12	3.86195688686814	4.66271278407259E-12	4.33897187999123E-12	8.68940068165323	2.12290578293396E-11	7.54700584449225E-13	3.87657437272584	6.50318306768253E-13	1.42093529268273E-11	171.803898313117	1E10	1E-30	1E-10	1E10	1E-30	1E-10	1E10	1E-30	1E-10	1E10	1E-30	1E-10	1E10	1E-30	1E-10	1E10	1E-30	1E-10	1E10	1E-30	1E-10
226	7.2E-12	1E10	1E10	1E-30	1.41813937303245E-10	1E10	1E-30	1E10	0.053	1E-30	6.08048577886285E-12	9.30131886118251E-02	5.60281673426095E-11	3.64542964573185E-12	3.01365993869038	1.11075707550245E-11	7.58465385707286E-12	13.8445261049024	6.47933599564092E-11	7.08597598442623E-13	1.41984119834042	1.91955185425777E-11	1.8919791997882E-12	3.86195688686814	4.66271278407259E-12	4.33897187999123E-12	8.68940068165323	2.12290578293396E-11	7.54700584449225E-13	3.87657437272584	6.50318306768253E-13	1.42093529268273E-11	171.803898313117	1E10	1E-30	1E-10	1E10	1E-30	1E-10	1E10	1E-30	1E-10	1E10	1E-30	1E-10	1E10	1E-30	1E-10	1E10	1E-30	1E-10	1E10	1E-30	1E-10
227	7.2E-12	1E10	1E10	1E-30	1.41813937303245E-10	1E10	1E-30	1E10	0.053	1E-30	6.08048577886285E-12	9.30131886118251E-02	5.60281673426095E-11	3.64542964573185E-12	3.01365993869038	1.11075707550245E-11	7.58465385707286E-12	13.8445261049024	6.47933599564092E-11	7.08597598442623E-13	1.41984119834042	1.91955185425777E-11	1.8919791997882E-12	3.86195688686814	4.66271278407259E-12	4.33897187999123E-12	8.68940068165323	2.12290578293396E-11	7.54700584449225E-13	3.87657437272584	6.50318306768253E-13	1.42093529268273E-11	171.803898313117	1E10	1E-30	1E-10	1E10	1E-30	1E-10	1E10	1E-30	1E-10	1E10	1E-30	1E-10	1E10	1E-30	1E-10	1E10	1E-30	1E-10	1E10	1E-30	1E-10
228	7.3E-12	1E10	1E10	1E-30	1.41813937303245E-10	1E10	1E-30	1E10	0.053	1E-30	6.08048577886285E-12	9.30131886118251E-02	5.60281673426095E-11	3.64542964573185E-12	3.01365993869038	1.11075707550245E-11	7.58465385707286E-12	13.8445261049024	6.47933599564092E-11	7.08597598442623E-13	1.41984119834042	1.91955185425777E-11	1.8919791997882E-12	3.86195688686814	4.66271278407259E-12	4.33897187999123E-12	8.68940068165323	2.12290578293396E-11	7.54700584449225E-13	3.87657437272584	6.50318306768253E-13	1.42093529268273E-11	171.803898313117	1E10	1E-30	1E-10	1E10	1E-30	1E-10	1E10	1E-30	1E-10	1E10	1E-30	1E-10	1E10	1E-30	1E-10	1E10	1E-30	1E-10	1E10	1E-30	1E-10
229	7.3E-12	1E10	1E10	1E-30	1.41813937303245E-10	1E10	1E-30	1E10	0.053	1E-30	6.08048577886285E-12	9.30131886118251E-02	5.60281673426095E-11	3.64542964573185E-12	3.01365993869038	1.11075707550245E-11	7.58465385707286E-12	13.8445261049024	6.47933599564092E-11	7.08597598442623E-13	1.41984119834042	1.91955185425777E-11	1.8919791997882E-12	3.86195688686814	4.66271278407259E-12	4.33897187999123E-12	8.68940068165323	2.12290578293396E-11	7.54700584449225E-13	3.87657437272584	6.50318306768253E-13	1.42093529268273E-11	171.803898313117	1E10	1E-30	1E-10	1E10	1E-30	1E-10	1E10	1E-30	1E-10	1E10	1E-30	1E-10	1E10	1E-30	1E-10	1E10	1E-30	1E-10	1E10	1E-30	1E-10
230	7.3E-12	1E10	1E10	1E-30	1.41813937303245E-10	1E10	1E-30	1E10	0.053	1E-30	6.08048577886285E-12	9.30131886118251E-02	5.60281673426095E-11	3.64542964573185E-12	3.01365993869038	1.11075707550245E-11	7.58465385707286E-12	13.8445261049024	6.47933599564092E-11	7.08597598442623E-13	1.41984119834042	1.91955185425777E-11	1.8919791997882E-12	3.86195688686814	4.66271278407259E-12	4.33897187999123E-12	8.68940068165323	2.12290578293396E-11	7.54700584449225E-13	3.87657437272584	6.50318306768253E-13	1.42093529268273E-11	171.803898313117	1E10	1E-30	1E-10	1E10	1E-30	1E-10	1E10	1E-30	1E-10	1E10	1E-30	1E-10	1E10	1E-30	1E-10	1E10	1E-30	1E-10	1E10	1E-30	1E-10
231	7.3E-12	1E10	1E10	1E-30	1.41813937303245E-10	1E10	1E-30	1E10	0.053	1E-30	6.08048577886285E-12	9.30131886118251E-02	5.60281673426095E-11	3.64542964573185E-12	3.01365993869038	1.11075707550245E-11	7.58465385707286E-12	13.8445261049024	6.47933599564092E-11	7.08597598442623E-13	1.41984119834042	1.91955185425777E-11	1.8919791997882E-12	3.86195688686814	4.66271278407259E-12	4.33897187999123E-12	8.68940068165323	2.12290578293396E-11	7.54700584449225E-13	3.87657437272584	6.50318306768253E-13	1.42093529268273E-11	171.803898313117	1E10	1E-30	1E-10	1E10	1E-30	1E-10	1E10	1E-30	1E-10	1E10	1E-30	1E-10	1E10	1E-30	1E-10	1E10	1E-30	1E-10	1E10	1E-30	1E-10
232	7.4E-12	1E10	1E10	1E-30	1.46444100777049E-10	1E10	1E-30	1E10	0.052	1E-30	5.42342452508398E-12	0.108298438602353	5.19461931369512E-11	3.90306067339228E-12	3.13256241352069	1.01852774728135E-11	8.15948828291828E-12	14.1759451673946	9.35925442864727E-11	4.75990836461294E-13	0.936178550830726	7.41337534682426E-12	4.28795144902273E-12	7.10718062210592	1.36653701707904E-11	1.16036672727635E-12	7.77824410030032	1.02174187222087E-12	1.12539729969942E-11	83.2349151300295	1E10	1E-30	1E-10	1E10	1E-30	1E-10	1E10	1E-30	1E-10	1E10	1E-30	1E-10	1E10	1E-30	1E-10	1E10	1E-30	1E-10	1E10	1E-30	1E-10	1E10	1E-30	1E-10
233	7.4E-12	1E10	1E10	1E-30	1.46444100777049E-10	1E10	1E-30	1E10	0.052	1E-30	5.42342452508398E-12	0.108298438602353	5.19461931369512E-11	3.90306067339228E-12	3.13256241352069	1.01852774728135E-11	8.15948828291828E-12	14.1759451673946	9.35925442864727E-11	4.75990836461294E-13	0.936178550830726	7.41337534682426E-12	4.28795144902273E-12	7.10718062210592	1.36653701707904E-11	1.16036672727635E-12	7.77824410030032	1.02174187222087E-12	1.12539729969942E-11	83.2349151300295	1E10	1E-30	1E-10	1E10	1E-30	1E-10	1E10	1E-30	1E-10	1E10	1E-30	1E-10	1E10	1E-30	1E-10	1E10	1E-30	1E-10	1E10	1E-30	1E-10	1E10	1E-30	1E-10
234	7.4E-12	1E10	1E10	1E-30	1.46444100777049E-10	1E10	1E-30	1E10	0.052	1E-30	5.42342452508398E-12	0.108298438602353	5.19461931369512E-11	3.90306067339228E-12	3.13256241352069	1.01852774728135E-11	8.15948828291828E-12	14.1759451673946	9.35925442864727E-11	4.75990836461294E-13	0.936178550830726	7.41337534682426E-12	4.28795144902273E-12	7.10718062210592	1.36653701707904E-11	1.16036672727635E-12	7.77824410030032	1.02174187222087E-12	1.12539729969942E-11	83.2349151300295	1E10	1E-30	1E-10	1E10	1E-30	1E-10	1E10	1E-30	1E-10	1E10	1E-30	1E-10	1E10	1E-30	1E-10	1E10	1E-30	1E-10	1E10	1E-30	1E-10	1E10	1E-30	1E-10
235	7.4E-12	1E10	1E10	1E-30	1.46444100777049E-10	1E10	1E-30	1E10	0.052	1E-30	5.42342452508398E-12	0.108298438602353	5.19461931369512E-11	3.90306067339228E-12	3.13256241352069	1.01852774728135E-11	8.15948828291828E-12	14.1759451673946	9.35925442864727E-11	4.75990836461294E-13	0.936178550830726	7.41337534682426E-12	4.28795144902273E-12	7.10718062210592	1.36653701707904E-11	1.16036672727635E-12	7.77824410030032	1.02174187222087E-12	1.12539729969942E-11	83.2349151300295	1E10	1E-30	1E-10	1E10	1E-30	1E-10	1E10	1E-30	1E-10	1E10	1E-30	1E-10	1E10	1E-30	1E-10	1E10	1E-30	1E-10	1E10	1E-30	1E-10	1E10	1E-30	1E-10
236	7.5E-12	1E10	1E10	1E-30	1.46444100777049E-10	1E10	1E-30	1E10	0.052	1E-30	5.42342452508398E-12	0.108298438602353	5.19461931369512E-11	3.90306067339228E-12	3.13256241352069	1.01852774728135E-11	8.15948828291828E-12	14.1759451673946	9.35925442864727E-11	4.75990836461294E-13	0.936178550830726	7.41337534682426E-12	4.28795144902273E-12	7.10718062210592	1.36653701707904E-11	1.16036672727635E-12	7.77824410030032	1.02174187222087E-12	1.12539729969942E-11	83.2349151300295	1E10	1E-30	1E-10	1E10	1E-30	1E-10	1E10	1E-30	1E-10	1E10	1E-30	1E-10	1E10	1E-30	1E-10	1E10	1E-30	1E-10	1E10	1E-30	1E-10	1E10	1E-30	1E-10
237	7.5E-12	1E10	1E10	1E-30	1.46444100777049E-10	1E10	1E-30	1E10	0.052	1E-30	5.42342452508398E-12	0.108298438602353	5.19461931369512E-11	3.90306067339228E-12	3.13256241352069	1.01852774728135E-11	8.15948828291828E-12	14.1759451673946	9.35925442864727E-11	4.75990836461294E-13	0.936178550830726	7.41337534682426E-12	4.28795144902273E-12	7.10718062210592	1.36653701707904E-11	1.16036672727635E-12	7.77824410030032	1.02174187222087E-12	1.12539729969942E-11	83.2349151300295	1E10	1E-30	1E-10	1E10	1E-30	1E-10	1E10	1E-30	1E-10	1E10	1E-30	1E-10	1E10	1E-30	1E-10	1E10	1E-30	1E-10	1E10	1E-30	1E-10	1E10	1E-30	1E-10
238	7.5E-12	1E10	1E10	1E-30	1.46444100777049E-10	1E10	1E-30	1E10	0.052	1E-30	5.42342452508398E-12	0.108298438602353	5.19461931369512E-11	3.90306067339228E-12	3.13256241352069	1.01852774728135E-11	8.15948828291828E-12	14.1759451673946	9.35925442864727E-11	4.75990836461294E-13	0.936178550830726	7.41337534682426E-12	4.28795144902273E-12	7.10718062210592	1.36653701707904E-11	1.16036672727635E-12	7.77824410030032	1.02174187222087E-12	1.12539729969942E-11	83.2349151300295	1E10	1E-30	1E-10	1E10	1E-30	1E-10	1E10	1E-30	1E-10	1E10	1E-30	1E-10	1E10	1E-30	1E-10	1E10	1E-30	1E-10	1E10	1E-30	1E-10	1E10	1E-30	1E-10
239	7.5E-12	1E10	1E10	1E-30	1.46444100777049E-10	1E10	1E-30	1E10	0.052	1E-30	5.42342452508398E-12	0.108298438602353	5.19461931369512E-11	3.90306067339228E-12	3.13256241352069	1.01852774728135E-11	8.15948828291828E-12	14.1759451673946	9.35925442864727E-11	4.75990836461294E-13	0.936178550830726	7.41337534682426E-12	4.28795144902273E-12	7.10718062210592	1.36653701707904E-11	1.16036672727635E-12	7.77824410030032	1.02174187222087E-12	1.12539729969942E-11	83.2349151300295	1E10	1E-30	1E-10	1E10	1E-30	1E-10	1E10	1E-30	1E-10	1E10	1E-30	1E-10	1E10	1E-30	1E-10	1E10	1E-30	1E-10	1E10	1E-30	1E-10	1E10	1E-30	1E-10
240	7.6E-12	1E10	1E10	1E-30	1.46444100777049E-10	1E10	1E-30	1E10	0.052	1E-30	5.42342452508398E-12	0.108298438602353	5.19461931369512E-11	3.90306067339228E-12	3.13256241352069	1.01852774728135E-11	8.15948828291828E-12	14.1759451673946	9.35925442864727E-11	4.75990836461294E-13	0.936178550830726	7.41337534682426E-12	4.28795144902273E-12	7.10718062210592	1.36653701707904E-11	1.16036672727635E-12	7.77824410030032	1.02174187222087E-12	1.12539729969942E-11	83.2349151300295	1E10	1E-30	1E-10	1E10	1E-30	1E-10	1E10	1E-30	1E-10	1E10	1E-30	1E-10	1E10	1E-30	1E-10	1E10	1E-30	1E-10	1E10	1E-30	1E-10	1E10	1E-30	1E-10
241	7.6E-12	1E10	1E10	1E-30	1.46444100777049E-10	1E10	1E-30	1E10	0.052	1E-30	5.42342452508398E-12	0.108298438602353	5.19461931369512E-11	3.90306067339228E-12	3.13256241352069	1.01852774728135E-11	8.15948828291828E-12	14.1759451673946	9.35925442864727E-11	4.75990836461294E-13	0.936178550830726	7.41337534682426E-12	4.28795144902273E-12	7.10718062210592	1.36653701707904E-11	1.16036672727635E-12	7.77824410030032	1.02174187222087E-12	1.12539729969942E-11	83.2349151300295	1E10	1E-30	1E-10	1E10	1E-30	1E-10	1E10	1E-30	1E-10	1E10	1E-30	1E-10	1E10	1E-30	1E-10	1E10	1E-30	1E-10	1E10	1E-30	1E-10	1E10	1E-30	1E-10
242	7.6E-12	1E10	1E10	1E-30	1.46444100777049E-10	1E10	1E-30	1E10	0.052	1E-30	5.42342452508398E-12	0.108298438602353	5.19461931369512E-11	3.90306067339228E-12	3.13256241352069	1.01852774728135E-11	8.15948828291828E-12	14.1759451673946	9.35925442864727E-11	4.75990836461294E-13	0.936178550830726	7.41337534682426E-12	4.28795144902273E-12	7.10718062210592	1.36653701707904E-11	1.16036672727635E-12	7.77824410030032	1.02174187222087E-12	1.12539729969942E-11	83.2349151300295	1E10	1E-30	1E-10	1E10	1E-30	1E-10	1E10	1E-30	1E-10	1E10	1E-30	1E-10	1E10	1E-30	1E-10	1E10	1E-30	1E-10	1E10	1E-30	1E-10	1E10	1E-30	1E-10
243	7.6E-12	1E10	1E10	1E-30	1.46444100777049E-10	1E10	1E-30	1E10	0.052	1E-30	5.42342452508398E-12	0.108298438602353	5.19461931369512E-11	3.90306067339228E-12	3.13256241352069	1.01852774728135E-11	8.15948828291828E-12	14.1759451673946	9.35925442864727E-11	4.75990836461294E-13	0.936178550830726	7.41337534682426E-12	4.28795144902273E-12	7.10718062210592	1.36653701707904E-11	1.16036672727635E-12	7.77824410030032	1.02174187222087E-12	1.12539729969942E-11	83.2349151300295	1E10	1E-30	1E-10	1E10	1E-30	1E-10	1E10	1E-30	1E-10	1E10	1E-30	1E-10	1E10	1E-30	1E-10	1E10	1E-30	1E-10	1E10	1E-30	1E-10	1E10	1E-30	1E-10
244	7.7E-12	1E10	1E10	1E-30	1.52576476004155E-10	1E10	1E-30	1E10	0.051	1E-30	6.90817543711247E-12	8.69709058337763E-02	6.33326120092004E-11	3.37883297606457E-12	2.71125396513946	1.06531426064807E-11	8.27587048705365E-12	13.7091172735519	6.32477099856433E-11	7.98816152082279E-13	1.89586844565169	1.33622795303805E-11	2.81205115075298E-12	4.11273302626783	7.05007795278516E-12	2.32959971938123E-12	8.8946309720129	3.85771786292861E-12	3.29300437046231E-12	13.3157610838299	1E10	1E-30	1E-10	1E10	1E-30	1E-10	1E10	1E-30	1E-10	1E10	1E-30	1E-10	1E10	1E-30	1E-10	1E10	1E-30	1E-10	1E10	1E-30	1E-10	1E10	1E-30	1E-10
245	7.7E-12	1E10	1E10	1E-30	1.52576476004155E-10	1E10	1E-30	1E10	0.051	1E-30	6.90817543711247E-12	8.69709058337763E-02	6.33326120092004E-11	3.37883297606457E-12	2.71125396513946	1.06531426064807E-11	8.27587048705365E-12	13.7091172735519	6.32477099856433E-11	7.98816152082279E-13	1.89586844565169	1.33622795303805E-11	2.81205115075298E-12	4.11273302626783	7.05007795278516E-12	2.32959971938123E-12	8.8946309720129	3.85771786292861E-12	3.29300437046231E-12	13.3157610838299	1E10	1E-30	1E-10	1E10	1E-30	1E-10	1E10	1E-30	1E-10	1E10	1E-30	1E-10	1E10	1E-30	1E-10	1E10	1E-30	1E-10	1E10	1E-30	1E-10	1E10	1E-30	1E-10
246	7.7E-12	1E10	1E10	1E-30	1.52576476004155E-10	1E10	1E-30	1E10	0.051	1E-30	6.90817543711247E-12	8.69709058337763E-02	6.33326120092004E-11	3.37883297606457E-12	2.71125396513946	1.06531426064807E-11	8.27587048705365E-12	13.7091172735519	6.32477099856433E-11	7.98816152082279E-13	1.89586844565169	1.33622795303805E-11	2.81205115075298E-12	4.11273302626783	7.05007795278516E-12	2.32959971938123E-12	8.8946309720129	3.85771786292861E-12	3.29300437046231E-12	13.3157610838299	1E10	1E-30	1E-10	1E10	1E-30	1E-10	1E10	1E-30	1E-10	1E10	1E-30	1E-10	1E10	1E-30	1E-10	1E10	1E-30	1E-10	1E10	1E-30	1E-10	1E10	1E-30	1E-10
247	7.7E-12	1E10	1E10	1E-30	1.52576476004155E-10	1E10	1E-30	1E10	0.051	1E-30	6.90817543711247E-12	8.69709058337763E-02	6.33326120092004E-11	3.37883297606457E-12	2.71125396513946	1.06531426064807E-11	8.27587048705365E-12	13.7091172735519	6.32477099856433E-11	7.98816152082279E-13	1.89586844565169	1.33622795303805E-11	2.81205115075298E-12	4.11273302626783	7.05007795278516E-12	2.32959971938123E-12	8.8946309720129	3.85771786292861E-12	3.29300437046231E-12	13.3157610838299	1E10	1E-30	1E-10	1E10	1E-30	1E-10	1E10	1E-30	1E-10	1E10	1E-30	1E-10	1E10	1E-30	1E-10	1E10	1E-30	1E-10	1E10	1E-30	1E-10	1E10	1E-30	1E-10
248	7.8E-12	1E10	1E10	1E-30	1.52576476004155E-10	1E10	1E-30	1E10	0.051	1E-30	6.90817543711247E-12	8.69709058337763E-02	6.33326120092004E-11	3.37883297606457E-12	2.71125396513946	1.06531426064807E-11	8.27587048705365E-12	13.7091172735519	6.32477099856433E-11	7.98816152082279E-13	1.89586844565169	1.33622795303805E-11	2.81205115075298E-12	4.11273302626783	7.05007795278516E-12	2.32959971938123E-12	8.8946309720129	3.85771786292861E-12	3.29300437046231E-12	13.3157610838299	1E10	1E-30	1E-10	1E10	1E-30	1E-10	1E10	1E-30	1E-10	1E10	1E-30	1E-10	1E10	1E-30	1E-10	1E10	1E-30	1E-10	1E10	1E-30	1E-10	1E10	1E-30	1E-10
249	7.8E-12	1E10	1E10	1E-30	1.52576476004155E-10	1E10	1E-30	1E10	0.051	1E-30	6.90817543711247E-12	8.69709058337763E-02	6.33326120092004E-11	3.37883297606457E-12	2.71125396513946	1.06531426064807E-11	8.27587048705365E-12	13.7091172735519	6.32477099856433E-11	7.98816152082279E-13	1.89586844565169	1.33622795303805E-11	2.81205115075298E-12	4.11273302626783	7.05007795278516E-12	2.32959971938123E-12	8.8946309720129	3.85771786292861E-12	3.29300437046231E-12	13.3157610838299	1E10	1E-30	1E-10	1E10	1E-30	1E-10	1E10	1E-30	1E-10	1E10	1E-30	1E-10	1E10	1E-30	1E-10	1E10	1E-30	1E-10	1E10	1E-30	1E-10	1E10	1E-30	1E-10
250	7.8E-12	1E10	1E10	1E-30	1.52576476004155E-10	1E10	1E-30	1E10	0.051	1E-30	6.90817543711247E-12	8.69709058337763E-02	6.33326120092004E-11	3.37883297606457E-12	2.71125396513946	1.06531426064807E-11	8.27587048705365E-12	13.7091172735519	6.32477099856433E-11	7.98816152082279E-13	1.89586844565169	1.33622795303805E-11	2.81205115075298E-12	4.11273302626783	7.05007795278516E-12	2.32959971938123E-12	8.8946309720129	3.85771786292861E-12	3.29300437046231E-12	13.3157610838299	1E10	1E-30	1E-10	1E10	1E-30	1E-10	1E10	1E-30	1E-10	1E10	1E-30	1E-10	1E10	1E-30	1E-10	1E10	1E-30	1E-10	1E10	1E-30	1E-10	1E10	1E-30	1E-10
251	7.8E-12	1E10	1E10	1E-30	1.52576476004155E-10	1E10	1E-30	1E10	0.051	1E-30	6.90817543711247E-12	8.69709058337763E-02	6.33326120092004E-11	3.37883297606457E-12	2.71125396513946	1.06531426064807E-11	8.27587048705365E-12	13.7091172735519	6.32477099856433E-11	7.98816152082279E-13	1.89586844565169	1.33622795303805E-11	2.81205115075298E-12	4.11273302626783	7.05007795278516E-12	2.32959971938123E-12	8.8946309720129	3.85771786292861E-12	3.29300437046231E-12	13.3157610838299	1E10	1E-30	1E-10	1E10	1E-30	1E-10	1E10	1E-30	1E-10	1E10	1E-30	1E-10	1E10	1E-30	1E-10	1E10	1E-30	1E-10	1E10	1E-30	1E-10	1E10	1E-30	1E-10
252	7.9E-12	1E10	1E10	1E-30	1.52576476004155E-10	1E10	1E-30	1E10	0.051	1E-30	6.90817543711247E-12	8.69709058337763E-02	6.33326120092004E-11	3.37883297606457E-12	2.71125396513946	1.06531426064807E-11	8.27587048705365E-12	13.7091172735519	6.32477099856433E-11	7.98816152082279E-13	1.89586844565169	1.33622795303805E-11	2.81205115075298E-12	4.11273302626783	7.05007795278516E-12	2.32959971938123E-12	8.8946309720129	3.85771786292861E-12	3.29300437046231E-12	13.3157610838299	1E10	1E-30	1E-10	1E10	1E-30	1E-10	1E10	1E-30	1E-10	1E10	1E-30	1E-10	1E10	1E-30	1E-10	1E10	1E-30	1E-10	1E10	1E-30	1E-10	1E10	1E-30	1E-10
253	7.9E-12	1E10	1E10	1E-30	1.52576476004155E-10	1E10	1E-30	1E10	0.051	1E-30	6.90817543711247E-12	8.69709058337763E-02	6.33326120092004E-11	3.37883297606457E-12	2.71125396513946	1.06531426064807E-11	8.27587048705365E-12	13.7091172735519	6.32477099856433E-11	7.98816152082279E-13	1.89586844565169	1.33622795303805E-11	2.81205115075298E-12	4.11273302626783	7.05007795278516E-12	2.32959971938123E-12	8.8946309720129	3.85771786292861E-12	3.29300437046231E-12	13.3157610838299	1E10	1E-30	1E-10	1E10	1E-30	1E-10	1E10	1E-30	1E-10	1E10	1E-30	1E-10	1E10	1E-30	1E-10	1E10	1E-30	1E-10	1E10	1E-30	1E-10	1E10	1E-30	1E-10
254	7.9E-12	1E10	1E10	1E-30	1.52576476004155E-10	1E10	1E-30	1E10	0.051	1E-30	6.90817543711247E-12	8.69709058337763E-02	6.33326120092004E-11	3.37883297606457E-12	2.71125396513946	1.06531426064807E-11	8.27587048705365E-12	13.7091172735519	6.32477099856433E-11	7.98816152082279E-13	1.89586844565169	1.33622795303805E-11	2.81205115075298E-12	4.11273302626783	7.05007795278516E-12	2.32959971938123E-12	8.8946309720129	3.85771786292861E-12	3.29300437046231E-12	13.3157610838299	1E10	1E-30	1E-10	1E10	1E-30	1E-10	1E10	1E-30	1E-10	1E10	1E-30	1E-10	1E10	1E-30	1E-10	1E10	1E-30	1E-10	1E10	1E-30	1E-10	1E10	1E-30	1E-10
255	7.9E-12	1E10	1E10	1E-30	1.52576476004155E-10	1E10	1E-30	1E10	0.051	1E-30	6.90817543711247E-12	8.69709058337763E-02	6.33326120092004E-11	3.37883297606457E-12	2.71125396513946	1.06531426064807E-11	8.27587048705365E-12	13.7091172735519	6.32477099856433E-11	7.98816152082279E-13	1.89586844565169	1.33622795303805E-11	2.81205115075298E-12	4.11273302626783	7.05007795278516E-12	2.32959971938123E-12	8.8946309720129	3.85771786292861E-12	3.29300437046231E-12	13.3157610838299	1E10	1E-30	1E-10	1E10	1E-30	1E-10	1E10	1E-30	1E-10	1E10	1E-30	1E-10	1E10	1E-30	1E-10	1E10	1E-30	1E-10	1E10	1E-30	1E-10	1E10	1E-30	1E-10
256	8E-12	1E10	1E10	1E-30	1.51814330995843E-10	1E10	1E-30	1E10	5.33359968910067E-02	1E-30	5.63268847820433E-12	8.26921697166965E-02	5.38593958129708E-11	4.51420977112029E-12	3.08160182321357	1.21362241306499E-11	8.24676795476885E-12	12.8302879565055	5.47508580513054E-11	9.99867269425179E-13	2.2664612140548	2.31540499080393E-11	1.70758685796036E-12	3.5252265081438	1.23849697269864E-11	2.53388172945185E-12	4.17191804184632	1.03917791368315E-11	1.70071093863947E-12	4.78133714418765	3.5690510504456E-12	3.27513362415471E-12	13.5880100806756	1E10	1E-30	1E-10	1E10	1E-30	1E-10	1E10	1E-30	1E-10	1E10	1E-30	1E-10	1E10	1E-30	1E-10	1E10	1E-30	1E-10	1E10	1E-30	1E-10
257	8E-12	1E10	1E10	1E-30	1.51814330995843E-10	1E10	1E-30	1E10	5.33359968910067E-02	1E-30	5.63268847820433E-12	8.26921697166965E-02	5.38593958129708E-11	4.51420977112029E-12	3.08160182321357	1.21362241306499E-11	8.24676795476885E-12	12.8302879565055	5.47508580513054E-11	9.99867269425179E-13	2.2664612140548	2.31540499080393E-11	1.70758685796036E-12	3.5252265081438	1.23849697269864E-11	2.53388172945185E-12	4.17191804184632	1.03917791368315E-11	1.70071093863947E-12	4.78133714418765	3.5690510504456E-12	3.27513362415471E-12	13.5880100806756	1E10	1E-30	1E-10	1E10	1E-30	1E-10	1E10	1E-30	1E-10	1E10	1E-30	1E-10	1E10	1E-30	1E-10	1E10	1E-30	1E-10	1E10	1E-30	1E-10
258	8E-12	1E10	1E10	1E-30	1.51814330995843E-10	1E10	1E-30	1E10	5.33359968910067E-02	1E-30	5.63268847820433E-12	8.26921697166965E-02	5.38593958129708E-11	4.51420977112029E-12	3.08160182321357	1.21362241306499E-11	8.24676795476885E-12	12.8302879565055	5.47508580513054E-11	9.99867269425179E-13	2.2664612140548	2.31540499080393E-11	1.70758685796036E-12	3.5252265081438	1.23849697269864E-11	2.53388172945185E-12	4.17191804184632	1.03917791368315E-11	1.70071093863947E-12	4.78133714418765	3.5690510504456E-12	3.27513362415471E-12	13.5880100806756	1E10	1E-30	1E-10	1E10	1E-30	1E-10	1E10	1E-30	1E-10	1E10	1E-30	1E-10	1E10	1E-30	1E-10	1E10	1E-30	1E-10	1E10	1E-30	1E-10
259	8E-12	1E10	1E10	1E-30	1.51814330995843E-10	1E10	1E-30	1E10	5.33359968910067E-02	1E-30	5.63268847820433E-12	8.26921697166965E-02	5.38593958129708E-11	4.51420977112029E-12	3.08160182321357	1.21362241306499E-11	8.24676795476885E-12	12.8302879565055	5.47508580513054E-11	9.99867269425179E-13	2.2664612140548	2.31540499080393E-11	1.70758685796036E-12	3.5252265081438	1.23849697269864E-11	2.53388172945185E-12	4.17191804184632	1.03917791368315E-11	1.70071093863947E-12	4.78133714418765	3.5690510504456E-12	3.27513362415471E-12	13.5880100806756	1E10	1E-30	1E-10	1E10	1E-30	1E-10	1E10	1E-30	1E-10	1E10	1E-30	1E-10	1E10	1E-30	1E-10	1E10	1E-30	1E-10	1E10	1E-30	1E-10
260	8.09999999999999E-12	1E10	1E10	1E-30	1.51814330995843E-10	1E10	1E-30	1E10	5.33359968910067E-02	1E-30	5.63268847820433E-12	8.26921697166965E-02	5.38593958129708E-11	4.51420977112029E-12	3.08160182321357	1.21362241306499E-11	8.24676795476885E-12	12.8302879565055	5.47508580513054E-11	9.99867269425179E-13	2.2664612140548	2.31540499080393E-11	1.70758685796036E-12	3.5252265081438	1.23849697269864E-11	2.53388172945185E-12	4.17191804184632	1.03917791368315E-11	1.70071093863947E-12	4.78133714418765	3.5690510504456E-12	3.27513362415471E-12	13.5880100806756	1E10	1E-30	1E-10	1E10	1E-30	1E-10	1E10	1E-30	1E-10	1E10	1E-30	1E-10	1E10	1E-30	1E-10	1E10	1E-30	1E-10	1E10	1E-30	1E-10
261	8.09999999999999E-12	1E10	1E10	1E-30	1.51814330995843E-10	1E10	1E-30	1E10	5.33359968910067E-02	1E-30	5.63268847820433E-12	8.26921697166965E-02	5.38593958129708E-11	4.51420977112029E-12	3.08160182321357	1.21362241306499E-11	8.24676795476885E-12	12.8302879565055	5.47508580513054E-11	9.99867269425179E-13	2.2664612140548	2.31540499080393E-11	1.70758685796036E-12	3.5252265081438	1.23849697269864E-11	2.53388172945185E-12	4.17191804184632	1.03917791368315E-11	1.70071093863947E-12	4.78133714418765	3.5690510504456E-12	3.27513362415471E-12	13.5880100806756	1E10	1E-30	1E-10	1E10	1E-30	1E-10	1E10	1E-30	1E-10	1E10	1E-30	1E-10	1E10	1E-30	1E-10	1E10	1E-30	1E-10	1E10	1E-30	1E-10
262	8.09999999999999E-12	1E10	1E10	1E-30	1.51814330995843E-10	1E10	1E-30	1E10	5.33359968910067E-02	1E-30	5.63268847820433E-12	8.26921697166965E-02	5.38593958129708E-11	4.51420977112029E-12	3.08160182321357	1.21362241306499E-11	8.24676795476885E-12	12.8302879565055	5.47508580513054E-11	9.99867269425179E-13	2.2664612140548	2.31540499080393E-11	1.70758685796036E-12	3.5252265081438	1.23849697269864E-11	2.53388172945185E-12	4.17191804184632	1.03917791368315E-11	1.70071093863947E-12	4.78133714418765	3.5690510504456E-12	3.27513362415471E-12	13.5880100806756	1E10	1E-30	1E-10	1E10	1E-30	1E-10	1E10	1E-30	1E-10	1E10	1E-30	1E-10	1E10	1E-30	1E-10	1E10	1E-30	1E-10	1E10	1E-30	1E-10
263	8.09999999999999E-12	1E10	1E10	1E-30	1.51814330995843E-10	1E10	1E-30	1E10	5.33359968910067E-02	1E-30	5.63268847820433E-12	8.26921697166965E-02	5.38593958129708E-11	4.51420977112029E-12	3.08160182321357	1.21362241306499E-11	8.24676795476885E-12	12.8302879565055	5.47508580513054E-11	9.99867269425179E-13	2.2664612140548	2.31540499080393E-11	1.70758685796036E-12	3.5252265081438	1.23849697269864E-11	2.53388172945185E-12	4.17191804184632	1.03917791368315E-11	1.70071093863947E-12	4.78133714418765	3.5690510504456E-12	3.27513362415471E-12	13.5880100806756	1E10	1E-30	1E-10	1E10	1E-30	1E-10	1E10	1E-30	1E-10	1E10	1E-30	1E-10	1E10	1E-30	1E-10	1E10	1E-30	1E-10	1E10	1E-30	1E-10
264	8.2E-12	1E10	1E10	1E-30	1.51814330995843E-10	1E10	1E-30	1E10	5.33359968910067E-02	1E-30	5.63268847820433E-12	8.26921697166965E-02	5.38593958129708E-11	4.51420977112029E-12	3.08160182321357	1.21362241306499E-11	8.24676795476885E-12	12.8302879565055	5.47508580513054E-11	9.99867269425179E-13	2.2664612140548	2.31540499080393E-11	1.70758685796036E-12	3.5252265081438	1.23849697269864E-11	2.53388172945185E-12	4.17191804184632	1.03917791368315E-11	1.70071093863947E-12	4.78133714418765	3.5690510504456E-12	3.27513362415471E-12	13.5880100806756	1E10	1E-30	1E-10	1E10	1E-30	1E-10	1E10	1E-30	1E-10	1E10	1E-30	1E-10	1E10	1E-30	1E-10	1E10	1E-30	1E-10	1E10	1E-30	1E-10
265	8.2E-12	1E10	1E10	1E-30	1.51814330995843E-10	1E10	1E-30	1E10	5.33359968910067E-02	1E-30	5.63268847820433E-12	8.26921697166965E-02	5.38593958129708E-11	4.51420977112029E-12	3.08160182321357	1.21362241306499E-11	8.24676795476885E-12	12.8302879565055	5.47508580513054E-11	9.99867269425179E-13	2.2664612140548	2.31540499080393E-11	1.70758685796036E-12	3.5252265081438	1.23849697269864E-11	2.53388172945185E-12	4.17191804184632	1.03917791368315E-11	1.70071093863947E-12	4.78133714418765	3.5690510504456E-12	3.27513362415471E-12	13.5880100806756	1E10	1E-30	1E-10	1E10	1E-30	1E-10	1E10	1E-30	1E-10	1E10	1E-30	1E-10	1E10	1E-30	1E-10	1E10	1E-30	1E-10	1E10	1E-30	1E-10
266	8.2E-12	1E10	1E10	1E-30	1.51814330995843E-10	1E10	1E-30	1E10	5.33359968910067E-02	1E-30	5.63268847820433E-12	8.26921697166965E-02	5.38593958129708E-11	4.51420977112029E-12	3.08160182321357	1.21362241306499E-11	8.24676795476885E-12	12.8302879565055	5.47508580513054E-11	9.99867269425179E-13	2.2664612140548	2.31540499080393E-11	1.70758685796036E-12	3.5252265081438	1.23849697269864E-11	2.53388172945185E-12	4.17191804184632	1.03917791368315E-11	1.70071093863947E-12	4.78133714418765	3.5690510504456E-12	3.27513362415471E-12	13.5880100806756	1E10	1E-30	1E-10	1E10	1E-30	1E-10	1E10	1E-30	1E-10	1E10	1E-30	1E-10	1E10	1E-30	1E-10	1E10	1E-30	1E-10	1E10	1E-30	1E-10
267	8.2E-12	1E10	1E10	1E-30	1.51814330995843E-10	1E10	1E-30	1E10	5.33359968910067E-02	1E-30	5.63268847820433E-12	8.26921697166965E-02	5.38593958129708E-11	4.51420977112029E-12	3.08160182321357	1.21362241306499E-11	8.24676795476885E-12	12.8302879565055	5.47508580513054E-11	9.99867269425179E-13	2.2664612140548	2.31540499080393E-11	1.70758685796036E-12	3.5252265081438	1.23849697269864E-11	2.53388172945185E-12	4.17191804184632	1.03917791368315E-11	1.70071093863947E-12	4.78133714418765	3.5690510504456E-12	3.27513362415471E-12	13.5880100806756	1E10	1E-30	1E-10	1E10	1E-30	1E-10	1E10	1E-30	1E-10	1E10	1E-30	1E-10	1E10	1E-30	1E-10	1E10	1E-30	1E-10	1E10	1E-30	1E-10
268	8.3E-12	1E10	1E10	1E-30	1.53548963972268E-10	1E10	1E-30	1E10	0.048	1E-30	5.49175064071763E-12	0.13206813506563	5.57333029672524E-11	4.43346860093553E-12	3.17251726110772	1.40556058855411E-11	7.24957764288062E-12	12.3737882952331	7.75260462788828E-11	7.33399189281131E-13	1.39435175335953	2.28609050581935E-11	1.8055389471319E-12	3.18899092634766	1.70643130827068E-11	1.03183788738254E-12	4.70042328768707	1.19776701739281E-11	9.71617952351054E-13	6.0605425197452	1.2335746057274E-11	8.29539516595881E-13	9.5638213540099	1E10	1E-30	1E-10	1E10	1E-30	1E-10	1E10	1E-30	1E-10	1E10	1E-30	1E-10	1E10	1E-30	1E-10	1E10	1E-30	1E-10	1E10	1E-30	1E-10
269	8.3E-12	1E10	1E10	1E-30	1.53548963972268E-10	1E10	1E-30	1E10	0.048	1E-30	5.49175064071763E-12	0.13206813506563	5.57333029672524E-11	4.43346860093553E-12	3.17251726110772	1.40556058855411E-11	7.24957764288062E-12	12.3737882952331	7.75260462788828E-11	7.33399189281131E-13	1.39435175335953	2.28609050581935E-11	1.8055389471319E-12	3.18899092634766	1.70643130827068E-11	1.03183788738254E-12	4.70042328768707	1.19776701739281E-11	9.71617952351054E-13	6.0605425197452	1.2335746057274E-11	8.29539516595881E-13	9.5638213540099	1E10	1E-30	1E-10	1E10	1E-30	1E-10	1E10	1E-30	1E-10	1E10	1E-30	1E-10	1E10	1E-30	1E-10	1E10	1E-30	1E-10	1E10	1E-30	1E-10
270	8.3E-12	1E10	1E10	1E-30	1.53548963972268E-10	1E10	1E-30	1E10	0.048	1E-30	5.49175064071763E-12	0.13206813506563	5.57333029672524E-11	4.43346860093553E-12	3.17251726110772	1.40556058855411E-11	7.24957764288062E-12	12.3737882952331	7.75260462788828E-11	7.33399189281131E-13	1.39435175335953	2.28609050581935E-11	1.8055389471319E-12	3.18899092634766	1.70643130827068E-11	1.03183788738254E-12	4.70042328768707	1.19776701739281E-11	9.71617952351054E-13	6.0605425197452	1.2335746057274E-11	8.29539516595881E-13	9.5638213540099	1E10	1E-30	1E-10	1E10	1E-30	1E-10	1E10	1E-30	1E-10	1E10	1E-30	1E-10	1E10	1E-30	1E-10	1E10	1E-30	1E-10	1E10	1E-30	1E-10
271	8.3E-12	1E10	1E10	1E-30	1.53548963972268E-10	1E10	1E-30	1E10	0.048	1E-30	5.49175064071763E-12	0.13206813506563	5.57333029672524E-11	4.43346860093553E-12	3.17251726110772	1.40556058855411E-11	7.24957764288062E-12	12.3737882952331	7.75260462788828E-11	7.33399189281131E-13	1.39435175335953	2.28609050581935E-11	1.8055389471319E-12	3.18899092634766	1.70643130827068E-11	1.03183788738254E-12	4.70042328768707	1.19776701739281E-11	9.71617952351054E-13	6.0605425197452	1.2335746057274E-11	8.29539516595881E-13	9.5638213540099	1E10	1E-30	1E-10	1E10	1E-30	1E-10	1E10	1E-30	1E-10	1E10	1E-30	1E-10	1E10	1E-30	1E-10	1E10	1E-30	1E-10	1E10	1E-30	1E-10
272	8.4E-12	1E10	1E10	1E-30	1.53548963972268E-10	1E10	1E-30	1E10	0.048	1E-30	5.49175064071763E-12	0.13206813506563	5.57333029672524E-11	4.43346860093553E-12	3.17251726110772	1.40556058855411E-11	7.24957764288062E-12	12.3737882952331	7.75260462788828E-11	7.33399189281131E-13	1.39435175335953	2.28609050581935E-11	1.8055389471319E-12	3.18899092634766	1.70643130827068E-11	1.03183788738254E-12	4.70042328768707	1.19776701739281E-11	9.71617952351054E-13	6.0605425197452	1.2335746057274E-11	8.29539516595881E-13	9.5638213540099	1E10	1E-30	1E-10	1E10	1E-30	1E-10	1E10	1E-30	1E-10	1E10	1E-30	1E-10	1E10	1E-30	1E-10	1E10	1E-30	1E-10	1E10	1E-30	1E-10
273	8.4E-12	1E10	1E10	1E-30	1.53548963972268E-10	1E10	1E-30	1E10	0.048	1E-30	5.49175064071763E-12	0.13206813506563	5.57333029672524E-11	4.43346860093553E-12	3.17251726110772	1.40556058855411E-11	7.24957764288062E-12	12.3737882952331	7.75260462788828E-11	7.33399189281131E-13	1.39435175335953	2.28609050581935E-11	1.8055389471319E-12	3.18899092634766	1.70643130827068E-11	1.03183788738254E-12	4.70042328768707	1.19776701739281E-11	9.71617952351054E-13	6.0605425197452	1.2335746057274E-11	8.29539516595881E-13	9.5638213540099	1E10	1E-30	1E-10	1E10	1E-30	1E-10	1E10	1E-30	1E-10	1E10	1E-30	1E-10	1E10	1E-30	1E-10	1E10	1E-30	1E-10	1E10	1E-30	1E-10
274	8.4E-12	1E10	1E10	1E-30	1.53548963972268E-10	1E10	1E-30	1E10	0.048	1E-30	5.49175064071763E-12	0.13206813506563	5.57333029672524E-11	4.43346860093553E-12	3.17251726110772	1.40556058855411E-11	7.24957764288062E-12	12.3737882952331	7.75260462788828E-11	7.33399189281131E-13	1.39435175335953	2.28609050581935E-11	1.8055389471319E-12	3.18899092634766	1.70643130827068E-11	1.03183788738254E-12	4.70042328768707	1.19776701739281E-11	9.71617952351054E-13	6.0605425197452	1.2335746057274E-11	8.29539516595881E-13	9.5638213540099	1E10	1E-30	1E-10	1E10	1E-30	1E-10	1E10	1E-30	1E-10	1E10	1E-30	1E-10	1E10	1E-30	1E-10	1E10	1E-30	1E-10	1E10	1E-30	1E-10
275	8.4E-12	1E10	1E10	1E-30	1.53548963972268E-10	1E10	1E-30	1E10	0.048	1E-30	5.49175064071763E-12	0.13206813506563	5.57333029672524E-11	4.43346860093553E-12	3.17251726110772	1.40556058855411E-11	7.24957764288062E-12	12.3737882952331	7.75260462788828E-11	7.33399189281131E-13	1.39435175335953	2.28609050581935E-11	1.8055389471319E-12	3.18899092634766	1.70643130827068E-11	1.03183788738254E-12	4.70042328768707	1.19776701739281E-11	9.71617952351054E-13	6.0605425197452	1.2335746057274E-11	8.29539516595881E-13	9.5638213540099	1E10	1E-30	1E-10	1E10	1E-30	1E-10	1E10	1E-30	1E-10	1E10	1E-30	1E-10	1E10	1E-30	1E-10	1E10	1E-30	1E-10	1E10	1E-30	1E-10
276	8.5E-12	1E10	1E10	1E-30	1.53548963972268E-10	1E10	1E-30	1E10	0.048	1E-30	5.49175064071763E-12	0.13206813506563	5.57333029672524E-11	4.43346860093553E-12	3.17251726110772	1.40556058855411E-11	7.24957764288062E-12	12.3737882952331	7.75260462788828E-11	7.33399189281131E-13	1.39435175335953	2.28609050581935E-11	1.8055389471319E-12	3.18899092634766	1.70643130827068E-11	1.03183788738254E-12	4.70042328768707	1.19776701739281E-11	9.71617952351054E-13	6.0605425197452	1.2335746057274E-11	8.29539516595881E-13	9.5638213540099	1E10	1E-30	1E-10	1E10	1E-30	1E-10	1E10	1E-30	1E-10	1E10	1E-30	1E-10	1E10	1E-30	1E-10	1E10	1E-30	1E-10	1E10	1E-30	1E-10
277	8.5E-12	1E10	1E10	1E-30	1.53548963972268E-10	1E10	1E-30	1E10	0.048	1E-30	5.49175064071763E-12	0.13206813506563	5.57333029672524E-11	4.43346860093553E-12	3.17251726110772	1.40556058855411E-11	7.24957764288062E-12	12.3737882952331	7.75260462788828E-11	7.33399189281131E-13	1.39435175335953	2.28609050581935E-11	1.8055389471319E-12	3.18899092634766	1.70643130827068E-11	1.03183788738254E-12	4.70042328768707	1.19776701739281E-11	9.71617952351054E-13	6.0605425197452	1.2335746057274E-11	8.29539516595881E-13	9.5638213540099	1E10	1E-30	1E-10	1E10	1E-30	1E-10	1E10	1E-30	1E-10	1E10	1E-30	1E-10	1E10	1E-30	1E-10	1E10	1E-30	1E-10	1E10	1E-30	1E-10
278	8.5E-12	1E10	1E10	1E-30	1.53548963972268E-10	1E10	1E-30	1E10	0.048	1E-30	5.49175064071763E-12	0.13206813506563	5.57333029672524E-11	4.43346860093553E-12	3.17251726110772	1.40556058855411E-11	7.24957764288062E-12	12.3737882952331	7.75260462788828E-11	7.33399189281131E-13	1.39435175335953	2.28609050581935E-11	1.8055389471319E-12	3.18899092634766	1.70643130827068E-11	1.03183788738254E-12	4.70042328768707	1.19776701739281E-11	9.71617952351054E-13	6.0605425197452	1.2335746057274E-11	8.29539516595881E-13	9.5638213540099	1E10	1E-30	1E-10	1E10	1E-30	1E-10	1E10	1E-30	1E-10	1E10	1E-30	1E-10	1E10	1E-30	1E-10	1E10	1E-30	1E-10	1E10	1E-30	1E-10
279	8.5E-12	1E10	1E10	1E-30	1.53548963972268E-10	1E10	1E-30	1E10	0.048	1E-30	5.49175064071763E-12	0.13206813506563	5.57333029672524E-11	4.43346860093553E-12	3.17251726110772	1.40556058855411E-11	7.24957764288062E-12	12.3737882952331	7.75260462788828E-11	7.33399189281131E-13	1.39435175335953	2.28609050581935E-11	1.8055389471319E-12	3.18899092634766	1.70643130827068E-11	1.03183788738254E-12	4.70042328768707	1.19776701739281E-11	9.71617952351054E-13	6.0605425197452	1.2335746057274E-11	8.29539516595881E-13	9.5638213540099	1E10	1E-30	1E-10	1E10	1E-30	1E-10	1E10	1E-30	1E-10	1E10	1E-30	1E-10	1E10	1E-30	1E-10	1E10	1E-30	1E-10	1E10	1E-30	1E-10
280	8.6E-12	1E10	1E10	1E-30	1.48390594880579E-10	1E10	1E-30	1E10	0.047	1E-30	5.68954552721927E-12	0.109116209118125	6.15872468647009E-11	4.24157153036899E-12	3.36951766293321	1.50304031885054E-11	7.17971599586279E-12	12.6914357651108	7.54501803518375E-11	7.80883340820955E-13	1.43495182692057	3.95087689539535E-11	1.09665325119468E-12	2.75079577305199	6.12525461007213E-12	4.55159476703836E-12	7.25131380516385	1.00120183194343E-11	1.84814022617423E-12	4.90024685282924	6.26169393351765E-12	1.87038966596932E-12	10.2787903498492	1E10	1E-30	1E-10	1E10	1E-30	1E-10	1E10	1E-30	1E-10	1E10	1E-30	1E-10	1E10	1E-30	1E-10	1E10	1E-30	1E-10	1E10	1E-30	1E-10
281	8.6E-12	1E10	1E10	1E-30	1.48390594880579E-10	1E10	1E-30	1E10	0.047	1E-30	5.68954552721927E-12	0.109116209118125	6.15872468647009E-11	4.24157153036899E-12	3.36951766293321	1.50304031885054E-11	7.17971599586279E-12	12.6914357651108	7.54501803518375E-11	7.80883340820955E-13	1.43495182692057	3.95087689539535E-11	1.09665325119468E-12	2.75079577305199	6.12525461007213E-12	4.55159476703836E-12	7.25131380516385	1.00120183194343E-11	1.84814022617423E-12	4.90024685282924	6.26169393351765E-12	1.87038966596932E-12	10.2787903498492	1E10	1E-30	1E-10	1E10	1E-30	1E-10	1E10	1E-30	1E-10	1E10	1E-30	1E-10	1E10	1E-30	1E-10	1E10	1E-30	1E-10	1E10	1E-30	1E-10
282	8.6E-12	1E10	1E10	1E-30	1.48390594880579E-10	1E10	1E-30	1E10	0.047	1E-30	5.68954552721927E-12	0.109116209118125	6.15872468647009E-11	4.24157153036899E-12	3.36951766293321	1.50304031885054E-11	7.17971599586279E-12	12.6914357651108	7.54501803518375E-11	7.80883340820955E-13	1.43495182692057	3.95087689539535E-11	1.09665325119468E-12	2.75079577305199	6.12525461007213E-12	4.55159476703836E-12	7.25131380516385	1.00120183194343E-11	1.84814022617423E-12	4.90024685282924	6.26169393351765E-12	1.87038966596932E-12	10.2787903498492	1E10	1E-30	1E-10	1E10	1E-30	1E-10	1E10	1E-30	1E-10	1E10	1E-30	1E-10	1E10	1E-30	1E-10	1E10	1E-30	1E-10	1E10	1E-30	1E-10
283	8.6E-12	1E10	1E10	1E-30	1.48390594880579E-10	1E10	1E-30	1E10	0.047	1E-30	5.68954552721927E-12	0.109116209118125	6.15872468647009E-11	4.24157153036899E-12	3.36951766293321	1.50304031885054E-11	7.17971599586279E-12	12.6914357651108	7.54501803518375E-11	7.80883340820955E-13	1.43495182692057	3.95087689539535E-11	1.09665325119468E-12	2.75079577305199	6.12525461007213E-12	4.55159476703836E-12	7.25131380516385	1.00120183194343E-11	1.84814022617423E-12	4.90024685282924	6.26169393351765E-12	1.87038966596932E-12	10.2787903498492	1E10	1E-30	1E-10	1E10	1E-30	1E-10	1E10	1E-30	1E-10	1E10	1E-30	1E-10	1E10	1E-30	1E-10	1E10	1E-30	1E-10	1E10	1E-30	1E-10
284	8.69999999999998E-12	1E10	1E10	1E-30	1.48390594880579E-10	1E10	1E-30	1E10	0.047	1E-30	5.68954552721927E-12	0.109116209118125	6.15872468647009E-11	4.24157153036899E-12	3.36951766293321	1.50304031885054E-11	7.17971599586279E-12	12.6914357651108	7.54501803518375E-11	7.80883340820955E-13	1.43495182692057	3.95087689539535E-11	1.09665325119468E-12	2.75079577305199	6.12525461007213E-12	4.55159476703836E-12	7.25131380516385	1.00120183194343E-11	1.84814022617423E-12	4.90024685282924	6.26169393351765E-12	1.87038966596932E-12	10.2787903498492	1E10	1E-30	1E-10	1E10	1E-30	1E-10	1E10	1E-30	1E-10	1E10	1E-30	1E-10	1E10	1E-30	1E-10	1E10	1E-30	1E-10	1E10	1E-30	1E-10
285	8.69999999999998E-12	1E10	1E10	1E-30	1.48390594880579E-10	1E10	1E-30	1E10	0.047	1E-30	5.68954552721927E-12	0.109116209118125	6.15872468647009E-11	4.24157153036899E-12	3.36951766293321	1.50304031885054E-11	7.17971599586279E-12	12.6914357651108	7.54501803518375E-11	7.80883340820955E-13	1.43495182692057	3.95087689539535E-11	1.09665325119468E-12	2.75079577305199	6.12525461007213E-12	4.55159476703836E-12	7.25131380516385	1.00120183194343E-11	1.84814022617423E-12	4.90024685282924	6.26169393351765E-12	1.87038966596932E-12	10.2787903498492	1E10	1E-30	1E-10	1E10	1E-30	1E-10	1E10	1E-30	1E-10	1E10	1E-30	1E-10	1E10	1E-30	1E-10	1E10	1E-30	1E-10	1E10	1E-30	1E-10
286	8.69999999999998E-12	1E10	1E10	1E-30	1.48390594880579E-10	1E10	1E-30	1E10	0.047	1E-30	5.68954552721927E-12	0.109116209118125	6.15872468647009E-11	4.24157153036899E-12	3.36951766293321	1.50304031885054E-11	7.17971599586279E-12	12.6914357651108	7.54501803518375E-11	7.80883340820955E-13	1.43495182692057	3.95087689539535E-11	1.09665325119468E-12	2.75079577305199	6.12525461007213E-12	4.55159476703836E-12	7.25131380516385	1.00120183194343E-11	1.84814022617423E-12	4.90024685282924	6.26169393351765E-12	1.87038966596932E-12	10.2787903498492	1E10	1E-30	1E-10	1E10	1E-30	1E-10	1E10	1E-30	1E-10	1E10	1E-30	1E-10	1E10	1E-30	1E-10	1E10	1E-30	1E-10	1E10	1E-30	1E-10
287	8.69999999999998E-12	1E10	1E10	1E-30	1.48390594880579E-10	1E10	1E-30	1E10	0.047	1E-30	5.68954552721927E-12	0.109116209118125	6.15872468647009E-11	4.24157153036899E-12	3.36951766293321	1.50304031885054E-11	7.17971599586279E-12	12.6914357651108	7.54501803518375E-11	7.80883340820955E-13	1.43495182692057	3.95087689539535E-11	1.09665325119468E-12	2.75079577305199	6.12525461007213E-12	4.55159476703836E-12	7.25131380516385	1.00120183194343E-11	1.84814022617423E-12	4.90024685282924	6.26169393351765E-12	1.87038966596932E-12	10.2787903498492	1E10	1E-30	1E-10	1E10	1E-30	1E-10	1E10	1E-30	1E-10	1E10	1E-30	1E-10	1E10	1E-30	1E-10	1E10	1E-30	1E-10	1E10	1E-30	1E-10
288	8.8E-12	1E10	1E10	1E-30	1.48390594880579E-10	1E10	1E-30	1E10	0.047	1E-30	5.68954552721927E-12	0.109116209118125	6.15872468647009E-11	4.24157153036899E-12	3.36951766293321	1.50304031885054E-11	7.17971599586279E-12	12.6914357651108	7.54501803518375E-11	7.80883340820955E-13	1.43495182692057	3.95087689539535E-11	1.09665325119468E-12	2.75079577305199	6.12525461007213E-12	4.55159476703836E-12	7.25131380516385	1.00120183194343E-11	1.84814022617423E-12	4.90024685282924	6.26169393351765E-12	1.87038966596932E-12	10.2787903498492	1E10	1E-30	1E-10	1E10	1E-30	1E-10	1E10	1E-30	1E-10	1E10	1E-30	1E-10	1E10	1E-30	1E-10	1E10	1E-30	1E-10	1E10	1E-30	1E-10
289	8.8E-12	1E10	1E10	1E-30	1.48390594880579E-10	1E10	1E-30	1E10	0.047	1E-30	5.68954552721927E-12	0.109116209118125	6.15872468647009E-11	4.24157153036899E-12	3.36951766293321	1.50304031885054E-11	7.17971599586279E-12	12.6914357651108	7.54501803518375E-11	7.80883340820955E-13	1.43495182692057	3.95087689539535E-11	1.09665325119468E-12	2.75079577305199	6.12525461007213E-12	4.55159476703836E-12	7.25131380516385	1.00120183194343E-11	1.84814022617423E-12	4.90024685282924	6.26169393351765E-12	1.87038966596932E-12	10.2787903498492	1E10	1E-30	1E-10	1E10	1E-30	1E-10	1E10	1E-30	1E-10	1E10	1E-30	1E-10	1E10	1E-30	1E-10	1E10	1E-30	1E-10	1E10	1E-30	1E-10
290	8.8E-12	1E10	1E10	1E-30	1.48390594880579E-10	1E10	1E-30	1E10	0.047	1E-30	5.68954552721927E-12	0.109116209118125	6.15872468647009E-11	4.24157153036899E-12	3.36951766293321	1.50304031885054E-11	7.17971599586279E-12	12.6914357651108	7.54501803518375E-11	7.80883340820955E-13	1.43495182692057	3.95087689539535E-11	1.09665325119468E-12	2.75079577305199	6.12525461007213E-12	4.55159476703836E-12	7.25131380516385	1.00120183194343E-11	1.84814022617423E-12	4.90024685282924	6.26169393351765E-12	1.87038966596932E-12	10.2787903498492	1E10	1E-30	1E-10	1E10	1E-30	1E-10	1E10	1E-30	1E-10	1E10	1E-30	1E-10	1E10	1E-30	1E-10	1E10	1E-30	1E-10	1E10	1E-30	1E-10
291	8.8E-12	1E10	1E10	1E-30	1.48390594880579E-10	1E10	1E-30	1E10	0.047	1E-30	5.68954552721927E-12	0.109116209118125	6.15872468647009E-11	4.24157153036899E-12	3.36951766293321	1.50304031885054E-11	7.17971599586279E-12	12.6914357651108	7.54501803518375E-11	7.80883340820955E-13	1.43495182692057	3.95087689539535E-11	1.09665325119468E-12	2.75079577305199	6.12525461007213E-12	4.55159476703836E-12	7.25131380516385	1.00120183194343E-11	1.84814022617423E-12	4.90024685282924	6.26169393351765E-12	1.87038966596932E-12	10.2787903498492	1E10	1E-30	1E-10	1E10	1E-30	1E-10	1E10	1E-30	1E-10	1E10	1E-30	1E-10	1E10	1E-30	1E-10	1E10	1E-30	1E-10	1E10	1E-30	1E-10
292	8.9E-12	1E10	1E10	1E-30	1.53469620888146E-10	1E10	1E-30	1E10	0.046	1E-30	7.96000452510666E-12	8.39158831698871E-02	7.10355565618258E-11	3.73941614897095E-12	2.60311482882705	1.52268511569213E-11	7.15667262441098E-12	11.2204865562501	5.81791945433046E-11	1.0261714112303E-12	2.20428670195747	3.39418306539965E-11	1.2877850064938E-12	2.92587662123782	1.46840688148354E-11	2.34119156324997E-12	3.45937133512281	6.94405799674925E-12	1.70755346235619E-12	9.26105897795851	1E10	1E-30	1E-10	1E10	1E-30	1E-10	1E10	1E-30	1E-10	1E10	1E-30	1E-10	1E10	1E-30	1E-10	1E10	1E-30	1E-10	1E10	1E-30	1E-10	1E10	1E-30	1E-10
293	8.9E-12	1E10	1E10	1E-30	1.53469620888146E-10	1E10	1E-30	1E10	0.046	1E-30	7.96000452510666E-12	8.39158831698871E-02	7.10355565618258E-11	3.73941614897095E-12	2.60311482882705	1.52268511569213E-11	7.15667262441098E-12	11.2204865562501	5.81791945433046E-11	1.0261714112303E-12	2.20428670195747	3.39418306539965E-11	1.2877850064938E-12	2.92587662123782	1.46840688148354E-11	2.34119156324997E-12	3.45937133512281	6.94405799674925E-12	1.70755346235619E-12	9.26105897795851	1E10	1E-30	1E-10	1E10	1E-30	1E-10	1E10	1E-30	1E-10	1E10	1E-30	1E-10	1E10	1E-30	1E-10	1E10	1E-30	1E-10	1E10	1E-30	1E-10	1E10	1E-30	1E-10
294	8.9E-12	1E10	1E10	1E-30	1.53469620888146E-10	1E10	1E-30	1E10	0.046	1E-30	7.96000452510666E-12	8.39158831698871E-02	7.10355565618258E-11	3.73941614897095E-12	2.60311482882705	1.52268511569213E-11	7.15667262441098E-12	11.2204865562501	5.81791945433046E-11	1.0261714112303E-12	2.20428670195747	3.39418306539965E-11	1.2877850064938E-12	2.92587662123782	1.46840688148354E-11	2.34119156324997E-12	3.45937133512281	6.94405799674925E-12	1.70755346235619E-12	9.26105897795851	1E10	1E-30	1E-10	1E10	1E-30	1E-10	1E10	1E-30	1E-10	1E10	1E-30	1E-10	1E10	1E-30	1E-10	1E10	1E-30	1E-10	1E10	1E-30	1E-10	1E10	1E-30	1E-10
295	8.9E-12	1E10	1E10	1E-30	1.53469620888146E-10	1E10	1E-30	1E10	0.046	1E-30	7.96000452510666E-12	8.39158831698871E-02	7.10355565618258E-11	3.73941614897095E-12	2.60311482882705	1.52268511569213E-11	7.15667262441098E-12	11.2204865562501	5.81791945433046E-11	1.0261714112303E-12	2.20428670195747	3.39418306539965E-11	1.2877850064938E-12	2.92587662123782	1.46840688148354E-11	2.34119156324997E-12	3.45937133512281	6.94405799674925E-12	1.70755346235619E-12	9.26105897795851	1E10	1E-30	1E-10	1E10	1E-30	1E-10	1E10	1E-30	1E-10	1E10	1E-30	1E-10	1E10	1E-30	1E-10	1E10	1E-30	1E-10	1E10	1E-30	1E-10	1E10	1E-30	1E-10
296	9E-12	1E10	1E10	1E-30	1.53469620888146E-10	1E10	1E-30	1E10	0.046	1E-30	7.96000452510666E-12	8.39158831698871E-02	7.10355565618258E-11	3.73941614897095E-12	2.60311482882705	1.52268511569213E-11	7.15667262441098E-12	11.2204865562501	5.81791945433046E-11	1.0261714112303E-12	2.20428670195747	3.39418306539965E-11	1.2877850064938E-12	2.92587662123782	1.46840688148354E-11	2.34119156324997E-12	3.45937133512281	6.94405799674925E-12	1.70755346235619E-12	9.26105897795851	1E10	1E-30	1E-10	1E10	1E-30	1E-10	1E10	1E-30	1E-10	1E10	1E-30	1E-10	1E10	1E-30	1E-10	1E10	1E-30	1E-10	1E10	1E-30	1E-10	1E10	1E-30	1E-10
297	9E-12	1E10	1E10	1E-30	1.53469620888146E-10	1E10	1E-30	1E10	0.046	1E-30	7.96000452510666E-12	8.39158831698871E-02	7.10355565618258E-11	3.73941614897095E-12	2.60311482882705	1.52268511569213E-11	7.15667262441098E-12	11.2204865562501	5.81791945433046E-11	1.0261714112303E-12	2.20428670195747	3.39418306539965E-11	1.2877850064938E-12	2.92587662123782	1.46840688148354E-11	2.34119156324997E-12	3.45937133512281	6.94405799674925E-12	1.70755346235619E-12	9.26105897795851	1E10	1E-30	1E-10	1E10	1E-30	1E-10	1E10	1E-30	1E-10	1E10	1E-30	1E-10	1E10	1E-30	1E-10	1E10	1E-30	1E-10	1E10	1E-30	1E-10	1E10	1E-30	1E-10
298	9E-12	1E10	1E10	1E-30	1.53469620888146E-10	1E10	1E-30	1E10	0.046	1E-30	7.96000452510666E-12	8.39158831698871E-02	7.10355565618258E-11	3.73941614897095E-12	2.60311482882705	1.52268511569213E-11	7.15667262441098E-12	11.2204865562501	5.81791945433046E-11	1.0261714112303E-12	2.20428670195747	3.39418306539965E-11	1.2877850064938E-12	2.92587662123782	1.46840688148354E-11	2.34119156324997E-12	3.45937133512281	6.94405799674925E-12	1.70755346235619E-12	9.26105897795851	1E10	1E-30	1E-10	1E10	1E-30	1E-10	1E10	1E-30	1E-10	1E10	1E-30	1E-10	1E10	1E-30	1E-10	1E10	1E-30	1E-10	1E10	1E-30	1E-10	1E10	1E-30	1E-10
299	9E-12	1E10	1E10	1E-30	1.53469620888146E-10	1E10	1E-30	1E10	0.046	1E-30	7.96000452510666E-12	8.39158831698871E-02	7.10355565618258E-11	3.73941614897095E-12	2.60311482882705	1.52268511569213E-11	7.15667262441098E-12	11.2204865562501	5.81791945433046E-11	1.0261714112303E-12	2.20428670195747	3.39418306539965E-11	1.2877850064938E-12	2.92587662123782	1.46840688148354E-11	2.34119156324997E-12	3.45937133512281	6.94405799674925E-12	1.70755346235619E-12	9.26105897795851	1E10	1E-30	1E-10	1E10	1E-30	1E-10	1E10	1E-30	1E-10	1E10	1E-30	1E-10	1E10	1E-30	1E-10	1E10	1E-30	1E-10	1E10	1E-30	1E-10	1E10	1E-30	1E-10
300	9.1E-12	1E10	1E10	1E-30	1.53469620888146E-10	1E10	1E-30	1E10	0.046	1E-30	7.96000452510666E-12	8.39158831698871E-02	7.10355565618258E-11	3.73941614897095E-12	2.60311482882705	1.52268511569213E-11	7.15667262441098E-12	11.2204865562501	5.81791945433046E-11	1.0261714112303E-12	2.20428670195747	3.39418306539965E-11	1.2877850064938E-12	2.92587662123782	1.46840688148354E-11	2.34119156324997E-12	3.45937133512281	6.94405799674925E-12	1.70755346235619E-12	9.26105897795851	1E10	1E-30	1E-10	1E10	1E-30	1E-10	1E10	1E-30	1E-10	1E10	1E-30	1E-10	1E10	1E-30	1E-10	1E10	1E-30	1E-10	1E10	1E-30	1E-10	1E10	1E-30	1E-10
301	9.1E-12	1E10	1E10	1E-30	1.53469620888146E-10	1E10	1E-30	1E10	0.046	1E-30	7.96000452510666E-12	8.39158831698871E-02	7.10355565618258E-11	3.73941614897095E-12	2.60311482882705	1.52268511569213E-11	7.15667262441098E-12	11.2204865562501	5.81791945433046E-11	1.0261714112303E-12	2.20428670195747	3.39418306539965E-11	1.2877850064938E-12	2.92587662123782	1.46840688148354E-11	2.34119156324997E-12	3.45937133512281	6.94405799674925E-12	1.70755346235619E-12	9.26105897795851	1E10	1E-30	1E-10	1E10	1E-30	1E-10	1E10	1E-30	1E-10	1E10	1E-30	1E-10	1E10	1E-30	1E-10	1E10	1E-30	1E-10	1E10	1E-30	1E-10	1E10	1E-30	1E-10
302	9.1E-12	1E10	1E10	1E-30	1.53469620888146E-10	1E10	1E-30	1E10	0.046	1E-30	7.96000452510666E-12	8.39158831698871E-02	7.10355565618258E-11	3.73941614897095E-12	2.60311482882705	1.52268511569213E-11	7.15667262441098E-12	11.2204865562501	5.81791945433046E-11	1.0261714112303E-12	2.20428670195747	3.39418306539965E-11	1.2877850064938E-12	2.92587662123782	1.46840688148354E-11	2.34119156324997E-12	3.45937133512281	6.94405799674925E-12	1.70755346235619E-12	9.26105897795851	1E10	1E-30	1E-10	1E10	1E-30	1E-10	1E10	1E-30	1E-10	1E10	1E-30	1E-10	1E10	1E-30	1E-10	1E10	1E-30	1E-10	1E10	1E-30	1E-10	1E10	1E-30	1E-10
303	9.1E-12	1E10	1E10	1E-30	1.53469620888146E-10	1E10	1E-30	1E10	0.046	1E-30	7.96000452510666E-12	8.39158831698871E-02	7.10355565618258E-11	3.73941614897095E-12	2.60311482882705	1.52268511569213E-11	7.15667262441098E-12	11.2204865562501	5.81791945433046E-11	1.0261714112303E-12	2.20428670195747	3.39418306539965E-11	1.2877850064938E-12	2.92587662123782	1.46840688148354E-11	2.34119156324997E-12	3.45937133512281	6.94405799674925E-12	1.70755346235619E-12	9.26105897795851	1E10	1E-30	1E-10	1E10	1E-30	1E-10	1E10	1E-30	1E-10	1E10	1E-30	1E-10	1E10	1E-30	1E-10	1E10	1E-30	1E-10	1E10	1E-30	1E-10	1E10	1E-30	1E-10
304	9.2E-12	1E10	1E10	1E-30	1.43828077410361E-10	1E10	1E-30	1E10	0.045	1E-30	5.89508707626978E-12	9.88550860122467E-02	4.20965931579146E-11	6.60905017719886E-12	6.64031589952911	1.51008798545843E-11	7.50180314021925E-12	11.8718764710265	7.68635609599444E-11	7.94295863953799E-13	1.60741330859524	3.17137081549821E-11	1.40698541046827E-12	3.28075810762103	6.46055829833433E-12	4.42023930232811E-12	7.17981695685089	1.14950843213241E-11	1.06346238530153E-12	6.73392576595712	5.55542391382718E-12	1.83622791270892E-12	15.5107019641428	1E10	1E-30	1E-10	1E10	1E-30	1E-10	1E10	1E-30	1E-10	1E10	1E-30	1E-10	1E10	1E-30	1E-10	1E10	1E-30	1E-10	1E10	1E-30	1E-10
305	9.2E-12	1E10	1E10	1E-30	1.43828077410361E-10	1E10	1E-30	1E10	0.045	1E-30	5.89508707626978E-12	9.88550860122467E-02	4.20965931579146E-11	6.60905017719886E-12	6.64031589952911	1.51008798545843E-11	7.50180314021925E-12	11.8718764710265	7.68635609599444E-11	7.94295863953799E-13	1.60741330859524	3.17137081549821E-11	1.40698541046827E-12	3.28075810762103	6.46055829833433E-12	4.42023930232811E-12	7.17981695685089	1.14950843213241E-11	1.06346238530153E-12	6.73392576595712	5.55542391382718E-12	1.83622791270892E-12	15.5107019641428	1E10	1E-30	1E-10	1E10	1E-30	1E-10	1E10	1E-30	1E-10	1E10	1E-30	1E-10	1E10	1E-30	1E-10	1E10	1E-30	1E-10	1E10	1E-30	1E-10
306	9.2E-12	1E10	1E10	1E-30	1.43828077410361E-10	1E10	1E-30	1E10	0.045	1E-30	5.89508707626978E-12	9.88550860122467E-02	4.20965931579146E-11	6.60905017719886E-12	6.64031589952911	1.51008798545843E-11	7.50180314021925E-12	11.8718764710265	7.68635609599444E-11	7.94295863953799E-13	1.60741330859524	3.17137081549821E-11	1.40698541046827E-12	3.28075810762103	6.46055829833433E-12	4.42023930232811E-12	7.17981695685089	1.14950843213241E-11	1.06346238530153E-12	6.73392576595712	5.55542391382718E-12	1.83622791270892E-12	15.5107019641428	1E10	1E-30	1E-10	1E10	1E-30	1E-10	1E10	1E-30	1E-10	1E10	1E-30	1E-10	1E10	1E-30	1E-10	1E10	1E-30	1E-10	1E10	1E-30	1E-10
307	9.2E-12	1E10	1E10	1E-30	1.43828077410361E-10	1E10	1E-30	1E10	0.045	1E-30	5.89508707626978E-12	9.88550860122467E-02	4.20965931579146E-11	6.60905017719886E-12	6.64031589952911	1.51008798545843E-11	7.50180314021925E-12	11.8718764710265	7.68635609599444E-11	7.94295863953799E-13	1.60741330859524	3.17137081549821E-11	1.40698541046827E-12	3.28075810762103	6.46055829833433E-12	4.42023930232811E-12	7.17981695685089	1.14950843213241E-11	1.06346238530153E-12	6.73392576595712	5.55542391382718E-12	1.83622791270892E-12	15.5107019641428	1E10	1E-30	1E-10	1E10	1E-30	1E-10	1E10	1E-30	1E-10	1E10	1E-30	1E-10	1E10	1E-30	1E-10	1E10	1E-30	1E-10	1E10	1E-30	1E-10
308	9.3E-12	1E10	1E10	1E-30	1.43828077410361E-10	1E10	1E-30	1E10	0.045	1E-30	5.89508707626978E-12	9.88550860122467E-02	4.20965931579146E-11	6.60905017719886E-12	6.64031589952911	1.51008798545843E-11	7.50180314021925E-12	11.8718764710265	7.68635609599444E-11	7.94295863953799E-13	1.60741330859524	3.17137081549821E-11	1.40698541046827E-12	3.28075810762103	6.46055829833433E-12	4.42023930232811E-12	7.17981695685089	1.14950843213241E-11	1.06346238530153E-12	6.73392576595712	5.55542391382718E-12	1.83622791270892E-12	15.5107019641428	1E10	1E-30	1E-10	1E10	1E-30	1E-10	1E10	1E-30	1E-10	1E10	1E-30	1E-10	1E10	1E-30	1E-10	1E10	1E-30	1E-10	1E10	1E-30	1E-10
309	9.3E-12	1E10	1E10	1E-30	1.43828077410361E-10	1E10	1E-30	1E10	0.045	1E-30	5.89508707626978E-12	9.88550860122467E-02	4.20965931579146E-11	6.60905017719886E-12	6.64031589952911	1.51008798545843E-11	7.50180314021925E-12	11.8718764710265	7.68635609599444E-11	7.94295863953799E-13	1.60741330859524	3.17137081549821E-11	1.40698541046827E-12	3.28075810762103	6.46055829833433E-12	4.42023930232811E-12	7.17981695685089	1.14950843213241E-11	1.06346238530153E-12	6.73392576595712	5.55542391382718E-12	1.83622791270892E-12	15.5107019641428	1E10	1E-30	1E-10	1E10	1E-30	1E-10	1E10	1E-30	1E-10	1E10	1E-30	1E-10	1E10	1E-30	1E-10	1E10	1E-30	1E-10	1E10	1E-30	1E-10
310	9.3E-12	1E10	1E10	1E-30	1.43828077410361E-10	1E10	1E-30	1E10	0.045	1E-30	5.89508707626978E-12	9.88550860122467E-02	4.20965931579146E-11	6.60905017719886E-12	6.64031589952911	1.51008798545843E-11	7.50180314021925E-12	11.8718764710265	7.68635609599444E-11	7.94295863953799E-13	1.60741330859524	3.17137081549821E-11	1.40698541046827E-12	3.28075810762103	6.46055829833433E-12	4.42023930232811E-12	7.17981695685089	1.14950843213241E-11	1.06346238530153E-12	6.73392576595712	5.55542391382718E-12	1.83622791270892E-12	15.5107019641428	1E10	1E-30	1E-10	1E10	1E-30	1E-10	1E10	1E-30	1E-10	1E10	1E-30	1E-10	1E10	1E-30	1E-10	1E10	1E-30	1E-10	1E10	1E-30	1E-10
311	9.3E-12	1E10	1E10	1E-30	1.43828077410361E-10	1E10	1E-30	1E10	0.045	1E-30	5.89508707626978E-12	9.88550860122467E-02	4.20965931579146E-11	6.60905017719886E-12	6.64031589952911	1.51008798545843E-11	7.50180314021925E-12	11.8718764710265	7.68635609599444E-11	7.94295863953799E-13	1.60741330859524	3.17137081549821E-11	1.40698541046827E-12	3.28075810762103	6.46055829833433E-12	4.42023930232811E-12	7.17981695685089	1.14950843213241E-11	1.06346238530153E-12	6.73392576595712	5.55542391382718E-12	1.83622791270892E-12	15.5107019641428	1E10	1E-30	1E-10	1E10	1E-30	1E-10	1E10	1E-30	1E-10	1E10	1E-30	1E-10	1E10	1E-30	1E-10	1E10	1E-30	1E-10	1E10	1E-30	1E-10
312	9.4E-12	1E10	1E10	1E-30	1.43828077410361E-10	1E10	1E-30	1E10	0.045	1E-30	5.89508707626978E-12	9.88550860122467E-02	4.20965931579146E-11	6.60905017719886E-12	6.64031589952911	1.51008798545843E-11	7.50180314021925E-12	11.8718764710265	7.68635609599444E-11	7.94295863953799E-13	1.60741330859524	3.17137081549821E-11	1.40698541046827E-12	3.28075810762103	6.46055829833433E-12	4.42023930232811E-12	7.17981695685089	1.14950843213241E-11	1.06346238530153E-12	6.73392576595712	5.55542391382718E-12	1.83622791270892E-12	15.5107019641428	1E10	1E-30	1E-10	1E10	1E-30	1E-10	1E10	1E-30	1E-10	1E10	1E-30	1E-10	1E10	1E-30	1E-10	1E10	1E-30	1E-10	1E10	1E-30	1E-10
313	9.4E-12	1E10	1E10	1E-30	1.43828077410361E-10	1E10	1E-30	1E10	0.045	1E-30	5.89508707626978E-12	9.88550860122467E-02	4.20965931579146E-11	6.60905017719886E-12	6.64031589952911	1.51008798545843E-11	7.50180314021925E-12	11.8718764710265	7.68635609599444E-11	7.94295863953799E-13	1.60741330859524	3.17137081549821E-11	1.40698541046827E-12	3.28075810762103	6.46055829833433E-12	4.42023930232811E-12	7.17981695685089	1.14950843213241E-11	1.06346238530153E-12	6.73392576595712	5.55542391382718E-12	1.83622791270892E-12	15.5107019641428	1E10	1E-30	1E-10	1E10	1E-30	1E-10	1E10	1E-30	1E-10	1E10	1E-30	1E-10	1E10	1E-30	1E-10	1E10	1E-30	1E-10	1E10	1E-30	1E-10
314	9.4E-12	1E10	1E10	1E-30	1.43828077410361E-10	1E10	1E-30	1E10	0.045	1E-30	5.89508707626978E-12	9.88550860122467E-02	4.20965931579146E-11	6.60905017719886E-12	6.64031589952911	1.51008798545843E-11	7.50180314021925E-12	11.8718764710265	7.68635609599444E-11	7.94295863953799E-13	1.60741330859524	3.17137081549821E-11	1.40698541046827E-12	3.28075810762103	6.46055829833433E-12	4.42023930232811E-12	7.17981695685089	1.14950843213241E-11	1.06346238530153E-12	6.73392576595712	5.55542391382718E-12	1.83622791270892E-12	15.5107019641428	1E10	1E-30	1E-10	1E10	1E-30	1E-10	1E10	1E-30	1E-10	1E10	1E-30	1E-10	1E10	1E-30	1E-10	1E10	1E-30	1E-10	1E10	1E-30	1E-10
315	9.4E-12	1E10	1E10	1E-30	1.43828077410361E-10	1E10	1E-30	1E10	0.045	1E-30	5.89508707626978E-12	9.88550860122467E-02	4.20965931579146E-11	6.60905017719886E-12	6.64031589952911	1.51008798545843E-11	7.50180314021925E-12	11.8718764710265	7.68635609599444E-11	7.94295863953799E-13	1.60741330859524	3.17137081549821E-11	1.40698541046827E-12	3.28075810762103	6.46055829833433E-12	4.42023930232811E-12	7.17981695685089	1.14950843213241E-11	1.06346238530153E-12	6.73392576595712	5.55542391382718E-12	1.83622791270892E-12	15.5107019641428	1E10	1E-30	1E-10	1E10	1E-30	1E-10	1E10	1E-30	1E-10	1E10	1E-30	1E-10	1E10	1E-30	1E-10	1E10	1E-30	1E-10	1E10	1E-30	1E-10
316	9.5E-12	1E10	1E10	1E-30	1.60621461158858E-10	1E10	1E-30	1E10	0.044	1E-30	7.64350779354962E-12	8.28346061810944E-02	8.27057499473449E-11	3.18594118661587E-12	3.96441040167036	1.24753013943752E-11	8.44383920647476E-12	11.2036510925741	9.01391849635251E-11	6.47297555448366E-13	1.11470546013028	4.91539356069145E-11	8.2867429572885E-13	2.1476122538819	4.00760703324812E-12	3.95559912155482E-12	10.8546306340034	1.23312657449759E-12	7.71388570436388E-12	35.6035101042084	1E10	1E-30	1E-10	1E10	1E-30	1E-10	1E10	1E-30	1E-10	1E10	1E-30	1E-10	1E10	1E-30	1E-10	1E10	1E-30	1E-10	1E10	1E-30	1E-10	1E10	1E-30	1E-10
317	9.5E-12	1E10	1E10	1E-30	1.60621461158858E-10	1E10	1E-30	1E10	0.044	1E-30	7.64350779354962E-12	8.28346061810944E-02	8.27057499473449E-11	3.18594118661587E-12	3.96441040167036	1.24753013943752E-11	8.44383920647476E-12	11.2036510925741	9.01391849635251E-11	6.47297555448366E-13	1.11470546013028	4.91539356069145E-11	8.2867429572885E-13	2.1476122538819	4.00760703324812E-12	3.95559912155482E-12	10.8546306340034	1.23312657449759E-12	7.71388570436388E-12	35.6035101042084	1E10	1E-30	1E-10	1E10	1E-30	1E-10	1E10	1E-30	1E-10	1E10	1E-30	1E-10	1E10	1E-30	1E-10	1E10	1E-30	1E-10	1E10	1E-30	1E-10	1E10	1E-30	1E-10
318	9.5E-12	1E10	1E10	1E-30	1.60621461158858E-10	1E10	1E-30	1E10	0.044	1E-30	7.64350779354962E-12	8.28346061810944E-02	8.27057499473449E-11	3.18594118661587E-12	3.96441040167036	1.24753013943752E-11	8.44383920647476E-12	11.2036510925741	9.01391849635251E-11	6.47297555448366E-13	1.11470546013028	4.91539356069145E-11	8.2867429572885E-13	2.1476122538819	4.00760703324812E-12	3.95559912155482E-12	10.8546306340034	1.23312657449759E-12	7.71388570436388E-12	35.6035101042084	1E10	1E-30	1E-10	1E10	1E-30	1E-10	1E10	1E-30	1E-10	1E10	1E-30	1E-10	1E10	1E-30	1E-10	1E10	1E-30	1E-10	1E10	1E-30	1E-10	1E10	1E-30	1E-10
319	9.5E-12	1E10	1E10	1E-30	1.60621461158858E-10	1E10	1E-30	1E10	0.044	1E-30	7.64350779354962E-12	8.28346061810944E-02	8.27057499473449E-11	3.18594118661587E-12	3.96441040167036	1.24753013943752E-11	8.44383920647476E-12	11.2036510925741	9.01391849635251E-11	6.47297555448366E-13	1.11470546013028	4.91539356069145E-11	8.2867429572885E-13	2.1476122538819	4.00760703324812E-12	3.95559912155482E-12	10.8546306340034	1.23312657449759E-12	7.71388570436388E-12	35.6035101042084	1E10	1E-30	1E-10	1E10	1E-30	1E-10	1E10	1E-30	1E-10	1E10	1E-30	1E-10	1E10	1E-30	1E-10	1E10	1E-30	1E-10	1E10	1E-30	1E-10	1E10	1E-30	1E-10
320	9.6E-12	1E10	1E10	1E-30	1.60621461158858E-10	1E10	1E-30	1E10	0.044	1E-30	7.64350779354962E-12	8.28346061810944E-02	8.27057499473449E-11	3.18594118661587E-12	3.96441040167036	1.24753013943752E-11	8.44383920647476E-12	11.2036510925741	9.01391849635251E-11	6.47297555448366E-13	1.11470546013028	4.91539356069145E-11	8.2867429572885E-13	2.1476122538819	4.00760703324812E-12	3.95559912155482E-12	10.8546306340034	1.23312657449759E-12	7.71388570436388E-12	35.6035101042084	1E10	1E-30	1E-10	1E10	1E-30	1E-10	1E10	1E-30	1E-10	1E10	1E-30	1E-10	1E10	1E-30	1E-10	1E10	1E-30	1E-10	1E10	1E-30	1E-10	1E10	1E-30	1E-10
321	9.6E-12	1E10	1E10	1E-30	1.60621461158858E-10	1E10	1E-30	1E10	0.044	1E-30	7.64350779354962E-12	8.28346061810944E-02	8.27057499473449E-11	3.18594118661587E-12	3.96441040167036	1.24753013943752E-11	8.44383920647476E-12	11.2036510925741	9.01391849635251E-11	6.47297555448366E-13	1.11470546013028	4.91539356069145E-11	8.2867429572885E-13	2.1476122538819	4.00760703324812E-12	3.95559912155482E-12	10.8546306340034	1.23312657449759E-12	7.71388570436388E-12	35.6035101042084	1E10	1E-30	1E-10	1E10	1E-30	1E-10	1E10	1E-30	1E-10	1E10	1E-30	1E-10	1E10	1E-30	1E-10	1E10	1E-30	1E-10	1E10	1E-30	1E-10	1E10	1E-30	1E-10
322	9.6E-12	1E10	1E10	1E-30	1.60621461158858E-10	1E10	1E-30	1E10	0.044	1E-30	7.64350779354962E-12	8.28346061810944E-02	8.27057499473449E-11	3.18594118661587E-12	3.96441040167036	1.24753013943752E-11	8.44383920647476E-12	11.2036510925741	9.01391849635251E-11	6.47297555448366E-13	1.11470546013028	4.91539356069145E-11	8.2867429572885E-13	2.1476122538819	4.00760703324812E-12	3.95559912155482E-12	10.8546306340034	1.23312657449759E-12	7.71388570436388E-12	35.6035101042084	1E10	1E-30	1E-10	1E10	1E-30	1E-10	1E10	1E-30	1E-10	1E10	1E-30	1E-10	1E10	1E-30	1E-10	1E10	1E-30	1E-10	1E10	1E-30	1E-10	1E10	1E-30	1E-10
323	9.6E-12	1E10	1E10	1E-30	1.60621461158858E-10	1E10	1E-30	1E10	0.044	1E-30	7.64350779354962E-12	8.28346061810944E-02	8.27057499473449E-11	3.18594118661587E-12	3.96441040167036	1.24753013943752E-11	8.44383920647476E-12	11.2036510925741	9.01391849635251E-11	6.47297555448366E-13	1.11470546013028	4.91539356069145E-11	8.2867429572885E-13	2.1476122538819	4.00760703324812E-12	3.95559912155482E-12	10.8546306340034	1.23312657449759E-12	7.71388570436388E-12	35.6035101042084	1E10	1E-30	1E-10	1E10	1E-30	1E-10	1E10	1E-30	1E-10	1E10	1E-30	1E-10	1E10	1E-30	1E-10	1E10	1E-30	1E-10	1E10	1E-30	1E-10	1E10	1E-30	1E-10
324	9.7E-12	1E10	1E10	1E-30	1.60621461158858E-10	1E10	1E-30	1E10	0.044	1E-30	7.64350779354962E-12	8.28346061810944E-02	8.27057499473449E-11	3.18594118661587E-12	3.96441040167036	1.24753013943752E-11	8.44383920647476E-12	11.2036510925741	9.01391849635251E-11	6.47297555448366E-13	1.11470546013028	4.91539356069145E-11	8.2867429572885E-13	2.1476122538819	4.00760703324812E-12	3.95559912155482E-12	10.8546306340034	1.23312657449759E-12	7.71388570436388E-12	35.6035101042084	1E10	1E-30	1E-10	1E10	1E-30	1E-10	1E10	1E-30	1E-10	1E10	1E-30	1E-10	1E10	1E-30	1E-10	1E10	1E-30	1E-10	1E10	1E-30	1E-10	1E10	1E-30	1E-10
325	9.7E-12	1E10	1E10	1E-30	1.60621461158858E-10	1E10	1E-30	1E10	0.044	1E-30	7.64350779354962E-12	8.28346061810944E-02	8.27057499473449E-11	3.18594118661587E-12	3.96441040167036	1.24753013943752E-11	8.44383920647476E-12	11.2036510925741	9.01391849635251E-11	6.47297555448366E-13	1.11470546013028	4.91539356069145E-11	8.2867429572885E-13	2.1476122538819	4.00760703324812E-12	3.95559912155482E-12	10.8546306340034	1.23312657449759E-12	7.71388570436388E-12	35.6035101042084	1E10	1E-30	1E-10	1E10	1E-30	1E-10	1E10	1E-30	1E-10	1E10	1E-30	1E-10	1E10	1E-30	1E-10	1E10	1E-30	1E-10	1E10	1E-30	1E-10	1E10	1E-30	1E-10
326	9.7E-12	1E10	1E10	1E-30	1.60621461158858E-10	1E10	1E-30	1E10	0.044	1E-30	7.64350779354962E-12	8.28346061810944E-02	8.27057499473449E-11	3.18594118661587E-12	3.96441040167036	1.24753013943752E-11	8.44383920647476E-12	11.2036510925741	9.01391849635251E-11	6.47297555448366E-13	1.11470546013028	4.91539356069145E-11	8.2867429572885E-13	2.1476122538819	4.00760703324812E-12	3.95559912155482E-12	10.8546306340034	1.23312657449759E-12	7.71388570436388E-12	35.6035101042084	1E10	1E-30	1E-10	1E10	1E-30	1E-10	1E10	1E-30	1E-10	1E10	1E-30	1E-10	1E10	1E-30	1E-10	1E10	1E-30	1E-10	1E10	1E-30	1E-10	1E10	1E-30	1E-10
327	9.7E-12	1E10	1E10	1E-30	1.60621461158858E-10	1E10	1E-30	1E10	0.044	1E-30	7.64350779354962E-12	8.28346061810944E-02	8.27057499473449E-11	3.18594118661587E-12	3.96441040167036	1.24753013943752E-11	8.44383920647476E-12	11.2036510925741	9.01391849635251E-11	6.47297555448366E-13	1.11470546013028	4.91539356069145E-11	8.2867429572885E-13	2.1476122538819	4.00760703324812E-12	3.95559912155482E-12	10.8546306340034	1.23312657449759E-12	7.71388570436388E-12	35.6035101042084	1E10	1E-30	1E-10	1E10	1E-30	1E-10	1E10	1E-30	1E-10	1E10	1E-30	1E-10	1E10	1E-30	1E-10	1E10	1E-30	1E-10	1E10	1E-30	1E-10	1E10	1E-30	1E-10
328	9.8E-12	1E10	1E10	1E-30	1.60457832240503E-10	1E10	1E-30	1E10	5.32997174774415E-02	1E-30	4.84376700295409E-12	0.112482942244972	8.57486865543742E-11	3.19894802812322E-12	3.26594426841631	1.58543848729751E-11	6.85738824918092E-12	10.005755149055	1.02627457152799E-10	5.67518594444307E-13	0.843823071787215	3.18157815157765E-11	1.31270813113496E-12	2.64352377706317	6.90337674470519E-12	3.78417436869896E-12	7.22295981586998	1.75195797294472E-12	5.52301976204251E-12	6.46933579455216	1E10	1E-30	1E-10	1E10	1E-30	1E-10	1E10	1E-30	1E-10	1E10	1E-30	1E-10	1E10	1E-30	1E-10	1E10	1E-30	1E-10	1E10	1E-30	1E-10	1E10	1E-30	1E-10
329	9.8E-12	1E10	1E10	1E-30	1.60457832240503E-10	1E10	1E-30	1E10	5.32997174774415E-02	1E-30	4.84376700295409E-12	0.112482942244972	8.57486865543742E-11	3.19894802812322E-12	3.26594426841631	1.58543848729751E-11	6.85738824918092E-12	10.005755149055	1.02627457152799E-10	5.67518594444307E-13	0.843823071787215	3.18157815157765E-11	1.31270813113496E-12	2.64352377706317	6.90337674470519E-12	3.78417436869896E-12	7.22295981586998	1.75195797294472E-12	5.52301976204251E-12	6.46933579455216	1E10	1E-30	1E-10	1E10	1E-30	1E-10	1E10	1E-30	1E-10	1E10	1E-30	1E-10	1E10	1E-30	1E-10	1E10	1E-30	1E-10	1E10	1E-30	1E-10	1E10	1E-30	1E-10
330	9.8E-12	1E10	1E10	1E-30	1.60457832240503E-10	1E10	1E-30	1E10	5.32997174774415E-02	1E-30	4.84376700295409E-12	0.112482942244972	8.57486865543742E-11	3.19894802812322E-12	3.26594426841631	1.58543848729751E-11	6.85738824918092E-12	10.005755149055	1.02627457152799E-10	5.67518594444307E-13	0.843823071787215	3.18157815157765E-11	1.31270813113496E-12	2.64352377706317	6.90337674470519E-12	3.78417436869896E-12	7.22295981586998	1.75195797294472E-12	5.52301976204251E-12	6.46933579455216	1E10	1E-30	1E-10	1E10	1E-30	1E-10	1E10	1E-30	1E-10	1E10	1E-30	1E-10	1E10	1E-30	1E-10	1E10	1E-30	1E-10	1E10	1E-30	1E-10	1E10	1E-30	1E-10
331	9.8E-12	1E10	1E10	1E-30	1.60457832240503E-10	1E10	1E-30	1E10	5.32997174774415E-02	1E-30	4.84376700295409E-12	0.112482942244972	8.57486865543742E-11	3.19894802812322E-12	3.26594426841631	1.58543848729751E-11	6.85738824918092E-12	10.005755149055	1.02627457152799E-10	5.67518594444307E-13	0.843823071787215	3.18157815157765E-11	1.31270813113496E-12	2.64352377706317	6.90337674470519E-12	3.78417436869896E-12	7.22295981586998	1.75195797294472E-12	5.52301976204251E-12	6.46933579455216	1E10	1E-30	1E-10	1E10	1E-30	1E-10	1E10	1E-30	1E-10	1E10	1E-30	1E-10	1E10	1E-30	1E-10	1E10	1E-30	1E-10	1E10	1E-30	1E-10	1E10	1E-30	1E-10
332	9.9E-12	1E10	1E10	1E-30	1.60457832240503E-10	1E10	1E-30	1E10	5.32997174774415E-02	1E-30	4.84376700295409E-12	0.112482942244972	8.57486865543742E-11	3.19894802812322E-12	3.26594426841631	1.58543848729751E-11	6.85738824918092E-12	10.005755149055	1.02627457152799E-10	5.67518594444307E-13	0.843823071787215	3.18157815157765E-11	1.31270813113496E-12	2.64352377706317	6.90337674470519E-12	3.78417436869896E-12	7.22295981586998	1.75195797294472E-12	5.52301976204251E-12	6.46933579455216	1E10	1E-30	1E-10	1E10	1E-30	1E-10	1E10	1E-30	1E-10	1E10	1E-30	1E-10	1E10	1E-30	1E-10	1E10	1E-30	1E-10	1E10	1E-30	1E-10	1E10	1E-30	1E-10
333	9.9E-12	1E10	1E10	1E-30	1.60457832240503E-10	1E10	1E-30	1E10	5.32997174774415E-02	1E-30	4.84376700295409E-12	0.112482942244972	8.57486865543742E-11	3.19894802812322E-12	3.26594426841631	1.58543848729751E-11	6.85738824918092E-12	10.005755149055	1.02627457152799E-10	5.67518594444307E-13	0.843823071787215	3.18157815157765E-11	1.31270813113496E-12	2.64352377706317	6.90337674470519E-12	3.78417436869896E-12	7.22295981586998	1.75195797294472E-12	5.52301976204251E-12	6.46933579455216	1E10	1E-30	1E-10	1E10	1E-30	1E-10	1E10	1E-30	1E-10	1E10	1E-30	1E-10	1E10	1E-30	1E-10	1E10	1E-30	1E-10	1E10	1E-30	1E-10	1E10	1E-30	1E-10
334	9.9E-12	1E10	1E10	1E-30	1.60457832240503E-10	1E10	1E-30	1E10	5.32997174774415E-02	1E-30	4.84376700295409E-12	0.112482942244972	8.57486865543742E-11	3.19894802812322E-12	3.26594426841631	1.58543848729751E-11	6.85738824918092E-12	10.005755149055	1.02627457152799E-10	5.67518594444307E-13	0.843823071787215	3.18157815157765E-11	1.31270813113496E-12	2.64352377706317	6.90337674470519E-12	3.78417436869896E-12	7.22295981586998	1.75195797294472E-12	5.52301976204251E-12	6.46933579455216	1E10	1E-30	1E-10	1E10	1E-30	1E-10	1E10	1E-30	1E-10	1E10	1E-30	1E-10	1E10	1E-30	1E-10	1E10	1E-30	1E-10	1E10	1E-30	1E-10	1E10	1E-30	1E-10
335	9.9E-12	1E10	1E10	1E-30	1.60457832240503E-10	1E10	1E-30	1E10	5.32997174774415E-02	1E-30	4.84376700295409E-12	0.112482942244972	8.57486865543742E-11	3.19894802812322E-12	3.26594426841631	1.58543848729751E-11	6.85738824918092E-12	10.005755149055	1.02627457152799E-10	5.67518594444307E-13	0.843823071787215	3.18157815157765E-11	1.31270813113496E-12	2.64352377706317	6.90337674470519E-12	3.78417436869896E-12	7.22295981586998	1.75195797294472E-12	5.52301976204251E-12	6.46933579455216	1E10	1E-30	1E-10	1E10	1E-30	1E-10	1E10	1E-30	1E-10	1E10	1E-30	1E-10	1E10	1E-30	1E-10	1E10	1E-30	1E-10	1E10	1E-30	1E-10	1E10	1E-30	1E-10
336	1E-11	1E10	1E10	1E-30	1.60457832240503E-10	1E10	1E-30	1E10	5.32997174774415E-02	1E-30	4.84376700295409E-12	0.112482942244972	8.57486865543742E-11	3.19894802812322E-12	3.26594426841631	1.58543848729751E-11	6.85738824918092E-12	10.005755149055	1.02627457152799E-10	5.67518594444307E-13	0.843823071787215	3.18157815157765E-11	1.31270813113496E-12	2.64352377706317	6.90337674470519E-12	3.78417436869896E-12	7.22295981586998	1.75195797294472E-12	5.52301976204251E-12	6.46933579455216	1E10	1E-30	1E-10	1E10	1E-30	1E-10	1E10	1E-30	1E-10	1E10	1E-30	1E-10	1E10	1E-30	1E-10	1E10	1E-30	1E-10	1E10	1E-30	1E-10	1E10	1E-30	1E-10
337	1E-11	1E10	1E10	1E-30	1.60457832240503E-10	1E10	1E-30	1E10	5.32997174774415E-02	1E-30	4.84376700295409E-12	0.112482942244972	8.57486865543742E-11	3.19894802812322E-12	3.26594426841631	1.58543848729751E-11	6.85738824918092E-12	10.005755149055	1.02627457152799E-10	5.67518594444307E-13	0.843823071787215	3.18157815157765E-11	1.31270813113496E-12	2.64352377706317	6.90337674470519E-12	3.78417436869896E-12	7.22295981586998	1.75195797294472E-12	5.52301976204251E-12	6.46933579455216	1E10	1E-30	1E-10	1E10	1E-30	1E-10	1E10	1E-30	1E-10	1E10	1E-30	1E-10	1E10	1E-30	1E-10	1E10	1E-30	1E-10	1E10	1E-30	1E-10	1E10	1E-30	1E-10
338	1.1E-11	1E10	1E10	1E-30	1.66226420145824E-10	1E10	1E-30	1E10	5.19999999999999E-02	1E-30	7.53048540695824E-12	6.98327575476844E-02	1.06284986882595E-10	2.82106477786896E-12	2.8699321373123	1.580052252332E-11	7.63274752531928E-12	9.63857190452559	1.07947649162469E-10	6.00816893088874E-13	0.801701491535245	3.91934224749147E-11	1.19878730497691E-12	2.10868977223994	5.09644191057929E-12	5.06699783321473E-12	8.79048205283866	7.5144801662112E-12	2.36441314537663E-12	3.83718458908711	1E10	1E-30	1E-10	1E10	1E-30	1E-10	1E10	1E-30	1E-10	1E10	1E-30	1E-10	1E10	1E-30	1E-10	1E10	1E-30	1E-10	1E10	1E-30	1E-10	1E10	1E-30	1E-10
339	1.1E-11	1E10	1E10	1E-30	1.66226420145824E-10	1E10	1E-30	1E10	5.19999999999999E-02	1E-30	7.53048540695824E-12	6.98327575476844E-02	1.06284986882595E-10	2.82106477786896E-12	2.8699321373123	1.580052252332E-11	7.63274752531928E-12	9.63857190452559	1.07947649162469E-10	6.00816893088874E-13	0.801701491535245	3.91934224749147E-11	1.19878730497691E-12	2.10868977223994	5.09644191057929E-12	5.06699783321473E-12	8.79048205283866	7.5144801662112E-12	2.36441314537663E-12	3.83718458908711	1E10	1E-30	1E-10	1E10	1E-30	1E-10	1E10	1E-30	1E-10	1E10	1E-30	1E-10	1E10	1E-30	1E-10	1E10	1E-30	1E-10	1E10	1E-30	1E-10	1E10	1E-30	1E-10
340	1.2E-11	1E10	1E10	1E-30	1.53454680363041E-10	1E10	1E-30	1E10	0.049	1E-30	6.51140400219495E-12	8.32212092704672E-02	9.61343794261255E-11	3.23730419251753E-12	3.53602989517911	1.66274630052856E-11	7.36038566864962E-12	9.55507328092369	1.47057845058532E-10	4.39005142971657E-13	0.661049562514302	4.76079627785722E-11	9.81646838533445E-13	1.82068167940603	6.85610595313366E-12	3.85820536353986E-12	8.13268632720532	7.28668421802643E-12	2.52334312228513E-12	2.63168570928196	1E10	1E-30	1E-10	1E10	1E-30	1E-10	1E10	1E-30	1E-10	1E10	1E-30	1E-10	1E10	1E-30	1E-10	1E10	1E-30	1E-10	1E10	1E-30	1E-10	1E10	1E-30	1E-10
341	1.2E-11	1E10	1E10	1E-30	1.53454680363041E-10	1E10	1E-30	1E10	0.049	1E-30	6.51140400219495E-12	8.32212092704672E-02	9.61343794261255E-11	3.23730419251753E-12	3.53602989517911	1.66274630052856E-11	7.36038566864962E-12	9.55507328092369	1.47057845058532E-10	4.39005142971657E-13	0.661049562514302	4.76079627785722E-11	9.81646838533445E-13	1.82068167940603	6.85610595313366E-12	3.85820536353986E-12	8.13268632720532	7.28668421802643E-12	2.52334312228513E-12	2.63168570928196	1E10	1E-30	1E-10	1E10	1E-30	1E-10	1E10	1E-30	1E-10	1E10	1E-30	1E-10	1E10	1E-30	1E-10	1E10	1E-30	1E-10	1E10	1E-30	1E-10	1E10	1E-30	1E-10
342	1.3E-11	1E10	1E10	1E-30	1.62775252456345E-10	1E10	1E-30	1E10	0.046	1E-30	9.00056584551451E-12	7.37318741667508E-02	1.20026771277209E-10	2.88310375987197E-12	2.90522738947003	1.70859547438402E-11	7.8641635576301E-12	8.67574365426339	1.08862892851168E-10	6.68253137117869E-13	1.04305380393785	2.61545485999306E-11	1.98616131162798E-12	2.3351065995398	3.74487452576353E-12	5.42663565586793E-12	6.00214815577284	1E10	1E-30	1E-10	1E10	1E-30	1E-10	1E10	1E-30	1E-10	1E10	1E-30	1E-10	1E10	1E-30	1E-10	1E10	1E-30	1E-10	1E10	1E-30	1E-10	1E10	1E-30	1E-10	1E10	1E-30	1E-10
343	1.3E-11	1E10	1E10	1E-30	1.62775252456345E-10	1E10	1E-30	1E10	0.046	1E-30	9.00056584551451E-12	7.37318741667508E-02	1.20026771277209E-10	2.88310375987197E-12	2.90522738947003	1.70859547438402E-11	7.8641635576301E-12	8.67574365426339	1.08862892851168E-10	6.68253137117869E-13	1.04305380393785	2.61545485999306E-11	1.98616131162798E-12	2.3351065995398	3.74487452576353E-12	5.42663565586793E-12	6.00214815577284	1E10	1E-30	1E-10	1E10	1E-30	1E-10	1E10	1E-30	1E-10	1E10	1E-30	1E-10	1E10	1E-30	1E-10	1E10	1E-30	1E-10	1E10	1E-30	1E-10	1E10	1E-30	1E-10	1E10	1E-30	1E-10
344	1.5E-11	1E10	1E10	1E-30	1.59979846331133E-10	1E10	1E-30	1E10	0.038	1E-30	8.49131644962455E-12	7.12685492029537E-02	1.08395715800426E-10	3.93515905120526E-12	3.65536093013887	2.37675481882731E-11	7.03688346669678E-12	7.88742524952959	1.07948718159569E-10	7.899516790529E-13	0.992968008025974	3.83889655568647E-11	1.54465824969349E-12	2.43744742229136	9.81226587340806E-12	3.80412684436165E-12	4.53873949134081	4.45333466379435E-12	4.5592912321274E-12	5.45676506843259	1E10	1E-30	1E-10	1E10	1E-30	1E-10	1E10	1E-30	1E-10	1E10	1E-30	1E-10	1E10	1E-30	1E-10	1E10	1E-30	1E-10	1E10	1E-30	1E-10	1E10	1E-30	1E-10
345	1.5E-11	1E10	1E10	1E-30	1.59979846331133E-10	1E10	1E-30	1E10	0.038	1E-30	8.49131644962455E-12	7.12685492029537E-02	1.08395715800426E-10	3.93515905120526E-12	3.65536093013887	2.37675481882731E-11	7.03688346669678E-12	7.88742524952959	1.07948718159569E-10	7.899516790529E-13	0.992968008025974	3.83889655568647E-11	1.54465824969349E-12	2.43744742229136	9.81226587340806E-12	3.80412684436165E-12	4.53873949134081	4.45333466379435E-12	4.5592912321274E-12	5.45676506843259	1E10	1E-30	1E-10	1E10	1E-30	1E-10	1E10	1E-30	1E-10	1E10	1E-30	1E-10	1E10	1E-30	1E-10	1E10	1E-30	1E-10	1E10	1E-30	1E-10	1E10	1E-30	1E-10
346	1.6E-11	1E10	1E10	1E-30	1.76710440596297E-10	1E10	1E-30	1E10	0.036	1E-30	8.89998723906108E-12	7.71085484796183E-02	1.36108868494999E-10	2.92678102958272E-12	2.31172953226514	2.23813939842241E-11	6.58373533267912E-12	6.61810673980345	1.70074969988692E-10	4.51895902402239E-13	0.550470141945892	4.07274649506396E-11	1.3573431296524E-12	1.62455256191507	8.90598232771992E-12	3.43789499286877E-12	5.0203473619644	6.82883077312727E-12	2.93716720685272E-12	5.89839384051909	1E10	1E-30	1E-10	1E10	1E-30	1E-10	1E10	1E-30	1E-10	1E10	1E-30	1E-10	1E10	1E-30	1E-10	1E10	1E-30	1E-10	1E10	1E-30	1E-10	1E10	1E-30	1E-10
347	1.6E-11	1E10	1E10	1E-30	1.76710440596297E-10	1E10	1E-30	1E10	0.036	1E-30	8.89998723906108E-12	7.71085484796183E-02	1.36108868494999E-10	2.92678102958272E-12	2.31172953226514	2.23813939842241E-11	6.58373533267912E-12	6.61810673980345	1.70074969988692E-10	4.51895902402239E-13	0.550470141945892	4.07274649506396E-11	1.3573431296524E-12	1.62455256191507	8.90598232771992E-12	3.43789499286877E-12	5.0203473619644	6.82883077312727E-12	2.93716720685272E-12	5.89839384051909	1E10	1E-30	1E-10	1E10	1E-30	1E-10	1E10	1E-30	1E-10	1E10	1E-30	1E-10	1E10	1E-30	1E-10	1E10	1E-30	1E-10	1E10	1E-30	1E-10	1E10	1E-30	1E-10
348	1.8E-11	1E10	1E10	1E-30	1.68085117785694E-10	1E10	1E-30	1E10	0.033	1E-30	7.73666425264056E-12	8.86225417689212E-02	1.66411946930859E-10	2.8485182174745E-12	2.25855476218064	2.43248865445503E-11	7.36275177161334E-12	6.87664803737789	1.26248472777112E-10	7.34522256326363E-13	0.703682574703	3.09367486651293E-11	2.04338572337012E-12	2.33011200129161	3.57626246323696E-11	1.20538309268658E-12	1.37207166822848	4.47348064899925E-12	4.59666931877913E-12	8.46012532825429	1E10	1E-30	1E-10	1E10	1E-30	1E-10	1E10	1E-30	1E-10	1E10	1E-30	1E-10	1E10	1E-30	1E-10	1E10	1E-30	1E-10	1E10	1E-30	1E-10	1E10	1E-30	1E-10
349	1.8E-11	1E10	1E10	1E-30	1.68085117785694E-10	1E10	1E-30	1E10	0.033	1E-30	7.73666425264056E-12	8.86225417689212E-02	1.66411946930859E-10	2.8485182174745E-12	2.25855476218064	2.43248865445503E-11	7.36275177161334E-12	6.87664803737789	1.26248472777112E-10	7.34522256326363E-13	0.703682574703	3.09367486651293E-11	2.04338572337012E-12	2.33011200129161	3.57626246323696E-11	1.20538309268658E-12	1.37207166822848	4.47348064899925E-12	4.59666931877913E-12	8.46012532825429	1E10	1E-30	1E-10	1E10	1E-30	1E-10	1E10	1E-30	1E-10	1E10	1E-30	1E-10	1E10	1E-30	1E-10	1E10	1E-30	1E-10	1E10	1E-30	1E-10	1E10	1E-30	1E-10
350	2E-11	1E10	1E10	1E-30	1.61974114808564E-10	1E10	1E-30	1E10	0.032	1E-30	1.0033298244424E-11	7.09212039699012E-02	2.03762030131326E-10	2.76659765526886E-12	2.14161005481432	2.79607323508377E-11	7.86960310854488E-12	6.41652793911234	1.23403043101047E-10	9.04977706963089E-13	0.866265289708286	2.99759439966528E-11	2.47441397343648E-12	2.75992838060419	7.31406868990679E-12	2.27985267841928E-12	5.24632838042058	2.76543927685708E-12	3.63425953231467E-12	12.8915527431656	1E10	1E-30	1E-10	1E10	1E-30	1E-10	1E10	1E-30	1E-10	1E10	1E-30	1E-10	1E10	1E-30	1E-10	1E10	1E-30	1E-10	1E10	1E-30	1E-10	1E10	1E-30	1E-10
351	2E-11	1E10	1E10	1E-30	1.61974114808564E-10	1E10	1E-30	1E10	0.032	1E-30	1.0033298244424E-11	7.09212039699012E-02	2.03762030131326E-10	2.76659765526886E-12	2.14161005481432	2.79607323508377E-11	7.86960310854488E-12	6.41652793911234	1.23403043101047E-10	9.04977706963089E-13	0.866265289708286	2.99759439966528E-11	2.47441397343648E-12	2.75992838060419	7.31406868990679E-12	2.27985267841928E-12	5.24632838042058	2.76543927685708E-12	3.63425953231467E-12	12.8915527431656	1E10	1E-30	1E-10	1E10	1E-30	1E-10	1E10	1E-30	1E-10	1E10	1E-30	1E-10	1E10	1E-30	1E-10	1E10	1E-30	1E-10	1E10	1E-30	1E-10	1E10	1E-30	1E-10
352	2.19999999999999E-11	1E10	1E10	1E-30	1.62030142577744E-10	1E10	1E-30	1E10	0.031	1E-30	1.50130795738075E-11	0.063672745317542	1.3789409797298E-10	4.80284958949055E-12	3.78678040850996	3.7304784176125E-11	6.98397289848828E-12	6.10030468143929	1.4443799548016E-10	9.05070903097069E-13	0.782021182060753	3.25029601573045E-11	2.646475402959E-12	2.37457235450135	2.13769807251119E-11	1.50329519834494E-12	2.84947707883768	7.94724841446441E-12	2.53423175552887E-12	3.75388477021006	1.3996313390643E-11	7.40127061182058E-13	10.3978769909519	1E10	1E-30	1E-10	1E10	1E-30	1E-10	1E10	1E-30	1E-10	1E10	1E-30	1E-10	1E10	1E-30	1E-10	1E10	1E-30	1E-10	1E10	1E-30	1E-10
353	2.19999999999999E-11	1E10	1E10	1E-30	1.62030142577744E-10	1E10	1E-30	1E10	0.031	1E-30	1.50130795738075E-11	0.063672745317542	1.3789409797298E-10	4.80284958949055E-12	3.78678040850996	3.7304784176125E-11	6.98397289848828E-12	6.10030468143929	1.4443799548016E-10	9.05070903097069E-13	0.782021182060753	3.25029601573045E-11	2.646475402959E-12	2.37457235450135	2.13769807251119E-11	1.50329519834494E-12	2.84947707883768	7.94724841446441E-12	2.53423175552887E-12	3.75388477021006	1.3996313390643E-11	7.40127061182058E-13	10.3978769909519	1E10	1E-30	1E-10	1E10	1E-30	1E-10	1E10	1E-30	1E-10	1E10	1E-30	1E-10	1E10	1E-30	1E-10	1E10	1E-30	1E-10	1E10	1E-30	1E-10
END DSCRDATA
