BEGIN DSCRDATA
% INDEX	K01	L01	M01	K02	L02	M02	K03	L03	M03	K04	L04	M04	K05	L05	M05	K06	L06	M06	K07	L07	M07	K08	L08	M08	K09	L09	M09	K10	L10	M10	K11	L11	M11	K12	L12	M12	K13	L13	M13	K14	L14	M14	K15	L15	M15	K16	L16	M16	K17	L17	M17	K18	L18	M18
0	0	0	0	0	0	0	0	0	0	0	0	0	0	0	0	0	0	0	0	0	0	0	0	0	0	0	0	0	0	0	0	0	0	0	0	0	0	0	0	0	0	0	0	0	0	0	0	0	0	0	0	0	0	0
1	2E-13	1E10	1E10	1E-30	1.34258250576895E-10	1E10	1E-30	1E10	1.11	1E10	1E-30	1E-10	1E10	1E-30	1E-10	1E10	1E-30	1E-10	1E10	1E-30	1E-10	1E10	1E-30	1E-10	1E10	1E-30	1E-10	1E10	1E-30	1E-10	1E10	1E-30	1E-10	1E10	1E-30	1E-10	1E10	1E-30	1E-10	1E10	1E-30	1E-10	1E10	1E-30	1E-10	1E10	1E-30	1E-10	1E10	1E-30	1E-10	1E10	1E-30	1E-10
2	2E-13	1E10	1E10	1E-30	1.34258250576895E-10	1E10	1E-30	1E10	1.11	1E10	1E-30	1E-10	1E10	1E-30	1E-10	1E10	1E-30	1E-10	1E10	1E-30	1E-10	1E10	1E-30	1E-10	1E10	1E-30	1E-10	1E10	1E-30	1E-10	1E10	1E-30	1E-10	1E10	1E-30	1E-10	1E10	1E-30	1E-10	1E10	1E-30	1E-10	1E10	1E-30	1E-10	1E10	1E-30	1E-10	1E10	1E-30	1E-10	1E10	1E-30	1E-10
3	2E-13	1E10	1E10	1E-30	1.34258250576895E-10	1E10	1E-30	1E10	1.11	1E10	1E-30	1E-10	1E10	1E-30	1E-10	1E10	1E-30	1E-10	1E10	1E-30	1E-10	1E10	1E-30	1E-10	1E10	1E-30	1E-10	1E10	1E-30	1E-10	1E10	1E-30	1E-10	1E10	1E-30	1E-10	1E10	1E-30	1E-10	1E10	1E-30	1E-10	1E10	1E-30	1E-10	1E10	1E-30	1E-10	1E10	1E-30	1E-10	1E10	1E-30	1E-10
4	2E-13	1E10	1E10	1E-30	1.34258250576895E-10	1E10	1E-30	1E10	1.11	1E10	1E-30	1E-10	1E10	1E-30	1E-10	1E10	1E-30	1E-10	1E10	1E-30	1E-10	1E10	1E-30	1E-10	1E10	1E-30	1E-10	1E10	1E-30	1E-10	1E10	1E-30	1E-10	1E10	1E-30	1E-10	1E10	1E-30	1E-10	1E10	1E-30	1E-10	1E10	1E-30	1E-10	1E10	1E-30	1E-10	1E10	1E-30	1E-10	1E10	1E-30	1E-10
5	3E-13	1E10	1E10	1E-30	1.18118512433307E-10	1E10	1E-30	1E10	0.773	1E10	1E-30	1E-10	1E10	1E-30	1E-10	1E10	1E-30	1E-10	1E10	1E-30	1E-10	1E10	1E-30	1E-10	1E10	1E-30	1E-10	1E10	1E-30	1E-10	1E10	1E-30	1E-10	1E10	1E-30	1E-10	1E10	1E-30	1E-10	1E10	1E-30	1E-10	1E10	1E-30	1E-10	1E10	1E-30	1E-10	1E10	1E-30	1E-10	1E10	1E-30	1E-10
6	3E-13	1E10	1E10	1E-30	1.18118512433307E-10	1E10	1E-30	1E10	0.773	1E10	1E-30	1E-10	1E10	1E-30	1E-10	1E10	1E-30	1E-10	1E10	1E-30	1E-10	1E10	1E-30	1E-10	1E10	1E-30	1E-10	1E10	1E-30	1E-10	1E10	1E-30	1E-10	1E10	1E-30	1E-10	1E10	1E-30	1E-10	1E10	1E-30	1E-10	1E10	1E-30	1E-10	1E10	1E-30	1E-10	1E10	1E-30	1E-10	1E10	1E-30	1E-10
7	3E-13	1E10	1E10	1E-30	1.18118512433307E-10	1E10	1E-30	1E10	0.773	1E10	1E-30	1E-10	1E10	1E-30	1E-10	1E10	1E-30	1E-10	1E10	1E-30	1E-10	1E10	1E-30	1E-10	1E10	1E-30	1E-10	1E10	1E-30	1E-10	1E10	1E-30	1E-10	1E10	1E-30	1E-10	1E10	1E-30	1E-10	1E10	1E-30	1E-10	1E10	1E-30	1E-10	1E10	1E-30	1E-10	1E10	1E-30	1E-10	1E10	1E-30	1E-10
8	3E-13	1E10	1E10	1E-30	1.18118512433307E-10	1E10	1E-30	1E10	0.773	1E10	1E-30	1E-10	1E10	1E-30	1E-10	1E10	1E-30	1E-10	1E10	1E-30	1E-10	1E10	1E-30	1E-10	1E10	1E-30	1E-10	1E10	1E-30	1E-10	1E10	1E-30	1E-10	1E10	1E-30	1E-10	1E10	1E-30	1E-10	1E10	1E-30	1E-10	1E10	1E-30	1E-10	1E10	1E-30	1E-10	1E10	1E-30	1E-10	1E10	1E-30	1E-10
9	4E-13	1E10	1E10	1E-30	1.14549363839952E-10	1E10	1E-30	1E10	0.743	1E10	1E-30	1E-10	1E10	1E-30	1E-10	1E10	1E-30	1E-10	1E10	1E-30	1E-10	1E10	1E-30	1E-10	1E10	1E-30	1E-10	1E10	1E-30	1E-10	1E10	1E-30	1E-10	1E10	1E-30	1E-10	1E10	1E-30	1E-10	1E10	1E-30	1E-10	1E10	1E-30	1E-10	1E10	1E-30	1E-10	1E10	1E-30	1E-10	1E10	1E-30	1E-10
10	4E-13	1E10	1E10	1E-30	1.14549363839952E-10	1E10	1E-30	1E10	0.743	1E10	1E-30	1E-10	1E10	1E-30	1E-10	1E10	1E-30	1E-10	1E10	1E-30	1E-10	1E10	1E-30	1E-10	1E10	1E-30	1E-10	1E10	1E-30	1E-10	1E10	1E-30	1E-10	1E10	1E-30	1E-10	1E10	1E-30	1E-10	1E10	1E-30	1E-10	1E10	1E-30	1E-10	1E10	1E-30	1E-10	1E10	1E-30	1E-10	1E10	1E-30	1E-10
11	4E-13	1E10	1E10	1E-30	1.14549363839952E-10	1E10	1E-30	1E10	0.743	1E10	1E-30	1E-10	1E10	1E-30	1E-10	1E10	1E-30	1E-10	1E10	1E-30	1E-10	1E10	1E-30	1E-10	1E10	1E-30	1E-10	1E10	1E-30	1E-10	1E10	1E-30	1E-10	1E10	1E-30	1E-10	1E10	1E-30	1E-10	1E10	1E-30	1E-10	1E10	1E-30	1E-10	1E10	1E-30	1E-10	1E10	1E-30	1E-10	1E10	1E-30	1E-10
12	4E-13	1E10	1E10	1E-30	1.14549363839952E-10	1E10	1E-30	1E10	0.743	1E10	1E-30	1E-10	1E10	1E-30	1E-10	1E10	1E-30	1E-10	1E10	1E-30	1E-10	1E10	1E-30	1E-10	1E10	1E-30	1E-10	1E10	1E-30	1E-10	1E10	1E-30	1E-10	1E10	1E-30	1E-10	1E10	1E-30	1E-10	1E10	1E-30	1E-10	1E10	1E-30	1E-10	1E10	1E-30	1E-10	1E10	1E-30	1E-10	1E10	1E-30	1E-10
13	5E-13	1E10	1E10	1E-30	1.11012894911231E-10	1E10	1E-30	1E10	0.725	1.10139667441201E-10	2.69527073231491E-13	0.434123313427316	1E10	1E-30	1E-10	1E10	1E-30	1E-10	1E10	1E-30	1E-10	1E10	1E-30	1E-10	1E10	1E-30	1E-10	1E10	1E-30	1E-10	1E10	1E-30	1E-10	1E10	1E-30	1E-10	1E10	1E-30	1E-10	1E10	1E-30	1E-10	1E10	1E-30	1E-10	1E10	1E-30	1E-10	1E10	1E-30	1E-10	1E10	1E-30	1E-10
14	5E-13	1E10	1E10	1E-30	1.11012894911231E-10	1E10	1E-30	1E10	0.725	1.10139667441201E-10	2.69527073231491E-13	0.434123313427316	1E10	1E-30	1E-10	1E10	1E-30	1E-10	1E10	1E-30	1E-10	1E10	1E-30	1E-10	1E10	1E-30	1E-10	1E10	1E-30	1E-10	1E10	1E-30	1E-10	1E10	1E-30	1E-10	1E10	1E-30	1E-10	1E10	1E-30	1E-10	1E10	1E-30	1E-10	1E10	1E-30	1E-10	1E10	1E-30	1E-10	1E10	1E-30	1E-10
15	5E-13	1E10	1E10	1E-30	1.11012894911231E-10	1E10	1E-30	1E10	0.725	1.10139667441201E-10	2.69527073231491E-13	0.434123313427316	1E10	1E-30	1E-10	1E10	1E-30	1E-10	1E10	1E-30	1E-10	1E10	1E-30	1E-10	1E10	1E-30	1E-10	1E10	1E-30	1E-10	1E10	1E-30	1E-10	1E10	1E-30	1E-10	1E10	1E-30	1E-10	1E10	1E-30	1E-10	1E10	1E-30	1E-10	1E10	1E-30	1E-10	1E10	1E-30	1E-10	1E10	1E-30	1E-10
16	5E-13	1E10	1E10	1E-30	1.11012894911231E-10	1E10	1E-30	1E10	0.725	1.10139667441201E-10	2.69527073231491E-13	0.434123313427316	1E10	1E-30	1E-10	1E10	1E-30	1E-10	1E10	1E-30	1E-10	1E10	1E-30	1E-10	1E10	1E-30	1E-10	1E10	1E-30	1E-10	1E10	1E-30	1E-10	1E10	1E-30	1E-10	1E10	1E-30	1E-10	1E10	1E-30	1E-10	1E10	1E-30	1E-10	1E10	1E-30	1E-10	1E10	1E-30	1E-10	1E10	1E-30	1E-10
17	6E-13	1E10	1E10	1E-30	1.1401573611176E-10	1E10	1E-30	1E10	0.722	1.14469088365609E-10	2.62067325184855E-13	0.441765617747391	1E10	1E-30	1E-10	1E10	1E-30	1E-10	1E10	1E-30	1E-10	1E10	1E-30	1E-10	1E10	1E-30	1E-10	1E10	1E-30	1E-10	1E10	1E-30	1E-10	1E10	1E-30	1E-10	1E10	1E-30	1E-10	1E10	1E-30	1E-10	1E10	1E-30	1E-10	1E10	1E-30	1E-10	1E10	1E-30	1E-10	1E10	1E-30	1E-10
18	6E-13	1E10	1E10	1E-30	1.1401573611176E-10	1E10	1E-30	1E10	0.722	1.14469088365609E-10	2.62067325184855E-13	0.441765617747391	1E10	1E-30	1E-10	1E10	1E-30	1E-10	1E10	1E-30	1E-10	1E10	1E-30	1E-10	1E10	1E-30	1E-10	1E10	1E-30	1E-10	1E10	1E-30	1E-10	1E10	1E-30	1E-10	1E10	1E-30	1E-10	1E10	1E-30	1E-10	1E10	1E-30	1E-10	1E10	1E-30	1E-10	1E10	1E-30	1E-10	1E10	1E-30	1E-10
19	6E-13	1E10	1E10	1E-30	1.1401573611176E-10	1E10	1E-30	1E10	0.722	1.14469088365609E-10	2.62067325184855E-13	0.441765617747391	1E10	1E-30	1E-10	1E10	1E-30	1E-10	1E10	1E-30	1E-10	1E10	1E-30	1E-10	1E10	1E-30	1E-10	1E10	1E-30	1E-10	1E10	1E-30	1E-10	1E10	1E-30	1E-10	1E10	1E-30	1E-10	1E10	1E-30	1E-10	1E10	1E-30	1E-10	1E10	1E-30	1E-10	1E10	1E-30	1E-10	1E10	1E-30	1E-10
20	6E-13	1E10	1E10	1E-30	1.1401573611176E-10	1E10	1E-30	1E10	0.722	1.14469088365609E-10	2.62067325184855E-13	0.441765617747391	1E10	1E-30	1E-10	1E10	1E-30	1E-10	1E10	1E-30	1E-10	1E10	1E-30	1E-10	1E10	1E-30	1E-10	1E10	1E-30	1E-10	1E10	1E-30	1E-10	1E10	1E-30	1E-10	1E10	1E-30	1E-10	1E10	1E-30	1E-10	1E10	1E-30	1E-10	1E10	1E-30	1E-10	1E10	1E-30	1E-10	1E10	1E-30	1E-10
21	6.99999999999999E-13	1E10	1E10	1E-30	1.18515058460304E-10	1E10	1E-30	1E10	0.722	1.00925101128259E-10	2.94266683354449E-13	0.53469495670199	1E10	1E-30	1E-10	1E10	1E-30	1E-10	1E10	1E-30	1E-10	1E10	1E-30	1E-10	1E10	1E-30	1E-10	1E10	1E-30	1E-10	1E10	1E-30	1E-10	1E10	1E-30	1E-10	1E10	1E-30	1E-10	1E10	1E-30	1E-10	1E10	1E-30	1E-10	1E10	1E-30	1E-10	1E10	1E-30	1E-10	1E10	1E-30	1E-10
22	6.99999999999999E-13	1E10	1E10	1E-30	1.18515058460304E-10	1E10	1E-30	1E10	0.722	1.00925101128259E-10	2.94266683354449E-13	0.53469495670199	1E10	1E-30	1E-10	1E10	1E-30	1E-10	1E10	1E-30	1E-10	1E10	1E-30	1E-10	1E10	1E-30	1E-10	1E10	1E-30	1E-10	1E10	1E-30	1E-10	1E10	1E-30	1E-10	1E10	1E-30	1E-10	1E10	1E-30	1E-10	1E10	1E-30	1E-10	1E10	1E-30	1E-10	1E10	1E-30	1E-10	1E10	1E-30	1E-10
23	6.99999999999999E-13	1E10	1E10	1E-30	1.18515058460304E-10	1E10	1E-30	1E10	0.722	1.00925101128259E-10	2.94266683354449E-13	0.53469495670199	1E10	1E-30	1E-10	1E10	1E-30	1E-10	1E10	1E-30	1E-10	1E10	1E-30	1E-10	1E10	1E-30	1E-10	1E10	1E-30	1E-10	1E10	1E-30	1E-10	1E10	1E-30	1E-10	1E10	1E-30	1E-10	1E10	1E-30	1E-10	1E10	1E-30	1E-10	1E10	1E-30	1E-10	1E10	1E-30	1E-10	1E10	1E-30	1E-10
24	6.99999999999999E-13	1E10	1E10	1E-30	1.18515058460304E-10	1E10	1E-30	1E10	0.722	1.00925101128259E-10	2.94266683354449E-13	0.53469495670199	1E10	1E-30	1E-10	1E10	1E-30	1E-10	1E10	1E-30	1E-10	1E10	1E-30	1E-10	1E10	1E-30	1E-10	1E10	1E-30	1E-10	1E10	1E-30	1E-10	1E10	1E-30	1E-10	1E10	1E-30	1E-10	1E10	1E-30	1E-10	1E10	1E-30	1E-10	1E10	1E-30	1E-10	1E10	1E-30	1E-10	1E10	1E-30	1E-10
25	8E-13	1E10	1E10	1E-30	1.1280693936988E-10	1E10	1E-30	1E10	0.66	1E-30	1.09276844489994E-12	3.62356666775318E-02	9.95615116330647E-11	3.01399515483053E-13	0.550327401383494	1E10	1E-30	1E-10	1E10	1E-30	1E-10	1E10	1E-30	1E-10	1E10	1E-30	1E-10	1E10	1E-30	1E-10	1E10	1E-30	1E-10	1E10	1E-30	1E-10	1E10	1E-30	1E-10	1E10	1E-30	1E-10	1E10	1E-30	1E-10	1E10	1E-30	1E-10	1E10	1E-30	1E-10	1E10	1E-30	1E-10
26	8E-13	1E10	1E10	1E-30	1.1280693936988E-10	1E10	1E-30	1E10	0.66	1E-30	1.09276844489994E-12	3.62356666775318E-02	9.95615116330647E-11	3.01399515483053E-13	0.550327401383494	1E10	1E-30	1E-10	1E10	1E-30	1E-10	1E10	1E-30	1E-10	1E10	1E-30	1E-10	1E10	1E-30	1E-10	1E10	1E-30	1E-10	1E10	1E-30	1E-10	1E10	1E-30	1E-10	1E10	1E-30	1E-10	1E10	1E-30	1E-10	1E10	1E-30	1E-10	1E10	1E-30	1E-10	1E10	1E-30	1E-10
27	8E-13	1E10	1E10	1E-30	1.1280693936988E-10	1E10	1E-30	1E10	0.66	1E-30	1.09276844489994E-12	3.62356666775318E-02	9.95615116330647E-11	3.01399515483053E-13	0.550327401383494	1E10	1E-30	1E-10	1E10	1E-30	1E-10	1E10	1E-30	1E-10	1E10	1E-30	1E-10	1E10	1E-30	1E-10	1E10	1E-30	1E-10	1E10	1E-30	1E-10	1E10	1E-30	1E-10	1E10	1E-30	1E-10	1E10	1E-30	1E-10	1E10	1E-30	1E-10	1E10	1E-30	1E-10	1E10	1E-30	1E-10
28	8E-13	1E10	1E10	1E-30	1.1280693936988E-10	1E10	1E-30	1E10	0.66	1E-30	1.09276844489994E-12	3.62356666775318E-02	9.95615116330647E-11	3.01399515483053E-13	0.550327401383494	1E10	1E-30	1E-10	1E10	1E-30	1E-10	1E10	1E-30	1E-10	1E10	1E-30	1E-10	1E10	1E-30	1E-10	1E10	1E-30	1E-10	1E10	1E-30	1E-10	1E10	1E-30	1E-10	1E10	1E-30	1E-10	1E10	1E-30	1E-10	1E10	1E-30	1E-10	1E10	1E-30	1E-10	1E10	1E-30	1E-10
29	9E-13	1E10	1E10	1E-30	1.1530931627422E-10	1E10	1E-30	1E10	0.575	1E-30	3.67798534560085E-12	0.110716006446261	9.58939424303566E-11	3.15317416255723E-13	0.52658004470479	1E10	1E-30	1E-10	1E10	1E-30	1E-10	1E10	1E-30	1E-10	1E10	1E-30	1E-10	1E10	1E-30	1E-10	1E10	1E-30	1E-10	1E10	1E-30	1E-10	1E10	1E-30	1E-10	1E10	1E-30	1E-10	1E10	1E-30	1E-10	1E10	1E-30	1E-10	1E10	1E-30	1E-10	1E10	1E-30	1E-10
30	9E-13	1E10	1E10	1E-30	1.1530931627422E-10	1E10	1E-30	1E10	0.575	1E-30	3.67798534560085E-12	0.110716006446261	9.58939424303566E-11	3.15317416255723E-13	0.52658004470479	1E10	1E-30	1E-10	1E10	1E-30	1E-10	1E10	1E-30	1E-10	1E10	1E-30	1E-10	1E10	1E-30	1E-10	1E10	1E-30	1E-10	1E10	1E-30	1E-10	1E10	1E-30	1E-10	1E10	1E-30	1E-10	1E10	1E-30	1E-10	1E10	1E-30	1E-10	1E10	1E-30	1E-10	1E10	1E-30	1E-10
31	9E-13	1E10	1E10	1E-30	1.1530931627422E-10	1E10	1E-30	1E10	0.575	1E-30	3.67798534560085E-12	0.110716006446261	9.58939424303566E-11	3.15317416255723E-13	0.52658004470479	1E10	1E-30	1E-10	1E10	1E-30	1E-10	1E10	1E-30	1E-10	1E10	1E-30	1E-10	1E10	1E-30	1E-10	1E10	1E-30	1E-10	1E10	1E-30	1E-10	1E10	1E-30	1E-10	1E10	1E-30	1E-10	1E10	1E-30	1E-10	1E10	1E-30	1E-10	1E10	1E-30	1E-10	1E10	1E-30	1E-10
32	9E-13	1E10	1E10	1E-30	1.1530931627422E-10	1E10	1E-30	1E10	0.575	1E-30	3.67798534560085E-12	0.110716006446261	9.58939424303566E-11	3.15317416255723E-13	0.52658004470479	1E10	1E-30	1E-10	1E10	1E-30	1E-10	1E10	1E-30	1E-10	1E10	1E-30	1E-10	1E10	1E-30	1E-10	1E10	1E-30	1E-10	1E10	1E-30	1E-10	1E10	1E-30	1E-10	1E10	1E-30	1E-10	1E10	1E-30	1E-10	1E10	1E-30	1E-10	1E10	1E-30	1E-10	1E10	1E-30	1E-10
33	1E-12	1E10	1E10	1E-30	1.09065494992325E-10	1E10	1E-30	1E10	0.49	1E-30	5.58868479576569E-12	0.181947392803289	9.59771367018465E-11	3.18118592573623E-13	0.447540319511444	2.6451941229256E-11	4.51757089883975E-13	2.40613277185627	1E10	1E-30	1E-10	1E10	1E-30	1E-10	1E10	1E-30	1E-10	1E10	1E-30	1E-10	1E10	1E-30	1E-10	1E10	1E-30	1E-10	1E10	1E-30	1E-10	1E10	1E-30	1E-10	1E10	1E-30	1E-10	1E10	1E-30	1E-10	1E10	1E-30	1E-10	1E10	1E-30	1E-10
34	1E-12	1E10	1E10	1E-30	1.09065494992325E-10	1E10	1E-30	1E10	0.49	1E-30	5.58868479576569E-12	0.181947392803289	9.59771367018465E-11	3.18118592573623E-13	0.447540319511444	2.6451941229256E-11	4.51757089883975E-13	2.40613277185627	1E10	1E-30	1E-10	1E10	1E-30	1E-10	1E10	1E-30	1E-10	1E10	1E-30	1E-10	1E10	1E-30	1E-10	1E10	1E-30	1E-10	1E10	1E-30	1E-10	1E10	1E-30	1E-10	1E10	1E-30	1E-10	1E10	1E-30	1E-10	1E10	1E-30	1E-10	1E10	1E-30	1E-10
35	1E-12	1E10	1E10	1E-30	1.09065494992325E-10	1E10	1E-30	1E10	0.49	1E-30	5.58868479576569E-12	0.181947392803289	9.59771367018465E-11	3.18118592573623E-13	0.447540319511444	2.6451941229256E-11	4.51757089883975E-13	2.40613277185627	1E10	1E-30	1E-10	1E10	1E-30	1E-10	1E10	1E-30	1E-10	1E10	1E-30	1E-10	1E10	1E-30	1E-10	1E10	1E-30	1E-10	1E10	1E-30	1E-10	1E10	1E-30	1E-10	1E10	1E-30	1E-10	1E10	1E-30	1E-10	1E10	1E-30	1E-10	1E10	1E-30	1E-10
36	1E-12	1E10	1E10	1E-30	1.09065494992325E-10	1E10	1E-30	1E10	0.49	1E-30	5.58868479576569E-12	0.181947392803289	9.59771367018465E-11	3.18118592573623E-13	0.447540319511444	2.6451941229256E-11	4.51757089883975E-13	2.40613277185627	1E10	1E-30	1E-10	1E10	1E-30	1E-10	1E10	1E-30	1E-10	1E10	1E-30	1E-10	1E10	1E-30	1E-10	1E10	1E-30	1E-10	1E10	1E-30	1E-10	1E10	1E-30	1E-10	1E10	1E-30	1E-10	1E10	1E-30	1E-10	1E10	1E-30	1E-10	1E10	1E-30	1E-10
37	1E-12	1E10	1E10	1E-30	1.09065494992325E-10	1E10	1E-30	1E10	0.49	1E-30	5.58868479576569E-12	0.181947392803289	9.59771367018465E-11	3.18118592573623E-13	0.447540319511444	2.6451941229256E-11	4.51757089883975E-13	2.40613277185627	1E10	1E-30	1E-10	1E10	1E-30	1E-10	1E10	1E-30	1E-10	1E10	1E-30	1E-10	1E10	1E-30	1E-10	1E10	1E-30	1E-10	1E10	1E-30	1E-10	1E10	1E-30	1E-10	1E10	1E-30	1E-10	1E10	1E-30	1E-10	1E10	1E-30	1E-10	1E10	1E-30	1E-10
38	1E-12	1E10	1E10	1E-30	1.09065494992325E-10	1E10	1E-30	1E10	0.49	1E-30	5.58868479576569E-12	0.181947392803289	9.59771367018465E-11	3.18118592573623E-13	0.447540319511444	2.6451941229256E-11	4.51757089883975E-13	2.40613277185627	1E10	1E-30	1E-10	1E10	1E-30	1E-10	1E10	1E-30	1E-10	1E10	1E-30	1E-10	1E10	1E-30	1E-10	1E10	1E-30	1E-10	1E10	1E-30	1E-10	1E10	1E-30	1E-10	1E10	1E-30	1E-10	1E10	1E-30	1E-10	1E10	1E-30	1E-10	1E10	1E-30	1E-10
39	1.1E-12	1E10	1E10	1E-30	1.09137661059682E-10	1E10	1E-30	1E10	0.46	1E-30	8.19311113921103E-12	0.192003011921613	6.05407167096607E-11	4.9165232096193E-13	0.66544383008599	1E10	1E-30	1E-10	1E10	1E-30	1E-10	1E10	1E-30	1E-10	1E10	1E-30	1E-10	1E10	1E-30	1E-10	1E10	1E-30	1E-10	1E10	1E-30	1E-10	1E10	1E-30	1E-10	1E10	1E-30	1E-10	1E10	1E-30	1E-10	1E10	1E-30	1E-10	1E10	1E-30	1E-10	1E10	1E-30	1E-10
40	1.1E-12	1E10	1E10	1E-30	1.09137661059682E-10	1E10	1E-30	1E10	0.46	1E-30	8.19311113921103E-12	0.192003011921613	6.05407167096607E-11	4.9165232096193E-13	0.66544383008599	1E10	1E-30	1E-10	1E10	1E-30	1E-10	1E10	1E-30	1E-10	1E10	1E-30	1E-10	1E10	1E-30	1E-10	1E10	1E-30	1E-10	1E10	1E-30	1E-10	1E10	1E-30	1E-10	1E10	1E-30	1E-10	1E10	1E-30	1E-10	1E10	1E-30	1E-10	1E10	1E-30	1E-10	1E10	1E-30	1E-10
41	1.1E-12	1E10	1E10	1E-30	1.09137661059682E-10	1E10	1E-30	1E10	0.46	1E-30	8.19311113921103E-12	0.192003011921613	6.05407167096607E-11	4.9165232096193E-13	0.66544383008599	1E10	1E-30	1E-10	1E10	1E-30	1E-10	1E10	1E-30	1E-10	1E10	1E-30	1E-10	1E10	1E-30	1E-10	1E10	1E-30	1E-10	1E10	1E-30	1E-10	1E10	1E-30	1E-10	1E10	1E-30	1E-10	1E10	1E-30	1E-10	1E10	1E-30	1E-10	1E10	1E-30	1E-10	1E10	1E-30	1E-10
42	1.1E-12	1E10	1E10	1E-30	1.09137661059682E-10	1E10	1E-30	1E10	0.46	1E-30	8.19311113921103E-12	0.192003011921613	6.05407167096607E-11	4.9165232096193E-13	0.66544383008599	1E10	1E-30	1E-10	1E10	1E-30	1E-10	1E10	1E-30	1E-10	1E10	1E-30	1E-10	1E10	1E-30	1E-10	1E10	1E-30	1E-10	1E10	1E-30	1E-10	1E10	1E-30	1E-10	1E10	1E-30	1E-10	1E10	1E-30	1E-10	1E10	1E-30	1E-10	1E10	1E-30	1E-10	1E10	1E-30	1E-10
43	1.1E-12	1E10	1E10	1E-30	1.09137661059682E-10	1E10	1E-30	1E10	0.46	1E-30	8.19311113921103E-12	0.192003011921613	6.05407167096607E-11	4.9165232096193E-13	0.66544383008599	1E10	1E-30	1E-10	1E10	1E-30	1E-10	1E10	1E-30	1E-10	1E10	1E-30	1E-10	1E10	1E-30	1E-10	1E10	1E-30	1E-10	1E10	1E-30	1E-10	1E10	1E-30	1E-10	1E10	1E-30	1E-10	1E10	1E-30	1E-10	1E10	1E-30	1E-10	1E10	1E-30	1E-10	1E10	1E-30	1E-10
44	1.1E-12	1E10	1E10	1E-30	1.09137661059682E-10	1E10	1E-30	1E10	0.46	1E-30	8.19311113921103E-12	0.192003011921613	6.05407167096607E-11	4.9165232096193E-13	0.66544383008599	1E10	1E-30	1E-10	1E10	1E-30	1E-10	1E10	1E-30	1E-10	1E10	1E-30	1E-10	1E10	1E-30	1E-10	1E10	1E-30	1E-10	1E10	1E-30	1E-10	1E10	1E-30	1E-10	1E10	1E-30	1E-10	1E10	1E-30	1E-10	1E10	1E-30	1E-10	1E10	1E-30	1E-10	1E10	1E-30	1E-10
45	1.2E-12	1E10	1E10	1E-30	1.08435724731238E-10	1E10	1E-30	1E10	0.431	1E-30	7.38159336313323E-12	0.227377622232854	9.37588445558634E-11	3.14663136332595E-13	0.528199020413978	1E10	1E-30	1E-10	1E10	1E-30	1E-10	1E10	1E-30	1E-10	1E10	1E-30	1E-10	1E10	1E-30	1E-10	1E10	1E-30	1E-10	1E10	1E-30	1E-10	1E10	1E-30	1E-10	1E10	1E-30	1E-10	1E10	1E-30	1E-10	1E10	1E-30	1E-10	1E10	1E-30	1E-10	1E10	1E-30	1E-10
46	1.2E-12	1E10	1E10	1E-30	1.08435724731238E-10	1E10	1E-30	1E10	0.431	1E-30	7.38159336313323E-12	0.227377622232854	9.37588445558634E-11	3.14663136332595E-13	0.528199020413978	1E10	1E-30	1E-10	1E10	1E-30	1E-10	1E10	1E-30	1E-10	1E10	1E-30	1E-10	1E10	1E-30	1E-10	1E10	1E-30	1E-10	1E10	1E-30	1E-10	1E10	1E-30	1E-10	1E10	1E-30	1E-10	1E10	1E-30	1E-10	1E10	1E-30	1E-10	1E10	1E-30	1E-10	1E10	1E-30	1E-10
47	1.2E-12	1E10	1E10	1E-30	1.08435724731238E-10	1E10	1E-30	1E10	0.431	1E-30	7.38159336313323E-12	0.227377622232854	9.37588445558634E-11	3.14663136332595E-13	0.528199020413978	1E10	1E-30	1E-10	1E10	1E-30	1E-10	1E10	1E-30	1E-10	1E10	1E-30	1E-10	1E10	1E-30	1E-10	1E10	1E-30	1E-10	1E10	1E-30	1E-10	1E10	1E-30	1E-10	1E10	1E-30	1E-10	1E10	1E-30	1E-10	1E10	1E-30	1E-10	1E10	1E-30	1E-10	1E10	1E-30	1E-10
48	1.2E-12	1E10	1E10	1E-30	1.08435724731238E-10	1E10	1E-30	1E10	0.431	1E-30	7.38159336313323E-12	0.227377622232854	9.37588445558634E-11	3.14663136332595E-13	0.528199020413978	1E10	1E-30	1E-10	1E10	1E-30	1E-10	1E10	1E-30	1E-10	1E10	1E-30	1E-10	1E10	1E-30	1E-10	1E10	1E-30	1E-10	1E10	1E-30	1E-10	1E10	1E-30	1E-10	1E10	1E-30	1E-10	1E10	1E-30	1E-10	1E10	1E-30	1E-10	1E10	1E-30	1E-10	1E10	1E-30	1E-10
49	1.2E-12	1E10	1E10	1E-30	1.08435724731238E-10	1E10	1E-30	1E10	0.431	1E-30	7.38159336313323E-12	0.227377622232854	9.37588445558634E-11	3.14663136332595E-13	0.528199020413978	1E10	1E-30	1E-10	1E10	1E-30	1E-10	1E10	1E-30	1E-10	1E10	1E-30	1E-10	1E10	1E-30	1E-10	1E10	1E-30	1E-10	1E10	1E-30	1E-10	1E10	1E-30	1E-10	1E10	1E-30	1E-10	1E10	1E-30	1E-10	1E10	1E-30	1E-10	1E10	1E-30	1E-10	1E10	1E-30	1E-10
50	1.2E-12	1E10	1E10	1E-30	1.08435724731238E-10	1E10	1E-30	1E10	0.431	1E-30	7.38159336313323E-12	0.227377622232854	9.37588445558634E-11	3.14663136332595E-13	0.528199020413978	1E10	1E-30	1E-10	1E10	1E-30	1E-10	1E10	1E-30	1E-10	1E10	1E-30	1E-10	1E10	1E-30	1E-10	1E10	1E-30	1E-10	1E10	1E-30	1E-10	1E10	1E-30	1E-10	1E10	1E-30	1E-10	1E10	1E-30	1E-10	1E10	1E-30	1E-10	1E10	1E-30	1E-10	1E10	1E-30	1E-10
51	1.3E-12	1E10	1E10	1E-30	1.07398197732829E-10	1E10	1E-30	1E10	0.407	1E-30	8.48431953096419E-12	0.234625092439397	3.78603750265495E-11	7.54231137398284E-13	1.03434704803812	1E10	1E-30	1E-10	1E10	1E-30	1E-10	1E10	1E-30	1E-10	1E10	1E-30	1E-10	1E10	1E-30	1E-10	1E10	1E-30	1E-10	1E10	1E-30	1E-10	1E10	1E-30	1E-10	1E10	1E-30	1E-10	1E10	1E-30	1E-10	1E10	1E-30	1E-10	1E10	1E-30	1E-10	1E10	1E-30	1E-10
52	1.3E-12	1E10	1E10	1E-30	1.07398197732829E-10	1E10	1E-30	1E10	0.407	1E-30	8.48431953096419E-12	0.234625092439397	3.78603750265495E-11	7.54231137398284E-13	1.03434704803812	1E10	1E-30	1E-10	1E10	1E-30	1E-10	1E10	1E-30	1E-10	1E10	1E-30	1E-10	1E10	1E-30	1E-10	1E10	1E-30	1E-10	1E10	1E-30	1E-10	1E10	1E-30	1E-10	1E10	1E-30	1E-10	1E10	1E-30	1E-10	1E10	1E-30	1E-10	1E10	1E-30	1E-10	1E10	1E-30	1E-10
53	1.3E-12	1E10	1E10	1E-30	1.07398197732829E-10	1E10	1E-30	1E10	0.407	1E-30	8.48431953096419E-12	0.234625092439397	3.78603750265495E-11	7.54231137398284E-13	1.03434704803812	1E10	1E-30	1E-10	1E10	1E-30	1E-10	1E10	1E-30	1E-10	1E10	1E-30	1E-10	1E10	1E-30	1E-10	1E10	1E-30	1E-10	1E10	1E-30	1E-10	1E10	1E-30	1E-10	1E10	1E-30	1E-10	1E10	1E-30	1E-10	1E10	1E-30	1E-10	1E10	1E-30	1E-10	1E10	1E-30	1E-10
54	1.3E-12	1E10	1E10	1E-30	1.07398197732829E-10	1E10	1E-30	1E10	0.407	1E-30	8.48431953096419E-12	0.234625092439397	3.78603750265495E-11	7.54231137398284E-13	1.03434704803812	1E10	1E-30	1E-10	1E10	1E-30	1E-10	1E10	1E-30	1E-10	1E10	1E-30	1E-10	1E10	1E-30	1E-10	1E10	1E-30	1E-10	1E10	1E-30	1E-10	1E10	1E-30	1E-10	1E10	1E-30	1E-10	1E10	1E-30	1E-10	1E10	1E-30	1E-10	1E10	1E-30	1E-10	1E10	1E-30	1E-10
55	1.3E-12	1E10	1E10	1E-30	1.07398197732829E-10	1E10	1E-30	1E10	0.407	1E-30	8.48431953096419E-12	0.234625092439397	3.78603750265495E-11	7.54231137398284E-13	1.03434704803812	1E10	1E-30	1E-10	1E10	1E-30	1E-10	1E10	1E-30	1E-10	1E10	1E-30	1E-10	1E10	1E-30	1E-10	1E10	1E-30	1E-10	1E10	1E-30	1E-10	1E10	1E-30	1E-10	1E10	1E-30	1E-10	1E10	1E-30	1E-10	1E10	1E-30	1E-10	1E10	1E-30	1E-10	1E10	1E-30	1E-10
56	1.3E-12	1E10	1E10	1E-30	1.07398197732829E-10	1E10	1E-30	1E10	0.407	1E-30	8.48431953096419E-12	0.234625092439397	3.78603750265495E-11	7.54231137398284E-13	1.03434704803812	1E10	1E-30	1E-10	1E10	1E-30	1E-10	1E10	1E-30	1E-10	1E10	1E-30	1E-10	1E10	1E-30	1E-10	1E10	1E-30	1E-10	1E10	1E-30	1E-10	1E10	1E-30	1E-10	1E10	1E-30	1E-10	1E10	1E-30	1E-10	1E10	1E-30	1E-10	1E10	1E-30	1E-10	1E10	1E-30	1E-10
57	1.39999999999999E-12	1E10	1E10	1E-30	1.16881031072028E-10	1E10	1E-30	1E10	0.382	1E-30	8.07992487742998E-12	0.282775895570514	4.11531182607951E-11	7.14383191179548E-13	1.08694046365278	1E10	1E-30	1E-10	1E10	1E-30	1E-10	1E10	1E-30	1E-10	1E10	1E-30	1E-10	1E10	1E-30	1E-10	1E10	1E-30	1E-10	1E10	1E-30	1E-10	1E10	1E-30	1E-10	1E10	1E-30	1E-10	1E10	1E-30	1E-10	1E10	1E-30	1E-10	1E10	1E-30	1E-10	1E10	1E-30	1E-10
58	1.39999999999999E-12	1E10	1E10	1E-30	1.16881031072028E-10	1E10	1E-30	1E10	0.382	1E-30	8.07992487742998E-12	0.282775895570514	4.11531182607951E-11	7.14383191179548E-13	1.08694046365278	1E10	1E-30	1E-10	1E10	1E-30	1E-10	1E10	1E-30	1E-10	1E10	1E-30	1E-10	1E10	1E-30	1E-10	1E10	1E-30	1E-10	1E10	1E-30	1E-10	1E10	1E-30	1E-10	1E10	1E-30	1E-10	1E10	1E-30	1E-10	1E10	1E-30	1E-10	1E10	1E-30	1E-10	1E10	1E-30	1E-10
59	1.39999999999999E-12	1E10	1E10	1E-30	1.16881031072028E-10	1E10	1E-30	1E10	0.382	1E-30	8.07992487742998E-12	0.282775895570514	4.11531182607951E-11	7.14383191179548E-13	1.08694046365278	1E10	1E-30	1E-10	1E10	1E-30	1E-10	1E10	1E-30	1E-10	1E10	1E-30	1E-10	1E10	1E-30	1E-10	1E10	1E-30	1E-10	1E10	1E-30	1E-10	1E10	1E-30	1E-10	1E10	1E-30	1E-10	1E10	1E-30	1E-10	1E10	1E-30	1E-10	1E10	1E-30	1E-10	1E10	1E-30	1E-10
60	1.39999999999999E-12	1E10	1E10	1E-30	1.16881031072028E-10	1E10	1E-30	1E10	0.382	1E-30	8.07992487742998E-12	0.282775895570514	4.11531182607951E-11	7.14383191179548E-13	1.08694046365278	1E10	1E-30	1E-10	1E10	1E-30	1E-10	1E10	1E-30	1E-10	1E10	1E-30	1E-10	1E10	1E-30	1E-10	1E10	1E-30	1E-10	1E10	1E-30	1E-10	1E10	1E-30	1E-10	1E10	1E-30	1E-10	1E10	1E-30	1E-10	1E10	1E-30	1E-10	1E10	1E-30	1E-10	1E10	1E-30	1E-10
61	1.39999999999999E-12	1E10	1E10	1E-30	1.16881031072028E-10	1E10	1E-30	1E10	0.382	1E-30	8.07992487742998E-12	0.282775895570514	4.11531182607951E-11	7.14383191179548E-13	1.08694046365278	1E10	1E-30	1E-10	1E10	1E-30	1E-10	1E10	1E-30	1E-10	1E10	1E-30	1E-10	1E10	1E-30	1E-10	1E10	1E-30	1E-10	1E10	1E-30	1E-10	1E10	1E-30	1E-10	1E10	1E-30	1E-10	1E10	1E-30	1E-10	1E10	1E-30	1E-10	1E10	1E-30	1E-10	1E10	1E-30	1E-10
62	1.39999999999999E-12	1E10	1E10	1E-30	1.16881031072028E-10	1E10	1E-30	1E10	0.382	1E-30	8.07992487742998E-12	0.282775895570514	4.11531182607951E-11	7.14383191179548E-13	1.08694046365278	1E10	1E-30	1E-10	1E10	1E-30	1E-10	1E10	1E-30	1E-10	1E10	1E-30	1E-10	1E10	1E-30	1E-10	1E10	1E-30	1E-10	1E10	1E-30	1E-10	1E10	1E-30	1E-10	1E10	1E-30	1E-10	1E10	1E-30	1E-10	1E10	1E-30	1E-10	1E10	1E-30	1E-10	1E10	1E-30	1E-10
63	1.5E-12	1E10	1E10	1E-30	1.12545918237644E-10	1E10	1E-30	1E10	0.357	1E-30	1.00453183004537E-11	0.298566385322072	6.19229501452816E-11	4.71592737631001E-13	0.779366068307259	1E10	1E-30	1E-10	1E10	1E-30	1E-10	1E10	1E-30	1E-10	1E10	1E-30	1E-10	1E10	1E-30	1E-10	1E10	1E-30	1E-10	1E10	1E-30	1E-10	1E10	1E-30	1E-10	1E10	1E-30	1E-10	1E10	1E-30	1E-10	1E10	1E-30	1E-10	1E10	1E-30	1E-10	1E10	1E-30	1E-10
64	1.5E-12	1E10	1E10	1E-30	1.12545918237644E-10	1E10	1E-30	1E10	0.357	1E-30	1.00453183004537E-11	0.298566385322072	6.19229501452816E-11	4.71592737631001E-13	0.779366068307259	1E10	1E-30	1E-10	1E10	1E-30	1E-10	1E10	1E-30	1E-10	1E10	1E-30	1E-10	1E10	1E-30	1E-10	1E10	1E-30	1E-10	1E10	1E-30	1E-10	1E10	1E-30	1E-10	1E10	1E-30	1E-10	1E10	1E-30	1E-10	1E10	1E-30	1E-10	1E10	1E-30	1E-10	1E10	1E-30	1E-10
65	1.5E-12	1E10	1E10	1E-30	1.12545918237644E-10	1E10	1E-30	1E10	0.357	1E-30	1.00453183004537E-11	0.298566385322072	6.19229501452816E-11	4.71592737631001E-13	0.779366068307259	1E10	1E-30	1E-10	1E10	1E-30	1E-10	1E10	1E-30	1E-10	1E10	1E-30	1E-10	1E10	1E-30	1E-10	1E10	1E-30	1E-10	1E10	1E-30	1E-10	1E10	1E-30	1E-10	1E10	1E-30	1E-10	1E10	1E-30	1E-10	1E10	1E-30	1E-10	1E10	1E-30	1E-10	1E10	1E-30	1E-10
66	1.5E-12	1E10	1E10	1E-30	1.12545918237644E-10	1E10	1E-30	1E10	0.357	1E-30	1.00453183004537E-11	0.298566385322072	6.19229501452816E-11	4.71592737631001E-13	0.779366068307259	1E10	1E-30	1E-10	1E10	1E-30	1E-10	1E10	1E-30	1E-10	1E10	1E-30	1E-10	1E10	1E-30	1E-10	1E10	1E-30	1E-10	1E10	1E-30	1E-10	1E10	1E-30	1E-10	1E10	1E-30	1E-10	1E10	1E-30	1E-10	1E10	1E-30	1E-10	1E10	1E-30	1E-10	1E10	1E-30	1E-10
67	1.5E-12	1E10	1E10	1E-30	1.12545918237644E-10	1E10	1E-30	1E10	0.357	1E-30	1.00453183004537E-11	0.298566385322072	6.19229501452816E-11	4.71592737631001E-13	0.779366068307259	1E10	1E-30	1E-10	1E10	1E-30	1E-10	1E10	1E-30	1E-10	1E10	1E-30	1E-10	1E10	1E-30	1E-10	1E10	1E-30	1E-10	1E10	1E-30	1E-10	1E10	1E-30	1E-10	1E10	1E-30	1E-10	1E10	1E-30	1E-10	1E10	1E-30	1E-10	1E10	1E-30	1E-10	1E10	1E-30	1E-10
68	1.5E-12	1E10	1E10	1E-30	1.12545918237644E-10	1E10	1E-30	1E10	0.357	1E-30	1.00453183004537E-11	0.298566385322072	6.19229501452816E-11	4.71592737631001E-13	0.779366068307259	1E10	1E-30	1E-10	1E10	1E-30	1E-10	1E10	1E-30	1E-10	1E10	1E-30	1E-10	1E10	1E-30	1E-10	1E10	1E-30	1E-10	1E10	1E-30	1E-10	1E10	1E-30	1E-10	1E10	1E-30	1E-10	1E10	1E-30	1E-10	1E10	1E-30	1E-10	1E10	1E-30	1E-10	1E10	1E-30	1E-10
69	1.6E-12	1E10	1E10	1E-30	1.15438731262538E-10	1E10	1E-30	1E10	0.339	1E-30	1.16242947576067E-11	0.310908970433005	5.38682713953458E-11	5.36862130397557E-13	0.704517907039897	1E10	1E-30	1E-10	1E10	1E-30	1E-10	1E10	1E-30	1E-10	1E10	1E-30	1E-10	1E10	1E-30	1E-10	1E10	1E-30	1E-10	1E10	1E-30	1E-10	1E10	1E-30	1E-10	1E10	1E-30	1E-10	1E10	1E-30	1E-10	1E10	1E-30	1E-10	1E10	1E-30	1E-10	1E10	1E-30	1E-10
70	1.6E-12	1E10	1E10	1E-30	1.15438731262538E-10	1E10	1E-30	1E10	0.339	1E-30	1.16242947576067E-11	0.310908970433005	5.38682713953458E-11	5.36862130397557E-13	0.704517907039897	1E10	1E-30	1E-10	1E10	1E-30	1E-10	1E10	1E-30	1E-10	1E10	1E-30	1E-10	1E10	1E-30	1E-10	1E10	1E-30	1E-10	1E10	1E-30	1E-10	1E10	1E-30	1E-10	1E10	1E-30	1E-10	1E10	1E-30	1E-10	1E10	1E-30	1E-10	1E10	1E-30	1E-10	1E10	1E-30	1E-10
71	1.6E-12	1E10	1E10	1E-30	1.15438731262538E-10	1E10	1E-30	1E10	0.339	1E-30	1.16242947576067E-11	0.310908970433005	5.38682713953458E-11	5.36862130397557E-13	0.704517907039897	1E10	1E-30	1E-10	1E10	1E-30	1E-10	1E10	1E-30	1E-10	1E10	1E-30	1E-10	1E10	1E-30	1E-10	1E10	1E-30	1E-10	1E10	1E-30	1E-10	1E10	1E-30	1E-10	1E10	1E-30	1E-10	1E10	1E-30	1E-10	1E10	1E-30	1E-10	1E10	1E-30	1E-10	1E10	1E-30	1E-10
72	1.6E-12	1E10	1E10	1E-30	1.15438731262538E-10	1E10	1E-30	1E10	0.339	1E-30	1.16242947576067E-11	0.310908970433005	5.38682713953458E-11	5.36862130397557E-13	0.704517907039897	1E10	1E-30	1E-10	1E10	1E-30	1E-10	1E10	1E-30	1E-10	1E10	1E-30	1E-10	1E10	1E-30	1E-10	1E10	1E-30	1E-10	1E10	1E-30	1E-10	1E10	1E-30	1E-10	1E10	1E-30	1E-10	1E10	1E-30	1E-10	1E10	1E-30	1E-10	1E10	1E-30	1E-10	1E10	1E-30	1E-10
73	1.6E-12	1E10	1E10	1E-30	1.15438731262538E-10	1E10	1E-30	1E10	0.339	1E-30	1.16242947576067E-11	0.310908970433005	5.38682713953458E-11	5.36862130397557E-13	0.704517907039897	1E10	1E-30	1E-10	1E10	1E-30	1E-10	1E10	1E-30	1E-10	1E10	1E-30	1E-10	1E10	1E-30	1E-10	1E10	1E-30	1E-10	1E10	1E-30	1E-10	1E10	1E-30	1E-10	1E10	1E-30	1E-10	1E10	1E-30	1E-10	1E10	1E-30	1E-10	1E10	1E-30	1E-10	1E10	1E-30	1E-10
74	1.6E-12	1E10	1E10	1E-30	1.15438731262538E-10	1E10	1E-30	1E10	0.339	1E-30	1.16242947576067E-11	0.310908970433005	5.38682713953458E-11	5.36862130397557E-13	0.704517907039897	1E10	1E-30	1E-10	1E10	1E-30	1E-10	1E10	1E-30	1E-10	1E10	1E-30	1E-10	1E10	1E-30	1E-10	1E10	1E-30	1E-10	1E10	1E-30	1E-10	1E10	1E-30	1E-10	1E10	1E-30	1E-10	1E10	1E-30	1E-10	1E10	1E-30	1E-10	1E10	1E-30	1E-10	1E10	1E-30	1E-10
75	1.69999999999999E-12	1E10	1E10	1E-30	1.15211253256085E-10	1E10	1E-30	1E10	0.318	1E-30	1.32703092081224E-11	0.32469727648923	9.8008878557522E-11	2.99384028369199E-13	0.548704229341374	1E10	1E-30	1E-10	1E10	1E-30	1E-10	1E10	1E-30	1E-10	1E10	1E-30	1E-10	1E10	1E-30	1E-10	1E10	1E-30	1E-10	1E10	1E-30	1E-10	1E10	1E-30	1E-10	1E10	1E-30	1E-10	1E10	1E-30	1E-10	1E10	1E-30	1E-10	1E10	1E-30	1E-10	1E10	1E-30	1E-10
76	1.69999999999999E-12	1E10	1E10	1E-30	1.15211253256085E-10	1E10	1E-30	1E10	0.318	1E-30	1.32703092081224E-11	0.32469727648923	9.8008878557522E-11	2.99384028369199E-13	0.548704229341374	1E10	1E-30	1E-10	1E10	1E-30	1E-10	1E10	1E-30	1E-10	1E10	1E-30	1E-10	1E10	1E-30	1E-10	1E10	1E-30	1E-10	1E10	1E-30	1E-10	1E10	1E-30	1E-10	1E10	1E-30	1E-10	1E10	1E-30	1E-10	1E10	1E-30	1E-10	1E10	1E-30	1E-10	1E10	1E-30	1E-10
77	1.69999999999999E-12	1E10	1E10	1E-30	1.15211253256085E-10	1E10	1E-30	1E10	0.318	1E-30	1.32703092081224E-11	0.32469727648923	9.8008878557522E-11	2.99384028369199E-13	0.548704229341374	1E10	1E-30	1E-10	1E10	1E-30	1E-10	1E10	1E-30	1E-10	1E10	1E-30	1E-10	1E10	1E-30	1E-10	1E10	1E-30	1E-10	1E10	1E-30	1E-10	1E10	1E-30	1E-10	1E10	1E-30	1E-10	1E10	1E-30	1E-10	1E10	1E-30	1E-10	1E10	1E-30	1E-10	1E10	1E-30	1E-10
78	1.69999999999999E-12	1E10	1E10	1E-30	1.15211253256085E-10	1E10	1E-30	1E10	0.318	1E-30	1.32703092081224E-11	0.32469727648923	9.8008878557522E-11	2.99384028369199E-13	0.548704229341374	1E10	1E-30	1E-10	1E10	1E-30	1E-10	1E10	1E-30	1E-10	1E10	1E-30	1E-10	1E10	1E-30	1E-10	1E10	1E-30	1E-10	1E10	1E-30	1E-10	1E10	1E-30	1E-10	1E10	1E-30	1E-10	1E10	1E-30	1E-10	1E10	1E-30	1E-10	1E10	1E-30	1E-10	1E10	1E-30	1E-10
79	1.69999999999999E-12	1E10	1E10	1E-30	1.15211253256085E-10	1E10	1E-30	1E10	0.318	1E-30	1.32703092081224E-11	0.32469727648923	9.8008878557522E-11	2.99384028369199E-13	0.548704229341374	1E10	1E-30	1E-10	1E10	1E-30	1E-10	1E10	1E-30	1E-10	1E10	1E-30	1E-10	1E10	1E-30	1E-10	1E10	1E-30	1E-10	1E10	1E-30	1E-10	1E10	1E-30	1E-10	1E10	1E-30	1E-10	1E10	1E-30	1E-10	1E10	1E-30	1E-10	1E10	1E-30	1E-10	1E10	1E-30	1E-10
80	1.69999999999999E-12	1E10	1E10	1E-30	1.15211253256085E-10	1E10	1E-30	1E10	0.318	1E-30	1.32703092081224E-11	0.32469727648923	9.8008878557522E-11	2.99384028369199E-13	0.548704229341374	1E10	1E-30	1E-10	1E10	1E-30	1E-10	1E10	1E-30	1E-10	1E10	1E-30	1E-10	1E10	1E-30	1E-10	1E10	1E-30	1E-10	1E10	1E-30	1E-10	1E10	1E-30	1E-10	1E10	1E-30	1E-10	1E10	1E-30	1E-10	1E10	1E-30	1E-10	1E10	1E-30	1E-10	1E10	1E-30	1E-10
81	1.8E-12	1E10	1E10	1E-30	1.16071618506061E-10	1E10	1E-30	1E10	0.305	1E-30	1.48918873547515E-11	0.333157259656924	9.49707618753498E-11	3.0825013573399E-13	0.651614532147381	5.45874574794748E-11	2.38333589455871E-13	0.985645440383192	1E10	1E-30	1E-10	1E10	1E-30	1E-10	1E10	1E-30	1E-10	1E10	1E-30	1E-10	1E10	1E-30	1E-10	1E10	1E-30	1E-10	1E10	1E-30	1E-10	1E10	1E-30	1E-10	1E10	1E-30	1E-10	1E10	1E-30	1E-10	1E10	1E-30	1E-10	1E10	1E-30	1E-10
82	1.8E-12	1E10	1E10	1E-30	1.16071618506061E-10	1E10	1E-30	1E10	0.305	1E-30	1.48918873547515E-11	0.333157259656924	9.49707618753498E-11	3.0825013573399E-13	0.651614532147381	5.45874574794748E-11	2.38333589455871E-13	0.985645440383192	1E10	1E-30	1E-10	1E10	1E-30	1E-10	1E10	1E-30	1E-10	1E10	1E-30	1E-10	1E10	1E-30	1E-10	1E10	1E-30	1E-10	1E10	1E-30	1E-10	1E10	1E-30	1E-10	1E10	1E-30	1E-10	1E10	1E-30	1E-10	1E10	1E-30	1E-10	1E10	1E-30	1E-10
83	1.8E-12	1E10	1E10	1E-30	1.16071618506061E-10	1E10	1E-30	1E10	0.305	1E-30	1.48918873547515E-11	0.333157259656924	9.49707618753498E-11	3.0825013573399E-13	0.651614532147381	5.45874574794748E-11	2.38333589455871E-13	0.985645440383192	1E10	1E-30	1E-10	1E10	1E-30	1E-10	1E10	1E-30	1E-10	1E10	1E-30	1E-10	1E10	1E-30	1E-10	1E10	1E-30	1E-10	1E10	1E-30	1E-10	1E10	1E-30	1E-10	1E10	1E-30	1E-10	1E10	1E-30	1E-10	1E10	1E-30	1E-10	1E10	1E-30	1E-10
84	1.8E-12	1E10	1E10	1E-30	1.16071618506061E-10	1E10	1E-30	1E10	0.305	1E-30	1.48918873547515E-11	0.333157259656924	9.49707618753498E-11	3.0825013573399E-13	0.651614532147381	5.45874574794748E-11	2.38333589455871E-13	0.985645440383192	1E10	1E-30	1E-10	1E10	1E-30	1E-10	1E10	1E-30	1E-10	1E10	1E-30	1E-10	1E10	1E-30	1E-10	1E10	1E-30	1E-10	1E10	1E-30	1E-10	1E10	1E-30	1E-10	1E10	1E-30	1E-10	1E10	1E-30	1E-10	1E10	1E-30	1E-10	1E10	1E-30	1E-10
85	1.8E-12	1E10	1E10	1E-30	1.16071618506061E-10	1E10	1E-30	1E10	0.305	1E-30	1.48918873547515E-11	0.333157259656924	9.49707618753498E-11	3.0825013573399E-13	0.651614532147381	5.45874574794748E-11	2.38333589455871E-13	0.985645440383192	1E10	1E-30	1E-10	1E10	1E-30	1E-10	1E10	1E-30	1E-10	1E10	1E-30	1E-10	1E10	1E-30	1E-10	1E10	1E-30	1E-10	1E10	1E-30	1E-10	1E10	1E-30	1E-10	1E10	1E-30	1E-10	1E10	1E-30	1E-10	1E10	1E-30	1E-10	1E10	1E-30	1E-10
86	1.8E-12	1E10	1E10	1E-30	1.16071618506061E-10	1E10	1E-30	1E10	0.305	1E-30	1.48918873547515E-11	0.333157259656924	9.49707618753498E-11	3.0825013573399E-13	0.651614532147381	5.45874574794748E-11	2.38333589455871E-13	0.985645440383192	1E10	1E-30	1E-10	1E10	1E-30	1E-10	1E10	1E-30	1E-10	1E10	1E-30	1E-10	1E10	1E-30	1E-10	1E10	1E-30	1E-10	1E10	1E-30	1E-10	1E10	1E-30	1E-10	1E10	1E-30	1E-10	1E10	1E-30	1E-10	1E10	1E-30	1E-10	1E10	1E-30	1E-10
87	1.9E-12	1E10	1E10	1E-30	1.16153787890816E-10	1E10	1E-30	1E10	0.291	1E-30	1.51314070762255E-11	0.349619446679867	1.19802799393239E-10	2.40042584698688E-13	0.521648717965096	3.3497577408503E-11	4.02147447976748E-13	1.55318008912308	1E10	1E-30	1E-10	1E10	1E-30	1E-10	1E10	1E-30	1E-10	1E10	1E-30	1E-10	1E10	1E-30	1E-10	1E10	1E-30	1E-10	1E10	1E-30	1E-10	1E10	1E-30	1E-10	1E10	1E-30	1E-10	1E10	1E-30	1E-10	1E10	1E-30	1E-10	1E10	1E-30	1E-10
88	1.9E-12	1E10	1E10	1E-30	1.16153787890816E-10	1E10	1E-30	1E10	0.291	1E-30	1.51314070762255E-11	0.349619446679867	1.19802799393239E-10	2.40042584698688E-13	0.521648717965096	3.3497577408503E-11	4.02147447976748E-13	1.55318008912308	1E10	1E-30	1E-10	1E10	1E-30	1E-10	1E10	1E-30	1E-10	1E10	1E-30	1E-10	1E10	1E-30	1E-10	1E10	1E-30	1E-10	1E10	1E-30	1E-10	1E10	1E-30	1E-10	1E10	1E-30	1E-10	1E10	1E-30	1E-10	1E10	1E-30	1E-10	1E10	1E-30	1E-10
89	1.9E-12	1E10	1E10	1E-30	1.16153787890816E-10	1E10	1E-30	1E10	0.291	1E-30	1.51314070762255E-11	0.349619446679867	1.19802799393239E-10	2.40042584698688E-13	0.521648717965096	3.3497577408503E-11	4.02147447976748E-13	1.55318008912308	1E10	1E-30	1E-10	1E10	1E-30	1E-10	1E10	1E-30	1E-10	1E10	1E-30	1E-10	1E10	1E-30	1E-10	1E10	1E-30	1E-10	1E10	1E-30	1E-10	1E10	1E-30	1E-10	1E10	1E-30	1E-10	1E10	1E-30	1E-10	1E10	1E-30	1E-10	1E10	1E-30	1E-10
90	1.9E-12	1E10	1E10	1E-30	1.16153787890816E-10	1E10	1E-30	1E10	0.291	1E-30	1.51314070762255E-11	0.349619446679867	1.19802799393239E-10	2.40042584698688E-13	0.521648717965096	3.3497577408503E-11	4.02147447976748E-13	1.55318008912308	1E10	1E-30	1E-10	1E10	1E-30	1E-10	1E10	1E-30	1E-10	1E10	1E-30	1E-10	1E10	1E-30	1E-10	1E10	1E-30	1E-10	1E10	1E-30	1E-10	1E10	1E-30	1E-10	1E10	1E-30	1E-10	1E10	1E-30	1E-10	1E10	1E-30	1E-10	1E10	1E-30	1E-10
91	1.9E-12	1E10	1E10	1E-30	1.16153787890816E-10	1E10	1E-30	1E10	0.291	1E-30	1.51314070762255E-11	0.349619446679867	1.19802799393239E-10	2.40042584698688E-13	0.521648717965096	3.3497577408503E-11	4.02147447976748E-13	1.55318008912308	1E10	1E-30	1E-10	1E10	1E-30	1E-10	1E10	1E-30	1E-10	1E10	1E-30	1E-10	1E10	1E-30	1E-10	1E10	1E-30	1E-10	1E10	1E-30	1E-10	1E10	1E-30	1E-10	1E10	1E-30	1E-10	1E10	1E-30	1E-10	1E10	1E-30	1E-10	1E10	1E-30	1E-10
92	1.9E-12	1E10	1E10	1E-30	1.16153787890816E-10	1E10	1E-30	1E10	0.291	1E-30	1.51314070762255E-11	0.349619446679867	1.19802799393239E-10	2.40042584698688E-13	0.521648717965096	3.3497577408503E-11	4.02147447976748E-13	1.55318008912308	1E10	1E-30	1E-10	1E10	1E-30	1E-10	1E10	1E-30	1E-10	1E10	1E-30	1E-10	1E10	1E-30	1E-10	1E10	1E-30	1E-10	1E10	1E-30	1E-10	1E10	1E-30	1E-10	1E10	1E-30	1E-10	1E10	1E-30	1E-10	1E10	1E-30	1E-10	1E10	1E-30	1E-10
93	2E-12	1E10	1E10	1E-30	1.1555796366234E-10	1E10	1E-30	1E10	0.273	1E-30	1.71167992524439E-11	0.359226548658433	6.73279302648391E-11	4.38968036816982E-13	0.787276159831828	3.3497577408503E-11	4.02147447976748E-13	1.55318008912308	1E10	1E-30	1E-10	1E10	1E-30	1E-10	1E10	1E-30	1E-10	1E10	1E-30	1E-10	1E10	1E-30	1E-10	1E10	1E-30	1E-10	1E10	1E-30	1E-10	1E10	1E-30	1E-10	1E10	1E-30	1E-10	1E10	1E-30	1E-10	1E10	1E-30	1E-10	1E10	1E-30	1E-10
94	2E-12	1E10	1E10	1E-30	1.1555796366234E-10	1E10	1E-30	1E10	0.273	1E-30	1.71167992524439E-11	0.359226548658433	6.73279302648391E-11	4.38968036816982E-13	0.787276159831828	3.3497577408503E-11	4.02147447976748E-13	1.55318008912308	1E10	1E-30	1E-10	1E10	1E-30	1E-10	1E10	1E-30	1E-10	1E10	1E-30	1E-10	1E10	1E-30	1E-10	1E10	1E-30	1E-10	1E10	1E-30	1E-10	1E10	1E-30	1E-10	1E10	1E-30	1E-10	1E10	1E-30	1E-10	1E10	1E-30	1E-10	1E10	1E-30	1E-10
95	2E-12	1E10	1E10	1E-30	1.1555796366234E-10	1E10	1E-30	1E10	0.273	1E-30	1.71167992524439E-11	0.359226548658433	6.73279302648391E-11	4.38968036816982E-13	0.787276159831828	3.3497577408503E-11	4.02147447976748E-13	1.55318008912308	1E10	1E-30	1E-10	1E10	1E-30	1E-10	1E10	1E-30	1E-10	1E10	1E-30	1E-10	1E10	1E-30	1E-10	1E10	1E-30	1E-10	1E10	1E-30	1E-10	1E10	1E-30	1E-10	1E10	1E-30	1E-10	1E10	1E-30	1E-10	1E10	1E-30	1E-10	1E10	1E-30	1E-10
96	2E-12	1E10	1E10	1E-30	1.1555796366234E-10	1E10	1E-30	1E10	0.273	1E-30	1.71167992524439E-11	0.359226548658433	6.73279302648391E-11	4.38968036816982E-13	0.787276159831828	3.3497577408503E-11	4.02147447976748E-13	1.55318008912308	1E10	1E-30	1E-10	1E10	1E-30	1E-10	1E10	1E-30	1E-10	1E10	1E-30	1E-10	1E10	1E-30	1E-10	1E10	1E-30	1E-10	1E10	1E-30	1E-10	1E10	1E-30	1E-10	1E10	1E-30	1E-10	1E10	1E-30	1E-10	1E10	1E-30	1E-10	1E10	1E-30	1E-10
97	2E-12	1E10	1E10	1E-30	1.1555796366234E-10	1E10	1E-30	1E10	0.273	1E-30	1.71167992524439E-11	0.359226548658433	6.73279302648391E-11	4.38968036816982E-13	0.787276159831828	3.3497577408503E-11	4.02147447976748E-13	1.55318008912308	1E10	1E-30	1E-10	1E10	1E-30	1E-10	1E10	1E-30	1E-10	1E10	1E-30	1E-10	1E10	1E-30	1E-10	1E10	1E-30	1E-10	1E10	1E-30	1E-10	1E10	1E-30	1E-10	1E10	1E-30	1E-10	1E10	1E-30	1E-10	1E10	1E-30	1E-10	1E10	1E-30	1E-10
98	2E-12	1E10	1E10	1E-30	1.1555796366234E-10	1E10	1E-30	1E10	0.273	1E-30	1.71167992524439E-11	0.359226548658433	6.73279302648391E-11	4.38968036816982E-13	0.787276159831828	3.3497577408503E-11	4.02147447976748E-13	1.55318008912308	1E10	1E-30	1E-10	1E10	1E-30	1E-10	1E10	1E-30	1E-10	1E10	1E-30	1E-10	1E10	1E-30	1E-10	1E10	1E-30	1E-10	1E10	1E-30	1E-10	1E10	1E-30	1E-10	1E10	1E-30	1E-10	1E10	1E-30	1E-10	1E10	1E-30	1E-10	1E10	1E-30	1E-10
99	2.1E-12	1E10	1E10	1E-30	1.10937211453133E-10	1E10	1E-30	1E10	0.242	1E-30	1.76515230180615E-11	0.393119442808136	5.60928091189878E-11	5.03961771392735E-13	0.769996525049829	2.60023978773968E-11	4.9474944650769E-13	1.95533788328978	1E10	1E-30	1E-10	1E10	1E-30	1E-10	1E10	1E-30	1E-10	1E10	1E-30	1E-10	1E10	1E-30	1E-10	1E10	1E-30	1E-10	1E10	1E-30	1E-10	1E10	1E-30	1E-10	1E10	1E-30	1E-10	1E10	1E-30	1E-10	1E10	1E-30	1E-10	1E10	1E-30	1E-10
100	2.1E-12	1E10	1E10	1E-30	1.10937211453133E-10	1E10	1E-30	1E10	0.242	1E-30	1.76515230180615E-11	0.393119442808136	5.60928091189878E-11	5.03961771392735E-13	0.769996525049829	2.60023978773968E-11	4.9474944650769E-13	1.95533788328978	1E10	1E-30	1E-10	1E10	1E-30	1E-10	1E10	1E-30	1E-10	1E10	1E-30	1E-10	1E10	1E-30	1E-10	1E10	1E-30	1E-10	1E10	1E-30	1E-10	1E10	1E-30	1E-10	1E10	1E-30	1E-10	1E10	1E-30	1E-10	1E10	1E-30	1E-10	1E10	1E-30	1E-10
101	2.1E-12	1E10	1E10	1E-30	1.10937211453133E-10	1E10	1E-30	1E10	0.242	1E-30	1.76515230180615E-11	0.393119442808136	5.60928091189878E-11	5.03961771392735E-13	0.769996525049829	2.60023978773968E-11	4.9474944650769E-13	1.95533788328978	1E10	1E-30	1E-10	1E10	1E-30	1E-10	1E10	1E-30	1E-10	1E10	1E-30	1E-10	1E10	1E-30	1E-10	1E10	1E-30	1E-10	1E10	1E-30	1E-10	1E10	1E-30	1E-10	1E10	1E-30	1E-10	1E10	1E-30	1E-10	1E10	1E-30	1E-10	1E10	1E-30	1E-10
102	2.1E-12	1E10	1E10	1E-30	1.10937211453133E-10	1E10	1E-30	1E10	0.242	1E-30	1.76515230180615E-11	0.393119442808136	5.60928091189878E-11	5.03961771392735E-13	0.769996525049829	2.60023978773968E-11	4.9474944650769E-13	1.95533788328978	1E10	1E-30	1E-10	1E10	1E-30	1E-10	1E10	1E-30	1E-10	1E10	1E-30	1E-10	1E10	1E-30	1E-10	1E10	1E-30	1E-10	1E10	1E-30	1E-10	1E10	1E-30	1E-10	1E10	1E-30	1E-10	1E10	1E-30	1E-10	1E10	1E-30	1E-10	1E10	1E-30	1E-10
103	2.1E-12	1E10	1E10	1E-30	1.10937211453133E-10	1E10	1E-30	1E10	0.242	1E-30	1.76515230180615E-11	0.393119442808136	5.60928091189878E-11	5.03961771392735E-13	0.769996525049829	2.60023978773968E-11	4.9474944650769E-13	1.95533788328978	1E10	1E-30	1E-10	1E10	1E-30	1E-10	1E10	1E-30	1E-10	1E10	1E-30	1E-10	1E10	1E-30	1E-10	1E10	1E-30	1E-10	1E10	1E-30	1E-10	1E10	1E-30	1E-10	1E10	1E-30	1E-10	1E10	1E-30	1E-10	1E10	1E-30	1E-10	1E10	1E-30	1E-10
104	2.1E-12	1E10	1E10	1E-30	1.10937211453133E-10	1E10	1E-30	1E10	0.242	1E-30	1.76515230180615E-11	0.393119442808136	5.60928091189878E-11	5.03961771392735E-13	0.769996525049829	2.60023978773968E-11	4.9474944650769E-13	1.95533788328978	1E10	1E-30	1E-10	1E10	1E-30	1E-10	1E10	1E-30	1E-10	1E10	1E-30	1E-10	1E10	1E-30	1E-10	1E10	1E-30	1E-10	1E10	1E-30	1E-10	1E10	1E-30	1E-10	1E10	1E-30	1E-10	1E10	1E-30	1E-10	1E10	1E-30	1E-10	1E10	1E-30	1E-10
105	2.2E-12	1E10	1E10	1E-30	1.11776882609981E-10	1E10	1E-30	1E10	0.242	1E-30	1.68570736142355E-11	0.393119442808136	4.2544963691309E-11	6.58824087415029E-13	0.782812718725959	2.60023978773968E-11	4.9474944650769E-13	1.95533788328978	1E10	1E-30	1E-10	1E10	1E-30	1E-10	1E10	1E-30	1E-10	1E10	1E-30	1E-10	1E10	1E-30	1E-10	1E10	1E-30	1E-10	1E10	1E-30	1E-10	1E10	1E-30	1E-10	1E10	1E-30	1E-10	1E10	1E-30	1E-10	1E10	1E-30	1E-10	1E10	1E-30	1E-10
106	2.2E-12	1E10	1E10	1E-30	1.11776882609981E-10	1E10	1E-30	1E10	0.242	1E-30	1.68570736142355E-11	0.393119442808136	4.2544963691309E-11	6.58824087415029E-13	0.782812718725959	2.60023978773968E-11	4.9474944650769E-13	1.95533788328978	1E10	1E-30	1E-10	1E10	1E-30	1E-10	1E10	1E-30	1E-10	1E10	1E-30	1E-10	1E10	1E-30	1E-10	1E10	1E-30	1E-10	1E10	1E-30	1E-10	1E10	1E-30	1E-10	1E10	1E-30	1E-10	1E10	1E-30	1E-10	1E10	1E-30	1E-10	1E10	1E-30	1E-10
107	2.2E-12	1E10	1E10	1E-30	1.11776882609981E-10	1E10	1E-30	1E10	0.242	1E-30	1.68570736142355E-11	0.393119442808136	4.2544963691309E-11	6.58824087415029E-13	0.782812718725959	2.60023978773968E-11	4.9474944650769E-13	1.95533788328978	1E10	1E-30	1E-10	1E10	1E-30	1E-10	1E10	1E-30	1E-10	1E10	1E-30	1E-10	1E10	1E-30	1E-10	1E10	1E-30	1E-10	1E10	1E-30	1E-10	1E10	1E-30	1E-10	1E10	1E-30	1E-10	1E10	1E-30	1E-10	1E10	1E-30	1E-10	1E10	1E-30	1E-10
108	2.2E-12	1E10	1E10	1E-30	1.11776882609981E-10	1E10	1E-30	1E10	0.242	1E-30	1.68570736142355E-11	0.393119442808136	4.2544963691309E-11	6.58824087415029E-13	0.782812718725959	2.60023978773968E-11	4.9474944650769E-13	1.95533788328978	1E10	1E-30	1E-10	1E10	1E-30	1E-10	1E10	1E-30	1E-10	1E10	1E-30	1E-10	1E10	1E-30	1E-10	1E10	1E-30	1E-10	1E10	1E-30	1E-10	1E10	1E-30	1E-10	1E10	1E-30	1E-10	1E10	1E-30	1E-10	1E10	1E-30	1E-10	1E10	1E-30	1E-10
109	2.2E-12	1E10	1E10	1E-30	1.11776882609981E-10	1E10	1E-30	1E10	0.242	1E-30	1.68570736142355E-11	0.393119442808136	4.2544963691309E-11	6.58824087415029E-13	0.782812718725959	2.60023978773968E-11	4.9474944650769E-13	1.95533788328978	1E10	1E-30	1E-10	1E10	1E-30	1E-10	1E10	1E-30	1E-10	1E10	1E-30	1E-10	1E10	1E-30	1E-10	1E10	1E-30	1E-10	1E10	1E-30	1E-10	1E10	1E-30	1E-10	1E10	1E-30	1E-10	1E10	1E-30	1E-10	1E10	1E-30	1E-10	1E10	1E-30	1E-10
110	2.2E-12	1E10	1E10	1E-30	1.11776882609981E-10	1E10	1E-30	1E10	0.242	1E-30	1.68570736142355E-11	0.393119442808136	4.2544963691309E-11	6.58824087415029E-13	0.782812718725959	2.60023978773968E-11	4.9474944650769E-13	1.95533788328978	1E10	1E-30	1E-10	1E10	1E-30	1E-10	1E10	1E-30	1E-10	1E10	1E-30	1E-10	1E10	1E-30	1E-10	1E10	1E-30	1E-10	1E10	1E-30	1E-10	1E10	1E-30	1E-10	1E10	1E-30	1E-10	1E10	1E-30	1E-10	1E10	1E-30	1E-10	1E10	1E-30	1E-10
111	2.3E-12	1E10	1E10	1E-30	1.09390281486677E-10	1E10	1E-30	1E10	0.221	1E-30	1.84865506538608E-11	0.411773703947408	3.00698876001639E-11	9.52084636199136E-13	1.23098225550729	3.27350794554376E-11	3.92993454475269E-13	1.55318008912308	1E10	1E-30	1E-10	1E10	1E-30	1E-10	1E10	1E-30	1E-10	1E10	1E-30	1E-10	1E10	1E-30	1E-10	1E10	1E-30	1E-10	1E10	1E-30	1E-10	1E10	1E-30	1E-10	1E10	1E-30	1E-10	1E10	1E-30	1E-10	1E10	1E-30	1E-10	1E10	1E-30	1E-10
112	2.3E-12	1E10	1E10	1E-30	1.09390281486677E-10	1E10	1E-30	1E10	0.221	1E-30	1.84865506538608E-11	0.411773703947408	3.00698876001639E-11	9.52084636199136E-13	1.23098225550729	3.27350794554376E-11	3.92993454475269E-13	1.55318008912308	1E10	1E-30	1E-10	1E10	1E-30	1E-10	1E10	1E-30	1E-10	1E10	1E-30	1E-10	1E10	1E-30	1E-10	1E10	1E-30	1E-10	1E10	1E-30	1E-10	1E10	1E-30	1E-10	1E10	1E-30	1E-10	1E10	1E-30	1E-10	1E10	1E-30	1E-10	1E10	1E-30	1E-10
113	2.3E-12	1E10	1E10	1E-30	1.09390281486677E-10	1E10	1E-30	1E10	0.221	1E-30	1.84865506538608E-11	0.411773703947408	3.00698876001639E-11	9.52084636199136E-13	1.23098225550729	3.27350794554376E-11	3.92993454475269E-13	1.55318008912308	1E10	1E-30	1E-10	1E10	1E-30	1E-10	1E10	1E-30	1E-10	1E10	1E-30	1E-10	1E10	1E-30	1E-10	1E10	1E-30	1E-10	1E10	1E-30	1E-10	1E10	1E-30	1E-10	1E10	1E-30	1E-10	1E10	1E-30	1E-10	1E10	1E-30	1E-10	1E10	1E-30	1E-10
114	2.3E-12	1E10	1E10	1E-30	1.09390281486677E-10	1E10	1E-30	1E10	0.221	1E-30	1.84865506538608E-11	0.411773703947408	3.00698876001639E-11	9.52084636199136E-13	1.23098225550729	3.27350794554376E-11	3.92993454475269E-13	1.55318008912308	1E10	1E-30	1E-10	1E10	1E-30	1E-10	1E10	1E-30	1E-10	1E10	1E-30	1E-10	1E10	1E-30	1E-10	1E10	1E-30	1E-10	1E10	1E-30	1E-10	1E10	1E-30	1E-10	1E10	1E-30	1E-10	1E10	1E-30	1E-10	1E10	1E-30	1E-10	1E10	1E-30	1E-10
115	2.3E-12	1E10	1E10	1E-30	1.09390281486677E-10	1E10	1E-30	1E10	0.221	1E-30	1.84865506538608E-11	0.411773703947408	3.00698876001639E-11	9.52084636199136E-13	1.23098225550729	3.27350794554376E-11	3.92993454475269E-13	1.55318008912308	1E10	1E-30	1E-10	1E10	1E-30	1E-10	1E10	1E-30	1E-10	1E10	1E-30	1E-10	1E10	1E-30	1E-10	1E10	1E-30	1E-10	1E10	1E-30	1E-10	1E10	1E-30	1E-10	1E10	1E-30	1E-10	1E10	1E-30	1E-10	1E10	1E-30	1E-10	1E10	1E-30	1E-10
116	2.3E-12	1E10	1E10	1E-30	1.09390281486677E-10	1E10	1E-30	1E10	0.221	1E-30	1.84865506538608E-11	0.411773703947408	3.00698876001639E-11	9.52084636199136E-13	1.23098225550729	3.27350794554376E-11	3.92993454475269E-13	1.55318008912308	1E10	1E-30	1E-10	1E10	1E-30	1E-10	1E10	1E-30	1E-10	1E10	1E-30	1E-10	1E10	1E-30	1E-10	1E10	1E-30	1E-10	1E10	1E-30	1E-10	1E10	1E-30	1E-10	1E10	1E-30	1E-10	1E10	1E-30	1E-10	1E10	1E-30	1E-10	1E10	1E-30	1E-10
117	2.4E-12	1E10	1E10	1E-30	1.11418448390052E-10	1E10	1E-30	1E10	0.221	1E-30	3.94518820312322E-11	0.366277352210725	2.74923610885211E-11	9.94657977480629E-13	1.6779289829395	1.3194468609633E-11	9.54202328819875E-13	3.58994685340149	1E10	1E-30	1E-10	1E10	1E-30	1E-10	1E10	1E-30	1E-10	1E10	1E-30	1E-10	1E10	1E-30	1E-10	1E10	1E-30	1E-10	1E10	1E-30	1E-10	1E10	1E-30	1E-10	1E10	1E-30	1E-10	1E10	1E-30	1E-10	1E10	1E-30	1E-10	1E10	1E-30	1E-10
118	2.4E-12	1E10	1E10	1E-30	1.11418448390052E-10	1E10	1E-30	1E10	0.221	1E-30	3.94518820312322E-11	0.366277352210725	2.74923610885211E-11	9.94657977480629E-13	1.6779289829395	1.3194468609633E-11	9.54202328819875E-13	3.58994685340149	1E10	1E-30	1E-10	1E10	1E-30	1E-10	1E10	1E-30	1E-10	1E10	1E-30	1E-10	1E10	1E-30	1E-10	1E10	1E-30	1E-10	1E10	1E-30	1E-10	1E10	1E-30	1E-10	1E10	1E-30	1E-10	1E10	1E-30	1E-10	1E10	1E-30	1E-10	1E10	1E-30	1E-10
119	2.4E-12	1E10	1E10	1E-30	1.11418448390052E-10	1E10	1E-30	1E10	0.221	1E-30	3.94518820312322E-11	0.366277352210725	2.74923610885211E-11	9.94657977480629E-13	1.6779289829395	1.3194468609633E-11	9.54202328819875E-13	3.58994685340149	1E10	1E-30	1E-10	1E10	1E-30	1E-10	1E10	1E-30	1E-10	1E10	1E-30	1E-10	1E10	1E-30	1E-10	1E10	1E-30	1E-10	1E10	1E-30	1E-10	1E10	1E-30	1E-10	1E10	1E-30	1E-10	1E10	1E-30	1E-10	1E10	1E-30	1E-10	1E10	1E-30	1E-10
120	2.4E-12	1E10	1E10	1E-30	1.11418448390052E-10	1E10	1E-30	1E10	0.221	1E-30	3.94518820312322E-11	0.366277352210725	2.74923610885211E-11	9.94657977480629E-13	1.6779289829395	1.3194468609633E-11	9.54202328819875E-13	3.58994685340149	1E10	1E-30	1E-10	1E10	1E-30	1E-10	1E10	1E-30	1E-10	1E10	1E-30	1E-10	1E10	1E-30	1E-10	1E10	1E-30	1E-10	1E10	1E-30	1E-10	1E10	1E-30	1E-10	1E10	1E-30	1E-10	1E10	1E-30	1E-10	1E10	1E-30	1E-10	1E10	1E-30	1E-10
121	2.4E-12	1E10	1E10	1E-30	1.11418448390052E-10	1E10	1E-30	1E10	0.221	1E-30	3.94518820312322E-11	0.366277352210725	2.74923610885211E-11	9.94657977480629E-13	1.6779289829395	1.3194468609633E-11	9.54202328819875E-13	3.58994685340149	1E10	1E-30	1E-10	1E10	1E-30	1E-10	1E10	1E-30	1E-10	1E10	1E-30	1E-10	1E10	1E-30	1E-10	1E10	1E-30	1E-10	1E10	1E-30	1E-10	1E10	1E-30	1E-10	1E10	1E-30	1E-10	1E10	1E-30	1E-10	1E10	1E-30	1E-10	1E10	1E-30	1E-10
122	2.4E-12	1E10	1E10	1E-30	1.11418448390052E-10	1E10	1E-30	1E10	0.221	1E-30	3.94518820312322E-11	0.366277352210725	2.74923610885211E-11	9.94657977480629E-13	1.6779289829395	1.3194468609633E-11	9.54202328819875E-13	3.58994685340149	1E10	1E-30	1E-10	1E10	1E-30	1E-10	1E10	1E-30	1E-10	1E10	1E-30	1E-10	1E10	1E-30	1E-10	1E10	1E-30	1E-10	1E10	1E-30	1E-10	1E10	1E-30	1E-10	1E10	1E-30	1E-10	1E10	1E-30	1E-10	1E10	1E-30	1E-10	1E10	1E-30	1E-10
123	2.5E-12	1E10	1E10	1E-30	1.11418448390052E-10	1E10	1E-30	1E10	0.221	1E-30	3.94518820312322E-11	0.366277352210725	2.74923610885211E-11	9.94657977480629E-13	1.6779289829395	1.3194468609633E-11	9.54202328819875E-13	3.58994685340149	1E10	1E-30	1E-10	1E10	1E-30	1E-10	1E10	1E-30	1E-10	1E10	1E-30	1E-10	1E10	1E-30	1E-10	1E10	1E-30	1E-10	1E10	1E-30	1E-10	1E10	1E-30	1E-10	1E10	1E-30	1E-10	1E10	1E-30	1E-10	1E10	1E-30	1E-10	1E10	1E-30	1E-10
124	2.5E-12	1E10	1E10	1E-30	1.11418448390052E-10	1E10	1E-30	1E10	0.221	1E-30	3.94518820312322E-11	0.366277352210725	2.74923610885211E-11	9.94657977480629E-13	1.6779289829395	1.3194468609633E-11	9.54202328819875E-13	3.58994685340149	1E10	1E-30	1E-10	1E10	1E-30	1E-10	1E10	1E-30	1E-10	1E10	1E-30	1E-10	1E10	1E-30	1E-10	1E10	1E-30	1E-10	1E10	1E-30	1E-10	1E10	1E-30	1E-10	1E10	1E-30	1E-10	1E10	1E-30	1E-10	1E10	1E-30	1E-10	1E10	1E-30	1E-10
125	2.5E-12	1E10	1E10	1E-30	1.11418448390052E-10	1E10	1E-30	1E10	0.221	1E-30	3.94518820312322E-11	0.366277352210725	2.74923610885211E-11	9.94657977480629E-13	1.6779289829395	1.3194468609633E-11	9.54202328819875E-13	3.58994685340149	1E10	1E-30	1E-10	1E10	1E-30	1E-10	1E10	1E-30	1E-10	1E10	1E-30	1E-10	1E10	1E-30	1E-10	1E10	1E-30	1E-10	1E10	1E-30	1E-10	1E10	1E-30	1E-10	1E10	1E-30	1E-10	1E10	1E-30	1E-10	1E10	1E-30	1E-10	1E10	1E-30	1E-10
126	2.5E-12	1E10	1E10	1E-30	1.11418448390052E-10	1E10	1E-30	1E10	0.221	1E-30	3.94518820312322E-11	0.366277352210725	2.74923610885211E-11	9.94657977480629E-13	1.6779289829395	1.3194468609633E-11	9.54202328819875E-13	3.58994685340149	1E10	1E-30	1E-10	1E10	1E-30	1E-10	1E10	1E-30	1E-10	1E10	1E-30	1E-10	1E10	1E-30	1E-10	1E10	1E-30	1E-10	1E10	1E-30	1E-10	1E10	1E-30	1E-10	1E10	1E-30	1E-10	1E10	1E-30	1E-10	1E10	1E-30	1E-10	1E10	1E-30	1E-10
127	2.5E-12	1E10	1E10	1E-30	1.11418448390052E-10	1E10	1E-30	1E10	0.221	1E-30	3.94518820312322E-11	0.366277352210725	2.74923610885211E-11	9.94657977480629E-13	1.6779289829395	1.3194468609633E-11	9.54202328819875E-13	3.58994685340149	1E10	1E-30	1E-10	1E10	1E-30	1E-10	1E10	1E-30	1E-10	1E10	1E-30	1E-10	1E10	1E-30	1E-10	1E10	1E-30	1E-10	1E10	1E-30	1E-10	1E10	1E-30	1E-10	1E10	1E-30	1E-10	1E10	1E-30	1E-10	1E10	1E-30	1E-10	1E10	1E-30	1E-10
128	2.5E-12	1E10	1E10	1E-30	1.11418448390052E-10	1E10	1E-30	1E10	0.221	1E-30	3.94518820312322E-11	0.366277352210725	2.74923610885211E-11	9.94657977480629E-13	1.6779289829395	1.3194468609633E-11	9.54202328819875E-13	3.58994685340149	1E10	1E-30	1E-10	1E10	1E-30	1E-10	1E10	1E-30	1E-10	1E10	1E-30	1E-10	1E10	1E-30	1E-10	1E10	1E-30	1E-10	1E10	1E-30	1E-10	1E10	1E-30	1E-10	1E10	1E-30	1E-10	1E10	1E-30	1E-10	1E10	1E-30	1E-10	1E10	1E-30	1E-10
129	2.6E-12	1E10	1E10	1E-30	1.13492961349234E-10	1E10	1E-30	1E10	0.195	1E-30	3.69482831439192E-11	0.393855217713648	2.80105515198988E-11	1.05778367151586E-12	2.03755888973305	7.45076357113282E-12	1.74822684942574E-12	5.51799353803509	1E10	1E-30	1E-10	1E10	1E-30	1E-10	1E10	1E-30	1E-10	1E10	1E-30	1E-10	1E10	1E-30	1E-10	1E10	1E-30	1E-10	1E10	1E-30	1E-10	1E10	1E-30	1E-10	1E10	1E-30	1E-10	1E10	1E-30	1E-10	1E10	1E-30	1E-10	1E10	1E-30	1E-10
130	2.6E-12	1E10	1E10	1E-30	1.13492961349234E-10	1E10	1E-30	1E10	0.195	1E-30	3.69482831439192E-11	0.393855217713648	2.80105515198988E-11	1.05778367151586E-12	2.03755888973305	7.45076357113282E-12	1.74822684942574E-12	5.51799353803509	1E10	1E-30	1E-10	1E10	1E-30	1E-10	1E10	1E-30	1E-10	1E10	1E-30	1E-10	1E10	1E-30	1E-10	1E10	1E-30	1E-10	1E10	1E-30	1E-10	1E10	1E-30	1E-10	1E10	1E-30	1E-10	1E10	1E-30	1E-10	1E10	1E-30	1E-10	1E10	1E-30	1E-10
131	2.6E-12	1E10	1E10	1E-30	1.13492961349234E-10	1E10	1E-30	1E10	0.195	1E-30	3.69482831439192E-11	0.393855217713648	2.80105515198988E-11	1.05778367151586E-12	2.03755888973305	7.45076357113282E-12	1.74822684942574E-12	5.51799353803509	1E10	1E-30	1E-10	1E10	1E-30	1E-10	1E10	1E-30	1E-10	1E10	1E-30	1E-10	1E10	1E-30	1E-10	1E10	1E-30	1E-10	1E10	1E-30	1E-10	1E10	1E-30	1E-10	1E10	1E-30	1E-10	1E10	1E-30	1E-10	1E10	1E-30	1E-10	1E10	1E-30	1E-10
132	2.6E-12	1E10	1E10	1E-30	1.13492961349234E-10	1E10	1E-30	1E10	0.195	1E-30	3.69482831439192E-11	0.393855217713648	2.80105515198988E-11	1.05778367151586E-12	2.03755888973305	7.45076357113282E-12	1.74822684942574E-12	5.51799353803509	1E10	1E-30	1E-10	1E10	1E-30	1E-10	1E10	1E-30	1E-10	1E10	1E-30	1E-10	1E10	1E-30	1E-10	1E10	1E-30	1E-10	1E10	1E-30	1E-10	1E10	1E-30	1E-10	1E10	1E-30	1E-10	1E10	1E-30	1E-10	1E10	1E-30	1E-10	1E10	1E-30	1E-10
133	2.6E-12	1E10	1E10	1E-30	1.13492961349234E-10	1E10	1E-30	1E10	0.195	1E-30	3.69482831439192E-11	0.393855217713648	2.80105515198988E-11	1.05778367151586E-12	2.03755888973305	7.45076357113282E-12	1.74822684942574E-12	5.51799353803509	1E10	1E-30	1E-10	1E10	1E-30	1E-10	1E10	1E-30	1E-10	1E10	1E-30	1E-10	1E10	1E-30	1E-10	1E10	1E-30	1E-10	1E10	1E-30	1E-10	1E10	1E-30	1E-10	1E10	1E-30	1E-10	1E10	1E-30	1E-10	1E10	1E-30	1E-10	1E10	1E-30	1E-10
134	2.6E-12	1E10	1E10	1E-30	1.13492961349234E-10	1E10	1E-30	1E10	0.195	1E-30	3.69482831439192E-11	0.393855217713648	2.80105515198988E-11	1.05778367151586E-12	2.03755888973305	7.45076357113282E-12	1.74822684942574E-12	5.51799353803509	1E10	1E-30	1E-10	1E10	1E-30	1E-10	1E10	1E-30	1E-10	1E10	1E-30	1E-10	1E10	1E-30	1E-10	1E10	1E-30	1E-10	1E10	1E-30	1E-10	1E10	1E-30	1E-10	1E10	1E-30	1E-10	1E10	1E-30	1E-10	1E10	1E-30	1E-10	1E10	1E-30	1E-10
135	2.7E-12	1E10	1E10	1E-30	1.13492961349234E-10	1E10	1E-30	1E10	0.195	1E-30	3.69482831439192E-11	0.393855217713648	2.80105515198988E-11	1.05778367151586E-12	2.03755888973305	7.45076357113282E-12	1.74822684942574E-12	5.51799353803509	1E10	1E-30	1E-10	1E10	1E-30	1E-10	1E10	1E-30	1E-10	1E10	1E-30	1E-10	1E10	1E-30	1E-10	1E10	1E-30	1E-10	1E10	1E-30	1E-10	1E10	1E-30	1E-10	1E10	1E-30	1E-10	1E10	1E-30	1E-10	1E10	1E-30	1E-10	1E10	1E-30	1E-10
136	2.7E-12	1E10	1E10	1E-30	1.13492961349234E-10	1E10	1E-30	1E10	0.195	1E-30	3.69482831439192E-11	0.393855217713648	2.80105515198988E-11	1.05778367151586E-12	2.03755888973305	7.45076357113282E-12	1.74822684942574E-12	5.51799353803509	1E10	1E-30	1E-10	1E10	1E-30	1E-10	1E10	1E-30	1E-10	1E10	1E-30	1E-10	1E10	1E-30	1E-10	1E10	1E-30	1E-10	1E10	1E-30	1E-10	1E10	1E-30	1E-10	1E10	1E-30	1E-10	1E10	1E-30	1E-10	1E10	1E-30	1E-10	1E10	1E-30	1E-10
137	2.7E-12	1E10	1E10	1E-30	1.13492961349234E-10	1E10	1E-30	1E10	0.195	1E-30	3.69482831439192E-11	0.393855217713648	2.80105515198988E-11	1.05778367151586E-12	2.03755888973305	7.45076357113282E-12	1.74822684942574E-12	5.51799353803509	1E10	1E-30	1E-10	1E10	1E-30	1E-10	1E10	1E-30	1E-10	1E10	1E-30	1E-10	1E10	1E-30	1E-10	1E10	1E-30	1E-10	1E10	1E-30	1E-10	1E10	1E-30	1E-10	1E10	1E-30	1E-10	1E10	1E-30	1E-10	1E10	1E-30	1E-10	1E10	1E-30	1E-10
138	2.7E-12	1E10	1E10	1E-30	1.13492961349234E-10	1E10	1E-30	1E10	0.195	1E-30	3.69482831439192E-11	0.393855217713648	2.80105515198988E-11	1.05778367151586E-12	2.03755888973305	7.45076357113282E-12	1.74822684942574E-12	5.51799353803509	1E10	1E-30	1E-10	1E10	1E-30	1E-10	1E10	1E-30	1E-10	1E10	1E-30	1E-10	1E10	1E-30	1E-10	1E10	1E-30	1E-10	1E10	1E-30	1E-10	1E10	1E-30	1E-10	1E10	1E-30	1E-10	1E10	1E-30	1E-10	1E10	1E-30	1E-10	1E10	1E-30	1E-10
139	2.7E-12	1E10	1E10	1E-30	1.13492961349234E-10	1E10	1E-30	1E10	0.195	1E-30	3.69482831439192E-11	0.393855217713648	2.80105515198988E-11	1.05778367151586E-12	2.03755888973305	7.45076357113282E-12	1.74822684942574E-12	5.51799353803509	1E10	1E-30	1E-10	1E10	1E-30	1E-10	1E10	1E-30	1E-10	1E10	1E-30	1E-10	1E10	1E-30	1E-10	1E10	1E-30	1E-10	1E10	1E-30	1E-10	1E10	1E-30	1E-10	1E10	1E-30	1E-10	1E10	1E-30	1E-10	1E10	1E-30	1E-10	1E10	1E-30	1E-10
140	2.7E-12	1E10	1E10	1E-30	1.13492961349234E-10	1E10	1E-30	1E10	0.195	1E-30	3.69482831439192E-11	0.393855217713648	2.80105515198988E-11	1.05778367151586E-12	2.03755888973305	7.45076357113282E-12	1.74822684942574E-12	5.51799353803509	1E10	1E-30	1E-10	1E10	1E-30	1E-10	1E10	1E-30	1E-10	1E10	1E-30	1E-10	1E10	1E-30	1E-10	1E10	1E-30	1E-10	1E10	1E-30	1E-10	1E10	1E-30	1E-10	1E10	1E-30	1E-10	1E10	1E-30	1E-10	1E10	1E-30	1E-10	1E10	1E-30	1E-10
141	2.8E-12	1E10	1E10	1E-30	1.10292344710643E-10	1E10	1E-30	1E10	0.182	1E-30	3.08098288153075E-11	0.413458215170879	3.26966439551644E-11	9.35321803528811E-13	1.48199036240125	9.37995559696937E-12	1.52264193283345E-12	4.58966711411624	1E10	1E-30	1E-10	1E10	1E-30	1E-10	1E10	1E-30	1E-10	1E10	1E-30	1E-10	1E10	1E-30	1E-10	1E10	1E-30	1E-10	1E10	1E-30	1E-10	1E10	1E-30	1E-10	1E10	1E-30	1E-10	1E10	1E-30	1E-10	1E10	1E-30	1E-10	1E10	1E-30	1E-10
142	2.8E-12	1E10	1E10	1E-30	1.10292344710643E-10	1E10	1E-30	1E10	0.182	1E-30	3.08098288153075E-11	0.413458215170879	3.26966439551644E-11	9.35321803528811E-13	1.48199036240125	9.37995559696937E-12	1.52264193283345E-12	4.58966711411624	1E10	1E-30	1E-10	1E10	1E-30	1E-10	1E10	1E-30	1E-10	1E10	1E-30	1E-10	1E10	1E-30	1E-10	1E10	1E-30	1E-10	1E10	1E-30	1E-10	1E10	1E-30	1E-10	1E10	1E-30	1E-10	1E10	1E-30	1E-10	1E10	1E-30	1E-10	1E10	1E-30	1E-10
143	2.8E-12	1E10	1E10	1E-30	1.10292344710643E-10	1E10	1E-30	1E10	0.182	1E-30	3.08098288153075E-11	0.413458215170879	3.26966439551644E-11	9.35321803528811E-13	1.48199036240125	9.37995559696937E-12	1.52264193283345E-12	4.58966711411624	1E10	1E-30	1E-10	1E10	1E-30	1E-10	1E10	1E-30	1E-10	1E10	1E-30	1E-10	1E10	1E-30	1E-10	1E10	1E-30	1E-10	1E10	1E-30	1E-10	1E10	1E-30	1E-10	1E10	1E-30	1E-10	1E10	1E-30	1E-10	1E10	1E-30	1E-10	1E10	1E-30	1E-10
144	2.8E-12	1E10	1E10	1E-30	1.10292344710643E-10	1E10	1E-30	1E10	0.182	1E-30	3.08098288153075E-11	0.413458215170879	3.26966439551644E-11	9.35321803528811E-13	1.48199036240125	9.37995559696937E-12	1.52264193283345E-12	4.58966711411624	1E10	1E-30	1E-10	1E10	1E-30	1E-10	1E10	1E-30	1E-10	1E10	1E-30	1E-10	1E10	1E-30	1E-10	1E10	1E-30	1E-10	1E10	1E-30	1E-10	1E10	1E-30	1E-10	1E10	1E-30	1E-10	1E10	1E-30	1E-10	1E10	1E-30	1E-10	1E10	1E-30	1E-10
145	2.8E-12	1E10	1E10	1E-30	1.10292344710643E-10	1E10	1E-30	1E10	0.182	1E-30	3.08098288153075E-11	0.413458215170879	3.26966439551644E-11	9.35321803528811E-13	1.48199036240125	9.37995559696937E-12	1.52264193283345E-12	4.58966711411624	1E10	1E-30	1E-10	1E10	1E-30	1E-10	1E10	1E-30	1E-10	1E10	1E-30	1E-10	1E10	1E-30	1E-10	1E10	1E-30	1E-10	1E10	1E-30	1E-10	1E10	1E-30	1E-10	1E10	1E-30	1E-10	1E10	1E-30	1E-10	1E10	1E-30	1E-10	1E10	1E-30	1E-10
146	2.8E-12	1E10	1E10	1E-30	1.10292344710643E-10	1E10	1E-30	1E10	0.182	1E-30	3.08098288153075E-11	0.413458215170879	3.26966439551644E-11	9.35321803528811E-13	1.48199036240125	9.37995559696937E-12	1.52264193283345E-12	4.58966711411624	1E10	1E-30	1E-10	1E10	1E-30	1E-10	1E10	1E-30	1E-10	1E10	1E-30	1E-10	1E10	1E-30	1E-10	1E10	1E-30	1E-10	1E10	1E-30	1E-10	1E10	1E-30	1E-10	1E10	1E-30	1E-10	1E10	1E-30	1E-10	1E10	1E-30	1E-10	1E10	1E-30	1E-10
147	2.9E-12	1E10	1E10	1E-30	1.10292344710643E-10	1E10	1E-30	1E10	0.182	1E-30	3.08098288153075E-11	0.413458215170879	3.26966439551644E-11	9.35321803528811E-13	1.48199036240125	9.37995559696937E-12	1.52264193283345E-12	4.58966711411624	1E10	1E-30	1E-10	1E10	1E-30	1E-10	1E10	1E-30	1E-10	1E10	1E-30	1E-10	1E10	1E-30	1E-10	1E10	1E-30	1E-10	1E10	1E-30	1E-10	1E10	1E-30	1E-10	1E10	1E-30	1E-10	1E10	1E-30	1E-10	1E10	1E-30	1E-10	1E10	1E-30	1E-10
148	2.9E-12	1E10	1E10	1E-30	1.10292344710643E-10	1E10	1E-30	1E10	0.182	1E-30	3.08098288153075E-11	0.413458215170879	3.26966439551644E-11	9.35321803528811E-13	1.48199036240125	9.37995559696937E-12	1.52264193283345E-12	4.58966711411624	1E10	1E-30	1E-10	1E10	1E-30	1E-10	1E10	1E-30	1E-10	1E10	1E-30	1E-10	1E10	1E-30	1E-10	1E10	1E-30	1E-10	1E10	1E-30	1E-10	1E10	1E-30	1E-10	1E10	1E-30	1E-10	1E10	1E-30	1E-10	1E10	1E-30	1E-10	1E10	1E-30	1E-10
149	2.9E-12	1E10	1E10	1E-30	1.10292344710643E-10	1E10	1E-30	1E10	0.182	1E-30	3.08098288153075E-11	0.413458215170879	3.26966439551644E-11	9.35321803528811E-13	1.48199036240125	9.37995559696937E-12	1.52264193283345E-12	4.58966711411624	1E10	1E-30	1E-10	1E10	1E-30	1E-10	1E10	1E-30	1E-10	1E10	1E-30	1E-10	1E10	1E-30	1E-10	1E10	1E-30	1E-10	1E10	1E-30	1E-10	1E10	1E-30	1E-10	1E10	1E-30	1E-10	1E10	1E-30	1E-10	1E10	1E-30	1E-10	1E10	1E-30	1E-10
150	2.9E-12	1E10	1E10	1E-30	1.10292344710643E-10	1E10	1E-30	1E10	0.182	1E-30	3.08098288153075E-11	0.413458215170879	3.26966439551644E-11	9.35321803528811E-13	1.48199036240125	9.37995559696937E-12	1.52264193283345E-12	4.58966711411624	1E10	1E-30	1E-10	1E10	1E-30	1E-10	1E10	1E-30	1E-10	1E10	1E-30	1E-10	1E10	1E-30	1E-10	1E10	1E-30	1E-10	1E10	1E-30	1E-10	1E10	1E-30	1E-10	1E10	1E-30	1E-10	1E10	1E-30	1E-10	1E10	1E-30	1E-10	1E10	1E-30	1E-10
151	2.9E-12	1E10	1E10	1E-30	1.10292344710643E-10	1E10	1E-30	1E10	0.182	1E-30	3.08098288153075E-11	0.413458215170879	3.26966439551644E-11	9.35321803528811E-13	1.48199036240125	9.37995559696937E-12	1.52264193283345E-12	4.58966711411624	1E10	1E-30	1E-10	1E10	1E-30	1E-10	1E10	1E-30	1E-10	1E10	1E-30	1E-10	1E10	1E-30	1E-10	1E10	1E-30	1E-10	1E10	1E-30	1E-10	1E10	1E-30	1E-10	1E10	1E-30	1E-10	1E10	1E-30	1E-10	1E10	1E-30	1E-10	1E10	1E-30	1E-10
152	2.9E-12	1E10	1E10	1E-30	1.10292344710643E-10	1E10	1E-30	1E10	0.182	1E-30	3.08098288153075E-11	0.413458215170879	3.26966439551644E-11	9.35321803528811E-13	1.48199036240125	9.37995559696937E-12	1.52264193283345E-12	4.58966711411624	1E10	1E-30	1E-10	1E10	1E-30	1E-10	1E10	1E-30	1E-10	1E10	1E-30	1E-10	1E10	1E-30	1E-10	1E10	1E-30	1E-10	1E10	1E-30	1E-10	1E10	1E-30	1E-10	1E10	1E-30	1E-10	1E10	1E-30	1E-10	1E10	1E-30	1E-10	1E10	1E-30	1E-10
153	3E-12	1E10	1E10	1E-30	1.10292344710643E-10	1E10	1E-30	1E10	0.182	1E-30	3.08098288153075E-11	0.413458215170879	3.26966439551644E-11	9.35321803528811E-13	1.48199036240125	9.37995559696937E-12	1.52264193283345E-12	4.58966711411624	1E10	1E-30	1E-10	1E10	1E-30	1E-10	1E10	1E-30	1E-10	1E10	1E-30	1E-10	1E10	1E-30	1E-10	1E10	1E-30	1E-10	1E10	1E-30	1E-10	1E10	1E-30	1E-10	1E10	1E-30	1E-10	1E10	1E-30	1E-10	1E10	1E-30	1E-10	1E10	1E-30	1E-10
154	3E-12	1E10	1E10	1E-30	1.10292344710643E-10	1E10	1E-30	1E10	0.182	1E-30	3.08098288153075E-11	0.413458215170879	3.26966439551644E-11	9.35321803528811E-13	1.48199036240125	9.37995559696937E-12	1.52264193283345E-12	4.58966711411624	1E10	1E-30	1E-10	1E10	1E-30	1E-10	1E10	1E-30	1E-10	1E10	1E-30	1E-10	1E10	1E-30	1E-10	1E10	1E-30	1E-10	1E10	1E-30	1E-10	1E10	1E-30	1E-10	1E10	1E-30	1E-10	1E10	1E-30	1E-10	1E10	1E-30	1E-10	1E10	1E-30	1E-10
155	3E-12	1E10	1E10	1E-30	1.10292344710643E-10	1E10	1E-30	1E10	0.182	1E-30	3.08098288153075E-11	0.413458215170879	3.26966439551644E-11	9.35321803528811E-13	1.48199036240125	9.37995559696937E-12	1.52264193283345E-12	4.58966711411624	1E10	1E-30	1E-10	1E10	1E-30	1E-10	1E10	1E-30	1E-10	1E10	1E-30	1E-10	1E10	1E-30	1E-10	1E10	1E-30	1E-10	1E10	1E-30	1E-10	1E10	1E-30	1E-10	1E10	1E-30	1E-10	1E10	1E-30	1E-10	1E10	1E-30	1E-10	1E10	1E-30	1E-10
156	3E-12	1E10	1E10	1E-30	1.10292344710643E-10	1E10	1E-30	1E10	0.182	1E-30	3.08098288153075E-11	0.413458215170879	3.26966439551644E-11	9.35321803528811E-13	1.48199036240125	9.37995559696937E-12	1.52264193283345E-12	4.58966711411624	1E10	1E-30	1E-10	1E10	1E-30	1E-10	1E10	1E-30	1E-10	1E10	1E-30	1E-10	1E10	1E-30	1E-10	1E10	1E-30	1E-10	1E10	1E-30	1E-10	1E10	1E-30	1E-10	1E10	1E-30	1E-10	1E10	1E-30	1E-10	1E10	1E-30	1E-10	1E10	1E-30	1E-10
157	3E-12	1E10	1E10	1E-30	1.10292344710643E-10	1E10	1E-30	1E10	0.182	1E-30	3.08098288153075E-11	0.413458215170879	3.26966439551644E-11	9.35321803528811E-13	1.48199036240125	9.37995559696937E-12	1.52264193283345E-12	4.58966711411624	1E10	1E-30	1E-10	1E10	1E-30	1E-10	1E10	1E-30	1E-10	1E10	1E-30	1E-10	1E10	1E-30	1E-10	1E10	1E-30	1E-10	1E10	1E-30	1E-10	1E10	1E-30	1E-10	1E10	1E-30	1E-10	1E10	1E-30	1E-10	1E10	1E-30	1E-10	1E10	1E-30	1E-10
158	3E-12	1E10	1E10	1E-30	1.10292344710643E-10	1E10	1E-30	1E10	0.182	1E-30	3.08098288153075E-11	0.413458215170879	3.26966439551644E-11	9.35321803528811E-13	1.48199036240125	9.37995559696937E-12	1.52264193283345E-12	4.58966711411624	1E10	1E-30	1E-10	1E10	1E-30	1E-10	1E10	1E-30	1E-10	1E10	1E-30	1E-10	1E10	1E-30	1E-10	1E10	1E-30	1E-10	1E10	1E-30	1E-10	1E10	1E-30	1E-10	1E10	1E-30	1E-10	1E10	1E-30	1E-10	1E10	1E-30	1E-10	1E10	1E-30	1E-10
159	3.1E-12	1E10	1E10	1E-30	1.1157991281021E-10	1E10	1E-30	1E10	0.182	1E-30	3.01085114895954E-11	0.413458215170879	4.21682937458634E-11	8.25128547848905E-13	0.860336866511291	1.18086644625256E-11	1.32616568403829E-12	3.03236299083253	1E10	1E-30	1E-10	1E10	1E-30	1E-10	1E10	1E-30	1E-10	1E10	1E-30	1E-10	1E10	1E-30	1E-10	1E10	1E-30	1E-10	1E10	1E-30	1E-10	1E10	1E-30	1E-10	1E10	1E-30	1E-10	1E10	1E-30	1E-10	1E10	1E-30	1E-10	1E10	1E-30	1E-10
160	3.1E-12	1E10	1E10	1E-30	1.1157991281021E-10	1E10	1E-30	1E10	0.182	1E-30	3.01085114895954E-11	0.413458215170879	4.21682937458634E-11	8.25128547848905E-13	0.860336866511291	1.18086644625256E-11	1.32616568403829E-12	3.03236299083253	1E10	1E-30	1E-10	1E10	1E-30	1E-10	1E10	1E-30	1E-10	1E10	1E-30	1E-10	1E10	1E-30	1E-10	1E10	1E-30	1E-10	1E10	1E-30	1E-10	1E10	1E-30	1E-10	1E10	1E-30	1E-10	1E10	1E-30	1E-10	1E10	1E-30	1E-10	1E10	1E-30	1E-10
161	3.1E-12	1E10	1E10	1E-30	1.1157991281021E-10	1E10	1E-30	1E10	0.182	1E-30	3.01085114895954E-11	0.413458215170879	4.21682937458634E-11	8.25128547848905E-13	0.860336866511291	1.18086644625256E-11	1.32616568403829E-12	3.03236299083253	1E10	1E-30	1E-10	1E10	1E-30	1E-10	1E10	1E-30	1E-10	1E10	1E-30	1E-10	1E10	1E-30	1E-10	1E10	1E-30	1E-10	1E10	1E-30	1E-10	1E10	1E-30	1E-10	1E10	1E-30	1E-10	1E10	1E-30	1E-10	1E10	1E-30	1E-10	1E10	1E-30	1E-10
162	3.1E-12	1E10	1E10	1E-30	1.1157991281021E-10	1E10	1E-30	1E10	0.182	1E-30	3.01085114895954E-11	0.413458215170879	4.21682937458634E-11	8.25128547848905E-13	0.860336866511291	1.18086644625256E-11	1.32616568403829E-12	3.03236299083253	1E10	1E-30	1E-10	1E10	1E-30	1E-10	1E10	1E-30	1E-10	1E10	1E-30	1E-10	1E10	1E-30	1E-10	1E10	1E-30	1E-10	1E10	1E-30	1E-10	1E10	1E-30	1E-10	1E10	1E-30	1E-10	1E10	1E-30	1E-10	1E10	1E-30	1E-10	1E10	1E-30	1E-10
163	3.1E-12	1E10	1E10	1E-30	1.1157991281021E-10	1E10	1E-30	1E10	0.182	1E-30	3.01085114895954E-11	0.413458215170879	4.21682937458634E-11	8.25128547848905E-13	0.860336866511291	1.18086644625256E-11	1.32616568403829E-12	3.03236299083253	1E10	1E-30	1E-10	1E10	1E-30	1E-10	1E10	1E-30	1E-10	1E10	1E-30	1E-10	1E10	1E-30	1E-10	1E10	1E-30	1E-10	1E10	1E-30	1E-10	1E10	1E-30	1E-10	1E10	1E-30	1E-10	1E10	1E-30	1E-10	1E10	1E-30	1E-10	1E10	1E-30	1E-10
164	3.1E-12	1E10	1E10	1E-30	1.1157991281021E-10	1E10	1E-30	1E10	0.182	1E-30	3.01085114895954E-11	0.413458215170879	4.21682937458634E-11	8.25128547848905E-13	0.860336866511291	1.18086644625256E-11	1.32616568403829E-12	3.03236299083253	1E10	1E-30	1E-10	1E10	1E-30	1E-10	1E10	1E-30	1E-10	1E10	1E-30	1E-10	1E10	1E-30	1E-10	1E10	1E-30	1E-10	1E10	1E-30	1E-10	1E10	1E-30	1E-10	1E10	1E-30	1E-10	1E10	1E-30	1E-10	1E10	1E-30	1E-10	1E10	1E-30	1E-10
165	3.2E-12	1E10	1E10	1E-30	1.1157991281021E-10	1E10	1E-30	1E10	0.182	1E-30	3.01085114895954E-11	0.413458215170879	4.21682937458634E-11	8.25128547848905E-13	0.860336866511291	1.18086644625256E-11	1.32616568403829E-12	3.03236299083253	1E10	1E-30	1E-10	1E10	1E-30	1E-10	1E10	1E-30	1E-10	1E10	1E-30	1E-10	1E10	1E-30	1E-10	1E10	1E-30	1E-10	1E10	1E-30	1E-10	1E10	1E-30	1E-10	1E10	1E-30	1E-10	1E10	1E-30	1E-10	1E10	1E-30	1E-10	1E10	1E-30	1E-10
166	3.2E-12	1E10	1E10	1E-30	1.1157991281021E-10	1E10	1E-30	1E10	0.182	1E-30	3.01085114895954E-11	0.413458215170879	4.21682937458634E-11	8.25128547848905E-13	0.860336866511291	1.18086644625256E-11	1.32616568403829E-12	3.03236299083253	1E10	1E-30	1E-10	1E10	1E-30	1E-10	1E10	1E-30	1E-10	1E10	1E-30	1E-10	1E10	1E-30	1E-10	1E10	1E-30	1E-10	1E10	1E-30	1E-10	1E10	1E-30	1E-10	1E10	1E-30	1E-10	1E10	1E-30	1E-10	1E10	1E-30	1E-10	1E10	1E-30	1E-10
167	3.2E-12	1E10	1E10	1E-30	1.1157991281021E-10	1E10	1E-30	1E10	0.182	1E-30	3.01085114895954E-11	0.413458215170879	4.21682937458634E-11	8.25128547848905E-13	0.860336866511291	1.18086644625256E-11	1.32616568403829E-12	3.03236299083253	1E10	1E-30	1E-10	1E10	1E-30	1E-10	1E10	1E-30	1E-10	1E10	1E-30	1E-10	1E10	1E-30	1E-10	1E10	1E-30	1E-10	1E10	1E-30	1E-10	1E10	1E-30	1E-10	1E10	1E-30	1E-10	1E10	1E-30	1E-10	1E10	1E-30	1E-10	1E10	1E-30	1E-10
168	3.2E-12	1E10	1E10	1E-30	1.1157991281021E-10	1E10	1E-30	1E10	0.182	1E-30	3.01085114895954E-11	0.413458215170879	4.21682937458634E-11	8.25128547848905E-13	0.860336866511291	1.18086644625256E-11	1.32616568403829E-12	3.03236299083253	1E10	1E-30	1E-10	1E10	1E-30	1E-10	1E10	1E-30	1E-10	1E10	1E-30	1E-10	1E10	1E-30	1E-10	1E10	1E-30	1E-10	1E10	1E-30	1E-10	1E10	1E-30	1E-10	1E10	1E-30	1E-10	1E10	1E-30	1E-10	1E10	1E-30	1E-10	1E10	1E-30	1E-10
169	3.2E-12	1E10	1E10	1E-30	1.1157991281021E-10	1E10	1E-30	1E10	0.182	1E-30	3.01085114895954E-11	0.413458215170879	4.21682937458634E-11	8.25128547848905E-13	0.860336866511291	1.18086644625256E-11	1.32616568403829E-12	3.03236299083253	1E10	1E-30	1E-10	1E10	1E-30	1E-10	1E10	1E-30	1E-10	1E10	1E-30	1E-10	1E10	1E-30	1E-10	1E10	1E-30	1E-10	1E10	1E-30	1E-10	1E10	1E-30	1E-10	1E10	1E-30	1E-10	1E10	1E-30	1E-10	1E10	1E-30	1E-10	1E10	1E-30	1E-10
170	3.2E-12	1E10	1E10	1E-30	1.1157991281021E-10	1E10	1E-30	1E10	0.182	1E-30	3.01085114895954E-11	0.413458215170879	4.21682937458634E-11	8.25128547848905E-13	0.860336866511291	1.18086644625256E-11	1.32616568403829E-12	3.03236299083253	1E10	1E-30	1E-10	1E10	1E-30	1E-10	1E10	1E-30	1E-10	1E10	1E-30	1E-10	1E10	1E-30	1E-10	1E10	1E-30	1E-10	1E10	1E-30	1E-10	1E10	1E-30	1E-10	1E10	1E-30	1E-10	1E10	1E-30	1E-10	1E10	1E-30	1E-10	1E10	1E-30	1E-10
171	3.3E-12	1E10	1E10	1E-30	1.01719877772487E-10	1E10	1E-30	1E10	0.174	1E-30	9.78072500535083E-12	5.02864064807433	3.66103539454666E-11	1.43122830221189E-11	0.353208760180744	8.17928061283317E-11	5.01195227290684E-13	1.00361915143085	6.19509902831898E-12	2.87337814592701E-12	7.13697586739024	1E10	1E-30	1E-10	1E10	1E-30	1E-10	1E10	1E-30	1E-10	1E10	1E-30	1E-10	1E10	1E-30	1E-10	1E10	1E-30	1E-10	1E10	1E-30	1E-10	1E10	1E-30	1E-10	1E10	1E-30	1E-10	1E10	1E-30	1E-10	1E10	1E-30	1E-10
172	3.3E-12	1E10	1E10	1E-30	1.01719877772487E-10	1E10	1E-30	1E10	0.174	1E-30	9.78072500535083E-12	5.02864064807433	3.66103539454666E-11	1.43122830221189E-11	0.353208760180744	8.17928061283317E-11	5.01195227290684E-13	1.00361915143085	6.19509902831898E-12	2.87337814592701E-12	7.13697586739024	1E10	1E-30	1E-10	1E10	1E-30	1E-10	1E10	1E-30	1E-10	1E10	1E-30	1E-10	1E10	1E-30	1E-10	1E10	1E-30	1E-10	1E10	1E-30	1E-10	1E10	1E-30	1E-10	1E10	1E-30	1E-10	1E10	1E-30	1E-10	1E10	1E-30	1E-10
173	3.3E-12	1E10	1E10	1E-30	1.01719877772487E-10	1E10	1E-30	1E10	0.174	1E-30	9.78072500535083E-12	5.02864064807433	3.66103539454666E-11	1.43122830221189E-11	0.353208760180744	8.17928061283317E-11	5.01195227290684E-13	1.00361915143085	6.19509902831898E-12	2.87337814592701E-12	7.13697586739024	1E10	1E-30	1E-10	1E10	1E-30	1E-10	1E10	1E-30	1E-10	1E10	1E-30	1E-10	1E10	1E-30	1E-10	1E10	1E-30	1E-10	1E10	1E-30	1E-10	1E10	1E-30	1E-10	1E10	1E-30	1E-10	1E10	1E-30	1E-10	1E10	1E-30	1E-10
174	3.3E-12	1E10	1E10	1E-30	1.01719877772487E-10	1E10	1E-30	1E10	0.174	1E-30	9.78072500535083E-12	5.02864064807433	3.66103539454666E-11	1.43122830221189E-11	0.353208760180744	8.17928061283317E-11	5.01195227290684E-13	1.00361915143085	6.19509902831898E-12	2.87337814592701E-12	7.13697586739024	1E10	1E-30	1E-10	1E10	1E-30	1E-10	1E10	1E-30	1E-10	1E10	1E-30	1E-10	1E10	1E-30	1E-10	1E10	1E-30	1E-10	1E10	1E-30	1E-10	1E10	1E-30	1E-10	1E10	1E-30	1E-10	1E10	1E-30	1E-10	1E10	1E-30	1E-10
175	3.3E-12	1E10	1E10	1E-30	1.01719877772487E-10	1E10	1E-30	1E10	0.174	1E-30	9.78072500535083E-12	5.02864064807433	3.66103539454666E-11	1.43122830221189E-11	0.353208760180744	8.17928061283317E-11	5.01195227290684E-13	1.00361915143085	6.19509902831898E-12	2.87337814592701E-12	7.13697586739024	1E10	1E-30	1E-10	1E10	1E-30	1E-10	1E10	1E-30	1E-10	1E10	1E-30	1E-10	1E10	1E-30	1E-10	1E10	1E-30	1E-10	1E10	1E-30	1E-10	1E10	1E-30	1E-10	1E10	1E-30	1E-10	1E10	1E-30	1E-10	1E10	1E-30	1E-10
176	3.3E-12	1E10	1E10	1E-30	1.01719877772487E-10	1E10	1E-30	1E10	0.174	1E-30	9.78072500535083E-12	5.02864064807433	3.66103539454666E-11	1.43122830221189E-11	0.353208760180744	8.17928061283317E-11	5.01195227290684E-13	1.00361915143085	6.19509902831898E-12	2.87337814592701E-12	7.13697586739024	1E10	1E-30	1E-10	1E10	1E-30	1E-10	1E10	1E-30	1E-10	1E10	1E-30	1E-10	1E10	1E-30	1E-10	1E10	1E-30	1E-10	1E10	1E-30	1E-10	1E10	1E-30	1E-10	1E10	1E-30	1E-10	1E10	1E-30	1E-10	1E10	1E-30	1E-10
177	3.39999999999999E-12	1E10	1E10	1E-30	1.01719877772487E-10	1E10	1E-30	1E10	0.174	1E-30	9.78072500535083E-12	5.02864064807433	3.66103539454666E-11	1.43122830221189E-11	0.353208760180744	8.17928061283317E-11	5.01195227290684E-13	1.00361915143085	6.19509902831898E-12	2.87337814592701E-12	7.13697586739024	1E10	1E-30	1E-10	1E10	1E-30	1E-10	1E10	1E-30	1E-10	1E10	1E-30	1E-10	1E10	1E-30	1E-10	1E10	1E-30	1E-10	1E10	1E-30	1E-10	1E10	1E-30	1E-10	1E10	1E-30	1E-10	1E10	1E-30	1E-10	1E10	1E-30	1E-10
178	3.39999999999999E-12	1E10	1E10	1E-30	1.01719877772487E-10	1E10	1E-30	1E10	0.174	1E-30	9.78072500535083E-12	5.02864064807433	3.66103539454666E-11	1.43122830221189E-11	0.353208760180744	8.17928061283317E-11	5.01195227290684E-13	1.00361915143085	6.19509902831898E-12	2.87337814592701E-12	7.13697586739024	1E10	1E-30	1E-10	1E10	1E-30	1E-10	1E10	1E-30	1E-10	1E10	1E-30	1E-10	1E10	1E-30	1E-10	1E10	1E-30	1E-10	1E10	1E-30	1E-10	1E10	1E-30	1E-10	1E10	1E-30	1E-10	1E10	1E-30	1E-10	1E10	1E-30	1E-10
179	3.39999999999999E-12	1E10	1E10	1E-30	1.01719877772487E-10	1E10	1E-30	1E10	0.174	1E-30	9.78072500535083E-12	5.02864064807433	3.66103539454666E-11	1.43122830221189E-11	0.353208760180744	8.17928061283317E-11	5.01195227290684E-13	1.00361915143085	6.19509902831898E-12	2.87337814592701E-12	7.13697586739024	1E10	1E-30	1E-10	1E10	1E-30	1E-10	1E10	1E-30	1E-10	1E10	1E-30	1E-10	1E10	1E-30	1E-10	1E10	1E-30	1E-10	1E10	1E-30	1E-10	1E10	1E-30	1E-10	1E10	1E-30	1E-10	1E10	1E-30	1E-10	1E10	1E-30	1E-10
180	3.39999999999999E-12	1E10	1E10	1E-30	1.01719877772487E-10	1E10	1E-30	1E10	0.174	1E-30	9.78072500535083E-12	5.02864064807433	3.66103539454666E-11	1.43122830221189E-11	0.353208760180744	8.17928061283317E-11	5.01195227290684E-13	1.00361915143085	6.19509902831898E-12	2.87337814592701E-12	7.13697586739024	1E10	1E-30	1E-10	1E10	1E-30	1E-10	1E10	1E-30	1E-10	1E10	1E-30	1E-10	1E10	1E-30	1E-10	1E10	1E-30	1E-10	1E10	1E-30	1E-10	1E10	1E-30	1E-10	1E10	1E-30	1E-10	1E10	1E-30	1E-10	1E10	1E-30	1E-10
181	3.39999999999999E-12	1E10	1E10	1E-30	1.01719877772487E-10	1E10	1E-30	1E10	0.174	1E-30	9.78072500535083E-12	5.02864064807433	3.66103539454666E-11	1.43122830221189E-11	0.353208760180744	8.17928061283317E-11	5.01195227290684E-13	1.00361915143085	6.19509902831898E-12	2.87337814592701E-12	7.13697586739024	1E10	1E-30	1E-10	1E10	1E-30	1E-10	1E10	1E-30	1E-10	1E10	1E-30	1E-10	1E10	1E-30	1E-10	1E10	1E-30	1E-10	1E10	1E-30	1E-10	1E10	1E-30	1E-10	1E10	1E-30	1E-10	1E10	1E-30	1E-10	1E10	1E-30	1E-10
182	3.39999999999999E-12	1E10	1E10	1E-30	1.01719877772487E-10	1E10	1E-30	1E10	0.174	1E-30	9.78072500535083E-12	5.02864064807433	3.66103539454666E-11	1.43122830221189E-11	0.353208760180744	8.17928061283317E-11	5.01195227290684E-13	1.00361915143085	6.19509902831898E-12	2.87337814592701E-12	7.13697586739024	1E10	1E-30	1E-10	1E10	1E-30	1E-10	1E10	1E-30	1E-10	1E10	1E-30	1E-10	1E10	1E-30	1E-10	1E10	1E-30	1E-10	1E10	1E-30	1E-10	1E10	1E-30	1E-10	1E10	1E-30	1E-10	1E10	1E-30	1E-10	1E10	1E-30	1E-10
183	3.5E-12	1E10	1E10	1E-30	9.52365361740126E-11	1E10	1E-30	1E10	0.17	1E-30	1.34269767207119E-11	8.9145324658486	6.15745718575104E-11	7.16194657819485E-12	0.345647626552166	6.91529444515873E-11	6.30110621465079E-13	1.24104111234184	6.42692511023269E-12	2.94583484853971E-12	5.76848592937339	1E10	1E-30	1E-10	1E10	1E-30	1E-10	1E10	1E-30	1E-10	1E10	1E-30	1E-10	1E10	1E-30	1E-10	1E10	1E-30	1E-10	1E10	1E-30	1E-10	1E10	1E-30	1E-10	1E10	1E-30	1E-10	1E10	1E-30	1E-10	1E10	1E-30	1E-10
184	3.5E-12	1E10	1E10	1E-30	9.52365361740126E-11	1E10	1E-30	1E10	0.17	1E-30	1.34269767207119E-11	8.9145324658486	6.15745718575104E-11	7.16194657819485E-12	0.345647626552166	6.91529444515873E-11	6.30110621465079E-13	1.24104111234184	6.42692511023269E-12	2.94583484853971E-12	5.76848592937339	1E10	1E-30	1E-10	1E10	1E-30	1E-10	1E10	1E-30	1E-10	1E10	1E-30	1E-10	1E10	1E-30	1E-10	1E10	1E-30	1E-10	1E10	1E-30	1E-10	1E10	1E-30	1E-10	1E10	1E-30	1E-10	1E10	1E-30	1E-10	1E10	1E-30	1E-10
185	3.5E-12	1E10	1E10	1E-30	9.52365361740126E-11	1E10	1E-30	1E10	0.17	1E-30	1.34269767207119E-11	8.9145324658486	6.15745718575104E-11	7.16194657819485E-12	0.345647626552166	6.91529444515873E-11	6.30110621465079E-13	1.24104111234184	6.42692511023269E-12	2.94583484853971E-12	5.76848592937339	1E10	1E-30	1E-10	1E10	1E-30	1E-10	1E10	1E-30	1E-10	1E10	1E-30	1E-10	1E10	1E-30	1E-10	1E10	1E-30	1E-10	1E10	1E-30	1E-10	1E10	1E-30	1E-10	1E10	1E-30	1E-10	1E10	1E-30	1E-10	1E10	1E-30	1E-10
186	3.5E-12	1E10	1E10	1E-30	9.52365361740126E-11	1E10	1E-30	1E10	0.17	1E-30	1.34269767207119E-11	8.9145324658486	6.15745718575104E-11	7.16194657819485E-12	0.345647626552166	6.91529444515873E-11	6.30110621465079E-13	1.24104111234184	6.42692511023269E-12	2.94583484853971E-12	5.76848592937339	1E10	1E-30	1E-10	1E10	1E-30	1E-10	1E10	1E-30	1E-10	1E10	1E-30	1E-10	1E10	1E-30	1E-10	1E10	1E-30	1E-10	1E10	1E-30	1E-10	1E10	1E-30	1E-10	1E10	1E-30	1E-10	1E10	1E-30	1E-10	1E10	1E-30	1E-10
187	3.5E-12	1E10	1E10	1E-30	9.52365361740126E-11	1E10	1E-30	1E10	0.17	1E-30	1.34269767207119E-11	8.9145324658486	6.15745718575104E-11	7.16194657819485E-12	0.345647626552166	6.91529444515873E-11	6.30110621465079E-13	1.24104111234184	6.42692511023269E-12	2.94583484853971E-12	5.76848592937339	1E10	1E-30	1E-10	1E10	1E-30	1E-10	1E10	1E-30	1E-10	1E10	1E-30	1E-10	1E10	1E-30	1E-10	1E10	1E-30	1E-10	1E10	1E-30	1E-10	1E10	1E-30	1E-10	1E10	1E-30	1E-10	1E10	1E-30	1E-10	1E10	1E-30	1E-10
188	3.5E-12	1E10	1E10	1E-30	9.52365361740126E-11	1E10	1E-30	1E10	0.17	1E-30	1.34269767207119E-11	8.9145324658486	6.15745718575104E-11	7.16194657819485E-12	0.345647626552166	6.91529444515873E-11	6.30110621465079E-13	1.24104111234184	6.42692511023269E-12	2.94583484853971E-12	5.76848592937339	1E10	1E-30	1E-10	1E10	1E-30	1E-10	1E10	1E-30	1E-10	1E10	1E-30	1E-10	1E10	1E-30	1E-10	1E10	1E-30	1E-10	1E10	1E-30	1E-10	1E10	1E-30	1E-10	1E10	1E-30	1E-10	1E10	1E-30	1E-10	1E10	1E-30	1E-10
189	3.6E-12	1E10	1E10	1E-30	9.52365361740126E-11	1E10	1E-30	1E10	0.17	1E-30	1.34269767207119E-11	8.9145324658486	6.15745718575104E-11	7.16194657819485E-12	0.345647626552166	6.91529444515873E-11	6.30110621465079E-13	1.24104111234184	6.42692511023269E-12	2.94583484853971E-12	5.76848592937339	1E10	1E-30	1E-10	1E10	1E-30	1E-10	1E10	1E-30	1E-10	1E10	1E-30	1E-10	1E10	1E-30	1E-10	1E10	1E-30	1E-10	1E10	1E-30	1E-10	1E10	1E-30	1E-10	1E10	1E-30	1E-10	1E10	1E-30	1E-10	1E10	1E-30	1E-10
190	3.6E-12	1E10	1E10	1E-30	9.52365361740126E-11	1E10	1E-30	1E10	0.17	1E-30	1.34269767207119E-11	8.9145324658486	6.15745718575104E-11	7.16194657819485E-12	0.345647626552166	6.91529444515873E-11	6.30110621465079E-13	1.24104111234184	6.42692511023269E-12	2.94583484853971E-12	5.76848592937339	1E10	1E-30	1E-10	1E10	1E-30	1E-10	1E10	1E-30	1E-10	1E10	1E-30	1E-10	1E10	1E-30	1E-10	1E10	1E-30	1E-10	1E10	1E-30	1E-10	1E10	1E-30	1E-10	1E10	1E-30	1E-10	1E10	1E-30	1E-10	1E10	1E-30	1E-10
191	3.6E-12	1E10	1E10	1E-30	9.52365361740126E-11	1E10	1E-30	1E10	0.17	1E-30	1.34269767207119E-11	8.9145324658486	6.15745718575104E-11	7.16194657819485E-12	0.345647626552166	6.91529444515873E-11	6.30110621465079E-13	1.24104111234184	6.42692511023269E-12	2.94583484853971E-12	5.76848592937339	1E10	1E-30	1E-10	1E10	1E-30	1E-10	1E10	1E-30	1E-10	1E10	1E-30	1E-10	1E10	1E-30	1E-10	1E10	1E-30	1E-10	1E10	1E-30	1E-10	1E10	1E-30	1E-10	1E10	1E-30	1E-10	1E10	1E-30	1E-10	1E10	1E-30	1E-10
192	3.6E-12	1E10	1E10	1E-30	9.52365361740126E-11	1E10	1E-30	1E10	0.17	1E-30	1.34269767207119E-11	8.9145324658486	6.15745718575104E-11	7.16194657819485E-12	0.345647626552166	6.91529444515873E-11	6.30110621465079E-13	1.24104111234184	6.42692511023269E-12	2.94583484853971E-12	5.76848592937339	1E10	1E-30	1E-10	1E10	1E-30	1E-10	1E10	1E-30	1E-10	1E10	1E-30	1E-10	1E10	1E-30	1E-10	1E10	1E-30	1E-10	1E10	1E-30	1E-10	1E10	1E-30	1E-10	1E10	1E-30	1E-10	1E10	1E-30	1E-10	1E10	1E-30	1E-10
193	3.6E-12	1E10	1E10	1E-30	9.52365361740126E-11	1E10	1E-30	1E10	0.17	1E-30	1.34269767207119E-11	8.9145324658486	6.15745718575104E-11	7.16194657819485E-12	0.345647626552166	6.91529444515873E-11	6.30110621465079E-13	1.24104111234184	6.42692511023269E-12	2.94583484853971E-12	5.76848592937339	1E10	1E-30	1E-10	1E10	1E-30	1E-10	1E10	1E-30	1E-10	1E10	1E-30	1E-10	1E10	1E-30	1E-10	1E10	1E-30	1E-10	1E10	1E-30	1E-10	1E10	1E-30	1E-10	1E10	1E-30	1E-10	1E10	1E-30	1E-10	1E10	1E-30	1E-10
194	3.6E-12	1E10	1E10	1E-30	9.52365361740126E-11	1E10	1E-30	1E10	0.17	1E-30	1.34269767207119E-11	8.9145324658486	6.15745718575104E-11	7.16194657819485E-12	0.345647626552166	6.91529444515873E-11	6.30110621465079E-13	1.24104111234184	6.42692511023269E-12	2.94583484853971E-12	5.76848592937339	1E10	1E-30	1E-10	1E10	1E-30	1E-10	1E10	1E-30	1E-10	1E10	1E-30	1E-10	1E10	1E-30	1E-10	1E10	1E-30	1E-10	1E10	1E-30	1E-10	1E10	1E-30	1E-10	1E10	1E-30	1E-10	1E10	1E-30	1E-10	1E10	1E-30	1E-10
195	3.7E-12	1E10	1E10	1E-30	9.52365361740126E-11	1E10	1E-30	1E10	0.17	1E-30	1.34269767207119E-11	8.9145324658486	6.15745718575104E-11	7.16194657819485E-12	0.345647626552166	6.91529444515873E-11	6.30110621465079E-13	1.24104111234184	6.42692511023269E-12	2.94583484853971E-12	5.76848592937339	1E10	1E-30	1E-10	1E10	1E-30	1E-10	1E10	1E-30	1E-10	1E10	1E-30	1E-10	1E10	1E-30	1E-10	1E10	1E-30	1E-10	1E10	1E-30	1E-10	1E10	1E-30	1E-10	1E10	1E-30	1E-10	1E10	1E-30	1E-10	1E10	1E-30	1E-10
196	3.7E-12	1E10	1E10	1E-30	9.52365361740126E-11	1E10	1E-30	1E10	0.17	1E-30	1.34269767207119E-11	8.9145324658486	6.15745718575104E-11	7.16194657819485E-12	0.345647626552166	6.91529444515873E-11	6.30110621465079E-13	1.24104111234184	6.42692511023269E-12	2.94583484853971E-12	5.76848592937339	1E10	1E-30	1E-10	1E10	1E-30	1E-10	1E10	1E-30	1E-10	1E10	1E-30	1E-10	1E10	1E-30	1E-10	1E10	1E-30	1E-10	1E10	1E-30	1E-10	1E10	1E-30	1E-10	1E10	1E-30	1E-10	1E10	1E-30	1E-10	1E10	1E-30	1E-10
197	3.7E-12	1E10	1E10	1E-30	9.52365361740126E-11	1E10	1E-30	1E10	0.17	1E-30	1.34269767207119E-11	8.9145324658486	6.15745718575104E-11	7.16194657819485E-12	0.345647626552166	6.91529444515873E-11	6.30110621465079E-13	1.24104111234184	6.42692511023269E-12	2.94583484853971E-12	5.76848592937339	1E10	1E-30	1E-10	1E10	1E-30	1E-10	1E10	1E-30	1E-10	1E10	1E-30	1E-10	1E10	1E-30	1E-10	1E10	1E-30	1E-10	1E10	1E-30	1E-10	1E10	1E-30	1E-10	1E10	1E-30	1E-10	1E10	1E-30	1E-10	1E10	1E-30	1E-10
198	3.7E-12	1E10	1E10	1E-30	9.52365361740126E-11	1E10	1E-30	1E10	0.17	1E-30	1.34269767207119E-11	8.9145324658486	6.15745718575104E-11	7.16194657819485E-12	0.345647626552166	6.91529444515873E-11	6.30110621465079E-13	1.24104111234184	6.42692511023269E-12	2.94583484853971E-12	5.76848592937339	1E10	1E-30	1E-10	1E10	1E-30	1E-10	1E10	1E-30	1E-10	1E10	1E-30	1E-10	1E10	1E-30	1E-10	1E10	1E-30	1E-10	1E10	1E-30	1E-10	1E10	1E-30	1E-10	1E10	1E-30	1E-10	1E10	1E-30	1E-10	1E10	1E-30	1E-10
199	3.7E-12	1E10	1E10	1E-30	9.52365361740126E-11	1E10	1E-30	1E10	0.17	1E-30	1.34269767207119E-11	8.9145324658486	6.15745718575104E-11	7.16194657819485E-12	0.345647626552166	6.91529444515873E-11	6.30110621465079E-13	1.24104111234184	6.42692511023269E-12	2.94583484853971E-12	5.76848592937339	1E10	1E-30	1E-10	1E10	1E-30	1E-10	1E10	1E-30	1E-10	1E10	1E-30	1E-10	1E10	1E-30	1E-10	1E10	1E-30	1E-10	1E10	1E-30	1E-10	1E10	1E-30	1E-10	1E10	1E-30	1E-10	1E10	1E-30	1E-10	1E10	1E-30	1E-10
200	3.7E-12	1E10	1E10	1E-30	9.52365361740126E-11	1E10	1E-30	1E10	0.17	1E-30	1.34269767207119E-11	8.9145324658486	6.15745718575104E-11	7.16194657819485E-12	0.345647626552166	6.91529444515873E-11	6.30110621465079E-13	1.24104111234184	6.42692511023269E-12	2.94583484853971E-12	5.76848592937339	1E10	1E-30	1E-10	1E10	1E-30	1E-10	1E10	1E-30	1E-10	1E10	1E-30	1E-10	1E10	1E-30	1E-10	1E10	1E-30	1E-10	1E10	1E-30	1E-10	1E10	1E-30	1E-10	1E10	1E-30	1E-10	1E10	1E-30	1E-10	1E10	1E-30	1E-10
201	3.8E-12	1E10	1E10	1E-30	9.6974069051483E-11	1E10	1E-30	1E10	0.166	1E-30	3.54091773546036E-12	0.764787215498002	5.26847086837276E-11	9.09054653492968E-12	0.313988023107995	5.80916977851643E-11	8.42605588572081E-13	1.24389434908793	2.99294707763283E-12	6.91580941814496E-12	12.5702097501803	1E10	1E-30	1E-10	1E10	1E-30	1E-10	1E10	1E-30	1E-10	1E10	1E-30	1E-10	1E10	1E-30	1E-10	1E10	1E-30	1E-10	1E10	1E-30	1E-10	1E10	1E-30	1E-10	1E10	1E-30	1E-10	1E10	1E-30	1E-10	1E10	1E-30	1E-10
202	3.8E-12	1E10	1E10	1E-30	9.6974069051483E-11	1E10	1E-30	1E10	0.166	1E-30	3.54091773546036E-12	0.764787215498002	5.26847086837276E-11	9.09054653492968E-12	0.313988023107995	5.80916977851643E-11	8.42605588572081E-13	1.24389434908793	2.99294707763283E-12	6.91580941814496E-12	12.5702097501803	1E10	1E-30	1E-10	1E10	1E-30	1E-10	1E10	1E-30	1E-10	1E10	1E-30	1E-10	1E10	1E-30	1E-10	1E10	1E-30	1E-10	1E10	1E-30	1E-10	1E10	1E-30	1E-10	1E10	1E-30	1E-10	1E10	1E-30	1E-10	1E10	1E-30	1E-10
203	3.8E-12	1E10	1E10	1E-30	9.6974069051483E-11	1E10	1E-30	1E10	0.166	1E-30	3.54091773546036E-12	0.764787215498002	5.26847086837276E-11	9.09054653492968E-12	0.313988023107995	5.80916977851643E-11	8.42605588572081E-13	1.24389434908793	2.99294707763283E-12	6.91580941814496E-12	12.5702097501803	1E10	1E-30	1E-10	1E10	1E-30	1E-10	1E10	1E-30	1E-10	1E10	1E-30	1E-10	1E10	1E-30	1E-10	1E10	1E-30	1E-10	1E10	1E-30	1E-10	1E10	1E-30	1E-10	1E10	1E-30	1E-10	1E10	1E-30	1E-10	1E10	1E-30	1E-10
204	3.8E-12	1E10	1E10	1E-30	9.6974069051483E-11	1E10	1E-30	1E10	0.166	1E-30	3.54091773546036E-12	0.764787215498002	5.26847086837276E-11	9.09054653492968E-12	0.313988023107995	5.80916977851643E-11	8.42605588572081E-13	1.24389434908793	2.99294707763283E-12	6.91580941814496E-12	12.5702097501803	1E10	1E-30	1E-10	1E10	1E-30	1E-10	1E10	1E-30	1E-10	1E10	1E-30	1E-10	1E10	1E-30	1E-10	1E10	1E-30	1E-10	1E10	1E-30	1E-10	1E10	1E-30	1E-10	1E10	1E-30	1E-10	1E10	1E-30	1E-10	1E10	1E-30	1E-10
205	3.8E-12	1E10	1E10	1E-30	9.6974069051483E-11	1E10	1E-30	1E10	0.166	1E-30	3.54091773546036E-12	0.764787215498002	5.26847086837276E-11	9.09054653492968E-12	0.313988023107995	5.80916977851643E-11	8.42605588572081E-13	1.24389434908793	2.99294707763283E-12	6.91580941814496E-12	12.5702097501803	1E10	1E-30	1E-10	1E10	1E-30	1E-10	1E10	1E-30	1E-10	1E10	1E-30	1E-10	1E10	1E-30	1E-10	1E10	1E-30	1E-10	1E10	1E-30	1E-10	1E10	1E-30	1E-10	1E10	1E-30	1E-10	1E10	1E-30	1E-10	1E10	1E-30	1E-10
206	3.8E-12	1E10	1E10	1E-30	9.6974069051483E-11	1E10	1E-30	1E10	0.166	1E-30	3.54091773546036E-12	0.764787215498002	5.26847086837276E-11	9.09054653492968E-12	0.313988023107995	5.80916977851643E-11	8.42605588572081E-13	1.24389434908793	2.99294707763283E-12	6.91580941814496E-12	12.5702097501803	1E10	1E-30	1E-10	1E10	1E-30	1E-10	1E10	1E-30	1E-10	1E10	1E-30	1E-10	1E10	1E-30	1E-10	1E10	1E-30	1E-10	1E10	1E-30	1E-10	1E10	1E-30	1E-10	1E10	1E-30	1E-10	1E10	1E-30	1E-10	1E10	1E-30	1E-10
207	3.9E-12	1E10	1E10	1E-30	9.6974069051483E-11	1E10	1E-30	1E10	0.166	1E-30	3.54091773546036E-12	0.764787215498002	5.26847086837276E-11	9.09054653492968E-12	0.313988023107995	5.80916977851643E-11	8.42605588572081E-13	1.24389434908793	2.99294707763283E-12	6.91580941814496E-12	12.5702097501803	1E10	1E-30	1E-10	1E10	1E-30	1E-10	1E10	1E-30	1E-10	1E10	1E-30	1E-10	1E10	1E-30	1E-10	1E10	1E-30	1E-10	1E10	1E-30	1E-10	1E10	1E-30	1E-10	1E10	1E-30	1E-10	1E10	1E-30	1E-10	1E10	1E-30	1E-10
208	3.9E-12	1E10	1E10	1E-30	9.6974069051483E-11	1E10	1E-30	1E10	0.166	1E-30	3.54091773546036E-12	0.764787215498002	5.26847086837276E-11	9.09054653492968E-12	0.313988023107995	5.80916977851643E-11	8.42605588572081E-13	1.24389434908793	2.99294707763283E-12	6.91580941814496E-12	12.5702097501803	1E10	1E-30	1E-10	1E10	1E-30	1E-10	1E10	1E-30	1E-10	1E10	1E-30	1E-10	1E10	1E-30	1E-10	1E10	1E-30	1E-10	1E10	1E-30	1E-10	1E10	1E-30	1E-10	1E10	1E-30	1E-10	1E10	1E-30	1E-10	1E10	1E-30	1E-10
209	3.9E-12	1E10	1E10	1E-30	9.6974069051483E-11	1E10	1E-30	1E10	0.166	1E-30	3.54091773546036E-12	0.764787215498002	5.26847086837276E-11	9.09054653492968E-12	0.313988023107995	5.80916977851643E-11	8.42605588572081E-13	1.24389434908793	2.99294707763283E-12	6.91580941814496E-12	12.5702097501803	1E10	1E-30	1E-10	1E10	1E-30	1E-10	1E10	1E-30	1E-10	1E10	1E-30	1E-10	1E10	1E-30	1E-10	1E10	1E-30	1E-10	1E10	1E-30	1E-10	1E10	1E-30	1E-10	1E10	1E-30	1E-10	1E10	1E-30	1E-10	1E10	1E-30	1E-10
210	3.9E-12	1E10	1E10	1E-30	9.6974069051483E-11	1E10	1E-30	1E10	0.166	1E-30	3.54091773546036E-12	0.764787215498002	5.26847086837276E-11	9.09054653492968E-12	0.313988023107995	5.80916977851643E-11	8.42605588572081E-13	1.24389434908793	2.99294707763283E-12	6.91580941814496E-12	12.5702097501803	1E10	1E-30	1E-10	1E10	1E-30	1E-10	1E10	1E-30	1E-10	1E10	1E-30	1E-10	1E10	1E-30	1E-10	1E10	1E-30	1E-10	1E10	1E-30	1E-10	1E10	1E-30	1E-10	1E10	1E-30	1E-10	1E10	1E-30	1E-10	1E10	1E-30	1E-10
211	3.9E-12	1E10	1E10	1E-30	9.6974069051483E-11	1E10	1E-30	1E10	0.166	1E-30	3.54091773546036E-12	0.764787215498002	5.26847086837276E-11	9.09054653492968E-12	0.313988023107995	5.80916977851643E-11	8.42605588572081E-13	1.24389434908793	2.99294707763283E-12	6.91580941814496E-12	12.5702097501803	1E10	1E-30	1E-10	1E10	1E-30	1E-10	1E10	1E-30	1E-10	1E10	1E-30	1E-10	1E10	1E-30	1E-10	1E10	1E-30	1E-10	1E10	1E-30	1E-10	1E10	1E-30	1E-10	1E10	1E-30	1E-10	1E10	1E-30	1E-10	1E10	1E-30	1E-10
212	3.9E-12	1E10	1E10	1E-30	9.6974069051483E-11	1E10	1E-30	1E10	0.166	1E-30	3.54091773546036E-12	0.764787215498002	5.26847086837276E-11	9.09054653492968E-12	0.313988023107995	5.80916977851643E-11	8.42605588572081E-13	1.24389434908793	2.99294707763283E-12	6.91580941814496E-12	12.5702097501803	1E10	1E-30	1E-10	1E10	1E-30	1E-10	1E10	1E-30	1E-10	1E10	1E-30	1E-10	1E10	1E-30	1E-10	1E10	1E-30	1E-10	1E10	1E-30	1E-10	1E10	1E-30	1E-10	1E10	1E-30	1E-10	1E10	1E-30	1E-10	1E10	1E-30	1E-10
213	4E-12	1E10	1E10	1E-30	9.6974069051483E-11	1E10	1E-30	1E10	0.166	1E-30	3.54091773546036E-12	0.764787215498002	5.26847086837276E-11	9.09054653492968E-12	0.313988023107995	5.80916977851643E-11	8.42605588572081E-13	1.24389434908793	2.99294707763283E-12	6.91580941814496E-12	12.5702097501803	1E10	1E-30	1E-10	1E10	1E-30	1E-10	1E10	1E-30	1E-10	1E10	1E-30	1E-10	1E10	1E-30	1E-10	1E10	1E-30	1E-10	1E10	1E-30	1E-10	1E10	1E-30	1E-10	1E10	1E-30	1E-10	1E10	1E-30	1E-10	1E10	1E-30	1E-10
214	4E-12	1E10	1E10	1E-30	9.6974069051483E-11	1E10	1E-30	1E10	0.166	1E-30	3.54091773546036E-12	0.764787215498002	5.26847086837276E-11	9.09054653492968E-12	0.313988023107995	5.80916977851643E-11	8.42605588572081E-13	1.24389434908793	2.99294707763283E-12	6.91580941814496E-12	12.5702097501803	1E10	1E-30	1E-10	1E10	1E-30	1E-10	1E10	1E-30	1E-10	1E10	1E-30	1E-10	1E10	1E-30	1E-10	1E10	1E-30	1E-10	1E10	1E-30	1E-10	1E10	1E-30	1E-10	1E10	1E-30	1E-10	1E10	1E-30	1E-10	1E10	1E-30	1E-10
215	4E-12	1E10	1E10	1E-30	9.6974069051483E-11	1E10	1E-30	1E10	0.166	1E-30	3.54091773546036E-12	0.764787215498002	5.26847086837276E-11	9.09054653492968E-12	0.313988023107995	5.80916977851643E-11	8.42605588572081E-13	1.24389434908793	2.99294707763283E-12	6.91580941814496E-12	12.5702097501803	1E10	1E-30	1E-10	1E10	1E-30	1E-10	1E10	1E-30	1E-10	1E10	1E-30	1E-10	1E10	1E-30	1E-10	1E10	1E-30	1E-10	1E10	1E-30	1E-10	1E10	1E-30	1E-10	1E10	1E-30	1E-10	1E10	1E-30	1E-10	1E10	1E-30	1E-10
216	4E-12	1E10	1E10	1E-30	9.6974069051483E-11	1E10	1E-30	1E10	0.166	1E-30	3.54091773546036E-12	0.764787215498002	5.26847086837276E-11	9.09054653492968E-12	0.313988023107995	5.80916977851643E-11	8.42605588572081E-13	1.24389434908793	2.99294707763283E-12	6.91580941814496E-12	12.5702097501803	1E10	1E-30	1E-10	1E10	1E-30	1E-10	1E10	1E-30	1E-10	1E10	1E-30	1E-10	1E10	1E-30	1E-10	1E10	1E-30	1E-10	1E10	1E-30	1E-10	1E10	1E-30	1E-10	1E10	1E-30	1E-10	1E10	1E-30	1E-10	1E10	1E-30	1E-10
217	4E-12	1E10	1E10	1E-30	9.6974069051483E-11	1E10	1E-30	1E10	0.166	1E-30	3.54091773546036E-12	0.764787215498002	5.26847086837276E-11	9.09054653492968E-12	0.313988023107995	5.80916977851643E-11	8.42605588572081E-13	1.24389434908793	2.99294707763283E-12	6.91580941814496E-12	12.5702097501803	1E10	1E-30	1E-10	1E10	1E-30	1E-10	1E10	1E-30	1E-10	1E10	1E-30	1E-10	1E10	1E-30	1E-10	1E10	1E-30	1E-10	1E10	1E-30	1E-10	1E10	1E-30	1E-10	1E10	1E-30	1E-10	1E10	1E-30	1E-10	1E10	1E-30	1E-10
218	4E-12	1E10	1E10	1E-30	9.6974069051483E-11	1E10	1E-30	1E10	0.166	1E-30	3.54091773546036E-12	0.764787215498002	5.26847086837276E-11	9.09054653492968E-12	0.313988023107995	5.80916977851643E-11	8.42605588572081E-13	1.24389434908793	2.99294707763283E-12	6.91580941814496E-12	12.5702097501803	1E10	1E-30	1E-10	1E10	1E-30	1E-10	1E10	1E-30	1E-10	1E10	1E-30	1E-10	1E10	1E-30	1E-10	1E10	1E-30	1E-10	1E10	1E-30	1E-10	1E10	1E-30	1E-10	1E10	1E-30	1E-10	1E10	1E-30	1E-10	1E10	1E-30	1E-10
219	4.1E-12	1E10	1E10	1E-30	1.02322249870944E-10	1E10	1E-30	1E10	0.164	1E-30	4.3952707224096E-12	0.878122810850286	9.03158181708932E-11	5.4710337008041E-12	0.300043008127565	5.68018622431702E-11	9.33144746814202E-13	1.23674387405039	7.72492485385324E-12	2.98043621888973E-12	6.94765472400256	1E10	1E-30	1E-10	1E10	1E-30	1E-10	1E10	1E-30	1E-10	1E10	1E-30	1E-10	1E10	1E-30	1E-10	1E10	1E-30	1E-10	1E10	1E-30	1E-10	1E10	1E-30	1E-10	1E10	1E-30	1E-10	1E10	1E-30	1E-10	1E10	1E-30	1E-10
220	4.1E-12	1E10	1E10	1E-30	1.02322249870944E-10	1E10	1E-30	1E10	0.164	1E-30	4.3952707224096E-12	0.878122810850286	9.03158181708932E-11	5.4710337008041E-12	0.300043008127565	5.68018622431702E-11	9.33144746814202E-13	1.23674387405039	7.72492485385324E-12	2.98043621888973E-12	6.94765472400256	1E10	1E-30	1E-10	1E10	1E-30	1E-10	1E10	1E-30	1E-10	1E10	1E-30	1E-10	1E10	1E-30	1E-10	1E10	1E-30	1E-10	1E10	1E-30	1E-10	1E10	1E-30	1E-10	1E10	1E-30	1E-10	1E10	1E-30	1E-10	1E10	1E-30	1E-10
221	4.1E-12	1E10	1E10	1E-30	1.02322249870944E-10	1E10	1E-30	1E10	0.164	1E-30	4.3952707224096E-12	0.878122810850286	9.03158181708932E-11	5.4710337008041E-12	0.300043008127565	5.68018622431702E-11	9.33144746814202E-13	1.23674387405039	7.72492485385324E-12	2.98043621888973E-12	6.94765472400256	1E10	1E-30	1E-10	1E10	1E-30	1E-10	1E10	1E-30	1E-10	1E10	1E-30	1E-10	1E10	1E-30	1E-10	1E10	1E-30	1E-10	1E10	1E-30	1E-10	1E10	1E-30	1E-10	1E10	1E-30	1E-10	1E10	1E-30	1E-10	1E10	1E-30	1E-10
222	4.1E-12	1E10	1E10	1E-30	1.02322249870944E-10	1E10	1E-30	1E10	0.164	1E-30	4.3952707224096E-12	0.878122810850286	9.03158181708932E-11	5.4710337008041E-12	0.300043008127565	5.68018622431702E-11	9.33144746814202E-13	1.23674387405039	7.72492485385324E-12	2.98043621888973E-12	6.94765472400256	1E10	1E-30	1E-10	1E10	1E-30	1E-10	1E10	1E-30	1E-10	1E10	1E-30	1E-10	1E10	1E-30	1E-10	1E10	1E-30	1E-10	1E10	1E-30	1E-10	1E10	1E-30	1E-10	1E10	1E-30	1E-10	1E10	1E-30	1E-10	1E10	1E-30	1E-10
223	4.1E-12	1E10	1E10	1E-30	1.02322249870944E-10	1E10	1E-30	1E10	0.164	1E-30	4.3952707224096E-12	0.878122810850286	9.03158181708932E-11	5.4710337008041E-12	0.300043008127565	5.68018622431702E-11	9.33144746814202E-13	1.23674387405039	7.72492485385324E-12	2.98043621888973E-12	6.94765472400256	1E10	1E-30	1E-10	1E10	1E-30	1E-10	1E10	1E-30	1E-10	1E10	1E-30	1E-10	1E10	1E-30	1E-10	1E10	1E-30	1E-10	1E10	1E-30	1E-10	1E10	1E-30	1E-10	1E10	1E-30	1E-10	1E10	1E-30	1E-10	1E10	1E-30	1E-10
224	4.1E-12	1E10	1E10	1E-30	1.02322249870944E-10	1E10	1E-30	1E10	0.164	1E-30	4.3952707224096E-12	0.878122810850286	9.03158181708932E-11	5.4710337008041E-12	0.300043008127565	5.68018622431702E-11	9.33144746814202E-13	1.23674387405039	7.72492485385324E-12	2.98043621888973E-12	6.94765472400256	1E10	1E-30	1E-10	1E10	1E-30	1E-10	1E10	1E-30	1E-10	1E10	1E-30	1E-10	1E10	1E-30	1E-10	1E10	1E-30	1E-10	1E10	1E-30	1E-10	1E10	1E-30	1E-10	1E10	1E-30	1E-10	1E10	1E-30	1E-10	1E10	1E-30	1E-10
225	4.2E-12	1E10	1E10	1E-30	1.02322249870944E-10	1E10	1E-30	1E10	0.164	1E-30	4.3952707224096E-12	0.878122810850286	9.03158181708932E-11	5.4710337008041E-12	0.300043008127565	5.68018622431702E-11	9.33144746814202E-13	1.23674387405039	7.72492485385324E-12	2.98043621888973E-12	6.94765472400256	1E10	1E-30	1E-10	1E10	1E-30	1E-10	1E10	1E-30	1E-10	1E10	1E-30	1E-10	1E10	1E-30	1E-10	1E10	1E-30	1E-10	1E10	1E-30	1E-10	1E10	1E-30	1E-10	1E10	1E-30	1E-10	1E10	1E-30	1E-10	1E10	1E-30	1E-10
226	4.2E-12	1E10	1E10	1E-30	1.02322249870944E-10	1E10	1E-30	1E10	0.164	1E-30	4.3952707224096E-12	0.878122810850286	9.03158181708932E-11	5.4710337008041E-12	0.300043008127565	5.68018622431702E-11	9.33144746814202E-13	1.23674387405039	7.72492485385324E-12	2.98043621888973E-12	6.94765472400256	1E10	1E-30	1E-10	1E10	1E-30	1E-10	1E10	1E-30	1E-10	1E10	1E-30	1E-10	1E10	1E-30	1E-10	1E10	1E-30	1E-10	1E10	1E-30	1E-10	1E10	1E-30	1E-10	1E10	1E-30	1E-10	1E10	1E-30	1E-10	1E10	1E-30	1E-10
227	4.2E-12	1E10	1E10	1E-30	1.02322249870944E-10	1E10	1E-30	1E10	0.164	1E-30	4.3952707224096E-12	0.878122810850286	9.03158181708932E-11	5.4710337008041E-12	0.300043008127565	5.68018622431702E-11	9.33144746814202E-13	1.23674387405039	7.72492485385324E-12	2.98043621888973E-12	6.94765472400256	1E10	1E-30	1E-10	1E10	1E-30	1E-10	1E10	1E-30	1E-10	1E10	1E-30	1E-10	1E10	1E-30	1E-10	1E10	1E-30	1E-10	1E10	1E-30	1E-10	1E10	1E-30	1E-10	1E10	1E-30	1E-10	1E10	1E-30	1E-10	1E10	1E-30	1E-10
228	4.2E-12	1E10	1E10	1E-30	1.02322249870944E-10	1E10	1E-30	1E10	0.164	1E-30	4.3952707224096E-12	0.878122810850286	9.03158181708932E-11	5.4710337008041E-12	0.300043008127565	5.68018622431702E-11	9.33144746814202E-13	1.23674387405039	7.72492485385324E-12	2.98043621888973E-12	6.94765472400256	1E10	1E-30	1E-10	1E10	1E-30	1E-10	1E10	1E-30	1E-10	1E10	1E-30	1E-10	1E10	1E-30	1E-10	1E10	1E-30	1E-10	1E10	1E-30	1E-10	1E10	1E-30	1E-10	1E10	1E-30	1E-10	1E10	1E-30	1E-10	1E10	1E-30	1E-10
229	4.2E-12	1E10	1E10	1E-30	1.02322249870944E-10	1E10	1E-30	1E10	0.164	1E-30	4.3952707224096E-12	0.878122810850286	9.03158181708932E-11	5.4710337008041E-12	0.300043008127565	5.68018622431702E-11	9.33144746814202E-13	1.23674387405039	7.72492485385324E-12	2.98043621888973E-12	6.94765472400256	1E10	1E-30	1E-10	1E10	1E-30	1E-10	1E10	1E-30	1E-10	1E10	1E-30	1E-10	1E10	1E-30	1E-10	1E10	1E-30	1E-10	1E10	1E-30	1E-10	1E10	1E-30	1E-10	1E10	1E-30	1E-10	1E10	1E-30	1E-10	1E10	1E-30	1E-10
230	4.2E-12	1E10	1E10	1E-30	1.02322249870944E-10	1E10	1E-30	1E10	0.164	1E-30	4.3952707224096E-12	0.878122810850286	9.03158181708932E-11	5.4710337008041E-12	0.300043008127565	5.68018622431702E-11	9.33144746814202E-13	1.23674387405039	7.72492485385324E-12	2.98043621888973E-12	6.94765472400256	1E10	1E-30	1E-10	1E10	1E-30	1E-10	1E10	1E-30	1E-10	1E10	1E-30	1E-10	1E10	1E-30	1E-10	1E10	1E-30	1E-10	1E10	1E-30	1E-10	1E10	1E-30	1E-10	1E10	1E-30	1E-10	1E10	1E-30	1E-10	1E10	1E-30	1E-10
231	4.3E-12	1E10	1E10	1E-30	1.02322249870944E-10	1E10	1E-30	1E10	0.164	1E-30	4.3952707224096E-12	0.878122810850286	9.03158181708932E-11	5.4710337008041E-12	0.300043008127565	5.68018622431702E-11	9.33144746814202E-13	1.23674387405039	7.72492485385324E-12	2.98043621888973E-12	6.94765472400256	1E10	1E-30	1E-10	1E10	1E-30	1E-10	1E10	1E-30	1E-10	1E10	1E-30	1E-10	1E10	1E-30	1E-10	1E10	1E-30	1E-10	1E10	1E-30	1E-10	1E10	1E-30	1E-10	1E10	1E-30	1E-10	1E10	1E-30	1E-10	1E10	1E-30	1E-10
232	4.3E-12	1E10	1E10	1E-30	1.02322249870944E-10	1E10	1E-30	1E10	0.164	1E-30	4.3952707224096E-12	0.878122810850286	9.03158181708932E-11	5.4710337008041E-12	0.300043008127565	5.68018622431702E-11	9.33144746814202E-13	1.23674387405039	7.72492485385324E-12	2.98043621888973E-12	6.94765472400256	1E10	1E-30	1E-10	1E10	1E-30	1E-10	1E10	1E-30	1E-10	1E10	1E-30	1E-10	1E10	1E-30	1E-10	1E10	1E-30	1E-10	1E10	1E-30	1E-10	1E10	1E-30	1E-10	1E10	1E-30	1E-10	1E10	1E-30	1E-10	1E10	1E-30	1E-10
233	4.3E-12	1E10	1E10	1E-30	1.02322249870944E-10	1E10	1E-30	1E10	0.164	1E-30	4.3952707224096E-12	0.878122810850286	9.03158181708932E-11	5.4710337008041E-12	0.300043008127565	5.68018622431702E-11	9.33144746814202E-13	1.23674387405039	7.72492485385324E-12	2.98043621888973E-12	6.94765472400256	1E10	1E-30	1E-10	1E10	1E-30	1E-10	1E10	1E-30	1E-10	1E10	1E-30	1E-10	1E10	1E-30	1E-10	1E10	1E-30	1E-10	1E10	1E-30	1E-10	1E10	1E-30	1E-10	1E10	1E-30	1E-10	1E10	1E-30	1E-10	1E10	1E-30	1E-10
234	4.3E-12	1E10	1E10	1E-30	1.02322249870944E-10	1E10	1E-30	1E10	0.164	1E-30	4.3952707224096E-12	0.878122810850286	9.03158181708932E-11	5.4710337008041E-12	0.300043008127565	5.68018622431702E-11	9.33144746814202E-13	1.23674387405039	7.72492485385324E-12	2.98043621888973E-12	6.94765472400256	1E10	1E-30	1E-10	1E10	1E-30	1E-10	1E10	1E-30	1E-10	1E10	1E-30	1E-10	1E10	1E-30	1E-10	1E10	1E-30	1E-10	1E10	1E-30	1E-10	1E10	1E-30	1E-10	1E10	1E-30	1E-10	1E10	1E-30	1E-10	1E10	1E-30	1E-10
235	4.3E-12	1E10	1E10	1E-30	1.02322249870944E-10	1E10	1E-30	1E10	0.164	1E-30	4.3952707224096E-12	0.878122810850286	9.03158181708932E-11	5.4710337008041E-12	0.300043008127565	5.68018622431702E-11	9.33144746814202E-13	1.23674387405039	7.72492485385324E-12	2.98043621888973E-12	6.94765472400256	1E10	1E-30	1E-10	1E10	1E-30	1E-10	1E10	1E-30	1E-10	1E10	1E-30	1E-10	1E10	1E-30	1E-10	1E10	1E-30	1E-10	1E10	1E-30	1E-10	1E10	1E-30	1E-10	1E10	1E-30	1E-10	1E10	1E-30	1E-10	1E10	1E-30	1E-10
236	4.3E-12	1E10	1E10	1E-30	1.02322249870944E-10	1E10	1E-30	1E10	0.164	1E-30	4.3952707224096E-12	0.878122810850286	9.03158181708932E-11	5.4710337008041E-12	0.300043008127565	5.68018622431702E-11	9.33144746814202E-13	1.23674387405039	7.72492485385324E-12	2.98043621888973E-12	6.94765472400256	1E10	1E-30	1E-10	1E10	1E-30	1E-10	1E10	1E-30	1E-10	1E10	1E-30	1E-10	1E10	1E-30	1E-10	1E10	1E-30	1E-10	1E10	1E-30	1E-10	1E10	1E-30	1E-10	1E10	1E-30	1E-10	1E10	1E-30	1E-10	1E10	1E-30	1E-10
237	4.4E-12	1E10	1E10	1E-30	9.84183097322756E-11	1E10	1E-30	1E10	0.162	1E-30	3.65287618484136E-12	0.793083747708206	1E-30	1.22707198210627E-11	9.32086595126177E-02	9.4181908162914E-11	4.42172708151808E-12	0.222263036202425	7.09948998293262E-11	8.11705934342895E-13	1.02252583490961	5.76021444905266E-12	4.45379046329844E-12	6.45717667601225	1E10	1E-30	1E-10	1E10	1E-30	1E-10	1E10	1E-30	1E-10	1E10	1E-30	1E-10	1E10	1E-30	1E-10	1E10	1E-30	1E-10	1E10	1E-30	1E-10	1E10	1E-30	1E-10	1E10	1E-30	1E-10	1E10	1E-30	1E-10
238	4.4E-12	1E10	1E10	1E-30	9.84183097322756E-11	1E10	1E-30	1E10	0.162	1E-30	3.65287618484136E-12	0.793083747708206	1E-30	1.22707198210627E-11	9.32086595126177E-02	9.4181908162914E-11	4.42172708151808E-12	0.222263036202425	7.09948998293262E-11	8.11705934342895E-13	1.02252583490961	5.76021444905266E-12	4.45379046329844E-12	6.45717667601225	1E10	1E-30	1E-10	1E10	1E-30	1E-10	1E10	1E-30	1E-10	1E10	1E-30	1E-10	1E10	1E-30	1E-10	1E10	1E-30	1E-10	1E10	1E-30	1E-10	1E10	1E-30	1E-10	1E10	1E-30	1E-10	1E10	1E-30	1E-10
239	4.4E-12	1E10	1E10	1E-30	9.84183097322756E-11	1E10	1E-30	1E10	0.162	1E-30	3.65287618484136E-12	0.793083747708206	1E-30	1.22707198210627E-11	9.32086595126177E-02	9.4181908162914E-11	4.42172708151808E-12	0.222263036202425	7.09948998293262E-11	8.11705934342895E-13	1.02252583490961	5.76021444905266E-12	4.45379046329844E-12	6.45717667601225	1E10	1E-30	1E-10	1E10	1E-30	1E-10	1E10	1E-30	1E-10	1E10	1E-30	1E-10	1E10	1E-30	1E-10	1E10	1E-30	1E-10	1E10	1E-30	1E-10	1E10	1E-30	1E-10	1E10	1E-30	1E-10	1E10	1E-30	1E-10
240	4.4E-12	1E10	1E10	1E-30	9.84183097322756E-11	1E10	1E-30	1E10	0.162	1E-30	3.65287618484136E-12	0.793083747708206	1E-30	1.22707198210627E-11	9.32086595126177E-02	9.4181908162914E-11	4.42172708151808E-12	0.222263036202425	7.09948998293262E-11	8.11705934342895E-13	1.02252583490961	5.76021444905266E-12	4.45379046329844E-12	6.45717667601225	1E10	1E-30	1E-10	1E10	1E-30	1E-10	1E10	1E-30	1E-10	1E10	1E-30	1E-10	1E10	1E-30	1E-10	1E10	1E-30	1E-10	1E10	1E-30	1E-10	1E10	1E-30	1E-10	1E10	1E-30	1E-10	1E10	1E-30	1E-10
241	4.4E-12	1E10	1E10	1E-30	9.84183097322756E-11	1E10	1E-30	1E10	0.162	1E-30	3.65287618484136E-12	0.793083747708206	1E-30	1.22707198210627E-11	9.32086595126177E-02	9.4181908162914E-11	4.42172708151808E-12	0.222263036202425	7.09948998293262E-11	8.11705934342895E-13	1.02252583490961	5.76021444905266E-12	4.45379046329844E-12	6.45717667601225	1E10	1E-30	1E-10	1E10	1E-30	1E-10	1E10	1E-30	1E-10	1E10	1E-30	1E-10	1E10	1E-30	1E-10	1E10	1E-30	1E-10	1E10	1E-30	1E-10	1E10	1E-30	1E-10	1E10	1E-30	1E-10	1E10	1E-30	1E-10
242	4.4E-12	1E10	1E10	1E-30	9.84183097322756E-11	1E10	1E-30	1E10	0.162	1E-30	3.65287618484136E-12	0.793083747708206	1E-30	1.22707198210627E-11	9.32086595126177E-02	9.4181908162914E-11	4.42172708151808E-12	0.222263036202425	7.09948998293262E-11	8.11705934342895E-13	1.02252583490961	5.76021444905266E-12	4.45379046329844E-12	6.45717667601225	1E10	1E-30	1E-10	1E10	1E-30	1E-10	1E10	1E-30	1E-10	1E10	1E-30	1E-10	1E10	1E-30	1E-10	1E10	1E-30	1E-10	1E10	1E-30	1E-10	1E10	1E-30	1E-10	1E10	1E-30	1E-10	1E10	1E-30	1E-10
243	4.5E-12	1E10	1E10	1E-30	9.84183097322756E-11	1E10	1E-30	1E10	0.162	1E-30	3.65287618484136E-12	0.793083747708206	1E-30	1.22707198210627E-11	9.32086595126177E-02	9.4181908162914E-11	4.42172708151808E-12	0.222263036202425	7.09948998293262E-11	8.11705934342895E-13	1.02252583490961	5.76021444905266E-12	4.45379046329844E-12	6.45717667601225	1E10	1E-30	1E-10	1E10	1E-30	1E-10	1E10	1E-30	1E-10	1E10	1E-30	1E-10	1E10	1E-30	1E-10	1E10	1E-30	1E-10	1E10	1E-30	1E-10	1E10	1E-30	1E-10	1E10	1E-30	1E-10	1E10	1E-30	1E-10
244	4.5E-12	1E10	1E10	1E-30	9.84183097322756E-11	1E10	1E-30	1E10	0.162	1E-30	3.65287618484136E-12	0.793083747708206	1E-30	1.22707198210627E-11	9.32086595126177E-02	9.4181908162914E-11	4.42172708151808E-12	0.222263036202425	7.09948998293262E-11	8.11705934342895E-13	1.02252583490961	5.76021444905266E-12	4.45379046329844E-12	6.45717667601225	1E10	1E-30	1E-10	1E10	1E-30	1E-10	1E10	1E-30	1E-10	1E10	1E-30	1E-10	1E10	1E-30	1E-10	1E10	1E-30	1E-10	1E10	1E-30	1E-10	1E10	1E-30	1E-10	1E10	1E-30	1E-10	1E10	1E-30	1E-10
245	4.5E-12	1E10	1E10	1E-30	9.84183097322756E-11	1E10	1E-30	1E10	0.162	1E-30	3.65287618484136E-12	0.793083747708206	1E-30	1.22707198210627E-11	9.32086595126177E-02	9.4181908162914E-11	4.42172708151808E-12	0.222263036202425	7.09948998293262E-11	8.11705934342895E-13	1.02252583490961	5.76021444905266E-12	4.45379046329844E-12	6.45717667601225	1E10	1E-30	1E-10	1E10	1E-30	1E-10	1E10	1E-30	1E-10	1E10	1E-30	1E-10	1E10	1E-30	1E-10	1E10	1E-30	1E-10	1E10	1E-30	1E-10	1E10	1E-30	1E-10	1E10	1E-30	1E-10	1E10	1E-30	1E-10
246	4.5E-12	1E10	1E10	1E-30	9.84183097322756E-11	1E10	1E-30	1E10	0.162	1E-30	3.65287618484136E-12	0.793083747708206	1E-30	1.22707198210627E-11	9.32086595126177E-02	9.4181908162914E-11	4.42172708151808E-12	0.222263036202425	7.09948998293262E-11	8.11705934342895E-13	1.02252583490961	5.76021444905266E-12	4.45379046329844E-12	6.45717667601225	1E10	1E-30	1E-10	1E10	1E-30	1E-10	1E10	1E-30	1E-10	1E10	1E-30	1E-10	1E10	1E-30	1E-10	1E10	1E-30	1E-10	1E10	1E-30	1E-10	1E10	1E-30	1E-10	1E10	1E-30	1E-10	1E10	1E-30	1E-10
247	4.5E-12	1E10	1E10	1E-30	9.84183097322756E-11	1E10	1E-30	1E10	0.162	1E-30	3.65287618484136E-12	0.793083747708206	1E-30	1.22707198210627E-11	9.32086595126177E-02	9.4181908162914E-11	4.42172708151808E-12	0.222263036202425	7.09948998293262E-11	8.11705934342895E-13	1.02252583490961	5.76021444905266E-12	4.45379046329844E-12	6.45717667601225	1E10	1E-30	1E-10	1E10	1E-30	1E-10	1E10	1E-30	1E-10	1E10	1E-30	1E-10	1E10	1E-30	1E-10	1E10	1E-30	1E-10	1E10	1E-30	1E-10	1E10	1E-30	1E-10	1E10	1E-30	1E-10	1E10	1E-30	1E-10
248	4.5E-12	1E10	1E10	1E-30	9.84183097322756E-11	1E10	1E-30	1E10	0.162	1E-30	3.65287618484136E-12	0.793083747708206	1E-30	1.22707198210627E-11	9.32086595126177E-02	9.4181908162914E-11	4.42172708151808E-12	0.222263036202425	7.09948998293262E-11	8.11705934342895E-13	1.02252583490961	5.76021444905266E-12	4.45379046329844E-12	6.45717667601225	1E10	1E-30	1E-10	1E10	1E-30	1E-10	1E10	1E-30	1E-10	1E10	1E-30	1E-10	1E10	1E-30	1E-10	1E10	1E-30	1E-10	1E10	1E-30	1E-10	1E10	1E-30	1E-10	1E10	1E-30	1E-10	1E10	1E-30	1E-10
249	4.6E-12	1E10	1E10	1E-30	9.84183097322756E-11	1E10	1E-30	1E10	0.162	1E-30	3.65287618484136E-12	0.793083747708206	1E-30	1.22707198210627E-11	9.32086595126177E-02	9.4181908162914E-11	4.42172708151808E-12	0.222263036202425	7.09948998293262E-11	8.11705934342895E-13	1.02252583490961	5.76021444905266E-12	4.45379046329844E-12	6.45717667601225	1E10	1E-30	1E-10	1E10	1E-30	1E-10	1E10	1E-30	1E-10	1E10	1E-30	1E-10	1E10	1E-30	1E-10	1E10	1E-30	1E-10	1E10	1E-30	1E-10	1E10	1E-30	1E-10	1E10	1E-30	1E-10	1E10	1E-30	1E-10
250	4.6E-12	1E10	1E10	1E-30	9.84183097322756E-11	1E10	1E-30	1E10	0.162	1E-30	3.65287618484136E-12	0.793083747708206	1E-30	1.22707198210627E-11	9.32086595126177E-02	9.4181908162914E-11	4.42172708151808E-12	0.222263036202425	7.09948998293262E-11	8.11705934342895E-13	1.02252583490961	5.76021444905266E-12	4.45379046329844E-12	6.45717667601225	1E10	1E-30	1E-10	1E10	1E-30	1E-10	1E10	1E-30	1E-10	1E10	1E-30	1E-10	1E10	1E-30	1E-10	1E10	1E-30	1E-10	1E10	1E-30	1E-10	1E10	1E-30	1E-10	1E10	1E-30	1E-10	1E10	1E-30	1E-10
251	4.6E-12	1E10	1E10	1E-30	9.84183097322756E-11	1E10	1E-30	1E10	0.162	1E-30	3.65287618484136E-12	0.793083747708206	1E-30	1.22707198210627E-11	9.32086595126177E-02	9.4181908162914E-11	4.42172708151808E-12	0.222263036202425	7.09948998293262E-11	8.11705934342895E-13	1.02252583490961	5.76021444905266E-12	4.45379046329844E-12	6.45717667601225	1E10	1E-30	1E-10	1E10	1E-30	1E-10	1E10	1E-30	1E-10	1E10	1E-30	1E-10	1E10	1E-30	1E-10	1E10	1E-30	1E-10	1E10	1E-30	1E-10	1E10	1E-30	1E-10	1E10	1E-30	1E-10	1E10	1E-30	1E-10
252	4.6E-12	1E10	1E10	1E-30	9.84183097322756E-11	1E10	1E-30	1E10	0.162	1E-30	3.65287618484136E-12	0.793083747708206	1E-30	1.22707198210627E-11	9.32086595126177E-02	9.4181908162914E-11	4.42172708151808E-12	0.222263036202425	7.09948998293262E-11	8.11705934342895E-13	1.02252583490961	5.76021444905266E-12	4.45379046329844E-12	6.45717667601225	1E10	1E-30	1E-10	1E10	1E-30	1E-10	1E10	1E-30	1E-10	1E10	1E-30	1E-10	1E10	1E-30	1E-10	1E10	1E-30	1E-10	1E10	1E-30	1E-10	1E10	1E-30	1E-10	1E10	1E-30	1E-10	1E10	1E-30	1E-10
253	4.6E-12	1E10	1E10	1E-30	9.84183097322756E-11	1E10	1E-30	1E10	0.162	1E-30	3.65287618484136E-12	0.793083747708206	1E-30	1.22707198210627E-11	9.32086595126177E-02	9.4181908162914E-11	4.42172708151808E-12	0.222263036202425	7.09948998293262E-11	8.11705934342895E-13	1.02252583490961	5.76021444905266E-12	4.45379046329844E-12	6.45717667601225	1E10	1E-30	1E-10	1E10	1E-30	1E-10	1E10	1E-30	1E-10	1E10	1E-30	1E-10	1E10	1E-30	1E-10	1E10	1E-30	1E-10	1E10	1E-30	1E-10	1E10	1E-30	1E-10	1E10	1E-30	1E-10	1E10	1E-30	1E-10
254	4.6E-12	1E10	1E10	1E-30	9.84183097322756E-11	1E10	1E-30	1E10	0.162	1E-30	3.65287618484136E-12	0.793083747708206	1E-30	1.22707198210627E-11	9.32086595126177E-02	9.4181908162914E-11	4.42172708151808E-12	0.222263036202425	7.09948998293262E-11	8.11705934342895E-13	1.02252583490961	5.76021444905266E-12	4.45379046329844E-12	6.45717667601225	1E10	1E-30	1E-10	1E10	1E-30	1E-10	1E10	1E-30	1E-10	1E10	1E-30	1E-10	1E10	1E-30	1E-10	1E10	1E-30	1E-10	1E10	1E-30	1E-10	1E10	1E-30	1E-10	1E10	1E-30	1E-10	1E10	1E-30	1E-10
255	4.7E-12	1E10	1E10	1E-30	9.51225104078179E-11	1E10	1E-30	1E10	0.159	1E-30	5.26600812663114E-12	0.131099607216425	1.24281612407754E-10	3.36214448931376E-12	0.223865178813726	5.14330606376913E-11	1.14858780911428E-12	1.25877004885429	5.37826393555295E-12	4.99808771421757E-12	7.84572889028091	1E10	1E-30	1E-10	1E10	1E-30	1E-10	1E10	1E-30	1E-10	1E10	1E-30	1E-10	1E10	1E-30	1E-10	1E10	1E-30	1E-10	1E10	1E-30	1E-10	1E10	1E-30	1E-10	1E10	1E-30	1E-10	1E10	1E-30	1E-10	1E10	1E-30	1E-10
256	4.7E-12	1E10	1E10	1E-30	9.51225104078179E-11	1E10	1E-30	1E10	0.159	1E-30	5.26600812663114E-12	0.131099607216425	1.24281612407754E-10	3.36214448931376E-12	0.223865178813726	5.14330606376913E-11	1.14858780911428E-12	1.25877004885429	5.37826393555295E-12	4.99808771421757E-12	7.84572889028091	1E10	1E-30	1E-10	1E10	1E-30	1E-10	1E10	1E-30	1E-10	1E10	1E-30	1E-10	1E10	1E-30	1E-10	1E10	1E-30	1E-10	1E10	1E-30	1E-10	1E10	1E-30	1E-10	1E10	1E-30	1E-10	1E10	1E-30	1E-10	1E10	1E-30	1E-10
257	4.7E-12	1E10	1E10	1E-30	9.51225104078179E-11	1E10	1E-30	1E10	0.159	1E-30	5.26600812663114E-12	0.131099607216425	1.24281612407754E-10	3.36214448931376E-12	0.223865178813726	5.14330606376913E-11	1.14858780911428E-12	1.25877004885429	5.37826393555295E-12	4.99808771421757E-12	7.84572889028091	1E10	1E-30	1E-10	1E10	1E-30	1E-10	1E10	1E-30	1E-10	1E10	1E-30	1E-10	1E10	1E-30	1E-10	1E10	1E-30	1E-10	1E10	1E-30	1E-10	1E10	1E-30	1E-10	1E10	1E-30	1E-10	1E10	1E-30	1E-10	1E10	1E-30	1E-10
258	4.7E-12	1E10	1E10	1E-30	9.51225104078179E-11	1E10	1E-30	1E10	0.159	1E-30	5.26600812663114E-12	0.131099607216425	1.24281612407754E-10	3.36214448931376E-12	0.223865178813726	5.14330606376913E-11	1.14858780911428E-12	1.25877004885429	5.37826393555295E-12	4.99808771421757E-12	7.84572889028091	1E10	1E-30	1E-10	1E10	1E-30	1E-10	1E10	1E-30	1E-10	1E10	1E-30	1E-10	1E10	1E-30	1E-10	1E10	1E-30	1E-10	1E10	1E-30	1E-10	1E10	1E-30	1E-10	1E10	1E-30	1E-10	1E10	1E-30	1E-10	1E10	1E-30	1E-10
259	4.7E-12	1E10	1E10	1E-30	9.51225104078179E-11	1E10	1E-30	1E10	0.159	1E-30	5.26600812663114E-12	0.131099607216425	1.24281612407754E-10	3.36214448931376E-12	0.223865178813726	5.14330606376913E-11	1.14858780911428E-12	1.25877004885429	5.37826393555295E-12	4.99808771421757E-12	7.84572889028091	1E10	1E-30	1E-10	1E10	1E-30	1E-10	1E10	1E-30	1E-10	1E10	1E-30	1E-10	1E10	1E-30	1E-10	1E10	1E-30	1E-10	1E10	1E-30	1E-10	1E10	1E-30	1E-10	1E10	1E-30	1E-10	1E10	1E-30	1E-10	1E10	1E-30	1E-10
260	4.7E-12	1E10	1E10	1E-30	9.51225104078179E-11	1E10	1E-30	1E10	0.159	1E-30	5.26600812663114E-12	0.131099607216425	1.24281612407754E-10	3.36214448931376E-12	0.223865178813726	5.14330606376913E-11	1.14858780911428E-12	1.25877004885429	5.37826393555295E-12	4.99808771421757E-12	7.84572889028091	1E10	1E-30	1E-10	1E10	1E-30	1E-10	1E10	1E-30	1E-10	1E10	1E-30	1E-10	1E10	1E-30	1E-10	1E10	1E-30	1E-10	1E10	1E-30	1E-10	1E10	1E-30	1E-10	1E10	1E-30	1E-10	1E10	1E-30	1E-10	1E10	1E-30	1E-10
261	4.8E-12	1E10	1E10	1E-30	9.51225104078179E-11	1E10	1E-30	1E10	0.159	1E-30	5.26600812663114E-12	0.131099607216425	1.24281612407754E-10	3.36214448931376E-12	0.223865178813726	5.14330606376913E-11	1.14858780911428E-12	1.25877004885429	5.37826393555295E-12	4.99808771421757E-12	7.84572889028091	1E10	1E-30	1E-10	1E10	1E-30	1E-10	1E10	1E-30	1E-10	1E10	1E-30	1E-10	1E10	1E-30	1E-10	1E10	1E-30	1E-10	1E10	1E-30	1E-10	1E10	1E-30	1E-10	1E10	1E-30	1E-10	1E10	1E-30	1E-10	1E10	1E-30	1E-10
262	4.8E-12	1E10	1E10	1E-30	9.51225104078179E-11	1E10	1E-30	1E10	0.159	1E-30	5.26600812663114E-12	0.131099607216425	1.24281612407754E-10	3.36214448931376E-12	0.223865178813726	5.14330606376913E-11	1.14858780911428E-12	1.25877004885429	5.37826393555295E-12	4.99808771421757E-12	7.84572889028091	1E10	1E-30	1E-10	1E10	1E-30	1E-10	1E10	1E-30	1E-10	1E10	1E-30	1E-10	1E10	1E-30	1E-10	1E10	1E-30	1E-10	1E10	1E-30	1E-10	1E10	1E-30	1E-10	1E10	1E-30	1E-10	1E10	1E-30	1E-10	1E10	1E-30	1E-10
263	4.8E-12	1E10	1E10	1E-30	9.51225104078179E-11	1E10	1E-30	1E10	0.159	1E-30	5.26600812663114E-12	0.131099607216425	1.24281612407754E-10	3.36214448931376E-12	0.223865178813726	5.14330606376913E-11	1.14858780911428E-12	1.25877004885429	5.37826393555295E-12	4.99808771421757E-12	7.84572889028091	1E10	1E-30	1E-10	1E10	1E-30	1E-10	1E10	1E-30	1E-10	1E10	1E-30	1E-10	1E10	1E-30	1E-10	1E10	1E-30	1E-10	1E10	1E-30	1E-10	1E10	1E-30	1E-10	1E10	1E-30	1E-10	1E10	1E-30	1E-10	1E10	1E-30	1E-10
264	4.8E-12	1E10	1E10	1E-30	9.51225104078179E-11	1E10	1E-30	1E10	0.159	1E-30	5.26600812663114E-12	0.131099607216425	1.24281612407754E-10	3.36214448931376E-12	0.223865178813726	5.14330606376913E-11	1.14858780911428E-12	1.25877004885429	5.37826393555295E-12	4.99808771421757E-12	7.84572889028091	1E10	1E-30	1E-10	1E10	1E-30	1E-10	1E10	1E-30	1E-10	1E10	1E-30	1E-10	1E10	1E-30	1E-10	1E10	1E-30	1E-10	1E10	1E-30	1E-10	1E10	1E-30	1E-10	1E10	1E-30	1E-10	1E10	1E-30	1E-10	1E10	1E-30	1E-10
265	4.8E-12	1E10	1E10	1E-30	9.51225104078179E-11	1E10	1E-30	1E10	0.159	1E-30	5.26600812663114E-12	0.131099607216425	1.24281612407754E-10	3.36214448931376E-12	0.223865178813726	5.14330606376913E-11	1.14858780911428E-12	1.25877004885429	5.37826393555295E-12	4.99808771421757E-12	7.84572889028091	1E10	1E-30	1E-10	1E10	1E-30	1E-10	1E10	1E-30	1E-10	1E10	1E-30	1E-10	1E10	1E-30	1E-10	1E10	1E-30	1E-10	1E10	1E-30	1E-10	1E10	1E-30	1E-10	1E10	1E-30	1E-10	1E10	1E-30	1E-10	1E10	1E-30	1E-10
266	4.8E-12	1E10	1E10	1E-30	9.51225104078179E-11	1E10	1E-30	1E10	0.159	1E-30	5.26600812663114E-12	0.131099607216425	1.24281612407754E-10	3.36214448931376E-12	0.223865178813726	5.14330606376913E-11	1.14858780911428E-12	1.25877004885429	5.37826393555295E-12	4.99808771421757E-12	7.84572889028091	1E10	1E-30	1E-10	1E10	1E-30	1E-10	1E10	1E-30	1E-10	1E10	1E-30	1E-10	1E10	1E-30	1E-10	1E10	1E-30	1E-10	1E10	1E-30	1E-10	1E10	1E-30	1E-10	1E10	1E-30	1E-10	1E10	1E-30	1E-10	1E10	1E-30	1E-10
267	4.9E-12	1E10	1E10	1E-30	9.51225104078179E-11	1E10	1E-30	1E10	0.159	1E-30	5.26600812663114E-12	0.131099607216425	1.24281612407754E-10	3.36214448931376E-12	0.223865178813726	5.14330606376913E-11	1.14858780911428E-12	1.25877004885429	5.37826393555295E-12	4.99808771421757E-12	7.84572889028091	1E10	1E-30	1E-10	1E10	1E-30	1E-10	1E10	1E-30	1E-10	1E10	1E-30	1E-10	1E10	1E-30	1E-10	1E10	1E-30	1E-10	1E10	1E-30	1E-10	1E10	1E-30	1E-10	1E10	1E-30	1E-10	1E10	1E-30	1E-10	1E10	1E-30	1E-10
268	4.9E-12	1E10	1E10	1E-30	9.51225104078179E-11	1E10	1E-30	1E10	0.159	1E-30	5.26600812663114E-12	0.131099607216425	1.24281612407754E-10	3.36214448931376E-12	0.223865178813726	5.14330606376913E-11	1.14858780911428E-12	1.25877004885429	5.37826393555295E-12	4.99808771421757E-12	7.84572889028091	1E10	1E-30	1E-10	1E10	1E-30	1E-10	1E10	1E-30	1E-10	1E10	1E-30	1E-10	1E10	1E-30	1E-10	1E10	1E-30	1E-10	1E10	1E-30	1E-10	1E10	1E-30	1E-10	1E10	1E-30	1E-10	1E10	1E-30	1E-10	1E10	1E-30	1E-10
269	4.9E-12	1E10	1E10	1E-30	9.51225104078179E-11	1E10	1E-30	1E10	0.159	1E-30	5.26600812663114E-12	0.131099607216425	1.24281612407754E-10	3.36214448931376E-12	0.223865178813726	5.14330606376913E-11	1.14858780911428E-12	1.25877004885429	5.37826393555295E-12	4.99808771421757E-12	7.84572889028091	1E10	1E-30	1E-10	1E10	1E-30	1E-10	1E10	1E-30	1E-10	1E10	1E-30	1E-10	1E10	1E-30	1E-10	1E10	1E-30	1E-10	1E10	1E-30	1E-10	1E10	1E-30	1E-10	1E10	1E-30	1E-10	1E10	1E-30	1E-10	1E10	1E-30	1E-10
270	4.9E-12	1E10	1E10	1E-30	9.51225104078179E-11	1E10	1E-30	1E10	0.159	1E-30	5.26600812663114E-12	0.131099607216425	1.24281612407754E-10	3.36214448931376E-12	0.223865178813726	5.14330606376913E-11	1.14858780911428E-12	1.25877004885429	5.37826393555295E-12	4.99808771421757E-12	7.84572889028091	1E10	1E-30	1E-10	1E10	1E-30	1E-10	1E10	1E-30	1E-10	1E10	1E-30	1E-10	1E10	1E-30	1E-10	1E10	1E-30	1E-10	1E10	1E-30	1E-10	1E10	1E-30	1E-10	1E10	1E-30	1E-10	1E10	1E-30	1E-10	1E10	1E-30	1E-10
271	4.9E-12	1E10	1E10	1E-30	9.51225104078179E-11	1E10	1E-30	1E10	0.159	1E-30	5.26600812663114E-12	0.131099607216425	1.24281612407754E-10	3.36214448931376E-12	0.223865178813726	5.14330606376913E-11	1.14858780911428E-12	1.25877004885429	5.37826393555295E-12	4.99808771421757E-12	7.84572889028091	1E10	1E-30	1E-10	1E10	1E-30	1E-10	1E10	1E-30	1E-10	1E10	1E-30	1E-10	1E10	1E-30	1E-10	1E10	1E-30	1E-10	1E10	1E-30	1E-10	1E10	1E-30	1E-10	1E10	1E-30	1E-10	1E10	1E-30	1E-10	1E10	1E-30	1E-10
272	4.9E-12	1E10	1E10	1E-30	9.51225104078179E-11	1E10	1E-30	1E10	0.159	1E-30	5.26600812663114E-12	0.131099607216425	1.24281612407754E-10	3.36214448931376E-12	0.223865178813726	5.14330606376913E-11	1.14858780911428E-12	1.25877004885429	5.37826393555295E-12	4.99808771421757E-12	7.84572889028091	1E10	1E-30	1E-10	1E10	1E-30	1E-10	1E10	1E-30	1E-10	1E10	1E-30	1E-10	1E10	1E-30	1E-10	1E10	1E-30	1E-10	1E10	1E-30	1E-10	1E10	1E-30	1E-10	1E10	1E-30	1E-10	1E10	1E-30	1E-10	1E10	1E-30	1E-10
273	5E-12	1E10	1E10	1E-30	1.05403838840696E-10	1E10	1E-30	1E10	0.155	1E-30	7.44486393312067E-12	3.76921430198013	6.61773897982197E-11	6.91904770994266E-12	0.299175346490945	1.36641597267835E-10	4.07951054174331E-13	0.599520031447816	5.67653893482196E-12	3.92543825809523E-12	5.61384347259102	1E10	1E-30	1E-10	1E10	1E-30	1E-10	1E10	1E-30	1E-10	1E10	1E-30	1E-10	1E10	1E-30	1E-10	1E10	1E-30	1E-10	1E10	1E-30	1E-10	1E10	1E-30	1E-10	1E10	1E-30	1E-10	1E10	1E-30	1E-10	1E10	1E-30	1E-10
274	5E-12	1E10	1E10	1E-30	1.05403838840696E-10	1E10	1E-30	1E10	0.155	1E-30	7.44486393312067E-12	3.76921430198013	6.61773897982197E-11	6.91904770994266E-12	0.299175346490945	1.36641597267835E-10	4.07951054174331E-13	0.599520031447816	5.67653893482196E-12	3.92543825809523E-12	5.61384347259102	1E10	1E-30	1E-10	1E10	1E-30	1E-10	1E10	1E-30	1E-10	1E10	1E-30	1E-10	1E10	1E-30	1E-10	1E10	1E-30	1E-10	1E10	1E-30	1E-10	1E10	1E-30	1E-10	1E10	1E-30	1E-10	1E10	1E-30	1E-10	1E10	1E-30	1E-10
275	5E-12	1E10	1E10	1E-30	1.05403838840696E-10	1E10	1E-30	1E10	0.155	1E-30	7.44486393312067E-12	3.76921430198013	6.61773897982197E-11	6.91904770994266E-12	0.299175346490945	1.36641597267835E-10	4.07951054174331E-13	0.599520031447816	5.67653893482196E-12	3.92543825809523E-12	5.61384347259102	1E10	1E-30	1E-10	1E10	1E-30	1E-10	1E10	1E-30	1E-10	1E10	1E-30	1E-10	1E10	1E-30	1E-10	1E10	1E-30	1E-10	1E10	1E-30	1E-10	1E10	1E-30	1E-10	1E10	1E-30	1E-10	1E10	1E-30	1E-10	1E10	1E-30	1E-10
276	5E-12	1E10	1E10	1E-30	1.05403838840696E-10	1E10	1E-30	1E10	0.155	1E-30	7.44486393312067E-12	3.76921430198013	6.61773897982197E-11	6.91904770994266E-12	0.299175346490945	1.36641597267835E-10	4.07951054174331E-13	0.599520031447816	5.67653893482196E-12	3.92543825809523E-12	5.61384347259102	1E10	1E-30	1E-10	1E10	1E-30	1E-10	1E10	1E-30	1E-10	1E10	1E-30	1E-10	1E10	1E-30	1E-10	1E10	1E-30	1E-10	1E10	1E-30	1E-10	1E10	1E-30	1E-10	1E10	1E-30	1E-10	1E10	1E-30	1E-10	1E10	1E-30	1E-10
277	5E-12	1E10	1E10	1E-30	1.05403838840696E-10	1E10	1E-30	1E10	0.155	1E-30	7.44486393312067E-12	3.76921430198013	6.61773897982197E-11	6.91904770994266E-12	0.299175346490945	1.36641597267835E-10	4.07951054174331E-13	0.599520031447816	5.67653893482196E-12	3.92543825809523E-12	5.61384347259102	1E10	1E-30	1E-10	1E10	1E-30	1E-10	1E10	1E-30	1E-10	1E10	1E-30	1E-10	1E10	1E-30	1E-10	1E10	1E-30	1E-10	1E10	1E-30	1E-10	1E10	1E-30	1E-10	1E10	1E-30	1E-10	1E10	1E-30	1E-10	1E10	1E-30	1E-10
278	5E-12	1E10	1E10	1E-30	1.05403838840696E-10	1E10	1E-30	1E10	0.155	1E-30	7.44486393312067E-12	3.76921430198013	6.61773897982197E-11	6.91904770994266E-12	0.299175346490945	1.36641597267835E-10	4.07951054174331E-13	0.599520031447816	5.67653893482196E-12	3.92543825809523E-12	5.61384347259102	1E10	1E-30	1E-10	1E10	1E-30	1E-10	1E10	1E-30	1E-10	1E10	1E-30	1E-10	1E10	1E-30	1E-10	1E10	1E-30	1E-10	1E10	1E-30	1E-10	1E10	1E-30	1E-10	1E10	1E-30	1E-10	1E10	1E-30	1E-10	1E10	1E-30	1E-10
279	5.1E-12	1E10	1E10	1E-30	1.05403838840696E-10	1E10	1E-30	1E10	0.155	1E-30	7.44486393312067E-12	3.76921430198013	6.61773897982197E-11	6.91904770994266E-12	0.299175346490945	1.36641597267835E-10	4.07951054174331E-13	0.599520031447816	5.67653893482196E-12	3.92543825809523E-12	5.61384347259102	1E10	1E-30	1E-10	1E10	1E-30	1E-10	1E10	1E-30	1E-10	1E10	1E-30	1E-10	1E10	1E-30	1E-10	1E10	1E-30	1E-10	1E10	1E-30	1E-10	1E10	1E-30	1E-10	1E10	1E-30	1E-10	1E10	1E-30	1E-10	1E10	1E-30	1E-10
280	5.1E-12	1E10	1E10	1E-30	1.05403838840696E-10	1E10	1E-30	1E10	0.155	1E-30	7.44486393312067E-12	3.76921430198013	6.61773897982197E-11	6.91904770994266E-12	0.299175346490945	1.36641597267835E-10	4.07951054174331E-13	0.599520031447816	5.67653893482196E-12	3.92543825809523E-12	5.61384347259102	1E10	1E-30	1E-10	1E10	1E-30	1E-10	1E10	1E-30	1E-10	1E10	1E-30	1E-10	1E10	1E-30	1E-10	1E10	1E-30	1E-10	1E10	1E-30	1E-10	1E10	1E-30	1E-10	1E10	1E-30	1E-10	1E10	1E-30	1E-10	1E10	1E-30	1E-10
281	5.1E-12	1E10	1E10	1E-30	1.05403838840696E-10	1E10	1E-30	1E10	0.155	1E-30	7.44486393312067E-12	3.76921430198013	6.61773897982197E-11	6.91904770994266E-12	0.299175346490945	1.36641597267835E-10	4.07951054174331E-13	0.599520031447816	5.67653893482196E-12	3.92543825809523E-12	5.61384347259102	1E10	1E-30	1E-10	1E10	1E-30	1E-10	1E10	1E-30	1E-10	1E10	1E-30	1E-10	1E10	1E-30	1E-10	1E10	1E-30	1E-10	1E10	1E-30	1E-10	1E10	1E-30	1E-10	1E10	1E-30	1E-10	1E10	1E-30	1E-10	1E10	1E-30	1E-10
282	5.1E-12	1E10	1E10	1E-30	1.05403838840696E-10	1E10	1E-30	1E10	0.155	1E-30	7.44486393312067E-12	3.76921430198013	6.61773897982197E-11	6.91904770994266E-12	0.299175346490945	1.36641597267835E-10	4.07951054174331E-13	0.599520031447816	5.67653893482196E-12	3.92543825809523E-12	5.61384347259102	1E10	1E-30	1E-10	1E10	1E-30	1E-10	1E10	1E-30	1E-10	1E10	1E-30	1E-10	1E10	1E-30	1E-10	1E10	1E-30	1E-10	1E10	1E-30	1E-10	1E10	1E-30	1E-10	1E10	1E-30	1E-10	1E10	1E-30	1E-10	1E10	1E-30	1E-10
283	5.1E-12	1E10	1E10	1E-30	1.05403838840696E-10	1E10	1E-30	1E10	0.155	1E-30	7.44486393312067E-12	3.76921430198013	6.61773897982197E-11	6.91904770994266E-12	0.299175346490945	1.36641597267835E-10	4.07951054174331E-13	0.599520031447816	5.67653893482196E-12	3.92543825809523E-12	5.61384347259102	1E10	1E-30	1E-10	1E10	1E-30	1E-10	1E10	1E-30	1E-10	1E10	1E-30	1E-10	1E10	1E-30	1E-10	1E10	1E-30	1E-10	1E10	1E-30	1E-10	1E10	1E-30	1E-10	1E10	1E-30	1E-10	1E10	1E-30	1E-10	1E10	1E-30	1E-10
284	5.1E-12	1E10	1E10	1E-30	1.05403838840696E-10	1E10	1E-30	1E10	0.155	1E-30	7.44486393312067E-12	3.76921430198013	6.61773897982197E-11	6.91904770994266E-12	0.299175346490945	1.36641597267835E-10	4.07951054174331E-13	0.599520031447816	5.67653893482196E-12	3.92543825809523E-12	5.61384347259102	1E10	1E-30	1E-10	1E10	1E-30	1E-10	1E10	1E-30	1E-10	1E10	1E-30	1E-10	1E10	1E-30	1E-10	1E10	1E-30	1E-10	1E10	1E-30	1E-10	1E10	1E-30	1E-10	1E10	1E-30	1E-10	1E10	1E-30	1E-10	1E10	1E-30	1E-10
285	5.1E-12	1E10	1E10	1E-30	1.05403838840696E-10	1E10	1E-30	1E10	0.155	1E-30	7.44486393312067E-12	3.76921430198013	6.61773897982197E-11	6.91904770994266E-12	0.299175346490945	1.36641597267835E-10	4.07951054174331E-13	0.599520031447816	5.67653893482196E-12	3.92543825809523E-12	5.61384347259102	1E10	1E-30	1E-10	1E10	1E-30	1E-10	1E10	1E-30	1E-10	1E10	1E-30	1E-10	1E10	1E-30	1E-10	1E10	1E-30	1E-10	1E10	1E-30	1E-10	1E10	1E-30	1E-10	1E10	1E-30	1E-10	1E10	1E-30	1E-10	1E10	1E-30	1E-10
286	5.1E-12	1E10	1E10	1E-30	1.05403838840696E-10	1E10	1E-30	1E10	0.155	1E-30	7.44486393312067E-12	3.76921430198013	6.61773897982197E-11	6.91904770994266E-12	0.299175346490945	1.36641597267835E-10	4.07951054174331E-13	0.599520031447816	5.67653893482196E-12	3.92543825809523E-12	5.61384347259102	1E10	1E-30	1E-10	1E10	1E-30	1E-10	1E10	1E-30	1E-10	1E10	1E-30	1E-10	1E10	1E-30	1E-10	1E10	1E-30	1E-10	1E10	1E-30	1E-10	1E10	1E-30	1E-10	1E10	1E-30	1E-10	1E10	1E-30	1E-10	1E10	1E-30	1E-10
287	5.2E-12	1E10	1E10	1E-30	1.13666750988497E-10	1E10	1E-30	1E10	0.155	1E-30	1.80602420316469E-12	0.403719571434975	1E-30	1.6742117368078E-11	0.222480148247541	3.27774646493809E-10	1.47033791737965E-12	0.110520839121555	1.41781284957006E-10	4.09790505588673E-13	0.591130862256355	8.04458098968768E-12	2.92369274728246E-12	3.93442608339689	1E10	1E-30	1E-10	1E10	1E-30	1E-10	1E10	1E-30	1E-10	1E10	1E-30	1E-10	1E10	1E-30	1E-10	1E10	1E-30	1E-10	1E10	1E-30	1E-10	1E10	1E-30	1E-10	1E10	1E-30	1E-10	1E10	1E-30	1E-10
288	5.2E-12	1E10	1E10	1E-30	1.13666750988497E-10	1E10	1E-30	1E10	0.155	1E-30	1.80602420316469E-12	0.403719571434975	1E-30	1.6742117368078E-11	0.222480148247541	3.27774646493809E-10	1.47033791737965E-12	0.110520839121555	1.41781284957006E-10	4.09790505588673E-13	0.591130862256355	8.04458098968768E-12	2.92369274728246E-12	3.93442608339689	1E10	1E-30	1E-10	1E10	1E-30	1E-10	1E10	1E-30	1E-10	1E10	1E-30	1E-10	1E10	1E-30	1E-10	1E10	1E-30	1E-10	1E10	1E-30	1E-10	1E10	1E-30	1E-10	1E10	1E-30	1E-10	1E10	1E-30	1E-10
289	5.2E-12	1E10	1E10	1E-30	1.13666750988497E-10	1E10	1E-30	1E10	0.155	1E-30	1.80602420316469E-12	0.403719571434975	1E-30	1.6742117368078E-11	0.222480148247541	3.27774646493809E-10	1.47033791737965E-12	0.110520839121555	1.41781284957006E-10	4.09790505588673E-13	0.591130862256355	8.04458098968768E-12	2.92369274728246E-12	3.93442608339689	1E10	1E-30	1E-10	1E10	1E-30	1E-10	1E10	1E-30	1E-10	1E10	1E-30	1E-10	1E10	1E-30	1E-10	1E10	1E-30	1E-10	1E10	1E-30	1E-10	1E10	1E-30	1E-10	1E10	1E-30	1E-10	1E10	1E-30	1E-10
290	5.2E-12	1E10	1E10	1E-30	1.13666750988497E-10	1E10	1E-30	1E10	0.155	1E-30	1.80602420316469E-12	0.403719571434975	1E-30	1.6742117368078E-11	0.222480148247541	3.27774646493809E-10	1.47033791737965E-12	0.110520839121555	1.41781284957006E-10	4.09790505588673E-13	0.591130862256355	8.04458098968768E-12	2.92369274728246E-12	3.93442608339689	1E10	1E-30	1E-10	1E10	1E-30	1E-10	1E10	1E-30	1E-10	1E10	1E-30	1E-10	1E10	1E-30	1E-10	1E10	1E-30	1E-10	1E10	1E-30	1E-10	1E10	1E-30	1E-10	1E10	1E-30	1E-10	1E10	1E-30	1E-10
291	5.2E-12	1E10	1E10	1E-30	1.13666750988497E-10	1E10	1E-30	1E10	0.155	1E-30	1.80602420316469E-12	0.403719571434975	1E-30	1.6742117368078E-11	0.222480148247541	3.27774646493809E-10	1.47033791737965E-12	0.110520839121555	1.41781284957006E-10	4.09790505588673E-13	0.591130862256355	8.04458098968768E-12	2.92369274728246E-12	3.93442608339689	1E10	1E-30	1E-10	1E10	1E-30	1E-10	1E10	1E-30	1E-10	1E10	1E-30	1E-10	1E10	1E-30	1E-10	1E10	1E-30	1E-10	1E10	1E-30	1E-10	1E10	1E-30	1E-10	1E10	1E-30	1E-10	1E10	1E-30	1E-10
292	5.2E-12	1E10	1E10	1E-30	1.13666750988497E-10	1E10	1E-30	1E10	0.155	1E-30	1.80602420316469E-12	0.403719571434975	1E-30	1.6742117368078E-11	0.222480148247541	3.27774646493809E-10	1.47033791737965E-12	0.110520839121555	1.41781284957006E-10	4.09790505588673E-13	0.591130862256355	8.04458098968768E-12	2.92369274728246E-12	3.93442608339689	1E10	1E-30	1E-10	1E10	1E-30	1E-10	1E10	1E-30	1E-10	1E10	1E-30	1E-10	1E10	1E-30	1E-10	1E10	1E-30	1E-10	1E10	1E-30	1E-10	1E10	1E-30	1E-10	1E10	1E-30	1E-10	1E10	1E-30	1E-10
293	5.2E-12	1E10	1E10	1E-30	1.13666750988497E-10	1E10	1E-30	1E10	0.155	1E-30	1.80602420316469E-12	0.403719571434975	1E-30	1.6742117368078E-11	0.222480148247541	3.27774646493809E-10	1.47033791737965E-12	0.110520839121555	1.41781284957006E-10	4.09790505588673E-13	0.591130862256355	8.04458098968768E-12	2.92369274728246E-12	3.93442608339689	1E10	1E-30	1E-10	1E10	1E-30	1E-10	1E10	1E-30	1E-10	1E10	1E-30	1E-10	1E10	1E-30	1E-10	1E10	1E-30	1E-10	1E10	1E-30	1E-10	1E10	1E-30	1E-10	1E10	1E-30	1E-10	1E10	1E-30	1E-10
294	5.2E-12	1E10	1E10	1E-30	1.13666750988497E-10	1E10	1E-30	1E10	0.155	1E-30	1.80602420316469E-12	0.403719571434975	1E-30	1.6742117368078E-11	0.222480148247541	3.27774646493809E-10	1.47033791737965E-12	0.110520839121555	1.41781284957006E-10	4.09790505588673E-13	0.591130862256355	8.04458098968768E-12	2.92369274728246E-12	3.93442608339689	1E10	1E-30	1E-10	1E10	1E-30	1E-10	1E10	1E-30	1E-10	1E10	1E-30	1E-10	1E10	1E-30	1E-10	1E10	1E-30	1E-10	1E10	1E-30	1E-10	1E10	1E-30	1E-10	1E10	1E-30	1E-10	1E10	1E-30	1E-10
295	5.3E-12	1E10	1E10	1E-30	1.13666750988497E-10	1E10	1E-30	1E10	0.155	1E-30	1.80602420316469E-12	0.403719571434975	1E-30	1.6742117368078E-11	0.222480148247541	3.27774646493809E-10	1.47033791737965E-12	0.110520839121555	1.41781284957006E-10	4.09790505588673E-13	0.591130862256355	8.04458098968768E-12	2.92369274728246E-12	3.93442608339689	1E10	1E-30	1E-10	1E10	1E-30	1E-10	1E10	1E-30	1E-10	1E10	1E-30	1E-10	1E10	1E-30	1E-10	1E10	1E-30	1E-10	1E10	1E-30	1E-10	1E10	1E-30	1E-10	1E10	1E-30	1E-10	1E10	1E-30	1E-10
296	5.3E-12	1E10	1E10	1E-30	1.13666750988497E-10	1E10	1E-30	1E10	0.155	1E-30	1.80602420316469E-12	0.403719571434975	1E-30	1.6742117368078E-11	0.222480148247541	3.27774646493809E-10	1.47033791737965E-12	0.110520839121555	1.41781284957006E-10	4.09790505588673E-13	0.591130862256355	8.04458098968768E-12	2.92369274728246E-12	3.93442608339689	1E10	1E-30	1E-10	1E10	1E-30	1E-10	1E10	1E-30	1E-10	1E10	1E-30	1E-10	1E10	1E-30	1E-10	1E10	1E-30	1E-10	1E10	1E-30	1E-10	1E10	1E-30	1E-10	1E10	1E-30	1E-10	1E10	1E-30	1E-10
297	5.3E-12	1E10	1E10	1E-30	1.13666750988497E-10	1E10	1E-30	1E10	0.155	1E-30	1.80602420316469E-12	0.403719571434975	1E-30	1.6742117368078E-11	0.222480148247541	3.27774646493809E-10	1.47033791737965E-12	0.110520839121555	1.41781284957006E-10	4.09790505588673E-13	0.591130862256355	8.04458098968768E-12	2.92369274728246E-12	3.93442608339689	1E10	1E-30	1E-10	1E10	1E-30	1E-10	1E10	1E-30	1E-10	1E10	1E-30	1E-10	1E10	1E-30	1E-10	1E10	1E-30	1E-10	1E10	1E-30	1E-10	1E10	1E-30	1E-10	1E10	1E-30	1E-10	1E10	1E-30	1E-10
298	5.3E-12	1E10	1E10	1E-30	1.13666750988497E-10	1E10	1E-30	1E10	0.155	1E-30	1.80602420316469E-12	0.403719571434975	1E-30	1.6742117368078E-11	0.222480148247541	3.27774646493809E-10	1.47033791737965E-12	0.110520839121555	1.41781284957006E-10	4.09790505588673E-13	0.591130862256355	8.04458098968768E-12	2.92369274728246E-12	3.93442608339689	1E10	1E-30	1E-10	1E10	1E-30	1E-10	1E10	1E-30	1E-10	1E10	1E-30	1E-10	1E10	1E-30	1E-10	1E10	1E-30	1E-10	1E10	1E-30	1E-10	1E10	1E-30	1E-10	1E10	1E-30	1E-10	1E10	1E-30	1E-10
299	5.3E-12	1E10	1E10	1E-30	1.13666750988497E-10	1E10	1E-30	1E10	0.155	1E-30	1.80602420316469E-12	0.403719571434975	1E-30	1.6742117368078E-11	0.222480148247541	3.27774646493809E-10	1.47033791737965E-12	0.110520839121555	1.41781284957006E-10	4.09790505588673E-13	0.591130862256355	8.04458098968768E-12	2.92369274728246E-12	3.93442608339689	1E10	1E-30	1E-10	1E10	1E-30	1E-10	1E10	1E-30	1E-10	1E10	1E-30	1E-10	1E10	1E-30	1E-10	1E10	1E-30	1E-10	1E10	1E-30	1E-10	1E10	1E-30	1E-10	1E10	1E-30	1E-10	1E10	1E-30	1E-10
300	5.3E-12	1E10	1E10	1E-30	1.13666750988497E-10	1E10	1E-30	1E10	0.155	1E-30	1.80602420316469E-12	0.403719571434975	1E-30	1.6742117368078E-11	0.222480148247541	3.27774646493809E-10	1.47033791737965E-12	0.110520839121555	1.41781284957006E-10	4.09790505588673E-13	0.591130862256355	8.04458098968768E-12	2.92369274728246E-12	3.93442608339689	1E10	1E-30	1E-10	1E10	1E-30	1E-10	1E10	1E-30	1E-10	1E10	1E-30	1E-10	1E10	1E-30	1E-10	1E10	1E-30	1E-10	1E10	1E-30	1E-10	1E10	1E-30	1E-10	1E10	1E-30	1E-10	1E10	1E-30	1E-10
301	5.3E-12	1E10	1E10	1E-30	1.13666750988497E-10	1E10	1E-30	1E10	0.155	1E-30	1.80602420316469E-12	0.403719571434975	1E-30	1.6742117368078E-11	0.222480148247541	3.27774646493809E-10	1.47033791737965E-12	0.110520839121555	1.41781284957006E-10	4.09790505588673E-13	0.591130862256355	8.04458098968768E-12	2.92369274728246E-12	3.93442608339689	1E10	1E-30	1E-10	1E10	1E-30	1E-10	1E10	1E-30	1E-10	1E10	1E-30	1E-10	1E10	1E-30	1E-10	1E10	1E-30	1E-10	1E10	1E-30	1E-10	1E10	1E-30	1E-10	1E10	1E-30	1E-10	1E10	1E-30	1E-10
302	5.3E-12	1E10	1E10	1E-30	1.13666750988497E-10	1E10	1E-30	1E10	0.155	1E-30	1.80602420316469E-12	0.403719571434975	1E-30	1.6742117368078E-11	0.222480148247541	3.27774646493809E-10	1.47033791737965E-12	0.110520839121555	1.41781284957006E-10	4.09790505588673E-13	0.591130862256355	8.04458098968768E-12	2.92369274728246E-12	3.93442608339689	1E10	1E-30	1E-10	1E10	1E-30	1E-10	1E10	1E-30	1E-10	1E10	1E-30	1E-10	1E10	1E-30	1E-10	1E10	1E-30	1E-10	1E10	1E-30	1E-10	1E10	1E-30	1E-10	1E10	1E-30	1E-10	1E10	1E-30	1E-10
303	5.4E-12	1E10	1E10	1E-30	1.02288269202851E-10	1E10	1E-30	1E10	0.152	1E-30	1.22400322106705E-11	6.2831902615047	7.9952198997382E-11	5.83757702373685E-12	0.290175723898104	1.10999148461769E-10	5.68375795674564E-13	0.577012461934166	9.59952027946144E-12	2.70490645600295E-12	4.11858799041089	1E10	1E-30	1E-10	1E10	1E-30	1E-10	1E10	1E-30	1E-10	1E10	1E-30	1E-10	1E10	1E-30	1E-10	1E10	1E-30	1E-10	1E10	1E-30	1E-10	1E10	1E-30	1E-10	1E10	1E-30	1E-10	1E10	1E-30	1E-10	1E10	1E-30	1E-10
304	5.4E-12	1E10	1E10	1E-30	1.02288269202851E-10	1E10	1E-30	1E10	0.152	1E-30	1.22400322106705E-11	6.2831902615047	7.9952198997382E-11	5.83757702373685E-12	0.290175723898104	1.10999148461769E-10	5.68375795674564E-13	0.577012461934166	9.59952027946144E-12	2.70490645600295E-12	4.11858799041089	1E10	1E-30	1E-10	1E10	1E-30	1E-10	1E10	1E-30	1E-10	1E10	1E-30	1E-10	1E10	1E-30	1E-10	1E10	1E-30	1E-10	1E10	1E-30	1E-10	1E10	1E-30	1E-10	1E10	1E-30	1E-10	1E10	1E-30	1E-10	1E10	1E-30	1E-10
305	5.4E-12	1E10	1E10	1E-30	1.02288269202851E-10	1E10	1E-30	1E10	0.152	1E-30	1.22400322106705E-11	6.2831902615047	7.9952198997382E-11	5.83757702373685E-12	0.290175723898104	1.10999148461769E-10	5.68375795674564E-13	0.577012461934166	9.59952027946144E-12	2.70490645600295E-12	4.11858799041089	1E10	1E-30	1E-10	1E10	1E-30	1E-10	1E10	1E-30	1E-10	1E10	1E-30	1E-10	1E10	1E-30	1E-10	1E10	1E-30	1E-10	1E10	1E-30	1E-10	1E10	1E-30	1E-10	1E10	1E-30	1E-10	1E10	1E-30	1E-10	1E10	1E-30	1E-10
306	5.4E-12	1E10	1E10	1E-30	1.02288269202851E-10	1E10	1E-30	1E10	0.152	1E-30	1.22400322106705E-11	6.2831902615047	7.9952198997382E-11	5.83757702373685E-12	0.290175723898104	1.10999148461769E-10	5.68375795674564E-13	0.577012461934166	9.59952027946144E-12	2.70490645600295E-12	4.11858799041089	1E10	1E-30	1E-10	1E10	1E-30	1E-10	1E10	1E-30	1E-10	1E10	1E-30	1E-10	1E10	1E-30	1E-10	1E10	1E-30	1E-10	1E10	1E-30	1E-10	1E10	1E-30	1E-10	1E10	1E-30	1E-10	1E10	1E-30	1E-10	1E10	1E-30	1E-10
307	5.4E-12	1E10	1E10	1E-30	1.02288269202851E-10	1E10	1E-30	1E10	0.152	1E-30	1.22400322106705E-11	6.2831902615047	7.9952198997382E-11	5.83757702373685E-12	0.290175723898104	1.10999148461769E-10	5.68375795674564E-13	0.577012461934166	9.59952027946144E-12	2.70490645600295E-12	4.11858799041089	1E10	1E-30	1E-10	1E10	1E-30	1E-10	1E10	1E-30	1E-10	1E10	1E-30	1E-10	1E10	1E-30	1E-10	1E10	1E-30	1E-10	1E10	1E-30	1E-10	1E10	1E-30	1E-10	1E10	1E-30	1E-10	1E10	1E-30	1E-10	1E10	1E-30	1E-10
308	5.4E-12	1E10	1E10	1E-30	1.02288269202851E-10	1E10	1E-30	1E10	0.152	1E-30	1.22400322106705E-11	6.2831902615047	7.9952198997382E-11	5.83757702373685E-12	0.290175723898104	1.10999148461769E-10	5.68375795674564E-13	0.577012461934166	9.59952027946144E-12	2.70490645600295E-12	4.11858799041089	1E10	1E-30	1E-10	1E10	1E-30	1E-10	1E10	1E-30	1E-10	1E10	1E-30	1E-10	1E10	1E-30	1E-10	1E10	1E-30	1E-10	1E10	1E-30	1E-10	1E10	1E-30	1E-10	1E10	1E-30	1E-10	1E10	1E-30	1E-10	1E10	1E-30	1E-10
309	5.4E-12	1E10	1E10	1E-30	1.02288269202851E-10	1E10	1E-30	1E10	0.152	1E-30	1.22400322106705E-11	6.2831902615047	7.9952198997382E-11	5.83757702373685E-12	0.290175723898104	1.10999148461769E-10	5.68375795674564E-13	0.577012461934166	9.59952027946144E-12	2.70490645600295E-12	4.11858799041089	1E10	1E-30	1E-10	1E10	1E-30	1E-10	1E10	1E-30	1E-10	1E10	1E-30	1E-10	1E10	1E-30	1E-10	1E10	1E-30	1E-10	1E10	1E-30	1E-10	1E10	1E-30	1E-10	1E10	1E-30	1E-10	1E10	1E-30	1E-10	1E10	1E-30	1E-10
310	5.4E-12	1E10	1E10	1E-30	1.02288269202851E-10	1E10	1E-30	1E10	0.152	1E-30	1.22400322106705E-11	6.2831902615047	7.9952198997382E-11	5.83757702373685E-12	0.290175723898104	1.10999148461769E-10	5.68375795674564E-13	0.577012461934166	9.59952027946144E-12	2.70490645600295E-12	4.11858799041089	1E10	1E-30	1E-10	1E10	1E-30	1E-10	1E10	1E-30	1E-10	1E10	1E-30	1E-10	1E10	1E-30	1E-10	1E10	1E-30	1E-10	1E10	1E-30	1E-10	1E10	1E-30	1E-10	1E10	1E-30	1E-10	1E10	1E-30	1E-10	1E10	1E-30	1E-10
311	5.49999999999999E-12	1E10	1E10	1E-30	1.02288269202851E-10	1E10	1E-30	1E10	0.152	1E-30	1.22400322106705E-11	6.2831902615047	7.9952198997382E-11	5.83757702373685E-12	0.290175723898104	1.10999148461769E-10	5.68375795674564E-13	0.577012461934166	9.59952027946144E-12	2.70490645600295E-12	4.11858799041089	1E10	1E-30	1E-10	1E10	1E-30	1E-10	1E10	1E-30	1E-10	1E10	1E-30	1E-10	1E10	1E-30	1E-10	1E10	1E-30	1E-10	1E10	1E-30	1E-10	1E10	1E-30	1E-10	1E10	1E-30	1E-10	1E10	1E-30	1E-10	1E10	1E-30	1E-10
312	5.49999999999999E-12	1E10	1E10	1E-30	1.02288269202851E-10	1E10	1E-30	1E10	0.152	1E-30	1.22400322106705E-11	6.2831902615047	7.9952198997382E-11	5.83757702373685E-12	0.290175723898104	1.10999148461769E-10	5.68375795674564E-13	0.577012461934166	9.59952027946144E-12	2.70490645600295E-12	4.11858799041089	1E10	1E-30	1E-10	1E10	1E-30	1E-10	1E10	1E-30	1E-10	1E10	1E-30	1E-10	1E10	1E-30	1E-10	1E10	1E-30	1E-10	1E10	1E-30	1E-10	1E10	1E-30	1E-10	1E10	1E-30	1E-10	1E10	1E-30	1E-10	1E10	1E-30	1E-10
313	5.49999999999999E-12	1E10	1E10	1E-30	1.02288269202851E-10	1E10	1E-30	1E10	0.152	1E-30	1.22400322106705E-11	6.2831902615047	7.9952198997382E-11	5.83757702373685E-12	0.290175723898104	1.10999148461769E-10	5.68375795674564E-13	0.577012461934166	9.59952027946144E-12	2.70490645600295E-12	4.11858799041089	1E10	1E-30	1E-10	1E10	1E-30	1E-10	1E10	1E-30	1E-10	1E10	1E-30	1E-10	1E10	1E-30	1E-10	1E10	1E-30	1E-10	1E10	1E-30	1E-10	1E10	1E-30	1E-10	1E10	1E-30	1E-10	1E10	1E-30	1E-10	1E10	1E-30	1E-10
314	5.49999999999999E-12	1E10	1E10	1E-30	1.02288269202851E-10	1E10	1E-30	1E10	0.152	1E-30	1.22400322106705E-11	6.2831902615047	7.9952198997382E-11	5.83757702373685E-12	0.290175723898104	1.10999148461769E-10	5.68375795674564E-13	0.577012461934166	9.59952027946144E-12	2.70490645600295E-12	4.11858799041089	1E10	1E-30	1E-10	1E10	1E-30	1E-10	1E10	1E-30	1E-10	1E10	1E-30	1E-10	1E10	1E-30	1E-10	1E10	1E-30	1E-10	1E10	1E-30	1E-10	1E10	1E-30	1E-10	1E10	1E-30	1E-10	1E10	1E-30	1E-10	1E10	1E-30	1E-10
315	5.49999999999999E-12	1E10	1E10	1E-30	1.02288269202851E-10	1E10	1E-30	1E10	0.152	1E-30	1.22400322106705E-11	6.2831902615047	7.9952198997382E-11	5.83757702373685E-12	0.290175723898104	1.10999148461769E-10	5.68375795674564E-13	0.577012461934166	9.59952027946144E-12	2.70490645600295E-12	4.11858799041089	1E10	1E-30	1E-10	1E10	1E-30	1E-10	1E10	1E-30	1E-10	1E10	1E-30	1E-10	1E10	1E-30	1E-10	1E10	1E-30	1E-10	1E10	1E-30	1E-10	1E10	1E-30	1E-10	1E10	1E-30	1E-10	1E10	1E-30	1E-10	1E10	1E-30	1E-10
316	5.49999999999999E-12	1E10	1E10	1E-30	1.02288269202851E-10	1E10	1E-30	1E10	0.152	1E-30	1.22400322106705E-11	6.2831902615047	7.9952198997382E-11	5.83757702373685E-12	0.290175723898104	1.10999148461769E-10	5.68375795674564E-13	0.577012461934166	9.59952027946144E-12	2.70490645600295E-12	4.11858799041089	1E10	1E-30	1E-10	1E10	1E-30	1E-10	1E10	1E-30	1E-10	1E10	1E-30	1E-10	1E10	1E-30	1E-10	1E10	1E-30	1E-10	1E10	1E-30	1E-10	1E10	1E-30	1E-10	1E10	1E-30	1E-10	1E10	1E-30	1E-10	1E10	1E-30	1E-10
317	5.49999999999999E-12	1E10	1E10	1E-30	1.02288269202851E-10	1E10	1E-30	1E10	0.152	1E-30	1.22400322106705E-11	6.2831902615047	7.9952198997382E-11	5.83757702373685E-12	0.290175723898104	1.10999148461769E-10	5.68375795674564E-13	0.577012461934166	9.59952027946144E-12	2.70490645600295E-12	4.11858799041089	1E10	1E-30	1E-10	1E10	1E-30	1E-10	1E10	1E-30	1E-10	1E10	1E-30	1E-10	1E10	1E-30	1E-10	1E10	1E-30	1E-10	1E10	1E-30	1E-10	1E10	1E-30	1E-10	1E10	1E-30	1E-10	1E10	1E-30	1E-10	1E10	1E-30	1E-10
318	5.49999999999999E-12	1E10	1E10	1E-30	1.02288269202851E-10	1E10	1E-30	1E10	0.152	1E-30	1.22400322106705E-11	6.2831902615047	7.9952198997382E-11	5.83757702373685E-12	0.290175723898104	1.10999148461769E-10	5.68375795674564E-13	0.577012461934166	9.59952027946144E-12	2.70490645600295E-12	4.11858799041089	1E10	1E-30	1E-10	1E10	1E-30	1E-10	1E10	1E-30	1E-10	1E10	1E-30	1E-10	1E10	1E-30	1E-10	1E10	1E-30	1E-10	1E10	1E-30	1E-10	1E10	1E-30	1E-10	1E10	1E-30	1E-10	1E10	1E-30	1E-10	1E10	1E-30	1E-10
319	5.6E-12	1E10	1E10	1E-30	1.02288269202851E-10	1E10	1E-30	1E10	0.152	1E-30	1.22400322106705E-11	6.2831902615047	7.9952198997382E-11	5.83757702373685E-12	0.290175723898104	1.10999148461769E-10	5.68375795674564E-13	0.577012461934166	9.59952027946144E-12	2.70490645600295E-12	4.11858799041089	1E10	1E-30	1E-10	1E10	1E-30	1E-10	1E10	1E-30	1E-10	1E10	1E-30	1E-10	1E10	1E-30	1E-10	1E10	1E-30	1E-10	1E10	1E-30	1E-10	1E10	1E-30	1E-10	1E10	1E-30	1E-10	1E10	1E-30	1E-10	1E10	1E-30	1E-10
320	5.6E-12	1E10	1E10	1E-30	1.02288269202851E-10	1E10	1E-30	1E10	0.152	1E-30	1.22400322106705E-11	6.2831902615047	7.9952198997382E-11	5.83757702373685E-12	0.290175723898104	1.10999148461769E-10	5.68375795674564E-13	0.577012461934166	9.59952027946144E-12	2.70490645600295E-12	4.11858799041089	1E10	1E-30	1E-10	1E10	1E-30	1E-10	1E10	1E-30	1E-10	1E10	1E-30	1E-10	1E10	1E-30	1E-10	1E10	1E-30	1E-10	1E10	1E-30	1E-10	1E10	1E-30	1E-10	1E10	1E-30	1E-10	1E10	1E-30	1E-10	1E10	1E-30	1E-10
321	5.6E-12	1E10	1E10	1E-30	1.02288269202851E-10	1E10	1E-30	1E10	0.152	1E-30	1.22400322106705E-11	6.2831902615047	7.9952198997382E-11	5.83757702373685E-12	0.290175723898104	1.10999148461769E-10	5.68375795674564E-13	0.577012461934166	9.59952027946144E-12	2.70490645600295E-12	4.11858799041089	1E10	1E-30	1E-10	1E10	1E-30	1E-10	1E10	1E-30	1E-10	1E10	1E-30	1E-10	1E10	1E-30	1E-10	1E10	1E-30	1E-10	1E10	1E-30	1E-10	1E10	1E-30	1E-10	1E10	1E-30	1E-10	1E10	1E-30	1E-10	1E10	1E-30	1E-10
322	5.6E-12	1E10	1E10	1E-30	1.02288269202851E-10	1E10	1E-30	1E10	0.152	1E-30	1.22400322106705E-11	6.2831902615047	7.9952198997382E-11	5.83757702373685E-12	0.290175723898104	1.10999148461769E-10	5.68375795674564E-13	0.577012461934166	9.59952027946144E-12	2.70490645600295E-12	4.11858799041089	1E10	1E-30	1E-10	1E10	1E-30	1E-10	1E10	1E-30	1E-10	1E10	1E-30	1E-10	1E10	1E-30	1E-10	1E10	1E-30	1E-10	1E10	1E-30	1E-10	1E10	1E-30	1E-10	1E10	1E-30	1E-10	1E10	1E-30	1E-10	1E10	1E-30	1E-10
323	5.6E-12	1E10	1E10	1E-30	1.02288269202851E-10	1E10	1E-30	1E10	0.152	1E-30	1.22400322106705E-11	6.2831902615047	7.9952198997382E-11	5.83757702373685E-12	0.290175723898104	1.10999148461769E-10	5.68375795674564E-13	0.577012461934166	9.59952027946144E-12	2.70490645600295E-12	4.11858799041089	1E10	1E-30	1E-10	1E10	1E-30	1E-10	1E10	1E-30	1E-10	1E10	1E-30	1E-10	1E10	1E-30	1E-10	1E10	1E-30	1E-10	1E10	1E-30	1E-10	1E10	1E-30	1E-10	1E10	1E-30	1E-10	1E10	1E-30	1E-10	1E10	1E-30	1E-10
324	5.6E-12	1E10	1E10	1E-30	1.02288269202851E-10	1E10	1E-30	1E10	0.152	1E-30	1.22400322106705E-11	6.2831902615047	7.9952198997382E-11	5.83757702373685E-12	0.290175723898104	1.10999148461769E-10	5.68375795674564E-13	0.577012461934166	9.59952027946144E-12	2.70490645600295E-12	4.11858799041089	1E10	1E-30	1E-10	1E10	1E-30	1E-10	1E10	1E-30	1E-10	1E10	1E-30	1E-10	1E10	1E-30	1E-10	1E10	1E-30	1E-10	1E10	1E-30	1E-10	1E10	1E-30	1E-10	1E10	1E-30	1E-10	1E10	1E-30	1E-10	1E10	1E-30	1E-10
325	5.6E-12	1E10	1E10	1E-30	1.02288269202851E-10	1E10	1E-30	1E10	0.152	1E-30	1.22400322106705E-11	6.2831902615047	7.9952198997382E-11	5.83757702373685E-12	0.290175723898104	1.10999148461769E-10	5.68375795674564E-13	0.577012461934166	9.59952027946144E-12	2.70490645600295E-12	4.11858799041089	1E10	1E-30	1E-10	1E10	1E-30	1E-10	1E10	1E-30	1E-10	1E10	1E-30	1E-10	1E10	1E-30	1E-10	1E10	1E-30	1E-10	1E10	1E-30	1E-10	1E10	1E-30	1E-10	1E10	1E-30	1E-10	1E10	1E-30	1E-10	1E10	1E-30	1E-10
326	5.6E-12	1E10	1E10	1E-30	1.02288269202851E-10	1E10	1E-30	1E10	0.152	1E-30	1.22400322106705E-11	6.2831902615047	7.9952198997382E-11	5.83757702373685E-12	0.290175723898104	1.10999148461769E-10	5.68375795674564E-13	0.577012461934166	9.59952027946144E-12	2.70490645600295E-12	4.11858799041089	1E10	1E-30	1E-10	1E10	1E-30	1E-10	1E10	1E-30	1E-10	1E10	1E-30	1E-10	1E10	1E-30	1E-10	1E10	1E-30	1E-10	1E10	1E-30	1E-10	1E10	1E-30	1E-10	1E10	1E-30	1E-10	1E10	1E-30	1E-10	1E10	1E-30	1E-10
327	5.7E-12	1E10	1E10	1E-30	1.14044815998868E-10	1E10	1E-30	1E10	0.145842461446599	1E-30	1.21166020642014E-11	0.201111393757012	1.90384606868703E-10	2.5373076639434E-12	0.15374426569243	8.13470129699833E-11	7.82871294752323E-13	0.712542700089495	8.63403935243441E-12	3.13136254316368E-12	4.36069206413769	1E10	1E-30	1E-10	1E10	1E-30	1E-10	1E10	1E-30	1E-10	1E10	1E-30	1E-10	1E10	1E-30	1E-10	1E10	1E-30	1E-10	1E10	1E-30	1E-10	1E10	1E-30	1E-10	1E10	1E-30	1E-10	1E10	1E-30	1E-10	1E10	1E-30	1E-10
328	5.7E-12	1E10	1E10	1E-30	1.14044815998868E-10	1E10	1E-30	1E10	0.145842461446599	1E-30	1.21166020642014E-11	0.201111393757012	1.90384606868703E-10	2.5373076639434E-12	0.15374426569243	8.13470129699833E-11	7.82871294752323E-13	0.712542700089495	8.63403935243441E-12	3.13136254316368E-12	4.36069206413769	1E10	1E-30	1E-10	1E10	1E-30	1E-10	1E10	1E-30	1E-10	1E10	1E-30	1E-10	1E10	1E-30	1E-10	1E10	1E-30	1E-10	1E10	1E-30	1E-10	1E10	1E-30	1E-10	1E10	1E-30	1E-10	1E10	1E-30	1E-10	1E10	1E-30	1E-10
329	5.7E-12	1E10	1E10	1E-30	1.14044815998868E-10	1E10	1E-30	1E10	0.145842461446599	1E-30	1.21166020642014E-11	0.201111393757012	1.90384606868703E-10	2.5373076639434E-12	0.15374426569243	8.13470129699833E-11	7.82871294752323E-13	0.712542700089495	8.63403935243441E-12	3.13136254316368E-12	4.36069206413769	1E10	1E-30	1E-10	1E10	1E-30	1E-10	1E10	1E-30	1E-10	1E10	1E-30	1E-10	1E10	1E-30	1E-10	1E10	1E-30	1E-10	1E10	1E-30	1E-10	1E10	1E-30	1E-10	1E10	1E-30	1E-10	1E10	1E-30	1E-10	1E10	1E-30	1E-10
330	5.7E-12	1E10	1E10	1E-30	1.14044815998868E-10	1E10	1E-30	1E10	0.145842461446599	1E-30	1.21166020642014E-11	0.201111393757012	1.90384606868703E-10	2.5373076639434E-12	0.15374426569243	8.13470129699833E-11	7.82871294752323E-13	0.712542700089495	8.63403935243441E-12	3.13136254316368E-12	4.36069206413769	1E10	1E-30	1E-10	1E10	1E-30	1E-10	1E10	1E-30	1E-10	1E10	1E-30	1E-10	1E10	1E-30	1E-10	1E10	1E-30	1E-10	1E10	1E-30	1E-10	1E10	1E-30	1E-10	1E10	1E-30	1E-10	1E10	1E-30	1E-10	1E10	1E-30	1E-10
331	5.7E-12	1E10	1E10	1E-30	1.14044815998868E-10	1E10	1E-30	1E10	0.145842461446599	1E-30	1.21166020642014E-11	0.201111393757012	1.90384606868703E-10	2.5373076639434E-12	0.15374426569243	8.13470129699833E-11	7.82871294752323E-13	0.712542700089495	8.63403935243441E-12	3.13136254316368E-12	4.36069206413769	1E10	1E-30	1E-10	1E10	1E-30	1E-10	1E10	1E-30	1E-10	1E10	1E-30	1E-10	1E10	1E-30	1E-10	1E10	1E-30	1E-10	1E10	1E-30	1E-10	1E10	1E-30	1E-10	1E10	1E-30	1E-10	1E10	1E-30	1E-10	1E10	1E-30	1E-10
332	5.7E-12	1E10	1E10	1E-30	1.14044815998868E-10	1E10	1E-30	1E10	0.145842461446599	1E-30	1.21166020642014E-11	0.201111393757012	1.90384606868703E-10	2.5373076639434E-12	0.15374426569243	8.13470129699833E-11	7.82871294752323E-13	0.712542700089495	8.63403935243441E-12	3.13136254316368E-12	4.36069206413769	1E10	1E-30	1E-10	1E10	1E-30	1E-10	1E10	1E-30	1E-10	1E10	1E-30	1E-10	1E10	1E-30	1E-10	1E10	1E-30	1E-10	1E10	1E-30	1E-10	1E10	1E-30	1E-10	1E10	1E-30	1E-10	1E10	1E-30	1E-10	1E10	1E-30	1E-10
333	5.7E-12	1E10	1E10	1E-30	1.14044815998868E-10	1E10	1E-30	1E10	0.145842461446599	1E-30	1.21166020642014E-11	0.201111393757012	1.90384606868703E-10	2.5373076639434E-12	0.15374426569243	8.13470129699833E-11	7.82871294752323E-13	0.712542700089495	8.63403935243441E-12	3.13136254316368E-12	4.36069206413769	1E10	1E-30	1E-10	1E10	1E-30	1E-10	1E10	1E-30	1E-10	1E10	1E-30	1E-10	1E10	1E-30	1E-10	1E10	1E-30	1E-10	1E10	1E-30	1E-10	1E10	1E-30	1E-10	1E10	1E-30	1E-10	1E10	1E-30	1E-10	1E10	1E-30	1E-10
334	5.7E-12	1E10	1E10	1E-30	1.14044815998868E-10	1E10	1E-30	1E10	0.145842461446599	1E-30	1.21166020642014E-11	0.201111393757012	1.90384606868703E-10	2.5373076639434E-12	0.15374426569243	8.13470129699833E-11	7.82871294752323E-13	0.712542700089495	8.63403935243441E-12	3.13136254316368E-12	4.36069206413769	1E10	1E-30	1E-10	1E10	1E-30	1E-10	1E10	1E-30	1E-10	1E10	1E-30	1E-10	1E10	1E-30	1E-10	1E10	1E-30	1E-10	1E10	1E-30	1E-10	1E10	1E-30	1E-10	1E10	1E-30	1E-10	1E10	1E-30	1E-10	1E10	1E-30	1E-10
335	5.8E-12	1E10	1E10	1E-30	1.14044815998868E-10	1E10	1E-30	1E10	0.145842461446599	1E-30	1.21166020642014E-11	0.201111393757012	1.90384606868703E-10	2.5373076639434E-12	0.15374426569243	8.13470129699833E-11	7.82871294752323E-13	0.712542700089495	8.63403935243441E-12	3.13136254316368E-12	4.36069206413769	1E10	1E-30	1E-10	1E10	1E-30	1E-10	1E10	1E-30	1E-10	1E10	1E-30	1E-10	1E10	1E-30	1E-10	1E10	1E-30	1E-10	1E10	1E-30	1E-10	1E10	1E-30	1E-10	1E10	1E-30	1E-10	1E10	1E-30	1E-10	1E10	1E-30	1E-10
336	5.8E-12	1E10	1E10	1E-30	1.14044815998868E-10	1E10	1E-30	1E10	0.145842461446599	1E-30	1.21166020642014E-11	0.201111393757012	1.90384606868703E-10	2.5373076639434E-12	0.15374426569243	8.13470129699833E-11	7.82871294752323E-13	0.712542700089495	8.63403935243441E-12	3.13136254316368E-12	4.36069206413769	1E10	1E-30	1E-10	1E10	1E-30	1E-10	1E10	1E-30	1E-10	1E10	1E-30	1E-10	1E10	1E-30	1E-10	1E10	1E-30	1E-10	1E10	1E-30	1E-10	1E10	1E-30	1E-10	1E10	1E-30	1E-10	1E10	1E-30	1E-10	1E10	1E-30	1E-10
337	5.8E-12	1E10	1E10	1E-30	1.14044815998868E-10	1E10	1E-30	1E10	0.145842461446599	1E-30	1.21166020642014E-11	0.201111393757012	1.90384606868703E-10	2.5373076639434E-12	0.15374426569243	8.13470129699833E-11	7.82871294752323E-13	0.712542700089495	8.63403935243441E-12	3.13136254316368E-12	4.36069206413769	1E10	1E-30	1E-10	1E10	1E-30	1E-10	1E10	1E-30	1E-10	1E10	1E-30	1E-10	1E10	1E-30	1E-10	1E10	1E-30	1E-10	1E10	1E-30	1E-10	1E10	1E-30	1E-10	1E10	1E-30	1E-10	1E10	1E-30	1E-10	1E10	1E-30	1E-10
338	5.8E-12	1E10	1E10	1E-30	1.14044815998868E-10	1E10	1E-30	1E10	0.145842461446599	1E-30	1.21166020642014E-11	0.201111393757012	1.90384606868703E-10	2.5373076639434E-12	0.15374426569243	8.13470129699833E-11	7.82871294752323E-13	0.712542700089495	8.63403935243441E-12	3.13136254316368E-12	4.36069206413769	1E10	1E-30	1E-10	1E10	1E-30	1E-10	1E10	1E-30	1E-10	1E10	1E-30	1E-10	1E10	1E-30	1E-10	1E10	1E-30	1E-10	1E10	1E-30	1E-10	1E10	1E-30	1E-10	1E10	1E-30	1E-10	1E10	1E-30	1E-10	1E10	1E-30	1E-10
339	5.8E-12	1E10	1E10	1E-30	1.14044815998868E-10	1E10	1E-30	1E10	0.145842461446599	1E-30	1.21166020642014E-11	0.201111393757012	1.90384606868703E-10	2.5373076639434E-12	0.15374426569243	8.13470129699833E-11	7.82871294752323E-13	0.712542700089495	8.63403935243441E-12	3.13136254316368E-12	4.36069206413769	1E10	1E-30	1E-10	1E10	1E-30	1E-10	1E10	1E-30	1E-10	1E10	1E-30	1E-10	1E10	1E-30	1E-10	1E10	1E-30	1E-10	1E10	1E-30	1E-10	1E10	1E-30	1E-10	1E10	1E-30	1E-10	1E10	1E-30	1E-10	1E10	1E-30	1E-10
340	5.8E-12	1E10	1E10	1E-30	1.14044815998868E-10	1E10	1E-30	1E10	0.145842461446599	1E-30	1.21166020642014E-11	0.201111393757012	1.90384606868703E-10	2.5373076639434E-12	0.15374426569243	8.13470129699833E-11	7.82871294752323E-13	0.712542700089495	8.63403935243441E-12	3.13136254316368E-12	4.36069206413769	1E10	1E-30	1E-10	1E10	1E-30	1E-10	1E10	1E-30	1E-10	1E10	1E-30	1E-10	1E10	1E-30	1E-10	1E10	1E-30	1E-10	1E10	1E-30	1E-10	1E10	1E-30	1E-10	1E10	1E-30	1E-10	1E10	1E-30	1E-10	1E10	1E-30	1E-10
341	5.8E-12	1E10	1E10	1E-30	1.14044815998868E-10	1E10	1E-30	1E10	0.145842461446599	1E-30	1.21166020642014E-11	0.201111393757012	1.90384606868703E-10	2.5373076639434E-12	0.15374426569243	8.13470129699833E-11	7.82871294752323E-13	0.712542700089495	8.63403935243441E-12	3.13136254316368E-12	4.36069206413769	1E10	1E-30	1E-10	1E10	1E-30	1E-10	1E10	1E-30	1E-10	1E10	1E-30	1E-10	1E10	1E-30	1E-10	1E10	1E-30	1E-10	1E10	1E-30	1E-10	1E10	1E-30	1E-10	1E10	1E-30	1E-10	1E10	1E-30	1E-10	1E10	1E-30	1E-10
342	5.8E-12	1E10	1E10	1E-30	1.14044815998868E-10	1E10	1E-30	1E10	0.145842461446599	1E-30	1.21166020642014E-11	0.201111393757012	1.90384606868703E-10	2.5373076639434E-12	0.15374426569243	8.13470129699833E-11	7.82871294752323E-13	0.712542700089495	8.63403935243441E-12	3.13136254316368E-12	4.36069206413769	1E10	1E-30	1E-10	1E10	1E-30	1E-10	1E10	1E-30	1E-10	1E10	1E-30	1E-10	1E10	1E-30	1E-10	1E10	1E-30	1E-10	1E10	1E-30	1E-10	1E10	1E-30	1E-10	1E10	1E-30	1E-10	1E10	1E-30	1E-10	1E10	1E-30	1E-10
343	5.9E-12	1E10	1E10	1E-30	1.0604333910817E-10	1E10	1E-30	1E10	0.144	1E-30	5.04705580455807E-12	2.26079088824476	7.77596504990824E-11	5.968716616958E-12	0.330657036416374	5.82841222488452E-11	1.10788407689725E-12	0.822329710718946	1.68245970404007E-11	1.71124875971202E-12	2.72483525683479	1E10	1E-30	1E-10	1E10	1E-30	1E-10	1E10	1E-30	1E-10	1E10	1E-30	1E-10	1E10	1E-30	1E-10	1E10	1E-30	1E-10	1E10	1E-30	1E-10	1E10	1E-30	1E-10	1E10	1E-30	1E-10	1E10	1E-30	1E-10	1E10	1E-30	1E-10
344	5.9E-12	1E10	1E10	1E-30	1.0604333910817E-10	1E10	1E-30	1E10	0.144	1E-30	5.04705580455807E-12	2.26079088824476	7.77596504990824E-11	5.968716616958E-12	0.330657036416374	5.82841222488452E-11	1.10788407689725E-12	0.822329710718946	1.68245970404007E-11	1.71124875971202E-12	2.72483525683479	1E10	1E-30	1E-10	1E10	1E-30	1E-10	1E10	1E-30	1E-10	1E10	1E-30	1E-10	1E10	1E-30	1E-10	1E10	1E-30	1E-10	1E10	1E-30	1E-10	1E10	1E-30	1E-10	1E10	1E-30	1E-10	1E10	1E-30	1E-10	1E10	1E-30	1E-10
345	5.9E-12	1E10	1E10	1E-30	1.0604333910817E-10	1E10	1E-30	1E10	0.144	1E-30	5.04705580455807E-12	2.26079088824476	7.77596504990824E-11	5.968716616958E-12	0.330657036416374	5.82841222488452E-11	1.10788407689725E-12	0.822329710718946	1.68245970404007E-11	1.71124875971202E-12	2.72483525683479	1E10	1E-30	1E-10	1E10	1E-30	1E-10	1E10	1E-30	1E-10	1E10	1E-30	1E-10	1E10	1E-30	1E-10	1E10	1E-30	1E-10	1E10	1E-30	1E-10	1E10	1E-30	1E-10	1E10	1E-30	1E-10	1E10	1E-30	1E-10	1E10	1E-30	1E-10
346	5.9E-12	1E10	1E10	1E-30	1.0604333910817E-10	1E10	1E-30	1E10	0.144	1E-30	5.04705580455807E-12	2.26079088824476	7.77596504990824E-11	5.968716616958E-12	0.330657036416374	5.82841222488452E-11	1.10788407689725E-12	0.822329710718946	1.68245970404007E-11	1.71124875971202E-12	2.72483525683479	1E10	1E-30	1E-10	1E10	1E-30	1E-10	1E10	1E-30	1E-10	1E10	1E-30	1E-10	1E10	1E-30	1E-10	1E10	1E-30	1E-10	1E10	1E-30	1E-10	1E10	1E-30	1E-10	1E10	1E-30	1E-10	1E10	1E-30	1E-10	1E10	1E-30	1E-10
347	5.9E-12	1E10	1E10	1E-30	1.0604333910817E-10	1E10	1E-30	1E10	0.144	1E-30	5.04705580455807E-12	2.26079088824476	7.77596504990824E-11	5.968716616958E-12	0.330657036416374	5.82841222488452E-11	1.10788407689725E-12	0.822329710718946	1.68245970404007E-11	1.71124875971202E-12	2.72483525683479	1E10	1E-30	1E-10	1E10	1E-30	1E-10	1E10	1E-30	1E-10	1E10	1E-30	1E-10	1E10	1E-30	1E-10	1E10	1E-30	1E-10	1E10	1E-30	1E-10	1E10	1E-30	1E-10	1E10	1E-30	1E-10	1E10	1E-30	1E-10	1E10	1E-30	1E-10
348	5.9E-12	1E10	1E10	1E-30	1.0604333910817E-10	1E10	1E-30	1E10	0.144	1E-30	5.04705580455807E-12	2.26079088824476	7.77596504990824E-11	5.968716616958E-12	0.330657036416374	5.82841222488452E-11	1.10788407689725E-12	0.822329710718946	1.68245970404007E-11	1.71124875971202E-12	2.72483525683479	1E10	1E-30	1E-10	1E10	1E-30	1E-10	1E10	1E-30	1E-10	1E10	1E-30	1E-10	1E10	1E-30	1E-10	1E10	1E-30	1E-10	1E10	1E-30	1E-10	1E10	1E-30	1E-10	1E10	1E-30	1E-10	1E10	1E-30	1E-10	1E10	1E-30	1E-10
349	5.9E-12	1E10	1E10	1E-30	1.0604333910817E-10	1E10	1E-30	1E10	0.144	1E-30	5.04705580455807E-12	2.26079088824476	7.77596504990824E-11	5.968716616958E-12	0.330657036416374	5.82841222488452E-11	1.10788407689725E-12	0.822329710718946	1.68245970404007E-11	1.71124875971202E-12	2.72483525683479	1E10	1E-30	1E-10	1E10	1E-30	1E-10	1E10	1E-30	1E-10	1E10	1E-30	1E-10	1E10	1E-30	1E-10	1E10	1E-30	1E-10	1E10	1E-30	1E-10	1E10	1E-30	1E-10	1E10	1E-30	1E-10	1E10	1E-30	1E-10	1E10	1E-30	1E-10
350	5.9E-12	1E10	1E10	1E-30	1.0604333910817E-10	1E10	1E-30	1E10	0.144	1E-30	5.04705580455807E-12	2.26079088824476	7.77596504990824E-11	5.968716616958E-12	0.330657036416374	5.82841222488452E-11	1.10788407689725E-12	0.822329710718946	1.68245970404007E-11	1.71124875971202E-12	2.72483525683479	1E10	1E-30	1E-10	1E10	1E-30	1E-10	1E10	1E-30	1E-10	1E10	1E-30	1E-10	1E10	1E-30	1E-10	1E10	1E-30	1E-10	1E10	1E-30	1E-10	1E10	1E-30	1E-10	1E10	1E-30	1E-10	1E10	1E-30	1E-10	1E10	1E-30	1E-10
351	6E-12	1E10	1E10	1E-30	1.0604333910817E-10	1E10	1E-30	1E10	0.144	1E-30	5.04705580455807E-12	2.26079088824476	7.77596504990824E-11	5.968716616958E-12	0.330657036416374	5.82841222488452E-11	1.10788407689725E-12	0.822329710718946	1.68245970404007E-11	1.71124875971202E-12	2.72483525683479	1E10	1E-30	1E-10	1E10	1E-30	1E-10	1E10	1E-30	1E-10	1E10	1E-30	1E-10	1E10	1E-30	1E-10	1E10	1E-30	1E-10	1E10	1E-30	1E-10	1E10	1E-30	1E-10	1E10	1E-30	1E-10	1E10	1E-30	1E-10	1E10	1E-30	1E-10
352	6E-12	1E10	1E10	1E-30	1.0604333910817E-10	1E10	1E-30	1E10	0.144	1E-30	5.04705580455807E-12	2.26079088824476	7.77596504990824E-11	5.968716616958E-12	0.330657036416374	5.82841222488452E-11	1.10788407689725E-12	0.822329710718946	1.68245970404007E-11	1.71124875971202E-12	2.72483525683479	1E10	1E-30	1E-10	1E10	1E-30	1E-10	1E10	1E-30	1E-10	1E10	1E-30	1E-10	1E10	1E-30	1E-10	1E10	1E-30	1E-10	1E10	1E-30	1E-10	1E10	1E-30	1E-10	1E10	1E-30	1E-10	1E10	1E-30	1E-10	1E10	1E-30	1E-10
353	6E-12	1E10	1E10	1E-30	1.0604333910817E-10	1E10	1E-30	1E10	0.144	1E-30	5.04705580455807E-12	2.26079088824476	7.77596504990824E-11	5.968716616958E-12	0.330657036416374	5.82841222488452E-11	1.10788407689725E-12	0.822329710718946	1.68245970404007E-11	1.71124875971202E-12	2.72483525683479	1E10	1E-30	1E-10	1E10	1E-30	1E-10	1E10	1E-30	1E-10	1E10	1E-30	1E-10	1E10	1E-30	1E-10	1E10	1E-30	1E-10	1E10	1E-30	1E-10	1E10	1E-30	1E-10	1E10	1E-30	1E-10	1E10	1E-30	1E-10	1E10	1E-30	1E-10
354	6E-12	1E10	1E10	1E-30	1.0604333910817E-10	1E10	1E-30	1E10	0.144	1E-30	5.04705580455807E-12	2.26079088824476	7.77596504990824E-11	5.968716616958E-12	0.330657036416374	5.82841222488452E-11	1.10788407689725E-12	0.822329710718946	1.68245970404007E-11	1.71124875971202E-12	2.72483525683479	1E10	1E-30	1E-10	1E10	1E-30	1E-10	1E10	1E-30	1E-10	1E10	1E-30	1E-10	1E10	1E-30	1E-10	1E10	1E-30	1E-10	1E10	1E-30	1E-10	1E10	1E-30	1E-10	1E10	1E-30	1E-10	1E10	1E-30	1E-10	1E10	1E-30	1E-10
355	6E-12	1E10	1E10	1E-30	1.0604333910817E-10	1E10	1E-30	1E10	0.144	1E-30	5.04705580455807E-12	2.26079088824476	7.77596504990824E-11	5.968716616958E-12	0.330657036416374	5.82841222488452E-11	1.10788407689725E-12	0.822329710718946	1.68245970404007E-11	1.71124875971202E-12	2.72483525683479	1E10	1E-30	1E-10	1E10	1E-30	1E-10	1E10	1E-30	1E-10	1E10	1E-30	1E-10	1E10	1E-30	1E-10	1E10	1E-30	1E-10	1E10	1E-30	1E-10	1E10	1E-30	1E-10	1E10	1E-30	1E-10	1E10	1E-30	1E-10	1E10	1E-30	1E-10
356	6E-12	1E10	1E10	1E-30	1.0604333910817E-10	1E10	1E-30	1E10	0.144	1E-30	5.04705580455807E-12	2.26079088824476	7.77596504990824E-11	5.968716616958E-12	0.330657036416374	5.82841222488452E-11	1.10788407689725E-12	0.822329710718946	1.68245970404007E-11	1.71124875971202E-12	2.72483525683479	1E10	1E-30	1E-10	1E10	1E-30	1E-10	1E10	1E-30	1E-10	1E10	1E-30	1E-10	1E10	1E-30	1E-10	1E10	1E-30	1E-10	1E10	1E-30	1E-10	1E10	1E-30	1E-10	1E10	1E-30	1E-10	1E10	1E-30	1E-10	1E10	1E-30	1E-10
357	6E-12	1E10	1E10	1E-30	1.0604333910817E-10	1E10	1E-30	1E10	0.144	1E-30	5.04705580455807E-12	2.26079088824476	7.77596504990824E-11	5.968716616958E-12	0.330657036416374	5.82841222488452E-11	1.10788407689725E-12	0.822329710718946	1.68245970404007E-11	1.71124875971202E-12	2.72483525683479	1E10	1E-30	1E-10	1E10	1E-30	1E-10	1E10	1E-30	1E-10	1E10	1E-30	1E-10	1E10	1E-30	1E-10	1E10	1E-30	1E-10	1E10	1E-30	1E-10	1E10	1E-30	1E-10	1E10	1E-30	1E-10	1E10	1E-30	1E-10	1E10	1E-30	1E-10
358	6E-12	1E10	1E10	1E-30	1.0604333910817E-10	1E10	1E-30	1E10	0.144	1E-30	5.04705580455807E-12	2.26079088824476	7.77596504990824E-11	5.968716616958E-12	0.330657036416374	5.82841222488452E-11	1.10788407689725E-12	0.822329710718946	1.68245970404007E-11	1.71124875971202E-12	2.72483525683479	1E10	1E-30	1E-10	1E10	1E-30	1E-10	1E10	1E-30	1E-10	1E10	1E-30	1E-10	1E10	1E-30	1E-10	1E10	1E-30	1E-10	1E10	1E-30	1E-10	1E10	1E-30	1E-10	1E10	1E-30	1E-10	1E10	1E-30	1E-10	1E10	1E-30	1E-10
359	6.1E-12	1E10	1E10	1E-30	1.049796395304E-10	1E10	1E-30	1E10	0.14	1E-30	3.70945510153802E-12	1.39732631659386	1E-30	1.03918736841979E-11	0.190622755119265	1.81491108716229E-10	2.4486996957454E-12	0.182110137631897	1.14798514738339E-10	6.10810038297637E-13	0.56186880793238	1.26956398140421E-11	2.37043987353634E-12	3.37597064212394	1E10	1E-30	1E-10	1E10	1E-30	1E-10	1E10	1E-30	1E-10	1E10	1E-30	1E-10	1E10	1E-30	1E-10	1E10	1E-30	1E-10	1E10	1E-30	1E-10	1E10	1E-30	1E-10	1E10	1E-30	1E-10	1E10	1E-30	1E-10
360	6.1E-12	1E10	1E10	1E-30	1.049796395304E-10	1E10	1E-30	1E10	0.14	1E-30	3.70945510153802E-12	1.39732631659386	1E-30	1.03918736841979E-11	0.190622755119265	1.81491108716229E-10	2.4486996957454E-12	0.182110137631897	1.14798514738339E-10	6.10810038297637E-13	0.56186880793238	1.26956398140421E-11	2.37043987353634E-12	3.37597064212394	1E10	1E-30	1E-10	1E10	1E-30	1E-10	1E10	1E-30	1E-10	1E10	1E-30	1E-10	1E10	1E-30	1E-10	1E10	1E-30	1E-10	1E10	1E-30	1E-10	1E10	1E-30	1E-10	1E10	1E-30	1E-10	1E10	1E-30	1E-10
361	6.1E-12	1E10	1E10	1E-30	1.049796395304E-10	1E10	1E-30	1E10	0.14	1E-30	3.70945510153802E-12	1.39732631659386	1E-30	1.03918736841979E-11	0.190622755119265	1.81491108716229E-10	2.4486996957454E-12	0.182110137631897	1.14798514738339E-10	6.10810038297637E-13	0.56186880793238	1.26956398140421E-11	2.37043987353634E-12	3.37597064212394	1E10	1E-30	1E-10	1E10	1E-30	1E-10	1E10	1E-30	1E-10	1E10	1E-30	1E-10	1E10	1E-30	1E-10	1E10	1E-30	1E-10	1E10	1E-30	1E-10	1E10	1E-30	1E-10	1E10	1E-30	1E-10	1E10	1E-30	1E-10
362	6.1E-12	1E10	1E10	1E-30	1.049796395304E-10	1E10	1E-30	1E10	0.14	1E-30	3.70945510153802E-12	1.39732631659386	1E-30	1.03918736841979E-11	0.190622755119265	1.81491108716229E-10	2.4486996957454E-12	0.182110137631897	1.14798514738339E-10	6.10810038297637E-13	0.56186880793238	1.26956398140421E-11	2.37043987353634E-12	3.37597064212394	1E10	1E-30	1E-10	1E10	1E-30	1E-10	1E10	1E-30	1E-10	1E10	1E-30	1E-10	1E10	1E-30	1E-10	1E10	1E-30	1E-10	1E10	1E-30	1E-10	1E10	1E-30	1E-10	1E10	1E-30	1E-10	1E10	1E-30	1E-10
363	6.1E-12	1E10	1E10	1E-30	1.049796395304E-10	1E10	1E-30	1E10	0.14	1E-30	3.70945510153802E-12	1.39732631659386	1E-30	1.03918736841979E-11	0.190622755119265	1.81491108716229E-10	2.4486996957454E-12	0.182110137631897	1.14798514738339E-10	6.10810038297637E-13	0.56186880793238	1.26956398140421E-11	2.37043987353634E-12	3.37597064212394	1E10	1E-30	1E-10	1E10	1E-30	1E-10	1E10	1E-30	1E-10	1E10	1E-30	1E-10	1E10	1E-30	1E-10	1E10	1E-30	1E-10	1E10	1E-30	1E-10	1E10	1E-30	1E-10	1E10	1E-30	1E-10	1E10	1E-30	1E-10
364	6.1E-12	1E10	1E10	1E-30	1.049796395304E-10	1E10	1E-30	1E10	0.14	1E-30	3.70945510153802E-12	1.39732631659386	1E-30	1.03918736841979E-11	0.190622755119265	1.81491108716229E-10	2.4486996957454E-12	0.182110137631897	1.14798514738339E-10	6.10810038297637E-13	0.56186880793238	1.26956398140421E-11	2.37043987353634E-12	3.37597064212394	1E10	1E-30	1E-10	1E10	1E-30	1E-10	1E10	1E-30	1E-10	1E10	1E-30	1E-10	1E10	1E-30	1E-10	1E10	1E-30	1E-10	1E10	1E-30	1E-10	1E10	1E-30	1E-10	1E10	1E-30	1E-10	1E10	1E-30	1E-10
365	6.1E-12	1E10	1E10	1E-30	1.049796395304E-10	1E10	1E-30	1E10	0.14	1E-30	3.70945510153802E-12	1.39732631659386	1E-30	1.03918736841979E-11	0.190622755119265	1.81491108716229E-10	2.4486996957454E-12	0.182110137631897	1.14798514738339E-10	6.10810038297637E-13	0.56186880793238	1.26956398140421E-11	2.37043987353634E-12	3.37597064212394	1E10	1E-30	1E-10	1E10	1E-30	1E-10	1E10	1E-30	1E-10	1E10	1E-30	1E-10	1E10	1E-30	1E-10	1E10	1E-30	1E-10	1E10	1E-30	1E-10	1E10	1E-30	1E-10	1E10	1E-30	1E-10	1E10	1E-30	1E-10
366	6.1E-12	1E10	1E10	1E-30	1.049796395304E-10	1E10	1E-30	1E10	0.14	1E-30	3.70945510153802E-12	1.39732631659386	1E-30	1.03918736841979E-11	0.190622755119265	1.81491108716229E-10	2.4486996957454E-12	0.182110137631897	1.14798514738339E-10	6.10810038297637E-13	0.56186880793238	1.26956398140421E-11	2.37043987353634E-12	3.37597064212394	1E10	1E-30	1E-10	1E10	1E-30	1E-10	1E10	1E-30	1E-10	1E10	1E-30	1E-10	1E10	1E-30	1E-10	1E10	1E-30	1E-10	1E10	1E-30	1E-10	1E10	1E-30	1E-10	1E10	1E-30	1E-10	1E10	1E-30	1E-10
367	6.2E-12	1E10	1E10	1E-30	1.049796395304E-10	1E10	1E-30	1E10	0.14	1E-30	3.70945510153802E-12	1.39732631659386	1E-30	1.03918736841979E-11	0.190622755119265	1.81491108716229E-10	2.4486996957454E-12	0.182110137631897	1.14798514738339E-10	6.10810038297637E-13	0.56186880793238	1.26956398140421E-11	2.37043987353634E-12	3.37597064212394	1E10	1E-30	1E-10	1E10	1E-30	1E-10	1E10	1E-30	1E-10	1E10	1E-30	1E-10	1E10	1E-30	1E-10	1E10	1E-30	1E-10	1E10	1E-30	1E-10	1E10	1E-30	1E-10	1E10	1E-30	1E-10	1E10	1E-30	1E-10
368	6.2E-12	1E10	1E10	1E-30	1.049796395304E-10	1E10	1E-30	1E10	0.14	1E-30	3.70945510153802E-12	1.39732631659386	1E-30	1.03918736841979E-11	0.190622755119265	1.81491108716229E-10	2.4486996957454E-12	0.182110137631897	1.14798514738339E-10	6.10810038297637E-13	0.56186880793238	1.26956398140421E-11	2.37043987353634E-12	3.37597064212394	1E10	1E-30	1E-10	1E10	1E-30	1E-10	1E10	1E-30	1E-10	1E10	1E-30	1E-10	1E10	1E-30	1E-10	1E10	1E-30	1E-10	1E10	1E-30	1E-10	1E10	1E-30	1E-10	1E10	1E-30	1E-10	1E10	1E-30	1E-10
369	6.2E-12	1E10	1E10	1E-30	1.049796395304E-10	1E10	1E-30	1E10	0.14	1E-30	3.70945510153802E-12	1.39732631659386	1E-30	1.03918736841979E-11	0.190622755119265	1.81491108716229E-10	2.4486996957454E-12	0.182110137631897	1.14798514738339E-10	6.10810038297637E-13	0.56186880793238	1.26956398140421E-11	2.37043987353634E-12	3.37597064212394	1E10	1E-30	1E-10	1E10	1E-30	1E-10	1E10	1E-30	1E-10	1E10	1E-30	1E-10	1E10	1E-30	1E-10	1E10	1E-30	1E-10	1E10	1E-30	1E-10	1E10	1E-30	1E-10	1E10	1E-30	1E-10	1E10	1E-30	1E-10
370	6.2E-12	1E10	1E10	1E-30	1.049796395304E-10	1E10	1E-30	1E10	0.14	1E-30	3.70945510153802E-12	1.39732631659386	1E-30	1.03918736841979E-11	0.190622755119265	1.81491108716229E-10	2.4486996957454E-12	0.182110137631897	1.14798514738339E-10	6.10810038297637E-13	0.56186880793238	1.26956398140421E-11	2.37043987353634E-12	3.37597064212394	1E10	1E-30	1E-10	1E10	1E-30	1E-10	1E10	1E-30	1E-10	1E10	1E-30	1E-10	1E10	1E-30	1E-10	1E10	1E-30	1E-10	1E10	1E-30	1E-10	1E10	1E-30	1E-10	1E10	1E-30	1E-10	1E10	1E-30	1E-10
371	6.2E-12	1E10	1E10	1E-30	1.049796395304E-10	1E10	1E-30	1E10	0.14	1E-30	3.70945510153802E-12	1.39732631659386	1E-30	1.03918736841979E-11	0.190622755119265	1.81491108716229E-10	2.4486996957454E-12	0.182110137631897	1.14798514738339E-10	6.10810038297637E-13	0.56186880793238	1.26956398140421E-11	2.37043987353634E-12	3.37597064212394	1E10	1E-30	1E-10	1E10	1E-30	1E-10	1E10	1E-30	1E-10	1E10	1E-30	1E-10	1E10	1E-30	1E-10	1E10	1E-30	1E-10	1E10	1E-30	1E-10	1E10	1E-30	1E-10	1E10	1E-30	1E-10	1E10	1E-30	1E-10
372	6.2E-12	1E10	1E10	1E-30	1.049796395304E-10	1E10	1E-30	1E10	0.14	1E-30	3.70945510153802E-12	1.39732631659386	1E-30	1.03918736841979E-11	0.190622755119265	1.81491108716229E-10	2.4486996957454E-12	0.182110137631897	1.14798514738339E-10	6.10810038297637E-13	0.56186880793238	1.26956398140421E-11	2.37043987353634E-12	3.37597064212394	1E10	1E-30	1E-10	1E10	1E-30	1E-10	1E10	1E-30	1E-10	1E10	1E-30	1E-10	1E10	1E-30	1E-10	1E10	1E-30	1E-10	1E10	1E-30	1E-10	1E10	1E-30	1E-10	1E10	1E-30	1E-10	1E10	1E-30	1E-10
373	6.2E-12	1E10	1E10	1E-30	1.049796395304E-10	1E10	1E-30	1E10	0.14	1E-30	3.70945510153802E-12	1.39732631659386	1E-30	1.03918736841979E-11	0.190622755119265	1.81491108716229E-10	2.4486996957454E-12	0.182110137631897	1.14798514738339E-10	6.10810038297637E-13	0.56186880793238	1.26956398140421E-11	2.37043987353634E-12	3.37597064212394	1E10	1E-30	1E-10	1E10	1E-30	1E-10	1E10	1E-30	1E-10	1E10	1E-30	1E-10	1E10	1E-30	1E-10	1E10	1E-30	1E-10	1E10	1E-30	1E-10	1E10	1E-30	1E-10	1E10	1E-30	1E-10	1E10	1E-30	1E-10
374	6.2E-12	1E10	1E10	1E-30	1.049796395304E-10	1E10	1E-30	1E10	0.14	1E-30	3.70945510153802E-12	1.39732631659386	1E-30	1.03918736841979E-11	0.190622755119265	1.81491108716229E-10	2.4486996957454E-12	0.182110137631897	1.14798514738339E-10	6.10810038297637E-13	0.56186880793238	1.26956398140421E-11	2.37043987353634E-12	3.37597064212394	1E10	1E-30	1E-10	1E10	1E-30	1E-10	1E10	1E-30	1E-10	1E10	1E-30	1E-10	1E10	1E-30	1E-10	1E10	1E-30	1E-10	1E10	1E-30	1E-10	1E10	1E-30	1E-10	1E10	1E-30	1E-10	1E10	1E-30	1E-10
375	6.3E-12	1E10	1E10	1E-30	1.049796395304E-10	1E10	1E-30	1E10	0.14	1E-30	3.70945510153802E-12	1.39732631659386	1E-30	1.03918736841979E-11	0.190622755119265	1.81491108716229E-10	2.4486996957454E-12	0.182110137631897	1.14798514738339E-10	6.10810038297637E-13	0.56186880793238	1.26956398140421E-11	2.37043987353634E-12	3.37597064212394	1E10	1E-30	1E-10	1E10	1E-30	1E-10	1E10	1E-30	1E-10	1E10	1E-30	1E-10	1E10	1E-30	1E-10	1E10	1E-30	1E-10	1E10	1E-30	1E-10	1E10	1E-30	1E-10	1E10	1E-30	1E-10	1E10	1E-30	1E-10
376	6.3E-12	1E10	1E10	1E-30	1.049796395304E-10	1E10	1E-30	1E10	0.14	1E-30	3.70945510153802E-12	1.39732631659386	1E-30	1.03918736841979E-11	0.190622755119265	1.81491108716229E-10	2.4486996957454E-12	0.182110137631897	1.14798514738339E-10	6.10810038297637E-13	0.56186880793238	1.26956398140421E-11	2.37043987353634E-12	3.37597064212394	1E10	1E-30	1E-10	1E10	1E-30	1E-10	1E10	1E-30	1E-10	1E10	1E-30	1E-10	1E10	1E-30	1E-10	1E10	1E-30	1E-10	1E10	1E-30	1E-10	1E10	1E-30	1E-10	1E10	1E-30	1E-10	1E10	1E-30	1E-10
377	6.3E-12	1E10	1E10	1E-30	1.049796395304E-10	1E10	1E-30	1E10	0.14	1E-30	3.70945510153802E-12	1.39732631659386	1E-30	1.03918736841979E-11	0.190622755119265	1.81491108716229E-10	2.4486996957454E-12	0.182110137631897	1.14798514738339E-10	6.10810038297637E-13	0.56186880793238	1.26956398140421E-11	2.37043987353634E-12	3.37597064212394	1E10	1E-30	1E-10	1E10	1E-30	1E-10	1E10	1E-30	1E-10	1E10	1E-30	1E-10	1E10	1E-30	1E-10	1E10	1E-30	1E-10	1E10	1E-30	1E-10	1E10	1E-30	1E-10	1E10	1E-30	1E-10	1E10	1E-30	1E-10
378	6.3E-12	1E10	1E10	1E-30	1.049796395304E-10	1E10	1E-30	1E10	0.14	1E-30	3.70945510153802E-12	1.39732631659386	1E-30	1.03918736841979E-11	0.190622755119265	1.81491108716229E-10	2.4486996957454E-12	0.182110137631897	1.14798514738339E-10	6.10810038297637E-13	0.56186880793238	1.26956398140421E-11	2.37043987353634E-12	3.37597064212394	1E10	1E-30	1E-10	1E10	1E-30	1E-10	1E10	1E-30	1E-10	1E10	1E-30	1E-10	1E10	1E-30	1E-10	1E10	1E-30	1E-10	1E10	1E-30	1E-10	1E10	1E-30	1E-10	1E10	1E-30	1E-10	1E10	1E-30	1E-10
379	6.3E-12	1E10	1E10	1E-30	1.049796395304E-10	1E10	1E-30	1E10	0.14	1E-30	3.70945510153802E-12	1.39732631659386	1E-30	1.03918736841979E-11	0.190622755119265	1.81491108716229E-10	2.4486996957454E-12	0.182110137631897	1.14798514738339E-10	6.10810038297637E-13	0.56186880793238	1.26956398140421E-11	2.37043987353634E-12	3.37597064212394	1E10	1E-30	1E-10	1E10	1E-30	1E-10	1E10	1E-30	1E-10	1E10	1E-30	1E-10	1E10	1E-30	1E-10	1E10	1E-30	1E-10	1E10	1E-30	1E-10	1E10	1E-30	1E-10	1E10	1E-30	1E-10	1E10	1E-30	1E-10
380	6.3E-12	1E10	1E10	1E-30	1.049796395304E-10	1E10	1E-30	1E10	0.14	1E-30	3.70945510153802E-12	1.39732631659386	1E-30	1.03918736841979E-11	0.190622755119265	1.81491108716229E-10	2.4486996957454E-12	0.182110137631897	1.14798514738339E-10	6.10810038297637E-13	0.56186880793238	1.26956398140421E-11	2.37043987353634E-12	3.37597064212394	1E10	1E-30	1E-10	1E10	1E-30	1E-10	1E10	1E-30	1E-10	1E10	1E-30	1E-10	1E10	1E-30	1E-10	1E10	1E-30	1E-10	1E10	1E-30	1E-10	1E10	1E-30	1E-10	1E10	1E-30	1E-10	1E10	1E-30	1E-10
381	6.3E-12	1E10	1E10	1E-30	1.049796395304E-10	1E10	1E-30	1E10	0.14	1E-30	3.70945510153802E-12	1.39732631659386	1E-30	1.03918736841979E-11	0.190622755119265	1.81491108716229E-10	2.4486996957454E-12	0.182110137631897	1.14798514738339E-10	6.10810038297637E-13	0.56186880793238	1.26956398140421E-11	2.37043987353634E-12	3.37597064212394	1E10	1E-30	1E-10	1E10	1E-30	1E-10	1E10	1E-30	1E-10	1E10	1E-30	1E-10	1E10	1E-30	1E-10	1E10	1E-30	1E-10	1E10	1E-30	1E-10	1E10	1E-30	1E-10	1E10	1E-30	1E-10	1E10	1E-30	1E-10
382	6.3E-12	1E10	1E10	1E-30	1.049796395304E-10	1E10	1E-30	1E10	0.14	1E-30	3.70945510153802E-12	1.39732631659386	1E-30	1.03918736841979E-11	0.190622755119265	1.81491108716229E-10	2.4486996957454E-12	0.182110137631897	1.14798514738339E-10	6.10810038297637E-13	0.56186880793238	1.26956398140421E-11	2.37043987353634E-12	3.37597064212394	1E10	1E-30	1E-10	1E10	1E-30	1E-10	1E10	1E-30	1E-10	1E10	1E-30	1E-10	1E10	1E-30	1E-10	1E10	1E-30	1E-10	1E10	1E-30	1E-10	1E10	1E-30	1E-10	1E10	1E-30	1E-10	1E10	1E-30	1E-10
383	6.4E-12	1E10	1E10	1E-30	1.04690234870341E-10	1E10	1E-30	1E10	0.137	1E-30	2.44801402007435E-12	0.688364743615568	6.12039563982291E-11	7.75837794938758E-12	0.30979357631021	5.93257061845111E-11	1.238760310522E-12	0.661342618216484	1.5622138390711E-11	2.091376343959E-12	2.58402126325874	1E10	1E-30	1E-10	1E10	1E-30	1E-10	1E10	1E-30	1E-10	1E10	1E-30	1E-10	1E10	1E-30	1E-10	1E10	1E-30	1E-10	1E10	1E-30	1E-10	1E10	1E-30	1E-10	1E10	1E-30	1E-10	1E10	1E-30	1E-10	1E10	1E-30	1E-10
384	6.4E-12	1E10	1E10	1E-30	1.04690234870341E-10	1E10	1E-30	1E10	0.137	1E-30	2.44801402007435E-12	0.688364743615568	6.12039563982291E-11	7.75837794938758E-12	0.30979357631021	5.93257061845111E-11	1.238760310522E-12	0.661342618216484	1.5622138390711E-11	2.091376343959E-12	2.58402126325874	1E10	1E-30	1E-10	1E10	1E-30	1E-10	1E10	1E-30	1E-10	1E10	1E-30	1E-10	1E10	1E-30	1E-10	1E10	1E-30	1E-10	1E10	1E-30	1E-10	1E10	1E-30	1E-10	1E10	1E-30	1E-10	1E10	1E-30	1E-10	1E10	1E-30	1E-10
385	6.4E-12	1E10	1E10	1E-30	1.04690234870341E-10	1E10	1E-30	1E10	0.137	1E-30	2.44801402007435E-12	0.688364743615568	6.12039563982291E-11	7.75837794938758E-12	0.30979357631021	5.93257061845111E-11	1.238760310522E-12	0.661342618216484	1.5622138390711E-11	2.091376343959E-12	2.58402126325874	1E10	1E-30	1E-10	1E10	1E-30	1E-10	1E10	1E-30	1E-10	1E10	1E-30	1E-10	1E10	1E-30	1E-10	1E10	1E-30	1E-10	1E10	1E-30	1E-10	1E10	1E-30	1E-10	1E10	1E-30	1E-10	1E10	1E-30	1E-10	1E10	1E-30	1E-10
386	6.4E-12	1E10	1E10	1E-30	1.04690234870341E-10	1E10	1E-30	1E10	0.137	1E-30	2.44801402007435E-12	0.688364743615568	6.12039563982291E-11	7.75837794938758E-12	0.30979357631021	5.93257061845111E-11	1.238760310522E-12	0.661342618216484	1.5622138390711E-11	2.091376343959E-12	2.58402126325874	1E10	1E-30	1E-10	1E10	1E-30	1E-10	1E10	1E-30	1E-10	1E10	1E-30	1E-10	1E10	1E-30	1E-10	1E10	1E-30	1E-10	1E10	1E-30	1E-10	1E10	1E-30	1E-10	1E10	1E-30	1E-10	1E10	1E-30	1E-10	1E10	1E-30	1E-10
387	6.4E-12	1E10	1E10	1E-30	1.04690234870341E-10	1E10	1E-30	1E10	0.137	1E-30	2.44801402007435E-12	0.688364743615568	6.12039563982291E-11	7.75837794938758E-12	0.30979357631021	5.93257061845111E-11	1.238760310522E-12	0.661342618216484	1.5622138390711E-11	2.091376343959E-12	2.58402126325874	1E10	1E-30	1E-10	1E10	1E-30	1E-10	1E10	1E-30	1E-10	1E10	1E-30	1E-10	1E10	1E-30	1E-10	1E10	1E-30	1E-10	1E10	1E-30	1E-10	1E10	1E-30	1E-10	1E10	1E-30	1E-10	1E10	1E-30	1E-10	1E10	1E-30	1E-10
388	6.4E-12	1E10	1E10	1E-30	1.04690234870341E-10	1E10	1E-30	1E10	0.137	1E-30	2.44801402007435E-12	0.688364743615568	6.12039563982291E-11	7.75837794938758E-12	0.30979357631021	5.93257061845111E-11	1.238760310522E-12	0.661342618216484	1.5622138390711E-11	2.091376343959E-12	2.58402126325874	1E10	1E-30	1E-10	1E10	1E-30	1E-10	1E10	1E-30	1E-10	1E10	1E-30	1E-10	1E10	1E-30	1E-10	1E10	1E-30	1E-10	1E10	1E-30	1E-10	1E10	1E-30	1E-10	1E10	1E-30	1E-10	1E10	1E-30	1E-10	1E10	1E-30	1E-10
389	6.4E-12	1E10	1E10	1E-30	1.04690234870341E-10	1E10	1E-30	1E10	0.137	1E-30	2.44801402007435E-12	0.688364743615568	6.12039563982291E-11	7.75837794938758E-12	0.30979357631021	5.93257061845111E-11	1.238760310522E-12	0.661342618216484	1.5622138390711E-11	2.091376343959E-12	2.58402126325874	1E10	1E-30	1E-10	1E10	1E-30	1E-10	1E10	1E-30	1E-10	1E10	1E-30	1E-10	1E10	1E-30	1E-10	1E10	1E-30	1E-10	1E10	1E-30	1E-10	1E10	1E-30	1E-10	1E10	1E-30	1E-10	1E10	1E-30	1E-10	1E10	1E-30	1E-10
390	6.4E-12	1E10	1E10	1E-30	1.04690234870341E-10	1E10	1E-30	1E10	0.137	1E-30	2.44801402007435E-12	0.688364743615568	6.12039563982291E-11	7.75837794938758E-12	0.30979357631021	5.93257061845111E-11	1.238760310522E-12	0.661342618216484	1.5622138390711E-11	2.091376343959E-12	2.58402126325874	1E10	1E-30	1E-10	1E10	1E-30	1E-10	1E10	1E-30	1E-10	1E10	1E-30	1E-10	1E10	1E-30	1E-10	1E10	1E-30	1E-10	1E10	1E-30	1E-10	1E10	1E-30	1E-10	1E10	1E-30	1E-10	1E10	1E-30	1E-10	1E10	1E-30	1E-10
391	6.5E-12	1E10	1E10	1E-30	1.04690234870341E-10	1E10	1E-30	1E10	0.137	1E-30	2.44801402007435E-12	0.688364743615568	6.12039563982291E-11	7.75837794938758E-12	0.30979357631021	5.93257061845111E-11	1.238760310522E-12	0.661342618216484	1.5622138390711E-11	2.091376343959E-12	2.58402126325874	1E10	1E-30	1E-10	1E10	1E-30	1E-10	1E10	1E-30	1E-10	1E10	1E-30	1E-10	1E10	1E-30	1E-10	1E10	1E-30	1E-10	1E10	1E-30	1E-10	1E10	1E-30	1E-10	1E10	1E-30	1E-10	1E10	1E-30	1E-10	1E10	1E-30	1E-10
392	6.5E-12	1E10	1E10	1E-30	1.04690234870341E-10	1E10	1E-30	1E10	0.137	1E-30	2.44801402007435E-12	0.688364743615568	6.12039563982291E-11	7.75837794938758E-12	0.30979357631021	5.93257061845111E-11	1.238760310522E-12	0.661342618216484	1.5622138390711E-11	2.091376343959E-12	2.58402126325874	1E10	1E-30	1E-10	1E10	1E-30	1E-10	1E10	1E-30	1E-10	1E10	1E-30	1E-10	1E10	1E-30	1E-10	1E10	1E-30	1E-10	1E10	1E-30	1E-10	1E10	1E-30	1E-10	1E10	1E-30	1E-10	1E10	1E-30	1E-10	1E10	1E-30	1E-10
393	6.5E-12	1E10	1E10	1E-30	1.04690234870341E-10	1E10	1E-30	1E10	0.137	1E-30	2.44801402007435E-12	0.688364743615568	6.12039563982291E-11	7.75837794938758E-12	0.30979357631021	5.93257061845111E-11	1.238760310522E-12	0.661342618216484	1.5622138390711E-11	2.091376343959E-12	2.58402126325874	1E10	1E-30	1E-10	1E10	1E-30	1E-10	1E10	1E-30	1E-10	1E10	1E-30	1E-10	1E10	1E-30	1E-10	1E10	1E-30	1E-10	1E10	1E-30	1E-10	1E10	1E-30	1E-10	1E10	1E-30	1E-10	1E10	1E-30	1E-10	1E10	1E-30	1E-10
394	6.5E-12	1E10	1E10	1E-30	1.04690234870341E-10	1E10	1E-30	1E10	0.137	1E-30	2.44801402007435E-12	0.688364743615568	6.12039563982291E-11	7.75837794938758E-12	0.30979357631021	5.93257061845111E-11	1.238760310522E-12	0.661342618216484	1.5622138390711E-11	2.091376343959E-12	2.58402126325874	1E10	1E-30	1E-10	1E10	1E-30	1E-10	1E10	1E-30	1E-10	1E10	1E-30	1E-10	1E10	1E-30	1E-10	1E10	1E-30	1E-10	1E10	1E-30	1E-10	1E10	1E-30	1E-10	1E10	1E-30	1E-10	1E10	1E-30	1E-10	1E10	1E-30	1E-10
395	6.5E-12	1E10	1E10	1E-30	1.04690234870341E-10	1E10	1E-30	1E10	0.137	1E-30	2.44801402007435E-12	0.688364743615568	6.12039563982291E-11	7.75837794938758E-12	0.30979357631021	5.93257061845111E-11	1.238760310522E-12	0.661342618216484	1.5622138390711E-11	2.091376343959E-12	2.58402126325874	1E10	1E-30	1E-10	1E10	1E-30	1E-10	1E10	1E-30	1E-10	1E10	1E-30	1E-10	1E10	1E-30	1E-10	1E10	1E-30	1E-10	1E10	1E-30	1E-10	1E10	1E-30	1E-10	1E10	1E-30	1E-10	1E10	1E-30	1E-10	1E10	1E-30	1E-10
396	6.5E-12	1E10	1E10	1E-30	1.04690234870341E-10	1E10	1E-30	1E10	0.137	1E-30	2.44801402007435E-12	0.688364743615568	6.12039563982291E-11	7.75837794938758E-12	0.30979357631021	5.93257061845111E-11	1.238760310522E-12	0.661342618216484	1.5622138390711E-11	2.091376343959E-12	2.58402126325874	1E10	1E-30	1E-10	1E10	1E-30	1E-10	1E10	1E-30	1E-10	1E10	1E-30	1E-10	1E10	1E-30	1E-10	1E10	1E-30	1E-10	1E10	1E-30	1E-10	1E10	1E-30	1E-10	1E10	1E-30	1E-10	1E10	1E-30	1E-10	1E10	1E-30	1E-10
397	6.5E-12	1E10	1E10	1E-30	1.04690234870341E-10	1E10	1E-30	1E10	0.137	1E-30	2.44801402007435E-12	0.688364743615568	6.12039563982291E-11	7.75837794938758E-12	0.30979357631021	5.93257061845111E-11	1.238760310522E-12	0.661342618216484	1.5622138390711E-11	2.091376343959E-12	2.58402126325874	1E10	1E-30	1E-10	1E10	1E-30	1E-10	1E10	1E-30	1E-10	1E10	1E-30	1E-10	1E10	1E-30	1E-10	1E10	1E-30	1E-10	1E10	1E-30	1E-10	1E10	1E-30	1E-10	1E10	1E-30	1E-10	1E10	1E-30	1E-10	1E10	1E-30	1E-10
398	6.5E-12	1E10	1E10	1E-30	1.04690234870341E-10	1E10	1E-30	1E10	0.137	1E-30	2.44801402007435E-12	0.688364743615568	6.12039563982291E-11	7.75837794938758E-12	0.30979357631021	5.93257061845111E-11	1.238760310522E-12	0.661342618216484	1.5622138390711E-11	2.091376343959E-12	2.58402126325874	1E10	1E-30	1E-10	1E10	1E-30	1E-10	1E10	1E-30	1E-10	1E10	1E-30	1E-10	1E10	1E-30	1E-10	1E10	1E-30	1E-10	1E10	1E-30	1E-10	1E10	1E-30	1E-10	1E10	1E-30	1E-10	1E10	1E-30	1E-10	1E10	1E-30	1E-10
399	6.6E-12	1E10	1E10	1E-30	1.04690234870341E-10	1E10	1E-30	1E10	0.137	1E-30	2.44801402007435E-12	0.688364743615568	6.12039563982291E-11	7.75837794938758E-12	0.30979357631021	5.93257061845111E-11	1.238760310522E-12	0.661342618216484	1.5622138390711E-11	2.091376343959E-12	2.58402126325874	1E10	1E-30	1E-10	1E10	1E-30	1E-10	1E10	1E-30	1E-10	1E10	1E-30	1E-10	1E10	1E-30	1E-10	1E10	1E-30	1E-10	1E10	1E-30	1E-10	1E10	1E-30	1E-10	1E10	1E-30	1E-10	1E10	1E-30	1E-10	1E10	1E-30	1E-10
400	6.6E-12	1E10	1E10	1E-30	1.04690234870341E-10	1E10	1E-30	1E10	0.137	1E-30	2.44801402007435E-12	0.688364743615568	6.12039563982291E-11	7.75837794938758E-12	0.30979357631021	5.93257061845111E-11	1.238760310522E-12	0.661342618216484	1.5622138390711E-11	2.091376343959E-12	2.58402126325874	1E10	1E-30	1E-10	1E10	1E-30	1E-10	1E10	1E-30	1E-10	1E10	1E-30	1E-10	1E10	1E-30	1E-10	1E10	1E-30	1E-10	1E10	1E-30	1E-10	1E10	1E-30	1E-10	1E10	1E-30	1E-10	1E10	1E-30	1E-10	1E10	1E-30	1E-10
401	6.6E-12	1E10	1E10	1E-30	1.04690234870341E-10	1E10	1E-30	1E10	0.137	1E-30	2.44801402007435E-12	0.688364743615568	6.12039563982291E-11	7.75837794938758E-12	0.30979357631021	5.93257061845111E-11	1.238760310522E-12	0.661342618216484	1.5622138390711E-11	2.091376343959E-12	2.58402126325874	1E10	1E-30	1E-10	1E10	1E-30	1E-10	1E10	1E-30	1E-10	1E10	1E-30	1E-10	1E10	1E-30	1E-10	1E10	1E-30	1E-10	1E10	1E-30	1E-10	1E10	1E-30	1E-10	1E10	1E-30	1E-10	1E10	1E-30	1E-10	1E10	1E-30	1E-10
402	6.6E-12	1E10	1E10	1E-30	1.04690234870341E-10	1E10	1E-30	1E10	0.137	1E-30	2.44801402007435E-12	0.688364743615568	6.12039563982291E-11	7.75837794938758E-12	0.30979357631021	5.93257061845111E-11	1.238760310522E-12	0.661342618216484	1.5622138390711E-11	2.091376343959E-12	2.58402126325874	1E10	1E-30	1E-10	1E10	1E-30	1E-10	1E10	1E-30	1E-10	1E10	1E-30	1E-10	1E10	1E-30	1E-10	1E10	1E-30	1E-10	1E10	1E-30	1E-10	1E10	1E-30	1E-10	1E10	1E-30	1E-10	1E10	1E-30	1E-10	1E10	1E-30	1E-10
403	6.6E-12	1E10	1E10	1E-30	1.04690234870341E-10	1E10	1E-30	1E10	0.137	1E-30	2.44801402007435E-12	0.688364743615568	6.12039563982291E-11	7.75837794938758E-12	0.30979357631021	5.93257061845111E-11	1.238760310522E-12	0.661342618216484	1.5622138390711E-11	2.091376343959E-12	2.58402126325874	1E10	1E-30	1E-10	1E10	1E-30	1E-10	1E10	1E-30	1E-10	1E10	1E-30	1E-10	1E10	1E-30	1E-10	1E10	1E-30	1E-10	1E10	1E-30	1E-10	1E10	1E-30	1E-10	1E10	1E-30	1E-10	1E10	1E-30	1E-10	1E10	1E-30	1E-10
404	6.6E-12	1E10	1E10	1E-30	1.04690234870341E-10	1E10	1E-30	1E10	0.137	1E-30	2.44801402007435E-12	0.688364743615568	6.12039563982291E-11	7.75837794938758E-12	0.30979357631021	5.93257061845111E-11	1.238760310522E-12	0.661342618216484	1.5622138390711E-11	2.091376343959E-12	2.58402126325874	1E10	1E-30	1E-10	1E10	1E-30	1E-10	1E10	1E-30	1E-10	1E10	1E-30	1E-10	1E10	1E-30	1E-10	1E10	1E-30	1E-10	1E10	1E-30	1E-10	1E10	1E-30	1E-10	1E10	1E-30	1E-10	1E10	1E-30	1E-10	1E10	1E-30	1E-10
405	6.6E-12	1E10	1E10	1E-30	1.04690234870341E-10	1E10	1E-30	1E10	0.137	1E-30	2.44801402007435E-12	0.688364743615568	6.12039563982291E-11	7.75837794938758E-12	0.30979357631021	5.93257061845111E-11	1.238760310522E-12	0.661342618216484	1.5622138390711E-11	2.091376343959E-12	2.58402126325874	1E10	1E-30	1E-10	1E10	1E-30	1E-10	1E10	1E-30	1E-10	1E10	1E-30	1E-10	1E10	1E-30	1E-10	1E10	1E-30	1E-10	1E10	1E-30	1E-10	1E10	1E-30	1E-10	1E10	1E-30	1E-10	1E10	1E-30	1E-10	1E10	1E-30	1E-10
406	6.6E-12	1E10	1E10	1E-30	1.04690234870341E-10	1E10	1E-30	1E10	0.137	1E-30	2.44801402007435E-12	0.688364743615568	6.12039563982291E-11	7.75837794938758E-12	0.30979357631021	5.93257061845111E-11	1.238760310522E-12	0.661342618216484	1.5622138390711E-11	2.091376343959E-12	2.58402126325874	1E10	1E-30	1E-10	1E10	1E-30	1E-10	1E10	1E-30	1E-10	1E10	1E-30	1E-10	1E10	1E-30	1E-10	1E10	1E-30	1E-10	1E10	1E-30	1E-10	1E10	1E-30	1E-10	1E10	1E-30	1E-10	1E10	1E-30	1E-10	1E10	1E-30	1E-10
407	6.7E-12	1E10	1E10	1E-30	9.91264816820885E-11	1E10	1E-30	1E10	0.13456605492339	1E-30	4.22366646609391E-12	1.48573644308925	1E-30	1.62545059720848E-11	0.211499046684854	2.2639257101444E-10	1.88277599469051E-12	0.155334573647109	2.06706538294854E-10	3.69274791942403E-13	0.400014871894074	1.31931906404716E-11	2.49288184358361E-12	3.80064321979601	1E10	1E-30	1E-10	1E10	1E-30	1E-10	1E10	1E-30	1E-10	1E10	1E-30	1E-10	1E10	1E-30	1E-10	1E10	1E-30	1E-10	1E10	1E-30	1E-10	1E10	1E-30	1E-10	1E10	1E-30	1E-10	1E10	1E-30	1E-10
408	6.7E-12	1E10	1E10	1E-30	9.91264816820885E-11	1E10	1E-30	1E10	0.13456605492339	1E-30	4.22366646609391E-12	1.48573644308925	1E-30	1.62545059720848E-11	0.211499046684854	2.2639257101444E-10	1.88277599469051E-12	0.155334573647109	2.06706538294854E-10	3.69274791942403E-13	0.400014871894074	1.31931906404716E-11	2.49288184358361E-12	3.80064321979601	1E10	1E-30	1E-10	1E10	1E-30	1E-10	1E10	1E-30	1E-10	1E10	1E-30	1E-10	1E10	1E-30	1E-10	1E10	1E-30	1E-10	1E10	1E-30	1E-10	1E10	1E-30	1E-10	1E10	1E-30	1E-10	1E10	1E-30	1E-10
409	6.7E-12	1E10	1E10	1E-30	9.91264816820885E-11	1E10	1E-30	1E10	0.13456605492339	1E-30	4.22366646609391E-12	1.48573644308925	1E-30	1.62545059720848E-11	0.211499046684854	2.2639257101444E-10	1.88277599469051E-12	0.155334573647109	2.06706538294854E-10	3.69274791942403E-13	0.400014871894074	1.31931906404716E-11	2.49288184358361E-12	3.80064321979601	1E10	1E-30	1E-10	1E10	1E-30	1E-10	1E10	1E-30	1E-10	1E10	1E-30	1E-10	1E10	1E-30	1E-10	1E10	1E-30	1E-10	1E10	1E-30	1E-10	1E10	1E-30	1E-10	1E10	1E-30	1E-10	1E10	1E-30	1E-10
410	6.7E-12	1E10	1E10	1E-30	9.91264816820885E-11	1E10	1E-30	1E10	0.13456605492339	1E-30	4.22366646609391E-12	1.48573644308925	1E-30	1.62545059720848E-11	0.211499046684854	2.2639257101444E-10	1.88277599469051E-12	0.155334573647109	2.06706538294854E-10	3.69274791942403E-13	0.400014871894074	1.31931906404716E-11	2.49288184358361E-12	3.80064321979601	1E10	1E-30	1E-10	1E10	1E-30	1E-10	1E10	1E-30	1E-10	1E10	1E-30	1E-10	1E10	1E-30	1E-10	1E10	1E-30	1E-10	1E10	1E-30	1E-10	1E10	1E-30	1E-10	1E10	1E-30	1E-10	1E10	1E-30	1E-10
411	6.7E-12	1E10	1E10	1E-30	9.91264816820885E-11	1E10	1E-30	1E10	0.13456605492339	1E-30	4.22366646609391E-12	1.48573644308925	1E-30	1.62545059720848E-11	0.211499046684854	2.2639257101444E-10	1.88277599469051E-12	0.155334573647109	2.06706538294854E-10	3.69274791942403E-13	0.400014871894074	1.31931906404716E-11	2.49288184358361E-12	3.80064321979601	1E10	1E-30	1E-10	1E10	1E-30	1E-10	1E10	1E-30	1E-10	1E10	1E-30	1E-10	1E10	1E-30	1E-10	1E10	1E-30	1E-10	1E10	1E-30	1E-10	1E10	1E-30	1E-10	1E10	1E-30	1E-10	1E10	1E-30	1E-10
412	6.7E-12	1E10	1E10	1E-30	9.91264816820885E-11	1E10	1E-30	1E10	0.13456605492339	1E-30	4.22366646609391E-12	1.48573644308925	1E-30	1.62545059720848E-11	0.211499046684854	2.2639257101444E-10	1.88277599469051E-12	0.155334573647109	2.06706538294854E-10	3.69274791942403E-13	0.400014871894074	1.31931906404716E-11	2.49288184358361E-12	3.80064321979601	1E10	1E-30	1E-10	1E10	1E-30	1E-10	1E10	1E-30	1E-10	1E10	1E-30	1E-10	1E10	1E-30	1E-10	1E10	1E-30	1E-10	1E10	1E-30	1E-10	1E10	1E-30	1E-10	1E10	1E-30	1E-10	1E10	1E-30	1E-10
413	6.7E-12	1E10	1E10	1E-30	9.91264816820885E-11	1E10	1E-30	1E10	0.13456605492339	1E-30	4.22366646609391E-12	1.48573644308925	1E-30	1.62545059720848E-11	0.211499046684854	2.2639257101444E-10	1.88277599469051E-12	0.155334573647109	2.06706538294854E-10	3.69274791942403E-13	0.400014871894074	1.31931906404716E-11	2.49288184358361E-12	3.80064321979601	1E10	1E-30	1E-10	1E10	1E-30	1E-10	1E10	1E-30	1E-10	1E10	1E-30	1E-10	1E10	1E-30	1E-10	1E10	1E-30	1E-10	1E10	1E-30	1E-10	1E10	1E-30	1E-10	1E10	1E-30	1E-10	1E10	1E-30	1E-10
414	6.7E-12	1E10	1E10	1E-30	9.91264816820885E-11	1E10	1E-30	1E10	0.13456605492339	1E-30	4.22366646609391E-12	1.48573644308925	1E-30	1.62545059720848E-11	0.211499046684854	2.2639257101444E-10	1.88277599469051E-12	0.155334573647109	2.06706538294854E-10	3.69274791942403E-13	0.400014871894074	1.31931906404716E-11	2.49288184358361E-12	3.80064321979601	1E10	1E-30	1E-10	1E10	1E-30	1E-10	1E10	1E-30	1E-10	1E10	1E-30	1E-10	1E10	1E-30	1E-10	1E10	1E-30	1E-10	1E10	1E-30	1E-10	1E10	1E-30	1E-10	1E10	1E-30	1E-10	1E10	1E-30	1E-10
415	6.8E-12	1E10	1E10	1E-30	9.91264816820885E-11	1E10	1E-30	1E10	0.13456605492339	1E-30	4.22366646609391E-12	1.48573644308925	1E-30	1.62545059720848E-11	0.211499046684854	2.2639257101444E-10	1.88277599469051E-12	0.155334573647109	2.06706538294854E-10	3.69274791942403E-13	0.400014871894074	1.31931906404716E-11	2.49288184358361E-12	3.80064321979601	1E10	1E-30	1E-10	1E10	1E-30	1E-10	1E10	1E-30	1E-10	1E10	1E-30	1E-10	1E10	1E-30	1E-10	1E10	1E-30	1E-10	1E10	1E-30	1E-10	1E10	1E-30	1E-10	1E10	1E-30	1E-10	1E10	1E-30	1E-10
416	6.8E-12	1E10	1E10	1E-30	9.91264816820885E-11	1E10	1E-30	1E10	0.13456605492339	1E-30	4.22366646609391E-12	1.48573644308925	1E-30	1.62545059720848E-11	0.211499046684854	2.2639257101444E-10	1.88277599469051E-12	0.155334573647109	2.06706538294854E-10	3.69274791942403E-13	0.400014871894074	1.31931906404716E-11	2.49288184358361E-12	3.80064321979601	1E10	1E-30	1E-10	1E10	1E-30	1E-10	1E10	1E-30	1E-10	1E10	1E-30	1E-10	1E10	1E-30	1E-10	1E10	1E-30	1E-10	1E10	1E-30	1E-10	1E10	1E-30	1E-10	1E10	1E-30	1E-10	1E10	1E-30	1E-10
417	6.8E-12	1E10	1E10	1E-30	9.91264816820885E-11	1E10	1E-30	1E10	0.13456605492339	1E-30	4.22366646609391E-12	1.48573644308925	1E-30	1.62545059720848E-11	0.211499046684854	2.2639257101444E-10	1.88277599469051E-12	0.155334573647109	2.06706538294854E-10	3.69274791942403E-13	0.400014871894074	1.31931906404716E-11	2.49288184358361E-12	3.80064321979601	1E10	1E-30	1E-10	1E10	1E-30	1E-10	1E10	1E-30	1E-10	1E10	1E-30	1E-10	1E10	1E-30	1E-10	1E10	1E-30	1E-10	1E10	1E-30	1E-10	1E10	1E-30	1E-10	1E10	1E-30	1E-10	1E10	1E-30	1E-10
418	6.8E-12	1E10	1E10	1E-30	9.91264816820885E-11	1E10	1E-30	1E10	0.13456605492339	1E-30	4.22366646609391E-12	1.48573644308925	1E-30	1.62545059720848E-11	0.211499046684854	2.2639257101444E-10	1.88277599469051E-12	0.155334573647109	2.06706538294854E-10	3.69274791942403E-13	0.400014871894074	1.31931906404716E-11	2.49288184358361E-12	3.80064321979601	1E10	1E-30	1E-10	1E10	1E-30	1E-10	1E10	1E-30	1E-10	1E10	1E-30	1E-10	1E10	1E-30	1E-10	1E10	1E-30	1E-10	1E10	1E-30	1E-10	1E10	1E-30	1E-10	1E10	1E-30	1E-10	1E10	1E-30	1E-10
419	6.8E-12	1E10	1E10	1E-30	9.91264816820885E-11	1E10	1E-30	1E10	0.13456605492339	1E-30	4.22366646609391E-12	1.48573644308925	1E-30	1.62545059720848E-11	0.211499046684854	2.2639257101444E-10	1.88277599469051E-12	0.155334573647109	2.06706538294854E-10	3.69274791942403E-13	0.400014871894074	1.31931906404716E-11	2.49288184358361E-12	3.80064321979601	1E10	1E-30	1E-10	1E10	1E-30	1E-10	1E10	1E-30	1E-10	1E10	1E-30	1E-10	1E10	1E-30	1E-10	1E10	1E-30	1E-10	1E10	1E-30	1E-10	1E10	1E-30	1E-10	1E10	1E-30	1E-10	1E10	1E-30	1E-10
420	6.8E-12	1E10	1E10	1E-30	9.91264816820885E-11	1E10	1E-30	1E10	0.13456605492339	1E-30	4.22366646609391E-12	1.48573644308925	1E-30	1.62545059720848E-11	0.211499046684854	2.2639257101444E-10	1.88277599469051E-12	0.155334573647109	2.06706538294854E-10	3.69274791942403E-13	0.400014871894074	1.31931906404716E-11	2.49288184358361E-12	3.80064321979601	1E10	1E-30	1E-10	1E10	1E-30	1E-10	1E10	1E-30	1E-10	1E10	1E-30	1E-10	1E10	1E-30	1E-10	1E10	1E-30	1E-10	1E10	1E-30	1E-10	1E10	1E-30	1E-10	1E10	1E-30	1E-10	1E10	1E-30	1E-10
421	6.8E-12	1E10	1E10	1E-30	9.91264816820885E-11	1E10	1E-30	1E10	0.13456605492339	1E-30	4.22366646609391E-12	1.48573644308925	1E-30	1.62545059720848E-11	0.211499046684854	2.2639257101444E-10	1.88277599469051E-12	0.155334573647109	2.06706538294854E-10	3.69274791942403E-13	0.400014871894074	1.31931906404716E-11	2.49288184358361E-12	3.80064321979601	1E10	1E-30	1E-10	1E10	1E-30	1E-10	1E10	1E-30	1E-10	1E10	1E-30	1E-10	1E10	1E-30	1E-10	1E10	1E-30	1E-10	1E10	1E-30	1E-10	1E10	1E-30	1E-10	1E10	1E-30	1E-10	1E10	1E-30	1E-10
422	6.8E-12	1E10	1E10	1E-30	9.91264816820885E-11	1E10	1E-30	1E10	0.13456605492339	1E-30	4.22366646609391E-12	1.48573644308925	1E-30	1.62545059720848E-11	0.211499046684854	2.2639257101444E-10	1.88277599469051E-12	0.155334573647109	2.06706538294854E-10	3.69274791942403E-13	0.400014871894074	1.31931906404716E-11	2.49288184358361E-12	3.80064321979601	1E10	1E-30	1E-10	1E10	1E-30	1E-10	1E10	1E-30	1E-10	1E10	1E-30	1E-10	1E10	1E-30	1E-10	1E10	1E-30	1E-10	1E10	1E-30	1E-10	1E10	1E-30	1E-10	1E10	1E-30	1E-10	1E10	1E-30	1E-10
423	6.9E-12	1E10	1E10	1E-30	9.91264816820885E-11	1E10	1E-30	1E10	0.13456605492339	1E-30	4.22366646609391E-12	1.48573644308925	1E-30	1.62545059720848E-11	0.211499046684854	2.2639257101444E-10	1.88277599469051E-12	0.155334573647109	2.06706538294854E-10	3.69274791942403E-13	0.400014871894074	1.31931906404716E-11	2.49288184358361E-12	3.80064321979601	1E10	1E-30	1E-10	1E10	1E-30	1E-10	1E10	1E-30	1E-10	1E10	1E-30	1E-10	1E10	1E-30	1E-10	1E10	1E-30	1E-10	1E10	1E-30	1E-10	1E10	1E-30	1E-10	1E10	1E-30	1E-10	1E10	1E-30	1E-10
424	6.9E-12	1E10	1E10	1E-30	9.91264816820885E-11	1E10	1E-30	1E10	0.13456605492339	1E-30	4.22366646609391E-12	1.48573644308925	1E-30	1.62545059720848E-11	0.211499046684854	2.2639257101444E-10	1.88277599469051E-12	0.155334573647109	2.06706538294854E-10	3.69274791942403E-13	0.400014871894074	1.31931906404716E-11	2.49288184358361E-12	3.80064321979601	1E10	1E-30	1E-10	1E10	1E-30	1E-10	1E10	1E-30	1E-10	1E10	1E-30	1E-10	1E10	1E-30	1E-10	1E10	1E-30	1E-10	1E10	1E-30	1E-10	1E10	1E-30	1E-10	1E10	1E-30	1E-10	1E10	1E-30	1E-10
425	6.9E-12	1E10	1E10	1E-30	9.91264816820885E-11	1E10	1E-30	1E10	0.13456605492339	1E-30	4.22366646609391E-12	1.48573644308925	1E-30	1.62545059720848E-11	0.211499046684854	2.2639257101444E-10	1.88277599469051E-12	0.155334573647109	2.06706538294854E-10	3.69274791942403E-13	0.400014871894074	1.31931906404716E-11	2.49288184358361E-12	3.80064321979601	1E10	1E-30	1E-10	1E10	1E-30	1E-10	1E10	1E-30	1E-10	1E10	1E-30	1E-10	1E10	1E-30	1E-10	1E10	1E-30	1E-10	1E10	1E-30	1E-10	1E10	1E-30	1E-10	1E10	1E-30	1E-10	1E10	1E-30	1E-10
426	6.9E-12	1E10	1E10	1E-30	9.91264816820885E-11	1E10	1E-30	1E10	0.13456605492339	1E-30	4.22366646609391E-12	1.48573644308925	1E-30	1.62545059720848E-11	0.211499046684854	2.2639257101444E-10	1.88277599469051E-12	0.155334573647109	2.06706538294854E-10	3.69274791942403E-13	0.400014871894074	1.31931906404716E-11	2.49288184358361E-12	3.80064321979601	1E10	1E-30	1E-10	1E10	1E-30	1E-10	1E10	1E-30	1E-10	1E10	1E-30	1E-10	1E10	1E-30	1E-10	1E10	1E-30	1E-10	1E10	1E-30	1E-10	1E10	1E-30	1E-10	1E10	1E-30	1E-10	1E10	1E-30	1E-10
427	6.9E-12	1E10	1E10	1E-30	9.91264816820885E-11	1E10	1E-30	1E10	0.13456605492339	1E-30	4.22366646609391E-12	1.48573644308925	1E-30	1.62545059720848E-11	0.211499046684854	2.2639257101444E-10	1.88277599469051E-12	0.155334573647109	2.06706538294854E-10	3.69274791942403E-13	0.400014871894074	1.31931906404716E-11	2.49288184358361E-12	3.80064321979601	1E10	1E-30	1E-10	1E10	1E-30	1E-10	1E10	1E-30	1E-10	1E10	1E-30	1E-10	1E10	1E-30	1E-10	1E10	1E-30	1E-10	1E10	1E-30	1E-10	1E10	1E-30	1E-10	1E10	1E-30	1E-10	1E10	1E-30	1E-10
428	6.9E-12	1E10	1E10	1E-30	9.91264816820885E-11	1E10	1E-30	1E10	0.13456605492339	1E-30	4.22366646609391E-12	1.48573644308925	1E-30	1.62545059720848E-11	0.211499046684854	2.2639257101444E-10	1.88277599469051E-12	0.155334573647109	2.06706538294854E-10	3.69274791942403E-13	0.400014871894074	1.31931906404716E-11	2.49288184358361E-12	3.80064321979601	1E10	1E-30	1E-10	1E10	1E-30	1E-10	1E10	1E-30	1E-10	1E10	1E-30	1E-10	1E10	1E-30	1E-10	1E10	1E-30	1E-10	1E10	1E-30	1E-10	1E10	1E-30	1E-10	1E10	1E-30	1E-10	1E10	1E-30	1E-10
429	6.9E-12	1E10	1E10	1E-30	9.91264816820885E-11	1E10	1E-30	1E10	0.13456605492339	1E-30	4.22366646609391E-12	1.48573644308925	1E-30	1.62545059720848E-11	0.211499046684854	2.2639257101444E-10	1.88277599469051E-12	0.155334573647109	2.06706538294854E-10	3.69274791942403E-13	0.400014871894074	1.31931906404716E-11	2.49288184358361E-12	3.80064321979601	1E10	1E-30	1E-10	1E10	1E-30	1E-10	1E10	1E-30	1E-10	1E10	1E-30	1E-10	1E10	1E-30	1E-10	1E10	1E-30	1E-10	1E10	1E-30	1E-10	1E10	1E-30	1E-10	1E10	1E-30	1E-10	1E10	1E-30	1E-10
430	6.9E-12	1E10	1E10	1E-30	9.91264816820885E-11	1E10	1E-30	1E10	0.13456605492339	1E-30	4.22366646609391E-12	1.48573644308925	1E-30	1.62545059720848E-11	0.211499046684854	2.2639257101444E-10	1.88277599469051E-12	0.155334573647109	2.06706538294854E-10	3.69274791942403E-13	0.400014871894074	1.31931906404716E-11	2.49288184358361E-12	3.80064321979601	1E10	1E-30	1E-10	1E10	1E-30	1E-10	1E10	1E-30	1E-10	1E10	1E-30	1E-10	1E10	1E-30	1E-10	1E10	1E-30	1E-10	1E10	1E-30	1E-10	1E10	1E-30	1E-10	1E10	1E-30	1E-10	1E10	1E-30	1E-10
431	7E-12	1E10	1E10	1E-30	1.04424680632132E-10	1E10	1E-30	1E10	0.129	1E-30	2.87305473015732E-12	0.288835998606158	8.56789242148792E-11	5.3124713475516E-12	0.28104186902425	6.79215133125744E-11	1.27999272689944E-12	0.638176464806418	1.28888409017724E-11	2.94698024006491E-12	3.84802340803533	1E10	1E-30	1E-10	1E10	1E-30	1E-10	1E10	1E-30	1E-10	1E10	1E-30	1E-10	1E10	1E-30	1E-10	1E10	1E-30	1E-10	1E10	1E-30	1E-10	1E10	1E-30	1E-10	1E10	1E-30	1E-10	1E10	1E-30	1E-10	1E10	1E-30	1E-10
432	7E-12	1E10	1E10	1E-30	1.04424680632132E-10	1E10	1E-30	1E10	0.129	1E-30	2.87305473015732E-12	0.288835998606158	8.56789242148792E-11	5.3124713475516E-12	0.28104186902425	6.79215133125744E-11	1.27999272689944E-12	0.638176464806418	1.28888409017724E-11	2.94698024006491E-12	3.84802340803533	1E10	1E-30	1E-10	1E10	1E-30	1E-10	1E10	1E-30	1E-10	1E10	1E-30	1E-10	1E10	1E-30	1E-10	1E10	1E-30	1E-10	1E10	1E-30	1E-10	1E10	1E-30	1E-10	1E10	1E-30	1E-10	1E10	1E-30	1E-10	1E10	1E-30	1E-10
433	7E-12	1E10	1E10	1E-30	1.04424680632132E-10	1E10	1E-30	1E10	0.129	1E-30	2.87305473015732E-12	0.288835998606158	8.56789242148792E-11	5.3124713475516E-12	0.28104186902425	6.79215133125744E-11	1.27999272689944E-12	0.638176464806418	1.28888409017724E-11	2.94698024006491E-12	3.84802340803533	1E10	1E-30	1E-10	1E10	1E-30	1E-10	1E10	1E-30	1E-10	1E10	1E-30	1E-10	1E10	1E-30	1E-10	1E10	1E-30	1E-10	1E10	1E-30	1E-10	1E10	1E-30	1E-10	1E10	1E-30	1E-10	1E10	1E-30	1E-10	1E10	1E-30	1E-10
434	7E-12	1E10	1E10	1E-30	1.04424680632132E-10	1E10	1E-30	1E10	0.129	1E-30	2.87305473015732E-12	0.288835998606158	8.56789242148792E-11	5.3124713475516E-12	0.28104186902425	6.79215133125744E-11	1.27999272689944E-12	0.638176464806418	1.28888409017724E-11	2.94698024006491E-12	3.84802340803533	1E10	1E-30	1E-10	1E10	1E-30	1E-10	1E10	1E-30	1E-10	1E10	1E-30	1E-10	1E10	1E-30	1E-10	1E10	1E-30	1E-10	1E10	1E-30	1E-10	1E10	1E-30	1E-10	1E10	1E-30	1E-10	1E10	1E-30	1E-10	1E10	1E-30	1E-10
435	7E-12	1E10	1E10	1E-30	1.04424680632132E-10	1E10	1E-30	1E10	0.129	1E-30	2.87305473015732E-12	0.288835998606158	8.56789242148792E-11	5.3124713475516E-12	0.28104186902425	6.79215133125744E-11	1.27999272689944E-12	0.638176464806418	1.28888409017724E-11	2.94698024006491E-12	3.84802340803533	1E10	1E-30	1E-10	1E10	1E-30	1E-10	1E10	1E-30	1E-10	1E10	1E-30	1E-10	1E10	1E-30	1E-10	1E10	1E-30	1E-10	1E10	1E-30	1E-10	1E10	1E-30	1E-10	1E10	1E-30	1E-10	1E10	1E-30	1E-10	1E10	1E-30	1E-10
436	7E-12	1E10	1E10	1E-30	1.04424680632132E-10	1E10	1E-30	1E10	0.129	1E-30	2.87305473015732E-12	0.288835998606158	8.56789242148792E-11	5.3124713475516E-12	0.28104186902425	6.79215133125744E-11	1.27999272689944E-12	0.638176464806418	1.28888409017724E-11	2.94698024006491E-12	3.84802340803533	1E10	1E-30	1E-10	1E10	1E-30	1E-10	1E10	1E-30	1E-10	1E10	1E-30	1E-10	1E10	1E-30	1E-10	1E10	1E-30	1E-10	1E10	1E-30	1E-10	1E10	1E-30	1E-10	1E10	1E-30	1E-10	1E10	1E-30	1E-10	1E10	1E-30	1E-10
437	7E-12	1E10	1E10	1E-30	1.04424680632132E-10	1E10	1E-30	1E10	0.129	1E-30	2.87305473015732E-12	0.288835998606158	8.56789242148792E-11	5.3124713475516E-12	0.28104186902425	6.79215133125744E-11	1.27999272689944E-12	0.638176464806418	1.28888409017724E-11	2.94698024006491E-12	3.84802340803533	1E10	1E-30	1E-10	1E10	1E-30	1E-10	1E10	1E-30	1E-10	1E10	1E-30	1E-10	1E10	1E-30	1E-10	1E10	1E-30	1E-10	1E10	1E-30	1E-10	1E10	1E-30	1E-10	1E10	1E-30	1E-10	1E10	1E-30	1E-10	1E10	1E-30	1E-10
438	7E-12	1E10	1E10	1E-30	1.04424680632132E-10	1E10	1E-30	1E10	0.129	1E-30	2.87305473015732E-12	0.288835998606158	8.56789242148792E-11	5.3124713475516E-12	0.28104186902425	6.79215133125744E-11	1.27999272689944E-12	0.638176464806418	1.28888409017724E-11	2.94698024006491E-12	3.84802340803533	1E10	1E-30	1E-10	1E10	1E-30	1E-10	1E10	1E-30	1E-10	1E10	1E-30	1E-10	1E10	1E-30	1E-10	1E10	1E-30	1E-10	1E10	1E-30	1E-10	1E10	1E-30	1E-10	1E10	1E-30	1E-10	1E10	1E-30	1E-10	1E10	1E-30	1E-10
439	7.09999999999999E-12	1E10	1E10	1E-30	1.04424680632132E-10	1E10	1E-30	1E10	0.129	1E-30	2.87305473015732E-12	0.288835998606158	8.56789242148792E-11	5.3124713475516E-12	0.28104186902425	6.79215133125744E-11	1.27999272689944E-12	0.638176464806418	1.28888409017724E-11	2.94698024006491E-12	3.84802340803533	1E10	1E-30	1E-10	1E10	1E-30	1E-10	1E10	1E-30	1E-10	1E10	1E-30	1E-10	1E10	1E-30	1E-10	1E10	1E-30	1E-10	1E10	1E-30	1E-10	1E10	1E-30	1E-10	1E10	1E-30	1E-10	1E10	1E-30	1E-10	1E10	1E-30	1E-10
440	7.09999999999999E-12	1E10	1E10	1E-30	1.04424680632132E-10	1E10	1E-30	1E10	0.129	1E-30	2.87305473015732E-12	0.288835998606158	8.56789242148792E-11	5.3124713475516E-12	0.28104186902425	6.79215133125744E-11	1.27999272689944E-12	0.638176464806418	1.28888409017724E-11	2.94698024006491E-12	3.84802340803533	1E10	1E-30	1E-10	1E10	1E-30	1E-10	1E10	1E-30	1E-10	1E10	1E-30	1E-10	1E10	1E-30	1E-10	1E10	1E-30	1E-10	1E10	1E-30	1E-10	1E10	1E-30	1E-10	1E10	1E-30	1E-10	1E10	1E-30	1E-10	1E10	1E-30	1E-10
441	7.09999999999999E-12	1E10	1E10	1E-30	1.04424680632132E-10	1E10	1E-30	1E10	0.129	1E-30	2.87305473015732E-12	0.288835998606158	8.56789242148792E-11	5.3124713475516E-12	0.28104186902425	6.79215133125744E-11	1.27999272689944E-12	0.638176464806418	1.28888409017724E-11	2.94698024006491E-12	3.84802340803533	1E10	1E-30	1E-10	1E10	1E-30	1E-10	1E10	1E-30	1E-10	1E10	1E-30	1E-10	1E10	1E-30	1E-10	1E10	1E-30	1E-10	1E10	1E-30	1E-10	1E10	1E-30	1E-10	1E10	1E-30	1E-10	1E10	1E-30	1E-10	1E10	1E-30	1E-10
442	7.09999999999999E-12	1E10	1E10	1E-30	1.04424680632132E-10	1E10	1E-30	1E10	0.129	1E-30	2.87305473015732E-12	0.288835998606158	8.56789242148792E-11	5.3124713475516E-12	0.28104186902425	6.79215133125744E-11	1.27999272689944E-12	0.638176464806418	1.28888409017724E-11	2.94698024006491E-12	3.84802340803533	1E10	1E-30	1E-10	1E10	1E-30	1E-10	1E10	1E-30	1E-10	1E10	1E-30	1E-10	1E10	1E-30	1E-10	1E10	1E-30	1E-10	1E10	1E-30	1E-10	1E10	1E-30	1E-10	1E10	1E-30	1E-10	1E10	1E-30	1E-10	1E10	1E-30	1E-10
443	7.09999999999999E-12	1E10	1E10	1E-30	1.04424680632132E-10	1E10	1E-30	1E10	0.129	1E-30	2.87305473015732E-12	0.288835998606158	8.56789242148792E-11	5.3124713475516E-12	0.28104186902425	6.79215133125744E-11	1.27999272689944E-12	0.638176464806418	1.28888409017724E-11	2.94698024006491E-12	3.84802340803533	1E10	1E-30	1E-10	1E10	1E-30	1E-10	1E10	1E-30	1E-10	1E10	1E-30	1E-10	1E10	1E-30	1E-10	1E10	1E-30	1E-10	1E10	1E-30	1E-10	1E10	1E-30	1E-10	1E10	1E-30	1E-10	1E10	1E-30	1E-10	1E10	1E-30	1E-10
444	7.09999999999999E-12	1E10	1E10	1E-30	1.04424680632132E-10	1E10	1E-30	1E10	0.129	1E-30	2.87305473015732E-12	0.288835998606158	8.56789242148792E-11	5.3124713475516E-12	0.28104186902425	6.79215133125744E-11	1.27999272689944E-12	0.638176464806418	1.28888409017724E-11	2.94698024006491E-12	3.84802340803533	1E10	1E-30	1E-10	1E10	1E-30	1E-10	1E10	1E-30	1E-10	1E10	1E-30	1E-10	1E10	1E-30	1E-10	1E10	1E-30	1E-10	1E10	1E-30	1E-10	1E10	1E-30	1E-10	1E10	1E-30	1E-10	1E10	1E-30	1E-10	1E10	1E-30	1E-10
445	7.09999999999999E-12	1E10	1E10	1E-30	1.04424680632132E-10	1E10	1E-30	1E10	0.129	1E-30	2.87305473015732E-12	0.288835998606158	8.56789242148792E-11	5.3124713475516E-12	0.28104186902425	6.79215133125744E-11	1.27999272689944E-12	0.638176464806418	1.28888409017724E-11	2.94698024006491E-12	3.84802340803533	1E10	1E-30	1E-10	1E10	1E-30	1E-10	1E10	1E-30	1E-10	1E10	1E-30	1E-10	1E10	1E-30	1E-10	1E10	1E-30	1E-10	1E10	1E-30	1E-10	1E10	1E-30	1E-10	1E10	1E-30	1E-10	1E10	1E-30	1E-10	1E10	1E-30	1E-10
446	7.09999999999999E-12	1E10	1E10	1E-30	1.04424680632132E-10	1E10	1E-30	1E10	0.129	1E-30	2.87305473015732E-12	0.288835998606158	8.56789242148792E-11	5.3124713475516E-12	0.28104186902425	6.79215133125744E-11	1.27999272689944E-12	0.638176464806418	1.28888409017724E-11	2.94698024006491E-12	3.84802340803533	1E10	1E-30	1E-10	1E10	1E-30	1E-10	1E10	1E-30	1E-10	1E10	1E-30	1E-10	1E10	1E-30	1E-10	1E10	1E-30	1E-10	1E10	1E-30	1E-10	1E10	1E-30	1E-10	1E10	1E-30	1E-10	1E10	1E-30	1E-10	1E10	1E-30	1E-10
447	7.2E-12	1E10	1E10	1E-30	1.04424680632132E-10	1E10	1E-30	1E10	0.129	1E-30	2.87305473015732E-12	0.288835998606158	8.56789242148792E-11	5.3124713475516E-12	0.28104186902425	6.79215133125744E-11	1.27999272689944E-12	0.638176464806418	1.28888409017724E-11	2.94698024006491E-12	3.84802340803533	1E10	1E-30	1E-10	1E10	1E-30	1E-10	1E10	1E-30	1E-10	1E10	1E-30	1E-10	1E10	1E-30	1E-10	1E10	1E-30	1E-10	1E10	1E-30	1E-10	1E10	1E-30	1E-10	1E10	1E-30	1E-10	1E10	1E-30	1E-10	1E10	1E-30	1E-10
448	7.2E-12	1E10	1E10	1E-30	1.04424680632132E-10	1E10	1E-30	1E10	0.129	1E-30	2.87305473015732E-12	0.288835998606158	8.56789242148792E-11	5.3124713475516E-12	0.28104186902425	6.79215133125744E-11	1.27999272689944E-12	0.638176464806418	1.28888409017724E-11	2.94698024006491E-12	3.84802340803533	1E10	1E-30	1E-10	1E10	1E-30	1E-10	1E10	1E-30	1E-10	1E10	1E-30	1E-10	1E10	1E-30	1E-10	1E10	1E-30	1E-10	1E10	1E-30	1E-10	1E10	1E-30	1E-10	1E10	1E-30	1E-10	1E10	1E-30	1E-10	1E10	1E-30	1E-10
449	7.2E-12	1E10	1E10	1E-30	1.04424680632132E-10	1E10	1E-30	1E10	0.129	1E-30	2.87305473015732E-12	0.288835998606158	8.56789242148792E-11	5.3124713475516E-12	0.28104186902425	6.79215133125744E-11	1.27999272689944E-12	0.638176464806418	1.28888409017724E-11	2.94698024006491E-12	3.84802340803533	1E10	1E-30	1E-10	1E10	1E-30	1E-10	1E10	1E-30	1E-10	1E10	1E-30	1E-10	1E10	1E-30	1E-10	1E10	1E-30	1E-10	1E10	1E-30	1E-10	1E10	1E-30	1E-10	1E10	1E-30	1E-10	1E10	1E-30	1E-10	1E10	1E-30	1E-10
450	7.2E-12	1E10	1E10	1E-30	1.04424680632132E-10	1E10	1E-30	1E10	0.129	1E-30	2.87305473015732E-12	0.288835998606158	8.56789242148792E-11	5.3124713475516E-12	0.28104186902425	6.79215133125744E-11	1.27999272689944E-12	0.638176464806418	1.28888409017724E-11	2.94698024006491E-12	3.84802340803533	1E10	1E-30	1E-10	1E10	1E-30	1E-10	1E10	1E-30	1E-10	1E10	1E-30	1E-10	1E10	1E-30	1E-10	1E10	1E-30	1E-10	1E10	1E-30	1E-10	1E10	1E-30	1E-10	1E10	1E-30	1E-10	1E10	1E-30	1E-10	1E10	1E-30	1E-10
451	7.2E-12	1E10	1E10	1E-30	1.04424680632132E-10	1E10	1E-30	1E10	0.129	1E-30	2.87305473015732E-12	0.288835998606158	8.56789242148792E-11	5.3124713475516E-12	0.28104186902425	6.79215133125744E-11	1.27999272689944E-12	0.638176464806418	1.28888409017724E-11	2.94698024006491E-12	3.84802340803533	1E10	1E-30	1E-10	1E10	1E-30	1E-10	1E10	1E-30	1E-10	1E10	1E-30	1E-10	1E10	1E-30	1E-10	1E10	1E-30	1E-10	1E10	1E-30	1E-10	1E10	1E-30	1E-10	1E10	1E-30	1E-10	1E10	1E-30	1E-10	1E10	1E-30	1E-10
452	7.2E-12	1E10	1E10	1E-30	1.04424680632132E-10	1E10	1E-30	1E10	0.129	1E-30	2.87305473015732E-12	0.288835998606158	8.56789242148792E-11	5.3124713475516E-12	0.28104186902425	6.79215133125744E-11	1.27999272689944E-12	0.638176464806418	1.28888409017724E-11	2.94698024006491E-12	3.84802340803533	1E10	1E-30	1E-10	1E10	1E-30	1E-10	1E10	1E-30	1E-10	1E10	1E-30	1E-10	1E10	1E-30	1E-10	1E10	1E-30	1E-10	1E10	1E-30	1E-10	1E10	1E-30	1E-10	1E10	1E-30	1E-10	1E10	1E-30	1E-10	1E10	1E-30	1E-10
453	7.2E-12	1E10	1E10	1E-30	1.04424680632132E-10	1E10	1E-30	1E10	0.129	1E-30	2.87305473015732E-12	0.288835998606158	8.56789242148792E-11	5.3124713475516E-12	0.28104186902425	6.79215133125744E-11	1.27999272689944E-12	0.638176464806418	1.28888409017724E-11	2.94698024006491E-12	3.84802340803533	1E10	1E-30	1E-10	1E10	1E-30	1E-10	1E10	1E-30	1E-10	1E10	1E-30	1E-10	1E10	1E-30	1E-10	1E10	1E-30	1E-10	1E10	1E-30	1E-10	1E10	1E-30	1E-10	1E10	1E-30	1E-10	1E10	1E-30	1E-10	1E10	1E-30	1E-10
454	7.2E-12	1E10	1E10	1E-30	1.04424680632132E-10	1E10	1E-30	1E10	0.129	1E-30	2.87305473015732E-12	0.288835998606158	8.56789242148792E-11	5.3124713475516E-12	0.28104186902425	6.79215133125744E-11	1.27999272689944E-12	0.638176464806418	1.28888409017724E-11	2.94698024006491E-12	3.84802340803533	1E10	1E-30	1E-10	1E10	1E-30	1E-10	1E10	1E-30	1E-10	1E10	1E-30	1E-10	1E10	1E-30	1E-10	1E10	1E-30	1E-10	1E10	1E-30	1E-10	1E10	1E-30	1E-10	1E10	1E-30	1E-10	1E10	1E-30	1E-10	1E10	1E-30	1E-10
455	7.3E-12	1E10	1E10	1E-30	1.02801985875406E-10	1E10	1E-30	1E10	0.127	1E-30	2.69157286584411E-12	0.221547660997968	1E-30	1.19489910211344E-11	0.141518141937982	2.14717291017439E-10	2.12747178642358E-12	0.164519465701462	1.36197031257965E-10	6.46596791980409E-13	0.455779387369491	1.31425075063195E-11	2.92654135173037E-12	4.43692555492529	1E10	1E-30	1E-10	1E10	1E-30	1E-10	1E10	1E-30	1E-10	1E10	1E-30	1E-10	1E10	1E-30	1E-10	1E10	1E-30	1E-10	1E10	1E-30	1E-10	1E10	1E-30	1E-10	1E10	1E-30	1E-10	1E10	1E-30	1E-10
456	7.3E-12	1E10	1E10	1E-30	1.02801985875406E-10	1E10	1E-30	1E10	0.127	1E-30	2.69157286584411E-12	0.221547660997968	1E-30	1.19489910211344E-11	0.141518141937982	2.14717291017439E-10	2.12747178642358E-12	0.164519465701462	1.36197031257965E-10	6.46596791980409E-13	0.455779387369491	1.31425075063195E-11	2.92654135173037E-12	4.43692555492529	1E10	1E-30	1E-10	1E10	1E-30	1E-10	1E10	1E-30	1E-10	1E10	1E-30	1E-10	1E10	1E-30	1E-10	1E10	1E-30	1E-10	1E10	1E-30	1E-10	1E10	1E-30	1E-10	1E10	1E-30	1E-10	1E10	1E-30	1E-10
457	7.3E-12	1E10	1E10	1E-30	1.02801985875406E-10	1E10	1E-30	1E10	0.127	1E-30	2.69157286584411E-12	0.221547660997968	1E-30	1.19489910211344E-11	0.141518141937982	2.14717291017439E-10	2.12747178642358E-12	0.164519465701462	1.36197031257965E-10	6.46596791980409E-13	0.455779387369491	1.31425075063195E-11	2.92654135173037E-12	4.43692555492529	1E10	1E-30	1E-10	1E10	1E-30	1E-10	1E10	1E-30	1E-10	1E10	1E-30	1E-10	1E10	1E-30	1E-10	1E10	1E-30	1E-10	1E10	1E-30	1E-10	1E10	1E-30	1E-10	1E10	1E-30	1E-10	1E10	1E-30	1E-10
458	7.3E-12	1E10	1E10	1E-30	1.02801985875406E-10	1E10	1E-30	1E10	0.127	1E-30	2.69157286584411E-12	0.221547660997968	1E-30	1.19489910211344E-11	0.141518141937982	2.14717291017439E-10	2.12747178642358E-12	0.164519465701462	1.36197031257965E-10	6.46596791980409E-13	0.455779387369491	1.31425075063195E-11	2.92654135173037E-12	4.43692555492529	1E10	1E-30	1E-10	1E10	1E-30	1E-10	1E10	1E-30	1E-10	1E10	1E-30	1E-10	1E10	1E-30	1E-10	1E10	1E-30	1E-10	1E10	1E-30	1E-10	1E10	1E-30	1E-10	1E10	1E-30	1E-10	1E10	1E-30	1E-10
459	7.3E-12	1E10	1E10	1E-30	1.02801985875406E-10	1E10	1E-30	1E10	0.127	1E-30	2.69157286584411E-12	0.221547660997968	1E-30	1.19489910211344E-11	0.141518141937982	2.14717291017439E-10	2.12747178642358E-12	0.164519465701462	1.36197031257965E-10	6.46596791980409E-13	0.455779387369491	1.31425075063195E-11	2.92654135173037E-12	4.43692555492529	1E10	1E-30	1E-10	1E10	1E-30	1E-10	1E10	1E-30	1E-10	1E10	1E-30	1E-10	1E10	1E-30	1E-10	1E10	1E-30	1E-10	1E10	1E-30	1E-10	1E10	1E-30	1E-10	1E10	1E-30	1E-10	1E10	1E-30	1E-10
460	7.3E-12	1E10	1E10	1E-30	1.02801985875406E-10	1E10	1E-30	1E10	0.127	1E-30	2.69157286584411E-12	0.221547660997968	1E-30	1.19489910211344E-11	0.141518141937982	2.14717291017439E-10	2.12747178642358E-12	0.164519465701462	1.36197031257965E-10	6.46596791980409E-13	0.455779387369491	1.31425075063195E-11	2.92654135173037E-12	4.43692555492529	1E10	1E-30	1E-10	1E10	1E-30	1E-10	1E10	1E-30	1E-10	1E10	1E-30	1E-10	1E10	1E-30	1E-10	1E10	1E-30	1E-10	1E10	1E-30	1E-10	1E10	1E-30	1E-10	1E10	1E-30	1E-10	1E10	1E-30	1E-10
461	7.3E-12	1E10	1E10	1E-30	1.02801985875406E-10	1E10	1E-30	1E10	0.127	1E-30	2.69157286584411E-12	0.221547660997968	1E-30	1.19489910211344E-11	0.141518141937982	2.14717291017439E-10	2.12747178642358E-12	0.164519465701462	1.36197031257965E-10	6.46596791980409E-13	0.455779387369491	1.31425075063195E-11	2.92654135173037E-12	4.43692555492529	1E10	1E-30	1E-10	1E10	1E-30	1E-10	1E10	1E-30	1E-10	1E10	1E-30	1E-10	1E10	1E-30	1E-10	1E10	1E-30	1E-10	1E10	1E-30	1E-10	1E10	1E-30	1E-10	1E10	1E-30	1E-10	1E10	1E-30	1E-10
462	7.3E-12	1E10	1E10	1E-30	1.02801985875406E-10	1E10	1E-30	1E10	0.127	1E-30	2.69157286584411E-12	0.221547660997968	1E-30	1.19489910211344E-11	0.141518141937982	2.14717291017439E-10	2.12747178642358E-12	0.164519465701462	1.36197031257965E-10	6.46596791980409E-13	0.455779387369491	1.31425075063195E-11	2.92654135173037E-12	4.43692555492529	1E10	1E-30	1E-10	1E10	1E-30	1E-10	1E10	1E-30	1E-10	1E10	1E-30	1E-10	1E10	1E-30	1E-10	1E10	1E-30	1E-10	1E10	1E-30	1E-10	1E10	1E-30	1E-10	1E10	1E-30	1E-10	1E10	1E-30	1E-10
463	7.4E-12	1E10	1E10	1E-30	1.02801985875406E-10	1E10	1E-30	1E10	0.127	1E-30	2.69157286584411E-12	0.221547660997968	1E-30	1.19489910211344E-11	0.141518141937982	2.14717291017439E-10	2.12747178642358E-12	0.164519465701462	1.36197031257965E-10	6.46596791980409E-13	0.455779387369491	1.31425075063195E-11	2.92654135173037E-12	4.43692555492529	1E10	1E-30	1E-10	1E10	1E-30	1E-10	1E10	1E-30	1E-10	1E10	1E-30	1E-10	1E10	1E-30	1E-10	1E10	1E-30	1E-10	1E10	1E-30	1E-10	1E10	1E-30	1E-10	1E10	1E-30	1E-10	1E10	1E-30	1E-10
464	7.4E-12	1E10	1E10	1E-30	1.02801985875406E-10	1E10	1E-30	1E10	0.127	1E-30	2.69157286584411E-12	0.221547660997968	1E-30	1.19489910211344E-11	0.141518141937982	2.14717291017439E-10	2.12747178642358E-12	0.164519465701462	1.36197031257965E-10	6.46596791980409E-13	0.455779387369491	1.31425075063195E-11	2.92654135173037E-12	4.43692555492529	1E10	1E-30	1E-10	1E10	1E-30	1E-10	1E10	1E-30	1E-10	1E10	1E-30	1E-10	1E10	1E-30	1E-10	1E10	1E-30	1E-10	1E10	1E-30	1E-10	1E10	1E-30	1E-10	1E10	1E-30	1E-10	1E10	1E-30	1E-10
465	7.4E-12	1E10	1E10	1E-30	1.02801985875406E-10	1E10	1E-30	1E10	0.127	1E-30	2.69157286584411E-12	0.221547660997968	1E-30	1.19489910211344E-11	0.141518141937982	2.14717291017439E-10	2.12747178642358E-12	0.164519465701462	1.36197031257965E-10	6.46596791980409E-13	0.455779387369491	1.31425075063195E-11	2.92654135173037E-12	4.43692555492529	1E10	1E-30	1E-10	1E10	1E-30	1E-10	1E10	1E-30	1E-10	1E10	1E-30	1E-10	1E10	1E-30	1E-10	1E10	1E-30	1E-10	1E10	1E-30	1E-10	1E10	1E-30	1E-10	1E10	1E-30	1E-10	1E10	1E-30	1E-10
466	7.4E-12	1E10	1E10	1E-30	1.02801985875406E-10	1E10	1E-30	1E10	0.127	1E-30	2.69157286584411E-12	0.221547660997968	1E-30	1.19489910211344E-11	0.141518141937982	2.14717291017439E-10	2.12747178642358E-12	0.164519465701462	1.36197031257965E-10	6.46596791980409E-13	0.455779387369491	1.31425075063195E-11	2.92654135173037E-12	4.43692555492529	1E10	1E-30	1E-10	1E10	1E-30	1E-10	1E10	1E-30	1E-10	1E10	1E-30	1E-10	1E10	1E-30	1E-10	1E10	1E-30	1E-10	1E10	1E-30	1E-10	1E10	1E-30	1E-10	1E10	1E-30	1E-10	1E10	1E-30	1E-10
467	7.4E-12	1E10	1E10	1E-30	1.02801985875406E-10	1E10	1E-30	1E10	0.127	1E-30	2.69157286584411E-12	0.221547660997968	1E-30	1.19489910211344E-11	0.141518141937982	2.14717291017439E-10	2.12747178642358E-12	0.164519465701462	1.36197031257965E-10	6.46596791980409E-13	0.455779387369491	1.31425075063195E-11	2.92654135173037E-12	4.43692555492529	1E10	1E-30	1E-10	1E10	1E-30	1E-10	1E10	1E-30	1E-10	1E10	1E-30	1E-10	1E10	1E-30	1E-10	1E10	1E-30	1E-10	1E10	1E-30	1E-10	1E10	1E-30	1E-10	1E10	1E-30	1E-10	1E10	1E-30	1E-10
468	7.4E-12	1E10	1E10	1E-30	1.02801985875406E-10	1E10	1E-30	1E10	0.127	1E-30	2.69157286584411E-12	0.221547660997968	1E-30	1.19489910211344E-11	0.141518141937982	2.14717291017439E-10	2.12747178642358E-12	0.164519465701462	1.36197031257965E-10	6.46596791980409E-13	0.455779387369491	1.31425075063195E-11	2.92654135173037E-12	4.43692555492529	1E10	1E-30	1E-10	1E10	1E-30	1E-10	1E10	1E-30	1E-10	1E10	1E-30	1E-10	1E10	1E-30	1E-10	1E10	1E-30	1E-10	1E10	1E-30	1E-10	1E10	1E-30	1E-10	1E10	1E-30	1E-10	1E10	1E-30	1E-10
469	7.4E-12	1E10	1E10	1E-30	1.02801985875406E-10	1E10	1E-30	1E10	0.127	1E-30	2.69157286584411E-12	0.221547660997968	1E-30	1.19489910211344E-11	0.141518141937982	2.14717291017439E-10	2.12747178642358E-12	0.164519465701462	1.36197031257965E-10	6.46596791980409E-13	0.455779387369491	1.31425075063195E-11	2.92654135173037E-12	4.43692555492529	1E10	1E-30	1E-10	1E10	1E-30	1E-10	1E10	1E-30	1E-10	1E10	1E-30	1E-10	1E10	1E-30	1E-10	1E10	1E-30	1E-10	1E10	1E-30	1E-10	1E10	1E-30	1E-10	1E10	1E-30	1E-10	1E10	1E-30	1E-10
470	7.4E-12	1E10	1E10	1E-30	1.02801985875406E-10	1E10	1E-30	1E10	0.127	1E-30	2.69157286584411E-12	0.221547660997968	1E-30	1.19489910211344E-11	0.141518141937982	2.14717291017439E-10	2.12747178642358E-12	0.164519465701462	1.36197031257965E-10	6.46596791980409E-13	0.455779387369491	1.31425075063195E-11	2.92654135173037E-12	4.43692555492529	1E10	1E-30	1E-10	1E10	1E-30	1E-10	1E10	1E-30	1E-10	1E10	1E-30	1E-10	1E10	1E-30	1E-10	1E10	1E-30	1E-10	1E10	1E-30	1E-10	1E10	1E-30	1E-10	1E10	1E-30	1E-10	1E10	1E-30	1E-10
471	7.5E-12	1E10	1E10	1E-30	1.02801985875406E-10	1E10	1E-30	1E10	0.127	1E-30	2.69157286584411E-12	0.221547660997968	1E-30	1.19489910211344E-11	0.141518141937982	2.14717291017439E-10	2.12747178642358E-12	0.164519465701462	1.36197031257965E-10	6.46596791980409E-13	0.455779387369491	1.31425075063195E-11	2.92654135173037E-12	4.43692555492529	1E10	1E-30	1E-10	1E10	1E-30	1E-10	1E10	1E-30	1E-10	1E10	1E-30	1E-10	1E10	1E-30	1E-10	1E10	1E-30	1E-10	1E10	1E-30	1E-10	1E10	1E-30	1E-10	1E10	1E-30	1E-10	1E10	1E-30	1E-10
472	7.5E-12	1E10	1E10	1E-30	1.02801985875406E-10	1E10	1E-30	1E10	0.127	1E-30	2.69157286584411E-12	0.221547660997968	1E-30	1.19489910211344E-11	0.141518141937982	2.14717291017439E-10	2.12747178642358E-12	0.164519465701462	1.36197031257965E-10	6.46596791980409E-13	0.455779387369491	1.31425075063195E-11	2.92654135173037E-12	4.43692555492529	1E10	1E-30	1E-10	1E10	1E-30	1E-10	1E10	1E-30	1E-10	1E10	1E-30	1E-10	1E10	1E-30	1E-10	1E10	1E-30	1E-10	1E10	1E-30	1E-10	1E10	1E-30	1E-10	1E10	1E-30	1E-10	1E10	1E-30	1E-10
473	7.5E-12	1E10	1E10	1E-30	1.02801985875406E-10	1E10	1E-30	1E10	0.127	1E-30	2.69157286584411E-12	0.221547660997968	1E-30	1.19489910211344E-11	0.141518141937982	2.14717291017439E-10	2.12747178642358E-12	0.164519465701462	1.36197031257965E-10	6.46596791980409E-13	0.455779387369491	1.31425075063195E-11	2.92654135173037E-12	4.43692555492529	1E10	1E-30	1E-10	1E10	1E-30	1E-10	1E10	1E-30	1E-10	1E10	1E-30	1E-10	1E10	1E-30	1E-10	1E10	1E-30	1E-10	1E10	1E-30	1E-10	1E10	1E-30	1E-10	1E10	1E-30	1E-10	1E10	1E-30	1E-10
474	7.5E-12	1E10	1E10	1E-30	1.02801985875406E-10	1E10	1E-30	1E10	0.127	1E-30	2.69157286584411E-12	0.221547660997968	1E-30	1.19489910211344E-11	0.141518141937982	2.14717291017439E-10	2.12747178642358E-12	0.164519465701462	1.36197031257965E-10	6.46596791980409E-13	0.455779387369491	1.31425075063195E-11	2.92654135173037E-12	4.43692555492529	1E10	1E-30	1E-10	1E10	1E-30	1E-10	1E10	1E-30	1E-10	1E10	1E-30	1E-10	1E10	1E-30	1E-10	1E10	1E-30	1E-10	1E10	1E-30	1E-10	1E10	1E-30	1E-10	1E10	1E-30	1E-10	1E10	1E-30	1E-10
475	7.5E-12	1E10	1E10	1E-30	1.02801985875406E-10	1E10	1E-30	1E10	0.127	1E-30	2.69157286584411E-12	0.221547660997968	1E-30	1.19489910211344E-11	0.141518141937982	2.14717291017439E-10	2.12747178642358E-12	0.164519465701462	1.36197031257965E-10	6.46596791980409E-13	0.455779387369491	1.31425075063195E-11	2.92654135173037E-12	4.43692555492529	1E10	1E-30	1E-10	1E10	1E-30	1E-10	1E10	1E-30	1E-10	1E10	1E-30	1E-10	1E10	1E-30	1E-10	1E10	1E-30	1E-10	1E10	1E-30	1E-10	1E10	1E-30	1E-10	1E10	1E-30	1E-10	1E10	1E-30	1E-10
476	7.5E-12	1E10	1E10	1E-30	1.02801985875406E-10	1E10	1E-30	1E10	0.127	1E-30	2.69157286584411E-12	0.221547660997968	1E-30	1.19489910211344E-11	0.141518141937982	2.14717291017439E-10	2.12747178642358E-12	0.164519465701462	1.36197031257965E-10	6.46596791980409E-13	0.455779387369491	1.31425075063195E-11	2.92654135173037E-12	4.43692555492529	1E10	1E-30	1E-10	1E10	1E-30	1E-10	1E10	1E-30	1E-10	1E10	1E-30	1E-10	1E10	1E-30	1E-10	1E10	1E-30	1E-10	1E10	1E-30	1E-10	1E10	1E-30	1E-10	1E10	1E-30	1E-10	1E10	1E-30	1E-10
477	7.5E-12	1E10	1E10	1E-30	1.02801985875406E-10	1E10	1E-30	1E10	0.127	1E-30	2.69157286584411E-12	0.221547660997968	1E-30	1.19489910211344E-11	0.141518141937982	2.14717291017439E-10	2.12747178642358E-12	0.164519465701462	1.36197031257965E-10	6.46596791980409E-13	0.455779387369491	1.31425075063195E-11	2.92654135173037E-12	4.43692555492529	1E10	1E-30	1E-10	1E10	1E-30	1E-10	1E10	1E-30	1E-10	1E10	1E-30	1E-10	1E10	1E-30	1E-10	1E10	1E-30	1E-10	1E10	1E-30	1E-10	1E10	1E-30	1E-10	1E10	1E-30	1E-10	1E10	1E-30	1E-10
478	7.5E-12	1E10	1E10	1E-30	1.02801985875406E-10	1E10	1E-30	1E10	0.127	1E-30	2.69157286584411E-12	0.221547660997968	1E-30	1.19489910211344E-11	0.141518141937982	2.14717291017439E-10	2.12747178642358E-12	0.164519465701462	1.36197031257965E-10	6.46596791980409E-13	0.455779387369491	1.31425075063195E-11	2.92654135173037E-12	4.43692555492529	1E10	1E-30	1E-10	1E10	1E-30	1E-10	1E10	1E-30	1E-10	1E10	1E-30	1E-10	1E10	1E-30	1E-10	1E10	1E-30	1E-10	1E10	1E-30	1E-10	1E10	1E-30	1E-10	1E10	1E-30	1E-10	1E10	1E-30	1E-10
479	7.6E-12	1E10	1E10	1E-30	1.04274432024079E-10	1E10	1E-30	1E10	0.127	1E-30	2.78043232131457E-12	1.6223087285242	1E-30	5.8868584901115E-12	0.061209037928521	7.86298918937033E-11	5.45421584795409E-12	0.281228427466481	7.44134145651398E-11	1.30053852468142E-12	0.576018297571328	1.53282274507926E-11	2.69139864055475E-12	3.89238288473286	1E10	1E-30	1E-10	1E10	1E-30	1E-10	1E10	1E-30	1E-10	1E10	1E-30	1E-10	1E10	1E-30	1E-10	1E10	1E-30	1E-10	1E10	1E-30	1E-10	1E10	1E-30	1E-10	1E10	1E-30	1E-10	1E10	1E-30	1E-10
480	7.6E-12	1E10	1E10	1E-30	1.04274432024079E-10	1E10	1E-30	1E10	0.127	1E-30	2.78043232131457E-12	1.6223087285242	1E-30	5.8868584901115E-12	0.061209037928521	7.86298918937033E-11	5.45421584795409E-12	0.281228427466481	7.44134145651398E-11	1.30053852468142E-12	0.576018297571328	1.53282274507926E-11	2.69139864055475E-12	3.89238288473286	1E10	1E-30	1E-10	1E10	1E-30	1E-10	1E10	1E-30	1E-10	1E10	1E-30	1E-10	1E10	1E-30	1E-10	1E10	1E-30	1E-10	1E10	1E-30	1E-10	1E10	1E-30	1E-10	1E10	1E-30	1E-10	1E10	1E-30	1E-10
481	7.6E-12	1E10	1E10	1E-30	1.04274432024079E-10	1E10	1E-30	1E10	0.127	1E-30	2.78043232131457E-12	1.6223087285242	1E-30	5.8868584901115E-12	0.061209037928521	7.86298918937033E-11	5.45421584795409E-12	0.281228427466481	7.44134145651398E-11	1.30053852468142E-12	0.576018297571328	1.53282274507926E-11	2.69139864055475E-12	3.89238288473286	1E10	1E-30	1E-10	1E10	1E-30	1E-10	1E10	1E-30	1E-10	1E10	1E-30	1E-10	1E10	1E-30	1E-10	1E10	1E-30	1E-10	1E10	1E-30	1E-10	1E10	1E-30	1E-10	1E10	1E-30	1E-10	1E10	1E-30	1E-10
482	7.6E-12	1E10	1E10	1E-30	1.04274432024079E-10	1E10	1E-30	1E10	0.127	1E-30	2.78043232131457E-12	1.6223087285242	1E-30	5.8868584901115E-12	0.061209037928521	7.86298918937033E-11	5.45421584795409E-12	0.281228427466481	7.44134145651398E-11	1.30053852468142E-12	0.576018297571328	1.53282274507926E-11	2.69139864055475E-12	3.89238288473286	1E10	1E-30	1E-10	1E10	1E-30	1E-10	1E10	1E-30	1E-10	1E10	1E-30	1E-10	1E10	1E-30	1E-10	1E10	1E-30	1E-10	1E10	1E-30	1E-10	1E10	1E-30	1E-10	1E10	1E-30	1E-10	1E10	1E-30	1E-10
483	7.6E-12	1E10	1E10	1E-30	1.04274432024079E-10	1E10	1E-30	1E10	0.127	1E-30	2.78043232131457E-12	1.6223087285242	1E-30	5.8868584901115E-12	0.061209037928521	7.86298918937033E-11	5.45421584795409E-12	0.281228427466481	7.44134145651398E-11	1.30053852468142E-12	0.576018297571328	1.53282274507926E-11	2.69139864055475E-12	3.89238288473286	1E10	1E-30	1E-10	1E10	1E-30	1E-10	1E10	1E-30	1E-10	1E10	1E-30	1E-10	1E10	1E-30	1E-10	1E10	1E-30	1E-10	1E10	1E-30	1E-10	1E10	1E-30	1E-10	1E10	1E-30	1E-10	1E10	1E-30	1E-10
484	7.6E-12	1E10	1E10	1E-30	1.04274432024079E-10	1E10	1E-30	1E10	0.127	1E-30	2.78043232131457E-12	1.6223087285242	1E-30	5.8868584901115E-12	0.061209037928521	7.86298918937033E-11	5.45421584795409E-12	0.281228427466481	7.44134145651398E-11	1.30053852468142E-12	0.576018297571328	1.53282274507926E-11	2.69139864055475E-12	3.89238288473286	1E10	1E-30	1E-10	1E10	1E-30	1E-10	1E10	1E-30	1E-10	1E10	1E-30	1E-10	1E10	1E-30	1E-10	1E10	1E-30	1E-10	1E10	1E-30	1E-10	1E10	1E-30	1E-10	1E10	1E-30	1E-10	1E10	1E-30	1E-10
485	7.6E-12	1E10	1E10	1E-30	1.04274432024079E-10	1E10	1E-30	1E10	0.127	1E-30	2.78043232131457E-12	1.6223087285242	1E-30	5.8868584901115E-12	0.061209037928521	7.86298918937033E-11	5.45421584795409E-12	0.281228427466481	7.44134145651398E-11	1.30053852468142E-12	0.576018297571328	1.53282274507926E-11	2.69139864055475E-12	3.89238288473286	1E10	1E-30	1E-10	1E10	1E-30	1E-10	1E10	1E-30	1E-10	1E10	1E-30	1E-10	1E10	1E-30	1E-10	1E10	1E-30	1E-10	1E10	1E-30	1E-10	1E10	1E-30	1E-10	1E10	1E-30	1E-10	1E10	1E-30	1E-10
486	7.6E-12	1E10	1E10	1E-30	1.04274432024079E-10	1E10	1E-30	1E10	0.127	1E-30	2.78043232131457E-12	1.6223087285242	1E-30	5.8868584901115E-12	0.061209037928521	7.86298918937033E-11	5.45421584795409E-12	0.281228427466481	7.44134145651398E-11	1.30053852468142E-12	0.576018297571328	1.53282274507926E-11	2.69139864055475E-12	3.89238288473286	1E10	1E-30	1E-10	1E10	1E-30	1E-10	1E10	1E-30	1E-10	1E10	1E-30	1E-10	1E10	1E-30	1E-10	1E10	1E-30	1E-10	1E10	1E-30	1E-10	1E10	1E-30	1E-10	1E10	1E-30	1E-10	1E10	1E-30	1E-10
487	7.7E-12	1E10	1E10	1E-30	1.04274432024079E-10	1E10	1E-30	1E10	0.127	1E-30	2.78043232131457E-12	1.6223087285242	1E-30	5.8868584901115E-12	0.061209037928521	7.86298918937033E-11	5.45421584795409E-12	0.281228427466481	7.44134145651398E-11	1.30053852468142E-12	0.576018297571328	1.53282274507926E-11	2.69139864055475E-12	3.89238288473286	1E10	1E-30	1E-10	1E10	1E-30	1E-10	1E10	1E-30	1E-10	1E10	1E-30	1E-10	1E10	1E-30	1E-10	1E10	1E-30	1E-10	1E10	1E-30	1E-10	1E10	1E-30	1E-10	1E10	1E-30	1E-10	1E10	1E-30	1E-10
488	7.7E-12	1E10	1E10	1E-30	1.04274432024079E-10	1E10	1E-30	1E10	0.127	1E-30	2.78043232131457E-12	1.6223087285242	1E-30	5.8868584901115E-12	0.061209037928521	7.86298918937033E-11	5.45421584795409E-12	0.281228427466481	7.44134145651398E-11	1.30053852468142E-12	0.576018297571328	1.53282274507926E-11	2.69139864055475E-12	3.89238288473286	1E10	1E-30	1E-10	1E10	1E-30	1E-10	1E10	1E-30	1E-10	1E10	1E-30	1E-10	1E10	1E-30	1E-10	1E10	1E-30	1E-10	1E10	1E-30	1E-10	1E10	1E-30	1E-10	1E10	1E-30	1E-10	1E10	1E-30	1E-10
489	7.7E-12	1E10	1E10	1E-30	1.04274432024079E-10	1E10	1E-30	1E10	0.127	1E-30	2.78043232131457E-12	1.6223087285242	1E-30	5.8868584901115E-12	0.061209037928521	7.86298918937033E-11	5.45421584795409E-12	0.281228427466481	7.44134145651398E-11	1.30053852468142E-12	0.576018297571328	1.53282274507926E-11	2.69139864055475E-12	3.89238288473286	1E10	1E-30	1E-10	1E10	1E-30	1E-10	1E10	1E-30	1E-10	1E10	1E-30	1E-10	1E10	1E-30	1E-10	1E10	1E-30	1E-10	1E10	1E-30	1E-10	1E10	1E-30	1E-10	1E10	1E-30	1E-10	1E10	1E-30	1E-10
490	7.7E-12	1E10	1E10	1E-30	1.04274432024079E-10	1E10	1E-30	1E10	0.127	1E-30	2.78043232131457E-12	1.6223087285242	1E-30	5.8868584901115E-12	0.061209037928521	7.86298918937033E-11	5.45421584795409E-12	0.281228427466481	7.44134145651398E-11	1.30053852468142E-12	0.576018297571328	1.53282274507926E-11	2.69139864055475E-12	3.89238288473286	1E10	1E-30	1E-10	1E10	1E-30	1E-10	1E10	1E-30	1E-10	1E10	1E-30	1E-10	1E10	1E-30	1E-10	1E10	1E-30	1E-10	1E10	1E-30	1E-10	1E10	1E-30	1E-10	1E10	1E-30	1E-10	1E10	1E-30	1E-10
491	7.7E-12	1E10	1E10	1E-30	1.04274432024079E-10	1E10	1E-30	1E10	0.127	1E-30	2.78043232131457E-12	1.6223087285242	1E-30	5.8868584901115E-12	0.061209037928521	7.86298918937033E-11	5.45421584795409E-12	0.281228427466481	7.44134145651398E-11	1.30053852468142E-12	0.576018297571328	1.53282274507926E-11	2.69139864055475E-12	3.89238288473286	1E10	1E-30	1E-10	1E10	1E-30	1E-10	1E10	1E-30	1E-10	1E10	1E-30	1E-10	1E10	1E-30	1E-10	1E10	1E-30	1E-10	1E10	1E-30	1E-10	1E10	1E-30	1E-10	1E10	1E-30	1E-10	1E10	1E-30	1E-10
492	7.7E-12	1E10	1E10	1E-30	1.04274432024079E-10	1E10	1E-30	1E10	0.127	1E-30	2.78043232131457E-12	1.6223087285242	1E-30	5.8868584901115E-12	0.061209037928521	7.86298918937033E-11	5.45421584795409E-12	0.281228427466481	7.44134145651398E-11	1.30053852468142E-12	0.576018297571328	1.53282274507926E-11	2.69139864055475E-12	3.89238288473286	1E10	1E-30	1E-10	1E10	1E-30	1E-10	1E10	1E-30	1E-10	1E10	1E-30	1E-10	1E10	1E-30	1E-10	1E10	1E-30	1E-10	1E10	1E-30	1E-10	1E10	1E-30	1E-10	1E10	1E-30	1E-10	1E10	1E-30	1E-10
493	7.7E-12	1E10	1E10	1E-30	1.04274432024079E-10	1E10	1E-30	1E10	0.127	1E-30	2.78043232131457E-12	1.6223087285242	1E-30	5.8868584901115E-12	0.061209037928521	7.86298918937033E-11	5.45421584795409E-12	0.281228427466481	7.44134145651398E-11	1.30053852468142E-12	0.576018297571328	1.53282274507926E-11	2.69139864055475E-12	3.89238288473286	1E10	1E-30	1E-10	1E10	1E-30	1E-10	1E10	1E-30	1E-10	1E10	1E-30	1E-10	1E10	1E-30	1E-10	1E10	1E-30	1E-10	1E10	1E-30	1E-10	1E10	1E-30	1E-10	1E10	1E-30	1E-10	1E10	1E-30	1E-10
494	7.7E-12	1E10	1E10	1E-30	1.04274432024079E-10	1E10	1E-30	1E10	0.127	1E-30	2.78043232131457E-12	1.6223087285242	1E-30	5.8868584901115E-12	0.061209037928521	7.86298918937033E-11	5.45421584795409E-12	0.281228427466481	7.44134145651398E-11	1.30053852468142E-12	0.576018297571328	1.53282274507926E-11	2.69139864055475E-12	3.89238288473286	1E10	1E-30	1E-10	1E10	1E-30	1E-10	1E10	1E-30	1E-10	1E10	1E-30	1E-10	1E10	1E-30	1E-10	1E10	1E-30	1E-10	1E10	1E-30	1E-10	1E10	1E-30	1E-10	1E10	1E-30	1E-10	1E10	1E-30	1E-10
495	7.8E-12	1E10	1E10	1E-30	1.04274432024079E-10	1E10	1E-30	1E10	0.127	1E-30	2.78043232131457E-12	1.6223087285242	1E-30	5.8868584901115E-12	0.061209037928521	7.86298918937033E-11	5.45421584795409E-12	0.281228427466481	7.44134145651398E-11	1.30053852468142E-12	0.576018297571328	1.53282274507926E-11	2.69139864055475E-12	3.89238288473286	1E10	1E-30	1E-10	1E10	1E-30	1E-10	1E10	1E-30	1E-10	1E10	1E-30	1E-10	1E10	1E-30	1E-10	1E10	1E-30	1E-10	1E10	1E-30	1E-10	1E10	1E-30	1E-10	1E10	1E-30	1E-10	1E10	1E-30	1E-10
496	7.8E-12	1E10	1E10	1E-30	1.04274432024079E-10	1E10	1E-30	1E10	0.127	1E-30	2.78043232131457E-12	1.6223087285242	1E-30	5.8868584901115E-12	0.061209037928521	7.86298918937033E-11	5.45421584795409E-12	0.281228427466481	7.44134145651398E-11	1.30053852468142E-12	0.576018297571328	1.53282274507926E-11	2.69139864055475E-12	3.89238288473286	1E10	1E-30	1E-10	1E10	1E-30	1E-10	1E10	1E-30	1E-10	1E10	1E-30	1E-10	1E10	1E-30	1E-10	1E10	1E-30	1E-10	1E10	1E-30	1E-10	1E10	1E-30	1E-10	1E10	1E-30	1E-10	1E10	1E-30	1E-10
497	7.8E-12	1E10	1E10	1E-30	1.04274432024079E-10	1E10	1E-30	1E10	0.127	1E-30	2.78043232131457E-12	1.6223087285242	1E-30	5.8868584901115E-12	0.061209037928521	7.86298918937033E-11	5.45421584795409E-12	0.281228427466481	7.44134145651398E-11	1.30053852468142E-12	0.576018297571328	1.53282274507926E-11	2.69139864055475E-12	3.89238288473286	1E10	1E-30	1E-10	1E10	1E-30	1E-10	1E10	1E-30	1E-10	1E10	1E-30	1E-10	1E10	1E-30	1E-10	1E10	1E-30	1E-10	1E10	1E-30	1E-10	1E10	1E-30	1E-10	1E10	1E-30	1E-10	1E10	1E-30	1E-10
498	7.8E-12	1E10	1E10	1E-30	1.04274432024079E-10	1E10	1E-30	1E10	0.127	1E-30	2.78043232131457E-12	1.6223087285242	1E-30	5.8868584901115E-12	0.061209037928521	7.86298918937033E-11	5.45421584795409E-12	0.281228427466481	7.44134145651398E-11	1.30053852468142E-12	0.576018297571328	1.53282274507926E-11	2.69139864055475E-12	3.89238288473286	1E10	1E-30	1E-10	1E10	1E-30	1E-10	1E10	1E-30	1E-10	1E10	1E-30	1E-10	1E10	1E-30	1E-10	1E10	1E-30	1E-10	1E10	1E-30	1E-10	1E10	1E-30	1E-10	1E10	1E-30	1E-10	1E10	1E-30	1E-10
499	7.8E-12	1E10	1E10	1E-30	1.04274432024079E-10	1E10	1E-30	1E10	0.127	1E-30	2.78043232131457E-12	1.6223087285242	1E-30	5.8868584901115E-12	0.061209037928521	7.86298918937033E-11	5.45421584795409E-12	0.281228427466481	7.44134145651398E-11	1.30053852468142E-12	0.576018297571328	1.53282274507926E-11	2.69139864055475E-12	3.89238288473286	1E10	1E-30	1E-10	1E10	1E-30	1E-10	1E10	1E-30	1E-10	1E10	1E-30	1E-10	1E10	1E-30	1E-10	1E10	1E-30	1E-10	1E10	1E-30	1E-10	1E10	1E-30	1E-10	1E10	1E-30	1E-10	1E10	1E-30	1E-10
500	7.8E-12	1E10	1E10	1E-30	1.04274432024079E-10	1E10	1E-30	1E10	0.127	1E-30	2.78043232131457E-12	1.6223087285242	1E-30	5.8868584901115E-12	0.061209037928521	7.86298918937033E-11	5.45421584795409E-12	0.281228427466481	7.44134145651398E-11	1.30053852468142E-12	0.576018297571328	1.53282274507926E-11	2.69139864055475E-12	3.89238288473286	1E10	1E-30	1E-10	1E10	1E-30	1E-10	1E10	1E-30	1E-10	1E10	1E-30	1E-10	1E10	1E-30	1E-10	1E10	1E-30	1E-10	1E10	1E-30	1E-10	1E10	1E-30	1E-10	1E10	1E-30	1E-10	1E10	1E-30	1E-10
501	7.8E-12	1E10	1E10	1E-30	1.04274432024079E-10	1E10	1E-30	1E10	0.127	1E-30	2.78043232131457E-12	1.6223087285242	1E-30	5.8868584901115E-12	0.061209037928521	7.86298918937033E-11	5.45421584795409E-12	0.281228427466481	7.44134145651398E-11	1.30053852468142E-12	0.576018297571328	1.53282274507926E-11	2.69139864055475E-12	3.89238288473286	1E10	1E-30	1E-10	1E10	1E-30	1E-10	1E10	1E-30	1E-10	1E10	1E-30	1E-10	1E10	1E-30	1E-10	1E10	1E-30	1E-10	1E10	1E-30	1E-10	1E10	1E-30	1E-10	1E10	1E-30	1E-10	1E10	1E-30	1E-10
502	7.8E-12	1E10	1E10	1E-30	1.04274432024079E-10	1E10	1E-30	1E10	0.127	1E-30	2.78043232131457E-12	1.6223087285242	1E-30	5.8868584901115E-12	0.061209037928521	7.86298918937033E-11	5.45421584795409E-12	0.281228427466481	7.44134145651398E-11	1.30053852468142E-12	0.576018297571328	1.53282274507926E-11	2.69139864055475E-12	3.89238288473286	1E10	1E-30	1E-10	1E10	1E-30	1E-10	1E10	1E-30	1E-10	1E10	1E-30	1E-10	1E10	1E-30	1E-10	1E10	1E-30	1E-10	1E10	1E-30	1E-10	1E10	1E-30	1E-10	1E10	1E-30	1E-10	1E10	1E-30	1E-10
503	7.9E-12	1E10	1E10	1E-30	1.02260573202894E-10	1E10	1E-30	1E10	0.127	1E-30	2.32859683625394E-12	0.654631232964722	1E-30	7.55893867723829E-12	0.133052659395417	1.3243293479256E-10	3.28540145096112E-12	0.187790941171128	6.34166340529885E-11	1.60003638283238E-12	0.70094884488828	1.50604591335357E-11	2.7220205069191E-12	3.45432797250942	1E10	1E-30	1E-10	1E10	1E-30	1E-10	1E10	1E-30	1E-10	1E10	1E-30	1E-10	1E10	1E-30	1E-10	1E10	1E-30	1E-10	1E10	1E-30	1E-10	1E10	1E-30	1E-10	1E10	1E-30	1E-10	1E10	1E-30	1E-10
504	7.9E-12	1E10	1E10	1E-30	1.02260573202894E-10	1E10	1E-30	1E10	0.127	1E-30	2.32859683625394E-12	0.654631232964722	1E-30	7.55893867723829E-12	0.133052659395417	1.3243293479256E-10	3.28540145096112E-12	0.187790941171128	6.34166340529885E-11	1.60003638283238E-12	0.70094884488828	1.50604591335357E-11	2.7220205069191E-12	3.45432797250942	1E10	1E-30	1E-10	1E10	1E-30	1E-10	1E10	1E-30	1E-10	1E10	1E-30	1E-10	1E10	1E-30	1E-10	1E10	1E-30	1E-10	1E10	1E-30	1E-10	1E10	1E-30	1E-10	1E10	1E-30	1E-10	1E10	1E-30	1E-10
505	7.9E-12	1E10	1E10	1E-30	1.02260573202894E-10	1E10	1E-30	1E10	0.127	1E-30	2.32859683625394E-12	0.654631232964722	1E-30	7.55893867723829E-12	0.133052659395417	1.3243293479256E-10	3.28540145096112E-12	0.187790941171128	6.34166340529885E-11	1.60003638283238E-12	0.70094884488828	1.50604591335357E-11	2.7220205069191E-12	3.45432797250942	1E10	1E-30	1E-10	1E10	1E-30	1E-10	1E10	1E-30	1E-10	1E10	1E-30	1E-10	1E10	1E-30	1E-10	1E10	1E-30	1E-10	1E10	1E-30	1E-10	1E10	1E-30	1E-10	1E10	1E-30	1E-10	1E10	1E-30	1E-10
506	7.9E-12	1E10	1E10	1E-30	1.02260573202894E-10	1E10	1E-30	1E10	0.127	1E-30	2.32859683625394E-12	0.654631232964722	1E-30	7.55893867723829E-12	0.133052659395417	1.3243293479256E-10	3.28540145096112E-12	0.187790941171128	6.34166340529885E-11	1.60003638283238E-12	0.70094884488828	1.50604591335357E-11	2.7220205069191E-12	3.45432797250942	1E10	1E-30	1E-10	1E10	1E-30	1E-10	1E10	1E-30	1E-10	1E10	1E-30	1E-10	1E10	1E-30	1E-10	1E10	1E-30	1E-10	1E10	1E-30	1E-10	1E10	1E-30	1E-10	1E10	1E-30	1E-10	1E10	1E-30	1E-10
507	7.9E-12	1E10	1E10	1E-30	1.02260573202894E-10	1E10	1E-30	1E10	0.127	1E-30	2.32859683625394E-12	0.654631232964722	1E-30	7.55893867723829E-12	0.133052659395417	1.3243293479256E-10	3.28540145096112E-12	0.187790941171128	6.34166340529885E-11	1.60003638283238E-12	0.70094884488828	1.50604591335357E-11	2.7220205069191E-12	3.45432797250942	1E10	1E-30	1E-10	1E10	1E-30	1E-10	1E10	1E-30	1E-10	1E10	1E-30	1E-10	1E10	1E-30	1E-10	1E10	1E-30	1E-10	1E10	1E-30	1E-10	1E10	1E-30	1E-10	1E10	1E-30	1E-10	1E10	1E-30	1E-10
508	7.9E-12	1E10	1E10	1E-30	1.02260573202894E-10	1E10	1E-30	1E10	0.127	1E-30	2.32859683625394E-12	0.654631232964722	1E-30	7.55893867723829E-12	0.133052659395417	1.3243293479256E-10	3.28540145096112E-12	0.187790941171128	6.34166340529885E-11	1.60003638283238E-12	0.70094884488828	1.50604591335357E-11	2.7220205069191E-12	3.45432797250942	1E10	1E-30	1E-10	1E10	1E-30	1E-10	1E10	1E-30	1E-10	1E10	1E-30	1E-10	1E10	1E-30	1E-10	1E10	1E-30	1E-10	1E10	1E-30	1E-10	1E10	1E-30	1E-10	1E10	1E-30	1E-10	1E10	1E-30	1E-10
509	7.9E-12	1E10	1E10	1E-30	1.02260573202894E-10	1E10	1E-30	1E10	0.127	1E-30	2.32859683625394E-12	0.654631232964722	1E-30	7.55893867723829E-12	0.133052659395417	1.3243293479256E-10	3.28540145096112E-12	0.187790941171128	6.34166340529885E-11	1.60003638283238E-12	0.70094884488828	1.50604591335357E-11	2.7220205069191E-12	3.45432797250942	1E10	1E-30	1E-10	1E10	1E-30	1E-10	1E10	1E-30	1E-10	1E10	1E-30	1E-10	1E10	1E-30	1E-10	1E10	1E-30	1E-10	1E10	1E-30	1E-10	1E10	1E-30	1E-10	1E10	1E-30	1E-10	1E10	1E-30	1E-10
510	7.9E-12	1E10	1E10	1E-30	1.02260573202894E-10	1E10	1E-30	1E10	0.127	1E-30	2.32859683625394E-12	0.654631232964722	1E-30	7.55893867723829E-12	0.133052659395417	1.3243293479256E-10	3.28540145096112E-12	0.187790941171128	6.34166340529885E-11	1.60003638283238E-12	0.70094884488828	1.50604591335357E-11	2.7220205069191E-12	3.45432797250942	1E10	1E-30	1E-10	1E10	1E-30	1E-10	1E10	1E-30	1E-10	1E10	1E-30	1E-10	1E10	1E-30	1E-10	1E10	1E-30	1E-10	1E10	1E-30	1E-10	1E10	1E-30	1E-10	1E10	1E-30	1E-10	1E10	1E-30	1E-10
511	8E-12	1E10	1E10	1E-30	1.02260573202894E-10	1E10	1E-30	1E10	0.127	1E-30	2.32859683625394E-12	0.654631232964722	1E-30	7.55893867723829E-12	0.133052659395417	1.3243293479256E-10	3.28540145096112E-12	0.187790941171128	6.34166340529885E-11	1.60003638283238E-12	0.70094884488828	1.50604591335357E-11	2.7220205069191E-12	3.45432797250942	1E10	1E-30	1E-10	1E10	1E-30	1E-10	1E10	1E-30	1E-10	1E10	1E-30	1E-10	1E10	1E-30	1E-10	1E10	1E-30	1E-10	1E10	1E-30	1E-10	1E10	1E-30	1E-10	1E10	1E-30	1E-10	1E10	1E-30	1E-10
512	8E-12	1E10	1E10	1E-30	1.02260573202894E-10	1E10	1E-30	1E10	0.127	1E-30	2.32859683625394E-12	0.654631232964722	1E-30	7.55893867723829E-12	0.133052659395417	1.3243293479256E-10	3.28540145096112E-12	0.187790941171128	6.34166340529885E-11	1.60003638283238E-12	0.70094884488828	1.50604591335357E-11	2.7220205069191E-12	3.45432797250942	1E10	1E-30	1E-10	1E10	1E-30	1E-10	1E10	1E-30	1E-10	1E10	1E-30	1E-10	1E10	1E-30	1E-10	1E10	1E-30	1E-10	1E10	1E-30	1E-10	1E10	1E-30	1E-10	1E10	1E-30	1E-10	1E10	1E-30	1E-10
513	8E-12	1E10	1E10	1E-30	1.02260573202894E-10	1E10	1E-30	1E10	0.127	1E-30	2.32859683625394E-12	0.654631232964722	1E-30	7.55893867723829E-12	0.133052659395417	1.3243293479256E-10	3.28540145096112E-12	0.187790941171128	6.34166340529885E-11	1.60003638283238E-12	0.70094884488828	1.50604591335357E-11	2.7220205069191E-12	3.45432797250942	1E10	1E-30	1E-10	1E10	1E-30	1E-10	1E10	1E-30	1E-10	1E10	1E-30	1E-10	1E10	1E-30	1E-10	1E10	1E-30	1E-10	1E10	1E-30	1E-10	1E10	1E-30	1E-10	1E10	1E-30	1E-10	1E10	1E-30	1E-10
514	8E-12	1E10	1E10	1E-30	1.02260573202894E-10	1E10	1E-30	1E10	0.127	1E-30	2.32859683625394E-12	0.654631232964722	1E-30	7.55893867723829E-12	0.133052659395417	1.3243293479256E-10	3.28540145096112E-12	0.187790941171128	6.34166340529885E-11	1.60003638283238E-12	0.70094884488828	1.50604591335357E-11	2.7220205069191E-12	3.45432797250942	1E10	1E-30	1E-10	1E10	1E-30	1E-10	1E10	1E-30	1E-10	1E10	1E-30	1E-10	1E10	1E-30	1E-10	1E10	1E-30	1E-10	1E10	1E-30	1E-10	1E10	1E-30	1E-10	1E10	1E-30	1E-10	1E10	1E-30	1E-10
515	8E-12	1E10	1E10	1E-30	1.02260573202894E-10	1E10	1E-30	1E10	0.127	1E-30	2.32859683625394E-12	0.654631232964722	1E-30	7.55893867723829E-12	0.133052659395417	1.3243293479256E-10	3.28540145096112E-12	0.187790941171128	6.34166340529885E-11	1.60003638283238E-12	0.70094884488828	1.50604591335357E-11	2.7220205069191E-12	3.45432797250942	1E10	1E-30	1E-10	1E10	1E-30	1E-10	1E10	1E-30	1E-10	1E10	1E-30	1E-10	1E10	1E-30	1E-10	1E10	1E-30	1E-10	1E10	1E-30	1E-10	1E10	1E-30	1E-10	1E10	1E-30	1E-10	1E10	1E-30	1E-10
516	8E-12	1E10	1E10	1E-30	1.02260573202894E-10	1E10	1E-30	1E10	0.127	1E-30	2.32859683625394E-12	0.654631232964722	1E-30	7.55893867723829E-12	0.133052659395417	1.3243293479256E-10	3.28540145096112E-12	0.187790941171128	6.34166340529885E-11	1.60003638283238E-12	0.70094884488828	1.50604591335357E-11	2.7220205069191E-12	3.45432797250942	1E10	1E-30	1E-10	1E10	1E-30	1E-10	1E10	1E-30	1E-10	1E10	1E-30	1E-10	1E10	1E-30	1E-10	1E10	1E-30	1E-10	1E10	1E-30	1E-10	1E10	1E-30	1E-10	1E10	1E-30	1E-10	1E10	1E-30	1E-10
517	8E-12	1E10	1E10	1E-30	1.02260573202894E-10	1E10	1E-30	1E10	0.127	1E-30	2.32859683625394E-12	0.654631232964722	1E-30	7.55893867723829E-12	0.133052659395417	1.3243293479256E-10	3.28540145096112E-12	0.187790941171128	6.34166340529885E-11	1.60003638283238E-12	0.70094884488828	1.50604591335357E-11	2.7220205069191E-12	3.45432797250942	1E10	1E-30	1E-10	1E10	1E-30	1E-10	1E10	1E-30	1E-10	1E10	1E-30	1E-10	1E10	1E-30	1E-10	1E10	1E-30	1E-10	1E10	1E-30	1E-10	1E10	1E-30	1E-10	1E10	1E-30	1E-10	1E10	1E-30	1E-10
518	8E-12	1E10	1E10	1E-30	1.02260573202894E-10	1E10	1E-30	1E10	0.127	1E-30	2.32859683625394E-12	0.654631232964722	1E-30	7.55893867723829E-12	0.133052659395417	1.3243293479256E-10	3.28540145096112E-12	0.187790941171128	6.34166340529885E-11	1.60003638283238E-12	0.70094884488828	1.50604591335357E-11	2.7220205069191E-12	3.45432797250942	1E10	1E-30	1E-10	1E10	1E-30	1E-10	1E10	1E-30	1E-10	1E10	1E-30	1E-10	1E10	1E-30	1E-10	1E10	1E-30	1E-10	1E10	1E-30	1E-10	1E10	1E-30	1E-10	1E10	1E-30	1E-10	1E10	1E-30	1E-10
519	8.1E-12	1E10	1E10	1E-30	1.04437418262722E-10	1E10	1E-30	1E10	0.126	1E-30	2.3257036187337E-12	0.291340049742791	1E-30	1.27505781621634E-11	0.196486447982541	2.77431175427943E-10	1.45277295641771E-12	0.127597367197655	1.35867543797101E-10	7.81588326457073E-13	0.461862843380778	1.67776065542221E-11	2.55998851627926E-12	3.81521868748601	1E10	1E-30	1E-10	1E10	1E-30	1E-10	1E10	1E-30	1E-10	1E10	1E-30	1E-10	1E10	1E-30	1E-10	1E10	1E-30	1E-10	1E10	1E-30	1E-10	1E10	1E-30	1E-10	1E10	1E-30	1E-10	1E10	1E-30	1E-10
520	8.1E-12	1E10	1E10	1E-30	1.04437418262722E-10	1E10	1E-30	1E10	0.126	1E-30	2.3257036187337E-12	0.291340049742791	1E-30	1.27505781621634E-11	0.196486447982541	2.77431175427943E-10	1.45277295641771E-12	0.127597367197655	1.35867543797101E-10	7.81588326457073E-13	0.461862843380778	1.67776065542221E-11	2.55998851627926E-12	3.81521868748601	1E10	1E-30	1E-10	1E10	1E-30	1E-10	1E10	1E-30	1E-10	1E10	1E-30	1E-10	1E10	1E-30	1E-10	1E10	1E-30	1E-10	1E10	1E-30	1E-10	1E10	1E-30	1E-10	1E10	1E-30	1E-10	1E10	1E-30	1E-10
521	8.1E-12	1E10	1E10	1E-30	1.04437418262722E-10	1E10	1E-30	1E10	0.126	1E-30	2.3257036187337E-12	0.291340049742791	1E-30	1.27505781621634E-11	0.196486447982541	2.77431175427943E-10	1.45277295641771E-12	0.127597367197655	1.35867543797101E-10	7.81588326457073E-13	0.461862843380778	1.67776065542221E-11	2.55998851627926E-12	3.81521868748601	1E10	1E-30	1E-10	1E10	1E-30	1E-10	1E10	1E-30	1E-10	1E10	1E-30	1E-10	1E10	1E-30	1E-10	1E10	1E-30	1E-10	1E10	1E-30	1E-10	1E10	1E-30	1E-10	1E10	1E-30	1E-10	1E10	1E-30	1E-10
522	8.1E-12	1E10	1E10	1E-30	1.04437418262722E-10	1E10	1E-30	1E10	0.126	1E-30	2.3257036187337E-12	0.291340049742791	1E-30	1.27505781621634E-11	0.196486447982541	2.77431175427943E-10	1.45277295641771E-12	0.127597367197655	1.35867543797101E-10	7.81588326457073E-13	0.461862843380778	1.67776065542221E-11	2.55998851627926E-12	3.81521868748601	1E10	1E-30	1E-10	1E10	1E-30	1E-10	1E10	1E-30	1E-10	1E10	1E-30	1E-10	1E10	1E-30	1E-10	1E10	1E-30	1E-10	1E10	1E-30	1E-10	1E10	1E-30	1E-10	1E10	1E-30	1E-10	1E10	1E-30	1E-10
523	8.1E-12	1E10	1E10	1E-30	1.04437418262722E-10	1E10	1E-30	1E10	0.126	1E-30	2.3257036187337E-12	0.291340049742791	1E-30	1.27505781621634E-11	0.196486447982541	2.77431175427943E-10	1.45277295641771E-12	0.127597367197655	1.35867543797101E-10	7.81588326457073E-13	0.461862843380778	1.67776065542221E-11	2.55998851627926E-12	3.81521868748601	1E10	1E-30	1E-10	1E10	1E-30	1E-10	1E10	1E-30	1E-10	1E10	1E-30	1E-10	1E10	1E-30	1E-10	1E10	1E-30	1E-10	1E10	1E-30	1E-10	1E10	1E-30	1E-10	1E10	1E-30	1E-10	1E10	1E-30	1E-10
524	8.1E-12	1E10	1E10	1E-30	1.04437418262722E-10	1E10	1E-30	1E10	0.126	1E-30	2.3257036187337E-12	0.291340049742791	1E-30	1.27505781621634E-11	0.196486447982541	2.77431175427943E-10	1.45277295641771E-12	0.127597367197655	1.35867543797101E-10	7.81588326457073E-13	0.461862843380778	1.67776065542221E-11	2.55998851627926E-12	3.81521868748601	1E10	1E-30	1E-10	1E10	1E-30	1E-10	1E10	1E-30	1E-10	1E10	1E-30	1E-10	1E10	1E-30	1E-10	1E10	1E-30	1E-10	1E10	1E-30	1E-10	1E10	1E-30	1E-10	1E10	1E-30	1E-10	1E10	1E-30	1E-10
525	8.1E-12	1E10	1E10	1E-30	1.04437418262722E-10	1E10	1E-30	1E10	0.126	1E-30	2.3257036187337E-12	0.291340049742791	1E-30	1.27505781621634E-11	0.196486447982541	2.77431175427943E-10	1.45277295641771E-12	0.127597367197655	1.35867543797101E-10	7.81588326457073E-13	0.461862843380778	1.67776065542221E-11	2.55998851627926E-12	3.81521868748601	1E10	1E-30	1E-10	1E10	1E-30	1E-10	1E10	1E-30	1E-10	1E10	1E-30	1E-10	1E10	1E-30	1E-10	1E10	1E-30	1E-10	1E10	1E-30	1E-10	1E10	1E-30	1E-10	1E10	1E-30	1E-10	1E10	1E-30	1E-10
526	8.1E-12	1E10	1E10	1E-30	1.04437418262722E-10	1E10	1E-30	1E10	0.126	1E-30	2.3257036187337E-12	0.291340049742791	1E-30	1.27505781621634E-11	0.196486447982541	2.77431175427943E-10	1.45277295641771E-12	0.127597367197655	1.35867543797101E-10	7.81588326457073E-13	0.461862843380778	1.67776065542221E-11	2.55998851627926E-12	3.81521868748601	1E10	1E-30	1E-10	1E10	1E-30	1E-10	1E10	1E-30	1E-10	1E10	1E-30	1E-10	1E10	1E-30	1E-10	1E10	1E-30	1E-10	1E10	1E-30	1E-10	1E10	1E-30	1E-10	1E10	1E-30	1E-10	1E10	1E-30	1E-10
527	8.2E-12	1E10	1E10	1E-30	1.04437418262722E-10	1E10	1E-30	1E10	0.126	1E-30	2.3257036187337E-12	0.291340049742791	1E-30	1.27505781621634E-11	0.196486447982541	2.77431175427943E-10	1.45277295641771E-12	0.127597367197655	1.35867543797101E-10	7.81588326457073E-13	0.461862843380778	1.67776065542221E-11	2.55998851627926E-12	3.81521868748601	1E10	1E-30	1E-10	1E10	1E-30	1E-10	1E10	1E-30	1E-10	1E10	1E-30	1E-10	1E10	1E-30	1E-10	1E10	1E-30	1E-10	1E10	1E-30	1E-10	1E10	1E-30	1E-10	1E10	1E-30	1E-10	1E10	1E-30	1E-10
528	8.2E-12	1E10	1E10	1E-30	1.04437418262722E-10	1E10	1E-30	1E10	0.126	1E-30	2.3257036187337E-12	0.291340049742791	1E-30	1.27505781621634E-11	0.196486447982541	2.77431175427943E-10	1.45277295641771E-12	0.127597367197655	1.35867543797101E-10	7.81588326457073E-13	0.461862843380778	1.67776065542221E-11	2.55998851627926E-12	3.81521868748601	1E10	1E-30	1E-10	1E10	1E-30	1E-10	1E10	1E-30	1E-10	1E10	1E-30	1E-10	1E10	1E-30	1E-10	1E10	1E-30	1E-10	1E10	1E-30	1E-10	1E10	1E-30	1E-10	1E10	1E-30	1E-10	1E10	1E-30	1E-10
529	8.2E-12	1E10	1E10	1E-30	1.04437418262722E-10	1E10	1E-30	1E10	0.126	1E-30	2.3257036187337E-12	0.291340049742791	1E-30	1.27505781621634E-11	0.196486447982541	2.77431175427943E-10	1.45277295641771E-12	0.127597367197655	1.35867543797101E-10	7.81588326457073E-13	0.461862843380778	1.67776065542221E-11	2.55998851627926E-12	3.81521868748601	1E10	1E-30	1E-10	1E10	1E-30	1E-10	1E10	1E-30	1E-10	1E10	1E-30	1E-10	1E10	1E-30	1E-10	1E10	1E-30	1E-10	1E10	1E-30	1E-10	1E10	1E-30	1E-10	1E10	1E-30	1E-10	1E10	1E-30	1E-10
530	8.2E-12	1E10	1E10	1E-30	1.04437418262722E-10	1E10	1E-30	1E10	0.126	1E-30	2.3257036187337E-12	0.291340049742791	1E-30	1.27505781621634E-11	0.196486447982541	2.77431175427943E-10	1.45277295641771E-12	0.127597367197655	1.35867543797101E-10	7.81588326457073E-13	0.461862843380778	1.67776065542221E-11	2.55998851627926E-12	3.81521868748601	1E10	1E-30	1E-10	1E10	1E-30	1E-10	1E10	1E-30	1E-10	1E10	1E-30	1E-10	1E10	1E-30	1E-10	1E10	1E-30	1E-10	1E10	1E-30	1E-10	1E10	1E-30	1E-10	1E10	1E-30	1E-10	1E10	1E-30	1E-10
531	8.2E-12	1E10	1E10	1E-30	1.04437418262722E-10	1E10	1E-30	1E10	0.126	1E-30	2.3257036187337E-12	0.291340049742791	1E-30	1.27505781621634E-11	0.196486447982541	2.77431175427943E-10	1.45277295641771E-12	0.127597367197655	1.35867543797101E-10	7.81588326457073E-13	0.461862843380778	1.67776065542221E-11	2.55998851627926E-12	3.81521868748601	1E10	1E-30	1E-10	1E10	1E-30	1E-10	1E10	1E-30	1E-10	1E10	1E-30	1E-10	1E10	1E-30	1E-10	1E10	1E-30	1E-10	1E10	1E-30	1E-10	1E10	1E-30	1E-10	1E10	1E-30	1E-10	1E10	1E-30	1E-10
532	8.2E-12	1E10	1E10	1E-30	1.04437418262722E-10	1E10	1E-30	1E10	0.126	1E-30	2.3257036187337E-12	0.291340049742791	1E-30	1.27505781621634E-11	0.196486447982541	2.77431175427943E-10	1.45277295641771E-12	0.127597367197655	1.35867543797101E-10	7.81588326457073E-13	0.461862843380778	1.67776065542221E-11	2.55998851627926E-12	3.81521868748601	1E10	1E-30	1E-10	1E10	1E-30	1E-10	1E10	1E-30	1E-10	1E10	1E-30	1E-10	1E10	1E-30	1E-10	1E10	1E-30	1E-10	1E10	1E-30	1E-10	1E10	1E-30	1E-10	1E10	1E-30	1E-10	1E10	1E-30	1E-10
533	8.2E-12	1E10	1E10	1E-30	1.04437418262722E-10	1E10	1E-30	1E10	0.126	1E-30	2.3257036187337E-12	0.291340049742791	1E-30	1.27505781621634E-11	0.196486447982541	2.77431175427943E-10	1.45277295641771E-12	0.127597367197655	1.35867543797101E-10	7.81588326457073E-13	0.461862843380778	1.67776065542221E-11	2.55998851627926E-12	3.81521868748601	1E10	1E-30	1E-10	1E10	1E-30	1E-10	1E10	1E-30	1E-10	1E10	1E-30	1E-10	1E10	1E-30	1E-10	1E10	1E-30	1E-10	1E10	1E-30	1E-10	1E10	1E-30	1E-10	1E10	1E-30	1E-10	1E10	1E-30	1E-10
534	8.2E-12	1E10	1E10	1E-30	1.04437418262722E-10	1E10	1E-30	1E10	0.126	1E-30	2.3257036187337E-12	0.291340049742791	1E-30	1.27505781621634E-11	0.196486447982541	2.77431175427943E-10	1.45277295641771E-12	0.127597367197655	1.35867543797101E-10	7.81588326457073E-13	0.461862843380778	1.67776065542221E-11	2.55998851627926E-12	3.81521868748601	1E10	1E-30	1E-10	1E10	1E-30	1E-10	1E10	1E-30	1E-10	1E10	1E-30	1E-10	1E10	1E-30	1E-10	1E10	1E-30	1E-10	1E10	1E-30	1E-10	1E10	1E-30	1E-10	1E10	1E-30	1E-10	1E10	1E-30	1E-10
535	8.3E-12	1E10	1E10	1E-30	1.04437418262722E-10	1E10	1E-30	1E10	0.126	1E-30	2.3257036187337E-12	0.291340049742791	1E-30	1.27505781621634E-11	0.196486447982541	2.77431175427943E-10	1.45277295641771E-12	0.127597367197655	1.35867543797101E-10	7.81588326457073E-13	0.461862843380778	1.67776065542221E-11	2.55998851627926E-12	3.81521868748601	1E10	1E-30	1E-10	1E10	1E-30	1E-10	1E10	1E-30	1E-10	1E10	1E-30	1E-10	1E10	1E-30	1E-10	1E10	1E-30	1E-10	1E10	1E-30	1E-10	1E10	1E-30	1E-10	1E10	1E-30	1E-10	1E10	1E-30	1E-10
536	8.3E-12	1E10	1E10	1E-30	1.04437418262722E-10	1E10	1E-30	1E10	0.126	1E-30	2.3257036187337E-12	0.291340049742791	1E-30	1.27505781621634E-11	0.196486447982541	2.77431175427943E-10	1.45277295641771E-12	0.127597367197655	1.35867543797101E-10	7.81588326457073E-13	0.461862843380778	1.67776065542221E-11	2.55998851627926E-12	3.81521868748601	1E10	1E-30	1E-10	1E10	1E-30	1E-10	1E10	1E-30	1E-10	1E10	1E-30	1E-10	1E10	1E-30	1E-10	1E10	1E-30	1E-10	1E10	1E-30	1E-10	1E10	1E-30	1E-10	1E10	1E-30	1E-10	1E10	1E-30	1E-10
537	8.3E-12	1E10	1E10	1E-30	1.04437418262722E-10	1E10	1E-30	1E10	0.126	1E-30	2.3257036187337E-12	0.291340049742791	1E-30	1.27505781621634E-11	0.196486447982541	2.77431175427943E-10	1.45277295641771E-12	0.127597367197655	1.35867543797101E-10	7.81588326457073E-13	0.461862843380778	1.67776065542221E-11	2.55998851627926E-12	3.81521868748601	1E10	1E-30	1E-10	1E10	1E-30	1E-10	1E10	1E-30	1E-10	1E10	1E-30	1E-10	1E10	1E-30	1E-10	1E10	1E-30	1E-10	1E10	1E-30	1E-10	1E10	1E-30	1E-10	1E10	1E-30	1E-10	1E10	1E-30	1E-10
538	8.3E-12	1E10	1E10	1E-30	1.04437418262722E-10	1E10	1E-30	1E10	0.126	1E-30	2.3257036187337E-12	0.291340049742791	1E-30	1.27505781621634E-11	0.196486447982541	2.77431175427943E-10	1.45277295641771E-12	0.127597367197655	1.35867543797101E-10	7.81588326457073E-13	0.461862843380778	1.67776065542221E-11	2.55998851627926E-12	3.81521868748601	1E10	1E-30	1E-10	1E10	1E-30	1E-10	1E10	1E-30	1E-10	1E10	1E-30	1E-10	1E10	1E-30	1E-10	1E10	1E-30	1E-10	1E10	1E-30	1E-10	1E10	1E-30	1E-10	1E10	1E-30	1E-10	1E10	1E-30	1E-10
539	8.3E-12	1E10	1E10	1E-30	1.04437418262722E-10	1E10	1E-30	1E10	0.126	1E-30	2.3257036187337E-12	0.291340049742791	1E-30	1.27505781621634E-11	0.196486447982541	2.77431175427943E-10	1.45277295641771E-12	0.127597367197655	1.35867543797101E-10	7.81588326457073E-13	0.461862843380778	1.67776065542221E-11	2.55998851627926E-12	3.81521868748601	1E10	1E-30	1E-10	1E10	1E-30	1E-10	1E10	1E-30	1E-10	1E10	1E-30	1E-10	1E10	1E-30	1E-10	1E10	1E-30	1E-10	1E10	1E-30	1E-10	1E10	1E-30	1E-10	1E10	1E-30	1E-10	1E10	1E-30	1E-10
540	8.3E-12	1E10	1E10	1E-30	1.04437418262722E-10	1E10	1E-30	1E10	0.126	1E-30	2.3257036187337E-12	0.291340049742791	1E-30	1.27505781621634E-11	0.196486447982541	2.77431175427943E-10	1.45277295641771E-12	0.127597367197655	1.35867543797101E-10	7.81588326457073E-13	0.461862843380778	1.67776065542221E-11	2.55998851627926E-12	3.81521868748601	1E10	1E-30	1E-10	1E10	1E-30	1E-10	1E10	1E-30	1E-10	1E10	1E-30	1E-10	1E10	1E-30	1E-10	1E10	1E-30	1E-10	1E10	1E-30	1E-10	1E10	1E-30	1E-10	1E10	1E-30	1E-10	1E10	1E-30	1E-10
541	8.3E-12	1E10	1E10	1E-30	1.04437418262722E-10	1E10	1E-30	1E10	0.126	1E-30	2.3257036187337E-12	0.291340049742791	1E-30	1.27505781621634E-11	0.196486447982541	2.77431175427943E-10	1.45277295641771E-12	0.127597367197655	1.35867543797101E-10	7.81588326457073E-13	0.461862843380778	1.67776065542221E-11	2.55998851627926E-12	3.81521868748601	1E10	1E-30	1E-10	1E10	1E-30	1E-10	1E10	1E-30	1E-10	1E10	1E-30	1E-10	1E10	1E-30	1E-10	1E10	1E-30	1E-10	1E10	1E-30	1E-10	1E10	1E-30	1E-10	1E10	1E-30	1E-10	1E10	1E-30	1E-10
542	8.3E-12	1E10	1E10	1E-30	1.04437418262722E-10	1E10	1E-30	1E10	0.126	1E-30	2.3257036187337E-12	0.291340049742791	1E-30	1.27505781621634E-11	0.196486447982541	2.77431175427943E-10	1.45277295641771E-12	0.127597367197655	1.35867543797101E-10	7.81588326457073E-13	0.461862843380778	1.67776065542221E-11	2.55998851627926E-12	3.81521868748601	1E10	1E-30	1E-10	1E10	1E-30	1E-10	1E10	1E-30	1E-10	1E10	1E-30	1E-10	1E10	1E-30	1E-10	1E10	1E-30	1E-10	1E10	1E-30	1E-10	1E10	1E-30	1E-10	1E10	1E-30	1E-10	1E10	1E-30	1E-10
543	8.4E-12	1E10	1E10	1E-30	1.03049127987241E-10	1E10	1E-30	1E10	0.125	1E-30	1.03174147199656E-11	0.188308850786275	1.34938033037681E-10	2.81534281898679E-12	0.20264245033589	1.04203717661661E-10	1.06327187644782E-12	0.565098863246442	1.45681824328528E-11	3.1422910688241E-12	3.34855607285534	1E10	1E-30	1E-10	1E10	1E-30	1E-10	1E10	1E-30	1E-10	1E10	1E-30	1E-10	1E10	1E-30	1E-10	1E10	1E-30	1E-10	1E10	1E-30	1E-10	1E10	1E-30	1E-10	1E10	1E-30	1E-10	1E10	1E-30	1E-10	1E10	1E-30	1E-10
544	8.4E-12	1E10	1E10	1E-30	1.03049127987241E-10	1E10	1E-30	1E10	0.125	1E-30	1.03174147199656E-11	0.188308850786275	1.34938033037681E-10	2.81534281898679E-12	0.20264245033589	1.04203717661661E-10	1.06327187644782E-12	0.565098863246442	1.45681824328528E-11	3.1422910688241E-12	3.34855607285534	1E10	1E-30	1E-10	1E10	1E-30	1E-10	1E10	1E-30	1E-10	1E10	1E-30	1E-10	1E10	1E-30	1E-10	1E10	1E-30	1E-10	1E10	1E-30	1E-10	1E10	1E-30	1E-10	1E10	1E-30	1E-10	1E10	1E-30	1E-10	1E10	1E-30	1E-10
545	8.4E-12	1E10	1E10	1E-30	1.03049127987241E-10	1E10	1E-30	1E10	0.125	1E-30	1.03174147199656E-11	0.188308850786275	1.34938033037681E-10	2.81534281898679E-12	0.20264245033589	1.04203717661661E-10	1.06327187644782E-12	0.565098863246442	1.45681824328528E-11	3.1422910688241E-12	3.34855607285534	1E10	1E-30	1E-10	1E10	1E-30	1E-10	1E10	1E-30	1E-10	1E10	1E-30	1E-10	1E10	1E-30	1E-10	1E10	1E-30	1E-10	1E10	1E-30	1E-10	1E10	1E-30	1E-10	1E10	1E-30	1E-10	1E10	1E-30	1E-10	1E10	1E-30	1E-10
546	8.4E-12	1E10	1E10	1E-30	1.03049127987241E-10	1E10	1E-30	1E10	0.125	1E-30	1.03174147199656E-11	0.188308850786275	1.34938033037681E-10	2.81534281898679E-12	0.20264245033589	1.04203717661661E-10	1.06327187644782E-12	0.565098863246442	1.45681824328528E-11	3.1422910688241E-12	3.34855607285534	1E10	1E-30	1E-10	1E10	1E-30	1E-10	1E10	1E-30	1E-10	1E10	1E-30	1E-10	1E10	1E-30	1E-10	1E10	1E-30	1E-10	1E10	1E-30	1E-10	1E10	1E-30	1E-10	1E10	1E-30	1E-10	1E10	1E-30	1E-10	1E10	1E-30	1E-10
547	8.4E-12	1E10	1E10	1E-30	1.03049127987241E-10	1E10	1E-30	1E10	0.125	1E-30	1.03174147199656E-11	0.188308850786275	1.34938033037681E-10	2.81534281898679E-12	0.20264245033589	1.04203717661661E-10	1.06327187644782E-12	0.565098863246442	1.45681824328528E-11	3.1422910688241E-12	3.34855607285534	1E10	1E-30	1E-10	1E10	1E-30	1E-10	1E10	1E-30	1E-10	1E10	1E-30	1E-10	1E10	1E-30	1E-10	1E10	1E-30	1E-10	1E10	1E-30	1E-10	1E10	1E-30	1E-10	1E10	1E-30	1E-10	1E10	1E-30	1E-10	1E10	1E-30	1E-10
548	8.4E-12	1E10	1E10	1E-30	1.03049127987241E-10	1E10	1E-30	1E10	0.125	1E-30	1.03174147199656E-11	0.188308850786275	1.34938033037681E-10	2.81534281898679E-12	0.20264245033589	1.04203717661661E-10	1.06327187644782E-12	0.565098863246442	1.45681824328528E-11	3.1422910688241E-12	3.34855607285534	1E10	1E-30	1E-10	1E10	1E-30	1E-10	1E10	1E-30	1E-10	1E10	1E-30	1E-10	1E10	1E-30	1E-10	1E10	1E-30	1E-10	1E10	1E-30	1E-10	1E10	1E-30	1E-10	1E10	1E-30	1E-10	1E10	1E-30	1E-10	1E10	1E-30	1E-10
549	8.4E-12	1E10	1E10	1E-30	1.03049127987241E-10	1E10	1E-30	1E10	0.125	1E-30	1.03174147199656E-11	0.188308850786275	1.34938033037681E-10	2.81534281898679E-12	0.20264245033589	1.04203717661661E-10	1.06327187644782E-12	0.565098863246442	1.45681824328528E-11	3.1422910688241E-12	3.34855607285534	1E10	1E-30	1E-10	1E10	1E-30	1E-10	1E10	1E-30	1E-10	1E10	1E-30	1E-10	1E10	1E-30	1E-10	1E10	1E-30	1E-10	1E10	1E-30	1E-10	1E10	1E-30	1E-10	1E10	1E-30	1E-10	1E10	1E-30	1E-10	1E10	1E-30	1E-10
550	8.4E-12	1E10	1E10	1E-30	1.03049127987241E-10	1E10	1E-30	1E10	0.125	1E-30	1.03174147199656E-11	0.188308850786275	1.34938033037681E-10	2.81534281898679E-12	0.20264245033589	1.04203717661661E-10	1.06327187644782E-12	0.565098863246442	1.45681824328528E-11	3.1422910688241E-12	3.34855607285534	1E10	1E-30	1E-10	1E10	1E-30	1E-10	1E10	1E-30	1E-10	1E10	1E-30	1E-10	1E10	1E-30	1E-10	1E10	1E-30	1E-10	1E10	1E-30	1E-10	1E10	1E-30	1E-10	1E10	1E-30	1E-10	1E10	1E-30	1E-10	1E10	1E-30	1E-10
551	8.5E-12	1E10	1E10	1E-30	1.03049127987241E-10	1E10	1E-30	1E10	0.125	1E-30	1.03174147199656E-11	0.188308850786275	1.34938033037681E-10	2.81534281898679E-12	0.20264245033589	1.04203717661661E-10	1.06327187644782E-12	0.565098863246442	1.45681824328528E-11	3.1422910688241E-12	3.34855607285534	1E10	1E-30	1E-10	1E10	1E-30	1E-10	1E10	1E-30	1E-10	1E10	1E-30	1E-10	1E10	1E-30	1E-10	1E10	1E-30	1E-10	1E10	1E-30	1E-10	1E10	1E-30	1E-10	1E10	1E-30	1E-10	1E10	1E-30	1E-10	1E10	1E-30	1E-10
552	8.5E-12	1E10	1E10	1E-30	1.03049127987241E-10	1E10	1E-30	1E10	0.125	1E-30	1.03174147199656E-11	0.188308850786275	1.34938033037681E-10	2.81534281898679E-12	0.20264245033589	1.04203717661661E-10	1.06327187644782E-12	0.565098863246442	1.45681824328528E-11	3.1422910688241E-12	3.34855607285534	1E10	1E-30	1E-10	1E10	1E-30	1E-10	1E10	1E-30	1E-10	1E10	1E-30	1E-10	1E10	1E-30	1E-10	1E10	1E-30	1E-10	1E10	1E-30	1E-10	1E10	1E-30	1E-10	1E10	1E-30	1E-10	1E10	1E-30	1E-10	1E10	1E-30	1E-10
553	8.5E-12	1E10	1E10	1E-30	1.03049127987241E-10	1E10	1E-30	1E10	0.125	1E-30	1.03174147199656E-11	0.188308850786275	1.34938033037681E-10	2.81534281898679E-12	0.20264245033589	1.04203717661661E-10	1.06327187644782E-12	0.565098863246442	1.45681824328528E-11	3.1422910688241E-12	3.34855607285534	1E10	1E-30	1E-10	1E10	1E-30	1E-10	1E10	1E-30	1E-10	1E10	1E-30	1E-10	1E10	1E-30	1E-10	1E10	1E-30	1E-10	1E10	1E-30	1E-10	1E10	1E-30	1E-10	1E10	1E-30	1E-10	1E10	1E-30	1E-10	1E10	1E-30	1E-10
554	8.5E-12	1E10	1E10	1E-30	1.03049127987241E-10	1E10	1E-30	1E10	0.125	1E-30	1.03174147199656E-11	0.188308850786275	1.34938033037681E-10	2.81534281898679E-12	0.20264245033589	1.04203717661661E-10	1.06327187644782E-12	0.565098863246442	1.45681824328528E-11	3.1422910688241E-12	3.34855607285534	1E10	1E-30	1E-10	1E10	1E-30	1E-10	1E10	1E-30	1E-10	1E10	1E-30	1E-10	1E10	1E-30	1E-10	1E10	1E-30	1E-10	1E10	1E-30	1E-10	1E10	1E-30	1E-10	1E10	1E-30	1E-10	1E10	1E-30	1E-10	1E10	1E-30	1E-10
555	8.5E-12	1E10	1E10	1E-30	1.03049127987241E-10	1E10	1E-30	1E10	0.125	1E-30	1.03174147199656E-11	0.188308850786275	1.34938033037681E-10	2.81534281898679E-12	0.20264245033589	1.04203717661661E-10	1.06327187644782E-12	0.565098863246442	1.45681824328528E-11	3.1422910688241E-12	3.34855607285534	1E10	1E-30	1E-10	1E10	1E-30	1E-10	1E10	1E-30	1E-10	1E10	1E-30	1E-10	1E10	1E-30	1E-10	1E10	1E-30	1E-10	1E10	1E-30	1E-10	1E10	1E-30	1E-10	1E10	1E-30	1E-10	1E10	1E-30	1E-10	1E10	1E-30	1E-10
556	8.5E-12	1E10	1E10	1E-30	1.03049127987241E-10	1E10	1E-30	1E10	0.125	1E-30	1.03174147199656E-11	0.188308850786275	1.34938033037681E-10	2.81534281898679E-12	0.20264245033589	1.04203717661661E-10	1.06327187644782E-12	0.565098863246442	1.45681824328528E-11	3.1422910688241E-12	3.34855607285534	1E10	1E-30	1E-10	1E10	1E-30	1E-10	1E10	1E-30	1E-10	1E10	1E-30	1E-10	1E10	1E-30	1E-10	1E10	1E-30	1E-10	1E10	1E-30	1E-10	1E10	1E-30	1E-10	1E10	1E-30	1E-10	1E10	1E-30	1E-10	1E10	1E-30	1E-10
557	8.5E-12	1E10	1E10	1E-30	1.03049127987241E-10	1E10	1E-30	1E10	0.125	1E-30	1.03174147199656E-11	0.188308850786275	1.34938033037681E-10	2.81534281898679E-12	0.20264245033589	1.04203717661661E-10	1.06327187644782E-12	0.565098863246442	1.45681824328528E-11	3.1422910688241E-12	3.34855607285534	1E10	1E-30	1E-10	1E10	1E-30	1E-10	1E10	1E-30	1E-10	1E10	1E-30	1E-10	1E10	1E-30	1E-10	1E10	1E-30	1E-10	1E10	1E-30	1E-10	1E10	1E-30	1E-10	1E10	1E-30	1E-10	1E10	1E-30	1E-10	1E10	1E-30	1E-10
558	8.5E-12	1E10	1E10	1E-30	1.03049127987241E-10	1E10	1E-30	1E10	0.125	1E-30	1.03174147199656E-11	0.188308850786275	1.34938033037681E-10	2.81534281898679E-12	0.20264245033589	1.04203717661661E-10	1.06327187644782E-12	0.565098863246442	1.45681824328528E-11	3.1422910688241E-12	3.34855607285534	1E10	1E-30	1E-10	1E10	1E-30	1E-10	1E10	1E-30	1E-10	1E10	1E-30	1E-10	1E10	1E-30	1E-10	1E10	1E-30	1E-10	1E10	1E-30	1E-10	1E10	1E-30	1E-10	1E10	1E-30	1E-10	1E10	1E-30	1E-10	1E10	1E-30	1E-10
559	8.6E-12	1E10	1E10	1E-30	1.03049127987241E-10	1E10	1E-30	1E10	0.125	1E-30	1.03174147199656E-11	0.188308850786275	1.34938033037681E-10	2.81534281898679E-12	0.20264245033589	1.04203717661661E-10	1.06327187644782E-12	0.565098863246442	1.45681824328528E-11	3.1422910688241E-12	3.34855607285534	1E10	1E-30	1E-10	1E10	1E-30	1E-10	1E10	1E-30	1E-10	1E10	1E-30	1E-10	1E10	1E-30	1E-10	1E10	1E-30	1E-10	1E10	1E-30	1E-10	1E10	1E-30	1E-10	1E10	1E-30	1E-10	1E10	1E-30	1E-10	1E10	1E-30	1E-10
560	8.6E-12	1E10	1E10	1E-30	1.03049127987241E-10	1E10	1E-30	1E10	0.125	1E-30	1.03174147199656E-11	0.188308850786275	1.34938033037681E-10	2.81534281898679E-12	0.20264245033589	1.04203717661661E-10	1.06327187644782E-12	0.565098863246442	1.45681824328528E-11	3.1422910688241E-12	3.34855607285534	1E10	1E-30	1E-10	1E10	1E-30	1E-10	1E10	1E-30	1E-10	1E10	1E-30	1E-10	1E10	1E-30	1E-10	1E10	1E-30	1E-10	1E10	1E-30	1E-10	1E10	1E-30	1E-10	1E10	1E-30	1E-10	1E10	1E-30	1E-10	1E10	1E-30	1E-10
561	8.6E-12	1E10	1E10	1E-30	1.03049127987241E-10	1E10	1E-30	1E10	0.125	1E-30	1.03174147199656E-11	0.188308850786275	1.34938033037681E-10	2.81534281898679E-12	0.20264245033589	1.04203717661661E-10	1.06327187644782E-12	0.565098863246442	1.45681824328528E-11	3.1422910688241E-12	3.34855607285534	1E10	1E-30	1E-10	1E10	1E-30	1E-10	1E10	1E-30	1E-10	1E10	1E-30	1E-10	1E10	1E-30	1E-10	1E10	1E-30	1E-10	1E10	1E-30	1E-10	1E10	1E-30	1E-10	1E10	1E-30	1E-10	1E10	1E-30	1E-10	1E10	1E-30	1E-10
562	8.6E-12	1E10	1E10	1E-30	1.03049127987241E-10	1E10	1E-30	1E10	0.125	1E-30	1.03174147199656E-11	0.188308850786275	1.34938033037681E-10	2.81534281898679E-12	0.20264245033589	1.04203717661661E-10	1.06327187644782E-12	0.565098863246442	1.45681824328528E-11	3.1422910688241E-12	3.34855607285534	1E10	1E-30	1E-10	1E10	1E-30	1E-10	1E10	1E-30	1E-10	1E10	1E-30	1E-10	1E10	1E-30	1E-10	1E10	1E-30	1E-10	1E10	1E-30	1E-10	1E10	1E-30	1E-10	1E10	1E-30	1E-10	1E10	1E-30	1E-10	1E10	1E-30	1E-10
563	8.6E-12	1E10	1E10	1E-30	1.03049127987241E-10	1E10	1E-30	1E10	0.125	1E-30	1.03174147199656E-11	0.188308850786275	1.34938033037681E-10	2.81534281898679E-12	0.20264245033589	1.04203717661661E-10	1.06327187644782E-12	0.565098863246442	1.45681824328528E-11	3.1422910688241E-12	3.34855607285534	1E10	1E-30	1E-10	1E10	1E-30	1E-10	1E10	1E-30	1E-10	1E10	1E-30	1E-10	1E10	1E-30	1E-10	1E10	1E-30	1E-10	1E10	1E-30	1E-10	1E10	1E-30	1E-10	1E10	1E-30	1E-10	1E10	1E-30	1E-10	1E10	1E-30	1E-10
564	8.6E-12	1E10	1E10	1E-30	1.03049127987241E-10	1E10	1E-30	1E10	0.125	1E-30	1.03174147199656E-11	0.188308850786275	1.34938033037681E-10	2.81534281898679E-12	0.20264245033589	1.04203717661661E-10	1.06327187644782E-12	0.565098863246442	1.45681824328528E-11	3.1422910688241E-12	3.34855607285534	1E10	1E-30	1E-10	1E10	1E-30	1E-10	1E10	1E-30	1E-10	1E10	1E-30	1E-10	1E10	1E-30	1E-10	1E10	1E-30	1E-10	1E10	1E-30	1E-10	1E10	1E-30	1E-10	1E10	1E-30	1E-10	1E10	1E-30	1E-10	1E10	1E-30	1E-10
565	8.6E-12	1E10	1E10	1E-30	1.03049127987241E-10	1E10	1E-30	1E10	0.125	1E-30	1.03174147199656E-11	0.188308850786275	1.34938033037681E-10	2.81534281898679E-12	0.20264245033589	1.04203717661661E-10	1.06327187644782E-12	0.565098863246442	1.45681824328528E-11	3.1422910688241E-12	3.34855607285534	1E10	1E-30	1E-10	1E10	1E-30	1E-10	1E10	1E-30	1E-10	1E10	1E-30	1E-10	1E10	1E-30	1E-10	1E10	1E-30	1E-10	1E10	1E-30	1E-10	1E10	1E-30	1E-10	1E10	1E-30	1E-10	1E10	1E-30	1E-10	1E10	1E-30	1E-10
566	8.6E-12	1E10	1E10	1E-30	1.03049127987241E-10	1E10	1E-30	1E10	0.125	1E-30	1.03174147199656E-11	0.188308850786275	1.34938033037681E-10	2.81534281898679E-12	0.20264245033589	1.04203717661661E-10	1.06327187644782E-12	0.565098863246442	1.45681824328528E-11	3.1422910688241E-12	3.34855607285534	1E10	1E-30	1E-10	1E10	1E-30	1E-10	1E10	1E-30	1E-10	1E10	1E-30	1E-10	1E10	1E-30	1E-10	1E10	1E-30	1E-10	1E10	1E-30	1E-10	1E10	1E-30	1E-10	1E10	1E-30	1E-10	1E10	1E-30	1E-10	1E10	1E-30	1E-10
567	8.7E-12	1E10	1E10	1E-30	1.02854969512537E-10	1E10	1E-30	1E10	0.123	1E-30	3.02727773349593E-12	0.939159466144162	1E-30	1.34633783203962E-11	0.282956810003514	5.36913924395077E-10	8.45366249191484E-13	7.59104882678415E-02	1.28906067262427E-10	8.53994522132653E-13	0.502721880963954	1.45529115312536E-11	3.29348920798028E-12	3.87067715119479	1E10	1E-30	1E-10	1E10	1E-30	1E-10	1E10	1E-30	1E-10	1E10	1E-30	1E-10	1E10	1E-30	1E-10	1E10	1E-30	1E-10	1E10	1E-30	1E-10	1E10	1E-30	1E-10	1E10	1E-30	1E-10	1E10	1E-30	1E-10
568	8.7E-12	1E10	1E10	1E-30	1.02854969512537E-10	1E10	1E-30	1E10	0.123	1E-30	3.02727773349593E-12	0.939159466144162	1E-30	1.34633783203962E-11	0.282956810003514	5.36913924395077E-10	8.45366249191484E-13	7.59104882678415E-02	1.28906067262427E-10	8.53994522132653E-13	0.502721880963954	1.45529115312536E-11	3.29348920798028E-12	3.87067715119479	1E10	1E-30	1E-10	1E10	1E-30	1E-10	1E10	1E-30	1E-10	1E10	1E-30	1E-10	1E10	1E-30	1E-10	1E10	1E-30	1E-10	1E10	1E-30	1E-10	1E10	1E-30	1E-10	1E10	1E-30	1E-10	1E10	1E-30	1E-10
569	8.7E-12	1E10	1E10	1E-30	1.02854969512537E-10	1E10	1E-30	1E10	0.123	1E-30	3.02727773349593E-12	0.939159466144162	1E-30	1.34633783203962E-11	0.282956810003514	5.36913924395077E-10	8.45366249191484E-13	7.59104882678415E-02	1.28906067262427E-10	8.53994522132653E-13	0.502721880963954	1.45529115312536E-11	3.29348920798028E-12	3.87067715119479	1E10	1E-30	1E-10	1E10	1E-30	1E-10	1E10	1E-30	1E-10	1E10	1E-30	1E-10	1E10	1E-30	1E-10	1E10	1E-30	1E-10	1E10	1E-30	1E-10	1E10	1E-30	1E-10	1E10	1E-30	1E-10	1E10	1E-30	1E-10
570	8.7E-12	1E10	1E10	1E-30	1.02854969512537E-10	1E10	1E-30	1E10	0.123	1E-30	3.02727773349593E-12	0.939159466144162	1E-30	1.34633783203962E-11	0.282956810003514	5.36913924395077E-10	8.45366249191484E-13	7.59104882678415E-02	1.28906067262427E-10	8.53994522132653E-13	0.502721880963954	1.45529115312536E-11	3.29348920798028E-12	3.87067715119479	1E10	1E-30	1E-10	1E10	1E-30	1E-10	1E10	1E-30	1E-10	1E10	1E-30	1E-10	1E10	1E-30	1E-10	1E10	1E-30	1E-10	1E10	1E-30	1E-10	1E10	1E-30	1E-10	1E10	1E-30	1E-10	1E10	1E-30	1E-10
571	8.7E-12	1E10	1E10	1E-30	1.02854969512537E-10	1E10	1E-30	1E10	0.123	1E-30	3.02727773349593E-12	0.939159466144162	1E-30	1.34633783203962E-11	0.282956810003514	5.36913924395077E-10	8.45366249191484E-13	7.59104882678415E-02	1.28906067262427E-10	8.53994522132653E-13	0.502721880963954	1.45529115312536E-11	3.29348920798028E-12	3.87067715119479	1E10	1E-30	1E-10	1E10	1E-30	1E-10	1E10	1E-30	1E-10	1E10	1E-30	1E-10	1E10	1E-30	1E-10	1E10	1E-30	1E-10	1E10	1E-30	1E-10	1E10	1E-30	1E-10	1E10	1E-30	1E-10	1E10	1E-30	1E-10
572	8.7E-12	1E10	1E10	1E-30	1.02854969512537E-10	1E10	1E-30	1E10	0.123	1E-30	3.02727773349593E-12	0.939159466144162	1E-30	1.34633783203962E-11	0.282956810003514	5.36913924395077E-10	8.45366249191484E-13	7.59104882678415E-02	1.28906067262427E-10	8.53994522132653E-13	0.502721880963954	1.45529115312536E-11	3.29348920798028E-12	3.87067715119479	1E10	1E-30	1E-10	1E10	1E-30	1E-10	1E10	1E-30	1E-10	1E10	1E-30	1E-10	1E10	1E-30	1E-10	1E10	1E-30	1E-10	1E10	1E-30	1E-10	1E10	1E-30	1E-10	1E10	1E-30	1E-10	1E10	1E-30	1E-10
573	8.7E-12	1E10	1E10	1E-30	1.02854969512537E-10	1E10	1E-30	1E10	0.123	1E-30	3.02727773349593E-12	0.939159466144162	1E-30	1.34633783203962E-11	0.282956810003514	5.36913924395077E-10	8.45366249191484E-13	7.59104882678415E-02	1.28906067262427E-10	8.53994522132653E-13	0.502721880963954	1.45529115312536E-11	3.29348920798028E-12	3.87067715119479	1E10	1E-30	1E-10	1E10	1E-30	1E-10	1E10	1E-30	1E-10	1E10	1E-30	1E-10	1E10	1E-30	1E-10	1E10	1E-30	1E-10	1E10	1E-30	1E-10	1E10	1E-30	1E-10	1E10	1E-30	1E-10	1E10	1E-30	1E-10
574	8.7E-12	1E10	1E10	1E-30	1.02854969512537E-10	1E10	1E-30	1E10	0.123	1E-30	3.02727773349593E-12	0.939159466144162	1E-30	1.34633783203962E-11	0.282956810003514	5.36913924395077E-10	8.45366249191484E-13	7.59104882678415E-02	1.28906067262427E-10	8.53994522132653E-13	0.502721880963954	1.45529115312536E-11	3.29348920798028E-12	3.87067715119479	1E10	1E-30	1E-10	1E10	1E-30	1E-10	1E10	1E-30	1E-10	1E10	1E-30	1E-10	1E10	1E-30	1E-10	1E10	1E-30	1E-10	1E10	1E-30	1E-10	1E10	1E-30	1E-10	1E10	1E-30	1E-10	1E10	1E-30	1E-10
575	8.8E-12	1E10	1E10	1E-30	1.02854969512537E-10	1E10	1E-30	1E10	0.123	1E-30	3.02727773349593E-12	0.939159466144162	1E-30	1.34633783203962E-11	0.282956810003514	5.36913924395077E-10	8.45366249191484E-13	7.59104882678415E-02	1.28906067262427E-10	8.53994522132653E-13	0.502721880963954	1.45529115312536E-11	3.29348920798028E-12	3.87067715119479	1E10	1E-30	1E-10	1E10	1E-30	1E-10	1E10	1E-30	1E-10	1E10	1E-30	1E-10	1E10	1E-30	1E-10	1E10	1E-30	1E-10	1E10	1E-30	1E-10	1E10	1E-30	1E-10	1E10	1E-30	1E-10	1E10	1E-30	1E-10
576	8.8E-12	1E10	1E10	1E-30	1.02854969512537E-10	1E10	1E-30	1E10	0.123	1E-30	3.02727773349593E-12	0.939159466144162	1E-30	1.34633783203962E-11	0.282956810003514	5.36913924395077E-10	8.45366249191484E-13	7.59104882678415E-02	1.28906067262427E-10	8.53994522132653E-13	0.502721880963954	1.45529115312536E-11	3.29348920798028E-12	3.87067715119479	1E10	1E-30	1E-10	1E10	1E-30	1E-10	1E10	1E-30	1E-10	1E10	1E-30	1E-10	1E10	1E-30	1E-10	1E10	1E-30	1E-10	1E10	1E-30	1E-10	1E10	1E-30	1E-10	1E10	1E-30	1E-10	1E10	1E-30	1E-10
577	8.8E-12	1E10	1E10	1E-30	1.02854969512537E-10	1E10	1E-30	1E10	0.123	1E-30	3.02727773349593E-12	0.939159466144162	1E-30	1.34633783203962E-11	0.282956810003514	5.36913924395077E-10	8.45366249191484E-13	7.59104882678415E-02	1.28906067262427E-10	8.53994522132653E-13	0.502721880963954	1.45529115312536E-11	3.29348920798028E-12	3.87067715119479	1E10	1E-30	1E-10	1E10	1E-30	1E-10	1E10	1E-30	1E-10	1E10	1E-30	1E-10	1E10	1E-30	1E-10	1E10	1E-30	1E-10	1E10	1E-30	1E-10	1E10	1E-30	1E-10	1E10	1E-30	1E-10	1E10	1E-30	1E-10
578	8.8E-12	1E10	1E10	1E-30	1.02854969512537E-10	1E10	1E-30	1E10	0.123	1E-30	3.02727773349593E-12	0.939159466144162	1E-30	1.34633783203962E-11	0.282956810003514	5.36913924395077E-10	8.45366249191484E-13	7.59104882678415E-02	1.28906067262427E-10	8.53994522132653E-13	0.502721880963954	1.45529115312536E-11	3.29348920798028E-12	3.87067715119479	1E10	1E-30	1E-10	1E10	1E-30	1E-10	1E10	1E-30	1E-10	1E10	1E-30	1E-10	1E10	1E-30	1E-10	1E10	1E-30	1E-10	1E10	1E-30	1E-10	1E10	1E-30	1E-10	1E10	1E-30	1E-10	1E10	1E-30	1E-10
579	8.8E-12	1E10	1E10	1E-30	1.02854969512537E-10	1E10	1E-30	1E10	0.123	1E-30	3.02727773349593E-12	0.939159466144162	1E-30	1.34633783203962E-11	0.282956810003514	5.36913924395077E-10	8.45366249191484E-13	7.59104882678415E-02	1.28906067262427E-10	8.53994522132653E-13	0.502721880963954	1.45529115312536E-11	3.29348920798028E-12	3.87067715119479	1E10	1E-30	1E-10	1E10	1E-30	1E-10	1E10	1E-30	1E-10	1E10	1E-30	1E-10	1E10	1E-30	1E-10	1E10	1E-30	1E-10	1E10	1E-30	1E-10	1E10	1E-30	1E-10	1E10	1E-30	1E-10	1E10	1E-30	1E-10
580	8.8E-12	1E10	1E10	1E-30	1.02854969512537E-10	1E10	1E-30	1E10	0.123	1E-30	3.02727773349593E-12	0.939159466144162	1E-30	1.34633783203962E-11	0.282956810003514	5.36913924395077E-10	8.45366249191484E-13	7.59104882678415E-02	1.28906067262427E-10	8.53994522132653E-13	0.502721880963954	1.45529115312536E-11	3.29348920798028E-12	3.87067715119479	1E10	1E-30	1E-10	1E10	1E-30	1E-10	1E10	1E-30	1E-10	1E10	1E-30	1E-10	1E10	1E-30	1E-10	1E10	1E-30	1E-10	1E10	1E-30	1E-10	1E10	1E-30	1E-10	1E10	1E-30	1E-10	1E10	1E-30	1E-10
581	8.8E-12	1E10	1E10	1E-30	1.02854969512537E-10	1E10	1E-30	1E10	0.123	1E-30	3.02727773349593E-12	0.939159466144162	1E-30	1.34633783203962E-11	0.282956810003514	5.36913924395077E-10	8.45366249191484E-13	7.59104882678415E-02	1.28906067262427E-10	8.53994522132653E-13	0.502721880963954	1.45529115312536E-11	3.29348920798028E-12	3.87067715119479	1E10	1E-30	1E-10	1E10	1E-30	1E-10	1E10	1E-30	1E-10	1E10	1E-30	1E-10	1E10	1E-30	1E-10	1E10	1E-30	1E-10	1E10	1E-30	1E-10	1E10	1E-30	1E-10	1E10	1E-30	1E-10	1E10	1E-30	1E-10
582	8.8E-12	1E10	1E10	1E-30	1.02854969512537E-10	1E10	1E-30	1E10	0.123	1E-30	3.02727773349593E-12	0.939159466144162	1E-30	1.34633783203962E-11	0.282956810003514	5.36913924395077E-10	8.45366249191484E-13	7.59104882678415E-02	1.28906067262427E-10	8.53994522132653E-13	0.502721880963954	1.45529115312536E-11	3.29348920798028E-12	3.87067715119479	1E10	1E-30	1E-10	1E10	1E-30	1E-10	1E10	1E-30	1E-10	1E10	1E-30	1E-10	1E10	1E-30	1E-10	1E10	1E-30	1E-10	1E10	1E-30	1E-10	1E10	1E-30	1E-10	1E10	1E-30	1E-10	1E10	1E-30	1E-10
583	8.9E-12	1E10	1E10	1E-30	1.02854969512537E-10	1E10	1E-30	1E10	0.123	1E-30	3.02727773349593E-12	0.939159466144162	1E-30	1.34633783203962E-11	0.282956810003514	5.36913924395077E-10	8.45366249191484E-13	7.59104882678415E-02	1.28906067262427E-10	8.53994522132653E-13	0.502721880963954	1.45529115312536E-11	3.29348920798028E-12	3.87067715119479	1E10	1E-30	1E-10	1E10	1E-30	1E-10	1E10	1E-30	1E-10	1E10	1E-30	1E-10	1E10	1E-30	1E-10	1E10	1E-30	1E-10	1E10	1E-30	1E-10	1E10	1E-30	1E-10	1E10	1E-30	1E-10	1E10	1E-30	1E-10
584	8.9E-12	1E10	1E10	1E-30	1.02854969512537E-10	1E10	1E-30	1E10	0.123	1E-30	3.02727773349593E-12	0.939159466144162	1E-30	1.34633783203962E-11	0.282956810003514	5.36913924395077E-10	8.45366249191484E-13	7.59104882678415E-02	1.28906067262427E-10	8.53994522132653E-13	0.502721880963954	1.45529115312536E-11	3.29348920798028E-12	3.87067715119479	1E10	1E-30	1E-10	1E10	1E-30	1E-10	1E10	1E-30	1E-10	1E10	1E-30	1E-10	1E10	1E-30	1E-10	1E10	1E-30	1E-10	1E10	1E-30	1E-10	1E10	1E-30	1E-10	1E10	1E-30	1E-10	1E10	1E-30	1E-10
585	8.9E-12	1E10	1E10	1E-30	1.02854969512537E-10	1E10	1E-30	1E10	0.123	1E-30	3.02727773349593E-12	0.939159466144162	1E-30	1.34633783203962E-11	0.282956810003514	5.36913924395077E-10	8.45366249191484E-13	7.59104882678415E-02	1.28906067262427E-10	8.53994522132653E-13	0.502721880963954	1.45529115312536E-11	3.29348920798028E-12	3.87067715119479	1E10	1E-30	1E-10	1E10	1E-30	1E-10	1E10	1E-30	1E-10	1E10	1E-30	1E-10	1E10	1E-30	1E-10	1E10	1E-30	1E-10	1E10	1E-30	1E-10	1E10	1E-30	1E-10	1E10	1E-30	1E-10	1E10	1E-30	1E-10
586	8.9E-12	1E10	1E10	1E-30	1.02854969512537E-10	1E10	1E-30	1E10	0.123	1E-30	3.02727773349593E-12	0.939159466144162	1E-30	1.34633783203962E-11	0.282956810003514	5.36913924395077E-10	8.45366249191484E-13	7.59104882678415E-02	1.28906067262427E-10	8.53994522132653E-13	0.502721880963954	1.45529115312536E-11	3.29348920798028E-12	3.87067715119479	1E10	1E-30	1E-10	1E10	1E-30	1E-10	1E10	1E-30	1E-10	1E10	1E-30	1E-10	1E10	1E-30	1E-10	1E10	1E-30	1E-10	1E10	1E-30	1E-10	1E10	1E-30	1E-10	1E10	1E-30	1E-10	1E10	1E-30	1E-10
587	8.9E-12	1E10	1E10	1E-30	1.02854969512537E-10	1E10	1E-30	1E10	0.123	1E-30	3.02727773349593E-12	0.939159466144162	1E-30	1.34633783203962E-11	0.282956810003514	5.36913924395077E-10	8.45366249191484E-13	7.59104882678415E-02	1.28906067262427E-10	8.53994522132653E-13	0.502721880963954	1.45529115312536E-11	3.29348920798028E-12	3.87067715119479	1E10	1E-30	1E-10	1E10	1E-30	1E-10	1E10	1E-30	1E-10	1E10	1E-30	1E-10	1E10	1E-30	1E-10	1E10	1E-30	1E-10	1E10	1E-30	1E-10	1E10	1E-30	1E-10	1E10	1E-30	1E-10	1E10	1E-30	1E-10
588	8.9E-12	1E10	1E10	1E-30	1.02854969512537E-10	1E10	1E-30	1E10	0.123	1E-30	3.02727773349593E-12	0.939159466144162	1E-30	1.34633783203962E-11	0.282956810003514	5.36913924395077E-10	8.45366249191484E-13	7.59104882678415E-02	1.28906067262427E-10	8.53994522132653E-13	0.502721880963954	1.45529115312536E-11	3.29348920798028E-12	3.87067715119479	1E10	1E-30	1E-10	1E10	1E-30	1E-10	1E10	1E-30	1E-10	1E10	1E-30	1E-10	1E10	1E-30	1E-10	1E10	1E-30	1E-10	1E10	1E-30	1E-10	1E10	1E-30	1E-10	1E10	1E-30	1E-10	1E10	1E-30	1E-10
589	8.9E-12	1E10	1E10	1E-30	1.02854969512537E-10	1E10	1E-30	1E10	0.123	1E-30	3.02727773349593E-12	0.939159466144162	1E-30	1.34633783203962E-11	0.282956810003514	5.36913924395077E-10	8.45366249191484E-13	7.59104882678415E-02	1.28906067262427E-10	8.53994522132653E-13	0.502721880963954	1.45529115312536E-11	3.29348920798028E-12	3.87067715119479	1E10	1E-30	1E-10	1E10	1E-30	1E-10	1E10	1E-30	1E-10	1E10	1E-30	1E-10	1E10	1E-30	1E-10	1E10	1E-30	1E-10	1E10	1E-30	1E-10	1E10	1E-30	1E-10	1E10	1E-30	1E-10	1E10	1E-30	1E-10
590	8.9E-12	1E10	1E10	1E-30	1.02854969512537E-10	1E10	1E-30	1E10	0.123	1E-30	3.02727773349593E-12	0.939159466144162	1E-30	1.34633783203962E-11	0.282956810003514	5.36913924395077E-10	8.45366249191484E-13	7.59104882678415E-02	1.28906067262427E-10	8.53994522132653E-13	0.502721880963954	1.45529115312536E-11	3.29348920798028E-12	3.87067715119479	1E10	1E-30	1E-10	1E10	1E-30	1E-10	1E10	1E-30	1E-10	1E10	1E-30	1E-10	1E10	1E-30	1E-10	1E10	1E-30	1E-10	1E10	1E-30	1E-10	1E10	1E-30	1E-10	1E10	1E-30	1E-10	1E10	1E-30	1E-10
591	9E-12	1E10	1E10	1E-30	1.02983690473794E-10	1E10	1E-30	1E10	0.123	1E-30	1.41067157720931E-11	0.223897873877366	1.99447264857363E-10	2.03536573217103E-12	0.176334607302847	1.20729848285332E-10	9.66328363317807E-13	0.44254882966965	1.47564141432572E-11	3.26111094199409E-12	3.53174801271167	1E10	1E-30	1E-10	1E10	1E-30	1E-10	1E10	1E-30	1E-10	1E10	1E-30	1E-10	1E10	1E-30	1E-10	1E10	1E-30	1E-10	1E10	1E-30	1E-10	1E10	1E-30	1E-10	1E10	1E-30	1E-10	1E10	1E-30	1E-10	1E10	1E-30	1E-10
592	9E-12	1E10	1E10	1E-30	1.02983690473794E-10	1E10	1E-30	1E10	0.123	1E-30	1.41067157720931E-11	0.223897873877366	1.99447264857363E-10	2.03536573217103E-12	0.176334607302847	1.20729848285332E-10	9.66328363317807E-13	0.44254882966965	1.47564141432572E-11	3.26111094199409E-12	3.53174801271167	1E10	1E-30	1E-10	1E10	1E-30	1E-10	1E10	1E-30	1E-10	1E10	1E-30	1E-10	1E10	1E-30	1E-10	1E10	1E-30	1E-10	1E10	1E-30	1E-10	1E10	1E-30	1E-10	1E10	1E-30	1E-10	1E10	1E-30	1E-10	1E10	1E-30	1E-10
593	9E-12	1E10	1E10	1E-30	1.02983690473794E-10	1E10	1E-30	1E10	0.123	1E-30	1.41067157720931E-11	0.223897873877366	1.99447264857363E-10	2.03536573217103E-12	0.176334607302847	1.20729848285332E-10	9.66328363317807E-13	0.44254882966965	1.47564141432572E-11	3.26111094199409E-12	3.53174801271167	1E10	1E-30	1E-10	1E10	1E-30	1E-10	1E10	1E-30	1E-10	1E10	1E-30	1E-10	1E10	1E-30	1E-10	1E10	1E-30	1E-10	1E10	1E-30	1E-10	1E10	1E-30	1E-10	1E10	1E-30	1E-10	1E10	1E-30	1E-10	1E10	1E-30	1E-10
594	9E-12	1E10	1E10	1E-30	1.02983690473794E-10	1E10	1E-30	1E10	0.123	1E-30	1.41067157720931E-11	0.223897873877366	1.99447264857363E-10	2.03536573217103E-12	0.176334607302847	1.20729848285332E-10	9.66328363317807E-13	0.44254882966965	1.47564141432572E-11	3.26111094199409E-12	3.53174801271167	1E10	1E-30	1E-10	1E10	1E-30	1E-10	1E10	1E-30	1E-10	1E10	1E-30	1E-10	1E10	1E-30	1E-10	1E10	1E-30	1E-10	1E10	1E-30	1E-10	1E10	1E-30	1E-10	1E10	1E-30	1E-10	1E10	1E-30	1E-10	1E10	1E-30	1E-10
595	9E-12	1E10	1E10	1E-30	1.02983690473794E-10	1E10	1E-30	1E10	0.123	1E-30	1.41067157720931E-11	0.223897873877366	1.99447264857363E-10	2.03536573217103E-12	0.176334607302847	1.20729848285332E-10	9.66328363317807E-13	0.44254882966965	1.47564141432572E-11	3.26111094199409E-12	3.53174801271167	1E10	1E-30	1E-10	1E10	1E-30	1E-10	1E10	1E-30	1E-10	1E10	1E-30	1E-10	1E10	1E-30	1E-10	1E10	1E-30	1E-10	1E10	1E-30	1E-10	1E10	1E-30	1E-10	1E10	1E-30	1E-10	1E10	1E-30	1E-10	1E10	1E-30	1E-10
596	9E-12	1E10	1E10	1E-30	1.02983690473794E-10	1E10	1E-30	1E10	0.123	1E-30	1.41067157720931E-11	0.223897873877366	1.99447264857363E-10	2.03536573217103E-12	0.176334607302847	1.20729848285332E-10	9.66328363317807E-13	0.44254882966965	1.47564141432572E-11	3.26111094199409E-12	3.53174801271167	1E10	1E-30	1E-10	1E10	1E-30	1E-10	1E10	1E-30	1E-10	1E10	1E-30	1E-10	1E10	1E-30	1E-10	1E10	1E-30	1E-10	1E10	1E-30	1E-10	1E10	1E-30	1E-10	1E10	1E-30	1E-10	1E10	1E-30	1E-10	1E10	1E-30	1E-10
597	9E-12	1E10	1E10	1E-30	1.02983690473794E-10	1E10	1E-30	1E10	0.123	1E-30	1.41067157720931E-11	0.223897873877366	1.99447264857363E-10	2.03536573217103E-12	0.176334607302847	1.20729848285332E-10	9.66328363317807E-13	0.44254882966965	1.47564141432572E-11	3.26111094199409E-12	3.53174801271167	1E10	1E-30	1E-10	1E10	1E-30	1E-10	1E10	1E-30	1E-10	1E10	1E-30	1E-10	1E10	1E-30	1E-10	1E10	1E-30	1E-10	1E10	1E-30	1E-10	1E10	1E-30	1E-10	1E10	1E-30	1E-10	1E10	1E-30	1E-10	1E10	1E-30	1E-10
598	9E-12	1E10	1E10	1E-30	1.02983690473794E-10	1E10	1E-30	1E10	0.123	1E-30	1.41067157720931E-11	0.223897873877366	1.99447264857363E-10	2.03536573217103E-12	0.176334607302847	1.20729848285332E-10	9.66328363317807E-13	0.44254882966965	1.47564141432572E-11	3.26111094199409E-12	3.53174801271167	1E10	1E-30	1E-10	1E10	1E-30	1E-10	1E10	1E-30	1E-10	1E10	1E-30	1E-10	1E10	1E-30	1E-10	1E10	1E-30	1E-10	1E10	1E-30	1E-10	1E10	1E-30	1E-10	1E10	1E-30	1E-10	1E10	1E-30	1E-10	1E10	1E-30	1E-10
599	9.1E-12	1E10	1E10	1E-30	1.02983690473794E-10	1E10	1E-30	1E10	0.123	1E-30	1.41067157720931E-11	0.223897873877366	1.99447264857363E-10	2.03536573217103E-12	0.176334607302847	1.20729848285332E-10	9.66328363317807E-13	0.44254882966965	1.47564141432572E-11	3.26111094199409E-12	3.53174801271167	1E10	1E-30	1E-10	1E10	1E-30	1E-10	1E10	1E-30	1E-10	1E10	1E-30	1E-10	1E10	1E-30	1E-10	1E10	1E-30	1E-10	1E10	1E-30	1E-10	1E10	1E-30	1E-10	1E10	1E-30	1E-10	1E10	1E-30	1E-10	1E10	1E-30	1E-10
600	9.1E-12	1E10	1E10	1E-30	1.02983690473794E-10	1E10	1E-30	1E10	0.123	1E-30	1.41067157720931E-11	0.223897873877366	1.99447264857363E-10	2.03536573217103E-12	0.176334607302847	1.20729848285332E-10	9.66328363317807E-13	0.44254882966965	1.47564141432572E-11	3.26111094199409E-12	3.53174801271167	1E10	1E-30	1E-10	1E10	1E-30	1E-10	1E10	1E-30	1E-10	1E10	1E-30	1E-10	1E10	1E-30	1E-10	1E10	1E-30	1E-10	1E10	1E-30	1E-10	1E10	1E-30	1E-10	1E10	1E-30	1E-10	1E10	1E-30	1E-10	1E10	1E-30	1E-10
601	9.1E-12	1E10	1E10	1E-30	1.02983690473794E-10	1E10	1E-30	1E10	0.123	1E-30	1.41067157720931E-11	0.223897873877366	1.99447264857363E-10	2.03536573217103E-12	0.176334607302847	1.20729848285332E-10	9.66328363317807E-13	0.44254882966965	1.47564141432572E-11	3.26111094199409E-12	3.53174801271167	1E10	1E-30	1E-10	1E10	1E-30	1E-10	1E10	1E-30	1E-10	1E10	1E-30	1E-10	1E10	1E-30	1E-10	1E10	1E-30	1E-10	1E10	1E-30	1E-10	1E10	1E-30	1E-10	1E10	1E-30	1E-10	1E10	1E-30	1E-10	1E10	1E-30	1E-10
602	9.1E-12	1E10	1E10	1E-30	1.02983690473794E-10	1E10	1E-30	1E10	0.123	1E-30	1.41067157720931E-11	0.223897873877366	1.99447264857363E-10	2.03536573217103E-12	0.176334607302847	1.20729848285332E-10	9.66328363317807E-13	0.44254882966965	1.47564141432572E-11	3.26111094199409E-12	3.53174801271167	1E10	1E-30	1E-10	1E10	1E-30	1E-10	1E10	1E-30	1E-10	1E10	1E-30	1E-10	1E10	1E-30	1E-10	1E10	1E-30	1E-10	1E10	1E-30	1E-10	1E10	1E-30	1E-10	1E10	1E-30	1E-10	1E10	1E-30	1E-10	1E10	1E-30	1E-10
603	9.1E-12	1E10	1E10	1E-30	1.02983690473794E-10	1E10	1E-30	1E10	0.123	1E-30	1.41067157720931E-11	0.223897873877366	1.99447264857363E-10	2.03536573217103E-12	0.176334607302847	1.20729848285332E-10	9.66328363317807E-13	0.44254882966965	1.47564141432572E-11	3.26111094199409E-12	3.53174801271167	1E10	1E-30	1E-10	1E10	1E-30	1E-10	1E10	1E-30	1E-10	1E10	1E-30	1E-10	1E10	1E-30	1E-10	1E10	1E-30	1E-10	1E10	1E-30	1E-10	1E10	1E-30	1E-10	1E10	1E-30	1E-10	1E10	1E-30	1E-10	1E10	1E-30	1E-10
604	9.1E-12	1E10	1E10	1E-30	1.02983690473794E-10	1E10	1E-30	1E10	0.123	1E-30	1.41067157720931E-11	0.223897873877366	1.99447264857363E-10	2.03536573217103E-12	0.176334607302847	1.20729848285332E-10	9.66328363317807E-13	0.44254882966965	1.47564141432572E-11	3.26111094199409E-12	3.53174801271167	1E10	1E-30	1E-10	1E10	1E-30	1E-10	1E10	1E-30	1E-10	1E10	1E-30	1E-10	1E10	1E-30	1E-10	1E10	1E-30	1E-10	1E10	1E-30	1E-10	1E10	1E-30	1E-10	1E10	1E-30	1E-10	1E10	1E-30	1E-10	1E10	1E-30	1E-10
605	9.1E-12	1E10	1E10	1E-30	1.02983690473794E-10	1E10	1E-30	1E10	0.123	1E-30	1.41067157720931E-11	0.223897873877366	1.99447264857363E-10	2.03536573217103E-12	0.176334607302847	1.20729848285332E-10	9.66328363317807E-13	0.44254882966965	1.47564141432572E-11	3.26111094199409E-12	3.53174801271167	1E10	1E-30	1E-10	1E10	1E-30	1E-10	1E10	1E-30	1E-10	1E10	1E-30	1E-10	1E10	1E-30	1E-10	1E10	1E-30	1E-10	1E10	1E-30	1E-10	1E10	1E-30	1E-10	1E10	1E-30	1E-10	1E10	1E-30	1E-10	1E10	1E-30	1E-10
606	9.1E-12	1E10	1E10	1E-30	1.02983690473794E-10	1E10	1E-30	1E10	0.123	1E-30	1.41067157720931E-11	0.223897873877366	1.99447264857363E-10	2.03536573217103E-12	0.176334607302847	1.20729848285332E-10	9.66328363317807E-13	0.44254882966965	1.47564141432572E-11	3.26111094199409E-12	3.53174801271167	1E10	1E-30	1E-10	1E10	1E-30	1E-10	1E10	1E-30	1E-10	1E10	1E-30	1E-10	1E10	1E-30	1E-10	1E10	1E-30	1E-10	1E10	1E-30	1E-10	1E10	1E-30	1E-10	1E10	1E-30	1E-10	1E10	1E-30	1E-10	1E10	1E-30	1E-10
607	9.2E-12	1E10	1E10	1E-30	1.02983690473794E-10	1E10	1E-30	1E10	0.123	1E-30	1.41067157720931E-11	0.223897873877366	1.99447264857363E-10	2.03536573217103E-12	0.176334607302847	1.20729848285332E-10	9.66328363317807E-13	0.44254882966965	1.47564141432572E-11	3.26111094199409E-12	3.53174801271167	1E10	1E-30	1E-10	1E10	1E-30	1E-10	1E10	1E-30	1E-10	1E10	1E-30	1E-10	1E10	1E-30	1E-10	1E10	1E-30	1E-10	1E10	1E-30	1E-10	1E10	1E-30	1E-10	1E10	1E-30	1E-10	1E10	1E-30	1E-10	1E10	1E-30	1E-10
608	9.2E-12	1E10	1E10	1E-30	1.02983690473794E-10	1E10	1E-30	1E10	0.123	1E-30	1.41067157720931E-11	0.223897873877366	1.99447264857363E-10	2.03536573217103E-12	0.176334607302847	1.20729848285332E-10	9.66328363317807E-13	0.44254882966965	1.47564141432572E-11	3.26111094199409E-12	3.53174801271167	1E10	1E-30	1E-10	1E10	1E-30	1E-10	1E10	1E-30	1E-10	1E10	1E-30	1E-10	1E10	1E-30	1E-10	1E10	1E-30	1E-10	1E10	1E-30	1E-10	1E10	1E-30	1E-10	1E10	1E-30	1E-10	1E10	1E-30	1E-10	1E10	1E-30	1E-10
609	9.2E-12	1E10	1E10	1E-30	1.02983690473794E-10	1E10	1E-30	1E10	0.123	1E-30	1.41067157720931E-11	0.223897873877366	1.99447264857363E-10	2.03536573217103E-12	0.176334607302847	1.20729848285332E-10	9.66328363317807E-13	0.44254882966965	1.47564141432572E-11	3.26111094199409E-12	3.53174801271167	1E10	1E-30	1E-10	1E10	1E-30	1E-10	1E10	1E-30	1E-10	1E10	1E-30	1E-10	1E10	1E-30	1E-10	1E10	1E-30	1E-10	1E10	1E-30	1E-10	1E10	1E-30	1E-10	1E10	1E-30	1E-10	1E10	1E-30	1E-10	1E10	1E-30	1E-10
610	9.2E-12	1E10	1E10	1E-30	1.02983690473794E-10	1E10	1E-30	1E10	0.123	1E-30	1.41067157720931E-11	0.223897873877366	1.99447264857363E-10	2.03536573217103E-12	0.176334607302847	1.20729848285332E-10	9.66328363317807E-13	0.44254882966965	1.47564141432572E-11	3.26111094199409E-12	3.53174801271167	1E10	1E-30	1E-10	1E10	1E-30	1E-10	1E10	1E-30	1E-10	1E10	1E-30	1E-10	1E10	1E-30	1E-10	1E10	1E-30	1E-10	1E10	1E-30	1E-10	1E10	1E-30	1E-10	1E10	1E-30	1E-10	1E10	1E-30	1E-10	1E10	1E-30	1E-10
611	9.2E-12	1E10	1E10	1E-30	1.02983690473794E-10	1E10	1E-30	1E10	0.123	1E-30	1.41067157720931E-11	0.223897873877366	1.99447264857363E-10	2.03536573217103E-12	0.176334607302847	1.20729848285332E-10	9.66328363317807E-13	0.44254882966965	1.47564141432572E-11	3.26111094199409E-12	3.53174801271167	1E10	1E-30	1E-10	1E10	1E-30	1E-10	1E10	1E-30	1E-10	1E10	1E-30	1E-10	1E10	1E-30	1E-10	1E10	1E-30	1E-10	1E10	1E-30	1E-10	1E10	1E-30	1E-10	1E10	1E-30	1E-10	1E10	1E-30	1E-10	1E10	1E-30	1E-10
612	9.2E-12	1E10	1E10	1E-30	1.02983690473794E-10	1E10	1E-30	1E10	0.123	1E-30	1.41067157720931E-11	0.223897873877366	1.99447264857363E-10	2.03536573217103E-12	0.176334607302847	1.20729848285332E-10	9.66328363317807E-13	0.44254882966965	1.47564141432572E-11	3.26111094199409E-12	3.53174801271167	1E10	1E-30	1E-10	1E10	1E-30	1E-10	1E10	1E-30	1E-10	1E10	1E-30	1E-10	1E10	1E-30	1E-10	1E10	1E-30	1E-10	1E10	1E-30	1E-10	1E10	1E-30	1E-10	1E10	1E-30	1E-10	1E10	1E-30	1E-10	1E10	1E-30	1E-10
613	9.2E-12	1E10	1E10	1E-30	1.02983690473794E-10	1E10	1E-30	1E10	0.123	1E-30	1.41067157720931E-11	0.223897873877366	1.99447264857363E-10	2.03536573217103E-12	0.176334607302847	1.20729848285332E-10	9.66328363317807E-13	0.44254882966965	1.47564141432572E-11	3.26111094199409E-12	3.53174801271167	1E10	1E-30	1E-10	1E10	1E-30	1E-10	1E10	1E-30	1E-10	1E10	1E-30	1E-10	1E10	1E-30	1E-10	1E10	1E-30	1E-10	1E10	1E-30	1E-10	1E10	1E-30	1E-10	1E10	1E-30	1E-10	1E10	1E-30	1E-10	1E10	1E-30	1E-10
614	9.2E-12	1E10	1E10	1E-30	1.02983690473794E-10	1E10	1E-30	1E10	0.123	1E-30	1.41067157720931E-11	0.223897873877366	1.99447264857363E-10	2.03536573217103E-12	0.176334607302847	1.20729848285332E-10	9.66328363317807E-13	0.44254882966965	1.47564141432572E-11	3.26111094199409E-12	3.53174801271167	1E10	1E-30	1E-10	1E10	1E-30	1E-10	1E10	1E-30	1E-10	1E10	1E-30	1E-10	1E10	1E-30	1E-10	1E10	1E-30	1E-10	1E10	1E-30	1E-10	1E10	1E-30	1E-10	1E10	1E-30	1E-10	1E10	1E-30	1E-10	1E10	1E-30	1E-10
615	9.3E-12	1E10	1E10	1E-30	1.029186104585E-10	1E10	1E-30	1E10	0.122	1E-30	9.44345007412143E-12	0.165322030883424	1E-30	5.10467042823981E-12	0.14622186745033	5.95889342230927E-10	7.69255494956265E-13	7.16174058738559E-02	1.13321343349351E-10	1.05030292702128E-12	0.476617457279536	1.83236526445133E-11	2.77783761616622E-12	3.21782546315751	1.05268664445806E-10	2.67632604184575E-13	0.448889459486948	1E10	1E-30	1E-10	1E10	1E-30	1E-10	1E10	1E-30	1E-10	1E10	1E-30	1E-10	1E10	1E-30	1E-10	1E10	1E-30	1E-10	1E10	1E-30	1E-10	1E10	1E-30	1E-10	1E10	1E-30	1E-10
616	9.3E-12	1E10	1E10	1E-30	1.029186104585E-10	1E10	1E-30	1E10	0.122	1E-30	9.44345007412143E-12	0.165322030883424	1E-30	5.10467042823981E-12	0.14622186745033	5.95889342230927E-10	7.69255494956265E-13	7.16174058738559E-02	1.13321343349351E-10	1.05030292702128E-12	0.476617457279536	1.83236526445133E-11	2.77783761616622E-12	3.21782546315751	1.05268664445806E-10	2.67632604184575E-13	0.448889459486948	1E10	1E-30	1E-10	1E10	1E-30	1E-10	1E10	1E-30	1E-10	1E10	1E-30	1E-10	1E10	1E-30	1E-10	1E10	1E-30	1E-10	1E10	1E-30	1E-10	1E10	1E-30	1E-10	1E10	1E-30	1E-10
617	9.3E-12	1E10	1E10	1E-30	1.029186104585E-10	1E10	1E-30	1E10	0.122	1E-30	9.44345007412143E-12	0.165322030883424	1E-30	5.10467042823981E-12	0.14622186745033	5.95889342230927E-10	7.69255494956265E-13	7.16174058738559E-02	1.13321343349351E-10	1.05030292702128E-12	0.476617457279536	1.83236526445133E-11	2.77783761616622E-12	3.21782546315751	1.05268664445806E-10	2.67632604184575E-13	0.448889459486948	1E10	1E-30	1E-10	1E10	1E-30	1E-10	1E10	1E-30	1E-10	1E10	1E-30	1E-10	1E10	1E-30	1E-10	1E10	1E-30	1E-10	1E10	1E-30	1E-10	1E10	1E-30	1E-10	1E10	1E-30	1E-10
618	9.3E-12	1E10	1E10	1E-30	1.029186104585E-10	1E10	1E-30	1E10	0.122	1E-30	9.44345007412143E-12	0.165322030883424	1E-30	5.10467042823981E-12	0.14622186745033	5.95889342230927E-10	7.69255494956265E-13	7.16174058738559E-02	1.13321343349351E-10	1.05030292702128E-12	0.476617457279536	1.83236526445133E-11	2.77783761616622E-12	3.21782546315751	1.05268664445806E-10	2.67632604184575E-13	0.448889459486948	1E10	1E-30	1E-10	1E10	1E-30	1E-10	1E10	1E-30	1E-10	1E10	1E-30	1E-10	1E10	1E-30	1E-10	1E10	1E-30	1E-10	1E10	1E-30	1E-10	1E10	1E-30	1E-10	1E10	1E-30	1E-10
619	9.3E-12	1E10	1E10	1E-30	1.029186104585E-10	1E10	1E-30	1E10	0.122	1E-30	9.44345007412143E-12	0.165322030883424	1E-30	5.10467042823981E-12	0.14622186745033	5.95889342230927E-10	7.69255494956265E-13	7.16174058738559E-02	1.13321343349351E-10	1.05030292702128E-12	0.476617457279536	1.83236526445133E-11	2.77783761616622E-12	3.21782546315751	1.05268664445806E-10	2.67632604184575E-13	0.448889459486948	1E10	1E-30	1E-10	1E10	1E-30	1E-10	1E10	1E-30	1E-10	1E10	1E-30	1E-10	1E10	1E-30	1E-10	1E10	1E-30	1E-10	1E10	1E-30	1E-10	1E10	1E-30	1E-10	1E10	1E-30	1E-10
620	9.3E-12	1E10	1E10	1E-30	1.029186104585E-10	1E10	1E-30	1E10	0.122	1E-30	9.44345007412143E-12	0.165322030883424	1E-30	5.10467042823981E-12	0.14622186745033	5.95889342230927E-10	7.69255494956265E-13	7.16174058738559E-02	1.13321343349351E-10	1.05030292702128E-12	0.476617457279536	1.83236526445133E-11	2.77783761616622E-12	3.21782546315751	1.05268664445806E-10	2.67632604184575E-13	0.448889459486948	1E10	1E-30	1E-10	1E10	1E-30	1E-10	1E10	1E-30	1E-10	1E10	1E-30	1E-10	1E10	1E-30	1E-10	1E10	1E-30	1E-10	1E10	1E-30	1E-10	1E10	1E-30	1E-10	1E10	1E-30	1E-10
621	9.3E-12	1E10	1E10	1E-30	1.029186104585E-10	1E10	1E-30	1E10	0.122	1E-30	9.44345007412143E-12	0.165322030883424	1E-30	5.10467042823981E-12	0.14622186745033	5.95889342230927E-10	7.69255494956265E-13	7.16174058738559E-02	1.13321343349351E-10	1.05030292702128E-12	0.476617457279536	1.83236526445133E-11	2.77783761616622E-12	3.21782546315751	1.05268664445806E-10	2.67632604184575E-13	0.448889459486948	1E10	1E-30	1E-10	1E10	1E-30	1E-10	1E10	1E-30	1E-10	1E10	1E-30	1E-10	1E10	1E-30	1E-10	1E10	1E-30	1E-10	1E10	1E-30	1E-10	1E10	1E-30	1E-10	1E10	1E-30	1E-10
622	9.3E-12	1E10	1E10	1E-30	1.029186104585E-10	1E10	1E-30	1E10	0.122	1E-30	9.44345007412143E-12	0.165322030883424	1E-30	5.10467042823981E-12	0.14622186745033	5.95889342230927E-10	7.69255494956265E-13	7.16174058738559E-02	1.13321343349351E-10	1.05030292702128E-12	0.476617457279536	1.83236526445133E-11	2.77783761616622E-12	3.21782546315751	1.05268664445806E-10	2.67632604184575E-13	0.448889459486948	1E10	1E-30	1E-10	1E10	1E-30	1E-10	1E10	1E-30	1E-10	1E10	1E-30	1E-10	1E10	1E-30	1E-10	1E10	1E-30	1E-10	1E10	1E-30	1E-10	1E10	1E-30	1E-10	1E10	1E-30	1E-10
623	9.4E-12	1E10	1E10	1E-30	1.029186104585E-10	1E10	1E-30	1E10	0.122	1E-30	9.44345007412143E-12	0.165322030883424	1E-30	5.10467042823981E-12	0.14622186745033	5.95889342230927E-10	7.69255494956265E-13	7.16174058738559E-02	1.13321343349351E-10	1.05030292702128E-12	0.476617457279536	1.83236526445133E-11	2.77783761616622E-12	3.21782546315751	1.05268664445806E-10	2.67632604184575E-13	0.448889459486948	1E10	1E-30	1E-10	1E10	1E-30	1E-10	1E10	1E-30	1E-10	1E10	1E-30	1E-10	1E10	1E-30	1E-10	1E10	1E-30	1E-10	1E10	1E-30	1E-10	1E10	1E-30	1E-10	1E10	1E-30	1E-10
624	9.4E-12	1E10	1E10	1E-30	1.029186104585E-10	1E10	1E-30	1E10	0.122	1E-30	9.44345007412143E-12	0.165322030883424	1E-30	5.10467042823981E-12	0.14622186745033	5.95889342230927E-10	7.69255494956265E-13	7.16174058738559E-02	1.13321343349351E-10	1.05030292702128E-12	0.476617457279536	1.83236526445133E-11	2.77783761616622E-12	3.21782546315751	1.05268664445806E-10	2.67632604184575E-13	0.448889459486948	1E10	1E-30	1E-10	1E10	1E-30	1E-10	1E10	1E-30	1E-10	1E10	1E-30	1E-10	1E10	1E-30	1E-10	1E10	1E-30	1E-10	1E10	1E-30	1E-10	1E10	1E-30	1E-10	1E10	1E-30	1E-10
625	9.4E-12	1E10	1E10	1E-30	1.029186104585E-10	1E10	1E-30	1E10	0.122	1E-30	9.44345007412143E-12	0.165322030883424	1E-30	5.10467042823981E-12	0.14622186745033	5.95889342230927E-10	7.69255494956265E-13	7.16174058738559E-02	1.13321343349351E-10	1.05030292702128E-12	0.476617457279536	1.83236526445133E-11	2.77783761616622E-12	3.21782546315751	1.05268664445806E-10	2.67632604184575E-13	0.448889459486948	1E10	1E-30	1E-10	1E10	1E-30	1E-10	1E10	1E-30	1E-10	1E10	1E-30	1E-10	1E10	1E-30	1E-10	1E10	1E-30	1E-10	1E10	1E-30	1E-10	1E10	1E-30	1E-10	1E10	1E-30	1E-10
626	9.4E-12	1E10	1E10	1E-30	1.029186104585E-10	1E10	1E-30	1E10	0.122	1E-30	9.44345007412143E-12	0.165322030883424	1E-30	5.10467042823981E-12	0.14622186745033	5.95889342230927E-10	7.69255494956265E-13	7.16174058738559E-02	1.13321343349351E-10	1.05030292702128E-12	0.476617457279536	1.83236526445133E-11	2.77783761616622E-12	3.21782546315751	1.05268664445806E-10	2.67632604184575E-13	0.448889459486948	1E10	1E-30	1E-10	1E10	1E-30	1E-10	1E10	1E-30	1E-10	1E10	1E-30	1E-10	1E10	1E-30	1E-10	1E10	1E-30	1E-10	1E10	1E-30	1E-10	1E10	1E-30	1E-10	1E10	1E-30	1E-10
627	9.4E-12	1E10	1E10	1E-30	1.029186104585E-10	1E10	1E-30	1E10	0.122	1E-30	9.44345007412143E-12	0.165322030883424	1E-30	5.10467042823981E-12	0.14622186745033	5.95889342230927E-10	7.69255494956265E-13	7.16174058738559E-02	1.13321343349351E-10	1.05030292702128E-12	0.476617457279536	1.83236526445133E-11	2.77783761616622E-12	3.21782546315751	1.05268664445806E-10	2.67632604184575E-13	0.448889459486948	1E10	1E-30	1E-10	1E10	1E-30	1E-10	1E10	1E-30	1E-10	1E10	1E-30	1E-10	1E10	1E-30	1E-10	1E10	1E-30	1E-10	1E10	1E-30	1E-10	1E10	1E-30	1E-10	1E10	1E-30	1E-10
628	9.4E-12	1E10	1E10	1E-30	1.029186104585E-10	1E10	1E-30	1E10	0.122	1E-30	9.44345007412143E-12	0.165322030883424	1E-30	5.10467042823981E-12	0.14622186745033	5.95889342230927E-10	7.69255494956265E-13	7.16174058738559E-02	1.13321343349351E-10	1.05030292702128E-12	0.476617457279536	1.83236526445133E-11	2.77783761616622E-12	3.21782546315751	1.05268664445806E-10	2.67632604184575E-13	0.448889459486948	1E10	1E-30	1E-10	1E10	1E-30	1E-10	1E10	1E-30	1E-10	1E10	1E-30	1E-10	1E10	1E-30	1E-10	1E10	1E-30	1E-10	1E10	1E-30	1E-10	1E10	1E-30	1E-10	1E10	1E-30	1E-10
629	9.4E-12	1E10	1E10	1E-30	1.029186104585E-10	1E10	1E-30	1E10	0.122	1E-30	9.44345007412143E-12	0.165322030883424	1E-30	5.10467042823981E-12	0.14622186745033	5.95889342230927E-10	7.69255494956265E-13	7.16174058738559E-02	1.13321343349351E-10	1.05030292702128E-12	0.476617457279536	1.83236526445133E-11	2.77783761616622E-12	3.21782546315751	1.05268664445806E-10	2.67632604184575E-13	0.448889459486948	1E10	1E-30	1E-10	1E10	1E-30	1E-10	1E10	1E-30	1E-10	1E10	1E-30	1E-10	1E10	1E-30	1E-10	1E10	1E-30	1E-10	1E10	1E-30	1E-10	1E10	1E-30	1E-10	1E10	1E-30	1E-10
630	9.4E-12	1E10	1E10	1E-30	1.029186104585E-10	1E10	1E-30	1E10	0.122	1E-30	9.44345007412143E-12	0.165322030883424	1E-30	5.10467042823981E-12	0.14622186745033	5.95889342230927E-10	7.69255494956265E-13	7.16174058738559E-02	1.13321343349351E-10	1.05030292702128E-12	0.476617457279536	1.83236526445133E-11	2.77783761616622E-12	3.21782546315751	1.05268664445806E-10	2.67632604184575E-13	0.448889459486948	1E10	1E-30	1E-10	1E10	1E-30	1E-10	1E10	1E-30	1E-10	1E10	1E-30	1E-10	1E10	1E-30	1E-10	1E10	1E-30	1E-10	1E10	1E-30	1E-10	1E10	1E-30	1E-10	1E10	1E-30	1E-10
631	9.5E-12	1E10	1E10	1E-30	1.029186104585E-10	1E10	1E-30	1E10	0.122	1E-30	9.44345007412143E-12	0.165322030883424	1E-30	5.10467042823981E-12	0.14622186745033	5.95889342230927E-10	7.69255494956265E-13	7.16174058738559E-02	1.13321343349351E-10	1.05030292702128E-12	0.476617457279536	1.83236526445133E-11	2.77783761616622E-12	3.21782546315751	1.05268664445806E-10	2.67632604184575E-13	0.448889459486948	1E10	1E-30	1E-10	1E10	1E-30	1E-10	1E10	1E-30	1E-10	1E10	1E-30	1E-10	1E10	1E-30	1E-10	1E10	1E-30	1E-10	1E10	1E-30	1E-10	1E10	1E-30	1E-10	1E10	1E-30	1E-10
632	9.5E-12	1E10	1E10	1E-30	1.029186104585E-10	1E10	1E-30	1E10	0.122	1E-30	9.44345007412143E-12	0.165322030883424	1E-30	5.10467042823981E-12	0.14622186745033	5.95889342230927E-10	7.69255494956265E-13	7.16174058738559E-02	1.13321343349351E-10	1.05030292702128E-12	0.476617457279536	1.83236526445133E-11	2.77783761616622E-12	3.21782546315751	1.05268664445806E-10	2.67632604184575E-13	0.448889459486948	1E10	1E-30	1E-10	1E10	1E-30	1E-10	1E10	1E-30	1E-10	1E10	1E-30	1E-10	1E10	1E-30	1E-10	1E10	1E-30	1E-10	1E10	1E-30	1E-10	1E10	1E-30	1E-10	1E10	1E-30	1E-10
633	9.5E-12	1E10	1E10	1E-30	1.029186104585E-10	1E10	1E-30	1E10	0.122	1E-30	9.44345007412143E-12	0.165322030883424	1E-30	5.10467042823981E-12	0.14622186745033	5.95889342230927E-10	7.69255494956265E-13	7.16174058738559E-02	1.13321343349351E-10	1.05030292702128E-12	0.476617457279536	1.83236526445133E-11	2.77783761616622E-12	3.21782546315751	1.05268664445806E-10	2.67632604184575E-13	0.448889459486948	1E10	1E-30	1E-10	1E10	1E-30	1E-10	1E10	1E-30	1E-10	1E10	1E-30	1E-10	1E10	1E-30	1E-10	1E10	1E-30	1E-10	1E10	1E-30	1E-10	1E10	1E-30	1E-10	1E10	1E-30	1E-10
634	9.5E-12	1E10	1E10	1E-30	1.029186104585E-10	1E10	1E-30	1E10	0.122	1E-30	9.44345007412143E-12	0.165322030883424	1E-30	5.10467042823981E-12	0.14622186745033	5.95889342230927E-10	7.69255494956265E-13	7.16174058738559E-02	1.13321343349351E-10	1.05030292702128E-12	0.476617457279536	1.83236526445133E-11	2.77783761616622E-12	3.21782546315751	1.05268664445806E-10	2.67632604184575E-13	0.448889459486948	1E10	1E-30	1E-10	1E10	1E-30	1E-10	1E10	1E-30	1E-10	1E10	1E-30	1E-10	1E10	1E-30	1E-10	1E10	1E-30	1E-10	1E10	1E-30	1E-10	1E10	1E-30	1E-10	1E10	1E-30	1E-10
635	9.5E-12	1E10	1E10	1E-30	1.029186104585E-10	1E10	1E-30	1E10	0.122	1E-30	9.44345007412143E-12	0.165322030883424	1E-30	5.10467042823981E-12	0.14622186745033	5.95889342230927E-10	7.69255494956265E-13	7.16174058738559E-02	1.13321343349351E-10	1.05030292702128E-12	0.476617457279536	1.83236526445133E-11	2.77783761616622E-12	3.21782546315751	1.05268664445806E-10	2.67632604184575E-13	0.448889459486948	1E10	1E-30	1E-10	1E10	1E-30	1E-10	1E10	1E-30	1E-10	1E10	1E-30	1E-10	1E10	1E-30	1E-10	1E10	1E-30	1E-10	1E10	1E-30	1E-10	1E10	1E-30	1E-10	1E10	1E-30	1E-10
636	9.5E-12	1E10	1E10	1E-30	1.029186104585E-10	1E10	1E-30	1E10	0.122	1E-30	9.44345007412143E-12	0.165322030883424	1E-30	5.10467042823981E-12	0.14622186745033	5.95889342230927E-10	7.69255494956265E-13	7.16174058738559E-02	1.13321343349351E-10	1.05030292702128E-12	0.476617457279536	1.83236526445133E-11	2.77783761616622E-12	3.21782546315751	1.05268664445806E-10	2.67632604184575E-13	0.448889459486948	1E10	1E-30	1E-10	1E10	1E-30	1E-10	1E10	1E-30	1E-10	1E10	1E-30	1E-10	1E10	1E-30	1E-10	1E10	1E-30	1E-10	1E10	1E-30	1E-10	1E10	1E-30	1E-10	1E10	1E-30	1E-10
637	9.5E-12	1E10	1E10	1E-30	1.029186104585E-10	1E10	1E-30	1E10	0.122	1E-30	9.44345007412143E-12	0.165322030883424	1E-30	5.10467042823981E-12	0.14622186745033	5.95889342230927E-10	7.69255494956265E-13	7.16174058738559E-02	1.13321343349351E-10	1.05030292702128E-12	0.476617457279536	1.83236526445133E-11	2.77783761616622E-12	3.21782546315751	1.05268664445806E-10	2.67632604184575E-13	0.448889459486948	1E10	1E-30	1E-10	1E10	1E-30	1E-10	1E10	1E-30	1E-10	1E10	1E-30	1E-10	1E10	1E-30	1E-10	1E10	1E-30	1E-10	1E10	1E-30	1E-10	1E10	1E-30	1E-10	1E10	1E-30	1E-10
638	9.5E-12	1E10	1E10	1E-30	1.029186104585E-10	1E10	1E-30	1E10	0.122	1E-30	9.44345007412143E-12	0.165322030883424	1E-30	5.10467042823981E-12	0.14622186745033	5.95889342230927E-10	7.69255494956265E-13	7.16174058738559E-02	1.13321343349351E-10	1.05030292702128E-12	0.476617457279536	1.83236526445133E-11	2.77783761616622E-12	3.21782546315751	1.05268664445806E-10	2.67632604184575E-13	0.448889459486948	1E10	1E-30	1E-10	1E10	1E-30	1E-10	1E10	1E-30	1E-10	1E10	1E-30	1E-10	1E10	1E-30	1E-10	1E10	1E-30	1E-10	1E10	1E-30	1E-10	1E10	1E-30	1E-10	1E10	1E-30	1E-10
639	9.6E-12	1E10	1E10	1E-30	1.016672221803E-10	1E10	1E-30	1E10	0.12	1E-30	2.09362389883147E-12	0.361626994820929	1E-30	1.54924816283646E-11	0.241291257160601	4.49511476600115E-10	9.82912424088709E-13	9.66157603517299E-02	1.05018298790104E-10	1.17032257478824E-12	0.589652053072188	1.92661011144893E-11	2.71697146075912E-12	3.15496244235743	1.7908497970328E-10	1.58953672503133E-13	0.305959636886837	1E10	1E-30	1E-10	1E10	1E-30	1E-10	1E10	1E-30	1E-10	1E10	1E-30	1E-10	1E10	1E-30	1E-10	1E10	1E-30	1E-10	1E10	1E-30	1E-10	1E10	1E-30	1E-10	1E10	1E-30	1E-10
640	9.6E-12	1E10	1E10	1E-30	1.016672221803E-10	1E10	1E-30	1E10	0.12	1E-30	2.09362389883147E-12	0.361626994820929	1E-30	1.54924816283646E-11	0.241291257160601	4.49511476600115E-10	9.82912424088709E-13	9.66157603517299E-02	1.05018298790104E-10	1.17032257478824E-12	0.589652053072188	1.92661011144893E-11	2.71697146075912E-12	3.15496244235743	1.7908497970328E-10	1.58953672503133E-13	0.305959636886837	1E10	1E-30	1E-10	1E10	1E-30	1E-10	1E10	1E-30	1E-10	1E10	1E-30	1E-10	1E10	1E-30	1E-10	1E10	1E-30	1E-10	1E10	1E-30	1E-10	1E10	1E-30	1E-10	1E10	1E-30	1E-10
641	9.6E-12	1E10	1E10	1E-30	1.016672221803E-10	1E10	1E-30	1E10	0.12	1E-30	2.09362389883147E-12	0.361626994820929	1E-30	1.54924816283646E-11	0.241291257160601	4.49511476600115E-10	9.82912424088709E-13	9.66157603517299E-02	1.05018298790104E-10	1.17032257478824E-12	0.589652053072188	1.92661011144893E-11	2.71697146075912E-12	3.15496244235743	1.7908497970328E-10	1.58953672503133E-13	0.305959636886837	1E10	1E-30	1E-10	1E10	1E-30	1E-10	1E10	1E-30	1E-10	1E10	1E-30	1E-10	1E10	1E-30	1E-10	1E10	1E-30	1E-10	1E10	1E-30	1E-10	1E10	1E-30	1E-10	1E10	1E-30	1E-10
642	9.6E-12	1E10	1E10	1E-30	1.016672221803E-10	1E10	1E-30	1E10	0.12	1E-30	2.09362389883147E-12	0.361626994820929	1E-30	1.54924816283646E-11	0.241291257160601	4.49511476600115E-10	9.82912424088709E-13	9.66157603517299E-02	1.05018298790104E-10	1.17032257478824E-12	0.589652053072188	1.92661011144893E-11	2.71697146075912E-12	3.15496244235743	1.7908497970328E-10	1.58953672503133E-13	0.305959636886837	1E10	1E-30	1E-10	1E10	1E-30	1E-10	1E10	1E-30	1E-10	1E10	1E-30	1E-10	1E10	1E-30	1E-10	1E10	1E-30	1E-10	1E10	1E-30	1E-10	1E10	1E-30	1E-10	1E10	1E-30	1E-10
643	9.6E-12	1E10	1E10	1E-30	1.016672221803E-10	1E10	1E-30	1E10	0.12	1E-30	2.09362389883147E-12	0.361626994820929	1E-30	1.54924816283646E-11	0.241291257160601	4.49511476600115E-10	9.82912424088709E-13	9.66157603517299E-02	1.05018298790104E-10	1.17032257478824E-12	0.589652053072188	1.92661011144893E-11	2.71697146075912E-12	3.15496244235743	1.7908497970328E-10	1.58953672503133E-13	0.305959636886837	1E10	1E-30	1E-10	1E10	1E-30	1E-10	1E10	1E-30	1E-10	1E10	1E-30	1E-10	1E10	1E-30	1E-10	1E10	1E-30	1E-10	1E10	1E-30	1E-10	1E10	1E-30	1E-10	1E10	1E-30	1E-10
644	9.6E-12	1E10	1E10	1E-30	1.016672221803E-10	1E10	1E-30	1E10	0.12	1E-30	2.09362389883147E-12	0.361626994820929	1E-30	1.54924816283646E-11	0.241291257160601	4.49511476600115E-10	9.82912424088709E-13	9.66157603517299E-02	1.05018298790104E-10	1.17032257478824E-12	0.589652053072188	1.92661011144893E-11	2.71697146075912E-12	3.15496244235743	1.7908497970328E-10	1.58953672503133E-13	0.305959636886837	1E10	1E-30	1E-10	1E10	1E-30	1E-10	1E10	1E-30	1E-10	1E10	1E-30	1E-10	1E10	1E-30	1E-10	1E10	1E-30	1E-10	1E10	1E-30	1E-10	1E10	1E-30	1E-10	1E10	1E-30	1E-10
645	9.6E-12	1E10	1E10	1E-30	1.016672221803E-10	1E10	1E-30	1E10	0.12	1E-30	2.09362389883147E-12	0.361626994820929	1E-30	1.54924816283646E-11	0.241291257160601	4.49511476600115E-10	9.82912424088709E-13	9.66157603517299E-02	1.05018298790104E-10	1.17032257478824E-12	0.589652053072188	1.92661011144893E-11	2.71697146075912E-12	3.15496244235743	1.7908497970328E-10	1.58953672503133E-13	0.305959636886837	1E10	1E-30	1E-10	1E10	1E-30	1E-10	1E10	1E-30	1E-10	1E10	1E-30	1E-10	1E10	1E-30	1E-10	1E10	1E-30	1E-10	1E10	1E-30	1E-10	1E10	1E-30	1E-10	1E10	1E-30	1E-10
646	9.6E-12	1E10	1E10	1E-30	1.016672221803E-10	1E10	1E-30	1E10	0.12	1E-30	2.09362389883147E-12	0.361626994820929	1E-30	1.54924816283646E-11	0.241291257160601	4.49511476600115E-10	9.82912424088709E-13	9.66157603517299E-02	1.05018298790104E-10	1.17032257478824E-12	0.589652053072188	1.92661011144893E-11	2.71697146075912E-12	3.15496244235743	1.7908497970328E-10	1.58953672503133E-13	0.305959636886837	1E10	1E-30	1E-10	1E10	1E-30	1E-10	1E10	1E-30	1E-10	1E10	1E-30	1E-10	1E10	1E-30	1E-10	1E10	1E-30	1E-10	1E10	1E-30	1E-10	1E10	1E-30	1E-10	1E10	1E-30	1E-10
647	9.7E-12	1E10	1E10	1E-30	1.016672221803E-10	1E10	1E-30	1E10	0.12	1E-30	2.09362389883147E-12	0.361626994820929	1E-30	1.54924816283646E-11	0.241291257160601	4.49511476600115E-10	9.82912424088709E-13	9.66157603517299E-02	1.05018298790104E-10	1.17032257478824E-12	0.589652053072188	1.92661011144893E-11	2.71697146075912E-12	3.15496244235743	1.7908497970328E-10	1.58953672503133E-13	0.305959636886837	1E10	1E-30	1E-10	1E10	1E-30	1E-10	1E10	1E-30	1E-10	1E10	1E-30	1E-10	1E10	1E-30	1E-10	1E10	1E-30	1E-10	1E10	1E-30	1E-10	1E10	1E-30	1E-10	1E10	1E-30	1E-10
648	9.7E-12	1E10	1E10	1E-30	1.016672221803E-10	1E10	1E-30	1E10	0.12	1E-30	2.09362389883147E-12	0.361626994820929	1E-30	1.54924816283646E-11	0.241291257160601	4.49511476600115E-10	9.82912424088709E-13	9.66157603517299E-02	1.05018298790104E-10	1.17032257478824E-12	0.589652053072188	1.92661011144893E-11	2.71697146075912E-12	3.15496244235743	1.7908497970328E-10	1.58953672503133E-13	0.305959636886837	1E10	1E-30	1E-10	1E10	1E-30	1E-10	1E10	1E-30	1E-10	1E10	1E-30	1E-10	1E10	1E-30	1E-10	1E10	1E-30	1E-10	1E10	1E-30	1E-10	1E10	1E-30	1E-10	1E10	1E-30	1E-10
649	9.7E-12	1E10	1E10	1E-30	1.016672221803E-10	1E10	1E-30	1E10	0.12	1E-30	2.09362389883147E-12	0.361626994820929	1E-30	1.54924816283646E-11	0.241291257160601	4.49511476600115E-10	9.82912424088709E-13	9.66157603517299E-02	1.05018298790104E-10	1.17032257478824E-12	0.589652053072188	1.92661011144893E-11	2.71697146075912E-12	3.15496244235743	1.7908497970328E-10	1.58953672503133E-13	0.305959636886837	1E10	1E-30	1E-10	1E10	1E-30	1E-10	1E10	1E-30	1E-10	1E10	1E-30	1E-10	1E10	1E-30	1E-10	1E10	1E-30	1E-10	1E10	1E-30	1E-10	1E10	1E-30	1E-10	1E10	1E-30	1E-10
650	9.7E-12	1E10	1E10	1E-30	1.016672221803E-10	1E10	1E-30	1E10	0.12	1E-30	2.09362389883147E-12	0.361626994820929	1E-30	1.54924816283646E-11	0.241291257160601	4.49511476600115E-10	9.82912424088709E-13	9.66157603517299E-02	1.05018298790104E-10	1.17032257478824E-12	0.589652053072188	1.92661011144893E-11	2.71697146075912E-12	3.15496244235743	1.7908497970328E-10	1.58953672503133E-13	0.305959636886837	1E10	1E-30	1E-10	1E10	1E-30	1E-10	1E10	1E-30	1E-10	1E10	1E-30	1E-10	1E10	1E-30	1E-10	1E10	1E-30	1E-10	1E10	1E-30	1E-10	1E10	1E-30	1E-10	1E10	1E-30	1E-10
651	9.7E-12	1E10	1E10	1E-30	1.016672221803E-10	1E10	1E-30	1E10	0.12	1E-30	2.09362389883147E-12	0.361626994820929	1E-30	1.54924816283646E-11	0.241291257160601	4.49511476600115E-10	9.82912424088709E-13	9.66157603517299E-02	1.05018298790104E-10	1.17032257478824E-12	0.589652053072188	1.92661011144893E-11	2.71697146075912E-12	3.15496244235743	1.7908497970328E-10	1.58953672503133E-13	0.305959636886837	1E10	1E-30	1E-10	1E10	1E-30	1E-10	1E10	1E-30	1E-10	1E10	1E-30	1E-10	1E10	1E-30	1E-10	1E10	1E-30	1E-10	1E10	1E-30	1E-10	1E10	1E-30	1E-10	1E10	1E-30	1E-10
652	9.7E-12	1E10	1E10	1E-30	1.016672221803E-10	1E10	1E-30	1E10	0.12	1E-30	2.09362389883147E-12	0.361626994820929	1E-30	1.54924816283646E-11	0.241291257160601	4.49511476600115E-10	9.82912424088709E-13	9.66157603517299E-02	1.05018298790104E-10	1.17032257478824E-12	0.589652053072188	1.92661011144893E-11	2.71697146075912E-12	3.15496244235743	1.7908497970328E-10	1.58953672503133E-13	0.305959636886837	1E10	1E-30	1E-10	1E10	1E-30	1E-10	1E10	1E-30	1E-10	1E10	1E-30	1E-10	1E10	1E-30	1E-10	1E10	1E-30	1E-10	1E10	1E-30	1E-10	1E10	1E-30	1E-10	1E10	1E-30	1E-10
653	9.7E-12	1E10	1E10	1E-30	1.016672221803E-10	1E10	1E-30	1E10	0.12	1E-30	2.09362389883147E-12	0.361626994820929	1E-30	1.54924816283646E-11	0.241291257160601	4.49511476600115E-10	9.82912424088709E-13	9.66157603517299E-02	1.05018298790104E-10	1.17032257478824E-12	0.589652053072188	1.92661011144893E-11	2.71697146075912E-12	3.15496244235743	1.7908497970328E-10	1.58953672503133E-13	0.305959636886837	1E10	1E-30	1E-10	1E10	1E-30	1E-10	1E10	1E-30	1E-10	1E10	1E-30	1E-10	1E10	1E-30	1E-10	1E10	1E-30	1E-10	1E10	1E-30	1E-10	1E10	1E-30	1E-10	1E10	1E-30	1E-10
654	9.7E-12	1E10	1E10	1E-30	1.016672221803E-10	1E10	1E-30	1E10	0.12	1E-30	2.09362389883147E-12	0.361626994820929	1E-30	1.54924816283646E-11	0.241291257160601	4.49511476600115E-10	9.82912424088709E-13	9.66157603517299E-02	1.05018298790104E-10	1.17032257478824E-12	0.589652053072188	1.92661011144893E-11	2.71697146075912E-12	3.15496244235743	1.7908497970328E-10	1.58953672503133E-13	0.305959636886837	1E10	1E-30	1E-10	1E10	1E-30	1E-10	1E10	1E-30	1E-10	1E10	1E-30	1E-10	1E10	1E-30	1E-10	1E10	1E-30	1E-10	1E10	1E-30	1E-10	1E10	1E-30	1E-10	1E10	1E-30	1E-10
655	9.8E-12	1E10	1E10	1E-30	1.02692423262648E-10	1E10	1E-30	1E10	0.118	1E-30	2.14102234733903E-12	0.655806773937744	1E-30	1.46108500501034E-11	0.236871424369196	3.09348151606718E-10	1.35957373057952E-12	0.107624047516461	6.72189646734777E-11	1.8661343514323E-12	0.656294971490738	2.03380876110947E-11	2.69425670391343E-12	2.96969852392702	2.69783397935033E-11	9.2082047623263E-13	1.11361322428763	1E10	1E-30	1E-10	1E10	1E-30	1E-10	1E10	1E-30	1E-10	1E10	1E-30	1E-10	1E10	1E-30	1E-10	1E10	1E-30	1E-10	1E10	1E-30	1E-10	1E10	1E-30	1E-10	1E10	1E-30	1E-10
656	9.8E-12	1E10	1E10	1E-30	1.02692423262648E-10	1E10	1E-30	1E10	0.118	1E-30	2.14102234733903E-12	0.655806773937744	1E-30	1.46108500501034E-11	0.236871424369196	3.09348151606718E-10	1.35957373057952E-12	0.107624047516461	6.72189646734777E-11	1.8661343514323E-12	0.656294971490738	2.03380876110947E-11	2.69425670391343E-12	2.96969852392702	2.69783397935033E-11	9.2082047623263E-13	1.11361322428763	1E10	1E-30	1E-10	1E10	1E-30	1E-10	1E10	1E-30	1E-10	1E10	1E-30	1E-10	1E10	1E-30	1E-10	1E10	1E-30	1E-10	1E10	1E-30	1E-10	1E10	1E-30	1E-10	1E10	1E-30	1E-10
657	9.8E-12	1E10	1E10	1E-30	1.02692423262648E-10	1E10	1E-30	1E10	0.118	1E-30	2.14102234733903E-12	0.655806773937744	1E-30	1.46108500501034E-11	0.236871424369196	3.09348151606718E-10	1.35957373057952E-12	0.107624047516461	6.72189646734777E-11	1.8661343514323E-12	0.656294971490738	2.03380876110947E-11	2.69425670391343E-12	2.96969852392702	2.69783397935033E-11	9.2082047623263E-13	1.11361322428763	1E10	1E-30	1E-10	1E10	1E-30	1E-10	1E10	1E-30	1E-10	1E10	1E-30	1E-10	1E10	1E-30	1E-10	1E10	1E-30	1E-10	1E10	1E-30	1E-10	1E10	1E-30	1E-10	1E10	1E-30	1E-10
658	9.8E-12	1E10	1E10	1E-30	1.02692423262648E-10	1E10	1E-30	1E10	0.118	1E-30	2.14102234733903E-12	0.655806773937744	1E-30	1.46108500501034E-11	0.236871424369196	3.09348151606718E-10	1.35957373057952E-12	0.107624047516461	6.72189646734777E-11	1.8661343514323E-12	0.656294971490738	2.03380876110947E-11	2.69425670391343E-12	2.96969852392702	2.69783397935033E-11	9.2082047623263E-13	1.11361322428763	1E10	1E-30	1E-10	1E10	1E-30	1E-10	1E10	1E-30	1E-10	1E10	1E-30	1E-10	1E10	1E-30	1E-10	1E10	1E-30	1E-10	1E10	1E-30	1E-10	1E10	1E-30	1E-10	1E10	1E-30	1E-10
659	9.8E-12	1E10	1E10	1E-30	1.02692423262648E-10	1E10	1E-30	1E10	0.118	1E-30	2.14102234733903E-12	0.655806773937744	1E-30	1.46108500501034E-11	0.236871424369196	3.09348151606718E-10	1.35957373057952E-12	0.107624047516461	6.72189646734777E-11	1.8661343514323E-12	0.656294971490738	2.03380876110947E-11	2.69425670391343E-12	2.96969852392702	2.69783397935033E-11	9.2082047623263E-13	1.11361322428763	1E10	1E-30	1E-10	1E10	1E-30	1E-10	1E10	1E-30	1E-10	1E10	1E-30	1E-10	1E10	1E-30	1E-10	1E10	1E-30	1E-10	1E10	1E-30	1E-10	1E10	1E-30	1E-10	1E10	1E-30	1E-10
660	9.8E-12	1E10	1E10	1E-30	1.02692423262648E-10	1E10	1E-30	1E10	0.118	1E-30	2.14102234733903E-12	0.655806773937744	1E-30	1.46108500501034E-11	0.236871424369196	3.09348151606718E-10	1.35957373057952E-12	0.107624047516461	6.72189646734777E-11	1.8661343514323E-12	0.656294971490738	2.03380876110947E-11	2.69425670391343E-12	2.96969852392702	2.69783397935033E-11	9.2082047623263E-13	1.11361322428763	1E10	1E-30	1E-10	1E10	1E-30	1E-10	1E10	1E-30	1E-10	1E10	1E-30	1E-10	1E10	1E-30	1E-10	1E10	1E-30	1E-10	1E10	1E-30	1E-10	1E10	1E-30	1E-10	1E10	1E-30	1E-10
661	9.8E-12	1E10	1E10	1E-30	1.02692423262648E-10	1E10	1E-30	1E10	0.118	1E-30	2.14102234733903E-12	0.655806773937744	1E-30	1.46108500501034E-11	0.236871424369196	3.09348151606718E-10	1.35957373057952E-12	0.107624047516461	6.72189646734777E-11	1.8661343514323E-12	0.656294971490738	2.03380876110947E-11	2.69425670391343E-12	2.96969852392702	2.69783397935033E-11	9.2082047623263E-13	1.11361322428763	1E10	1E-30	1E-10	1E10	1E-30	1E-10	1E10	1E-30	1E-10	1E10	1E-30	1E-10	1E10	1E-30	1E-10	1E10	1E-30	1E-10	1E10	1E-30	1E-10	1E10	1E-30	1E-10	1E10	1E-30	1E-10
662	9.8E-12	1E10	1E10	1E-30	1.02692423262648E-10	1E10	1E-30	1E10	0.118	1E-30	2.14102234733903E-12	0.655806773937744	1E-30	1.46108500501034E-11	0.236871424369196	3.09348151606718E-10	1.35957373057952E-12	0.107624047516461	6.72189646734777E-11	1.8661343514323E-12	0.656294971490738	2.03380876110947E-11	2.69425670391343E-12	2.96969852392702	2.69783397935033E-11	9.2082047623263E-13	1.11361322428763	1E10	1E-30	1E-10	1E10	1E-30	1E-10	1E10	1E-30	1E-10	1E10	1E-30	1E-10	1E10	1E-30	1E-10	1E10	1E-30	1E-10	1E10	1E-30	1E-10	1E10	1E-30	1E-10	1E10	1E-30	1E-10
663	9.9E-12	1E10	1E10	1E-30	1.02692423262648E-10	1E10	1E-30	1E10	0.118	1E-30	2.14102234733903E-12	0.655806773937744	1E-30	1.46108500501034E-11	0.236871424369196	3.09348151606718E-10	1.35957373057952E-12	0.107624047516461	6.72189646734777E-11	1.8661343514323E-12	0.656294971490738	2.03380876110947E-11	2.69425670391343E-12	2.96969852392702	2.69783397935033E-11	9.2082047623263E-13	1.11361322428763	1E10	1E-30	1E-10	1E10	1E-30	1E-10	1E10	1E-30	1E-10	1E10	1E-30	1E-10	1E10	1E-30	1E-10	1E10	1E-30	1E-10	1E10	1E-30	1E-10	1E10	1E-30	1E-10	1E10	1E-30	1E-10
664	9.9E-12	1E10	1E10	1E-30	1.02692423262648E-10	1E10	1E-30	1E10	0.118	1E-30	2.14102234733903E-12	0.655806773937744	1E-30	1.46108500501034E-11	0.236871424369196	3.09348151606718E-10	1.35957373057952E-12	0.107624047516461	6.72189646734777E-11	1.8661343514323E-12	0.656294971490738	2.03380876110947E-11	2.69425670391343E-12	2.96969852392702	2.69783397935033E-11	9.2082047623263E-13	1.11361322428763	1E10	1E-30	1E-10	1E10	1E-30	1E-10	1E10	1E-30	1E-10	1E10	1E-30	1E-10	1E10	1E-30	1E-10	1E10	1E-30	1E-10	1E10	1E-30	1E-10	1E10	1E-30	1E-10	1E10	1E-30	1E-10
665	9.9E-12	1E10	1E10	1E-30	1.02692423262648E-10	1E10	1E-30	1E10	0.118	1E-30	2.14102234733903E-12	0.655806773937744	1E-30	1.46108500501034E-11	0.236871424369196	3.09348151606718E-10	1.35957373057952E-12	0.107624047516461	6.72189646734777E-11	1.8661343514323E-12	0.656294971490738	2.03380876110947E-11	2.69425670391343E-12	2.96969852392702	2.69783397935033E-11	9.2082047623263E-13	1.11361322428763	1E10	1E-30	1E-10	1E10	1E-30	1E-10	1E10	1E-30	1E-10	1E10	1E-30	1E-10	1E10	1E-30	1E-10	1E10	1E-30	1E-10	1E10	1E-30	1E-10	1E10	1E-30	1E-10	1E10	1E-30	1E-10
666	9.9E-12	1E10	1E10	1E-30	1.02692423262648E-10	1E10	1E-30	1E10	0.118	1E-30	2.14102234733903E-12	0.655806773937744	1E-30	1.46108500501034E-11	0.236871424369196	3.09348151606718E-10	1.35957373057952E-12	0.107624047516461	6.72189646734777E-11	1.8661343514323E-12	0.656294971490738	2.03380876110947E-11	2.69425670391343E-12	2.96969852392702	2.69783397935033E-11	9.2082047623263E-13	1.11361322428763	1E10	1E-30	1E-10	1E10	1E-30	1E-10	1E10	1E-30	1E-10	1E10	1E-30	1E-10	1E10	1E-30	1E-10	1E10	1E-30	1E-10	1E10	1E-30	1E-10	1E10	1E-30	1E-10	1E10	1E-30	1E-10
667	9.9E-12	1E10	1E10	1E-30	1.02692423262648E-10	1E10	1E-30	1E10	0.118	1E-30	2.14102234733903E-12	0.655806773937744	1E-30	1.46108500501034E-11	0.236871424369196	3.09348151606718E-10	1.35957373057952E-12	0.107624047516461	6.72189646734777E-11	1.8661343514323E-12	0.656294971490738	2.03380876110947E-11	2.69425670391343E-12	2.96969852392702	2.69783397935033E-11	9.2082047623263E-13	1.11361322428763	1E10	1E-30	1E-10	1E10	1E-30	1E-10	1E10	1E-30	1E-10	1E10	1E-30	1E-10	1E10	1E-30	1E-10	1E10	1E-30	1E-10	1E10	1E-30	1E-10	1E10	1E-30	1E-10	1E10	1E-30	1E-10
668	9.9E-12	1E10	1E10	1E-30	1.02692423262648E-10	1E10	1E-30	1E10	0.118	1E-30	2.14102234733903E-12	0.655806773937744	1E-30	1.46108500501034E-11	0.236871424369196	3.09348151606718E-10	1.35957373057952E-12	0.107624047516461	6.72189646734777E-11	1.8661343514323E-12	0.656294971490738	2.03380876110947E-11	2.69425670391343E-12	2.96969852392702	2.69783397935033E-11	9.2082047623263E-13	1.11361322428763	1E10	1E-30	1E-10	1E10	1E-30	1E-10	1E10	1E-30	1E-10	1E10	1E-30	1E-10	1E10	1E-30	1E-10	1E10	1E-30	1E-10	1E10	1E-30	1E-10	1E10	1E-30	1E-10	1E10	1E-30	1E-10
669	9.9E-12	1E10	1E10	1E-30	1.02692423262648E-10	1E10	1E-30	1E10	0.118	1E-30	2.14102234733903E-12	0.655806773937744	1E-30	1.46108500501034E-11	0.236871424369196	3.09348151606718E-10	1.35957373057952E-12	0.107624047516461	6.72189646734777E-11	1.8661343514323E-12	0.656294971490738	2.03380876110947E-11	2.69425670391343E-12	2.96969852392702	2.69783397935033E-11	9.2082047623263E-13	1.11361322428763	1E10	1E-30	1E-10	1E10	1E-30	1E-10	1E10	1E-30	1E-10	1E10	1E-30	1E-10	1E10	1E-30	1E-10	1E10	1E-30	1E-10	1E10	1E-30	1E-10	1E10	1E-30	1E-10	1E10	1E-30	1E-10
670	9.9E-12	1E10	1E10	1E-30	1.02692423262648E-10	1E10	1E-30	1E10	0.118	1E-30	2.14102234733903E-12	0.655806773937744	1E-30	1.46108500501034E-11	0.236871424369196	3.09348151606718E-10	1.35957373057952E-12	0.107624047516461	6.72189646734777E-11	1.8661343514323E-12	0.656294971490738	2.03380876110947E-11	2.69425670391343E-12	2.96969852392702	2.69783397935033E-11	9.2082047623263E-13	1.11361322428763	1E10	1E-30	1E-10	1E10	1E-30	1E-10	1E10	1E-30	1E-10	1E10	1E-30	1E-10	1E10	1E-30	1E-10	1E10	1E-30	1E-10	1E10	1E-30	1E-10	1E10	1E-30	1E-10	1E10	1E-30	1E-10
671	1E-11	1E10	1E10	1E-30	1.02692423262648E-10	1E10	1E-30	1E10	0.118	1E-30	2.14102234733903E-12	0.655806773937744	1E-30	1.46108500501034E-11	0.236871424369196	3.09348151606718E-10	1.35957373057952E-12	0.107624047516461	6.72189646734777E-11	1.8661343514323E-12	0.656294971490738	2.03380876110947E-11	2.69425670391343E-12	2.96969852392702	2.69783397935033E-11	9.2082047623263E-13	1.11361322428763	1E10	1E-30	1E-10	1E10	1E-30	1E-10	1E10	1E-30	1E-10	1E10	1E-30	1E-10	1E10	1E-30	1E-10	1E10	1E-30	1E-10	1E10	1E-30	1E-10	1E10	1E-30	1E-10	1E10	1E-30	1E-10
672	1E-11	1E10	1E10	1E-30	1.02692423262648E-10	1E10	1E-30	1E10	0.118	1E-30	2.14102234733903E-12	0.655806773937744	1E-30	1.46108500501034E-11	0.236871424369196	3.09348151606718E-10	1.35957373057952E-12	0.107624047516461	6.72189646734777E-11	1.8661343514323E-12	0.656294971490738	2.03380876110947E-11	2.69425670391343E-12	2.96969852392702	2.69783397935033E-11	9.2082047623263E-13	1.11361322428763	1E10	1E-30	1E-10	1E10	1E-30	1E-10	1E10	1E-30	1E-10	1E10	1E-30	1E-10	1E10	1E-30	1E-10	1E10	1E-30	1E-10	1E10	1E-30	1E-10	1E10	1E-30	1E-10	1E10	1E-30	1E-10
673	1E-11	1E10	1E10	1E-30	1.02692423262648E-10	1E10	1E-30	1E10	0.118	1E-30	2.14102234733903E-12	0.655806773937744	1E-30	1.46108500501034E-11	0.236871424369196	3.09348151606718E-10	1.35957373057952E-12	0.107624047516461	6.72189646734777E-11	1.8661343514323E-12	0.656294971490738	2.03380876110947E-11	2.69425670391343E-12	2.96969852392702	2.69783397935033E-11	9.2082047623263E-13	1.11361322428763	1E10	1E-30	1E-10	1E10	1E-30	1E-10	1E10	1E-30	1E-10	1E10	1E-30	1E-10	1E10	1E-30	1E-10	1E10	1E-30	1E-10	1E10	1E-30	1E-10	1E10	1E-30	1E-10	1E10	1E-30	1E-10
674	1E-11	1E10	1E10	1E-30	1.02692423262648E-10	1E10	1E-30	1E10	0.118	1E-30	2.14102234733903E-12	0.655806773937744	1E-30	1.46108500501034E-11	0.236871424369196	3.09348151606718E-10	1.35957373057952E-12	0.107624047516461	6.72189646734777E-11	1.8661343514323E-12	0.656294971490738	2.03380876110947E-11	2.69425670391343E-12	2.96969852392702	2.69783397935033E-11	9.2082047623263E-13	1.11361322428763	1E10	1E-30	1E-10	1E10	1E-30	1E-10	1E10	1E-30	1E-10	1E10	1E-30	1E-10	1E10	1E-30	1E-10	1E10	1E-30	1E-10	1E10	1E-30	1E-10	1E10	1E-30	1E-10	1E10	1E-30	1E-10
675	1.1E-11	1E10	1E10	1E-30	8.95027618280514E-11	1E10	1E-30	1E10	0.116	2.31408781320692E-10	6.9772864487515E-12	0.162067733884171	1.05134229431692E-10	3.70741557999704E-12	0.339448088424285	7.82441536827499E-11	1.89181367235658E-12	0.718716851609093	1.82802947412937E-11	3.55598710126456E-12	2.67028630118583	1.08846990121714E-11	2.56476572452156E-12	1.68483675359804	1E10	1E-30	1E-10	1E10	1E-30	1E-10	1E10	1E-30	1E-10	1E10	1E-30	1E-10	1E10	1E-30	1E-10	1E10	1E-30	1E-10	1E10	1E-30	1E-10	1E10	1E-30	1E-10	1E10	1E-30	1E-10	1E10	1E-30	1E-10
676	1.1E-11	1E10	1E10	1E-30	8.95027618280514E-11	1E10	1E-30	1E10	0.116	2.31408781320692E-10	6.9772864487515E-12	0.162067733884171	1.05134229431692E-10	3.70741557999704E-12	0.339448088424285	7.82441536827499E-11	1.89181367235658E-12	0.718716851609093	1.82802947412937E-11	3.55598710126456E-12	2.67028630118583	1.08846990121714E-11	2.56476572452156E-12	1.68483675359804	1E10	1E-30	1E-10	1E10	1E-30	1E-10	1E10	1E-30	1E-10	1E10	1E-30	1E-10	1E10	1E-30	1E-10	1E10	1E-30	1E-10	1E10	1E-30	1E-10	1E10	1E-30	1E-10	1E10	1E-30	1E-10	1E10	1E-30	1E-10
677	1.1E-11	1E10	1E10	1E-30	8.95027618280514E-11	1E10	1E-30	1E10	0.116	2.31408781320692E-10	6.9772864487515E-12	0.162067733884171	1.05134229431692E-10	3.70741557999704E-12	0.339448088424285	7.82441536827499E-11	1.89181367235658E-12	0.718716851609093	1.82802947412937E-11	3.55598710126456E-12	2.67028630118583	1.08846990121714E-11	2.56476572452156E-12	1.68483675359804	1E10	1E-30	1E-10	1E10	1E-30	1E-10	1E10	1E-30	1E-10	1E10	1E-30	1E-10	1E10	1E-30	1E-10	1E10	1E-30	1E-10	1E10	1E-30	1E-10	1E10	1E-30	1E-10	1E10	1E-30	1E-10	1E10	1E-30	1E-10
678	1.1E-11	1E10	1E10	1E-30	8.95027618280514E-11	1E10	1E-30	1E10	0.116	2.31408781320692E-10	6.9772864487515E-12	0.162067733884171	1.05134229431692E-10	3.70741557999704E-12	0.339448088424285	7.82441536827499E-11	1.89181367235658E-12	0.718716851609093	1.82802947412937E-11	3.55598710126456E-12	2.67028630118583	1.08846990121714E-11	2.56476572452156E-12	1.68483675359804	1E10	1E-30	1E-10	1E10	1E-30	1E-10	1E10	1E-30	1E-10	1E10	1E-30	1E-10	1E10	1E-30	1E-10	1E10	1E-30	1E-10	1E10	1E-30	1E-10	1E10	1E-30	1E-10	1E10	1E-30	1E-10	1E10	1E-30	1E-10
679	1.2E-11	1E10	1E10	1E-30	9.43818879937544E-11	1E10	1E-30	1E10	0.114999999999999	1.98172365880511E-10	9.99398928307949E-12	0.179842575303481	1.14929513407914E-10	3.51227050947256E-12	0.3451875046776	7.11944960406158E-11	2.3502952455262E-12	0.800882818167037	2.08733041350346E-11	3.45822932643109E-12	2.20581444580601	1.16154884560405E-11	2.40953291239559E-12	2.10653644188373	1E10	1E-30	1E-10	1E10	1E-30	1E-10	1E10	1E-30	1E-10	1E10	1E-30	1E-10	1E10	1E-30	1E-10	1E10	1E-30	1E-10	1E10	1E-30	1E-10	1E10	1E-30	1E-10	1E10	1E-30	1E-10	1E10	1E-30	1E-10
680	1.2E-11	1E10	1E10	1E-30	9.43818879937544E-11	1E10	1E-30	1E10	0.114999999999999	1.98172365880511E-10	9.99398928307949E-12	0.179842575303481	1.14929513407914E-10	3.51227050947256E-12	0.3451875046776	7.11944960406158E-11	2.3502952455262E-12	0.800882818167037	2.08733041350346E-11	3.45822932643109E-12	2.20581444580601	1.16154884560405E-11	2.40953291239559E-12	2.10653644188373	1E10	1E-30	1E-10	1E10	1E-30	1E-10	1E10	1E-30	1E-10	1E10	1E-30	1E-10	1E10	1E-30	1E-10	1E10	1E-30	1E-10	1E10	1E-30	1E-10	1E10	1E-30	1E-10	1E10	1E-30	1E-10	1E10	1E-30	1E-10
681	1.2E-11	1E10	1E10	1E-30	9.43818879937544E-11	1E10	1E-30	1E10	0.114999999999999	1.98172365880511E-10	9.99398928307949E-12	0.179842575303481	1.14929513407914E-10	3.51227050947256E-12	0.3451875046776	7.11944960406158E-11	2.3502952455262E-12	0.800882818167037	2.08733041350346E-11	3.45822932643109E-12	2.20581444580601	1.16154884560405E-11	2.40953291239559E-12	2.10653644188373	1E10	1E-30	1E-10	1E10	1E-30	1E-10	1E10	1E-30	1E-10	1E10	1E-30	1E-10	1E10	1E-30	1E-10	1E10	1E-30	1E-10	1E10	1E-30	1E-10	1E10	1E-30	1E-10	1E10	1E-30	1E-10	1E10	1E-30	1E-10
682	1.2E-11	1E10	1E10	1E-30	9.43818879937544E-11	1E10	1E-30	1E10	0.114999999999999	1.98172365880511E-10	9.99398928307949E-12	0.179842575303481	1.14929513407914E-10	3.51227050947256E-12	0.3451875046776	7.11944960406158E-11	2.3502952455262E-12	0.800882818167037	2.08733041350346E-11	3.45822932643109E-12	2.20581444580601	1.16154884560405E-11	2.40953291239559E-12	2.10653644188373	1E10	1E-30	1E-10	1E10	1E-30	1E-10	1E10	1E-30	1E-10	1E10	1E-30	1E-10	1E10	1E-30	1E-10	1E10	1E-30	1E-10	1E10	1E-30	1E-10	1E10	1E-30	1E-10	1E10	1E-30	1E-10	1E10	1E-30	1E-10
683	1.3E-11	1E10	1E10	1E-30	8.75263736032279E-11	1E10	1E-30	1E10	0.111999999999999	2.21872431549393E-10	7.60104379118295E-12	0.165747652346958	1.06922749867357E-10	3.67426009608824E-12	0.354986644620762	9.45105759567306E-11	1.87350700410375E-12	0.681668201718139	1.92587033898571E-11	3.95760805509723E-12	2.15562412594042	1.12474896164566E-11	2.51845399851675E-12	2.37158781777566	1E10	1E-30	1E-10	1E10	1E-30	1E-10	1E10	1E-30	1E-10	1E10	1E-30	1E-10	1E10	1E-30	1E-10	1E10	1E-30	1E-10	1E10	1E-30	1E-10	1E10	1E-30	1E-10	1E10	1E-30	1E-10	1E10	1E-30	1E-10
684	1.3E-11	1E10	1E10	1E-30	8.75263736032279E-11	1E10	1E-30	1E10	0.111999999999999	2.21872431549393E-10	7.60104379118295E-12	0.165747652346958	1.06922749867357E-10	3.67426009608824E-12	0.354986644620762	9.45105759567306E-11	1.87350700410375E-12	0.681668201718139	1.92587033898571E-11	3.95760805509723E-12	2.15562412594042	1.12474896164566E-11	2.51845399851675E-12	2.37158781777566	1E10	1E-30	1E-10	1E10	1E-30	1E-10	1E10	1E-30	1E-10	1E10	1E-30	1E-10	1E10	1E-30	1E-10	1E10	1E-30	1E-10	1E10	1E-30	1E-10	1E10	1E-30	1E-10	1E10	1E-30	1E-10	1E10	1E-30	1E-10
685	1.3E-11	1E10	1E10	1E-30	8.75263736032279E-11	1E10	1E-30	1E10	0.111999999999999	2.21872431549393E-10	7.60104379118295E-12	0.165747652346958	1.06922749867357E-10	3.67426009608824E-12	0.354986644620762	9.45105759567306E-11	1.87350700410375E-12	0.681668201718139	1.92587033898571E-11	3.95760805509723E-12	2.15562412594042	1.12474896164566E-11	2.51845399851675E-12	2.37158781777566	1E10	1E-30	1E-10	1E10	1E-30	1E-10	1E10	1E-30	1E-10	1E10	1E-30	1E-10	1E10	1E-30	1E-10	1E10	1E-30	1E-10	1E10	1E-30	1E-10	1E10	1E-30	1E-10	1E10	1E-30	1E-10	1E10	1E-30	1E-10
686	1.3E-11	1E10	1E10	1E-30	8.75263736032279E-11	1E10	1E-30	1E10	0.111999999999999	2.21872431549393E-10	7.60104379118295E-12	0.165747652346958	1.06922749867357E-10	3.67426009608824E-12	0.354986644620762	9.45105759567306E-11	1.87350700410375E-12	0.681668201718139	1.92587033898571E-11	3.95760805509723E-12	2.15562412594042	1.12474896164566E-11	2.51845399851675E-12	2.37158781777566	1E10	1E-30	1E-10	1E10	1E-30	1E-10	1E10	1E-30	1E-10	1E10	1E-30	1E-10	1E10	1E-30	1E-10	1E10	1E-30	1E-10	1E10	1E-30	1E-10	1E10	1E-30	1E-10	1E10	1E-30	1E-10	1E10	1E-30	1E-10
687	1.5E-11	1E10	1E10	1E-30	9.26959839751927E-11	1E10	1E-30	1E10	0.111466884380242	2.315035700699E-10	7.52991044072256E-12	0.167829975772519	1.16169921491202E-10	3.50987066088619E-12	0.332238694353639	1.05427456678862E-10	1.92700497828828E-12	0.561340632000043	2.27074669634727E-11	4.05751262866379E-12	1.73470839115402	9.95593081152815E-12	2.91394048848933E-12	2.08557820311687	1E10	1E-30	1E-10	1E10	1E-30	1E-10	1E10	1E-30	1E-10	1E10	1E-30	1E-10	1E10	1E-30	1E-10	1E10	1E-30	1E-10	1E10	1E-30	1E-10	1E10	1E-30	1E-10	1E10	1E-30	1E-10	1E10	1E-30	1E-10
688	1.5E-11	1E10	1E10	1E-30	9.26959839751927E-11	1E10	1E-30	1E10	0.111466884380242	2.315035700699E-10	7.52991044072256E-12	0.167829975772519	1.16169921491202E-10	3.50987066088619E-12	0.332238694353639	1.05427456678862E-10	1.92700497828828E-12	0.561340632000043	2.27074669634727E-11	4.05751262866379E-12	1.73470839115402	9.95593081152815E-12	2.91394048848933E-12	2.08557820311687	1E10	1E-30	1E-10	1E10	1E-30	1E-10	1E10	1E-30	1E-10	1E10	1E-30	1E-10	1E10	1E-30	1E-10	1E10	1E-30	1E-10	1E10	1E-30	1E-10	1E10	1E-30	1E-10	1E10	1E-30	1E-10	1E10	1E-30	1E-10
689	1.5E-11	1E10	1E10	1E-30	9.26959839751927E-11	1E10	1E-30	1E10	0.111466884380242	2.315035700699E-10	7.52991044072256E-12	0.167829975772519	1.16169921491202E-10	3.50987066088619E-12	0.332238694353639	1.05427456678862E-10	1.92700497828828E-12	0.561340632000043	2.27074669634727E-11	4.05751262866379E-12	1.73470839115402	9.95593081152815E-12	2.91394048848933E-12	2.08557820311687	1E10	1E-30	1E-10	1E10	1E-30	1E-10	1E10	1E-30	1E-10	1E10	1E-30	1E-10	1E10	1E-30	1E-10	1E10	1E-30	1E-10	1E10	1E-30	1E-10	1E10	1E-30	1E-10	1E10	1E-30	1E-10	1E10	1E-30	1E-10
690	1.5E-11	1E10	1E10	1E-30	9.26959839751927E-11	1E10	1E-30	1E10	0.111466884380242	2.315035700699E-10	7.52991044072256E-12	0.167829975772519	1.16169921491202E-10	3.50987066088619E-12	0.332238694353639	1.05427456678862E-10	1.92700497828828E-12	0.561340632000043	2.27074669634727E-11	4.05751262866379E-12	1.73470839115402	9.95593081152815E-12	2.91394048848933E-12	2.08557820311687	1E10	1E-30	1E-10	1E10	1E-30	1E-10	1E10	1E-30	1E-10	1E10	1E-30	1E-10	1E10	1E-30	1E-10	1E10	1E-30	1E-10	1E10	1E-30	1E-10	1E10	1E-30	1E-10	1E10	1E-30	1E-10	1E10	1E-30	1E-10
691	1.59999999999999E-11	1E10	1E10	1E-30	9.38849635704208E-11	1E10	1E-30	1E10	0.109158096591455	2.40837694711008E-10	7.94169709653887E-12	0.185098367867946	1.56684090008863E-10	2.70019650777875E-12	0.269064196390156	1.54370228125546E-10	1.41840311040079E-12	0.416607702912708	2.43654106023988E-11	4.04526167484874E-12	1.73670996262213	1.9367343797888E-11	1.58775092469521E-12	1.28744088146112	1E10	1E-30	1E-10	1E10	1E-30	1E-10	1E10	1E-30	1E-10	1E10	1E-30	1E-10	1E10	1E-30	1E-10	1E10	1E-30	1E-10	1E10	1E-30	1E-10	1E10	1E-30	1E-10	1E10	1E-30	1E-10	1E10	1E-30	1E-10
692	1.59999999999999E-11	1E10	1E10	1E-30	9.38849635704208E-11	1E10	1E-30	1E10	0.109158096591455	2.40837694711008E-10	7.94169709653887E-12	0.185098367867946	1.56684090008863E-10	2.70019650777875E-12	0.269064196390156	1.54370228125546E-10	1.41840311040079E-12	0.416607702912708	2.43654106023988E-11	4.04526167484874E-12	1.73670996262213	1.9367343797888E-11	1.58775092469521E-12	1.28744088146112	1E10	1E-30	1E-10	1E10	1E-30	1E-10	1E10	1E-30	1E-10	1E10	1E-30	1E-10	1E10	1E-30	1E-10	1E10	1E-30	1E-10	1E10	1E-30	1E-10	1E10	1E-30	1E-10	1E10	1E-30	1E-10	1E10	1E-30	1E-10
693	1.59999999999999E-11	1E10	1E10	1E-30	9.38849635704208E-11	1E10	1E-30	1E10	0.109158096591455	2.40837694711008E-10	7.94169709653887E-12	0.185098367867946	1.56684090008863E-10	2.70019650777875E-12	0.269064196390156	1.54370228125546E-10	1.41840311040079E-12	0.416607702912708	2.43654106023988E-11	4.04526167484874E-12	1.73670996262213	1.9367343797888E-11	1.58775092469521E-12	1.28744088146112	1E10	1E-30	1E-10	1E10	1E-30	1E-10	1E10	1E-30	1E-10	1E10	1E-30	1E-10	1E10	1E-30	1E-10	1E10	1E-30	1E-10	1E10	1E-30	1E-10	1E10	1E-30	1E-10	1E10	1E-30	1E-10	1E10	1E-30	1E-10
694	1.59999999999999E-11	1E10	1E10	1E-30	9.38849635704208E-11	1E10	1E-30	1E10	0.109158096591455	2.40837694711008E-10	7.94169709653887E-12	0.185098367867946	1.56684090008863E-10	2.70019650777875E-12	0.269064196390156	1.54370228125546E-10	1.41840311040079E-12	0.416607702912708	2.43654106023988E-11	4.04526167484874E-12	1.73670996262213	1.9367343797888E-11	1.58775092469521E-12	1.28744088146112	1E10	1E-30	1E-10	1E10	1E-30	1E-10	1E10	1E-30	1E-10	1E10	1E-30	1E-10	1E10	1E-30	1E-10	1E10	1E-30	1E-10	1E10	1E-30	1E-10	1E10	1E-30	1E-10	1E10	1E-30	1E-10	1E10	1E-30	1E-10
695	1.79999999999999E-11	1E10	1E10	1E-30	9.10895512700291E-11	1E10	1E-30	1E10	0.106342791911572	2.26167953681255E-10	8.10161719278233E-12	0.182872555295734	1.67837758912302E-10	2.5574811885372E-12	0.275211877564499	1.57594109840734E-10	1.51368295105995E-12	0.371801796845188	2.71734397965186E-11	4.1014875879086E-12	1.54992785824016	1.80260259719108E-11	1.79686876262574E-12	1.12282347603118	1E10	1E-30	1E-10	1E10	1E-30	1E-10	1E10	1E-30	1E-10	1E10	1E-30	1E-10	1E10	1E-30	1E-10	1E10	1E-30	1E-10	1E10	1E-30	1E-10	1E10	1E-30	1E-10	1E10	1E-30	1E-10	1E10	1E-30	1E-10
696	1.79999999999999E-11	1E10	1E10	1E-30	9.10895512700291E-11	1E10	1E-30	1E10	0.106342791911572	2.26167953681255E-10	8.10161719278233E-12	0.182872555295734	1.67837758912302E-10	2.5574811885372E-12	0.275211877564499	1.57594109840734E-10	1.51368295105995E-12	0.371801796845188	2.71734397965186E-11	4.1014875879086E-12	1.54992785824016	1.80260259719108E-11	1.79686876262574E-12	1.12282347603118	1E10	1E-30	1E-10	1E10	1E-30	1E-10	1E10	1E-30	1E-10	1E10	1E-30	1E-10	1E10	1E-30	1E-10	1E10	1E-30	1E-10	1E10	1E-30	1E-10	1E10	1E-30	1E-10	1E10	1E-30	1E-10	1E10	1E-30	1E-10
697	1.79999999999999E-11	1E10	1E10	1E-30	9.10895512700291E-11	1E10	1E-30	1E10	0.106342791911572	2.26167953681255E-10	8.10161719278233E-12	0.182872555295734	1.67837758912302E-10	2.5574811885372E-12	0.275211877564499	1.57594109840734E-10	1.51368295105995E-12	0.371801796845188	2.71734397965186E-11	4.1014875879086E-12	1.54992785824016	1.80260259719108E-11	1.79686876262574E-12	1.12282347603118	1E10	1E-30	1E-10	1E10	1E-30	1E-10	1E10	1E-30	1E-10	1E10	1E-30	1E-10	1E10	1E-30	1E-10	1E10	1E-30	1E-10	1E10	1E-30	1E-10	1E10	1E-30	1E-10	1E10	1E-30	1E-10	1E10	1E-30	1E-10
698	1.79999999999999E-11	1E10	1E10	1E-30	9.10895512700291E-11	1E10	1E-30	1E10	0.106342791911572	2.26167953681255E-10	8.10161719278233E-12	0.182872555295734	1.67837758912302E-10	2.5574811885372E-12	0.275211877564499	1.57594109840734E-10	1.51368295105995E-12	0.371801796845188	2.71734397965186E-11	4.1014875879086E-12	1.54992785824016	1.80260259719108E-11	1.79686876262574E-12	1.12282347603118	1E10	1E-30	1E-10	1E10	1E-30	1E-10	1E10	1E-30	1E-10	1E10	1E-30	1E-10	1E10	1E-30	1E-10	1E10	1E-30	1E-10	1E10	1E-30	1E-10	1E10	1E-30	1E-10	1E10	1E-30	1E-10	1E10	1E-30	1E-10
699	1.99999999999999E-11	1E10	1E10	1E-30	8.85873426126323E-11	1E10	1E-30	1E10	0.103426211686673	1.64323374303781E-10	9.3717737760154E-12	0.187997272162375	1.79560691717399E-10	2.36148804743522E-12	0.287123972508804	1.90774022919917E-10	1.39772297640333E-12	0.321929412527563	2.78328239530141E-11	4.3786284773378E-12	1.50955074522613	1.49394647842679E-10	4.06485855065739E-13	0.397052300731011	1.94199214717305E-11	1.55075016305664E-12	1.25558962052013	1E10	1E-30	1E-10	1E10	1E-30	1E-10	1E10	1E-30	1E-10	1E10	1E-30	1E-10	1E10	1E-30	1E-10	1E10	1E-30	1E-10	1E10	1E-30	1E-10	1E10	1E-30	1E-10	1E10	1E-30	1E-10
700	1.99999999999999E-11	1E10	1E10	1E-30	8.85873426126323E-11	1E10	1E-30	1E10	0.103426211686673	1.64323374303781E-10	9.3717737760154E-12	0.187997272162375	1.79560691717399E-10	2.36148804743522E-12	0.287123972508804	1.90774022919917E-10	1.39772297640333E-12	0.321929412527563	2.78328239530141E-11	4.3786284773378E-12	1.50955074522613	1.49394647842679E-10	4.06485855065739E-13	0.397052300731011	1.94199214717305E-11	1.55075016305664E-12	1.25558962052013	1E10	1E-30	1E-10	1E10	1E-30	1E-10	1E10	1E-30	1E-10	1E10	1E-30	1E-10	1E10	1E-30	1E-10	1E10	1E-30	1E-10	1E10	1E-30	1E-10	1E10	1E-30	1E-10	1E10	1E-30	1E-10
701	1.99999999999999E-11	1E10	1E10	1E-30	8.85873426126323E-11	1E10	1E-30	1E10	0.103426211686673	1.64323374303781E-10	9.3717737760154E-12	0.187997272162375	1.79560691717399E-10	2.36148804743522E-12	0.287123972508804	1.90774022919917E-10	1.39772297640333E-12	0.321929412527563	2.78328239530141E-11	4.3786284773378E-12	1.50955074522613	1.49394647842679E-10	4.06485855065739E-13	0.397052300731011	1.94199214717305E-11	1.55075016305664E-12	1.25558962052013	1E10	1E-30	1E-10	1E10	1E-30	1E-10	1E10	1E-30	1E-10	1E10	1E-30	1E-10	1E10	1E-30	1E-10	1E10	1E-30	1E-10	1E10	1E-30	1E-10	1E10	1E-30	1E-10	1E10	1E-30	1E-10
702	1.99999999999999E-11	1E10	1E10	1E-30	8.85873426126323E-11	1E10	1E-30	1E10	0.103426211686673	1.64323374303781E-10	9.3717737760154E-12	0.187997272162375	1.79560691717399E-10	2.36148804743522E-12	0.287123972508804	1.90774022919917E-10	1.39772297640333E-12	0.321929412527563	2.78328239530141E-11	4.3786284773378E-12	1.50955074522613	1.49394647842679E-10	4.06485855065739E-13	0.397052300731011	1.94199214717305E-11	1.55075016305664E-12	1.25558962052013	1E10	1E-30	1E-10	1E10	1E-30	1E-10	1E10	1E-30	1E-10	1E10	1E-30	1E-10	1E10	1E-30	1E-10	1E10	1E-30	1E-10	1E10	1E-30	1E-10	1E10	1E-30	1E-10	1E10	1E-30	1E-10
703	2.2E-11	1E10	1E10	1E-30	9.62363000449428E-11	1E10	1E-30	1E10	0.102908372912806	2.57103757032504E-10	7.55966462159485E-12	0.166068702444246	7.63409450122346E-11	4.8526609749506E-12	0.452131565255736	3.06166795986047E-11	4.29085225298245E-12	1.4157224436437	2.0551412210875E-10	3.01597086323521E-13	0.309726323236778	8.97101680494083E-11	5.24115666561412E-13	0.538242661206371	2.25341753891753E-11	1.31651903137721E-12	1.12454830951905	1E10	1E-30	1E-10	1E10	1E-30	1E-10	1E10	1E-30	1E-10	1E10	1E-30	1E-10	1E10	1E-30	1E-10	1E10	1E-30	1E-10	1E10	1E-30	1E-10	1E10	1E-30	1E-10	1E10	1E-30	1E-10
704	2.2E-11	1E10	1E10	1E-30	9.62363000449428E-11	1E10	1E-30	1E10	0.102908372912806	2.57103757032504E-10	7.55966462159485E-12	0.166068702444246	7.63409450122346E-11	4.8526609749506E-12	0.452131565255736	3.06166795986047E-11	4.29085225298245E-12	1.4157224436437	2.0551412210875E-10	3.01597086323521E-13	0.309726323236778	8.97101680494083E-11	5.24115666561412E-13	0.538242661206371	2.25341753891753E-11	1.31651903137721E-12	1.12454830951905	1E10	1E-30	1E-10	1E10	1E-30	1E-10	1E10	1E-30	1E-10	1E10	1E-30	1E-10	1E10	1E-30	1E-10	1E10	1E-30	1E-10	1E10	1E-30	1E-10	1E10	1E-30	1E-10	1E10	1E-30	1E-10
705	2.2E-11	1E10	1E10	1E-30	9.62363000449428E-11	1E10	1E-30	1E10	0.102908372912806	2.57103757032504E-10	7.55966462159485E-12	0.166068702444246	7.63409450122346E-11	4.8526609749506E-12	0.452131565255736	3.06166795986047E-11	4.29085225298245E-12	1.4157224436437	2.0551412210875E-10	3.01597086323521E-13	0.309726323236778	8.97101680494083E-11	5.24115666561412E-13	0.538242661206371	2.25341753891753E-11	1.31651903137721E-12	1.12454830951905	1E10	1E-30	1E-10	1E10	1E-30	1E-10	1E10	1E-30	1E-10	1E10	1E-30	1E-10	1E10	1E-30	1E-10	1E10	1E-30	1E-10	1E10	1E-30	1E-10	1E10	1E-30	1E-10	1E10	1E-30	1E-10
706	2.2E-11	1E10	1E10	1E-30	9.62363000449428E-11	1E10	1E-30	1E10	0.102908372912806	2.57103757032504E-10	7.55966462159485E-12	0.166068702444246	7.63409450122346E-11	4.8526609749506E-12	0.452131565255736	3.06166795986047E-11	4.29085225298245E-12	1.4157224436437	2.0551412210875E-10	3.01597086323521E-13	0.309726323236778	8.97101680494083E-11	5.24115666561412E-13	0.538242661206371	2.25341753891753E-11	1.31651903137721E-12	1.12454830951905	1E10	1E-30	1E-10	1E10	1E-30	1E-10	1E10	1E-30	1E-10	1E10	1E-30	1E-10	1E10	1E-30	1E-10	1E10	1E-30	1E-10	1E10	1E-30	1E-10	1E10	1E-30	1E-10	1E10	1E-30	1E-10
707	2.4E-11	1E10	1E10	1E-30	8.87240525091307E-11	1E10	1E-30	1E10	0.102177024757544	1.59864338739617E-12	2.61577708022134E-11	1.62315075777515	1E10	1E-30	1E-10	1E10	1E-30	1E-10	1E10	1E-30	1E-10	1E10	1E-30	1E-10	1E10	1E-30	1E-10	1E10	1E-30	1E-10	1E10	1E-30	1E-10	1E10	1E-30	1E-10	1E10	1E-30	1E-10	1E10	1E-30	1E-10	1E10	1E-30	1E-10	1E10	1E-30	1E-10	1E10	1E-30	1E-10	1E10	1E-30	1E-10
708	2.4E-11	1E10	1E10	1E-30	8.87240525091307E-11	1E10	1E-30	1E10	0.102177024757544	1.59864338739617E-12	2.61577708022134E-11	1.62315075777515	1E10	1E-30	1E-10	1E10	1E-30	1E-10	1E10	1E-30	1E-10	1E10	1E-30	1E-10	1E10	1E-30	1E-10	1E10	1E-30	1E-10	1E10	1E-30	1E-10	1E10	1E-30	1E-10	1E10	1E-30	1E-10	1E10	1E-30	1E-10	1E10	1E-30	1E-10	1E10	1E-30	1E-10	1E10	1E-30	1E-10	1E10	1E-30	1E-10
709	2.4E-11	1E10	1E10	1E-30	8.87240525091307E-11	1E10	1E-30	1E10	0.102177024757544	1.59864338739617E-12	2.61577708022134E-11	1.62315075777515	1E10	1E-30	1E-10	1E10	1E-30	1E-10	1E10	1E-30	1E-10	1E10	1E-30	1E-10	1E10	1E-30	1E-10	1E10	1E-30	1E-10	1E10	1E-30	1E-10	1E10	1E-30	1E-10	1E10	1E-30	1E-10	1E10	1E-30	1E-10	1E10	1E-30	1E-10	1E10	1E-30	1E-10	1E10	1E-30	1E-10	1E10	1E-30	1E-10
710	2.4E-11	1E10	1E10	1E-30	8.87240525091307E-11	1E10	1E-30	1E10	0.102177024757544	1.59864338739617E-12	2.61577708022134E-11	1.62315075777515	1E10	1E-30	1E-10	1E10	1E-30	1E-10	1E10	1E-30	1E-10	1E10	1E-30	1E-10	1E10	1E-30	1E-10	1E10	1E-30	1E-10	1E10	1E-30	1E-10	1E10	1E-30	1E-10	1E10	1E-30	1E-10	1E10	1E-30	1E-10	1E10	1E-30	1E-10	1E10	1E-30	1E-10	1E10	1E-30	1E-10	1E10	1E-30	1E-10
711	2.7E-11	1E10	1E10	1E-30	8.89871987868546E-11	1E10	1E-30	1E10	0.100897064984555	1.43152294910818E-12	2.98541441421137E-11	2.05600604295626	1E10	1E-30	1E-10	1E10	1E-30	1E-10	1E10	1E-30	1E-10	1E10	1E-30	1E-10	1E10	1E-30	1E-10	1E10	1E-30	1E-10	1E10	1E-30	1E-10	1E10	1E-30	1E-10	1E10	1E-30	1E-10	1E10	1E-30	1E-10	1E10	1E-30	1E-10	1E10	1E-30	1E-10	1E10	1E-30	1E-10	1E10	1E-30	1E-10
712	2.7E-11	1E10	1E10	1E-30	8.89871987868546E-11	1E10	1E-30	1E10	0.100897064984555	1.43152294910818E-12	2.98541441421137E-11	2.05600604295626	1E10	1E-30	1E-10	1E10	1E-30	1E-10	1E10	1E-30	1E-10	1E10	1E-30	1E-10	1E10	1E-30	1E-10	1E10	1E-30	1E-10	1E10	1E-30	1E-10	1E10	1E-30	1E-10	1E10	1E-30	1E-10	1E10	1E-30	1E-10	1E10	1E-30	1E-10	1E10	1E-30	1E-10	1E10	1E-30	1E-10	1E10	1E-30	1E-10
713	2.7E-11	1E10	1E10	1E-30	8.89871987868546E-11	1E10	1E-30	1E10	0.100897064984555	1.43152294910818E-12	2.98541441421137E-11	2.05600604295626	1E10	1E-30	1E-10	1E10	1E-30	1E-10	1E10	1E-30	1E-10	1E10	1E-30	1E-10	1E10	1E-30	1E-10	1E10	1E-30	1E-10	1E10	1E-30	1E-10	1E10	1E-30	1E-10	1E10	1E-30	1E-10	1E10	1E-30	1E-10	1E10	1E-30	1E-10	1E10	1E-30	1E-10	1E10	1E-30	1E-10	1E10	1E-30	1E-10
714	2.7E-11	1E10	1E10	1E-30	8.89871987868546E-11	1E10	1E-30	1E10	0.100897064984555	1.43152294910818E-12	2.98541441421137E-11	2.05600604295626	1E10	1E-30	1E-10	1E10	1E-30	1E-10	1E10	1E-30	1E-10	1E10	1E-30	1E-10	1E10	1E-30	1E-10	1E10	1E-30	1E-10	1E10	1E-30	1E-10	1E10	1E-30	1E-10	1E10	1E-30	1E-10	1E10	1E-30	1E-10	1E10	1E-30	1E-10	1E10	1E-30	1E-10	1E10	1E-30	1E-10	1E10	1E-30	1E-10
715	3E-11	1E10	1E10	1E-30	8.448329319411E-11	1E10	1E-30	1E10	0.100651233102405	1.192937154466E-12	3.54218507943694E-11	2.70448347852761	1E10	1E-30	1E-10	1E10	1E-30	1E-10	1E10	1E-30	1E-10	1E10	1E-30	1E-10	1E10	1E-30	1E-10	1E10	1E-30	1E-10	1E10	1E-30	1E-10	1E10	1E-30	1E-10	1E10	1E-30	1E-10	1E10	1E-30	1E-10	1E10	1E-30	1E-10	1E10	1E-30	1E-10	1E10	1E-30	1E-10	1E10	1E-30	1E-10
716	3E-11	1E10	1E10	1E-30	8.448329319411E-11	1E10	1E-30	1E10	0.100651233102405	1.192937154466E-12	3.54218507943694E-11	2.70448347852761	1E10	1E-30	1E-10	1E10	1E-30	1E-10	1E10	1E-30	1E-10	1E10	1E-30	1E-10	1E10	1E-30	1E-10	1E10	1E-30	1E-10	1E10	1E-30	1E-10	1E10	1E-30	1E-10	1E10	1E-30	1E-10	1E10	1E-30	1E-10	1E10	1E-30	1E-10	1E10	1E-30	1E-10	1E10	1E-30	1E-10	1E10	1E-30	1E-10
717	3E-11	1E10	1E10	1E-30	8.448329319411E-11	1E10	1E-30	1E10	0.100651233102405	1.192937154466E-12	3.54218507943694E-11	2.70448347852761	1E10	1E-30	1E-10	1E10	1E-30	1E-10	1E10	1E-30	1E-10	1E10	1E-30	1E-10	1E10	1E-30	1E-10	1E10	1E-30	1E-10	1E10	1E-30	1E-10	1E10	1E-30	1E-10	1E10	1E-30	1E-10	1E10	1E-30	1E-10	1E10	1E-30	1E-10	1E10	1E-30	1E-10	1E10	1E-30	1E-10	1E10	1E-30	1E-10
718	3E-11	1E10	1E10	1E-30	8.448329319411E-11	1E10	1E-30	1E10	0.100651233102405	1.192937154466E-12	3.54218507943694E-11	2.70448347852761	1E10	1E-30	1E-10	1E10	1E-30	1E-10	1E10	1E-30	1E-10	1E10	1E-30	1E-10	1E10	1E-30	1E-10	1E10	1E-30	1E-10	1E10	1E-30	1E-10	1E10	1E-30	1E-10	1E10	1E-30	1E-10	1E10	1E-30	1E-10	1E10	1E-30	1E-10	1E10	1E-30	1E-10	1E10	1E-30	1E-10	1E10	1E-30	1E-10
719	3.3E-11	1E10	1E10	1E-30	8.79654262748564E-11	1E10	1E-30	1E10	0.099113813203602	1.4211488595824E-12	2.71854800695488E-11	1.68502445576291	1E10	1E-30	1E-10	1E10	1E-30	1E-10	1E10	1E-30	1E-10	1E10	1E-30	1E-10	1E10	1E-30	1E-10	1E10	1E-30	1E-10	1E10	1E-30	1E-10	1E10	1E-30	1E-10	1E10	1E-30	1E-10	1E10	1E-30	1E-10	1E10	1E-30	1E-10	1E10	1E-30	1E-10	1E10	1E-30	1E-10	1E10	1E-30	1E-10
720	3.3E-11	1E10	1E10	1E-30	8.79654262748564E-11	1E10	1E-30	1E10	0.099113813203602	1.4211488595824E-12	2.71854800695488E-11	1.68502445576291	1E10	1E-30	1E-10	1E10	1E-30	1E-10	1E10	1E-30	1E-10	1E10	1E-30	1E-10	1E10	1E-30	1E-10	1E10	1E-30	1E-10	1E10	1E-30	1E-10	1E10	1E-30	1E-10	1E10	1E-30	1E-10	1E10	1E-30	1E-10	1E10	1E-30	1E-10	1E10	1E-30	1E-10	1E10	1E-30	1E-10	1E10	1E-30	1E-10
721	3.3E-11	1E10	1E10	1E-30	8.79654262748564E-11	1E10	1E-30	1E10	0.099113813203602	1.4211488595824E-12	2.71854800695488E-11	1.68502445576291	1E10	1E-30	1E-10	1E10	1E-30	1E-10	1E10	1E-30	1E-10	1E10	1E-30	1E-10	1E10	1E-30	1E-10	1E10	1E-30	1E-10	1E10	1E-30	1E-10	1E10	1E-30	1E-10	1E10	1E-30	1E-10	1E10	1E-30	1E-10	1E10	1E-30	1E-10	1E10	1E-30	1E-10	1E10	1E-30	1E-10	1E10	1E-30	1E-10
722	3.3E-11	1E10	1E10	1E-30	8.79654262748564E-11	1E10	1E-30	1E10	0.099113813203602	1.4211488595824E-12	2.71854800695488E-11	1.68502445576291	1E10	1E-30	1E-10	1E10	1E-30	1E-10	1E10	1E-30	1E-10	1E10	1E-30	1E-10	1E10	1E-30	1E-10	1E10	1E-30	1E-10	1E10	1E-30	1E-10	1E10	1E-30	1E-10	1E10	1E-30	1E-10	1E10	1E-30	1E-10	1E10	1E-30	1E-10	1E10	1E-30	1E-10	1E10	1E-30	1E-10	1E10	1E-30	1E-10
723	3.59999999999999E-11	1E10	1E10	1E-30	8.138302166019E-11	1E10	1E-30	1E10	9.90117269333497E-02	1.18340383887233E-12	3.45314273195302E-11	2.54855641076721	1E10	1E-30	1E-10	1E10	1E-30	1E-10	1E10	1E-30	1E-10	1E10	1E-30	1E-10	1E10	1E-30	1E-10	1E10	1E-30	1E-10	1E10	1E-30	1E-10	1E10	1E-30	1E-10	1E10	1E-30	1E-10	1E10	1E-30	1E-10	1E10	1E-30	1E-10	1E10	1E-30	1E-10	1E10	1E-30	1E-10	1E10	1E-30	1E-10
724	3.59999999999999E-11	1E10	1E10	1E-30	8.138302166019E-11	1E10	1E-30	1E10	9.90117269333497E-02	1.18340383887233E-12	3.45314273195302E-11	2.54855641076721	1E10	1E-30	1E-10	1E10	1E-30	1E-10	1E10	1E-30	1E-10	1E10	1E-30	1E-10	1E10	1E-30	1E-10	1E10	1E-30	1E-10	1E10	1E-30	1E-10	1E10	1E-30	1E-10	1E10	1E-30	1E-10	1E10	1E-30	1E-10	1E10	1E-30	1E-10	1E10	1E-30	1E-10	1E10	1E-30	1E-10	1E10	1E-30	1E-10
725	3.59999999999999E-11	1E10	1E10	1E-30	8.138302166019E-11	1E10	1E-30	1E10	9.90117269333497E-02	1.18340383887233E-12	3.45314273195302E-11	2.54855641076721	1E10	1E-30	1E-10	1E10	1E-30	1E-10	1E10	1E-30	1E-10	1E10	1E-30	1E-10	1E10	1E-30	1E-10	1E10	1E-30	1E-10	1E10	1E-30	1E-10	1E10	1E-30	1E-10	1E10	1E-30	1E-10	1E10	1E-30	1E-10	1E10	1E-30	1E-10	1E10	1E-30	1E-10	1E10	1E-30	1E-10	1E10	1E-30	1E-10
726	3.59999999999999E-11	1E10	1E10	1E-30	8.138302166019E-11	1E10	1E-30	1E10	9.90117269333497E-02	1.18340383887233E-12	3.45314273195302E-11	2.54855641076721	1E10	1E-30	1E-10	1E10	1E-30	1E-10	1E10	1E-30	1E-10	1E10	1E-30	1E-10	1E10	1E-30	1E-10	1E10	1E-30	1E-10	1E10	1E-30	1E-10	1E10	1E-30	1E-10	1E10	1E-30	1E-10	1E10	1E-30	1E-10	1E10	1E-30	1E-10	1E10	1E-30	1E-10	1E10	1E-30	1E-10	1E10	1E-30	1E-10
727	3.89999999999999E-11	1E10	1E10	1E-30	8.22198901446235E-11	1E10	1E-30	1E10	9.78492451860781E-02	1.36931196024869E-12	3.1736812281099E-11	2.47336346480749	1E10	1E-30	1E-10	1E10	1E-30	1E-10	1E10	1E-30	1E-10	1E10	1E-30	1E-10	1E10	1E-30	1E-10	1E10	1E-30	1E-10	1E10	1E-30	1E-10	1E10	1E-30	1E-10	1E10	1E-30	1E-10	1E10	1E-30	1E-10	1E10	1E-30	1E-10	1E10	1E-30	1E-10	1E10	1E-30	1E-10	1E10	1E-30	1E-10
728	3.89999999999999E-11	1E10	1E10	1E-30	8.22198901446235E-11	1E10	1E-30	1E10	9.78492451860781E-02	1.36931196024869E-12	3.1736812281099E-11	2.47336346480749	1E10	1E-30	1E-10	1E10	1E-30	1E-10	1E10	1E-30	1E-10	1E10	1E-30	1E-10	1E10	1E-30	1E-10	1E10	1E-30	1E-10	1E10	1E-30	1E-10	1E10	1E-30	1E-10	1E10	1E-30	1E-10	1E10	1E-30	1E-10	1E10	1E-30	1E-10	1E10	1E-30	1E-10	1E10	1E-30	1E-10	1E10	1E-30	1E-10
729	3.89999999999999E-11	1E10	1E10	1E-30	8.22198901446235E-11	1E10	1E-30	1E10	9.78492451860781E-02	1.36931196024869E-12	3.1736812281099E-11	2.47336346480749	1E10	1E-30	1E-10	1E10	1E-30	1E-10	1E10	1E-30	1E-10	1E10	1E-30	1E-10	1E10	1E-30	1E-10	1E10	1E-30	1E-10	1E10	1E-30	1E-10	1E10	1E-30	1E-10	1E10	1E-30	1E-10	1E10	1E-30	1E-10	1E10	1E-30	1E-10	1E10	1E-30	1E-10	1E10	1E-30	1E-10	1E10	1E-30	1E-10
730	3.89999999999999E-11	1E10	1E10	1E-30	8.22198901446235E-11	1E10	1E-30	1E10	9.78492451860781E-02	1.36931196024869E-12	3.1736812281099E-11	2.47336346480749	1E10	1E-30	1E-10	1E10	1E-30	1E-10	1E10	1E-30	1E-10	1E10	1E-30	1E-10	1E10	1E-30	1E-10	1E10	1E-30	1E-10	1E10	1E-30	1E-10	1E10	1E-30	1E-10	1E10	1E-30	1E-10	1E10	1E-30	1E-10	1E10	1E-30	1E-10	1E10	1E-30	1E-10	1E10	1E-30	1E-10	1E10	1E-30	1E-10
731	4.3E-11	1E10	1E10	1E-30	7.34563230611644E-11	1E10	1E-30	1E10	9.75095162341185E-02	9.67582582534742E-13	3.6598968240897E-11	3.12834680377349	1E10	1E-30	1E-10	1E10	1E-30	1E-10	1E10	1E-30	1E-10	1E10	1E-30	1E-10	1E10	1E-30	1E-10	1E10	1E-30	1E-10	1E10	1E-30	1E-10	1E10	1E-30	1E-10	1E10	1E-30	1E-10	1E10	1E-30	1E-10	1E10	1E-30	1E-10	1E10	1E-30	1E-10	1E10	1E-30	1E-10	1E10	1E-30	1E-10
732	4.3E-11	1E10	1E10	1E-30	7.34563230611644E-11	1E10	1E-30	1E10	9.75095162341185E-02	9.67582582534742E-13	3.6598968240897E-11	3.12834680377349	1E10	1E-30	1E-10	1E10	1E-30	1E-10	1E10	1E-30	1E-10	1E10	1E-30	1E-10	1E10	1E-30	1E-10	1E10	1E-30	1E-10	1E10	1E-30	1E-10	1E10	1E-30	1E-10	1E10	1E-30	1E-10	1E10	1E-30	1E-10	1E10	1E-30	1E-10	1E10	1E-30	1E-10	1E10	1E-30	1E-10	1E10	1E-30	1E-10
733	4.3E-11	1E10	1E10	1E-30	7.34563230611644E-11	1E10	1E-30	1E10	9.75095162341185E-02	9.67582582534742E-13	3.6598968240897E-11	3.12834680377349	1E10	1E-30	1E-10	1E10	1E-30	1E-10	1E10	1E-30	1E-10	1E10	1E-30	1E-10	1E10	1E-30	1E-10	1E10	1E-30	1E-10	1E10	1E-30	1E-10	1E10	1E-30	1E-10	1E10	1E-30	1E-10	1E10	1E-30	1E-10	1E10	1E-30	1E-10	1E10	1E-30	1E-10	1E10	1E-30	1E-10	1E10	1E-30	1E-10
734	4.3E-11	1E10	1E10	1E-30	7.34563230611644E-11	1E10	1E-30	1E10	9.75095162341185E-02	9.67582582534742E-13	3.6598968240897E-11	3.12834680377349	1E10	1E-30	1E-10	1E10	1E-30	1E-10	1E10	1E-30	1E-10	1E10	1E-30	1E-10	1E10	1E-30	1E-10	1E10	1E-30	1E-10	1E10	1E-30	1E-10	1E10	1E-30	1E-10	1E10	1E-30	1E-10	1E10	1E-30	1E-10	1E10	1E-30	1E-10	1E10	1E-30	1E-10	1E10	1E-30	1E-10	1E10	1E-30	1E-10
735	4.7E-11	1E10	1E10	1E-30	8.11431280218479E-11	1E10	1E-30	1E10	9.58876895634753E-02	1.29467344694327E-12	3.21363570135722E-11	2.13227243873614	1E10	1E-30	1E-10	1E10	1E-30	1E-10	1E10	1E-30	1E-10	1E10	1E-30	1E-10	1E10	1E-30	1E-10	1E10	1E-30	1E-10	1E10	1E-30	1E-10	1E10	1E-30	1E-10	1E10	1E-30	1E-10	1E10	1E-30	1E-10	1E10	1E-30	1E-10	1E10	1E-30	1E-10	1E10	1E-30	1E-10	1E10	1E-30	1E-10
736	4.7E-11	1E10	1E10	1E-30	8.11431280218479E-11	1E10	1E-30	1E10	9.58876895634753E-02	1.29467344694327E-12	3.21363570135722E-11	2.13227243873614	1E10	1E-30	1E-10	1E10	1E-30	1E-10	1E10	1E-30	1E-10	1E10	1E-30	1E-10	1E10	1E-30	1E-10	1E10	1E-30	1E-10	1E10	1E-30	1E-10	1E10	1E-30	1E-10	1E10	1E-30	1E-10	1E10	1E-30	1E-10	1E10	1E-30	1E-10	1E10	1E-30	1E-10	1E10	1E-30	1E-10	1E10	1E-30	1E-10
737	4.7E-11	1E10	1E10	1E-30	8.11431280218479E-11	1E10	1E-30	1E10	9.58876895634753E-02	1.29467344694327E-12	3.21363570135722E-11	2.13227243873614	1E10	1E-30	1E-10	1E10	1E-30	1E-10	1E10	1E-30	1E-10	1E10	1E-30	1E-10	1E10	1E-30	1E-10	1E10	1E-30	1E-10	1E10	1E-30	1E-10	1E10	1E-30	1E-10	1E10	1E-30	1E-10	1E10	1E-30	1E-10	1E10	1E-30	1E-10	1E10	1E-30	1E-10	1E10	1E-30	1E-10	1E10	1E-30	1E-10
738	4.7E-11	1E10	1E10	1E-30	8.11431280218479E-11	1E10	1E-30	1E10	9.58876895634753E-02	1.29467344694327E-12	3.21363570135722E-11	2.13227243873614	1E10	1E-30	1E-10	1E10	1E-30	1E-10	1E10	1E-30	1E-10	1E10	1E-30	1E-10	1E10	1E-30	1E-10	1E10	1E-30	1E-10	1E10	1E-30	1E-10	1E10	1E-30	1E-10	1E10	1E-30	1E-10	1E10	1E-30	1E-10	1E10	1E-30	1E-10	1E10	1E-30	1E-10	1E10	1E-30	1E-10	1E10	1E-30	1E-10
739	5.1E-11	1E10	1E10	1E-30	7.77910171021705E-11	1E10	1E-30	1E10	9.39644040776615E-02	1.58005667552886E-12	3.25592834454984E-11	2.08291902537879	1E10	1E-30	1E-10	1E10	1E-30	1E-10	1E10	1E-30	1E-10	1E10	1E-30	1E-10	1E10	1E-30	1E-10	1E10	1E-30	1E-10	1E10	1E-30	1E-10	1E10	1E-30	1E-10	1E10	1E-30	1E-10	1E10	1E-30	1E-10	1E10	1E-30	1E-10	1E10	1E-30	1E-10	1E10	1E-30	1E-10	1E10	1E-30	1E-10
740	5.1E-11	1E10	1E10	1E-30	7.77910171021705E-11	1E10	1E-30	1E10	9.39644040776615E-02	1.58005667552886E-12	3.25592834454984E-11	2.08291902537879	1E10	1E-30	1E-10	1E10	1E-30	1E-10	1E10	1E-30	1E-10	1E10	1E-30	1E-10	1E10	1E-30	1E-10	1E10	1E-30	1E-10	1E10	1E-30	1E-10	1E10	1E-30	1E-10	1E10	1E-30	1E-10	1E10	1E-30	1E-10	1E10	1E-30	1E-10	1E10	1E-30	1E-10	1E10	1E-30	1E-10	1E10	1E-30	1E-10
741	5.1E-11	1E10	1E10	1E-30	7.77910171021705E-11	1E10	1E-30	1E10	9.39644040776615E-02	1.58005667552886E-12	3.25592834454984E-11	2.08291902537879	1E10	1E-30	1E-10	1E10	1E-30	1E-10	1E10	1E-30	1E-10	1E10	1E-30	1E-10	1E10	1E-30	1E-10	1E10	1E-30	1E-10	1E10	1E-30	1E-10	1E10	1E-30	1E-10	1E10	1E-30	1E-10	1E10	1E-30	1E-10	1E10	1E-30	1E-10	1E10	1E-30	1E-10	1E10	1E-30	1E-10	1E10	1E-30	1E-10
742	5.1E-11	1E10	1E10	1E-30	7.77910171021705E-11	1E10	1E-30	1E10	9.39644040776615E-02	1.58005667552886E-12	3.25592834454984E-11	2.08291902537879	1E10	1E-30	1E-10	1E10	1E-30	1E-10	1E10	1E-30	1E-10	1E10	1E-30	1E-10	1E10	1E-30	1E-10	1E10	1E-30	1E-10	1E10	1E-30	1E-10	1E10	1E-30	1E-10	1E10	1E-30	1E-10	1E10	1E-30	1E-10	1E10	1E-30	1E-10	1E10	1E-30	1E-10	1E10	1E-30	1E-10	1E10	1E-30	1E-10
743	5.59999999999999E-11	1E10	1E10	1E-30	7.1097276074546E-11	1E10	1E-30	1E10	9.28047165958221E-02	8.87561331763874E-13	3.99488018567568E-11	2.96991384621565	1E10	1E-30	1E-10	1E10	1E-30	1E-10	1E10	1E-30	1E-10	1E10	1E-30	1E-10	1E10	1E-30	1E-10	1E10	1E-30	1E-10	1E10	1E-30	1E-10	1E10	1E-30	1E-10	1E10	1E-30	1E-10	1E10	1E-30	1E-10	1E10	1E-30	1E-10	1E10	1E-30	1E-10	1E10	1E-30	1E-10	1E10	1E-30	1E-10
744	5.59999999999999E-11	1E10	1E10	1E-30	7.1097276074546E-11	1E10	1E-30	1E10	9.28047165958221E-02	8.87561331763874E-13	3.99488018567568E-11	2.96991384621565	1E10	1E-30	1E-10	1E10	1E-30	1E-10	1E10	1E-30	1E-10	1E10	1E-30	1E-10	1E10	1E-30	1E-10	1E10	1E-30	1E-10	1E10	1E-30	1E-10	1E10	1E-30	1E-10	1E10	1E-30	1E-10	1E10	1E-30	1E-10	1E10	1E-30	1E-10	1E10	1E-30	1E-10	1E10	1E-30	1E-10	1E10	1E-30	1E-10
745	5.59999999999999E-11	1E10	1E10	1E-30	7.1097276074546E-11	1E10	1E-30	1E10	9.28047165958221E-02	8.87561331763874E-13	3.99488018567568E-11	2.96991384621565	1E10	1E-30	1E-10	1E10	1E-30	1E-10	1E10	1E-30	1E-10	1E10	1E-30	1E-10	1E10	1E-30	1E-10	1E10	1E-30	1E-10	1E10	1E-30	1E-10	1E10	1E-30	1E-10	1E10	1E-30	1E-10	1E10	1E-30	1E-10	1E10	1E-30	1E-10	1E10	1E-30	1E-10	1E10	1E-30	1E-10	1E10	1E-30	1E-10
746	5.59999999999999E-11	1E10	1E10	1E-30	7.1097276074546E-11	1E10	1E-30	1E10	9.28047165958221E-02	8.87561331763874E-13	3.99488018567568E-11	2.96991384621565	1E10	1E-30	1E-10	1E10	1E-30	1E-10	1E10	1E-30	1E-10	1E10	1E-30	1E-10	1E10	1E-30	1E-10	1E10	1E-30	1E-10	1E10	1E-30	1E-10	1E10	1E-30	1E-10	1E10	1E-30	1E-10	1E10	1E-30	1E-10	1E10	1E-30	1E-10	1E10	1E-30	1E-10	1E10	1E-30	1E-10	1E10	1E-30	1E-10
747	6.19999999999999E-11	1E10	1E10	1E-30	8.92821027914069E-11	1E10	1E-30	1E10	9.07544664624329E-02	2.40887504364283E-12	3.20410595242479E-11	1.69058347597257	1E10	1E-30	1E-10	1E10	1E-30	1E-10	1E10	1E-30	1E-10	1E10	1E-30	1E-10	1E10	1E-30	1E-10	1E10	1E-30	1E-10	1E10	1E-30	1E-10	1E10	1E-30	1E-10	1E10	1E-30	1E-10	1E10	1E-30	1E-10	1E10	1E-30	1E-10	1E10	1E-30	1E-10	1E10	1E-30	1E-10	1E10	1E-30	1E-10
748	6.19999999999999E-11	1E10	1E10	1E-30	8.92821027914069E-11	1E10	1E-30	1E10	9.07544664624329E-02	2.40887504364283E-12	3.20410595242479E-11	1.69058347597257	1E10	1E-30	1E-10	1E10	1E-30	1E-10	1E10	1E-30	1E-10	1E10	1E-30	1E-10	1E10	1E-30	1E-10	1E10	1E-30	1E-10	1E10	1E-30	1E-10	1E10	1E-30	1E-10	1E10	1E-30	1E-10	1E10	1E-30	1E-10	1E10	1E-30	1E-10	1E10	1E-30	1E-10	1E10	1E-30	1E-10	1E10	1E-30	1E-10
749	6.19999999999999E-11	1E10	1E10	1E-30	8.92821027914069E-11	1E10	1E-30	1E10	9.07544664624329E-02	2.40887504364283E-12	3.20410595242479E-11	1.69058347597257	1E10	1E-30	1E-10	1E10	1E-30	1E-10	1E10	1E-30	1E-10	1E10	1E-30	1E-10	1E10	1E-30	1E-10	1E10	1E-30	1E-10	1E10	1E-30	1E-10	1E10	1E-30	1E-10	1E10	1E-30	1E-10	1E10	1E-30	1E-10	1E10	1E-30	1E-10	1E10	1E-30	1E-10	1E10	1E-30	1E-10	1E10	1E-30	1E-10
750	6.19999999999999E-11	1E10	1E10	1E-30	8.92821027914069E-11	1E10	1E-30	1E10	9.07544664624329E-02	2.40887504364283E-12	3.20410595242479E-11	1.69058347597257	1E10	1E-30	1E-10	1E10	1E-30	1E-10	1E10	1E-30	1E-10	1E10	1E-30	1E-10	1E10	1E-30	1E-10	1E10	1E-30	1E-10	1E10	1E-30	1E-10	1E10	1E-30	1E-10	1E10	1E-30	1E-10	1E10	1E-30	1E-10	1E10	1E-30	1E-10	1E10	1E-30	1E-10	1E10	1E-30	1E-10	1E10	1E-30	1E-10
751	6.79999999999999E-11	1E10	1E10	1E-30	8.93616381139922E-11	1E10	1E-30	1E10	8.97844144516959E-02	2.19733700870306E-12	3.05548804701155E-11	1.40179484077603	1E10	1E-30	1E-10	1E10	1E-30	1E-10	1E10	1E-30	1E-10	1E10	1E-30	1E-10	1E10	1E-30	1E-10	1E10	1E-30	1E-10	1E10	1E-30	1E-10	1E10	1E-30	1E-10	1E10	1E-30	1E-10	1E10	1E-30	1E-10	1E10	1E-30	1E-10	1E10	1E-30	1E-10	1E10	1E-30	1E-10	1E10	1E-30	1E-10
752	6.79999999999999E-11	1E10	1E10	1E-30	8.93616381139922E-11	1E10	1E-30	1E10	8.97844144516959E-02	2.19733700870306E-12	3.05548804701155E-11	1.40179484077603	1E10	1E-30	1E-10	1E10	1E-30	1E-10	1E10	1E-30	1E-10	1E10	1E-30	1E-10	1E10	1E-30	1E-10	1E10	1E-30	1E-10	1E10	1E-30	1E-10	1E10	1E-30	1E-10	1E10	1E-30	1E-10	1E10	1E-30	1E-10	1E10	1E-30	1E-10	1E10	1E-30	1E-10	1E10	1E-30	1E-10	1E10	1E-30	1E-10
753	6.79999999999999E-11	1E10	1E10	1E-30	8.93616381139922E-11	1E10	1E-30	1E10	8.97844144516959E-02	2.19733700870306E-12	3.05548804701155E-11	1.40179484077603	1E10	1E-30	1E-10	1E10	1E-30	1E-10	1E10	1E-30	1E-10	1E10	1E-30	1E-10	1E10	1E-30	1E-10	1E10	1E-30	1E-10	1E10	1E-30	1E-10	1E10	1E-30	1E-10	1E10	1E-30	1E-10	1E10	1E-30	1E-10	1E10	1E-30	1E-10	1E10	1E-30	1E-10	1E10	1E-30	1E-10	1E10	1E-30	1E-10
754	6.79999999999999E-11	1E10	1E10	1E-30	8.93616381139922E-11	1E10	1E-30	1E10	8.97844144516959E-02	2.19733700870306E-12	3.05548804701155E-11	1.40179484077603	1E10	1E-30	1E-10	1E10	1E-30	1E-10	1E10	1E-30	1E-10	1E10	1E-30	1E-10	1E10	1E-30	1E-10	1E10	1E-30	1E-10	1E10	1E-30	1E-10	1E10	1E-30	1E-10	1E10	1E-30	1E-10	1E10	1E-30	1E-10	1E10	1E-30	1E-10	1E10	1E-30	1E-10	1E10	1E-30	1E-10	1E10	1E-30	1E-10
755	7.5E-11	1E10	1E10	1E-30	8.33616137242793E-11	1E10	1E-30	1E10	8.78880742425386E-02	3.1554326521568E-12	3.10273028524074E-11	1.51273824280823	1E10	1E-30	1E-10	1E10	1E-30	1E-10	1E10	1E-30	1E-10	1E10	1E-30	1E-10	1E10	1E-30	1E-10	1E10	1E-30	1E-10	1E10	1E-30	1E-10	1E10	1E-30	1E-10	1E10	1E-30	1E-10	1E10	1E-30	1E-10	1E10	1E-30	1E-10	1E10	1E-30	1E-10	1E10	1E-30	1E-10	1E10	1E-30	1E-10
756	7.5E-11	1E10	1E10	1E-30	8.33616137242793E-11	1E10	1E-30	1E10	8.78880742425386E-02	3.1554326521568E-12	3.10273028524074E-11	1.51273824280823	1E10	1E-30	1E-10	1E10	1E-30	1E-10	1E10	1E-30	1E-10	1E10	1E-30	1E-10	1E10	1E-30	1E-10	1E10	1E-30	1E-10	1E10	1E-30	1E-10	1E10	1E-30	1E-10	1E10	1E-30	1E-10	1E10	1E-30	1E-10	1E10	1E-30	1E-10	1E10	1E-30	1E-10	1E10	1E-30	1E-10	1E10	1E-30	1E-10
757	7.5E-11	1E10	1E10	1E-30	8.33616137242793E-11	1E10	1E-30	1E10	8.78880742425386E-02	3.1554326521568E-12	3.10273028524074E-11	1.51273824280823	1E10	1E-30	1E-10	1E10	1E-30	1E-10	1E10	1E-30	1E-10	1E10	1E-30	1E-10	1E10	1E-30	1E-10	1E10	1E-30	1E-10	1E10	1E-30	1E-10	1E10	1E-30	1E-10	1E10	1E-30	1E-10	1E10	1E-30	1E-10	1E10	1E-30	1E-10	1E10	1E-30	1E-10	1E10	1E-30	1E-10	1E10	1E-30	1E-10
758	7.5E-11	1E10	1E10	1E-30	8.33616137242793E-11	1E10	1E-30	1E10	8.78880742425386E-02	3.1554326521568E-12	3.10273028524074E-11	1.51273824280823	1E10	1E-30	1E-10	1E10	1E-30	1E-10	1E10	1E-30	1E-10	1E10	1E-30	1E-10	1E10	1E-30	1E-10	1E10	1E-30	1E-10	1E10	1E-30	1E-10	1E10	1E-30	1E-10	1E10	1E-30	1E-10	1E10	1E-30	1E-10	1E10	1E-30	1E-10	1E10	1E-30	1E-10	1E10	1E-30	1E-10	1E10	1E-30	1E-10
759	8.2E-11	1E10	1E10	1E-30	8.01159635060556E-11	1E10	1E-30	1E10	8.66222499477366E-02	1.42874660292286E-12	3.6614721993836E-11	1.88267168634057	1E10	1E-30	1E-10	1E10	1E-30	1E-10	1E10	1E-30	1E-10	1E10	1E-30	1E-10	1E10	1E-30	1E-10	1E10	1E-30	1E-10	1E10	1E-30	1E-10	1E10	1E-30	1E-10	1E10	1E-30	1E-10	1E10	1E-30	1E-10	1E10	1E-30	1E-10	1E10	1E-30	1E-10	1E10	1E-30	1E-10	1E10	1E-30	1E-10
760	8.2E-11	1E10	1E10	1E-30	8.01159635060556E-11	1E10	1E-30	1E10	8.66222499477366E-02	1.42874660292286E-12	3.6614721993836E-11	1.88267168634057	1E10	1E-30	1E-10	1E10	1E-30	1E-10	1E10	1E-30	1E-10	1E10	1E-30	1E-10	1E10	1E-30	1E-10	1E10	1E-30	1E-10	1E10	1E-30	1E-10	1E10	1E-30	1E-10	1E10	1E-30	1E-10	1E10	1E-30	1E-10	1E10	1E-30	1E-10	1E10	1E-30	1E-10	1E10	1E-30	1E-10	1E10	1E-30	1E-10
761	8.2E-11	1E10	1E10	1E-30	8.01159635060556E-11	1E10	1E-30	1E10	8.66222499477366E-02	1.42874660292286E-12	3.6614721993836E-11	1.88267168634057	1E10	1E-30	1E-10	1E10	1E-30	1E-10	1E10	1E-30	1E-10	1E10	1E-30	1E-10	1E10	1E-30	1E-10	1E10	1E-30	1E-10	1E10	1E-30	1E-10	1E10	1E-30	1E-10	1E10	1E-30	1E-10	1E10	1E-30	1E-10	1E10	1E-30	1E-10	1E10	1E-30	1E-10	1E10	1E-30	1E-10	1E10	1E-30	1E-10
762	8.2E-11	1E10	1E10	1E-30	8.01159635060556E-11	1E10	1E-30	1E10	8.66222499477366E-02	1.42874660292286E-12	3.6614721993836E-11	1.88267168634057	1E10	1E-30	1E-10	1E10	1E-30	1E-10	1E10	1E-30	1E-10	1E10	1E-30	1E-10	1E10	1E-30	1E-10	1E10	1E-30	1E-10	1E10	1E-30	1E-10	1E10	1E-30	1E-10	1E10	1E-30	1E-10	1E10	1E-30	1E-10	1E10	1E-30	1E-10	1E10	1E-30	1E-10	1E10	1E-30	1E-10	1E10	1E-30	1E-10
763	9.1E-11	1E10	1E10	1E-30	7.67411983299742E-11	1E10	1E-30	1E10	8.49954272763743E-02	1.4857179377317E-12	3.34996454567943E-11	1.64933704094441	1E10	1E-30	1E-10	1E10	1E-30	1E-10	1E10	1E-30	1E-10	1E10	1E-30	1E-10	1E10	1E-30	1E-10	1E10	1E-30	1E-10	1E10	1E-30	1E-10	1E10	1E-30	1E-10	1E10	1E-30	1E-10	1E10	1E-30	1E-10	1E10	1E-30	1E-10	1E10	1E-30	1E-10	1E10	1E-30	1E-10	1E10	1E-30	1E-10
764	9.1E-11	1E10	1E10	1E-30	7.67411983299742E-11	1E10	1E-30	1E10	8.49954272763743E-02	1.4857179377317E-12	3.34996454567943E-11	1.64933704094441	1E10	1E-30	1E-10	1E10	1E-30	1E-10	1E10	1E-30	1E-10	1E10	1E-30	1E-10	1E10	1E-30	1E-10	1E10	1E-30	1E-10	1E10	1E-30	1E-10	1E10	1E-30	1E-10	1E10	1E-30	1E-10	1E10	1E-30	1E-10	1E10	1E-30	1E-10	1E10	1E-30	1E-10	1E10	1E-30	1E-10	1E10	1E-30	1E-10
765	9.1E-11	1E10	1E10	1E-30	7.67411983299742E-11	1E10	1E-30	1E10	8.49954272763743E-02	1.4857179377317E-12	3.34996454567943E-11	1.64933704094441	1E10	1E-30	1E-10	1E10	1E-30	1E-10	1E10	1E-30	1E-10	1E10	1E-30	1E-10	1E10	1E-30	1E-10	1E10	1E-30	1E-10	1E10	1E-30	1E-10	1E10	1E-30	1E-10	1E10	1E-30	1E-10	1E10	1E-30	1E-10	1E10	1E-30	1E-10	1E10	1E-30	1E-10	1E10	1E-30	1E-10	1E10	1E-30	1E-10
766	9.1E-11	1E10	1E10	1E-30	7.67411983299742E-11	1E10	1E-30	1E10	8.49954272763743E-02	1.4857179377317E-12	3.34996454567943E-11	1.64933704094441	1E10	1E-30	1E-10	1E10	1E-30	1E-10	1E10	1E-30	1E-10	1E10	1E-30	1E-10	1E10	1E-30	1E-10	1E10	1E-30	1E-10	1E10	1E-30	1E-10	1E10	1E-30	1E-10	1E10	1E-30	1E-10	1E10	1E-30	1E-10	1E10	1E-30	1E-10	1E10	1E-30	1E-10	1E10	1E-30	1E-10	1E10	1E-30	1E-10
767	9.99999999999999E-11	1E10	1E10	1E-30	8.31785407228376E-11	1E10	1E-30	1E10	8.37418409315859E-02	1.20104873314729E-12	3.39814816232488E-11	1.41013948069083	1E10	1E-30	1E-10	1E10	1E-30	1E-10	1E10	1E-30	1E-10	1E10	1E-30	1E-10	1E10	1E-30	1E-10	1E10	1E-30	1E-10	1E10	1E-30	1E-10	1E10	1E-30	1E-10	1E10	1E-30	1E-10	1E10	1E-30	1E-10	1E10	1E-30	1E-10	1E10	1E-30	1E-10	1E10	1E-30	1E-10	1E10	1E-30	1E-10
768	9.99999999999999E-11	1E10	1E10	1E-30	8.31785407228376E-11	1E10	1E-30	1E10	8.37418409315859E-02	1.20104873314729E-12	3.39814816232488E-11	1.41013948069083	1E10	1E-30	1E-10	1E10	1E-30	1E-10	1E10	1E-30	1E-10	1E10	1E-30	1E-10	1E10	1E-30	1E-10	1E10	1E-30	1E-10	1E10	1E-30	1E-10	1E10	1E-30	1E-10	1E10	1E-30	1E-10	1E10	1E-30	1E-10	1E10	1E-30	1E-10	1E10	1E-30	1E-10	1E10	1E-30	1E-10	1E10	1E-30	1E-10
769	9.99999999999999E-11	1E10	1E10	1E-30	8.31785407228376E-11	1E10	1E-30	1E10	8.37418409315859E-02	1.20104873314729E-12	3.39814816232488E-11	1.41013948069083	1E10	1E-30	1E-10	1E10	1E-30	1E-10	1E10	1E-30	1E-10	1E10	1E-30	1E-10	1E10	1E-30	1E-10	1E10	1E-30	1E-10	1E10	1E-30	1E-10	1E10	1E-30	1E-10	1E10	1E-30	1E-10	1E10	1E-30	1E-10	1E10	1E-30	1E-10	1E10	1E-30	1E-10	1E10	1E-30	1E-10	1E10	1E-30	1E-10
770	9.99999999999999E-11	1E10	1E10	1E-30	8.31785407228376E-11	1E10	1E-30	1E10	8.37418409315859E-02	1.20104873314729E-12	3.39814816232488E-11	1.41013948069083	1E10	1E-30	1E-10	1E10	1E-30	1E-10	1E10	1E-30	1E-10	1E10	1E-30	1E-10	1E10	1E-30	1E-10	1E10	1E-30	1E-10	1E10	1E-30	1E-10	1E10	1E-30	1E-10	1E10	1E-30	1E-10	1E10	1E-30	1E-10	1E10	1E-30	1E-10	1E10	1E-30	1E-10	1E10	1E-30	1E-10	1E10	1E-30	1E-10
771	9.1169495703173E-11	1E10	2E9	1E-30	1.0471113635348E-10	1E10	1E-30	1E10	0.746726134921263	1.23143799740775E-09	1E10	5145263.03454134	2.57105142211208E-09	1E10	317254.347036083	2.4995538083755E-09	1E10	30297.5549302531	2.48663971045271E-09	1E10	3172.54347036083	2.2360836068813E-09	1E10	853.901116744727	1.70908630161748E-09	1E10	158.388042562053	9.94418201683219E-10	1E10	44.8212620619107	6.92917315179533E-10	1E10	6.43072571998144	4.34175415990458E-10	1E10	1.1270519079061	3.38958896367909E-11	7.06254275116844E-12	1.318603422392	1E10	1E-30	1E-10	1E10	1E-30	1E-10	1E10	1E-30	1E-10	1E10	1E-30	1E-10	1E10	1E-30	1E-10
772	9.1169495703173E-11	1E10	2E9	1E-30	1.0471113635348E-10	1E10	1E-30	1E10	0.746726134921263	1.23143799740775E-09	1E10	5145263.03454134	2.57105142211208E-09	1E10	317254.347036083	2.4995538083755E-09	1E10	30297.5549302531	2.48663971045271E-09	1E10	3172.54347036083	2.2360836068813E-09	1E10	853.901116744727	1.70908630161748E-09	1E10	158.388042562053	9.94418201683219E-10	1E10	44.8212620619107	6.92917315179533E-10	1E10	6.43072571998144	4.34175415990458E-10	1E10	1.1270519079061	3.38958896367909E-11	7.06254275116844E-12	1.318603422392	1E10	1E-30	1E-10	1E10	1E-30	1E-10	1E10	1E-30	1E-10	1E10	1E-30	1E-10	1E10	1E-30	1E-10
773	1.2E-10	1E10	1E10	1E-30	9.67347659006777E-11	1E10	1E-30	1E10	8.31687355340849E-02	1E-30	2.05268995671001E-11	0.560023121568234	7.09784077981079E-10	3.15609992110878E-12	0.103796853287411	1E10	1E-30	1E-10	1E10	1E-30	1E-10	1E10	1E-30	1E-10	1E10	1E-30	1E-10	1E10	1E-30	1E-10	1E10	1E-30	1E-10	1E10	1E-30	1E-10	1E10	1E-30	1E-10	1E10	1E-30	1E-10	1E10	1E-30	1E-10	1E10	1E-30	1E-10	1E10	1E-30	1E-10	1E10	1E-30	1E-10
774	1.2E-10	1E10	1E10	1E-30	9.67347659006777E-11	1E10	1E-30	1E10	8.31687355340849E-02	1E-30	2.05268995671001E-11	0.560023121568234	7.09784077981079E-10	3.15609992110878E-12	0.103796853287411	1E10	1E-30	1E-10	1E10	1E-30	1E-10	1E10	1E-30	1E-10	1E10	1E-30	1E-10	1E10	1E-30	1E-10	1E10	1E-30	1E-10	1E10	1E-30	1E-10	1E10	1E-30	1E-10	1E10	1E-30	1E-10	1E10	1E-30	1E-10	1E10	1E-30	1E-10	1E10	1E-30	1E-10	1E10	1E-30	1E-10
775	1.5E-10	1E10	1E10	1E-30	8.91779849639429E-11	1E10	1E-30	1E10	7.33930566258874E-02	1E-30	1.40976866335148E-11	0.866733646682872	1.8482641418061E-10	1.12557896840422E-11	0.258615902224886	1E10	1E-30	1E-10	1E10	1E-30	1E-10	1E10	1E-30	1E-10	1E10	1E-30	1E-10	1E10	1E-30	1E-10	1E10	1E-30	1E-10	1E10	1E-30	1E-10	1E10	1E-30	1E-10	1E10	1E-30	1E-10	1E10	1E-30	1E-10	1E10	1E-30	1E-10	1E10	1E-30	1E-10	1E10	1E-30	1E-10
776	1.5E-10	1E10	1E10	1E-30	8.91779849639429E-11	1E10	1E-30	1E10	7.33930566258874E-02	1E-30	1.40976866335148E-11	0.866733646682872	1.8482641418061E-10	1.12557896840422E-11	0.258615902224886	1E10	1E-30	1E-10	1E10	1E-30	1E-10	1E10	1E-30	1E-10	1E10	1E-30	1E-10	1E10	1E-30	1E-10	1E10	1E-30	1E-10	1E10	1E-30	1E-10	1E10	1E-30	1E-10	1E10	1E-30	1E-10	1E10	1E-30	1E-10	1E10	1E-30	1E-10	1E10	1E-30	1E-10	1E10	1E-30	1E-10
777	1.23084002200781E-10	1E10	2E9	1E-30	1.00055169134431E-10	1E10	1E-30	1E10	0.638698993434542	3.45225256611943E-09	1E10	2544809.38962954	3.88904938954531E-09	1E10	172050.230394619	3.33898765473786E-09	1E10	22680.6375587889	3.4782851919785E-09	1E10	2021.41395017421	4.02939980183418E-09	1E10	531.686041151403	1.88142675552223E-09	1E10	167.837969134589	1.05580838477205E-09	1E10	24.5919050850991	8.60318949099001E-10	1E10	2.53344056301619	6.87082838028043E-10	1E10	0.476840234902748	1.93808459641853E-11	1.05519482865798E-11	1.34780917751776	1E10	1E-30	1E-10	1E10	1E-30	1E-10	1E10	1E-30	1E-10	1E10	1E-30	1E-10	1E10	1E-30	1E-10
778	1.23084002200781E-10	1E10	2E9	1E-30	1.00055169134431E-10	1E10	1E-30	1E10	0.638698993434542	3.45225256611943E-09	1E10	2544809.38962954	3.88904938954531E-09	1E10	172050.230394619	3.33898765473786E-09	1E10	22680.6375587889	3.4782851919785E-09	1E10	2021.41395017421	4.02939980183418E-09	1E10	531.686041151403	1.88142675552223E-09	1E10	167.837969134589	1.05580838477205E-09	1E10	24.5919050850991	8.60318949099001E-10	1E10	2.53344056301619	6.87082838028043E-10	1E10	0.476840234902748	1.93808459641853E-11	1.05519482865798E-11	1.34780917751776	1E10	1E-30	1E-10	1E10	1E-30	1E-10	1E10	1E-30	1E-10	1E10	1E-30	1E-10	1E10	1E-30	1E-10
779	1.79999999999999E-10	1E10	1E10	1E-30	8.03919297894976E-11	1E10	1E-30	1E10	7.26099692197049E-02	1E-30	2.1208786778798E-11	0.543064957589491	4.26639626689415E-10	6.08602082025865E-12	0.171785376176835	1E10	1E-30	1E-10	1E10	1E-30	1E-10	1E10	1E-30	1E-10	1E10	1E-30	1E-10	1E10	1E-30	1E-10	1E10	1E-30	1E-10	1E10	1E-30	1E-10	1E10	1E-30	1E-10	1E10	1E-30	1E-10	1E10	1E-30	1E-10	1E10	1E-30	1E-10	1E10	1E-30	1E-10	1E10	1E-30	1E-10
780	1.79999999999999E-10	1E10	1E10	1E-30	8.03919297894976E-11	1E10	1E-30	1E10	7.26099692197049E-02	1E-30	2.1208786778798E-11	0.543064957589491	4.26639626689415E-10	6.08602082025865E-12	0.171785376176835	1E10	1E-30	1E-10	1E10	1E-30	1E-10	1E10	1E-30	1E-10	1E10	1E-30	1E-10	1E10	1E-30	1E-10	1E10	1E-30	1E-10	1E10	1E-30	1E-10	1E10	1E-30	1E-10	1E10	1E-30	1E-10	1E10	1E-30	1E-10	1E10	1E-30	1E-10	1E10	1E-30	1E-10	1E10	1E-30	1E-10
781	2.2E-10	1E10	1E10	1E-30	7.89562992093439E-11	1E10	1E-30	1E10	6.64142892557768E-02	1E-30	1.9970774599235E-11	0.433046124738624	3.83200882416571E-10	7.41569450105532E-12	0.207599332972889	1E10	1E-30	1E-10	1E10	1E-30	1E-10	1E10	1E-30	1E-10	1E10	1E-30	1E-10	1E10	1E-30	1E-10	1E10	1E-30	1E-10	1E10	1E-30	1E-10	1E10	1E-30	1E-10	1E10	1E-30	1E-10	1E10	1E-30	1E-10	1E10	1E-30	1E-10	1E10	1E-30	1E-10	1E10	1E-30	1E-10
782	2.2E-10	1E10	1E10	1E-30	7.89562992093439E-11	1E10	1E-30	1E10	6.64142892557768E-02	1E-30	1.9970774599235E-11	0.433046124738624	3.83200882416571E-10	7.41569450105532E-12	0.207599332972889	1E10	1E-30	1E-10	1E10	1E-30	1E-10	1E10	1E-30	1E-10	1E10	1E-30	1E-10	1E10	1E-30	1E-10	1E10	1E-30	1E-10	1E10	1E-30	1E-10	1E10	1E-30	1E-10	1E10	1E-30	1E-10	1E10	1E-30	1E-10	1E10	1E-30	1E-10	1E10	1E-30	1E-10	1E10	1E-30	1E-10
783	1.8104847043042E-10	1E10	2E9	1E-30	9.67940554262231E-11	1E10	1E-30	1E10	0.475398501430937	4.12412706255408E-09	1E10	1433444.14306478	5.35942185123362E-09	1E10	124847.765684522	5.45582249031415E-09	1E10	11386.2515573651	5.50350888432223E-09	1E10	1277.55843726881	5.37687302519362E-09	1E10	485.714171029469	2.7612710947989E-09	1E10	114.358509136289	1.70686822649338E-09	1E10	18.4955026149318	1.6616363737709E-09	1E10	2.02802997759908	1.05175462036671E-09	1E10	0.651805268500751	2.13123795106866E-11	1.1189907433871E-11	0.615427260045081	1E10	1E-30	1E-10	1E10	1E-30	1E-10	1E10	1E-30	1E-10	1E10	1E-30	1E-10	1E10	1E-30	1E-10
784	1.8104847043042E-10	1E10	2E9	1E-30	9.67940554262231E-11	1E10	1E-30	1E10	0.475398501430937	4.12412706255408E-09	1E10	1433444.14306478	5.35942185123362E-09	1E10	124847.765684522	5.45582249031415E-09	1E10	11386.2515573651	5.50350888432223E-09	1E10	1277.55843726881	5.37687302519362E-09	1E10	485.714171029469	2.7612710947989E-09	1E10	114.358509136289	1.70686822649338E-09	1E10	18.4955026149318	1.6616363737709E-09	1E10	2.02802997759908	1.05175462036671E-09	1E10	0.651805268500751	2.13123795106866E-11	1.1189907433871E-11	0.615427260045081	1E10	1E-30	1E-10	1E10	1E-30	1E-10	1E10	1E-30	1E-10	1E10	1E-30	1E-10	1E10	1E-30	1E-10
785	2.7E-10	1E10	1E10	1E-30	8.41963313459268E-11	1E10	1E-30	1E10	5.19188047078117E-02	1E-30	1.76161730994816E-11	0.49538341157987	1E-30	1.42446730359888E-11	2.09770716597778E-02	2.71698710380992E-10	1.14070232257662E-11	0.248469992143094	6.87404735123942E-10	5.15047382171867E-13	0.192752321378072	1E10	1E-30	1E-10	1E10	1E-30	1E-10	1E10	1E-30	1E-10	1E10	1E-30	1E-10	1E10	1E-30	1E-10	1E10	1E-30	1E-10	1E10	1E-30	1E-10	1E10	1E-30	1E-10	1E10	1E-30	1E-10	1E10	1E-30	1E-10	1E10	1E-30	1E-10
786	2.7E-10	1E10	1E10	1E-30	8.41963313459268E-11	1E10	1E-30	1E10	5.19188047078117E-02	1E-30	1.76161730994816E-11	0.49538341157987	1E-30	1.42446730359888E-11	2.09770716597778E-02	2.71698710380992E-10	1.14070232257662E-11	0.248469992143094	6.87404735123942E-10	5.15047382171867E-13	0.192752321378072	1E10	1E-30	1E-10	1E10	1E-30	1E-10	1E10	1E-30	1E-10	1E10	1E-30	1E-10	1E10	1E-30	1E-10	1E10	1E-30	1E-10	1E10	1E-30	1E-10	1E10	1E-30	1E-10	1E10	1E-30	1E-10	1E10	1E-30	1E-10	1E10	1E-30	1E-10
787	3.3E-10	1E10	1E10	1E-30	8.03782930857089E-11	1E10	1E-30	1E10	4.40914604569008E-02	1E-30	1.53492315392091E-11	0.431792608091519	1E-30	1.28883926578774E-11	1.85287218327658E-02	2.47513346702612E-10	1.44837048236017E-11	0.275334633794942	5.71504979756599E-10	6.17577262256582E-13	0.244376279314539	1E10	1E-30	1E-10	1E10	1E-30	1E-10	1E10	1E-30	1E-10	1E10	1E-30	1E-10	1E10	1E-30	1E-10	1E10	1E-30	1E-10	1E10	1E-30	1E-10	1E10	1E-30	1E-10	1E10	1E-30	1E-10	1E10	1E-30	1E-10	1E10	1E-30	1E-10
788	3.3E-10	1E10	1E10	1E-30	8.03782930857089E-11	1E10	1E-30	1E10	4.40914604569008E-02	1E-30	1.53492315392091E-11	0.431792608091519	1E-30	1.28883926578774E-11	1.85287218327658E-02	2.47513346702612E-10	1.44837048236017E-11	0.275334633794942	5.71504979756599E-10	6.17577262256582E-13	0.244376279314539	1E10	1E-30	1E-10	1E10	1E-30	1E-10	1E10	1E-30	1E-10	1E10	1E-30	1E-10	1E10	1E-30	1E-10	1E10	1E-30	1E-10	1E10	1E-30	1E-10	1E10	1E-30	1E-10	1E10	1E-30	1E-10	1E10	1E-30	1E-10	1E10	1E-30	1E-10
789	2.50933725248916E-10	1E10	2E9	1E-30	1.04560755269499E-10	1E10	1E-30	1E10	0.45028528521688	6.60414434357879E-09	1E10	1330274.48955978	7.71928510594046E-09	1E10	105667.458699077	7.0037205464525E-09	1E10	10812.8769998881	7.92666223298216E-09	1E10	1081.28769998881	7.6378177714288E-09	1E10	341.933193788947	4.33562051423811E-09	1E10	87.9688288815412	2.43784947402514E-09	1E10	15.7062310497392	1.90570424277958E-09	1E10	2.26521428490485	1.53842311853199E-09	1E10	0.237878692378298	1.42558749986994E-11	1.41191691741435E-11	0.884631680058023	1E10	1E-30	1E-10	1E10	1E-30	1E-10	1E10	1E-30	1E-10	1E10	1E-30	1E-10	1E10	1E-30	1E-10
790	2.50933725248916E-10	1E10	2E9	1E-30	1.04560755269499E-10	1E10	1E-30	1E10	0.45028528521688	6.60414434357879E-09	1E10	1330274.48955978	7.71928510594046E-09	1E10	105667.458699077	7.0037205464525E-09	1E10	10812.8769998881	7.92666223298216E-09	1E10	1081.28769998881	7.6378177714288E-09	1E10	341.933193788947	4.33562051423811E-09	1E10	87.9688288815412	2.43784947402514E-09	1E10	15.7062310497392	1.90570424277958E-09	1E10	2.26521428490485	1.53842311853199E-09	1E10	0.237878692378298	1.42558749986994E-11	1.41191691741435E-11	0.884631680058023	1E10	1E-30	1E-10	1E10	1E-30	1E-10	1E10	1E-30	1E-10	1E10	1E-30	1E-10	1E10	1E-30	1E-10
791	3.66389069756562E-10	1E10	2E9	1E-30	1.00695909305946E-10	1E10	1E-30	1E10	0.389551069282888	7.14819973362024E-09	1E10	1229026.19862638	1.02791500016513E-08	1E10	79352.5962737511	1.02260740018066E-08	1E10	7405.61517518856	1.15736534666362E-08	1E10	740.561517518856	1.06499952620632E-08	1E10	245.222965822868	5.93424436158136E-09	1E10	78.6320729197769	4.01752426646659E-09	1E10	11.7025982027421	2.67453278043264E-09	1E10	1.77110782395111	1.70104845055844E-09	1E10	0.246749721922223	2.12486231144818E-11	1.17341107463919E-11	0.542376426798068	1E10	1E-30	1E-10	1E10	1E-30	1E-10	1E10	1E-30	1E-10	1E10	1E-30	1E-10	1E10	1E-30	1E-10
792	3.66389069756562E-10	1E10	2E9	1E-30	1.00695909305946E-10	1E10	1E-30	1E10	0.389551069282888	7.14819973362024E-09	1E10	1229026.19862638	1.02791500016513E-08	1E10	79352.5962737511	1.02260740018066E-08	1E10	7405.61517518856	1.15736534666362E-08	1E10	740.561517518856	1.06499952620632E-08	1E10	245.222965822868	5.93424436158136E-09	1E10	78.6320729197769	4.01752426646659E-09	1E10	11.7025982027421	2.67453278043264E-09	1E10	1.77110782395111	1.70104845055844E-09	1E10	0.246749721922223	2.12486231144818E-11	1.17341107463919E-11	0.542376426798068	1E10	1E-30	1E-10	1E10	1E-30	1E-10	1E10	1E-30	1E-10	1E10	1E-30	1E-10	1E10	1E-30	1E-10
793	5.5983778745008E-10	1E10	2E9	1E-30	8.93687555584018E-11	1E10	1E-30	1E10	0.264989753973419	1.03693857006752E-08	1E10	847236.760135299	1.7927244991713E-08	1E10	45499.3079246372	1.48342393161805E-08	1E10	5105.10631494106	1.6789077143026E-08	1E10	510.510631494106	1.88335506381986E-08	1E10	169.045957935429	9.17844164019166E-09	1E10	49.5687294087384	5.55802828922745E-09	1E10	8.45901996421105	4.16817938258256E-09	1E10	1.03566283437481	3.63703588492084E-09	1E10	0.149296818933458	1.29235786121321E-11	1.58599859912408E-11	0.628558560578943	1E10	1E-30	1E-10	1E10	1E-30	1E-10	1E10	1E-30	1E-10	1E10	1E-30	1E-10	1E10	1E-30	1E-10
794	5.5983778745008E-10	1E10	2E9	1E-30	8.93687555584018E-11	1E10	1E-30	1E10	0.264989753973419	1.03693857006752E-08	1E10	847236.760135299	1.7927244991713E-08	1E10	45499.3079246372	1.48342393161805E-08	1E10	5105.10631494106	1.6789077143026E-08	1E10	510.510631494106	1.88335506381986E-08	1E10	169.045957935429	9.17844164019166E-09	1E10	49.5687294087384	5.55802828922745E-09	1E10	8.45901996421105	4.16817938258256E-09	1E10	1.03566283437481	3.63703588492084E-09	1E10	0.149296818933458	1.29235786121321E-11	1.58599859912408E-11	0.628558560578943	1E10	1E-30	1E-10	1E10	1E-30	1E-10	1E10	1E-30	1E-10	1E10	1E-30	1E-10	1E10	1E-30	1E-10
795	5.5983778745008E-10	1E10	2E9	1E-30	8.93687555584018E-11	1E10	1E-30	1E10	0.264989753973419	1.03693857006752E-08	1E10	847236.760135299	1.7927244991713E-08	1E10	45499.3079246372	1.48342393161805E-08	1E10	5105.10631494106	1.6789077143026E-08	1E10	510.510631494106	1.88335506381986E-08	1E10	169.045957935429	9.17844164019166E-09	1E10	49.5687294087384	5.55802828922745E-09	1E10	8.45901996421105	4.16817938258256E-09	1E10	1.03566283437481	3.63703588492084E-09	1E10	0.149296818933458	1.29235786121321E-11	1.58599859912408E-11	0.628558560578943	1E10	1E-30	1E-10	1E10	1E-30	1E-10	1E10	1E-30	1E-10	1E10	1E-30	1E-10	1E10	1E-30	1E-10
796	5.5983778745008E-10	1E10	2E9	1E-30	8.93687555584018E-11	1E10	1E-30	1E10	0.264989753973419	1.03693857006752E-08	1E10	847236.760135299	1.7927244991713E-08	1E10	45499.3079246372	1.48342393161805E-08	1E10	5105.10631494106	1.6789077143026E-08	1E10	510.510631494106	1.88335506381986E-08	1E10	169.045957935429	9.17844164019166E-09	1E10	49.5687294087384	5.55802828922745E-09	1E10	8.45901996421105	4.16817938258256E-09	1E10	1.03566283437481	3.63703588492084E-09	1E10	0.149296818933458	1.29235786121321E-11	1.58599859912408E-11	0.628558560578943	1E10	1E-30	1E-10	1E10	1E-30	1E-10	1E10	1E-30	1E-10	1E10	1E-30	1E-10	1E10	1E-30	1E-10
797	9.37702420860886E-10	1E10	2E9	1E-30	1.25733767627237E-10	1E10	1E-30	1E10	0.242456573701969	9.38935075505178E-08	1E10	16575.0071538085	8.89132113890816E-08	1E10	2336.88531988971	1.4512919228724E-07	1E10	342.163953726962	9.76929910496655E-08	1E10	101.73695559501	7.94102433253444E-08	1E10	22.4348056083147	5.63025644142606E-08	1E10	5.03078681756593	3.83282862144251E-08	1E10	1.09172512309415	2.35848390998402E-08	1E10	0.202651497325525	1E-30	1.13187836659137E-11	0.22147009837341	1E-30	7.63857723889213E-12	9.22532492820621E-02	4.55555219851712E-09	2.86400554624975E-12	3.77180698539262E-02	3.95522739439617E-09	1.06923110666565E-12	5.15515150600418E-02	1E10	1E-30	1E-10	1E10	1E-30	1E-10	1E10	1E-30	1E-10
798	9.37702420860886E-10	1E10	2E9	1E-30	1.25733767627237E-10	1E10	1E-30	1E10	0.242456573701969	9.38935075505178E-08	1E10	16575.0071538085	8.89132113890816E-08	1E10	2336.88531988971	1.4512919228724E-07	1E10	342.163953726962	9.76929910496655E-08	1E10	101.73695559501	7.94102433253444E-08	1E10	22.4348056083147	5.63025644142606E-08	1E10	5.03078681756593	3.83282862144251E-08	1E10	1.09172512309415	2.35848390998402E-08	1E10	0.202651497325525	1E-30	1.13187836659137E-11	0.22147009837341	1E-30	7.63857723889213E-12	9.22532492820621E-02	4.55555219851712E-09	2.86400554624975E-12	3.77180698539262E-02	3.95522739439617E-09	1.06923110666565E-12	5.15515150600418E-02	1E10	1E-30	1E-10	1E10	1E-30	1E-10	1E10	1E-30	1E-10
799	9.37702420860886E-10	1E10	2E9	1E-30	1.25733767627237E-10	1E10	1E-30	1E10	0.242456573701969	9.38935075505178E-08	1E10	16575.0071538085	8.89132113890816E-08	1E10	2336.88531988971	1.4512919228724E-07	1E10	342.163953726962	9.76929910496655E-08	1E10	101.73695559501	7.94102433253444E-08	1E10	22.4348056083147	5.63025644142606E-08	1E10	5.03078681756593	3.83282862144251E-08	1E10	1.09172512309415	2.35848390998402E-08	1E10	0.202651497325525	1E-30	1.13187836659137E-11	0.22147009837341	1E-30	7.63857723889213E-12	9.22532492820621E-02	4.55555219851712E-09	2.86400554624975E-12	3.77180698539262E-02	3.95522739439617E-09	1.06923110666565E-12	5.15515150600418E-02	1E10	1E-30	1E-10	1E10	1E-30	1E-10	1E10	1E-30	1E-10
800	9.37702420860886E-10	1E10	2E9	1E-30	1.25733767627237E-10	1E10	1E-30	1E10	0.242456573701969	9.38935075505178E-08	1E10	16575.0071538085	8.89132113890816E-08	1E10	2336.88531988971	1.4512919228724E-07	1E10	342.163953726962	9.76929910496655E-08	1E10	101.73695559501	7.94102433253444E-08	1E10	22.4348056083147	5.63025644142606E-08	1E10	5.03078681756593	3.83282862144251E-08	1E10	1.09172512309415	2.35848390998402E-08	1E10	0.202651497325525	1E-30	1.13187836659137E-11	0.22147009837341	1E-30	7.63857723889213E-12	9.22532492820621E-02	4.55555219851712E-09	2.86400554624975E-12	3.77180698539262E-02	3.95522739439617E-09	1.06923110666565E-12	5.15515150600418E-02	1E10	1E-30	1E-10	1E10	1E-30	1E-10	1E10	1E-30	1E-10
801	9.37702420860886E-10	1E10	2E9	1E-30	1.25733767627237E-10	1E10	1E-30	1E10	0.242456573701969	9.38935075505178E-08	1E10	16575.0071538085	8.89132113890816E-08	1E10	2336.88531988971	1.4512919228724E-07	1E10	342.163953726962	9.76929910496655E-08	1E10	101.73695559501	7.94102433253444E-08	1E10	22.4348056083147	5.63025644142606E-08	1E10	5.03078681756593	3.83282862144251E-08	1E10	1.09172512309415	2.35848390998402E-08	1E10	0.202651497325525	1E-30	1.13187836659137E-11	0.22147009837341	1E-30	7.63857723889213E-12	9.22532492820621E-02	4.55555219851712E-09	2.86400554624975E-12	3.77180698539262E-02	3.95522739439617E-09	1.06923110666565E-12	5.15515150600418E-02	1E10	1E-30	1E-10	1E10	1E-30	1E-10	1E10	1E-30	1E-10
802	9.37702420860886E-10	1E10	2E9	1E-30	1.25733767627237E-10	1E10	1E-30	1E10	0.242456573701969	9.38935075505178E-08	1E10	16575.0071538085	8.89132113890816E-08	1E10	2336.88531988971	1.4512919228724E-07	1E10	342.163953726962	9.76929910496655E-08	1E10	101.73695559501	7.94102433253444E-08	1E10	22.4348056083147	5.63025644142606E-08	1E10	5.03078681756593	3.83282862144251E-08	1E10	1.09172512309415	2.35848390998402E-08	1E10	0.202651497325525	1E-30	1.13187836659137E-11	0.22147009837341	1E-30	7.63857723889213E-12	9.22532492820621E-02	4.55555219851712E-09	2.86400554624975E-12	3.77180698539262E-02	3.95522739439617E-09	1.06923110666565E-12	5.15515150600418E-02	1E10	1E-30	1E-10	1E10	1E-30	1E-10	1E10	1E-30	1E-10
803	1.41900807342984E-09	1E10	2E9	1E-30	1.00457002455164E-10	1E10	1E-30	1E10	9.49397742346663E-02	7.96086854877555E-08	1E10	33206.9567937433	1.48473015100472E-07	1E10	1955.37058216629	1.76429263140134E-07	1E10	229.736011598786	1.38463953825912E-07	1E10	42.7788472026331	9.46775191633036E-08	1E10	6.95056163878407	6.6410728722845E-08	1E10	1.04746105337534	4.68137029675336E-08	1E10	0.178872044894258	4.51958708839516E-09	1E10	0.106495974037647	1E-30	5.07862245830367E-11	0.247938582646523	2.38784937007952E-11	1.23959494189071E-11	3.51279442375583	1E10	1E-30	1E-10	1E10	1E-30	1E-10	1E10	1E-30	1E-10	1E10	1E-30	1E-10	1E10	1E-30	1E-10
804	1.41900807342984E-09	1E10	2E9	1E-30	1.00457002455164E-10	1E10	1E-30	1E10	9.49397742346663E-02	7.96086854877555E-08	1E10	33206.9567937433	1.48473015100472E-07	1E10	1955.37058216629	1.76429263140134E-07	1E10	229.736011598786	1.38463953825912E-07	1E10	42.7788472026331	9.46775191633036E-08	1E10	6.95056163878407	6.6410728722845E-08	1E10	1.04746105337534	4.68137029675336E-08	1E10	0.178872044894258	4.51958708839516E-09	1E10	0.106495974037647	1E-30	5.07862245830367E-11	0.247938582646523	2.38784937007952E-11	1.23959494189071E-11	3.51279442375583	1E10	1E-30	1E-10	1E10	1E-30	1E-10	1E10	1E-30	1E-10	1E10	1E-30	1E-10	1E10	1E-30	1E-10
805	2.10412504459799E-09	1E10	2E9	1E-30	1.15981838279682E-10	1E10	1E-30	1E10	0.130021410703278	1.71494328621696E-07	1E10	7191.05278447554	2.8542780369793E-07	1E10	1196.49760149672	2.20762977308612E-07	1E10	263.573694602833	2.67479676222659E-07	1E10	47.9584773018374	1.74245211261463E-07	1E10	14.0031907191689	1.32483332668907E-07	1E10	2.89040212437401	8.44032498206525E-08	1E10	0.67659841134668	5.3317365842717E-08	1E10	0.107010972343302	1E-30	1.74650020101255E-11	0.170198011866608	1E-30	7.15793175741209E-12	6.20632604057657E-02	1.62110619447247E-08	1.79191028362711E-12	2.32560429880659E-02	2.15760046605852E-09	3.39588265170069E-12	3.54056083086837E-02	1E10	1E-30	1E-10	1E10	1E-30	1E-10	1E10	1E-30	1E-10
806	2.10412504459799E-09	1E10	2E9	1E-30	1.15981838279682E-10	1E10	1E-30	1E10	0.130021410703278	1.71494328621696E-07	1E10	7191.05278447554	2.8542780369793E-07	1E10	1196.49760149672	2.20762977308612E-07	1E10	263.573694602833	2.67479676222659E-07	1E10	47.9584773018374	1.74245211261463E-07	1E10	14.0031907191689	1.32483332668907E-07	1E10	2.89040212437401	8.44032498206525E-08	1E10	0.67659841134668	5.3317365842717E-08	1E10	0.107010972343302	1E-30	1.74650020101255E-11	0.170198011866608	1E-30	7.15793175741209E-12	6.20632604057657E-02	1.62110619447247E-08	1.79191028362711E-12	2.32560429880659E-02	2.15760046605852E-09	3.39588265170069E-12	3.54056083086837E-02	1E10	1E-30	1E-10	1E10	1E-30	1E-10	1E10	1E-30	1E-10
807	2.10412504459799E-09	1E10	2E9	1E-30	1.15981838279682E-10	1E10	1E-30	1E10	0.130021410703278	1.71494328621696E-07	1E10	7191.05278447554	2.8542780369793E-07	1E10	1196.49760149672	2.20762977308612E-07	1E10	263.573694602833	2.67479676222659E-07	1E10	47.9584773018374	1.74245211261463E-07	1E10	14.0031907191689	1.32483332668907E-07	1E10	2.89040212437401	8.44032498206525E-08	1E10	0.67659841134668	5.3317365842717E-08	1E10	0.107010972343302	1E-30	1.74650020101255E-11	0.170198011866608	1E-30	7.15793175741209E-12	6.20632604057657E-02	1.62110619447247E-08	1.79191028362711E-12	2.32560429880659E-02	2.15760046605852E-09	3.39588265170069E-12	3.54056083086837E-02	1E10	1E-30	1E-10	1E10	1E-30	1E-10	1E10	1E-30	1E-10
808	2.10412504459799E-09	1E10	2E9	1E-30	1.15981838279682E-10	1E10	1E-30	1E10	0.130021410703278	1.71494328621696E-07	1E10	7191.05278447554	2.8542780369793E-07	1E10	1196.49760149672	2.20762977308612E-07	1E10	263.573694602833	2.67479676222659E-07	1E10	47.9584773018374	1.74245211261463E-07	1E10	14.0031907191689	1.32483332668907E-07	1E10	2.89040212437401	8.44032498206525E-08	1E10	0.67659841134668	5.3317365842717E-08	1E10	0.107010972343302	1E-30	1.74650020101255E-11	0.170198011866608	1E-30	7.15793175741209E-12	6.20632604057657E-02	1.62110619447247E-08	1.79191028362711E-12	2.32560429880659E-02	2.15760046605852E-09	3.39588265170069E-12	3.54056083086837E-02	1E10	1E-30	1E-10	1E10	1E-30	1E-10	1E10	1E-30	1E-10
809	2.10412504459799E-09	1E10	2E9	1E-30	1.15981838279682E-10	1E10	1E-30	1E10	0.130021410703278	1.71494328621696E-07	1E10	7191.05278447554	2.8542780369793E-07	1E10	1196.49760149672	2.20762977308612E-07	1E10	263.573694602833	2.67479676222659E-07	1E10	47.9584773018374	1.74245211261463E-07	1E10	14.0031907191689	1.32483332668907E-07	1E10	2.89040212437401	8.44032498206525E-08	1E10	0.67659841134668	5.3317365842717E-08	1E10	0.107010972343302	1E-30	1.74650020101255E-11	0.170198011866608	1E-30	7.15793175741209E-12	6.20632604057657E-02	1.62110619447247E-08	1.79191028362711E-12	2.32560429880659E-02	2.15760046605852E-09	3.39588265170069E-12	3.54056083086837E-02	1E10	1E-30	1E-10	1E10	1E-30	1E-10	1E10	1E-30	1E-10
810	2.10412504459799E-09	1E10	2E9	1E-30	1.15981838279682E-10	1E10	1E-30	1E10	0.130021410703278	1.71494328621696E-07	1E10	7191.05278447554	2.8542780369793E-07	1E10	1196.49760149672	2.20762977308612E-07	1E10	263.573694602833	2.67479676222659E-07	1E10	47.9584773018374	1.74245211261463E-07	1E10	14.0031907191689	1.32483332668907E-07	1E10	2.89040212437401	8.44032498206525E-08	1E10	0.67659841134668	5.3317365842717E-08	1E10	0.107010972343302	1E-30	1.74650020101255E-11	0.170198011866608	1E-30	7.15793175741209E-12	6.20632604057657E-02	1.62110619447247E-08	1.79191028362711E-12	2.32560429880659E-02	2.15760046605852E-09	3.39588265170069E-12	3.54056083086837E-02	1E10	1E-30	1E-10	1E10	1E-30	1E-10	1E10	1E-30	1E-10
811	3.12583976068853E-09	1E10	2E9	1E-30	9.92466999437899E-11	1E10	1E-30	1E10	0.120510527160702	2.08072409542173E-07	1E10	11380.7725982336	2.65631091245389E-07	1E10	1014.31242548625	3.59458192314394E-07	1E10	88.3429191438571	2.5947111998251E-07	1E10	16.8333962138823	1.88109572729207E-07	1E10	2.38213232275805	1.28661550491655E-07	1E10	0.351796515580428	5.07149985175931E-08	1E10	8.75939162358037E-02	1E-30	5.32578292916682E-11	0.212213279815803	3.76953303626268E-09	1.27782888272422E-12	0.042414544420663	2.10759844123603E-11	1.30858998951187E-11	4.2847065129002	1E10	1E-30	1E-10	1E10	1E-30	1E-10	1E10	1E-30	1E-10	1E10	1E-30	1E-10	1E10	1E-30	1E-10
812	3.12583976068853E-09	1E10	2E9	1E-30	9.92466999437899E-11	1E10	1E-30	1E10	0.120510527160702	2.08072409542173E-07	1E10	11380.7725982336	2.65631091245389E-07	1E10	1014.31242548625	3.59458192314394E-07	1E10	88.3429191438571	2.5947111998251E-07	1E10	16.8333962138823	1.88109572729207E-07	1E10	2.38213232275805	1.28661550491655E-07	1E10	0.351796515580428	5.07149985175931E-08	1E10	8.75939162358037E-02	1E-30	5.32578292916682E-11	0.212213279815803	3.76953303626268E-09	1.27782888272422E-12	0.042414544420663	2.10759844123603E-11	1.30858998951187E-11	4.2847065129002	1E10	1E-30	1E-10	1E10	1E-30	1E-10	1E10	1E-30	1E-10	1E10	1E-30	1E-10	1E10	1E-30	1E-10
813	3.12583976068853E-09	1E10	2E9	1E-30	9.92466999437899E-11	1E10	1E-30	1E10	0.120510527160702	2.08072409542173E-07	1E10	11380.7725982336	2.65631091245389E-07	1E10	1014.31242548625	3.59458192314394E-07	1E10	88.3429191438571	2.5947111998251E-07	1E10	16.8333962138823	1.88109572729207E-07	1E10	2.38213232275805	1.28661550491655E-07	1E10	0.351796515580428	5.07149985175931E-08	1E10	8.75939162358037E-02	1E-30	5.32578292916682E-11	0.212213279815803	3.76953303626268E-09	1.27782888272422E-12	0.042414544420663	2.10759844123603E-11	1.30858998951187E-11	4.2847065129002	1E10	1E-30	1E-10	1E10	1E-30	1E-10	1E10	1E-30	1E-10	1E10	1E-30	1E-10	1E10	1E-30	1E-10
814	3.79560690538089E-09	1E10	2E9	1E-30	1.06904260011824E-10	1E10	1E-30	1E10	8.68715639204204E-02	3.84106446862829E-07	1E10	4819.55821813866	4.18011129569308E-07	1E10	619.84934486613	4.9762583291044E-07	1E10	140.634776250423	4.4566278902667E-07	1E10	36.5742774362713	3.42918289464293E-07	1E10	9.1111142663066	2.58487488904515E-07	1E10	2.13093024013441	1.79533886628804E-07	1E10	0.514054609151102	1.11966291382684E-07	1E10	0.11036414442084	1E-30	2.15327782758736E-11	0.161119576148422	1E-30	8.22818894235583E-12	5.25020078464416E-02	1.06904281718967E-08	4.39671166784608E-12	3.00941772659346E-02	1E10	1E-30	1E-10	1E10	1E-30	1E-10	1E10	1E-30	1E-10	1E10	1E-30	1E-10
815	3.79560690538089E-09	1E10	2E9	1E-30	1.06904260011824E-10	1E10	1E-30	1E10	8.68715639204204E-02	3.84106446862829E-07	1E10	4819.55821813866	4.18011129569308E-07	1E10	619.84934486613	4.9762583291044E-07	1E10	140.634776250423	4.4566278902667E-07	1E10	36.5742774362713	3.42918289464293E-07	1E10	9.1111142663066	2.58487488904515E-07	1E10	2.13093024013441	1.79533886628804E-07	1E10	0.514054609151102	1.11966291382684E-07	1E10	0.11036414442084	1E-30	2.15327782758736E-11	0.161119576148422	1E-30	8.22818894235583E-12	5.25020078464416E-02	1.06904281718967E-08	4.39671166784608E-12	3.00941772659346E-02	1E10	1E-30	1E-10	1E10	1E-30	1E-10	1E10	1E-30	1E-10	1E10	1E-30	1E-10
816	4.70724100315154E-09	1E10	2E9	1E-30	1.06956875344505E-10	1E10	1E-30	1E10	0.100915085076668	2.58912052863113E-07	1E10	9218.11259253464	4.25812352094095E-07	1E10	1010.74594673071	3.57782859723584E-07	1E10	149.500280811642	3.60726562482526E-07	1E10	13.3242265524634	5.40818537729639E-07	1E10	2.00665278799884	2.21864737874788E-07	1E10	0.86171037650769	1.2325481324114E-07	1E10	0.12341447618021	1E-30	3.95347182288428E-11	0.17423386662604	1E-30	8.62883096665306E-12	9.71523128610952E-02	1.81639067098074E-10	1.96832691961144E-13	3.19491728221587E-02	1E10	1E-30	1E-10	1E10	1E-30	1E-10	1E10	1E-30	1E-10	1E10	1E-30	1E-10	1E10	1E-30	1E-10
817	4.70724100315154E-09	1E10	2E9	1E-30	1.06956875344505E-10	1E10	1E-30	1E10	0.100915085076668	2.58912052863113E-07	1E10	9218.11259253464	4.25812352094095E-07	1E10	1010.74594673071	3.57782859723584E-07	1E10	149.500280811642	3.60726562482526E-07	1E10	13.3242265524634	5.40818537729639E-07	1E10	2.00665278799884	2.21864737874788E-07	1E10	0.86171037650769	1.2325481324114E-07	1E10	0.12341447618021	1E-30	3.95347182288428E-11	0.17423386662604	1E-30	8.62883096665306E-12	9.71523128610952E-02	1.81639067098074E-10	1.96832691961144E-13	3.19491728221587E-02	1E10	1E-30	1E-10	1E10	1E-30	1E-10	1E10	1E-30	1E-10	1E10	1E-30	1E-10	1E10	1E-30	1E-10
818	4.70724100315154E-09	1E10	2E9	1E-30	1.06956875344505E-10	1E10	1E-30	1E10	0.100915085076668	2.58912052863113E-07	1E10	9218.11259253464	4.25812352094095E-07	1E10	1010.74594673071	3.57782859723584E-07	1E10	149.500280811642	3.60726562482526E-07	1E10	13.3242265524634	5.40818537729639E-07	1E10	2.00665278799884	2.21864737874788E-07	1E10	0.86171037650769	1.2325481324114E-07	1E10	0.12341447618021	1E-30	3.95347182288428E-11	0.17423386662604	1E-30	8.62883096665306E-12	9.71523128610952E-02	1.81639067098074E-10	1.96832691961144E-13	3.19491728221587E-02	1E10	1E-30	1E-10	1E10	1E-30	1E-10	1E10	1E-30	1E-10	1E10	1E-30	1E-10	1E10	1E-30	1E-10
819	3.79560690538089E-09	1E10	2E9	1E-30	1.06904260011824E-10	1E10	1E-30	1E10	8.68715639204204E-02	3.84106446862829E-07	1E10	4819.55821813866	4.18011129569308E-07	1E10	619.84934486613	4.9762583291044E-07	1E10	140.634776250423	4.4566278902667E-07	1E10	36.5742774362713	3.42918289464293E-07	1E10	9.1111142663066	2.58487488904515E-07	1E10	2.13093024013441	1.79533886628804E-07	1E10	0.514054609151102	1.11966291382684E-07	1E10	0.11036414442084	1E-30	2.15327782758736E-11	0.161119576148422	1E-30	8.22818894235583E-12	5.25020078464416E-02	1.06904281718967E-08	4.39671166784608E-12	3.00941772659346E-02	1E10	1E-30	1E-10	1E10	1E-30	1E-10	1E10	1E-30	1E-10	1E10	1E-30	1E-10
820	3.79560690538089E-09	1E10	2E9	1E-30	1.06904260011824E-10	1E10	1E-30	1E10	8.68715639204204E-02	3.84106446862829E-07	1E10	4819.55821813866	4.18011129569308E-07	1E10	619.84934486613	4.9762583291044E-07	1E10	140.634776250423	4.4566278902667E-07	1E10	36.5742774362713	3.42918289464293E-07	1E10	9.1111142663066	2.58487488904515E-07	1E10	2.13093024013441	1.79533886628804E-07	1E10	0.514054609151102	1.11966291382684E-07	1E10	0.11036414442084	1E-30	2.15327782758736E-11	0.161119576148422	1E-30	8.22818894235583E-12	5.25020078464416E-02	1.06904281718967E-08	4.39671166784608E-12	3.00941772659346E-02	1E10	1E-30	1E-10	1E10	1E-30	1E-10	1E10	1E-30	1E-10	1E10	1E-30	1E-10
821	6.6026611575418E-09	1E10	2E9	1E-30	8.64139791838389E-11	1E10	1E-30	1E10	9.06665561337338E-02	3.49163363039346E-07	1E10	9387.93720587553	4.91235888532326E-07	1E10	836.700784187726	5.49266965037875E-07	1E10	89.6541042964593	5.23901878456349E-07	1E10	11.5496859667363	3.5317432523481E-07	1E10	2.05244556714668	2.6390647296865E-07	1E10	0.263026534616571	3.46464069509545E-07	1E10	0.044777772714251	2.62478743018514E-09	2.14638267581313E-11	6.79086370634787E-02	3.06026600249669E-10	1.46933021755843E-11	0.171071338765935	2.26767557968606E-11	1.60328429766908E-11	4.0897346748642	1E10	1E-30	1E-10	1E10	1E-30	1E-10	1E10	1E-30	1E-10	1E10	1E-30	1E-10	1E10	1E-30	1E-10
822	6.6026611575418E-09	1E10	2E9	1E-30	8.64139791838389E-11	1E10	1E-30	1E10	9.06665561337338E-02	3.49163363039346E-07	1E10	9387.93720587553	4.91235888532326E-07	1E10	836.700784187726	5.49266965037875E-07	1E10	89.6541042964593	5.23901878456349E-07	1E10	11.5496859667363	3.5317432523481E-07	1E10	2.05244556714668	2.6390647296865E-07	1E10	0.263026534616571	3.46464069509545E-07	1E10	0.044777772714251	2.62478743018514E-09	2.14638267581313E-11	6.79086370634787E-02	3.06026600249669E-10	1.46933021755843E-11	0.171071338765935	2.26767557968606E-11	1.60328429766908E-11	4.0897346748642	1E10	1E-30	1E-10	1E10	1E-30	1E-10	1E10	1E-30	1E-10	1E10	1E-30	1E-10	1E10	1E-30	1E-10
823	6.6026611575418E-09	1E10	2E9	1E-30	8.64139791838389E-11	1E10	1E-30	1E10	9.06665561337338E-02	3.49163363039346E-07	1E10	9387.93720587553	4.91235888532326E-07	1E10	836.700784187726	5.49266965037875E-07	1E10	89.6541042964593	5.23901878456349E-07	1E10	11.5496859667363	3.5317432523481E-07	1E10	2.05244556714668	2.6390647296865E-07	1E10	0.263026534616571	3.46464069509545E-07	1E10	0.044777772714251	2.62478743018514E-09	2.14638267581313E-11	6.79086370634787E-02	3.06026600249669E-10	1.46933021755843E-11	0.171071338765935	2.26767557968606E-11	1.60328429766908E-11	4.0897346748642	1E10	1E-30	1E-10	1E10	1E-30	1E-10	1E10	1E-30	1E-10	1E10	1E-30	1E-10	1E10	1E-30	1E-10
824	8.59534914805737E-09	1E10	2E9	1E-30	1.00821354517209E-10	1E10	1E-30	1E10	6.10615732234347E-02	6.0216781403667E-07	1E10	1932.11317099244	9.08832276860041E-07	1E10	248.474376794002	9.71733461302447E-07	1E10	51.1583543348919	7.97115039883131E-07	1E10	11.9936092294071	6.08470287084004E-07	1E10	2.56789687361172	4.21889291002265E-07	1E10	0.551622964932267	2.40325620677123E-07	1E10	0.113535981370637	1E-30	2.80419931021933E-12	0.223072888613159	1E-30	2.78798354617722E-11	0.142465149601901	1E-30	1.39520200630743E-11	3.52618864193212E-02	1.0053741204424E-07	1.23640689659632E-12	8.5241365597839E-03	1E10	1E-30	1E-10	1E10	1E-30	1E-10	1E10	1E-30	1E-10	1E10	1E-30	1E-10
825	8.59534914805737E-09	1E10	2E9	1E-30	1.00821354517209E-10	1E10	1E-30	1E10	6.10615732234347E-02	6.0216781403667E-07	1E10	1932.11317099244	9.08832276860041E-07	1E10	248.474376794002	9.71733461302447E-07	1E10	51.1583543348919	7.97115039883131E-07	1E10	11.9936092294071	6.08470287084004E-07	1E10	2.56789687361172	4.21889291002265E-07	1E10	0.551622964932267	2.40325620677123E-07	1E10	0.113535981370637	1E-30	2.80419931021933E-12	0.223072888613159	1E-30	2.78798354617722E-11	0.142465149601901	1E-30	1.39520200630743E-11	3.52618864193212E-02	1.0053741204424E-07	1.23640689659632E-12	8.5241365597839E-03	1E10	1E-30	1E-10	1E10	1E-30	1E-10	1E10	1E-30	1E-10	1E10	1E-30	1E-10
826	9.1884278137287E-09	1E10	2E9	1E-30	1.01378095880608E-10	1E10	1E-30	1E10	6.67979125651287E-02	3.82114641440535E-07	1E10	8977.8841248141	8.3495557907865E-07	1E10	729.749818723412	8.46691693107366E-07	1E10	152.466347275026	6.90890184531719E-07	1E10	29.0518635543905	6.43644608701696E-07	1E10	4.71166056596044	8.294399663209E-07	1E10	0.793974117614431	4.2109193379313E-07	1E10	0.30130120865939	2.78603963861777E-07	1E10	0.065977498755925	1E-30	4.29323478688336E-11	0.143528638926819	1E-30	6.32421956495322E-12	6.36863126274259E-02	3.66579147141116E-10	8.72971499388112E-13	5.59649216798487E-02	1E10	1E-30	1E-10	1E10	1E-30	1E-10	1E10	1E-30	1E-10	1E10	1E-30	1E-10
827	9.1884278137287E-09	1E10	2E9	1E-30	1.01378095880608E-10	1E10	1E-30	1E10	6.67979125651287E-02	3.82114641440535E-07	1E10	8977.8841248141	8.3495557907865E-07	1E10	729.749818723412	8.46691693107366E-07	1E10	152.466347275026	6.90890184531719E-07	1E10	29.0518635543905	6.43644608701696E-07	1E10	4.71166056596044	8.294399663209E-07	1E10	0.793974117614431	4.2109193379313E-07	1E10	0.30130120865939	2.78603963861777E-07	1E10	0.065977498755925	1E-30	4.29323478688336E-11	0.143528638926819	1E-30	6.32421956495322E-12	6.36863126274259E-02	3.66579147141116E-10	8.72971499388112E-13	5.59649216798487E-02	1E10	1E-30	1E-10	1E10	1E-30	1E-10	1E10	1E-30	1E-10	1E10	1E-30	1E-10
828	9.1884278137287E-09	1E10	2E9	1E-30	1.01378095880608E-10	1E10	1E-30	1E10	6.67979125651287E-02	3.82114641440535E-07	1E10	8977.8841248141	8.3495557907865E-07	1E10	729.749818723412	8.46691693107366E-07	1E10	152.466347275026	6.90890184531719E-07	1E10	29.0518635543905	6.43644608701696E-07	1E10	4.71166056596044	8.294399663209E-07	1E10	0.793974117614431	4.2109193379313E-07	1E10	0.30130120865939	2.78603963861777E-07	1E10	0.065977498755925	1E-30	4.29323478688336E-11	0.143528638926819	1E-30	6.32421956495322E-12	6.36863126274259E-02	3.66579147141116E-10	8.72971499388112E-13	5.59649216798487E-02	1E10	1E-30	1E-10	1E10	1E-30	1E-10	1E10	1E-30	1E-10	1E10	1E-30	1E-10
829	8.59534914805737E-09	1E10	2E9	1E-30	1.00821354517209E-10	1E10	1E-30	1E10	6.10615732234347E-02	6.0216781403667E-07	1E10	1932.11317099244	9.08832276860041E-07	1E10	248.474376794002	9.71733461302447E-07	1E10	51.1583543348919	7.97115039883131E-07	1E10	11.9936092294071	6.08470287084004E-07	1E10	2.56789687361172	4.21889291002265E-07	1E10	0.551622964932267	2.40325620677123E-07	1E10	0.113535981370637	1E-30	2.80419931021933E-12	0.223072888613159	1E-30	2.78798354617722E-11	0.142465149601901	1E-30	1.39520200630743E-11	3.52618864193212E-02	1.0053741204424E-07	1.23640689659632E-12	8.5241365597839E-03	1E10	1E-30	1E-10	1E10	1E-30	1E-10	1E10	1E-30	1E-10	1E10	1E-30	1E-10
830	8.59534914805737E-09	1E10	2E9	1E-30	1.00821354517209E-10	1E10	1E-30	1E10	6.10615732234347E-02	6.0216781403667E-07	1E10	1932.11317099244	9.08832276860041E-07	1E10	248.474376794002	9.71733461302447E-07	1E10	51.1583543348919	7.97115039883131E-07	1E10	11.9936092294071	6.08470287084004E-07	1E10	2.56789687361172	4.21889291002265E-07	1E10	0.551622964932267	2.40325620677123E-07	1E10	0.113535981370637	1E-30	2.80419931021933E-12	0.223072888613159	1E-30	2.78798354617722E-11	0.142465149601901	1E-30	1.39520200630743E-11	3.52618864193212E-02	1.0053741204424E-07	1.23640689659632E-12	8.5241365597839E-03	1E10	1E-30	1E-10	1E10	1E-30	1E-10	1E10	1E-30	1E-10	1E10	1E-30	1E-10
831	1.78106581483634E-08	1E10	2E9	1E-30	9.9825736769825E-11	1E10	1E-30	1E10	5.02224981664848E-02	5.4589049153151E-07	1E10	9718.36815630559	7.06052658134717E-07	1E10	1168.40483968446	1.00131320795496E-06	1E10	165.041570337323	1.21978005964886E-06	1E10	25.5619126949859	1.27351315192622E-06	1E10	4.98417574278049	7.90981122492764E-07	1E10	1.47629505105334	6.43107994357371E-07	1E10	0.269041004263836	5.48927882125496E-07	1E10	5.14385116633888E-02	1E-30	1.22821730258425E-11	0.257156167075142	1E-30	3.74371750377492E-11	8.32234003413813E-02	1E10	1E-30	1E-10	1E10	1E-30	1E-10	1E10	1E-30	1E-10	1E10	1E-30	1E-10	1E10	1E-30	1E-10
832	1.78106581483634E-08	1E10	2E9	1E-30	9.9825736769825E-11	1E10	1E-30	1E10	5.02224981664848E-02	5.4589049153151E-07	1E10	9718.36815630559	7.06052658134717E-07	1E10	1168.40483968446	1.00131320795496E-06	1E10	165.041570337323	1.21978005964886E-06	1E10	25.5619126949859	1.27351315192622E-06	1E10	4.98417574278049	7.90981122492764E-07	1E10	1.47629505105334	6.43107994357371E-07	1E10	0.269041004263836	5.48927882125496E-07	1E10	5.14385116633888E-02	1E-30	1.22821730258425E-11	0.257156167075142	1E-30	3.74371750377492E-11	8.32234003413813E-02	1E10	1E-30	1E-10	1E10	1E-30	1E-10	1E10	1E-30	1E-10	1E10	1E-30	1E-10	1E10	1E-30	1E-10
833	1.78106581483634E-08	1E10	2E9	1E-30	9.9825736769825E-11	1E10	1E-30	1E10	5.02224981664848E-02	5.4589049153151E-07	1E10	9718.36815630559	7.06052658134717E-07	1E10	1168.40483968446	1.00131320795496E-06	1E10	165.041570337323	1.21978005964886E-06	1E10	25.5619126949859	1.27351315192622E-06	1E10	4.98417574278049	7.90981122492764E-07	1E10	1.47629505105334	6.43107994357371E-07	1E10	0.269041004263836	5.48927882125496E-07	1E10	5.14385116633888E-02	1E-30	1.22821730258425E-11	0.257156167075142	1E-30	3.74371750377492E-11	8.32234003413813E-02	1E10	1E-30	1E-10	1E10	1E-30	1E-10	1E10	1E-30	1E-10	1E10	1E-30	1E-10	1E10	1E-30	1E-10
834	1.78106581483634E-08	1E10	2E9	1E-30	9.9825736769825E-11	1E10	1E-30	1E10	5.02224981664848E-02	5.4589049153151E-07	1E10	9718.36815630559	7.06052658134717E-07	1E10	1168.40483968446	1.00131320795496E-06	1E10	165.041570337323	1.21978005964886E-06	1E10	25.5619126949859	1.27351315192622E-06	1E10	4.98417574278049	7.90981122492764E-07	1E10	1.47629505105334	6.43107994357371E-07	1E10	0.269041004263836	5.48927882125496E-07	1E10	5.14385116633888E-02	1E-30	1.22821730258425E-11	0.257156167075142	1E-30	3.74371750377492E-11	8.32234003413813E-02	1E10	1E-30	1E-10	1E10	1E-30	1E-10	1E10	1E-30	1E-10	1E10	1E-30	1E-10	1E10	1E-30	1E-10
835	1.78106581483634E-08	1E10	2E9	1E-30	9.9825736769825E-11	1E10	1E-30	1E10	5.02224981664848E-02	5.4589049153151E-07	1E10	9718.36815630559	7.06052658134717E-07	1E10	1168.40483968446	1.00131320795496E-06	1E10	165.041570337323	1.21978005964886E-06	1E10	25.5619126949859	1.27351315192622E-06	1E10	4.98417574278049	7.90981122492764E-07	1E10	1.47629505105334	6.43107994357371E-07	1E10	0.269041004263836	5.48927882125496E-07	1E10	5.14385116633888E-02	1E-30	1.22821730258425E-11	0.257156167075142	1E-30	3.74371750377492E-11	8.32234003413813E-02	1E10	1E-30	1E-10	1E10	1E-30	1E-10	1E10	1E-30	1E-10	1E10	1E-30	1E-10	1E10	1E-30	1E-10
836	1.78106581483634E-08	1E10	2E9	1E-30	9.9825736769825E-11	1E10	1E-30	1E10	5.02224981664848E-02	5.4589049153151E-07	1E10	9718.36815630559	7.06052658134717E-07	1E10	1168.40483968446	1.00131320795496E-06	1E10	165.041570337323	1.21978005964886E-06	1E10	25.5619126949859	1.27351315192622E-06	1E10	4.98417574278049	7.90981122492764E-07	1E10	1.47629505105334	6.43107994357371E-07	1E10	0.269041004263836	5.48927882125496E-07	1E10	5.14385116633888E-02	1E-30	1.22821730258425E-11	0.257156167075142	1E-30	3.74371750377492E-11	8.32234003413813E-02	1E10	1E-30	1E-10	1E10	1E-30	1E-10	1E10	1E-30	1E-10	1E10	1E-30	1E-10	1E10	1E-30	1E-10
837	3.83854526748643E-08	1E10	1063829787	1E-30	9.90182171617841E-11	1E10	1E-30	1E10	5.18051762001275E-02	1.15818415602812E-06	1E10	4580.58827874436	1.49799092429505E-06	1E10	525.921902082651	1.93750144284189E-06	1E10	64.7025292018533	2.37664275891544E-06	1E10	7.09449125051498	2.16115453589776E-06	1E10	1.29098518199631	1.73031656563229E-06	1E10	0.296636109689413	1.41343178665285E-06	1E10	6.05071823878585E-02	1E-30	6.89847576141564E-12	0.583918099004055	1E-30	1.08813704614672E-11	0.174432083098922	1E-30	4.32849249052418E-11	9.08171713605877E-02	1E10	1E-30	1E-10	1E10	1E-30	1E-10	1E10	1E-30	1E-10	1E10	1E-30	1E-10	1E10	1E-30	1E-10
838	3.83854526748643E-08	1E10	1063829787	1E-30	9.90182171617841E-11	1E10	1E-30	1E10	5.18051762001275E-02	1.15818415602812E-06	1E10	4580.58827874436	1.49799092429505E-06	1E10	525.921902082651	1.93750144284189E-06	1E10	64.7025292018533	2.37664275891544E-06	1E10	7.09449125051498	2.16115453589776E-06	1E10	1.29098518199631	1.73031656563229E-06	1E10	0.296636109689413	1.41343178665285E-06	1E10	6.05071823878585E-02	1E-30	6.89847576141564E-12	0.583918099004055	1E-30	1.08813704614672E-11	0.174432083098922	1E-30	4.32849249052418E-11	9.08171713605877E-02	1E10	1E-30	1E-10	1E10	1E-30	1E-10	1E10	1E-30	1E-10	1E10	1E-30	1E-10	1E10	1E-30	1E-10
839	3.83854526748643E-08	1E10	1063829787	1E-30	9.90182171617841E-11	1E10	1E-30	1E10	5.18051762001275E-02	1.15818415602812E-06	1E10	4580.58827874436	1.49799092429505E-06	1E10	525.921902082651	1.93750144284189E-06	1E10	64.7025292018533	2.37664275891544E-06	1E10	7.09449125051498	2.16115453589776E-06	1E10	1.29098518199631	1.73031656563229E-06	1E10	0.296636109689413	1.41343178665285E-06	1E10	6.05071823878585E-02	1E-30	6.89847576141564E-12	0.583918099004055	1E-30	1.08813704614672E-11	0.174432083098922	1E-30	4.32849249052418E-11	9.08171713605877E-02	1E10	1E-30	1E-10	1E10	1E-30	1E-10	1E10	1E-30	1E-10	1E10	1E-30	1E-10	1E10	1E-30	1E-10
840	3.83854526748643E-08	1E10	1063829787	1E-30	9.90182171617841E-11	1E10	1E-30	1E10	5.18051762001275E-02	1.15818415602812E-06	1E10	4580.58827874436	1.49799092429505E-06	1E10	525.921902082651	1.93750144284189E-06	1E10	64.7025292018533	2.37664275891544E-06	1E10	7.09449125051498	2.16115453589776E-06	1E10	1.29098518199631	1.73031656563229E-06	1E10	0.296636109689413	1.41343178665285E-06	1E10	6.05071823878585E-02	1E-30	6.89847576141564E-12	0.583918099004055	1E-30	1.08813704614672E-11	0.174432083098922	1E-30	4.32849249052418E-11	9.08171713605877E-02	1E10	1E-30	1E-10	1E10	1E-30	1E-10	1E10	1E-30	1E-10	1E10	1E-30	1E-10	1E10	1E-30	1E-10
841	3.83854526748643E-08	1E10	1063829787	1E-30	9.90182171617841E-11	1E10	1E-30	1E10	5.18051762001275E-02	1.15818415602812E-06	1E10	4580.58827874436	1.49799092429505E-06	1E10	525.921902082651	1.93750144284189E-06	1E10	64.7025292018533	2.37664275891544E-06	1E10	7.09449125051498	2.16115453589776E-06	1E10	1.29098518199631	1.73031656563229E-06	1E10	0.296636109689413	1.41343178665285E-06	1E10	6.05071823878585E-02	1E-30	6.89847576141564E-12	0.583918099004055	1E-30	1.08813704614672E-11	0.174432083098922	1E-30	4.32849249052418E-11	9.08171713605877E-02	1E10	1E-30	1E-10	1E10	1E-30	1E-10	1E10	1E-30	1E-10	1E10	1E-30	1E-10	1E10	1E-30	1E-10
842	3.83854526748643E-08	1E10	1063829787	1E-30	9.90182171617841E-11	1E10	1E-30	1E10	5.18051762001275E-02	1.15818415602812E-06	1E10	4580.58827874436	1.49799092429505E-06	1E10	525.921902082651	1.93750144284189E-06	1E10	64.7025292018533	2.37664275891544E-06	1E10	7.09449125051498	2.16115453589776E-06	1E10	1.29098518199631	1.73031656563229E-06	1E10	0.296636109689413	1.41343178665285E-06	1E10	6.05071823878585E-02	1E-30	6.89847576141564E-12	0.583918099004055	1E-30	1.08813704614672E-11	0.174432083098922	1E-30	4.32849249052418E-11	9.08171713605877E-02	1E10	1E-30	1E-10	1E10	1E-30	1E-10	1E10	1E-30	1E-10	1E10	1E-30	1E-10	1E10	1E-30	1E-10
843	8.39472629755313E-08	1E10	5E8	1E-30	8.01996116712491E-11	1E10	1E-30	1E10	2.95963703724692E-02	2.1536116950156E-06	1E10	590.641479594693	3.69016438702966E-06	1E10	39.0232955689726	4.26330673578862E-06	1E10	3.99322648914302	3.79697417257504E-06	1E10	0.618477554946627	3.11386267923061E-06	1E10	0.10183949262163	3.27872935933476E-06	1E10	1.55738796431787E-02	1E-30	2.25611600151735E-11	0.120808774556371	1E-30	3.94995977400938E-12	9.94293054127755E-02	1E-30	3.695192155377E-11	0.029304636719168	1E10	1E-30	1E-10	1E10	1E-30	1E-10	1E10	1E-30	1E-10	1E10	1E-30	1E-10	1E10	1E-30	1E-10	1E10	1E-30	1E-10
844	8.39472629755313E-08	1E10	5E8	1E-30	8.01996116712491E-11	1E10	1E-30	1E10	2.95963703724692E-02	2.1536116950156E-06	1E10	590.641479594693	3.69016438702966E-06	1E10	39.0232955689726	4.26330673578862E-06	1E10	3.99322648914302	3.79697417257504E-06	1E10	0.618477554946627	3.11386267923061E-06	1E10	0.10183949262163	3.27872935933476E-06	1E10	1.55738796431787E-02	1E-30	2.25611600151735E-11	0.120808774556371	1E-30	3.94995977400938E-12	9.94293054127755E-02	1E-30	3.695192155377E-11	0.029304636719168	1E10	1E-30	1E-10	1E10	1E-30	1E-10	1E10	1E-30	1E-10	1E10	1E-30	1E-10	1E10	1E-30	1E-10	1E10	1E-30	1E-10
845	8.39472629755313E-08	1E10	5E8	1E-30	8.01996116712491E-11	1E10	1E-30	1E10	2.95963703724692E-02	2.1536116950156E-06	1E10	590.641479594693	3.69016438702966E-06	1E10	39.0232955689726	4.26330673578862E-06	1E10	3.99322648914302	3.79697417257504E-06	1E10	0.618477554946627	3.11386267923061E-06	1E10	0.10183949262163	3.27872935933476E-06	1E10	1.55738796431787E-02	1E-30	2.25611600151735E-11	0.120808774556371	1E-30	3.94995977400938E-12	9.94293054127755E-02	1E-30	3.695192155377E-11	0.029304636719168	1E10	1E-30	1E-10	1E10	1E-30	1E-10	1E10	1E-30	1E-10	1E10	1E-30	1E-10	1E10	1E-30	1E-10	1E10	1E-30	1E-10
END DSCRDATA
