BEGIN DSCRDATA
% INDEX	K01	L01	M01	K02	L02	M02	K03	L03	M03	K04	L04	M04	K05	L05	M05	K06	L06	M06	K07	L07	M07	K08	L08	M08	K09	L09	M09	K10	L10	M10	K11	L11	M11	K12	L12	M12	K13	L13	M13	K14	L14	M14	K15	L15	M15	K16	L16	M16	K17	L17	M17	K18	L18	M18	T01	T02	T03
0	0	0	0	0	0	0	0	0	0	0	0	0	0	0	0	0	0	0	0	0	0	0	0	0	0	0	0	0	0	0	0	0	0	0	0	0	0	0	0	0	0	0	0	0	0	0	0	0	0	0	0	0	0	0	0	0	0
1	1E-13	1E10	1E10	1E-30	2.89585154644558E-10	1E10	1E-30	1E10	0.95303987128677	3.64273972690208E-11	9.27151825626082E-13	0.87382000924478	1E10	1E-30	1E-10	1E10	1E-30	1E-10	1E10	1E-30	1E-10	1E10	1E-30	1E-10	1E10	1E-30	1E-10	1E10	1E-30	1E-10	1E10	1E-30	1E-10	1E10	1E-30	1E-10	1E10	1E-30	1E-10	1E10	1E-30	1E-10	1E10	1E-30	1E-10	1E10	1E-30	1E-10	1E10	1E-30	1E-10	1E10	1E-30	1E-10	1	-0.05	0.05
2	1E-13	1E10	1E10	1E-30	2.89585154644558E-10	1E10	1E-30	1E10	0.95303987128677	3.64273972690208E-11	9.27151825626082E-13	0.87382000924478	1E10	1E-30	1E-10	1E10	1E-30	1E-10	1E10	1E-30	1E-10	1E10	1E-30	1E-10	1E10	1E-30	1E-10	1E10	1E-30	1E-10	1E10	1E-30	1E-10	1E10	1E-30	1E-10	1E10	1E-30	1E-10	1E10	1E-30	1E-10	1E10	1E-30	1E-10	1E10	1E-30	1E-10	1E10	1E-30	1E-10	1E10	1E-30	1E-10	1	-0.05	0.05
3	1E-13	1E10	1E10	1E-30	2.89585154644558E-10	1E10	1E-30	1E10	0.95303987128677	3.64273972690208E-11	9.27151825626082E-13	0.87382000924478	1E10	1E-30	1E-10	1E10	1E-30	1E-10	1E10	1E-30	1E-10	1E10	1E-30	1E-10	1E10	1E-30	1E-10	1E10	1E-30	1E-10	1E10	1E-30	1E-10	1E10	1E-30	1E-10	1E10	1E-30	1E-10	1E10	1E-30	1E-10	1E10	1E-30	1E-10	1E10	1E-30	1E-10	1E10	1E-30	1E-10	1E10	1E-30	1E-10	1	-0.05	0.05
4	1E-13	1E10	1E10	1E-30	2.89585154644558E-10	1E10	1E-30	1E10	0.95303987128677	3.64273972690208E-11	9.27151825626082E-13	0.87382000924478	1E10	1E-30	1E-10	1E10	1E-30	1E-10	1E10	1E-30	1E-10	1E10	1E-30	1E-10	1E10	1E-30	1E-10	1E10	1E-30	1E-10	1E10	1E-30	1E-10	1E10	1E-30	1E-10	1E10	1E-30	1E-10	1E10	1E-30	1E-10	1E10	1E-30	1E-10	1E10	1E-30	1E-10	1E10	1E-30	1E-10	1E10	1E-30	1E-10	1	-0.05	0.05
5	2E-13	1E10	1E10	1E-30	3.18958299067254E-10	1E10	1E-30	1E10	0.927214525042036	3.28114348950444E-11	1.70825923296532E-12	1.11384537052165	7.76601653766372E-13	5.59902522175324E-11	1E8	1E10	1E-30	1E-10	1E10	1E-30	1E-10	1E10	1E-30	1E-10	1E10	1E-30	1E-10	1E10	1E-30	1E-10	1E10	1E-30	1E-10	1E10	1E-30	1E-10	1E10	1E-30	1E-10	1E10	1E-30	1E-10	1E10	1E-30	1E-10	1E10	1E-30	1E-10	1E10	1E-30	1E-10	1E10	1E-30	1E-10	1	-0.05	0.05
6	2E-13	1E10	1E10	1E-30	3.18958299067254E-10	1E10	1E-30	1E10	0.927214525042036	3.28114348950444E-11	1.70825923296532E-12	1.11384537052165	7.76601653766372E-13	5.59902522175324E-11	1E8	1E10	1E-30	1E-10	1E10	1E-30	1E-10	1E10	1E-30	1E-10	1E10	1E-30	1E-10	1E10	1E-30	1E-10	1E10	1E-30	1E-10	1E10	1E-30	1E-10	1E10	1E-30	1E-10	1E10	1E-30	1E-10	1E10	1E-30	1E-10	1E10	1E-30	1E-10	1E10	1E-30	1E-10	1E10	1E-30	1E-10	1	-0.1	0.1
7	2E-13	1E10	1E10	1E-30	3.18958299067254E-10	1E10	1E-30	1E10	0.927214525042036	3.28114348950444E-11	1.70825923296532E-12	1.11384537052165	7.76601653766372E-13	5.59902522175324E-11	1E8	1E10	1E-30	1E-10	1E10	1E-30	1E-10	1E10	1E-30	1E-10	1E10	1E-30	1E-10	1E10	1E-30	1E-10	1E10	1E-30	1E-10	1E10	1E-30	1E-10	1E10	1E-30	1E-10	1E10	1E-30	1E-10	1E10	1E-30	1E-10	1E10	1E-30	1E-10	1E10	1E-30	1E-10	1E10	1E-30	1E-10	1	-0.05	0.05
8	2E-13	1E10	1E10	1E-30	3.18958299067254E-10	1E10	1E-30	1E10	0.927214525042036	3.28114348950444E-11	1.70825923296532E-12	1.11384537052165	7.76601653766372E-13	5.59902522175324E-11	1E8	1E10	1E-30	1E-10	1E10	1E-30	1E-10	1E10	1E-30	1E-10	1E10	1E-30	1E-10	1E10	1E-30	1E-10	1E10	1E-30	1E-10	1E10	1E-30	1E-10	1E10	1E-30	1E-10	1E10	1E-30	1E-10	1E10	1E-30	1E-10	1E10	1E-30	1E-10	1E10	1E-30	1E-10	1E10	1E-30	1E-10	1	-0.1	0.1
9	2E-13	1E10	1E10	1E-30	3.18958299067254E-10	1E10	1E-30	1E10	0.927214525042036	3.28114348950444E-11	1.70825923296532E-12	1.11384537052165	7.76601653766372E-13	5.59902522175324E-11	1E8	1E10	1E-30	1E-10	1E10	1E-30	1E-10	1E10	1E-30	1E-10	1E10	1E-30	1E-10	1E10	1E-30	1E-10	1E10	1E-30	1E-10	1E10	1E-30	1E-10	1E10	1E-30	1E-10	1E10	1E-30	1E-10	1E10	1E-30	1E-10	1E10	1E-30	1E-10	1E10	1E-30	1E-10	1E10	1E-30	1E-10	1	-0.05	0.05
10	2E-13	1E10	1E10	1E-30	3.18958299067254E-10	1E10	1E-30	1E10	0.927214525042036	3.28114348950444E-11	1.70825923296532E-12	1.11384537052165	7.76601653766372E-13	5.59902522175324E-11	1E8	1E10	1E-30	1E-10	1E10	1E-30	1E-10	1E10	1E-30	1E-10	1E10	1E-30	1E-10	1E10	1E-30	1E-10	1E10	1E-30	1E-10	1E10	1E-30	1E-10	1E10	1E-30	1E-10	1E10	1E-30	1E-10	1E10	1E-30	1E-10	1E10	1E-30	1E-10	1E10	1E-30	1E-10	1E10	1E-30	1E-10	1	-0.1	0.1
11	2E-13	1E10	1E10	1E-30	3.18958299067254E-10	1E10	1E-30	1E10	0.927214525042036	3.28114348950444E-11	1.70825923296532E-12	1.11384537052165	7.76601653766372E-13	5.59902522175324E-11	1E8	1E10	1E-30	1E-10	1E10	1E-30	1E-10	1E10	1E-30	1E-10	1E10	1E-30	1E-10	1E10	1E-30	1E-10	1E10	1E-30	1E-10	1E10	1E-30	1E-10	1E10	1E-30	1E-10	1E10	1E-30	1E-10	1E10	1E-30	1E-10	1E10	1E-30	1E-10	1E10	1E-30	1E-10	1E10	1E-30	1E-10	1	-0.05	0.05
12	2E-13	1E10	1E10	1E-30	3.18958299067254E-10	1E10	1E-30	1E10	0.927214525042036	3.28114348950444E-11	1.70825923296532E-12	1.11384537052165	7.76601653766372E-13	5.59902522175324E-11	1E8	1E10	1E-30	1E-10	1E10	1E-30	1E-10	1E10	1E-30	1E-10	1E10	1E-30	1E-10	1E10	1E-30	1E-10	1E10	1E-30	1E-10	1E10	1E-30	1E-10	1E10	1E-30	1E-10	1E10	1E-30	1E-10	1E10	1E-30	1E-10	1E10	1E-30	1E-10	1E10	1E-30	1E-10	1E10	1E-30	1E-10	1	-0.1	0.1
13	3E-13	1E10	1E10	1E-30	4.01475154617548E-10	1E10	1E-30	1E10	0.902382723411226	3.32363148472871E-12	1.63135990058703E-11	1E8	5.88941801889076E-12	8.28908549684226E-12	10.2985894755149	1E10	1E-30	1E-10	1E10	1E-30	1E-10	1E10	1E-30	1E-10	1E10	1E-30	1E-10	1E10	1E-30	1E-10	1E10	1E-30	1E-10	1E10	1E-30	1E-10	1E10	1E-30	1E-10	1E10	1E-30	1E-10	1E10	1E-30	1E-10	1E10	1E-30	1E-10	1E10	1E-30	1E-10	1E10	1E-30	1E-10	1	-0.05	0.05
14	3E-13	1E10	1E10	1E-30	4.01475154617548E-10	1E10	1E-30	1E10	0.902382723411226	3.32363148472871E-12	1.63135990058703E-11	1E8	5.88941801889076E-12	8.28908549684226E-12	10.2985894755149	1E10	1E-30	1E-10	1E10	1E-30	1E-10	1E10	1E-30	1E-10	1E10	1E-30	1E-10	1E10	1E-30	1E-10	1E10	1E-30	1E-10	1E10	1E-30	1E-10	1E10	1E-30	1E-10	1E10	1E-30	1E-10	1E10	1E-30	1E-10	1E10	1E-30	1E-10	1E10	1E-30	1E-10	1E10	1E-30	1E-10	1	-0.1	0.1
15	3E-13	1E10	1E10	1E-30	4.01475154617548E-10	1E10	1E-30	1E10	0.902382723411226	3.32363148472871E-12	1.63135990058703E-11	1E8	5.88941801889076E-12	8.28908549684226E-12	10.2985894755149	1E10	1E-30	1E-10	1E10	1E-30	1E-10	1E10	1E-30	1E-10	1E10	1E-30	1E-10	1E10	1E-30	1E-10	1E10	1E-30	1E-10	1E10	1E-30	1E-10	1E10	1E-30	1E-10	1E10	1E-30	1E-10	1E10	1E-30	1E-10	1E10	1E-30	1E-10	1E10	1E-30	1E-10	1E10	1E-30	1E-10	1	-0.05	0.05
16	3E-13	1E10	1E10	1E-30	4.01475154617548E-10	1E10	1E-30	1E10	0.902382723411226	3.32363148472871E-12	1.63135990058703E-11	1E8	5.88941801889076E-12	8.28908549684226E-12	10.2985894755149	1E10	1E-30	1E-10	1E10	1E-30	1E-10	1E10	1E-30	1E-10	1E10	1E-30	1E-10	1E10	1E-30	1E-10	1E10	1E-30	1E-10	1E10	1E-30	1E-10	1E10	1E-30	1E-10	1E10	1E-30	1E-10	1E10	1E-30	1E-10	1E10	1E-30	1E-10	1E10	1E-30	1E-10	1E10	1E-30	1E-10	1	-0.1	0.1
17	3E-13	1E10	1E10	1E-30	4.01475154617548E-10	1E10	1E-30	1E10	0.902382723411226	3.32363148472871E-12	1.63135990058703E-11	1E8	5.88941801889076E-12	8.28908549684226E-12	10.2985894755149	1E10	1E-30	1E-10	1E10	1E-30	1E-10	1E10	1E-30	1E-10	1E10	1E-30	1E-10	1E10	1E-30	1E-10	1E10	1E-30	1E-10	1E10	1E-30	1E-10	1E10	1E-30	1E-10	1E10	1E-30	1E-10	1E10	1E-30	1E-10	1E10	1E-30	1E-10	1E10	1E-30	1E-10	1E10	1E-30	1E-10	1	-0.05	0.05
18	3E-13	1E10	1E10	1E-30	4.01475154617548E-10	1E10	1E-30	1E10	0.902382723411226	3.32363148472871E-12	1.63135990058703E-11	1E8	5.88941801889076E-12	8.28908549684226E-12	10.2985894755149	1E10	1E-30	1E-10	1E10	1E-30	1E-10	1E10	1E-30	1E-10	1E10	1E-30	1E-10	1E10	1E-30	1E-10	1E10	1E-30	1E-10	1E10	1E-30	1E-10	1E10	1E-30	1E-10	1E10	1E-30	1E-10	1E10	1E-30	1E-10	1E10	1E-30	1E-10	1E10	1E-30	1E-10	1E10	1E-30	1E-10	1	-0.1	0.1
19	3E-13	1E10	1E10	1E-30	4.01475154617548E-10	1E10	1E-30	1E10	0.902382723411226	3.32363148472871E-12	1.63135990058703E-11	1E8	5.88941801889076E-12	8.28908549684226E-12	10.2985894755149	1E10	1E-30	1E-10	1E10	1E-30	1E-10	1E10	1E-30	1E-10	1E10	1E-30	1E-10	1E10	1E-30	1E-10	1E10	1E-30	1E-10	1E10	1E-30	1E-10	1E10	1E-30	1E-10	1E10	1E-30	1E-10	1E10	1E-30	1E-10	1E10	1E-30	1E-10	1E10	1E-30	1E-10	1E10	1E-30	1E-10	1	-0.05	0.05
20	3E-13	1E10	1E10	1E-30	4.01475154617548E-10	1E10	1E-30	1E10	0.902382723411226	3.32363148472871E-12	1.63135990058703E-11	1E8	5.88941801889076E-12	8.28908549684226E-12	10.2985894755149	1E10	1E-30	1E-10	1E10	1E-30	1E-10	1E10	1E-30	1E-10	1E10	1E-30	1E-10	1E10	1E-30	1E-10	1E10	1E-30	1E-10	1E10	1E-30	1E-10	1E10	1E-30	1E-10	1E10	1E-30	1E-10	1E10	1E-30	1E-10	1E10	1E-30	1E-10	1E10	1E-30	1E-10	1E10	1E-30	1E-10	1	-0.1	0.1
21	4E-13	1E10	1E10	1E-30	3.67321954676682E-10	1E10	1E-30	1E10	0.881795700613962	2.48027447171894E-12	1.96824545193967E-11	12.2560460476849	8.97306970585907E-13	5.42017516225721E-11	1E8	1E10	1E-30	1E-10	1E10	1E-30	1E-10	1E10	1E-30	1E-10	1E10	1E-30	1E-10	1E10	1E-30	1E-10	1E10	1E-30	1E-10	1E10	1E-30	1E-10	1E10	1E-30	1E-10	1E10	1E-30	1E-10	1E10	1E-30	1E-10	1E10	1E-30	1E-10	1E10	1E-30	1E-10	1E10	1E-30	1E-10	1	-0.05	0.05
22	4E-13	1E10	1E10	1E-30	3.67321954676682E-10	1E10	1E-30	1E10	0.881795700613962	2.48027447171894E-12	1.96824545193967E-11	12.2560460476849	8.97306970585907E-13	5.42017516225721E-11	1E8	1E10	1E-30	1E-10	1E10	1E-30	1E-10	1E10	1E-30	1E-10	1E10	1E-30	1E-10	1E10	1E-30	1E-10	1E10	1E-30	1E-10	1E10	1E-30	1E-10	1E10	1E-30	1E-10	1E10	1E-30	1E-10	1E10	1E-30	1E-10	1E10	1E-30	1E-10	1E10	1E-30	1E-10	1E10	1E-30	1E-10	1	-0.1	0.1
23	4E-13	1E10	1E10	1E-30	3.67321954676682E-10	1E10	1E-30	1E10	0.881795700613962	2.48027447171894E-12	1.96824545193967E-11	12.2560460476849	8.97306970585907E-13	5.42017516225721E-11	1E8	1E10	1E-30	1E-10	1E10	1E-30	1E-10	1E10	1E-30	1E-10	1E10	1E-30	1E-10	1E10	1E-30	1E-10	1E10	1E-30	1E-10	1E10	1E-30	1E-10	1E10	1E-30	1E-10	1E10	1E-30	1E-10	1E10	1E-30	1E-10	1E10	1E-30	1E-10	1E10	1E-30	1E-10	1E10	1E-30	1E-10	1	-0.05	0.05
24	4E-13	1E10	1E10	1E-30	3.67321954676682E-10	1E10	1E-30	1E10	0.881795700613962	2.48027447171894E-12	1.96824545193967E-11	12.2560460476849	8.97306970585907E-13	5.42017516225721E-11	1E8	1E10	1E-30	1E-10	1E10	1E-30	1E-10	1E10	1E-30	1E-10	1E10	1E-30	1E-10	1E10	1E-30	1E-10	1E10	1E-30	1E-10	1E10	1E-30	1E-10	1E10	1E-30	1E-10	1E10	1E-30	1E-10	1E10	1E-30	1E-10	1E10	1E-30	1E-10	1E10	1E-30	1E-10	1E10	1E-30	1E-10	1	-0.1	0.1
25	4E-13	1E10	1E10	1E-30	3.67321954676682E-10	1E10	1E-30	1E10	0.881795700613962	2.48027447171894E-12	1.96824545193967E-11	12.2560460476849	8.97306970585907E-13	5.42017516225721E-11	1E8	1E10	1E-30	1E-10	1E10	1E-30	1E-10	1E10	1E-30	1E-10	1E10	1E-30	1E-10	1E10	1E-30	1E-10	1E10	1E-30	1E-10	1E10	1E-30	1E-10	1E10	1E-30	1E-10	1E10	1E-30	1E-10	1E10	1E-30	1E-10	1E10	1E-30	1E-10	1E10	1E-30	1E-10	1E10	1E-30	1E-10	1	-0.05	0.05
26	4E-13	1E10	1E10	1E-30	3.67321954676682E-10	1E10	1E-30	1E10	0.881795700613962	2.48027447171894E-12	1.96824545193967E-11	12.2560460476849	8.97306970585907E-13	5.42017516225721E-11	1E8	1E10	1E-30	1E-10	1E10	1E-30	1E-10	1E10	1E-30	1E-10	1E10	1E-30	1E-10	1E10	1E-30	1E-10	1E10	1E-30	1E-10	1E10	1E-30	1E-10	1E10	1E-30	1E-10	1E10	1E-30	1E-10	1E10	1E-30	1E-10	1E10	1E-30	1E-10	1E10	1E-30	1E-10	1E10	1E-30	1E-10	1	-0.1	0.1
27	4E-13	1E10	1E10	1E-30	3.67321954676682E-10	1E10	1E-30	1E10	0.881795700613962	2.48027447171894E-12	1.96824545193967E-11	12.2560460476849	8.97306970585907E-13	5.42017516225721E-11	1E8	1E10	1E-30	1E-10	1E10	1E-30	1E-10	1E10	1E-30	1E-10	1E10	1E-30	1E-10	1E10	1E-30	1E-10	1E10	1E-30	1E-10	1E10	1E-30	1E-10	1E10	1E-30	1E-10	1E10	1E-30	1E-10	1E10	1E-30	1E-10	1E10	1E-30	1E-10	1E10	1E-30	1E-10	1E10	1E-30	1E-10	1	-0.05	0.05
28	4E-13	1E10	1E10	1E-30	3.67321954676682E-10	1E10	1E-30	1E10	0.881795700613962	2.48027447171894E-12	1.96824545193967E-11	12.2560460476849	8.97306970585907E-13	5.42017516225721E-11	1E8	1E10	1E-30	1E-10	1E10	1E-30	1E-10	1E10	1E-30	1E-10	1E10	1E-30	1E-10	1E10	1E-30	1E-10	1E10	1E-30	1E-10	1E10	1E-30	1E-10	1E10	1E-30	1E-10	1E10	1E-30	1E-10	1E10	1E-30	1E-10	1E10	1E-30	1E-10	1E10	1E-30	1E-10	1E10	1E-30	1E-10	1	-0.1	0.1
29	5E-13	1E10	1E10	1E-30	3.53367748541092E-10	1E10	1E-30	1E10	0.862651968244724	3.94401639122795E-12	1.42115120847276E-11	7.02928927490661	6.63364778698673E-13	7.28759760796737E-11	1E8	1E10	1E-30	1E-10	1E10	1E-30	1E-10	1E10	1E-30	1E-10	1E10	1E-30	1E-10	1E10	1E-30	1E-10	1E10	1E-30	1E-10	1E10	1E-30	1E-10	1E10	1E-30	1E-10	1E10	1E-30	1E-10	1E10	1E-30	1E-10	1E10	1E-30	1E-10	1E10	1E-30	1E-10	1E10	1E-30	1E-10	1	-0.05	0.05
30	5E-13	1E10	1E10	1E-30	3.53367748541092E-10	1E10	1E-30	1E10	0.862651968244724	3.94401639122795E-12	1.42115120847276E-11	7.02928927490661	6.63364778698673E-13	7.28759760796737E-11	1E8	1E10	1E-30	1E-10	1E10	1E-30	1E-10	1E10	1E-30	1E-10	1E10	1E-30	1E-10	1E10	1E-30	1E-10	1E10	1E-30	1E-10	1E10	1E-30	1E-10	1E10	1E-30	1E-10	1E10	1E-30	1E-10	1E10	1E-30	1E-10	1E10	1E-30	1E-10	1E10	1E-30	1E-10	1E10	1E-30	1E-10	1	-0.1	0.1
31	5E-13	1E10	1E10	1E-30	3.53367748541092E-10	1E10	1E-30	1E10	0.862651968244724	3.94401639122795E-12	1.42115120847276E-11	7.02928927490661	6.63364778698673E-13	7.28759760796737E-11	1E8	1E10	1E-30	1E-10	1E10	1E-30	1E-10	1E10	1E-30	1E-10	1E10	1E-30	1E-10	1E10	1E-30	1E-10	1E10	1E-30	1E-10	1E10	1E-30	1E-10	1E10	1E-30	1E-10	1E10	1E-30	1E-10	1E10	1E-30	1E-10	1E10	1E-30	1E-10	1E10	1E-30	1E-10	1E10	1E-30	1E-10	1	-0.05	0.05
32	5E-13	1E10	1E10	1E-30	3.53367748541092E-10	1E10	1E-30	1E10	0.862651968244724	3.94401639122795E-12	1.42115120847276E-11	7.02928927490661	6.63364778698673E-13	7.28759760796737E-11	1E8	1E10	1E-30	1E-10	1E10	1E-30	1E-10	1E10	1E-30	1E-10	1E10	1E-30	1E-10	1E10	1E-30	1E-10	1E10	1E-30	1E-10	1E10	1E-30	1E-10	1E10	1E-30	1E-10	1E10	1E-30	1E-10	1E10	1E-30	1E-10	1E10	1E-30	1E-10	1E10	1E-30	1E-10	1E10	1E-30	1E-10	1	-0.1	0.1
33	5E-13	1E10	1E10	1E-30	3.53367748541092E-10	1E10	1E-30	1E10	0.862651968244724	3.94401639122795E-12	1.42115120847276E-11	7.02928927490661	6.63364778698673E-13	7.28759760796737E-11	1E8	1E10	1E-30	1E-10	1E10	1E-30	1E-10	1E10	1E-30	1E-10	1E10	1E-30	1E-10	1E10	1E-30	1E-10	1E10	1E-30	1E-10	1E10	1E-30	1E-10	1E10	1E-30	1E-10	1E10	1E-30	1E-10	1E10	1E-30	1E-10	1E10	1E-30	1E-10	1E10	1E-30	1E-10	1E10	1E-30	1E-10	1	-0.05	0.05
34	5E-13	1E10	1E10	1E-30	3.53367748541092E-10	1E10	1E-30	1E10	0.862651968244724	3.94401639122795E-12	1.42115120847276E-11	7.02928927490661	6.63364778698673E-13	7.28759760796737E-11	1E8	1E10	1E-30	1E-10	1E10	1E-30	1E-10	1E10	1E-30	1E-10	1E10	1E-30	1E-10	1E10	1E-30	1E-10	1E10	1E-30	1E-10	1E10	1E-30	1E-10	1E10	1E-30	1E-10	1E10	1E-30	1E-10	1E10	1E-30	1E-10	1E10	1E-30	1E-10	1E10	1E-30	1E-10	1E10	1E-30	1E-10	1	-0.1	0.1
35	5E-13	1E10	1E10	1E-30	3.53367748541092E-10	1E10	1E-30	1E10	0.862651968244724	3.94401639122795E-12	1.42115120847276E-11	7.02928927490661	6.63364778698673E-13	7.28759760796737E-11	1E8	1E10	1E-30	1E-10	1E10	1E-30	1E-10	1E10	1E-30	1E-10	1E10	1E-30	1E-10	1E10	1E-30	1E-10	1E10	1E-30	1E-10	1E10	1E-30	1E-10	1E10	1E-30	1E-10	1E10	1E-30	1E-10	1E10	1E-30	1E-10	1E10	1E-30	1E-10	1E10	1E-30	1E-10	1E10	1E-30	1E-10	1	-0.05	0.05
36	5E-13	1E10	1E10	1E-30	3.53367748541092E-10	1E10	1E-30	1E10	0.862651968244724	3.94401639122795E-12	1.42115120847276E-11	7.02928927490661	6.63364778698673E-13	7.28759760796737E-11	1E8	1E10	1E-30	1E-10	1E10	1E-30	1E-10	1E10	1E-30	1E-10	1E10	1E-30	1E-10	1E10	1E-30	1E-10	1E10	1E-30	1E-10	1E10	1E-30	1E-10	1E10	1E-30	1E-10	1E10	1E-30	1E-10	1E10	1E-30	1E-10	1E10	1E-30	1E-10	1E10	1E-30	1E-10	1E10	1E-30	1E-10	1	-0.1	0.1
37	5.99999999999999E-13	1E10	1E10	1E-30	3.41879020860677E-10	1E10	1E-30	1E10	0.84125061224825	1.49577937928215E-12	3.41752309489047E-11	16.9037314920734	6.11515782867653E-13	7.89715479493041E-11	1E8	1E10	1E-30	1E-10	1E10	1E-30	1E-10	1E10	1E-30	1E-10	1E10	1E-30	1E-10	1E10	1E-30	1E-10	1E10	1E-30	1E-10	1E10	1E-30	1E-10	1E10	1E-30	1E-10	1E10	1E-30	1E-10	1E10	1E-30	1E-10	1E10	1E-30	1E-10	1E10	1E-30	1E-10	1E10	1E-30	1E-10	1	-0.05	0.05
38	5.99999999999999E-13	1E10	1E10	1E-30	3.41879020860677E-10	1E10	1E-30	1E10	0.84125061224825	1.49577937928215E-12	3.41752309489047E-11	16.9037314920734	6.11515782867653E-13	7.89715479493041E-11	1E8	1E10	1E-30	1E-10	1E10	1E-30	1E-10	1E10	1E-30	1E-10	1E10	1E-30	1E-10	1E10	1E-30	1E-10	1E10	1E-30	1E-10	1E10	1E-30	1E-10	1E10	1E-30	1E-10	1E10	1E-30	1E-10	1E10	1E-30	1E-10	1E10	1E-30	1E-10	1E10	1E-30	1E-10	1E10	1E-30	1E-10	1	-0.1	0.1
39	5.99999999999999E-13	1E10	1E10	1E-30	3.41879020860677E-10	1E10	1E-30	1E10	0.84125061224825	1.49577937928215E-12	3.41752309489047E-11	16.9037314920734	6.11515782867653E-13	7.89715479493041E-11	1E8	1E10	1E-30	1E-10	1E10	1E-30	1E-10	1E10	1E-30	1E-10	1E10	1E-30	1E-10	1E10	1E-30	1E-10	1E10	1E-30	1E-10	1E10	1E-30	1E-10	1E10	1E-30	1E-10	1E10	1E-30	1E-10	1E10	1E-30	1E-10	1E10	1E-30	1E-10	1E10	1E-30	1E-10	1E10	1E-30	1E-10	1	-0.05	0.05
40	5.99999999999999E-13	1E10	1E10	1E-30	3.41879020860677E-10	1E10	1E-30	1E10	0.84125061224825	1.49577937928215E-12	3.41752309489047E-11	16.9037314920734	6.11515782867653E-13	7.89715479493041E-11	1E8	1E10	1E-30	1E-10	1E10	1E-30	1E-10	1E10	1E-30	1E-10	1E10	1E-30	1E-10	1E10	1E-30	1E-10	1E10	1E-30	1E-10	1E10	1E-30	1E-10	1E10	1E-30	1E-10	1E10	1E-30	1E-10	1E10	1E-30	1E-10	1E10	1E-30	1E-10	1E10	1E-30	1E-10	1E10	1E-30	1E-10	1	-0.1	0.1
41	5.99999999999999E-13	1E10	1E10	1E-30	3.41879020860677E-10	1E10	1E-30	1E10	0.84125061224825	1.49577937928215E-12	3.41752309489047E-11	16.9037314920734	6.11515782867653E-13	7.89715479493041E-11	1E8	1E10	1E-30	1E-10	1E10	1E-30	1E-10	1E10	1E-30	1E-10	1E10	1E-30	1E-10	1E10	1E-30	1E-10	1E10	1E-30	1E-10	1E10	1E-30	1E-10	1E10	1E-30	1E-10	1E10	1E-30	1E-10	1E10	1E-30	1E-10	1E10	1E-30	1E-10	1E10	1E-30	1E-10	1E10	1E-30	1E-10	1	-0.05	0.05
42	5.99999999999999E-13	1E10	1E10	1E-30	3.41879020860677E-10	1E10	1E-30	1E10	0.84125061224825	1.49577937928215E-12	3.41752309489047E-11	16.9037314920734	6.11515782867653E-13	7.89715479493041E-11	1E8	1E10	1E-30	1E-10	1E10	1E-30	1E-10	1E10	1E-30	1E-10	1E10	1E-30	1E-10	1E10	1E-30	1E-10	1E10	1E-30	1E-10	1E10	1E-30	1E-10	1E10	1E-30	1E-10	1E10	1E-30	1E-10	1E10	1E-30	1E-10	1E10	1E-30	1E-10	1E10	1E-30	1E-10	1E10	1E-30	1E-10	1	-0.1	0.1
43	5.99999999999999E-13	1E10	1E10	1E-30	3.41879020860677E-10	1E10	1E-30	1E10	0.84125061224825	1.49577937928215E-12	3.41752309489047E-11	16.9037314920734	6.11515782867653E-13	7.89715479493041E-11	1E8	1E10	1E-30	1E-10	1E10	1E-30	1E-10	1E10	1E-30	1E-10	1E10	1E-30	1E-10	1E10	1E-30	1E-10	1E10	1E-30	1E-10	1E10	1E-30	1E-10	1E10	1E-30	1E-10	1E10	1E-30	1E-10	1E10	1E-30	1E-10	1E10	1E-30	1E-10	1E10	1E-30	1E-10	1E10	1E-30	1E-10	1	-0.05	0.05
44	5.99999999999999E-13	1E10	1E10	1E-30	3.41879020860677E-10	1E10	1E-30	1E10	0.84125061224825	1.49577937928215E-12	3.41752309489047E-11	16.9037314920734	6.11515782867653E-13	7.89715479493041E-11	1E8	1E10	1E-30	1E-10	1E10	1E-30	1E-10	1E10	1E-30	1E-10	1E10	1E-30	1E-10	1E10	1E-30	1E-10	1E10	1E-30	1E-10	1E10	1E-30	1E-10	1E10	1E-30	1E-10	1E10	1E-30	1E-10	1E10	1E-30	1E-10	1E10	1E-30	1E-10	1E10	1E-30	1E-10	1E10	1E-30	1E-10	1	-0.1	0.1
45	7E-13	1E10	1E10	1E-30	2.96859517558051E-10	1E10	1E-30	1E10	0.804056529254433	1.02004714368936E-12	5.01139639004218E-11	31.932276652181	4.04890736493233E-13	1.09037100349997E-10	1E8	1E10	1E-30	1E-10	1E10	1E-30	1E-10	1E10	1E-30	1E-10	1E10	1E-30	1E-10	1E10	1E-30	1E-10	1E10	1E-30	1E-10	1E10	1E-30	1E-10	1E10	1E-30	1E-10	1E10	1E-30	1E-10	1E10	1E-30	1E-10	1E10	1E-30	1E-10	1E10	1E-30	1E-10	1E10	1E-30	1E-10	1	-0.05	0.05
46	7E-13	1E10	1E10	1E-30	2.96859517558051E-10	1E10	1E-30	1E10	0.804056529254433	1.02004714368936E-12	5.01139639004218E-11	31.932276652181	4.04890736493233E-13	1.09037100349997E-10	1E8	1E10	1E-30	1E-10	1E10	1E-30	1E-10	1E10	1E-30	1E-10	1E10	1E-30	1E-10	1E10	1E-30	1E-10	1E10	1E-30	1E-10	1E10	1E-30	1E-10	1E10	1E-30	1E-10	1E10	1E-30	1E-10	1E10	1E-30	1E-10	1E10	1E-30	1E-10	1E10	1E-30	1E-10	1E10	1E-30	1E-10	1	-0.1	0.1
47	7E-13	1E10	1E10	1E-30	2.96859517558051E-10	1E10	1E-30	1E10	0.804056529254433	1.02004714368936E-12	5.01139639004218E-11	31.932276652181	4.04890736493233E-13	1.09037100349997E-10	1E8	1E10	1E-30	1E-10	1E10	1E-30	1E-10	1E10	1E-30	1E-10	1E10	1E-30	1E-10	1E10	1E-30	1E-10	1E10	1E-30	1E-10	1E10	1E-30	1E-10	1E10	1E-30	1E-10	1E10	1E-30	1E-10	1E10	1E-30	1E-10	1E10	1E-30	1E-10	1E10	1E-30	1E-10	1E10	1E-30	1E-10	1	-0.05	0.05
48	7E-13	1E10	1E10	1E-30	2.96859517558051E-10	1E10	1E-30	1E10	0.804056529254433	1.02004714368936E-12	5.01139639004218E-11	31.932276652181	4.04890736493233E-13	1.09037100349997E-10	1E8	1E10	1E-30	1E-10	1E10	1E-30	1E-10	1E10	1E-30	1E-10	1E10	1E-30	1E-10	1E10	1E-30	1E-10	1E10	1E-30	1E-10	1E10	1E-30	1E-10	1E10	1E-30	1E-10	1E10	1E-30	1E-10	1E10	1E-30	1E-10	1E10	1E-30	1E-10	1E10	1E-30	1E-10	1E10	1E-30	1E-10	1	-0.1	0.1
49	7E-13	1E10	1E10	1E-30	2.96859517558051E-10	1E10	1E-30	1E10	0.804056529254433	1.02004714368936E-12	5.01139639004218E-11	31.932276652181	4.04890736493233E-13	1.09037100349997E-10	1E8	1E10	1E-30	1E-10	1E10	1E-30	1E-10	1E10	1E-30	1E-10	1E10	1E-30	1E-10	1E10	1E-30	1E-10	1E10	1E-30	1E-10	1E10	1E-30	1E-10	1E10	1E-30	1E-10	1E10	1E-30	1E-10	1E10	1E-30	1E-10	1E10	1E-30	1E-10	1E10	1E-30	1E-10	1E10	1E-30	1E-10	1	-0.05	0.05
50	7E-13	1E10	1E10	1E-30	2.96859517558051E-10	1E10	1E-30	1E10	0.804056529254433	1.02004714368936E-12	5.01139639004218E-11	31.932276652181	4.04890736493233E-13	1.09037100349997E-10	1E8	1E10	1E-30	1E-10	1E10	1E-30	1E-10	1E10	1E-30	1E-10	1E10	1E-30	1E-10	1E10	1E-30	1E-10	1E10	1E-30	1E-10	1E10	1E-30	1E-10	1E10	1E-30	1E-10	1E10	1E-30	1E-10	1E10	1E-30	1E-10	1E10	1E-30	1E-10	1E10	1E-30	1E-10	1E10	1E-30	1E-10	1	-0.1	0.1
51	7E-13	1E10	1E10	1E-30	2.96859517558051E-10	1E10	1E-30	1E10	0.804056529254433	1.02004714368936E-12	5.01139639004218E-11	31.932276652181	4.04890736493233E-13	1.09037100349997E-10	1E8	1E10	1E-30	1E-10	1E10	1E-30	1E-10	1E10	1E-30	1E-10	1E10	1E-30	1E-10	1E10	1E-30	1E-10	1E10	1E-30	1E-10	1E10	1E-30	1E-10	1E10	1E-30	1E-10	1E10	1E-30	1E-10	1E10	1E-30	1E-10	1E10	1E-30	1E-10	1E10	1E-30	1E-10	1E10	1E-30	1E-10	1	-0.05	0.05
52	7E-13	1E10	1E10	1E-30	2.96859517558051E-10	1E10	1E-30	1E10	0.804056529254433	1.02004714368936E-12	5.01139639004218E-11	31.932276652181	4.04890736493233E-13	1.09037100349997E-10	1E8	1E10	1E-30	1E-10	1E10	1E-30	1E-10	1E10	1E-30	1E-10	1E10	1E-30	1E-10	1E10	1E-30	1E-10	1E10	1E-30	1E-10	1E10	1E-30	1E-10	1E10	1E-30	1E-10	1E10	1E-30	1E-10	1E10	1E-30	1E-10	1E10	1E-30	1E-10	1E10	1E-30	1E-10	1E10	1E-30	1E-10	1	-0.1	0.1
53	8E-13	1E10	1E10	1E-30	3.15817711030324E-10	1E10	1E-30	1E10	0.764080969072972	1.33557729697306E-12	4.41325194708165E-11	31.6995475546038	4.34321767626644E-13	1.06688136823154E-10	1E8	1E10	1E-30	1E-10	1E10	1E-30	1E-10	1E10	1E-30	1E-10	1E10	1E-30	1E-10	1E10	1E-30	1E-10	1E10	1E-30	1E-10	1E10	1E-30	1E-10	1E10	1E-30	1E-10	1E10	1E-30	1E-10	1E10	1E-30	1E-10	1E10	1E-30	1E-10	1E10	1E-30	1E-10	1E10	1E-30	1E-10	1	-0.05	0.05
54	8E-13	1E10	1E10	1E-30	3.15817711030324E-10	1E10	1E-30	1E10	0.764080969072972	1.33557729697306E-12	4.41325194708165E-11	31.6995475546038	4.34321767626644E-13	1.06688136823154E-10	1E8	1E10	1E-30	1E-10	1E10	1E-30	1E-10	1E10	1E-30	1E-10	1E10	1E-30	1E-10	1E10	1E-30	1E-10	1E10	1E-30	1E-10	1E10	1E-30	1E-10	1E10	1E-30	1E-10	1E10	1E-30	1E-10	1E10	1E-30	1E-10	1E10	1E-30	1E-10	1E10	1E-30	1E-10	1E10	1E-30	1E-10	1	-0.1	0.1
55	8E-13	1E10	1E10	1E-30	3.15817711030324E-10	1E10	1E-30	1E10	0.764080969072972	1.33557729697306E-12	4.41325194708165E-11	31.6995475546038	4.34321767626644E-13	1.06688136823154E-10	1E8	1E10	1E-30	1E-10	1E10	1E-30	1E-10	1E10	1E-30	1E-10	1E10	1E-30	1E-10	1E10	1E-30	1E-10	1E10	1E-30	1E-10	1E10	1E-30	1E-10	1E10	1E-30	1E-10	1E10	1E-30	1E-10	1E10	1E-30	1E-10	1E10	1E-30	1E-10	1E10	1E-30	1E-10	1E10	1E-30	1E-10	1	-0.05	0.05
56	8E-13	1E10	1E10	1E-30	3.15817711030324E-10	1E10	1E-30	1E10	0.764080969072972	1.33557729697306E-12	4.41325194708165E-11	31.6995475546038	4.34321767626644E-13	1.06688136823154E-10	1E8	1E10	1E-30	1E-10	1E10	1E-30	1E-10	1E10	1E-30	1E-10	1E10	1E-30	1E-10	1E10	1E-30	1E-10	1E10	1E-30	1E-10	1E10	1E-30	1E-10	1E10	1E-30	1E-10	1E10	1E-30	1E-10	1E10	1E-30	1E-10	1E10	1E-30	1E-10	1E10	1E-30	1E-10	1E10	1E-30	1E-10	1	-0.1	0.1
57	8E-13	1E10	1E10	1E-30	3.15817711030324E-10	1E10	1E-30	1E10	0.764080969072972	1.33557729697306E-12	4.41325194708165E-11	31.6995475546038	4.34321767626644E-13	1.06688136823154E-10	1E8	1E10	1E-30	1E-10	1E10	1E-30	1E-10	1E10	1E-30	1E-10	1E10	1E-30	1E-10	1E10	1E-30	1E-10	1E10	1E-30	1E-10	1E10	1E-30	1E-10	1E10	1E-30	1E-10	1E10	1E-30	1E-10	1E10	1E-30	1E-10	1E10	1E-30	1E-10	1E10	1E-30	1E-10	1E10	1E-30	1E-10	1	-0.05	0.05
58	8E-13	1E10	1E10	1E-30	3.15817711030324E-10	1E10	1E-30	1E10	0.764080969072972	1.33557729697306E-12	4.41325194708165E-11	31.6995475546038	4.34321767626644E-13	1.06688136823154E-10	1E8	1E10	1E-30	1E-10	1E10	1E-30	1E-10	1E10	1E-30	1E-10	1E10	1E-30	1E-10	1E10	1E-30	1E-10	1E10	1E-30	1E-10	1E10	1E-30	1E-10	1E10	1E-30	1E-10	1E10	1E-30	1E-10	1E10	1E-30	1E-10	1E10	1E-30	1E-10	1E10	1E-30	1E-10	1E10	1E-30	1E-10	1	-0.1	0.1
59	8E-13	1E10	1E10	1E-30	3.15817711030324E-10	1E10	1E-30	1E10	0.764080969072972	1.33557729697306E-12	4.41325194708165E-11	31.6995475546038	4.34321767626644E-13	1.06688136823154E-10	1E8	1E10	1E-30	1E-10	1E10	1E-30	1E-10	1E10	1E-30	1E-10	1E10	1E-30	1E-10	1E10	1E-30	1E-10	1E10	1E-30	1E-10	1E10	1E-30	1E-10	1E10	1E-30	1E-10	1E10	1E-30	1E-10	1E10	1E-30	1E-10	1E10	1E-30	1E-10	1E10	1E-30	1E-10	1E10	1E-30	1E-10	1	-0.05	0.05
60	8E-13	1E10	1E10	1E-30	3.15817711030324E-10	1E10	1E-30	1E10	0.764080969072972	1.33557729697306E-12	4.41325194708165E-11	31.6995475546038	4.34321767626644E-13	1.06688136823154E-10	1E8	1E10	1E-30	1E-10	1E10	1E-30	1E-10	1E10	1E-30	1E-10	1E10	1E-30	1E-10	1E10	1E-30	1E-10	1E10	1E-30	1E-10	1E10	1E-30	1E-10	1E10	1E-30	1E-10	1E10	1E-30	1E-10	1E10	1E-30	1E-10	1E10	1E-30	1E-10	1E10	1E-30	1E-10	1E10	1E-30	1E-10	1	-0.1	0.1
61	9E-13	1E10	1E10	1E-30	3.11788957931163E-10	1E10	1E-30	1E10	0.743294407254168	1.1141886653812E-12	5.43866398939594E-11	40.3544461570489	4.91736826851546E-13	1.00909651208747E-10	1E8	1E10	1E-30	1E-10	1E10	1E-30	1E-10	1E10	1E-30	1E-10	1E10	1E-30	1E-10	1E10	1E-30	1E-10	1E10	1E-30	1E-10	1E10	1E-30	1E-10	1E10	1E-30	1E-10	1E10	1E-30	1E-10	1E10	1E-30	1E-10	1E10	1E-30	1E-10	1E10	1E-30	1E-10	1E10	1E-30	1E-10	1	-0.05	0.05
62	9E-13	1E10	1E10	1E-30	3.11788957931163E-10	1E10	1E-30	1E10	0.743294407254168	1.1141886653812E-12	5.43866398939594E-11	40.3544461570489	4.91736826851546E-13	1.00909651208747E-10	1E8	1E10	1E-30	1E-10	1E10	1E-30	1E-10	1E10	1E-30	1E-10	1E10	1E-30	1E-10	1E10	1E-30	1E-10	1E10	1E-30	1E-10	1E10	1E-30	1E-10	1E10	1E-30	1E-10	1E10	1E-30	1E-10	1E10	1E-30	1E-10	1E10	1E-30	1E-10	1E10	1E-30	1E-10	1E10	1E-30	1E-10	1	-0.1	0.1
63	9E-13	1E10	1E10	1E-30	3.11788957931163E-10	1E10	1E-30	1E10	0.743294407254168	1.1141886653812E-12	5.43866398939594E-11	40.3544461570489	4.91736826851546E-13	1.00909651208747E-10	1E8	1E10	1E-30	1E-10	1E10	1E-30	1E-10	1E10	1E-30	1E-10	1E10	1E-30	1E-10	1E10	1E-30	1E-10	1E10	1E-30	1E-10	1E10	1E-30	1E-10	1E10	1E-30	1E-10	1E10	1E-30	1E-10	1E10	1E-30	1E-10	1E10	1E-30	1E-10	1E10	1E-30	1E-10	1E10	1E-30	1E-10	1	-0.05	0.05
64	9E-13	1E10	1E10	1E-30	3.11788957931163E-10	1E10	1E-30	1E10	0.743294407254168	1.1141886653812E-12	5.43866398939594E-11	40.3544461570489	4.91736826851546E-13	1.00909651208747E-10	1E8	1E10	1E-30	1E-10	1E10	1E-30	1E-10	1E10	1E-30	1E-10	1E10	1E-30	1E-10	1E10	1E-30	1E-10	1E10	1E-30	1E-10	1E10	1E-30	1E-10	1E10	1E-30	1E-10	1E10	1E-30	1E-10	1E10	1E-30	1E-10	1E10	1E-30	1E-10	1E10	1E-30	1E-10	1E10	1E-30	1E-10	1	-0.1	0.1
65	9E-13	1E10	1E10	1E-30	3.11788957931163E-10	1E10	1E-30	1E10	0.743294407254168	1.1141886653812E-12	5.43866398939594E-11	40.3544461570489	4.91736826851546E-13	1.00909651208747E-10	1E8	1E10	1E-30	1E-10	1E10	1E-30	1E-10	1E10	1E-30	1E-10	1E10	1E-30	1E-10	1E10	1E-30	1E-10	1E10	1E-30	1E-10	1E10	1E-30	1E-10	1E10	1E-30	1E-10	1E10	1E-30	1E-10	1E10	1E-30	1E-10	1E10	1E-30	1E-10	1E10	1E-30	1E-10	1E10	1E-30	1E-10	1	-0.05	0.05
66	9E-13	1E10	1E10	1E-30	3.11788957931163E-10	1E10	1E-30	1E10	0.743294407254168	1.1141886653812E-12	5.43866398939594E-11	40.3544461570489	4.91736826851546E-13	1.00909651208747E-10	1E8	1E10	1E-30	1E-10	1E10	1E-30	1E-10	1E10	1E-30	1E-10	1E10	1E-30	1E-10	1E10	1E-30	1E-10	1E10	1E-30	1E-10	1E10	1E-30	1E-10	1E10	1E-30	1E-10	1E10	1E-30	1E-10	1E10	1E-30	1E-10	1E10	1E-30	1E-10	1E10	1E-30	1E-10	1E10	1E-30	1E-10	1	-0.1	0.1
67	9E-13	1E10	1E10	1E-30	3.11788957931163E-10	1E10	1E-30	1E10	0.743294407254168	1.1141886653812E-12	5.43866398939594E-11	40.3544461570489	4.91736826851546E-13	1.00909651208747E-10	1E8	1E10	1E-30	1E-10	1E10	1E-30	1E-10	1E10	1E-30	1E-10	1E10	1E-30	1E-10	1E10	1E-30	1E-10	1E10	1E-30	1E-10	1E10	1E-30	1E-10	1E10	1E-30	1E-10	1E10	1E-30	1E-10	1E10	1E-30	1E-10	1E10	1E-30	1E-10	1E10	1E-30	1E-10	1E10	1E-30	1E-10	1	-0.05	0.05
68	9E-13	1E10	1E10	1E-30	3.11788957931163E-10	1E10	1E-30	1E10	0.743294407254168	1.1141886653812E-12	5.43866398939594E-11	40.3544461570489	4.91736826851546E-13	1.00909651208747E-10	1E8	1E10	1E-30	1E-10	1E10	1E-30	1E-10	1E10	1E-30	1E-10	1E10	1E-30	1E-10	1E10	1E-30	1E-10	1E10	1E-30	1E-10	1E10	1E-30	1E-10	1E10	1E-30	1E-10	1E10	1E-30	1E-10	1E10	1E-30	1E-10	1E10	1E-30	1E-10	1E10	1E-30	1E-10	1E10	1E-30	1E-10	1	-0.1	0.1
69	9.99999999999999E-13	1E10	1E10	1E-30	1.34205949620856E-10	1E10	1E-30	1E10	0.732997307915999	1.25654573927569E-12	5.19318997804592E-11	31.1278243187015	1.19752098878993E-13	2.64646748428315E-10	1E8	1E10	1E-30	1E-10	1E10	1E-30	1E-10	1E10	1E-30	1E-10	1E10	1E-30	1E-10	1E10	1E-30	1E-10	1E10	1E-30	1E-10	1E10	1E-30	1E-10	1E10	1E-30	1E-10	1E10	1E-30	1E-10	1E10	1E-30	1E-10	1E10	1E-30	1E-10	1E10	1E-30	1E-10	1E10	1E-30	1E-10	1	-0.05	0.05
70	9.99999999999999E-13	1E10	1E10	1E-30	1.34205949620856E-10	1E10	1E-30	1E10	0.732997307915999	1.25654573927569E-12	5.19318997804592E-11	31.1278243187015	1.19752098878993E-13	2.64646748428315E-10	1E8	1E10	1E-30	1E-10	1E10	1E-30	1E-10	1E10	1E-30	1E-10	1E10	1E-30	1E-10	1E10	1E-30	1E-10	1E10	1E-30	1E-10	1E10	1E-30	1E-10	1E10	1E-30	1E-10	1E10	1E-30	1E-10	1E10	1E-30	1E-10	1E10	1E-30	1E-10	1E10	1E-30	1E-10	1E10	1E-30	1E-10	1	-0.1	0.1
71	9.99999999999999E-13	1E10	1E10	1E-30	1.34205949620856E-10	1E10	1E-30	1E10	0.732997307915999	1.25654573927569E-12	5.19318997804592E-11	31.1278243187015	1.19752098878993E-13	2.64646748428315E-10	1E8	1E10	1E-30	1E-10	1E10	1E-30	1E-10	1E10	1E-30	1E-10	1E10	1E-30	1E-10	1E10	1E-30	1E-10	1E10	1E-30	1E-10	1E10	1E-30	1E-10	1E10	1E-30	1E-10	1E10	1E-30	1E-10	1E10	1E-30	1E-10	1E10	1E-30	1E-10	1E10	1E-30	1E-10	1E10	1E-30	1E-10	1	-0.25	0.25
72	9.99999999999999E-13	1E10	1E10	1E-30	1.34205949620856E-10	1E10	1E-30	1E10	0.732997307915999	1.25654573927569E-12	5.19318997804592E-11	31.1278243187015	1.19752098878993E-13	2.64646748428315E-10	1E8	1E10	1E-30	1E-10	1E10	1E-30	1E-10	1E10	1E-30	1E-10	1E10	1E-30	1E-10	1E10	1E-30	1E-10	1E10	1E-30	1E-10	1E10	1E-30	1E-10	1E10	1E-30	1E-10	1E10	1E-30	1E-10	1E10	1E-30	1E-10	1E10	1E-30	1E-10	1E10	1E-30	1E-10	1E10	1E-30	1E-10	1	-0.05	0.05
73	9.99999999999999E-13	1E10	1E10	1E-30	1.34205949620856E-10	1E10	1E-30	1E10	0.732997307915999	1.25654573927569E-12	5.19318997804592E-11	31.1278243187015	1.19752098878993E-13	2.64646748428315E-10	1E8	1E10	1E-30	1E-10	1E10	1E-30	1E-10	1E10	1E-30	1E-10	1E10	1E-30	1E-10	1E10	1E-30	1E-10	1E10	1E-30	1E-10	1E10	1E-30	1E-10	1E10	1E-30	1E-10	1E10	1E-30	1E-10	1E10	1E-30	1E-10	1E10	1E-30	1E-10	1E10	1E-30	1E-10	1E10	1E-30	1E-10	1	-0.1	0.1
74	9.99999999999999E-13	1E10	1E10	1E-30	1.34205949620856E-10	1E10	1E-30	1E10	0.732997307915999	1.25654573927569E-12	5.19318997804592E-11	31.1278243187015	1.19752098878993E-13	2.64646748428315E-10	1E8	1E10	1E-30	1E-10	1E10	1E-30	1E-10	1E10	1E-30	1E-10	1E10	1E-30	1E-10	1E10	1E-30	1E-10	1E10	1E-30	1E-10	1E10	1E-30	1E-10	1E10	1E-30	1E-10	1E10	1E-30	1E-10	1E10	1E-30	1E-10	1E10	1E-30	1E-10	1E10	1E-30	1E-10	1E10	1E-30	1E-10	1	-0.25	0.25
75	9.99999999999999E-13	1E10	1E10	1E-30	1.34205949620856E-10	1E10	1E-30	1E10	0.732997307915999	1.25654573927569E-12	5.19318997804592E-11	31.1278243187015	1.19752098878993E-13	2.64646748428315E-10	1E8	1E10	1E-30	1E-10	1E10	1E-30	1E-10	1E10	1E-30	1E-10	1E10	1E-30	1E-10	1E10	1E-30	1E-10	1E10	1E-30	1E-10	1E10	1E-30	1E-10	1E10	1E-30	1E-10	1E10	1E-30	1E-10	1E10	1E-30	1E-10	1E10	1E-30	1E-10	1E10	1E-30	1E-10	1E10	1E-30	1E-10	1	-0.05	0.05
76	9.99999999999999E-13	1E10	1E10	1E-30	1.34205949620856E-10	1E10	1E-30	1E10	0.732997307915999	1.25654573927569E-12	5.19318997804592E-11	31.1278243187015	1.19752098878993E-13	2.64646748428315E-10	1E8	1E10	1E-30	1E-10	1E10	1E-30	1E-10	1E10	1E-30	1E-10	1E10	1E-30	1E-10	1E10	1E-30	1E-10	1E10	1E-30	1E-10	1E10	1E-30	1E-10	1E10	1E-30	1E-10	1E10	1E-30	1E-10	1E10	1E-30	1E-10	1E10	1E-30	1E-10	1E10	1E-30	1E-10	1E10	1E-30	1E-10	1	-0.1	0.1
77	9.99999999999999E-13	1E10	1E10	1E-30	1.34205949620856E-10	1E10	1E-30	1E10	0.732997307915999	1.25654573927569E-12	5.19318997804592E-11	31.1278243187015	1.19752098878993E-13	2.64646748428315E-10	1E8	1E10	1E-30	1E-10	1E10	1E-30	1E-10	1E10	1E-30	1E-10	1E10	1E-30	1E-10	1E10	1E-30	1E-10	1E10	1E-30	1E-10	1E10	1E-30	1E-10	1E10	1E-30	1E-10	1E10	1E-30	1E-10	1E10	1E-30	1E-10	1E10	1E-30	1E-10	1E10	1E-30	1E-10	1E10	1E-30	1E-10	1	-0.25	0.25
78	9.99999999999999E-13	1E10	1E10	1E-30	1.34205949620856E-10	1E10	1E-30	1E10	0.732997307915999	1.25654573927569E-12	5.19318997804592E-11	31.1278243187015	1.19752098878993E-13	2.64646748428315E-10	1E8	1E10	1E-30	1E-10	1E10	1E-30	1E-10	1E10	1E-30	1E-10	1E10	1E-30	1E-10	1E10	1E-30	1E-10	1E10	1E-30	1E-10	1E10	1E-30	1E-10	1E10	1E-30	1E-10	1E10	1E-30	1E-10	1E10	1E-30	1E-10	1E10	1E-30	1E-10	1E10	1E-30	1E-10	1E10	1E-30	1E-10	1	-0.05	0.05
79	9.99999999999999E-13	1E10	1E10	1E-30	1.34205949620856E-10	1E10	1E-30	1E10	0.732997307915999	1.25654573927569E-12	5.19318997804592E-11	31.1278243187015	1.19752098878993E-13	2.64646748428315E-10	1E8	1E10	1E-30	1E-10	1E10	1E-30	1E-10	1E10	1E-30	1E-10	1E10	1E-30	1E-10	1E10	1E-30	1E-10	1E10	1E-30	1E-10	1E10	1E-30	1E-10	1E10	1E-30	1E-10	1E10	1E-30	1E-10	1E10	1E-30	1E-10	1E10	1E-30	1E-10	1E10	1E-30	1E-10	1E10	1E-30	1E-10	1	-0.1	0.1
80	9.99999999999999E-13	1E10	1E10	1E-30	1.34205949620856E-10	1E10	1E-30	1E10	0.732997307915999	1.25654573927569E-12	5.19318997804592E-11	31.1278243187015	1.19752098878993E-13	2.64646748428315E-10	1E8	1E10	1E-30	1E-10	1E10	1E-30	1E-10	1E10	1E-30	1E-10	1E10	1E-30	1E-10	1E10	1E-30	1E-10	1E10	1E-30	1E-10	1E10	1E-30	1E-10	1E10	1E-30	1E-10	1E10	1E-30	1E-10	1E10	1E-30	1E-10	1E10	1E-30	1E-10	1E10	1E-30	1E-10	1E10	1E-30	1E-10	1	-0.25	0.25
81	1.1E-12	1E10	1E10	1E-30	1.1212393851082E-10	1E10	1E-30	1E10	0.65	1.65356492394373E-11	1.54316476372571E-11	2.2586942742528	1.09716892222667E-12	1.50405934089926E-10	1E5	1E10	1E-30	1E-10	1E10	1E-30	1E-10	1E10	1E-30	1E-10	1E10	1E-30	1E-10	1E10	1E-30	1E-10	1E10	1E-30	1E-10	1E10	1E-30	1E-10	1E10	1E-30	1E-10	1E10	1E-30	1E-10	1E10	1E-30	1E-10	1E10	1E-30	1E-10	1E10	1E-30	1E-10	1E10	1E-30	1E-10	1	-0.25	0.25
82	1.1E-12	1E10	1E10	1E-30	1.1212393851082E-10	1E10	1E-30	1E10	0.65	1.65356492394373E-11	1.54316476372571E-11	2.2586942742528	1.09716892222667E-12	1.50405934089926E-10	1E5	1E10	1E-30	1E-10	1E10	1E-30	1E-10	1E10	1E-30	1E-10	1E10	1E-30	1E-10	1E10	1E-30	1E-10	1E10	1E-30	1E-10	1E10	1E-30	1E-10	1E10	1E-30	1E-10	1E10	1E-30	1E-10	1E10	1E-30	1E-10	1E10	1E-30	1E-10	1E10	1E-30	1E-10	1E10	1E-30	1E-10	1	-0.05	0.05
83	1.1E-12	1E10	1E10	1E-30	1.1212393851082E-10	1E10	1E-30	1E10	0.65	1.65356492394373E-11	1.54316476372571E-11	2.2586942742528	1.09716892222667E-12	1.50405934089926E-10	1E5	1E10	1E-30	1E-10	1E10	1E-30	1E-10	1E10	1E-30	1E-10	1E10	1E-30	1E-10	1E10	1E-30	1E-10	1E10	1E-30	1E-10	1E10	1E-30	1E-10	1E10	1E-30	1E-10	1E10	1E-30	1E-10	1E10	1E-30	1E-10	1E10	1E-30	1E-10	1E10	1E-30	1E-10	1E10	1E-30	1E-10	1	-0.1	0.1
84	1.1E-12	1E10	1E10	1E-30	1.1212393851082E-10	1E10	1E-30	1E10	0.65	1.65356492394373E-11	1.54316476372571E-11	2.2586942742528	1.09716892222667E-12	1.50405934089926E-10	1E5	1E10	1E-30	1E-10	1E10	1E-30	1E-10	1E10	1E-30	1E-10	1E10	1E-30	1E-10	1E10	1E-30	1E-10	1E10	1E-30	1E-10	1E10	1E-30	1E-10	1E10	1E-30	1E-10	1E10	1E-30	1E-10	1E10	1E-30	1E-10	1E10	1E-30	1E-10	1E10	1E-30	1E-10	1E10	1E-30	1E-10	1	-0.25	0.25
85	1.1E-12	1E10	1E10	1E-30	1.1212393851082E-10	1E10	1E-30	1E10	0.65	1.65356492394373E-11	1.54316476372571E-11	2.2586942742528	1.09716892222667E-12	1.50405934089926E-10	1E5	1E10	1E-30	1E-10	1E10	1E-30	1E-10	1E10	1E-30	1E-10	1E10	1E-30	1E-10	1E10	1E-30	1E-10	1E10	1E-30	1E-10	1E10	1E-30	1E-10	1E10	1E-30	1E-10	1E10	1E-30	1E-10	1E10	1E-30	1E-10	1E10	1E-30	1E-10	1E10	1E-30	1E-10	1E10	1E-30	1E-10	1	-0.05	0.05
86	1.1E-12	1E10	1E10	1E-30	1.1212393851082E-10	1E10	1E-30	1E10	0.65	1.65356492394373E-11	1.54316476372571E-11	2.2586942742528	1.09716892222667E-12	1.50405934089926E-10	1E5	1E10	1E-30	1E-10	1E10	1E-30	1E-10	1E10	1E-30	1E-10	1E10	1E-30	1E-10	1E10	1E-30	1E-10	1E10	1E-30	1E-10	1E10	1E-30	1E-10	1E10	1E-30	1E-10	1E10	1E-30	1E-10	1E10	1E-30	1E-10	1E10	1E-30	1E-10	1E10	1E-30	1E-10	1E10	1E-30	1E-10	1	-0.1	0.1
87	1.1E-12	1E10	1E10	1E-30	1.1212393851082E-10	1E10	1E-30	1E10	0.65	1.65356492394373E-11	1.54316476372571E-11	2.2586942742528	1.09716892222667E-12	1.50405934089926E-10	1E5	1E10	1E-30	1E-10	1E10	1E-30	1E-10	1E10	1E-30	1E-10	1E10	1E-30	1E-10	1E10	1E-30	1E-10	1E10	1E-30	1E-10	1E10	1E-30	1E-10	1E10	1E-30	1E-10	1E10	1E-30	1E-10	1E10	1E-30	1E-10	1E10	1E-30	1E-10	1E10	1E-30	1E-10	1E10	1E-30	1E-10	1	-0.25	0.25
88	1.1E-12	1E10	1E10	1E-30	1.1212393851082E-10	1E10	1E-30	1E10	0.65	1.65356492394373E-11	1.54316476372571E-11	2.2586942742528	1.09716892222667E-12	1.50405934089926E-10	1E5	1E10	1E-30	1E-10	1E10	1E-30	1E-10	1E10	1E-30	1E-10	1E10	1E-30	1E-10	1E10	1E-30	1E-10	1E10	1E-30	1E-10	1E10	1E-30	1E-10	1E10	1E-30	1E-10	1E10	1E-30	1E-10	1E10	1E-30	1E-10	1E10	1E-30	1E-10	1E10	1E-30	1E-10	1E10	1E-30	1E-10	1	-0.25	0.25
89	1.1E-12	1E10	1E10	1E-30	1.1212393851082E-10	1E10	1E-30	1E10	0.65	1.65356492394373E-11	1.54316476372571E-11	2.2586942742528	1.09716892222667E-12	1.50405934089926E-10	1E5	1E10	1E-30	1E-10	1E10	1E-30	1E-10	1E10	1E-30	1E-10	1E10	1E-30	1E-10	1E10	1E-30	1E-10	1E10	1E-30	1E-10	1E10	1E-30	1E-10	1E10	1E-30	1E-10	1E10	1E-30	1E-10	1E10	1E-30	1E-10	1E10	1E-30	1E-10	1E10	1E-30	1E-10	1E10	1E-30	1E-10	1	-0.05	0.05
90	1.1E-12	1E10	1E10	1E-30	1.1212393851082E-10	1E10	1E-30	1E10	0.65	1.65356492394373E-11	1.54316476372571E-11	2.2586942742528	1.09716892222667E-12	1.50405934089926E-10	1E5	1E10	1E-30	1E-10	1E10	1E-30	1E-10	1E10	1E-30	1E-10	1E10	1E-30	1E-10	1E10	1E-30	1E-10	1E10	1E-30	1E-10	1E10	1E-30	1E-10	1E10	1E-30	1E-10	1E10	1E-30	1E-10	1E10	1E-30	1E-10	1E10	1E-30	1E-10	1E10	1E-30	1E-10	1E10	1E-30	1E-10	1	-0.1	0.1
91	1.1E-12	1E10	1E10	1E-30	1.1212393851082E-10	1E10	1E-30	1E10	0.65	1.65356492394373E-11	1.54316476372571E-11	2.2586942742528	1.09716892222667E-12	1.50405934089926E-10	1E5	1E10	1E-30	1E-10	1E10	1E-30	1E-10	1E10	1E-30	1E-10	1E10	1E-30	1E-10	1E10	1E-30	1E-10	1E10	1E-30	1E-10	1E10	1E-30	1E-10	1E10	1E-30	1E-10	1E10	1E-30	1E-10	1E10	1E-30	1E-10	1E10	1E-30	1E-10	1E10	1E-30	1E-10	1E10	1E-30	1E-10	1	-0.25	0.25
92	1.1E-12	1E10	1E10	1E-30	1.1212393851082E-10	1E10	1E-30	1E10	0.65	1.65356492394373E-11	1.54316476372571E-11	2.2586942742528	1.09716892222667E-12	1.50405934089926E-10	1E5	1E10	1E-30	1E-10	1E10	1E-30	1E-10	1E10	1E-30	1E-10	1E10	1E-30	1E-10	1E10	1E-30	1E-10	1E10	1E-30	1E-10	1E10	1E-30	1E-10	1E10	1E-30	1E-10	1E10	1E-30	1E-10	1E10	1E-30	1E-10	1E10	1E-30	1E-10	1E10	1E-30	1E-10	1E10	1E-30	1E-10	1	-0.05	0.05
93	1.1E-12	1E10	1E10	1E-30	1.1212393851082E-10	1E10	1E-30	1E10	0.65	1.65356492394373E-11	1.54316476372571E-11	2.2586942742528	1.09716892222667E-12	1.50405934089926E-10	1E5	1E10	1E-30	1E-10	1E10	1E-30	1E-10	1E10	1E-30	1E-10	1E10	1E-30	1E-10	1E10	1E-30	1E-10	1E10	1E-30	1E-10	1E10	1E-30	1E-10	1E10	1E-30	1E-10	1E10	1E-30	1E-10	1E10	1E-30	1E-10	1E10	1E-30	1E-10	1E10	1E-30	1E-10	1E10	1E-30	1E-10	1	-0.1	0.1
94	1.1E-12	1E10	1E10	1E-30	1.1212393851082E-10	1E10	1E-30	1E10	0.65	1.65356492394373E-11	1.54316476372571E-11	2.2586942742528	1.09716892222667E-12	1.50405934089926E-10	1E5	1E10	1E-30	1E-10	1E10	1E-30	1E-10	1E10	1E-30	1E-10	1E10	1E-30	1E-10	1E10	1E-30	1E-10	1E10	1E-30	1E-10	1E10	1E-30	1E-10	1E10	1E-30	1E-10	1E10	1E-30	1E-10	1E10	1E-30	1E-10	1E10	1E-30	1E-10	1E10	1E-30	1E-10	1E10	1E-30	1E-10	1	-0.25	0.25
95	1.2E-12	1E10	1E10	1E-30	1.1212393851082E-10	1E10	1E-30	1E10	0.65	1.65356492394373E-11	1.54316476372571E-11	2.2586942742528	1.09716892222667E-12	1.50405934089926E-10	1E5	1E10	1E-30	1E-10	1E10	1E-30	1E-10	1E10	1E-30	1E-10	1E10	1E-30	1E-10	1E10	1E-30	1E-10	1E10	1E-30	1E-10	1E10	1E-30	1E-10	1E10	1E-30	1E-10	1E10	1E-30	1E-10	1E10	1E-30	1E-10	1E10	1E-30	1E-10	1E10	1E-30	1E-10	1E10	1E-30	1E-10	1	-0.25	0.25
96	1.2E-12	1E10	1E10	1E-30	1.1212393851082E-10	1E10	1E-30	1E10	0.65	1.65356492394373E-11	1.54316476372571E-11	2.2586942742528	1.09716892222667E-12	1.50405934089926E-10	1E5	1E10	1E-30	1E-10	1E10	1E-30	1E-10	1E10	1E-30	1E-10	1E10	1E-30	1E-10	1E10	1E-30	1E-10	1E10	1E-30	1E-10	1E10	1E-30	1E-10	1E10	1E-30	1E-10	1E10	1E-30	1E-10	1E10	1E-30	1E-10	1E10	1E-30	1E-10	1E10	1E-30	1E-10	1E10	1E-30	1E-10	1	-0.05	0.05
97	1.2E-12	1E10	1E10	1E-30	1.1212393851082E-10	1E10	1E-30	1E10	0.65	1.65356492394373E-11	1.54316476372571E-11	2.2586942742528	1.09716892222667E-12	1.50405934089926E-10	1E5	1E10	1E-30	1E-10	1E10	1E-30	1E-10	1E10	1E-30	1E-10	1E10	1E-30	1E-10	1E10	1E-30	1E-10	1E10	1E-30	1E-10	1E10	1E-30	1E-10	1E10	1E-30	1E-10	1E10	1E-30	1E-10	1E10	1E-30	1E-10	1E10	1E-30	1E-10	1E10	1E-30	1E-10	1E10	1E-30	1E-10	1	-0.1	0.1
98	1.2E-12	1E10	1E10	1E-30	1.1212393851082E-10	1E10	1E-30	1E10	0.65	1.65356492394373E-11	1.54316476372571E-11	2.2586942742528	1.09716892222667E-12	1.50405934089926E-10	1E5	1E10	1E-30	1E-10	1E10	1E-30	1E-10	1E10	1E-30	1E-10	1E10	1E-30	1E-10	1E10	1E-30	1E-10	1E10	1E-30	1E-10	1E10	1E-30	1E-10	1E10	1E-30	1E-10	1E10	1E-30	1E-10	1E10	1E-30	1E-10	1E10	1E-30	1E-10	1E10	1E-30	1E-10	1E10	1E-30	1E-10	1	-0.25	0.25
99	1.2E-12	1E10	1E10	1E-30	1.1212393851082E-10	1E10	1E-30	1E10	0.65	1.65356492394373E-11	1.54316476372571E-11	2.2586942742528	1.09716892222667E-12	1.50405934089926E-10	1E5	1E10	1E-30	1E-10	1E10	1E-30	1E-10	1E10	1E-30	1E-10	1E10	1E-30	1E-10	1E10	1E-30	1E-10	1E10	1E-30	1E-10	1E10	1E-30	1E-10	1E10	1E-30	1E-10	1E10	1E-30	1E-10	1E10	1E-30	1E-10	1E10	1E-30	1E-10	1E10	1E-30	1E-10	1E10	1E-30	1E-10	1	-0.05	0.05
100	1.2E-12	1E10	1E10	1E-30	1.1212393851082E-10	1E10	1E-30	1E10	0.65	1.65356492394373E-11	1.54316476372571E-11	2.2586942742528	1.09716892222667E-12	1.50405934089926E-10	1E5	1E10	1E-30	1E-10	1E10	1E-30	1E-10	1E10	1E-30	1E-10	1E10	1E-30	1E-10	1E10	1E-30	1E-10	1E10	1E-30	1E-10	1E10	1E-30	1E-10	1E10	1E-30	1E-10	1E10	1E-30	1E-10	1E10	1E-30	1E-10	1E10	1E-30	1E-10	1E10	1E-30	1E-10	1E10	1E-30	1E-10	1	-0.1	0.1
101	1.2E-12	1E10	1E10	1E-30	1.1212393851082E-10	1E10	1E-30	1E10	0.65	1.65356492394373E-11	1.54316476372571E-11	2.2586942742528	1.09716892222667E-12	1.50405934089926E-10	1E5	1E10	1E-30	1E-10	1E10	1E-30	1E-10	1E10	1E-30	1E-10	1E10	1E-30	1E-10	1E10	1E-30	1E-10	1E10	1E-30	1E-10	1E10	1E-30	1E-10	1E10	1E-30	1E-10	1E10	1E-30	1E-10	1E10	1E-30	1E-10	1E10	1E-30	1E-10	1E10	1E-30	1E-10	1E10	1E-30	1E-10	1	-0.25	0.25
102	1.2E-12	1E10	1E10	1E-30	1.1212393851082E-10	1E10	1E-30	1E10	0.65	1.65356492394373E-11	1.54316476372571E-11	2.2586942742528	1.09716892222667E-12	1.50405934089926E-10	1E5	1E10	1E-30	1E-10	1E10	1E-30	1E-10	1E10	1E-30	1E-10	1E10	1E-30	1E-10	1E10	1E-30	1E-10	1E10	1E-30	1E-10	1E10	1E-30	1E-10	1E10	1E-30	1E-10	1E10	1E-30	1E-10	1E10	1E-30	1E-10	1E10	1E-30	1E-10	1E10	1E-30	1E-10	1E10	1E-30	1E-10	1	-0.25	0.25
103	1.2E-12	1E10	1E10	1E-30	1.1212393851082E-10	1E10	1E-30	1E10	0.65	1.65356492394373E-11	1.54316476372571E-11	2.2586942742528	1.09716892222667E-12	1.50405934089926E-10	1E5	1E10	1E-30	1E-10	1E10	1E-30	1E-10	1E10	1E-30	1E-10	1E10	1E-30	1E-10	1E10	1E-30	1E-10	1E10	1E-30	1E-10	1E10	1E-30	1E-10	1E10	1E-30	1E-10	1E10	1E-30	1E-10	1E10	1E-30	1E-10	1E10	1E-30	1E-10	1E10	1E-30	1E-10	1E10	1E-30	1E-10	1	-0.05	0.05
104	1.2E-12	1E10	1E10	1E-30	1.1212393851082E-10	1E10	1E-30	1E10	0.65	1.65356492394373E-11	1.54316476372571E-11	2.2586942742528	1.09716892222667E-12	1.50405934089926E-10	1E5	1E10	1E-30	1E-10	1E10	1E-30	1E-10	1E10	1E-30	1E-10	1E10	1E-30	1E-10	1E10	1E-30	1E-10	1E10	1E-30	1E-10	1E10	1E-30	1E-10	1E10	1E-30	1E-10	1E10	1E-30	1E-10	1E10	1E-30	1E-10	1E10	1E-30	1E-10	1E10	1E-30	1E-10	1E10	1E-30	1E-10	1	-0.1	0.1
105	1.2E-12	1E10	1E10	1E-30	1.1212393851082E-10	1E10	1E-30	1E10	0.65	1.65356492394373E-11	1.54316476372571E-11	2.2586942742528	1.09716892222667E-12	1.50405934089926E-10	1E5	1E10	1E-30	1E-10	1E10	1E-30	1E-10	1E10	1E-30	1E-10	1E10	1E-30	1E-10	1E10	1E-30	1E-10	1E10	1E-30	1E-10	1E10	1E-30	1E-10	1E10	1E-30	1E-10	1E10	1E-30	1E-10	1E10	1E-30	1E-10	1E10	1E-30	1E-10	1E10	1E-30	1E-10	1E10	1E-30	1E-10	1	-0.25	0.25
106	1.2E-12	1E10	1E10	1E-30	1.1212393851082E-10	1E10	1E-30	1E10	0.65	1.65356492394373E-11	1.54316476372571E-11	2.2586942742528	1.09716892222667E-12	1.50405934089926E-10	1E5	1E10	1E-30	1E-10	1E10	1E-30	1E-10	1E10	1E-30	1E-10	1E10	1E-30	1E-10	1E10	1E-30	1E-10	1E10	1E-30	1E-10	1E10	1E-30	1E-10	1E10	1E-30	1E-10	1E10	1E-30	1E-10	1E10	1E-30	1E-10	1E10	1E-30	1E-10	1E10	1E-30	1E-10	1E10	1E-30	1E-10	1	-0.05	0.05
107	1.2E-12	1E10	1E10	1E-30	1.1212393851082E-10	1E10	1E-30	1E10	0.65	1.65356492394373E-11	1.54316476372571E-11	2.2586942742528	1.09716892222667E-12	1.50405934089926E-10	1E5	1E10	1E-30	1E-10	1E10	1E-30	1E-10	1E10	1E-30	1E-10	1E10	1E-30	1E-10	1E10	1E-30	1E-10	1E10	1E-30	1E-10	1E10	1E-30	1E-10	1E10	1E-30	1E-10	1E10	1E-30	1E-10	1E10	1E-30	1E-10	1E10	1E-30	1E-10	1E10	1E-30	1E-10	1E10	1E-30	1E-10	1	-0.1	0.1
108	1.2E-12	1E10	1E10	1E-30	1.1212393851082E-10	1E10	1E-30	1E10	0.65	1.65356492394373E-11	1.54316476372571E-11	2.2586942742528	1.09716892222667E-12	1.50405934089926E-10	1E5	1E10	1E-30	1E-10	1E10	1E-30	1E-10	1E10	1E-30	1E-10	1E10	1E-30	1E-10	1E10	1E-30	1E-10	1E10	1E-30	1E-10	1E10	1E-30	1E-10	1E10	1E-30	1E-10	1E10	1E-30	1E-10	1E10	1E-30	1E-10	1E10	1E-30	1E-10	1E10	1E-30	1E-10	1E10	1E-30	1E-10	1	-0.25	0.25
109	1.3E-12	1E10	1E10	1E-30	1.1212393851082E-10	1E10	1E-30	1E10	0.65	1.65356492394373E-11	1.54316476372571E-11	2.2586942742528	1.09716892222667E-12	1.50405934089926E-10	1E5	1E10	1E-30	1E-10	1E10	1E-30	1E-10	1E10	1E-30	1E-10	1E10	1E-30	1E-10	1E10	1E-30	1E-10	1E10	1E-30	1E-10	1E10	1E-30	1E-10	1E10	1E-30	1E-10	1E10	1E-30	1E-10	1E10	1E-30	1E-10	1E10	1E-30	1E-10	1E10	1E-30	1E-10	1E10	1E-30	1E-10	1	-0.25	0.25
110	1.3E-12	1E10	1E10	1E-30	1.1212393851082E-10	1E10	1E-30	1E10	0.65	1.65356492394373E-11	1.54316476372571E-11	2.2586942742528	1.09716892222667E-12	1.50405934089926E-10	1E5	1E10	1E-30	1E-10	1E10	1E-30	1E-10	1E10	1E-30	1E-10	1E10	1E-30	1E-10	1E10	1E-30	1E-10	1E10	1E-30	1E-10	1E10	1E-30	1E-10	1E10	1E-30	1E-10	1E10	1E-30	1E-10	1E10	1E-30	1E-10	1E10	1E-30	1E-10	1E10	1E-30	1E-10	1E10	1E-30	1E-10	1	-0.05	0.05
111	1.3E-12	1E10	1E10	1E-30	1.1212393851082E-10	1E10	1E-30	1E10	0.65	1.65356492394373E-11	1.54316476372571E-11	2.2586942742528	1.09716892222667E-12	1.50405934089926E-10	1E5	1E10	1E-30	1E-10	1E10	1E-30	1E-10	1E10	1E-30	1E-10	1E10	1E-30	1E-10	1E10	1E-30	1E-10	1E10	1E-30	1E-10	1E10	1E-30	1E-10	1E10	1E-30	1E-10	1E10	1E-30	1E-10	1E10	1E-30	1E-10	1E10	1E-30	1E-10	1E10	1E-30	1E-10	1E10	1E-30	1E-10	1	-0.1	0.1
112	1.3E-12	1E10	1E10	1E-30	1.1212393851082E-10	1E10	1E-30	1E10	0.65	1.65356492394373E-11	1.54316476372571E-11	2.2586942742528	1.09716892222667E-12	1.50405934089926E-10	1E5	1E10	1E-30	1E-10	1E10	1E-30	1E-10	1E10	1E-30	1E-10	1E10	1E-30	1E-10	1E10	1E-30	1E-10	1E10	1E-30	1E-10	1E10	1E-30	1E-10	1E10	1E-30	1E-10	1E10	1E-30	1E-10	1E10	1E-30	1E-10	1E10	1E-30	1E-10	1E10	1E-30	1E-10	1E10	1E-30	1E-10	1	-0.25	0.25
113	1.3E-12	1E10	1E10	1E-30	1.1212393851082E-10	1E10	1E-30	1E10	0.65	1.65356492394373E-11	1.54316476372571E-11	2.2586942742528	1.09716892222667E-12	1.50405934089926E-10	1E5	1E10	1E-30	1E-10	1E10	1E-30	1E-10	1E10	1E-30	1E-10	1E10	1E-30	1E-10	1E10	1E-30	1E-10	1E10	1E-30	1E-10	1E10	1E-30	1E-10	1E10	1E-30	1E-10	1E10	1E-30	1E-10	1E10	1E-30	1E-10	1E10	1E-30	1E-10	1E10	1E-30	1E-10	1E10	1E-30	1E-10	1	-0.05	0.05
114	1.3E-12	1E10	1E10	1E-30	1.1212393851082E-10	1E10	1E-30	1E10	0.65	1.65356492394373E-11	1.54316476372571E-11	2.2586942742528	1.09716892222667E-12	1.50405934089926E-10	1E5	1E10	1E-30	1E-10	1E10	1E-30	1E-10	1E10	1E-30	1E-10	1E10	1E-30	1E-10	1E10	1E-30	1E-10	1E10	1E-30	1E-10	1E10	1E-30	1E-10	1E10	1E-30	1E-10	1E10	1E-30	1E-10	1E10	1E-30	1E-10	1E10	1E-30	1E-10	1E10	1E-30	1E-10	1E10	1E-30	1E-10	1	-0.1	0.1
115	1.3E-12	1E10	1E10	1E-30	1.1212393851082E-10	1E10	1E-30	1E10	0.65	1.65356492394373E-11	1.54316476372571E-11	2.2586942742528	1.09716892222667E-12	1.50405934089926E-10	1E5	1E10	1E-30	1E-10	1E10	1E-30	1E-10	1E10	1E-30	1E-10	1E10	1E-30	1E-10	1E10	1E-30	1E-10	1E10	1E-30	1E-10	1E10	1E-30	1E-10	1E10	1E-30	1E-10	1E10	1E-30	1E-10	1E10	1E-30	1E-10	1E10	1E-30	1E-10	1E10	1E-30	1E-10	1E10	1E-30	1E-10	1	-0.25	0.25
116	1.3E-12	1E10	1E10	1E-30	1.1212393851082E-10	1E10	1E-30	1E10	0.65	1.65356492394373E-11	1.54316476372571E-11	2.2586942742528	1.09716892222667E-12	1.50405934089926E-10	1E5	1E10	1E-30	1E-10	1E10	1E-30	1E-10	1E10	1E-30	1E-10	1E10	1E-30	1E-10	1E10	1E-30	1E-10	1E10	1E-30	1E-10	1E10	1E-30	1E-10	1E10	1E-30	1E-10	1E10	1E-30	1E-10	1E10	1E-30	1E-10	1E10	1E-30	1E-10	1E10	1E-30	1E-10	1E10	1E-30	1E-10	1	-0.25	0.25
117	1.3E-12	1E10	1E10	1E-30	1.1212393851082E-10	1E10	1E-30	1E10	0.65	1.65356492394373E-11	1.54316476372571E-11	2.2586942742528	1.09716892222667E-12	1.50405934089926E-10	1E5	1E10	1E-30	1E-10	1E10	1E-30	1E-10	1E10	1E-30	1E-10	1E10	1E-30	1E-10	1E10	1E-30	1E-10	1E10	1E-30	1E-10	1E10	1E-30	1E-10	1E10	1E-30	1E-10	1E10	1E-30	1E-10	1E10	1E-30	1E-10	1E10	1E-30	1E-10	1E10	1E-30	1E-10	1E10	1E-30	1E-10	1	-0.05	0.05
118	1.3E-12	1E10	1E10	1E-30	1.1212393851082E-10	1E10	1E-30	1E10	0.65	1.65356492394373E-11	1.54316476372571E-11	2.2586942742528	1.09716892222667E-12	1.50405934089926E-10	1E5	1E10	1E-30	1E-10	1E10	1E-30	1E-10	1E10	1E-30	1E-10	1E10	1E-30	1E-10	1E10	1E-30	1E-10	1E10	1E-30	1E-10	1E10	1E-30	1E-10	1E10	1E-30	1E-10	1E10	1E-30	1E-10	1E10	1E-30	1E-10	1E10	1E-30	1E-10	1E10	1E-30	1E-10	1E10	1E-30	1E-10	1	-0.1	0.1
119	1.3E-12	1E10	1E10	1E-30	1.1212393851082E-10	1E10	1E-30	1E10	0.65	1.65356492394373E-11	1.54316476372571E-11	2.2586942742528	1.09716892222667E-12	1.50405934089926E-10	1E5	1E10	1E-30	1E-10	1E10	1E-30	1E-10	1E10	1E-30	1E-10	1E10	1E-30	1E-10	1E10	1E-30	1E-10	1E10	1E-30	1E-10	1E10	1E-30	1E-10	1E10	1E-30	1E-10	1E10	1E-30	1E-10	1E10	1E-30	1E-10	1E10	1E-30	1E-10	1E10	1E-30	1E-10	1E10	1E-30	1E-10	1	-0.25	0.25
120	1.3E-12	1E10	1E10	1E-30	1.1212393851082E-10	1E10	1E-30	1E10	0.65	1.65356492394373E-11	1.54316476372571E-11	2.2586942742528	1.09716892222667E-12	1.50405934089926E-10	1E5	1E10	1E-30	1E-10	1E10	1E-30	1E-10	1E10	1E-30	1E-10	1E10	1E-30	1E-10	1E10	1E-30	1E-10	1E10	1E-30	1E-10	1E10	1E-30	1E-10	1E10	1E-30	1E-10	1E10	1E-30	1E-10	1E10	1E-30	1E-10	1E10	1E-30	1E-10	1E10	1E-30	1E-10	1E10	1E-30	1E-10	1	-0.05	0.05
121	1.3E-12	1E10	1E10	1E-30	1.1212393851082E-10	1E10	1E-30	1E10	0.65	1.65356492394373E-11	1.54316476372571E-11	2.2586942742528	1.09716892222667E-12	1.50405934089926E-10	1E5	1E10	1E-30	1E-10	1E10	1E-30	1E-10	1E10	1E-30	1E-10	1E10	1E-30	1E-10	1E10	1E-30	1E-10	1E10	1E-30	1E-10	1E10	1E-30	1E-10	1E10	1E-30	1E-10	1E10	1E-30	1E-10	1E10	1E-30	1E-10	1E10	1E-30	1E-10	1E10	1E-30	1E-10	1E10	1E-30	1E-10	1	-0.1	0.1
122	1.3E-12	1E10	1E10	1E-30	1.1212393851082E-10	1E10	1E-30	1E10	0.65	1.65356492394373E-11	1.54316476372571E-11	2.2586942742528	1.09716892222667E-12	1.50405934089926E-10	1E5	1E10	1E-30	1E-10	1E10	1E-30	1E-10	1E10	1E-30	1E-10	1E10	1E-30	1E-10	1E10	1E-30	1E-10	1E10	1E-30	1E-10	1E10	1E-30	1E-10	1E10	1E-30	1E-10	1E10	1E-30	1E-10	1E10	1E-30	1E-10	1E10	1E-30	1E-10	1E10	1E-30	1E-10	1E10	1E-30	1E-10	1	-0.25	0.25
123	1.39999999999999E-12	1E10	1E10	1E-30	5.44225563810713E-11	1E10	1E-30	1E10	0.55	2.6979966529674E-11	1.16292955033918E-11	1.56389242978434	2.35364079609636E-13	2.57820196929869E-10	1E5	1E10	1E-30	1E-10	1E10	1E-30	1E-10	1E10	1E-30	1E-10	1E10	1E-30	1E-10	1E10	1E-30	1E-10	1E10	1E-30	1E-10	1E10	1E-30	1E-10	1E10	1E-30	1E-10	1E10	1E-30	1E-10	1E10	1E-30	1E-10	1E10	1E-30	1E-10	1E10	1E-30	1E-10	1E10	1E-30	1E-10	1	-0.05	0.05
124	1.39999999999999E-12	1E10	1E10	1E-30	5.44225563810713E-11	1E10	1E-30	1E10	0.55	2.6979966529674E-11	1.16292955033918E-11	1.56389242978434	2.35364079609636E-13	2.57820196929869E-10	1E5	1E10	1E-30	1E-10	1E10	1E-30	1E-10	1E10	1E-30	1E-10	1E10	1E-30	1E-10	1E10	1E-30	1E-10	1E10	1E-30	1E-10	1E10	1E-30	1E-10	1E10	1E-30	1E-10	1E10	1E-30	1E-10	1E10	1E-30	1E-10	1E10	1E-30	1E-10	1E10	1E-30	1E-10	1E10	1E-30	1E-10	1	-0.1	0.1
125	1.39999999999999E-12	1E10	1E10	1E-30	5.44225563810713E-11	1E10	1E-30	1E10	0.55	2.6979966529674E-11	1.16292955033918E-11	1.56389242978434	2.35364079609636E-13	2.57820196929869E-10	1E5	1E10	1E-30	1E-10	1E10	1E-30	1E-10	1E10	1E-30	1E-10	1E10	1E-30	1E-10	1E10	1E-30	1E-10	1E10	1E-30	1E-10	1E10	1E-30	1E-10	1E10	1E-30	1E-10	1E10	1E-30	1E-10	1E10	1E-30	1E-10	1E10	1E-30	1E-10	1E10	1E-30	1E-10	1E10	1E-30	1E-10	1	-0.25	0.25
126	1.39999999999999E-12	1E10	1E10	1E-30	5.44225563810713E-11	1E10	1E-30	1E10	0.55	2.6979966529674E-11	1.16292955033918E-11	1.56389242978434	2.35364079609636E-13	2.57820196929869E-10	1E5	1E10	1E-30	1E-10	1E10	1E-30	1E-10	1E10	1E-30	1E-10	1E10	1E-30	1E-10	1E10	1E-30	1E-10	1E10	1E-30	1E-10	1E10	1E-30	1E-10	1E10	1E-30	1E-10	1E10	1E-30	1E-10	1E10	1E-30	1E-10	1E10	1E-30	1E-10	1E10	1E-30	1E-10	1E10	1E-30	1E-10	1	-0.05	0.05
127	1.39999999999999E-12	1E10	1E10	1E-30	5.44225563810713E-11	1E10	1E-30	1E10	0.55	2.6979966529674E-11	1.16292955033918E-11	1.56389242978434	2.35364079609636E-13	2.57820196929869E-10	1E5	1E10	1E-30	1E-10	1E10	1E-30	1E-10	1E10	1E-30	1E-10	1E10	1E-30	1E-10	1E10	1E-30	1E-10	1E10	1E-30	1E-10	1E10	1E-30	1E-10	1E10	1E-30	1E-10	1E10	1E-30	1E-10	1E10	1E-30	1E-10	1E10	1E-30	1E-10	1E10	1E-30	1E-10	1E10	1E-30	1E-10	1	-0.1	0.1
128	1.39999999999999E-12	1E10	1E10	1E-30	5.44225563810713E-11	1E10	1E-30	1E10	0.55	2.6979966529674E-11	1.16292955033918E-11	1.56389242978434	2.35364079609636E-13	2.57820196929869E-10	1E5	1E10	1E-30	1E-10	1E10	1E-30	1E-10	1E10	1E-30	1E-10	1E10	1E-30	1E-10	1E10	1E-30	1E-10	1E10	1E-30	1E-10	1E10	1E-30	1E-10	1E10	1E-30	1E-10	1E10	1E-30	1E-10	1E10	1E-30	1E-10	1E10	1E-30	1E-10	1E10	1E-30	1E-10	1E10	1E-30	1E-10	1	-0.25	0.25
129	1.39999999999999E-12	1E10	1E10	1E-30	5.44225563810713E-11	1E10	1E-30	1E10	0.55	2.6979966529674E-11	1.16292955033918E-11	1.56389242978434	2.35364079609636E-13	2.57820196929869E-10	1E5	1E10	1E-30	1E-10	1E10	1E-30	1E-10	1E10	1E-30	1E-10	1E10	1E-30	1E-10	1E10	1E-30	1E-10	1E10	1E-30	1E-10	1E10	1E-30	1E-10	1E10	1E-30	1E-10	1E10	1E-30	1E-10	1E10	1E-30	1E-10	1E10	1E-30	1E-10	1E10	1E-30	1E-10	1E10	1E-30	1E-10	1	-0.05	0.05
130	1.39999999999999E-12	1E10	1E10	1E-30	5.44225563810713E-11	1E10	1E-30	1E10	0.55	2.6979966529674E-11	1.16292955033918E-11	1.56389242978434	2.35364079609636E-13	2.57820196929869E-10	1E5	1E10	1E-30	1E-10	1E10	1E-30	1E-10	1E10	1E-30	1E-10	1E10	1E-30	1E-10	1E10	1E-30	1E-10	1E10	1E-30	1E-10	1E10	1E-30	1E-10	1E10	1E-30	1E-10	1E10	1E-30	1E-10	1E10	1E-30	1E-10	1E10	1E-30	1E-10	1E10	1E-30	1E-10	1E10	1E-30	1E-10	1	-0.1	0.1
131	1.39999999999999E-12	1E10	1E10	1E-30	5.44225563810713E-11	1E10	1E-30	1E10	0.55	2.6979966529674E-11	1.16292955033918E-11	1.56389242978434	2.35364079609636E-13	2.57820196929869E-10	1E5	1E10	1E-30	1E-10	1E10	1E-30	1E-10	1E10	1E-30	1E-10	1E10	1E-30	1E-10	1E10	1E-30	1E-10	1E10	1E-30	1E-10	1E10	1E-30	1E-10	1E10	1E-30	1E-10	1E10	1E-30	1E-10	1E10	1E-30	1E-10	1E10	1E-30	1E-10	1E10	1E-30	1E-10	1E10	1E-30	1E-10	1	-0.25	0.25
132	1.39999999999999E-12	1E10	1E10	1E-30	5.44225563810713E-11	1E10	1E-30	1E10	0.55	2.6979966529674E-11	1.16292955033918E-11	1.56389242978434	2.35364079609636E-13	2.57820196929869E-10	1E5	1E10	1E-30	1E-10	1E10	1E-30	1E-10	1E10	1E-30	1E-10	1E10	1E-30	1E-10	1E10	1E-30	1E-10	1E10	1E-30	1E-10	1E10	1E-30	1E-10	1E10	1E-30	1E-10	1E10	1E-30	1E-10	1E10	1E-30	1E-10	1E10	1E-30	1E-10	1E10	1E-30	1E-10	1E10	1E-30	1E-10	1	-0.05	0.05
133	1.39999999999999E-12	1E10	1E10	1E-30	5.44225563810713E-11	1E10	1E-30	1E10	0.55	2.6979966529674E-11	1.16292955033918E-11	1.56389242978434	2.35364079609636E-13	2.57820196929869E-10	1E5	1E10	1E-30	1E-10	1E10	1E-30	1E-10	1E10	1E-30	1E-10	1E10	1E-30	1E-10	1E10	1E-30	1E-10	1E10	1E-30	1E-10	1E10	1E-30	1E-10	1E10	1E-30	1E-10	1E10	1E-30	1E-10	1E10	1E-30	1E-10	1E10	1E-30	1E-10	1E10	1E-30	1E-10	1E10	1E-30	1E-10	1	-0.1	0.1
134	1.39999999999999E-12	1E10	1E10	1E-30	5.44225563810713E-11	1E10	1E-30	1E10	0.55	2.6979966529674E-11	1.16292955033918E-11	1.56389242978434	2.35364079609636E-13	2.57820196929869E-10	1E5	1E10	1E-30	1E-10	1E10	1E-30	1E-10	1E10	1E-30	1E-10	1E10	1E-30	1E-10	1E10	1E-30	1E-10	1E10	1E-30	1E-10	1E10	1E-30	1E-10	1E10	1E-30	1E-10	1E10	1E-30	1E-10	1E10	1E-30	1E-10	1E10	1E-30	1E-10	1E10	1E-30	1E-10	1E10	1E-30	1E-10	1	-0.25	0.25
135	1.5E-12	1E10	1E10	1E-30	5.44225563810713E-11	1E10	1E-30	1E10	0.55	2.6979966529674E-11	1.16292955033918E-11	1.56389242978434	2.35364079609636E-13	2.57820196929869E-10	1E5	1E10	1E-30	1E-10	1E10	1E-30	1E-10	1E10	1E-30	1E-10	1E10	1E-30	1E-10	1E10	1E-30	1E-10	1E10	1E-30	1E-10	1E10	1E-30	1E-10	1E10	1E-30	1E-10	1E10	1E-30	1E-10	1E10	1E-30	1E-10	1E10	1E-30	1E-10	1E10	1E-30	1E-10	1E10	1E-30	1E-10	1	-0.25	0.25
136	1.5E-12	1E10	1E10	1E-30	5.44225563810713E-11	1E10	1E-30	1E10	0.55	2.6979966529674E-11	1.16292955033918E-11	1.56389242978434	2.35364079609636E-13	2.57820196929869E-10	1E5	1E10	1E-30	1E-10	1E10	1E-30	1E-10	1E10	1E-30	1E-10	1E10	1E-30	1E-10	1E10	1E-30	1E-10	1E10	1E-30	1E-10	1E10	1E-30	1E-10	1E10	1E-30	1E-10	1E10	1E-30	1E-10	1E10	1E-30	1E-10	1E10	1E-30	1E-10	1E10	1E-30	1E-10	1E10	1E-30	1E-10	1	-0.05	0.05
137	1.5E-12	1E10	1E10	1E-30	5.44225563810713E-11	1E10	1E-30	1E10	0.55	2.6979966529674E-11	1.16292955033918E-11	1.56389242978434	2.35364079609636E-13	2.57820196929869E-10	1E5	1E10	1E-30	1E-10	1E10	1E-30	1E-10	1E10	1E-30	1E-10	1E10	1E-30	1E-10	1E10	1E-30	1E-10	1E10	1E-30	1E-10	1E10	1E-30	1E-10	1E10	1E-30	1E-10	1E10	1E-30	1E-10	1E10	1E-30	1E-10	1E10	1E-30	1E-10	1E10	1E-30	1E-10	1E10	1E-30	1E-10	1	-0.1	0.1
138	1.5E-12	1E10	1E10	1E-30	5.44225563810713E-11	1E10	1E-30	1E10	0.55	2.6979966529674E-11	1.16292955033918E-11	1.56389242978434	2.35364079609636E-13	2.57820196929869E-10	1E5	1E10	1E-30	1E-10	1E10	1E-30	1E-10	1E10	1E-30	1E-10	1E10	1E-30	1E-10	1E10	1E-30	1E-10	1E10	1E-30	1E-10	1E10	1E-30	1E-10	1E10	1E-30	1E-10	1E10	1E-30	1E-10	1E10	1E-30	1E-10	1E10	1E-30	1E-10	1E10	1E-30	1E-10	1E10	1E-30	1E-10	1	-0.25	0.25
139	1.5E-12	1E10	1E10	1E-30	5.44225563810713E-11	1E10	1E-30	1E10	0.55	2.6979966529674E-11	1.16292955033918E-11	1.56389242978434	2.35364079609636E-13	2.57820196929869E-10	1E5	1E10	1E-30	1E-10	1E10	1E-30	1E-10	1E10	1E-30	1E-10	1E10	1E-30	1E-10	1E10	1E-30	1E-10	1E10	1E-30	1E-10	1E10	1E-30	1E-10	1E10	1E-30	1E-10	1E10	1E-30	1E-10	1E10	1E-30	1E-10	1E10	1E-30	1E-10	1E10	1E-30	1E-10	1E10	1E-30	1E-10	1	-0.05	0.05
140	1.5E-12	1E10	1E10	1E-30	5.44225563810713E-11	1E10	1E-30	1E10	0.55	2.6979966529674E-11	1.16292955033918E-11	1.56389242978434	2.35364079609636E-13	2.57820196929869E-10	1E5	1E10	1E-30	1E-10	1E10	1E-30	1E-10	1E10	1E-30	1E-10	1E10	1E-30	1E-10	1E10	1E-30	1E-10	1E10	1E-30	1E-10	1E10	1E-30	1E-10	1E10	1E-30	1E-10	1E10	1E-30	1E-10	1E10	1E-30	1E-10	1E10	1E-30	1E-10	1E10	1E-30	1E-10	1E10	1E-30	1E-10	1	-0.1	0.1
141	1.5E-12	1E10	1E10	1E-30	5.44225563810713E-11	1E10	1E-30	1E10	0.55	2.6979966529674E-11	1.16292955033918E-11	1.56389242978434	2.35364079609636E-13	2.57820196929869E-10	1E5	1E10	1E-30	1E-10	1E10	1E-30	1E-10	1E10	1E-30	1E-10	1E10	1E-30	1E-10	1E10	1E-30	1E-10	1E10	1E-30	1E-10	1E10	1E-30	1E-10	1E10	1E-30	1E-10	1E10	1E-30	1E-10	1E10	1E-30	1E-10	1E10	1E-30	1E-10	1E10	1E-30	1E-10	1E10	1E-30	1E-10	1	-0.25	0.25
142	1.5E-12	1E10	1E10	1E-30	5.44225563810713E-11	1E10	1E-30	1E10	0.55	2.6979966529674E-11	1.16292955033918E-11	1.56389242978434	2.35364079609636E-13	2.57820196929869E-10	1E5	1E10	1E-30	1E-10	1E10	1E-30	1E-10	1E10	1E-30	1E-10	1E10	1E-30	1E-10	1E10	1E-30	1E-10	1E10	1E-30	1E-10	1E10	1E-30	1E-10	1E10	1E-30	1E-10	1E10	1E-30	1E-10	1E10	1E-30	1E-10	1E10	1E-30	1E-10	1E10	1E-30	1E-10	1E10	1E-30	1E-10	1	-0.25	0.25
143	1.5E-12	1E10	1E10	1E-30	5.44225563810713E-11	1E10	1E-30	1E10	0.55	2.6979966529674E-11	1.16292955033918E-11	1.56389242978434	2.35364079609636E-13	2.57820196929869E-10	1E5	1E10	1E-30	1E-10	1E10	1E-30	1E-10	1E10	1E-30	1E-10	1E10	1E-30	1E-10	1E10	1E-30	1E-10	1E10	1E-30	1E-10	1E10	1E-30	1E-10	1E10	1E-30	1E-10	1E10	1E-30	1E-10	1E10	1E-30	1E-10	1E10	1E-30	1E-10	1E10	1E-30	1E-10	1E10	1E-30	1E-10	1	-0.05	0.05
144	1.5E-12	1E10	1E10	1E-30	5.44225563810713E-11	1E10	1E-30	1E10	0.55	2.6979966529674E-11	1.16292955033918E-11	1.56389242978434	2.35364079609636E-13	2.57820196929869E-10	1E5	1E10	1E-30	1E-10	1E10	1E-30	1E-10	1E10	1E-30	1E-10	1E10	1E-30	1E-10	1E10	1E-30	1E-10	1E10	1E-30	1E-10	1E10	1E-30	1E-10	1E10	1E-30	1E-10	1E10	1E-30	1E-10	1E10	1E-30	1E-10	1E10	1E-30	1E-10	1E10	1E-30	1E-10	1E10	1E-30	1E-10	1	-0.1	0.1
145	1.5E-12	1E10	1E10	1E-30	5.44225563810713E-11	1E10	1E-30	1E10	0.55	2.6979966529674E-11	1.16292955033918E-11	1.56389242978434	2.35364079609636E-13	2.57820196929869E-10	1E5	1E10	1E-30	1E-10	1E10	1E-30	1E-10	1E10	1E-30	1E-10	1E10	1E-30	1E-10	1E10	1E-30	1E-10	1E10	1E-30	1E-10	1E10	1E-30	1E-10	1E10	1E-30	1E-10	1E10	1E-30	1E-10	1E10	1E-30	1E-10	1E10	1E-30	1E-10	1E10	1E-30	1E-10	1E10	1E-30	1E-10	1	-0.25	0.25
146	1.5E-12	1E10	1E10	1E-30	5.44225563810713E-11	1E10	1E-30	1E10	0.55	2.6979966529674E-11	1.16292955033918E-11	1.56389242978434	2.35364079609636E-13	2.57820196929869E-10	1E5	1E10	1E-30	1E-10	1E10	1E-30	1E-10	1E10	1E-30	1E-10	1E10	1E-30	1E-10	1E10	1E-30	1E-10	1E10	1E-30	1E-10	1E10	1E-30	1E-10	1E10	1E-30	1E-10	1E10	1E-30	1E-10	1E10	1E-30	1E-10	1E10	1E-30	1E-10	1E10	1E-30	1E-10	1E10	1E-30	1E-10	1	-0.05	0.05
147	1.5E-12	1E10	1E10	1E-30	5.44225563810713E-11	1E10	1E-30	1E10	0.55	2.6979966529674E-11	1.16292955033918E-11	1.56389242978434	2.35364079609636E-13	2.57820196929869E-10	1E5	1E10	1E-30	1E-10	1E10	1E-30	1E-10	1E10	1E-30	1E-10	1E10	1E-30	1E-10	1E10	1E-30	1E-10	1E10	1E-30	1E-10	1E10	1E-30	1E-10	1E10	1E-30	1E-10	1E10	1E-30	1E-10	1E10	1E-30	1E-10	1E10	1E-30	1E-10	1E10	1E-30	1E-10	1E10	1E-30	1E-10	1	-0.1	0.1
148	1.5E-12	1E10	1E10	1E-30	5.44225563810713E-11	1E10	1E-30	1E10	0.55	2.6979966529674E-11	1.16292955033918E-11	1.56389242978434	2.35364079609636E-13	2.57820196929869E-10	1E5	1E10	1E-30	1E-10	1E10	1E-30	1E-10	1E10	1E-30	1E-10	1E10	1E-30	1E-10	1E10	1E-30	1E-10	1E10	1E-30	1E-10	1E10	1E-30	1E-10	1E10	1E-30	1E-10	1E10	1E-30	1E-10	1E10	1E-30	1E-10	1E10	1E-30	1E-10	1E10	1E-30	1E-10	1E10	1E-30	1E-10	1	-0.25	0.25
149	1.6E-12	1E10	1E10	1E-30	5.44225563810713E-11	1E10	1E-30	1E10	0.55	2.6979966529674E-11	1.16292955033918E-11	1.56389242978434	2.35364079609636E-13	2.57820196929869E-10	1E5	1E10	1E-30	1E-10	1E10	1E-30	1E-10	1E10	1E-30	1E-10	1E10	1E-30	1E-10	1E10	1E-30	1E-10	1E10	1E-30	1E-10	1E10	1E-30	1E-10	1E10	1E-30	1E-10	1E10	1E-30	1E-10	1E10	1E-30	1E-10	1E10	1E-30	1E-10	1E10	1E-30	1E-10	1E10	1E-30	1E-10	1	-0.25	0.25
150	1.6E-12	1E10	1E10	1E-30	5.44225563810713E-11	1E10	1E-30	1E10	0.55	2.6979966529674E-11	1.16292955033918E-11	1.56389242978434	2.35364079609636E-13	2.57820196929869E-10	1E5	1E10	1E-30	1E-10	1E10	1E-30	1E-10	1E10	1E-30	1E-10	1E10	1E-30	1E-10	1E10	1E-30	1E-10	1E10	1E-30	1E-10	1E10	1E-30	1E-10	1E10	1E-30	1E-10	1E10	1E-30	1E-10	1E10	1E-30	1E-10	1E10	1E-30	1E-10	1E10	1E-30	1E-10	1E10	1E-30	1E-10	1	-0.05	0.05
151	1.6E-12	1E10	1E10	1E-30	5.44225563810713E-11	1E10	1E-30	1E10	0.55	2.6979966529674E-11	1.16292955033918E-11	1.56389242978434	2.35364079609636E-13	2.57820196929869E-10	1E5	1E10	1E-30	1E-10	1E10	1E-30	1E-10	1E10	1E-30	1E-10	1E10	1E-30	1E-10	1E10	1E-30	1E-10	1E10	1E-30	1E-10	1E10	1E-30	1E-10	1E10	1E-30	1E-10	1E10	1E-30	1E-10	1E10	1E-30	1E-10	1E10	1E-30	1E-10	1E10	1E-30	1E-10	1E10	1E-30	1E-10	1	-0.1	0.1
152	1.6E-12	1E10	1E10	1E-30	5.44225563810713E-11	1E10	1E-30	1E10	0.55	2.6979966529674E-11	1.16292955033918E-11	1.56389242978434	2.35364079609636E-13	2.57820196929869E-10	1E5	1E10	1E-30	1E-10	1E10	1E-30	1E-10	1E10	1E-30	1E-10	1E10	1E-30	1E-10	1E10	1E-30	1E-10	1E10	1E-30	1E-10	1E10	1E-30	1E-10	1E10	1E-30	1E-10	1E10	1E-30	1E-10	1E10	1E-30	1E-10	1E10	1E-30	1E-10	1E10	1E-30	1E-10	1E10	1E-30	1E-10	1	-0.25	0.25
153	1.6E-12	1E10	1E10	1E-30	5.44225563810713E-11	1E10	1E-30	1E10	0.55	2.6979966529674E-11	1.16292955033918E-11	1.56389242978434	2.35364079609636E-13	2.57820196929869E-10	1E5	1E10	1E-30	1E-10	1E10	1E-30	1E-10	1E10	1E-30	1E-10	1E10	1E-30	1E-10	1E10	1E-30	1E-10	1E10	1E-30	1E-10	1E10	1E-30	1E-10	1E10	1E-30	1E-10	1E10	1E-30	1E-10	1E10	1E-30	1E-10	1E10	1E-30	1E-10	1E10	1E-30	1E-10	1E10	1E-30	1E-10	1	-0.05	0.05
154	1.6E-12	1E10	1E10	1E-30	5.44225563810713E-11	1E10	1E-30	1E10	0.55	2.6979966529674E-11	1.16292955033918E-11	1.56389242978434	2.35364079609636E-13	2.57820196929869E-10	1E5	1E10	1E-30	1E-10	1E10	1E-30	1E-10	1E10	1E-30	1E-10	1E10	1E-30	1E-10	1E10	1E-30	1E-10	1E10	1E-30	1E-10	1E10	1E-30	1E-10	1E10	1E-30	1E-10	1E10	1E-30	1E-10	1E10	1E-30	1E-10	1E10	1E-30	1E-10	1E10	1E-30	1E-10	1E10	1E-30	1E-10	1	-0.1	0.1
155	1.6E-12	1E10	1E10	1E-30	5.44225563810713E-11	1E10	1E-30	1E10	0.55	2.6979966529674E-11	1.16292955033918E-11	1.56389242978434	2.35364079609636E-13	2.57820196929869E-10	1E5	1E10	1E-30	1E-10	1E10	1E-30	1E-10	1E10	1E-30	1E-10	1E10	1E-30	1E-10	1E10	1E-30	1E-10	1E10	1E-30	1E-10	1E10	1E-30	1E-10	1E10	1E-30	1E-10	1E10	1E-30	1E-10	1E10	1E-30	1E-10	1E10	1E-30	1E-10	1E10	1E-30	1E-10	1E10	1E-30	1E-10	1	-0.25	0.25
156	1.6E-12	1E10	1E10	1E-30	5.44225563810713E-11	1E10	1E-30	1E10	0.55	2.6979966529674E-11	1.16292955033918E-11	1.56389242978434	2.35364079609636E-13	2.57820196929869E-10	1E5	1E10	1E-30	1E-10	1E10	1E-30	1E-10	1E10	1E-30	1E-10	1E10	1E-30	1E-10	1E10	1E-30	1E-10	1E10	1E-30	1E-10	1E10	1E-30	1E-10	1E10	1E-30	1E-10	1E10	1E-30	1E-10	1E10	1E-30	1E-10	1E10	1E-30	1E-10	1E10	1E-30	1E-10	1E10	1E-30	1E-10	1	-0.25	0.25
157	1.6E-12	1E10	1E10	1E-30	5.44225563810713E-11	1E10	1E-30	1E10	0.55	2.6979966529674E-11	1.16292955033918E-11	1.56389242978434	2.35364079609636E-13	2.57820196929869E-10	1E5	1E10	1E-30	1E-10	1E10	1E-30	1E-10	1E10	1E-30	1E-10	1E10	1E-30	1E-10	1E10	1E-30	1E-10	1E10	1E-30	1E-10	1E10	1E-30	1E-10	1E10	1E-30	1E-10	1E10	1E-30	1E-10	1E10	1E-30	1E-10	1E10	1E-30	1E-10	1E10	1E-30	1E-10	1E10	1E-30	1E-10	1	-0.05	0.05
158	1.6E-12	1E10	1E10	1E-30	5.44225563810713E-11	1E10	1E-30	1E10	0.55	2.6979966529674E-11	1.16292955033918E-11	1.56389242978434	2.35364079609636E-13	2.57820196929869E-10	1E5	1E10	1E-30	1E-10	1E10	1E-30	1E-10	1E10	1E-30	1E-10	1E10	1E-30	1E-10	1E10	1E-30	1E-10	1E10	1E-30	1E-10	1E10	1E-30	1E-10	1E10	1E-30	1E-10	1E10	1E-30	1E-10	1E10	1E-30	1E-10	1E10	1E-30	1E-10	1E10	1E-30	1E-10	1E10	1E-30	1E-10	1	-0.1	0.1
159	1.6E-12	1E10	1E10	1E-30	5.44225563810713E-11	1E10	1E-30	1E10	0.55	2.6979966529674E-11	1.16292955033918E-11	1.56389242978434	2.35364079609636E-13	2.57820196929869E-10	1E5	1E10	1E-30	1E-10	1E10	1E-30	1E-10	1E10	1E-30	1E-10	1E10	1E-30	1E-10	1E10	1E-30	1E-10	1E10	1E-30	1E-10	1E10	1E-30	1E-10	1E10	1E-30	1E-10	1E10	1E-30	1E-10	1E10	1E-30	1E-10	1E10	1E-30	1E-10	1E10	1E-30	1E-10	1E10	1E-30	1E-10	1	-0.25	0.25
160	1.6E-12	1E10	1E10	1E-30	5.44225563810713E-11	1E10	1E-30	1E10	0.55	2.6979966529674E-11	1.16292955033918E-11	1.56389242978434	2.35364079609636E-13	2.57820196929869E-10	1E5	1E10	1E-30	1E-10	1E10	1E-30	1E-10	1E10	1E-30	1E-10	1E10	1E-30	1E-10	1E10	1E-30	1E-10	1E10	1E-30	1E-10	1E10	1E-30	1E-10	1E10	1E-30	1E-10	1E10	1E-30	1E-10	1E10	1E-30	1E-10	1E10	1E-30	1E-10	1E10	1E-30	1E-10	1E10	1E-30	1E-10	1	-0.05	0.05
161	1.6E-12	1E10	1E10	1E-30	5.44225563810713E-11	1E10	1E-30	1E10	0.55	2.6979966529674E-11	1.16292955033918E-11	1.56389242978434	2.35364079609636E-13	2.57820196929869E-10	1E5	1E10	1E-30	1E-10	1E10	1E-30	1E-10	1E10	1E-30	1E-10	1E10	1E-30	1E-10	1E10	1E-30	1E-10	1E10	1E-30	1E-10	1E10	1E-30	1E-10	1E10	1E-30	1E-10	1E10	1E-30	1E-10	1E10	1E-30	1E-10	1E10	1E-30	1E-10	1E10	1E-30	1E-10	1E10	1E-30	1E-10	1	-0.1	0.1
162	1.6E-12	1E10	1E10	1E-30	5.44225563810713E-11	1E10	1E-30	1E10	0.55	2.6979966529674E-11	1.16292955033918E-11	1.56389242978434	2.35364079609636E-13	2.57820196929869E-10	1E5	1E10	1E-30	1E-10	1E10	1E-30	1E-10	1E10	1E-30	1E-10	1E10	1E-30	1E-10	1E10	1E-30	1E-10	1E10	1E-30	1E-10	1E10	1E-30	1E-10	1E10	1E-30	1E-10	1E10	1E-30	1E-10	1E10	1E-30	1E-10	1E10	1E-30	1E-10	1E10	1E-30	1E-10	1E10	1E-30	1E-10	1	-0.25	0.25
163	1.69999999999999E-12	1E10	1E10	1E-30	2.57019562524236E-10	1E10	1E-30	1E10	0.42	1.70262578029564E-11	1.79633676455374E-11	3.70486932099184	6.87155367570087E-12	4.00902066030357E-11	1E5	1E10	1E-30	1E-10	1E10	1E-30	1E-10	1E10	1E-30	1E-10	1E10	1E-30	1E-10	1E10	1E-30	1E-10	1E10	1E-30	1E-10	1E10	1E-30	1E-10	1E10	1E-30	1E-10	1E10	1E-30	1E-10	1E10	1E-30	1E-10	1E10	1E-30	1E-10	1E10	1E-30	1E-10	1E10	1E-30	1E-10	1	-0.05	0.05
164	1.69999999999999E-12	1E10	1E10	1E-30	2.57019562524236E-10	1E10	1E-30	1E10	0.42	1.70262578029564E-11	1.79633676455374E-11	3.70486932099184	6.87155367570087E-12	4.00902066030357E-11	1E5	1E10	1E-30	1E-10	1E10	1E-30	1E-10	1E10	1E-30	1E-10	1E10	1E-30	1E-10	1E10	1E-30	1E-10	1E10	1E-30	1E-10	1E10	1E-30	1E-10	1E10	1E-30	1E-10	1E10	1E-30	1E-10	1E10	1E-30	1E-10	1E10	1E-30	1E-10	1E10	1E-30	1E-10	1E10	1E-30	1E-10	1	-0.1	0.1
165	1.69999999999999E-12	1E10	1E10	1E-30	2.57019562524236E-10	1E10	1E-30	1E10	0.42	1.70262578029564E-11	1.79633676455374E-11	3.70486932099184	6.87155367570087E-12	4.00902066030357E-11	1E5	1E10	1E-30	1E-10	1E10	1E-30	1E-10	1E10	1E-30	1E-10	1E10	1E-30	1E-10	1E10	1E-30	1E-10	1E10	1E-30	1E-10	1E10	1E-30	1E-10	1E10	1E-30	1E-10	1E10	1E-30	1E-10	1E10	1E-30	1E-10	1E10	1E-30	1E-10	1E10	1E-30	1E-10	1E10	1E-30	1E-10	1	-0.25	0.25
166	1.69999999999999E-12	1E10	1E10	1E-30	2.57019562524236E-10	1E10	1E-30	1E10	0.42	1.70262578029564E-11	1.79633676455374E-11	3.70486932099184	6.87155367570087E-12	4.00902066030357E-11	1E5	1E10	1E-30	1E-10	1E10	1E-30	1E-10	1E10	1E-30	1E-10	1E10	1E-30	1E-10	1E10	1E-30	1E-10	1E10	1E-30	1E-10	1E10	1E-30	1E-10	1E10	1E-30	1E-10	1E10	1E-30	1E-10	1E10	1E-30	1E-10	1E10	1E-30	1E-10	1E10	1E-30	1E-10	1E10	1E-30	1E-10	1	-0.05	0.05
167	1.69999999999999E-12	1E10	1E10	1E-30	2.57019562524236E-10	1E10	1E-30	1E10	0.42	1.70262578029564E-11	1.79633676455374E-11	3.70486932099184	6.87155367570087E-12	4.00902066030357E-11	1E5	1E10	1E-30	1E-10	1E10	1E-30	1E-10	1E10	1E-30	1E-10	1E10	1E-30	1E-10	1E10	1E-30	1E-10	1E10	1E-30	1E-10	1E10	1E-30	1E-10	1E10	1E-30	1E-10	1E10	1E-30	1E-10	1E10	1E-30	1E-10	1E10	1E-30	1E-10	1E10	1E-30	1E-10	1E10	1E-30	1E-10	1	-0.1	0.1
168	1.69999999999999E-12	1E10	1E10	1E-30	2.57019562524236E-10	1E10	1E-30	1E10	0.42	1.70262578029564E-11	1.79633676455374E-11	3.70486932099184	6.87155367570087E-12	4.00902066030357E-11	1E5	1E10	1E-30	1E-10	1E10	1E-30	1E-10	1E10	1E-30	1E-10	1E10	1E-30	1E-10	1E10	1E-30	1E-10	1E10	1E-30	1E-10	1E10	1E-30	1E-10	1E10	1E-30	1E-10	1E10	1E-30	1E-10	1E10	1E-30	1E-10	1E10	1E-30	1E-10	1E10	1E-30	1E-10	1E10	1E-30	1E-10	1	-0.25	0.25
169	1.69999999999999E-12	1E10	1E10	1E-30	2.57019562524236E-10	1E10	1E-30	1E10	0.42	1.70262578029564E-11	1.79633676455374E-11	3.70486932099184	6.87155367570087E-12	4.00902066030357E-11	1E5	1E10	1E-30	1E-10	1E10	1E-30	1E-10	1E10	1E-30	1E-10	1E10	1E-30	1E-10	1E10	1E-30	1E-10	1E10	1E-30	1E-10	1E10	1E-30	1E-10	1E10	1E-30	1E-10	1E10	1E-30	1E-10	1E10	1E-30	1E-10	1E10	1E-30	1E-10	1E10	1E-30	1E-10	1E10	1E-30	1E-10	1	-0.05	0.05
170	1.69999999999999E-12	1E10	1E10	1E-30	2.57019562524236E-10	1E10	1E-30	1E10	0.42	1.70262578029564E-11	1.79633676455374E-11	3.70486932099184	6.87155367570087E-12	4.00902066030357E-11	1E5	1E10	1E-30	1E-10	1E10	1E-30	1E-10	1E10	1E-30	1E-10	1E10	1E-30	1E-10	1E10	1E-30	1E-10	1E10	1E-30	1E-10	1E10	1E-30	1E-10	1E10	1E-30	1E-10	1E10	1E-30	1E-10	1E10	1E-30	1E-10	1E10	1E-30	1E-10	1E10	1E-30	1E-10	1E10	1E-30	1E-10	1	-0.1	0.1
171	1.69999999999999E-12	1E10	1E10	1E-30	2.57019562524236E-10	1E10	1E-30	1E10	0.42	1.70262578029564E-11	1.79633676455374E-11	3.70486932099184	6.87155367570087E-12	4.00902066030357E-11	1E5	1E10	1E-30	1E-10	1E10	1E-30	1E-10	1E10	1E-30	1E-10	1E10	1E-30	1E-10	1E10	1E-30	1E-10	1E10	1E-30	1E-10	1E10	1E-30	1E-10	1E10	1E-30	1E-10	1E10	1E-30	1E-10	1E10	1E-30	1E-10	1E10	1E-30	1E-10	1E10	1E-30	1E-10	1E10	1E-30	1E-10	1	-0.25	0.25
172	1.69999999999999E-12	1E10	1E10	1E-30	2.57019562524236E-10	1E10	1E-30	1E10	0.42	1.70262578029564E-11	1.79633676455374E-11	3.70486932099184	6.87155367570087E-12	4.00902066030357E-11	1E5	1E10	1E-30	1E-10	1E10	1E-30	1E-10	1E10	1E-30	1E-10	1E10	1E-30	1E-10	1E10	1E-30	1E-10	1E10	1E-30	1E-10	1E10	1E-30	1E-10	1E10	1E-30	1E-10	1E10	1E-30	1E-10	1E10	1E-30	1E-10	1E10	1E-30	1E-10	1E10	1E-30	1E-10	1E10	1E-30	1E-10	1	-0.05	0.05
173	1.69999999999999E-12	1E10	1E10	1E-30	2.57019562524236E-10	1E10	1E-30	1E10	0.42	1.70262578029564E-11	1.79633676455374E-11	3.70486932099184	6.87155367570087E-12	4.00902066030357E-11	1E5	1E10	1E-30	1E-10	1E10	1E-30	1E-10	1E10	1E-30	1E-10	1E10	1E-30	1E-10	1E10	1E-30	1E-10	1E10	1E-30	1E-10	1E10	1E-30	1E-10	1E10	1E-30	1E-10	1E10	1E-30	1E-10	1E10	1E-30	1E-10	1E10	1E-30	1E-10	1E10	1E-30	1E-10	1E10	1E-30	1E-10	1	-0.1	0.1
174	1.69999999999999E-12	1E10	1E10	1E-30	2.57019562524236E-10	1E10	1E-30	1E10	0.42	1.70262578029564E-11	1.79633676455374E-11	3.70486932099184	6.87155367570087E-12	4.00902066030357E-11	1E5	1E10	1E-30	1E-10	1E10	1E-30	1E-10	1E10	1E-30	1E-10	1E10	1E-30	1E-10	1E10	1E-30	1E-10	1E10	1E-30	1E-10	1E10	1E-30	1E-10	1E10	1E-30	1E-10	1E10	1E-30	1E-10	1E10	1E-30	1E-10	1E10	1E-30	1E-10	1E10	1E-30	1E-10	1E10	1E-30	1E-10	1	-0.25	0.25
175	1.8E-12	1E10	1E10	1E-30	2.57019562524236E-10	1E10	1E-30	1E10	0.42	1.70262578029564E-11	1.79633676455374E-11	3.70486932099184	6.87155367570087E-12	4.00902066030357E-11	1E5	1E10	1E-30	1E-10	1E10	1E-30	1E-10	1E10	1E-30	1E-10	1E10	1E-30	1E-10	1E10	1E-30	1E-10	1E10	1E-30	1E-10	1E10	1E-30	1E-10	1E10	1E-30	1E-10	1E10	1E-30	1E-10	1E10	1E-30	1E-10	1E10	1E-30	1E-10	1E10	1E-30	1E-10	1E10	1E-30	1E-10	1	-0.25	0.25
176	1.8E-12	1E10	1E10	1E-30	2.57019562524236E-10	1E10	1E-30	1E10	0.42	1.70262578029564E-11	1.79633676455374E-11	3.70486932099184	6.87155367570087E-12	4.00902066030357E-11	1E5	1E10	1E-30	1E-10	1E10	1E-30	1E-10	1E10	1E-30	1E-10	1E10	1E-30	1E-10	1E10	1E-30	1E-10	1E10	1E-30	1E-10	1E10	1E-30	1E-10	1E10	1E-30	1E-10	1E10	1E-30	1E-10	1E10	1E-30	1E-10	1E10	1E-30	1E-10	1E10	1E-30	1E-10	1E10	1E-30	1E-10	1	-0.05	0.05
177	1.8E-12	1E10	1E10	1E-30	2.57019562524236E-10	1E10	1E-30	1E10	0.42	1.70262578029564E-11	1.79633676455374E-11	3.70486932099184	6.87155367570087E-12	4.00902066030357E-11	1E5	1E10	1E-30	1E-10	1E10	1E-30	1E-10	1E10	1E-30	1E-10	1E10	1E-30	1E-10	1E10	1E-30	1E-10	1E10	1E-30	1E-10	1E10	1E-30	1E-10	1E10	1E-30	1E-10	1E10	1E-30	1E-10	1E10	1E-30	1E-10	1E10	1E-30	1E-10	1E10	1E-30	1E-10	1E10	1E-30	1E-10	1	-0.1	0.1
178	1.8E-12	1E10	1E10	1E-30	2.57019562524236E-10	1E10	1E-30	1E10	0.42	1.70262578029564E-11	1.79633676455374E-11	3.70486932099184	6.87155367570087E-12	4.00902066030357E-11	1E5	1E10	1E-30	1E-10	1E10	1E-30	1E-10	1E10	1E-30	1E-10	1E10	1E-30	1E-10	1E10	1E-30	1E-10	1E10	1E-30	1E-10	1E10	1E-30	1E-10	1E10	1E-30	1E-10	1E10	1E-30	1E-10	1E10	1E-30	1E-10	1E10	1E-30	1E-10	1E10	1E-30	1E-10	1E10	1E-30	1E-10	1	-0.25	0.25
179	1.8E-12	1E10	1E10	1E-30	2.57019562524236E-10	1E10	1E-30	1E10	0.42	1.70262578029564E-11	1.79633676455374E-11	3.70486932099184	6.87155367570087E-12	4.00902066030357E-11	1E5	1E10	1E-30	1E-10	1E10	1E-30	1E-10	1E10	1E-30	1E-10	1E10	1E-30	1E-10	1E10	1E-30	1E-10	1E10	1E-30	1E-10	1E10	1E-30	1E-10	1E10	1E-30	1E-10	1E10	1E-30	1E-10	1E10	1E-30	1E-10	1E10	1E-30	1E-10	1E10	1E-30	1E-10	1E10	1E-30	1E-10	1	-0.05	0.05
180	1.8E-12	1E10	1E10	1E-30	2.57019562524236E-10	1E10	1E-30	1E10	0.42	1.70262578029564E-11	1.79633676455374E-11	3.70486932099184	6.87155367570087E-12	4.00902066030357E-11	1E5	1E10	1E-30	1E-10	1E10	1E-30	1E-10	1E10	1E-30	1E-10	1E10	1E-30	1E-10	1E10	1E-30	1E-10	1E10	1E-30	1E-10	1E10	1E-30	1E-10	1E10	1E-30	1E-10	1E10	1E-30	1E-10	1E10	1E-30	1E-10	1E10	1E-30	1E-10	1E10	1E-30	1E-10	1E10	1E-30	1E-10	1	-0.1	0.1
181	1.8E-12	1E10	1E10	1E-30	2.57019562524236E-10	1E10	1E-30	1E10	0.42	1.70262578029564E-11	1.79633676455374E-11	3.70486932099184	6.87155367570087E-12	4.00902066030357E-11	1E5	1E10	1E-30	1E-10	1E10	1E-30	1E-10	1E10	1E-30	1E-10	1E10	1E-30	1E-10	1E10	1E-30	1E-10	1E10	1E-30	1E-10	1E10	1E-30	1E-10	1E10	1E-30	1E-10	1E10	1E-30	1E-10	1E10	1E-30	1E-10	1E10	1E-30	1E-10	1E10	1E-30	1E-10	1E10	1E-30	1E-10	1	-0.25	0.25
182	1.8E-12	1E10	1E10	1E-30	2.57019562524236E-10	1E10	1E-30	1E10	0.42	1.70262578029564E-11	1.79633676455374E-11	3.70486932099184	6.87155367570087E-12	4.00902066030357E-11	1E5	1E10	1E-30	1E-10	1E10	1E-30	1E-10	1E10	1E-30	1E-10	1E10	1E-30	1E-10	1E10	1E-30	1E-10	1E10	1E-30	1E-10	1E10	1E-30	1E-10	1E10	1E-30	1E-10	1E10	1E-30	1E-10	1E10	1E-30	1E-10	1E10	1E-30	1E-10	1E10	1E-30	1E-10	1E10	1E-30	1E-10	1	-0.25	0.25
183	1.8E-12	1E10	1E10	1E-30	2.57019562524236E-10	1E10	1E-30	1E10	0.42	1.70262578029564E-11	1.79633676455374E-11	3.70486932099184	6.87155367570087E-12	4.00902066030357E-11	1E5	1E10	1E-30	1E-10	1E10	1E-30	1E-10	1E10	1E-30	1E-10	1E10	1E-30	1E-10	1E10	1E-30	1E-10	1E10	1E-30	1E-10	1E10	1E-30	1E-10	1E10	1E-30	1E-10	1E10	1E-30	1E-10	1E10	1E-30	1E-10	1E10	1E-30	1E-10	1E10	1E-30	1E-10	1E10	1E-30	1E-10	1	-0.05	0.05
184	1.8E-12	1E10	1E10	1E-30	2.57019562524236E-10	1E10	1E-30	1E10	0.42	1.70262578029564E-11	1.79633676455374E-11	3.70486932099184	6.87155367570087E-12	4.00902066030357E-11	1E5	1E10	1E-30	1E-10	1E10	1E-30	1E-10	1E10	1E-30	1E-10	1E10	1E-30	1E-10	1E10	1E-30	1E-10	1E10	1E-30	1E-10	1E10	1E-30	1E-10	1E10	1E-30	1E-10	1E10	1E-30	1E-10	1E10	1E-30	1E-10	1E10	1E-30	1E-10	1E10	1E-30	1E-10	1E10	1E-30	1E-10	1	-0.1	0.1
185	1.8E-12	1E10	1E10	1E-30	2.57019562524236E-10	1E10	1E-30	1E10	0.42	1.70262578029564E-11	1.79633676455374E-11	3.70486932099184	6.87155367570087E-12	4.00902066030357E-11	1E5	1E10	1E-30	1E-10	1E10	1E-30	1E-10	1E10	1E-30	1E-10	1E10	1E-30	1E-10	1E10	1E-30	1E-10	1E10	1E-30	1E-10	1E10	1E-30	1E-10	1E10	1E-30	1E-10	1E10	1E-30	1E-10	1E10	1E-30	1E-10	1E10	1E-30	1E-10	1E10	1E-30	1E-10	1E10	1E-30	1E-10	1	-0.25	0.25
186	1.8E-12	1E10	1E10	1E-30	2.57019562524236E-10	1E10	1E-30	1E10	0.42	1.70262578029564E-11	1.79633676455374E-11	3.70486932099184	6.87155367570087E-12	4.00902066030357E-11	1E5	1E10	1E-30	1E-10	1E10	1E-30	1E-10	1E10	1E-30	1E-10	1E10	1E-30	1E-10	1E10	1E-30	1E-10	1E10	1E-30	1E-10	1E10	1E-30	1E-10	1E10	1E-30	1E-10	1E10	1E-30	1E-10	1E10	1E-30	1E-10	1E10	1E-30	1E-10	1E10	1E-30	1E-10	1E10	1E-30	1E-10	1	-0.05	0.05
187	1.8E-12	1E10	1E10	1E-30	2.57019562524236E-10	1E10	1E-30	1E10	0.42	1.70262578029564E-11	1.79633676455374E-11	3.70486932099184	6.87155367570087E-12	4.00902066030357E-11	1E5	1E10	1E-30	1E-10	1E10	1E-30	1E-10	1E10	1E-30	1E-10	1E10	1E-30	1E-10	1E10	1E-30	1E-10	1E10	1E-30	1E-10	1E10	1E-30	1E-10	1E10	1E-30	1E-10	1E10	1E-30	1E-10	1E10	1E-30	1E-10	1E10	1E-30	1E-10	1E10	1E-30	1E-10	1E10	1E-30	1E-10	1	-0.1	0.1
188	1.8E-12	1E10	1E10	1E-30	2.57019562524236E-10	1E10	1E-30	1E10	0.42	1.70262578029564E-11	1.79633676455374E-11	3.70486932099184	6.87155367570087E-12	4.00902066030357E-11	1E5	1E10	1E-30	1E-10	1E10	1E-30	1E-10	1E10	1E-30	1E-10	1E10	1E-30	1E-10	1E10	1E-30	1E-10	1E10	1E-30	1E-10	1E10	1E-30	1E-10	1E10	1E-30	1E-10	1E10	1E-30	1E-10	1E10	1E-30	1E-10	1E10	1E-30	1E-10	1E10	1E-30	1E-10	1E10	1E-30	1E-10	1	-0.25	0.25
189	1.9E-12	1E10	1E10	1E-30	2.57019562524236E-10	1E10	1E-30	1E10	0.42	1.70262578029564E-11	1.79633676455374E-11	3.70486932099184	6.87155367570087E-12	4.00902066030357E-11	1E5	1E10	1E-30	1E-10	1E10	1E-30	1E-10	1E10	1E-30	1E-10	1E10	1E-30	1E-10	1E10	1E-30	1E-10	1E10	1E-30	1E-10	1E10	1E-30	1E-10	1E10	1E-30	1E-10	1E10	1E-30	1E-10	1E10	1E-30	1E-10	1E10	1E-30	1E-10	1E10	1E-30	1E-10	1E10	1E-30	1E-10	1	-0.05	0.05
190	1.9E-12	1E10	1E10	1E-30	2.57019562524236E-10	1E10	1E-30	1E10	0.42	1.70262578029564E-11	1.79633676455374E-11	3.70486932099184	6.87155367570087E-12	4.00902066030357E-11	1E5	1E10	1E-30	1E-10	1E10	1E-30	1E-10	1E10	1E-30	1E-10	1E10	1E-30	1E-10	1E10	1E-30	1E-10	1E10	1E-30	1E-10	1E10	1E-30	1E-10	1E10	1E-30	1E-10	1E10	1E-30	1E-10	1E10	1E-30	1E-10	1E10	1E-30	1E-10	1E10	1E-30	1E-10	1E10	1E-30	1E-10	1	-0.1	0.1
191	1.9E-12	1E10	1E10	1E-30	2.57019562524236E-10	1E10	1E-30	1E10	0.42	1.70262578029564E-11	1.79633676455374E-11	3.70486932099184	6.87155367570087E-12	4.00902066030357E-11	1E5	1E10	1E-30	1E-10	1E10	1E-30	1E-10	1E10	1E-30	1E-10	1E10	1E-30	1E-10	1E10	1E-30	1E-10	1E10	1E-30	1E-10	1E10	1E-30	1E-10	1E10	1E-30	1E-10	1E10	1E-30	1E-10	1E10	1E-30	1E-10	1E10	1E-30	1E-10	1E10	1E-30	1E-10	1E10	1E-30	1E-10	1	-0.25	0.25
192	1.9E-12	1E10	1E10	1E-30	2.57019562524236E-10	1E10	1E-30	1E10	0.42	1.70262578029564E-11	1.79633676455374E-11	3.70486932099184	6.87155367570087E-12	4.00902066030357E-11	1E5	1E10	1E-30	1E-10	1E10	1E-30	1E-10	1E10	1E-30	1E-10	1E10	1E-30	1E-10	1E10	1E-30	1E-10	1E10	1E-30	1E-10	1E10	1E-30	1E-10	1E10	1E-30	1E-10	1E10	1E-30	1E-10	1E10	1E-30	1E-10	1E10	1E-30	1E-10	1E10	1E-30	1E-10	1E10	1E-30	1E-10	1	-0.05	0.05
193	1.9E-12	1E10	1E10	1E-30	2.57019562524236E-10	1E10	1E-30	1E10	0.42	1.70262578029564E-11	1.79633676455374E-11	3.70486932099184	6.87155367570087E-12	4.00902066030357E-11	1E5	1E10	1E-30	1E-10	1E10	1E-30	1E-10	1E10	1E-30	1E-10	1E10	1E-30	1E-10	1E10	1E-30	1E-10	1E10	1E-30	1E-10	1E10	1E-30	1E-10	1E10	1E-30	1E-10	1E10	1E-30	1E-10	1E10	1E-30	1E-10	1E10	1E-30	1E-10	1E10	1E-30	1E-10	1E10	1E-30	1E-10	1	-0.1	0.1
194	1.9E-12	1E10	1E10	1E-30	2.57019562524236E-10	1E10	1E-30	1E10	0.42	1.70262578029564E-11	1.79633676455374E-11	3.70486932099184	6.87155367570087E-12	4.00902066030357E-11	1E5	1E10	1E-30	1E-10	1E10	1E-30	1E-10	1E10	1E-30	1E-10	1E10	1E-30	1E-10	1E10	1E-30	1E-10	1E10	1E-30	1E-10	1E10	1E-30	1E-10	1E10	1E-30	1E-10	1E10	1E-30	1E-10	1E10	1E-30	1E-10	1E10	1E-30	1E-10	1E10	1E-30	1E-10	1E10	1E-30	1E-10	1	-0.25	0.25
195	1.9E-12	1E10	1E10	1E-30	2.57019562524236E-10	1E10	1E-30	1E10	0.42	1.70262578029564E-11	1.79633676455374E-11	3.70486932099184	6.87155367570087E-12	4.00902066030357E-11	1E5	1E10	1E-30	1E-10	1E10	1E-30	1E-10	1E10	1E-30	1E-10	1E10	1E-30	1E-10	1E10	1E-30	1E-10	1E10	1E-30	1E-10	1E10	1E-30	1E-10	1E10	1E-30	1E-10	1E10	1E-30	1E-10	1E10	1E-30	1E-10	1E10	1E-30	1E-10	1E10	1E-30	1E-10	1E10	1E-30	1E-10	1	-0.05	0.05
196	1.9E-12	1E10	1E10	1E-30	2.57019562524236E-10	1E10	1E-30	1E10	0.42	1.70262578029564E-11	1.79633676455374E-11	3.70486932099184	6.87155367570087E-12	4.00902066030357E-11	1E5	1E10	1E-30	1E-10	1E10	1E-30	1E-10	1E10	1E-30	1E-10	1E10	1E-30	1E-10	1E10	1E-30	1E-10	1E10	1E-30	1E-10	1E10	1E-30	1E-10	1E10	1E-30	1E-10	1E10	1E-30	1E-10	1E10	1E-30	1E-10	1E10	1E-30	1E-10	1E10	1E-30	1E-10	1E10	1E-30	1E-10	1	-0.1	0.1
197	1.9E-12	1E10	1E10	1E-30	2.57019562524236E-10	1E10	1E-30	1E10	0.42	1.70262578029564E-11	1.79633676455374E-11	3.70486932099184	6.87155367570087E-12	4.00902066030357E-11	1E5	1E10	1E-30	1E-10	1E10	1E-30	1E-10	1E10	1E-30	1E-10	1E10	1E-30	1E-10	1E10	1E-30	1E-10	1E10	1E-30	1E-10	1E10	1E-30	1E-10	1E10	1E-30	1E-10	1E10	1E-30	1E-10	1E10	1E-30	1E-10	1E10	1E-30	1E-10	1E10	1E-30	1E-10	1E10	1E-30	1E-10	1	-0.25	0.25
198	1.9E-12	1E10	1E10	1E-30	2.57019562524236E-10	1E10	1E-30	1E10	0.42	1.70262578029564E-11	1.79633676455374E-11	3.70486932099184	6.87155367570087E-12	4.00902066030357E-11	1E5	1E10	1E-30	1E-10	1E10	1E-30	1E-10	1E10	1E-30	1E-10	1E10	1E-30	1E-10	1E10	1E-30	1E-10	1E10	1E-30	1E-10	1E10	1E-30	1E-10	1E10	1E-30	1E-10	1E10	1E-30	1E-10	1E10	1E-30	1E-10	1E10	1E-30	1E-10	1E10	1E-30	1E-10	1E10	1E-30	1E-10	1	-0.05	0.05
199	1.9E-12	1E10	1E10	1E-30	2.57019562524236E-10	1E10	1E-30	1E10	0.42	1.70262578029564E-11	1.79633676455374E-11	3.70486932099184	6.87155367570087E-12	4.00902066030357E-11	1E5	1E10	1E-30	1E-10	1E10	1E-30	1E-10	1E10	1E-30	1E-10	1E10	1E-30	1E-10	1E10	1E-30	1E-10	1E10	1E-30	1E-10	1E10	1E-30	1E-10	1E10	1E-30	1E-10	1E10	1E-30	1E-10	1E10	1E-30	1E-10	1E10	1E-30	1E-10	1E10	1E-30	1E-10	1E10	1E-30	1E-10	1	-0.1	0.1
200	1.9E-12	1E10	1E10	1E-30	2.57019562524236E-10	1E10	1E-30	1E10	0.42	1.70262578029564E-11	1.79633676455374E-11	3.70486932099184	6.87155367570087E-12	4.00902066030357E-11	1E5	1E10	1E-30	1E-10	1E10	1E-30	1E-10	1E10	1E-30	1E-10	1E10	1E-30	1E-10	1E10	1E-30	1E-10	1E10	1E-30	1E-10	1E10	1E-30	1E-10	1E10	1E-30	1E-10	1E10	1E-30	1E-10	1E10	1E-30	1E-10	1E10	1E-30	1E-10	1E10	1E-30	1E-10	1E10	1E-30	1E-10	1	-0.25	0.25
201	2E-12	1E10	1E10	1E-30	3.26248107369848E-10	1E10	1E-30	1E10	0.37	4.14018744277087E-11	9.5619543464907E-12	0.676533029432284	2.06336477427178E-11	1.39766411925085E-11	1E5	1E10	1E-30	1E-10	1E10	1E-30	1E-10	1E10	1E-30	1E-10	1E10	1E-30	1E-10	1E10	1E-30	1E-10	1E10	1E-30	1E-10	1E10	1E-30	1E-10	1E10	1E-30	1E-10	1E10	1E-30	1E-10	1E10	1E-30	1E-10	1E10	1E-30	1E-10	1E10	1E-30	1E-10	1E10	1E-30	1E-10	1	-0.25	0.25
202	2E-12	1E10	1E10	1E-30	3.26248107369848E-10	1E10	1E-30	1E10	0.37	4.14018744277087E-11	9.5619543464907E-12	0.676533029432284	2.06336477427178E-11	1.39766411925085E-11	1E5	1E10	1E-30	1E-10	1E10	1E-30	1E-10	1E10	1E-30	1E-10	1E10	1E-30	1E-10	1E10	1E-30	1E-10	1E10	1E-30	1E-10	1E10	1E-30	1E-10	1E10	1E-30	1E-10	1E10	1E-30	1E-10	1E10	1E-30	1E-10	1E10	1E-30	1E-10	1E10	1E-30	1E-10	1E10	1E-30	1E-10	1	-0.05	0.05
203	2E-12	1E10	1E10	1E-30	3.26248107369848E-10	1E10	1E-30	1E10	0.37	4.14018744277087E-11	9.5619543464907E-12	0.676533029432284	2.06336477427178E-11	1.39766411925085E-11	1E5	1E10	1E-30	1E-10	1E10	1E-30	1E-10	1E10	1E-30	1E-10	1E10	1E-30	1E-10	1E10	1E-30	1E-10	1E10	1E-30	1E-10	1E10	1E-30	1E-10	1E10	1E-30	1E-10	1E10	1E-30	1E-10	1E10	1E-30	1E-10	1E10	1E-30	1E-10	1E10	1E-30	1E-10	1E10	1E-30	1E-10	1	-0.1	0.1
204	2E-12	1E10	1E10	1E-30	3.26248107369848E-10	1E10	1E-30	1E10	0.37	4.14018744277087E-11	9.5619543464907E-12	0.676533029432284	2.06336477427178E-11	1.39766411925085E-11	1E5	1E10	1E-30	1E-10	1E10	1E-30	1E-10	1E10	1E-30	1E-10	1E10	1E-30	1E-10	1E10	1E-30	1E-10	1E10	1E-30	1E-10	1E10	1E-30	1E-10	1E10	1E-30	1E-10	1E10	1E-30	1E-10	1E10	1E-30	1E-10	1E10	1E-30	1E-10	1E10	1E-30	1E-10	1E10	1E-30	1E-10	1	-0.25	0.25
205	2E-12	1E10	1E10	1E-30	3.26248107369848E-10	1E10	1E-30	1E10	0.37	4.14018744277087E-11	9.5619543464907E-12	0.676533029432284	2.06336477427178E-11	1.39766411925085E-11	1E5	1E10	1E-30	1E-10	1E10	1E-30	1E-10	1E10	1E-30	1E-10	1E10	1E-30	1E-10	1E10	1E-30	1E-10	1E10	1E-30	1E-10	1E10	1E-30	1E-10	1E10	1E-30	1E-10	1E10	1E-30	1E-10	1E10	1E-30	1E-10	1E10	1E-30	1E-10	1E10	1E-30	1E-10	1E10	1E-30	1E-10	1	-0.05	0.05
206	2E-12	1E10	1E10	1E-30	3.26248107369848E-10	1E10	1E-30	1E10	0.37	4.14018744277087E-11	9.5619543464907E-12	0.676533029432284	2.06336477427178E-11	1.39766411925085E-11	1E5	1E10	1E-30	1E-10	1E10	1E-30	1E-10	1E10	1E-30	1E-10	1E10	1E-30	1E-10	1E10	1E-30	1E-10	1E10	1E-30	1E-10	1E10	1E-30	1E-10	1E10	1E-30	1E-10	1E10	1E-30	1E-10	1E10	1E-30	1E-10	1E10	1E-30	1E-10	1E10	1E-30	1E-10	1E10	1E-30	1E-10	1	-0.1	0.1
207	2E-12	1E10	1E10	1E-30	3.26248107369848E-10	1E10	1E-30	1E10	0.37	4.14018744277087E-11	9.5619543464907E-12	0.676533029432284	2.06336477427178E-11	1.39766411925085E-11	1E5	1E10	1E-30	1E-10	1E10	1E-30	1E-10	1E10	1E-30	1E-10	1E10	1E-30	1E-10	1E10	1E-30	1E-10	1E10	1E-30	1E-10	1E10	1E-30	1E-10	1E10	1E-30	1E-10	1E10	1E-30	1E-10	1E10	1E-30	1E-10	1E10	1E-30	1E-10	1E10	1E-30	1E-10	1E10	1E-30	1E-10	1	-0.25	0.25
208	2E-12	1E10	1E10	1E-30	3.26248107369848E-10	1E10	1E-30	1E10	0.37	4.14018744277087E-11	9.5619543464907E-12	0.676533029432284	2.06336477427178E-11	1.39766411925085E-11	1E5	1E10	1E-30	1E-10	1E10	1E-30	1E-10	1E10	1E-30	1E-10	1E10	1E-30	1E-10	1E10	1E-30	1E-10	1E10	1E-30	1E-10	1E10	1E-30	1E-10	1E10	1E-30	1E-10	1E10	1E-30	1E-10	1E10	1E-30	1E-10	1E10	1E-30	1E-10	1E10	1E-30	1E-10	1E10	1E-30	1E-10	1	-0.25	0.25
209	2E-12	1E10	1E10	1E-30	3.26248107369848E-10	1E10	1E-30	1E10	0.37	4.14018744277087E-11	9.5619543464907E-12	0.676533029432284	2.06336477427178E-11	1.39766411925085E-11	1E5	1E10	1E-30	1E-10	1E10	1E-30	1E-10	1E10	1E-30	1E-10	1E10	1E-30	1E-10	1E10	1E-30	1E-10	1E10	1E-30	1E-10	1E10	1E-30	1E-10	1E10	1E-30	1E-10	1E10	1E-30	1E-10	1E10	1E-30	1E-10	1E10	1E-30	1E-10	1E10	1E-30	1E-10	1E10	1E-30	1E-10	1	-0.05	0.05
210	2E-12	1E10	1E10	1E-30	3.26248107369848E-10	1E10	1E-30	1E10	0.37	4.14018744277087E-11	9.5619543464907E-12	0.676533029432284	2.06336477427178E-11	1.39766411925085E-11	1E5	1E10	1E-30	1E-10	1E10	1E-30	1E-10	1E10	1E-30	1E-10	1E10	1E-30	1E-10	1E10	1E-30	1E-10	1E10	1E-30	1E-10	1E10	1E-30	1E-10	1E10	1E-30	1E-10	1E10	1E-30	1E-10	1E10	1E-30	1E-10	1E10	1E-30	1E-10	1E10	1E-30	1E-10	1E10	1E-30	1E-10	1	-0.1	0.1
211	2E-12	1E10	1E10	1E-30	3.26248107369848E-10	1E10	1E-30	1E10	0.37	4.14018744277087E-11	9.5619543464907E-12	0.676533029432284	2.06336477427178E-11	1.39766411925085E-11	1E5	1E10	1E-30	1E-10	1E10	1E-30	1E-10	1E10	1E-30	1E-10	1E10	1E-30	1E-10	1E10	1E-30	1E-10	1E10	1E-30	1E-10	1E10	1E-30	1E-10	1E10	1E-30	1E-10	1E10	1E-30	1E-10	1E10	1E-30	1E-10	1E10	1E-30	1E-10	1E10	1E-30	1E-10	1E10	1E-30	1E-10	1	-0.25	0.25
212	2E-12	1E10	1E10	1E-30	3.26248107369848E-10	1E10	1E-30	1E10	0.37	4.14018744277087E-11	9.5619543464907E-12	0.676533029432284	2.06336477427178E-11	1.39766411925085E-11	1E5	1E10	1E-30	1E-10	1E10	1E-30	1E-10	1E10	1E-30	1E-10	1E10	1E-30	1E-10	1E10	1E-30	1E-10	1E10	1E-30	1E-10	1E10	1E-30	1E-10	1E10	1E-30	1E-10	1E10	1E-30	1E-10	1E10	1E-30	1E-10	1E10	1E-30	1E-10	1E10	1E-30	1E-10	1E10	1E-30	1E-10	1	-0.05	0.05
213	2E-12	1E10	1E10	1E-30	3.26248107369848E-10	1E10	1E-30	1E10	0.37	4.14018744277087E-11	9.5619543464907E-12	0.676533029432284	2.06336477427178E-11	1.39766411925085E-11	1E5	1E10	1E-30	1E-10	1E10	1E-30	1E-10	1E10	1E-30	1E-10	1E10	1E-30	1E-10	1E10	1E-30	1E-10	1E10	1E-30	1E-10	1E10	1E-30	1E-10	1E10	1E-30	1E-10	1E10	1E-30	1E-10	1E10	1E-30	1E-10	1E10	1E-30	1E-10	1E10	1E-30	1E-10	1E10	1E-30	1E-10	1	-0.1	0.1
214	2E-12	1E10	1E10	1E-30	3.26248107369848E-10	1E10	1E-30	1E10	0.37	4.14018744277087E-11	9.5619543464907E-12	0.676533029432284	2.06336477427178E-11	1.39766411925085E-11	1E5	1E10	1E-30	1E-10	1E10	1E-30	1E-10	1E10	1E-30	1E-10	1E10	1E-30	1E-10	1E10	1E-30	1E-10	1E10	1E-30	1E-10	1E10	1E-30	1E-10	1E10	1E-30	1E-10	1E10	1E-30	1E-10	1E10	1E-30	1E-10	1E10	1E-30	1E-10	1E10	1E-30	1E-10	1E10	1E-30	1E-10	1	-0.25	0.25
215	2.1E-12	1E10	1E10	1E-30	3.26248107369848E-10	1E10	1E-30	1E10	0.37	4.14018744277087E-11	9.5619543464907E-12	0.676533029432284	2.06336477427178E-11	1.39766411925085E-11	1E5	1E10	1E-30	1E-10	1E10	1E-30	1E-10	1E10	1E-30	1E-10	1E10	1E-30	1E-10	1E10	1E-30	1E-10	1E10	1E-30	1E-10	1E10	1E-30	1E-10	1E10	1E-30	1E-10	1E10	1E-30	1E-10	1E10	1E-30	1E-10	1E10	1E-30	1E-10	1E10	1E-30	1E-10	1E10	1E-30	1E-10	1	-0.05	0.05
216	2.1E-12	1E10	1E10	1E-30	3.26248107369848E-10	1E10	1E-30	1E10	0.37	4.14018744277087E-11	9.5619543464907E-12	0.676533029432284	2.06336477427178E-11	1.39766411925085E-11	1E5	1E10	1E-30	1E-10	1E10	1E-30	1E-10	1E10	1E-30	1E-10	1E10	1E-30	1E-10	1E10	1E-30	1E-10	1E10	1E-30	1E-10	1E10	1E-30	1E-10	1E10	1E-30	1E-10	1E10	1E-30	1E-10	1E10	1E-30	1E-10	1E10	1E-30	1E-10	1E10	1E-30	1E-10	1E10	1E-30	1E-10	1	-0.1	0.1
217	2.1E-12	1E10	1E10	1E-30	3.26248107369848E-10	1E10	1E-30	1E10	0.37	4.14018744277087E-11	9.5619543464907E-12	0.676533029432284	2.06336477427178E-11	1.39766411925085E-11	1E5	1E10	1E-30	1E-10	1E10	1E-30	1E-10	1E10	1E-30	1E-10	1E10	1E-30	1E-10	1E10	1E-30	1E-10	1E10	1E-30	1E-10	1E10	1E-30	1E-10	1E10	1E-30	1E-10	1E10	1E-30	1E-10	1E10	1E-30	1E-10	1E10	1E-30	1E-10	1E10	1E-30	1E-10	1E10	1E-30	1E-10	1	-0.25	0.25
218	2.1E-12	1E10	1E10	1E-30	3.26248107369848E-10	1E10	1E-30	1E10	0.37	4.14018744277087E-11	9.5619543464907E-12	0.676533029432284	2.06336477427178E-11	1.39766411925085E-11	1E5	1E10	1E-30	1E-10	1E10	1E-30	1E-10	1E10	1E-30	1E-10	1E10	1E-30	1E-10	1E10	1E-30	1E-10	1E10	1E-30	1E-10	1E10	1E-30	1E-10	1E10	1E-30	1E-10	1E10	1E-30	1E-10	1E10	1E-30	1E-10	1E10	1E-30	1E-10	1E10	1E-30	1E-10	1E10	1E-30	1E-10	1	-0.05	0.05
219	2.1E-12	1E10	1E10	1E-30	3.26248107369848E-10	1E10	1E-30	1E10	0.37	4.14018744277087E-11	9.5619543464907E-12	0.676533029432284	2.06336477427178E-11	1.39766411925085E-11	1E5	1E10	1E-30	1E-10	1E10	1E-30	1E-10	1E10	1E-30	1E-10	1E10	1E-30	1E-10	1E10	1E-30	1E-10	1E10	1E-30	1E-10	1E10	1E-30	1E-10	1E10	1E-30	1E-10	1E10	1E-30	1E-10	1E10	1E-30	1E-10	1E10	1E-30	1E-10	1E10	1E-30	1E-10	1E10	1E-30	1E-10	1	-0.1	0.1
220	2.1E-12	1E10	1E10	1E-30	3.26248107369848E-10	1E10	1E-30	1E10	0.37	4.14018744277087E-11	9.5619543464907E-12	0.676533029432284	2.06336477427178E-11	1.39766411925085E-11	1E5	1E10	1E-30	1E-10	1E10	1E-30	1E-10	1E10	1E-30	1E-10	1E10	1E-30	1E-10	1E10	1E-30	1E-10	1E10	1E-30	1E-10	1E10	1E-30	1E-10	1E10	1E-30	1E-10	1E10	1E-30	1E-10	1E10	1E-30	1E-10	1E10	1E-30	1E-10	1E10	1E-30	1E-10	1E10	1E-30	1E-10	1	-0.25	0.25
221	2.1E-12	1E10	1E10	1E-30	3.26248107369848E-10	1E10	1E-30	1E10	0.37	4.14018744277087E-11	9.5619543464907E-12	0.676533029432284	2.06336477427178E-11	1.39766411925085E-11	1E5	1E10	1E-30	1E-10	1E10	1E-30	1E-10	1E10	1E-30	1E-10	1E10	1E-30	1E-10	1E10	1E-30	1E-10	1E10	1E-30	1E-10	1E10	1E-30	1E-10	1E10	1E-30	1E-10	1E10	1E-30	1E-10	1E10	1E-30	1E-10	1E10	1E-30	1E-10	1E10	1E-30	1E-10	1E10	1E-30	1E-10	1	-0.05	0.05
222	2.1E-12	1E10	1E10	1E-30	3.26248107369848E-10	1E10	1E-30	1E10	0.37	4.14018744277087E-11	9.5619543464907E-12	0.676533029432284	2.06336477427178E-11	1.39766411925085E-11	1E5	1E10	1E-30	1E-10	1E10	1E-30	1E-10	1E10	1E-30	1E-10	1E10	1E-30	1E-10	1E10	1E-30	1E-10	1E10	1E-30	1E-10	1E10	1E-30	1E-10	1E10	1E-30	1E-10	1E10	1E-30	1E-10	1E10	1E-30	1E-10	1E10	1E-30	1E-10	1E10	1E-30	1E-10	1E10	1E-30	1E-10	1	-0.1	0.1
223	2.1E-12	1E10	1E10	1E-30	3.26248107369848E-10	1E10	1E-30	1E10	0.37	4.14018744277087E-11	9.5619543464907E-12	0.676533029432284	2.06336477427178E-11	1.39766411925085E-11	1E5	1E10	1E-30	1E-10	1E10	1E-30	1E-10	1E10	1E-30	1E-10	1E10	1E-30	1E-10	1E10	1E-30	1E-10	1E10	1E-30	1E-10	1E10	1E-30	1E-10	1E10	1E-30	1E-10	1E10	1E-30	1E-10	1E10	1E-30	1E-10	1E10	1E-30	1E-10	1E10	1E-30	1E-10	1E10	1E-30	1E-10	1	-0.25	0.25
224	2.1E-12	1E10	1E10	1E-30	3.26248107369848E-10	1E10	1E-30	1E10	0.37	4.14018744277087E-11	9.5619543464907E-12	0.676533029432284	2.06336477427178E-11	1.39766411925085E-11	1E5	1E10	1E-30	1E-10	1E10	1E-30	1E-10	1E10	1E-30	1E-10	1E10	1E-30	1E-10	1E10	1E-30	1E-10	1E10	1E-30	1E-10	1E10	1E-30	1E-10	1E10	1E-30	1E-10	1E10	1E-30	1E-10	1E10	1E-30	1E-10	1E10	1E-30	1E-10	1E10	1E-30	1E-10	1E10	1E-30	1E-10	1	-0.05	0.05
225	2.1E-12	1E10	1E10	1E-30	3.26248107369848E-10	1E10	1E-30	1E10	0.37	4.14018744277087E-11	9.5619543464907E-12	0.676533029432284	2.06336477427178E-11	1.39766411925085E-11	1E5	1E10	1E-30	1E-10	1E10	1E-30	1E-10	1E10	1E-30	1E-10	1E10	1E-30	1E-10	1E10	1E-30	1E-10	1E10	1E-30	1E-10	1E10	1E-30	1E-10	1E10	1E-30	1E-10	1E10	1E-30	1E-10	1E10	1E-30	1E-10	1E10	1E-30	1E-10	1E10	1E-30	1E-10	1E10	1E-30	1E-10	1	-0.1	0.1
226	2.1E-12	1E10	1E10	1E-30	3.26248107369848E-10	1E10	1E-30	1E10	0.37	4.14018744277087E-11	9.5619543464907E-12	0.676533029432284	2.06336477427178E-11	1.39766411925085E-11	1E5	1E10	1E-30	1E-10	1E10	1E-30	1E-10	1E10	1E-30	1E-10	1E10	1E-30	1E-10	1E10	1E-30	1E-10	1E10	1E-30	1E-10	1E10	1E-30	1E-10	1E10	1E-30	1E-10	1E10	1E-30	1E-10	1E10	1E-30	1E-10	1E10	1E-30	1E-10	1E10	1E-30	1E-10	1E10	1E-30	1E-10	1	-0.25	0.25
227	2.2E-12	1E10	1E10	1E-30	3.26248107369848E-10	1E10	1E-30	1E10	0.37	4.14018744277087E-11	9.5619543464907E-12	0.676533029432284	2.06336477427178E-11	1.39766411925085E-11	1E5	1E10	1E-30	1E-10	1E10	1E-30	1E-10	1E10	1E-30	1E-10	1E10	1E-30	1E-10	1E10	1E-30	1E-10	1E10	1E-30	1E-10	1E10	1E-30	1E-10	1E10	1E-30	1E-10	1E10	1E-30	1E-10	1E10	1E-30	1E-10	1E10	1E-30	1E-10	1E10	1E-30	1E-10	1E10	1E-30	1E-10	1	-0.25	0.25
228	2.2E-12	1E10	1E10	1E-30	3.26248107369848E-10	1E10	1E-30	1E10	0.37	4.14018744277087E-11	9.5619543464907E-12	0.676533029432284	2.06336477427178E-11	1.39766411925085E-11	1E5	1E10	1E-30	1E-10	1E10	1E-30	1E-10	1E10	1E-30	1E-10	1E10	1E-30	1E-10	1E10	1E-30	1E-10	1E10	1E-30	1E-10	1E10	1E-30	1E-10	1E10	1E-30	1E-10	1E10	1E-30	1E-10	1E10	1E-30	1E-10	1E10	1E-30	1E-10	1E10	1E-30	1E-10	1E10	1E-30	1E-10	1	-0.05	0.05
229	2.2E-12	1E10	1E10	1E-30	3.26248107369848E-10	1E10	1E-30	1E10	0.37	4.14018744277087E-11	9.5619543464907E-12	0.676533029432284	2.06336477427178E-11	1.39766411925085E-11	1E5	1E10	1E-30	1E-10	1E10	1E-30	1E-10	1E10	1E-30	1E-10	1E10	1E-30	1E-10	1E10	1E-30	1E-10	1E10	1E-30	1E-10	1E10	1E-30	1E-10	1E10	1E-30	1E-10	1E10	1E-30	1E-10	1E10	1E-30	1E-10	1E10	1E-30	1E-10	1E10	1E-30	1E-10	1E10	1E-30	1E-10	1	-0.1	0.1
230	2.2E-12	1E10	1E10	1E-30	3.26248107369848E-10	1E10	1E-30	1E10	0.37	4.14018744277087E-11	9.5619543464907E-12	0.676533029432284	2.06336477427178E-11	1.39766411925085E-11	1E5	1E10	1E-30	1E-10	1E10	1E-30	1E-10	1E10	1E-30	1E-10	1E10	1E-30	1E-10	1E10	1E-30	1E-10	1E10	1E-30	1E-10	1E10	1E-30	1E-10	1E10	1E-30	1E-10	1E10	1E-30	1E-10	1E10	1E-30	1E-10	1E10	1E-30	1E-10	1E10	1E-30	1E-10	1E10	1E-30	1E-10	1	-0.25	0.25
231	2.2E-12	1E10	1E10	1E-30	3.26248107369848E-10	1E10	1E-30	1E10	0.37	4.14018744277087E-11	9.5619543464907E-12	0.676533029432284	2.06336477427178E-11	1.39766411925085E-11	1E5	1E10	1E-30	1E-10	1E10	1E-30	1E-10	1E10	1E-30	1E-10	1E10	1E-30	1E-10	1E10	1E-30	1E-10	1E10	1E-30	1E-10	1E10	1E-30	1E-10	1E10	1E-30	1E-10	1E10	1E-30	1E-10	1E10	1E-30	1E-10	1E10	1E-30	1E-10	1E10	1E-30	1E-10	1E10	1E-30	1E-10	1	-0.05	0.05
232	2.2E-12	1E10	1E10	1E-30	3.26248107369848E-10	1E10	1E-30	1E10	0.37	4.14018744277087E-11	9.5619543464907E-12	0.676533029432284	2.06336477427178E-11	1.39766411925085E-11	1E5	1E10	1E-30	1E-10	1E10	1E-30	1E-10	1E10	1E-30	1E-10	1E10	1E-30	1E-10	1E10	1E-30	1E-10	1E10	1E-30	1E-10	1E10	1E-30	1E-10	1E10	1E-30	1E-10	1E10	1E-30	1E-10	1E10	1E-30	1E-10	1E10	1E-30	1E-10	1E10	1E-30	1E-10	1E10	1E-30	1E-10	1	-0.1	0.1
233	2.2E-12	1E10	1E10	1E-30	3.26248107369848E-10	1E10	1E-30	1E10	0.37	4.14018744277087E-11	9.5619543464907E-12	0.676533029432284	2.06336477427178E-11	1.39766411925085E-11	1E5	1E10	1E-30	1E-10	1E10	1E-30	1E-10	1E10	1E-30	1E-10	1E10	1E-30	1E-10	1E10	1E-30	1E-10	1E10	1E-30	1E-10	1E10	1E-30	1E-10	1E10	1E-30	1E-10	1E10	1E-30	1E-10	1E10	1E-30	1E-10	1E10	1E-30	1E-10	1E10	1E-30	1E-10	1E10	1E-30	1E-10	1	-0.25	0.25
234	2.2E-12	1E10	1E10	1E-30	3.26248107369848E-10	1E10	1E-30	1E10	0.37	4.14018744277087E-11	9.5619543464907E-12	0.676533029432284	2.06336477427178E-11	1.39766411925085E-11	1E5	1E10	1E-30	1E-10	1E10	1E-30	1E-10	1E10	1E-30	1E-10	1E10	1E-30	1E-10	1E10	1E-30	1E-10	1E10	1E-30	1E-10	1E10	1E-30	1E-10	1E10	1E-30	1E-10	1E10	1E-30	1E-10	1E10	1E-30	1E-10	1E10	1E-30	1E-10	1E10	1E-30	1E-10	1E10	1E-30	1E-10	1	-0.25	0.25
235	2.2E-12	1E10	1E10	1E-30	3.26248107369848E-10	1E10	1E-30	1E10	0.37	4.14018744277087E-11	9.5619543464907E-12	0.676533029432284	2.06336477427178E-11	1.39766411925085E-11	1E5	1E10	1E-30	1E-10	1E10	1E-30	1E-10	1E10	1E-30	1E-10	1E10	1E-30	1E-10	1E10	1E-30	1E-10	1E10	1E-30	1E-10	1E10	1E-30	1E-10	1E10	1E-30	1E-10	1E10	1E-30	1E-10	1E10	1E-30	1E-10	1E10	1E-30	1E-10	1E10	1E-30	1E-10	1E10	1E-30	1E-10	1	-0.05	0.05
236	2.2E-12	1E10	1E10	1E-30	3.26248107369848E-10	1E10	1E-30	1E10	0.37	4.14018744277087E-11	9.5619543464907E-12	0.676533029432284	2.06336477427178E-11	1.39766411925085E-11	1E5	1E10	1E-30	1E-10	1E10	1E-30	1E-10	1E10	1E-30	1E-10	1E10	1E-30	1E-10	1E10	1E-30	1E-10	1E10	1E-30	1E-10	1E10	1E-30	1E-10	1E10	1E-30	1E-10	1E10	1E-30	1E-10	1E10	1E-30	1E-10	1E10	1E-30	1E-10	1E10	1E-30	1E-10	1E10	1E-30	1E-10	1	-0.1	0.1
237	2.2E-12	1E10	1E10	1E-30	3.26248107369848E-10	1E10	1E-30	1E10	0.37	4.14018744277087E-11	9.5619543464907E-12	0.676533029432284	2.06336477427178E-11	1.39766411925085E-11	1E5	1E10	1E-30	1E-10	1E10	1E-30	1E-10	1E10	1E-30	1E-10	1E10	1E-30	1E-10	1E10	1E-30	1E-10	1E10	1E-30	1E-10	1E10	1E-30	1E-10	1E10	1E-30	1E-10	1E10	1E-30	1E-10	1E10	1E-30	1E-10	1E10	1E-30	1E-10	1E10	1E-30	1E-10	1E10	1E-30	1E-10	1	-0.25	0.25
238	2.2E-12	1E10	1E10	1E-30	3.26248107369848E-10	1E10	1E-30	1E10	0.37	4.14018744277087E-11	9.5619543464907E-12	0.676533029432284	2.06336477427178E-11	1.39766411925085E-11	1E5	1E10	1E-30	1E-10	1E10	1E-30	1E-10	1E10	1E-30	1E-10	1E10	1E-30	1E-10	1E10	1E-30	1E-10	1E10	1E-30	1E-10	1E10	1E-30	1E-10	1E10	1E-30	1E-10	1E10	1E-30	1E-10	1E10	1E-30	1E-10	1E10	1E-30	1E-10	1E10	1E-30	1E-10	1E10	1E-30	1E-10	1	-0.05	0.05
239	2.2E-12	1E10	1E10	1E-30	3.26248107369848E-10	1E10	1E-30	1E10	0.37	4.14018744277087E-11	9.5619543464907E-12	0.676533029432284	2.06336477427178E-11	1.39766411925085E-11	1E5	1E10	1E-30	1E-10	1E10	1E-30	1E-10	1E10	1E-30	1E-10	1E10	1E-30	1E-10	1E10	1E-30	1E-10	1E10	1E-30	1E-10	1E10	1E-30	1E-10	1E10	1E-30	1E-10	1E10	1E-30	1E-10	1E10	1E-30	1E-10	1E10	1E-30	1E-10	1E10	1E-30	1E-10	1E10	1E-30	1E-10	1	-0.1	0.1
240	2.2E-12	1E10	1E10	1E-30	3.26248107369848E-10	1E10	1E-30	1E10	0.37	4.14018744277087E-11	9.5619543464907E-12	0.676533029432284	2.06336477427178E-11	1.39766411925085E-11	1E5	1E10	1E-30	1E-10	1E10	1E-30	1E-10	1E10	1E-30	1E-10	1E10	1E-30	1E-10	1E10	1E-30	1E-10	1E10	1E-30	1E-10	1E10	1E-30	1E-10	1E10	1E-30	1E-10	1E10	1E-30	1E-10	1E10	1E-30	1E-10	1E10	1E-30	1E-10	1E10	1E-30	1E-10	1E10	1E-30	1E-10	1	-0.25	0.25
241	2.3E-12	1E10	1E10	1E-30	3.2238864508285E-10	1E10	1E-30	1E10	0.32	1.52669918121337E-11	2.01738698697852E-11	2.67244707364359	1.22838123593938E-10	2.31042436851169E-12	100734.512170531	1E10	1E-30	1E-10	1E10	1E-30	1E-10	1E10	1E-30	1E-10	1E10	1E-30	1E-10	1E10	1E-30	1E-10	1E10	1E-30	1E-10	1E10	1E-30	1E-10	1E10	1E-30	1E-10	1E10	1E-30	1E-10	1E10	1E-30	1E-10	1E10	1E-30	1E-10	1E10	1E-30	1E-10	1E10	1E-30	1E-10	1	-0.05	0.05
242	2.3E-12	1E10	1E10	1E-30	3.2238864508285E-10	1E10	1E-30	1E10	0.32	1.52669918121337E-11	2.01738698697852E-11	2.67244707364359	1.22838123593938E-10	2.31042436851169E-12	100734.512170531	1E10	1E-30	1E-10	1E10	1E-30	1E-10	1E10	1E-30	1E-10	1E10	1E-30	1E-10	1E10	1E-30	1E-10	1E10	1E-30	1E-10	1E10	1E-30	1E-10	1E10	1E-30	1E-10	1E10	1E-30	1E-10	1E10	1E-30	1E-10	1E10	1E-30	1E-10	1E10	1E-30	1E-10	1E10	1E-30	1E-10	1	-0.1	0.1
243	2.3E-12	1E10	1E10	1E-30	3.2238864508285E-10	1E10	1E-30	1E10	0.32	1.52669918121337E-11	2.01738698697852E-11	2.67244707364359	1.22838123593938E-10	2.31042436851169E-12	100734.512170531	1E10	1E-30	1E-10	1E10	1E-30	1E-10	1E10	1E-30	1E-10	1E10	1E-30	1E-10	1E10	1E-30	1E-10	1E10	1E-30	1E-10	1E10	1E-30	1E-10	1E10	1E-30	1E-10	1E10	1E-30	1E-10	1E10	1E-30	1E-10	1E10	1E-30	1E-10	1E10	1E-30	1E-10	1E10	1E-30	1E-10	1	-0.25	0.25
244	2.3E-12	1E10	1E10	1E-30	3.2238864508285E-10	1E10	1E-30	1E10	0.32	1.52669918121337E-11	2.01738698697852E-11	2.67244707364359	1.22838123593938E-10	2.31042436851169E-12	100734.512170531	1E10	1E-30	1E-10	1E10	1E-30	1E-10	1E10	1E-30	1E-10	1E10	1E-30	1E-10	1E10	1E-30	1E-10	1E10	1E-30	1E-10	1E10	1E-30	1E-10	1E10	1E-30	1E-10	1E10	1E-30	1E-10	1E10	1E-30	1E-10	1E10	1E-30	1E-10	1E10	1E-30	1E-10	1E10	1E-30	1E-10	1	-0.05	0.05
245	2.3E-12	1E10	1E10	1E-30	3.2238864508285E-10	1E10	1E-30	1E10	0.32	1.52669918121337E-11	2.01738698697852E-11	2.67244707364359	1.22838123593938E-10	2.31042436851169E-12	100734.512170531	1E10	1E-30	1E-10	1E10	1E-30	1E-10	1E10	1E-30	1E-10	1E10	1E-30	1E-10	1E10	1E-30	1E-10	1E10	1E-30	1E-10	1E10	1E-30	1E-10	1E10	1E-30	1E-10	1E10	1E-30	1E-10	1E10	1E-30	1E-10	1E10	1E-30	1E-10	1E10	1E-30	1E-10	1E10	1E-30	1E-10	1	-0.1	0.1
246	2.3E-12	1E10	1E10	1E-30	3.2238864508285E-10	1E10	1E-30	1E10	0.32	1.52669918121337E-11	2.01738698697852E-11	2.67244707364359	1.22838123593938E-10	2.31042436851169E-12	100734.512170531	1E10	1E-30	1E-10	1E10	1E-30	1E-10	1E10	1E-30	1E-10	1E10	1E-30	1E-10	1E10	1E-30	1E-10	1E10	1E-30	1E-10	1E10	1E-30	1E-10	1E10	1E-30	1E-10	1E10	1E-30	1E-10	1E10	1E-30	1E-10	1E10	1E-30	1E-10	1E10	1E-30	1E-10	1E10	1E-30	1E-10	1	-0.25	0.25
247	2.3E-12	1E10	1E10	1E-30	3.2238864508285E-10	1E10	1E-30	1E10	0.32	1.52669918121337E-11	2.01738698697852E-11	2.67244707364359	1.22838123593938E-10	2.31042436851169E-12	100734.512170531	1E10	1E-30	1E-10	1E10	1E-30	1E-10	1E10	1E-30	1E-10	1E10	1E-30	1E-10	1E10	1E-30	1E-10	1E10	1E-30	1E-10	1E10	1E-30	1E-10	1E10	1E-30	1E-10	1E10	1E-30	1E-10	1E10	1E-30	1E-10	1E10	1E-30	1E-10	1E10	1E-30	1E-10	1E10	1E-30	1E-10	1	-0.05	0.05
248	2.3E-12	1E10	1E10	1E-30	3.2238864508285E-10	1E10	1E-30	1E10	0.32	1.52669918121337E-11	2.01738698697852E-11	2.67244707364359	1.22838123593938E-10	2.31042436851169E-12	100734.512170531	1E10	1E-30	1E-10	1E10	1E-30	1E-10	1E10	1E-30	1E-10	1E10	1E-30	1E-10	1E10	1E-30	1E-10	1E10	1E-30	1E-10	1E10	1E-30	1E-10	1E10	1E-30	1E-10	1E10	1E-30	1E-10	1E10	1E-30	1E-10	1E10	1E-30	1E-10	1E10	1E-30	1E-10	1E10	1E-30	1E-10	1	-0.1	0.1
249	2.3E-12	1E10	1E10	1E-30	3.2238864508285E-10	1E10	1E-30	1E10	0.32	1.52669918121337E-11	2.01738698697852E-11	2.67244707364359	1.22838123593938E-10	2.31042436851169E-12	100734.512170531	1E10	1E-30	1E-10	1E10	1E-30	1E-10	1E10	1E-30	1E-10	1E10	1E-30	1E-10	1E10	1E-30	1E-10	1E10	1E-30	1E-10	1E10	1E-30	1E-10	1E10	1E-30	1E-10	1E10	1E-30	1E-10	1E10	1E-30	1E-10	1E10	1E-30	1E-10	1E10	1E-30	1E-10	1E10	1E-30	1E-10	1	-0.25	0.25
250	2.3E-12	1E10	1E10	1E-30	3.2238864508285E-10	1E10	1E-30	1E10	0.32	1.52669918121337E-11	2.01738698697852E-11	2.67244707364359	1.22838123593938E-10	2.31042436851169E-12	100734.512170531	1E10	1E-30	1E-10	1E10	1E-30	1E-10	1E10	1E-30	1E-10	1E10	1E-30	1E-10	1E10	1E-30	1E-10	1E10	1E-30	1E-10	1E10	1E-30	1E-10	1E10	1E-30	1E-10	1E10	1E-30	1E-10	1E10	1E-30	1E-10	1E10	1E-30	1E-10	1E10	1E-30	1E-10	1E10	1E-30	1E-10	1	-0.05	0.05
251	2.3E-12	1E10	1E10	1E-30	3.2238864508285E-10	1E10	1E-30	1E10	0.32	1.52669918121337E-11	2.01738698697852E-11	2.67244707364359	1.22838123593938E-10	2.31042436851169E-12	100734.512170531	1E10	1E-30	1E-10	1E10	1E-30	1E-10	1E10	1E-30	1E-10	1E10	1E-30	1E-10	1E10	1E-30	1E-10	1E10	1E-30	1E-10	1E10	1E-30	1E-10	1E10	1E-30	1E-10	1E10	1E-30	1E-10	1E10	1E-30	1E-10	1E10	1E-30	1E-10	1E10	1E-30	1E-10	1E10	1E-30	1E-10	1	-0.1	0.1
252	2.3E-12	1E10	1E10	1E-30	3.2238864508285E-10	1E10	1E-30	1E10	0.32	1.52669918121337E-11	2.01738698697852E-11	2.67244707364359	1.22838123593938E-10	2.31042436851169E-12	100734.512170531	1E10	1E-30	1E-10	1E10	1E-30	1E-10	1E10	1E-30	1E-10	1E10	1E-30	1E-10	1E10	1E-30	1E-10	1E10	1E-30	1E-10	1E10	1E-30	1E-10	1E10	1E-30	1E-10	1E10	1E-30	1E-10	1E10	1E-30	1E-10	1E10	1E-30	1E-10	1E10	1E-30	1E-10	1E10	1E-30	1E-10	1	-0.25	0.25
253	2.4E-12	1E10	1E10	1E-30	3.2238864508285E-10	1E10	1E-30	1E10	0.32	1.52669918121337E-11	2.01738698697852E-11	2.67244707364359	1.22838123593938E-10	2.31042436851169E-12	100734.512170531	1E10	1E-30	1E-10	1E10	1E-30	1E-10	1E10	1E-30	1E-10	1E10	1E-30	1E-10	1E10	1E-30	1E-10	1E10	1E-30	1E-10	1E10	1E-30	1E-10	1E10	1E-30	1E-10	1E10	1E-30	1E-10	1E10	1E-30	1E-10	1E10	1E-30	1E-10	1E10	1E-30	1E-10	1E10	1E-30	1E-10	1	-0.25	0.25
254	2.4E-12	1E10	1E10	1E-30	3.2238864508285E-10	1E10	1E-30	1E10	0.32	1.52669918121337E-11	2.01738698697852E-11	2.67244707364359	1.22838123593938E-10	2.31042436851169E-12	100734.512170531	1E10	1E-30	1E-10	1E10	1E-30	1E-10	1E10	1E-30	1E-10	1E10	1E-30	1E-10	1E10	1E-30	1E-10	1E10	1E-30	1E-10	1E10	1E-30	1E-10	1E10	1E-30	1E-10	1E10	1E-30	1E-10	1E10	1E-30	1E-10	1E10	1E-30	1E-10	1E10	1E-30	1E-10	1E10	1E-30	1E-10	1	-0.05	0.05
255	2.4E-12	1E10	1E10	1E-30	3.2238864508285E-10	1E10	1E-30	1E10	0.32	1.52669918121337E-11	2.01738698697852E-11	2.67244707364359	1.22838123593938E-10	2.31042436851169E-12	100734.512170531	1E10	1E-30	1E-10	1E10	1E-30	1E-10	1E10	1E-30	1E-10	1E10	1E-30	1E-10	1E10	1E-30	1E-10	1E10	1E-30	1E-10	1E10	1E-30	1E-10	1E10	1E-30	1E-10	1E10	1E-30	1E-10	1E10	1E-30	1E-10	1E10	1E-30	1E-10	1E10	1E-30	1E-10	1E10	1E-30	1E-10	1	-0.1	0.1
256	2.4E-12	1E10	1E10	1E-30	3.2238864508285E-10	1E10	1E-30	1E10	0.32	1.52669918121337E-11	2.01738698697852E-11	2.67244707364359	1.22838123593938E-10	2.31042436851169E-12	100734.512170531	1E10	1E-30	1E-10	1E10	1E-30	1E-10	1E10	1E-30	1E-10	1E10	1E-30	1E-10	1E10	1E-30	1E-10	1E10	1E-30	1E-10	1E10	1E-30	1E-10	1E10	1E-30	1E-10	1E10	1E-30	1E-10	1E10	1E-30	1E-10	1E10	1E-30	1E-10	1E10	1E-30	1E-10	1E10	1E-30	1E-10	1	-0.25	0.25
257	2.4E-12	1E10	1E10	1E-30	3.2238864508285E-10	1E10	1E-30	1E10	0.32	1.52669918121337E-11	2.01738698697852E-11	2.67244707364359	1.22838123593938E-10	2.31042436851169E-12	100734.512170531	1E10	1E-30	1E-10	1E10	1E-30	1E-10	1E10	1E-30	1E-10	1E10	1E-30	1E-10	1E10	1E-30	1E-10	1E10	1E-30	1E-10	1E10	1E-30	1E-10	1E10	1E-30	1E-10	1E10	1E-30	1E-10	1E10	1E-30	1E-10	1E10	1E-30	1E-10	1E10	1E-30	1E-10	1E10	1E-30	1E-10	1	-0.05	0.05
258	2.4E-12	1E10	1E10	1E-30	3.2238864508285E-10	1E10	1E-30	1E10	0.32	1.52669918121337E-11	2.01738698697852E-11	2.67244707364359	1.22838123593938E-10	2.31042436851169E-12	100734.512170531	1E10	1E-30	1E-10	1E10	1E-30	1E-10	1E10	1E-30	1E-10	1E10	1E-30	1E-10	1E10	1E-30	1E-10	1E10	1E-30	1E-10	1E10	1E-30	1E-10	1E10	1E-30	1E-10	1E10	1E-30	1E-10	1E10	1E-30	1E-10	1E10	1E-30	1E-10	1E10	1E-30	1E-10	1E10	1E-30	1E-10	1	-0.1	0.1
259	2.4E-12	1E10	1E10	1E-30	3.2238864508285E-10	1E10	1E-30	1E10	0.32	1.52669918121337E-11	2.01738698697852E-11	2.67244707364359	1.22838123593938E-10	2.31042436851169E-12	100734.512170531	1E10	1E-30	1E-10	1E10	1E-30	1E-10	1E10	1E-30	1E-10	1E10	1E-30	1E-10	1E10	1E-30	1E-10	1E10	1E-30	1E-10	1E10	1E-30	1E-10	1E10	1E-30	1E-10	1E10	1E-30	1E-10	1E10	1E-30	1E-10	1E10	1E-30	1E-10	1E10	1E-30	1E-10	1E10	1E-30	1E-10	1	-0.25	0.25
260	2.4E-12	1E10	1E10	1E-30	3.2238864508285E-10	1E10	1E-30	1E10	0.32	1.52669918121337E-11	2.01738698697852E-11	2.67244707364359	1.22838123593938E-10	2.31042436851169E-12	100734.512170531	1E10	1E-30	1E-10	1E10	1E-30	1E-10	1E10	1E-30	1E-10	1E10	1E-30	1E-10	1E10	1E-30	1E-10	1E10	1E-30	1E-10	1E10	1E-30	1E-10	1E10	1E-30	1E-10	1E10	1E-30	1E-10	1E10	1E-30	1E-10	1E10	1E-30	1E-10	1E10	1E-30	1E-10	1E10	1E-30	1E-10	1	-0.25	0.25
261	2.4E-12	1E10	1E10	1E-30	3.2238864508285E-10	1E10	1E-30	1E10	0.32	1.52669918121337E-11	2.01738698697852E-11	2.67244707364359	1.22838123593938E-10	2.31042436851169E-12	100734.512170531	1E10	1E-30	1E-10	1E10	1E-30	1E-10	1E10	1E-30	1E-10	1E10	1E-30	1E-10	1E10	1E-30	1E-10	1E10	1E-30	1E-10	1E10	1E-30	1E-10	1E10	1E-30	1E-10	1E10	1E-30	1E-10	1E10	1E-30	1E-10	1E10	1E-30	1E-10	1E10	1E-30	1E-10	1E10	1E-30	1E-10	1	-0.05	0.05
262	2.4E-12	1E10	1E10	1E-30	3.2238864508285E-10	1E10	1E-30	1E10	0.32	1.52669918121337E-11	2.01738698697852E-11	2.67244707364359	1.22838123593938E-10	2.31042436851169E-12	100734.512170531	1E10	1E-30	1E-10	1E10	1E-30	1E-10	1E10	1E-30	1E-10	1E10	1E-30	1E-10	1E10	1E-30	1E-10	1E10	1E-30	1E-10	1E10	1E-30	1E-10	1E10	1E-30	1E-10	1E10	1E-30	1E-10	1E10	1E-30	1E-10	1E10	1E-30	1E-10	1E10	1E-30	1E-10	1E10	1E-30	1E-10	1	-0.1	0.1
263	2.4E-12	1E10	1E10	1E-30	3.2238864508285E-10	1E10	1E-30	1E10	0.32	1.52669918121337E-11	2.01738698697852E-11	2.67244707364359	1.22838123593938E-10	2.31042436851169E-12	100734.512170531	1E10	1E-30	1E-10	1E10	1E-30	1E-10	1E10	1E-30	1E-10	1E10	1E-30	1E-10	1E10	1E-30	1E-10	1E10	1E-30	1E-10	1E10	1E-30	1E-10	1E10	1E-30	1E-10	1E10	1E-30	1E-10	1E10	1E-30	1E-10	1E10	1E-30	1E-10	1E10	1E-30	1E-10	1E10	1E-30	1E-10	1	-0.25	0.25
264	2.4E-12	1E10	1E10	1E-30	3.2238864508285E-10	1E10	1E-30	1E10	0.32	1.52669918121337E-11	2.01738698697852E-11	2.67244707364359	1.22838123593938E-10	2.31042436851169E-12	100734.512170531	1E10	1E-30	1E-10	1E10	1E-30	1E-10	1E10	1E-30	1E-10	1E10	1E-30	1E-10	1E10	1E-30	1E-10	1E10	1E-30	1E-10	1E10	1E-30	1E-10	1E10	1E-30	1E-10	1E10	1E-30	1E-10	1E10	1E-30	1E-10	1E10	1E-30	1E-10	1E10	1E-30	1E-10	1E10	1E-30	1E-10	1	-0.05	0.05
265	2.4E-12	1E10	1E10	1E-30	3.2238864508285E-10	1E10	1E-30	1E10	0.32	1.52669918121337E-11	2.01738698697852E-11	2.67244707364359	1.22838123593938E-10	2.31042436851169E-12	100734.512170531	1E10	1E-30	1E-10	1E10	1E-30	1E-10	1E10	1E-30	1E-10	1E10	1E-30	1E-10	1E10	1E-30	1E-10	1E10	1E-30	1E-10	1E10	1E-30	1E-10	1E10	1E-30	1E-10	1E10	1E-30	1E-10	1E10	1E-30	1E-10	1E10	1E-30	1E-10	1E10	1E-30	1E-10	1E10	1E-30	1E-10	1	-0.1	0.1
266	2.4E-12	1E10	1E10	1E-30	3.2238864508285E-10	1E10	1E-30	1E10	0.32	1.52669918121337E-11	2.01738698697852E-11	2.67244707364359	1.22838123593938E-10	2.31042436851169E-12	100734.512170531	1E10	1E-30	1E-10	1E10	1E-30	1E-10	1E10	1E-30	1E-10	1E10	1E-30	1E-10	1E10	1E-30	1E-10	1E10	1E-30	1E-10	1E10	1E-30	1E-10	1E10	1E-30	1E-10	1E10	1E-30	1E-10	1E10	1E-30	1E-10	1E10	1E-30	1E-10	1E10	1E-30	1E-10	1E10	1E-30	1E-10	1	-0.25	0.25
267	2.5E-12	1E10	1E10	1E-30	3.2238864508285E-10	1E10	1E-30	1E10	0.32	1.52669918121337E-11	2.01738698697852E-11	2.67244707364359	1.22838123593938E-10	2.31042436851169E-12	100734.512170531	1E10	1E-30	1E-10	1E10	1E-30	1E-10	1E10	1E-30	1E-10	1E10	1E-30	1E-10	1E10	1E-30	1E-10	1E10	1E-30	1E-10	1E10	1E-30	1E-10	1E10	1E-30	1E-10	1E10	1E-30	1E-10	1E10	1E-30	1E-10	1E10	1E-30	1E-10	1E10	1E-30	1E-10	1E10	1E-30	1E-10	1	-0.05	0.05
268	2.5E-12	1E10	1E10	1E-30	3.2238864508285E-10	1E10	1E-30	1E10	0.32	1.52669918121337E-11	2.01738698697852E-11	2.67244707364359	1.22838123593938E-10	2.31042436851169E-12	100734.512170531	1E10	1E-30	1E-10	1E10	1E-30	1E-10	1E10	1E-30	1E-10	1E10	1E-30	1E-10	1E10	1E-30	1E-10	1E10	1E-30	1E-10	1E10	1E-30	1E-10	1E10	1E-30	1E-10	1E10	1E-30	1E-10	1E10	1E-30	1E-10	1E10	1E-30	1E-10	1E10	1E-30	1E-10	1E10	1E-30	1E-10	1	-0.1	0.1
269	2.5E-12	1E10	1E10	1E-30	3.2238864508285E-10	1E10	1E-30	1E10	0.32	1.52669918121337E-11	2.01738698697852E-11	2.67244707364359	1.22838123593938E-10	2.31042436851169E-12	100734.512170531	1E10	1E-30	1E-10	1E10	1E-30	1E-10	1E10	1E-30	1E-10	1E10	1E-30	1E-10	1E10	1E-30	1E-10	1E10	1E-30	1E-10	1E10	1E-30	1E-10	1E10	1E-30	1E-10	1E10	1E-30	1E-10	1E10	1E-30	1E-10	1E10	1E-30	1E-10	1E10	1E-30	1E-10	1E10	1E-30	1E-10	1	-0.25	0.25
270	2.5E-12	1E10	1E10	1E-30	3.2238864508285E-10	1E10	1E-30	1E10	0.32	1.52669918121337E-11	2.01738698697852E-11	2.67244707364359	1.22838123593938E-10	2.31042436851169E-12	100734.512170531	1E10	1E-30	1E-10	1E10	1E-30	1E-10	1E10	1E-30	1E-10	1E10	1E-30	1E-10	1E10	1E-30	1E-10	1E10	1E-30	1E-10	1E10	1E-30	1E-10	1E10	1E-30	1E-10	1E10	1E-30	1E-10	1E10	1E-30	1E-10	1E10	1E-30	1E-10	1E10	1E-30	1E-10	1E10	1E-30	1E-10	1	-0.05	0.05
271	2.5E-12	1E10	1E10	1E-30	3.2238864508285E-10	1E10	1E-30	1E10	0.32	1.52669918121337E-11	2.01738698697852E-11	2.67244707364359	1.22838123593938E-10	2.31042436851169E-12	100734.512170531	1E10	1E-30	1E-10	1E10	1E-30	1E-10	1E10	1E-30	1E-10	1E10	1E-30	1E-10	1E10	1E-30	1E-10	1E10	1E-30	1E-10	1E10	1E-30	1E-10	1E10	1E-30	1E-10	1E10	1E-30	1E-10	1E10	1E-30	1E-10	1E10	1E-30	1E-10	1E10	1E-30	1E-10	1E10	1E-30	1E-10	1	-0.1	0.1
272	2.5E-12	1E10	1E10	1E-30	3.2238864508285E-10	1E10	1E-30	1E10	0.32	1.52669918121337E-11	2.01738698697852E-11	2.67244707364359	1.22838123593938E-10	2.31042436851169E-12	100734.512170531	1E10	1E-30	1E-10	1E10	1E-30	1E-10	1E10	1E-30	1E-10	1E10	1E-30	1E-10	1E10	1E-30	1E-10	1E10	1E-30	1E-10	1E10	1E-30	1E-10	1E10	1E-30	1E-10	1E10	1E-30	1E-10	1E10	1E-30	1E-10	1E10	1E-30	1E-10	1E10	1E-30	1E-10	1E10	1E-30	1E-10	1	-0.25	0.25
273	2.5E-12	1E10	1E10	1E-30	3.2238864508285E-10	1E10	1E-30	1E10	0.32	1.52669918121337E-11	2.01738698697852E-11	2.67244707364359	1.22838123593938E-10	2.31042436851169E-12	100734.512170531	1E10	1E-30	1E-10	1E10	1E-30	1E-10	1E10	1E-30	1E-10	1E10	1E-30	1E-10	1E10	1E-30	1E-10	1E10	1E-30	1E-10	1E10	1E-30	1E-10	1E10	1E-30	1E-10	1E10	1E-30	1E-10	1E10	1E-30	1E-10	1E10	1E-30	1E-10	1E10	1E-30	1E-10	1E10	1E-30	1E-10	1	-0.05	0.05
274	2.5E-12	1E10	1E10	1E-30	3.2238864508285E-10	1E10	1E-30	1E10	0.32	1.52669918121337E-11	2.01738698697852E-11	2.67244707364359	1.22838123593938E-10	2.31042436851169E-12	100734.512170531	1E10	1E-30	1E-10	1E10	1E-30	1E-10	1E10	1E-30	1E-10	1E10	1E-30	1E-10	1E10	1E-30	1E-10	1E10	1E-30	1E-10	1E10	1E-30	1E-10	1E10	1E-30	1E-10	1E10	1E-30	1E-10	1E10	1E-30	1E-10	1E10	1E-30	1E-10	1E10	1E-30	1E-10	1E10	1E-30	1E-10	1	-0.1	0.1
275	2.5E-12	1E10	1E10	1E-30	3.2238864508285E-10	1E10	1E-30	1E10	0.32	1.52669918121337E-11	2.01738698697852E-11	2.67244707364359	1.22838123593938E-10	2.31042436851169E-12	100734.512170531	1E10	1E-30	1E-10	1E10	1E-30	1E-10	1E10	1E-30	1E-10	1E10	1E-30	1E-10	1E10	1E-30	1E-10	1E10	1E-30	1E-10	1E10	1E-30	1E-10	1E10	1E-30	1E-10	1E10	1E-30	1E-10	1E10	1E-30	1E-10	1E10	1E-30	1E-10	1E10	1E-30	1E-10	1E10	1E-30	1E-10	1	-0.25	0.25
276	2.5E-12	1E10	1E10	1E-30	3.2238864508285E-10	1E10	1E-30	1E10	0.32	1.52669918121337E-11	2.01738698697852E-11	2.67244707364359	1.22838123593938E-10	2.31042436851169E-12	100734.512170531	1E10	1E-30	1E-10	1E10	1E-30	1E-10	1E10	1E-30	1E-10	1E10	1E-30	1E-10	1E10	1E-30	1E-10	1E10	1E-30	1E-10	1E10	1E-30	1E-10	1E10	1E-30	1E-10	1E10	1E-30	1E-10	1E10	1E-30	1E-10	1E10	1E-30	1E-10	1E10	1E-30	1E-10	1E10	1E-30	1E-10	1	-0.05	0.05
277	2.5E-12	1E10	1E10	1E-30	3.2238864508285E-10	1E10	1E-30	1E10	0.32	1.52669918121337E-11	2.01738698697852E-11	2.67244707364359	1.22838123593938E-10	2.31042436851169E-12	100734.512170531	1E10	1E-30	1E-10	1E10	1E-30	1E-10	1E10	1E-30	1E-10	1E10	1E-30	1E-10	1E10	1E-30	1E-10	1E10	1E-30	1E-10	1E10	1E-30	1E-10	1E10	1E-30	1E-10	1E10	1E-30	1E-10	1E10	1E-30	1E-10	1E10	1E-30	1E-10	1E10	1E-30	1E-10	1E10	1E-30	1E-10	1	-0.1	0.1
278	2.5E-12	1E10	1E10	1E-30	3.2238864508285E-10	1E10	1E-30	1E10	0.32	1.52669918121337E-11	2.01738698697852E-11	2.67244707364359	1.22838123593938E-10	2.31042436851169E-12	100734.512170531	1E10	1E-30	1E-10	1E10	1E-30	1E-10	1E10	1E-30	1E-10	1E10	1E-30	1E-10	1E10	1E-30	1E-10	1E10	1E-30	1E-10	1E10	1E-30	1E-10	1E10	1E-30	1E-10	1E10	1E-30	1E-10	1E10	1E-30	1E-10	1E10	1E-30	1E-10	1E10	1E-30	1E-10	1E10	1E-30	1E-10	1	-0.25	0.25
279	2.6E-12	1E10	1E10	1E-30	3.03384077757345E-10	1E10	1E-30	1E10	0.3	1.52189491628689E-11	2.07859966224025E-11	2.43731852211285	1.54406415436105E-11	1.83594699317469E-11	1E5	1E10	1E-30	1E-10	1E10	1E-30	1E-10	1E10	1E-30	1E-10	1E10	1E-30	1E-10	1E10	1E-30	1E-10	1E10	1E-30	1E-10	1E10	1E-30	1E-10	1E10	1E-30	1E-10	1E10	1E-30	1E-10	1E10	1E-30	1E-10	1E10	1E-30	1E-10	1E10	1E-30	1E-10	1E10	1E-30	1E-10	1	-0.05	0.05
280	2.6E-12	1E10	1E10	1E-30	3.03384077757345E-10	1E10	1E-30	1E10	0.3	1.52189491628689E-11	2.07859966224025E-11	2.43731852211285	1.54406415436105E-11	1.83594699317469E-11	1E5	1E10	1E-30	1E-10	1E10	1E-30	1E-10	1E10	1E-30	1E-10	1E10	1E-30	1E-10	1E10	1E-30	1E-10	1E10	1E-30	1E-10	1E10	1E-30	1E-10	1E10	1E-30	1E-10	1E10	1E-30	1E-10	1E10	1E-30	1E-10	1E10	1E-30	1E-10	1E10	1E-30	1E-10	1E10	1E-30	1E-10	1	-0.1	0.1
281	2.6E-12	1E10	1E10	1E-30	3.03384077757345E-10	1E10	1E-30	1E10	0.3	1.52189491628689E-11	2.07859966224025E-11	2.43731852211285	1.54406415436105E-11	1.83594699317469E-11	1E5	1E10	1E-30	1E-10	1E10	1E-30	1E-10	1E10	1E-30	1E-10	1E10	1E-30	1E-10	1E10	1E-30	1E-10	1E10	1E-30	1E-10	1E10	1E-30	1E-10	1E10	1E-30	1E-10	1E10	1E-30	1E-10	1E10	1E-30	1E-10	1E10	1E-30	1E-10	1E10	1E-30	1E-10	1E10	1E-30	1E-10	1	-0.25	0.25
282	2.6E-12	1E10	1E10	1E-30	3.03384077757345E-10	1E10	1E-30	1E10	0.3	1.52189491628689E-11	2.07859966224025E-11	2.43731852211285	1.54406415436105E-11	1.83594699317469E-11	1E5	1E10	1E-30	1E-10	1E10	1E-30	1E-10	1E10	1E-30	1E-10	1E10	1E-30	1E-10	1E10	1E-30	1E-10	1E10	1E-30	1E-10	1E10	1E-30	1E-10	1E10	1E-30	1E-10	1E10	1E-30	1E-10	1E10	1E-30	1E-10	1E10	1E-30	1E-10	1E10	1E-30	1E-10	1E10	1E-30	1E-10	1	-0.05	0.05
283	2.6E-12	1E10	1E10	1E-30	3.03384077757345E-10	1E10	1E-30	1E10	0.3	1.52189491628689E-11	2.07859966224025E-11	2.43731852211285	1.54406415436105E-11	1.83594699317469E-11	1E5	1E10	1E-30	1E-10	1E10	1E-30	1E-10	1E10	1E-30	1E-10	1E10	1E-30	1E-10	1E10	1E-30	1E-10	1E10	1E-30	1E-10	1E10	1E-30	1E-10	1E10	1E-30	1E-10	1E10	1E-30	1E-10	1E10	1E-30	1E-10	1E10	1E-30	1E-10	1E10	1E-30	1E-10	1E10	1E-30	1E-10	1	-0.1	0.1
284	2.6E-12	1E10	1E10	1E-30	3.03384077757345E-10	1E10	1E-30	1E10	0.3	1.52189491628689E-11	2.07859966224025E-11	2.43731852211285	1.54406415436105E-11	1.83594699317469E-11	1E5	1E10	1E-30	1E-10	1E10	1E-30	1E-10	1E10	1E-30	1E-10	1E10	1E-30	1E-10	1E10	1E-30	1E-10	1E10	1E-30	1E-10	1E10	1E-30	1E-10	1E10	1E-30	1E-10	1E10	1E-30	1E-10	1E10	1E-30	1E-10	1E10	1E-30	1E-10	1E10	1E-30	1E-10	1E10	1E-30	1E-10	1	-0.25	0.25
285	2.6E-12	1E10	1E10	1E-30	3.03384077757345E-10	1E10	1E-30	1E10	0.3	1.52189491628689E-11	2.07859966224025E-11	2.43731852211285	1.54406415436105E-11	1.83594699317469E-11	1E5	1E10	1E-30	1E-10	1E10	1E-30	1E-10	1E10	1E-30	1E-10	1E10	1E-30	1E-10	1E10	1E-30	1E-10	1E10	1E-30	1E-10	1E10	1E-30	1E-10	1E10	1E-30	1E-10	1E10	1E-30	1E-10	1E10	1E-30	1E-10	1E10	1E-30	1E-10	1E10	1E-30	1E-10	1E10	1E-30	1E-10	1	-0.05	0.05
286	2.6E-12	1E10	1E10	1E-30	3.03384077757345E-10	1E10	1E-30	1E10	0.3	1.52189491628689E-11	2.07859966224025E-11	2.43731852211285	1.54406415436105E-11	1.83594699317469E-11	1E5	1E10	1E-30	1E-10	1E10	1E-30	1E-10	1E10	1E-30	1E-10	1E10	1E-30	1E-10	1E10	1E-30	1E-10	1E10	1E-30	1E-10	1E10	1E-30	1E-10	1E10	1E-30	1E-10	1E10	1E-30	1E-10	1E10	1E-30	1E-10	1E10	1E-30	1E-10	1E10	1E-30	1E-10	1E10	1E-30	1E-10	1	-0.1	0.1
287	2.6E-12	1E10	1E10	1E-30	3.03384077757345E-10	1E10	1E-30	1E10	0.3	1.52189491628689E-11	2.07859966224025E-11	2.43731852211285	1.54406415436105E-11	1.83594699317469E-11	1E5	1E10	1E-30	1E-10	1E10	1E-30	1E-10	1E10	1E-30	1E-10	1E10	1E-30	1E-10	1E10	1E-30	1E-10	1E10	1E-30	1E-10	1E10	1E-30	1E-10	1E10	1E-30	1E-10	1E10	1E-30	1E-10	1E10	1E-30	1E-10	1E10	1E-30	1E-10	1E10	1E-30	1E-10	1E10	1E-30	1E-10	1	-0.25	0.25
288	2.6E-12	1E10	1E10	1E-30	3.03384077757345E-10	1E10	1E-30	1E10	0.3	1.52189491628689E-11	2.07859966224025E-11	2.43731852211285	1.54406415436105E-11	1.83594699317469E-11	1E5	1E10	1E-30	1E-10	1E10	1E-30	1E-10	1E10	1E-30	1E-10	1E10	1E-30	1E-10	1E10	1E-30	1E-10	1E10	1E-30	1E-10	1E10	1E-30	1E-10	1E10	1E-30	1E-10	1E10	1E-30	1E-10	1E10	1E-30	1E-10	1E10	1E-30	1E-10	1E10	1E-30	1E-10	1E10	1E-30	1E-10	1	-0.05	0.05
289	2.6E-12	1E10	1E10	1E-30	3.03384077757345E-10	1E10	1E-30	1E10	0.3	1.52189491628689E-11	2.07859966224025E-11	2.43731852211285	1.54406415436105E-11	1.83594699317469E-11	1E5	1E10	1E-30	1E-10	1E10	1E-30	1E-10	1E10	1E-30	1E-10	1E10	1E-30	1E-10	1E10	1E-30	1E-10	1E10	1E-30	1E-10	1E10	1E-30	1E-10	1E10	1E-30	1E-10	1E10	1E-30	1E-10	1E10	1E-30	1E-10	1E10	1E-30	1E-10	1E10	1E-30	1E-10	1E10	1E-30	1E-10	1	-0.1	0.1
290	2.6E-12	1E10	1E10	1E-30	3.03384077757345E-10	1E10	1E-30	1E10	0.3	1.52189491628689E-11	2.07859966224025E-11	2.43731852211285	1.54406415436105E-11	1.83594699317469E-11	1E5	1E10	1E-30	1E-10	1E10	1E-30	1E-10	1E10	1E-30	1E-10	1E10	1E-30	1E-10	1E10	1E-30	1E-10	1E10	1E-30	1E-10	1E10	1E-30	1E-10	1E10	1E-30	1E-10	1E10	1E-30	1E-10	1E10	1E-30	1E-10	1E10	1E-30	1E-10	1E10	1E-30	1E-10	1E10	1E-30	1E-10	1	-0.25	0.25
291	2.7E-12	1E10	1E10	1E-30	3.03384077757345E-10	1E10	1E-30	1E10	0.3	1.52189491628689E-11	2.07859966224025E-11	2.43731852211285	1.54406415436105E-11	1.83594699317469E-11	1E5	1E10	1E-30	1E-10	1E10	1E-30	1E-10	1E10	1E-30	1E-10	1E10	1E-30	1E-10	1E10	1E-30	1E-10	1E10	1E-30	1E-10	1E10	1E-30	1E-10	1E10	1E-30	1E-10	1E10	1E-30	1E-10	1E10	1E-30	1E-10	1E10	1E-30	1E-10	1E10	1E-30	1E-10	1E10	1E-30	1E-10	1	-0.25	0.25
292	2.7E-12	1E10	1E10	1E-30	3.03384077757345E-10	1E10	1E-30	1E10	0.3	1.52189491628689E-11	2.07859966224025E-11	2.43731852211285	1.54406415436105E-11	1.83594699317469E-11	1E5	1E10	1E-30	1E-10	1E10	1E-30	1E-10	1E10	1E-30	1E-10	1E10	1E-30	1E-10	1E10	1E-30	1E-10	1E10	1E-30	1E-10	1E10	1E-30	1E-10	1E10	1E-30	1E-10	1E10	1E-30	1E-10	1E10	1E-30	1E-10	1E10	1E-30	1E-10	1E10	1E-30	1E-10	1E10	1E-30	1E-10	1	-0.05	0.05
293	2.7E-12	1E10	1E10	1E-30	3.03384077757345E-10	1E10	1E-30	1E10	0.3	1.52189491628689E-11	2.07859966224025E-11	2.43731852211285	1.54406415436105E-11	1.83594699317469E-11	1E5	1E10	1E-30	1E-10	1E10	1E-30	1E-10	1E10	1E-30	1E-10	1E10	1E-30	1E-10	1E10	1E-30	1E-10	1E10	1E-30	1E-10	1E10	1E-30	1E-10	1E10	1E-30	1E-10	1E10	1E-30	1E-10	1E10	1E-30	1E-10	1E10	1E-30	1E-10	1E10	1E-30	1E-10	1E10	1E-30	1E-10	1	-0.1	0.1
294	2.7E-12	1E10	1E10	1E-30	3.03384077757345E-10	1E10	1E-30	1E10	0.3	1.52189491628689E-11	2.07859966224025E-11	2.43731852211285	1.54406415436105E-11	1.83594699317469E-11	1E5	1E10	1E-30	1E-10	1E10	1E-30	1E-10	1E10	1E-30	1E-10	1E10	1E-30	1E-10	1E10	1E-30	1E-10	1E10	1E-30	1E-10	1E10	1E-30	1E-10	1E10	1E-30	1E-10	1E10	1E-30	1E-10	1E10	1E-30	1E-10	1E10	1E-30	1E-10	1E10	1E-30	1E-10	1E10	1E-30	1E-10	1	-0.25	0.25
295	2.7E-12	1E10	1E10	1E-30	3.03384077757345E-10	1E10	1E-30	1E10	0.3	1.52189491628689E-11	2.07859966224025E-11	2.43731852211285	1.54406415436105E-11	1.83594699317469E-11	1E5	1E10	1E-30	1E-10	1E10	1E-30	1E-10	1E10	1E-30	1E-10	1E10	1E-30	1E-10	1E10	1E-30	1E-10	1E10	1E-30	1E-10	1E10	1E-30	1E-10	1E10	1E-30	1E-10	1E10	1E-30	1E-10	1E10	1E-30	1E-10	1E10	1E-30	1E-10	1E10	1E-30	1E-10	1E10	1E-30	1E-10	1	-0.05	0.05
296	2.7E-12	1E10	1E10	1E-30	3.03384077757345E-10	1E10	1E-30	1E10	0.3	1.52189491628689E-11	2.07859966224025E-11	2.43731852211285	1.54406415436105E-11	1.83594699317469E-11	1E5	1E10	1E-30	1E-10	1E10	1E-30	1E-10	1E10	1E-30	1E-10	1E10	1E-30	1E-10	1E10	1E-30	1E-10	1E10	1E-30	1E-10	1E10	1E-30	1E-10	1E10	1E-30	1E-10	1E10	1E-30	1E-10	1E10	1E-30	1E-10	1E10	1E-30	1E-10	1E10	1E-30	1E-10	1E10	1E-30	1E-10	1	-0.1	0.1
297	2.7E-12	1E10	1E10	1E-30	3.03384077757345E-10	1E10	1E-30	1E10	0.3	1.52189491628689E-11	2.07859966224025E-11	2.43731852211285	1.54406415436105E-11	1.83594699317469E-11	1E5	1E10	1E-30	1E-10	1E10	1E-30	1E-10	1E10	1E-30	1E-10	1E10	1E-30	1E-10	1E10	1E-30	1E-10	1E10	1E-30	1E-10	1E10	1E-30	1E-10	1E10	1E-30	1E-10	1E10	1E-30	1E-10	1E10	1E-30	1E-10	1E10	1E-30	1E-10	1E10	1E-30	1E-10	1E10	1E-30	1E-10	1	-0.25	0.25
298	2.7E-12	1E10	1E10	1E-30	3.03384077757345E-10	1E10	1E-30	1E10	0.3	1.52189491628689E-11	2.07859966224025E-11	2.43731852211285	1.54406415436105E-11	1.83594699317469E-11	1E5	1E10	1E-30	1E-10	1E10	1E-30	1E-10	1E10	1E-30	1E-10	1E10	1E-30	1E-10	1E10	1E-30	1E-10	1E10	1E-30	1E-10	1E10	1E-30	1E-10	1E10	1E-30	1E-10	1E10	1E-30	1E-10	1E10	1E-30	1E-10	1E10	1E-30	1E-10	1E10	1E-30	1E-10	1E10	1E-30	1E-10	1	-0.25	0.25
299	2.7E-12	1E10	1E10	1E-30	3.03384077757345E-10	1E10	1E-30	1E10	0.3	1.52189491628689E-11	2.07859966224025E-11	2.43731852211285	1.54406415436105E-11	1.83594699317469E-11	1E5	1E10	1E-30	1E-10	1E10	1E-30	1E-10	1E10	1E-30	1E-10	1E10	1E-30	1E-10	1E10	1E-30	1E-10	1E10	1E-30	1E-10	1E10	1E-30	1E-10	1E10	1E-30	1E-10	1E10	1E-30	1E-10	1E10	1E-30	1E-10	1E10	1E-30	1E-10	1E10	1E-30	1E-10	1E10	1E-30	1E-10	1	-0.05	0.05
300	2.7E-12	1E10	1E10	1E-30	3.03384077757345E-10	1E10	1E-30	1E10	0.3	1.52189491628689E-11	2.07859966224025E-11	2.43731852211285	1.54406415436105E-11	1.83594699317469E-11	1E5	1E10	1E-30	1E-10	1E10	1E-30	1E-10	1E10	1E-30	1E-10	1E10	1E-30	1E-10	1E10	1E-30	1E-10	1E10	1E-30	1E-10	1E10	1E-30	1E-10	1E10	1E-30	1E-10	1E10	1E-30	1E-10	1E10	1E-30	1E-10	1E10	1E-30	1E-10	1E10	1E-30	1E-10	1E10	1E-30	1E-10	1	-0.1	0.1
301	2.7E-12	1E10	1E10	1E-30	3.03384077757345E-10	1E10	1E-30	1E10	0.3	1.52189491628689E-11	2.07859966224025E-11	2.43731852211285	1.54406415436105E-11	1.83594699317469E-11	1E5	1E10	1E-30	1E-10	1E10	1E-30	1E-10	1E10	1E-30	1E-10	1E10	1E-30	1E-10	1E10	1E-30	1E-10	1E10	1E-30	1E-10	1E10	1E-30	1E-10	1E10	1E-30	1E-10	1E10	1E-30	1E-10	1E10	1E-30	1E-10	1E10	1E-30	1E-10	1E10	1E-30	1E-10	1E10	1E-30	1E-10	1	-0.25	0.25
302	2.7E-12	1E10	1E10	1E-30	3.03384077757345E-10	1E10	1E-30	1E10	0.3	1.52189491628689E-11	2.07859966224025E-11	2.43731852211285	1.54406415436105E-11	1.83594699317469E-11	1E5	1E10	1E-30	1E-10	1E10	1E-30	1E-10	1E10	1E-30	1E-10	1E10	1E-30	1E-10	1E10	1E-30	1E-10	1E10	1E-30	1E-10	1E10	1E-30	1E-10	1E10	1E-30	1E-10	1E10	1E-30	1E-10	1E10	1E-30	1E-10	1E10	1E-30	1E-10	1E10	1E-30	1E-10	1E10	1E-30	1E-10	1	-0.05	0.05
303	2.7E-12	1E10	1E10	1E-30	3.03384077757345E-10	1E10	1E-30	1E10	0.3	1.52189491628689E-11	2.07859966224025E-11	2.43731852211285	1.54406415436105E-11	1.83594699317469E-11	1E5	1E10	1E-30	1E-10	1E10	1E-30	1E-10	1E10	1E-30	1E-10	1E10	1E-30	1E-10	1E10	1E-30	1E-10	1E10	1E-30	1E-10	1E10	1E-30	1E-10	1E10	1E-30	1E-10	1E10	1E-30	1E-10	1E10	1E-30	1E-10	1E10	1E-30	1E-10	1E10	1E-30	1E-10	1E10	1E-30	1E-10	1	-0.1	0.1
304	2.7E-12	1E10	1E10	1E-30	3.03384077757345E-10	1E10	1E-30	1E10	0.3	1.52189491628689E-11	2.07859966224025E-11	2.43731852211285	1.54406415436105E-11	1.83594699317469E-11	1E5	1E10	1E-30	1E-10	1E10	1E-30	1E-10	1E10	1E-30	1E-10	1E10	1E-30	1E-10	1E10	1E-30	1E-10	1E10	1E-30	1E-10	1E10	1E-30	1E-10	1E10	1E-30	1E-10	1E10	1E-30	1E-10	1E10	1E-30	1E-10	1E10	1E-30	1E-10	1E10	1E-30	1E-10	1E10	1E-30	1E-10	1	-0.25	0.25
305	2.79999999999999E-12	1E10	1E10	1E-30	3.03384077757345E-10	1E10	1E-30	1E10	0.3	1.52189491628689E-11	2.07859966224025E-11	2.43731852211285	1.54406415436105E-11	1.83594699317469E-11	1E5	1E10	1E-30	1E-10	1E10	1E-30	1E-10	1E10	1E-30	1E-10	1E10	1E-30	1E-10	1E10	1E-30	1E-10	1E10	1E-30	1E-10	1E10	1E-30	1E-10	1E10	1E-30	1E-10	1E10	1E-30	1E-10	1E10	1E-30	1E-10	1E10	1E-30	1E-10	1E10	1E-30	1E-10	1E10	1E-30	1E-10	1	-0.05	0.05
306	2.79999999999999E-12	1E10	1E10	1E-30	3.03384077757345E-10	1E10	1E-30	1E10	0.3	1.52189491628689E-11	2.07859966224025E-11	2.43731852211285	1.54406415436105E-11	1.83594699317469E-11	1E5	1E10	1E-30	1E-10	1E10	1E-30	1E-10	1E10	1E-30	1E-10	1E10	1E-30	1E-10	1E10	1E-30	1E-10	1E10	1E-30	1E-10	1E10	1E-30	1E-10	1E10	1E-30	1E-10	1E10	1E-30	1E-10	1E10	1E-30	1E-10	1E10	1E-30	1E-10	1E10	1E-30	1E-10	1E10	1E-30	1E-10	1	-0.1	0.1
307	2.79999999999999E-12	1E10	1E10	1E-30	3.03384077757345E-10	1E10	1E-30	1E10	0.3	1.52189491628689E-11	2.07859966224025E-11	2.43731852211285	1.54406415436105E-11	1.83594699317469E-11	1E5	1E10	1E-30	1E-10	1E10	1E-30	1E-10	1E10	1E-30	1E-10	1E10	1E-30	1E-10	1E10	1E-30	1E-10	1E10	1E-30	1E-10	1E10	1E-30	1E-10	1E10	1E-30	1E-10	1E10	1E-30	1E-10	1E10	1E-30	1E-10	1E10	1E-30	1E-10	1E10	1E-30	1E-10	1E10	1E-30	1E-10	1	-0.25	0.25
308	2.79999999999999E-12	1E10	1E10	1E-30	3.03384077757345E-10	1E10	1E-30	1E10	0.3	1.52189491628689E-11	2.07859966224025E-11	2.43731852211285	1.54406415436105E-11	1.83594699317469E-11	1E5	1E10	1E-30	1E-10	1E10	1E-30	1E-10	1E10	1E-30	1E-10	1E10	1E-30	1E-10	1E10	1E-30	1E-10	1E10	1E-30	1E-10	1E10	1E-30	1E-10	1E10	1E-30	1E-10	1E10	1E-30	1E-10	1E10	1E-30	1E-10	1E10	1E-30	1E-10	1E10	1E-30	1E-10	1E10	1E-30	1E-10	1	-0.05	0.05
309	2.79999999999999E-12	1E10	1E10	1E-30	3.03384077757345E-10	1E10	1E-30	1E10	0.3	1.52189491628689E-11	2.07859966224025E-11	2.43731852211285	1.54406415436105E-11	1.83594699317469E-11	1E5	1E10	1E-30	1E-10	1E10	1E-30	1E-10	1E10	1E-30	1E-10	1E10	1E-30	1E-10	1E10	1E-30	1E-10	1E10	1E-30	1E-10	1E10	1E-30	1E-10	1E10	1E-30	1E-10	1E10	1E-30	1E-10	1E10	1E-30	1E-10	1E10	1E-30	1E-10	1E10	1E-30	1E-10	1E10	1E-30	1E-10	1	-0.1	0.1
310	2.79999999999999E-12	1E10	1E10	1E-30	3.03384077757345E-10	1E10	1E-30	1E10	0.3	1.52189491628689E-11	2.07859966224025E-11	2.43731852211285	1.54406415436105E-11	1.83594699317469E-11	1E5	1E10	1E-30	1E-10	1E10	1E-30	1E-10	1E10	1E-30	1E-10	1E10	1E-30	1E-10	1E10	1E-30	1E-10	1E10	1E-30	1E-10	1E10	1E-30	1E-10	1E10	1E-30	1E-10	1E10	1E-30	1E-10	1E10	1E-30	1E-10	1E10	1E-30	1E-10	1E10	1E-30	1E-10	1E10	1E-30	1E-10	1	-0.25	0.25
311	2.79999999999999E-12	1E10	1E10	1E-30	3.03384077757345E-10	1E10	1E-30	1E10	0.3	1.52189491628689E-11	2.07859966224025E-11	2.43731852211285	1.54406415436105E-11	1.83594699317469E-11	1E5	1E10	1E-30	1E-10	1E10	1E-30	1E-10	1E10	1E-30	1E-10	1E10	1E-30	1E-10	1E10	1E-30	1E-10	1E10	1E-30	1E-10	1E10	1E-30	1E-10	1E10	1E-30	1E-10	1E10	1E-30	1E-10	1E10	1E-30	1E-10	1E10	1E-30	1E-10	1E10	1E-30	1E-10	1E10	1E-30	1E-10	1	-0.05	0.05
312	2.79999999999999E-12	1E10	1E10	1E-30	3.03384077757345E-10	1E10	1E-30	1E10	0.3	1.52189491628689E-11	2.07859966224025E-11	2.43731852211285	1.54406415436105E-11	1.83594699317469E-11	1E5	1E10	1E-30	1E-10	1E10	1E-30	1E-10	1E10	1E-30	1E-10	1E10	1E-30	1E-10	1E10	1E-30	1E-10	1E10	1E-30	1E-10	1E10	1E-30	1E-10	1E10	1E-30	1E-10	1E10	1E-30	1E-10	1E10	1E-30	1E-10	1E10	1E-30	1E-10	1E10	1E-30	1E-10	1E10	1E-30	1E-10	1	-0.1	0.1
313	2.79999999999999E-12	1E10	1E10	1E-30	3.03384077757345E-10	1E10	1E-30	1E10	0.3	1.52189491628689E-11	2.07859966224025E-11	2.43731852211285	1.54406415436105E-11	1.83594699317469E-11	1E5	1E10	1E-30	1E-10	1E10	1E-30	1E-10	1E10	1E-30	1E-10	1E10	1E-30	1E-10	1E10	1E-30	1E-10	1E10	1E-30	1E-10	1E10	1E-30	1E-10	1E10	1E-30	1E-10	1E10	1E-30	1E-10	1E10	1E-30	1E-10	1E10	1E-30	1E-10	1E10	1E-30	1E-10	1E10	1E-30	1E-10	1	-0.25	0.25
314	2.79999999999999E-12	1E10	1E10	1E-30	3.03384077757345E-10	1E10	1E-30	1E10	0.3	1.52189491628689E-11	2.07859966224025E-11	2.43731852211285	1.54406415436105E-11	1.83594699317469E-11	1E5	1E10	1E-30	1E-10	1E10	1E-30	1E-10	1E10	1E-30	1E-10	1E10	1E-30	1E-10	1E10	1E-30	1E-10	1E10	1E-30	1E-10	1E10	1E-30	1E-10	1E10	1E-30	1E-10	1E10	1E-30	1E-10	1E10	1E-30	1E-10	1E10	1E-30	1E-10	1E10	1E-30	1E-10	1E10	1E-30	1E-10	1	-0.05	0.05
315	2.79999999999999E-12	1E10	1E10	1E-30	3.03384077757345E-10	1E10	1E-30	1E10	0.3	1.52189491628689E-11	2.07859966224025E-11	2.43731852211285	1.54406415436105E-11	1.83594699317469E-11	1E5	1E10	1E-30	1E-10	1E10	1E-30	1E-10	1E10	1E-30	1E-10	1E10	1E-30	1E-10	1E10	1E-30	1E-10	1E10	1E-30	1E-10	1E10	1E-30	1E-10	1E10	1E-30	1E-10	1E10	1E-30	1E-10	1E10	1E-30	1E-10	1E10	1E-30	1E-10	1E10	1E-30	1E-10	1E10	1E-30	1E-10	1	-0.1	0.1
316	2.79999999999999E-12	1E10	1E10	1E-30	3.03384077757345E-10	1E10	1E-30	1E10	0.3	1.52189491628689E-11	2.07859966224025E-11	2.43731852211285	1.54406415436105E-11	1.83594699317469E-11	1E5	1E10	1E-30	1E-10	1E10	1E-30	1E-10	1E10	1E-30	1E-10	1E10	1E-30	1E-10	1E10	1E-30	1E-10	1E10	1E-30	1E-10	1E10	1E-30	1E-10	1E10	1E-30	1E-10	1E10	1E-30	1E-10	1E10	1E-30	1E-10	1E10	1E-30	1E-10	1E10	1E-30	1E-10	1E10	1E-30	1E-10	1	-0.25	0.25
317	2.89999999999999E-12	1E10	1E10	1E-30	2.32283530029867E-10	1E10	1E-30	1E10	0.28	1.04895767973676E-11	2.61363235210109E-11	3.04109161369941	3.66261788267133E-12	6.8962493844455E-11	1E5	1E10	1E-30	1E-10	1E10	1E-30	1E-10	1E10	1E-30	1E-10	1E10	1E-30	1E-10	1E10	1E-30	1E-10	1E10	1E-30	1E-10	1E10	1E-30	1E-10	1E10	1E-30	1E-10	1E10	1E-30	1E-10	1E10	1E-30	1E-10	1E10	1E-30	1E-10	1E10	1E-30	1E-10	1E10	1E-30	1E-10	1	-0.05	0.05
318	2.89999999999999E-12	1E10	1E10	1E-30	2.32283530029867E-10	1E10	1E-30	1E10	0.28	1.04895767973676E-11	2.61363235210109E-11	3.04109161369941	3.66261788267133E-12	6.8962493844455E-11	1E5	1E10	1E-30	1E-10	1E10	1E-30	1E-10	1E10	1E-30	1E-10	1E10	1E-30	1E-10	1E10	1E-30	1E-10	1E10	1E-30	1E-10	1E10	1E-30	1E-10	1E10	1E-30	1E-10	1E10	1E-30	1E-10	1E10	1E-30	1E-10	1E10	1E-30	1E-10	1E10	1E-30	1E-10	1E10	1E-30	1E-10	1	-0.1	0.1
319	2.89999999999999E-12	1E10	1E10	1E-30	2.32283530029867E-10	1E10	1E-30	1E10	0.28	1.04895767973676E-11	2.61363235210109E-11	3.04109161369941	3.66261788267133E-12	6.8962493844455E-11	1E5	1E10	1E-30	1E-10	1E10	1E-30	1E-10	1E10	1E-30	1E-10	1E10	1E-30	1E-10	1E10	1E-30	1E-10	1E10	1E-30	1E-10	1E10	1E-30	1E-10	1E10	1E-30	1E-10	1E10	1E-30	1E-10	1E10	1E-30	1E-10	1E10	1E-30	1E-10	1E10	1E-30	1E-10	1E10	1E-30	1E-10	1	-0.25	0.25
320	2.89999999999999E-12	1E10	1E10	1E-30	2.32283530029867E-10	1E10	1E-30	1E10	0.28	1.04895767973676E-11	2.61363235210109E-11	3.04109161369941	3.66261788267133E-12	6.8962493844455E-11	1E5	1E10	1E-30	1E-10	1E10	1E-30	1E-10	1E10	1E-30	1E-10	1E10	1E-30	1E-10	1E10	1E-30	1E-10	1E10	1E-30	1E-10	1E10	1E-30	1E-10	1E10	1E-30	1E-10	1E10	1E-30	1E-10	1E10	1E-30	1E-10	1E10	1E-30	1E-10	1E10	1E-30	1E-10	1E10	1E-30	1E-10	1	-0.05	0.05
321	2.89999999999999E-12	1E10	1E10	1E-30	2.32283530029867E-10	1E10	1E-30	1E10	0.28	1.04895767973676E-11	2.61363235210109E-11	3.04109161369941	3.66261788267133E-12	6.8962493844455E-11	1E5	1E10	1E-30	1E-10	1E10	1E-30	1E-10	1E10	1E-30	1E-10	1E10	1E-30	1E-10	1E10	1E-30	1E-10	1E10	1E-30	1E-10	1E10	1E-30	1E-10	1E10	1E-30	1E-10	1E10	1E-30	1E-10	1E10	1E-30	1E-10	1E10	1E-30	1E-10	1E10	1E-30	1E-10	1E10	1E-30	1E-10	1	-0.1	0.1
322	2.89999999999999E-12	1E10	1E10	1E-30	2.32283530029867E-10	1E10	1E-30	1E10	0.28	1.04895767973676E-11	2.61363235210109E-11	3.04109161369941	3.66261788267133E-12	6.8962493844455E-11	1E5	1E10	1E-30	1E-10	1E10	1E-30	1E-10	1E10	1E-30	1E-10	1E10	1E-30	1E-10	1E10	1E-30	1E-10	1E10	1E-30	1E-10	1E10	1E-30	1E-10	1E10	1E-30	1E-10	1E10	1E-30	1E-10	1E10	1E-30	1E-10	1E10	1E-30	1E-10	1E10	1E-30	1E-10	1E10	1E-30	1E-10	1	-0.25	0.25
323	2.89999999999999E-12	1E10	1E10	1E-30	2.32283530029867E-10	1E10	1E-30	1E10	0.28	1.04895767973676E-11	2.61363235210109E-11	3.04109161369941	3.66261788267133E-12	6.8962493844455E-11	1E5	1E10	1E-30	1E-10	1E10	1E-30	1E-10	1E10	1E-30	1E-10	1E10	1E-30	1E-10	1E10	1E-30	1E-10	1E10	1E-30	1E-10	1E10	1E-30	1E-10	1E10	1E-30	1E-10	1E10	1E-30	1E-10	1E10	1E-30	1E-10	1E10	1E-30	1E-10	1E10	1E-30	1E-10	1E10	1E-30	1E-10	1	-0.05	0.05
324	2.89999999999999E-12	1E10	1E10	1E-30	2.32283530029867E-10	1E10	1E-30	1E10	0.28	1.04895767973676E-11	2.61363235210109E-11	3.04109161369941	3.66261788267133E-12	6.8962493844455E-11	1E5	1E10	1E-30	1E-10	1E10	1E-30	1E-10	1E10	1E-30	1E-10	1E10	1E-30	1E-10	1E10	1E-30	1E-10	1E10	1E-30	1E-10	1E10	1E-30	1E-10	1E10	1E-30	1E-10	1E10	1E-30	1E-10	1E10	1E-30	1E-10	1E10	1E-30	1E-10	1E10	1E-30	1E-10	1E10	1E-30	1E-10	1	-0.1	0.1
325	2.89999999999999E-12	1E10	1E10	1E-30	2.32283530029867E-10	1E10	1E-30	1E10	0.28	1.04895767973676E-11	2.61363235210109E-11	3.04109161369941	3.66261788267133E-12	6.8962493844455E-11	1E5	1E10	1E-30	1E-10	1E10	1E-30	1E-10	1E10	1E-30	1E-10	1E10	1E-30	1E-10	1E10	1E-30	1E-10	1E10	1E-30	1E-10	1E10	1E-30	1E-10	1E10	1E-30	1E-10	1E10	1E-30	1E-10	1E10	1E-30	1E-10	1E10	1E-30	1E-10	1E10	1E-30	1E-10	1E10	1E-30	1E-10	1	-0.25	0.25
326	2.89999999999999E-12	1E10	1E10	1E-30	2.32283530029867E-10	1E10	1E-30	1E10	0.28	1.04895767973676E-11	2.61363235210109E-11	3.04109161369941	3.66261788267133E-12	6.8962493844455E-11	1E5	1E10	1E-30	1E-10	1E10	1E-30	1E-10	1E10	1E-30	1E-10	1E10	1E-30	1E-10	1E10	1E-30	1E-10	1E10	1E-30	1E-10	1E10	1E-30	1E-10	1E10	1E-30	1E-10	1E10	1E-30	1E-10	1E10	1E-30	1E-10	1E10	1E-30	1E-10	1E10	1E-30	1E-10	1E10	1E-30	1E-10	1	-0.05	0.05
327	2.89999999999999E-12	1E10	1E10	1E-30	2.32283530029867E-10	1E10	1E-30	1E10	0.28	1.04895767973676E-11	2.61363235210109E-11	3.04109161369941	3.66261788267133E-12	6.8962493844455E-11	1E5	1E10	1E-30	1E-10	1E10	1E-30	1E-10	1E10	1E-30	1E-10	1E10	1E-30	1E-10	1E10	1E-30	1E-10	1E10	1E-30	1E-10	1E10	1E-30	1E-10	1E10	1E-30	1E-10	1E10	1E-30	1E-10	1E10	1E-30	1E-10	1E10	1E-30	1E-10	1E10	1E-30	1E-10	1E10	1E-30	1E-10	1	-0.1	0.1
328	2.89999999999999E-12	1E10	1E10	1E-30	2.32283530029867E-10	1E10	1E-30	1E10	0.28	1.04895767973676E-11	2.61363235210109E-11	3.04109161369941	3.66261788267133E-12	6.8962493844455E-11	1E5	1E10	1E-30	1E-10	1E10	1E-30	1E-10	1E10	1E-30	1E-10	1E10	1E-30	1E-10	1E10	1E-30	1E-10	1E10	1E-30	1E-10	1E10	1E-30	1E-10	1E10	1E-30	1E-10	1E10	1E-30	1E-10	1E10	1E-30	1E-10	1E10	1E-30	1E-10	1E10	1E-30	1E-10	1E10	1E-30	1E-10	1	-0.25	0.25
329	3E-12	1E10	1E10	1E-30	2.32283530029867E-10	1E10	1E-30	1E10	0.28	1.04895767973676E-11	2.61363235210109E-11	3.04109161369941	3.66261788267133E-12	6.8962493844455E-11	1E5	1E10	1E-30	1E-10	1E10	1E-30	1E-10	1E10	1E-30	1E-10	1E10	1E-30	1E-10	1E10	1E-30	1E-10	1E10	1E-30	1E-10	1E10	1E-30	1E-10	1E10	1E-30	1E-10	1E10	1E-30	1E-10	1E10	1E-30	1E-10	1E10	1E-30	1E-10	1E10	1E-30	1E-10	1E10	1E-30	1E-10	1	-0.25	0.25
330	3E-12	1E10	1E10	1E-30	2.32283530029867E-10	1E10	1E-30	1E10	0.28	1.04895767973676E-11	2.61363235210109E-11	3.04109161369941	3.66261788267133E-12	6.8962493844455E-11	1E5	1E10	1E-30	1E-10	1E10	1E-30	1E-10	1E10	1E-30	1E-10	1E10	1E-30	1E-10	1E10	1E-30	1E-10	1E10	1E-30	1E-10	1E10	1E-30	1E-10	1E10	1E-30	1E-10	1E10	1E-30	1E-10	1E10	1E-30	1E-10	1E10	1E-30	1E-10	1E10	1E-30	1E-10	1E10	1E-30	1E-10	1	-0.05	0.05
331	3E-12	1E10	1E10	1E-30	2.32283530029867E-10	1E10	1E-30	1E10	0.28	1.04895767973676E-11	2.61363235210109E-11	3.04109161369941	3.66261788267133E-12	6.8962493844455E-11	1E5	1E10	1E-30	1E-10	1E10	1E-30	1E-10	1E10	1E-30	1E-10	1E10	1E-30	1E-10	1E10	1E-30	1E-10	1E10	1E-30	1E-10	1E10	1E-30	1E-10	1E10	1E-30	1E-10	1E10	1E-30	1E-10	1E10	1E-30	1E-10	1E10	1E-30	1E-10	1E10	1E-30	1E-10	1E10	1E-30	1E-10	1	-0.1	0.1
332	3E-12	1E10	1E10	1E-30	2.32283530029867E-10	1E10	1E-30	1E10	0.28	1.04895767973676E-11	2.61363235210109E-11	3.04109161369941	3.66261788267133E-12	6.8962493844455E-11	1E5	1E10	1E-30	1E-10	1E10	1E-30	1E-10	1E10	1E-30	1E-10	1E10	1E-30	1E-10	1E10	1E-30	1E-10	1E10	1E-30	1E-10	1E10	1E-30	1E-10	1E10	1E-30	1E-10	1E10	1E-30	1E-10	1E10	1E-30	1E-10	1E10	1E-30	1E-10	1E10	1E-30	1E-10	1E10	1E-30	1E-10	1	-0.25	0.25
333	3E-12	1E10	1E10	1E-30	2.32283530029867E-10	1E10	1E-30	1E10	0.28	1.04895767973676E-11	2.61363235210109E-11	3.04109161369941	3.66261788267133E-12	6.8962493844455E-11	1E5	1E10	1E-30	1E-10	1E10	1E-30	1E-10	1E10	1E-30	1E-10	1E10	1E-30	1E-10	1E10	1E-30	1E-10	1E10	1E-30	1E-10	1E10	1E-30	1E-10	1E10	1E-30	1E-10	1E10	1E-30	1E-10	1E10	1E-30	1E-10	1E10	1E-30	1E-10	1E10	1E-30	1E-10	1E10	1E-30	1E-10	1	-0.05	0.05
334	3E-12	1E10	1E10	1E-30	2.32283530029867E-10	1E10	1E-30	1E10	0.28	1.04895767973676E-11	2.61363235210109E-11	3.04109161369941	3.66261788267133E-12	6.8962493844455E-11	1E5	1E10	1E-30	1E-10	1E10	1E-30	1E-10	1E10	1E-30	1E-10	1E10	1E-30	1E-10	1E10	1E-30	1E-10	1E10	1E-30	1E-10	1E10	1E-30	1E-10	1E10	1E-30	1E-10	1E10	1E-30	1E-10	1E10	1E-30	1E-10	1E10	1E-30	1E-10	1E10	1E-30	1E-10	1E10	1E-30	1E-10	1	-0.1	0.1
335	3E-12	1E10	1E10	1E-30	2.32283530029867E-10	1E10	1E-30	1E10	0.28	1.04895767973676E-11	2.61363235210109E-11	3.04109161369941	3.66261788267133E-12	6.8962493844455E-11	1E5	1E10	1E-30	1E-10	1E10	1E-30	1E-10	1E10	1E-30	1E-10	1E10	1E-30	1E-10	1E10	1E-30	1E-10	1E10	1E-30	1E-10	1E10	1E-30	1E-10	1E10	1E-30	1E-10	1E10	1E-30	1E-10	1E10	1E-30	1E-10	1E10	1E-30	1E-10	1E10	1E-30	1E-10	1E10	1E-30	1E-10	1	-0.25	0.25
336	3E-12	1E10	1E10	1E-30	2.32283530029867E-10	1E10	1E-30	1E10	0.28	1.04895767973676E-11	2.61363235210109E-11	3.04109161369941	3.66261788267133E-12	6.8962493844455E-11	1E5	1E10	1E-30	1E-10	1E10	1E-30	1E-10	1E10	1E-30	1E-10	1E10	1E-30	1E-10	1E10	1E-30	1E-10	1E10	1E-30	1E-10	1E10	1E-30	1E-10	1E10	1E-30	1E-10	1E10	1E-30	1E-10	1E10	1E-30	1E-10	1E10	1E-30	1E-10	1E10	1E-30	1E-10	1E10	1E-30	1E-10	1	-0.25	0.25
337	3E-12	1E10	1E10	1E-30	2.32283530029867E-10	1E10	1E-30	1E10	0.28	1.04895767973676E-11	2.61363235210109E-11	3.04109161369941	3.66261788267133E-12	6.8962493844455E-11	1E5	1E10	1E-30	1E-10	1E10	1E-30	1E-10	1E10	1E-30	1E-10	1E10	1E-30	1E-10	1E10	1E-30	1E-10	1E10	1E-30	1E-10	1E10	1E-30	1E-10	1E10	1E-30	1E-10	1E10	1E-30	1E-10	1E10	1E-30	1E-10	1E10	1E-30	1E-10	1E10	1E-30	1E-10	1E10	1E-30	1E-10	1	-0.05	0.05
338	3E-12	1E10	1E10	1E-30	2.32283530029867E-10	1E10	1E-30	1E10	0.28	1.04895767973676E-11	2.61363235210109E-11	3.04109161369941	3.66261788267133E-12	6.8962493844455E-11	1E5	1E10	1E-30	1E-10	1E10	1E-30	1E-10	1E10	1E-30	1E-10	1E10	1E-30	1E-10	1E10	1E-30	1E-10	1E10	1E-30	1E-10	1E10	1E-30	1E-10	1E10	1E-30	1E-10	1E10	1E-30	1E-10	1E10	1E-30	1E-10	1E10	1E-30	1E-10	1E10	1E-30	1E-10	1E10	1E-30	1E-10	1	-0.1	0.1
339	3E-12	1E10	1E10	1E-30	2.32283530029867E-10	1E10	1E-30	1E10	0.28	1.04895767973676E-11	2.61363235210109E-11	3.04109161369941	3.66261788267133E-12	6.8962493844455E-11	1E5	1E10	1E-30	1E-10	1E10	1E-30	1E-10	1E10	1E-30	1E-10	1E10	1E-30	1E-10	1E10	1E-30	1E-10	1E10	1E-30	1E-10	1E10	1E-30	1E-10	1E10	1E-30	1E-10	1E10	1E-30	1E-10	1E10	1E-30	1E-10	1E10	1E-30	1E-10	1E10	1E-30	1E-10	1E10	1E-30	1E-10	1	-0.25	0.25
340	3E-12	1E10	1E10	1E-30	2.32283530029867E-10	1E10	1E-30	1E10	0.28	1.04895767973676E-11	2.61363235210109E-11	3.04109161369941	3.66261788267133E-12	6.8962493844455E-11	1E5	1E10	1E-30	1E-10	1E10	1E-30	1E-10	1E10	1E-30	1E-10	1E10	1E-30	1E-10	1E10	1E-30	1E-10	1E10	1E-30	1E-10	1E10	1E-30	1E-10	1E10	1E-30	1E-10	1E10	1E-30	1E-10	1E10	1E-30	1E-10	1E10	1E-30	1E-10	1E10	1E-30	1E-10	1E10	1E-30	1E-10	1	-0.05	0.05
341	3E-12	1E10	1E10	1E-30	2.32283530029867E-10	1E10	1E-30	1E10	0.28	1.04895767973676E-11	2.61363235210109E-11	3.04109161369941	3.66261788267133E-12	6.8962493844455E-11	1E5	1E10	1E-30	1E-10	1E10	1E-30	1E-10	1E10	1E-30	1E-10	1E10	1E-30	1E-10	1E10	1E-30	1E-10	1E10	1E-30	1E-10	1E10	1E-30	1E-10	1E10	1E-30	1E-10	1E10	1E-30	1E-10	1E10	1E-30	1E-10	1E10	1E-30	1E-10	1E10	1E-30	1E-10	1E10	1E-30	1E-10	1	-0.1	0.1
342	3E-12	1E10	1E10	1E-30	2.32283530029867E-10	1E10	1E-30	1E10	0.28	1.04895767973676E-11	2.61363235210109E-11	3.04109161369941	3.66261788267133E-12	6.8962493844455E-11	1E5	1E10	1E-30	1E-10	1E10	1E-30	1E-10	1E10	1E-30	1E-10	1E10	1E-30	1E-10	1E10	1E-30	1E-10	1E10	1E-30	1E-10	1E10	1E-30	1E-10	1E10	1E-30	1E-10	1E10	1E-30	1E-10	1E10	1E-30	1E-10	1E10	1E-30	1E-10	1E10	1E-30	1E-10	1E10	1E-30	1E-10	1	-0.25	0.25
343	3.1E-12	1E10	1E10	1E-30	2.32283530029867E-10	1E10	1E-30	1E10	0.28	1.04895767973676E-11	2.61363235210109E-11	3.04109161369941	3.66261788267133E-12	6.8962493844455E-11	1E5	1E10	1E-30	1E-10	1E10	1E-30	1E-10	1E10	1E-30	1E-10	1E10	1E-30	1E-10	1E10	1E-30	1E-10	1E10	1E-30	1E-10	1E10	1E-30	1E-10	1E10	1E-30	1E-10	1E10	1E-30	1E-10	1E10	1E-30	1E-10	1E10	1E-30	1E-10	1E10	1E-30	1E-10	1E10	1E-30	1E-10	1	-0.05	0.05
344	3.1E-12	1E10	1E10	1E-30	2.32283530029867E-10	1E10	1E-30	1E10	0.28	1.04895767973676E-11	2.61363235210109E-11	3.04109161369941	3.66261788267133E-12	6.8962493844455E-11	1E5	1E10	1E-30	1E-10	1E10	1E-30	1E-10	1E10	1E-30	1E-10	1E10	1E-30	1E-10	1E10	1E-30	1E-10	1E10	1E-30	1E-10	1E10	1E-30	1E-10	1E10	1E-30	1E-10	1E10	1E-30	1E-10	1E10	1E-30	1E-10	1E10	1E-30	1E-10	1E10	1E-30	1E-10	1E10	1E-30	1E-10	1	-0.1	0.1
345	3.1E-12	1E10	1E10	1E-30	2.32283530029867E-10	1E10	1E-30	1E10	0.28	1.04895767973676E-11	2.61363235210109E-11	3.04109161369941	3.66261788267133E-12	6.8962493844455E-11	1E5	1E10	1E-30	1E-10	1E10	1E-30	1E-10	1E10	1E-30	1E-10	1E10	1E-30	1E-10	1E10	1E-30	1E-10	1E10	1E-30	1E-10	1E10	1E-30	1E-10	1E10	1E-30	1E-10	1E10	1E-30	1E-10	1E10	1E-30	1E-10	1E10	1E-30	1E-10	1E10	1E-30	1E-10	1E10	1E-30	1E-10	1	-0.25	0.25
346	3.1E-12	1E10	1E10	1E-30	2.32283530029867E-10	1E10	1E-30	1E10	0.28	1.04895767973676E-11	2.61363235210109E-11	3.04109161369941	3.66261788267133E-12	6.8962493844455E-11	1E5	1E10	1E-30	1E-10	1E10	1E-30	1E-10	1E10	1E-30	1E-10	1E10	1E-30	1E-10	1E10	1E-30	1E-10	1E10	1E-30	1E-10	1E10	1E-30	1E-10	1E10	1E-30	1E-10	1E10	1E-30	1E-10	1E10	1E-30	1E-10	1E10	1E-30	1E-10	1E10	1E-30	1E-10	1E10	1E-30	1E-10	1	-0.05	0.05
347	3.1E-12	1E10	1E10	1E-30	2.32283530029867E-10	1E10	1E-30	1E10	0.28	1.04895767973676E-11	2.61363235210109E-11	3.04109161369941	3.66261788267133E-12	6.8962493844455E-11	1E5	1E10	1E-30	1E-10	1E10	1E-30	1E-10	1E10	1E-30	1E-10	1E10	1E-30	1E-10	1E10	1E-30	1E-10	1E10	1E-30	1E-10	1E10	1E-30	1E-10	1E10	1E-30	1E-10	1E10	1E-30	1E-10	1E10	1E-30	1E-10	1E10	1E-30	1E-10	1E10	1E-30	1E-10	1E10	1E-30	1E-10	1	-0.1	0.1
348	3.1E-12	1E10	1E10	1E-30	2.32283530029867E-10	1E10	1E-30	1E10	0.28	1.04895767973676E-11	2.61363235210109E-11	3.04109161369941	3.66261788267133E-12	6.8962493844455E-11	1E5	1E10	1E-30	1E-10	1E10	1E-30	1E-10	1E10	1E-30	1E-10	1E10	1E-30	1E-10	1E10	1E-30	1E-10	1E10	1E-30	1E-10	1E10	1E-30	1E-10	1E10	1E-30	1E-10	1E10	1E-30	1E-10	1E10	1E-30	1E-10	1E10	1E-30	1E-10	1E10	1E-30	1E-10	1E10	1E-30	1E-10	1	-0.25	0.25
349	3.1E-12	1E10	1E10	1E-30	2.32283530029867E-10	1E10	1E-30	1E10	0.28	1.04895767973676E-11	2.61363235210109E-11	3.04109161369941	3.66261788267133E-12	6.8962493844455E-11	1E5	1E10	1E-30	1E-10	1E10	1E-30	1E-10	1E10	1E-30	1E-10	1E10	1E-30	1E-10	1E10	1E-30	1E-10	1E10	1E-30	1E-10	1E10	1E-30	1E-10	1E10	1E-30	1E-10	1E10	1E-30	1E-10	1E10	1E-30	1E-10	1E10	1E-30	1E-10	1E10	1E-30	1E-10	1E10	1E-30	1E-10	1	-0.05	0.05
350	3.1E-12	1E10	1E10	1E-30	2.32283530029867E-10	1E10	1E-30	1E10	0.28	1.04895767973676E-11	2.61363235210109E-11	3.04109161369941	3.66261788267133E-12	6.8962493844455E-11	1E5	1E10	1E-30	1E-10	1E10	1E-30	1E-10	1E10	1E-30	1E-10	1E10	1E-30	1E-10	1E10	1E-30	1E-10	1E10	1E-30	1E-10	1E10	1E-30	1E-10	1E10	1E-30	1E-10	1E10	1E-30	1E-10	1E10	1E-30	1E-10	1E10	1E-30	1E-10	1E10	1E-30	1E-10	1E10	1E-30	1E-10	1	-0.1	0.1
351	3.1E-12	1E10	1E10	1E-30	2.32283530029867E-10	1E10	1E-30	1E10	0.28	1.04895767973676E-11	2.61363235210109E-11	3.04109161369941	3.66261788267133E-12	6.8962493844455E-11	1E5	1E10	1E-30	1E-10	1E10	1E-30	1E-10	1E10	1E-30	1E-10	1E10	1E-30	1E-10	1E10	1E-30	1E-10	1E10	1E-30	1E-10	1E10	1E-30	1E-10	1E10	1E-30	1E-10	1E10	1E-30	1E-10	1E10	1E-30	1E-10	1E10	1E-30	1E-10	1E10	1E-30	1E-10	1E10	1E-30	1E-10	1	-0.25	0.25
352	3.1E-12	1E10	1E10	1E-30	2.32283530029867E-10	1E10	1E-30	1E10	0.28	1.04895767973676E-11	2.61363235210109E-11	3.04109161369941	3.66261788267133E-12	6.8962493844455E-11	1E5	1E10	1E-30	1E-10	1E10	1E-30	1E-10	1E10	1E-30	1E-10	1E10	1E-30	1E-10	1E10	1E-30	1E-10	1E10	1E-30	1E-10	1E10	1E-30	1E-10	1E10	1E-30	1E-10	1E10	1E-30	1E-10	1E10	1E-30	1E-10	1E10	1E-30	1E-10	1E10	1E-30	1E-10	1E10	1E-30	1E-10	1	-0.05	0.05
353	3.1E-12	1E10	1E10	1E-30	2.32283530029867E-10	1E10	1E-30	1E10	0.28	1.04895767973676E-11	2.61363235210109E-11	3.04109161369941	3.66261788267133E-12	6.8962493844455E-11	1E5	1E10	1E-30	1E-10	1E10	1E-30	1E-10	1E10	1E-30	1E-10	1E10	1E-30	1E-10	1E10	1E-30	1E-10	1E10	1E-30	1E-10	1E10	1E-30	1E-10	1E10	1E-30	1E-10	1E10	1E-30	1E-10	1E10	1E-30	1E-10	1E10	1E-30	1E-10	1E10	1E-30	1E-10	1E10	1E-30	1E-10	1	-0.1	0.1
354	3.1E-12	1E10	1E10	1E-30	2.32283530029867E-10	1E10	1E-30	1E10	0.28	1.04895767973676E-11	2.61363235210109E-11	3.04109161369941	3.66261788267133E-12	6.8962493844455E-11	1E5	1E10	1E-30	1E-10	1E10	1E-30	1E-10	1E10	1E-30	1E-10	1E10	1E-30	1E-10	1E10	1E-30	1E-10	1E10	1E-30	1E-10	1E10	1E-30	1E-10	1E10	1E-30	1E-10	1E10	1E-30	1E-10	1E10	1E-30	1E-10	1E10	1E-30	1E-10	1E10	1E-30	1E-10	1E10	1E-30	1E-10	1	-0.25	0.25
355	3.2E-12	1E10	1E10	1E-30	2.43478393839426E-10	1E10	1E-30	1E10	0.26	1E-30	1.57013052808171E-11	0.397273366164779	1.9377495903051E-11	1.56845675671691E-11	3.16986390941767	3.32409280218138E-12	6.95818980396575E-11	1E5	1E10	1E-30	1E-10	1E10	1E-30	1E-10	1E10	1E-30	1E-10	1E10	1E-30	1E-10	1E10	1E-30	1E-10	1E10	1E-30	1E-10	1E10	1E-30	1E-10	1E10	1E-30	1E-10	1E10	1E-30	1E-10	1E10	1E-30	1E-10	1E10	1E-30	1E-10	1E10	1E-30	1E-10	1	-0.05	0.05
356	3.2E-12	1E10	1E10	1E-30	2.43478393839426E-10	1E10	1E-30	1E10	0.26	1E-30	1.57013052808171E-11	0.397273366164779	1.9377495903051E-11	1.56845675671691E-11	3.16986390941767	3.32409280218138E-12	6.95818980396575E-11	1E5	1E10	1E-30	1E-10	1E10	1E-30	1E-10	1E10	1E-30	1E-10	1E10	1E-30	1E-10	1E10	1E-30	1E-10	1E10	1E-30	1E-10	1E10	1E-30	1E-10	1E10	1E-30	1E-10	1E10	1E-30	1E-10	1E10	1E-30	1E-10	1E10	1E-30	1E-10	1E10	1E-30	1E-10	1	-0.1	0.1
357	3.2E-12	1E10	1E10	1E-30	2.43478393839426E-10	1E10	1E-30	1E10	0.26	1E-30	1.57013052808171E-11	0.397273366164779	1.9377495903051E-11	1.56845675671691E-11	3.16986390941767	3.32409280218138E-12	6.95818980396575E-11	1E5	1E10	1E-30	1E-10	1E10	1E-30	1E-10	1E10	1E-30	1E-10	1E10	1E-30	1E-10	1E10	1E-30	1E-10	1E10	1E-30	1E-10	1E10	1E-30	1E-10	1E10	1E-30	1E-10	1E10	1E-30	1E-10	1E10	1E-30	1E-10	1E10	1E-30	1E-10	1E10	1E-30	1E-10	1	-0.25	0.25
358	3.2E-12	1E10	1E10	1E-30	2.43478393839426E-10	1E10	1E-30	1E10	0.26	1E-30	1.57013052808171E-11	0.397273366164779	1.9377495903051E-11	1.56845675671691E-11	3.16986390941767	3.32409280218138E-12	6.95818980396575E-11	1E5	1E10	1E-30	1E-10	1E10	1E-30	1E-10	1E10	1E-30	1E-10	1E10	1E-30	1E-10	1E10	1E-30	1E-10	1E10	1E-30	1E-10	1E10	1E-30	1E-10	1E10	1E-30	1E-10	1E10	1E-30	1E-10	1E10	1E-30	1E-10	1E10	1E-30	1E-10	1E10	1E-30	1E-10	1	-0.05	0.05
359	3.2E-12	1E10	1E10	1E-30	2.43478393839426E-10	1E10	1E-30	1E10	0.26	1E-30	1.57013052808171E-11	0.397273366164779	1.9377495903051E-11	1.56845675671691E-11	3.16986390941767	3.32409280218138E-12	6.95818980396575E-11	1E5	1E10	1E-30	1E-10	1E10	1E-30	1E-10	1E10	1E-30	1E-10	1E10	1E-30	1E-10	1E10	1E-30	1E-10	1E10	1E-30	1E-10	1E10	1E-30	1E-10	1E10	1E-30	1E-10	1E10	1E-30	1E-10	1E10	1E-30	1E-10	1E10	1E-30	1E-10	1E10	1E-30	1E-10	1	-0.1	0.1
360	3.2E-12	1E10	1E10	1E-30	2.43478393839426E-10	1E10	1E-30	1E10	0.26	1E-30	1.57013052808171E-11	0.397273366164779	1.9377495903051E-11	1.56845675671691E-11	3.16986390941767	3.32409280218138E-12	6.95818980396575E-11	1E5	1E10	1E-30	1E-10	1E10	1E-30	1E-10	1E10	1E-30	1E-10	1E10	1E-30	1E-10	1E10	1E-30	1E-10	1E10	1E-30	1E-10	1E10	1E-30	1E-10	1E10	1E-30	1E-10	1E10	1E-30	1E-10	1E10	1E-30	1E-10	1E10	1E-30	1E-10	1E10	1E-30	1E-10	1	-0.25	0.25
361	3.2E-12	1E10	1E10	1E-30	2.43478393839426E-10	1E10	1E-30	1E10	0.26	1E-30	1.57013052808171E-11	0.397273366164779	1.9377495903051E-11	1.56845675671691E-11	3.16986390941767	3.32409280218138E-12	6.95818980396575E-11	1E5	1E10	1E-30	1E-10	1E10	1E-30	1E-10	1E10	1E-30	1E-10	1E10	1E-30	1E-10	1E10	1E-30	1E-10	1E10	1E-30	1E-10	1E10	1E-30	1E-10	1E10	1E-30	1E-10	1E10	1E-30	1E-10	1E10	1E-30	1E-10	1E10	1E-30	1E-10	1E10	1E-30	1E-10	1	-0.05	0.05
362	3.2E-12	1E10	1E10	1E-30	2.43478393839426E-10	1E10	1E-30	1E10	0.26	1E-30	1.57013052808171E-11	0.397273366164779	1.9377495903051E-11	1.56845675671691E-11	3.16986390941767	3.32409280218138E-12	6.95818980396575E-11	1E5	1E10	1E-30	1E-10	1E10	1E-30	1E-10	1E10	1E-30	1E-10	1E10	1E-30	1E-10	1E10	1E-30	1E-10	1E10	1E-30	1E-10	1E10	1E-30	1E-10	1E10	1E-30	1E-10	1E10	1E-30	1E-10	1E10	1E-30	1E-10	1E10	1E-30	1E-10	1E10	1E-30	1E-10	1	-0.1	0.1
363	3.2E-12	1E10	1E10	1E-30	2.43478393839426E-10	1E10	1E-30	1E10	0.26	1E-30	1.57013052808171E-11	0.397273366164779	1.9377495903051E-11	1.56845675671691E-11	3.16986390941767	3.32409280218138E-12	6.95818980396575E-11	1E5	1E10	1E-30	1E-10	1E10	1E-30	1E-10	1E10	1E-30	1E-10	1E10	1E-30	1E-10	1E10	1E-30	1E-10	1E10	1E-30	1E-10	1E10	1E-30	1E-10	1E10	1E-30	1E-10	1E10	1E-30	1E-10	1E10	1E-30	1E-10	1E10	1E-30	1E-10	1E10	1E-30	1E-10	1	-0.25	0.25
364	3.2E-12	1E10	1E10	1E-30	2.43478393839426E-10	1E10	1E-30	1E10	0.26	1E-30	1.57013052808171E-11	0.397273366164779	1.9377495903051E-11	1.56845675671691E-11	3.16986390941767	3.32409280218138E-12	6.95818980396575E-11	1E5	1E10	1E-30	1E-10	1E10	1E-30	1E-10	1E10	1E-30	1E-10	1E10	1E-30	1E-10	1E10	1E-30	1E-10	1E10	1E-30	1E-10	1E10	1E-30	1E-10	1E10	1E-30	1E-10	1E10	1E-30	1E-10	1E10	1E-30	1E-10	1E10	1E-30	1E-10	1E10	1E-30	1E-10	1	-0.05	0.05
365	3.2E-12	1E10	1E10	1E-30	2.43478393839426E-10	1E10	1E-30	1E10	0.26	1E-30	1.57013052808171E-11	0.397273366164779	1.9377495903051E-11	1.56845675671691E-11	3.16986390941767	3.32409280218138E-12	6.95818980396575E-11	1E5	1E10	1E-30	1E-10	1E10	1E-30	1E-10	1E10	1E-30	1E-10	1E10	1E-30	1E-10	1E10	1E-30	1E-10	1E10	1E-30	1E-10	1E10	1E-30	1E-10	1E10	1E-30	1E-10	1E10	1E-30	1E-10	1E10	1E-30	1E-10	1E10	1E-30	1E-10	1E10	1E-30	1E-10	1	-0.1	0.1
366	3.2E-12	1E10	1E10	1E-30	2.43478393839426E-10	1E10	1E-30	1E10	0.26	1E-30	1.57013052808171E-11	0.397273366164779	1.9377495903051E-11	1.56845675671691E-11	3.16986390941767	3.32409280218138E-12	6.95818980396575E-11	1E5	1E10	1E-30	1E-10	1E10	1E-30	1E-10	1E10	1E-30	1E-10	1E10	1E-30	1E-10	1E10	1E-30	1E-10	1E10	1E-30	1E-10	1E10	1E-30	1E-10	1E10	1E-30	1E-10	1E10	1E-30	1E-10	1E10	1E-30	1E-10	1E10	1E-30	1E-10	1E10	1E-30	1E-10	1	-0.25	0.25
367	3.29999999999999E-12	1E10	1E10	1E-30	2.43478393839426E-10	1E10	1E-30	1E10	0.26	1E-30	1.57013052808171E-11	0.397273366164779	1.9377495903051E-11	1.56845675671691E-11	3.16986390941767	3.32409280218138E-12	6.95818980396575E-11	1E5	1E10	1E-30	1E-10	1E10	1E-30	1E-10	1E10	1E-30	1E-10	1E10	1E-30	1E-10	1E10	1E-30	1E-10	1E10	1E-30	1E-10	1E10	1E-30	1E-10	1E10	1E-30	1E-10	1E10	1E-30	1E-10	1E10	1E-30	1E-10	1E10	1E-30	1E-10	1E10	1E-30	1E-10	1	-0.25	0.25
368	3.29999999999999E-12	1E10	1E10	1E-30	2.43478393839426E-10	1E10	1E-30	1E10	0.26	1E-30	1.57013052808171E-11	0.397273366164779	1.9377495903051E-11	1.56845675671691E-11	3.16986390941767	3.32409280218138E-12	6.95818980396575E-11	1E5	1E10	1E-30	1E-10	1E10	1E-30	1E-10	1E10	1E-30	1E-10	1E10	1E-30	1E-10	1E10	1E-30	1E-10	1E10	1E-30	1E-10	1E10	1E-30	1E-10	1E10	1E-30	1E-10	1E10	1E-30	1E-10	1E10	1E-30	1E-10	1E10	1E-30	1E-10	1E10	1E-30	1E-10	1	-0.05	0.05
369	3.29999999999999E-12	1E10	1E10	1E-30	2.43478393839426E-10	1E10	1E-30	1E10	0.26	1E-30	1.57013052808171E-11	0.397273366164779	1.9377495903051E-11	1.56845675671691E-11	3.16986390941767	3.32409280218138E-12	6.95818980396575E-11	1E5	1E10	1E-30	1E-10	1E10	1E-30	1E-10	1E10	1E-30	1E-10	1E10	1E-30	1E-10	1E10	1E-30	1E-10	1E10	1E-30	1E-10	1E10	1E-30	1E-10	1E10	1E-30	1E-10	1E10	1E-30	1E-10	1E10	1E-30	1E-10	1E10	1E-30	1E-10	1E10	1E-30	1E-10	1	-0.1	0.1
370	3.29999999999999E-12	1E10	1E10	1E-30	2.43478393839426E-10	1E10	1E-30	1E10	0.26	1E-30	1.57013052808171E-11	0.397273366164779	1.9377495903051E-11	1.56845675671691E-11	3.16986390941767	3.32409280218138E-12	6.95818980396575E-11	1E5	1E10	1E-30	1E-10	1E10	1E-30	1E-10	1E10	1E-30	1E-10	1E10	1E-30	1E-10	1E10	1E-30	1E-10	1E10	1E-30	1E-10	1E10	1E-30	1E-10	1E10	1E-30	1E-10	1E10	1E-30	1E-10	1E10	1E-30	1E-10	1E10	1E-30	1E-10	1E10	1E-30	1E-10	1	-0.25	0.25
371	3.29999999999999E-12	1E10	1E10	1E-30	2.43478393839426E-10	1E10	1E-30	1E10	0.26	1E-30	1.57013052808171E-11	0.397273366164779	1.9377495903051E-11	1.56845675671691E-11	3.16986390941767	3.32409280218138E-12	6.95818980396575E-11	1E5	1E10	1E-30	1E-10	1E10	1E-30	1E-10	1E10	1E-30	1E-10	1E10	1E-30	1E-10	1E10	1E-30	1E-10	1E10	1E-30	1E-10	1E10	1E-30	1E-10	1E10	1E-30	1E-10	1E10	1E-30	1E-10	1E10	1E-30	1E-10	1E10	1E-30	1E-10	1E10	1E-30	1E-10	1	-0.05	0.05
372	3.29999999999999E-12	1E10	1E10	1E-30	2.43478393839426E-10	1E10	1E-30	1E10	0.26	1E-30	1.57013052808171E-11	0.397273366164779	1.9377495903051E-11	1.56845675671691E-11	3.16986390941767	3.32409280218138E-12	6.95818980396575E-11	1E5	1E10	1E-30	1E-10	1E10	1E-30	1E-10	1E10	1E-30	1E-10	1E10	1E-30	1E-10	1E10	1E-30	1E-10	1E10	1E-30	1E-10	1E10	1E-30	1E-10	1E10	1E-30	1E-10	1E10	1E-30	1E-10	1E10	1E-30	1E-10	1E10	1E-30	1E-10	1E10	1E-30	1E-10	1	-0.1	0.1
373	3.29999999999999E-12	1E10	1E10	1E-30	2.43478393839426E-10	1E10	1E-30	1E10	0.26	1E-30	1.57013052808171E-11	0.397273366164779	1.9377495903051E-11	1.56845675671691E-11	3.16986390941767	3.32409280218138E-12	6.95818980396575E-11	1E5	1E10	1E-30	1E-10	1E10	1E-30	1E-10	1E10	1E-30	1E-10	1E10	1E-30	1E-10	1E10	1E-30	1E-10	1E10	1E-30	1E-10	1E10	1E-30	1E-10	1E10	1E-30	1E-10	1E10	1E-30	1E-10	1E10	1E-30	1E-10	1E10	1E-30	1E-10	1E10	1E-30	1E-10	1	-0.25	0.25
374	3.29999999999999E-12	1E10	1E10	1E-30	2.43478393839426E-10	1E10	1E-30	1E10	0.26	1E-30	1.57013052808171E-11	0.397273366164779	1.9377495903051E-11	1.56845675671691E-11	3.16986390941767	3.32409280218138E-12	6.95818980396575E-11	1E5	1E10	1E-30	1E-10	1E10	1E-30	1E-10	1E10	1E-30	1E-10	1E10	1E-30	1E-10	1E10	1E-30	1E-10	1E10	1E-30	1E-10	1E10	1E-30	1E-10	1E10	1E-30	1E-10	1E10	1E-30	1E-10	1E10	1E-30	1E-10	1E10	1E-30	1E-10	1E10	1E-30	1E-10	1	-0.25	0.25
375	3.29999999999999E-12	1E10	1E10	1E-30	2.43478393839426E-10	1E10	1E-30	1E10	0.26	1E-30	1.57013052808171E-11	0.397273366164779	1.9377495903051E-11	1.56845675671691E-11	3.16986390941767	3.32409280218138E-12	6.95818980396575E-11	1E5	1E10	1E-30	1E-10	1E10	1E-30	1E-10	1E10	1E-30	1E-10	1E10	1E-30	1E-10	1E10	1E-30	1E-10	1E10	1E-30	1E-10	1E10	1E-30	1E-10	1E10	1E-30	1E-10	1E10	1E-30	1E-10	1E10	1E-30	1E-10	1E10	1E-30	1E-10	1E10	1E-30	1E-10	1	-0.05	0.05
376	3.29999999999999E-12	1E10	1E10	1E-30	2.43478393839426E-10	1E10	1E-30	1E10	0.26	1E-30	1.57013052808171E-11	0.397273366164779	1.9377495903051E-11	1.56845675671691E-11	3.16986390941767	3.32409280218138E-12	6.95818980396575E-11	1E5	1E10	1E-30	1E-10	1E10	1E-30	1E-10	1E10	1E-30	1E-10	1E10	1E-30	1E-10	1E10	1E-30	1E-10	1E10	1E-30	1E-10	1E10	1E-30	1E-10	1E10	1E-30	1E-10	1E10	1E-30	1E-10	1E10	1E-30	1E-10	1E10	1E-30	1E-10	1E10	1E-30	1E-10	1	-0.1	0.1
377	3.29999999999999E-12	1E10	1E10	1E-30	2.43478393839426E-10	1E10	1E-30	1E10	0.26	1E-30	1.57013052808171E-11	0.397273366164779	1.9377495903051E-11	1.56845675671691E-11	3.16986390941767	3.32409280218138E-12	6.95818980396575E-11	1E5	1E10	1E-30	1E-10	1E10	1E-30	1E-10	1E10	1E-30	1E-10	1E10	1E-30	1E-10	1E10	1E-30	1E-10	1E10	1E-30	1E-10	1E10	1E-30	1E-10	1E10	1E-30	1E-10	1E10	1E-30	1E-10	1E10	1E-30	1E-10	1E10	1E-30	1E-10	1E10	1E-30	1E-10	1	-0.25	0.25
378	3.29999999999999E-12	1E10	1E10	1E-30	2.43478393839426E-10	1E10	1E-30	1E10	0.26	1E-30	1.57013052808171E-11	0.397273366164779	1.9377495903051E-11	1.56845675671691E-11	3.16986390941767	3.32409280218138E-12	6.95818980396575E-11	1E5	1E10	1E-30	1E-10	1E10	1E-30	1E-10	1E10	1E-30	1E-10	1E10	1E-30	1E-10	1E10	1E-30	1E-10	1E10	1E-30	1E-10	1E10	1E-30	1E-10	1E10	1E-30	1E-10	1E10	1E-30	1E-10	1E10	1E-30	1E-10	1E10	1E-30	1E-10	1E10	1E-30	1E-10	1	-0.05	0.05
379	3.29999999999999E-12	1E10	1E10	1E-30	2.43478393839426E-10	1E10	1E-30	1E10	0.26	1E-30	1.57013052808171E-11	0.397273366164779	1.9377495903051E-11	1.56845675671691E-11	3.16986390941767	3.32409280218138E-12	6.95818980396575E-11	1E5	1E10	1E-30	1E-10	1E10	1E-30	1E-10	1E10	1E-30	1E-10	1E10	1E-30	1E-10	1E10	1E-30	1E-10	1E10	1E-30	1E-10	1E10	1E-30	1E-10	1E10	1E-30	1E-10	1E10	1E-30	1E-10	1E10	1E-30	1E-10	1E10	1E-30	1E-10	1E10	1E-30	1E-10	1	-0.1	0.1
380	3.29999999999999E-12	1E10	1E10	1E-30	2.43478393839426E-10	1E10	1E-30	1E10	0.26	1E-30	1.57013052808171E-11	0.397273366164779	1.9377495903051E-11	1.56845675671691E-11	3.16986390941767	3.32409280218138E-12	6.95818980396575E-11	1E5	1E10	1E-30	1E-10	1E10	1E-30	1E-10	1E10	1E-30	1E-10	1E10	1E-30	1E-10	1E10	1E-30	1E-10	1E10	1E-30	1E-10	1E10	1E-30	1E-10	1E10	1E-30	1E-10	1E10	1E-30	1E-10	1E10	1E-30	1E-10	1E10	1E-30	1E-10	1E10	1E-30	1E-10	1	-0.25	0.25
381	3.39999999999999E-12	1E10	1E10	1E-30	2.43478393839426E-10	1E10	1E-30	1E10	0.26	1E-30	1.57013052808171E-11	0.397273366164779	1.9377495903051E-11	1.56845675671691E-11	3.16986390941767	3.32409280218138E-12	6.95818980396575E-11	1E5	1E10	1E-30	1E-10	1E10	1E-30	1E-10	1E10	1E-30	1E-10	1E10	1E-30	1E-10	1E10	1E-30	1E-10	1E10	1E-30	1E-10	1E10	1E-30	1E-10	1E10	1E-30	1E-10	1E10	1E-30	1E-10	1E10	1E-30	1E-10	1E10	1E-30	1E-10	1E10	1E-30	1E-10	1	-0.05	0.05
382	3.39999999999999E-12	1E10	1E10	1E-30	2.43478393839426E-10	1E10	1E-30	1E10	0.26	1E-30	1.57013052808171E-11	0.397273366164779	1.9377495903051E-11	1.56845675671691E-11	3.16986390941767	3.32409280218138E-12	6.95818980396575E-11	1E5	1E10	1E-30	1E-10	1E10	1E-30	1E-10	1E10	1E-30	1E-10	1E10	1E-30	1E-10	1E10	1E-30	1E-10	1E10	1E-30	1E-10	1E10	1E-30	1E-10	1E10	1E-30	1E-10	1E10	1E-30	1E-10	1E10	1E-30	1E-10	1E10	1E-30	1E-10	1E10	1E-30	1E-10	1	-0.1	0.1
383	3.39999999999999E-12	1E10	1E10	1E-30	2.43478393839426E-10	1E10	1E-30	1E10	0.26	1E-30	1.57013052808171E-11	0.397273366164779	1.9377495903051E-11	1.56845675671691E-11	3.16986390941767	3.32409280218138E-12	6.95818980396575E-11	1E5	1E10	1E-30	1E-10	1E10	1E-30	1E-10	1E10	1E-30	1E-10	1E10	1E-30	1E-10	1E10	1E-30	1E-10	1E10	1E-30	1E-10	1E10	1E-30	1E-10	1E10	1E-30	1E-10	1E10	1E-30	1E-10	1E10	1E-30	1E-10	1E10	1E-30	1E-10	1E10	1E-30	1E-10	1	-0.25	0.25
384	3.39999999999999E-12	1E10	1E10	1E-30	2.43478393839426E-10	1E10	1E-30	1E10	0.26	1E-30	1.57013052808171E-11	0.397273366164779	1.9377495903051E-11	1.56845675671691E-11	3.16986390941767	3.32409280218138E-12	6.95818980396575E-11	1E5	1E10	1E-30	1E-10	1E10	1E-30	1E-10	1E10	1E-30	1E-10	1E10	1E-30	1E-10	1E10	1E-30	1E-10	1E10	1E-30	1E-10	1E10	1E-30	1E-10	1E10	1E-30	1E-10	1E10	1E-30	1E-10	1E10	1E-30	1E-10	1E10	1E-30	1E-10	1E10	1E-30	1E-10	1	-0.05	0.05
385	3.39999999999999E-12	1E10	1E10	1E-30	2.43478393839426E-10	1E10	1E-30	1E10	0.26	1E-30	1.57013052808171E-11	0.397273366164779	1.9377495903051E-11	1.56845675671691E-11	3.16986390941767	3.32409280218138E-12	6.95818980396575E-11	1E5	1E10	1E-30	1E-10	1E10	1E-30	1E-10	1E10	1E-30	1E-10	1E10	1E-30	1E-10	1E10	1E-30	1E-10	1E10	1E-30	1E-10	1E10	1E-30	1E-10	1E10	1E-30	1E-10	1E10	1E-30	1E-10	1E10	1E-30	1E-10	1E10	1E-30	1E-10	1E10	1E-30	1E-10	1	-0.1	0.1
386	3.39999999999999E-12	1E10	1E10	1E-30	2.43478393839426E-10	1E10	1E-30	1E10	0.26	1E-30	1.57013052808171E-11	0.397273366164779	1.9377495903051E-11	1.56845675671691E-11	3.16986390941767	3.32409280218138E-12	6.95818980396575E-11	1E5	1E10	1E-30	1E-10	1E10	1E-30	1E-10	1E10	1E-30	1E-10	1E10	1E-30	1E-10	1E10	1E-30	1E-10	1E10	1E-30	1E-10	1E10	1E-30	1E-10	1E10	1E-30	1E-10	1E10	1E-30	1E-10	1E10	1E-30	1E-10	1E10	1E-30	1E-10	1E10	1E-30	1E-10	1	-0.25	0.25
387	3.39999999999999E-12	1E10	1E10	1E-30	2.43478393839426E-10	1E10	1E-30	1E10	0.26	1E-30	1.57013052808171E-11	0.397273366164779	1.9377495903051E-11	1.56845675671691E-11	3.16986390941767	3.32409280218138E-12	6.95818980396575E-11	1E5	1E10	1E-30	1E-10	1E10	1E-30	1E-10	1E10	1E-30	1E-10	1E10	1E-30	1E-10	1E10	1E-30	1E-10	1E10	1E-30	1E-10	1E10	1E-30	1E-10	1E10	1E-30	1E-10	1E10	1E-30	1E-10	1E10	1E-30	1E-10	1E10	1E-30	1E-10	1E10	1E-30	1E-10	1	-0.05	0.05
388	3.39999999999999E-12	1E10	1E10	1E-30	2.43478393839426E-10	1E10	1E-30	1E10	0.26	1E-30	1.57013052808171E-11	0.397273366164779	1.9377495903051E-11	1.56845675671691E-11	3.16986390941767	3.32409280218138E-12	6.95818980396575E-11	1E5	1E10	1E-30	1E-10	1E10	1E-30	1E-10	1E10	1E-30	1E-10	1E10	1E-30	1E-10	1E10	1E-30	1E-10	1E10	1E-30	1E-10	1E10	1E-30	1E-10	1E10	1E-30	1E-10	1E10	1E-30	1E-10	1E10	1E-30	1E-10	1E10	1E-30	1E-10	1E10	1E-30	1E-10	1	-0.1	0.1
389	3.39999999999999E-12	1E10	1E10	1E-30	2.43478393839426E-10	1E10	1E-30	1E10	0.26	1E-30	1.57013052808171E-11	0.397273366164779	1.9377495903051E-11	1.56845675671691E-11	3.16986390941767	3.32409280218138E-12	6.95818980396575E-11	1E5	1E10	1E-30	1E-10	1E10	1E-30	1E-10	1E10	1E-30	1E-10	1E10	1E-30	1E-10	1E10	1E-30	1E-10	1E10	1E-30	1E-10	1E10	1E-30	1E-10	1E10	1E-30	1E-10	1E10	1E-30	1E-10	1E10	1E-30	1E-10	1E10	1E-30	1E-10	1E10	1E-30	1E-10	1	-0.25	0.25
390	3.39999999999999E-12	1E10	1E10	1E-30	2.43478393839426E-10	1E10	1E-30	1E10	0.26	1E-30	1.57013052808171E-11	0.397273366164779	1.9377495903051E-11	1.56845675671691E-11	3.16986390941767	3.32409280218138E-12	6.95818980396575E-11	1E5	1E10	1E-30	1E-10	1E10	1E-30	1E-10	1E10	1E-30	1E-10	1E10	1E-30	1E-10	1E10	1E-30	1E-10	1E10	1E-30	1E-10	1E10	1E-30	1E-10	1E10	1E-30	1E-10	1E10	1E-30	1E-10	1E10	1E-30	1E-10	1E10	1E-30	1E-10	1E10	1E-30	1E-10	1	-0.05	0.05
391	3.39999999999999E-12	1E10	1E10	1E-30	2.43478393839426E-10	1E10	1E-30	1E10	0.26	1E-30	1.57013052808171E-11	0.397273366164779	1.9377495903051E-11	1.56845675671691E-11	3.16986390941767	3.32409280218138E-12	6.95818980396575E-11	1E5	1E10	1E-30	1E-10	1E10	1E-30	1E-10	1E10	1E-30	1E-10	1E10	1E-30	1E-10	1E10	1E-30	1E-10	1E10	1E-30	1E-10	1E10	1E-30	1E-10	1E10	1E-30	1E-10	1E10	1E-30	1E-10	1E10	1E-30	1E-10	1E10	1E-30	1E-10	1E10	1E-30	1E-10	1	-0.1	0.1
392	3.39999999999999E-12	1E10	1E10	1E-30	2.43478393839426E-10	1E10	1E-30	1E10	0.26	1E-30	1.57013052808171E-11	0.397273366164779	1.9377495903051E-11	1.56845675671691E-11	3.16986390941767	3.32409280218138E-12	6.95818980396575E-11	1E5	1E10	1E-30	1E-10	1E10	1E-30	1E-10	1E10	1E-30	1E-10	1E10	1E-30	1E-10	1E10	1E-30	1E-10	1E10	1E-30	1E-10	1E10	1E-30	1E-10	1E10	1E-30	1E-10	1E10	1E-30	1E-10	1E10	1E-30	1E-10	1E10	1E-30	1E-10	1E10	1E-30	1E-10	1	-0.25	0.25
393	3.5E-12	1E10	1E10	1E-30	2.74134882045587E-10	1E10	1E-30	1E10	0.25	8.40525196169167E-12	3.69130362903228E-11	5.14349690678734	1.25910274147999E-11	2.42908656195823E-11	1E5	1E10	1E-30	1E-10	1E10	1E-30	1E-10	1E10	1E-30	1E-10	1E10	1E-30	1E-10	1E10	1E-30	1E-10	1E10	1E-30	1E-10	1E10	1E-30	1E-10	1E10	1E-30	1E-10	1E10	1E-30	1E-10	1E10	1E-30	1E-10	1E10	1E-30	1E-10	1E10	1E-30	1E-10	1E10	1E-30	1E-10	1	-0.05	0.05
394	3.5E-12	1E10	1E10	1E-30	2.74134882045587E-10	1E10	1E-30	1E10	0.25	8.40525196169167E-12	3.69130362903228E-11	5.14349690678734	1.25910274147999E-11	2.42908656195823E-11	1E5	1E10	1E-30	1E-10	1E10	1E-30	1E-10	1E10	1E-30	1E-10	1E10	1E-30	1E-10	1E10	1E-30	1E-10	1E10	1E-30	1E-10	1E10	1E-30	1E-10	1E10	1E-30	1E-10	1E10	1E-30	1E-10	1E10	1E-30	1E-10	1E10	1E-30	1E-10	1E10	1E-30	1E-10	1E10	1E-30	1E-10	1	-0.1	0.1
395	3.5E-12	1E10	1E10	1E-30	2.74134882045587E-10	1E10	1E-30	1E10	0.25	8.40525196169167E-12	3.69130362903228E-11	5.14349690678734	1.25910274147999E-11	2.42908656195823E-11	1E5	1E10	1E-30	1E-10	1E10	1E-30	1E-10	1E10	1E-30	1E-10	1E10	1E-30	1E-10	1E10	1E-30	1E-10	1E10	1E-30	1E-10	1E10	1E-30	1E-10	1E10	1E-30	1E-10	1E10	1E-30	1E-10	1E10	1E-30	1E-10	1E10	1E-30	1E-10	1E10	1E-30	1E-10	1E10	1E-30	1E-10	1	-0.25	0.25
396	3.5E-12	1E10	1E10	1E-30	2.74134882045587E-10	1E10	1E-30	1E10	0.25	8.40525196169167E-12	3.69130362903228E-11	5.14349690678734	1.25910274147999E-11	2.42908656195823E-11	1E5	1E10	1E-30	1E-10	1E10	1E-30	1E-10	1E10	1E-30	1E-10	1E10	1E-30	1E-10	1E10	1E-30	1E-10	1E10	1E-30	1E-10	1E10	1E-30	1E-10	1E10	1E-30	1E-10	1E10	1E-30	1E-10	1E10	1E-30	1E-10	1E10	1E-30	1E-10	1E10	1E-30	1E-10	1E10	1E-30	1E-10	1	-0.05	0.05
397	3.5E-12	1E10	1E10	1E-30	2.74134882045587E-10	1E10	1E-30	1E10	0.25	8.40525196169167E-12	3.69130362903228E-11	5.14349690678734	1.25910274147999E-11	2.42908656195823E-11	1E5	1E10	1E-30	1E-10	1E10	1E-30	1E-10	1E10	1E-30	1E-10	1E10	1E-30	1E-10	1E10	1E-30	1E-10	1E10	1E-30	1E-10	1E10	1E-30	1E-10	1E10	1E-30	1E-10	1E10	1E-30	1E-10	1E10	1E-30	1E-10	1E10	1E-30	1E-10	1E10	1E-30	1E-10	1E10	1E-30	1E-10	1	-0.1	0.1
398	3.5E-12	1E10	1E10	1E-30	2.74134882045587E-10	1E10	1E-30	1E10	0.25	8.40525196169167E-12	3.69130362903228E-11	5.14349690678734	1.25910274147999E-11	2.42908656195823E-11	1E5	1E10	1E-30	1E-10	1E10	1E-30	1E-10	1E10	1E-30	1E-10	1E10	1E-30	1E-10	1E10	1E-30	1E-10	1E10	1E-30	1E-10	1E10	1E-30	1E-10	1E10	1E-30	1E-10	1E10	1E-30	1E-10	1E10	1E-30	1E-10	1E10	1E-30	1E-10	1E10	1E-30	1E-10	1E10	1E-30	1E-10	1	-0.25	0.25
399	3.5E-12	1E10	1E10	1E-30	2.74134882045587E-10	1E10	1E-30	1E10	0.25	8.40525196169167E-12	3.69130362903228E-11	5.14349690678734	1.25910274147999E-11	2.42908656195823E-11	1E5	1E10	1E-30	1E-10	1E10	1E-30	1E-10	1E10	1E-30	1E-10	1E10	1E-30	1E-10	1E10	1E-30	1E-10	1E10	1E-30	1E-10	1E10	1E-30	1E-10	1E10	1E-30	1E-10	1E10	1E-30	1E-10	1E10	1E-30	1E-10	1E10	1E-30	1E-10	1E10	1E-30	1E-10	1E10	1E-30	1E-10	1	-0.05	0.05
400	3.5E-12	1E10	1E10	1E-30	2.74134882045587E-10	1E10	1E-30	1E10	0.25	8.40525196169167E-12	3.69130362903228E-11	5.14349690678734	1.25910274147999E-11	2.42908656195823E-11	1E5	1E10	1E-30	1E-10	1E10	1E-30	1E-10	1E10	1E-30	1E-10	1E10	1E-30	1E-10	1E10	1E-30	1E-10	1E10	1E-30	1E-10	1E10	1E-30	1E-10	1E10	1E-30	1E-10	1E10	1E-30	1E-10	1E10	1E-30	1E-10	1E10	1E-30	1E-10	1E10	1E-30	1E-10	1E10	1E-30	1E-10	1	-0.1	0.1
401	3.5E-12	1E10	1E10	1E-30	2.74134882045587E-10	1E10	1E-30	1E10	0.25	8.40525196169167E-12	3.69130362903228E-11	5.14349690678734	1.25910274147999E-11	2.42908656195823E-11	1E5	1E10	1E-30	1E-10	1E10	1E-30	1E-10	1E10	1E-30	1E-10	1E10	1E-30	1E-10	1E10	1E-30	1E-10	1E10	1E-30	1E-10	1E10	1E-30	1E-10	1E10	1E-30	1E-10	1E10	1E-30	1E-10	1E10	1E-30	1E-10	1E10	1E-30	1E-10	1E10	1E-30	1E-10	1E10	1E-30	1E-10	1	-0.25	0.25
402	3.5E-12	1E10	1E10	1E-30	2.74134882045587E-10	1E10	1E-30	1E10	0.25	8.40525196169167E-12	3.69130362903228E-11	5.14349690678734	1.25910274147999E-11	2.42908656195823E-11	1E5	1E10	1E-30	1E-10	1E10	1E-30	1E-10	1E10	1E-30	1E-10	1E10	1E-30	1E-10	1E10	1E-30	1E-10	1E10	1E-30	1E-10	1E10	1E-30	1E-10	1E10	1E-30	1E-10	1E10	1E-30	1E-10	1E10	1E-30	1E-10	1E10	1E-30	1E-10	1E10	1E-30	1E-10	1E10	1E-30	1E-10	1	-0.05	0.05
403	3.5E-12	1E10	1E10	1E-30	2.74134882045587E-10	1E10	1E-30	1E10	0.25	8.40525196169167E-12	3.69130362903228E-11	5.14349690678734	1.25910274147999E-11	2.42908656195823E-11	1E5	1E10	1E-30	1E-10	1E10	1E-30	1E-10	1E10	1E-30	1E-10	1E10	1E-30	1E-10	1E10	1E-30	1E-10	1E10	1E-30	1E-10	1E10	1E-30	1E-10	1E10	1E-30	1E-10	1E10	1E-30	1E-10	1E10	1E-30	1E-10	1E10	1E-30	1E-10	1E10	1E-30	1E-10	1E10	1E-30	1E-10	1	-0.1	0.1
404	3.5E-12	1E10	1E10	1E-30	2.74134882045587E-10	1E10	1E-30	1E10	0.25	8.40525196169167E-12	3.69130362903228E-11	5.14349690678734	1.25910274147999E-11	2.42908656195823E-11	1E5	1E10	1E-30	1E-10	1E10	1E-30	1E-10	1E10	1E-30	1E-10	1E10	1E-30	1E-10	1E10	1E-30	1E-10	1E10	1E-30	1E-10	1E10	1E-30	1E-10	1E10	1E-30	1E-10	1E10	1E-30	1E-10	1E10	1E-30	1E-10	1E10	1E-30	1E-10	1E10	1E-30	1E-10	1E10	1E-30	1E-10	1	-0.25	0.25
405	3.6E-12	1E10	1E10	1E-30	2.74134882045587E-10	1E10	1E-30	1E10	0.25	8.40525196169167E-12	3.69130362903228E-11	5.14349690678734	1.25910274147999E-11	2.42908656195823E-11	1E5	1E10	1E-30	1E-10	1E10	1E-30	1E-10	1E10	1E-30	1E-10	1E10	1E-30	1E-10	1E10	1E-30	1E-10	1E10	1E-30	1E-10	1E10	1E-30	1E-10	1E10	1E-30	1E-10	1E10	1E-30	1E-10	1E10	1E-30	1E-10	1E10	1E-30	1E-10	1E10	1E-30	1E-10	1E10	1E-30	1E-10	1	-0.25	0.25
406	3.6E-12	1E10	1E10	1E-30	2.74134882045587E-10	1E10	1E-30	1E10	0.25	8.40525196169167E-12	3.69130362903228E-11	5.14349690678734	1.25910274147999E-11	2.42908656195823E-11	1E5	1E10	1E-30	1E-10	1E10	1E-30	1E-10	1E10	1E-30	1E-10	1E10	1E-30	1E-10	1E10	1E-30	1E-10	1E10	1E-30	1E-10	1E10	1E-30	1E-10	1E10	1E-30	1E-10	1E10	1E-30	1E-10	1E10	1E-30	1E-10	1E10	1E-30	1E-10	1E10	1E-30	1E-10	1E10	1E-30	1E-10	1	-0.05	0.05
407	3.6E-12	1E10	1E10	1E-30	2.74134882045587E-10	1E10	1E-30	1E10	0.25	8.40525196169167E-12	3.69130362903228E-11	5.14349690678734	1.25910274147999E-11	2.42908656195823E-11	1E5	1E10	1E-30	1E-10	1E10	1E-30	1E-10	1E10	1E-30	1E-10	1E10	1E-30	1E-10	1E10	1E-30	1E-10	1E10	1E-30	1E-10	1E10	1E-30	1E-10	1E10	1E-30	1E-10	1E10	1E-30	1E-10	1E10	1E-30	1E-10	1E10	1E-30	1E-10	1E10	1E-30	1E-10	1E10	1E-30	1E-10	1	-0.1	0.1
408	3.6E-12	1E10	1E10	1E-30	2.74134882045587E-10	1E10	1E-30	1E10	0.25	8.40525196169167E-12	3.69130362903228E-11	5.14349690678734	1.25910274147999E-11	2.42908656195823E-11	1E5	1E10	1E-30	1E-10	1E10	1E-30	1E-10	1E10	1E-30	1E-10	1E10	1E-30	1E-10	1E10	1E-30	1E-10	1E10	1E-30	1E-10	1E10	1E-30	1E-10	1E10	1E-30	1E-10	1E10	1E-30	1E-10	1E10	1E-30	1E-10	1E10	1E-30	1E-10	1E10	1E-30	1E-10	1E10	1E-30	1E-10	1	-0.25	0.25
409	3.6E-12	1E10	1E10	1E-30	2.74134882045587E-10	1E10	1E-30	1E10	0.25	8.40525196169167E-12	3.69130362903228E-11	5.14349690678734	1.25910274147999E-11	2.42908656195823E-11	1E5	1E10	1E-30	1E-10	1E10	1E-30	1E-10	1E10	1E-30	1E-10	1E10	1E-30	1E-10	1E10	1E-30	1E-10	1E10	1E-30	1E-10	1E10	1E-30	1E-10	1E10	1E-30	1E-10	1E10	1E-30	1E-10	1E10	1E-30	1E-10	1E10	1E-30	1E-10	1E10	1E-30	1E-10	1E10	1E-30	1E-10	1	-0.05	0.05
410	3.6E-12	1E10	1E10	1E-30	2.74134882045587E-10	1E10	1E-30	1E10	0.25	8.40525196169167E-12	3.69130362903228E-11	5.14349690678734	1.25910274147999E-11	2.42908656195823E-11	1E5	1E10	1E-30	1E-10	1E10	1E-30	1E-10	1E10	1E-30	1E-10	1E10	1E-30	1E-10	1E10	1E-30	1E-10	1E10	1E-30	1E-10	1E10	1E-30	1E-10	1E10	1E-30	1E-10	1E10	1E-30	1E-10	1E10	1E-30	1E-10	1E10	1E-30	1E-10	1E10	1E-30	1E-10	1E10	1E-30	1E-10	1	-0.1	0.1
411	3.6E-12	1E10	1E10	1E-30	2.74134882045587E-10	1E10	1E-30	1E10	0.25	8.40525196169167E-12	3.69130362903228E-11	5.14349690678734	1.25910274147999E-11	2.42908656195823E-11	1E5	1E10	1E-30	1E-10	1E10	1E-30	1E-10	1E10	1E-30	1E-10	1E10	1E-30	1E-10	1E10	1E-30	1E-10	1E10	1E-30	1E-10	1E10	1E-30	1E-10	1E10	1E-30	1E-10	1E10	1E-30	1E-10	1E10	1E-30	1E-10	1E10	1E-30	1E-10	1E10	1E-30	1E-10	1E10	1E-30	1E-10	1	-0.25	0.25
412	3.6E-12	1E10	1E10	1E-30	2.74134882045587E-10	1E10	1E-30	1E10	0.25	8.40525196169167E-12	3.69130362903228E-11	5.14349690678734	1.25910274147999E-11	2.42908656195823E-11	1E5	1E10	1E-30	1E-10	1E10	1E-30	1E-10	1E10	1E-30	1E-10	1E10	1E-30	1E-10	1E10	1E-30	1E-10	1E10	1E-30	1E-10	1E10	1E-30	1E-10	1E10	1E-30	1E-10	1E10	1E-30	1E-10	1E10	1E-30	1E-10	1E10	1E-30	1E-10	1E10	1E-30	1E-10	1E10	1E-30	1E-10	1	-0.25	0.25
413	3.6E-12	1E10	1E10	1E-30	2.74134882045587E-10	1E10	1E-30	1E10	0.25	8.40525196169167E-12	3.69130362903228E-11	5.14349690678734	1.25910274147999E-11	2.42908656195823E-11	1E5	1E10	1E-30	1E-10	1E10	1E-30	1E-10	1E10	1E-30	1E-10	1E10	1E-30	1E-10	1E10	1E-30	1E-10	1E10	1E-30	1E-10	1E10	1E-30	1E-10	1E10	1E-30	1E-10	1E10	1E-30	1E-10	1E10	1E-30	1E-10	1E10	1E-30	1E-10	1E10	1E-30	1E-10	1E10	1E-30	1E-10	1	-0.05	0.05
414	3.6E-12	1E10	1E10	1E-30	2.74134882045587E-10	1E10	1E-30	1E10	0.25	8.40525196169167E-12	3.69130362903228E-11	5.14349690678734	1.25910274147999E-11	2.42908656195823E-11	1E5	1E10	1E-30	1E-10	1E10	1E-30	1E-10	1E10	1E-30	1E-10	1E10	1E-30	1E-10	1E10	1E-30	1E-10	1E10	1E-30	1E-10	1E10	1E-30	1E-10	1E10	1E-30	1E-10	1E10	1E-30	1E-10	1E10	1E-30	1E-10	1E10	1E-30	1E-10	1E10	1E-30	1E-10	1E10	1E-30	1E-10	1	-0.1	0.1
415	3.6E-12	1E10	1E10	1E-30	2.74134882045587E-10	1E10	1E-30	1E10	0.25	8.40525196169167E-12	3.69130362903228E-11	5.14349690678734	1.25910274147999E-11	2.42908656195823E-11	1E5	1E10	1E-30	1E-10	1E10	1E-30	1E-10	1E10	1E-30	1E-10	1E10	1E-30	1E-10	1E10	1E-30	1E-10	1E10	1E-30	1E-10	1E10	1E-30	1E-10	1E10	1E-30	1E-10	1E10	1E-30	1E-10	1E10	1E-30	1E-10	1E10	1E-30	1E-10	1E10	1E-30	1E-10	1E10	1E-30	1E-10	1	-0.25	0.25
416	3.6E-12	1E10	1E10	1E-30	2.74134882045587E-10	1E10	1E-30	1E10	0.25	8.40525196169167E-12	3.69130362903228E-11	5.14349690678734	1.25910274147999E-11	2.42908656195823E-11	1E5	1E10	1E-30	1E-10	1E10	1E-30	1E-10	1E10	1E-30	1E-10	1E10	1E-30	1E-10	1E10	1E-30	1E-10	1E10	1E-30	1E-10	1E10	1E-30	1E-10	1E10	1E-30	1E-10	1E10	1E-30	1E-10	1E10	1E-30	1E-10	1E10	1E-30	1E-10	1E10	1E-30	1E-10	1E10	1E-30	1E-10	1	-0.05	0.05
417	3.6E-12	1E10	1E10	1E-30	2.74134882045587E-10	1E10	1E-30	1E10	0.25	8.40525196169167E-12	3.69130362903228E-11	5.14349690678734	1.25910274147999E-11	2.42908656195823E-11	1E5	1E10	1E-30	1E-10	1E10	1E-30	1E-10	1E10	1E-30	1E-10	1E10	1E-30	1E-10	1E10	1E-30	1E-10	1E10	1E-30	1E-10	1E10	1E-30	1E-10	1E10	1E-30	1E-10	1E10	1E-30	1E-10	1E10	1E-30	1E-10	1E10	1E-30	1E-10	1E10	1E-30	1E-10	1E10	1E-30	1E-10	1	-0.1	0.1
418	3.6E-12	1E10	1E10	1E-30	2.74134882045587E-10	1E10	1E-30	1E10	0.25	8.40525196169167E-12	3.69130362903228E-11	5.14349690678734	1.25910274147999E-11	2.42908656195823E-11	1E5	1E10	1E-30	1E-10	1E10	1E-30	1E-10	1E10	1E-30	1E-10	1E10	1E-30	1E-10	1E10	1E-30	1E-10	1E10	1E-30	1E-10	1E10	1E-30	1E-10	1E10	1E-30	1E-10	1E10	1E-30	1E-10	1E10	1E-30	1E-10	1E10	1E-30	1E-10	1E10	1E-30	1E-10	1E10	1E-30	1E-10	1	-0.25	0.25
419	3.7E-12	1E10	1E10	1E-30	2.74134882045587E-10	1E10	1E-30	1E10	0.25	8.40525196169167E-12	3.69130362903228E-11	5.14349690678734	1.25910274147999E-11	2.42908656195823E-11	1E5	1E10	1E-30	1E-10	1E10	1E-30	1E-10	1E10	1E-30	1E-10	1E10	1E-30	1E-10	1E10	1E-30	1E-10	1E10	1E-30	1E-10	1E10	1E-30	1E-10	1E10	1E-30	1E-10	1E10	1E-30	1E-10	1E10	1E-30	1E-10	1E10	1E-30	1E-10	1E10	1E-30	1E-10	1E10	1E-30	1E-10	1	-0.05	0.05
420	3.7E-12	1E10	1E10	1E-30	2.74134882045587E-10	1E10	1E-30	1E10	0.25	8.40525196169167E-12	3.69130362903228E-11	5.14349690678734	1.25910274147999E-11	2.42908656195823E-11	1E5	1E10	1E-30	1E-10	1E10	1E-30	1E-10	1E10	1E-30	1E-10	1E10	1E-30	1E-10	1E10	1E-30	1E-10	1E10	1E-30	1E-10	1E10	1E-30	1E-10	1E10	1E-30	1E-10	1E10	1E-30	1E-10	1E10	1E-30	1E-10	1E10	1E-30	1E-10	1E10	1E-30	1E-10	1E10	1E-30	1E-10	1	-0.1	0.1
421	3.7E-12	1E10	1E10	1E-30	2.74134882045587E-10	1E10	1E-30	1E10	0.25	8.40525196169167E-12	3.69130362903228E-11	5.14349690678734	1.25910274147999E-11	2.42908656195823E-11	1E5	1E10	1E-30	1E-10	1E10	1E-30	1E-10	1E10	1E-30	1E-10	1E10	1E-30	1E-10	1E10	1E-30	1E-10	1E10	1E-30	1E-10	1E10	1E-30	1E-10	1E10	1E-30	1E-10	1E10	1E-30	1E-10	1E10	1E-30	1E-10	1E10	1E-30	1E-10	1E10	1E-30	1E-10	1E10	1E-30	1E-10	1	-0.25	0.25
422	3.7E-12	1E10	1E10	1E-30	2.74134882045587E-10	1E10	1E-30	1E10	0.25	8.40525196169167E-12	3.69130362903228E-11	5.14349690678734	1.25910274147999E-11	2.42908656195823E-11	1E5	1E10	1E-30	1E-10	1E10	1E-30	1E-10	1E10	1E-30	1E-10	1E10	1E-30	1E-10	1E10	1E-30	1E-10	1E10	1E-30	1E-10	1E10	1E-30	1E-10	1E10	1E-30	1E-10	1E10	1E-30	1E-10	1E10	1E-30	1E-10	1E10	1E-30	1E-10	1E10	1E-30	1E-10	1E10	1E-30	1E-10	1	-0.05	0.05
423	3.7E-12	1E10	1E10	1E-30	2.74134882045587E-10	1E10	1E-30	1E10	0.25	8.40525196169167E-12	3.69130362903228E-11	5.14349690678734	1.25910274147999E-11	2.42908656195823E-11	1E5	1E10	1E-30	1E-10	1E10	1E-30	1E-10	1E10	1E-30	1E-10	1E10	1E-30	1E-10	1E10	1E-30	1E-10	1E10	1E-30	1E-10	1E10	1E-30	1E-10	1E10	1E-30	1E-10	1E10	1E-30	1E-10	1E10	1E-30	1E-10	1E10	1E-30	1E-10	1E10	1E-30	1E-10	1E10	1E-30	1E-10	1	-0.1	0.1
424	3.7E-12	1E10	1E10	1E-30	2.74134882045587E-10	1E10	1E-30	1E10	0.25	8.40525196169167E-12	3.69130362903228E-11	5.14349690678734	1.25910274147999E-11	2.42908656195823E-11	1E5	1E10	1E-30	1E-10	1E10	1E-30	1E-10	1E10	1E-30	1E-10	1E10	1E-30	1E-10	1E10	1E-30	1E-10	1E10	1E-30	1E-10	1E10	1E-30	1E-10	1E10	1E-30	1E-10	1E10	1E-30	1E-10	1E10	1E-30	1E-10	1E10	1E-30	1E-10	1E10	1E-30	1E-10	1E10	1E-30	1E-10	1	-0.25	0.25
425	3.7E-12	1E10	1E10	1E-30	2.74134882045587E-10	1E10	1E-30	1E10	0.25	8.40525196169167E-12	3.69130362903228E-11	5.14349690678734	1.25910274147999E-11	2.42908656195823E-11	1E5	1E10	1E-30	1E-10	1E10	1E-30	1E-10	1E10	1E-30	1E-10	1E10	1E-30	1E-10	1E10	1E-30	1E-10	1E10	1E-30	1E-10	1E10	1E-30	1E-10	1E10	1E-30	1E-10	1E10	1E-30	1E-10	1E10	1E-30	1E-10	1E10	1E-30	1E-10	1E10	1E-30	1E-10	1E10	1E-30	1E-10	1	-0.05	0.05
426	3.7E-12	1E10	1E10	1E-30	2.74134882045587E-10	1E10	1E-30	1E10	0.25	8.40525196169167E-12	3.69130362903228E-11	5.14349690678734	1.25910274147999E-11	2.42908656195823E-11	1E5	1E10	1E-30	1E-10	1E10	1E-30	1E-10	1E10	1E-30	1E-10	1E10	1E-30	1E-10	1E10	1E-30	1E-10	1E10	1E-30	1E-10	1E10	1E-30	1E-10	1E10	1E-30	1E-10	1E10	1E-30	1E-10	1E10	1E-30	1E-10	1E10	1E-30	1E-10	1E10	1E-30	1E-10	1E10	1E-30	1E-10	1	-0.1	0.1
427	3.7E-12	1E10	1E10	1E-30	2.74134882045587E-10	1E10	1E-30	1E10	0.25	8.40525196169167E-12	3.69130362903228E-11	5.14349690678734	1.25910274147999E-11	2.42908656195823E-11	1E5	1E10	1E-30	1E-10	1E10	1E-30	1E-10	1E10	1E-30	1E-10	1E10	1E-30	1E-10	1E10	1E-30	1E-10	1E10	1E-30	1E-10	1E10	1E-30	1E-10	1E10	1E-30	1E-10	1E10	1E-30	1E-10	1E10	1E-30	1E-10	1E10	1E-30	1E-10	1E10	1E-30	1E-10	1E10	1E-30	1E-10	1	-0.25	0.25
428	3.7E-12	1E10	1E10	1E-30	2.74134882045587E-10	1E10	1E-30	1E10	0.25	8.40525196169167E-12	3.69130362903228E-11	5.14349690678734	1.25910274147999E-11	2.42908656195823E-11	1E5	1E10	1E-30	1E-10	1E10	1E-30	1E-10	1E10	1E-30	1E-10	1E10	1E-30	1E-10	1E10	1E-30	1E-10	1E10	1E-30	1E-10	1E10	1E-30	1E-10	1E10	1E-30	1E-10	1E10	1E-30	1E-10	1E10	1E-30	1E-10	1E10	1E-30	1E-10	1E10	1E-30	1E-10	1E10	1E-30	1E-10	1	-0.05	0.05
429	3.7E-12	1E10	1E10	1E-30	2.74134882045587E-10	1E10	1E-30	1E10	0.25	8.40525196169167E-12	3.69130362903228E-11	5.14349690678734	1.25910274147999E-11	2.42908656195823E-11	1E5	1E10	1E-30	1E-10	1E10	1E-30	1E-10	1E10	1E-30	1E-10	1E10	1E-30	1E-10	1E10	1E-30	1E-10	1E10	1E-30	1E-10	1E10	1E-30	1E-10	1E10	1E-30	1E-10	1E10	1E-30	1E-10	1E10	1E-30	1E-10	1E10	1E-30	1E-10	1E10	1E-30	1E-10	1E10	1E-30	1E-10	1	-0.1	0.1
430	3.7E-12	1E10	1E10	1E-30	2.74134882045587E-10	1E10	1E-30	1E10	0.25	8.40525196169167E-12	3.69130362903228E-11	5.14349690678734	1.25910274147999E-11	2.42908656195823E-11	1E5	1E10	1E-30	1E-10	1E10	1E-30	1E-10	1E10	1E-30	1E-10	1E10	1E-30	1E-10	1E10	1E-30	1E-10	1E10	1E-30	1E-10	1E10	1E-30	1E-10	1E10	1E-30	1E-10	1E10	1E-30	1E-10	1E10	1E-30	1E-10	1E10	1E-30	1E-10	1E10	1E-30	1E-10	1E10	1E-30	1E-10	1	-0.25	0.25
431	3.8E-12	1E10	1E10	1E-30	1.77665137291681E-10	1E10	1E-30	1E10	0.23	1.88777271751339E-12	1.39102464104338E-10	59.9690116175092	1E10	1E-30	1E-10	1E10	1E-30	1E-10	1E10	1E-30	1E-10	1E10	1E-30	1E-10	1E10	1E-30	1E-10	1E10	1E-30	1E-10	1E10	1E-30	1E-10	1E10	1E-30	1E-10	1E10	1E-30	1E-10	1E10	1E-30	1E-10	1E10	1E-30	1E-10	1E10	1E-30	1E-10	1E10	1E-30	1E-10	1E10	1E-30	1E-10	1	-0.05	0.05
432	3.8E-12	1E10	1E10	1E-30	1.77665137291681E-10	1E10	1E-30	1E10	0.23	1.88777271751339E-12	1.39102464104338E-10	59.9690116175092	1E10	1E-30	1E-10	1E10	1E-30	1E-10	1E10	1E-30	1E-10	1E10	1E-30	1E-10	1E10	1E-30	1E-10	1E10	1E-30	1E-10	1E10	1E-30	1E-10	1E10	1E-30	1E-10	1E10	1E-30	1E-10	1E10	1E-30	1E-10	1E10	1E-30	1E-10	1E10	1E-30	1E-10	1E10	1E-30	1E-10	1E10	1E-30	1E-10	1	-0.1	0.1
433	3.8E-12	1E10	1E10	1E-30	1.77665137291681E-10	1E10	1E-30	1E10	0.23	1.88777271751339E-12	1.39102464104338E-10	59.9690116175092	1E10	1E-30	1E-10	1E10	1E-30	1E-10	1E10	1E-30	1E-10	1E10	1E-30	1E-10	1E10	1E-30	1E-10	1E10	1E-30	1E-10	1E10	1E-30	1E-10	1E10	1E-30	1E-10	1E10	1E-30	1E-10	1E10	1E-30	1E-10	1E10	1E-30	1E-10	1E10	1E-30	1E-10	1E10	1E-30	1E-10	1E10	1E-30	1E-10	1	-0.25	0.25
434	3.8E-12	1E10	1E10	1E-30	1.77665137291681E-10	1E10	1E-30	1E10	0.23	1.88777271751339E-12	1.39102464104338E-10	59.9690116175092	1E10	1E-30	1E-10	1E10	1E-30	1E-10	1E10	1E-30	1E-10	1E10	1E-30	1E-10	1E10	1E-30	1E-10	1E10	1E-30	1E-10	1E10	1E-30	1E-10	1E10	1E-30	1E-10	1E10	1E-30	1E-10	1E10	1E-30	1E-10	1E10	1E-30	1E-10	1E10	1E-30	1E-10	1E10	1E-30	1E-10	1E10	1E-30	1E-10	1	-0.05	0.05
435	3.8E-12	1E10	1E10	1E-30	1.77665137291681E-10	1E10	1E-30	1E10	0.23	1.88777271751339E-12	1.39102464104338E-10	59.9690116175092	1E10	1E-30	1E-10	1E10	1E-30	1E-10	1E10	1E-30	1E-10	1E10	1E-30	1E-10	1E10	1E-30	1E-10	1E10	1E-30	1E-10	1E10	1E-30	1E-10	1E10	1E-30	1E-10	1E10	1E-30	1E-10	1E10	1E-30	1E-10	1E10	1E-30	1E-10	1E10	1E-30	1E-10	1E10	1E-30	1E-10	1E10	1E-30	1E-10	1	-0.1	0.1
436	3.8E-12	1E10	1E10	1E-30	1.77665137291681E-10	1E10	1E-30	1E10	0.23	1.88777271751339E-12	1.39102464104338E-10	59.9690116175092	1E10	1E-30	1E-10	1E10	1E-30	1E-10	1E10	1E-30	1E-10	1E10	1E-30	1E-10	1E10	1E-30	1E-10	1E10	1E-30	1E-10	1E10	1E-30	1E-10	1E10	1E-30	1E-10	1E10	1E-30	1E-10	1E10	1E-30	1E-10	1E10	1E-30	1E-10	1E10	1E-30	1E-10	1E10	1E-30	1E-10	1E10	1E-30	1E-10	1	-0.25	0.25
437	3.8E-12	1E10	1E10	1E-30	1.77665137291681E-10	1E10	1E-30	1E10	0.23	1.88777271751339E-12	1.39102464104338E-10	59.9690116175092	1E10	1E-30	1E-10	1E10	1E-30	1E-10	1E10	1E-30	1E-10	1E10	1E-30	1E-10	1E10	1E-30	1E-10	1E10	1E-30	1E-10	1E10	1E-30	1E-10	1E10	1E-30	1E-10	1E10	1E-30	1E-10	1E10	1E-30	1E-10	1E10	1E-30	1E-10	1E10	1E-30	1E-10	1E10	1E-30	1E-10	1E10	1E-30	1E-10	1	-0.05	0.05
438	3.8E-12	1E10	1E10	1E-30	1.77665137291681E-10	1E10	1E-30	1E10	0.23	1.88777271751339E-12	1.39102464104338E-10	59.9690116175092	1E10	1E-30	1E-10	1E10	1E-30	1E-10	1E10	1E-30	1E-10	1E10	1E-30	1E-10	1E10	1E-30	1E-10	1E10	1E-30	1E-10	1E10	1E-30	1E-10	1E10	1E-30	1E-10	1E10	1E-30	1E-10	1E10	1E-30	1E-10	1E10	1E-30	1E-10	1E10	1E-30	1E-10	1E10	1E-30	1E-10	1E10	1E-30	1E-10	1	-0.1	0.1
439	3.8E-12	1E10	1E10	1E-30	1.77665137291681E-10	1E10	1E-30	1E10	0.23	1.88777271751339E-12	1.39102464104338E-10	59.9690116175092	1E10	1E-30	1E-10	1E10	1E-30	1E-10	1E10	1E-30	1E-10	1E10	1E-30	1E-10	1E10	1E-30	1E-10	1E10	1E-30	1E-10	1E10	1E-30	1E-10	1E10	1E-30	1E-10	1E10	1E-30	1E-10	1E10	1E-30	1E-10	1E10	1E-30	1E-10	1E10	1E-30	1E-10	1E10	1E-30	1E-10	1E10	1E-30	1E-10	1	-0.25	0.25
440	3.8E-12	1E10	1E10	1E-30	1.77665137291681E-10	1E10	1E-30	1E10	0.23	1.88777271751339E-12	1.39102464104338E-10	59.9690116175092	1E10	1E-30	1E-10	1E10	1E-30	1E-10	1E10	1E-30	1E-10	1E10	1E-30	1E-10	1E10	1E-30	1E-10	1E10	1E-30	1E-10	1E10	1E-30	1E-10	1E10	1E-30	1E-10	1E10	1E-30	1E-10	1E10	1E-30	1E-10	1E10	1E-30	1E-10	1E10	1E-30	1E-10	1E10	1E-30	1E-10	1E10	1E-30	1E-10	1	-0.05	0.05
441	3.8E-12	1E10	1E10	1E-30	1.77665137291681E-10	1E10	1E-30	1E10	0.23	1.88777271751339E-12	1.39102464104338E-10	59.9690116175092	1E10	1E-30	1E-10	1E10	1E-30	1E-10	1E10	1E-30	1E-10	1E10	1E-30	1E-10	1E10	1E-30	1E-10	1E10	1E-30	1E-10	1E10	1E-30	1E-10	1E10	1E-30	1E-10	1E10	1E-30	1E-10	1E10	1E-30	1E-10	1E10	1E-30	1E-10	1E10	1E-30	1E-10	1E10	1E-30	1E-10	1E10	1E-30	1E-10	1	-0.1	0.1
442	3.8E-12	1E10	1E10	1E-30	1.77665137291681E-10	1E10	1E-30	1E10	0.23	1.88777271751339E-12	1.39102464104338E-10	59.9690116175092	1E10	1E-30	1E-10	1E10	1E-30	1E-10	1E10	1E-30	1E-10	1E10	1E-30	1E-10	1E10	1E-30	1E-10	1E10	1E-30	1E-10	1E10	1E-30	1E-10	1E10	1E-30	1E-10	1E10	1E-30	1E-10	1E10	1E-30	1E-10	1E10	1E-30	1E-10	1E10	1E-30	1E-10	1E10	1E-30	1E-10	1E10	1E-30	1E-10	1	-0.25	0.25
443	3.9E-12	1E10	1E10	1E-30	1.77665137291681E-10	1E10	1E-30	1E10	0.23	1.88777271751339E-12	1.39102464104338E-10	59.9690116175092	1E10	1E-30	1E-10	1E10	1E-30	1E-10	1E10	1E-30	1E-10	1E10	1E-30	1E-10	1E10	1E-30	1E-10	1E10	1E-30	1E-10	1E10	1E-30	1E-10	1E10	1E-30	1E-10	1E10	1E-30	1E-10	1E10	1E-30	1E-10	1E10	1E-30	1E-10	1E10	1E-30	1E-10	1E10	1E-30	1E-10	1E10	1E-30	1E-10	1	-0.25	0.25
444	3.9E-12	1E10	1E10	1E-30	1.77665137291681E-10	1E10	1E-30	1E10	0.23	1.88777271751339E-12	1.39102464104338E-10	59.9690116175092	1E10	1E-30	1E-10	1E10	1E-30	1E-10	1E10	1E-30	1E-10	1E10	1E-30	1E-10	1E10	1E-30	1E-10	1E10	1E-30	1E-10	1E10	1E-30	1E-10	1E10	1E-30	1E-10	1E10	1E-30	1E-10	1E10	1E-30	1E-10	1E10	1E-30	1E-10	1E10	1E-30	1E-10	1E10	1E-30	1E-10	1E10	1E-30	1E-10	1	-0.05	0.05
445	3.9E-12	1E10	1E10	1E-30	1.77665137291681E-10	1E10	1E-30	1E10	0.23	1.88777271751339E-12	1.39102464104338E-10	59.9690116175092	1E10	1E-30	1E-10	1E10	1E-30	1E-10	1E10	1E-30	1E-10	1E10	1E-30	1E-10	1E10	1E-30	1E-10	1E10	1E-30	1E-10	1E10	1E-30	1E-10	1E10	1E-30	1E-10	1E10	1E-30	1E-10	1E10	1E-30	1E-10	1E10	1E-30	1E-10	1E10	1E-30	1E-10	1E10	1E-30	1E-10	1E10	1E-30	1E-10	1	-0.1	0.1
446	3.9E-12	1E10	1E10	1E-30	1.77665137291681E-10	1E10	1E-30	1E10	0.23	1.88777271751339E-12	1.39102464104338E-10	59.9690116175092	1E10	1E-30	1E-10	1E10	1E-30	1E-10	1E10	1E-30	1E-10	1E10	1E-30	1E-10	1E10	1E-30	1E-10	1E10	1E-30	1E-10	1E10	1E-30	1E-10	1E10	1E-30	1E-10	1E10	1E-30	1E-10	1E10	1E-30	1E-10	1E10	1E-30	1E-10	1E10	1E-30	1E-10	1E10	1E-30	1E-10	1E10	1E-30	1E-10	1	-0.25	0.25
447	3.9E-12	1E10	1E10	1E-30	1.77665137291681E-10	1E10	1E-30	1E10	0.23	1.88777271751339E-12	1.39102464104338E-10	59.9690116175092	1E10	1E-30	1E-10	1E10	1E-30	1E-10	1E10	1E-30	1E-10	1E10	1E-30	1E-10	1E10	1E-30	1E-10	1E10	1E-30	1E-10	1E10	1E-30	1E-10	1E10	1E-30	1E-10	1E10	1E-30	1E-10	1E10	1E-30	1E-10	1E10	1E-30	1E-10	1E10	1E-30	1E-10	1E10	1E-30	1E-10	1E10	1E-30	1E-10	1	-0.05	0.05
448	3.9E-12	1E10	1E10	1E-30	1.77665137291681E-10	1E10	1E-30	1E10	0.23	1.88777271751339E-12	1.39102464104338E-10	59.9690116175092	1E10	1E-30	1E-10	1E10	1E-30	1E-10	1E10	1E-30	1E-10	1E10	1E-30	1E-10	1E10	1E-30	1E-10	1E10	1E-30	1E-10	1E10	1E-30	1E-10	1E10	1E-30	1E-10	1E10	1E-30	1E-10	1E10	1E-30	1E-10	1E10	1E-30	1E-10	1E10	1E-30	1E-10	1E10	1E-30	1E-10	1E10	1E-30	1E-10	1	-0.1	0.1
449	3.9E-12	1E10	1E10	1E-30	1.77665137291681E-10	1E10	1E-30	1E10	0.23	1.88777271751339E-12	1.39102464104338E-10	59.9690116175092	1E10	1E-30	1E-10	1E10	1E-30	1E-10	1E10	1E-30	1E-10	1E10	1E-30	1E-10	1E10	1E-30	1E-10	1E10	1E-30	1E-10	1E10	1E-30	1E-10	1E10	1E-30	1E-10	1E10	1E-30	1E-10	1E10	1E-30	1E-10	1E10	1E-30	1E-10	1E10	1E-30	1E-10	1E10	1E-30	1E-10	1E10	1E-30	1E-10	1	-0.25	0.25
450	3.9E-12	1E10	1E10	1E-30	1.77665137291681E-10	1E10	1E-30	1E10	0.23	1.88777271751339E-12	1.39102464104338E-10	59.9690116175092	1E10	1E-30	1E-10	1E10	1E-30	1E-10	1E10	1E-30	1E-10	1E10	1E-30	1E-10	1E10	1E-30	1E-10	1E10	1E-30	1E-10	1E10	1E-30	1E-10	1E10	1E-30	1E-10	1E10	1E-30	1E-10	1E10	1E-30	1E-10	1E10	1E-30	1E-10	1E10	1E-30	1E-10	1E10	1E-30	1E-10	1E10	1E-30	1E-10	1	-0.25	0.25
451	3.9E-12	1E10	1E10	1E-30	1.77665137291681E-10	1E10	1E-30	1E10	0.23	1.88777271751339E-12	1.39102464104338E-10	59.9690116175092	1E10	1E-30	1E-10	1E10	1E-30	1E-10	1E10	1E-30	1E-10	1E10	1E-30	1E-10	1E10	1E-30	1E-10	1E10	1E-30	1E-10	1E10	1E-30	1E-10	1E10	1E-30	1E-10	1E10	1E-30	1E-10	1E10	1E-30	1E-10	1E10	1E-30	1E-10	1E10	1E-30	1E-10	1E10	1E-30	1E-10	1E10	1E-30	1E-10	1	-0.05	0.05
452	3.9E-12	1E10	1E10	1E-30	1.77665137291681E-10	1E10	1E-30	1E10	0.23	1.88777271751339E-12	1.39102464104338E-10	59.9690116175092	1E10	1E-30	1E-10	1E10	1E-30	1E-10	1E10	1E-30	1E-10	1E10	1E-30	1E-10	1E10	1E-30	1E-10	1E10	1E-30	1E-10	1E10	1E-30	1E-10	1E10	1E-30	1E-10	1E10	1E-30	1E-10	1E10	1E-30	1E-10	1E10	1E-30	1E-10	1E10	1E-30	1E-10	1E10	1E-30	1E-10	1E10	1E-30	1E-10	1	-0.1	0.1
453	3.9E-12	1E10	1E10	1E-30	1.77665137291681E-10	1E10	1E-30	1E10	0.23	1.88777271751339E-12	1.39102464104338E-10	59.9690116175092	1E10	1E-30	1E-10	1E10	1E-30	1E-10	1E10	1E-30	1E-10	1E10	1E-30	1E-10	1E10	1E-30	1E-10	1E10	1E-30	1E-10	1E10	1E-30	1E-10	1E10	1E-30	1E-10	1E10	1E-30	1E-10	1E10	1E-30	1E-10	1E10	1E-30	1E-10	1E10	1E-30	1E-10	1E10	1E-30	1E-10	1E10	1E-30	1E-10	1	-0.25	0.25
454	3.9E-12	1E10	1E10	1E-30	1.77665137291681E-10	1E10	1E-30	1E10	0.23	1.88777271751339E-12	1.39102464104338E-10	59.9690116175092	1E10	1E-30	1E-10	1E10	1E-30	1E-10	1E10	1E-30	1E-10	1E10	1E-30	1E-10	1E10	1E-30	1E-10	1E10	1E-30	1E-10	1E10	1E-30	1E-10	1E10	1E-30	1E-10	1E10	1E-30	1E-10	1E10	1E-30	1E-10	1E10	1E-30	1E-10	1E10	1E-30	1E-10	1E10	1E-30	1E-10	1E10	1E-30	1E-10	1	-0.05	0.05
455	3.9E-12	1E10	1E10	1E-30	1.77665137291681E-10	1E10	1E-30	1E10	0.23	1.88777271751339E-12	1.39102464104338E-10	59.9690116175092	1E10	1E-30	1E-10	1E10	1E-30	1E-10	1E10	1E-30	1E-10	1E10	1E-30	1E-10	1E10	1E-30	1E-10	1E10	1E-30	1E-10	1E10	1E-30	1E-10	1E10	1E-30	1E-10	1E10	1E-30	1E-10	1E10	1E-30	1E-10	1E10	1E-30	1E-10	1E10	1E-30	1E-10	1E10	1E-30	1E-10	1E10	1E-30	1E-10	1	-0.1	0.1
456	3.9E-12	1E10	1E10	1E-30	1.77665137291681E-10	1E10	1E-30	1E10	0.23	1.88777271751339E-12	1.39102464104338E-10	59.9690116175092	1E10	1E-30	1E-10	1E10	1E-30	1E-10	1E10	1E-30	1E-10	1E10	1E-30	1E-10	1E10	1E-30	1E-10	1E10	1E-30	1E-10	1E10	1E-30	1E-10	1E10	1E-30	1E-10	1E10	1E-30	1E-10	1E10	1E-30	1E-10	1E10	1E-30	1E-10	1E10	1E-30	1E-10	1E10	1E-30	1E-10	1E10	1E-30	1E-10	1	-0.25	0.25
457	4E-12	1E10	1E10	1E-30	1.77665137291681E-10	1E10	1E-30	1E10	0.23	1.88777271751339E-12	1.39102464104338E-10	59.9690116175092	1E10	1E-30	1E-10	1E10	1E-30	1E-10	1E10	1E-30	1E-10	1E10	1E-30	1E-10	1E10	1E-30	1E-10	1E10	1E-30	1E-10	1E10	1E-30	1E-10	1E10	1E-30	1E-10	1E10	1E-30	1E-10	1E10	1E-30	1E-10	1E10	1E-30	1E-10	1E10	1E-30	1E-10	1E10	1E-30	1E-10	1E10	1E-30	1E-10	1	-0.05	0.05
458	4E-12	1E10	1E10	1E-30	1.77665137291681E-10	1E10	1E-30	1E10	0.23	1.88777271751339E-12	1.39102464104338E-10	59.9690116175092	1E10	1E-30	1E-10	1E10	1E-30	1E-10	1E10	1E-30	1E-10	1E10	1E-30	1E-10	1E10	1E-30	1E-10	1E10	1E-30	1E-10	1E10	1E-30	1E-10	1E10	1E-30	1E-10	1E10	1E-30	1E-10	1E10	1E-30	1E-10	1E10	1E-30	1E-10	1E10	1E-30	1E-10	1E10	1E-30	1E-10	1E10	1E-30	1E-10	1	-0.1	0.1
459	4E-12	1E10	1E10	1E-30	1.77665137291681E-10	1E10	1E-30	1E10	0.23	1.88777271751339E-12	1.39102464104338E-10	59.9690116175092	1E10	1E-30	1E-10	1E10	1E-30	1E-10	1E10	1E-30	1E-10	1E10	1E-30	1E-10	1E10	1E-30	1E-10	1E10	1E-30	1E-10	1E10	1E-30	1E-10	1E10	1E-30	1E-10	1E10	1E-30	1E-10	1E10	1E-30	1E-10	1E10	1E-30	1E-10	1E10	1E-30	1E-10	1E10	1E-30	1E-10	1E10	1E-30	1E-10	1	-0.25	0.25
460	4E-12	1E10	1E10	1E-30	1.77665137291681E-10	1E10	1E-30	1E10	0.23	1.88777271751339E-12	1.39102464104338E-10	59.9690116175092	1E10	1E-30	1E-10	1E10	1E-30	1E-10	1E10	1E-30	1E-10	1E10	1E-30	1E-10	1E10	1E-30	1E-10	1E10	1E-30	1E-10	1E10	1E-30	1E-10	1E10	1E-30	1E-10	1E10	1E-30	1E-10	1E10	1E-30	1E-10	1E10	1E-30	1E-10	1E10	1E-30	1E-10	1E10	1E-30	1E-10	1E10	1E-30	1E-10	1	-0.05	0.05
461	4E-12	1E10	1E10	1E-30	1.77665137291681E-10	1E10	1E-30	1E10	0.23	1.88777271751339E-12	1.39102464104338E-10	59.9690116175092	1E10	1E-30	1E-10	1E10	1E-30	1E-10	1E10	1E-30	1E-10	1E10	1E-30	1E-10	1E10	1E-30	1E-10	1E10	1E-30	1E-10	1E10	1E-30	1E-10	1E10	1E-30	1E-10	1E10	1E-30	1E-10	1E10	1E-30	1E-10	1E10	1E-30	1E-10	1E10	1E-30	1E-10	1E10	1E-30	1E-10	1E10	1E-30	1E-10	1	-0.1	0.1
462	4E-12	1E10	1E10	1E-30	1.77665137291681E-10	1E10	1E-30	1E10	0.23	1.88777271751339E-12	1.39102464104338E-10	59.9690116175092	1E10	1E-30	1E-10	1E10	1E-30	1E-10	1E10	1E-30	1E-10	1E10	1E-30	1E-10	1E10	1E-30	1E-10	1E10	1E-30	1E-10	1E10	1E-30	1E-10	1E10	1E-30	1E-10	1E10	1E-30	1E-10	1E10	1E-30	1E-10	1E10	1E-30	1E-10	1E10	1E-30	1E-10	1E10	1E-30	1E-10	1E10	1E-30	1E-10	1	-0.25	0.25
463	4E-12	1E10	1E10	1E-30	1.77665137291681E-10	1E10	1E-30	1E10	0.23	1.88777271751339E-12	1.39102464104338E-10	59.9690116175092	1E10	1E-30	1E-10	1E10	1E-30	1E-10	1E10	1E-30	1E-10	1E10	1E-30	1E-10	1E10	1E-30	1E-10	1E10	1E-30	1E-10	1E10	1E-30	1E-10	1E10	1E-30	1E-10	1E10	1E-30	1E-10	1E10	1E-30	1E-10	1E10	1E-30	1E-10	1E10	1E-30	1E-10	1E10	1E-30	1E-10	1E10	1E-30	1E-10	1	-0.05	0.05
464	4E-12	1E10	1E10	1E-30	1.77665137291681E-10	1E10	1E-30	1E10	0.23	1.88777271751339E-12	1.39102464104338E-10	59.9690116175092	1E10	1E-30	1E-10	1E10	1E-30	1E-10	1E10	1E-30	1E-10	1E10	1E-30	1E-10	1E10	1E-30	1E-10	1E10	1E-30	1E-10	1E10	1E-30	1E-10	1E10	1E-30	1E-10	1E10	1E-30	1E-10	1E10	1E-30	1E-10	1E10	1E-30	1E-10	1E10	1E-30	1E-10	1E10	1E-30	1E-10	1E10	1E-30	1E-10	1	-0.1	0.1
465	4E-12	1E10	1E10	1E-30	1.77665137291681E-10	1E10	1E-30	1E10	0.23	1.88777271751339E-12	1.39102464104338E-10	59.9690116175092	1E10	1E-30	1E-10	1E10	1E-30	1E-10	1E10	1E-30	1E-10	1E10	1E-30	1E-10	1E10	1E-30	1E-10	1E10	1E-30	1E-10	1E10	1E-30	1E-10	1E10	1E-30	1E-10	1E10	1E-30	1E-10	1E10	1E-30	1E-10	1E10	1E-30	1E-10	1E10	1E-30	1E-10	1E10	1E-30	1E-10	1E10	1E-30	1E-10	1	-0.25	0.25
466	4E-12	1E10	1E10	1E-30	1.77665137291681E-10	1E10	1E-30	1E10	0.23	1.88777271751339E-12	1.39102464104338E-10	59.9690116175092	1E10	1E-30	1E-10	1E10	1E-30	1E-10	1E10	1E-30	1E-10	1E10	1E-30	1E-10	1E10	1E-30	1E-10	1E10	1E-30	1E-10	1E10	1E-30	1E-10	1E10	1E-30	1E-10	1E10	1E-30	1E-10	1E10	1E-30	1E-10	1E10	1E-30	1E-10	1E10	1E-30	1E-10	1E10	1E-30	1E-10	1E10	1E-30	1E-10	1	-0.05	0.05
467	4E-12	1E10	1E10	1E-30	1.77665137291681E-10	1E10	1E-30	1E10	0.23	1.88777271751339E-12	1.39102464104338E-10	59.9690116175092	1E10	1E-30	1E-10	1E10	1E-30	1E-10	1E10	1E-30	1E-10	1E10	1E-30	1E-10	1E10	1E-30	1E-10	1E10	1E-30	1E-10	1E10	1E-30	1E-10	1E10	1E-30	1E-10	1E10	1E-30	1E-10	1E10	1E-30	1E-10	1E10	1E-30	1E-10	1E10	1E-30	1E-10	1E10	1E-30	1E-10	1E10	1E-30	1E-10	1	-0.1	0.1
468	4E-12	1E10	1E10	1E-30	1.77665137291681E-10	1E10	1E-30	1E10	0.23	1.88777271751339E-12	1.39102464104338E-10	59.9690116175092	1E10	1E-30	1E-10	1E10	1E-30	1E-10	1E10	1E-30	1E-10	1E10	1E-30	1E-10	1E10	1E-30	1E-10	1E10	1E-30	1E-10	1E10	1E-30	1E-10	1E10	1E-30	1E-10	1E10	1E-30	1E-10	1E10	1E-30	1E-10	1E10	1E-30	1E-10	1E10	1E-30	1E-10	1E10	1E-30	1E-10	1E10	1E-30	1E-10	1	-0.25	0.25
469	4.1E-12	1E10	1E10	1E-30	2.5252606921059E-10	1E10	1E-30	1E10	0.224999999999999	1E-30	2.44705416993893E-11	0.453481075408249	2.42988918972688E-11	1.45808727235853E-11	5.69986207991727	3.87711362216402E-12	5.90840557914879E-11	1E5	1E10	1E-30	1E-10	1E10	1E-30	1E-10	1E10	1E-30	1E-10	1E10	1E-30	1E-10	1E10	1E-30	1E-10	1E10	1E-30	1E-10	1E10	1E-30	1E-10	1E10	1E-30	1E-10	1E10	1E-30	1E-10	1E10	1E-30	1E-10	1E10	1E-30	1E-10	1E10	1E-30	1E-10	1	-0.05	0.05
470	4.1E-12	1E10	1E10	1E-30	2.5252606921059E-10	1E10	1E-30	1E10	0.224999999999999	1E-30	2.44705416993893E-11	0.453481075408249	2.42988918972688E-11	1.45808727235853E-11	5.69986207991727	3.87711362216402E-12	5.90840557914879E-11	1E5	1E10	1E-30	1E-10	1E10	1E-30	1E-10	1E10	1E-30	1E-10	1E10	1E-30	1E-10	1E10	1E-30	1E-10	1E10	1E-30	1E-10	1E10	1E-30	1E-10	1E10	1E-30	1E-10	1E10	1E-30	1E-10	1E10	1E-30	1E-10	1E10	1E-30	1E-10	1E10	1E-30	1E-10	1	-0.1	0.1
471	4.1E-12	1E10	1E10	1E-30	2.5252606921059E-10	1E10	1E-30	1E10	0.224999999999999	1E-30	2.44705416993893E-11	0.453481075408249	2.42988918972688E-11	1.45808727235853E-11	5.69986207991727	3.87711362216402E-12	5.90840557914879E-11	1E5	1E10	1E-30	1E-10	1E10	1E-30	1E-10	1E10	1E-30	1E-10	1E10	1E-30	1E-10	1E10	1E-30	1E-10	1E10	1E-30	1E-10	1E10	1E-30	1E-10	1E10	1E-30	1E-10	1E10	1E-30	1E-10	1E10	1E-30	1E-10	1E10	1E-30	1E-10	1E10	1E-30	1E-10	1	-0.25	0.25
472	4.1E-12	1E10	1E10	1E-30	2.5252606921059E-10	1E10	1E-30	1E10	0.224999999999999	1E-30	2.44705416993893E-11	0.453481075408249	2.42988918972688E-11	1.45808727235853E-11	5.69986207991727	3.87711362216402E-12	5.90840557914879E-11	1E5	1E10	1E-30	1E-10	1E10	1E-30	1E-10	1E10	1E-30	1E-10	1E10	1E-30	1E-10	1E10	1E-30	1E-10	1E10	1E-30	1E-10	1E10	1E-30	1E-10	1E10	1E-30	1E-10	1E10	1E-30	1E-10	1E10	1E-30	1E-10	1E10	1E-30	1E-10	1E10	1E-30	1E-10	1	-0.05	0.05
473	4.1E-12	1E10	1E10	1E-30	2.5252606921059E-10	1E10	1E-30	1E10	0.224999999999999	1E-30	2.44705416993893E-11	0.453481075408249	2.42988918972688E-11	1.45808727235853E-11	5.69986207991727	3.87711362216402E-12	5.90840557914879E-11	1E5	1E10	1E-30	1E-10	1E10	1E-30	1E-10	1E10	1E-30	1E-10	1E10	1E-30	1E-10	1E10	1E-30	1E-10	1E10	1E-30	1E-10	1E10	1E-30	1E-10	1E10	1E-30	1E-10	1E10	1E-30	1E-10	1E10	1E-30	1E-10	1E10	1E-30	1E-10	1E10	1E-30	1E-10	1	-0.1	0.1
474	4.1E-12	1E10	1E10	1E-30	2.5252606921059E-10	1E10	1E-30	1E10	0.224999999999999	1E-30	2.44705416993893E-11	0.453481075408249	2.42988918972688E-11	1.45808727235853E-11	5.69986207991727	3.87711362216402E-12	5.90840557914879E-11	1E5	1E10	1E-30	1E-10	1E10	1E-30	1E-10	1E10	1E-30	1E-10	1E10	1E-30	1E-10	1E10	1E-30	1E-10	1E10	1E-30	1E-10	1E10	1E-30	1E-10	1E10	1E-30	1E-10	1E10	1E-30	1E-10	1E10	1E-30	1E-10	1E10	1E-30	1E-10	1E10	1E-30	1E-10	1	-0.25	0.25
475	4.1E-12	1E10	1E10	1E-30	2.5252606921059E-10	1E10	1E-30	1E10	0.224999999999999	1E-30	2.44705416993893E-11	0.453481075408249	2.42988918972688E-11	1.45808727235853E-11	5.69986207991727	3.87711362216402E-12	5.90840557914879E-11	1E5	1E10	1E-30	1E-10	1E10	1E-30	1E-10	1E10	1E-30	1E-10	1E10	1E-30	1E-10	1E10	1E-30	1E-10	1E10	1E-30	1E-10	1E10	1E-30	1E-10	1E10	1E-30	1E-10	1E10	1E-30	1E-10	1E10	1E-30	1E-10	1E10	1E-30	1E-10	1E10	1E-30	1E-10	1	-0.05	0.05
476	4.1E-12	1E10	1E10	1E-30	2.5252606921059E-10	1E10	1E-30	1E10	0.224999999999999	1E-30	2.44705416993893E-11	0.453481075408249	2.42988918972688E-11	1.45808727235853E-11	5.69986207991727	3.87711362216402E-12	5.90840557914879E-11	1E5	1E10	1E-30	1E-10	1E10	1E-30	1E-10	1E10	1E-30	1E-10	1E10	1E-30	1E-10	1E10	1E-30	1E-10	1E10	1E-30	1E-10	1E10	1E-30	1E-10	1E10	1E-30	1E-10	1E10	1E-30	1E-10	1E10	1E-30	1E-10	1E10	1E-30	1E-10	1E10	1E-30	1E-10	1	-0.1	0.1
477	4.1E-12	1E10	1E10	1E-30	2.5252606921059E-10	1E10	1E-30	1E10	0.224999999999999	1E-30	2.44705416993893E-11	0.453481075408249	2.42988918972688E-11	1.45808727235853E-11	5.69986207991727	3.87711362216402E-12	5.90840557914879E-11	1E5	1E10	1E-30	1E-10	1E10	1E-30	1E-10	1E10	1E-30	1E-10	1E10	1E-30	1E-10	1E10	1E-30	1E-10	1E10	1E-30	1E-10	1E10	1E-30	1E-10	1E10	1E-30	1E-10	1E10	1E-30	1E-10	1E10	1E-30	1E-10	1E10	1E-30	1E-10	1E10	1E-30	1E-10	1	-0.25	0.25
478	4.1E-12	1E10	1E10	1E-30	2.5252606921059E-10	1E10	1E-30	1E10	0.224999999999999	1E-30	2.44705416993893E-11	0.453481075408249	2.42988918972688E-11	1.45808727235853E-11	5.69986207991727	3.87711362216402E-12	5.90840557914879E-11	1E5	1E10	1E-30	1E-10	1E10	1E-30	1E-10	1E10	1E-30	1E-10	1E10	1E-30	1E-10	1E10	1E-30	1E-10	1E10	1E-30	1E-10	1E10	1E-30	1E-10	1E10	1E-30	1E-10	1E10	1E-30	1E-10	1E10	1E-30	1E-10	1E10	1E-30	1E-10	1E10	1E-30	1E-10	1	-0.05	0.05
479	4.1E-12	1E10	1E10	1E-30	2.5252606921059E-10	1E10	1E-30	1E10	0.224999999999999	1E-30	2.44705416993893E-11	0.453481075408249	2.42988918972688E-11	1.45808727235853E-11	5.69986207991727	3.87711362216402E-12	5.90840557914879E-11	1E5	1E10	1E-30	1E-10	1E10	1E-30	1E-10	1E10	1E-30	1E-10	1E10	1E-30	1E-10	1E10	1E-30	1E-10	1E10	1E-30	1E-10	1E10	1E-30	1E-10	1E10	1E-30	1E-10	1E10	1E-30	1E-10	1E10	1E-30	1E-10	1E10	1E-30	1E-10	1E10	1E-30	1E-10	1	-0.1	0.1
480	4.1E-12	1E10	1E10	1E-30	2.5252606921059E-10	1E10	1E-30	1E10	0.224999999999999	1E-30	2.44705416993893E-11	0.453481075408249	2.42988918972688E-11	1.45808727235853E-11	5.69986207991727	3.87711362216402E-12	5.90840557914879E-11	1E5	1E10	1E-30	1E-10	1E10	1E-30	1E-10	1E10	1E-30	1E-10	1E10	1E-30	1E-10	1E10	1E-30	1E-10	1E10	1E-30	1E-10	1E10	1E-30	1E-10	1E10	1E-30	1E-10	1E10	1E-30	1E-10	1E10	1E-30	1E-10	1E10	1E-30	1E-10	1E10	1E-30	1E-10	1	-0.25	0.25
481	4.2E-12	1E10	1E10	1E-30	2.5252606921059E-10	1E10	1E-30	1E10	0.224999999999999	1E-30	2.44705416993893E-11	0.453481075408249	2.42988918972688E-11	1.45808727235853E-11	5.69986207991727	3.87711362216402E-12	5.90840557914879E-11	1E5	1E10	1E-30	1E-10	1E10	1E-30	1E-10	1E10	1E-30	1E-10	1E10	1E-30	1E-10	1E10	1E-30	1E-10	1E10	1E-30	1E-10	1E10	1E-30	1E-10	1E10	1E-30	1E-10	1E10	1E-30	1E-10	1E10	1E-30	1E-10	1E10	1E-30	1E-10	1E10	1E-30	1E-10	1	-0.05	0.05
482	4.2E-12	1E10	1E10	1E-30	2.5252606921059E-10	1E10	1E-30	1E10	0.224999999999999	1E-30	2.44705416993893E-11	0.453481075408249	2.42988918972688E-11	1.45808727235853E-11	5.69986207991727	3.87711362216402E-12	5.90840557914879E-11	1E5	1E10	1E-30	1E-10	1E10	1E-30	1E-10	1E10	1E-30	1E-10	1E10	1E-30	1E-10	1E10	1E-30	1E-10	1E10	1E-30	1E-10	1E10	1E-30	1E-10	1E10	1E-30	1E-10	1E10	1E-30	1E-10	1E10	1E-30	1E-10	1E10	1E-30	1E-10	1E10	1E-30	1E-10	1	-0.1	0.1
483	4.2E-12	1E10	1E10	1E-30	2.5252606921059E-10	1E10	1E-30	1E10	0.224999999999999	1E-30	2.44705416993893E-11	0.453481075408249	2.42988918972688E-11	1.45808727235853E-11	5.69986207991727	3.87711362216402E-12	5.90840557914879E-11	1E5	1E10	1E-30	1E-10	1E10	1E-30	1E-10	1E10	1E-30	1E-10	1E10	1E-30	1E-10	1E10	1E-30	1E-10	1E10	1E-30	1E-10	1E10	1E-30	1E-10	1E10	1E-30	1E-10	1E10	1E-30	1E-10	1E10	1E-30	1E-10	1E10	1E-30	1E-10	1E10	1E-30	1E-10	1	-0.25	0.25
484	4.2E-12	1E10	1E10	1E-30	2.5252606921059E-10	1E10	1E-30	1E10	0.224999999999999	1E-30	2.44705416993893E-11	0.453481075408249	2.42988918972688E-11	1.45808727235853E-11	5.69986207991727	3.87711362216402E-12	5.90840557914879E-11	1E5	1E10	1E-30	1E-10	1E10	1E-30	1E-10	1E10	1E-30	1E-10	1E10	1E-30	1E-10	1E10	1E-30	1E-10	1E10	1E-30	1E-10	1E10	1E-30	1E-10	1E10	1E-30	1E-10	1E10	1E-30	1E-10	1E10	1E-30	1E-10	1E10	1E-30	1E-10	1E10	1E-30	1E-10	1	-0.05	0.05
485	4.2E-12	1E10	1E10	1E-30	2.5252606921059E-10	1E10	1E-30	1E10	0.224999999999999	1E-30	2.44705416993893E-11	0.453481075408249	2.42988918972688E-11	1.45808727235853E-11	5.69986207991727	3.87711362216402E-12	5.90840557914879E-11	1E5	1E10	1E-30	1E-10	1E10	1E-30	1E-10	1E10	1E-30	1E-10	1E10	1E-30	1E-10	1E10	1E-30	1E-10	1E10	1E-30	1E-10	1E10	1E-30	1E-10	1E10	1E-30	1E-10	1E10	1E-30	1E-10	1E10	1E-30	1E-10	1E10	1E-30	1E-10	1E10	1E-30	1E-10	1	-0.1	0.1
486	4.2E-12	1E10	1E10	1E-30	2.5252606921059E-10	1E10	1E-30	1E10	0.224999999999999	1E-30	2.44705416993893E-11	0.453481075408249	2.42988918972688E-11	1.45808727235853E-11	5.69986207991727	3.87711362216402E-12	5.90840557914879E-11	1E5	1E10	1E-30	1E-10	1E10	1E-30	1E-10	1E10	1E-30	1E-10	1E10	1E-30	1E-10	1E10	1E-30	1E-10	1E10	1E-30	1E-10	1E10	1E-30	1E-10	1E10	1E-30	1E-10	1E10	1E-30	1E-10	1E10	1E-30	1E-10	1E10	1E-30	1E-10	1E10	1E-30	1E-10	1	-0.25	0.25
487	4.2E-12	1E10	1E10	1E-30	2.5252606921059E-10	1E10	1E-30	1E10	0.224999999999999	1E-30	2.44705416993893E-11	0.453481075408249	2.42988918972688E-11	1.45808727235853E-11	5.69986207991727	3.87711362216402E-12	5.90840557914879E-11	1E5	1E10	1E-30	1E-10	1E10	1E-30	1E-10	1E10	1E-30	1E-10	1E10	1E-30	1E-10	1E10	1E-30	1E-10	1E10	1E-30	1E-10	1E10	1E-30	1E-10	1E10	1E-30	1E-10	1E10	1E-30	1E-10	1E10	1E-30	1E-10	1E10	1E-30	1E-10	1E10	1E-30	1E-10	1	-0.05	0.05
488	4.2E-12	1E10	1E10	1E-30	2.5252606921059E-10	1E10	1E-30	1E10	0.224999999999999	1E-30	2.44705416993893E-11	0.453481075408249	2.42988918972688E-11	1.45808727235853E-11	5.69986207991727	3.87711362216402E-12	5.90840557914879E-11	1E5	1E10	1E-30	1E-10	1E10	1E-30	1E-10	1E10	1E-30	1E-10	1E10	1E-30	1E-10	1E10	1E-30	1E-10	1E10	1E-30	1E-10	1E10	1E-30	1E-10	1E10	1E-30	1E-10	1E10	1E-30	1E-10	1E10	1E-30	1E-10	1E10	1E-30	1E-10	1E10	1E-30	1E-10	1	-0.1	0.1
489	4.2E-12	1E10	1E10	1E-30	2.5252606921059E-10	1E10	1E-30	1E10	0.224999999999999	1E-30	2.44705416993893E-11	0.453481075408249	2.42988918972688E-11	1.45808727235853E-11	5.69986207991727	3.87711362216402E-12	5.90840557914879E-11	1E5	1E10	1E-30	1E-10	1E10	1E-30	1E-10	1E10	1E-30	1E-10	1E10	1E-30	1E-10	1E10	1E-30	1E-10	1E10	1E-30	1E-10	1E10	1E-30	1E-10	1E10	1E-30	1E-10	1E10	1E-30	1E-10	1E10	1E-30	1E-10	1E10	1E-30	1E-10	1E10	1E-30	1E-10	1	-0.25	0.25
490	4.2E-12	1E10	1E10	1E-30	2.5252606921059E-10	1E10	1E-30	1E10	0.224999999999999	1E-30	2.44705416993893E-11	0.453481075408249	2.42988918972688E-11	1.45808727235853E-11	5.69986207991727	3.87711362216402E-12	5.90840557914879E-11	1E5	1E10	1E-30	1E-10	1E10	1E-30	1E-10	1E10	1E-30	1E-10	1E10	1E-30	1E-10	1E10	1E-30	1E-10	1E10	1E-30	1E-10	1E10	1E-30	1E-10	1E10	1E-30	1E-10	1E10	1E-30	1E-10	1E10	1E-30	1E-10	1E10	1E-30	1E-10	1E10	1E-30	1E-10	1	-0.05	0.05
491	4.2E-12	1E10	1E10	1E-30	2.5252606921059E-10	1E10	1E-30	1E10	0.224999999999999	1E-30	2.44705416993893E-11	0.453481075408249	2.42988918972688E-11	1.45808727235853E-11	5.69986207991727	3.87711362216402E-12	5.90840557914879E-11	1E5	1E10	1E-30	1E-10	1E10	1E-30	1E-10	1E10	1E-30	1E-10	1E10	1E-30	1E-10	1E10	1E-30	1E-10	1E10	1E-30	1E-10	1E10	1E-30	1E-10	1E10	1E-30	1E-10	1E10	1E-30	1E-10	1E10	1E-30	1E-10	1E10	1E-30	1E-10	1E10	1E-30	1E-10	1	-0.1	0.1
492	4.2E-12	1E10	1E10	1E-30	2.5252606921059E-10	1E10	1E-30	1E10	0.224999999999999	1E-30	2.44705416993893E-11	0.453481075408249	2.42988918972688E-11	1.45808727235853E-11	5.69986207991727	3.87711362216402E-12	5.90840557914879E-11	1E5	1E10	1E-30	1E-10	1E10	1E-30	1E-10	1E10	1E-30	1E-10	1E10	1E-30	1E-10	1E10	1E-30	1E-10	1E10	1E-30	1E-10	1E10	1E-30	1E-10	1E10	1E-30	1E-10	1E10	1E-30	1E-10	1E10	1E-30	1E-10	1E10	1E-30	1E-10	1E10	1E-30	1E-10	1	-0.25	0.25
493	4.3E-12	1E10	1E10	1E-30	2.5252606921059E-10	1E10	1E-30	1E10	0.224999999999999	1E-30	2.44705416993893E-11	0.453481075408249	2.42988918972688E-11	1.45808727235853E-11	5.69986207991727	3.87711362216402E-12	5.90840557914879E-11	1E5	1E10	1E-30	1E-10	1E10	1E-30	1E-10	1E10	1E-30	1E-10	1E10	1E-30	1E-10	1E10	1E-30	1E-10	1E10	1E-30	1E-10	1E10	1E-30	1E-10	1E10	1E-30	1E-10	1E10	1E-30	1E-10	1E10	1E-30	1E-10	1E10	1E-30	1E-10	1E10	1E-30	1E-10	1	-0.25	0.25
494	4.3E-12	1E10	1E10	1E-30	2.5252606921059E-10	1E10	1E-30	1E10	0.224999999999999	1E-30	2.44705416993893E-11	0.453481075408249	2.42988918972688E-11	1.45808727235853E-11	5.69986207991727	3.87711362216402E-12	5.90840557914879E-11	1E5	1E10	1E-30	1E-10	1E10	1E-30	1E-10	1E10	1E-30	1E-10	1E10	1E-30	1E-10	1E10	1E-30	1E-10	1E10	1E-30	1E-10	1E10	1E-30	1E-10	1E10	1E-30	1E-10	1E10	1E-30	1E-10	1E10	1E-30	1E-10	1E10	1E-30	1E-10	1E10	1E-30	1E-10	1	-0.05	0.05
495	4.3E-12	1E10	1E10	1E-30	2.5252606921059E-10	1E10	1E-30	1E10	0.224999999999999	1E-30	2.44705416993893E-11	0.453481075408249	2.42988918972688E-11	1.45808727235853E-11	5.69986207991727	3.87711362216402E-12	5.90840557914879E-11	1E5	1E10	1E-30	1E-10	1E10	1E-30	1E-10	1E10	1E-30	1E-10	1E10	1E-30	1E-10	1E10	1E-30	1E-10	1E10	1E-30	1E-10	1E10	1E-30	1E-10	1E10	1E-30	1E-10	1E10	1E-30	1E-10	1E10	1E-30	1E-10	1E10	1E-30	1E-10	1E10	1E-30	1E-10	1	-0.1	0.1
496	4.3E-12	1E10	1E10	1E-30	2.5252606921059E-10	1E10	1E-30	1E10	0.224999999999999	1E-30	2.44705416993893E-11	0.453481075408249	2.42988918972688E-11	1.45808727235853E-11	5.69986207991727	3.87711362216402E-12	5.90840557914879E-11	1E5	1E10	1E-30	1E-10	1E10	1E-30	1E-10	1E10	1E-30	1E-10	1E10	1E-30	1E-10	1E10	1E-30	1E-10	1E10	1E-30	1E-10	1E10	1E-30	1E-10	1E10	1E-30	1E-10	1E10	1E-30	1E-10	1E10	1E-30	1E-10	1E10	1E-30	1E-10	1E10	1E-30	1E-10	1	-0.25	0.25
497	4.3E-12	1E10	1E10	1E-30	2.5252606921059E-10	1E10	1E-30	1E10	0.224999999999999	1E-30	2.44705416993893E-11	0.453481075408249	2.42988918972688E-11	1.45808727235853E-11	5.69986207991727	3.87711362216402E-12	5.90840557914879E-11	1E5	1E10	1E-30	1E-10	1E10	1E-30	1E-10	1E10	1E-30	1E-10	1E10	1E-30	1E-10	1E10	1E-30	1E-10	1E10	1E-30	1E-10	1E10	1E-30	1E-10	1E10	1E-30	1E-10	1E10	1E-30	1E-10	1E10	1E-30	1E-10	1E10	1E-30	1E-10	1E10	1E-30	1E-10	1	-0.05	0.05
498	4.3E-12	1E10	1E10	1E-30	2.5252606921059E-10	1E10	1E-30	1E10	0.224999999999999	1E-30	2.44705416993893E-11	0.453481075408249	2.42988918972688E-11	1.45808727235853E-11	5.69986207991727	3.87711362216402E-12	5.90840557914879E-11	1E5	1E10	1E-30	1E-10	1E10	1E-30	1E-10	1E10	1E-30	1E-10	1E10	1E-30	1E-10	1E10	1E-30	1E-10	1E10	1E-30	1E-10	1E10	1E-30	1E-10	1E10	1E-30	1E-10	1E10	1E-30	1E-10	1E10	1E-30	1E-10	1E10	1E-30	1E-10	1E10	1E-30	1E-10	1	-0.1	0.1
499	4.3E-12	1E10	1E10	1E-30	2.5252606921059E-10	1E10	1E-30	1E10	0.224999999999999	1E-30	2.44705416993893E-11	0.453481075408249	2.42988918972688E-11	1.45808727235853E-11	5.69986207991727	3.87711362216402E-12	5.90840557914879E-11	1E5	1E10	1E-30	1E-10	1E10	1E-30	1E-10	1E10	1E-30	1E-10	1E10	1E-30	1E-10	1E10	1E-30	1E-10	1E10	1E-30	1E-10	1E10	1E-30	1E-10	1E10	1E-30	1E-10	1E10	1E-30	1E-10	1E10	1E-30	1E-10	1E10	1E-30	1E-10	1E10	1E-30	1E-10	1	-0.25	0.25
500	4.3E-12	1E10	1E10	1E-30	2.5252606921059E-10	1E10	1E-30	1E10	0.224999999999999	1E-30	2.44705416993893E-11	0.453481075408249	2.42988918972688E-11	1.45808727235853E-11	5.69986207991727	3.87711362216402E-12	5.90840557914879E-11	1E5	1E10	1E-30	1E-10	1E10	1E-30	1E-10	1E10	1E-30	1E-10	1E10	1E-30	1E-10	1E10	1E-30	1E-10	1E10	1E-30	1E-10	1E10	1E-30	1E-10	1E10	1E-30	1E-10	1E10	1E-30	1E-10	1E10	1E-30	1E-10	1E10	1E-30	1E-10	1E10	1E-30	1E-10	1	-0.25	0.25
501	4.3E-12	1E10	1E10	1E-30	2.5252606921059E-10	1E10	1E-30	1E10	0.224999999999999	1E-30	2.44705416993893E-11	0.453481075408249	2.42988918972688E-11	1.45808727235853E-11	5.69986207991727	3.87711362216402E-12	5.90840557914879E-11	1E5	1E10	1E-30	1E-10	1E10	1E-30	1E-10	1E10	1E-30	1E-10	1E10	1E-30	1E-10	1E10	1E-30	1E-10	1E10	1E-30	1E-10	1E10	1E-30	1E-10	1E10	1E-30	1E-10	1E10	1E-30	1E-10	1E10	1E-30	1E-10	1E10	1E-30	1E-10	1E10	1E-30	1E-10	1	-0.05	0.05
502	4.3E-12	1E10	1E10	1E-30	2.5252606921059E-10	1E10	1E-30	1E10	0.224999999999999	1E-30	2.44705416993893E-11	0.453481075408249	2.42988918972688E-11	1.45808727235853E-11	5.69986207991727	3.87711362216402E-12	5.90840557914879E-11	1E5	1E10	1E-30	1E-10	1E10	1E-30	1E-10	1E10	1E-30	1E-10	1E10	1E-30	1E-10	1E10	1E-30	1E-10	1E10	1E-30	1E-10	1E10	1E-30	1E-10	1E10	1E-30	1E-10	1E10	1E-30	1E-10	1E10	1E-30	1E-10	1E10	1E-30	1E-10	1E10	1E-30	1E-10	1	-0.1	0.1
503	4.3E-12	1E10	1E10	1E-30	2.5252606921059E-10	1E10	1E-30	1E10	0.224999999999999	1E-30	2.44705416993893E-11	0.453481075408249	2.42988918972688E-11	1.45808727235853E-11	5.69986207991727	3.87711362216402E-12	5.90840557914879E-11	1E5	1E10	1E-30	1E-10	1E10	1E-30	1E-10	1E10	1E-30	1E-10	1E10	1E-30	1E-10	1E10	1E-30	1E-10	1E10	1E-30	1E-10	1E10	1E-30	1E-10	1E10	1E-30	1E-10	1E10	1E-30	1E-10	1E10	1E-30	1E-10	1E10	1E-30	1E-10	1E10	1E-30	1E-10	1	-0.25	0.25
504	4.3E-12	1E10	1E10	1E-30	2.5252606921059E-10	1E10	1E-30	1E10	0.224999999999999	1E-30	2.44705416993893E-11	0.453481075408249	2.42988918972688E-11	1.45808727235853E-11	5.69986207991727	3.87711362216402E-12	5.90840557914879E-11	1E5	1E10	1E-30	1E-10	1E10	1E-30	1E-10	1E10	1E-30	1E-10	1E10	1E-30	1E-10	1E10	1E-30	1E-10	1E10	1E-30	1E-10	1E10	1E-30	1E-10	1E10	1E-30	1E-10	1E10	1E-30	1E-10	1E10	1E-30	1E-10	1E10	1E-30	1E-10	1E10	1E-30	1E-10	1	-0.05	0.05
505	4.3E-12	1E10	1E10	1E-30	2.5252606921059E-10	1E10	1E-30	1E10	0.224999999999999	1E-30	2.44705416993893E-11	0.453481075408249	2.42988918972688E-11	1.45808727235853E-11	5.69986207991727	3.87711362216402E-12	5.90840557914879E-11	1E5	1E10	1E-30	1E-10	1E10	1E-30	1E-10	1E10	1E-30	1E-10	1E10	1E-30	1E-10	1E10	1E-30	1E-10	1E10	1E-30	1E-10	1E10	1E-30	1E-10	1E10	1E-30	1E-10	1E10	1E-30	1E-10	1E10	1E-30	1E-10	1E10	1E-30	1E-10	1E10	1E-30	1E-10	1	-0.1	0.1
506	4.3E-12	1E10	1E10	1E-30	2.5252606921059E-10	1E10	1E-30	1E10	0.224999999999999	1E-30	2.44705416993893E-11	0.453481075408249	2.42988918972688E-11	1.45808727235853E-11	5.69986207991727	3.87711362216402E-12	5.90840557914879E-11	1E5	1E10	1E-30	1E-10	1E10	1E-30	1E-10	1E10	1E-30	1E-10	1E10	1E-30	1E-10	1E10	1E-30	1E-10	1E10	1E-30	1E-10	1E10	1E-30	1E-10	1E10	1E-30	1E-10	1E10	1E-30	1E-10	1E10	1E-30	1E-10	1E10	1E-30	1E-10	1E10	1E-30	1E-10	1	-0.25	0.25
507	4.4E-12	1E10	1E10	1E-30	1.47560252289216E-10	1E10	1E-30	1E10	0.22	1.44776893210285E-12	1.72373029811152E-10	76.8310688597012	1E10	1E-30	1E-10	1E10	1E-30	1E-10	1E10	1E-30	1E-10	1E10	1E-30	1E-10	1E10	1E-30	1E-10	1E10	1E-30	1E-10	1E10	1E-30	1E-10	1E10	1E-30	1E-10	1E10	1E-30	1E-10	1E10	1E-30	1E-10	1E10	1E-30	1E-10	1E10	1E-30	1E-10	1E10	1E-30	1E-10	1E10	1E-30	1E-10	1	-0.05	0.05
508	4.4E-12	1E10	1E10	1E-30	1.47560252289216E-10	1E10	1E-30	1E10	0.22	1.44776893210285E-12	1.72373029811152E-10	76.8310688597012	1E10	1E-30	1E-10	1E10	1E-30	1E-10	1E10	1E-30	1E-10	1E10	1E-30	1E-10	1E10	1E-30	1E-10	1E10	1E-30	1E-10	1E10	1E-30	1E-10	1E10	1E-30	1E-10	1E10	1E-30	1E-10	1E10	1E-30	1E-10	1E10	1E-30	1E-10	1E10	1E-30	1E-10	1E10	1E-30	1E-10	1E10	1E-30	1E-10	1	-0.1	0.1
509	4.4E-12	1E10	1E10	1E-30	1.47560252289216E-10	1E10	1E-30	1E10	0.22	1.44776893210285E-12	1.72373029811152E-10	76.8310688597012	1E10	1E-30	1E-10	1E10	1E-30	1E-10	1E10	1E-30	1E-10	1E10	1E-30	1E-10	1E10	1E-30	1E-10	1E10	1E-30	1E-10	1E10	1E-30	1E-10	1E10	1E-30	1E-10	1E10	1E-30	1E-10	1E10	1E-30	1E-10	1E10	1E-30	1E-10	1E10	1E-30	1E-10	1E10	1E-30	1E-10	1E10	1E-30	1E-10	1	-0.25	0.25
510	4.4E-12	1E10	1E10	1E-30	1.47560252289216E-10	1E10	1E-30	1E10	0.22	1.44776893210285E-12	1.72373029811152E-10	76.8310688597012	1E10	1E-30	1E-10	1E10	1E-30	1E-10	1E10	1E-30	1E-10	1E10	1E-30	1E-10	1E10	1E-30	1E-10	1E10	1E-30	1E-10	1E10	1E-30	1E-10	1E10	1E-30	1E-10	1E10	1E-30	1E-10	1E10	1E-30	1E-10	1E10	1E-30	1E-10	1E10	1E-30	1E-10	1E10	1E-30	1E-10	1E10	1E-30	1E-10	1	-0.05	0.05
511	4.4E-12	1E10	1E10	1E-30	1.47560252289216E-10	1E10	1E-30	1E10	0.22	1.44776893210285E-12	1.72373029811152E-10	76.8310688597012	1E10	1E-30	1E-10	1E10	1E-30	1E-10	1E10	1E-30	1E-10	1E10	1E-30	1E-10	1E10	1E-30	1E-10	1E10	1E-30	1E-10	1E10	1E-30	1E-10	1E10	1E-30	1E-10	1E10	1E-30	1E-10	1E10	1E-30	1E-10	1E10	1E-30	1E-10	1E10	1E-30	1E-10	1E10	1E-30	1E-10	1E10	1E-30	1E-10	1	-0.1	0.1
512	4.4E-12	1E10	1E10	1E-30	1.47560252289216E-10	1E10	1E-30	1E10	0.22	1.44776893210285E-12	1.72373029811152E-10	76.8310688597012	1E10	1E-30	1E-10	1E10	1E-30	1E-10	1E10	1E-30	1E-10	1E10	1E-30	1E-10	1E10	1E-30	1E-10	1E10	1E-30	1E-10	1E10	1E-30	1E-10	1E10	1E-30	1E-10	1E10	1E-30	1E-10	1E10	1E-30	1E-10	1E10	1E-30	1E-10	1E10	1E-30	1E-10	1E10	1E-30	1E-10	1E10	1E-30	1E-10	1	-0.25	0.25
513	4.4E-12	1E10	1E10	1E-30	1.47560252289216E-10	1E10	1E-30	1E10	0.22	1.44776893210285E-12	1.72373029811152E-10	76.8310688597012	1E10	1E-30	1E-10	1E10	1E-30	1E-10	1E10	1E-30	1E-10	1E10	1E-30	1E-10	1E10	1E-30	1E-10	1E10	1E-30	1E-10	1E10	1E-30	1E-10	1E10	1E-30	1E-10	1E10	1E-30	1E-10	1E10	1E-30	1E-10	1E10	1E-30	1E-10	1E10	1E-30	1E-10	1E10	1E-30	1E-10	1E10	1E-30	1E-10	1	-0.05	0.05
514	4.4E-12	1E10	1E10	1E-30	1.47560252289216E-10	1E10	1E-30	1E10	0.22	1.44776893210285E-12	1.72373029811152E-10	76.8310688597012	1E10	1E-30	1E-10	1E10	1E-30	1E-10	1E10	1E-30	1E-10	1E10	1E-30	1E-10	1E10	1E-30	1E-10	1E10	1E-30	1E-10	1E10	1E-30	1E-10	1E10	1E-30	1E-10	1E10	1E-30	1E-10	1E10	1E-30	1E-10	1E10	1E-30	1E-10	1E10	1E-30	1E-10	1E10	1E-30	1E-10	1E10	1E-30	1E-10	1	-0.1	0.1
515	4.4E-12	1E10	1E10	1E-30	1.47560252289216E-10	1E10	1E-30	1E10	0.22	1.44776893210285E-12	1.72373029811152E-10	76.8310688597012	1E10	1E-30	1E-10	1E10	1E-30	1E-10	1E10	1E-30	1E-10	1E10	1E-30	1E-10	1E10	1E-30	1E-10	1E10	1E-30	1E-10	1E10	1E-30	1E-10	1E10	1E-30	1E-10	1E10	1E-30	1E-10	1E10	1E-30	1E-10	1E10	1E-30	1E-10	1E10	1E-30	1E-10	1E10	1E-30	1E-10	1E10	1E-30	1E-10	1	-0.25	0.25
516	4.4E-12	1E10	1E10	1E-30	1.47560252289216E-10	1E10	1E-30	1E10	0.22	1.44776893210285E-12	1.72373029811152E-10	76.8310688597012	1E10	1E-30	1E-10	1E10	1E-30	1E-10	1E10	1E-30	1E-10	1E10	1E-30	1E-10	1E10	1E-30	1E-10	1E10	1E-30	1E-10	1E10	1E-30	1E-10	1E10	1E-30	1E-10	1E10	1E-30	1E-10	1E10	1E-30	1E-10	1E10	1E-30	1E-10	1E10	1E-30	1E-10	1E10	1E-30	1E-10	1E10	1E-30	1E-10	1	-0.05	0.05
517	4.4E-12	1E10	1E10	1E-30	1.47560252289216E-10	1E10	1E-30	1E10	0.22	1.44776893210285E-12	1.72373029811152E-10	76.8310688597012	1E10	1E-30	1E-10	1E10	1E-30	1E-10	1E10	1E-30	1E-10	1E10	1E-30	1E-10	1E10	1E-30	1E-10	1E10	1E-30	1E-10	1E10	1E-30	1E-10	1E10	1E-30	1E-10	1E10	1E-30	1E-10	1E10	1E-30	1E-10	1E10	1E-30	1E-10	1E10	1E-30	1E-10	1E10	1E-30	1E-10	1E10	1E-30	1E-10	1	-0.1	0.1
518	4.4E-12	1E10	1E10	1E-30	1.47560252289216E-10	1E10	1E-30	1E10	0.22	1.44776893210285E-12	1.72373029811152E-10	76.8310688597012	1E10	1E-30	1E-10	1E10	1E-30	1E-10	1E10	1E-30	1E-10	1E10	1E-30	1E-10	1E10	1E-30	1E-10	1E10	1E-30	1E-10	1E10	1E-30	1E-10	1E10	1E-30	1E-10	1E10	1E-30	1E-10	1E10	1E-30	1E-10	1E10	1E-30	1E-10	1E10	1E-30	1E-10	1E10	1E-30	1E-10	1E10	1E-30	1E-10	1	-0.25	0.25
519	4.5E-12	1E10	1E10	1E-30	1.47560252289216E-10	1E10	1E-30	1E10	0.22	1.44776893210285E-12	1.72373029811152E-10	76.8310688597012	1E10	1E-30	1E-10	1E10	1E-30	1E-10	1E10	1E-30	1E-10	1E10	1E-30	1E-10	1E10	1E-30	1E-10	1E10	1E-30	1E-10	1E10	1E-30	1E-10	1E10	1E-30	1E-10	1E10	1E-30	1E-10	1E10	1E-30	1E-10	1E10	1E-30	1E-10	1E10	1E-30	1E-10	1E10	1E-30	1E-10	1E10	1E-30	1E-10	1	-0.05	0.05
520	4.5E-12	1E10	1E10	1E-30	1.47560252289216E-10	1E10	1E-30	1E10	0.22	1.44776893210285E-12	1.72373029811152E-10	76.8310688597012	1E10	1E-30	1E-10	1E10	1E-30	1E-10	1E10	1E-30	1E-10	1E10	1E-30	1E-10	1E10	1E-30	1E-10	1E10	1E-30	1E-10	1E10	1E-30	1E-10	1E10	1E-30	1E-10	1E10	1E-30	1E-10	1E10	1E-30	1E-10	1E10	1E-30	1E-10	1E10	1E-30	1E-10	1E10	1E-30	1E-10	1E10	1E-30	1E-10	1	-0.1	0.1
521	4.5E-12	1E10	1E10	1E-30	1.47560252289216E-10	1E10	1E-30	1E10	0.22	1.44776893210285E-12	1.72373029811152E-10	76.8310688597012	1E10	1E-30	1E-10	1E10	1E-30	1E-10	1E10	1E-30	1E-10	1E10	1E-30	1E-10	1E10	1E-30	1E-10	1E10	1E-30	1E-10	1E10	1E-30	1E-10	1E10	1E-30	1E-10	1E10	1E-30	1E-10	1E10	1E-30	1E-10	1E10	1E-30	1E-10	1E10	1E-30	1E-10	1E10	1E-30	1E-10	1E10	1E-30	1E-10	1	-0.25	0.25
522	4.5E-12	1E10	1E10	1E-30	1.47560252289216E-10	1E10	1E-30	1E10	0.22	1.44776893210285E-12	1.72373029811152E-10	76.8310688597012	1E10	1E-30	1E-10	1E10	1E-30	1E-10	1E10	1E-30	1E-10	1E10	1E-30	1E-10	1E10	1E-30	1E-10	1E10	1E-30	1E-10	1E10	1E-30	1E-10	1E10	1E-30	1E-10	1E10	1E-30	1E-10	1E10	1E-30	1E-10	1E10	1E-30	1E-10	1E10	1E-30	1E-10	1E10	1E-30	1E-10	1E10	1E-30	1E-10	1	-0.05	0.05
523	4.5E-12	1E10	1E10	1E-30	1.47560252289216E-10	1E10	1E-30	1E10	0.22	1.44776893210285E-12	1.72373029811152E-10	76.8310688597012	1E10	1E-30	1E-10	1E10	1E-30	1E-10	1E10	1E-30	1E-10	1E10	1E-30	1E-10	1E10	1E-30	1E-10	1E10	1E-30	1E-10	1E10	1E-30	1E-10	1E10	1E-30	1E-10	1E10	1E-30	1E-10	1E10	1E-30	1E-10	1E10	1E-30	1E-10	1E10	1E-30	1E-10	1E10	1E-30	1E-10	1E10	1E-30	1E-10	1	-0.1	0.1
524	4.5E-12	1E10	1E10	1E-30	1.47560252289216E-10	1E10	1E-30	1E10	0.22	1.44776893210285E-12	1.72373029811152E-10	76.8310688597012	1E10	1E-30	1E-10	1E10	1E-30	1E-10	1E10	1E-30	1E-10	1E10	1E-30	1E-10	1E10	1E-30	1E-10	1E10	1E-30	1E-10	1E10	1E-30	1E-10	1E10	1E-30	1E-10	1E10	1E-30	1E-10	1E10	1E-30	1E-10	1E10	1E-30	1E-10	1E10	1E-30	1E-10	1E10	1E-30	1E-10	1E10	1E-30	1E-10	1	-0.25	0.25
525	4.5E-12	1E10	1E10	1E-30	1.47560252289216E-10	1E10	1E-30	1E10	0.22	1.44776893210285E-12	1.72373029811152E-10	76.8310688597012	1E10	1E-30	1E-10	1E10	1E-30	1E-10	1E10	1E-30	1E-10	1E10	1E-30	1E-10	1E10	1E-30	1E-10	1E10	1E-30	1E-10	1E10	1E-30	1E-10	1E10	1E-30	1E-10	1E10	1E-30	1E-10	1E10	1E-30	1E-10	1E10	1E-30	1E-10	1E10	1E-30	1E-10	1E10	1E-30	1E-10	1E10	1E-30	1E-10	1	-0.05	0.05
526	4.5E-12	1E10	1E10	1E-30	1.47560252289216E-10	1E10	1E-30	1E10	0.22	1.44776893210285E-12	1.72373029811152E-10	76.8310688597012	1E10	1E-30	1E-10	1E10	1E-30	1E-10	1E10	1E-30	1E-10	1E10	1E-30	1E-10	1E10	1E-30	1E-10	1E10	1E-30	1E-10	1E10	1E-30	1E-10	1E10	1E-30	1E-10	1E10	1E-30	1E-10	1E10	1E-30	1E-10	1E10	1E-30	1E-10	1E10	1E-30	1E-10	1E10	1E-30	1E-10	1E10	1E-30	1E-10	1	-0.1	0.1
527	4.5E-12	1E10	1E10	1E-30	1.47560252289216E-10	1E10	1E-30	1E10	0.22	1.44776893210285E-12	1.72373029811152E-10	76.8310688597012	1E10	1E-30	1E-10	1E10	1E-30	1E-10	1E10	1E-30	1E-10	1E10	1E-30	1E-10	1E10	1E-30	1E-10	1E10	1E-30	1E-10	1E10	1E-30	1E-10	1E10	1E-30	1E-10	1E10	1E-30	1E-10	1E10	1E-30	1E-10	1E10	1E-30	1E-10	1E10	1E-30	1E-10	1E10	1E-30	1E-10	1E10	1E-30	1E-10	1	-0.25	0.25
528	4.5E-12	1E10	1E10	1E-30	1.47560252289216E-10	1E10	1E-30	1E10	0.22	1.44776893210285E-12	1.72373029811152E-10	76.8310688597012	1E10	1E-30	1E-10	1E10	1E-30	1E-10	1E10	1E-30	1E-10	1E10	1E-30	1E-10	1E10	1E-30	1E-10	1E10	1E-30	1E-10	1E10	1E-30	1E-10	1E10	1E-30	1E-10	1E10	1E-30	1E-10	1E10	1E-30	1E-10	1E10	1E-30	1E-10	1E10	1E-30	1E-10	1E10	1E-30	1E-10	1E10	1E-30	1E-10	1	-0.05	0.05
529	4.5E-12	1E10	1E10	1E-30	1.47560252289216E-10	1E10	1E-30	1E10	0.22	1.44776893210285E-12	1.72373029811152E-10	76.8310688597012	1E10	1E-30	1E-10	1E10	1E-30	1E-10	1E10	1E-30	1E-10	1E10	1E-30	1E-10	1E10	1E-30	1E-10	1E10	1E-30	1E-10	1E10	1E-30	1E-10	1E10	1E-30	1E-10	1E10	1E-30	1E-10	1E10	1E-30	1E-10	1E10	1E-30	1E-10	1E10	1E-30	1E-10	1E10	1E-30	1E-10	1E10	1E-30	1E-10	1	-0.1	0.1
530	4.5E-12	1E10	1E10	1E-30	1.47560252289216E-10	1E10	1E-30	1E10	0.22	1.44776893210285E-12	1.72373029811152E-10	76.8310688597012	1E10	1E-30	1E-10	1E10	1E-30	1E-10	1E10	1E-30	1E-10	1E10	1E-30	1E-10	1E10	1E-30	1E-10	1E10	1E-30	1E-10	1E10	1E-30	1E-10	1E10	1E-30	1E-10	1E10	1E-30	1E-10	1E10	1E-30	1E-10	1E10	1E-30	1E-10	1E10	1E-30	1E-10	1E10	1E-30	1E-10	1E10	1E-30	1E-10	1	-0.25	0.25
531	4.6E-12	1E10	1E10	1E-30	1.47560252289216E-10	1E10	1E-30	1E10	0.22	1.44776893210285E-12	1.72373029811152E-10	76.8310688597012	1E10	1E-30	1E-10	1E10	1E-30	1E-10	1E10	1E-30	1E-10	1E10	1E-30	1E-10	1E10	1E-30	1E-10	1E10	1E-30	1E-10	1E10	1E-30	1E-10	1E10	1E-30	1E-10	1E10	1E-30	1E-10	1E10	1E-30	1E-10	1E10	1E-30	1E-10	1E10	1E-30	1E-10	1E10	1E-30	1E-10	1E10	1E-30	1E-10	1	-0.05	0.05
532	4.6E-12	1E10	1E10	1E-30	1.47560252289216E-10	1E10	1E-30	1E10	0.22	1.44776893210285E-12	1.72373029811152E-10	76.8310688597012	1E10	1E-30	1E-10	1E10	1E-30	1E-10	1E10	1E-30	1E-10	1E10	1E-30	1E-10	1E10	1E-30	1E-10	1E10	1E-30	1E-10	1E10	1E-30	1E-10	1E10	1E-30	1E-10	1E10	1E-30	1E-10	1E10	1E-30	1E-10	1E10	1E-30	1E-10	1E10	1E-30	1E-10	1E10	1E-30	1E-10	1E10	1E-30	1E-10	1	-0.1	0.1
533	4.6E-12	1E10	1E10	1E-30	1.47560252289216E-10	1E10	1E-30	1E10	0.22	1.44776893210285E-12	1.72373029811152E-10	76.8310688597012	1E10	1E-30	1E-10	1E10	1E-30	1E-10	1E10	1E-30	1E-10	1E10	1E-30	1E-10	1E10	1E-30	1E-10	1E10	1E-30	1E-10	1E10	1E-30	1E-10	1E10	1E-30	1E-10	1E10	1E-30	1E-10	1E10	1E-30	1E-10	1E10	1E-30	1E-10	1E10	1E-30	1E-10	1E10	1E-30	1E-10	1E10	1E-30	1E-10	1	-0.25	0.25
534	4.6E-12	1E10	1E10	1E-30	1.47560252289216E-10	1E10	1E-30	1E10	0.22	1.44776893210285E-12	1.72373029811152E-10	76.8310688597012	1E10	1E-30	1E-10	1E10	1E-30	1E-10	1E10	1E-30	1E-10	1E10	1E-30	1E-10	1E10	1E-30	1E-10	1E10	1E-30	1E-10	1E10	1E-30	1E-10	1E10	1E-30	1E-10	1E10	1E-30	1E-10	1E10	1E-30	1E-10	1E10	1E-30	1E-10	1E10	1E-30	1E-10	1E10	1E-30	1E-10	1E10	1E-30	1E-10	1	-0.05	0.05
535	4.6E-12	1E10	1E10	1E-30	1.47560252289216E-10	1E10	1E-30	1E10	0.22	1.44776893210285E-12	1.72373029811152E-10	76.8310688597012	1E10	1E-30	1E-10	1E10	1E-30	1E-10	1E10	1E-30	1E-10	1E10	1E-30	1E-10	1E10	1E-30	1E-10	1E10	1E-30	1E-10	1E10	1E-30	1E-10	1E10	1E-30	1E-10	1E10	1E-30	1E-10	1E10	1E-30	1E-10	1E10	1E-30	1E-10	1E10	1E-30	1E-10	1E10	1E-30	1E-10	1E10	1E-30	1E-10	1	-0.1	0.1
536	4.6E-12	1E10	1E10	1E-30	1.47560252289216E-10	1E10	1E-30	1E10	0.22	1.44776893210285E-12	1.72373029811152E-10	76.8310688597012	1E10	1E-30	1E-10	1E10	1E-30	1E-10	1E10	1E-30	1E-10	1E10	1E-30	1E-10	1E10	1E-30	1E-10	1E10	1E-30	1E-10	1E10	1E-30	1E-10	1E10	1E-30	1E-10	1E10	1E-30	1E-10	1E10	1E-30	1E-10	1E10	1E-30	1E-10	1E10	1E-30	1E-10	1E10	1E-30	1E-10	1E10	1E-30	1E-10	1	-0.25	0.25
537	4.6E-12	1E10	1E10	1E-30	1.47560252289216E-10	1E10	1E-30	1E10	0.22	1.44776893210285E-12	1.72373029811152E-10	76.8310688597012	1E10	1E-30	1E-10	1E10	1E-30	1E-10	1E10	1E-30	1E-10	1E10	1E-30	1E-10	1E10	1E-30	1E-10	1E10	1E-30	1E-10	1E10	1E-30	1E-10	1E10	1E-30	1E-10	1E10	1E-30	1E-10	1E10	1E-30	1E-10	1E10	1E-30	1E-10	1E10	1E-30	1E-10	1E10	1E-30	1E-10	1E10	1E-30	1E-10	1	-0.05	0.05
538	4.6E-12	1E10	1E10	1E-30	1.47560252289216E-10	1E10	1E-30	1E10	0.22	1.44776893210285E-12	1.72373029811152E-10	76.8310688597012	1E10	1E-30	1E-10	1E10	1E-30	1E-10	1E10	1E-30	1E-10	1E10	1E-30	1E-10	1E10	1E-30	1E-10	1E10	1E-30	1E-10	1E10	1E-30	1E-10	1E10	1E-30	1E-10	1E10	1E-30	1E-10	1E10	1E-30	1E-10	1E10	1E-30	1E-10	1E10	1E-30	1E-10	1E10	1E-30	1E-10	1E10	1E-30	1E-10	1	-0.1	0.1
539	4.6E-12	1E10	1E10	1E-30	1.47560252289216E-10	1E10	1E-30	1E10	0.22	1.44776893210285E-12	1.72373029811152E-10	76.8310688597012	1E10	1E-30	1E-10	1E10	1E-30	1E-10	1E10	1E-30	1E-10	1E10	1E-30	1E-10	1E10	1E-30	1E-10	1E10	1E-30	1E-10	1E10	1E-30	1E-10	1E10	1E-30	1E-10	1E10	1E-30	1E-10	1E10	1E-30	1E-10	1E10	1E-30	1E-10	1E10	1E-30	1E-10	1E10	1E-30	1E-10	1E10	1E-30	1E-10	1	-0.25	0.25
540	4.6E-12	1E10	1E10	1E-30	1.47560252289216E-10	1E10	1E-30	1E10	0.22	1.44776893210285E-12	1.72373029811152E-10	76.8310688597012	1E10	1E-30	1E-10	1E10	1E-30	1E-10	1E10	1E-30	1E-10	1E10	1E-30	1E-10	1E10	1E-30	1E-10	1E10	1E-30	1E-10	1E10	1E-30	1E-10	1E10	1E-30	1E-10	1E10	1E-30	1E-10	1E10	1E-30	1E-10	1E10	1E-30	1E-10	1E10	1E-30	1E-10	1E10	1E-30	1E-10	1E10	1E-30	1E-10	1	-0.05	0.05
541	4.6E-12	1E10	1E10	1E-30	1.47560252289216E-10	1E10	1E-30	1E10	0.22	1.44776893210285E-12	1.72373029811152E-10	76.8310688597012	1E10	1E-30	1E-10	1E10	1E-30	1E-10	1E10	1E-30	1E-10	1E10	1E-30	1E-10	1E10	1E-30	1E-10	1E10	1E-30	1E-10	1E10	1E-30	1E-10	1E10	1E-30	1E-10	1E10	1E-30	1E-10	1E10	1E-30	1E-10	1E10	1E-30	1E-10	1E10	1E-30	1E-10	1E10	1E-30	1E-10	1E10	1E-30	1E-10	1	-0.1	0.1
542	4.6E-12	1E10	1E10	1E-30	1.47560252289216E-10	1E10	1E-30	1E10	0.22	1.44776893210285E-12	1.72373029811152E-10	76.8310688597012	1E10	1E-30	1E-10	1E10	1E-30	1E-10	1E10	1E-30	1E-10	1E10	1E-30	1E-10	1E10	1E-30	1E-10	1E10	1E-30	1E-10	1E10	1E-30	1E-10	1E10	1E-30	1E-10	1E10	1E-30	1E-10	1E10	1E-30	1E-10	1E10	1E-30	1E-10	1E10	1E-30	1E-10	1E10	1E-30	1E-10	1E10	1E-30	1E-10	1	-0.25	0.25
543	4.7E-12	1E10	1E10	1E-30	2.9806703471443E-10	1E10	1E-30	1E10	0.21	1E-30	2.53847036808904E-11	0.543993313803515	6.58725106330914E-11	5.88215609111389E-12	1.5686777526559	9.88270812425489E-12	2.60077546218187E-11	1E5	1E10	1E-30	1E-10	1E10	1E-30	1E-10	1E10	1E-30	1E-10	1E10	1E-30	1E-10	1E10	1E-30	1E-10	1E10	1E-30	1E-10	1E10	1E-30	1E-10	1E10	1E-30	1E-10	1E10	1E-30	1E-10	1E10	1E-30	1E-10	1E10	1E-30	1E-10	1E10	1E-30	1E-10	1	-0.25	0.25
544	4.7E-12	1E10	1E10	1E-30	2.9806703471443E-10	1E10	1E-30	1E10	0.21	1E-30	2.53847036808904E-11	0.543993313803515	6.58725106330914E-11	5.88215609111389E-12	1.5686777526559	9.88270812425489E-12	2.60077546218187E-11	1E5	1E10	1E-30	1E-10	1E10	1E-30	1E-10	1E10	1E-30	1E-10	1E10	1E-30	1E-10	1E10	1E-30	1E-10	1E10	1E-30	1E-10	1E10	1E-30	1E-10	1E10	1E-30	1E-10	1E10	1E-30	1E-10	1E10	1E-30	1E-10	1E10	1E-30	1E-10	1E10	1E-30	1E-10	1	-0.05	0.05
545	4.7E-12	1E10	1E10	1E-30	2.9806703471443E-10	1E10	1E-30	1E10	0.21	1E-30	2.53847036808904E-11	0.543993313803515	6.58725106330914E-11	5.88215609111389E-12	1.5686777526559	9.88270812425489E-12	2.60077546218187E-11	1E5	1E10	1E-30	1E-10	1E10	1E-30	1E-10	1E10	1E-30	1E-10	1E10	1E-30	1E-10	1E10	1E-30	1E-10	1E10	1E-30	1E-10	1E10	1E-30	1E-10	1E10	1E-30	1E-10	1E10	1E-30	1E-10	1E10	1E-30	1E-10	1E10	1E-30	1E-10	1E10	1E-30	1E-10	1	-0.1	0.1
546	4.7E-12	1E10	1E10	1E-30	2.9806703471443E-10	1E10	1E-30	1E10	0.21	1E-30	2.53847036808904E-11	0.543993313803515	6.58725106330914E-11	5.88215609111389E-12	1.5686777526559	9.88270812425489E-12	2.60077546218187E-11	1E5	1E10	1E-30	1E-10	1E10	1E-30	1E-10	1E10	1E-30	1E-10	1E10	1E-30	1E-10	1E10	1E-30	1E-10	1E10	1E-30	1E-10	1E10	1E-30	1E-10	1E10	1E-30	1E-10	1E10	1E-30	1E-10	1E10	1E-30	1E-10	1E10	1E-30	1E-10	1E10	1E-30	1E-10	1	-0.25	0.25
547	4.7E-12	1E10	1E10	1E-30	2.9806703471443E-10	1E10	1E-30	1E10	0.21	1E-30	2.53847036808904E-11	0.543993313803515	6.58725106330914E-11	5.88215609111389E-12	1.5686777526559	9.88270812425489E-12	2.60077546218187E-11	1E5	1E10	1E-30	1E-10	1E10	1E-30	1E-10	1E10	1E-30	1E-10	1E10	1E-30	1E-10	1E10	1E-30	1E-10	1E10	1E-30	1E-10	1E10	1E-30	1E-10	1E10	1E-30	1E-10	1E10	1E-30	1E-10	1E10	1E-30	1E-10	1E10	1E-30	1E-10	1E10	1E-30	1E-10	1	-0.05	0.05
548	4.7E-12	1E10	1E10	1E-30	2.9806703471443E-10	1E10	1E-30	1E10	0.21	1E-30	2.53847036808904E-11	0.543993313803515	6.58725106330914E-11	5.88215609111389E-12	1.5686777526559	9.88270812425489E-12	2.60077546218187E-11	1E5	1E10	1E-30	1E-10	1E10	1E-30	1E-10	1E10	1E-30	1E-10	1E10	1E-30	1E-10	1E10	1E-30	1E-10	1E10	1E-30	1E-10	1E10	1E-30	1E-10	1E10	1E-30	1E-10	1E10	1E-30	1E-10	1E10	1E-30	1E-10	1E10	1E-30	1E-10	1E10	1E-30	1E-10	1	-0.1	0.1
549	4.7E-12	1E10	1E10	1E-30	2.9806703471443E-10	1E10	1E-30	1E10	0.21	1E-30	2.53847036808904E-11	0.543993313803515	6.58725106330914E-11	5.88215609111389E-12	1.5686777526559	9.88270812425489E-12	2.60077546218187E-11	1E5	1E10	1E-30	1E-10	1E10	1E-30	1E-10	1E10	1E-30	1E-10	1E10	1E-30	1E-10	1E10	1E-30	1E-10	1E10	1E-30	1E-10	1E10	1E-30	1E-10	1E10	1E-30	1E-10	1E10	1E-30	1E-10	1E10	1E-30	1E-10	1E10	1E-30	1E-10	1E10	1E-30	1E-10	1	-0.25	0.25
550	4.7E-12	1E10	1E10	1E-30	2.9806703471443E-10	1E10	1E-30	1E10	0.21	1E-30	2.53847036808904E-11	0.543993313803515	6.58725106330914E-11	5.88215609111389E-12	1.5686777526559	9.88270812425489E-12	2.60077546218187E-11	1E5	1E10	1E-30	1E-10	1E10	1E-30	1E-10	1E10	1E-30	1E-10	1E10	1E-30	1E-10	1E10	1E-30	1E-10	1E10	1E-30	1E-10	1E10	1E-30	1E-10	1E10	1E-30	1E-10	1E10	1E-30	1E-10	1E10	1E-30	1E-10	1E10	1E-30	1E-10	1E10	1E-30	1E-10	1	-0.25	0.25
551	4.7E-12	1E10	1E10	1E-30	2.9806703471443E-10	1E10	1E-30	1E10	0.21	1E-30	2.53847036808904E-11	0.543993313803515	6.58725106330914E-11	5.88215609111389E-12	1.5686777526559	9.88270812425489E-12	2.60077546218187E-11	1E5	1E10	1E-30	1E-10	1E10	1E-30	1E-10	1E10	1E-30	1E-10	1E10	1E-30	1E-10	1E10	1E-30	1E-10	1E10	1E-30	1E-10	1E10	1E-30	1E-10	1E10	1E-30	1E-10	1E10	1E-30	1E-10	1E10	1E-30	1E-10	1E10	1E-30	1E-10	1E10	1E-30	1E-10	1	-0.05	0.05
552	4.7E-12	1E10	1E10	1E-30	2.9806703471443E-10	1E10	1E-30	1E10	0.21	1E-30	2.53847036808904E-11	0.543993313803515	6.58725106330914E-11	5.88215609111389E-12	1.5686777526559	9.88270812425489E-12	2.60077546218187E-11	1E5	1E10	1E-30	1E-10	1E10	1E-30	1E-10	1E10	1E-30	1E-10	1E10	1E-30	1E-10	1E10	1E-30	1E-10	1E10	1E-30	1E-10	1E10	1E-30	1E-10	1E10	1E-30	1E-10	1E10	1E-30	1E-10	1E10	1E-30	1E-10	1E10	1E-30	1E-10	1E10	1E-30	1E-10	1	-0.1	0.1
553	4.7E-12	1E10	1E10	1E-30	2.9806703471443E-10	1E10	1E-30	1E10	0.21	1E-30	2.53847036808904E-11	0.543993313803515	6.58725106330914E-11	5.88215609111389E-12	1.5686777526559	9.88270812425489E-12	2.60077546218187E-11	1E5	1E10	1E-30	1E-10	1E10	1E-30	1E-10	1E10	1E-30	1E-10	1E10	1E-30	1E-10	1E10	1E-30	1E-10	1E10	1E-30	1E-10	1E10	1E-30	1E-10	1E10	1E-30	1E-10	1E10	1E-30	1E-10	1E10	1E-30	1E-10	1E10	1E-30	1E-10	1E10	1E-30	1E-10	1	-0.25	0.25
554	4.7E-12	1E10	1E10	1E-30	2.9806703471443E-10	1E10	1E-30	1E10	0.21	1E-30	2.53847036808904E-11	0.543993313803515	6.58725106330914E-11	5.88215609111389E-12	1.5686777526559	9.88270812425489E-12	2.60077546218187E-11	1E5	1E10	1E-30	1E-10	1E10	1E-30	1E-10	1E10	1E-30	1E-10	1E10	1E-30	1E-10	1E10	1E-30	1E-10	1E10	1E-30	1E-10	1E10	1E-30	1E-10	1E10	1E-30	1E-10	1E10	1E-30	1E-10	1E10	1E-30	1E-10	1E10	1E-30	1E-10	1E10	1E-30	1E-10	1	-0.05	0.05
555	4.7E-12	1E10	1E10	1E-30	2.9806703471443E-10	1E10	1E-30	1E10	0.21	1E-30	2.53847036808904E-11	0.543993313803515	6.58725106330914E-11	5.88215609111389E-12	1.5686777526559	9.88270812425489E-12	2.60077546218187E-11	1E5	1E10	1E-30	1E-10	1E10	1E-30	1E-10	1E10	1E-30	1E-10	1E10	1E-30	1E-10	1E10	1E-30	1E-10	1E10	1E-30	1E-10	1E10	1E-30	1E-10	1E10	1E-30	1E-10	1E10	1E-30	1E-10	1E10	1E-30	1E-10	1E10	1E-30	1E-10	1E10	1E-30	1E-10	1	-0.1	0.1
556	4.7E-12	1E10	1E10	1E-30	2.9806703471443E-10	1E10	1E-30	1E10	0.21	1E-30	2.53847036808904E-11	0.543993313803515	6.58725106330914E-11	5.88215609111389E-12	1.5686777526559	9.88270812425489E-12	2.60077546218187E-11	1E5	1E10	1E-30	1E-10	1E10	1E-30	1E-10	1E10	1E-30	1E-10	1E10	1E-30	1E-10	1E10	1E-30	1E-10	1E10	1E-30	1E-10	1E10	1E-30	1E-10	1E10	1E-30	1E-10	1E10	1E-30	1E-10	1E10	1E-30	1E-10	1E10	1E-30	1E-10	1E10	1E-30	1E-10	1	-0.25	0.25
557	4.8E-12	1E10	1E10	1E-30	2.9806703471443E-10	1E10	1E-30	1E10	0.21	1E-30	2.53847036808904E-11	0.543993313803515	6.58725106330914E-11	5.88215609111389E-12	1.5686777526559	9.88270812425489E-12	2.60077546218187E-11	1E5	1E10	1E-30	1E-10	1E10	1E-30	1E-10	1E10	1E-30	1E-10	1E10	1E-30	1E-10	1E10	1E-30	1E-10	1E10	1E-30	1E-10	1E10	1E-30	1E-10	1E10	1E-30	1E-10	1E10	1E-30	1E-10	1E10	1E-30	1E-10	1E10	1E-30	1E-10	1E10	1E-30	1E-10	1	-0.05	0.05
558	4.8E-12	1E10	1E10	1E-30	2.9806703471443E-10	1E10	1E-30	1E10	0.21	1E-30	2.53847036808904E-11	0.543993313803515	6.58725106330914E-11	5.88215609111389E-12	1.5686777526559	9.88270812425489E-12	2.60077546218187E-11	1E5	1E10	1E-30	1E-10	1E10	1E-30	1E-10	1E10	1E-30	1E-10	1E10	1E-30	1E-10	1E10	1E-30	1E-10	1E10	1E-30	1E-10	1E10	1E-30	1E-10	1E10	1E-30	1E-10	1E10	1E-30	1E-10	1E10	1E-30	1E-10	1E10	1E-30	1E-10	1E10	1E-30	1E-10	1	-0.1	0.1
559	4.8E-12	1E10	1E10	1E-30	2.9806703471443E-10	1E10	1E-30	1E10	0.21	1E-30	2.53847036808904E-11	0.543993313803515	6.58725106330914E-11	5.88215609111389E-12	1.5686777526559	9.88270812425489E-12	2.60077546218187E-11	1E5	1E10	1E-30	1E-10	1E10	1E-30	1E-10	1E10	1E-30	1E-10	1E10	1E-30	1E-10	1E10	1E-30	1E-10	1E10	1E-30	1E-10	1E10	1E-30	1E-10	1E10	1E-30	1E-10	1E10	1E-30	1E-10	1E10	1E-30	1E-10	1E10	1E-30	1E-10	1E10	1E-30	1E-10	1	-0.25	0.25
560	4.8E-12	1E10	1E10	1E-30	2.9806703471443E-10	1E10	1E-30	1E10	0.21	1E-30	2.53847036808904E-11	0.543993313803515	6.58725106330914E-11	5.88215609111389E-12	1.5686777526559	9.88270812425489E-12	2.60077546218187E-11	1E5	1E10	1E-30	1E-10	1E10	1E-30	1E-10	1E10	1E-30	1E-10	1E10	1E-30	1E-10	1E10	1E-30	1E-10	1E10	1E-30	1E-10	1E10	1E-30	1E-10	1E10	1E-30	1E-10	1E10	1E-30	1E-10	1E10	1E-30	1E-10	1E10	1E-30	1E-10	1E10	1E-30	1E-10	1	-0.05	0.05
561	4.8E-12	1E10	1E10	1E-30	2.9806703471443E-10	1E10	1E-30	1E10	0.21	1E-30	2.53847036808904E-11	0.543993313803515	6.58725106330914E-11	5.88215609111389E-12	1.5686777526559	9.88270812425489E-12	2.60077546218187E-11	1E5	1E10	1E-30	1E-10	1E10	1E-30	1E-10	1E10	1E-30	1E-10	1E10	1E-30	1E-10	1E10	1E-30	1E-10	1E10	1E-30	1E-10	1E10	1E-30	1E-10	1E10	1E-30	1E-10	1E10	1E-30	1E-10	1E10	1E-30	1E-10	1E10	1E-30	1E-10	1E10	1E-30	1E-10	1	-0.1	0.1
562	4.8E-12	1E10	1E10	1E-30	2.9806703471443E-10	1E10	1E-30	1E10	0.21	1E-30	2.53847036808904E-11	0.543993313803515	6.58725106330914E-11	5.88215609111389E-12	1.5686777526559	9.88270812425489E-12	2.60077546218187E-11	1E5	1E10	1E-30	1E-10	1E10	1E-30	1E-10	1E10	1E-30	1E-10	1E10	1E-30	1E-10	1E10	1E-30	1E-10	1E10	1E-30	1E-10	1E10	1E-30	1E-10	1E10	1E-30	1E-10	1E10	1E-30	1E-10	1E10	1E-30	1E-10	1E10	1E-30	1E-10	1E10	1E-30	1E-10	1	-0.25	0.25
563	4.8E-12	1E10	1E10	1E-30	2.9806703471443E-10	1E10	1E-30	1E10	0.21	1E-30	2.53847036808904E-11	0.543993313803515	6.58725106330914E-11	5.88215609111389E-12	1.5686777526559	9.88270812425489E-12	2.60077546218187E-11	1E5	1E10	1E-30	1E-10	1E10	1E-30	1E-10	1E10	1E-30	1E-10	1E10	1E-30	1E-10	1E10	1E-30	1E-10	1E10	1E-30	1E-10	1E10	1E-30	1E-10	1E10	1E-30	1E-10	1E10	1E-30	1E-10	1E10	1E-30	1E-10	1E10	1E-30	1E-10	1E10	1E-30	1E-10	1	-0.05	0.05
564	4.8E-12	1E10	1E10	1E-30	2.9806703471443E-10	1E10	1E-30	1E10	0.21	1E-30	2.53847036808904E-11	0.543993313803515	6.58725106330914E-11	5.88215609111389E-12	1.5686777526559	9.88270812425489E-12	2.60077546218187E-11	1E5	1E10	1E-30	1E-10	1E10	1E-30	1E-10	1E10	1E-30	1E-10	1E10	1E-30	1E-10	1E10	1E-30	1E-10	1E10	1E-30	1E-10	1E10	1E-30	1E-10	1E10	1E-30	1E-10	1E10	1E-30	1E-10	1E10	1E-30	1E-10	1E10	1E-30	1E-10	1E10	1E-30	1E-10	1	-0.1	0.1
565	4.8E-12	1E10	1E10	1E-30	2.9806703471443E-10	1E10	1E-30	1E10	0.21	1E-30	2.53847036808904E-11	0.543993313803515	6.58725106330914E-11	5.88215609111389E-12	1.5686777526559	9.88270812425489E-12	2.60077546218187E-11	1E5	1E10	1E-30	1E-10	1E10	1E-30	1E-10	1E10	1E-30	1E-10	1E10	1E-30	1E-10	1E10	1E-30	1E-10	1E10	1E-30	1E-10	1E10	1E-30	1E-10	1E10	1E-30	1E-10	1E10	1E-30	1E-10	1E10	1E-30	1E-10	1E10	1E-30	1E-10	1E10	1E-30	1E-10	1	-0.25	0.25
566	4.8E-12	1E10	1E10	1E-30	2.9806703471443E-10	1E10	1E-30	1E10	0.21	1E-30	2.53847036808904E-11	0.543993313803515	6.58725106330914E-11	5.88215609111389E-12	1.5686777526559	9.88270812425489E-12	2.60077546218187E-11	1E5	1E10	1E-30	1E-10	1E10	1E-30	1E-10	1E10	1E-30	1E-10	1E10	1E-30	1E-10	1E10	1E-30	1E-10	1E10	1E-30	1E-10	1E10	1E-30	1E-10	1E10	1E-30	1E-10	1E10	1E-30	1E-10	1E10	1E-30	1E-10	1E10	1E-30	1E-10	1E10	1E-30	1E-10	1	-0.05	0.05
567	4.8E-12	1E10	1E10	1E-30	2.9806703471443E-10	1E10	1E-30	1E10	0.21	1E-30	2.53847036808904E-11	0.543993313803515	6.58725106330914E-11	5.88215609111389E-12	1.5686777526559	9.88270812425489E-12	2.60077546218187E-11	1E5	1E10	1E-30	1E-10	1E10	1E-30	1E-10	1E10	1E-30	1E-10	1E10	1E-30	1E-10	1E10	1E-30	1E-10	1E10	1E-30	1E-10	1E10	1E-30	1E-10	1E10	1E-30	1E-10	1E10	1E-30	1E-10	1E10	1E-30	1E-10	1E10	1E-30	1E-10	1E10	1E-30	1E-10	1	-0.1	0.1
568	4.8E-12	1E10	1E10	1E-30	2.9806703471443E-10	1E10	1E-30	1E10	0.21	1E-30	2.53847036808904E-11	0.543993313803515	6.58725106330914E-11	5.88215609111389E-12	1.5686777526559	9.88270812425489E-12	2.60077546218187E-11	1E5	1E10	1E-30	1E-10	1E10	1E-30	1E-10	1E10	1E-30	1E-10	1E10	1E-30	1E-10	1E10	1E-30	1E-10	1E10	1E-30	1E-10	1E10	1E-30	1E-10	1E10	1E-30	1E-10	1E10	1E-30	1E-10	1E10	1E-30	1E-10	1E10	1E-30	1E-10	1E10	1E-30	1E-10	1	-0.25	0.25
569	4.9E-12	1E10	1E10	1E-30	2.9806703471443E-10	1E10	1E-30	1E10	0.21	1E-30	2.53847036808904E-11	0.543993313803515	6.58725106330914E-11	5.88215609111389E-12	1.5686777526559	9.88270812425489E-12	2.60077546218187E-11	1E5	1E10	1E-30	1E-10	1E10	1E-30	1E-10	1E10	1E-30	1E-10	1E10	1E-30	1E-10	1E10	1E-30	1E-10	1E10	1E-30	1E-10	1E10	1E-30	1E-10	1E10	1E-30	1E-10	1E10	1E-30	1E-10	1E10	1E-30	1E-10	1E10	1E-30	1E-10	1E10	1E-30	1E-10	1	-0.05	0.05
570	4.9E-12	1E10	1E10	1E-30	2.9806703471443E-10	1E10	1E-30	1E10	0.21	1E-30	2.53847036808904E-11	0.543993313803515	6.58725106330914E-11	5.88215609111389E-12	1.5686777526559	9.88270812425489E-12	2.60077546218187E-11	1E5	1E10	1E-30	1E-10	1E10	1E-30	1E-10	1E10	1E-30	1E-10	1E10	1E-30	1E-10	1E10	1E-30	1E-10	1E10	1E-30	1E-10	1E10	1E-30	1E-10	1E10	1E-30	1E-10	1E10	1E-30	1E-10	1E10	1E-30	1E-10	1E10	1E-30	1E-10	1E10	1E-30	1E-10	1	-0.1	0.1
571	4.9E-12	1E10	1E10	1E-30	2.9806703471443E-10	1E10	1E-30	1E10	0.21	1E-30	2.53847036808904E-11	0.543993313803515	6.58725106330914E-11	5.88215609111389E-12	1.5686777526559	9.88270812425489E-12	2.60077546218187E-11	1E5	1E10	1E-30	1E-10	1E10	1E-30	1E-10	1E10	1E-30	1E-10	1E10	1E-30	1E-10	1E10	1E-30	1E-10	1E10	1E-30	1E-10	1E10	1E-30	1E-10	1E10	1E-30	1E-10	1E10	1E-30	1E-10	1E10	1E-30	1E-10	1E10	1E-30	1E-10	1E10	1E-30	1E-10	1	-0.25	0.25
572	4.9E-12	1E10	1E10	1E-30	2.9806703471443E-10	1E10	1E-30	1E10	0.21	1E-30	2.53847036808904E-11	0.543993313803515	6.58725106330914E-11	5.88215609111389E-12	1.5686777526559	9.88270812425489E-12	2.60077546218187E-11	1E5	1E10	1E-30	1E-10	1E10	1E-30	1E-10	1E10	1E-30	1E-10	1E10	1E-30	1E-10	1E10	1E-30	1E-10	1E10	1E-30	1E-10	1E10	1E-30	1E-10	1E10	1E-30	1E-10	1E10	1E-30	1E-10	1E10	1E-30	1E-10	1E10	1E-30	1E-10	1E10	1E-30	1E-10	1	-0.05	0.05
573	4.9E-12	1E10	1E10	1E-30	2.9806703471443E-10	1E10	1E-30	1E10	0.21	1E-30	2.53847036808904E-11	0.543993313803515	6.58725106330914E-11	5.88215609111389E-12	1.5686777526559	9.88270812425489E-12	2.60077546218187E-11	1E5	1E10	1E-30	1E-10	1E10	1E-30	1E-10	1E10	1E-30	1E-10	1E10	1E-30	1E-10	1E10	1E-30	1E-10	1E10	1E-30	1E-10	1E10	1E-30	1E-10	1E10	1E-30	1E-10	1E10	1E-30	1E-10	1E10	1E-30	1E-10	1E10	1E-30	1E-10	1E10	1E-30	1E-10	1	-0.1	0.1
574	4.9E-12	1E10	1E10	1E-30	2.9806703471443E-10	1E10	1E-30	1E10	0.21	1E-30	2.53847036808904E-11	0.543993313803515	6.58725106330914E-11	5.88215609111389E-12	1.5686777526559	9.88270812425489E-12	2.60077546218187E-11	1E5	1E10	1E-30	1E-10	1E10	1E-30	1E-10	1E10	1E-30	1E-10	1E10	1E-30	1E-10	1E10	1E-30	1E-10	1E10	1E-30	1E-10	1E10	1E-30	1E-10	1E10	1E-30	1E-10	1E10	1E-30	1E-10	1E10	1E-30	1E-10	1E10	1E-30	1E-10	1E10	1E-30	1E-10	1	-0.25	0.25
575	4.9E-12	1E10	1E10	1E-30	2.9806703471443E-10	1E10	1E-30	1E10	0.21	1E-30	2.53847036808904E-11	0.543993313803515	6.58725106330914E-11	5.88215609111389E-12	1.5686777526559	9.88270812425489E-12	2.60077546218187E-11	1E5	1E10	1E-30	1E-10	1E10	1E-30	1E-10	1E10	1E-30	1E-10	1E10	1E-30	1E-10	1E10	1E-30	1E-10	1E10	1E-30	1E-10	1E10	1E-30	1E-10	1E10	1E-30	1E-10	1E10	1E-30	1E-10	1E10	1E-30	1E-10	1E10	1E-30	1E-10	1E10	1E-30	1E-10	1	-0.05	0.05
576	4.9E-12	1E10	1E10	1E-30	2.9806703471443E-10	1E10	1E-30	1E10	0.21	1E-30	2.53847036808904E-11	0.543993313803515	6.58725106330914E-11	5.88215609111389E-12	1.5686777526559	9.88270812425489E-12	2.60077546218187E-11	1E5	1E10	1E-30	1E-10	1E10	1E-30	1E-10	1E10	1E-30	1E-10	1E10	1E-30	1E-10	1E10	1E-30	1E-10	1E10	1E-30	1E-10	1E10	1E-30	1E-10	1E10	1E-30	1E-10	1E10	1E-30	1E-10	1E10	1E-30	1E-10	1E10	1E-30	1E-10	1E10	1E-30	1E-10	1	-0.1	0.1
577	4.9E-12	1E10	1E10	1E-30	2.9806703471443E-10	1E10	1E-30	1E10	0.21	1E-30	2.53847036808904E-11	0.543993313803515	6.58725106330914E-11	5.88215609111389E-12	1.5686777526559	9.88270812425489E-12	2.60077546218187E-11	1E5	1E10	1E-30	1E-10	1E10	1E-30	1E-10	1E10	1E-30	1E-10	1E10	1E-30	1E-10	1E10	1E-30	1E-10	1E10	1E-30	1E-10	1E10	1E-30	1E-10	1E10	1E-30	1E-10	1E10	1E-30	1E-10	1E10	1E-30	1E-10	1E10	1E-30	1E-10	1E10	1E-30	1E-10	1	-0.25	0.25
578	4.9E-12	1E10	1E10	1E-30	2.9806703471443E-10	1E10	1E-30	1E10	0.21	1E-30	2.53847036808904E-11	0.543993313803515	6.58725106330914E-11	5.88215609111389E-12	1.5686777526559	9.88270812425489E-12	2.60077546218187E-11	1E5	1E10	1E-30	1E-10	1E10	1E-30	1E-10	1E10	1E-30	1E-10	1E10	1E-30	1E-10	1E10	1E-30	1E-10	1E10	1E-30	1E-10	1E10	1E-30	1E-10	1E10	1E-30	1E-10	1E10	1E-30	1E-10	1E10	1E-30	1E-10	1E10	1E-30	1E-10	1E10	1E-30	1E-10	1	-0.05	0.05
579	4.9E-12	1E10	1E10	1E-30	2.9806703471443E-10	1E10	1E-30	1E10	0.21	1E-30	2.53847036808904E-11	0.543993313803515	6.58725106330914E-11	5.88215609111389E-12	1.5686777526559	9.88270812425489E-12	2.60077546218187E-11	1E5	1E10	1E-30	1E-10	1E10	1E-30	1E-10	1E10	1E-30	1E-10	1E10	1E-30	1E-10	1E10	1E-30	1E-10	1E10	1E-30	1E-10	1E10	1E-30	1E-10	1E10	1E-30	1E-10	1E10	1E-30	1E-10	1E10	1E-30	1E-10	1E10	1E-30	1E-10	1E10	1E-30	1E-10	1	-0.1	0.1
580	4.9E-12	1E10	1E10	1E-30	2.9806703471443E-10	1E10	1E-30	1E10	0.21	1E-30	2.53847036808904E-11	0.543993313803515	6.58725106330914E-11	5.88215609111389E-12	1.5686777526559	9.88270812425489E-12	2.60077546218187E-11	1E5	1E10	1E-30	1E-10	1E10	1E-30	1E-10	1E10	1E-30	1E-10	1E10	1E-30	1E-10	1E10	1E-30	1E-10	1E10	1E-30	1E-10	1E10	1E-30	1E-10	1E10	1E-30	1E-10	1E10	1E-30	1E-10	1E10	1E-30	1E-10	1E10	1E-30	1E-10	1E10	1E-30	1E-10	1	-0.25	0.25
581	5E-12	1E10	1E10	1E-30	2.95086390595397E-10	1E10	1E-30	1E10	0.209999999999999	1E-30	2.0392065739932E-11	0.560231947856481	1.54811998316578E-11	2.64656305907231E-11	9.583713814167	1E10	1E-30	1E-10	1E10	1E-30	1E-10	1E10	1E-30	1E-10	1E10	1E-30	1E-10	1E10	1E-30	1E-10	1E10	1E-30	1E-10	1E10	1E-30	1E-10	1E10	1E-30	1E-10	1E10	1E-30	1E-10	1E10	1E-30	1E-10	1E10	1E-30	1E-10	1E10	1E-30	1E-10	1E10	1E-30	1E-10	1	-0.05	0.05
582	5E-12	1E10	1E10	1E-30	2.95086390595397E-10	1E10	1E-30	1E10	0.209999999999999	1E-30	2.0392065739932E-11	0.560231947856481	1.54811998316578E-11	2.64656305907231E-11	9.583713814167	1E10	1E-30	1E-10	1E10	1E-30	1E-10	1E10	1E-30	1E-10	1E10	1E-30	1E-10	1E10	1E-30	1E-10	1E10	1E-30	1E-10	1E10	1E-30	1E-10	1E10	1E-30	1E-10	1E10	1E-30	1E-10	1E10	1E-30	1E-10	1E10	1E-30	1E-10	1E10	1E-30	1E-10	1E10	1E-30	1E-10	1	-0.1	0.1
583	5E-12	1E10	1E10	1E-30	2.95086390595397E-10	1E10	1E-30	1E10	0.209999999999999	1E-30	2.0392065739932E-11	0.560231947856481	1.54811998316578E-11	2.64656305907231E-11	9.583713814167	1E10	1E-30	1E-10	1E10	1E-30	1E-10	1E10	1E-30	1E-10	1E10	1E-30	1E-10	1E10	1E-30	1E-10	1E10	1E-30	1E-10	1E10	1E-30	1E-10	1E10	1E-30	1E-10	1E10	1E-30	1E-10	1E10	1E-30	1E-10	1E10	1E-30	1E-10	1E10	1E-30	1E-10	1E10	1E-30	1E-10	1	-0.25	0.25
584	5E-12	1E10	1E10	1E-30	2.95086390595397E-10	1E10	1E-30	1E10	0.209999999999999	1E-30	2.0392065739932E-11	0.560231947856481	1.54811998316578E-11	2.64656305907231E-11	9.583713814167	1E10	1E-30	1E-10	1E10	1E-30	1E-10	1E10	1E-30	1E-10	1E10	1E-30	1E-10	1E10	1E-30	1E-10	1E10	1E-30	1E-10	1E10	1E-30	1E-10	1E10	1E-30	1E-10	1E10	1E-30	1E-10	1E10	1E-30	1E-10	1E10	1E-30	1E-10	1E10	1E-30	1E-10	1E10	1E-30	1E-10	1	-0.05	0.05
585	5E-12	1E10	1E10	1E-30	2.95086390595397E-10	1E10	1E-30	1E10	0.209999999999999	1E-30	2.0392065739932E-11	0.560231947856481	1.54811998316578E-11	2.64656305907231E-11	9.583713814167	1E10	1E-30	1E-10	1E10	1E-30	1E-10	1E10	1E-30	1E-10	1E10	1E-30	1E-10	1E10	1E-30	1E-10	1E10	1E-30	1E-10	1E10	1E-30	1E-10	1E10	1E-30	1E-10	1E10	1E-30	1E-10	1E10	1E-30	1E-10	1E10	1E-30	1E-10	1E10	1E-30	1E-10	1E10	1E-30	1E-10	1	-0.1	0.1
586	5E-12	1E10	1E10	1E-30	2.95086390595397E-10	1E10	1E-30	1E10	0.209999999999999	1E-30	2.0392065739932E-11	0.560231947856481	1.54811998316578E-11	2.64656305907231E-11	9.583713814167	1E10	1E-30	1E-10	1E10	1E-30	1E-10	1E10	1E-30	1E-10	1E10	1E-30	1E-10	1E10	1E-30	1E-10	1E10	1E-30	1E-10	1E10	1E-30	1E-10	1E10	1E-30	1E-10	1E10	1E-30	1E-10	1E10	1E-30	1E-10	1E10	1E-30	1E-10	1E10	1E-30	1E-10	1E10	1E-30	1E-10	1	-0.25	0.25
587	5E-12	1E10	1E10	1E-30	2.95086390595397E-10	1E10	1E-30	1E10	0.209999999999999	1E-30	2.0392065739932E-11	0.560231947856481	1.54811998316578E-11	2.64656305907231E-11	9.583713814167	1E10	1E-30	1E-10	1E10	1E-30	1E-10	1E10	1E-30	1E-10	1E10	1E-30	1E-10	1E10	1E-30	1E-10	1E10	1E-30	1E-10	1E10	1E-30	1E-10	1E10	1E-30	1E-10	1E10	1E-30	1E-10	1E10	1E-30	1E-10	1E10	1E-30	1E-10	1E10	1E-30	1E-10	1E10	1E-30	1E-10	1	-0.05	0.05
588	5E-12	1E10	1E10	1E-30	2.95086390595397E-10	1E10	1E-30	1E10	0.209999999999999	1E-30	2.0392065739932E-11	0.560231947856481	1.54811998316578E-11	2.64656305907231E-11	9.583713814167	1E10	1E-30	1E-10	1E10	1E-30	1E-10	1E10	1E-30	1E-10	1E10	1E-30	1E-10	1E10	1E-30	1E-10	1E10	1E-30	1E-10	1E10	1E-30	1E-10	1E10	1E-30	1E-10	1E10	1E-30	1E-10	1E10	1E-30	1E-10	1E10	1E-30	1E-10	1E10	1E-30	1E-10	1E10	1E-30	1E-10	1	-0.1	0.1
589	5E-12	1E10	1E10	1E-30	2.95086390595397E-10	1E10	1E-30	1E10	0.209999999999999	1E-30	2.0392065739932E-11	0.560231947856481	1.54811998316578E-11	2.64656305907231E-11	9.583713814167	1E10	1E-30	1E-10	1E10	1E-30	1E-10	1E10	1E-30	1E-10	1E10	1E-30	1E-10	1E10	1E-30	1E-10	1E10	1E-30	1E-10	1E10	1E-30	1E-10	1E10	1E-30	1E-10	1E10	1E-30	1E-10	1E10	1E-30	1E-10	1E10	1E-30	1E-10	1E10	1E-30	1E-10	1E10	1E-30	1E-10	1	-0.25	0.25
590	5E-12	1E10	1E10	1E-30	2.95086390595397E-10	1E10	1E-30	1E10	0.209999999999999	1E-30	2.0392065739932E-11	0.560231947856481	1.54811998316578E-11	2.64656305907231E-11	9.583713814167	1E10	1E-30	1E-10	1E10	1E-30	1E-10	1E10	1E-30	1E-10	1E10	1E-30	1E-10	1E10	1E-30	1E-10	1E10	1E-30	1E-10	1E10	1E-30	1E-10	1E10	1E-30	1E-10	1E10	1E-30	1E-10	1E10	1E-30	1E-10	1E10	1E-30	1E-10	1E10	1E-30	1E-10	1E10	1E-30	1E-10	1	-0.05	0.05
591	5E-12	1E10	1E10	1E-30	2.95086390595397E-10	1E10	1E-30	1E10	0.209999999999999	1E-30	2.0392065739932E-11	0.560231947856481	1.54811998316578E-11	2.64656305907231E-11	9.583713814167	1E10	1E-30	1E-10	1E10	1E-30	1E-10	1E10	1E-30	1E-10	1E10	1E-30	1E-10	1E10	1E-30	1E-10	1E10	1E-30	1E-10	1E10	1E-30	1E-10	1E10	1E-30	1E-10	1E10	1E-30	1E-10	1E10	1E-30	1E-10	1E10	1E-30	1E-10	1E10	1E-30	1E-10	1E10	1E-30	1E-10	1	-0.1	0.1
592	5E-12	1E10	1E10	1E-30	2.95086390595397E-10	1E10	1E-30	1E10	0.209999999999999	1E-30	2.0392065739932E-11	0.560231947856481	1.54811998316578E-11	2.64656305907231E-11	9.583713814167	1E10	1E-30	1E-10	1E10	1E-30	1E-10	1E10	1E-30	1E-10	1E10	1E-30	1E-10	1E10	1E-30	1E-10	1E10	1E-30	1E-10	1E10	1E-30	1E-10	1E10	1E-30	1E-10	1E10	1E-30	1E-10	1E10	1E-30	1E-10	1E10	1E-30	1E-10	1E10	1E-30	1E-10	1E10	1E-30	1E-10	1	-0.25	0.25
593	5.1E-12	1E10	1E10	1E-30	2.95086390595397E-10	1E10	1E-30	1E10	0.209999999999999	1E-30	2.0392065739932E-11	0.560231947856481	1.54811998316578E-11	2.64656305907231E-11	9.583713814167	1E10	1E-30	1E-10	1E10	1E-30	1E-10	1E10	1E-30	1E-10	1E10	1E-30	1E-10	1E10	1E-30	1E-10	1E10	1E-30	1E-10	1E10	1E-30	1E-10	1E10	1E-30	1E-10	1E10	1E-30	1E-10	1E10	1E-30	1E-10	1E10	1E-30	1E-10	1E10	1E-30	1E-10	1E10	1E-30	1E-10	1	-0.5	0.5
594	5.1E-12	1E10	1E10	1E-30	2.95086390595397E-10	1E10	1E-30	1E10	0.209999999999999	1E-30	2.0392065739932E-11	0.560231947856481	1.54811998316578E-11	2.64656305907231E-11	9.583713814167	1E10	1E-30	1E-10	1E10	1E-30	1E-10	1E10	1E-30	1E-10	1E10	1E-30	1E-10	1E10	1E-30	1E-10	1E10	1E-30	1E-10	1E10	1E-30	1E-10	1E10	1E-30	1E-10	1E10	1E-30	1E-10	1E10	1E-30	1E-10	1E10	1E-30	1E-10	1E10	1E-30	1E-10	1E10	1E-30	1E-10	1	-0.05	0.05
595	5.1E-12	1E10	1E10	1E-30	2.95086390595397E-10	1E10	1E-30	1E10	0.209999999999999	1E-30	2.0392065739932E-11	0.560231947856481	1.54811998316578E-11	2.64656305907231E-11	9.583713814167	1E10	1E-30	1E-10	1E10	1E-30	1E-10	1E10	1E-30	1E-10	1E10	1E-30	1E-10	1E10	1E-30	1E-10	1E10	1E-30	1E-10	1E10	1E-30	1E-10	1E10	1E-30	1E-10	1E10	1E-30	1E-10	1E10	1E-30	1E-10	1E10	1E-30	1E-10	1E10	1E-30	1E-10	1E10	1E-30	1E-10	1	-0.1	0.1
596	5.1E-12	1E10	1E10	1E-30	2.95086390595397E-10	1E10	1E-30	1E10	0.209999999999999	1E-30	2.0392065739932E-11	0.560231947856481	1.54811998316578E-11	2.64656305907231E-11	9.583713814167	1E10	1E-30	1E-10	1E10	1E-30	1E-10	1E10	1E-30	1E-10	1E10	1E-30	1E-10	1E10	1E-30	1E-10	1E10	1E-30	1E-10	1E10	1E-30	1E-10	1E10	1E-30	1E-10	1E10	1E-30	1E-10	1E10	1E-30	1E-10	1E10	1E-30	1E-10	1E10	1E-30	1E-10	1E10	1E-30	1E-10	1	-0.25	0.25
597	5.1E-12	1E10	1E10	1E-30	2.95086390595397E-10	1E10	1E-30	1E10	0.209999999999999	1E-30	2.0392065739932E-11	0.560231947856481	1.54811998316578E-11	2.64656305907231E-11	9.583713814167	1E10	1E-30	1E-10	1E10	1E-30	1E-10	1E10	1E-30	1E-10	1E10	1E-30	1E-10	1E10	1E-30	1E-10	1E10	1E-30	1E-10	1E10	1E-30	1E-10	1E10	1E-30	1E-10	1E10	1E-30	1E-10	1E10	1E-30	1E-10	1E10	1E-30	1E-10	1E10	1E-30	1E-10	1E10	1E-30	1E-10	1	-0.5	0.5
598	5.1E-12	1E10	1E10	1E-30	2.95086390595397E-10	1E10	1E-30	1E10	0.209999999999999	1E-30	2.0392065739932E-11	0.560231947856481	1.54811998316578E-11	2.64656305907231E-11	9.583713814167	1E10	1E-30	1E-10	1E10	1E-30	1E-10	1E10	1E-30	1E-10	1E10	1E-30	1E-10	1E10	1E-30	1E-10	1E10	1E-30	1E-10	1E10	1E-30	1E-10	1E10	1E-30	1E-10	1E10	1E-30	1E-10	1E10	1E-30	1E-10	1E10	1E-30	1E-10	1E10	1E-30	1E-10	1E10	1E-30	1E-10	1	-0.05	0.05
599	5.1E-12	1E10	1E10	1E-30	2.95086390595397E-10	1E10	1E-30	1E10	0.209999999999999	1E-30	2.0392065739932E-11	0.560231947856481	1.54811998316578E-11	2.64656305907231E-11	9.583713814167	1E10	1E-30	1E-10	1E10	1E-30	1E-10	1E10	1E-30	1E-10	1E10	1E-30	1E-10	1E10	1E-30	1E-10	1E10	1E-30	1E-10	1E10	1E-30	1E-10	1E10	1E-30	1E-10	1E10	1E-30	1E-10	1E10	1E-30	1E-10	1E10	1E-30	1E-10	1E10	1E-30	1E-10	1E10	1E-30	1E-10	1	-0.1	0.1
600	5.1E-12	1E10	1E10	1E-30	2.95086390595397E-10	1E10	1E-30	1E10	0.209999999999999	1E-30	2.0392065739932E-11	0.560231947856481	1.54811998316578E-11	2.64656305907231E-11	9.583713814167	1E10	1E-30	1E-10	1E10	1E-30	1E-10	1E10	1E-30	1E-10	1E10	1E-30	1E-10	1E10	1E-30	1E-10	1E10	1E-30	1E-10	1E10	1E-30	1E-10	1E10	1E-30	1E-10	1E10	1E-30	1E-10	1E10	1E-30	1E-10	1E10	1E-30	1E-10	1E10	1E-30	1E-10	1E10	1E-30	1E-10	1	-0.25	0.25
601	5.1E-12	1E10	1E10	1E-30	2.95086390595397E-10	1E10	1E-30	1E10	0.209999999999999	1E-30	2.0392065739932E-11	0.560231947856481	1.54811998316578E-11	2.64656305907231E-11	9.583713814167	1E10	1E-30	1E-10	1E10	1E-30	1E-10	1E10	1E-30	1E-10	1E10	1E-30	1E-10	1E10	1E-30	1E-10	1E10	1E-30	1E-10	1E10	1E-30	1E-10	1E10	1E-30	1E-10	1E10	1E-30	1E-10	1E10	1E-30	1E-10	1E10	1E-30	1E-10	1E10	1E-30	1E-10	1E10	1E-30	1E-10	1	-0.5	0.5
602	5.1E-12	1E10	1E10	1E-30	2.95086390595397E-10	1E10	1E-30	1E10	0.209999999999999	1E-30	2.0392065739932E-11	0.560231947856481	1.54811998316578E-11	2.64656305907231E-11	9.583713814167	1E10	1E-30	1E-10	1E10	1E-30	1E-10	1E10	1E-30	1E-10	1E10	1E-30	1E-10	1E10	1E-30	1E-10	1E10	1E-30	1E-10	1E10	1E-30	1E-10	1E10	1E-30	1E-10	1E10	1E-30	1E-10	1E10	1E-30	1E-10	1E10	1E-30	1E-10	1E10	1E-30	1E-10	1E10	1E-30	1E-10	1	-0.5	0.5
603	5.1E-12	1E10	1E10	1E-30	2.95086390595397E-10	1E10	1E-30	1E10	0.209999999999999	1E-30	2.0392065739932E-11	0.560231947856481	1.54811998316578E-11	2.64656305907231E-11	9.583713814167	1E10	1E-30	1E-10	1E10	1E-30	1E-10	1E10	1E-30	1E-10	1E10	1E-30	1E-10	1E10	1E-30	1E-10	1E10	1E-30	1E-10	1E10	1E-30	1E-10	1E10	1E-30	1E-10	1E10	1E-30	1E-10	1E10	1E-30	1E-10	1E10	1E-30	1E-10	1E10	1E-30	1E-10	1E10	1E-30	1E-10	1	-0.05	0.05
604	5.1E-12	1E10	1E10	1E-30	2.95086390595397E-10	1E10	1E-30	1E10	0.209999999999999	1E-30	2.0392065739932E-11	0.560231947856481	1.54811998316578E-11	2.64656305907231E-11	9.583713814167	1E10	1E-30	1E-10	1E10	1E-30	1E-10	1E10	1E-30	1E-10	1E10	1E-30	1E-10	1E10	1E-30	1E-10	1E10	1E-30	1E-10	1E10	1E-30	1E-10	1E10	1E-30	1E-10	1E10	1E-30	1E-10	1E10	1E-30	1E-10	1E10	1E-30	1E-10	1E10	1E-30	1E-10	1E10	1E-30	1E-10	1	-0.1	0.1
605	5.1E-12	1E10	1E10	1E-30	2.95086390595397E-10	1E10	1E-30	1E10	0.209999999999999	1E-30	2.0392065739932E-11	0.560231947856481	1.54811998316578E-11	2.64656305907231E-11	9.583713814167	1E10	1E-30	1E-10	1E10	1E-30	1E-10	1E10	1E-30	1E-10	1E10	1E-30	1E-10	1E10	1E-30	1E-10	1E10	1E-30	1E-10	1E10	1E-30	1E-10	1E10	1E-30	1E-10	1E10	1E-30	1E-10	1E10	1E-30	1E-10	1E10	1E-30	1E-10	1E10	1E-30	1E-10	1E10	1E-30	1E-10	1	-0.25	0.25
606	5.1E-12	1E10	1E10	1E-30	2.95086390595397E-10	1E10	1E-30	1E10	0.209999999999999	1E-30	2.0392065739932E-11	0.560231947856481	1.54811998316578E-11	2.64656305907231E-11	9.583713814167	1E10	1E-30	1E-10	1E10	1E-30	1E-10	1E10	1E-30	1E-10	1E10	1E-30	1E-10	1E10	1E-30	1E-10	1E10	1E-30	1E-10	1E10	1E-30	1E-10	1E10	1E-30	1E-10	1E10	1E-30	1E-10	1E10	1E-30	1E-10	1E10	1E-30	1E-10	1E10	1E-30	1E-10	1E10	1E-30	1E-10	1	-0.5	0.5
607	5.1E-12	1E10	1E10	1E-30	2.95086390595397E-10	1E10	1E-30	1E10	0.209999999999999	1E-30	2.0392065739932E-11	0.560231947856481	1.54811998316578E-11	2.64656305907231E-11	9.583713814167	1E10	1E-30	1E-10	1E10	1E-30	1E-10	1E10	1E-30	1E-10	1E10	1E-30	1E-10	1E10	1E-30	1E-10	1E10	1E-30	1E-10	1E10	1E-30	1E-10	1E10	1E-30	1E-10	1E10	1E-30	1E-10	1E10	1E-30	1E-10	1E10	1E-30	1E-10	1E10	1E-30	1E-10	1E10	1E-30	1E-10	1	-0.05	0.05
608	5.1E-12	1E10	1E10	1E-30	2.95086390595397E-10	1E10	1E-30	1E10	0.209999999999999	1E-30	2.0392065739932E-11	0.560231947856481	1.54811998316578E-11	2.64656305907231E-11	9.583713814167	1E10	1E-30	1E-10	1E10	1E-30	1E-10	1E10	1E-30	1E-10	1E10	1E-30	1E-10	1E10	1E-30	1E-10	1E10	1E-30	1E-10	1E10	1E-30	1E-10	1E10	1E-30	1E-10	1E10	1E-30	1E-10	1E10	1E-30	1E-10	1E10	1E-30	1E-10	1E10	1E-30	1E-10	1E10	1E-30	1E-10	1	-0.1	0.1
609	5.1E-12	1E10	1E10	1E-30	2.95086390595397E-10	1E10	1E-30	1E10	0.209999999999999	1E-30	2.0392065739932E-11	0.560231947856481	1.54811998316578E-11	2.64656305907231E-11	9.583713814167	1E10	1E-30	1E-10	1E10	1E-30	1E-10	1E10	1E-30	1E-10	1E10	1E-30	1E-10	1E10	1E-30	1E-10	1E10	1E-30	1E-10	1E10	1E-30	1E-10	1E10	1E-30	1E-10	1E10	1E-30	1E-10	1E10	1E-30	1E-10	1E10	1E-30	1E-10	1E10	1E-30	1E-10	1E10	1E-30	1E-10	1	-0.25	0.25
610	5.1E-12	1E10	1E10	1E-30	2.95086390595397E-10	1E10	1E-30	1E10	0.209999999999999	1E-30	2.0392065739932E-11	0.560231947856481	1.54811998316578E-11	2.64656305907231E-11	9.583713814167	1E10	1E-30	1E-10	1E10	1E-30	1E-10	1E10	1E-30	1E-10	1E10	1E-30	1E-10	1E10	1E-30	1E-10	1E10	1E-30	1E-10	1E10	1E-30	1E-10	1E10	1E-30	1E-10	1E10	1E-30	1E-10	1E10	1E-30	1E-10	1E10	1E-30	1E-10	1E10	1E-30	1E-10	1E10	1E-30	1E-10	1	-0.5	0.5
611	5.2E-12	1E10	1E10	1E-30	2.95086390595397E-10	1E10	1E-30	1E10	0.209999999999999	1E-30	2.0392065739932E-11	0.560231947856481	1.54811998316578E-11	2.64656305907231E-11	9.583713814167	1E10	1E-30	1E-10	1E10	1E-30	1E-10	1E10	1E-30	1E-10	1E10	1E-30	1E-10	1E10	1E-30	1E-10	1E10	1E-30	1E-10	1E10	1E-30	1E-10	1E10	1E-30	1E-10	1E10	1E-30	1E-10	1E10	1E-30	1E-10	1E10	1E-30	1E-10	1E10	1E-30	1E-10	1E10	1E-30	1E-10	1	-0.05	0.05
612	5.2E-12	1E10	1E10	1E-30	2.95086390595397E-10	1E10	1E-30	1E10	0.209999999999999	1E-30	2.0392065739932E-11	0.560231947856481	1.54811998316578E-11	2.64656305907231E-11	9.583713814167	1E10	1E-30	1E-10	1E10	1E-30	1E-10	1E10	1E-30	1E-10	1E10	1E-30	1E-10	1E10	1E-30	1E-10	1E10	1E-30	1E-10	1E10	1E-30	1E-10	1E10	1E-30	1E-10	1E10	1E-30	1E-10	1E10	1E-30	1E-10	1E10	1E-30	1E-10	1E10	1E-30	1E-10	1E10	1E-30	1E-10	1	-0.1	0.1
613	5.2E-12	1E10	1E10	1E-30	2.95086390595397E-10	1E10	1E-30	1E10	0.209999999999999	1E-30	2.0392065739932E-11	0.560231947856481	1.54811998316578E-11	2.64656305907231E-11	9.583713814167	1E10	1E-30	1E-10	1E10	1E-30	1E-10	1E10	1E-30	1E-10	1E10	1E-30	1E-10	1E10	1E-30	1E-10	1E10	1E-30	1E-10	1E10	1E-30	1E-10	1E10	1E-30	1E-10	1E10	1E-30	1E-10	1E10	1E-30	1E-10	1E10	1E-30	1E-10	1E10	1E-30	1E-10	1E10	1E-30	1E-10	1	-0.25	0.25
614	5.2E-12	1E10	1E10	1E-30	2.95086390595397E-10	1E10	1E-30	1E10	0.209999999999999	1E-30	2.0392065739932E-11	0.560231947856481	1.54811998316578E-11	2.64656305907231E-11	9.583713814167	1E10	1E-30	1E-10	1E10	1E-30	1E-10	1E10	1E-30	1E-10	1E10	1E-30	1E-10	1E10	1E-30	1E-10	1E10	1E-30	1E-10	1E10	1E-30	1E-10	1E10	1E-30	1E-10	1E10	1E-30	1E-10	1E10	1E-30	1E-10	1E10	1E-30	1E-10	1E10	1E-30	1E-10	1E10	1E-30	1E-10	1	-0.5	0.5
615	5.2E-12	1E10	1E10	1E-30	2.95086390595397E-10	1E10	1E-30	1E10	0.209999999999999	1E-30	2.0392065739932E-11	0.560231947856481	1.54811998316578E-11	2.64656305907231E-11	9.583713814167	1E10	1E-30	1E-10	1E10	1E-30	1E-10	1E10	1E-30	1E-10	1E10	1E-30	1E-10	1E10	1E-30	1E-10	1E10	1E-30	1E-10	1E10	1E-30	1E-10	1E10	1E-30	1E-10	1E10	1E-30	1E-10	1E10	1E-30	1E-10	1E10	1E-30	1E-10	1E10	1E-30	1E-10	1E10	1E-30	1E-10	1	-0.05	0.05
616	5.2E-12	1E10	1E10	1E-30	2.95086390595397E-10	1E10	1E-30	1E10	0.209999999999999	1E-30	2.0392065739932E-11	0.560231947856481	1.54811998316578E-11	2.64656305907231E-11	9.583713814167	1E10	1E-30	1E-10	1E10	1E-30	1E-10	1E10	1E-30	1E-10	1E10	1E-30	1E-10	1E10	1E-30	1E-10	1E10	1E-30	1E-10	1E10	1E-30	1E-10	1E10	1E-30	1E-10	1E10	1E-30	1E-10	1E10	1E-30	1E-10	1E10	1E-30	1E-10	1E10	1E-30	1E-10	1E10	1E-30	1E-10	1	-0.1	0.1
617	5.2E-12	1E10	1E10	1E-30	2.95086390595397E-10	1E10	1E-30	1E10	0.209999999999999	1E-30	2.0392065739932E-11	0.560231947856481	1.54811998316578E-11	2.64656305907231E-11	9.583713814167	1E10	1E-30	1E-10	1E10	1E-30	1E-10	1E10	1E-30	1E-10	1E10	1E-30	1E-10	1E10	1E-30	1E-10	1E10	1E-30	1E-10	1E10	1E-30	1E-10	1E10	1E-30	1E-10	1E10	1E-30	1E-10	1E10	1E-30	1E-10	1E10	1E-30	1E-10	1E10	1E-30	1E-10	1E10	1E-30	1E-10	1	-0.25	0.25
618	5.2E-12	1E10	1E10	1E-30	2.95086390595397E-10	1E10	1E-30	1E10	0.209999999999999	1E-30	2.0392065739932E-11	0.560231947856481	1.54811998316578E-11	2.64656305907231E-11	9.583713814167	1E10	1E-30	1E-10	1E10	1E-30	1E-10	1E10	1E-30	1E-10	1E10	1E-30	1E-10	1E10	1E-30	1E-10	1E10	1E-30	1E-10	1E10	1E-30	1E-10	1E10	1E-30	1E-10	1E10	1E-30	1E-10	1E10	1E-30	1E-10	1E10	1E-30	1E-10	1E10	1E-30	1E-10	1E10	1E-30	1E-10	1	-0.5	0.5
619	5.2E-12	1E10	1E10	1E-30	2.95086390595397E-10	1E10	1E-30	1E10	0.209999999999999	1E-30	2.0392065739932E-11	0.560231947856481	1.54811998316578E-11	2.64656305907231E-11	9.583713814167	1E10	1E-30	1E-10	1E10	1E-30	1E-10	1E10	1E-30	1E-10	1E10	1E-30	1E-10	1E10	1E-30	1E-10	1E10	1E-30	1E-10	1E10	1E-30	1E-10	1E10	1E-30	1E-10	1E10	1E-30	1E-10	1E10	1E-30	1E-10	1E10	1E-30	1E-10	1E10	1E-30	1E-10	1E10	1E-30	1E-10	1	-0.05	0.05
620	5.2E-12	1E10	1E10	1E-30	2.95086390595397E-10	1E10	1E-30	1E10	0.209999999999999	1E-30	2.0392065739932E-11	0.560231947856481	1.54811998316578E-11	2.64656305907231E-11	9.583713814167	1E10	1E-30	1E-10	1E10	1E-30	1E-10	1E10	1E-30	1E-10	1E10	1E-30	1E-10	1E10	1E-30	1E-10	1E10	1E-30	1E-10	1E10	1E-30	1E-10	1E10	1E-30	1E-10	1E10	1E-30	1E-10	1E10	1E-30	1E-10	1E10	1E-30	1E-10	1E10	1E-30	1E-10	1E10	1E-30	1E-10	1	-0.1	0.1
621	5.2E-12	1E10	1E10	1E-30	2.95086390595397E-10	1E10	1E-30	1E10	0.209999999999999	1E-30	2.0392065739932E-11	0.560231947856481	1.54811998316578E-11	2.64656305907231E-11	9.583713814167	1E10	1E-30	1E-10	1E10	1E-30	1E-10	1E10	1E-30	1E-10	1E10	1E-30	1E-10	1E10	1E-30	1E-10	1E10	1E-30	1E-10	1E10	1E-30	1E-10	1E10	1E-30	1E-10	1E10	1E-30	1E-10	1E10	1E-30	1E-10	1E10	1E-30	1E-10	1E10	1E-30	1E-10	1E10	1E-30	1E-10	1	-0.25	0.25
622	5.2E-12	1E10	1E10	1E-30	2.95086390595397E-10	1E10	1E-30	1E10	0.209999999999999	1E-30	2.0392065739932E-11	0.560231947856481	1.54811998316578E-11	2.64656305907231E-11	9.583713814167	1E10	1E-30	1E-10	1E10	1E-30	1E-10	1E10	1E-30	1E-10	1E10	1E-30	1E-10	1E10	1E-30	1E-10	1E10	1E-30	1E-10	1E10	1E-30	1E-10	1E10	1E-30	1E-10	1E10	1E-30	1E-10	1E10	1E-30	1E-10	1E10	1E-30	1E-10	1E10	1E-30	1E-10	1E10	1E-30	1E-10	1	-0.5	0.5
623	5.2E-12	1E10	1E10	1E-30	2.95086390595397E-10	1E10	1E-30	1E10	0.209999999999999	1E-30	2.0392065739932E-11	0.560231947856481	1.54811998316578E-11	2.64656305907231E-11	9.583713814167	1E10	1E-30	1E-10	1E10	1E-30	1E-10	1E10	1E-30	1E-10	1E10	1E-30	1E-10	1E10	1E-30	1E-10	1E10	1E-30	1E-10	1E10	1E-30	1E-10	1E10	1E-30	1E-10	1E10	1E-30	1E-10	1E10	1E-30	1E-10	1E10	1E-30	1E-10	1E10	1E-30	1E-10	1E10	1E-30	1E-10	1	-0.05	0.05
624	5.2E-12	1E10	1E10	1E-30	2.95086390595397E-10	1E10	1E-30	1E10	0.209999999999999	1E-30	2.0392065739932E-11	0.560231947856481	1.54811998316578E-11	2.64656305907231E-11	9.583713814167	1E10	1E-30	1E-10	1E10	1E-30	1E-10	1E10	1E-30	1E-10	1E10	1E-30	1E-10	1E10	1E-30	1E-10	1E10	1E-30	1E-10	1E10	1E-30	1E-10	1E10	1E-30	1E-10	1E10	1E-30	1E-10	1E10	1E-30	1E-10	1E10	1E-30	1E-10	1E10	1E-30	1E-10	1E10	1E-30	1E-10	1	-0.1	0.1
625	5.2E-12	1E10	1E10	1E-30	2.95086390595397E-10	1E10	1E-30	1E10	0.209999999999999	1E-30	2.0392065739932E-11	0.560231947856481	1.54811998316578E-11	2.64656305907231E-11	9.583713814167	1E10	1E-30	1E-10	1E10	1E-30	1E-10	1E10	1E-30	1E-10	1E10	1E-30	1E-10	1E10	1E-30	1E-10	1E10	1E-30	1E-10	1E10	1E-30	1E-10	1E10	1E-30	1E-10	1E10	1E-30	1E-10	1E10	1E-30	1E-10	1E10	1E-30	1E-10	1E10	1E-30	1E-10	1E10	1E-30	1E-10	1	-0.25	0.25
626	5.2E-12	1E10	1E10	1E-30	2.95086390595397E-10	1E10	1E-30	1E10	0.209999999999999	1E-30	2.0392065739932E-11	0.560231947856481	1.54811998316578E-11	2.64656305907231E-11	9.583713814167	1E10	1E-30	1E-10	1E10	1E-30	1E-10	1E10	1E-30	1E-10	1E10	1E-30	1E-10	1E10	1E-30	1E-10	1E10	1E-30	1E-10	1E10	1E-30	1E-10	1E10	1E-30	1E-10	1E10	1E-30	1E-10	1E10	1E-30	1E-10	1E10	1E-30	1E-10	1E10	1E-30	1E-10	1E10	1E-30	1E-10	1	-0.5	0.5
627	5.3E-12	1E10	1E10	1E-30	2.90210439177964E-10	1E10	1E-30	1E10	0.209999999999999	1E-30	2.11355106974028E-11	0.482253233867251	4.17746666868391E-11	9.64113833633884E-12	1.92914684138428	1.33086460180003E-11	2.11760500245018E-11	1E5	1E10	1E-30	1E-10	1E10	1E-30	1E-10	1E10	1E-30	1E-10	1E10	1E-30	1E-10	1E10	1E-30	1E-10	1E10	1E-30	1E-10	1E10	1E-30	1E-10	1E10	1E-30	1E-10	1E10	1E-30	1E-10	1E10	1E-30	1E-10	1E10	1E-30	1E-10	1E10	1E-30	1E-10	1	-0.05	0.05
628	5.3E-12	1E10	1E10	1E-30	2.90210439177964E-10	1E10	1E-30	1E10	0.209999999999999	1E-30	2.11355106974028E-11	0.482253233867251	4.17746666868391E-11	9.64113833633884E-12	1.92914684138428	1.33086460180003E-11	2.11760500245018E-11	1E5	1E10	1E-30	1E-10	1E10	1E-30	1E-10	1E10	1E-30	1E-10	1E10	1E-30	1E-10	1E10	1E-30	1E-10	1E10	1E-30	1E-10	1E10	1E-30	1E-10	1E10	1E-30	1E-10	1E10	1E-30	1E-10	1E10	1E-30	1E-10	1E10	1E-30	1E-10	1E10	1E-30	1E-10	1	-0.1	0.1
629	5.3E-12	1E10	1E10	1E-30	2.90210439177964E-10	1E10	1E-30	1E10	0.209999999999999	1E-30	2.11355106974028E-11	0.482253233867251	4.17746666868391E-11	9.64113833633884E-12	1.92914684138428	1.33086460180003E-11	2.11760500245018E-11	1E5	1E10	1E-30	1E-10	1E10	1E-30	1E-10	1E10	1E-30	1E-10	1E10	1E-30	1E-10	1E10	1E-30	1E-10	1E10	1E-30	1E-10	1E10	1E-30	1E-10	1E10	1E-30	1E-10	1E10	1E-30	1E-10	1E10	1E-30	1E-10	1E10	1E-30	1E-10	1E10	1E-30	1E-10	1	-0.25	0.25
630	5.3E-12	1E10	1E10	1E-30	2.90210439177964E-10	1E10	1E-30	1E10	0.209999999999999	1E-30	2.11355106974028E-11	0.482253233867251	4.17746666868391E-11	9.64113833633884E-12	1.92914684138428	1.33086460180003E-11	2.11760500245018E-11	1E5	1E10	1E-30	1E-10	1E10	1E-30	1E-10	1E10	1E-30	1E-10	1E10	1E-30	1E-10	1E10	1E-30	1E-10	1E10	1E-30	1E-10	1E10	1E-30	1E-10	1E10	1E-30	1E-10	1E10	1E-30	1E-10	1E10	1E-30	1E-10	1E10	1E-30	1E-10	1E10	1E-30	1E-10	1	-0.5	0.5
631	5.3E-12	1E10	1E10	1E-30	2.90210439177964E-10	1E10	1E-30	1E10	0.209999999999999	1E-30	2.11355106974028E-11	0.482253233867251	4.17746666868391E-11	9.64113833633884E-12	1.92914684138428	1.33086460180003E-11	2.11760500245018E-11	1E5	1E10	1E-30	1E-10	1E10	1E-30	1E-10	1E10	1E-30	1E-10	1E10	1E-30	1E-10	1E10	1E-30	1E-10	1E10	1E-30	1E-10	1E10	1E-30	1E-10	1E10	1E-30	1E-10	1E10	1E-30	1E-10	1E10	1E-30	1E-10	1E10	1E-30	1E-10	1E10	1E-30	1E-10	1	-0.05	0.05
632	5.3E-12	1E10	1E10	1E-30	2.90210439177964E-10	1E10	1E-30	1E10	0.209999999999999	1E-30	2.11355106974028E-11	0.482253233867251	4.17746666868391E-11	9.64113833633884E-12	1.92914684138428	1.33086460180003E-11	2.11760500245018E-11	1E5	1E10	1E-30	1E-10	1E10	1E-30	1E-10	1E10	1E-30	1E-10	1E10	1E-30	1E-10	1E10	1E-30	1E-10	1E10	1E-30	1E-10	1E10	1E-30	1E-10	1E10	1E-30	1E-10	1E10	1E-30	1E-10	1E10	1E-30	1E-10	1E10	1E-30	1E-10	1E10	1E-30	1E-10	1	-0.1	0.1
633	5.3E-12	1E10	1E10	1E-30	2.90210439177964E-10	1E10	1E-30	1E10	0.209999999999999	1E-30	2.11355106974028E-11	0.482253233867251	4.17746666868391E-11	9.64113833633884E-12	1.92914684138428	1.33086460180003E-11	2.11760500245018E-11	1E5	1E10	1E-30	1E-10	1E10	1E-30	1E-10	1E10	1E-30	1E-10	1E10	1E-30	1E-10	1E10	1E-30	1E-10	1E10	1E-30	1E-10	1E10	1E-30	1E-10	1E10	1E-30	1E-10	1E10	1E-30	1E-10	1E10	1E-30	1E-10	1E10	1E-30	1E-10	1E10	1E-30	1E-10	1	-0.25	0.25
634	5.3E-12	1E10	1E10	1E-30	2.90210439177964E-10	1E10	1E-30	1E10	0.209999999999999	1E-30	2.11355106974028E-11	0.482253233867251	4.17746666868391E-11	9.64113833633884E-12	1.92914684138428	1.33086460180003E-11	2.11760500245018E-11	1E5	1E10	1E-30	1E-10	1E10	1E-30	1E-10	1E10	1E-30	1E-10	1E10	1E-30	1E-10	1E10	1E-30	1E-10	1E10	1E-30	1E-10	1E10	1E-30	1E-10	1E10	1E-30	1E-10	1E10	1E-30	1E-10	1E10	1E-30	1E-10	1E10	1E-30	1E-10	1E10	1E-30	1E-10	1	-0.5	0.5
635	5.3E-12	1E10	1E10	1E-30	2.90210439177964E-10	1E10	1E-30	1E10	0.209999999999999	1E-30	2.11355106974028E-11	0.482253233867251	4.17746666868391E-11	9.64113833633884E-12	1.92914684138428	1.33086460180003E-11	2.11760500245018E-11	1E5	1E10	1E-30	1E-10	1E10	1E-30	1E-10	1E10	1E-30	1E-10	1E10	1E-30	1E-10	1E10	1E-30	1E-10	1E10	1E-30	1E-10	1E10	1E-30	1E-10	1E10	1E-30	1E-10	1E10	1E-30	1E-10	1E10	1E-30	1E-10	1E10	1E-30	1E-10	1E10	1E-30	1E-10	1	-0.05	0.05
636	5.3E-12	1E10	1E10	1E-30	2.90210439177964E-10	1E10	1E-30	1E10	0.209999999999999	1E-30	2.11355106974028E-11	0.482253233867251	4.17746666868391E-11	9.64113833633884E-12	1.92914684138428	1.33086460180003E-11	2.11760500245018E-11	1E5	1E10	1E-30	1E-10	1E10	1E-30	1E-10	1E10	1E-30	1E-10	1E10	1E-30	1E-10	1E10	1E-30	1E-10	1E10	1E-30	1E-10	1E10	1E-30	1E-10	1E10	1E-30	1E-10	1E10	1E-30	1E-10	1E10	1E-30	1E-10	1E10	1E-30	1E-10	1E10	1E-30	1E-10	1	-0.1	0.1
637	5.3E-12	1E10	1E10	1E-30	2.90210439177964E-10	1E10	1E-30	1E10	0.209999999999999	1E-30	2.11355106974028E-11	0.482253233867251	4.17746666868391E-11	9.64113833633884E-12	1.92914684138428	1.33086460180003E-11	2.11760500245018E-11	1E5	1E10	1E-30	1E-10	1E10	1E-30	1E-10	1E10	1E-30	1E-10	1E10	1E-30	1E-10	1E10	1E-30	1E-10	1E10	1E-30	1E-10	1E10	1E-30	1E-10	1E10	1E-30	1E-10	1E10	1E-30	1E-10	1E10	1E-30	1E-10	1E10	1E-30	1E-10	1E10	1E-30	1E-10	1	-0.25	0.25
638	5.3E-12	1E10	1E10	1E-30	2.90210439177964E-10	1E10	1E-30	1E10	0.209999999999999	1E-30	2.11355106974028E-11	0.482253233867251	4.17746666868391E-11	9.64113833633884E-12	1.92914684138428	1.33086460180003E-11	2.11760500245018E-11	1E5	1E10	1E-30	1E-10	1E10	1E-30	1E-10	1E10	1E-30	1E-10	1E10	1E-30	1E-10	1E10	1E-30	1E-10	1E10	1E-30	1E-10	1E10	1E-30	1E-10	1E10	1E-30	1E-10	1E10	1E-30	1E-10	1E10	1E-30	1E-10	1E10	1E-30	1E-10	1E10	1E-30	1E-10	1	-0.5	0.5
639	5.3E-12	1E10	1E10	1E-30	2.90210439177964E-10	1E10	1E-30	1E10	0.209999999999999	1E-30	2.11355106974028E-11	0.482253233867251	4.17746666868391E-11	9.64113833633884E-12	1.92914684138428	1.33086460180003E-11	2.11760500245018E-11	1E5	1E10	1E-30	1E-10	1E10	1E-30	1E-10	1E10	1E-30	1E-10	1E10	1E-30	1E-10	1E10	1E-30	1E-10	1E10	1E-30	1E-10	1E10	1E-30	1E-10	1E10	1E-30	1E-10	1E10	1E-30	1E-10	1E10	1E-30	1E-10	1E10	1E-30	1E-10	1E10	1E-30	1E-10	1	-0.05	0.05
640	5.3E-12	1E10	1E10	1E-30	2.90210439177964E-10	1E10	1E-30	1E10	0.209999999999999	1E-30	2.11355106974028E-11	0.482253233867251	4.17746666868391E-11	9.64113833633884E-12	1.92914684138428	1.33086460180003E-11	2.11760500245018E-11	1E5	1E10	1E-30	1E-10	1E10	1E-30	1E-10	1E10	1E-30	1E-10	1E10	1E-30	1E-10	1E10	1E-30	1E-10	1E10	1E-30	1E-10	1E10	1E-30	1E-10	1E10	1E-30	1E-10	1E10	1E-30	1E-10	1E10	1E-30	1E-10	1E10	1E-30	1E-10	1E10	1E-30	1E-10	1	-0.1	0.1
641	5.3E-12	1E10	1E10	1E-30	2.90210439177964E-10	1E10	1E-30	1E10	0.209999999999999	1E-30	2.11355106974028E-11	0.482253233867251	4.17746666868391E-11	9.64113833633884E-12	1.92914684138428	1.33086460180003E-11	2.11760500245018E-11	1E5	1E10	1E-30	1E-10	1E10	1E-30	1E-10	1E10	1E-30	1E-10	1E10	1E-30	1E-10	1E10	1E-30	1E-10	1E10	1E-30	1E-10	1E10	1E-30	1E-10	1E10	1E-30	1E-10	1E10	1E-30	1E-10	1E10	1E-30	1E-10	1E10	1E-30	1E-10	1E10	1E-30	1E-10	1	-0.25	0.25
642	5.3E-12	1E10	1E10	1E-30	2.90210439177964E-10	1E10	1E-30	1E10	0.209999999999999	1E-30	2.11355106974028E-11	0.482253233867251	4.17746666868391E-11	9.64113833633884E-12	1.92914684138428	1.33086460180003E-11	2.11760500245018E-11	1E5	1E10	1E-30	1E-10	1E10	1E-30	1E-10	1E10	1E-30	1E-10	1E10	1E-30	1E-10	1E10	1E-30	1E-10	1E10	1E-30	1E-10	1E10	1E-30	1E-10	1E10	1E-30	1E-10	1E10	1E-30	1E-10	1E10	1E-30	1E-10	1E10	1E-30	1E-10	1E10	1E-30	1E-10	1	-0.5	0.5
643	5.4E-12	1E10	1E10	1E-30	2.90210439177964E-10	1E10	1E-30	1E10	0.209999999999999	1E-30	2.11355106974028E-11	0.482253233867251	4.17746666868391E-11	9.64113833633884E-12	1.92914684138428	1.33086460180003E-11	2.11760500245018E-11	1E5	1E10	1E-30	1E-10	1E10	1E-30	1E-10	1E10	1E-30	1E-10	1E10	1E-30	1E-10	1E10	1E-30	1E-10	1E10	1E-30	1E-10	1E10	1E-30	1E-10	1E10	1E-30	1E-10	1E10	1E-30	1E-10	1E10	1E-30	1E-10	1E10	1E-30	1E-10	1E10	1E-30	1E-10	1	-0.05	0.05
644	5.4E-12	1E10	1E10	1E-30	2.90210439177964E-10	1E10	1E-30	1E10	0.209999999999999	1E-30	2.11355106974028E-11	0.482253233867251	4.17746666868391E-11	9.64113833633884E-12	1.92914684138428	1.33086460180003E-11	2.11760500245018E-11	1E5	1E10	1E-30	1E-10	1E10	1E-30	1E-10	1E10	1E-30	1E-10	1E10	1E-30	1E-10	1E10	1E-30	1E-10	1E10	1E-30	1E-10	1E10	1E-30	1E-10	1E10	1E-30	1E-10	1E10	1E-30	1E-10	1E10	1E-30	1E-10	1E10	1E-30	1E-10	1E10	1E-30	1E-10	1	-0.1	0.1
645	5.4E-12	1E10	1E10	1E-30	2.90210439177964E-10	1E10	1E-30	1E10	0.209999999999999	1E-30	2.11355106974028E-11	0.482253233867251	4.17746666868391E-11	9.64113833633884E-12	1.92914684138428	1.33086460180003E-11	2.11760500245018E-11	1E5	1E10	1E-30	1E-10	1E10	1E-30	1E-10	1E10	1E-30	1E-10	1E10	1E-30	1E-10	1E10	1E-30	1E-10	1E10	1E-30	1E-10	1E10	1E-30	1E-10	1E10	1E-30	1E-10	1E10	1E-30	1E-10	1E10	1E-30	1E-10	1E10	1E-30	1E-10	1E10	1E-30	1E-10	1	-0.25	0.25
646	5.4E-12	1E10	1E10	1E-30	2.90210439177964E-10	1E10	1E-30	1E10	0.209999999999999	1E-30	2.11355106974028E-11	0.482253233867251	4.17746666868391E-11	9.64113833633884E-12	1.92914684138428	1.33086460180003E-11	2.11760500245018E-11	1E5	1E10	1E-30	1E-10	1E10	1E-30	1E-10	1E10	1E-30	1E-10	1E10	1E-30	1E-10	1E10	1E-30	1E-10	1E10	1E-30	1E-10	1E10	1E-30	1E-10	1E10	1E-30	1E-10	1E10	1E-30	1E-10	1E10	1E-30	1E-10	1E10	1E-30	1E-10	1E10	1E-30	1E-10	1	-0.5	0.5
647	5.4E-12	1E10	1E10	1E-30	2.90210439177964E-10	1E10	1E-30	1E10	0.209999999999999	1E-30	2.11355106974028E-11	0.482253233867251	4.17746666868391E-11	9.64113833633884E-12	1.92914684138428	1.33086460180003E-11	2.11760500245018E-11	1E5	1E10	1E-30	1E-10	1E10	1E-30	1E-10	1E10	1E-30	1E-10	1E10	1E-30	1E-10	1E10	1E-30	1E-10	1E10	1E-30	1E-10	1E10	1E-30	1E-10	1E10	1E-30	1E-10	1E10	1E-30	1E-10	1E10	1E-30	1E-10	1E10	1E-30	1E-10	1E10	1E-30	1E-10	1	-0.05	0.05
648	5.4E-12	1E10	1E10	1E-30	2.90210439177964E-10	1E10	1E-30	1E10	0.209999999999999	1E-30	2.11355106974028E-11	0.482253233867251	4.17746666868391E-11	9.64113833633884E-12	1.92914684138428	1.33086460180003E-11	2.11760500245018E-11	1E5	1E10	1E-30	1E-10	1E10	1E-30	1E-10	1E10	1E-30	1E-10	1E10	1E-30	1E-10	1E10	1E-30	1E-10	1E10	1E-30	1E-10	1E10	1E-30	1E-10	1E10	1E-30	1E-10	1E10	1E-30	1E-10	1E10	1E-30	1E-10	1E10	1E-30	1E-10	1E10	1E-30	1E-10	1	-0.1	0.1
649	5.4E-12	1E10	1E10	1E-30	2.90210439177964E-10	1E10	1E-30	1E10	0.209999999999999	1E-30	2.11355106974028E-11	0.482253233867251	4.17746666868391E-11	9.64113833633884E-12	1.92914684138428	1.33086460180003E-11	2.11760500245018E-11	1E5	1E10	1E-30	1E-10	1E10	1E-30	1E-10	1E10	1E-30	1E-10	1E10	1E-30	1E-10	1E10	1E-30	1E-10	1E10	1E-30	1E-10	1E10	1E-30	1E-10	1E10	1E-30	1E-10	1E10	1E-30	1E-10	1E10	1E-30	1E-10	1E10	1E-30	1E-10	1E10	1E-30	1E-10	1	-0.25	0.25
650	5.4E-12	1E10	1E10	1E-30	2.90210439177964E-10	1E10	1E-30	1E10	0.209999999999999	1E-30	2.11355106974028E-11	0.482253233867251	4.17746666868391E-11	9.64113833633884E-12	1.92914684138428	1.33086460180003E-11	2.11760500245018E-11	1E5	1E10	1E-30	1E-10	1E10	1E-30	1E-10	1E10	1E-30	1E-10	1E10	1E-30	1E-10	1E10	1E-30	1E-10	1E10	1E-30	1E-10	1E10	1E-30	1E-10	1E10	1E-30	1E-10	1E10	1E-30	1E-10	1E10	1E-30	1E-10	1E10	1E-30	1E-10	1E10	1E-30	1E-10	1	-0.5	0.5
651	5.4E-12	1E10	1E10	1E-30	2.90210439177964E-10	1E10	1E-30	1E10	0.209999999999999	1E-30	2.11355106974028E-11	0.482253233867251	4.17746666868391E-11	9.64113833633884E-12	1.92914684138428	1.33086460180003E-11	2.11760500245018E-11	1E5	1E10	1E-30	1E-10	1E10	1E-30	1E-10	1E10	1E-30	1E-10	1E10	1E-30	1E-10	1E10	1E-30	1E-10	1E10	1E-30	1E-10	1E10	1E-30	1E-10	1E10	1E-30	1E-10	1E10	1E-30	1E-10	1E10	1E-30	1E-10	1E10	1E-30	1E-10	1E10	1E-30	1E-10	1	-0.05	0.05
652	5.4E-12	1E10	1E10	1E-30	2.90210439177964E-10	1E10	1E-30	1E10	0.209999999999999	1E-30	2.11355106974028E-11	0.482253233867251	4.17746666868391E-11	9.64113833633884E-12	1.92914684138428	1.33086460180003E-11	2.11760500245018E-11	1E5	1E10	1E-30	1E-10	1E10	1E-30	1E-10	1E10	1E-30	1E-10	1E10	1E-30	1E-10	1E10	1E-30	1E-10	1E10	1E-30	1E-10	1E10	1E-30	1E-10	1E10	1E-30	1E-10	1E10	1E-30	1E-10	1E10	1E-30	1E-10	1E10	1E-30	1E-10	1E10	1E-30	1E-10	1	-0.1	0.1
653	5.4E-12	1E10	1E10	1E-30	2.90210439177964E-10	1E10	1E-30	1E10	0.209999999999999	1E-30	2.11355106974028E-11	0.482253233867251	4.17746666868391E-11	9.64113833633884E-12	1.92914684138428	1.33086460180003E-11	2.11760500245018E-11	1E5	1E10	1E-30	1E-10	1E10	1E-30	1E-10	1E10	1E-30	1E-10	1E10	1E-30	1E-10	1E10	1E-30	1E-10	1E10	1E-30	1E-10	1E10	1E-30	1E-10	1E10	1E-30	1E-10	1E10	1E-30	1E-10	1E10	1E-30	1E-10	1E10	1E-30	1E-10	1E10	1E-30	1E-10	1	-0.25	0.25
654	5.4E-12	1E10	1E10	1E-30	2.90210439177964E-10	1E10	1E-30	1E10	0.209999999999999	1E-30	2.11355106974028E-11	0.482253233867251	4.17746666868391E-11	9.64113833633884E-12	1.92914684138428	1.33086460180003E-11	2.11760500245018E-11	1E5	1E10	1E-30	1E-10	1E10	1E-30	1E-10	1E10	1E-30	1E-10	1E10	1E-30	1E-10	1E10	1E-30	1E-10	1E10	1E-30	1E-10	1E10	1E-30	1E-10	1E10	1E-30	1E-10	1E10	1E-30	1E-10	1E10	1E-30	1E-10	1E10	1E-30	1E-10	1E10	1E-30	1E-10	1	-0.5	0.5
655	5.4E-12	1E10	1E10	1E-30	2.90210439177964E-10	1E10	1E-30	1E10	0.209999999999999	1E-30	2.11355106974028E-11	0.482253233867251	4.17746666868391E-11	9.64113833633884E-12	1.92914684138428	1.33086460180003E-11	2.11760500245018E-11	1E5	1E10	1E-30	1E-10	1E10	1E-30	1E-10	1E10	1E-30	1E-10	1E10	1E-30	1E-10	1E10	1E-30	1E-10	1E10	1E-30	1E-10	1E10	1E-30	1E-10	1E10	1E-30	1E-10	1E10	1E-30	1E-10	1E10	1E-30	1E-10	1E10	1E-30	1E-10	1E10	1E-30	1E-10	1	-0.05	0.05
656	5.4E-12	1E10	1E10	1E-30	2.90210439177964E-10	1E10	1E-30	1E10	0.209999999999999	1E-30	2.11355106974028E-11	0.482253233867251	4.17746666868391E-11	9.64113833633884E-12	1.92914684138428	1.33086460180003E-11	2.11760500245018E-11	1E5	1E10	1E-30	1E-10	1E10	1E-30	1E-10	1E10	1E-30	1E-10	1E10	1E-30	1E-10	1E10	1E-30	1E-10	1E10	1E-30	1E-10	1E10	1E-30	1E-10	1E10	1E-30	1E-10	1E10	1E-30	1E-10	1E10	1E-30	1E-10	1E10	1E-30	1E-10	1E10	1E-30	1E-10	1	-0.1	0.1
657	5.4E-12	1E10	1E10	1E-30	2.90210439177964E-10	1E10	1E-30	1E10	0.209999999999999	1E-30	2.11355106974028E-11	0.482253233867251	4.17746666868391E-11	9.64113833633884E-12	1.92914684138428	1.33086460180003E-11	2.11760500245018E-11	1E5	1E10	1E-30	1E-10	1E10	1E-30	1E-10	1E10	1E-30	1E-10	1E10	1E-30	1E-10	1E10	1E-30	1E-10	1E10	1E-30	1E-10	1E10	1E-30	1E-10	1E10	1E-30	1E-10	1E10	1E-30	1E-10	1E10	1E-30	1E-10	1E10	1E-30	1E-10	1E10	1E-30	1E-10	1	-0.25	0.25
658	5.4E-12	1E10	1E10	1E-30	2.90210439177964E-10	1E10	1E-30	1E10	0.209999999999999	1E-30	2.11355106974028E-11	0.482253233867251	4.17746666868391E-11	9.64113833633884E-12	1.92914684138428	1.33086460180003E-11	2.11760500245018E-11	1E5	1E10	1E-30	1E-10	1E10	1E-30	1E-10	1E10	1E-30	1E-10	1E10	1E-30	1E-10	1E10	1E-30	1E-10	1E10	1E-30	1E-10	1E10	1E-30	1E-10	1E10	1E-30	1E-10	1E10	1E-30	1E-10	1E10	1E-30	1E-10	1E10	1E-30	1E-10	1E10	1E-30	1E-10	1	-0.5	0.5
659	5.49999999999999E-12	1E10	1E10	1E-30	2.90210439177964E-10	1E10	1E-30	1E10	0.209999999999999	1E-30	2.11355106974028E-11	0.482253233867251	4.17746666868391E-11	9.64113833633884E-12	1.92914684138428	1.33086460180003E-11	2.11760500245018E-11	1E5	1E10	1E-30	1E-10	1E10	1E-30	1E-10	1E10	1E-30	1E-10	1E10	1E-30	1E-10	1E10	1E-30	1E-10	1E10	1E-30	1E-10	1E10	1E-30	1E-10	1E10	1E-30	1E-10	1E10	1E-30	1E-10	1E10	1E-30	1E-10	1E10	1E-30	1E-10	1E10	1E-30	1E-10	1	-0.05	0.05
660	5.49999999999999E-12	1E10	1E10	1E-30	2.90210439177964E-10	1E10	1E-30	1E10	0.209999999999999	1E-30	2.11355106974028E-11	0.482253233867251	4.17746666868391E-11	9.64113833633884E-12	1.92914684138428	1.33086460180003E-11	2.11760500245018E-11	1E5	1E10	1E-30	1E-10	1E10	1E-30	1E-10	1E10	1E-30	1E-10	1E10	1E-30	1E-10	1E10	1E-30	1E-10	1E10	1E-30	1E-10	1E10	1E-30	1E-10	1E10	1E-30	1E-10	1E10	1E-30	1E-10	1E10	1E-30	1E-10	1E10	1E-30	1E-10	1E10	1E-30	1E-10	1	-0.1	0.1
661	5.49999999999999E-12	1E10	1E10	1E-30	2.90210439177964E-10	1E10	1E-30	1E10	0.209999999999999	1E-30	2.11355106974028E-11	0.482253233867251	4.17746666868391E-11	9.64113833633884E-12	1.92914684138428	1.33086460180003E-11	2.11760500245018E-11	1E5	1E10	1E-30	1E-10	1E10	1E-30	1E-10	1E10	1E-30	1E-10	1E10	1E-30	1E-10	1E10	1E-30	1E-10	1E10	1E-30	1E-10	1E10	1E-30	1E-10	1E10	1E-30	1E-10	1E10	1E-30	1E-10	1E10	1E-30	1E-10	1E10	1E-30	1E-10	1E10	1E-30	1E-10	1	-0.25	0.25
662	5.49999999999999E-12	1E10	1E10	1E-30	2.90210439177964E-10	1E10	1E-30	1E10	0.209999999999999	1E-30	2.11355106974028E-11	0.482253233867251	4.17746666868391E-11	9.64113833633884E-12	1.92914684138428	1.33086460180003E-11	2.11760500245018E-11	1E5	1E10	1E-30	1E-10	1E10	1E-30	1E-10	1E10	1E-30	1E-10	1E10	1E-30	1E-10	1E10	1E-30	1E-10	1E10	1E-30	1E-10	1E10	1E-30	1E-10	1E10	1E-30	1E-10	1E10	1E-30	1E-10	1E10	1E-30	1E-10	1E10	1E-30	1E-10	1E10	1E-30	1E-10	1	-0.5	0.5
663	5.49999999999999E-12	1E10	1E10	1E-30	2.90210439177964E-10	1E10	1E-30	1E10	0.209999999999999	1E-30	2.11355106974028E-11	0.482253233867251	4.17746666868391E-11	9.64113833633884E-12	1.92914684138428	1.33086460180003E-11	2.11760500245018E-11	1E5	1E10	1E-30	1E-10	1E10	1E-30	1E-10	1E10	1E-30	1E-10	1E10	1E-30	1E-10	1E10	1E-30	1E-10	1E10	1E-30	1E-10	1E10	1E-30	1E-10	1E10	1E-30	1E-10	1E10	1E-30	1E-10	1E10	1E-30	1E-10	1E10	1E-30	1E-10	1E10	1E-30	1E-10	1	-0.05	0.05
664	5.49999999999999E-12	1E10	1E10	1E-30	2.90210439177964E-10	1E10	1E-30	1E10	0.209999999999999	1E-30	2.11355106974028E-11	0.482253233867251	4.17746666868391E-11	9.64113833633884E-12	1.92914684138428	1.33086460180003E-11	2.11760500245018E-11	1E5	1E10	1E-30	1E-10	1E10	1E-30	1E-10	1E10	1E-30	1E-10	1E10	1E-30	1E-10	1E10	1E-30	1E-10	1E10	1E-30	1E-10	1E10	1E-30	1E-10	1E10	1E-30	1E-10	1E10	1E-30	1E-10	1E10	1E-30	1E-10	1E10	1E-30	1E-10	1E10	1E-30	1E-10	1	-0.1	0.1
665	5.49999999999999E-12	1E10	1E10	1E-30	2.90210439177964E-10	1E10	1E-30	1E10	0.209999999999999	1E-30	2.11355106974028E-11	0.482253233867251	4.17746666868391E-11	9.64113833633884E-12	1.92914684138428	1.33086460180003E-11	2.11760500245018E-11	1E5	1E10	1E-30	1E-10	1E10	1E-30	1E-10	1E10	1E-30	1E-10	1E10	1E-30	1E-10	1E10	1E-30	1E-10	1E10	1E-30	1E-10	1E10	1E-30	1E-10	1E10	1E-30	1E-10	1E10	1E-30	1E-10	1E10	1E-30	1E-10	1E10	1E-30	1E-10	1E10	1E-30	1E-10	1	-0.25	0.25
666	5.49999999999999E-12	1E10	1E10	1E-30	2.90210439177964E-10	1E10	1E-30	1E10	0.209999999999999	1E-30	2.11355106974028E-11	0.482253233867251	4.17746666868391E-11	9.64113833633884E-12	1.92914684138428	1.33086460180003E-11	2.11760500245018E-11	1E5	1E10	1E-30	1E-10	1E10	1E-30	1E-10	1E10	1E-30	1E-10	1E10	1E-30	1E-10	1E10	1E-30	1E-10	1E10	1E-30	1E-10	1E10	1E-30	1E-10	1E10	1E-30	1E-10	1E10	1E-30	1E-10	1E10	1E-30	1E-10	1E10	1E-30	1E-10	1E10	1E-30	1E-10	1	-0.5	0.5
667	5.49999999999999E-12	1E10	1E10	1E-30	2.90210439177964E-10	1E10	1E-30	1E10	0.209999999999999	1E-30	2.11355106974028E-11	0.482253233867251	4.17746666868391E-11	9.64113833633884E-12	1.92914684138428	1.33086460180003E-11	2.11760500245018E-11	1E5	1E10	1E-30	1E-10	1E10	1E-30	1E-10	1E10	1E-30	1E-10	1E10	1E-30	1E-10	1E10	1E-30	1E-10	1E10	1E-30	1E-10	1E10	1E-30	1E-10	1E10	1E-30	1E-10	1E10	1E-30	1E-10	1E10	1E-30	1E-10	1E10	1E-30	1E-10	1E10	1E-30	1E-10	1	-0.05	0.05
668	5.49999999999999E-12	1E10	1E10	1E-30	2.90210439177964E-10	1E10	1E-30	1E10	0.209999999999999	1E-30	2.11355106974028E-11	0.482253233867251	4.17746666868391E-11	9.64113833633884E-12	1.92914684138428	1.33086460180003E-11	2.11760500245018E-11	1E5	1E10	1E-30	1E-10	1E10	1E-30	1E-10	1E10	1E-30	1E-10	1E10	1E-30	1E-10	1E10	1E-30	1E-10	1E10	1E-30	1E-10	1E10	1E-30	1E-10	1E10	1E-30	1E-10	1E10	1E-30	1E-10	1E10	1E-30	1E-10	1E10	1E-30	1E-10	1E10	1E-30	1E-10	1	-0.1	0.1
669	5.49999999999999E-12	1E10	1E10	1E-30	2.90210439177964E-10	1E10	1E-30	1E10	0.209999999999999	1E-30	2.11355106974028E-11	0.482253233867251	4.17746666868391E-11	9.64113833633884E-12	1.92914684138428	1.33086460180003E-11	2.11760500245018E-11	1E5	1E10	1E-30	1E-10	1E10	1E-30	1E-10	1E10	1E-30	1E-10	1E10	1E-30	1E-10	1E10	1E-30	1E-10	1E10	1E-30	1E-10	1E10	1E-30	1E-10	1E10	1E-30	1E-10	1E10	1E-30	1E-10	1E10	1E-30	1E-10	1E10	1E-30	1E-10	1E10	1E-30	1E-10	1	-0.25	0.25
670	5.49999999999999E-12	1E10	1E10	1E-30	2.90210439177964E-10	1E10	1E-30	1E10	0.209999999999999	1E-30	2.11355106974028E-11	0.482253233867251	4.17746666868391E-11	9.64113833633884E-12	1.92914684138428	1.33086460180003E-11	2.11760500245018E-11	1E5	1E10	1E-30	1E-10	1E10	1E-30	1E-10	1E10	1E-30	1E-10	1E10	1E-30	1E-10	1E10	1E-30	1E-10	1E10	1E-30	1E-10	1E10	1E-30	1E-10	1E10	1E-30	1E-10	1E10	1E-30	1E-10	1E10	1E-30	1E-10	1E10	1E-30	1E-10	1E10	1E-30	1E-10	1	-0.5	0.5
671	5.49999999999999E-12	1E10	1E10	1E-30	2.90210439177964E-10	1E10	1E-30	1E10	0.209999999999999	1E-30	2.11355106974028E-11	0.482253233867251	4.17746666868391E-11	9.64113833633884E-12	1.92914684138428	1.33086460180003E-11	2.11760500245018E-11	1E5	1E10	1E-30	1E-10	1E10	1E-30	1E-10	1E10	1E-30	1E-10	1E10	1E-30	1E-10	1E10	1E-30	1E-10	1E10	1E-30	1E-10	1E10	1E-30	1E-10	1E10	1E-30	1E-10	1E10	1E-30	1E-10	1E10	1E-30	1E-10	1E10	1E-30	1E-10	1E10	1E-30	1E-10	1	-0.05	0.05
672	5.49999999999999E-12	1E10	1E10	1E-30	2.90210439177964E-10	1E10	1E-30	1E10	0.209999999999999	1E-30	2.11355106974028E-11	0.482253233867251	4.17746666868391E-11	9.64113833633884E-12	1.92914684138428	1.33086460180003E-11	2.11760500245018E-11	1E5	1E10	1E-30	1E-10	1E10	1E-30	1E-10	1E10	1E-30	1E-10	1E10	1E-30	1E-10	1E10	1E-30	1E-10	1E10	1E-30	1E-10	1E10	1E-30	1E-10	1E10	1E-30	1E-10	1E10	1E-30	1E-10	1E10	1E-30	1E-10	1E10	1E-30	1E-10	1E10	1E-30	1E-10	1	-0.1	0.1
673	5.49999999999999E-12	1E10	1E10	1E-30	2.90210439177964E-10	1E10	1E-30	1E10	0.209999999999999	1E-30	2.11355106974028E-11	0.482253233867251	4.17746666868391E-11	9.64113833633884E-12	1.92914684138428	1.33086460180003E-11	2.11760500245018E-11	1E5	1E10	1E-30	1E-10	1E10	1E-30	1E-10	1E10	1E-30	1E-10	1E10	1E-30	1E-10	1E10	1E-30	1E-10	1E10	1E-30	1E-10	1E10	1E-30	1E-10	1E10	1E-30	1E-10	1E10	1E-30	1E-10	1E10	1E-30	1E-10	1E10	1E-30	1E-10	1E10	1E-30	1E-10	1	-0.25	0.25
674	5.49999999999999E-12	1E10	1E10	1E-30	2.90210439177964E-10	1E10	1E-30	1E10	0.209999999999999	1E-30	2.11355106974028E-11	0.482253233867251	4.17746666868391E-11	9.64113833633884E-12	1.92914684138428	1.33086460180003E-11	2.11760500245018E-11	1E5	1E10	1E-30	1E-10	1E10	1E-30	1E-10	1E10	1E-30	1E-10	1E10	1E-30	1E-10	1E10	1E-30	1E-10	1E10	1E-30	1E-10	1E10	1E-30	1E-10	1E10	1E-30	1E-10	1E10	1E-30	1E-10	1E10	1E-30	1E-10	1E10	1E-30	1E-10	1E10	1E-30	1E-10	1	-0.5	0.5
675	5.59999999999999E-12	1E10	1E10	1E-30	2.50283172442322E-10	1E10	1E-30	1E10	0.21	1E-30	1.89929940236227E-11	0.310268514130999	1.63946160909121E-11	2.89378054532115E-11	10.0405784945901	8.09712668968088E-12	3.24823838155355E-11	1E5	1E10	1E-30	1E-10	1E10	1E-30	1E-10	1E10	1E-30	1E-10	1E10	1E-30	1E-10	1E10	1E-30	1E-10	1E10	1E-30	1E-10	1E10	1E-30	1E-10	1E10	1E-30	1E-10	1E10	1E-30	1E-10	1E10	1E-30	1E-10	1E10	1E-30	1E-10	1E10	1E-30	1E-10	1	-0.5	0.5
676	5.59999999999999E-12	1E10	1E10	1E-30	2.50283172442322E-10	1E10	1E-30	1E10	0.21	1E-30	1.89929940236227E-11	0.310268514130999	1.63946160909121E-11	2.89378054532115E-11	10.0405784945901	8.09712668968088E-12	3.24823838155355E-11	1E5	1E10	1E-30	1E-10	1E10	1E-30	1E-10	1E10	1E-30	1E-10	1E10	1E-30	1E-10	1E10	1E-30	1E-10	1E10	1E-30	1E-10	1E10	1E-30	1E-10	1E10	1E-30	1E-10	1E10	1E-30	1E-10	1E10	1E-30	1E-10	1E10	1E-30	1E-10	1E10	1E-30	1E-10	1	-0.05	0.05
677	5.59999999999999E-12	1E10	1E10	1E-30	2.50283172442322E-10	1E10	1E-30	1E10	0.21	1E-30	1.89929940236227E-11	0.310268514130999	1.63946160909121E-11	2.89378054532115E-11	10.0405784945901	8.09712668968088E-12	3.24823838155355E-11	1E5	1E10	1E-30	1E-10	1E10	1E-30	1E-10	1E10	1E-30	1E-10	1E10	1E-30	1E-10	1E10	1E-30	1E-10	1E10	1E-30	1E-10	1E10	1E-30	1E-10	1E10	1E-30	1E-10	1E10	1E-30	1E-10	1E10	1E-30	1E-10	1E10	1E-30	1E-10	1E10	1E-30	1E-10	1	-0.1	0.1
678	5.59999999999999E-12	1E10	1E10	1E-30	2.50283172442322E-10	1E10	1E-30	1E10	0.21	1E-30	1.89929940236227E-11	0.310268514130999	1.63946160909121E-11	2.89378054532115E-11	10.0405784945901	8.09712668968088E-12	3.24823838155355E-11	1E5	1E10	1E-30	1E-10	1E10	1E-30	1E-10	1E10	1E-30	1E-10	1E10	1E-30	1E-10	1E10	1E-30	1E-10	1E10	1E-30	1E-10	1E10	1E-30	1E-10	1E10	1E-30	1E-10	1E10	1E-30	1E-10	1E10	1E-30	1E-10	1E10	1E-30	1E-10	1E10	1E-30	1E-10	1	-0.25	0.25
679	5.59999999999999E-12	1E10	1E10	1E-30	2.50283172442322E-10	1E10	1E-30	1E10	0.21	1E-30	1.89929940236227E-11	0.310268514130999	1.63946160909121E-11	2.89378054532115E-11	10.0405784945901	8.09712668968088E-12	3.24823838155355E-11	1E5	1E10	1E-30	1E-10	1E10	1E-30	1E-10	1E10	1E-30	1E-10	1E10	1E-30	1E-10	1E10	1E-30	1E-10	1E10	1E-30	1E-10	1E10	1E-30	1E-10	1E10	1E-30	1E-10	1E10	1E-30	1E-10	1E10	1E-30	1E-10	1E10	1E-30	1E-10	1E10	1E-30	1E-10	1	-0.5	0.5
680	5.59999999999999E-12	1E10	1E10	1E-30	2.50283172442322E-10	1E10	1E-30	1E10	0.21	1E-30	1.89929940236227E-11	0.310268514130999	1.63946160909121E-11	2.89378054532115E-11	10.0405784945901	8.09712668968088E-12	3.24823838155355E-11	1E5	1E10	1E-30	1E-10	1E10	1E-30	1E-10	1E10	1E-30	1E-10	1E10	1E-30	1E-10	1E10	1E-30	1E-10	1E10	1E-30	1E-10	1E10	1E-30	1E-10	1E10	1E-30	1E-10	1E10	1E-30	1E-10	1E10	1E-30	1E-10	1E10	1E-30	1E-10	1E10	1E-30	1E-10	1	-0.05	0.05
681	5.59999999999999E-12	1E10	1E10	1E-30	2.50283172442322E-10	1E10	1E-30	1E10	0.21	1E-30	1.89929940236227E-11	0.310268514130999	1.63946160909121E-11	2.89378054532115E-11	10.0405784945901	8.09712668968088E-12	3.24823838155355E-11	1E5	1E10	1E-30	1E-10	1E10	1E-30	1E-10	1E10	1E-30	1E-10	1E10	1E-30	1E-10	1E10	1E-30	1E-10	1E10	1E-30	1E-10	1E10	1E-30	1E-10	1E10	1E-30	1E-10	1E10	1E-30	1E-10	1E10	1E-30	1E-10	1E10	1E-30	1E-10	1E10	1E-30	1E-10	1	-0.1	0.1
682	5.59999999999999E-12	1E10	1E10	1E-30	2.50283172442322E-10	1E10	1E-30	1E10	0.21	1E-30	1.89929940236227E-11	0.310268514130999	1.63946160909121E-11	2.89378054532115E-11	10.0405784945901	8.09712668968088E-12	3.24823838155355E-11	1E5	1E10	1E-30	1E-10	1E10	1E-30	1E-10	1E10	1E-30	1E-10	1E10	1E-30	1E-10	1E10	1E-30	1E-10	1E10	1E-30	1E-10	1E10	1E-30	1E-10	1E10	1E-30	1E-10	1E10	1E-30	1E-10	1E10	1E-30	1E-10	1E10	1E-30	1E-10	1E10	1E-30	1E-10	1	-0.25	0.25
683	5.59999999999999E-12	1E10	1E10	1E-30	2.50283172442322E-10	1E10	1E-30	1E10	0.21	1E-30	1.89929940236227E-11	0.310268514130999	1.63946160909121E-11	2.89378054532115E-11	10.0405784945901	8.09712668968088E-12	3.24823838155355E-11	1E5	1E10	1E-30	1E-10	1E10	1E-30	1E-10	1E10	1E-30	1E-10	1E10	1E-30	1E-10	1E10	1E-30	1E-10	1E10	1E-30	1E-10	1E10	1E-30	1E-10	1E10	1E-30	1E-10	1E10	1E-30	1E-10	1E10	1E-30	1E-10	1E10	1E-30	1E-10	1E10	1E-30	1E-10	1	-0.5	0.5
684	5.59999999999999E-12	1E10	1E10	1E-30	2.50283172442322E-10	1E10	1E-30	1E10	0.21	1E-30	1.89929940236227E-11	0.310268514130999	1.63946160909121E-11	2.89378054532115E-11	10.0405784945901	8.09712668968088E-12	3.24823838155355E-11	1E5	1E10	1E-30	1E-10	1E10	1E-30	1E-10	1E10	1E-30	1E-10	1E10	1E-30	1E-10	1E10	1E-30	1E-10	1E10	1E-30	1E-10	1E10	1E-30	1E-10	1E10	1E-30	1E-10	1E10	1E-30	1E-10	1E10	1E-30	1E-10	1E10	1E-30	1E-10	1E10	1E-30	1E-10	1	-0.5	0.5
685	5.59999999999999E-12	1E10	1E10	1E-30	2.50283172442322E-10	1E10	1E-30	1E10	0.21	1E-30	1.89929940236227E-11	0.310268514130999	1.63946160909121E-11	2.89378054532115E-11	10.0405784945901	8.09712668968088E-12	3.24823838155355E-11	1E5	1E10	1E-30	1E-10	1E10	1E-30	1E-10	1E10	1E-30	1E-10	1E10	1E-30	1E-10	1E10	1E-30	1E-10	1E10	1E-30	1E-10	1E10	1E-30	1E-10	1E10	1E-30	1E-10	1E10	1E-30	1E-10	1E10	1E-30	1E-10	1E10	1E-30	1E-10	1E10	1E-30	1E-10	1	-0.05	0.05
686	5.59999999999999E-12	1E10	1E10	1E-30	2.50283172442322E-10	1E10	1E-30	1E10	0.21	1E-30	1.89929940236227E-11	0.310268514130999	1.63946160909121E-11	2.89378054532115E-11	10.0405784945901	8.09712668968088E-12	3.24823838155355E-11	1E5	1E10	1E-30	1E-10	1E10	1E-30	1E-10	1E10	1E-30	1E-10	1E10	1E-30	1E-10	1E10	1E-30	1E-10	1E10	1E-30	1E-10	1E10	1E-30	1E-10	1E10	1E-30	1E-10	1E10	1E-30	1E-10	1E10	1E-30	1E-10	1E10	1E-30	1E-10	1E10	1E-30	1E-10	1	-0.1	0.1
687	5.59999999999999E-12	1E10	1E10	1E-30	2.50283172442322E-10	1E10	1E-30	1E10	0.21	1E-30	1.89929940236227E-11	0.310268514130999	1.63946160909121E-11	2.89378054532115E-11	10.0405784945901	8.09712668968088E-12	3.24823838155355E-11	1E5	1E10	1E-30	1E-10	1E10	1E-30	1E-10	1E10	1E-30	1E-10	1E10	1E-30	1E-10	1E10	1E-30	1E-10	1E10	1E-30	1E-10	1E10	1E-30	1E-10	1E10	1E-30	1E-10	1E10	1E-30	1E-10	1E10	1E-30	1E-10	1E10	1E-30	1E-10	1E10	1E-30	1E-10	1	-0.25	0.25
688	5.59999999999999E-12	1E10	1E10	1E-30	2.50283172442322E-10	1E10	1E-30	1E10	0.21	1E-30	1.89929940236227E-11	0.310268514130999	1.63946160909121E-11	2.89378054532115E-11	10.0405784945901	8.09712668968088E-12	3.24823838155355E-11	1E5	1E10	1E-30	1E-10	1E10	1E-30	1E-10	1E10	1E-30	1E-10	1E10	1E-30	1E-10	1E10	1E-30	1E-10	1E10	1E-30	1E-10	1E10	1E-30	1E-10	1E10	1E-30	1E-10	1E10	1E-30	1E-10	1E10	1E-30	1E-10	1E10	1E-30	1E-10	1E10	1E-30	1E-10	1	-0.5	0.5
689	5.59999999999999E-12	1E10	1E10	1E-30	2.50283172442322E-10	1E10	1E-30	1E10	0.21	1E-30	1.89929940236227E-11	0.310268514130999	1.63946160909121E-11	2.89378054532115E-11	10.0405784945901	8.09712668968088E-12	3.24823838155355E-11	1E5	1E10	1E-30	1E-10	1E10	1E-30	1E-10	1E10	1E-30	1E-10	1E10	1E-30	1E-10	1E10	1E-30	1E-10	1E10	1E-30	1E-10	1E10	1E-30	1E-10	1E10	1E-30	1E-10	1E10	1E-30	1E-10	1E10	1E-30	1E-10	1E10	1E-30	1E-10	1E10	1E-30	1E-10	1	-0.05	0.05
690	5.59999999999999E-12	1E10	1E10	1E-30	2.50283172442322E-10	1E10	1E-30	1E10	0.21	1E-30	1.89929940236227E-11	0.310268514130999	1.63946160909121E-11	2.89378054532115E-11	10.0405784945901	8.09712668968088E-12	3.24823838155355E-11	1E5	1E10	1E-30	1E-10	1E10	1E-30	1E-10	1E10	1E-30	1E-10	1E10	1E-30	1E-10	1E10	1E-30	1E-10	1E10	1E-30	1E-10	1E10	1E-30	1E-10	1E10	1E-30	1E-10	1E10	1E-30	1E-10	1E10	1E-30	1E-10	1E10	1E-30	1E-10	1E10	1E-30	1E-10	1	-0.1	0.1
691	5.59999999999999E-12	1E10	1E10	1E-30	2.50283172442322E-10	1E10	1E-30	1E10	0.21	1E-30	1.89929940236227E-11	0.310268514130999	1.63946160909121E-11	2.89378054532115E-11	10.0405784945901	8.09712668968088E-12	3.24823838155355E-11	1E5	1E10	1E-30	1E-10	1E10	1E-30	1E-10	1E10	1E-30	1E-10	1E10	1E-30	1E-10	1E10	1E-30	1E-10	1E10	1E-30	1E-10	1E10	1E-30	1E-10	1E10	1E-30	1E-10	1E10	1E-30	1E-10	1E10	1E-30	1E-10	1E10	1E-30	1E-10	1E10	1E-30	1E-10	1	-0.25	0.25
692	5.59999999999999E-12	1E10	1E10	1E-30	2.50283172442322E-10	1E10	1E-30	1E10	0.21	1E-30	1.89929940236227E-11	0.310268514130999	1.63946160909121E-11	2.89378054532115E-11	10.0405784945901	8.09712668968088E-12	3.24823838155355E-11	1E5	1E10	1E-30	1E-10	1E10	1E-30	1E-10	1E10	1E-30	1E-10	1E10	1E-30	1E-10	1E10	1E-30	1E-10	1E10	1E-30	1E-10	1E10	1E-30	1E-10	1E10	1E-30	1E-10	1E10	1E-30	1E-10	1E10	1E-30	1E-10	1E10	1E-30	1E-10	1E10	1E-30	1E-10	1	-0.5	0.5
693	5.69999999999999E-12	1E10	1E10	1E-30	2.50283172442322E-10	1E10	1E-30	1E10	0.21	1E-30	1.89929940236227E-11	0.310268514130999	1.63946160909121E-11	2.89378054532115E-11	10.0405784945901	8.09712668968088E-12	3.24823838155355E-11	1E5	1E10	1E-30	1E-10	1E10	1E-30	1E-10	1E10	1E-30	1E-10	1E10	1E-30	1E-10	1E10	1E-30	1E-10	1E10	1E-30	1E-10	1E10	1E-30	1E-10	1E10	1E-30	1E-10	1E10	1E-30	1E-10	1E10	1E-30	1E-10	1E10	1E-30	1E-10	1E10	1E-30	1E-10	1	-0.05	0.05
694	5.69999999999999E-12	1E10	1E10	1E-30	2.50283172442322E-10	1E10	1E-30	1E10	0.21	1E-30	1.89929940236227E-11	0.310268514130999	1.63946160909121E-11	2.89378054532115E-11	10.0405784945901	8.09712668968088E-12	3.24823838155355E-11	1E5	1E10	1E-30	1E-10	1E10	1E-30	1E-10	1E10	1E-30	1E-10	1E10	1E-30	1E-10	1E10	1E-30	1E-10	1E10	1E-30	1E-10	1E10	1E-30	1E-10	1E10	1E-30	1E-10	1E10	1E-30	1E-10	1E10	1E-30	1E-10	1E10	1E-30	1E-10	1E10	1E-30	1E-10	1	-0.1	0.1
695	5.69999999999999E-12	1E10	1E10	1E-30	2.50283172442322E-10	1E10	1E-30	1E10	0.21	1E-30	1.89929940236227E-11	0.310268514130999	1.63946160909121E-11	2.89378054532115E-11	10.0405784945901	8.09712668968088E-12	3.24823838155355E-11	1E5	1E10	1E-30	1E-10	1E10	1E-30	1E-10	1E10	1E-30	1E-10	1E10	1E-30	1E-10	1E10	1E-30	1E-10	1E10	1E-30	1E-10	1E10	1E-30	1E-10	1E10	1E-30	1E-10	1E10	1E-30	1E-10	1E10	1E-30	1E-10	1E10	1E-30	1E-10	1E10	1E-30	1E-10	1	-0.25	0.25
696	5.69999999999999E-12	1E10	1E10	1E-30	2.50283172442322E-10	1E10	1E-30	1E10	0.21	1E-30	1.89929940236227E-11	0.310268514130999	1.63946160909121E-11	2.89378054532115E-11	10.0405784945901	8.09712668968088E-12	3.24823838155355E-11	1E5	1E10	1E-30	1E-10	1E10	1E-30	1E-10	1E10	1E-30	1E-10	1E10	1E-30	1E-10	1E10	1E-30	1E-10	1E10	1E-30	1E-10	1E10	1E-30	1E-10	1E10	1E-30	1E-10	1E10	1E-30	1E-10	1E10	1E-30	1E-10	1E10	1E-30	1E-10	1E10	1E-30	1E-10	1	-0.5	0.5
697	5.69999999999999E-12	1E10	1E10	1E-30	2.50283172442322E-10	1E10	1E-30	1E10	0.21	1E-30	1.89929940236227E-11	0.310268514130999	1.63946160909121E-11	2.89378054532115E-11	10.0405784945901	8.09712668968088E-12	3.24823838155355E-11	1E5	1E10	1E-30	1E-10	1E10	1E-30	1E-10	1E10	1E-30	1E-10	1E10	1E-30	1E-10	1E10	1E-30	1E-10	1E10	1E-30	1E-10	1E10	1E-30	1E-10	1E10	1E-30	1E-10	1E10	1E-30	1E-10	1E10	1E-30	1E-10	1E10	1E-30	1E-10	1E10	1E-30	1E-10	1	-0.05	0.05
698	5.69999999999999E-12	1E10	1E10	1E-30	2.50283172442322E-10	1E10	1E-30	1E10	0.21	1E-30	1.89929940236227E-11	0.310268514130999	1.63946160909121E-11	2.89378054532115E-11	10.0405784945901	8.09712668968088E-12	3.24823838155355E-11	1E5	1E10	1E-30	1E-10	1E10	1E-30	1E-10	1E10	1E-30	1E-10	1E10	1E-30	1E-10	1E10	1E-30	1E-10	1E10	1E-30	1E-10	1E10	1E-30	1E-10	1E10	1E-30	1E-10	1E10	1E-30	1E-10	1E10	1E-30	1E-10	1E10	1E-30	1E-10	1E10	1E-30	1E-10	1	-0.1	0.1
699	5.69999999999999E-12	1E10	1E10	1E-30	2.50283172442322E-10	1E10	1E-30	1E10	0.21	1E-30	1.89929940236227E-11	0.310268514130999	1.63946160909121E-11	2.89378054532115E-11	10.0405784945901	8.09712668968088E-12	3.24823838155355E-11	1E5	1E10	1E-30	1E-10	1E10	1E-30	1E-10	1E10	1E-30	1E-10	1E10	1E-30	1E-10	1E10	1E-30	1E-10	1E10	1E-30	1E-10	1E10	1E-30	1E-10	1E10	1E-30	1E-10	1E10	1E-30	1E-10	1E10	1E-30	1E-10	1E10	1E-30	1E-10	1E10	1E-30	1E-10	1	-0.25	0.25
700	5.69999999999999E-12	1E10	1E10	1E-30	2.50283172442322E-10	1E10	1E-30	1E10	0.21	1E-30	1.89929940236227E-11	0.310268514130999	1.63946160909121E-11	2.89378054532115E-11	10.0405784945901	8.09712668968088E-12	3.24823838155355E-11	1E5	1E10	1E-30	1E-10	1E10	1E-30	1E-10	1E10	1E-30	1E-10	1E10	1E-30	1E-10	1E10	1E-30	1E-10	1E10	1E-30	1E-10	1E10	1E-30	1E-10	1E10	1E-30	1E-10	1E10	1E-30	1E-10	1E10	1E-30	1E-10	1E10	1E-30	1E-10	1E10	1E-30	1E-10	1	-0.5	0.5
701	5.69999999999999E-12	1E10	1E10	1E-30	2.50283172442322E-10	1E10	1E-30	1E10	0.21	1E-30	1.89929940236227E-11	0.310268514130999	1.63946160909121E-11	2.89378054532115E-11	10.0405784945901	8.09712668968088E-12	3.24823838155355E-11	1E5	1E10	1E-30	1E-10	1E10	1E-30	1E-10	1E10	1E-30	1E-10	1E10	1E-30	1E-10	1E10	1E-30	1E-10	1E10	1E-30	1E-10	1E10	1E-30	1E-10	1E10	1E-30	1E-10	1E10	1E-30	1E-10	1E10	1E-30	1E-10	1E10	1E-30	1E-10	1E10	1E-30	1E-10	1	-0.05	0.05
702	5.69999999999999E-12	1E10	1E10	1E-30	2.50283172442322E-10	1E10	1E-30	1E10	0.21	1E-30	1.89929940236227E-11	0.310268514130999	1.63946160909121E-11	2.89378054532115E-11	10.0405784945901	8.09712668968088E-12	3.24823838155355E-11	1E5	1E10	1E-30	1E-10	1E10	1E-30	1E-10	1E10	1E-30	1E-10	1E10	1E-30	1E-10	1E10	1E-30	1E-10	1E10	1E-30	1E-10	1E10	1E-30	1E-10	1E10	1E-30	1E-10	1E10	1E-30	1E-10	1E10	1E-30	1E-10	1E10	1E-30	1E-10	1E10	1E-30	1E-10	1	-0.1	0.1
703	5.69999999999999E-12	1E10	1E10	1E-30	2.50283172442322E-10	1E10	1E-30	1E10	0.21	1E-30	1.89929940236227E-11	0.310268514130999	1.63946160909121E-11	2.89378054532115E-11	10.0405784945901	8.09712668968088E-12	3.24823838155355E-11	1E5	1E10	1E-30	1E-10	1E10	1E-30	1E-10	1E10	1E-30	1E-10	1E10	1E-30	1E-10	1E10	1E-30	1E-10	1E10	1E-30	1E-10	1E10	1E-30	1E-10	1E10	1E-30	1E-10	1E10	1E-30	1E-10	1E10	1E-30	1E-10	1E10	1E-30	1E-10	1E10	1E-30	1E-10	1	-0.25	0.25
704	5.69999999999999E-12	1E10	1E10	1E-30	2.50283172442322E-10	1E10	1E-30	1E10	0.21	1E-30	1.89929940236227E-11	0.310268514130999	1.63946160909121E-11	2.89378054532115E-11	10.0405784945901	8.09712668968088E-12	3.24823838155355E-11	1E5	1E10	1E-30	1E-10	1E10	1E-30	1E-10	1E10	1E-30	1E-10	1E10	1E-30	1E-10	1E10	1E-30	1E-10	1E10	1E-30	1E-10	1E10	1E-30	1E-10	1E10	1E-30	1E-10	1E10	1E-30	1E-10	1E10	1E-30	1E-10	1E10	1E-30	1E-10	1E10	1E-30	1E-10	1	-0.5	0.5
705	5.69999999999999E-12	1E10	1E10	1E-30	2.50283172442322E-10	1E10	1E-30	1E10	0.21	1E-30	1.89929940236227E-11	0.310268514130999	1.63946160909121E-11	2.89378054532115E-11	10.0405784945901	8.09712668968088E-12	3.24823838155355E-11	1E5	1E10	1E-30	1E-10	1E10	1E-30	1E-10	1E10	1E-30	1E-10	1E10	1E-30	1E-10	1E10	1E-30	1E-10	1E10	1E-30	1E-10	1E10	1E-30	1E-10	1E10	1E-30	1E-10	1E10	1E-30	1E-10	1E10	1E-30	1E-10	1E10	1E-30	1E-10	1E10	1E-30	1E-10	1	-0.05	0.05
706	5.69999999999999E-12	1E10	1E10	1E-30	2.50283172442322E-10	1E10	1E-30	1E10	0.21	1E-30	1.89929940236227E-11	0.310268514130999	1.63946160909121E-11	2.89378054532115E-11	10.0405784945901	8.09712668968088E-12	3.24823838155355E-11	1E5	1E10	1E-30	1E-10	1E10	1E-30	1E-10	1E10	1E-30	1E-10	1E10	1E-30	1E-10	1E10	1E-30	1E-10	1E10	1E-30	1E-10	1E10	1E-30	1E-10	1E10	1E-30	1E-10	1E10	1E-30	1E-10	1E10	1E-30	1E-10	1E10	1E-30	1E-10	1E10	1E-30	1E-10	1	-0.1	0.1
707	5.69999999999999E-12	1E10	1E10	1E-30	2.50283172442322E-10	1E10	1E-30	1E10	0.21	1E-30	1.89929940236227E-11	0.310268514130999	1.63946160909121E-11	2.89378054532115E-11	10.0405784945901	8.09712668968088E-12	3.24823838155355E-11	1E5	1E10	1E-30	1E-10	1E10	1E-30	1E-10	1E10	1E-30	1E-10	1E10	1E-30	1E-10	1E10	1E-30	1E-10	1E10	1E-30	1E-10	1E10	1E-30	1E-10	1E10	1E-30	1E-10	1E10	1E-30	1E-10	1E10	1E-30	1E-10	1E10	1E-30	1E-10	1E10	1E-30	1E-10	1	-0.25	0.25
708	5.69999999999999E-12	1E10	1E10	1E-30	2.50283172442322E-10	1E10	1E-30	1E10	0.21	1E-30	1.89929940236227E-11	0.310268514130999	1.63946160909121E-11	2.89378054532115E-11	10.0405784945901	8.09712668968088E-12	3.24823838155355E-11	1E5	1E10	1E-30	1E-10	1E10	1E-30	1E-10	1E10	1E-30	1E-10	1E10	1E-30	1E-10	1E10	1E-30	1E-10	1E10	1E-30	1E-10	1E10	1E-30	1E-10	1E10	1E-30	1E-10	1E10	1E-30	1E-10	1E10	1E-30	1E-10	1E10	1E-30	1E-10	1E10	1E-30	1E-10	1	-0.5	0.5
709	5.8E-12	1E10	1E10	1E-30	2.50283172442322E-10	1E10	1E-30	1E10	0.21	1E-30	1.89929940236227E-11	0.310268514130999	1.63946160909121E-11	2.89378054532115E-11	10.0405784945901	8.09712668968088E-12	3.24823838155355E-11	1E5	1E10	1E-30	1E-10	1E10	1E-30	1E-10	1E10	1E-30	1E-10	1E10	1E-30	1E-10	1E10	1E-30	1E-10	1E10	1E-30	1E-10	1E10	1E-30	1E-10	1E10	1E-30	1E-10	1E10	1E-30	1E-10	1E10	1E-30	1E-10	1E10	1E-30	1E-10	1E10	1E-30	1E-10	1	-0.05	0.05
710	5.8E-12	1E10	1E10	1E-30	2.50283172442322E-10	1E10	1E-30	1E10	0.21	1E-30	1.89929940236227E-11	0.310268514130999	1.63946160909121E-11	2.89378054532115E-11	10.0405784945901	8.09712668968088E-12	3.24823838155355E-11	1E5	1E10	1E-30	1E-10	1E10	1E-30	1E-10	1E10	1E-30	1E-10	1E10	1E-30	1E-10	1E10	1E-30	1E-10	1E10	1E-30	1E-10	1E10	1E-30	1E-10	1E10	1E-30	1E-10	1E10	1E-30	1E-10	1E10	1E-30	1E-10	1E10	1E-30	1E-10	1E10	1E-30	1E-10	1	-0.1	0.1
711	5.8E-12	1E10	1E10	1E-30	2.50283172442322E-10	1E10	1E-30	1E10	0.21	1E-30	1.89929940236227E-11	0.310268514130999	1.63946160909121E-11	2.89378054532115E-11	10.0405784945901	8.09712668968088E-12	3.24823838155355E-11	1E5	1E10	1E-30	1E-10	1E10	1E-30	1E-10	1E10	1E-30	1E-10	1E10	1E-30	1E-10	1E10	1E-30	1E-10	1E10	1E-30	1E-10	1E10	1E-30	1E-10	1E10	1E-30	1E-10	1E10	1E-30	1E-10	1E10	1E-30	1E-10	1E10	1E-30	1E-10	1E10	1E-30	1E-10	1	-0.25	0.25
712	5.8E-12	1E10	1E10	1E-30	2.50283172442322E-10	1E10	1E-30	1E10	0.21	1E-30	1.89929940236227E-11	0.310268514130999	1.63946160909121E-11	2.89378054532115E-11	10.0405784945901	8.09712668968088E-12	3.24823838155355E-11	1E5	1E10	1E-30	1E-10	1E10	1E-30	1E-10	1E10	1E-30	1E-10	1E10	1E-30	1E-10	1E10	1E-30	1E-10	1E10	1E-30	1E-10	1E10	1E-30	1E-10	1E10	1E-30	1E-10	1E10	1E-30	1E-10	1E10	1E-30	1E-10	1E10	1E-30	1E-10	1E10	1E-30	1E-10	1	-0.5	0.5
713	5.8E-12	1E10	1E10	1E-30	2.50283172442322E-10	1E10	1E-30	1E10	0.21	1E-30	1.89929940236227E-11	0.310268514130999	1.63946160909121E-11	2.89378054532115E-11	10.0405784945901	8.09712668968088E-12	3.24823838155355E-11	1E5	1E10	1E-30	1E-10	1E10	1E-30	1E-10	1E10	1E-30	1E-10	1E10	1E-30	1E-10	1E10	1E-30	1E-10	1E10	1E-30	1E-10	1E10	1E-30	1E-10	1E10	1E-30	1E-10	1E10	1E-30	1E-10	1E10	1E-30	1E-10	1E10	1E-30	1E-10	1E10	1E-30	1E-10	1	-0.05	0.05
714	5.8E-12	1E10	1E10	1E-30	2.50283172442322E-10	1E10	1E-30	1E10	0.21	1E-30	1.89929940236227E-11	0.310268514130999	1.63946160909121E-11	2.89378054532115E-11	10.0405784945901	8.09712668968088E-12	3.24823838155355E-11	1E5	1E10	1E-30	1E-10	1E10	1E-30	1E-10	1E10	1E-30	1E-10	1E10	1E-30	1E-10	1E10	1E-30	1E-10	1E10	1E-30	1E-10	1E10	1E-30	1E-10	1E10	1E-30	1E-10	1E10	1E-30	1E-10	1E10	1E-30	1E-10	1E10	1E-30	1E-10	1E10	1E-30	1E-10	1	-0.1	0.1
715	5.8E-12	1E10	1E10	1E-30	2.50283172442322E-10	1E10	1E-30	1E10	0.21	1E-30	1.89929940236227E-11	0.310268514130999	1.63946160909121E-11	2.89378054532115E-11	10.0405784945901	8.09712668968088E-12	3.24823838155355E-11	1E5	1E10	1E-30	1E-10	1E10	1E-30	1E-10	1E10	1E-30	1E-10	1E10	1E-30	1E-10	1E10	1E-30	1E-10	1E10	1E-30	1E-10	1E10	1E-30	1E-10	1E10	1E-30	1E-10	1E10	1E-30	1E-10	1E10	1E-30	1E-10	1E10	1E-30	1E-10	1E10	1E-30	1E-10	1	-0.25	0.25
716	5.8E-12	1E10	1E10	1E-30	2.50283172442322E-10	1E10	1E-30	1E10	0.21	1E-30	1.89929940236227E-11	0.310268514130999	1.63946160909121E-11	2.89378054532115E-11	10.0405784945901	8.09712668968088E-12	3.24823838155355E-11	1E5	1E10	1E-30	1E-10	1E10	1E-30	1E-10	1E10	1E-30	1E-10	1E10	1E-30	1E-10	1E10	1E-30	1E-10	1E10	1E-30	1E-10	1E10	1E-30	1E-10	1E10	1E-30	1E-10	1E10	1E-30	1E-10	1E10	1E-30	1E-10	1E10	1E-30	1E-10	1E10	1E-30	1E-10	1	-0.5	0.5
717	5.8E-12	1E10	1E10	1E-30	2.50283172442322E-10	1E10	1E-30	1E10	0.21	1E-30	1.89929940236227E-11	0.310268514130999	1.63946160909121E-11	2.89378054532115E-11	10.0405784945901	8.09712668968088E-12	3.24823838155355E-11	1E5	1E10	1E-30	1E-10	1E10	1E-30	1E-10	1E10	1E-30	1E-10	1E10	1E-30	1E-10	1E10	1E-30	1E-10	1E10	1E-30	1E-10	1E10	1E-30	1E-10	1E10	1E-30	1E-10	1E10	1E-30	1E-10	1E10	1E-30	1E-10	1E10	1E-30	1E-10	1E10	1E-30	1E-10	1	-0.05	0.05
718	5.8E-12	1E10	1E10	1E-30	2.50283172442322E-10	1E10	1E-30	1E10	0.21	1E-30	1.89929940236227E-11	0.310268514130999	1.63946160909121E-11	2.89378054532115E-11	10.0405784945901	8.09712668968088E-12	3.24823838155355E-11	1E5	1E10	1E-30	1E-10	1E10	1E-30	1E-10	1E10	1E-30	1E-10	1E10	1E-30	1E-10	1E10	1E-30	1E-10	1E10	1E-30	1E-10	1E10	1E-30	1E-10	1E10	1E-30	1E-10	1E10	1E-30	1E-10	1E10	1E-30	1E-10	1E10	1E-30	1E-10	1E10	1E-30	1E-10	1	-0.1	0.1
719	5.8E-12	1E10	1E10	1E-30	2.50283172442322E-10	1E10	1E-30	1E10	0.21	1E-30	1.89929940236227E-11	0.310268514130999	1.63946160909121E-11	2.89378054532115E-11	10.0405784945901	8.09712668968088E-12	3.24823838155355E-11	1E5	1E10	1E-30	1E-10	1E10	1E-30	1E-10	1E10	1E-30	1E-10	1E10	1E-30	1E-10	1E10	1E-30	1E-10	1E10	1E-30	1E-10	1E10	1E-30	1E-10	1E10	1E-30	1E-10	1E10	1E-30	1E-10	1E10	1E-30	1E-10	1E10	1E-30	1E-10	1E10	1E-30	1E-10	1	-0.25	0.25
720	5.8E-12	1E10	1E10	1E-30	2.50283172442322E-10	1E10	1E-30	1E10	0.21	1E-30	1.89929940236227E-11	0.310268514130999	1.63946160909121E-11	2.89378054532115E-11	10.0405784945901	8.09712668968088E-12	3.24823838155355E-11	1E5	1E10	1E-30	1E-10	1E10	1E-30	1E-10	1E10	1E-30	1E-10	1E10	1E-30	1E-10	1E10	1E-30	1E-10	1E10	1E-30	1E-10	1E10	1E-30	1E-10	1E10	1E-30	1E-10	1E10	1E-30	1E-10	1E10	1E-30	1E-10	1E10	1E-30	1E-10	1E10	1E-30	1E-10	1	-0.5	0.5
721	5.8E-12	1E10	1E10	1E-30	2.50283172442322E-10	1E10	1E-30	1E10	0.21	1E-30	1.89929940236227E-11	0.310268514130999	1.63946160909121E-11	2.89378054532115E-11	10.0405784945901	8.09712668968088E-12	3.24823838155355E-11	1E5	1E10	1E-30	1E-10	1E10	1E-30	1E-10	1E10	1E-30	1E-10	1E10	1E-30	1E-10	1E10	1E-30	1E-10	1E10	1E-30	1E-10	1E10	1E-30	1E-10	1E10	1E-30	1E-10	1E10	1E-30	1E-10	1E10	1E-30	1E-10	1E10	1E-30	1E-10	1E10	1E-30	1E-10	1	-0.05	0.05
722	5.8E-12	1E10	1E10	1E-30	2.50283172442322E-10	1E10	1E-30	1E10	0.21	1E-30	1.89929940236227E-11	0.310268514130999	1.63946160909121E-11	2.89378054532115E-11	10.0405784945901	8.09712668968088E-12	3.24823838155355E-11	1E5	1E10	1E-30	1E-10	1E10	1E-30	1E-10	1E10	1E-30	1E-10	1E10	1E-30	1E-10	1E10	1E-30	1E-10	1E10	1E-30	1E-10	1E10	1E-30	1E-10	1E10	1E-30	1E-10	1E10	1E-30	1E-10	1E10	1E-30	1E-10	1E10	1E-30	1E-10	1E10	1E-30	1E-10	1	-0.1	0.1
723	5.8E-12	1E10	1E10	1E-30	2.50283172442322E-10	1E10	1E-30	1E10	0.21	1E-30	1.89929940236227E-11	0.310268514130999	1.63946160909121E-11	2.89378054532115E-11	10.0405784945901	8.09712668968088E-12	3.24823838155355E-11	1E5	1E10	1E-30	1E-10	1E10	1E-30	1E-10	1E10	1E-30	1E-10	1E10	1E-30	1E-10	1E10	1E-30	1E-10	1E10	1E-30	1E-10	1E10	1E-30	1E-10	1E10	1E-30	1E-10	1E10	1E-30	1E-10	1E10	1E-30	1E-10	1E10	1E-30	1E-10	1E10	1E-30	1E-10	1	-0.25	0.25
724	5.8E-12	1E10	1E10	1E-30	2.50283172442322E-10	1E10	1E-30	1E10	0.21	1E-30	1.89929940236227E-11	0.310268514130999	1.63946160909121E-11	2.89378054532115E-11	10.0405784945901	8.09712668968088E-12	3.24823838155355E-11	1E5	1E10	1E-30	1E-10	1E10	1E-30	1E-10	1E10	1E-30	1E-10	1E10	1E-30	1E-10	1E10	1E-30	1E-10	1E10	1E-30	1E-10	1E10	1E-30	1E-10	1E10	1E-30	1E-10	1E10	1E-30	1E-10	1E10	1E-30	1E-10	1E10	1E-30	1E-10	1E10	1E-30	1E-10	1	-0.5	0.5
725	5.89999999999999E-12	1E10	1E10	1E-30	2.18557826012455E-10	1E10	1E-30	1E10	0.21	1E-30	1.57221387636403E-11	0.340073623285689	2.18146954417122E-11	1.95698090719978E-11	3.23720491516662	3.96234482124568E-12	6.85794837938725E-11	1E5	1E10	1E-30	1E-10	1E10	1E-30	1E-10	1E10	1E-30	1E-10	1E10	1E-30	1E-10	1E10	1E-30	1E-10	1E10	1E-30	1E-10	1E10	1E-30	1E-10	1E10	1E-30	1E-10	1E10	1E-30	1E-10	1E10	1E-30	1E-10	1E10	1E-30	1E-10	1E10	1E-30	1E-10	1	-0.05	0.05
726	5.89999999999999E-12	1E10	1E10	1E-30	2.18557826012455E-10	1E10	1E-30	1E10	0.21	1E-30	1.57221387636403E-11	0.340073623285689	2.18146954417122E-11	1.95698090719978E-11	3.23720491516662	3.96234482124568E-12	6.85794837938725E-11	1E5	1E10	1E-30	1E-10	1E10	1E-30	1E-10	1E10	1E-30	1E-10	1E10	1E-30	1E-10	1E10	1E-30	1E-10	1E10	1E-30	1E-10	1E10	1E-30	1E-10	1E10	1E-30	1E-10	1E10	1E-30	1E-10	1E10	1E-30	1E-10	1E10	1E-30	1E-10	1E10	1E-30	1E-10	1	-0.1	0.1
727	5.89999999999999E-12	1E10	1E10	1E-30	2.18557826012455E-10	1E10	1E-30	1E10	0.21	1E-30	1.57221387636403E-11	0.340073623285689	2.18146954417122E-11	1.95698090719978E-11	3.23720491516662	3.96234482124568E-12	6.85794837938725E-11	1E5	1E10	1E-30	1E-10	1E10	1E-30	1E-10	1E10	1E-30	1E-10	1E10	1E-30	1E-10	1E10	1E-30	1E-10	1E10	1E-30	1E-10	1E10	1E-30	1E-10	1E10	1E-30	1E-10	1E10	1E-30	1E-10	1E10	1E-30	1E-10	1E10	1E-30	1E-10	1E10	1E-30	1E-10	1	-0.25	0.25
728	5.89999999999999E-12	1E10	1E10	1E-30	2.18557826012455E-10	1E10	1E-30	1E10	0.21	1E-30	1.57221387636403E-11	0.340073623285689	2.18146954417122E-11	1.95698090719978E-11	3.23720491516662	3.96234482124568E-12	6.85794837938725E-11	1E5	1E10	1E-30	1E-10	1E10	1E-30	1E-10	1E10	1E-30	1E-10	1E10	1E-30	1E-10	1E10	1E-30	1E-10	1E10	1E-30	1E-10	1E10	1E-30	1E-10	1E10	1E-30	1E-10	1E10	1E-30	1E-10	1E10	1E-30	1E-10	1E10	1E-30	1E-10	1E10	1E-30	1E-10	1	-0.5	0.5
729	5.89999999999999E-12	1E10	1E10	1E-30	2.18557826012455E-10	1E10	1E-30	1E10	0.21	1E-30	1.57221387636403E-11	0.340073623285689	2.18146954417122E-11	1.95698090719978E-11	3.23720491516662	3.96234482124568E-12	6.85794837938725E-11	1E5	1E10	1E-30	1E-10	1E10	1E-30	1E-10	1E10	1E-30	1E-10	1E10	1E-30	1E-10	1E10	1E-30	1E-10	1E10	1E-30	1E-10	1E10	1E-30	1E-10	1E10	1E-30	1E-10	1E10	1E-30	1E-10	1E10	1E-30	1E-10	1E10	1E-30	1E-10	1E10	1E-30	1E-10	1	-0.05	0.05
730	5.89999999999999E-12	1E10	1E10	1E-30	2.18557826012455E-10	1E10	1E-30	1E10	0.21	1E-30	1.57221387636403E-11	0.340073623285689	2.18146954417122E-11	1.95698090719978E-11	3.23720491516662	3.96234482124568E-12	6.85794837938725E-11	1E5	1E10	1E-30	1E-10	1E10	1E-30	1E-10	1E10	1E-30	1E-10	1E10	1E-30	1E-10	1E10	1E-30	1E-10	1E10	1E-30	1E-10	1E10	1E-30	1E-10	1E10	1E-30	1E-10	1E10	1E-30	1E-10	1E10	1E-30	1E-10	1E10	1E-30	1E-10	1E10	1E-30	1E-10	1	-0.1	0.1
731	5.89999999999999E-12	1E10	1E10	1E-30	2.18557826012455E-10	1E10	1E-30	1E10	0.21	1E-30	1.57221387636403E-11	0.340073623285689	2.18146954417122E-11	1.95698090719978E-11	3.23720491516662	3.96234482124568E-12	6.85794837938725E-11	1E5	1E10	1E-30	1E-10	1E10	1E-30	1E-10	1E10	1E-30	1E-10	1E10	1E-30	1E-10	1E10	1E-30	1E-10	1E10	1E-30	1E-10	1E10	1E-30	1E-10	1E10	1E-30	1E-10	1E10	1E-30	1E-10	1E10	1E-30	1E-10	1E10	1E-30	1E-10	1E10	1E-30	1E-10	1	-0.25	0.25
732	5.89999999999999E-12	1E10	1E10	1E-30	2.18557826012455E-10	1E10	1E-30	1E10	0.21	1E-30	1.57221387636403E-11	0.340073623285689	2.18146954417122E-11	1.95698090719978E-11	3.23720491516662	3.96234482124568E-12	6.85794837938725E-11	1E5	1E10	1E-30	1E-10	1E10	1E-30	1E-10	1E10	1E-30	1E-10	1E10	1E-30	1E-10	1E10	1E-30	1E-10	1E10	1E-30	1E-10	1E10	1E-30	1E-10	1E10	1E-30	1E-10	1E10	1E-30	1E-10	1E10	1E-30	1E-10	1E10	1E-30	1E-10	1E10	1E-30	1E-10	1	-0.5	0.5
733	5.89999999999999E-12	1E10	1E10	1E-30	2.18557826012455E-10	1E10	1E-30	1E10	0.21	1E-30	1.57221387636403E-11	0.340073623285689	2.18146954417122E-11	1.95698090719978E-11	3.23720491516662	3.96234482124568E-12	6.85794837938725E-11	1E5	1E10	1E-30	1E-10	1E10	1E-30	1E-10	1E10	1E-30	1E-10	1E10	1E-30	1E-10	1E10	1E-30	1E-10	1E10	1E-30	1E-10	1E10	1E-30	1E-10	1E10	1E-30	1E-10	1E10	1E-30	1E-10	1E10	1E-30	1E-10	1E10	1E-30	1E-10	1E10	1E-30	1E-10	1	-0.05	0.05
734	5.89999999999999E-12	1E10	1E10	1E-30	2.18557826012455E-10	1E10	1E-30	1E10	0.21	1E-30	1.57221387636403E-11	0.340073623285689	2.18146954417122E-11	1.95698090719978E-11	3.23720491516662	3.96234482124568E-12	6.85794837938725E-11	1E5	1E10	1E-30	1E-10	1E10	1E-30	1E-10	1E10	1E-30	1E-10	1E10	1E-30	1E-10	1E10	1E-30	1E-10	1E10	1E-30	1E-10	1E10	1E-30	1E-10	1E10	1E-30	1E-10	1E10	1E-30	1E-10	1E10	1E-30	1E-10	1E10	1E-30	1E-10	1E10	1E-30	1E-10	1	-0.1	0.1
735	5.89999999999999E-12	1E10	1E10	1E-30	2.18557826012455E-10	1E10	1E-30	1E10	0.21	1E-30	1.57221387636403E-11	0.340073623285689	2.18146954417122E-11	1.95698090719978E-11	3.23720491516662	3.96234482124568E-12	6.85794837938725E-11	1E5	1E10	1E-30	1E-10	1E10	1E-30	1E-10	1E10	1E-30	1E-10	1E10	1E-30	1E-10	1E10	1E-30	1E-10	1E10	1E-30	1E-10	1E10	1E-30	1E-10	1E10	1E-30	1E-10	1E10	1E-30	1E-10	1E10	1E-30	1E-10	1E10	1E-30	1E-10	1E10	1E-30	1E-10	1	-0.25	0.25
736	5.89999999999999E-12	1E10	1E10	1E-30	2.18557826012455E-10	1E10	1E-30	1E10	0.21	1E-30	1.57221387636403E-11	0.340073623285689	2.18146954417122E-11	1.95698090719978E-11	3.23720491516662	3.96234482124568E-12	6.85794837938725E-11	1E5	1E10	1E-30	1E-10	1E10	1E-30	1E-10	1E10	1E-30	1E-10	1E10	1E-30	1E-10	1E10	1E-30	1E-10	1E10	1E-30	1E-10	1E10	1E-30	1E-10	1E10	1E-30	1E-10	1E10	1E-30	1E-10	1E10	1E-30	1E-10	1E10	1E-30	1E-10	1E10	1E-30	1E-10	1	-0.5	0.5
737	5.89999999999999E-12	1E10	1E10	1E-30	2.18557826012455E-10	1E10	1E-30	1E10	0.21	1E-30	1.57221387636403E-11	0.340073623285689	2.18146954417122E-11	1.95698090719978E-11	3.23720491516662	3.96234482124568E-12	6.85794837938725E-11	1E5	1E10	1E-30	1E-10	1E10	1E-30	1E-10	1E10	1E-30	1E-10	1E10	1E-30	1E-10	1E10	1E-30	1E-10	1E10	1E-30	1E-10	1E10	1E-30	1E-10	1E10	1E-30	1E-10	1E10	1E-30	1E-10	1E10	1E-30	1E-10	1E10	1E-30	1E-10	1E10	1E-30	1E-10	1	-0.05	0.05
738	5.89999999999999E-12	1E10	1E10	1E-30	2.18557826012455E-10	1E10	1E-30	1E10	0.21	1E-30	1.57221387636403E-11	0.340073623285689	2.18146954417122E-11	1.95698090719978E-11	3.23720491516662	3.96234482124568E-12	6.85794837938725E-11	1E5	1E10	1E-30	1E-10	1E10	1E-30	1E-10	1E10	1E-30	1E-10	1E10	1E-30	1E-10	1E10	1E-30	1E-10	1E10	1E-30	1E-10	1E10	1E-30	1E-10	1E10	1E-30	1E-10	1E10	1E-30	1E-10	1E10	1E-30	1E-10	1E10	1E-30	1E-10	1E10	1E-30	1E-10	1	-0.1	0.1
739	5.89999999999999E-12	1E10	1E10	1E-30	2.18557826012455E-10	1E10	1E-30	1E10	0.21	1E-30	1.57221387636403E-11	0.340073623285689	2.18146954417122E-11	1.95698090719978E-11	3.23720491516662	3.96234482124568E-12	6.85794837938725E-11	1E5	1E10	1E-30	1E-10	1E10	1E-30	1E-10	1E10	1E-30	1E-10	1E10	1E-30	1E-10	1E10	1E-30	1E-10	1E10	1E-30	1E-10	1E10	1E-30	1E-10	1E10	1E-30	1E-10	1E10	1E-30	1E-10	1E10	1E-30	1E-10	1E10	1E-30	1E-10	1E10	1E-30	1E-10	1	-0.25	0.25
740	5.89999999999999E-12	1E10	1E10	1E-30	2.18557826012455E-10	1E10	1E-30	1E10	0.21	1E-30	1.57221387636403E-11	0.340073623285689	2.18146954417122E-11	1.95698090719978E-11	3.23720491516662	3.96234482124568E-12	6.85794837938725E-11	1E5	1E10	1E-30	1E-10	1E10	1E-30	1E-10	1E10	1E-30	1E-10	1E10	1E-30	1E-10	1E10	1E-30	1E-10	1E10	1E-30	1E-10	1E10	1E-30	1E-10	1E10	1E-30	1E-10	1E10	1E-30	1E-10	1E10	1E-30	1E-10	1E10	1E-30	1E-10	1E10	1E-30	1E-10	1	-0.5	0.5
741	6E-12	1E10	1E10	1E-30	2.18557826012455E-10	1E10	1E-30	1E10	0.21	1E-30	1.57221387636403E-11	0.340073623285689	2.18146954417122E-11	1.95698090719978E-11	3.23720491516662	3.96234482124568E-12	6.85794837938725E-11	1E5	1E10	1E-30	1E-10	1E10	1E-30	1E-10	1E10	1E-30	1E-10	1E10	1E-30	1E-10	1E10	1E-30	1E-10	1E10	1E-30	1E-10	1E10	1E-30	1E-10	1E10	1E-30	1E-10	1E10	1E-30	1E-10	1E10	1E-30	1E-10	1E10	1E-30	1E-10	1E10	1E-30	1E-10	1	-0.05	0.05
742	6E-12	1E10	1E10	1E-30	2.18557826012455E-10	1E10	1E-30	1E10	0.21	1E-30	1.57221387636403E-11	0.340073623285689	2.18146954417122E-11	1.95698090719978E-11	3.23720491516662	3.96234482124568E-12	6.85794837938725E-11	1E5	1E10	1E-30	1E-10	1E10	1E-30	1E-10	1E10	1E-30	1E-10	1E10	1E-30	1E-10	1E10	1E-30	1E-10	1E10	1E-30	1E-10	1E10	1E-30	1E-10	1E10	1E-30	1E-10	1E10	1E-30	1E-10	1E10	1E-30	1E-10	1E10	1E-30	1E-10	1E10	1E-30	1E-10	1	-0.1	0.1
743	6E-12	1E10	1E10	1E-30	2.18557826012455E-10	1E10	1E-30	1E10	0.21	1E-30	1.57221387636403E-11	0.340073623285689	2.18146954417122E-11	1.95698090719978E-11	3.23720491516662	3.96234482124568E-12	6.85794837938725E-11	1E5	1E10	1E-30	1E-10	1E10	1E-30	1E-10	1E10	1E-30	1E-10	1E10	1E-30	1E-10	1E10	1E-30	1E-10	1E10	1E-30	1E-10	1E10	1E-30	1E-10	1E10	1E-30	1E-10	1E10	1E-30	1E-10	1E10	1E-30	1E-10	1E10	1E-30	1E-10	1E10	1E-30	1E-10	1	-0.25	0.25
744	6E-12	1E10	1E10	1E-30	2.18557826012455E-10	1E10	1E-30	1E10	0.21	1E-30	1.57221387636403E-11	0.340073623285689	2.18146954417122E-11	1.95698090719978E-11	3.23720491516662	3.96234482124568E-12	6.85794837938725E-11	1E5	1E10	1E-30	1E-10	1E10	1E-30	1E-10	1E10	1E-30	1E-10	1E10	1E-30	1E-10	1E10	1E-30	1E-10	1E10	1E-30	1E-10	1E10	1E-30	1E-10	1E10	1E-30	1E-10	1E10	1E-30	1E-10	1E10	1E-30	1E-10	1E10	1E-30	1E-10	1E10	1E-30	1E-10	1	-0.5	0.5
745	6E-12	1E10	1E10	1E-30	2.18557826012455E-10	1E10	1E-30	1E10	0.21	1E-30	1.57221387636403E-11	0.340073623285689	2.18146954417122E-11	1.95698090719978E-11	3.23720491516662	3.96234482124568E-12	6.85794837938725E-11	1E5	1E10	1E-30	1E-10	1E10	1E-30	1E-10	1E10	1E-30	1E-10	1E10	1E-30	1E-10	1E10	1E-30	1E-10	1E10	1E-30	1E-10	1E10	1E-30	1E-10	1E10	1E-30	1E-10	1E10	1E-30	1E-10	1E10	1E-30	1E-10	1E10	1E-30	1E-10	1E10	1E-30	1E-10	1	-0.05	0.05
746	6E-12	1E10	1E10	1E-30	2.18557826012455E-10	1E10	1E-30	1E10	0.21	1E-30	1.57221387636403E-11	0.340073623285689	2.18146954417122E-11	1.95698090719978E-11	3.23720491516662	3.96234482124568E-12	6.85794837938725E-11	1E5	1E10	1E-30	1E-10	1E10	1E-30	1E-10	1E10	1E-30	1E-10	1E10	1E-30	1E-10	1E10	1E-30	1E-10	1E10	1E-30	1E-10	1E10	1E-30	1E-10	1E10	1E-30	1E-10	1E10	1E-30	1E-10	1E10	1E-30	1E-10	1E10	1E-30	1E-10	1E10	1E-30	1E-10	1	-0.1	0.1
747	6E-12	1E10	1E10	1E-30	2.18557826012455E-10	1E10	1E-30	1E10	0.21	1E-30	1.57221387636403E-11	0.340073623285689	2.18146954417122E-11	1.95698090719978E-11	3.23720491516662	3.96234482124568E-12	6.85794837938725E-11	1E5	1E10	1E-30	1E-10	1E10	1E-30	1E-10	1E10	1E-30	1E-10	1E10	1E-30	1E-10	1E10	1E-30	1E-10	1E10	1E-30	1E-10	1E10	1E-30	1E-10	1E10	1E-30	1E-10	1E10	1E-30	1E-10	1E10	1E-30	1E-10	1E10	1E-30	1E-10	1E10	1E-30	1E-10	1	-0.25	0.25
748	6E-12	1E10	1E10	1E-30	2.18557826012455E-10	1E10	1E-30	1E10	0.21	1E-30	1.57221387636403E-11	0.340073623285689	2.18146954417122E-11	1.95698090719978E-11	3.23720491516662	3.96234482124568E-12	6.85794837938725E-11	1E5	1E10	1E-30	1E-10	1E10	1E-30	1E-10	1E10	1E-30	1E-10	1E10	1E-30	1E-10	1E10	1E-30	1E-10	1E10	1E-30	1E-10	1E10	1E-30	1E-10	1E10	1E-30	1E-10	1E10	1E-30	1E-10	1E10	1E-30	1E-10	1E10	1E-30	1E-10	1E10	1E-30	1E-10	1	-0.5	0.5
749	6E-12	1E10	1E10	1E-30	2.18557826012455E-10	1E10	1E-30	1E10	0.21	1E-30	1.57221387636403E-11	0.340073623285689	2.18146954417122E-11	1.95698090719978E-11	3.23720491516662	3.96234482124568E-12	6.85794837938725E-11	1E5	1E10	1E-30	1E-10	1E10	1E-30	1E-10	1E10	1E-30	1E-10	1E10	1E-30	1E-10	1E10	1E-30	1E-10	1E10	1E-30	1E-10	1E10	1E-30	1E-10	1E10	1E-30	1E-10	1E10	1E-30	1E-10	1E10	1E-30	1E-10	1E10	1E-30	1E-10	1E10	1E-30	1E-10	1	-0.05	0.05
750	6E-12	1E10	1E10	1E-30	2.18557826012455E-10	1E10	1E-30	1E10	0.21	1E-30	1.57221387636403E-11	0.340073623285689	2.18146954417122E-11	1.95698090719978E-11	3.23720491516662	3.96234482124568E-12	6.85794837938725E-11	1E5	1E10	1E-30	1E-10	1E10	1E-30	1E-10	1E10	1E-30	1E-10	1E10	1E-30	1E-10	1E10	1E-30	1E-10	1E10	1E-30	1E-10	1E10	1E-30	1E-10	1E10	1E-30	1E-10	1E10	1E-30	1E-10	1E10	1E-30	1E-10	1E10	1E-30	1E-10	1E10	1E-30	1E-10	1	-0.1	0.1
751	6E-12	1E10	1E10	1E-30	2.18557826012455E-10	1E10	1E-30	1E10	0.21	1E-30	1.57221387636403E-11	0.340073623285689	2.18146954417122E-11	1.95698090719978E-11	3.23720491516662	3.96234482124568E-12	6.85794837938725E-11	1E5	1E10	1E-30	1E-10	1E10	1E-30	1E-10	1E10	1E-30	1E-10	1E10	1E-30	1E-10	1E10	1E-30	1E-10	1E10	1E-30	1E-10	1E10	1E-30	1E-10	1E10	1E-30	1E-10	1E10	1E-30	1E-10	1E10	1E-30	1E-10	1E10	1E-30	1E-10	1E10	1E-30	1E-10	1	-0.25	0.25
752	6E-12	1E10	1E10	1E-30	2.18557826012455E-10	1E10	1E-30	1E10	0.21	1E-30	1.57221387636403E-11	0.340073623285689	2.18146954417122E-11	1.95698090719978E-11	3.23720491516662	3.96234482124568E-12	6.85794837938725E-11	1E5	1E10	1E-30	1E-10	1E10	1E-30	1E-10	1E10	1E-30	1E-10	1E10	1E-30	1E-10	1E10	1E-30	1E-10	1E10	1E-30	1E-10	1E10	1E-30	1E-10	1E10	1E-30	1E-10	1E10	1E-30	1E-10	1E10	1E-30	1E-10	1E10	1E-30	1E-10	1E10	1E-30	1E-10	1	-0.5	0.5
753	6E-12	1E10	1E10	1E-30	2.18557826012455E-10	1E10	1E-30	1E10	0.21	1E-30	1.57221387636403E-11	0.340073623285689	2.18146954417122E-11	1.95698090719978E-11	3.23720491516662	3.96234482124568E-12	6.85794837938725E-11	1E5	1E10	1E-30	1E-10	1E10	1E-30	1E-10	1E10	1E-30	1E-10	1E10	1E-30	1E-10	1E10	1E-30	1E-10	1E10	1E-30	1E-10	1E10	1E-30	1E-10	1E10	1E-30	1E-10	1E10	1E-30	1E-10	1E10	1E-30	1E-10	1E10	1E-30	1E-10	1E10	1E-30	1E-10	1	-0.05	0.05
754	6E-12	1E10	1E10	1E-30	2.18557826012455E-10	1E10	1E-30	1E10	0.21	1E-30	1.57221387636403E-11	0.340073623285689	2.18146954417122E-11	1.95698090719978E-11	3.23720491516662	3.96234482124568E-12	6.85794837938725E-11	1E5	1E10	1E-30	1E-10	1E10	1E-30	1E-10	1E10	1E-30	1E-10	1E10	1E-30	1E-10	1E10	1E-30	1E-10	1E10	1E-30	1E-10	1E10	1E-30	1E-10	1E10	1E-30	1E-10	1E10	1E-30	1E-10	1E10	1E-30	1E-10	1E10	1E-30	1E-10	1E10	1E-30	1E-10	1	-0.1	0.1
755	6E-12	1E10	1E10	1E-30	2.18557826012455E-10	1E10	1E-30	1E10	0.21	1E-30	1.57221387636403E-11	0.340073623285689	2.18146954417122E-11	1.95698090719978E-11	3.23720491516662	3.96234482124568E-12	6.85794837938725E-11	1E5	1E10	1E-30	1E-10	1E10	1E-30	1E-10	1E10	1E-30	1E-10	1E10	1E-30	1E-10	1E10	1E-30	1E-10	1E10	1E-30	1E-10	1E10	1E-30	1E-10	1E10	1E-30	1E-10	1E10	1E-30	1E-10	1E10	1E-30	1E-10	1E10	1E-30	1E-10	1E10	1E-30	1E-10	1	-0.25	0.25
756	6E-12	1E10	1E10	1E-30	2.18557826012455E-10	1E10	1E-30	1E10	0.21	1E-30	1.57221387636403E-11	0.340073623285689	2.18146954417122E-11	1.95698090719978E-11	3.23720491516662	3.96234482124568E-12	6.85794837938725E-11	1E5	1E10	1E-30	1E-10	1E10	1E-30	1E-10	1E10	1E-30	1E-10	1E10	1E-30	1E-10	1E10	1E-30	1E-10	1E10	1E-30	1E-10	1E10	1E-30	1E-10	1E10	1E-30	1E-10	1E10	1E-30	1E-10	1E10	1E-30	1E-10	1E10	1E-30	1E-10	1E10	1E-30	1E-10	1	-0.5	0.5
757	6.1E-12	1E10	1E10	1E-30	2.18557826012455E-10	1E10	1E-30	1E10	0.21	1E-30	1.57221387636403E-11	0.340073623285689	2.18146954417122E-11	1.95698090719978E-11	3.23720491516662	3.96234482124568E-12	6.85794837938725E-11	1E5	1E10	1E-30	1E-10	1E10	1E-30	1E-10	1E10	1E-30	1E-10	1E10	1E-30	1E-10	1E10	1E-30	1E-10	1E10	1E-30	1E-10	1E10	1E-30	1E-10	1E10	1E-30	1E-10	1E10	1E-30	1E-10	1E10	1E-30	1E-10	1E10	1E-30	1E-10	1E10	1E-30	1E-10	1	-0.05	0.05
758	6.1E-12	1E10	1E10	1E-30	2.18557826012455E-10	1E10	1E-30	1E10	0.21	1E-30	1.57221387636403E-11	0.340073623285689	2.18146954417122E-11	1.95698090719978E-11	3.23720491516662	3.96234482124568E-12	6.85794837938725E-11	1E5	1E10	1E-30	1E-10	1E10	1E-30	1E-10	1E10	1E-30	1E-10	1E10	1E-30	1E-10	1E10	1E-30	1E-10	1E10	1E-30	1E-10	1E10	1E-30	1E-10	1E10	1E-30	1E-10	1E10	1E-30	1E-10	1E10	1E-30	1E-10	1E10	1E-30	1E-10	1E10	1E-30	1E-10	1	-0.1	0.1
759	6.1E-12	1E10	1E10	1E-30	2.18557826012455E-10	1E10	1E-30	1E10	0.21	1E-30	1.57221387636403E-11	0.340073623285689	2.18146954417122E-11	1.95698090719978E-11	3.23720491516662	3.96234482124568E-12	6.85794837938725E-11	1E5	1E10	1E-30	1E-10	1E10	1E-30	1E-10	1E10	1E-30	1E-10	1E10	1E-30	1E-10	1E10	1E-30	1E-10	1E10	1E-30	1E-10	1E10	1E-30	1E-10	1E10	1E-30	1E-10	1E10	1E-30	1E-10	1E10	1E-30	1E-10	1E10	1E-30	1E-10	1E10	1E-30	1E-10	1	-0.25	0.25
760	6.1E-12	1E10	1E10	1E-30	2.18557826012455E-10	1E10	1E-30	1E10	0.21	1E-30	1.57221387636403E-11	0.340073623285689	2.18146954417122E-11	1.95698090719978E-11	3.23720491516662	3.96234482124568E-12	6.85794837938725E-11	1E5	1E10	1E-30	1E-10	1E10	1E-30	1E-10	1E10	1E-30	1E-10	1E10	1E-30	1E-10	1E10	1E-30	1E-10	1E10	1E-30	1E-10	1E10	1E-30	1E-10	1E10	1E-30	1E-10	1E10	1E-30	1E-10	1E10	1E-30	1E-10	1E10	1E-30	1E-10	1E10	1E-30	1E-10	1	-0.5	0.5
761	6.1E-12	1E10	1E10	1E-30	2.18557826012455E-10	1E10	1E-30	1E10	0.21	1E-30	1.57221387636403E-11	0.340073623285689	2.18146954417122E-11	1.95698090719978E-11	3.23720491516662	3.96234482124568E-12	6.85794837938725E-11	1E5	1E10	1E-30	1E-10	1E10	1E-30	1E-10	1E10	1E-30	1E-10	1E10	1E-30	1E-10	1E10	1E-30	1E-10	1E10	1E-30	1E-10	1E10	1E-30	1E-10	1E10	1E-30	1E-10	1E10	1E-30	1E-10	1E10	1E-30	1E-10	1E10	1E-30	1E-10	1E10	1E-30	1E-10	1	-0.05	0.05
762	6.1E-12	1E10	1E10	1E-30	2.18557826012455E-10	1E10	1E-30	1E10	0.21	1E-30	1.57221387636403E-11	0.340073623285689	2.18146954417122E-11	1.95698090719978E-11	3.23720491516662	3.96234482124568E-12	6.85794837938725E-11	1E5	1E10	1E-30	1E-10	1E10	1E-30	1E-10	1E10	1E-30	1E-10	1E10	1E-30	1E-10	1E10	1E-30	1E-10	1E10	1E-30	1E-10	1E10	1E-30	1E-10	1E10	1E-30	1E-10	1E10	1E-30	1E-10	1E10	1E-30	1E-10	1E10	1E-30	1E-10	1E10	1E-30	1E-10	1	-0.1	0.1
763	6.1E-12	1E10	1E10	1E-30	2.18557826012455E-10	1E10	1E-30	1E10	0.21	1E-30	1.57221387636403E-11	0.340073623285689	2.18146954417122E-11	1.95698090719978E-11	3.23720491516662	3.96234482124568E-12	6.85794837938725E-11	1E5	1E10	1E-30	1E-10	1E10	1E-30	1E-10	1E10	1E-30	1E-10	1E10	1E-30	1E-10	1E10	1E-30	1E-10	1E10	1E-30	1E-10	1E10	1E-30	1E-10	1E10	1E-30	1E-10	1E10	1E-30	1E-10	1E10	1E-30	1E-10	1E10	1E-30	1E-10	1E10	1E-30	1E-10	1	-0.25	0.25
764	6.1E-12	1E10	1E10	1E-30	2.18557826012455E-10	1E10	1E-30	1E10	0.21	1E-30	1.57221387636403E-11	0.340073623285689	2.18146954417122E-11	1.95698090719978E-11	3.23720491516662	3.96234482124568E-12	6.85794837938725E-11	1E5	1E10	1E-30	1E-10	1E10	1E-30	1E-10	1E10	1E-30	1E-10	1E10	1E-30	1E-10	1E10	1E-30	1E-10	1E10	1E-30	1E-10	1E10	1E-30	1E-10	1E10	1E-30	1E-10	1E10	1E-30	1E-10	1E10	1E-30	1E-10	1E10	1E-30	1E-10	1E10	1E-30	1E-10	1	-0.5	0.5
765	6.1E-12	1E10	1E10	1E-30	2.18557826012455E-10	1E10	1E-30	1E10	0.21	1E-30	1.57221387636403E-11	0.340073623285689	2.18146954417122E-11	1.95698090719978E-11	3.23720491516662	3.96234482124568E-12	6.85794837938725E-11	1E5	1E10	1E-30	1E-10	1E10	1E-30	1E-10	1E10	1E-30	1E-10	1E10	1E-30	1E-10	1E10	1E-30	1E-10	1E10	1E-30	1E-10	1E10	1E-30	1E-10	1E10	1E-30	1E-10	1E10	1E-30	1E-10	1E10	1E-30	1E-10	1E10	1E-30	1E-10	1E10	1E-30	1E-10	1	-0.05	0.05
766	6.1E-12	1E10	1E10	1E-30	2.18557826012455E-10	1E10	1E-30	1E10	0.21	1E-30	1.57221387636403E-11	0.340073623285689	2.18146954417122E-11	1.95698090719978E-11	3.23720491516662	3.96234482124568E-12	6.85794837938725E-11	1E5	1E10	1E-30	1E-10	1E10	1E-30	1E-10	1E10	1E-30	1E-10	1E10	1E-30	1E-10	1E10	1E-30	1E-10	1E10	1E-30	1E-10	1E10	1E-30	1E-10	1E10	1E-30	1E-10	1E10	1E-30	1E-10	1E10	1E-30	1E-10	1E10	1E-30	1E-10	1E10	1E-30	1E-10	1	-0.1	0.1
767	6.1E-12	1E10	1E10	1E-30	2.18557826012455E-10	1E10	1E-30	1E10	0.21	1E-30	1.57221387636403E-11	0.340073623285689	2.18146954417122E-11	1.95698090719978E-11	3.23720491516662	3.96234482124568E-12	6.85794837938725E-11	1E5	1E10	1E-30	1E-10	1E10	1E-30	1E-10	1E10	1E-30	1E-10	1E10	1E-30	1E-10	1E10	1E-30	1E-10	1E10	1E-30	1E-10	1E10	1E-30	1E-10	1E10	1E-30	1E-10	1E10	1E-30	1E-10	1E10	1E-30	1E-10	1E10	1E-30	1E-10	1E10	1E-30	1E-10	1	-0.25	0.25
768	6.1E-12	1E10	1E10	1E-30	2.18557826012455E-10	1E10	1E-30	1E10	0.21	1E-30	1.57221387636403E-11	0.340073623285689	2.18146954417122E-11	1.95698090719978E-11	3.23720491516662	3.96234482124568E-12	6.85794837938725E-11	1E5	1E10	1E-30	1E-10	1E10	1E-30	1E-10	1E10	1E-30	1E-10	1E10	1E-30	1E-10	1E10	1E-30	1E-10	1E10	1E-30	1E-10	1E10	1E-30	1E-10	1E10	1E-30	1E-10	1E10	1E-30	1E-10	1E10	1E-30	1E-10	1E10	1E-30	1E-10	1E10	1E-30	1E-10	1	-0.5	0.5
769	6.1E-12	1E10	1E10	1E-30	2.18557826012455E-10	1E10	1E-30	1E10	0.21	1E-30	1.57221387636403E-11	0.340073623285689	2.18146954417122E-11	1.95698090719978E-11	3.23720491516662	3.96234482124568E-12	6.85794837938725E-11	1E5	1E10	1E-30	1E-10	1E10	1E-30	1E-10	1E10	1E-30	1E-10	1E10	1E-30	1E-10	1E10	1E-30	1E-10	1E10	1E-30	1E-10	1E10	1E-30	1E-10	1E10	1E-30	1E-10	1E10	1E-30	1E-10	1E10	1E-30	1E-10	1E10	1E-30	1E-10	1E10	1E-30	1E-10	1	-0.05	0.05
770	6.1E-12	1E10	1E10	1E-30	2.18557826012455E-10	1E10	1E-30	1E10	0.21	1E-30	1.57221387636403E-11	0.340073623285689	2.18146954417122E-11	1.95698090719978E-11	3.23720491516662	3.96234482124568E-12	6.85794837938725E-11	1E5	1E10	1E-30	1E-10	1E10	1E-30	1E-10	1E10	1E-30	1E-10	1E10	1E-30	1E-10	1E10	1E-30	1E-10	1E10	1E-30	1E-10	1E10	1E-30	1E-10	1E10	1E-30	1E-10	1E10	1E-30	1E-10	1E10	1E-30	1E-10	1E10	1E-30	1E-10	1E10	1E-30	1E-10	1	-0.1	0.1
771	6.1E-12	1E10	1E10	1E-30	2.18557826012455E-10	1E10	1E-30	1E10	0.21	1E-30	1.57221387636403E-11	0.340073623285689	2.18146954417122E-11	1.95698090719978E-11	3.23720491516662	3.96234482124568E-12	6.85794837938725E-11	1E5	1E10	1E-30	1E-10	1E10	1E-30	1E-10	1E10	1E-30	1E-10	1E10	1E-30	1E-10	1E10	1E-30	1E-10	1E10	1E-30	1E-10	1E10	1E-30	1E-10	1E10	1E-30	1E-10	1E10	1E-30	1E-10	1E10	1E-30	1E-10	1E10	1E-30	1E-10	1E10	1E-30	1E-10	1	-0.25	0.25
772	6.1E-12	1E10	1E10	1E-30	2.18557826012455E-10	1E10	1E-30	1E10	0.21	1E-30	1.57221387636403E-11	0.340073623285689	2.18146954417122E-11	1.95698090719978E-11	3.23720491516662	3.96234482124568E-12	6.85794837938725E-11	1E5	1E10	1E-30	1E-10	1E10	1E-30	1E-10	1E10	1E-30	1E-10	1E10	1E-30	1E-10	1E10	1E-30	1E-10	1E10	1E-30	1E-10	1E10	1E-30	1E-10	1E10	1E-30	1E-10	1E10	1E-30	1E-10	1E10	1E-30	1E-10	1E10	1E-30	1E-10	1E10	1E-30	1E-10	1	-0.5	0.5
773	6.2E-12	1E10	1E10	1E-30	2.52542513831839E-10	1E10	1E-30	1E10	0.208	1E-30	2.11827123836495E-11	0.412424511933092	5.49987834627582E-11	8.41470639283799E-12	1.79168315966133	4.66448715945345E-12	4.91105645124593E-11	1E5	1E10	1E-30	1E-10	1E10	1E-30	1E-10	1E10	1E-30	1E-10	1E10	1E-30	1E-10	1E10	1E-30	1E-10	1E10	1E-30	1E-10	1E10	1E-30	1E-10	1E10	1E-30	1E-10	1E10	1E-30	1E-10	1E10	1E-30	1E-10	1E10	1E-30	1E-10	1E10	1E-30	1E-10	1	-0.5	0.5
774	6.2E-12	1E10	1E10	1E-30	2.52542513831839E-10	1E10	1E-30	1E10	0.208	1E-30	2.11827123836495E-11	0.412424511933092	5.49987834627582E-11	8.41470639283799E-12	1.79168315966133	4.66448715945345E-12	4.91105645124593E-11	1E5	1E10	1E-30	1E-10	1E10	1E-30	1E-10	1E10	1E-30	1E-10	1E10	1E-30	1E-10	1E10	1E-30	1E-10	1E10	1E-30	1E-10	1E10	1E-30	1E-10	1E10	1E-30	1E-10	1E10	1E-30	1E-10	1E10	1E-30	1E-10	1E10	1E-30	1E-10	1E10	1E-30	1E-10	1	-0.05	0.05
775	6.2E-12	1E10	1E10	1E-30	2.52542513831839E-10	1E10	1E-30	1E10	0.208	1E-30	2.11827123836495E-11	0.412424511933092	5.49987834627582E-11	8.41470639283799E-12	1.79168315966133	4.66448715945345E-12	4.91105645124593E-11	1E5	1E10	1E-30	1E-10	1E10	1E-30	1E-10	1E10	1E-30	1E-10	1E10	1E-30	1E-10	1E10	1E-30	1E-10	1E10	1E-30	1E-10	1E10	1E-30	1E-10	1E10	1E-30	1E-10	1E10	1E-30	1E-10	1E10	1E-30	1E-10	1E10	1E-30	1E-10	1E10	1E-30	1E-10	1	-0.1	0.1
776	6.2E-12	1E10	1E10	1E-30	2.52542513831839E-10	1E10	1E-30	1E10	0.208	1E-30	2.11827123836495E-11	0.412424511933092	5.49987834627582E-11	8.41470639283799E-12	1.79168315966133	4.66448715945345E-12	4.91105645124593E-11	1E5	1E10	1E-30	1E-10	1E10	1E-30	1E-10	1E10	1E-30	1E-10	1E10	1E-30	1E-10	1E10	1E-30	1E-10	1E10	1E-30	1E-10	1E10	1E-30	1E-10	1E10	1E-30	1E-10	1E10	1E-30	1E-10	1E10	1E-30	1E-10	1E10	1E-30	1E-10	1E10	1E-30	1E-10	1	-0.25	0.25
777	6.2E-12	1E10	1E10	1E-30	2.52542513831839E-10	1E10	1E-30	1E10	0.208	1E-30	2.11827123836495E-11	0.412424511933092	5.49987834627582E-11	8.41470639283799E-12	1.79168315966133	4.66448715945345E-12	4.91105645124593E-11	1E5	1E10	1E-30	1E-10	1E10	1E-30	1E-10	1E10	1E-30	1E-10	1E10	1E-30	1E-10	1E10	1E-30	1E-10	1E10	1E-30	1E-10	1E10	1E-30	1E-10	1E10	1E-30	1E-10	1E10	1E-30	1E-10	1E10	1E-30	1E-10	1E10	1E-30	1E-10	1E10	1E-30	1E-10	1	-0.5	0.5
778	6.2E-12	1E10	1E10	1E-30	2.52542513831839E-10	1E10	1E-30	1E10	0.208	1E-30	2.11827123836495E-11	0.412424511933092	5.49987834627582E-11	8.41470639283799E-12	1.79168315966133	4.66448715945345E-12	4.91105645124593E-11	1E5	1E10	1E-30	1E-10	1E10	1E-30	1E-10	1E10	1E-30	1E-10	1E10	1E-30	1E-10	1E10	1E-30	1E-10	1E10	1E-30	1E-10	1E10	1E-30	1E-10	1E10	1E-30	1E-10	1E10	1E-30	1E-10	1E10	1E-30	1E-10	1E10	1E-30	1E-10	1E10	1E-30	1E-10	1	-0.05	0.05
779	6.2E-12	1E10	1E10	1E-30	2.52542513831839E-10	1E10	1E-30	1E10	0.208	1E-30	2.11827123836495E-11	0.412424511933092	5.49987834627582E-11	8.41470639283799E-12	1.79168315966133	4.66448715945345E-12	4.91105645124593E-11	1E5	1E10	1E-30	1E-10	1E10	1E-30	1E-10	1E10	1E-30	1E-10	1E10	1E-30	1E-10	1E10	1E-30	1E-10	1E10	1E-30	1E-10	1E10	1E-30	1E-10	1E10	1E-30	1E-10	1E10	1E-30	1E-10	1E10	1E-30	1E-10	1E10	1E-30	1E-10	1E10	1E-30	1E-10	1	-0.1	0.1
780	6.2E-12	1E10	1E10	1E-30	2.52542513831839E-10	1E10	1E-30	1E10	0.208	1E-30	2.11827123836495E-11	0.412424511933092	5.49987834627582E-11	8.41470639283799E-12	1.79168315966133	4.66448715945345E-12	4.91105645124593E-11	1E5	1E10	1E-30	1E-10	1E10	1E-30	1E-10	1E10	1E-30	1E-10	1E10	1E-30	1E-10	1E10	1E-30	1E-10	1E10	1E-30	1E-10	1E10	1E-30	1E-10	1E10	1E-30	1E-10	1E10	1E-30	1E-10	1E10	1E-30	1E-10	1E10	1E-30	1E-10	1E10	1E-30	1E-10	1	-0.25	0.25
781	6.2E-12	1E10	1E10	1E-30	2.52542513831839E-10	1E10	1E-30	1E10	0.208	1E-30	2.11827123836495E-11	0.412424511933092	5.49987834627582E-11	8.41470639283799E-12	1.79168315966133	4.66448715945345E-12	4.91105645124593E-11	1E5	1E10	1E-30	1E-10	1E10	1E-30	1E-10	1E10	1E-30	1E-10	1E10	1E-30	1E-10	1E10	1E-30	1E-10	1E10	1E-30	1E-10	1E10	1E-30	1E-10	1E10	1E-30	1E-10	1E10	1E-30	1E-10	1E10	1E-30	1E-10	1E10	1E-30	1E-10	1E10	1E-30	1E-10	1	-0.5	0.5
782	6.2E-12	1E10	1E10	1E-30	2.52542513831839E-10	1E10	1E-30	1E10	0.208	1E-30	2.11827123836495E-11	0.412424511933092	5.49987834627582E-11	8.41470639283799E-12	1.79168315966133	4.66448715945345E-12	4.91105645124593E-11	1E5	1E10	1E-30	1E-10	1E10	1E-30	1E-10	1E10	1E-30	1E-10	1E10	1E-30	1E-10	1E10	1E-30	1E-10	1E10	1E-30	1E-10	1E10	1E-30	1E-10	1E10	1E-30	1E-10	1E10	1E-30	1E-10	1E10	1E-30	1E-10	1E10	1E-30	1E-10	1E10	1E-30	1E-10	1	-0.5	0.5
783	6.2E-12	1E10	1E10	1E-30	2.52542513831839E-10	1E10	1E-30	1E10	0.208	1E-30	2.11827123836495E-11	0.412424511933092	5.49987834627582E-11	8.41470639283799E-12	1.79168315966133	4.66448715945345E-12	4.91105645124593E-11	1E5	1E10	1E-30	1E-10	1E10	1E-30	1E-10	1E10	1E-30	1E-10	1E10	1E-30	1E-10	1E10	1E-30	1E-10	1E10	1E-30	1E-10	1E10	1E-30	1E-10	1E10	1E-30	1E-10	1E10	1E-30	1E-10	1E10	1E-30	1E-10	1E10	1E-30	1E-10	1E10	1E-30	1E-10	1	-0.05	0.05
784	6.2E-12	1E10	1E10	1E-30	2.52542513831839E-10	1E10	1E-30	1E10	0.208	1E-30	2.11827123836495E-11	0.412424511933092	5.49987834627582E-11	8.41470639283799E-12	1.79168315966133	4.66448715945345E-12	4.91105645124593E-11	1E5	1E10	1E-30	1E-10	1E10	1E-30	1E-10	1E10	1E-30	1E-10	1E10	1E-30	1E-10	1E10	1E-30	1E-10	1E10	1E-30	1E-10	1E10	1E-30	1E-10	1E10	1E-30	1E-10	1E10	1E-30	1E-10	1E10	1E-30	1E-10	1E10	1E-30	1E-10	1E10	1E-30	1E-10	1	-0.1	0.1
785	6.2E-12	1E10	1E10	1E-30	2.52542513831839E-10	1E10	1E-30	1E10	0.208	1E-30	2.11827123836495E-11	0.412424511933092	5.49987834627582E-11	8.41470639283799E-12	1.79168315966133	4.66448715945345E-12	4.91105645124593E-11	1E5	1E10	1E-30	1E-10	1E10	1E-30	1E-10	1E10	1E-30	1E-10	1E10	1E-30	1E-10	1E10	1E-30	1E-10	1E10	1E-30	1E-10	1E10	1E-30	1E-10	1E10	1E-30	1E-10	1E10	1E-30	1E-10	1E10	1E-30	1E-10	1E10	1E-30	1E-10	1E10	1E-30	1E-10	1	-0.25	0.25
786	6.2E-12	1E10	1E10	1E-30	2.52542513831839E-10	1E10	1E-30	1E10	0.208	1E-30	2.11827123836495E-11	0.412424511933092	5.49987834627582E-11	8.41470639283799E-12	1.79168315966133	4.66448715945345E-12	4.91105645124593E-11	1E5	1E10	1E-30	1E-10	1E10	1E-30	1E-10	1E10	1E-30	1E-10	1E10	1E-30	1E-10	1E10	1E-30	1E-10	1E10	1E-30	1E-10	1E10	1E-30	1E-10	1E10	1E-30	1E-10	1E10	1E-30	1E-10	1E10	1E-30	1E-10	1E10	1E-30	1E-10	1E10	1E-30	1E-10	1	-0.5	0.5
787	6.2E-12	1E10	1E10	1E-30	2.52542513831839E-10	1E10	1E-30	1E10	0.208	1E-30	2.11827123836495E-11	0.412424511933092	5.49987834627582E-11	8.41470639283799E-12	1.79168315966133	4.66448715945345E-12	4.91105645124593E-11	1E5	1E10	1E-30	1E-10	1E10	1E-30	1E-10	1E10	1E-30	1E-10	1E10	1E-30	1E-10	1E10	1E-30	1E-10	1E10	1E-30	1E-10	1E10	1E-30	1E-10	1E10	1E-30	1E-10	1E10	1E-30	1E-10	1E10	1E-30	1E-10	1E10	1E-30	1E-10	1E10	1E-30	1E-10	1	-0.05	0.05
788	6.2E-12	1E10	1E10	1E-30	2.52542513831839E-10	1E10	1E-30	1E10	0.208	1E-30	2.11827123836495E-11	0.412424511933092	5.49987834627582E-11	8.41470639283799E-12	1.79168315966133	4.66448715945345E-12	4.91105645124593E-11	1E5	1E10	1E-30	1E-10	1E10	1E-30	1E-10	1E10	1E-30	1E-10	1E10	1E-30	1E-10	1E10	1E-30	1E-10	1E10	1E-30	1E-10	1E10	1E-30	1E-10	1E10	1E-30	1E-10	1E10	1E-30	1E-10	1E10	1E-30	1E-10	1E10	1E-30	1E-10	1E10	1E-30	1E-10	1	-0.1	0.1
789	6.2E-12	1E10	1E10	1E-30	2.52542513831839E-10	1E10	1E-30	1E10	0.208	1E-30	2.11827123836495E-11	0.412424511933092	5.49987834627582E-11	8.41470639283799E-12	1.79168315966133	4.66448715945345E-12	4.91105645124593E-11	1E5	1E10	1E-30	1E-10	1E10	1E-30	1E-10	1E10	1E-30	1E-10	1E10	1E-30	1E-10	1E10	1E-30	1E-10	1E10	1E-30	1E-10	1E10	1E-30	1E-10	1E10	1E-30	1E-10	1E10	1E-30	1E-10	1E10	1E-30	1E-10	1E10	1E-30	1E-10	1E10	1E-30	1E-10	1	-0.25	0.25
790	6.2E-12	1E10	1E10	1E-30	2.52542513831839E-10	1E10	1E-30	1E10	0.208	1E-30	2.11827123836495E-11	0.412424511933092	5.49987834627582E-11	8.41470639283799E-12	1.79168315966133	4.66448715945345E-12	4.91105645124593E-11	1E5	1E10	1E-30	1E-10	1E10	1E-30	1E-10	1E10	1E-30	1E-10	1E10	1E-30	1E-10	1E10	1E-30	1E-10	1E10	1E-30	1E-10	1E10	1E-30	1E-10	1E10	1E-30	1E-10	1E10	1E-30	1E-10	1E10	1E-30	1E-10	1E10	1E-30	1E-10	1E10	1E-30	1E-10	1	-0.5	0.5
791	6.29999999999999E-12	1E10	1E10	1E-30	2.52542513831839E-10	1E10	1E-30	1E10	0.208	1E-30	2.11827123836495E-11	0.412424511933092	5.49987834627582E-11	8.41470639283799E-12	1.79168315966133	4.66448715945345E-12	4.91105645124593E-11	1E5	1E10	1E-30	1E-10	1E10	1E-30	1E-10	1E10	1E-30	1E-10	1E10	1E-30	1E-10	1E10	1E-30	1E-10	1E10	1E-30	1E-10	1E10	1E-30	1E-10	1E10	1E-30	1E-10	1E10	1E-30	1E-10	1E10	1E-30	1E-10	1E10	1E-30	1E-10	1E10	1E-30	1E-10	1	-0.05	0.05
792	6.29999999999999E-12	1E10	1E10	1E-30	2.52542513831839E-10	1E10	1E-30	1E10	0.208	1E-30	2.11827123836495E-11	0.412424511933092	5.49987834627582E-11	8.41470639283799E-12	1.79168315966133	4.66448715945345E-12	4.91105645124593E-11	1E5	1E10	1E-30	1E-10	1E10	1E-30	1E-10	1E10	1E-30	1E-10	1E10	1E-30	1E-10	1E10	1E-30	1E-10	1E10	1E-30	1E-10	1E10	1E-30	1E-10	1E10	1E-30	1E-10	1E10	1E-30	1E-10	1E10	1E-30	1E-10	1E10	1E-30	1E-10	1E10	1E-30	1E-10	1	-0.1	0.1
793	6.29999999999999E-12	1E10	1E10	1E-30	2.52542513831839E-10	1E10	1E-30	1E10	0.208	1E-30	2.11827123836495E-11	0.412424511933092	5.49987834627582E-11	8.41470639283799E-12	1.79168315966133	4.66448715945345E-12	4.91105645124593E-11	1E5	1E10	1E-30	1E-10	1E10	1E-30	1E-10	1E10	1E-30	1E-10	1E10	1E-30	1E-10	1E10	1E-30	1E-10	1E10	1E-30	1E-10	1E10	1E-30	1E-10	1E10	1E-30	1E-10	1E10	1E-30	1E-10	1E10	1E-30	1E-10	1E10	1E-30	1E-10	1E10	1E-30	1E-10	1	-0.25	0.25
794	6.29999999999999E-12	1E10	1E10	1E-30	2.52542513831839E-10	1E10	1E-30	1E10	0.208	1E-30	2.11827123836495E-11	0.412424511933092	5.49987834627582E-11	8.41470639283799E-12	1.79168315966133	4.66448715945345E-12	4.91105645124593E-11	1E5	1E10	1E-30	1E-10	1E10	1E-30	1E-10	1E10	1E-30	1E-10	1E10	1E-30	1E-10	1E10	1E-30	1E-10	1E10	1E-30	1E-10	1E10	1E-30	1E-10	1E10	1E-30	1E-10	1E10	1E-30	1E-10	1E10	1E-30	1E-10	1E10	1E-30	1E-10	1E10	1E-30	1E-10	1	-0.5	0.5
795	6.29999999999999E-12	1E10	1E10	1E-30	2.52542513831839E-10	1E10	1E-30	1E10	0.208	1E-30	2.11827123836495E-11	0.412424511933092	5.49987834627582E-11	8.41470639283799E-12	1.79168315966133	4.66448715945345E-12	4.91105645124593E-11	1E5	1E10	1E-30	1E-10	1E10	1E-30	1E-10	1E10	1E-30	1E-10	1E10	1E-30	1E-10	1E10	1E-30	1E-10	1E10	1E-30	1E-10	1E10	1E-30	1E-10	1E10	1E-30	1E-10	1E10	1E-30	1E-10	1E10	1E-30	1E-10	1E10	1E-30	1E-10	1E10	1E-30	1E-10	1	-0.05	0.05
796	6.29999999999999E-12	1E10	1E10	1E-30	2.52542513831839E-10	1E10	1E-30	1E10	0.208	1E-30	2.11827123836495E-11	0.412424511933092	5.49987834627582E-11	8.41470639283799E-12	1.79168315966133	4.66448715945345E-12	4.91105645124593E-11	1E5	1E10	1E-30	1E-10	1E10	1E-30	1E-10	1E10	1E-30	1E-10	1E10	1E-30	1E-10	1E10	1E-30	1E-10	1E10	1E-30	1E-10	1E10	1E-30	1E-10	1E10	1E-30	1E-10	1E10	1E-30	1E-10	1E10	1E-30	1E-10	1E10	1E-30	1E-10	1E10	1E-30	1E-10	1	-0.1	0.1
797	6.29999999999999E-12	1E10	1E10	1E-30	2.52542513831839E-10	1E10	1E-30	1E10	0.208	1E-30	2.11827123836495E-11	0.412424511933092	5.49987834627582E-11	8.41470639283799E-12	1.79168315966133	4.66448715945345E-12	4.91105645124593E-11	1E5	1E10	1E-30	1E-10	1E10	1E-30	1E-10	1E10	1E-30	1E-10	1E10	1E-30	1E-10	1E10	1E-30	1E-10	1E10	1E-30	1E-10	1E10	1E-30	1E-10	1E10	1E-30	1E-10	1E10	1E-30	1E-10	1E10	1E-30	1E-10	1E10	1E-30	1E-10	1E10	1E-30	1E-10	1	-0.25	0.25
798	6.29999999999999E-12	1E10	1E10	1E-30	2.52542513831839E-10	1E10	1E-30	1E10	0.208	1E-30	2.11827123836495E-11	0.412424511933092	5.49987834627582E-11	8.41470639283799E-12	1.79168315966133	4.66448715945345E-12	4.91105645124593E-11	1E5	1E10	1E-30	1E-10	1E10	1E-30	1E-10	1E10	1E-30	1E-10	1E10	1E-30	1E-10	1E10	1E-30	1E-10	1E10	1E-30	1E-10	1E10	1E-30	1E-10	1E10	1E-30	1E-10	1E10	1E-30	1E-10	1E10	1E-30	1E-10	1E10	1E-30	1E-10	1E10	1E-30	1E-10	1	-0.5	0.5
799	6.29999999999999E-12	1E10	1E10	1E-30	2.52542513831839E-10	1E10	1E-30	1E10	0.208	1E-30	2.11827123836495E-11	0.412424511933092	5.49987834627582E-11	8.41470639283799E-12	1.79168315966133	4.66448715945345E-12	4.91105645124593E-11	1E5	1E10	1E-30	1E-10	1E10	1E-30	1E-10	1E10	1E-30	1E-10	1E10	1E-30	1E-10	1E10	1E-30	1E-10	1E10	1E-30	1E-10	1E10	1E-30	1E-10	1E10	1E-30	1E-10	1E10	1E-30	1E-10	1E10	1E-30	1E-10	1E10	1E-30	1E-10	1E10	1E-30	1E-10	1	-0.05	0.05
800	6.29999999999999E-12	1E10	1E10	1E-30	2.52542513831839E-10	1E10	1E-30	1E10	0.208	1E-30	2.11827123836495E-11	0.412424511933092	5.49987834627582E-11	8.41470639283799E-12	1.79168315966133	4.66448715945345E-12	4.91105645124593E-11	1E5	1E10	1E-30	1E-10	1E10	1E-30	1E-10	1E10	1E-30	1E-10	1E10	1E-30	1E-10	1E10	1E-30	1E-10	1E10	1E-30	1E-10	1E10	1E-30	1E-10	1E10	1E-30	1E-10	1E10	1E-30	1E-10	1E10	1E-30	1E-10	1E10	1E-30	1E-10	1E10	1E-30	1E-10	1	-0.1	0.1
801	6.29999999999999E-12	1E10	1E10	1E-30	2.52542513831839E-10	1E10	1E-30	1E10	0.208	1E-30	2.11827123836495E-11	0.412424511933092	5.49987834627582E-11	8.41470639283799E-12	1.79168315966133	4.66448715945345E-12	4.91105645124593E-11	1E5	1E10	1E-30	1E-10	1E10	1E-30	1E-10	1E10	1E-30	1E-10	1E10	1E-30	1E-10	1E10	1E-30	1E-10	1E10	1E-30	1E-10	1E10	1E-30	1E-10	1E10	1E-30	1E-10	1E10	1E-30	1E-10	1E10	1E-30	1E-10	1E10	1E-30	1E-10	1E10	1E-30	1E-10	1	-0.25	0.25
802	6.29999999999999E-12	1E10	1E10	1E-30	2.52542513831839E-10	1E10	1E-30	1E10	0.208	1E-30	2.11827123836495E-11	0.412424511933092	5.49987834627582E-11	8.41470639283799E-12	1.79168315966133	4.66448715945345E-12	4.91105645124593E-11	1E5	1E10	1E-30	1E-10	1E10	1E-30	1E-10	1E10	1E-30	1E-10	1E10	1E-30	1E-10	1E10	1E-30	1E-10	1E10	1E-30	1E-10	1E10	1E-30	1E-10	1E10	1E-30	1E-10	1E10	1E-30	1E-10	1E10	1E-30	1E-10	1E10	1E-30	1E-10	1E10	1E-30	1E-10	1	-0.5	0.5
803	6.29999999999999E-12	1E10	1E10	1E-30	2.52542513831839E-10	1E10	1E-30	1E10	0.208	1E-30	2.11827123836495E-11	0.412424511933092	5.49987834627582E-11	8.41470639283799E-12	1.79168315966133	4.66448715945345E-12	4.91105645124593E-11	1E5	1E10	1E-30	1E-10	1E10	1E-30	1E-10	1E10	1E-30	1E-10	1E10	1E-30	1E-10	1E10	1E-30	1E-10	1E10	1E-30	1E-10	1E10	1E-30	1E-10	1E10	1E-30	1E-10	1E10	1E-30	1E-10	1E10	1E-30	1E-10	1E10	1E-30	1E-10	1E10	1E-30	1E-10	1	-0.05	0.05
804	6.29999999999999E-12	1E10	1E10	1E-30	2.52542513831839E-10	1E10	1E-30	1E10	0.208	1E-30	2.11827123836495E-11	0.412424511933092	5.49987834627582E-11	8.41470639283799E-12	1.79168315966133	4.66448715945345E-12	4.91105645124593E-11	1E5	1E10	1E-30	1E-10	1E10	1E-30	1E-10	1E10	1E-30	1E-10	1E10	1E-30	1E-10	1E10	1E-30	1E-10	1E10	1E-30	1E-10	1E10	1E-30	1E-10	1E10	1E-30	1E-10	1E10	1E-30	1E-10	1E10	1E-30	1E-10	1E10	1E-30	1E-10	1E10	1E-30	1E-10	1	-0.1	0.1
805	6.29999999999999E-12	1E10	1E10	1E-30	2.52542513831839E-10	1E10	1E-30	1E10	0.208	1E-30	2.11827123836495E-11	0.412424511933092	5.49987834627582E-11	8.41470639283799E-12	1.79168315966133	4.66448715945345E-12	4.91105645124593E-11	1E5	1E10	1E-30	1E-10	1E10	1E-30	1E-10	1E10	1E-30	1E-10	1E10	1E-30	1E-10	1E10	1E-30	1E-10	1E10	1E-30	1E-10	1E10	1E-30	1E-10	1E10	1E-30	1E-10	1E10	1E-30	1E-10	1E10	1E-30	1E-10	1E10	1E-30	1E-10	1E10	1E-30	1E-10	1	-0.25	0.25
806	6.29999999999999E-12	1E10	1E10	1E-30	2.52542513831839E-10	1E10	1E-30	1E10	0.208	1E-30	2.11827123836495E-11	0.412424511933092	5.49987834627582E-11	8.41470639283799E-12	1.79168315966133	4.66448715945345E-12	4.91105645124593E-11	1E5	1E10	1E-30	1E-10	1E10	1E-30	1E-10	1E10	1E-30	1E-10	1E10	1E-30	1E-10	1E10	1E-30	1E-10	1E10	1E-30	1E-10	1E10	1E-30	1E-10	1E10	1E-30	1E-10	1E10	1E-30	1E-10	1E10	1E-30	1E-10	1E10	1E-30	1E-10	1E10	1E-30	1E-10	1	-0.5	0.5
807	6.4E-12	1E10	1E10	1E-30	2.52542513831839E-10	1E10	1E-30	1E10	0.208	1E-30	2.11827123836495E-11	0.412424511933092	5.49987834627582E-11	8.41470639283799E-12	1.79168315966133	4.66448715945345E-12	4.91105645124593E-11	1E5	1E10	1E-30	1E-10	1E10	1E-30	1E-10	1E10	1E-30	1E-10	1E10	1E-30	1E-10	1E10	1E-30	1E-10	1E10	1E-30	1E-10	1E10	1E-30	1E-10	1E10	1E-30	1E-10	1E10	1E-30	1E-10	1E10	1E-30	1E-10	1E10	1E-30	1E-10	1E10	1E-30	1E-10	1	-0.05	0.05
808	6.4E-12	1E10	1E10	1E-30	2.52542513831839E-10	1E10	1E-30	1E10	0.208	1E-30	2.11827123836495E-11	0.412424511933092	5.49987834627582E-11	8.41470639283799E-12	1.79168315966133	4.66448715945345E-12	4.91105645124593E-11	1E5	1E10	1E-30	1E-10	1E10	1E-30	1E-10	1E10	1E-30	1E-10	1E10	1E-30	1E-10	1E10	1E-30	1E-10	1E10	1E-30	1E-10	1E10	1E-30	1E-10	1E10	1E-30	1E-10	1E10	1E-30	1E-10	1E10	1E-30	1E-10	1E10	1E-30	1E-10	1E10	1E-30	1E-10	1	-0.1	0.1
809	6.4E-12	1E10	1E10	1E-30	2.52542513831839E-10	1E10	1E-30	1E10	0.208	1E-30	2.11827123836495E-11	0.412424511933092	5.49987834627582E-11	8.41470639283799E-12	1.79168315966133	4.66448715945345E-12	4.91105645124593E-11	1E5	1E10	1E-30	1E-10	1E10	1E-30	1E-10	1E10	1E-30	1E-10	1E10	1E-30	1E-10	1E10	1E-30	1E-10	1E10	1E-30	1E-10	1E10	1E-30	1E-10	1E10	1E-30	1E-10	1E10	1E-30	1E-10	1E10	1E-30	1E-10	1E10	1E-30	1E-10	1E10	1E-30	1E-10	1	-0.25	0.25
810	6.4E-12	1E10	1E10	1E-30	2.52542513831839E-10	1E10	1E-30	1E10	0.208	1E-30	2.11827123836495E-11	0.412424511933092	5.49987834627582E-11	8.41470639283799E-12	1.79168315966133	4.66448715945345E-12	4.91105645124593E-11	1E5	1E10	1E-30	1E-10	1E10	1E-30	1E-10	1E10	1E-30	1E-10	1E10	1E-30	1E-10	1E10	1E-30	1E-10	1E10	1E-30	1E-10	1E10	1E-30	1E-10	1E10	1E-30	1E-10	1E10	1E-30	1E-10	1E10	1E-30	1E-10	1E10	1E-30	1E-10	1E10	1E-30	1E-10	1	-0.5	0.5
811	6.4E-12	1E10	1E10	1E-30	2.52542513831839E-10	1E10	1E-30	1E10	0.208	1E-30	2.11827123836495E-11	0.412424511933092	5.49987834627582E-11	8.41470639283799E-12	1.79168315966133	4.66448715945345E-12	4.91105645124593E-11	1E5	1E10	1E-30	1E-10	1E10	1E-30	1E-10	1E10	1E-30	1E-10	1E10	1E-30	1E-10	1E10	1E-30	1E-10	1E10	1E-30	1E-10	1E10	1E-30	1E-10	1E10	1E-30	1E-10	1E10	1E-30	1E-10	1E10	1E-30	1E-10	1E10	1E-30	1E-10	1E10	1E-30	1E-10	1	-0.05	0.05
812	6.4E-12	1E10	1E10	1E-30	2.52542513831839E-10	1E10	1E-30	1E10	0.208	1E-30	2.11827123836495E-11	0.412424511933092	5.49987834627582E-11	8.41470639283799E-12	1.79168315966133	4.66448715945345E-12	4.91105645124593E-11	1E5	1E10	1E-30	1E-10	1E10	1E-30	1E-10	1E10	1E-30	1E-10	1E10	1E-30	1E-10	1E10	1E-30	1E-10	1E10	1E-30	1E-10	1E10	1E-30	1E-10	1E10	1E-30	1E-10	1E10	1E-30	1E-10	1E10	1E-30	1E-10	1E10	1E-30	1E-10	1E10	1E-30	1E-10	1	-0.1	0.1
813	6.4E-12	1E10	1E10	1E-30	2.52542513831839E-10	1E10	1E-30	1E10	0.208	1E-30	2.11827123836495E-11	0.412424511933092	5.49987834627582E-11	8.41470639283799E-12	1.79168315966133	4.66448715945345E-12	4.91105645124593E-11	1E5	1E10	1E-30	1E-10	1E10	1E-30	1E-10	1E10	1E-30	1E-10	1E10	1E-30	1E-10	1E10	1E-30	1E-10	1E10	1E-30	1E-10	1E10	1E-30	1E-10	1E10	1E-30	1E-10	1E10	1E-30	1E-10	1E10	1E-30	1E-10	1E10	1E-30	1E-10	1E10	1E-30	1E-10	1	-0.25	0.25
814	6.4E-12	1E10	1E10	1E-30	2.52542513831839E-10	1E10	1E-30	1E10	0.208	1E-30	2.11827123836495E-11	0.412424511933092	5.49987834627582E-11	8.41470639283799E-12	1.79168315966133	4.66448715945345E-12	4.91105645124593E-11	1E5	1E10	1E-30	1E-10	1E10	1E-30	1E-10	1E10	1E-30	1E-10	1E10	1E-30	1E-10	1E10	1E-30	1E-10	1E10	1E-30	1E-10	1E10	1E-30	1E-10	1E10	1E-30	1E-10	1E10	1E-30	1E-10	1E10	1E-30	1E-10	1E10	1E-30	1E-10	1E10	1E-30	1E-10	1	-0.5	0.5
815	6.4E-12	1E10	1E10	1E-30	2.52542513831839E-10	1E10	1E-30	1E10	0.208	1E-30	2.11827123836495E-11	0.412424511933092	5.49987834627582E-11	8.41470639283799E-12	1.79168315966133	4.66448715945345E-12	4.91105645124593E-11	1E5	1E10	1E-30	1E-10	1E10	1E-30	1E-10	1E10	1E-30	1E-10	1E10	1E-30	1E-10	1E10	1E-30	1E-10	1E10	1E-30	1E-10	1E10	1E-30	1E-10	1E10	1E-30	1E-10	1E10	1E-30	1E-10	1E10	1E-30	1E-10	1E10	1E-30	1E-10	1E10	1E-30	1E-10	1	-0.05	0.05
816	6.4E-12	1E10	1E10	1E-30	2.52542513831839E-10	1E10	1E-30	1E10	0.208	1E-30	2.11827123836495E-11	0.412424511933092	5.49987834627582E-11	8.41470639283799E-12	1.79168315966133	4.66448715945345E-12	4.91105645124593E-11	1E5	1E10	1E-30	1E-10	1E10	1E-30	1E-10	1E10	1E-30	1E-10	1E10	1E-30	1E-10	1E10	1E-30	1E-10	1E10	1E-30	1E-10	1E10	1E-30	1E-10	1E10	1E-30	1E-10	1E10	1E-30	1E-10	1E10	1E-30	1E-10	1E10	1E-30	1E-10	1E10	1E-30	1E-10	1	-0.1	0.1
817	6.4E-12	1E10	1E10	1E-30	2.52542513831839E-10	1E10	1E-30	1E10	0.208	1E-30	2.11827123836495E-11	0.412424511933092	5.49987834627582E-11	8.41470639283799E-12	1.79168315966133	4.66448715945345E-12	4.91105645124593E-11	1E5	1E10	1E-30	1E-10	1E10	1E-30	1E-10	1E10	1E-30	1E-10	1E10	1E-30	1E-10	1E10	1E-30	1E-10	1E10	1E-30	1E-10	1E10	1E-30	1E-10	1E10	1E-30	1E-10	1E10	1E-30	1E-10	1E10	1E-30	1E-10	1E10	1E-30	1E-10	1E10	1E-30	1E-10	1	-0.25	0.25
818	6.4E-12	1E10	1E10	1E-30	2.52542513831839E-10	1E10	1E-30	1E10	0.208	1E-30	2.11827123836495E-11	0.412424511933092	5.49987834627582E-11	8.41470639283799E-12	1.79168315966133	4.66448715945345E-12	4.91105645124593E-11	1E5	1E10	1E-30	1E-10	1E10	1E-30	1E-10	1E10	1E-30	1E-10	1E10	1E-30	1E-10	1E10	1E-30	1E-10	1E10	1E-30	1E-10	1E10	1E-30	1E-10	1E10	1E-30	1E-10	1E10	1E-30	1E-10	1E10	1E-30	1E-10	1E10	1E-30	1E-10	1E10	1E-30	1E-10	1	-0.5	0.5
819	6.4E-12	1E10	1E10	1E-30	2.52542513831839E-10	1E10	1E-30	1E10	0.208	1E-30	2.11827123836495E-11	0.412424511933092	5.49987834627582E-11	8.41470639283799E-12	1.79168315966133	4.66448715945345E-12	4.91105645124593E-11	1E5	1E10	1E-30	1E-10	1E10	1E-30	1E-10	1E10	1E-30	1E-10	1E10	1E-30	1E-10	1E10	1E-30	1E-10	1E10	1E-30	1E-10	1E10	1E-30	1E-10	1E10	1E-30	1E-10	1E10	1E-30	1E-10	1E10	1E-30	1E-10	1E10	1E-30	1E-10	1E10	1E-30	1E-10	1	-0.05	0.05
820	6.4E-12	1E10	1E10	1E-30	2.52542513831839E-10	1E10	1E-30	1E10	0.208	1E-30	2.11827123836495E-11	0.412424511933092	5.49987834627582E-11	8.41470639283799E-12	1.79168315966133	4.66448715945345E-12	4.91105645124593E-11	1E5	1E10	1E-30	1E-10	1E10	1E-30	1E-10	1E10	1E-30	1E-10	1E10	1E-30	1E-10	1E10	1E-30	1E-10	1E10	1E-30	1E-10	1E10	1E-30	1E-10	1E10	1E-30	1E-10	1E10	1E-30	1E-10	1E10	1E-30	1E-10	1E10	1E-30	1E-10	1E10	1E-30	1E-10	1	-0.1	0.1
821	6.4E-12	1E10	1E10	1E-30	2.52542513831839E-10	1E10	1E-30	1E10	0.208	1E-30	2.11827123836495E-11	0.412424511933092	5.49987834627582E-11	8.41470639283799E-12	1.79168315966133	4.66448715945345E-12	4.91105645124593E-11	1E5	1E10	1E-30	1E-10	1E10	1E-30	1E-10	1E10	1E-30	1E-10	1E10	1E-30	1E-10	1E10	1E-30	1E-10	1E10	1E-30	1E-10	1E10	1E-30	1E-10	1E10	1E-30	1E-10	1E10	1E-30	1E-10	1E10	1E-30	1E-10	1E10	1E-30	1E-10	1E10	1E-30	1E-10	1	-0.25	0.25
822	6.4E-12	1E10	1E10	1E-30	2.52542513831839E-10	1E10	1E-30	1E10	0.208	1E-30	2.11827123836495E-11	0.412424511933092	5.49987834627582E-11	8.41470639283799E-12	1.79168315966133	4.66448715945345E-12	4.91105645124593E-11	1E5	1E10	1E-30	1E-10	1E10	1E-30	1E-10	1E10	1E-30	1E-10	1E10	1E-30	1E-10	1E10	1E-30	1E-10	1E10	1E-30	1E-10	1E10	1E-30	1E-10	1E10	1E-30	1E-10	1E10	1E-30	1E-10	1E10	1E-30	1E-10	1E10	1E-30	1E-10	1E10	1E-30	1E-10	1	-0.5	0.5
823	6.49999999999999E-12	1E10	1E10	1E-30	2.49943652949081E-10	1E10	1E-30	1E10	0.205	1E-30	2.14736352333892E-11	0.388884967926198	7.88354387725751E-11	6.68007364721656E-12	1.62081490150805	1.40816731061379E-10	2.57686227030086E-12	0.908732028003297	5.68073077488792E-12	4.73777705962611E-11	1E5	1E10	1E-30	1E-10	1E10	1E-30	1E-10	1E10	1E-30	1E-10	1E10	1E-30	1E-10	1E10	1E-30	1E-10	1E10	1E-30	1E-10	1E10	1E-30	1E-10	1E10	1E-30	1E-10	1E10	1E-30	1E-10	1E10	1E-30	1E-10	1E10	1E-30	1E-10	1	-0.05	0.05
824	6.49999999999999E-12	1E10	1E10	1E-30	2.49943652949081E-10	1E10	1E-30	1E10	0.205	1E-30	2.14736352333892E-11	0.388884967926198	7.88354387725751E-11	6.68007364721656E-12	1.62081490150805	1.40816731061379E-10	2.57686227030086E-12	0.908732028003297	5.68073077488792E-12	4.73777705962611E-11	1E5	1E10	1E-30	1E-10	1E10	1E-30	1E-10	1E10	1E-30	1E-10	1E10	1E-30	1E-10	1E10	1E-30	1E-10	1E10	1E-30	1E-10	1E10	1E-30	1E-10	1E10	1E-30	1E-10	1E10	1E-30	1E-10	1E10	1E-30	1E-10	1E10	1E-30	1E-10	1	-0.1	0.1
825	6.49999999999999E-12	1E10	1E10	1E-30	2.49943652949081E-10	1E10	1E-30	1E10	0.205	1E-30	2.14736352333892E-11	0.388884967926198	7.88354387725751E-11	6.68007364721656E-12	1.62081490150805	1.40816731061379E-10	2.57686227030086E-12	0.908732028003297	5.68073077488792E-12	4.73777705962611E-11	1E5	1E10	1E-30	1E-10	1E10	1E-30	1E-10	1E10	1E-30	1E-10	1E10	1E-30	1E-10	1E10	1E-30	1E-10	1E10	1E-30	1E-10	1E10	1E-30	1E-10	1E10	1E-30	1E-10	1E10	1E-30	1E-10	1E10	1E-30	1E-10	1E10	1E-30	1E-10	1	-0.25	0.25
826	6.49999999999999E-12	1E10	1E10	1E-30	2.49943652949081E-10	1E10	1E-30	1E10	0.205	1E-30	2.14736352333892E-11	0.388884967926198	7.88354387725751E-11	6.68007364721656E-12	1.62081490150805	1.40816731061379E-10	2.57686227030086E-12	0.908732028003297	5.68073077488792E-12	4.73777705962611E-11	1E5	1E10	1E-30	1E-10	1E10	1E-30	1E-10	1E10	1E-30	1E-10	1E10	1E-30	1E-10	1E10	1E-30	1E-10	1E10	1E-30	1E-10	1E10	1E-30	1E-10	1E10	1E-30	1E-10	1E10	1E-30	1E-10	1E10	1E-30	1E-10	1E10	1E-30	1E-10	1	-0.5	0.5
827	6.49999999999999E-12	1E10	1E10	1E-30	2.49943652949081E-10	1E10	1E-30	1E10	0.205	1E-30	2.14736352333892E-11	0.388884967926198	7.88354387725751E-11	6.68007364721656E-12	1.62081490150805	1.40816731061379E-10	2.57686227030086E-12	0.908732028003297	5.68073077488792E-12	4.73777705962611E-11	1E5	1E10	1E-30	1E-10	1E10	1E-30	1E-10	1E10	1E-30	1E-10	1E10	1E-30	1E-10	1E10	1E-30	1E-10	1E10	1E-30	1E-10	1E10	1E-30	1E-10	1E10	1E-30	1E-10	1E10	1E-30	1E-10	1E10	1E-30	1E-10	1E10	1E-30	1E-10	1	-0.05	0.05
828	6.49999999999999E-12	1E10	1E10	1E-30	2.49943652949081E-10	1E10	1E-30	1E10	0.205	1E-30	2.14736352333892E-11	0.388884967926198	7.88354387725751E-11	6.68007364721656E-12	1.62081490150805	1.40816731061379E-10	2.57686227030086E-12	0.908732028003297	5.68073077488792E-12	4.73777705962611E-11	1E5	1E10	1E-30	1E-10	1E10	1E-30	1E-10	1E10	1E-30	1E-10	1E10	1E-30	1E-10	1E10	1E-30	1E-10	1E10	1E-30	1E-10	1E10	1E-30	1E-10	1E10	1E-30	1E-10	1E10	1E-30	1E-10	1E10	1E-30	1E-10	1E10	1E-30	1E-10	1	-0.1	0.1
829	6.49999999999999E-12	1E10	1E10	1E-30	2.49943652949081E-10	1E10	1E-30	1E10	0.205	1E-30	2.14736352333892E-11	0.388884967926198	7.88354387725751E-11	6.68007364721656E-12	1.62081490150805	1.40816731061379E-10	2.57686227030086E-12	0.908732028003297	5.68073077488792E-12	4.73777705962611E-11	1E5	1E10	1E-30	1E-10	1E10	1E-30	1E-10	1E10	1E-30	1E-10	1E10	1E-30	1E-10	1E10	1E-30	1E-10	1E10	1E-30	1E-10	1E10	1E-30	1E-10	1E10	1E-30	1E-10	1E10	1E-30	1E-10	1E10	1E-30	1E-10	1E10	1E-30	1E-10	1	-0.25	0.25
830	6.49999999999999E-12	1E10	1E10	1E-30	2.49943652949081E-10	1E10	1E-30	1E10	0.205	1E-30	2.14736352333892E-11	0.388884967926198	7.88354387725751E-11	6.68007364721656E-12	1.62081490150805	1.40816731061379E-10	2.57686227030086E-12	0.908732028003297	5.68073077488792E-12	4.73777705962611E-11	1E5	1E10	1E-30	1E-10	1E10	1E-30	1E-10	1E10	1E-30	1E-10	1E10	1E-30	1E-10	1E10	1E-30	1E-10	1E10	1E-30	1E-10	1E10	1E-30	1E-10	1E10	1E-30	1E-10	1E10	1E-30	1E-10	1E10	1E-30	1E-10	1E10	1E-30	1E-10	1	-0.5	0.5
831	6.49999999999999E-12	1E10	1E10	1E-30	2.49943652949081E-10	1E10	1E-30	1E10	0.205	1E-30	2.14736352333892E-11	0.388884967926198	7.88354387725751E-11	6.68007364721656E-12	1.62081490150805	1.40816731061379E-10	2.57686227030086E-12	0.908732028003297	5.68073077488792E-12	4.73777705962611E-11	1E5	1E10	1E-30	1E-10	1E10	1E-30	1E-10	1E10	1E-30	1E-10	1E10	1E-30	1E-10	1E10	1E-30	1E-10	1E10	1E-30	1E-10	1E10	1E-30	1E-10	1E10	1E-30	1E-10	1E10	1E-30	1E-10	1E10	1E-30	1E-10	1E10	1E-30	1E-10	1	-0.05	0.05
832	6.49999999999999E-12	1E10	1E10	1E-30	2.49943652949081E-10	1E10	1E-30	1E10	0.205	1E-30	2.14736352333892E-11	0.388884967926198	7.88354387725751E-11	6.68007364721656E-12	1.62081490150805	1.40816731061379E-10	2.57686227030086E-12	0.908732028003297	5.68073077488792E-12	4.73777705962611E-11	1E5	1E10	1E-30	1E-10	1E10	1E-30	1E-10	1E10	1E-30	1E-10	1E10	1E-30	1E-10	1E10	1E-30	1E-10	1E10	1E-30	1E-10	1E10	1E-30	1E-10	1E10	1E-30	1E-10	1E10	1E-30	1E-10	1E10	1E-30	1E-10	1E10	1E-30	1E-10	1	-0.1	0.1
833	6.49999999999999E-12	1E10	1E10	1E-30	2.49943652949081E-10	1E10	1E-30	1E10	0.205	1E-30	2.14736352333892E-11	0.388884967926198	7.88354387725751E-11	6.68007364721656E-12	1.62081490150805	1.40816731061379E-10	2.57686227030086E-12	0.908732028003297	5.68073077488792E-12	4.73777705962611E-11	1E5	1E10	1E-30	1E-10	1E10	1E-30	1E-10	1E10	1E-30	1E-10	1E10	1E-30	1E-10	1E10	1E-30	1E-10	1E10	1E-30	1E-10	1E10	1E-30	1E-10	1E10	1E-30	1E-10	1E10	1E-30	1E-10	1E10	1E-30	1E-10	1E10	1E-30	1E-10	1	-0.25	0.25
834	6.49999999999999E-12	1E10	1E10	1E-30	2.49943652949081E-10	1E10	1E-30	1E10	0.205	1E-30	2.14736352333892E-11	0.388884967926198	7.88354387725751E-11	6.68007364721656E-12	1.62081490150805	1.40816731061379E-10	2.57686227030086E-12	0.908732028003297	5.68073077488792E-12	4.73777705962611E-11	1E5	1E10	1E-30	1E-10	1E10	1E-30	1E-10	1E10	1E-30	1E-10	1E10	1E-30	1E-10	1E10	1E-30	1E-10	1E10	1E-30	1E-10	1E10	1E-30	1E-10	1E10	1E-30	1E-10	1E10	1E-30	1E-10	1E10	1E-30	1E-10	1E10	1E-30	1E-10	1	-0.5	0.5
835	6.49999999999999E-12	1E10	1E10	1E-30	2.49943652949081E-10	1E10	1E-30	1E10	0.205	1E-30	2.14736352333892E-11	0.388884967926198	7.88354387725751E-11	6.68007364721656E-12	1.62081490150805	1.40816731061379E-10	2.57686227030086E-12	0.908732028003297	5.68073077488792E-12	4.73777705962611E-11	1E5	1E10	1E-30	1E-10	1E10	1E-30	1E-10	1E10	1E-30	1E-10	1E10	1E-30	1E-10	1E10	1E-30	1E-10	1E10	1E-30	1E-10	1E10	1E-30	1E-10	1E10	1E-30	1E-10	1E10	1E-30	1E-10	1E10	1E-30	1E-10	1E10	1E-30	1E-10	1	-0.05	0.05
836	6.49999999999999E-12	1E10	1E10	1E-30	2.49943652949081E-10	1E10	1E-30	1E10	0.205	1E-30	2.14736352333892E-11	0.388884967926198	7.88354387725751E-11	6.68007364721656E-12	1.62081490150805	1.40816731061379E-10	2.57686227030086E-12	0.908732028003297	5.68073077488792E-12	4.73777705962611E-11	1E5	1E10	1E-30	1E-10	1E10	1E-30	1E-10	1E10	1E-30	1E-10	1E10	1E-30	1E-10	1E10	1E-30	1E-10	1E10	1E-30	1E-10	1E10	1E-30	1E-10	1E10	1E-30	1E-10	1E10	1E-30	1E-10	1E10	1E-30	1E-10	1E10	1E-30	1E-10	1	-0.1	0.1
837	6.49999999999999E-12	1E10	1E10	1E-30	2.49943652949081E-10	1E10	1E-30	1E10	0.205	1E-30	2.14736352333892E-11	0.388884967926198	7.88354387725751E-11	6.68007364721656E-12	1.62081490150805	1.40816731061379E-10	2.57686227030086E-12	0.908732028003297	5.68073077488792E-12	4.73777705962611E-11	1E5	1E10	1E-30	1E-10	1E10	1E-30	1E-10	1E10	1E-30	1E-10	1E10	1E-30	1E-10	1E10	1E-30	1E-10	1E10	1E-30	1E-10	1E10	1E-30	1E-10	1E10	1E-30	1E-10	1E10	1E-30	1E-10	1E10	1E-30	1E-10	1E10	1E-30	1E-10	1	-0.25	0.25
838	6.49999999999999E-12	1E10	1E10	1E-30	2.49943652949081E-10	1E10	1E-30	1E10	0.205	1E-30	2.14736352333892E-11	0.388884967926198	7.88354387725751E-11	6.68007364721656E-12	1.62081490150805	1.40816731061379E-10	2.57686227030086E-12	0.908732028003297	5.68073077488792E-12	4.73777705962611E-11	1E5	1E10	1E-30	1E-10	1E10	1E-30	1E-10	1E10	1E-30	1E-10	1E10	1E-30	1E-10	1E10	1E-30	1E-10	1E10	1E-30	1E-10	1E10	1E-30	1E-10	1E10	1E-30	1E-10	1E10	1E-30	1E-10	1E10	1E-30	1E-10	1E10	1E-30	1E-10	1	-0.5	0.5
839	6.59999999999999E-12	1E10	1E10	1E-30	2.49943652949081E-10	1E10	1E-30	1E10	0.205	1E-30	2.14736352333892E-11	0.388884967926198	7.88354387725751E-11	6.68007364721656E-12	1.62081490150805	1.40816731061379E-10	2.57686227030086E-12	0.908732028003297	5.68073077488792E-12	4.73777705962611E-11	1E5	1E10	1E-30	1E-10	1E10	1E-30	1E-10	1E10	1E-30	1E-10	1E10	1E-30	1E-10	1E10	1E-30	1E-10	1E10	1E-30	1E-10	1E10	1E-30	1E-10	1E10	1E-30	1E-10	1E10	1E-30	1E-10	1E10	1E-30	1E-10	1E10	1E-30	1E-10	1	-0.05	0.05
840	6.59999999999999E-12	1E10	1E10	1E-30	2.49943652949081E-10	1E10	1E-30	1E10	0.205	1E-30	2.14736352333892E-11	0.388884967926198	7.88354387725751E-11	6.68007364721656E-12	1.62081490150805	1.40816731061379E-10	2.57686227030086E-12	0.908732028003297	5.68073077488792E-12	4.73777705962611E-11	1E5	1E10	1E-30	1E-10	1E10	1E-30	1E-10	1E10	1E-30	1E-10	1E10	1E-30	1E-10	1E10	1E-30	1E-10	1E10	1E-30	1E-10	1E10	1E-30	1E-10	1E10	1E-30	1E-10	1E10	1E-30	1E-10	1E10	1E-30	1E-10	1E10	1E-30	1E-10	1	-0.1	0.1
841	6.59999999999999E-12	1E10	1E10	1E-30	2.49943652949081E-10	1E10	1E-30	1E10	0.205	1E-30	2.14736352333892E-11	0.388884967926198	7.88354387725751E-11	6.68007364721656E-12	1.62081490150805	1.40816731061379E-10	2.57686227030086E-12	0.908732028003297	5.68073077488792E-12	4.73777705962611E-11	1E5	1E10	1E-30	1E-10	1E10	1E-30	1E-10	1E10	1E-30	1E-10	1E10	1E-30	1E-10	1E10	1E-30	1E-10	1E10	1E-30	1E-10	1E10	1E-30	1E-10	1E10	1E-30	1E-10	1E10	1E-30	1E-10	1E10	1E-30	1E-10	1E10	1E-30	1E-10	1	-0.25	0.25
842	6.59999999999999E-12	1E10	1E10	1E-30	2.49943652949081E-10	1E10	1E-30	1E10	0.205	1E-30	2.14736352333892E-11	0.388884967926198	7.88354387725751E-11	6.68007364721656E-12	1.62081490150805	1.40816731061379E-10	2.57686227030086E-12	0.908732028003297	5.68073077488792E-12	4.73777705962611E-11	1E5	1E10	1E-30	1E-10	1E10	1E-30	1E-10	1E10	1E-30	1E-10	1E10	1E-30	1E-10	1E10	1E-30	1E-10	1E10	1E-30	1E-10	1E10	1E-30	1E-10	1E10	1E-30	1E-10	1E10	1E-30	1E-10	1E10	1E-30	1E-10	1E10	1E-30	1E-10	1	-0.5	0.5
843	6.59999999999999E-12	1E10	1E10	1E-30	2.49943652949081E-10	1E10	1E-30	1E10	0.205	1E-30	2.14736352333892E-11	0.388884967926198	7.88354387725751E-11	6.68007364721656E-12	1.62081490150805	1.40816731061379E-10	2.57686227030086E-12	0.908732028003297	5.68073077488792E-12	4.73777705962611E-11	1E5	1E10	1E-30	1E-10	1E10	1E-30	1E-10	1E10	1E-30	1E-10	1E10	1E-30	1E-10	1E10	1E-30	1E-10	1E10	1E-30	1E-10	1E10	1E-30	1E-10	1E10	1E-30	1E-10	1E10	1E-30	1E-10	1E10	1E-30	1E-10	1E10	1E-30	1E-10	1	-0.05	0.05
844	6.59999999999999E-12	1E10	1E10	1E-30	2.49943652949081E-10	1E10	1E-30	1E10	0.205	1E-30	2.14736352333892E-11	0.388884967926198	7.88354387725751E-11	6.68007364721656E-12	1.62081490150805	1.40816731061379E-10	2.57686227030086E-12	0.908732028003297	5.68073077488792E-12	4.73777705962611E-11	1E5	1E10	1E-30	1E-10	1E10	1E-30	1E-10	1E10	1E-30	1E-10	1E10	1E-30	1E-10	1E10	1E-30	1E-10	1E10	1E-30	1E-10	1E10	1E-30	1E-10	1E10	1E-30	1E-10	1E10	1E-30	1E-10	1E10	1E-30	1E-10	1E10	1E-30	1E-10	1	-0.1	0.1
845	6.59999999999999E-12	1E10	1E10	1E-30	2.49943652949081E-10	1E10	1E-30	1E10	0.205	1E-30	2.14736352333892E-11	0.388884967926198	7.88354387725751E-11	6.68007364721656E-12	1.62081490150805	1.40816731061379E-10	2.57686227030086E-12	0.908732028003297	5.68073077488792E-12	4.73777705962611E-11	1E5	1E10	1E-30	1E-10	1E10	1E-30	1E-10	1E10	1E-30	1E-10	1E10	1E-30	1E-10	1E10	1E-30	1E-10	1E10	1E-30	1E-10	1E10	1E-30	1E-10	1E10	1E-30	1E-10	1E10	1E-30	1E-10	1E10	1E-30	1E-10	1E10	1E-30	1E-10	1	-0.25	0.25
846	6.59999999999999E-12	1E10	1E10	1E-30	2.49943652949081E-10	1E10	1E-30	1E10	0.205	1E-30	2.14736352333892E-11	0.388884967926198	7.88354387725751E-11	6.68007364721656E-12	1.62081490150805	1.40816731061379E-10	2.57686227030086E-12	0.908732028003297	5.68073077488792E-12	4.73777705962611E-11	1E5	1E10	1E-30	1E-10	1E10	1E-30	1E-10	1E10	1E-30	1E-10	1E10	1E-30	1E-10	1E10	1E-30	1E-10	1E10	1E-30	1E-10	1E10	1E-30	1E-10	1E10	1E-30	1E-10	1E10	1E-30	1E-10	1E10	1E-30	1E-10	1E10	1E-30	1E-10	1	-0.5	0.5
847	6.59999999999999E-12	1E10	1E10	1E-30	2.49943652949081E-10	1E10	1E-30	1E10	0.205	1E-30	2.14736352333892E-11	0.388884967926198	7.88354387725751E-11	6.68007364721656E-12	1.62081490150805	1.40816731061379E-10	2.57686227030086E-12	0.908732028003297	5.68073077488792E-12	4.73777705962611E-11	1E5	1E10	1E-30	1E-10	1E10	1E-30	1E-10	1E10	1E-30	1E-10	1E10	1E-30	1E-10	1E10	1E-30	1E-10	1E10	1E-30	1E-10	1E10	1E-30	1E-10	1E10	1E-30	1E-10	1E10	1E-30	1E-10	1E10	1E-30	1E-10	1E10	1E-30	1E-10	1	-0.05	0.05
848	6.59999999999999E-12	1E10	1E10	1E-30	2.49943652949081E-10	1E10	1E-30	1E10	0.205	1E-30	2.14736352333892E-11	0.388884967926198	7.88354387725751E-11	6.68007364721656E-12	1.62081490150805	1.40816731061379E-10	2.57686227030086E-12	0.908732028003297	5.68073077488792E-12	4.73777705962611E-11	1E5	1E10	1E-30	1E-10	1E10	1E-30	1E-10	1E10	1E-30	1E-10	1E10	1E-30	1E-10	1E10	1E-30	1E-10	1E10	1E-30	1E-10	1E10	1E-30	1E-10	1E10	1E-30	1E-10	1E10	1E-30	1E-10	1E10	1E-30	1E-10	1E10	1E-30	1E-10	1	-0.1	0.1
849	6.59999999999999E-12	1E10	1E10	1E-30	2.49943652949081E-10	1E10	1E-30	1E10	0.205	1E-30	2.14736352333892E-11	0.388884967926198	7.88354387725751E-11	6.68007364721656E-12	1.62081490150805	1.40816731061379E-10	2.57686227030086E-12	0.908732028003297	5.68073077488792E-12	4.73777705962611E-11	1E5	1E10	1E-30	1E-10	1E10	1E-30	1E-10	1E10	1E-30	1E-10	1E10	1E-30	1E-10	1E10	1E-30	1E-10	1E10	1E-30	1E-10	1E10	1E-30	1E-10	1E10	1E-30	1E-10	1E10	1E-30	1E-10	1E10	1E-30	1E-10	1E10	1E-30	1E-10	1	-0.25	0.25
850	6.59999999999999E-12	1E10	1E10	1E-30	2.49943652949081E-10	1E10	1E-30	1E10	0.205	1E-30	2.14736352333892E-11	0.388884967926198	7.88354387725751E-11	6.68007364721656E-12	1.62081490150805	1.40816731061379E-10	2.57686227030086E-12	0.908732028003297	5.68073077488792E-12	4.73777705962611E-11	1E5	1E10	1E-30	1E-10	1E10	1E-30	1E-10	1E10	1E-30	1E-10	1E10	1E-30	1E-10	1E10	1E-30	1E-10	1E10	1E-30	1E-10	1E10	1E-30	1E-10	1E10	1E-30	1E-10	1E10	1E-30	1E-10	1E10	1E-30	1E-10	1E10	1E-30	1E-10	1	-0.5	0.5
851	6.59999999999999E-12	1E10	1E10	1E-30	2.49943652949081E-10	1E10	1E-30	1E10	0.205	1E-30	2.14736352333892E-11	0.388884967926198	7.88354387725751E-11	6.68007364721656E-12	1.62081490150805	1.40816731061379E-10	2.57686227030086E-12	0.908732028003297	5.68073077488792E-12	4.73777705962611E-11	1E5	1E10	1E-30	1E-10	1E10	1E-30	1E-10	1E10	1E-30	1E-10	1E10	1E-30	1E-10	1E10	1E-30	1E-10	1E10	1E-30	1E-10	1E10	1E-30	1E-10	1E10	1E-30	1E-10	1E10	1E-30	1E-10	1E10	1E-30	1E-10	1E10	1E-30	1E-10	1	-0.05	0.05
852	6.59999999999999E-12	1E10	1E10	1E-30	2.49943652949081E-10	1E10	1E-30	1E10	0.205	1E-30	2.14736352333892E-11	0.388884967926198	7.88354387725751E-11	6.68007364721656E-12	1.62081490150805	1.40816731061379E-10	2.57686227030086E-12	0.908732028003297	5.68073077488792E-12	4.73777705962611E-11	1E5	1E10	1E-30	1E-10	1E10	1E-30	1E-10	1E10	1E-30	1E-10	1E10	1E-30	1E-10	1E10	1E-30	1E-10	1E10	1E-30	1E-10	1E10	1E-30	1E-10	1E10	1E-30	1E-10	1E10	1E-30	1E-10	1E10	1E-30	1E-10	1E10	1E-30	1E-10	1	-0.1	0.1
853	6.59999999999999E-12	1E10	1E10	1E-30	2.49943652949081E-10	1E10	1E-30	1E10	0.205	1E-30	2.14736352333892E-11	0.388884967926198	7.88354387725751E-11	6.68007364721656E-12	1.62081490150805	1.40816731061379E-10	2.57686227030086E-12	0.908732028003297	5.68073077488792E-12	4.73777705962611E-11	1E5	1E10	1E-30	1E-10	1E10	1E-30	1E-10	1E10	1E-30	1E-10	1E10	1E-30	1E-10	1E10	1E-30	1E-10	1E10	1E-30	1E-10	1E10	1E-30	1E-10	1E10	1E-30	1E-10	1E10	1E-30	1E-10	1E10	1E-30	1E-10	1E10	1E-30	1E-10	1	-0.25	0.25
854	6.59999999999999E-12	1E10	1E10	1E-30	2.49943652949081E-10	1E10	1E-30	1E10	0.205	1E-30	2.14736352333892E-11	0.388884967926198	7.88354387725751E-11	6.68007364721656E-12	1.62081490150805	1.40816731061379E-10	2.57686227030086E-12	0.908732028003297	5.68073077488792E-12	4.73777705962611E-11	1E5	1E10	1E-30	1E-10	1E10	1E-30	1E-10	1E10	1E-30	1E-10	1E10	1E-30	1E-10	1E10	1E-30	1E-10	1E10	1E-30	1E-10	1E10	1E-30	1E-10	1E10	1E-30	1E-10	1E10	1E-30	1E-10	1E10	1E-30	1E-10	1E10	1E-30	1E-10	1	-0.5	0.5
855	6.69999999999999E-12	1E10	1E10	1E-30	2.49943652949081E-10	1E10	1E-30	1E10	0.205	1E-30	2.14736352333892E-11	0.388884967926198	7.88354387725751E-11	6.68007364721656E-12	1.62081490150805	1.40816731061379E-10	2.57686227030086E-12	0.908732028003297	5.68073077488792E-12	4.73777705962611E-11	1E5	1E10	1E-30	1E-10	1E10	1E-30	1E-10	1E10	1E-30	1E-10	1E10	1E-30	1E-10	1E10	1E-30	1E-10	1E10	1E-30	1E-10	1E10	1E-30	1E-10	1E10	1E-30	1E-10	1E10	1E-30	1E-10	1E10	1E-30	1E-10	1E10	1E-30	1E-10	1	-0.05	0.05
856	6.69999999999999E-12	1E10	1E10	1E-30	2.49943652949081E-10	1E10	1E-30	1E10	0.205	1E-30	2.14736352333892E-11	0.388884967926198	7.88354387725751E-11	6.68007364721656E-12	1.62081490150805	1.40816731061379E-10	2.57686227030086E-12	0.908732028003297	5.68073077488792E-12	4.73777705962611E-11	1E5	1E10	1E-30	1E-10	1E10	1E-30	1E-10	1E10	1E-30	1E-10	1E10	1E-30	1E-10	1E10	1E-30	1E-10	1E10	1E-30	1E-10	1E10	1E-30	1E-10	1E10	1E-30	1E-10	1E10	1E-30	1E-10	1E10	1E-30	1E-10	1E10	1E-30	1E-10	1	-0.1	0.1
857	6.69999999999999E-12	1E10	1E10	1E-30	2.49943652949081E-10	1E10	1E-30	1E10	0.205	1E-30	2.14736352333892E-11	0.388884967926198	7.88354387725751E-11	6.68007364721656E-12	1.62081490150805	1.40816731061379E-10	2.57686227030086E-12	0.908732028003297	5.68073077488792E-12	4.73777705962611E-11	1E5	1E10	1E-30	1E-10	1E10	1E-30	1E-10	1E10	1E-30	1E-10	1E10	1E-30	1E-10	1E10	1E-30	1E-10	1E10	1E-30	1E-10	1E10	1E-30	1E-10	1E10	1E-30	1E-10	1E10	1E-30	1E-10	1E10	1E-30	1E-10	1E10	1E-30	1E-10	1	-0.25	0.25
858	6.69999999999999E-12	1E10	1E10	1E-30	2.49943652949081E-10	1E10	1E-30	1E10	0.205	1E-30	2.14736352333892E-11	0.388884967926198	7.88354387725751E-11	6.68007364721656E-12	1.62081490150805	1.40816731061379E-10	2.57686227030086E-12	0.908732028003297	5.68073077488792E-12	4.73777705962611E-11	1E5	1E10	1E-30	1E-10	1E10	1E-30	1E-10	1E10	1E-30	1E-10	1E10	1E-30	1E-10	1E10	1E-30	1E-10	1E10	1E-30	1E-10	1E10	1E-30	1E-10	1E10	1E-30	1E-10	1E10	1E-30	1E-10	1E10	1E-30	1E-10	1E10	1E-30	1E-10	1	-0.5	0.5
859	6.69999999999999E-12	1E10	1E10	1E-30	2.49943652949081E-10	1E10	1E-30	1E10	0.205	1E-30	2.14736352333892E-11	0.388884967926198	7.88354387725751E-11	6.68007364721656E-12	1.62081490150805	1.40816731061379E-10	2.57686227030086E-12	0.908732028003297	5.68073077488792E-12	4.73777705962611E-11	1E5	1E10	1E-30	1E-10	1E10	1E-30	1E-10	1E10	1E-30	1E-10	1E10	1E-30	1E-10	1E10	1E-30	1E-10	1E10	1E-30	1E-10	1E10	1E-30	1E-10	1E10	1E-30	1E-10	1E10	1E-30	1E-10	1E10	1E-30	1E-10	1E10	1E-30	1E-10	1	-0.05	0.05
860	6.69999999999999E-12	1E10	1E10	1E-30	2.49943652949081E-10	1E10	1E-30	1E10	0.205	1E-30	2.14736352333892E-11	0.388884967926198	7.88354387725751E-11	6.68007364721656E-12	1.62081490150805	1.40816731061379E-10	2.57686227030086E-12	0.908732028003297	5.68073077488792E-12	4.73777705962611E-11	1E5	1E10	1E-30	1E-10	1E10	1E-30	1E-10	1E10	1E-30	1E-10	1E10	1E-30	1E-10	1E10	1E-30	1E-10	1E10	1E-30	1E-10	1E10	1E-30	1E-10	1E10	1E-30	1E-10	1E10	1E-30	1E-10	1E10	1E-30	1E-10	1E10	1E-30	1E-10	1	-0.1	0.1
861	6.69999999999999E-12	1E10	1E10	1E-30	2.49943652949081E-10	1E10	1E-30	1E10	0.205	1E-30	2.14736352333892E-11	0.388884967926198	7.88354387725751E-11	6.68007364721656E-12	1.62081490150805	1.40816731061379E-10	2.57686227030086E-12	0.908732028003297	5.68073077488792E-12	4.73777705962611E-11	1E5	1E10	1E-30	1E-10	1E10	1E-30	1E-10	1E10	1E-30	1E-10	1E10	1E-30	1E-10	1E10	1E-30	1E-10	1E10	1E-30	1E-10	1E10	1E-30	1E-10	1E10	1E-30	1E-10	1E10	1E-30	1E-10	1E10	1E-30	1E-10	1E10	1E-30	1E-10	1	-0.25	0.25
862	6.69999999999999E-12	1E10	1E10	1E-30	2.49943652949081E-10	1E10	1E-30	1E10	0.205	1E-30	2.14736352333892E-11	0.388884967926198	7.88354387725751E-11	6.68007364721656E-12	1.62081490150805	1.40816731061379E-10	2.57686227030086E-12	0.908732028003297	5.68073077488792E-12	4.73777705962611E-11	1E5	1E10	1E-30	1E-10	1E10	1E-30	1E-10	1E10	1E-30	1E-10	1E10	1E-30	1E-10	1E10	1E-30	1E-10	1E10	1E-30	1E-10	1E10	1E-30	1E-10	1E10	1E-30	1E-10	1E10	1E-30	1E-10	1E10	1E-30	1E-10	1E10	1E-30	1E-10	1	-0.5	0.5
863	6.69999999999999E-12	1E10	1E10	1E-30	2.49943652949081E-10	1E10	1E-30	1E10	0.205	1E-30	2.14736352333892E-11	0.388884967926198	7.88354387725751E-11	6.68007364721656E-12	1.62081490150805	1.40816731061379E-10	2.57686227030086E-12	0.908732028003297	5.68073077488792E-12	4.73777705962611E-11	1E5	1E10	1E-30	1E-10	1E10	1E-30	1E-10	1E10	1E-30	1E-10	1E10	1E-30	1E-10	1E10	1E-30	1E-10	1E10	1E-30	1E-10	1E10	1E-30	1E-10	1E10	1E-30	1E-10	1E10	1E-30	1E-10	1E10	1E-30	1E-10	1E10	1E-30	1E-10	1	-0.05	0.05
864	6.69999999999999E-12	1E10	1E10	1E-30	2.49943652949081E-10	1E10	1E-30	1E10	0.205	1E-30	2.14736352333892E-11	0.388884967926198	7.88354387725751E-11	6.68007364721656E-12	1.62081490150805	1.40816731061379E-10	2.57686227030086E-12	0.908732028003297	5.68073077488792E-12	4.73777705962611E-11	1E5	1E10	1E-30	1E-10	1E10	1E-30	1E-10	1E10	1E-30	1E-10	1E10	1E-30	1E-10	1E10	1E-30	1E-10	1E10	1E-30	1E-10	1E10	1E-30	1E-10	1E10	1E-30	1E-10	1E10	1E-30	1E-10	1E10	1E-30	1E-10	1E10	1E-30	1E-10	1	-0.1	0.1
865	6.69999999999999E-12	1E10	1E10	1E-30	2.49943652949081E-10	1E10	1E-30	1E10	0.205	1E-30	2.14736352333892E-11	0.388884967926198	7.88354387725751E-11	6.68007364721656E-12	1.62081490150805	1.40816731061379E-10	2.57686227030086E-12	0.908732028003297	5.68073077488792E-12	4.73777705962611E-11	1E5	1E10	1E-30	1E-10	1E10	1E-30	1E-10	1E10	1E-30	1E-10	1E10	1E-30	1E-10	1E10	1E-30	1E-10	1E10	1E-30	1E-10	1E10	1E-30	1E-10	1E10	1E-30	1E-10	1E10	1E-30	1E-10	1E10	1E-30	1E-10	1E10	1E-30	1E-10	1	-0.25	0.25
866	6.69999999999999E-12	1E10	1E10	1E-30	2.49943652949081E-10	1E10	1E-30	1E10	0.205	1E-30	2.14736352333892E-11	0.388884967926198	7.88354387725751E-11	6.68007364721656E-12	1.62081490150805	1.40816731061379E-10	2.57686227030086E-12	0.908732028003297	5.68073077488792E-12	4.73777705962611E-11	1E5	1E10	1E-30	1E-10	1E10	1E-30	1E-10	1E10	1E-30	1E-10	1E10	1E-30	1E-10	1E10	1E-30	1E-10	1E10	1E-30	1E-10	1E10	1E-30	1E-10	1E10	1E-30	1E-10	1E10	1E-30	1E-10	1E10	1E-30	1E-10	1E10	1E-30	1E-10	1	-0.5	0.5
867	6.69999999999999E-12	1E10	1E10	1E-30	2.49943652949081E-10	1E10	1E-30	1E10	0.205	1E-30	2.14736352333892E-11	0.388884967926198	7.88354387725751E-11	6.68007364721656E-12	1.62081490150805	1.40816731061379E-10	2.57686227030086E-12	0.908732028003297	5.68073077488792E-12	4.73777705962611E-11	1E5	1E10	1E-30	1E-10	1E10	1E-30	1E-10	1E10	1E-30	1E-10	1E10	1E-30	1E-10	1E10	1E-30	1E-10	1E10	1E-30	1E-10	1E10	1E-30	1E-10	1E10	1E-30	1E-10	1E10	1E-30	1E-10	1E10	1E-30	1E-10	1E10	1E-30	1E-10	1	-0.05	0.05
868	6.69999999999999E-12	1E10	1E10	1E-30	2.49943652949081E-10	1E10	1E-30	1E10	0.205	1E-30	2.14736352333892E-11	0.388884967926198	7.88354387725751E-11	6.68007364721656E-12	1.62081490150805	1.40816731061379E-10	2.57686227030086E-12	0.908732028003297	5.68073077488792E-12	4.73777705962611E-11	1E5	1E10	1E-30	1E-10	1E10	1E-30	1E-10	1E10	1E-30	1E-10	1E10	1E-30	1E-10	1E10	1E-30	1E-10	1E10	1E-30	1E-10	1E10	1E-30	1E-10	1E10	1E-30	1E-10	1E10	1E-30	1E-10	1E10	1E-30	1E-10	1E10	1E-30	1E-10	1	-0.1	0.1
869	6.69999999999999E-12	1E10	1E10	1E-30	2.49943652949081E-10	1E10	1E-30	1E10	0.205	1E-30	2.14736352333892E-11	0.388884967926198	7.88354387725751E-11	6.68007364721656E-12	1.62081490150805	1.40816731061379E-10	2.57686227030086E-12	0.908732028003297	5.68073077488792E-12	4.73777705962611E-11	1E5	1E10	1E-30	1E-10	1E10	1E-30	1E-10	1E10	1E-30	1E-10	1E10	1E-30	1E-10	1E10	1E-30	1E-10	1E10	1E-30	1E-10	1E10	1E-30	1E-10	1E10	1E-30	1E-10	1E10	1E-30	1E-10	1E10	1E-30	1E-10	1E10	1E-30	1E-10	1	-0.25	0.25
870	6.69999999999999E-12	1E10	1E10	1E-30	2.49943652949081E-10	1E10	1E-30	1E10	0.205	1E-30	2.14736352333892E-11	0.388884967926198	7.88354387725751E-11	6.68007364721656E-12	1.62081490150805	1.40816731061379E-10	2.57686227030086E-12	0.908732028003297	5.68073077488792E-12	4.73777705962611E-11	1E5	1E10	1E-30	1E-10	1E10	1E-30	1E-10	1E10	1E-30	1E-10	1E10	1E-30	1E-10	1E10	1E-30	1E-10	1E10	1E-30	1E-10	1E10	1E-30	1E-10	1E10	1E-30	1E-10	1E10	1E-30	1E-10	1E10	1E-30	1E-10	1E10	1E-30	1E-10	1	-0.5	0.5
871	6.79999999999999E-12	1E10	1E10	1E-30	2.23270492949796E-10	1E10	1E-30	1E10	0.2	1E-30	2.28527932847981E-11	0.33878705600239	1.2666239455928E-10	4.41128942258915E-12	1.11955359076678	7.0523740254086E-11	4.99583918575789E-12	1.60831606562907	3.34233770598479E-12	7.34392951097887E-11	1E5	1E10	1E-30	1E-10	1E10	1E-30	1E-10	1E10	1E-30	1E-10	1E10	1E-30	1E-10	1E10	1E-30	1E-10	1E10	1E-30	1E-10	1E10	1E-30	1E-10	1E10	1E-30	1E-10	1E10	1E-30	1E-10	1E10	1E-30	1E-10	1E10	1E-30	1E-10	1	-0.5	0.5
872	6.79999999999999E-12	1E10	1E10	1E-30	2.23270492949796E-10	1E10	1E-30	1E10	0.2	1E-30	2.28527932847981E-11	0.33878705600239	1.2666239455928E-10	4.41128942258915E-12	1.11955359076678	7.0523740254086E-11	4.99583918575789E-12	1.60831606562907	3.34233770598479E-12	7.34392951097887E-11	1E5	1E10	1E-30	1E-10	1E10	1E-30	1E-10	1E10	1E-30	1E-10	1E10	1E-30	1E-10	1E10	1E-30	1E-10	1E10	1E-30	1E-10	1E10	1E-30	1E-10	1E10	1E-30	1E-10	1E10	1E-30	1E-10	1E10	1E-30	1E-10	1E10	1E-30	1E-10	1	-0.05	0.05
873	6.79999999999999E-12	1E10	1E10	1E-30	2.23270492949796E-10	1E10	1E-30	1E10	0.2	1E-30	2.28527932847981E-11	0.33878705600239	1.2666239455928E-10	4.41128942258915E-12	1.11955359076678	7.0523740254086E-11	4.99583918575789E-12	1.60831606562907	3.34233770598479E-12	7.34392951097887E-11	1E5	1E10	1E-30	1E-10	1E10	1E-30	1E-10	1E10	1E-30	1E-10	1E10	1E-30	1E-10	1E10	1E-30	1E-10	1E10	1E-30	1E-10	1E10	1E-30	1E-10	1E10	1E-30	1E-10	1E10	1E-30	1E-10	1E10	1E-30	1E-10	1E10	1E-30	1E-10	1	-0.1	0.1
874	6.79999999999999E-12	1E10	1E10	1E-30	2.23270492949796E-10	1E10	1E-30	1E10	0.2	1E-30	2.28527932847981E-11	0.33878705600239	1.2666239455928E-10	4.41128942258915E-12	1.11955359076678	7.0523740254086E-11	4.99583918575789E-12	1.60831606562907	3.34233770598479E-12	7.34392951097887E-11	1E5	1E10	1E-30	1E-10	1E10	1E-30	1E-10	1E10	1E-30	1E-10	1E10	1E-30	1E-10	1E10	1E-30	1E-10	1E10	1E-30	1E-10	1E10	1E-30	1E-10	1E10	1E-30	1E-10	1E10	1E-30	1E-10	1E10	1E-30	1E-10	1E10	1E-30	1E-10	1	-0.25	0.25
875	6.79999999999999E-12	1E10	1E10	1E-30	2.23270492949796E-10	1E10	1E-30	1E10	0.2	1E-30	2.28527932847981E-11	0.33878705600239	1.2666239455928E-10	4.41128942258915E-12	1.11955359076678	7.0523740254086E-11	4.99583918575789E-12	1.60831606562907	3.34233770598479E-12	7.34392951097887E-11	1E5	1E10	1E-30	1E-10	1E10	1E-30	1E-10	1E10	1E-30	1E-10	1E10	1E-30	1E-10	1E10	1E-30	1E-10	1E10	1E-30	1E-10	1E10	1E-30	1E-10	1E10	1E-30	1E-10	1E10	1E-30	1E-10	1E10	1E-30	1E-10	1E10	1E-30	1E-10	1	-0.5	0.5
876	6.79999999999999E-12	1E10	1E10	1E-30	2.23270492949796E-10	1E10	1E-30	1E10	0.2	1E-30	2.28527932847981E-11	0.33878705600239	1.2666239455928E-10	4.41128942258915E-12	1.11955359076678	7.0523740254086E-11	4.99583918575789E-12	1.60831606562907	3.34233770598479E-12	7.34392951097887E-11	1E5	1E10	1E-30	1E-10	1E10	1E-30	1E-10	1E10	1E-30	1E-10	1E10	1E-30	1E-10	1E10	1E-30	1E-10	1E10	1E-30	1E-10	1E10	1E-30	1E-10	1E10	1E-30	1E-10	1E10	1E-30	1E-10	1E10	1E-30	1E-10	1E10	1E-30	1E-10	1	-0.05	0.05
877	6.79999999999999E-12	1E10	1E10	1E-30	2.23270492949796E-10	1E10	1E-30	1E10	0.2	1E-30	2.28527932847981E-11	0.33878705600239	1.2666239455928E-10	4.41128942258915E-12	1.11955359076678	7.0523740254086E-11	4.99583918575789E-12	1.60831606562907	3.34233770598479E-12	7.34392951097887E-11	1E5	1E10	1E-30	1E-10	1E10	1E-30	1E-10	1E10	1E-30	1E-10	1E10	1E-30	1E-10	1E10	1E-30	1E-10	1E10	1E-30	1E-10	1E10	1E-30	1E-10	1E10	1E-30	1E-10	1E10	1E-30	1E-10	1E10	1E-30	1E-10	1E10	1E-30	1E-10	1	-0.1	0.1
878	6.79999999999999E-12	1E10	1E10	1E-30	2.23270492949796E-10	1E10	1E-30	1E10	0.2	1E-30	2.28527932847981E-11	0.33878705600239	1.2666239455928E-10	4.41128942258915E-12	1.11955359076678	7.0523740254086E-11	4.99583918575789E-12	1.60831606562907	3.34233770598479E-12	7.34392951097887E-11	1E5	1E10	1E-30	1E-10	1E10	1E-30	1E-10	1E10	1E-30	1E-10	1E10	1E-30	1E-10	1E10	1E-30	1E-10	1E10	1E-30	1E-10	1E10	1E-30	1E-10	1E10	1E-30	1E-10	1E10	1E-30	1E-10	1E10	1E-30	1E-10	1E10	1E-30	1E-10	1	-0.25	0.25
879	6.79999999999999E-12	1E10	1E10	1E-30	2.23270492949796E-10	1E10	1E-30	1E10	0.2	1E-30	2.28527932847981E-11	0.33878705600239	1.2666239455928E-10	4.41128942258915E-12	1.11955359076678	7.0523740254086E-11	4.99583918575789E-12	1.60831606562907	3.34233770598479E-12	7.34392951097887E-11	1E5	1E10	1E-30	1E-10	1E10	1E-30	1E-10	1E10	1E-30	1E-10	1E10	1E-30	1E-10	1E10	1E-30	1E-10	1E10	1E-30	1E-10	1E10	1E-30	1E-10	1E10	1E-30	1E-10	1E10	1E-30	1E-10	1E10	1E-30	1E-10	1E10	1E-30	1E-10	1	-0.5	0.5
880	6.79999999999999E-12	1E10	1E10	1E-30	2.23270492949796E-10	1E10	1E-30	1E10	0.2	1E-30	2.28527932847981E-11	0.33878705600239	1.2666239455928E-10	4.41128942258915E-12	1.11955359076678	7.0523740254086E-11	4.99583918575789E-12	1.60831606562907	3.34233770598479E-12	7.34392951097887E-11	1E5	1E10	1E-30	1E-10	1E10	1E-30	1E-10	1E10	1E-30	1E-10	1E10	1E-30	1E-10	1E10	1E-30	1E-10	1E10	1E-30	1E-10	1E10	1E-30	1E-10	1E10	1E-30	1E-10	1E10	1E-30	1E-10	1E10	1E-30	1E-10	1E10	1E-30	1E-10	1	-0.5	0.5
881	6.79999999999999E-12	1E10	1E10	1E-30	2.23270492949796E-10	1E10	1E-30	1E10	0.2	1E-30	2.28527932847981E-11	0.33878705600239	1.2666239455928E-10	4.41128942258915E-12	1.11955359076678	7.0523740254086E-11	4.99583918575789E-12	1.60831606562907	3.34233770598479E-12	7.34392951097887E-11	1E5	1E10	1E-30	1E-10	1E10	1E-30	1E-10	1E10	1E-30	1E-10	1E10	1E-30	1E-10	1E10	1E-30	1E-10	1E10	1E-30	1E-10	1E10	1E-30	1E-10	1E10	1E-30	1E-10	1E10	1E-30	1E-10	1E10	1E-30	1E-10	1E10	1E-30	1E-10	1	-0.05	0.05
882	6.79999999999999E-12	1E10	1E10	1E-30	2.23270492949796E-10	1E10	1E-30	1E10	0.2	1E-30	2.28527932847981E-11	0.33878705600239	1.2666239455928E-10	4.41128942258915E-12	1.11955359076678	7.0523740254086E-11	4.99583918575789E-12	1.60831606562907	3.34233770598479E-12	7.34392951097887E-11	1E5	1E10	1E-30	1E-10	1E10	1E-30	1E-10	1E10	1E-30	1E-10	1E10	1E-30	1E-10	1E10	1E-30	1E-10	1E10	1E-30	1E-10	1E10	1E-30	1E-10	1E10	1E-30	1E-10	1E10	1E-30	1E-10	1E10	1E-30	1E-10	1E10	1E-30	1E-10	1	-0.1	0.1
883	6.79999999999999E-12	1E10	1E10	1E-30	2.23270492949796E-10	1E10	1E-30	1E10	0.2	1E-30	2.28527932847981E-11	0.33878705600239	1.2666239455928E-10	4.41128942258915E-12	1.11955359076678	7.0523740254086E-11	4.99583918575789E-12	1.60831606562907	3.34233770598479E-12	7.34392951097887E-11	1E5	1E10	1E-30	1E-10	1E10	1E-30	1E-10	1E10	1E-30	1E-10	1E10	1E-30	1E-10	1E10	1E-30	1E-10	1E10	1E-30	1E-10	1E10	1E-30	1E-10	1E10	1E-30	1E-10	1E10	1E-30	1E-10	1E10	1E-30	1E-10	1E10	1E-30	1E-10	1	-0.25	0.25
884	6.79999999999999E-12	1E10	1E10	1E-30	2.23270492949796E-10	1E10	1E-30	1E10	0.2	1E-30	2.28527932847981E-11	0.33878705600239	1.2666239455928E-10	4.41128942258915E-12	1.11955359076678	7.0523740254086E-11	4.99583918575789E-12	1.60831606562907	3.34233770598479E-12	7.34392951097887E-11	1E5	1E10	1E-30	1E-10	1E10	1E-30	1E-10	1E10	1E-30	1E-10	1E10	1E-30	1E-10	1E10	1E-30	1E-10	1E10	1E-30	1E-10	1E10	1E-30	1E-10	1E10	1E-30	1E-10	1E10	1E-30	1E-10	1E10	1E-30	1E-10	1E10	1E-30	1E-10	1	-0.5	0.5
885	6.79999999999999E-12	1E10	1E10	1E-30	2.23270492949796E-10	1E10	1E-30	1E10	0.2	1E-30	2.28527932847981E-11	0.33878705600239	1.2666239455928E-10	4.41128942258915E-12	1.11955359076678	7.0523740254086E-11	4.99583918575789E-12	1.60831606562907	3.34233770598479E-12	7.34392951097887E-11	1E5	1E10	1E-30	1E-10	1E10	1E-30	1E-10	1E10	1E-30	1E-10	1E10	1E-30	1E-10	1E10	1E-30	1E-10	1E10	1E-30	1E-10	1E10	1E-30	1E-10	1E10	1E-30	1E-10	1E10	1E-30	1E-10	1E10	1E-30	1E-10	1E10	1E-30	1E-10	1	-0.05	0.05
886	6.79999999999999E-12	1E10	1E10	1E-30	2.23270492949796E-10	1E10	1E-30	1E10	0.2	1E-30	2.28527932847981E-11	0.33878705600239	1.2666239455928E-10	4.41128942258915E-12	1.11955359076678	7.0523740254086E-11	4.99583918575789E-12	1.60831606562907	3.34233770598479E-12	7.34392951097887E-11	1E5	1E10	1E-30	1E-10	1E10	1E-30	1E-10	1E10	1E-30	1E-10	1E10	1E-30	1E-10	1E10	1E-30	1E-10	1E10	1E-30	1E-10	1E10	1E-30	1E-10	1E10	1E-30	1E-10	1E10	1E-30	1E-10	1E10	1E-30	1E-10	1E10	1E-30	1E-10	1	-0.1	0.1
887	6.79999999999999E-12	1E10	1E10	1E-30	2.23270492949796E-10	1E10	1E-30	1E10	0.2	1E-30	2.28527932847981E-11	0.33878705600239	1.2666239455928E-10	4.41128942258915E-12	1.11955359076678	7.0523740254086E-11	4.99583918575789E-12	1.60831606562907	3.34233770598479E-12	7.34392951097887E-11	1E5	1E10	1E-30	1E-10	1E10	1E-30	1E-10	1E10	1E-30	1E-10	1E10	1E-30	1E-10	1E10	1E-30	1E-10	1E10	1E-30	1E-10	1E10	1E-30	1E-10	1E10	1E-30	1E-10	1E10	1E-30	1E-10	1E10	1E-30	1E-10	1E10	1E-30	1E-10	1	-0.25	0.25
888	6.79999999999999E-12	1E10	1E10	1E-30	2.23270492949796E-10	1E10	1E-30	1E10	0.2	1E-30	2.28527932847981E-11	0.33878705600239	1.2666239455928E-10	4.41128942258915E-12	1.11955359076678	7.0523740254086E-11	4.99583918575789E-12	1.60831606562907	3.34233770598479E-12	7.34392951097887E-11	1E5	1E10	1E-30	1E-10	1E10	1E-30	1E-10	1E10	1E-30	1E-10	1E10	1E-30	1E-10	1E10	1E-30	1E-10	1E10	1E-30	1E-10	1E10	1E-30	1E-10	1E10	1E-30	1E-10	1E10	1E-30	1E-10	1E10	1E-30	1E-10	1E10	1E-30	1E-10	1	-0.5	0.5
889	6.89999999999999E-12	1E10	1E10	1E-30	2.23270492949796E-10	1E10	1E-30	1E10	0.2	1E-30	2.28527932847981E-11	0.33878705600239	1.2666239455928E-10	4.41128942258915E-12	1.11955359076678	7.0523740254086E-11	4.99583918575789E-12	1.60831606562907	3.34233770598479E-12	7.34392951097887E-11	1E5	1E10	1E-30	1E-10	1E10	1E-30	1E-10	1E10	1E-30	1E-10	1E10	1E-30	1E-10	1E10	1E-30	1E-10	1E10	1E-30	1E-10	1E10	1E-30	1E-10	1E10	1E-30	1E-10	1E10	1E-30	1E-10	1E10	1E-30	1E-10	1E10	1E-30	1E-10	1	-0.05	0.05
890	6.89999999999999E-12	1E10	1E10	1E-30	2.23270492949796E-10	1E10	1E-30	1E10	0.2	1E-30	2.28527932847981E-11	0.33878705600239	1.2666239455928E-10	4.41128942258915E-12	1.11955359076678	7.0523740254086E-11	4.99583918575789E-12	1.60831606562907	3.34233770598479E-12	7.34392951097887E-11	1E5	1E10	1E-30	1E-10	1E10	1E-30	1E-10	1E10	1E-30	1E-10	1E10	1E-30	1E-10	1E10	1E-30	1E-10	1E10	1E-30	1E-10	1E10	1E-30	1E-10	1E10	1E-30	1E-10	1E10	1E-30	1E-10	1E10	1E-30	1E-10	1E10	1E-30	1E-10	1	-0.1	0.1
891	6.89999999999999E-12	1E10	1E10	1E-30	2.23270492949796E-10	1E10	1E-30	1E10	0.2	1E-30	2.28527932847981E-11	0.33878705600239	1.2666239455928E-10	4.41128942258915E-12	1.11955359076678	7.0523740254086E-11	4.99583918575789E-12	1.60831606562907	3.34233770598479E-12	7.34392951097887E-11	1E5	1E10	1E-30	1E-10	1E10	1E-30	1E-10	1E10	1E-30	1E-10	1E10	1E-30	1E-10	1E10	1E-30	1E-10	1E10	1E-30	1E-10	1E10	1E-30	1E-10	1E10	1E-30	1E-10	1E10	1E-30	1E-10	1E10	1E-30	1E-10	1E10	1E-30	1E-10	1	-0.25	0.25
892	6.89999999999999E-12	1E10	1E10	1E-30	2.23270492949796E-10	1E10	1E-30	1E10	0.2	1E-30	2.28527932847981E-11	0.33878705600239	1.2666239455928E-10	4.41128942258915E-12	1.11955359076678	7.0523740254086E-11	4.99583918575789E-12	1.60831606562907	3.34233770598479E-12	7.34392951097887E-11	1E5	1E10	1E-30	1E-10	1E10	1E-30	1E-10	1E10	1E-30	1E-10	1E10	1E-30	1E-10	1E10	1E-30	1E-10	1E10	1E-30	1E-10	1E10	1E-30	1E-10	1E10	1E-30	1E-10	1E10	1E-30	1E-10	1E10	1E-30	1E-10	1E10	1E-30	1E-10	1	-0.5	0.5
893	6.89999999999999E-12	1E10	1E10	1E-30	2.23270492949796E-10	1E10	1E-30	1E10	0.2	1E-30	2.28527932847981E-11	0.33878705600239	1.2666239455928E-10	4.41128942258915E-12	1.11955359076678	7.0523740254086E-11	4.99583918575789E-12	1.60831606562907	3.34233770598479E-12	7.34392951097887E-11	1E5	1E10	1E-30	1E-10	1E10	1E-30	1E-10	1E10	1E-30	1E-10	1E10	1E-30	1E-10	1E10	1E-30	1E-10	1E10	1E-30	1E-10	1E10	1E-30	1E-10	1E10	1E-30	1E-10	1E10	1E-30	1E-10	1E10	1E-30	1E-10	1E10	1E-30	1E-10	1	-0.05	0.05
894	6.89999999999999E-12	1E10	1E10	1E-30	2.23270492949796E-10	1E10	1E-30	1E10	0.2	1E-30	2.28527932847981E-11	0.33878705600239	1.2666239455928E-10	4.41128942258915E-12	1.11955359076678	7.0523740254086E-11	4.99583918575789E-12	1.60831606562907	3.34233770598479E-12	7.34392951097887E-11	1E5	1E10	1E-30	1E-10	1E10	1E-30	1E-10	1E10	1E-30	1E-10	1E10	1E-30	1E-10	1E10	1E-30	1E-10	1E10	1E-30	1E-10	1E10	1E-30	1E-10	1E10	1E-30	1E-10	1E10	1E-30	1E-10	1E10	1E-30	1E-10	1E10	1E-30	1E-10	1	-0.1	0.1
895	6.89999999999999E-12	1E10	1E10	1E-30	2.23270492949796E-10	1E10	1E-30	1E10	0.2	1E-30	2.28527932847981E-11	0.33878705600239	1.2666239455928E-10	4.41128942258915E-12	1.11955359076678	7.0523740254086E-11	4.99583918575789E-12	1.60831606562907	3.34233770598479E-12	7.34392951097887E-11	1E5	1E10	1E-30	1E-10	1E10	1E-30	1E-10	1E10	1E-30	1E-10	1E10	1E-30	1E-10	1E10	1E-30	1E-10	1E10	1E-30	1E-10	1E10	1E-30	1E-10	1E10	1E-30	1E-10	1E10	1E-30	1E-10	1E10	1E-30	1E-10	1E10	1E-30	1E-10	1	-0.25	0.25
896	6.89999999999999E-12	1E10	1E10	1E-30	2.23270492949796E-10	1E10	1E-30	1E10	0.2	1E-30	2.28527932847981E-11	0.33878705600239	1.2666239455928E-10	4.41128942258915E-12	1.11955359076678	7.0523740254086E-11	4.99583918575789E-12	1.60831606562907	3.34233770598479E-12	7.34392951097887E-11	1E5	1E10	1E-30	1E-10	1E10	1E-30	1E-10	1E10	1E-30	1E-10	1E10	1E-30	1E-10	1E10	1E-30	1E-10	1E10	1E-30	1E-10	1E10	1E-30	1E-10	1E10	1E-30	1E-10	1E10	1E-30	1E-10	1E10	1E-30	1E-10	1E10	1E-30	1E-10	1	-0.5	0.5
897	6.89999999999999E-12	1E10	1E10	1E-30	2.23270492949796E-10	1E10	1E-30	1E10	0.2	1E-30	2.28527932847981E-11	0.33878705600239	1.2666239455928E-10	4.41128942258915E-12	1.11955359076678	7.0523740254086E-11	4.99583918575789E-12	1.60831606562907	3.34233770598479E-12	7.34392951097887E-11	1E5	1E10	1E-30	1E-10	1E10	1E-30	1E-10	1E10	1E-30	1E-10	1E10	1E-30	1E-10	1E10	1E-30	1E-10	1E10	1E-30	1E-10	1E10	1E-30	1E-10	1E10	1E-30	1E-10	1E10	1E-30	1E-10	1E10	1E-30	1E-10	1E10	1E-30	1E-10	1	-0.05	0.05
898	6.89999999999999E-12	1E10	1E10	1E-30	2.23270492949796E-10	1E10	1E-30	1E10	0.2	1E-30	2.28527932847981E-11	0.33878705600239	1.2666239455928E-10	4.41128942258915E-12	1.11955359076678	7.0523740254086E-11	4.99583918575789E-12	1.60831606562907	3.34233770598479E-12	7.34392951097887E-11	1E5	1E10	1E-30	1E-10	1E10	1E-30	1E-10	1E10	1E-30	1E-10	1E10	1E-30	1E-10	1E10	1E-30	1E-10	1E10	1E-30	1E-10	1E10	1E-30	1E-10	1E10	1E-30	1E-10	1E10	1E-30	1E-10	1E10	1E-30	1E-10	1E10	1E-30	1E-10	1	-0.1	0.1
899	6.89999999999999E-12	1E10	1E10	1E-30	2.23270492949796E-10	1E10	1E-30	1E10	0.2	1E-30	2.28527932847981E-11	0.33878705600239	1.2666239455928E-10	4.41128942258915E-12	1.11955359076678	7.0523740254086E-11	4.99583918575789E-12	1.60831606562907	3.34233770598479E-12	7.34392951097887E-11	1E5	1E10	1E-30	1E-10	1E10	1E-30	1E-10	1E10	1E-30	1E-10	1E10	1E-30	1E-10	1E10	1E-30	1E-10	1E10	1E-30	1E-10	1E10	1E-30	1E-10	1E10	1E-30	1E-10	1E10	1E-30	1E-10	1E10	1E-30	1E-10	1E10	1E-30	1E-10	1	-0.25	0.25
900	6.89999999999999E-12	1E10	1E10	1E-30	2.23270492949796E-10	1E10	1E-30	1E10	0.2	1E-30	2.28527932847981E-11	0.33878705600239	1.2666239455928E-10	4.41128942258915E-12	1.11955359076678	7.0523740254086E-11	4.99583918575789E-12	1.60831606562907	3.34233770598479E-12	7.34392951097887E-11	1E5	1E10	1E-30	1E-10	1E10	1E-30	1E-10	1E10	1E-30	1E-10	1E10	1E-30	1E-10	1E10	1E-30	1E-10	1E10	1E-30	1E-10	1E10	1E-30	1E-10	1E10	1E-30	1E-10	1E10	1E-30	1E-10	1E10	1E-30	1E-10	1E10	1E-30	1E-10	1	-0.5	0.5
901	6.89999999999999E-12	1E10	1E10	1E-30	2.23270492949796E-10	1E10	1E-30	1E10	0.2	1E-30	2.28527932847981E-11	0.33878705600239	1.2666239455928E-10	4.41128942258915E-12	1.11955359076678	7.0523740254086E-11	4.99583918575789E-12	1.60831606562907	3.34233770598479E-12	7.34392951097887E-11	1E5	1E10	1E-30	1E-10	1E10	1E-30	1E-10	1E10	1E-30	1E-10	1E10	1E-30	1E-10	1E10	1E-30	1E-10	1E10	1E-30	1E-10	1E10	1E-30	1E-10	1E10	1E-30	1E-10	1E10	1E-30	1E-10	1E10	1E-30	1E-10	1E10	1E-30	1E-10	1	-0.05	0.05
902	6.89999999999999E-12	1E10	1E10	1E-30	2.23270492949796E-10	1E10	1E-30	1E10	0.2	1E-30	2.28527932847981E-11	0.33878705600239	1.2666239455928E-10	4.41128942258915E-12	1.11955359076678	7.0523740254086E-11	4.99583918575789E-12	1.60831606562907	3.34233770598479E-12	7.34392951097887E-11	1E5	1E10	1E-30	1E-10	1E10	1E-30	1E-10	1E10	1E-30	1E-10	1E10	1E-30	1E-10	1E10	1E-30	1E-10	1E10	1E-30	1E-10	1E10	1E-30	1E-10	1E10	1E-30	1E-10	1E10	1E-30	1E-10	1E10	1E-30	1E-10	1E10	1E-30	1E-10	1	-0.1	0.1
903	6.89999999999999E-12	1E10	1E10	1E-30	2.23270492949796E-10	1E10	1E-30	1E10	0.2	1E-30	2.28527932847981E-11	0.33878705600239	1.2666239455928E-10	4.41128942258915E-12	1.11955359076678	7.0523740254086E-11	4.99583918575789E-12	1.60831606562907	3.34233770598479E-12	7.34392951097887E-11	1E5	1E10	1E-30	1E-10	1E10	1E-30	1E-10	1E10	1E-30	1E-10	1E10	1E-30	1E-10	1E10	1E-30	1E-10	1E10	1E-30	1E-10	1E10	1E-30	1E-10	1E10	1E-30	1E-10	1E10	1E-30	1E-10	1E10	1E-30	1E-10	1E10	1E-30	1E-10	1	-0.25	0.25
904	6.89999999999999E-12	1E10	1E10	1E-30	2.23270492949796E-10	1E10	1E-30	1E10	0.2	1E-30	2.28527932847981E-11	0.33878705600239	1.2666239455928E-10	4.41128942258915E-12	1.11955359076678	7.0523740254086E-11	4.99583918575789E-12	1.60831606562907	3.34233770598479E-12	7.34392951097887E-11	1E5	1E10	1E-30	1E-10	1E10	1E-30	1E-10	1E10	1E-30	1E-10	1E10	1E-30	1E-10	1E10	1E-30	1E-10	1E10	1E-30	1E-10	1E10	1E-30	1E-10	1E10	1E-30	1E-10	1E10	1E-30	1E-10	1E10	1E-30	1E-10	1E10	1E-30	1E-10	1	-0.5	0.5
905	7E-12	1E10	1E10	1E-30	2.23270492949796E-10	1E10	1E-30	1E10	0.2	1E-30	2.28527932847981E-11	0.33878705600239	1.2666239455928E-10	4.41128942258915E-12	1.11955359076678	7.0523740254086E-11	4.99583918575789E-12	1.60831606562907	3.34233770598479E-12	7.34392951097887E-11	1E5	1E10	1E-30	1E-10	1E10	1E-30	1E-10	1E10	1E-30	1E-10	1E10	1E-30	1E-10	1E10	1E-30	1E-10	1E10	1E-30	1E-10	1E10	1E-30	1E-10	1E10	1E-30	1E-10	1E10	1E-30	1E-10	1E10	1E-30	1E-10	1E10	1E-30	1E-10	1	-0.05	0.05
906	7E-12	1E10	1E10	1E-30	2.23270492949796E-10	1E10	1E-30	1E10	0.2	1E-30	2.28527932847981E-11	0.33878705600239	1.2666239455928E-10	4.41128942258915E-12	1.11955359076678	7.0523740254086E-11	4.99583918575789E-12	1.60831606562907	3.34233770598479E-12	7.34392951097887E-11	1E5	1E10	1E-30	1E-10	1E10	1E-30	1E-10	1E10	1E-30	1E-10	1E10	1E-30	1E-10	1E10	1E-30	1E-10	1E10	1E-30	1E-10	1E10	1E-30	1E-10	1E10	1E-30	1E-10	1E10	1E-30	1E-10	1E10	1E-30	1E-10	1E10	1E-30	1E-10	1	-0.1	0.1
907	7E-12	1E10	1E10	1E-30	2.23270492949796E-10	1E10	1E-30	1E10	0.2	1E-30	2.28527932847981E-11	0.33878705600239	1.2666239455928E-10	4.41128942258915E-12	1.11955359076678	7.0523740254086E-11	4.99583918575789E-12	1.60831606562907	3.34233770598479E-12	7.34392951097887E-11	1E5	1E10	1E-30	1E-10	1E10	1E-30	1E-10	1E10	1E-30	1E-10	1E10	1E-30	1E-10	1E10	1E-30	1E-10	1E10	1E-30	1E-10	1E10	1E-30	1E-10	1E10	1E-30	1E-10	1E10	1E-30	1E-10	1E10	1E-30	1E-10	1E10	1E-30	1E-10	1	-0.25	0.25
908	7E-12	1E10	1E10	1E-30	2.23270492949796E-10	1E10	1E-30	1E10	0.2	1E-30	2.28527932847981E-11	0.33878705600239	1.2666239455928E-10	4.41128942258915E-12	1.11955359076678	7.0523740254086E-11	4.99583918575789E-12	1.60831606562907	3.34233770598479E-12	7.34392951097887E-11	1E5	1E10	1E-30	1E-10	1E10	1E-30	1E-10	1E10	1E-30	1E-10	1E10	1E-30	1E-10	1E10	1E-30	1E-10	1E10	1E-30	1E-10	1E10	1E-30	1E-10	1E10	1E-30	1E-10	1E10	1E-30	1E-10	1E10	1E-30	1E-10	1E10	1E-30	1E-10	1	-0.5	0.5
909	7E-12	1E10	1E10	1E-30	2.23270492949796E-10	1E10	1E-30	1E10	0.2	1E-30	2.28527932847981E-11	0.33878705600239	1.2666239455928E-10	4.41128942258915E-12	1.11955359076678	7.0523740254086E-11	4.99583918575789E-12	1.60831606562907	3.34233770598479E-12	7.34392951097887E-11	1E5	1E10	1E-30	1E-10	1E10	1E-30	1E-10	1E10	1E-30	1E-10	1E10	1E-30	1E-10	1E10	1E-30	1E-10	1E10	1E-30	1E-10	1E10	1E-30	1E-10	1E10	1E-30	1E-10	1E10	1E-30	1E-10	1E10	1E-30	1E-10	1E10	1E-30	1E-10	1	-0.05	0.05
910	7E-12	1E10	1E10	1E-30	2.23270492949796E-10	1E10	1E-30	1E10	0.2	1E-30	2.28527932847981E-11	0.33878705600239	1.2666239455928E-10	4.41128942258915E-12	1.11955359076678	7.0523740254086E-11	4.99583918575789E-12	1.60831606562907	3.34233770598479E-12	7.34392951097887E-11	1E5	1E10	1E-30	1E-10	1E10	1E-30	1E-10	1E10	1E-30	1E-10	1E10	1E-30	1E-10	1E10	1E-30	1E-10	1E10	1E-30	1E-10	1E10	1E-30	1E-10	1E10	1E-30	1E-10	1E10	1E-30	1E-10	1E10	1E-30	1E-10	1E10	1E-30	1E-10	1	-0.1	0.1
911	7E-12	1E10	1E10	1E-30	2.23270492949796E-10	1E10	1E-30	1E10	0.2	1E-30	2.28527932847981E-11	0.33878705600239	1.2666239455928E-10	4.41128942258915E-12	1.11955359076678	7.0523740254086E-11	4.99583918575789E-12	1.60831606562907	3.34233770598479E-12	7.34392951097887E-11	1E5	1E10	1E-30	1E-10	1E10	1E-30	1E-10	1E10	1E-30	1E-10	1E10	1E-30	1E-10	1E10	1E-30	1E-10	1E10	1E-30	1E-10	1E10	1E-30	1E-10	1E10	1E-30	1E-10	1E10	1E-30	1E-10	1E10	1E-30	1E-10	1E10	1E-30	1E-10	1	-0.25	0.25
912	7E-12	1E10	1E10	1E-30	2.23270492949796E-10	1E10	1E-30	1E10	0.2	1E-30	2.28527932847981E-11	0.33878705600239	1.2666239455928E-10	4.41128942258915E-12	1.11955359076678	7.0523740254086E-11	4.99583918575789E-12	1.60831606562907	3.34233770598479E-12	7.34392951097887E-11	1E5	1E10	1E-30	1E-10	1E10	1E-30	1E-10	1E10	1E-30	1E-10	1E10	1E-30	1E-10	1E10	1E-30	1E-10	1E10	1E-30	1E-10	1E10	1E-30	1E-10	1E10	1E-30	1E-10	1E10	1E-30	1E-10	1E10	1E-30	1E-10	1E10	1E-30	1E-10	1	-0.5	0.5
913	7E-12	1E10	1E10	1E-30	2.23270492949796E-10	1E10	1E-30	1E10	0.2	1E-30	2.28527932847981E-11	0.33878705600239	1.2666239455928E-10	4.41128942258915E-12	1.11955359076678	7.0523740254086E-11	4.99583918575789E-12	1.60831606562907	3.34233770598479E-12	7.34392951097887E-11	1E5	1E10	1E-30	1E-10	1E10	1E-30	1E-10	1E10	1E-30	1E-10	1E10	1E-30	1E-10	1E10	1E-30	1E-10	1E10	1E-30	1E-10	1E10	1E-30	1E-10	1E10	1E-30	1E-10	1E10	1E-30	1E-10	1E10	1E-30	1E-10	1E10	1E-30	1E-10	1	-0.05	0.05
914	7E-12	1E10	1E10	1E-30	2.23270492949796E-10	1E10	1E-30	1E10	0.2	1E-30	2.28527932847981E-11	0.33878705600239	1.2666239455928E-10	4.41128942258915E-12	1.11955359076678	7.0523740254086E-11	4.99583918575789E-12	1.60831606562907	3.34233770598479E-12	7.34392951097887E-11	1E5	1E10	1E-30	1E-10	1E10	1E-30	1E-10	1E10	1E-30	1E-10	1E10	1E-30	1E-10	1E10	1E-30	1E-10	1E10	1E-30	1E-10	1E10	1E-30	1E-10	1E10	1E-30	1E-10	1E10	1E-30	1E-10	1E10	1E-30	1E-10	1E10	1E-30	1E-10	1	-0.1	0.1
915	7E-12	1E10	1E10	1E-30	2.23270492949796E-10	1E10	1E-30	1E10	0.2	1E-30	2.28527932847981E-11	0.33878705600239	1.2666239455928E-10	4.41128942258915E-12	1.11955359076678	7.0523740254086E-11	4.99583918575789E-12	1.60831606562907	3.34233770598479E-12	7.34392951097887E-11	1E5	1E10	1E-30	1E-10	1E10	1E-30	1E-10	1E10	1E-30	1E-10	1E10	1E-30	1E-10	1E10	1E-30	1E-10	1E10	1E-30	1E-10	1E10	1E-30	1E-10	1E10	1E-30	1E-10	1E10	1E-30	1E-10	1E10	1E-30	1E-10	1E10	1E-30	1E-10	1	-0.25	0.25
916	7E-12	1E10	1E10	1E-30	2.23270492949796E-10	1E10	1E-30	1E10	0.2	1E-30	2.28527932847981E-11	0.33878705600239	1.2666239455928E-10	4.41128942258915E-12	1.11955359076678	7.0523740254086E-11	4.99583918575789E-12	1.60831606562907	3.34233770598479E-12	7.34392951097887E-11	1E5	1E10	1E-30	1E-10	1E10	1E-30	1E-10	1E10	1E-30	1E-10	1E10	1E-30	1E-10	1E10	1E-30	1E-10	1E10	1E-30	1E-10	1E10	1E-30	1E-10	1E10	1E-30	1E-10	1E10	1E-30	1E-10	1E10	1E-30	1E-10	1E10	1E-30	1E-10	1	-0.5	0.5
917	7E-12	1E10	1E10	1E-30	2.23270492949796E-10	1E10	1E-30	1E10	0.2	1E-30	2.28527932847981E-11	0.33878705600239	1.2666239455928E-10	4.41128942258915E-12	1.11955359076678	7.0523740254086E-11	4.99583918575789E-12	1.60831606562907	3.34233770598479E-12	7.34392951097887E-11	1E5	1E10	1E-30	1E-10	1E10	1E-30	1E-10	1E10	1E-30	1E-10	1E10	1E-30	1E-10	1E10	1E-30	1E-10	1E10	1E-30	1E-10	1E10	1E-30	1E-10	1E10	1E-30	1E-10	1E10	1E-30	1E-10	1E10	1E-30	1E-10	1E10	1E-30	1E-10	1	-0.05	0.05
918	7E-12	1E10	1E10	1E-30	2.23270492949796E-10	1E10	1E-30	1E10	0.2	1E-30	2.28527932847981E-11	0.33878705600239	1.2666239455928E-10	4.41128942258915E-12	1.11955359076678	7.0523740254086E-11	4.99583918575789E-12	1.60831606562907	3.34233770598479E-12	7.34392951097887E-11	1E5	1E10	1E-30	1E-10	1E10	1E-30	1E-10	1E10	1E-30	1E-10	1E10	1E-30	1E-10	1E10	1E-30	1E-10	1E10	1E-30	1E-10	1E10	1E-30	1E-10	1E10	1E-30	1E-10	1E10	1E-30	1E-10	1E10	1E-30	1E-10	1E10	1E-30	1E-10	1	-0.1	0.1
919	7E-12	1E10	1E10	1E-30	2.23270492949796E-10	1E10	1E-30	1E10	0.2	1E-30	2.28527932847981E-11	0.33878705600239	1.2666239455928E-10	4.41128942258915E-12	1.11955359076678	7.0523740254086E-11	4.99583918575789E-12	1.60831606562907	3.34233770598479E-12	7.34392951097887E-11	1E5	1E10	1E-30	1E-10	1E10	1E-30	1E-10	1E10	1E-30	1E-10	1E10	1E-30	1E-10	1E10	1E-30	1E-10	1E10	1E-30	1E-10	1E10	1E-30	1E-10	1E10	1E-30	1E-10	1E10	1E-30	1E-10	1E10	1E-30	1E-10	1E10	1E-30	1E-10	1	-0.25	0.25
920	7E-12	1E10	1E10	1E-30	2.23270492949796E-10	1E10	1E-30	1E10	0.2	1E-30	2.28527932847981E-11	0.33878705600239	1.2666239455928E-10	4.41128942258915E-12	1.11955359076678	7.0523740254086E-11	4.99583918575789E-12	1.60831606562907	3.34233770598479E-12	7.34392951097887E-11	1E5	1E10	1E-30	1E-10	1E10	1E-30	1E-10	1E10	1E-30	1E-10	1E10	1E-30	1E-10	1E10	1E-30	1E-10	1E10	1E-30	1E-10	1E10	1E-30	1E-10	1E10	1E-30	1E-10	1E10	1E-30	1E-10	1E10	1E-30	1E-10	1E10	1E-30	1E-10	1	-0.5	0.5
921	7.09999999999999E-12	1E10	1E10	1E-30	1.21980052557218E-10	1E10	1E-30	1E10	0.2	1E-30	1.15758242038365E-11	0.22537971346746	1.72690771668439E-11	3.27905779299226E-11	10.554177574091	2.13248577356006E-11	1.6028054306825E-11	3.08261761442592	1.82447958856209E-12	1.19905697318562E-10	1E5	1E10	1E-30	1E-10	1E10	1E-30	1E-10	1E10	1E-30	1E-10	1E10	1E-30	1E-10	1E10	1E-30	1E-10	1E10	1E-30	1E-10	1E10	1E-30	1E-10	1E10	1E-30	1E-10	1E10	1E-30	1E-10	1E10	1E-30	1E-10	1E10	1E-30	1E-10	1	-0.05	0.05
922	7.09999999999999E-12	1E10	1E10	1E-30	1.21980052557218E-10	1E10	1E-30	1E10	0.2	1E-30	1.15758242038365E-11	0.22537971346746	1.72690771668439E-11	3.27905779299226E-11	10.554177574091	2.13248577356006E-11	1.6028054306825E-11	3.08261761442592	1.82447958856209E-12	1.19905697318562E-10	1E5	1E10	1E-30	1E-10	1E10	1E-30	1E-10	1E10	1E-30	1E-10	1E10	1E-30	1E-10	1E10	1E-30	1E-10	1E10	1E-30	1E-10	1E10	1E-30	1E-10	1E10	1E-30	1E-10	1E10	1E-30	1E-10	1E10	1E-30	1E-10	1E10	1E-30	1E-10	1	-0.1	0.1
923	7.09999999999999E-12	1E10	1E10	1E-30	1.21980052557218E-10	1E10	1E-30	1E10	0.2	1E-30	1.15758242038365E-11	0.22537971346746	1.72690771668439E-11	3.27905779299226E-11	10.554177574091	2.13248577356006E-11	1.6028054306825E-11	3.08261761442592	1.82447958856209E-12	1.19905697318562E-10	1E5	1E10	1E-30	1E-10	1E10	1E-30	1E-10	1E10	1E-30	1E-10	1E10	1E-30	1E-10	1E10	1E-30	1E-10	1E10	1E-30	1E-10	1E10	1E-30	1E-10	1E10	1E-30	1E-10	1E10	1E-30	1E-10	1E10	1E-30	1E-10	1E10	1E-30	1E-10	1	-0.25	0.25
924	7.09999999999999E-12	1E10	1E10	1E-30	1.21980052557218E-10	1E10	1E-30	1E10	0.2	1E-30	1.15758242038365E-11	0.22537971346746	1.72690771668439E-11	3.27905779299226E-11	10.554177574091	2.13248577356006E-11	1.6028054306825E-11	3.08261761442592	1.82447958856209E-12	1.19905697318562E-10	1E5	1E10	1E-30	1E-10	1E10	1E-30	1E-10	1E10	1E-30	1E-10	1E10	1E-30	1E-10	1E10	1E-30	1E-10	1E10	1E-30	1E-10	1E10	1E-30	1E-10	1E10	1E-30	1E-10	1E10	1E-30	1E-10	1E10	1E-30	1E-10	1E10	1E-30	1E-10	1	-0.5	0.5
925	7.09999999999999E-12	1E10	1E10	1E-30	1.21980052557218E-10	1E10	1E-30	1E10	0.2	1E-30	1.15758242038365E-11	0.22537971346746	1.72690771668439E-11	3.27905779299226E-11	10.554177574091	2.13248577356006E-11	1.6028054306825E-11	3.08261761442592	1.82447958856209E-12	1.19905697318562E-10	1E5	1E10	1E-30	1E-10	1E10	1E-30	1E-10	1E10	1E-30	1E-10	1E10	1E-30	1E-10	1E10	1E-30	1E-10	1E10	1E-30	1E-10	1E10	1E-30	1E-10	1E10	1E-30	1E-10	1E10	1E-30	1E-10	1E10	1E-30	1E-10	1E10	1E-30	1E-10	1	-0.05	0.05
926	7.09999999999999E-12	1E10	1E10	1E-30	1.21980052557218E-10	1E10	1E-30	1E10	0.2	1E-30	1.15758242038365E-11	0.22537971346746	1.72690771668439E-11	3.27905779299226E-11	10.554177574091	2.13248577356006E-11	1.6028054306825E-11	3.08261761442592	1.82447958856209E-12	1.19905697318562E-10	1E5	1E10	1E-30	1E-10	1E10	1E-30	1E-10	1E10	1E-30	1E-10	1E10	1E-30	1E-10	1E10	1E-30	1E-10	1E10	1E-30	1E-10	1E10	1E-30	1E-10	1E10	1E-30	1E-10	1E10	1E-30	1E-10	1E10	1E-30	1E-10	1E10	1E-30	1E-10	1	-0.1	0.1
927	7.09999999999999E-12	1E10	1E10	1E-30	1.21980052557218E-10	1E10	1E-30	1E10	0.2	1E-30	1.15758242038365E-11	0.22537971346746	1.72690771668439E-11	3.27905779299226E-11	10.554177574091	2.13248577356006E-11	1.6028054306825E-11	3.08261761442592	1.82447958856209E-12	1.19905697318562E-10	1E5	1E10	1E-30	1E-10	1E10	1E-30	1E-10	1E10	1E-30	1E-10	1E10	1E-30	1E-10	1E10	1E-30	1E-10	1E10	1E-30	1E-10	1E10	1E-30	1E-10	1E10	1E-30	1E-10	1E10	1E-30	1E-10	1E10	1E-30	1E-10	1E10	1E-30	1E-10	1	-0.25	0.25
928	7.09999999999999E-12	1E10	1E10	1E-30	1.21980052557218E-10	1E10	1E-30	1E10	0.2	1E-30	1.15758242038365E-11	0.22537971346746	1.72690771668439E-11	3.27905779299226E-11	10.554177574091	2.13248577356006E-11	1.6028054306825E-11	3.08261761442592	1.82447958856209E-12	1.19905697318562E-10	1E5	1E10	1E-30	1E-10	1E10	1E-30	1E-10	1E10	1E-30	1E-10	1E10	1E-30	1E-10	1E10	1E-30	1E-10	1E10	1E-30	1E-10	1E10	1E-30	1E-10	1E10	1E-30	1E-10	1E10	1E-30	1E-10	1E10	1E-30	1E-10	1E10	1E-30	1E-10	1	-0.5	0.5
929	7.09999999999999E-12	1E10	1E10	1E-30	1.21980052557218E-10	1E10	1E-30	1E10	0.2	1E-30	1.15758242038365E-11	0.22537971346746	1.72690771668439E-11	3.27905779299226E-11	10.554177574091	2.13248577356006E-11	1.6028054306825E-11	3.08261761442592	1.82447958856209E-12	1.19905697318562E-10	1E5	1E10	1E-30	1E-10	1E10	1E-30	1E-10	1E10	1E-30	1E-10	1E10	1E-30	1E-10	1E10	1E-30	1E-10	1E10	1E-30	1E-10	1E10	1E-30	1E-10	1E10	1E-30	1E-10	1E10	1E-30	1E-10	1E10	1E-30	1E-10	1E10	1E-30	1E-10	1	-0.05	0.05
930	7.09999999999999E-12	1E10	1E10	1E-30	1.21980052557218E-10	1E10	1E-30	1E10	0.2	1E-30	1.15758242038365E-11	0.22537971346746	1.72690771668439E-11	3.27905779299226E-11	10.554177574091	2.13248577356006E-11	1.6028054306825E-11	3.08261761442592	1.82447958856209E-12	1.19905697318562E-10	1E5	1E10	1E-30	1E-10	1E10	1E-30	1E-10	1E10	1E-30	1E-10	1E10	1E-30	1E-10	1E10	1E-30	1E-10	1E10	1E-30	1E-10	1E10	1E-30	1E-10	1E10	1E-30	1E-10	1E10	1E-30	1E-10	1E10	1E-30	1E-10	1E10	1E-30	1E-10	1	-0.1	0.1
931	7.09999999999999E-12	1E10	1E10	1E-30	1.21980052557218E-10	1E10	1E-30	1E10	0.2	1E-30	1.15758242038365E-11	0.22537971346746	1.72690771668439E-11	3.27905779299226E-11	10.554177574091	2.13248577356006E-11	1.6028054306825E-11	3.08261761442592	1.82447958856209E-12	1.19905697318562E-10	1E5	1E10	1E-30	1E-10	1E10	1E-30	1E-10	1E10	1E-30	1E-10	1E10	1E-30	1E-10	1E10	1E-30	1E-10	1E10	1E-30	1E-10	1E10	1E-30	1E-10	1E10	1E-30	1E-10	1E10	1E-30	1E-10	1E10	1E-30	1E-10	1E10	1E-30	1E-10	1	-0.25	0.25
932	7.09999999999999E-12	1E10	1E10	1E-30	1.21980052557218E-10	1E10	1E-30	1E10	0.2	1E-30	1.15758242038365E-11	0.22537971346746	1.72690771668439E-11	3.27905779299226E-11	10.554177574091	2.13248577356006E-11	1.6028054306825E-11	3.08261761442592	1.82447958856209E-12	1.19905697318562E-10	1E5	1E10	1E-30	1E-10	1E10	1E-30	1E-10	1E10	1E-30	1E-10	1E10	1E-30	1E-10	1E10	1E-30	1E-10	1E10	1E-30	1E-10	1E10	1E-30	1E-10	1E10	1E-30	1E-10	1E10	1E-30	1E-10	1E10	1E-30	1E-10	1E10	1E-30	1E-10	1	-0.5	0.5
933	7.09999999999999E-12	1E10	1E10	1E-30	1.21980052557218E-10	1E10	1E-30	1E10	0.2	1E-30	1.15758242038365E-11	0.22537971346746	1.72690771668439E-11	3.27905779299226E-11	10.554177574091	2.13248577356006E-11	1.6028054306825E-11	3.08261761442592	1.82447958856209E-12	1.19905697318562E-10	1E5	1E10	1E-30	1E-10	1E10	1E-30	1E-10	1E10	1E-30	1E-10	1E10	1E-30	1E-10	1E10	1E-30	1E-10	1E10	1E-30	1E-10	1E10	1E-30	1E-10	1E10	1E-30	1E-10	1E10	1E-30	1E-10	1E10	1E-30	1E-10	1E10	1E-30	1E-10	1	-0.05	0.05
934	7.09999999999999E-12	1E10	1E10	1E-30	1.21980052557218E-10	1E10	1E-30	1E10	0.2	1E-30	1.15758242038365E-11	0.22537971346746	1.72690771668439E-11	3.27905779299226E-11	10.554177574091	2.13248577356006E-11	1.6028054306825E-11	3.08261761442592	1.82447958856209E-12	1.19905697318562E-10	1E5	1E10	1E-30	1E-10	1E10	1E-30	1E-10	1E10	1E-30	1E-10	1E10	1E-30	1E-10	1E10	1E-30	1E-10	1E10	1E-30	1E-10	1E10	1E-30	1E-10	1E10	1E-30	1E-10	1E10	1E-30	1E-10	1E10	1E-30	1E-10	1E10	1E-30	1E-10	1	-0.1	0.1
935	7.09999999999999E-12	1E10	1E10	1E-30	1.21980052557218E-10	1E10	1E-30	1E10	0.2	1E-30	1.15758242038365E-11	0.22537971346746	1.72690771668439E-11	3.27905779299226E-11	10.554177574091	2.13248577356006E-11	1.6028054306825E-11	3.08261761442592	1.82447958856209E-12	1.19905697318562E-10	1E5	1E10	1E-30	1E-10	1E10	1E-30	1E-10	1E10	1E-30	1E-10	1E10	1E-30	1E-10	1E10	1E-30	1E-10	1E10	1E-30	1E-10	1E10	1E-30	1E-10	1E10	1E-30	1E-10	1E10	1E-30	1E-10	1E10	1E-30	1E-10	1E10	1E-30	1E-10	1	-0.25	0.25
936	7.09999999999999E-12	1E10	1E10	1E-30	1.21980052557218E-10	1E10	1E-30	1E10	0.2	1E-30	1.15758242038365E-11	0.22537971346746	1.72690771668439E-11	3.27905779299226E-11	10.554177574091	2.13248577356006E-11	1.6028054306825E-11	3.08261761442592	1.82447958856209E-12	1.19905697318562E-10	1E5	1E10	1E-30	1E-10	1E10	1E-30	1E-10	1E10	1E-30	1E-10	1E10	1E-30	1E-10	1E10	1E-30	1E-10	1E10	1E-30	1E-10	1E10	1E-30	1E-10	1E10	1E-30	1E-10	1E10	1E-30	1E-10	1E10	1E-30	1E-10	1E10	1E-30	1E-10	1	-0.5	0.5
937	7.2E-12	1E10	1E10	1E-30	1.21980052557218E-10	1E10	1E-30	1E10	0.2	1E-30	1.15758242038365E-11	0.22537971346746	1.72690771668439E-11	3.27905779299226E-11	10.554177574091	2.13248577356006E-11	1.6028054306825E-11	3.08261761442592	1.82447958856209E-12	1.19905697318562E-10	1E5	1E10	1E-30	1E-10	1E10	1E-30	1E-10	1E10	1E-30	1E-10	1E10	1E-30	1E-10	1E10	1E-30	1E-10	1E10	1E-30	1E-10	1E10	1E-30	1E-10	1E10	1E-30	1E-10	1E10	1E-30	1E-10	1E10	1E-30	1E-10	1E10	1E-30	1E-10	1	-0.05	0.05
938	7.2E-12	1E10	1E10	1E-30	1.21980052557218E-10	1E10	1E-30	1E10	0.2	1E-30	1.15758242038365E-11	0.22537971346746	1.72690771668439E-11	3.27905779299226E-11	10.554177574091	2.13248577356006E-11	1.6028054306825E-11	3.08261761442592	1.82447958856209E-12	1.19905697318562E-10	1E5	1E10	1E-30	1E-10	1E10	1E-30	1E-10	1E10	1E-30	1E-10	1E10	1E-30	1E-10	1E10	1E-30	1E-10	1E10	1E-30	1E-10	1E10	1E-30	1E-10	1E10	1E-30	1E-10	1E10	1E-30	1E-10	1E10	1E-30	1E-10	1E10	1E-30	1E-10	1	-0.1	0.1
939	7.2E-12	1E10	1E10	1E-30	1.21980052557218E-10	1E10	1E-30	1E10	0.2	1E-30	1.15758242038365E-11	0.22537971346746	1.72690771668439E-11	3.27905779299226E-11	10.554177574091	2.13248577356006E-11	1.6028054306825E-11	3.08261761442592	1.82447958856209E-12	1.19905697318562E-10	1E5	1E10	1E-30	1E-10	1E10	1E-30	1E-10	1E10	1E-30	1E-10	1E10	1E-30	1E-10	1E10	1E-30	1E-10	1E10	1E-30	1E-10	1E10	1E-30	1E-10	1E10	1E-30	1E-10	1E10	1E-30	1E-10	1E10	1E-30	1E-10	1E10	1E-30	1E-10	1	-0.25	0.25
940	7.2E-12	1E10	1E10	1E-30	1.21980052557218E-10	1E10	1E-30	1E10	0.2	1E-30	1.15758242038365E-11	0.22537971346746	1.72690771668439E-11	3.27905779299226E-11	10.554177574091	2.13248577356006E-11	1.6028054306825E-11	3.08261761442592	1.82447958856209E-12	1.19905697318562E-10	1E5	1E10	1E-30	1E-10	1E10	1E-30	1E-10	1E10	1E-30	1E-10	1E10	1E-30	1E-10	1E10	1E-30	1E-10	1E10	1E-30	1E-10	1E10	1E-30	1E-10	1E10	1E-30	1E-10	1E10	1E-30	1E-10	1E10	1E-30	1E-10	1E10	1E-30	1E-10	1	-0.5	0.5
941	7.2E-12	1E10	1E10	1E-30	1.21980052557218E-10	1E10	1E-30	1E10	0.2	1E-30	1.15758242038365E-11	0.22537971346746	1.72690771668439E-11	3.27905779299226E-11	10.554177574091	2.13248577356006E-11	1.6028054306825E-11	3.08261761442592	1.82447958856209E-12	1.19905697318562E-10	1E5	1E10	1E-30	1E-10	1E10	1E-30	1E-10	1E10	1E-30	1E-10	1E10	1E-30	1E-10	1E10	1E-30	1E-10	1E10	1E-30	1E-10	1E10	1E-30	1E-10	1E10	1E-30	1E-10	1E10	1E-30	1E-10	1E10	1E-30	1E-10	1E10	1E-30	1E-10	1	-0.05	0.05
942	7.2E-12	1E10	1E10	1E-30	1.21980052557218E-10	1E10	1E-30	1E10	0.2	1E-30	1.15758242038365E-11	0.22537971346746	1.72690771668439E-11	3.27905779299226E-11	10.554177574091	2.13248577356006E-11	1.6028054306825E-11	3.08261761442592	1.82447958856209E-12	1.19905697318562E-10	1E5	1E10	1E-30	1E-10	1E10	1E-30	1E-10	1E10	1E-30	1E-10	1E10	1E-30	1E-10	1E10	1E-30	1E-10	1E10	1E-30	1E-10	1E10	1E-30	1E-10	1E10	1E-30	1E-10	1E10	1E-30	1E-10	1E10	1E-30	1E-10	1E10	1E-30	1E-10	1	-0.1	0.1
943	7.2E-12	1E10	1E10	1E-30	1.21980052557218E-10	1E10	1E-30	1E10	0.2	1E-30	1.15758242038365E-11	0.22537971346746	1.72690771668439E-11	3.27905779299226E-11	10.554177574091	2.13248577356006E-11	1.6028054306825E-11	3.08261761442592	1.82447958856209E-12	1.19905697318562E-10	1E5	1E10	1E-30	1E-10	1E10	1E-30	1E-10	1E10	1E-30	1E-10	1E10	1E-30	1E-10	1E10	1E-30	1E-10	1E10	1E-30	1E-10	1E10	1E-30	1E-10	1E10	1E-30	1E-10	1E10	1E-30	1E-10	1E10	1E-30	1E-10	1E10	1E-30	1E-10	1	-0.25	0.25
944	7.2E-12	1E10	1E10	1E-30	1.21980052557218E-10	1E10	1E-30	1E10	0.2	1E-30	1.15758242038365E-11	0.22537971346746	1.72690771668439E-11	3.27905779299226E-11	10.554177574091	2.13248577356006E-11	1.6028054306825E-11	3.08261761442592	1.82447958856209E-12	1.19905697318562E-10	1E5	1E10	1E-30	1E-10	1E10	1E-30	1E-10	1E10	1E-30	1E-10	1E10	1E-30	1E-10	1E10	1E-30	1E-10	1E10	1E-30	1E-10	1E10	1E-30	1E-10	1E10	1E-30	1E-10	1E10	1E-30	1E-10	1E10	1E-30	1E-10	1E10	1E-30	1E-10	1	-0.5	0.5
945	7.2E-12	1E10	1E10	1E-30	1.21980052557218E-10	1E10	1E-30	1E10	0.2	1E-30	1.15758242038365E-11	0.22537971346746	1.72690771668439E-11	3.27905779299226E-11	10.554177574091	2.13248577356006E-11	1.6028054306825E-11	3.08261761442592	1.82447958856209E-12	1.19905697318562E-10	1E5	1E10	1E-30	1E-10	1E10	1E-30	1E-10	1E10	1E-30	1E-10	1E10	1E-30	1E-10	1E10	1E-30	1E-10	1E10	1E-30	1E-10	1E10	1E-30	1E-10	1E10	1E-30	1E-10	1E10	1E-30	1E-10	1E10	1E-30	1E-10	1E10	1E-30	1E-10	1	-0.05	0.05
946	7.2E-12	1E10	1E10	1E-30	1.21980052557218E-10	1E10	1E-30	1E10	0.2	1E-30	1.15758242038365E-11	0.22537971346746	1.72690771668439E-11	3.27905779299226E-11	10.554177574091	2.13248577356006E-11	1.6028054306825E-11	3.08261761442592	1.82447958856209E-12	1.19905697318562E-10	1E5	1E10	1E-30	1E-10	1E10	1E-30	1E-10	1E10	1E-30	1E-10	1E10	1E-30	1E-10	1E10	1E-30	1E-10	1E10	1E-30	1E-10	1E10	1E-30	1E-10	1E10	1E-30	1E-10	1E10	1E-30	1E-10	1E10	1E-30	1E-10	1E10	1E-30	1E-10	1	-0.1	0.1
947	7.2E-12	1E10	1E10	1E-30	1.21980052557218E-10	1E10	1E-30	1E10	0.2	1E-30	1.15758242038365E-11	0.22537971346746	1.72690771668439E-11	3.27905779299226E-11	10.554177574091	2.13248577356006E-11	1.6028054306825E-11	3.08261761442592	1.82447958856209E-12	1.19905697318562E-10	1E5	1E10	1E-30	1E-10	1E10	1E-30	1E-10	1E10	1E-30	1E-10	1E10	1E-30	1E-10	1E10	1E-30	1E-10	1E10	1E-30	1E-10	1E10	1E-30	1E-10	1E10	1E-30	1E-10	1E10	1E-30	1E-10	1E10	1E-30	1E-10	1E10	1E-30	1E-10	1	-0.25	0.25
948	7.2E-12	1E10	1E10	1E-30	1.21980052557218E-10	1E10	1E-30	1E10	0.2	1E-30	1.15758242038365E-11	0.22537971346746	1.72690771668439E-11	3.27905779299226E-11	10.554177574091	2.13248577356006E-11	1.6028054306825E-11	3.08261761442592	1.82447958856209E-12	1.19905697318562E-10	1E5	1E10	1E-30	1E-10	1E10	1E-30	1E-10	1E10	1E-30	1E-10	1E10	1E-30	1E-10	1E10	1E-30	1E-10	1E10	1E-30	1E-10	1E10	1E-30	1E-10	1E10	1E-30	1E-10	1E10	1E-30	1E-10	1E10	1E-30	1E-10	1E10	1E-30	1E-10	1	-0.5	0.5
949	7.2E-12	1E10	1E10	1E-30	1.21980052557218E-10	1E10	1E-30	1E10	0.2	1E-30	1.15758242038365E-11	0.22537971346746	1.72690771668439E-11	3.27905779299226E-11	10.554177574091	2.13248577356006E-11	1.6028054306825E-11	3.08261761442592	1.82447958856209E-12	1.19905697318562E-10	1E5	1E10	1E-30	1E-10	1E10	1E-30	1E-10	1E10	1E-30	1E-10	1E10	1E-30	1E-10	1E10	1E-30	1E-10	1E10	1E-30	1E-10	1E10	1E-30	1E-10	1E10	1E-30	1E-10	1E10	1E-30	1E-10	1E10	1E-30	1E-10	1E10	1E-30	1E-10	1	-0.05	0.05
950	7.2E-12	1E10	1E10	1E-30	1.21980052557218E-10	1E10	1E-30	1E10	0.2	1E-30	1.15758242038365E-11	0.22537971346746	1.72690771668439E-11	3.27905779299226E-11	10.554177574091	2.13248577356006E-11	1.6028054306825E-11	3.08261761442592	1.82447958856209E-12	1.19905697318562E-10	1E5	1E10	1E-30	1E-10	1E10	1E-30	1E-10	1E10	1E-30	1E-10	1E10	1E-30	1E-10	1E10	1E-30	1E-10	1E10	1E-30	1E-10	1E10	1E-30	1E-10	1E10	1E-30	1E-10	1E10	1E-30	1E-10	1E10	1E-30	1E-10	1E10	1E-30	1E-10	1	-0.1	0.1
951	7.2E-12	1E10	1E10	1E-30	1.21980052557218E-10	1E10	1E-30	1E10	0.2	1E-30	1.15758242038365E-11	0.22537971346746	1.72690771668439E-11	3.27905779299226E-11	10.554177574091	2.13248577356006E-11	1.6028054306825E-11	3.08261761442592	1.82447958856209E-12	1.19905697318562E-10	1E5	1E10	1E-30	1E-10	1E10	1E-30	1E-10	1E10	1E-30	1E-10	1E10	1E-30	1E-10	1E10	1E-30	1E-10	1E10	1E-30	1E-10	1E10	1E-30	1E-10	1E10	1E-30	1E-10	1E10	1E-30	1E-10	1E10	1E-30	1E-10	1E10	1E-30	1E-10	1	-0.25	0.25
952	7.2E-12	1E10	1E10	1E-30	1.21980052557218E-10	1E10	1E-30	1E10	0.2	1E-30	1.15758242038365E-11	0.22537971346746	1.72690771668439E-11	3.27905779299226E-11	10.554177574091	2.13248577356006E-11	1.6028054306825E-11	3.08261761442592	1.82447958856209E-12	1.19905697318562E-10	1E5	1E10	1E-30	1E-10	1E10	1E-30	1E-10	1E10	1E-30	1E-10	1E10	1E-30	1E-10	1E10	1E-30	1E-10	1E10	1E-30	1E-10	1E10	1E-30	1E-10	1E10	1E-30	1E-10	1E10	1E-30	1E-10	1E10	1E-30	1E-10	1E10	1E-30	1E-10	1	-0.5	0.5
953	7.3E-12	1E10	1E10	1E-30	1.21980052557218E-10	1E10	1E-30	1E10	0.2	1E-30	1.15758242038365E-11	0.22537971346746	1.72690771668439E-11	3.27905779299226E-11	10.554177574091	2.13248577356006E-11	1.6028054306825E-11	3.08261761442592	1.82447958856209E-12	1.19905697318562E-10	1E5	1E10	1E-30	1E-10	1E10	1E-30	1E-10	1E10	1E-30	1E-10	1E10	1E-30	1E-10	1E10	1E-30	1E-10	1E10	1E-30	1E-10	1E10	1E-30	1E-10	1E10	1E-30	1E-10	1E10	1E-30	1E-10	1E10	1E-30	1E-10	1E10	1E-30	1E-10	1	-0.05	0.05
954	7.3E-12	1E10	1E10	1E-30	1.21980052557218E-10	1E10	1E-30	1E10	0.2	1E-30	1.15758242038365E-11	0.22537971346746	1.72690771668439E-11	3.27905779299226E-11	10.554177574091	2.13248577356006E-11	1.6028054306825E-11	3.08261761442592	1.82447958856209E-12	1.19905697318562E-10	1E5	1E10	1E-30	1E-10	1E10	1E-30	1E-10	1E10	1E-30	1E-10	1E10	1E-30	1E-10	1E10	1E-30	1E-10	1E10	1E-30	1E-10	1E10	1E-30	1E-10	1E10	1E-30	1E-10	1E10	1E-30	1E-10	1E10	1E-30	1E-10	1E10	1E-30	1E-10	1	-0.1	0.1
955	7.3E-12	1E10	1E10	1E-30	1.21980052557218E-10	1E10	1E-30	1E10	0.2	1E-30	1.15758242038365E-11	0.22537971346746	1.72690771668439E-11	3.27905779299226E-11	10.554177574091	2.13248577356006E-11	1.6028054306825E-11	3.08261761442592	1.82447958856209E-12	1.19905697318562E-10	1E5	1E10	1E-30	1E-10	1E10	1E-30	1E-10	1E10	1E-30	1E-10	1E10	1E-30	1E-10	1E10	1E-30	1E-10	1E10	1E-30	1E-10	1E10	1E-30	1E-10	1E10	1E-30	1E-10	1E10	1E-30	1E-10	1E10	1E-30	1E-10	1E10	1E-30	1E-10	1	-0.25	0.25
956	7.3E-12	1E10	1E10	1E-30	1.21980052557218E-10	1E10	1E-30	1E10	0.2	1E-30	1.15758242038365E-11	0.22537971346746	1.72690771668439E-11	3.27905779299226E-11	10.554177574091	2.13248577356006E-11	1.6028054306825E-11	3.08261761442592	1.82447958856209E-12	1.19905697318562E-10	1E5	1E10	1E-30	1E-10	1E10	1E-30	1E-10	1E10	1E-30	1E-10	1E10	1E-30	1E-10	1E10	1E-30	1E-10	1E10	1E-30	1E-10	1E10	1E-30	1E-10	1E10	1E-30	1E-10	1E10	1E-30	1E-10	1E10	1E-30	1E-10	1E10	1E-30	1E-10	1	-0.5	0.5
957	7.3E-12	1E10	1E10	1E-30	1.21980052557218E-10	1E10	1E-30	1E10	0.2	1E-30	1.15758242038365E-11	0.22537971346746	1.72690771668439E-11	3.27905779299226E-11	10.554177574091	2.13248577356006E-11	1.6028054306825E-11	3.08261761442592	1.82447958856209E-12	1.19905697318562E-10	1E5	1E10	1E-30	1E-10	1E10	1E-30	1E-10	1E10	1E-30	1E-10	1E10	1E-30	1E-10	1E10	1E-30	1E-10	1E10	1E-30	1E-10	1E10	1E-30	1E-10	1E10	1E-30	1E-10	1E10	1E-30	1E-10	1E10	1E-30	1E-10	1E10	1E-30	1E-10	1	-0.05	0.05
958	7.3E-12	1E10	1E10	1E-30	1.21980052557218E-10	1E10	1E-30	1E10	0.2	1E-30	1.15758242038365E-11	0.22537971346746	1.72690771668439E-11	3.27905779299226E-11	10.554177574091	2.13248577356006E-11	1.6028054306825E-11	3.08261761442592	1.82447958856209E-12	1.19905697318562E-10	1E5	1E10	1E-30	1E-10	1E10	1E-30	1E-10	1E10	1E-30	1E-10	1E10	1E-30	1E-10	1E10	1E-30	1E-10	1E10	1E-30	1E-10	1E10	1E-30	1E-10	1E10	1E-30	1E-10	1E10	1E-30	1E-10	1E10	1E-30	1E-10	1E10	1E-30	1E-10	1	-0.1	0.1
959	7.3E-12	1E10	1E10	1E-30	1.21980052557218E-10	1E10	1E-30	1E10	0.2	1E-30	1.15758242038365E-11	0.22537971346746	1.72690771668439E-11	3.27905779299226E-11	10.554177574091	2.13248577356006E-11	1.6028054306825E-11	3.08261761442592	1.82447958856209E-12	1.19905697318562E-10	1E5	1E10	1E-30	1E-10	1E10	1E-30	1E-10	1E10	1E-30	1E-10	1E10	1E-30	1E-10	1E10	1E-30	1E-10	1E10	1E-30	1E-10	1E10	1E-30	1E-10	1E10	1E-30	1E-10	1E10	1E-30	1E-10	1E10	1E-30	1E-10	1E10	1E-30	1E-10	1	-0.25	0.25
960	7.3E-12	1E10	1E10	1E-30	1.21980052557218E-10	1E10	1E-30	1E10	0.2	1E-30	1.15758242038365E-11	0.22537971346746	1.72690771668439E-11	3.27905779299226E-11	10.554177574091	2.13248577356006E-11	1.6028054306825E-11	3.08261761442592	1.82447958856209E-12	1.19905697318562E-10	1E5	1E10	1E-30	1E-10	1E10	1E-30	1E-10	1E10	1E-30	1E-10	1E10	1E-30	1E-10	1E10	1E-30	1E-10	1E10	1E-30	1E-10	1E10	1E-30	1E-10	1E10	1E-30	1E-10	1E10	1E-30	1E-10	1E10	1E-30	1E-10	1E10	1E-30	1E-10	1	-0.5	0.5
961	7.3E-12	1E10	1E10	1E-30	1.21980052557218E-10	1E10	1E-30	1E10	0.2	1E-30	1.15758242038365E-11	0.22537971346746	1.72690771668439E-11	3.27905779299226E-11	10.554177574091	2.13248577356006E-11	1.6028054306825E-11	3.08261761442592	1.82447958856209E-12	1.19905697318562E-10	1E5	1E10	1E-30	1E-10	1E10	1E-30	1E-10	1E10	1E-30	1E-10	1E10	1E-30	1E-10	1E10	1E-30	1E-10	1E10	1E-30	1E-10	1E10	1E-30	1E-10	1E10	1E-30	1E-10	1E10	1E-30	1E-10	1E10	1E-30	1E-10	1E10	1E-30	1E-10	1	-0.05	0.05
962	7.3E-12	1E10	1E10	1E-30	1.21980052557218E-10	1E10	1E-30	1E10	0.2	1E-30	1.15758242038365E-11	0.22537971346746	1.72690771668439E-11	3.27905779299226E-11	10.554177574091	2.13248577356006E-11	1.6028054306825E-11	3.08261761442592	1.82447958856209E-12	1.19905697318562E-10	1E5	1E10	1E-30	1E-10	1E10	1E-30	1E-10	1E10	1E-30	1E-10	1E10	1E-30	1E-10	1E10	1E-30	1E-10	1E10	1E-30	1E-10	1E10	1E-30	1E-10	1E10	1E-30	1E-10	1E10	1E-30	1E-10	1E10	1E-30	1E-10	1E10	1E-30	1E-10	1	-0.1	0.1
963	7.3E-12	1E10	1E10	1E-30	1.21980052557218E-10	1E10	1E-30	1E10	0.2	1E-30	1.15758242038365E-11	0.22537971346746	1.72690771668439E-11	3.27905779299226E-11	10.554177574091	2.13248577356006E-11	1.6028054306825E-11	3.08261761442592	1.82447958856209E-12	1.19905697318562E-10	1E5	1E10	1E-30	1E-10	1E10	1E-30	1E-10	1E10	1E-30	1E-10	1E10	1E-30	1E-10	1E10	1E-30	1E-10	1E10	1E-30	1E-10	1E10	1E-30	1E-10	1E10	1E-30	1E-10	1E10	1E-30	1E-10	1E10	1E-30	1E-10	1E10	1E-30	1E-10	1	-0.25	0.25
964	7.3E-12	1E10	1E10	1E-30	1.21980052557218E-10	1E10	1E-30	1E10	0.2	1E-30	1.15758242038365E-11	0.22537971346746	1.72690771668439E-11	3.27905779299226E-11	10.554177574091	2.13248577356006E-11	1.6028054306825E-11	3.08261761442592	1.82447958856209E-12	1.19905697318562E-10	1E5	1E10	1E-30	1E-10	1E10	1E-30	1E-10	1E10	1E-30	1E-10	1E10	1E-30	1E-10	1E10	1E-30	1E-10	1E10	1E-30	1E-10	1E10	1E-30	1E-10	1E10	1E-30	1E-10	1E10	1E-30	1E-10	1E10	1E-30	1E-10	1E10	1E-30	1E-10	1	-0.5	0.5
965	7.3E-12	1E10	1E10	1E-30	1.21980052557218E-10	1E10	1E-30	1E10	0.2	1E-30	1.15758242038365E-11	0.22537971346746	1.72690771668439E-11	3.27905779299226E-11	10.554177574091	2.13248577356006E-11	1.6028054306825E-11	3.08261761442592	1.82447958856209E-12	1.19905697318562E-10	1E5	1E10	1E-30	1E-10	1E10	1E-30	1E-10	1E10	1E-30	1E-10	1E10	1E-30	1E-10	1E10	1E-30	1E-10	1E10	1E-30	1E-10	1E10	1E-30	1E-10	1E10	1E-30	1E-10	1E10	1E-30	1E-10	1E10	1E-30	1E-10	1E10	1E-30	1E-10	1	-0.05	0.05
966	7.3E-12	1E10	1E10	1E-30	1.21980052557218E-10	1E10	1E-30	1E10	0.2	1E-30	1.15758242038365E-11	0.22537971346746	1.72690771668439E-11	3.27905779299226E-11	10.554177574091	2.13248577356006E-11	1.6028054306825E-11	3.08261761442592	1.82447958856209E-12	1.19905697318562E-10	1E5	1E10	1E-30	1E-10	1E10	1E-30	1E-10	1E10	1E-30	1E-10	1E10	1E-30	1E-10	1E10	1E-30	1E-10	1E10	1E-30	1E-10	1E10	1E-30	1E-10	1E10	1E-30	1E-10	1E10	1E-30	1E-10	1E10	1E-30	1E-10	1E10	1E-30	1E-10	1	-0.1	0.1
967	7.3E-12	1E10	1E10	1E-30	1.21980052557218E-10	1E10	1E-30	1E10	0.2	1E-30	1.15758242038365E-11	0.22537971346746	1.72690771668439E-11	3.27905779299226E-11	10.554177574091	2.13248577356006E-11	1.6028054306825E-11	3.08261761442592	1.82447958856209E-12	1.19905697318562E-10	1E5	1E10	1E-30	1E-10	1E10	1E-30	1E-10	1E10	1E-30	1E-10	1E10	1E-30	1E-10	1E10	1E-30	1E-10	1E10	1E-30	1E-10	1E10	1E-30	1E-10	1E10	1E-30	1E-10	1E10	1E-30	1E-10	1E10	1E-30	1E-10	1E10	1E-30	1E-10	1	-0.25	0.25
968	7.3E-12	1E10	1E10	1E-30	1.21980052557218E-10	1E10	1E-30	1E10	0.2	1E-30	1.15758242038365E-11	0.22537971346746	1.72690771668439E-11	3.27905779299226E-11	10.554177574091	2.13248577356006E-11	1.6028054306825E-11	3.08261761442592	1.82447958856209E-12	1.19905697318562E-10	1E5	1E10	1E-30	1E-10	1E10	1E-30	1E-10	1E10	1E-30	1E-10	1E10	1E-30	1E-10	1E10	1E-30	1E-10	1E10	1E-30	1E-10	1E10	1E-30	1E-10	1E10	1E-30	1E-10	1E10	1E-30	1E-10	1E10	1E-30	1E-10	1E10	1E-30	1E-10	1	-0.5	0.5
969	7.4E-12	1E10	1E10	1E-30	2.25429080069247E-10	1E10	1E-30	1E10	0.198	1E-30	8.754217863962E-12	0.163057170545665	1.48221847935097E-11	3.81580267407723E-11	10.1845904959548	8.76553617681597E-12	3.8195371769973E-11	13.5629801552175	1E10	1E-30	1E-10	1E10	1E-30	1E-10	1E10	1E-30	1E-10	1E10	1E-30	1E-10	1E10	1E-30	1E-10	1E10	1E-30	1E-10	1E10	1E-30	1E-10	1E10	1E-30	1E-10	1E10	1E-30	1E-10	1E10	1E-30	1E-10	1E10	1E-30	1E-10	1E10	1E-30	1E-10	1	-0.05	0.05
970	7.4E-12	1E10	1E10	1E-30	2.25429080069247E-10	1E10	1E-30	1E10	0.198	1E-30	8.754217863962E-12	0.163057170545665	1.48221847935097E-11	3.81580267407723E-11	10.1845904959548	8.76553617681597E-12	3.8195371769973E-11	13.5629801552175	1E10	1E-30	1E-10	1E10	1E-30	1E-10	1E10	1E-30	1E-10	1E10	1E-30	1E-10	1E10	1E-30	1E-10	1E10	1E-30	1E-10	1E10	1E-30	1E-10	1E10	1E-30	1E-10	1E10	1E-30	1E-10	1E10	1E-30	1E-10	1E10	1E-30	1E-10	1E10	1E-30	1E-10	1	-0.1	0.1
971	7.4E-12	1E10	1E10	1E-30	2.25429080069247E-10	1E10	1E-30	1E10	0.198	1E-30	8.754217863962E-12	0.163057170545665	1.48221847935097E-11	3.81580267407723E-11	10.1845904959548	8.76553617681597E-12	3.8195371769973E-11	13.5629801552175	1E10	1E-30	1E-10	1E10	1E-30	1E-10	1E10	1E-30	1E-10	1E10	1E-30	1E-10	1E10	1E-30	1E-10	1E10	1E-30	1E-10	1E10	1E-30	1E-10	1E10	1E-30	1E-10	1E10	1E-30	1E-10	1E10	1E-30	1E-10	1E10	1E-30	1E-10	1E10	1E-30	1E-10	1	-0.25	0.25
972	7.4E-12	1E10	1E10	1E-30	2.25429080069247E-10	1E10	1E-30	1E10	0.198	1E-30	8.754217863962E-12	0.163057170545665	1.48221847935097E-11	3.81580267407723E-11	10.1845904959548	8.76553617681597E-12	3.8195371769973E-11	13.5629801552175	1E10	1E-30	1E-10	1E10	1E-30	1E-10	1E10	1E-30	1E-10	1E10	1E-30	1E-10	1E10	1E-30	1E-10	1E10	1E-30	1E-10	1E10	1E-30	1E-10	1E10	1E-30	1E-10	1E10	1E-30	1E-10	1E10	1E-30	1E-10	1E10	1E-30	1E-10	1E10	1E-30	1E-10	1	-0.5	0.5
973	7.4E-12	1E10	1E10	1E-30	2.25429080069247E-10	1E10	1E-30	1E10	0.198	1E-30	8.754217863962E-12	0.163057170545665	1.48221847935097E-11	3.81580267407723E-11	10.1845904959548	8.76553617681597E-12	3.8195371769973E-11	13.5629801552175	1E10	1E-30	1E-10	1E10	1E-30	1E-10	1E10	1E-30	1E-10	1E10	1E-30	1E-10	1E10	1E-30	1E-10	1E10	1E-30	1E-10	1E10	1E-30	1E-10	1E10	1E-30	1E-10	1E10	1E-30	1E-10	1E10	1E-30	1E-10	1E10	1E-30	1E-10	1E10	1E-30	1E-10	1	-0.05	0.05
974	7.4E-12	1E10	1E10	1E-30	2.25429080069247E-10	1E10	1E-30	1E10	0.198	1E-30	8.754217863962E-12	0.163057170545665	1.48221847935097E-11	3.81580267407723E-11	10.1845904959548	8.76553617681597E-12	3.8195371769973E-11	13.5629801552175	1E10	1E-30	1E-10	1E10	1E-30	1E-10	1E10	1E-30	1E-10	1E10	1E-30	1E-10	1E10	1E-30	1E-10	1E10	1E-30	1E-10	1E10	1E-30	1E-10	1E10	1E-30	1E-10	1E10	1E-30	1E-10	1E10	1E-30	1E-10	1E10	1E-30	1E-10	1E10	1E-30	1E-10	1	-0.1	0.1
975	7.4E-12	1E10	1E10	1E-30	2.25429080069247E-10	1E10	1E-30	1E10	0.198	1E-30	8.754217863962E-12	0.163057170545665	1.48221847935097E-11	3.81580267407723E-11	10.1845904959548	8.76553617681597E-12	3.8195371769973E-11	13.5629801552175	1E10	1E-30	1E-10	1E10	1E-30	1E-10	1E10	1E-30	1E-10	1E10	1E-30	1E-10	1E10	1E-30	1E-10	1E10	1E-30	1E-10	1E10	1E-30	1E-10	1E10	1E-30	1E-10	1E10	1E-30	1E-10	1E10	1E-30	1E-10	1E10	1E-30	1E-10	1E10	1E-30	1E-10	1	-0.25	0.25
976	7.4E-12	1E10	1E10	1E-30	2.25429080069247E-10	1E10	1E-30	1E10	0.198	1E-30	8.754217863962E-12	0.163057170545665	1.48221847935097E-11	3.81580267407723E-11	10.1845904959548	8.76553617681597E-12	3.8195371769973E-11	13.5629801552175	1E10	1E-30	1E-10	1E10	1E-30	1E-10	1E10	1E-30	1E-10	1E10	1E-30	1E-10	1E10	1E-30	1E-10	1E10	1E-30	1E-10	1E10	1E-30	1E-10	1E10	1E-30	1E-10	1E10	1E-30	1E-10	1E10	1E-30	1E-10	1E10	1E-30	1E-10	1E10	1E-30	1E-10	1	-0.5	0.5
977	7.4E-12	1E10	1E10	1E-30	2.25429080069247E-10	1E10	1E-30	1E10	0.198	1E-30	8.754217863962E-12	0.163057170545665	1.48221847935097E-11	3.81580267407723E-11	10.1845904959548	8.76553617681597E-12	3.8195371769973E-11	13.5629801552175	1E10	1E-30	1E-10	1E10	1E-30	1E-10	1E10	1E-30	1E-10	1E10	1E-30	1E-10	1E10	1E-30	1E-10	1E10	1E-30	1E-10	1E10	1E-30	1E-10	1E10	1E-30	1E-10	1E10	1E-30	1E-10	1E10	1E-30	1E-10	1E10	1E-30	1E-10	1E10	1E-30	1E-10	1	-0.05	0.05
978	7.4E-12	1E10	1E10	1E-30	2.25429080069247E-10	1E10	1E-30	1E10	0.198	1E-30	8.754217863962E-12	0.163057170545665	1.48221847935097E-11	3.81580267407723E-11	10.1845904959548	8.76553617681597E-12	3.8195371769973E-11	13.5629801552175	1E10	1E-30	1E-10	1E10	1E-30	1E-10	1E10	1E-30	1E-10	1E10	1E-30	1E-10	1E10	1E-30	1E-10	1E10	1E-30	1E-10	1E10	1E-30	1E-10	1E10	1E-30	1E-10	1E10	1E-30	1E-10	1E10	1E-30	1E-10	1E10	1E-30	1E-10	1E10	1E-30	1E-10	1	-0.1	0.1
979	7.4E-12	1E10	1E10	1E-30	2.25429080069247E-10	1E10	1E-30	1E10	0.198	1E-30	8.754217863962E-12	0.163057170545665	1.48221847935097E-11	3.81580267407723E-11	10.1845904959548	8.76553617681597E-12	3.8195371769973E-11	13.5629801552175	1E10	1E-30	1E-10	1E10	1E-30	1E-10	1E10	1E-30	1E-10	1E10	1E-30	1E-10	1E10	1E-30	1E-10	1E10	1E-30	1E-10	1E10	1E-30	1E-10	1E10	1E-30	1E-10	1E10	1E-30	1E-10	1E10	1E-30	1E-10	1E10	1E-30	1E-10	1E10	1E-30	1E-10	1	-0.25	0.25
980	7.4E-12	1E10	1E10	1E-30	2.25429080069247E-10	1E10	1E-30	1E10	0.198	1E-30	8.754217863962E-12	0.163057170545665	1.48221847935097E-11	3.81580267407723E-11	10.1845904959548	8.76553617681597E-12	3.8195371769973E-11	13.5629801552175	1E10	1E-30	1E-10	1E10	1E-30	1E-10	1E10	1E-30	1E-10	1E10	1E-30	1E-10	1E10	1E-30	1E-10	1E10	1E-30	1E-10	1E10	1E-30	1E-10	1E10	1E-30	1E-10	1E10	1E-30	1E-10	1E10	1E-30	1E-10	1E10	1E-30	1E-10	1E10	1E-30	1E-10	1	-0.5	0.5
981	7.4E-12	1E10	1E10	1E-30	2.25429080069247E-10	1E10	1E-30	1E10	0.198	1E-30	8.754217863962E-12	0.163057170545665	1.48221847935097E-11	3.81580267407723E-11	10.1845904959548	8.76553617681597E-12	3.8195371769973E-11	13.5629801552175	1E10	1E-30	1E-10	1E10	1E-30	1E-10	1E10	1E-30	1E-10	1E10	1E-30	1E-10	1E10	1E-30	1E-10	1E10	1E-30	1E-10	1E10	1E-30	1E-10	1E10	1E-30	1E-10	1E10	1E-30	1E-10	1E10	1E-30	1E-10	1E10	1E-30	1E-10	1E10	1E-30	1E-10	1	-0.05	0.05
982	7.4E-12	1E10	1E10	1E-30	2.25429080069247E-10	1E10	1E-30	1E10	0.198	1E-30	8.754217863962E-12	0.163057170545665	1.48221847935097E-11	3.81580267407723E-11	10.1845904959548	8.76553617681597E-12	3.8195371769973E-11	13.5629801552175	1E10	1E-30	1E-10	1E10	1E-30	1E-10	1E10	1E-30	1E-10	1E10	1E-30	1E-10	1E10	1E-30	1E-10	1E10	1E-30	1E-10	1E10	1E-30	1E-10	1E10	1E-30	1E-10	1E10	1E-30	1E-10	1E10	1E-30	1E-10	1E10	1E-30	1E-10	1E10	1E-30	1E-10	1	-0.1	0.1
983	7.4E-12	1E10	1E10	1E-30	2.25429080069247E-10	1E10	1E-30	1E10	0.198	1E-30	8.754217863962E-12	0.163057170545665	1.48221847935097E-11	3.81580267407723E-11	10.1845904959548	8.76553617681597E-12	3.8195371769973E-11	13.5629801552175	1E10	1E-30	1E-10	1E10	1E-30	1E-10	1E10	1E-30	1E-10	1E10	1E-30	1E-10	1E10	1E-30	1E-10	1E10	1E-30	1E-10	1E10	1E-30	1E-10	1E10	1E-30	1E-10	1E10	1E-30	1E-10	1E10	1E-30	1E-10	1E10	1E-30	1E-10	1E10	1E-30	1E-10	1	-0.25	0.25
984	7.4E-12	1E10	1E10	1E-30	2.25429080069247E-10	1E10	1E-30	1E10	0.198	1E-30	8.754217863962E-12	0.163057170545665	1.48221847935097E-11	3.81580267407723E-11	10.1845904959548	8.76553617681597E-12	3.8195371769973E-11	13.5629801552175	1E10	1E-30	1E-10	1E10	1E-30	1E-10	1E10	1E-30	1E-10	1E10	1E-30	1E-10	1E10	1E-30	1E-10	1E10	1E-30	1E-10	1E10	1E-30	1E-10	1E10	1E-30	1E-10	1E10	1E-30	1E-10	1E10	1E-30	1E-10	1E10	1E-30	1E-10	1E10	1E-30	1E-10	1	-0.5	0.5
985	7.5E-12	1E10	1E10	1E-30	2.25429080069247E-10	1E10	1E-30	1E10	0.198	1E-30	8.754217863962E-12	0.163057170545665	1.48221847935097E-11	3.81580267407723E-11	10.1845904959548	8.76553617681597E-12	3.8195371769973E-11	13.5629801552175	1E10	1E-30	1E-10	1E10	1E-30	1E-10	1E10	1E-30	1E-10	1E10	1E-30	1E-10	1E10	1E-30	1E-10	1E10	1E-30	1E-10	1E10	1E-30	1E-10	1E10	1E-30	1E-10	1E10	1E-30	1E-10	1E10	1E-30	1E-10	1E10	1E-30	1E-10	1E10	1E-30	1E-10	1	-0.5	0.5
986	7.5E-12	1E10	1E10	1E-30	2.25429080069247E-10	1E10	1E-30	1E10	0.198	1E-30	8.754217863962E-12	0.163057170545665	1.48221847935097E-11	3.81580267407723E-11	10.1845904959548	8.76553617681597E-12	3.8195371769973E-11	13.5629801552175	1E10	1E-30	1E-10	1E10	1E-30	1E-10	1E10	1E-30	1E-10	1E10	1E-30	1E-10	1E10	1E-30	1E-10	1E10	1E-30	1E-10	1E10	1E-30	1E-10	1E10	1E-30	1E-10	1E10	1E-30	1E-10	1E10	1E-30	1E-10	1E10	1E-30	1E-10	1E10	1E-30	1E-10	1	-0.05	0.05
987	7.5E-12	1E10	1E10	1E-30	2.25429080069247E-10	1E10	1E-30	1E10	0.198	1E-30	8.754217863962E-12	0.163057170545665	1.48221847935097E-11	3.81580267407723E-11	10.1845904959548	8.76553617681597E-12	3.8195371769973E-11	13.5629801552175	1E10	1E-30	1E-10	1E10	1E-30	1E-10	1E10	1E-30	1E-10	1E10	1E-30	1E-10	1E10	1E-30	1E-10	1E10	1E-30	1E-10	1E10	1E-30	1E-10	1E10	1E-30	1E-10	1E10	1E-30	1E-10	1E10	1E-30	1E-10	1E10	1E-30	1E-10	1E10	1E-30	1E-10	1	-0.1	0.1
988	7.5E-12	1E10	1E10	1E-30	2.25429080069247E-10	1E10	1E-30	1E10	0.198	1E-30	8.754217863962E-12	0.163057170545665	1.48221847935097E-11	3.81580267407723E-11	10.1845904959548	8.76553617681597E-12	3.8195371769973E-11	13.5629801552175	1E10	1E-30	1E-10	1E10	1E-30	1E-10	1E10	1E-30	1E-10	1E10	1E-30	1E-10	1E10	1E-30	1E-10	1E10	1E-30	1E-10	1E10	1E-30	1E-10	1E10	1E-30	1E-10	1E10	1E-30	1E-10	1E10	1E-30	1E-10	1E10	1E-30	1E-10	1E10	1E-30	1E-10	1	-0.25	0.25
989	7.5E-12	1E10	1E10	1E-30	2.25429080069247E-10	1E10	1E-30	1E10	0.198	1E-30	8.754217863962E-12	0.163057170545665	1.48221847935097E-11	3.81580267407723E-11	10.1845904959548	8.76553617681597E-12	3.8195371769973E-11	13.5629801552175	1E10	1E-30	1E-10	1E10	1E-30	1E-10	1E10	1E-30	1E-10	1E10	1E-30	1E-10	1E10	1E-30	1E-10	1E10	1E-30	1E-10	1E10	1E-30	1E-10	1E10	1E-30	1E-10	1E10	1E-30	1E-10	1E10	1E-30	1E-10	1E10	1E-30	1E-10	1E10	1E-30	1E-10	1	-0.5	0.5
990	7.5E-12	1E10	1E10	1E-30	2.25429080069247E-10	1E10	1E-30	1E10	0.198	1E-30	8.754217863962E-12	0.163057170545665	1.48221847935097E-11	3.81580267407723E-11	10.1845904959548	8.76553617681597E-12	3.8195371769973E-11	13.5629801552175	1E10	1E-30	1E-10	1E10	1E-30	1E-10	1E10	1E-30	1E-10	1E10	1E-30	1E-10	1E10	1E-30	1E-10	1E10	1E-30	1E-10	1E10	1E-30	1E-10	1E10	1E-30	1E-10	1E10	1E-30	1E-10	1E10	1E-30	1E-10	1E10	1E-30	1E-10	1E10	1E-30	1E-10	1	-0.05	0.05
991	7.5E-12	1E10	1E10	1E-30	2.25429080069247E-10	1E10	1E-30	1E10	0.198	1E-30	8.754217863962E-12	0.163057170545665	1.48221847935097E-11	3.81580267407723E-11	10.1845904959548	8.76553617681597E-12	3.8195371769973E-11	13.5629801552175	1E10	1E-30	1E-10	1E10	1E-30	1E-10	1E10	1E-30	1E-10	1E10	1E-30	1E-10	1E10	1E-30	1E-10	1E10	1E-30	1E-10	1E10	1E-30	1E-10	1E10	1E-30	1E-10	1E10	1E-30	1E-10	1E10	1E-30	1E-10	1E10	1E-30	1E-10	1E10	1E-30	1E-10	1	-0.1	0.1
992	7.5E-12	1E10	1E10	1E-30	2.25429080069247E-10	1E10	1E-30	1E10	0.198	1E-30	8.754217863962E-12	0.163057170545665	1.48221847935097E-11	3.81580267407723E-11	10.1845904959548	8.76553617681597E-12	3.8195371769973E-11	13.5629801552175	1E10	1E-30	1E-10	1E10	1E-30	1E-10	1E10	1E-30	1E-10	1E10	1E-30	1E-10	1E10	1E-30	1E-10	1E10	1E-30	1E-10	1E10	1E-30	1E-10	1E10	1E-30	1E-10	1E10	1E-30	1E-10	1E10	1E-30	1E-10	1E10	1E-30	1E-10	1E10	1E-30	1E-10	1	-0.25	0.25
993	7.5E-12	1E10	1E10	1E-30	2.25429080069247E-10	1E10	1E-30	1E10	0.198	1E-30	8.754217863962E-12	0.163057170545665	1.48221847935097E-11	3.81580267407723E-11	10.1845904959548	8.76553617681597E-12	3.8195371769973E-11	13.5629801552175	1E10	1E-30	1E-10	1E10	1E-30	1E-10	1E10	1E-30	1E-10	1E10	1E-30	1E-10	1E10	1E-30	1E-10	1E10	1E-30	1E-10	1E10	1E-30	1E-10	1E10	1E-30	1E-10	1E10	1E-30	1E-10	1E10	1E-30	1E-10	1E10	1E-30	1E-10	1E10	1E-30	1E-10	1	-0.5	0.5
994	7.5E-12	1E10	1E10	1E-30	2.25429080069247E-10	1E10	1E-30	1E10	0.198	1E-30	8.754217863962E-12	0.163057170545665	1.48221847935097E-11	3.81580267407723E-11	10.1845904959548	8.76553617681597E-12	3.8195371769973E-11	13.5629801552175	1E10	1E-30	1E-10	1E10	1E-30	1E-10	1E10	1E-30	1E-10	1E10	1E-30	1E-10	1E10	1E-30	1E-10	1E10	1E-30	1E-10	1E10	1E-30	1E-10	1E10	1E-30	1E-10	1E10	1E-30	1E-10	1E10	1E-30	1E-10	1E10	1E-30	1E-10	1E10	1E-30	1E-10	1	-0.5	0.5
995	7.5E-12	1E10	1E10	1E-30	2.25429080069247E-10	1E10	1E-30	1E10	0.198	1E-30	8.754217863962E-12	0.163057170545665	1.48221847935097E-11	3.81580267407723E-11	10.1845904959548	8.76553617681597E-12	3.8195371769973E-11	13.5629801552175	1E10	1E-30	1E-10	1E10	1E-30	1E-10	1E10	1E-30	1E-10	1E10	1E-30	1E-10	1E10	1E-30	1E-10	1E10	1E-30	1E-10	1E10	1E-30	1E-10	1E10	1E-30	1E-10	1E10	1E-30	1E-10	1E10	1E-30	1E-10	1E10	1E-30	1E-10	1E10	1E-30	1E-10	1	-0.05	0.05
996	7.5E-12	1E10	1E10	1E-30	2.25429080069247E-10	1E10	1E-30	1E10	0.198	1E-30	8.754217863962E-12	0.163057170545665	1.48221847935097E-11	3.81580267407723E-11	10.1845904959548	8.76553617681597E-12	3.8195371769973E-11	13.5629801552175	1E10	1E-30	1E-10	1E10	1E-30	1E-10	1E10	1E-30	1E-10	1E10	1E-30	1E-10	1E10	1E-30	1E-10	1E10	1E-30	1E-10	1E10	1E-30	1E-10	1E10	1E-30	1E-10	1E10	1E-30	1E-10	1E10	1E-30	1E-10	1E10	1E-30	1E-10	1E10	1E-30	1E-10	1	-0.1	0.1
997	7.5E-12	1E10	1E10	1E-30	2.25429080069247E-10	1E10	1E-30	1E10	0.198	1E-30	8.754217863962E-12	0.163057170545665	1.48221847935097E-11	3.81580267407723E-11	10.1845904959548	8.76553617681597E-12	3.8195371769973E-11	13.5629801552175	1E10	1E-30	1E-10	1E10	1E-30	1E-10	1E10	1E-30	1E-10	1E10	1E-30	1E-10	1E10	1E-30	1E-10	1E10	1E-30	1E-10	1E10	1E-30	1E-10	1E10	1E-30	1E-10	1E10	1E-30	1E-10	1E10	1E-30	1E-10	1E10	1E-30	1E-10	1E10	1E-30	1E-10	1	-0.25	0.25
998	7.5E-12	1E10	1E10	1E-30	2.25429080069247E-10	1E10	1E-30	1E10	0.198	1E-30	8.754217863962E-12	0.163057170545665	1.48221847935097E-11	3.81580267407723E-11	10.1845904959548	8.76553617681597E-12	3.8195371769973E-11	13.5629801552175	1E10	1E-30	1E-10	1E10	1E-30	1E-10	1E10	1E-30	1E-10	1E10	1E-30	1E-10	1E10	1E-30	1E-10	1E10	1E-30	1E-10	1E10	1E-30	1E-10	1E10	1E-30	1E-10	1E10	1E-30	1E-10	1E10	1E-30	1E-10	1E10	1E-30	1E-10	1E10	1E-30	1E-10	1	-0.5	0.5
999	7.5E-12	1E10	1E10	1E-30	2.25429080069247E-10	1E10	1E-30	1E10	0.198	1E-30	8.754217863962E-12	0.163057170545665	1.48221847935097E-11	3.81580267407723E-11	10.1845904959548	8.76553617681597E-12	3.8195371769973E-11	13.5629801552175	1E10	1E-30	1E-10	1E10	1E-30	1E-10	1E10	1E-30	1E-10	1E10	1E-30	1E-10	1E10	1E-30	1E-10	1E10	1E-30	1E-10	1E10	1E-30	1E-10	1E10	1E-30	1E-10	1E10	1E-30	1E-10	1E10	1E-30	1E-10	1E10	1E-30	1E-10	1E10	1E-30	1E-10	1	-0.05	0.05
1000	7.5E-12	1E10	1E10	1E-30	2.25429080069247E-10	1E10	1E-30	1E10	0.198	1E-30	8.754217863962E-12	0.163057170545665	1.48221847935097E-11	3.81580267407723E-11	10.1845904959548	8.76553617681597E-12	3.8195371769973E-11	13.5629801552175	1E10	1E-30	1E-10	1E10	1E-30	1E-10	1E10	1E-30	1E-10	1E10	1E-30	1E-10	1E10	1E-30	1E-10	1E10	1E-30	1E-10	1E10	1E-30	1E-10	1E10	1E-30	1E-10	1E10	1E-30	1E-10	1E10	1E-30	1E-10	1E10	1E-30	1E-10	1E10	1E-30	1E-10	1	-0.1	0.1
1001	7.5E-12	1E10	1E10	1E-30	2.25429080069247E-10	1E10	1E-30	1E10	0.198	1E-30	8.754217863962E-12	0.163057170545665	1.48221847935097E-11	3.81580267407723E-11	10.1845904959548	8.76553617681597E-12	3.8195371769973E-11	13.5629801552175	1E10	1E-30	1E-10	1E10	1E-30	1E-10	1E10	1E-30	1E-10	1E10	1E-30	1E-10	1E10	1E-30	1E-10	1E10	1E-30	1E-10	1E10	1E-30	1E-10	1E10	1E-30	1E-10	1E10	1E-30	1E-10	1E10	1E-30	1E-10	1E10	1E-30	1E-10	1E10	1E-30	1E-10	1	-0.25	0.25
1002	7.5E-12	1E10	1E10	1E-30	2.25429080069247E-10	1E10	1E-30	1E10	0.198	1E-30	8.754217863962E-12	0.163057170545665	1.48221847935097E-11	3.81580267407723E-11	10.1845904959548	8.76553617681597E-12	3.8195371769973E-11	13.5629801552175	1E10	1E-30	1E-10	1E10	1E-30	1E-10	1E10	1E-30	1E-10	1E10	1E-30	1E-10	1E10	1E-30	1E-10	1E10	1E-30	1E-10	1E10	1E-30	1E-10	1E10	1E-30	1E-10	1E10	1E-30	1E-10	1E10	1E-30	1E-10	1E10	1E-30	1E-10	1E10	1E-30	1E-10	1	-0.5	0.5
1003	7.6E-12	1E10	1E10	1E-30	2.25429080069247E-10	1E10	1E-30	1E10	0.198	1E-30	8.754217863962E-12	0.163057170545665	1.48221847935097E-11	3.81580267407723E-11	10.1845904959548	8.76553617681597E-12	3.8195371769973E-11	13.5629801552175	1E10	1E-30	1E-10	1E10	1E-30	1E-10	1E10	1E-30	1E-10	1E10	1E-30	1E-10	1E10	1E-30	1E-10	1E10	1E-30	1E-10	1E10	1E-30	1E-10	1E10	1E-30	1E-10	1E10	1E-30	1E-10	1E10	1E-30	1E-10	1E10	1E-30	1E-10	1E10	1E-30	1E-10	1	-0.05	0.05
1004	7.6E-12	1E10	1E10	1E-30	2.25429080069247E-10	1E10	1E-30	1E10	0.198	1E-30	8.754217863962E-12	0.163057170545665	1.48221847935097E-11	3.81580267407723E-11	10.1845904959548	8.76553617681597E-12	3.8195371769973E-11	13.5629801552175	1E10	1E-30	1E-10	1E10	1E-30	1E-10	1E10	1E-30	1E-10	1E10	1E-30	1E-10	1E10	1E-30	1E-10	1E10	1E-30	1E-10	1E10	1E-30	1E-10	1E10	1E-30	1E-10	1E10	1E-30	1E-10	1E10	1E-30	1E-10	1E10	1E-30	1E-10	1E10	1E-30	1E-10	1	-0.1	0.1
1005	7.6E-12	1E10	1E10	1E-30	2.25429080069247E-10	1E10	1E-30	1E10	0.198	1E-30	8.754217863962E-12	0.163057170545665	1.48221847935097E-11	3.81580267407723E-11	10.1845904959548	8.76553617681597E-12	3.8195371769973E-11	13.5629801552175	1E10	1E-30	1E-10	1E10	1E-30	1E-10	1E10	1E-30	1E-10	1E10	1E-30	1E-10	1E10	1E-30	1E-10	1E10	1E-30	1E-10	1E10	1E-30	1E-10	1E10	1E-30	1E-10	1E10	1E-30	1E-10	1E10	1E-30	1E-10	1E10	1E-30	1E-10	1E10	1E-30	1E-10	1	-0.25	0.25
1006	7.6E-12	1E10	1E10	1E-30	2.25429080069247E-10	1E10	1E-30	1E10	0.198	1E-30	8.754217863962E-12	0.163057170545665	1.48221847935097E-11	3.81580267407723E-11	10.1845904959548	8.76553617681597E-12	3.8195371769973E-11	13.5629801552175	1E10	1E-30	1E-10	1E10	1E-30	1E-10	1E10	1E-30	1E-10	1E10	1E-30	1E-10	1E10	1E-30	1E-10	1E10	1E-30	1E-10	1E10	1E-30	1E-10	1E10	1E-30	1E-10	1E10	1E-30	1E-10	1E10	1E-30	1E-10	1E10	1E-30	1E-10	1E10	1E-30	1E-10	1	-0.5	0.5
1007	7.6E-12	1E10	1E10	1E-30	2.25429080069247E-10	1E10	1E-30	1E10	0.198	1E-30	8.754217863962E-12	0.163057170545665	1.48221847935097E-11	3.81580267407723E-11	10.1845904959548	8.76553617681597E-12	3.8195371769973E-11	13.5629801552175	1E10	1E-30	1E-10	1E10	1E-30	1E-10	1E10	1E-30	1E-10	1E10	1E-30	1E-10	1E10	1E-30	1E-10	1E10	1E-30	1E-10	1E10	1E-30	1E-10	1E10	1E-30	1E-10	1E10	1E-30	1E-10	1E10	1E-30	1E-10	1E10	1E-30	1E-10	1E10	1E-30	1E-10	1	-0.05	0.05
1008	7.6E-12	1E10	1E10	1E-30	2.25429080069247E-10	1E10	1E-30	1E10	0.198	1E-30	8.754217863962E-12	0.163057170545665	1.48221847935097E-11	3.81580267407723E-11	10.1845904959548	8.76553617681597E-12	3.8195371769973E-11	13.5629801552175	1E10	1E-30	1E-10	1E10	1E-30	1E-10	1E10	1E-30	1E-10	1E10	1E-30	1E-10	1E10	1E-30	1E-10	1E10	1E-30	1E-10	1E10	1E-30	1E-10	1E10	1E-30	1E-10	1E10	1E-30	1E-10	1E10	1E-30	1E-10	1E10	1E-30	1E-10	1E10	1E-30	1E-10	1	-0.1	0.1
1009	7.6E-12	1E10	1E10	1E-30	2.25429080069247E-10	1E10	1E-30	1E10	0.198	1E-30	8.754217863962E-12	0.163057170545665	1.48221847935097E-11	3.81580267407723E-11	10.1845904959548	8.76553617681597E-12	3.8195371769973E-11	13.5629801552175	1E10	1E-30	1E-10	1E10	1E-30	1E-10	1E10	1E-30	1E-10	1E10	1E-30	1E-10	1E10	1E-30	1E-10	1E10	1E-30	1E-10	1E10	1E-30	1E-10	1E10	1E-30	1E-10	1E10	1E-30	1E-10	1E10	1E-30	1E-10	1E10	1E-30	1E-10	1E10	1E-30	1E-10	1	-0.25	0.25
1010	7.6E-12	1E10	1E10	1E-30	2.25429080069247E-10	1E10	1E-30	1E10	0.198	1E-30	8.754217863962E-12	0.163057170545665	1.48221847935097E-11	3.81580267407723E-11	10.1845904959548	8.76553617681597E-12	3.8195371769973E-11	13.5629801552175	1E10	1E-30	1E-10	1E10	1E-30	1E-10	1E10	1E-30	1E-10	1E10	1E-30	1E-10	1E10	1E-30	1E-10	1E10	1E-30	1E-10	1E10	1E-30	1E-10	1E10	1E-30	1E-10	1E10	1E-30	1E-10	1E10	1E-30	1E-10	1E10	1E-30	1E-10	1E10	1E-30	1E-10	1	-0.5	0.5
1011	7.6E-12	1E10	1E10	1E-30	2.25429080069247E-10	1E10	1E-30	1E10	0.198	1E-30	8.754217863962E-12	0.163057170545665	1.48221847935097E-11	3.81580267407723E-11	10.1845904959548	8.76553617681597E-12	3.8195371769973E-11	13.5629801552175	1E10	1E-30	1E-10	1E10	1E-30	1E-10	1E10	1E-30	1E-10	1E10	1E-30	1E-10	1E10	1E-30	1E-10	1E10	1E-30	1E-10	1E10	1E-30	1E-10	1E10	1E-30	1E-10	1E10	1E-30	1E-10	1E10	1E-30	1E-10	1E10	1E-30	1E-10	1E10	1E-30	1E-10	1	-0.05	0.05
1012	7.6E-12	1E10	1E10	1E-30	2.25429080069247E-10	1E10	1E-30	1E10	0.198	1E-30	8.754217863962E-12	0.163057170545665	1.48221847935097E-11	3.81580267407723E-11	10.1845904959548	8.76553617681597E-12	3.8195371769973E-11	13.5629801552175	1E10	1E-30	1E-10	1E10	1E-30	1E-10	1E10	1E-30	1E-10	1E10	1E-30	1E-10	1E10	1E-30	1E-10	1E10	1E-30	1E-10	1E10	1E-30	1E-10	1E10	1E-30	1E-10	1E10	1E-30	1E-10	1E10	1E-30	1E-10	1E10	1E-30	1E-10	1E10	1E-30	1E-10	1	-0.1	0.1
1013	7.6E-12	1E10	1E10	1E-30	2.25429080069247E-10	1E10	1E-30	1E10	0.198	1E-30	8.754217863962E-12	0.163057170545665	1.48221847935097E-11	3.81580267407723E-11	10.1845904959548	8.76553617681597E-12	3.8195371769973E-11	13.5629801552175	1E10	1E-30	1E-10	1E10	1E-30	1E-10	1E10	1E-30	1E-10	1E10	1E-30	1E-10	1E10	1E-30	1E-10	1E10	1E-30	1E-10	1E10	1E-30	1E-10	1E10	1E-30	1E-10	1E10	1E-30	1E-10	1E10	1E-30	1E-10	1E10	1E-30	1E-10	1E10	1E-30	1E-10	1	-0.25	0.25
1014	7.6E-12	1E10	1E10	1E-30	2.25429080069247E-10	1E10	1E-30	1E10	0.198	1E-30	8.754217863962E-12	0.163057170545665	1.48221847935097E-11	3.81580267407723E-11	10.1845904959548	8.76553617681597E-12	3.8195371769973E-11	13.5629801552175	1E10	1E-30	1E-10	1E10	1E-30	1E-10	1E10	1E-30	1E-10	1E10	1E-30	1E-10	1E10	1E-30	1E-10	1E10	1E-30	1E-10	1E10	1E-30	1E-10	1E10	1E-30	1E-10	1E10	1E-30	1E-10	1E10	1E-30	1E-10	1E10	1E-30	1E-10	1E10	1E-30	1E-10	1	-0.5	0.5
1015	7.6E-12	1E10	1E10	1E-30	2.25429080069247E-10	1E10	1E-30	1E10	0.198	1E-30	8.754217863962E-12	0.163057170545665	1.48221847935097E-11	3.81580267407723E-11	10.1845904959548	8.76553617681597E-12	3.8195371769973E-11	13.5629801552175	1E10	1E-30	1E-10	1E10	1E-30	1E-10	1E10	1E-30	1E-10	1E10	1E-30	1E-10	1E10	1E-30	1E-10	1E10	1E-30	1E-10	1E10	1E-30	1E-10	1E10	1E-30	1E-10	1E10	1E-30	1E-10	1E10	1E-30	1E-10	1E10	1E-30	1E-10	1E10	1E-30	1E-10	1	-0.05	0.05
1016	7.6E-12	1E10	1E10	1E-30	2.25429080069247E-10	1E10	1E-30	1E10	0.198	1E-30	8.754217863962E-12	0.163057170545665	1.48221847935097E-11	3.81580267407723E-11	10.1845904959548	8.76553617681597E-12	3.8195371769973E-11	13.5629801552175	1E10	1E-30	1E-10	1E10	1E-30	1E-10	1E10	1E-30	1E-10	1E10	1E-30	1E-10	1E10	1E-30	1E-10	1E10	1E-30	1E-10	1E10	1E-30	1E-10	1E10	1E-30	1E-10	1E10	1E-30	1E-10	1E10	1E-30	1E-10	1E10	1E-30	1E-10	1E10	1E-30	1E-10	1	-0.1	0.1
1017	7.6E-12	1E10	1E10	1E-30	2.25429080069247E-10	1E10	1E-30	1E10	0.198	1E-30	8.754217863962E-12	0.163057170545665	1.48221847935097E-11	3.81580267407723E-11	10.1845904959548	8.76553617681597E-12	3.8195371769973E-11	13.5629801552175	1E10	1E-30	1E-10	1E10	1E-30	1E-10	1E10	1E-30	1E-10	1E10	1E-30	1E-10	1E10	1E-30	1E-10	1E10	1E-30	1E-10	1E10	1E-30	1E-10	1E10	1E-30	1E-10	1E10	1E-30	1E-10	1E10	1E-30	1E-10	1E10	1E-30	1E-10	1E10	1E-30	1E-10	1	-0.25	0.25
1018	7.6E-12	1E10	1E10	1E-30	2.25429080069247E-10	1E10	1E-30	1E10	0.198	1E-30	8.754217863962E-12	0.163057170545665	1.48221847935097E-11	3.81580267407723E-11	10.1845904959548	8.76553617681597E-12	3.8195371769973E-11	13.5629801552175	1E10	1E-30	1E-10	1E10	1E-30	1E-10	1E10	1E-30	1E-10	1E10	1E-30	1E-10	1E10	1E-30	1E-10	1E10	1E-30	1E-10	1E10	1E-30	1E-10	1E10	1E-30	1E-10	1E10	1E-30	1E-10	1E10	1E-30	1E-10	1E10	1E-30	1E-10	1E10	1E-30	1E-10	1	-0.5	0.5
1019	7.7E-12	1E10	1E10	1E-30	2.47681961025198E-10	1E10	1E-30	1E10	0.196	1E-30	2.29501832479143E-11	0.428325248239049	1.81018663513451E-10	3.53409760266089E-12	0.864065912471485	8.27919342575112E-11	4.59036535241714E-12	1.20571630420959	5.11076201728992E-12	5.02913356218E-11	1E5	1E10	1E-30	1E-10	1E10	1E-30	1E-10	1E10	1E-30	1E-10	1E10	1E-30	1E-10	1E10	1E-30	1E-10	1E10	1E-30	1E-10	1E10	1E-30	1E-10	1E10	1E-30	1E-10	1E10	1E-30	1E-10	1E10	1E-30	1E-10	1E10	1E-30	1E-10	1	-0.05	0.05
1020	7.7E-12	1E10	1E10	1E-30	2.47681961025198E-10	1E10	1E-30	1E10	0.196	1E-30	2.29501832479143E-11	0.428325248239049	1.81018663513451E-10	3.53409760266089E-12	0.864065912471485	8.27919342575112E-11	4.59036535241714E-12	1.20571630420959	5.11076201728992E-12	5.02913356218E-11	1E5	1E10	1E-30	1E-10	1E10	1E-30	1E-10	1E10	1E-30	1E-10	1E10	1E-30	1E-10	1E10	1E-30	1E-10	1E10	1E-30	1E-10	1E10	1E-30	1E-10	1E10	1E-30	1E-10	1E10	1E-30	1E-10	1E10	1E-30	1E-10	1E10	1E-30	1E-10	1	-0.1	0.1
1021	7.7E-12	1E10	1E10	1E-30	2.47681961025198E-10	1E10	1E-30	1E10	0.196	1E-30	2.29501832479143E-11	0.428325248239049	1.81018663513451E-10	3.53409760266089E-12	0.864065912471485	8.27919342575112E-11	4.59036535241714E-12	1.20571630420959	5.11076201728992E-12	5.02913356218E-11	1E5	1E10	1E-30	1E-10	1E10	1E-30	1E-10	1E10	1E-30	1E-10	1E10	1E-30	1E-10	1E10	1E-30	1E-10	1E10	1E-30	1E-10	1E10	1E-30	1E-10	1E10	1E-30	1E-10	1E10	1E-30	1E-10	1E10	1E-30	1E-10	1E10	1E-30	1E-10	1	-0.25	0.25
1022	7.7E-12	1E10	1E10	1E-30	2.47681961025198E-10	1E10	1E-30	1E10	0.196	1E-30	2.29501832479143E-11	0.428325248239049	1.81018663513451E-10	3.53409760266089E-12	0.864065912471485	8.27919342575112E-11	4.59036535241714E-12	1.20571630420959	5.11076201728992E-12	5.02913356218E-11	1E5	1E10	1E-30	1E-10	1E10	1E-30	1E-10	1E10	1E-30	1E-10	1E10	1E-30	1E-10	1E10	1E-30	1E-10	1E10	1E-30	1E-10	1E10	1E-30	1E-10	1E10	1E-30	1E-10	1E10	1E-30	1E-10	1E10	1E-30	1E-10	1E10	1E-30	1E-10	1	-0.5	0.5
1023	7.7E-12	1E10	1E10	1E-30	2.47681961025198E-10	1E10	1E-30	1E10	0.196	1E-30	2.29501832479143E-11	0.428325248239049	1.81018663513451E-10	3.53409760266089E-12	0.864065912471485	8.27919342575112E-11	4.59036535241714E-12	1.20571630420959	5.11076201728992E-12	5.02913356218E-11	1E5	1E10	1E-30	1E-10	1E10	1E-30	1E-10	1E10	1E-30	1E-10	1E10	1E-30	1E-10	1E10	1E-30	1E-10	1E10	1E-30	1E-10	1E10	1E-30	1E-10	1E10	1E-30	1E-10	1E10	1E-30	1E-10	1E10	1E-30	1E-10	1E10	1E-30	1E-10	1	-0.05	0.05
1024	7.7E-12	1E10	1E10	1E-30	2.47681961025198E-10	1E10	1E-30	1E10	0.196	1E-30	2.29501832479143E-11	0.428325248239049	1.81018663513451E-10	3.53409760266089E-12	0.864065912471485	8.27919342575112E-11	4.59036535241714E-12	1.20571630420959	5.11076201728992E-12	5.02913356218E-11	1E5	1E10	1E-30	1E-10	1E10	1E-30	1E-10	1E10	1E-30	1E-10	1E10	1E-30	1E-10	1E10	1E-30	1E-10	1E10	1E-30	1E-10	1E10	1E-30	1E-10	1E10	1E-30	1E-10	1E10	1E-30	1E-10	1E10	1E-30	1E-10	1E10	1E-30	1E-10	1	-0.1	0.1
1025	7.7E-12	1E10	1E10	1E-30	2.47681961025198E-10	1E10	1E-30	1E10	0.196	1E-30	2.29501832479143E-11	0.428325248239049	1.81018663513451E-10	3.53409760266089E-12	0.864065912471485	8.27919342575112E-11	4.59036535241714E-12	1.20571630420959	5.11076201728992E-12	5.02913356218E-11	1E5	1E10	1E-30	1E-10	1E10	1E-30	1E-10	1E10	1E-30	1E-10	1E10	1E-30	1E-10	1E10	1E-30	1E-10	1E10	1E-30	1E-10	1E10	1E-30	1E-10	1E10	1E-30	1E-10	1E10	1E-30	1E-10	1E10	1E-30	1E-10	1E10	1E-30	1E-10	1	-0.25	0.25
1026	7.7E-12	1E10	1E10	1E-30	2.47681961025198E-10	1E10	1E-30	1E10	0.196	1E-30	2.29501832479143E-11	0.428325248239049	1.81018663513451E-10	3.53409760266089E-12	0.864065912471485	8.27919342575112E-11	4.59036535241714E-12	1.20571630420959	5.11076201728992E-12	5.02913356218E-11	1E5	1E10	1E-30	1E-10	1E10	1E-30	1E-10	1E10	1E-30	1E-10	1E10	1E-30	1E-10	1E10	1E-30	1E-10	1E10	1E-30	1E-10	1E10	1E-30	1E-10	1E10	1E-30	1E-10	1E10	1E-30	1E-10	1E10	1E-30	1E-10	1E10	1E-30	1E-10	1	-0.5	0.5
1027	7.7E-12	1E10	1E10	1E-30	2.47681961025198E-10	1E10	1E-30	1E10	0.196	1E-30	2.29501832479143E-11	0.428325248239049	1.81018663513451E-10	3.53409760266089E-12	0.864065912471485	8.27919342575112E-11	4.59036535241714E-12	1.20571630420959	5.11076201728992E-12	5.02913356218E-11	1E5	1E10	1E-30	1E-10	1E10	1E-30	1E-10	1E10	1E-30	1E-10	1E10	1E-30	1E-10	1E10	1E-30	1E-10	1E10	1E-30	1E-10	1E10	1E-30	1E-10	1E10	1E-30	1E-10	1E10	1E-30	1E-10	1E10	1E-30	1E-10	1E10	1E-30	1E-10	1	-0.05	0.05
1028	7.7E-12	1E10	1E10	1E-30	2.47681961025198E-10	1E10	1E-30	1E10	0.196	1E-30	2.29501832479143E-11	0.428325248239049	1.81018663513451E-10	3.53409760266089E-12	0.864065912471485	8.27919342575112E-11	4.59036535241714E-12	1.20571630420959	5.11076201728992E-12	5.02913356218E-11	1E5	1E10	1E-30	1E-10	1E10	1E-30	1E-10	1E10	1E-30	1E-10	1E10	1E-30	1E-10	1E10	1E-30	1E-10	1E10	1E-30	1E-10	1E10	1E-30	1E-10	1E10	1E-30	1E-10	1E10	1E-30	1E-10	1E10	1E-30	1E-10	1E10	1E-30	1E-10	1	-0.1	0.1
1029	7.7E-12	1E10	1E10	1E-30	2.47681961025198E-10	1E10	1E-30	1E10	0.196	1E-30	2.29501832479143E-11	0.428325248239049	1.81018663513451E-10	3.53409760266089E-12	0.864065912471485	8.27919342575112E-11	4.59036535241714E-12	1.20571630420959	5.11076201728992E-12	5.02913356218E-11	1E5	1E10	1E-30	1E-10	1E10	1E-30	1E-10	1E10	1E-30	1E-10	1E10	1E-30	1E-10	1E10	1E-30	1E-10	1E10	1E-30	1E-10	1E10	1E-30	1E-10	1E10	1E-30	1E-10	1E10	1E-30	1E-10	1E10	1E-30	1E-10	1E10	1E-30	1E-10	1	-0.25	0.25
1030	7.7E-12	1E10	1E10	1E-30	2.47681961025198E-10	1E10	1E-30	1E10	0.196	1E-30	2.29501832479143E-11	0.428325248239049	1.81018663513451E-10	3.53409760266089E-12	0.864065912471485	8.27919342575112E-11	4.59036535241714E-12	1.20571630420959	5.11076201728992E-12	5.02913356218E-11	1E5	1E10	1E-30	1E-10	1E10	1E-30	1E-10	1E10	1E-30	1E-10	1E10	1E-30	1E-10	1E10	1E-30	1E-10	1E10	1E-30	1E-10	1E10	1E-30	1E-10	1E10	1E-30	1E-10	1E10	1E-30	1E-10	1E10	1E-30	1E-10	1E10	1E-30	1E-10	1	-0.5	0.5
1031	7.7E-12	1E10	1E10	1E-30	2.47681961025198E-10	1E10	1E-30	1E10	0.196	1E-30	2.29501832479143E-11	0.428325248239049	1.81018663513451E-10	3.53409760266089E-12	0.864065912471485	8.27919342575112E-11	4.59036535241714E-12	1.20571630420959	5.11076201728992E-12	5.02913356218E-11	1E5	1E10	1E-30	1E-10	1E10	1E-30	1E-10	1E10	1E-30	1E-10	1E10	1E-30	1E-10	1E10	1E-30	1E-10	1E10	1E-30	1E-10	1E10	1E-30	1E-10	1E10	1E-30	1E-10	1E10	1E-30	1E-10	1E10	1E-30	1E-10	1E10	1E-30	1E-10	1	-0.05	0.05
1032	7.7E-12	1E10	1E10	1E-30	2.47681961025198E-10	1E10	1E-30	1E10	0.196	1E-30	2.29501832479143E-11	0.428325248239049	1.81018663513451E-10	3.53409760266089E-12	0.864065912471485	8.27919342575112E-11	4.59036535241714E-12	1.20571630420959	5.11076201728992E-12	5.02913356218E-11	1E5	1E10	1E-30	1E-10	1E10	1E-30	1E-10	1E10	1E-30	1E-10	1E10	1E-30	1E-10	1E10	1E-30	1E-10	1E10	1E-30	1E-10	1E10	1E-30	1E-10	1E10	1E-30	1E-10	1E10	1E-30	1E-10	1E10	1E-30	1E-10	1E10	1E-30	1E-10	1	-0.1	0.1
1033	7.7E-12	1E10	1E10	1E-30	2.47681961025198E-10	1E10	1E-30	1E10	0.196	1E-30	2.29501832479143E-11	0.428325248239049	1.81018663513451E-10	3.53409760266089E-12	0.864065912471485	8.27919342575112E-11	4.59036535241714E-12	1.20571630420959	5.11076201728992E-12	5.02913356218E-11	1E5	1E10	1E-30	1E-10	1E10	1E-30	1E-10	1E10	1E-30	1E-10	1E10	1E-30	1E-10	1E10	1E-30	1E-10	1E10	1E-30	1E-10	1E10	1E-30	1E-10	1E10	1E-30	1E-10	1E10	1E-30	1E-10	1E10	1E-30	1E-10	1E10	1E-30	1E-10	1	-0.25	0.25
1034	7.7E-12	1E10	1E10	1E-30	2.47681961025198E-10	1E10	1E-30	1E10	0.196	1E-30	2.29501832479143E-11	0.428325248239049	1.81018663513451E-10	3.53409760266089E-12	0.864065912471485	8.27919342575112E-11	4.59036535241714E-12	1.20571630420959	5.11076201728992E-12	5.02913356218E-11	1E5	1E10	1E-30	1E-10	1E10	1E-30	1E-10	1E10	1E-30	1E-10	1E10	1E-30	1E-10	1E10	1E-30	1E-10	1E10	1E-30	1E-10	1E10	1E-30	1E-10	1E10	1E-30	1E-10	1E10	1E-30	1E-10	1E10	1E-30	1E-10	1E10	1E-30	1E-10	1	-0.5	0.5
1035	7.8E-12	1E10	1E10	1E-30	2.47681961025198E-10	1E10	1E-30	1E10	0.196	1E-30	2.29501832479143E-11	0.428325248239049	1.81018663513451E-10	3.53409760266089E-12	0.864065912471485	8.27919342575112E-11	4.59036535241714E-12	1.20571630420959	5.11076201728992E-12	5.02913356218E-11	1E5	1E10	1E-30	1E-10	1E10	1E-30	1E-10	1E10	1E-30	1E-10	1E10	1E-30	1E-10	1E10	1E-30	1E-10	1E10	1E-30	1E-10	1E10	1E-30	1E-10	1E10	1E-30	1E-10	1E10	1E-30	1E-10	1E10	1E-30	1E-10	1E10	1E-30	1E-10	1	-0.05	0.05
1036	7.8E-12	1E10	1E10	1E-30	2.47681961025198E-10	1E10	1E-30	1E10	0.196	1E-30	2.29501832479143E-11	0.428325248239049	1.81018663513451E-10	3.53409760266089E-12	0.864065912471485	8.27919342575112E-11	4.59036535241714E-12	1.20571630420959	5.11076201728992E-12	5.02913356218E-11	1E5	1E10	1E-30	1E-10	1E10	1E-30	1E-10	1E10	1E-30	1E-10	1E10	1E-30	1E-10	1E10	1E-30	1E-10	1E10	1E-30	1E-10	1E10	1E-30	1E-10	1E10	1E-30	1E-10	1E10	1E-30	1E-10	1E10	1E-30	1E-10	1E10	1E-30	1E-10	1	-0.1	0.1
1037	7.8E-12	1E10	1E10	1E-30	2.47681961025198E-10	1E10	1E-30	1E10	0.196	1E-30	2.29501832479143E-11	0.428325248239049	1.81018663513451E-10	3.53409760266089E-12	0.864065912471485	8.27919342575112E-11	4.59036535241714E-12	1.20571630420959	5.11076201728992E-12	5.02913356218E-11	1E5	1E10	1E-30	1E-10	1E10	1E-30	1E-10	1E10	1E-30	1E-10	1E10	1E-30	1E-10	1E10	1E-30	1E-10	1E10	1E-30	1E-10	1E10	1E-30	1E-10	1E10	1E-30	1E-10	1E10	1E-30	1E-10	1E10	1E-30	1E-10	1E10	1E-30	1E-10	1	-0.25	0.25
1038	7.8E-12	1E10	1E10	1E-30	2.47681961025198E-10	1E10	1E-30	1E10	0.196	1E-30	2.29501832479143E-11	0.428325248239049	1.81018663513451E-10	3.53409760266089E-12	0.864065912471485	8.27919342575112E-11	4.59036535241714E-12	1.20571630420959	5.11076201728992E-12	5.02913356218E-11	1E5	1E10	1E-30	1E-10	1E10	1E-30	1E-10	1E10	1E-30	1E-10	1E10	1E-30	1E-10	1E10	1E-30	1E-10	1E10	1E-30	1E-10	1E10	1E-30	1E-10	1E10	1E-30	1E-10	1E10	1E-30	1E-10	1E10	1E-30	1E-10	1E10	1E-30	1E-10	1	-0.5	0.5
1039	7.8E-12	1E10	1E10	1E-30	2.47681961025198E-10	1E10	1E-30	1E10	0.196	1E-30	2.29501832479143E-11	0.428325248239049	1.81018663513451E-10	3.53409760266089E-12	0.864065912471485	8.27919342575112E-11	4.59036535241714E-12	1.20571630420959	5.11076201728992E-12	5.02913356218E-11	1E5	1E10	1E-30	1E-10	1E10	1E-30	1E-10	1E10	1E-30	1E-10	1E10	1E-30	1E-10	1E10	1E-30	1E-10	1E10	1E-30	1E-10	1E10	1E-30	1E-10	1E10	1E-30	1E-10	1E10	1E-30	1E-10	1E10	1E-30	1E-10	1E10	1E-30	1E-10	1	-0.05	0.05
1040	7.8E-12	1E10	1E10	1E-30	2.47681961025198E-10	1E10	1E-30	1E10	0.196	1E-30	2.29501832479143E-11	0.428325248239049	1.81018663513451E-10	3.53409760266089E-12	0.864065912471485	8.27919342575112E-11	4.59036535241714E-12	1.20571630420959	5.11076201728992E-12	5.02913356218E-11	1E5	1E10	1E-30	1E-10	1E10	1E-30	1E-10	1E10	1E-30	1E-10	1E10	1E-30	1E-10	1E10	1E-30	1E-10	1E10	1E-30	1E-10	1E10	1E-30	1E-10	1E10	1E-30	1E-10	1E10	1E-30	1E-10	1E10	1E-30	1E-10	1E10	1E-30	1E-10	1	-0.1	0.1
1041	7.8E-12	1E10	1E10	1E-30	2.47681961025198E-10	1E10	1E-30	1E10	0.196	1E-30	2.29501832479143E-11	0.428325248239049	1.81018663513451E-10	3.53409760266089E-12	0.864065912471485	8.27919342575112E-11	4.59036535241714E-12	1.20571630420959	5.11076201728992E-12	5.02913356218E-11	1E5	1E10	1E-30	1E-10	1E10	1E-30	1E-10	1E10	1E-30	1E-10	1E10	1E-30	1E-10	1E10	1E-30	1E-10	1E10	1E-30	1E-10	1E10	1E-30	1E-10	1E10	1E-30	1E-10	1E10	1E-30	1E-10	1E10	1E-30	1E-10	1E10	1E-30	1E-10	1	-0.25	0.25
1042	7.8E-12	1E10	1E10	1E-30	2.47681961025198E-10	1E10	1E-30	1E10	0.196	1E-30	2.29501832479143E-11	0.428325248239049	1.81018663513451E-10	3.53409760266089E-12	0.864065912471485	8.27919342575112E-11	4.59036535241714E-12	1.20571630420959	5.11076201728992E-12	5.02913356218E-11	1E5	1E10	1E-30	1E-10	1E10	1E-30	1E-10	1E10	1E-30	1E-10	1E10	1E-30	1E-10	1E10	1E-30	1E-10	1E10	1E-30	1E-10	1E10	1E-30	1E-10	1E10	1E-30	1E-10	1E10	1E-30	1E-10	1E10	1E-30	1E-10	1E10	1E-30	1E-10	1	-0.5	0.5
1043	7.8E-12	1E10	1E10	1E-30	2.47681961025198E-10	1E10	1E-30	1E10	0.196	1E-30	2.29501832479143E-11	0.428325248239049	1.81018663513451E-10	3.53409760266089E-12	0.864065912471485	8.27919342575112E-11	4.59036535241714E-12	1.20571630420959	5.11076201728992E-12	5.02913356218E-11	1E5	1E10	1E-30	1E-10	1E10	1E-30	1E-10	1E10	1E-30	1E-10	1E10	1E-30	1E-10	1E10	1E-30	1E-10	1E10	1E-30	1E-10	1E10	1E-30	1E-10	1E10	1E-30	1E-10	1E10	1E-30	1E-10	1E10	1E-30	1E-10	1E10	1E-30	1E-10	1	-0.05	0.05
1044	7.8E-12	1E10	1E10	1E-30	2.47681961025198E-10	1E10	1E-30	1E10	0.196	1E-30	2.29501832479143E-11	0.428325248239049	1.81018663513451E-10	3.53409760266089E-12	0.864065912471485	8.27919342575112E-11	4.59036535241714E-12	1.20571630420959	5.11076201728992E-12	5.02913356218E-11	1E5	1E10	1E-30	1E-10	1E10	1E-30	1E-10	1E10	1E-30	1E-10	1E10	1E-30	1E-10	1E10	1E-30	1E-10	1E10	1E-30	1E-10	1E10	1E-30	1E-10	1E10	1E-30	1E-10	1E10	1E-30	1E-10	1E10	1E-30	1E-10	1E10	1E-30	1E-10	1	-0.1	0.1
1045	7.8E-12	1E10	1E10	1E-30	2.47681961025198E-10	1E10	1E-30	1E10	0.196	1E-30	2.29501832479143E-11	0.428325248239049	1.81018663513451E-10	3.53409760266089E-12	0.864065912471485	8.27919342575112E-11	4.59036535241714E-12	1.20571630420959	5.11076201728992E-12	5.02913356218E-11	1E5	1E10	1E-30	1E-10	1E10	1E-30	1E-10	1E10	1E-30	1E-10	1E10	1E-30	1E-10	1E10	1E-30	1E-10	1E10	1E-30	1E-10	1E10	1E-30	1E-10	1E10	1E-30	1E-10	1E10	1E-30	1E-10	1E10	1E-30	1E-10	1E10	1E-30	1E-10	1	-0.25	0.25
1046	7.8E-12	1E10	1E10	1E-30	2.47681961025198E-10	1E10	1E-30	1E10	0.196	1E-30	2.29501832479143E-11	0.428325248239049	1.81018663513451E-10	3.53409760266089E-12	0.864065912471485	8.27919342575112E-11	4.59036535241714E-12	1.20571630420959	5.11076201728992E-12	5.02913356218E-11	1E5	1E10	1E-30	1E-10	1E10	1E-30	1E-10	1E10	1E-30	1E-10	1E10	1E-30	1E-10	1E10	1E-30	1E-10	1E10	1E-30	1E-10	1E10	1E-30	1E-10	1E10	1E-30	1E-10	1E10	1E-30	1E-10	1E10	1E-30	1E-10	1E10	1E-30	1E-10	1	-0.5	0.5
1047	7.8E-12	1E10	1E10	1E-30	2.47681961025198E-10	1E10	1E-30	1E10	0.196	1E-30	2.29501832479143E-11	0.428325248239049	1.81018663513451E-10	3.53409760266089E-12	0.864065912471485	8.27919342575112E-11	4.59036535241714E-12	1.20571630420959	5.11076201728992E-12	5.02913356218E-11	1E5	1E10	1E-30	1E-10	1E10	1E-30	1E-10	1E10	1E-30	1E-10	1E10	1E-30	1E-10	1E10	1E-30	1E-10	1E10	1E-30	1E-10	1E10	1E-30	1E-10	1E10	1E-30	1E-10	1E10	1E-30	1E-10	1E10	1E-30	1E-10	1E10	1E-30	1E-10	1	-0.05	0.05
1048	7.8E-12	1E10	1E10	1E-30	2.47681961025198E-10	1E10	1E-30	1E10	0.196	1E-30	2.29501832479143E-11	0.428325248239049	1.81018663513451E-10	3.53409760266089E-12	0.864065912471485	8.27919342575112E-11	4.59036535241714E-12	1.20571630420959	5.11076201728992E-12	5.02913356218E-11	1E5	1E10	1E-30	1E-10	1E10	1E-30	1E-10	1E10	1E-30	1E-10	1E10	1E-30	1E-10	1E10	1E-30	1E-10	1E10	1E-30	1E-10	1E10	1E-30	1E-10	1E10	1E-30	1E-10	1E10	1E-30	1E-10	1E10	1E-30	1E-10	1E10	1E-30	1E-10	1	-0.1	0.1
1049	7.8E-12	1E10	1E10	1E-30	2.47681961025198E-10	1E10	1E-30	1E10	0.196	1E-30	2.29501832479143E-11	0.428325248239049	1.81018663513451E-10	3.53409760266089E-12	0.864065912471485	8.27919342575112E-11	4.59036535241714E-12	1.20571630420959	5.11076201728992E-12	5.02913356218E-11	1E5	1E10	1E-30	1E-10	1E10	1E-30	1E-10	1E10	1E-30	1E-10	1E10	1E-30	1E-10	1E10	1E-30	1E-10	1E10	1E-30	1E-10	1E10	1E-30	1E-10	1E10	1E-30	1E-10	1E10	1E-30	1E-10	1E10	1E-30	1E-10	1E10	1E-30	1E-10	1	-0.25	0.25
1050	7.8E-12	1E10	1E10	1E-30	2.47681961025198E-10	1E10	1E-30	1E10	0.196	1E-30	2.29501832479143E-11	0.428325248239049	1.81018663513451E-10	3.53409760266089E-12	0.864065912471485	8.27919342575112E-11	4.59036535241714E-12	1.20571630420959	5.11076201728992E-12	5.02913356218E-11	1E5	1E10	1E-30	1E-10	1E10	1E-30	1E-10	1E10	1E-30	1E-10	1E10	1E-30	1E-10	1E10	1E-30	1E-10	1E10	1E-30	1E-10	1E10	1E-30	1E-10	1E10	1E-30	1E-10	1E10	1E-30	1E-10	1E10	1E-30	1E-10	1E10	1E-30	1E-10	1	-0.5	0.5
1051	7.9E-12	1E10	1E10	1E-30	2.47681961025198E-10	1E10	1E-30	1E10	0.196	1E-30	2.29501832479143E-11	0.428325248239049	1.81018663513451E-10	3.53409760266089E-12	0.864065912471485	8.27919342575112E-11	4.59036535241714E-12	1.20571630420959	5.11076201728992E-12	5.02913356218E-11	1E5	1E10	1E-30	1E-10	1E10	1E-30	1E-10	1E10	1E-30	1E-10	1E10	1E-30	1E-10	1E10	1E-30	1E-10	1E10	1E-30	1E-10	1E10	1E-30	1E-10	1E10	1E-30	1E-10	1E10	1E-30	1E-10	1E10	1E-30	1E-10	1E10	1E-30	1E-10	1	-0.05	0.05
1052	7.9E-12	1E10	1E10	1E-30	2.47681961025198E-10	1E10	1E-30	1E10	0.196	1E-30	2.29501832479143E-11	0.428325248239049	1.81018663513451E-10	3.53409760266089E-12	0.864065912471485	8.27919342575112E-11	4.59036535241714E-12	1.20571630420959	5.11076201728992E-12	5.02913356218E-11	1E5	1E10	1E-30	1E-10	1E10	1E-30	1E-10	1E10	1E-30	1E-10	1E10	1E-30	1E-10	1E10	1E-30	1E-10	1E10	1E-30	1E-10	1E10	1E-30	1E-10	1E10	1E-30	1E-10	1E10	1E-30	1E-10	1E10	1E-30	1E-10	1E10	1E-30	1E-10	1	-0.1	0.1
1053	7.9E-12	1E10	1E10	1E-30	2.47681961025198E-10	1E10	1E-30	1E10	0.196	1E-30	2.29501832479143E-11	0.428325248239049	1.81018663513451E-10	3.53409760266089E-12	0.864065912471485	8.27919342575112E-11	4.59036535241714E-12	1.20571630420959	5.11076201728992E-12	5.02913356218E-11	1E5	1E10	1E-30	1E-10	1E10	1E-30	1E-10	1E10	1E-30	1E-10	1E10	1E-30	1E-10	1E10	1E-30	1E-10	1E10	1E-30	1E-10	1E10	1E-30	1E-10	1E10	1E-30	1E-10	1E10	1E-30	1E-10	1E10	1E-30	1E-10	1E10	1E-30	1E-10	1	-0.25	0.25
1054	7.9E-12	1E10	1E10	1E-30	2.47681961025198E-10	1E10	1E-30	1E10	0.196	1E-30	2.29501832479143E-11	0.428325248239049	1.81018663513451E-10	3.53409760266089E-12	0.864065912471485	8.27919342575112E-11	4.59036535241714E-12	1.20571630420959	5.11076201728992E-12	5.02913356218E-11	1E5	1E10	1E-30	1E-10	1E10	1E-30	1E-10	1E10	1E-30	1E-10	1E10	1E-30	1E-10	1E10	1E-30	1E-10	1E10	1E-30	1E-10	1E10	1E-30	1E-10	1E10	1E-30	1E-10	1E10	1E-30	1E-10	1E10	1E-30	1E-10	1E10	1E-30	1E-10	1	-0.5	0.5
1055	7.9E-12	1E10	1E10	1E-30	2.47681961025198E-10	1E10	1E-30	1E10	0.196	1E-30	2.29501832479143E-11	0.428325248239049	1.81018663513451E-10	3.53409760266089E-12	0.864065912471485	8.27919342575112E-11	4.59036535241714E-12	1.20571630420959	5.11076201728992E-12	5.02913356218E-11	1E5	1E10	1E-30	1E-10	1E10	1E-30	1E-10	1E10	1E-30	1E-10	1E10	1E-30	1E-10	1E10	1E-30	1E-10	1E10	1E-30	1E-10	1E10	1E-30	1E-10	1E10	1E-30	1E-10	1E10	1E-30	1E-10	1E10	1E-30	1E-10	1E10	1E-30	1E-10	1	-0.05	0.05
1056	7.9E-12	1E10	1E10	1E-30	2.47681961025198E-10	1E10	1E-30	1E10	0.196	1E-30	2.29501832479143E-11	0.428325248239049	1.81018663513451E-10	3.53409760266089E-12	0.864065912471485	8.27919342575112E-11	4.59036535241714E-12	1.20571630420959	5.11076201728992E-12	5.02913356218E-11	1E5	1E10	1E-30	1E-10	1E10	1E-30	1E-10	1E10	1E-30	1E-10	1E10	1E-30	1E-10	1E10	1E-30	1E-10	1E10	1E-30	1E-10	1E10	1E-30	1E-10	1E10	1E-30	1E-10	1E10	1E-30	1E-10	1E10	1E-30	1E-10	1E10	1E-30	1E-10	1	-0.1	0.1
1057	7.9E-12	1E10	1E10	1E-30	2.47681961025198E-10	1E10	1E-30	1E10	0.196	1E-30	2.29501832479143E-11	0.428325248239049	1.81018663513451E-10	3.53409760266089E-12	0.864065912471485	8.27919342575112E-11	4.59036535241714E-12	1.20571630420959	5.11076201728992E-12	5.02913356218E-11	1E5	1E10	1E-30	1E-10	1E10	1E-30	1E-10	1E10	1E-30	1E-10	1E10	1E-30	1E-10	1E10	1E-30	1E-10	1E10	1E-30	1E-10	1E10	1E-30	1E-10	1E10	1E-30	1E-10	1E10	1E-30	1E-10	1E10	1E-30	1E-10	1E10	1E-30	1E-10	1	-0.25	0.25
1058	7.9E-12	1E10	1E10	1E-30	2.47681961025198E-10	1E10	1E-30	1E10	0.196	1E-30	2.29501832479143E-11	0.428325248239049	1.81018663513451E-10	3.53409760266089E-12	0.864065912471485	8.27919342575112E-11	4.59036535241714E-12	1.20571630420959	5.11076201728992E-12	5.02913356218E-11	1E5	1E10	1E-30	1E-10	1E10	1E-30	1E-10	1E10	1E-30	1E-10	1E10	1E-30	1E-10	1E10	1E-30	1E-10	1E10	1E-30	1E-10	1E10	1E-30	1E-10	1E10	1E-30	1E-10	1E10	1E-30	1E-10	1E10	1E-30	1E-10	1E10	1E-30	1E-10	1	-0.5	0.5
1059	7.9E-12	1E10	1E10	1E-30	2.47681961025198E-10	1E10	1E-30	1E10	0.196	1E-30	2.29501832479143E-11	0.428325248239049	1.81018663513451E-10	3.53409760266089E-12	0.864065912471485	8.27919342575112E-11	4.59036535241714E-12	1.20571630420959	5.11076201728992E-12	5.02913356218E-11	1E5	1E10	1E-30	1E-10	1E10	1E-30	1E-10	1E10	1E-30	1E-10	1E10	1E-30	1E-10	1E10	1E-30	1E-10	1E10	1E-30	1E-10	1E10	1E-30	1E-10	1E10	1E-30	1E-10	1E10	1E-30	1E-10	1E10	1E-30	1E-10	1E10	1E-30	1E-10	1	-0.05	0.05
1060	7.9E-12	1E10	1E10	1E-30	2.47681961025198E-10	1E10	1E-30	1E10	0.196	1E-30	2.29501832479143E-11	0.428325248239049	1.81018663513451E-10	3.53409760266089E-12	0.864065912471485	8.27919342575112E-11	4.59036535241714E-12	1.20571630420959	5.11076201728992E-12	5.02913356218E-11	1E5	1E10	1E-30	1E-10	1E10	1E-30	1E-10	1E10	1E-30	1E-10	1E10	1E-30	1E-10	1E10	1E-30	1E-10	1E10	1E-30	1E-10	1E10	1E-30	1E-10	1E10	1E-30	1E-10	1E10	1E-30	1E-10	1E10	1E-30	1E-10	1E10	1E-30	1E-10	1	-0.1	0.1
1061	7.9E-12	1E10	1E10	1E-30	2.47681961025198E-10	1E10	1E-30	1E10	0.196	1E-30	2.29501832479143E-11	0.428325248239049	1.81018663513451E-10	3.53409760266089E-12	0.864065912471485	8.27919342575112E-11	4.59036535241714E-12	1.20571630420959	5.11076201728992E-12	5.02913356218E-11	1E5	1E10	1E-30	1E-10	1E10	1E-30	1E-10	1E10	1E-30	1E-10	1E10	1E-30	1E-10	1E10	1E-30	1E-10	1E10	1E-30	1E-10	1E10	1E-30	1E-10	1E10	1E-30	1E-10	1E10	1E-30	1E-10	1E10	1E-30	1E-10	1E10	1E-30	1E-10	1	-0.25	0.25
1062	7.9E-12	1E10	1E10	1E-30	2.47681961025198E-10	1E10	1E-30	1E10	0.196	1E-30	2.29501832479143E-11	0.428325248239049	1.81018663513451E-10	3.53409760266089E-12	0.864065912471485	8.27919342575112E-11	4.59036535241714E-12	1.20571630420959	5.11076201728992E-12	5.02913356218E-11	1E5	1E10	1E-30	1E-10	1E10	1E-30	1E-10	1E10	1E-30	1E-10	1E10	1E-30	1E-10	1E10	1E-30	1E-10	1E10	1E-30	1E-10	1E10	1E-30	1E-10	1E10	1E-30	1E-10	1E10	1E-30	1E-10	1E10	1E-30	1E-10	1E10	1E-30	1E-10	1	-0.5	0.5
1063	7.9E-12	1E10	1E10	1E-30	2.47681961025198E-10	1E10	1E-30	1E10	0.196	1E-30	2.29501832479143E-11	0.428325248239049	1.81018663513451E-10	3.53409760266089E-12	0.864065912471485	8.27919342575112E-11	4.59036535241714E-12	1.20571630420959	5.11076201728992E-12	5.02913356218E-11	1E5	1E10	1E-30	1E-10	1E10	1E-30	1E-10	1E10	1E-30	1E-10	1E10	1E-30	1E-10	1E10	1E-30	1E-10	1E10	1E-30	1E-10	1E10	1E-30	1E-10	1E10	1E-30	1E-10	1E10	1E-30	1E-10	1E10	1E-30	1E-10	1E10	1E-30	1E-10	1	-0.05	0.05
1064	7.9E-12	1E10	1E10	1E-30	2.47681961025198E-10	1E10	1E-30	1E10	0.196	1E-30	2.29501832479143E-11	0.428325248239049	1.81018663513451E-10	3.53409760266089E-12	0.864065912471485	8.27919342575112E-11	4.59036535241714E-12	1.20571630420959	5.11076201728992E-12	5.02913356218E-11	1E5	1E10	1E-30	1E-10	1E10	1E-30	1E-10	1E10	1E-30	1E-10	1E10	1E-30	1E-10	1E10	1E-30	1E-10	1E10	1E-30	1E-10	1E10	1E-30	1E-10	1E10	1E-30	1E-10	1E10	1E-30	1E-10	1E10	1E-30	1E-10	1E10	1E-30	1E-10	1	-0.1	0.1
1065	7.9E-12	1E10	1E10	1E-30	2.47681961025198E-10	1E10	1E-30	1E10	0.196	1E-30	2.29501832479143E-11	0.428325248239049	1.81018663513451E-10	3.53409760266089E-12	0.864065912471485	8.27919342575112E-11	4.59036535241714E-12	1.20571630420959	5.11076201728992E-12	5.02913356218E-11	1E5	1E10	1E-30	1E-10	1E10	1E-30	1E-10	1E10	1E-30	1E-10	1E10	1E-30	1E-10	1E10	1E-30	1E-10	1E10	1E-30	1E-10	1E10	1E-30	1E-10	1E10	1E-30	1E-10	1E10	1E-30	1E-10	1E10	1E-30	1E-10	1E10	1E-30	1E-10	1	-0.25	0.25
1066	7.9E-12	1E10	1E10	1E-30	2.47681961025198E-10	1E10	1E-30	1E10	0.196	1E-30	2.29501832479143E-11	0.428325248239049	1.81018663513451E-10	3.53409760266089E-12	0.864065912471485	8.27919342575112E-11	4.59036535241714E-12	1.20571630420959	5.11076201728992E-12	5.02913356218E-11	1E5	1E10	1E-30	1E-10	1E10	1E-30	1E-10	1E10	1E-30	1E-10	1E10	1E-30	1E-10	1E10	1E-30	1E-10	1E10	1E-30	1E-10	1E10	1E-30	1E-10	1E10	1E-30	1E-10	1E10	1E-30	1E-10	1E10	1E-30	1E-10	1E10	1E-30	1E-10	1	-0.5	0.5
1067	8E-12	1E10	1E10	1E-30	2.60111588954089E-10	1E10	1E-30	1E10	0.196	1E-30	2.21335580345526E-11	0.341526394963604	1.93317320781113E-10	3.33464858609283E-12	0.628057576528195	3.92780617794383E-11	8.73665950776674E-12	1.60631207279404	7.98363604483222E-12	3.44967433686618E-11	1E5	1E10	1E-30	1E-10	1E10	1E-30	1E-10	1E10	1E-30	1E-10	1E10	1E-30	1E-10	1E10	1E-30	1E-10	1E10	1E-30	1E-10	1E10	1E-30	1E-10	1E10	1E-30	1E-10	1E10	1E-30	1E-10	1E10	1E-30	1E-10	1E10	1E-30	1E-10	1	-0.05	0.05
1068	8E-12	1E10	1E10	1E-30	2.60111588954089E-10	1E10	1E-30	1E10	0.196	1E-30	2.21335580345526E-11	0.341526394963604	1.93317320781113E-10	3.33464858609283E-12	0.628057576528195	3.92780617794383E-11	8.73665950776674E-12	1.60631207279404	7.98363604483222E-12	3.44967433686618E-11	1E5	1E10	1E-30	1E-10	1E10	1E-30	1E-10	1E10	1E-30	1E-10	1E10	1E-30	1E-10	1E10	1E-30	1E-10	1E10	1E-30	1E-10	1E10	1E-30	1E-10	1E10	1E-30	1E-10	1E10	1E-30	1E-10	1E10	1E-30	1E-10	1E10	1E-30	1E-10	1	-0.1	0.1
1069	8E-12	1E10	1E10	1E-30	2.60111588954089E-10	1E10	1E-30	1E10	0.196	1E-30	2.21335580345526E-11	0.341526394963604	1.93317320781113E-10	3.33464858609283E-12	0.628057576528195	3.92780617794383E-11	8.73665950776674E-12	1.60631207279404	7.98363604483222E-12	3.44967433686618E-11	1E5	1E10	1E-30	1E-10	1E10	1E-30	1E-10	1E10	1E-30	1E-10	1E10	1E-30	1E-10	1E10	1E-30	1E-10	1E10	1E-30	1E-10	1E10	1E-30	1E-10	1E10	1E-30	1E-10	1E10	1E-30	1E-10	1E10	1E-30	1E-10	1E10	1E-30	1E-10	1	-0.25	0.25
1070	8E-12	1E10	1E10	1E-30	2.60111588954089E-10	1E10	1E-30	1E10	0.196	1E-30	2.21335580345526E-11	0.341526394963604	1.93317320781113E-10	3.33464858609283E-12	0.628057576528195	3.92780617794383E-11	8.73665950776674E-12	1.60631207279404	7.98363604483222E-12	3.44967433686618E-11	1E5	1E10	1E-30	1E-10	1E10	1E-30	1E-10	1E10	1E-30	1E-10	1E10	1E-30	1E-10	1E10	1E-30	1E-10	1E10	1E-30	1E-10	1E10	1E-30	1E-10	1E10	1E-30	1E-10	1E10	1E-30	1E-10	1E10	1E-30	1E-10	1E10	1E-30	1E-10	1	-0.5	0.5
1071	8E-12	1E10	1E10	1E-30	2.60111588954089E-10	1E10	1E-30	1E10	0.196	1E-30	2.21335580345526E-11	0.341526394963604	1.93317320781113E-10	3.33464858609283E-12	0.628057576528195	3.92780617794383E-11	8.73665950776674E-12	1.60631207279404	7.98363604483222E-12	3.44967433686618E-11	1E5	1E10	1E-30	1E-10	1E10	1E-30	1E-10	1E10	1E-30	1E-10	1E10	1E-30	1E-10	1E10	1E-30	1E-10	1E10	1E-30	1E-10	1E10	1E-30	1E-10	1E10	1E-30	1E-10	1E10	1E-30	1E-10	1E10	1E-30	1E-10	1E10	1E-30	1E-10	1	-0.05	0.05
1072	8E-12	1E10	1E10	1E-30	2.60111588954089E-10	1E10	1E-30	1E10	0.196	1E-30	2.21335580345526E-11	0.341526394963604	1.93317320781113E-10	3.33464858609283E-12	0.628057576528195	3.92780617794383E-11	8.73665950776674E-12	1.60631207279404	7.98363604483222E-12	3.44967433686618E-11	1E5	1E10	1E-30	1E-10	1E10	1E-30	1E-10	1E10	1E-30	1E-10	1E10	1E-30	1E-10	1E10	1E-30	1E-10	1E10	1E-30	1E-10	1E10	1E-30	1E-10	1E10	1E-30	1E-10	1E10	1E-30	1E-10	1E10	1E-30	1E-10	1E10	1E-30	1E-10	1	-0.1	0.1
1073	8E-12	1E10	1E10	1E-30	2.60111588954089E-10	1E10	1E-30	1E10	0.196	1E-30	2.21335580345526E-11	0.341526394963604	1.93317320781113E-10	3.33464858609283E-12	0.628057576528195	3.92780617794383E-11	8.73665950776674E-12	1.60631207279404	7.98363604483222E-12	3.44967433686618E-11	1E5	1E10	1E-30	1E-10	1E10	1E-30	1E-10	1E10	1E-30	1E-10	1E10	1E-30	1E-10	1E10	1E-30	1E-10	1E10	1E-30	1E-10	1E10	1E-30	1E-10	1E10	1E-30	1E-10	1E10	1E-30	1E-10	1E10	1E-30	1E-10	1E10	1E-30	1E-10	1	-0.25	0.25
1074	8E-12	1E10	1E10	1E-30	2.60111588954089E-10	1E10	1E-30	1E10	0.196	1E-30	2.21335580345526E-11	0.341526394963604	1.93317320781113E-10	3.33464858609283E-12	0.628057576528195	3.92780617794383E-11	8.73665950776674E-12	1.60631207279404	7.98363604483222E-12	3.44967433686618E-11	1E5	1E10	1E-30	1E-10	1E10	1E-30	1E-10	1E10	1E-30	1E-10	1E10	1E-30	1E-10	1E10	1E-30	1E-10	1E10	1E-30	1E-10	1E10	1E-30	1E-10	1E10	1E-30	1E-10	1E10	1E-30	1E-10	1E10	1E-30	1E-10	1E10	1E-30	1E-10	1	-0.5	0.5
1075	8E-12	1E10	1E10	1E-30	2.60111588954089E-10	1E10	1E-30	1E10	0.196	1E-30	2.21335580345526E-11	0.341526394963604	1.93317320781113E-10	3.33464858609283E-12	0.628057576528195	3.92780617794383E-11	8.73665950776674E-12	1.60631207279404	7.98363604483222E-12	3.44967433686618E-11	1E5	1E10	1E-30	1E-10	1E10	1E-30	1E-10	1E10	1E-30	1E-10	1E10	1E-30	1E-10	1E10	1E-30	1E-10	1E10	1E-30	1E-10	1E10	1E-30	1E-10	1E10	1E-30	1E-10	1E10	1E-30	1E-10	1E10	1E-30	1E-10	1E10	1E-30	1E-10	1	-0.05	0.05
1076	8E-12	1E10	1E10	1E-30	2.60111588954089E-10	1E10	1E-30	1E10	0.196	1E-30	2.21335580345526E-11	0.341526394963604	1.93317320781113E-10	3.33464858609283E-12	0.628057576528195	3.92780617794383E-11	8.73665950776674E-12	1.60631207279404	7.98363604483222E-12	3.44967433686618E-11	1E5	1E10	1E-30	1E-10	1E10	1E-30	1E-10	1E10	1E-30	1E-10	1E10	1E-30	1E-10	1E10	1E-30	1E-10	1E10	1E-30	1E-10	1E10	1E-30	1E-10	1E10	1E-30	1E-10	1E10	1E-30	1E-10	1E10	1E-30	1E-10	1E10	1E-30	1E-10	1	-0.1	0.1
1077	8E-12	1E10	1E10	1E-30	2.60111588954089E-10	1E10	1E-30	1E10	0.196	1E-30	2.21335580345526E-11	0.341526394963604	1.93317320781113E-10	3.33464858609283E-12	0.628057576528195	3.92780617794383E-11	8.73665950776674E-12	1.60631207279404	7.98363604483222E-12	3.44967433686618E-11	1E5	1E10	1E-30	1E-10	1E10	1E-30	1E-10	1E10	1E-30	1E-10	1E10	1E-30	1E-10	1E10	1E-30	1E-10	1E10	1E-30	1E-10	1E10	1E-30	1E-10	1E10	1E-30	1E-10	1E10	1E-30	1E-10	1E10	1E-30	1E-10	1E10	1E-30	1E-10	1	-0.25	0.25
1078	8E-12	1E10	1E10	1E-30	2.60111588954089E-10	1E10	1E-30	1E10	0.196	1E-30	2.21335580345526E-11	0.341526394963604	1.93317320781113E-10	3.33464858609283E-12	0.628057576528195	3.92780617794383E-11	8.73665950776674E-12	1.60631207279404	7.98363604483222E-12	3.44967433686618E-11	1E5	1E10	1E-30	1E-10	1E10	1E-30	1E-10	1E10	1E-30	1E-10	1E10	1E-30	1E-10	1E10	1E-30	1E-10	1E10	1E-30	1E-10	1E10	1E-30	1E-10	1E10	1E-30	1E-10	1E10	1E-30	1E-10	1E10	1E-30	1E-10	1E10	1E-30	1E-10	1	-0.5	0.5
1079	8E-12	1E10	1E10	1E-30	2.60111588954089E-10	1E10	1E-30	1E10	0.196	1E-30	2.21335580345526E-11	0.341526394963604	1.93317320781113E-10	3.33464858609283E-12	0.628057576528195	3.92780617794383E-11	8.73665950776674E-12	1.60631207279404	7.98363604483222E-12	3.44967433686618E-11	1E5	1E10	1E-30	1E-10	1E10	1E-30	1E-10	1E10	1E-30	1E-10	1E10	1E-30	1E-10	1E10	1E-30	1E-10	1E10	1E-30	1E-10	1E10	1E-30	1E-10	1E10	1E-30	1E-10	1E10	1E-30	1E-10	1E10	1E-30	1E-10	1E10	1E-30	1E-10	1	-0.05	0.05
1080	8E-12	1E10	1E10	1E-30	2.60111588954089E-10	1E10	1E-30	1E10	0.196	1E-30	2.21335580345526E-11	0.341526394963604	1.93317320781113E-10	3.33464858609283E-12	0.628057576528195	3.92780617794383E-11	8.73665950776674E-12	1.60631207279404	7.98363604483222E-12	3.44967433686618E-11	1E5	1E10	1E-30	1E-10	1E10	1E-30	1E-10	1E10	1E-30	1E-10	1E10	1E-30	1E-10	1E10	1E-30	1E-10	1E10	1E-30	1E-10	1E10	1E-30	1E-10	1E10	1E-30	1E-10	1E10	1E-30	1E-10	1E10	1E-30	1E-10	1E10	1E-30	1E-10	1	-0.1	0.1
1081	8E-12	1E10	1E10	1E-30	2.60111588954089E-10	1E10	1E-30	1E10	0.196	1E-30	2.21335580345526E-11	0.341526394963604	1.93317320781113E-10	3.33464858609283E-12	0.628057576528195	3.92780617794383E-11	8.73665950776674E-12	1.60631207279404	7.98363604483222E-12	3.44967433686618E-11	1E5	1E10	1E-30	1E-10	1E10	1E-30	1E-10	1E10	1E-30	1E-10	1E10	1E-30	1E-10	1E10	1E-30	1E-10	1E10	1E-30	1E-10	1E10	1E-30	1E-10	1E10	1E-30	1E-10	1E10	1E-30	1E-10	1E10	1E-30	1E-10	1E10	1E-30	1E-10	1	-0.25	0.25
1082	8E-12	1E10	1E10	1E-30	2.60111588954089E-10	1E10	1E-30	1E10	0.196	1E-30	2.21335580345526E-11	0.341526394963604	1.93317320781113E-10	3.33464858609283E-12	0.628057576528195	3.92780617794383E-11	8.73665950776674E-12	1.60631207279404	7.98363604483222E-12	3.44967433686618E-11	1E5	1E10	1E-30	1E-10	1E10	1E-30	1E-10	1E10	1E-30	1E-10	1E10	1E-30	1E-10	1E10	1E-30	1E-10	1E10	1E-30	1E-10	1E10	1E-30	1E-10	1E10	1E-30	1E-10	1E10	1E-30	1E-10	1E10	1E-30	1E-10	1E10	1E-30	1E-10	1	-0.5	0.5
1083	8.1E-12	1E10	1E10	1E-30	2.60111588954089E-10	1E10	1E-30	1E10	0.196	1E-30	2.21335580345526E-11	0.341526394963604	1.93317320781113E-10	3.33464858609283E-12	0.628057576528195	3.92780617794383E-11	8.73665950776674E-12	1.60631207279404	7.98363604483222E-12	3.44967433686618E-11	1E5	1E10	1E-30	1E-10	1E10	1E-30	1E-10	1E10	1E-30	1E-10	1E10	1E-30	1E-10	1E10	1E-30	1E-10	1E10	1E-30	1E-10	1E10	1E-30	1E-10	1E10	1E-30	1E-10	1E10	1E-30	1E-10	1E10	1E-30	1E-10	1E10	1E-30	1E-10	1	-0.05	0.05
1084	8.1E-12	1E10	1E10	1E-30	2.60111588954089E-10	1E10	1E-30	1E10	0.196	1E-30	2.21335580345526E-11	0.341526394963604	1.93317320781113E-10	3.33464858609283E-12	0.628057576528195	3.92780617794383E-11	8.73665950776674E-12	1.60631207279404	7.98363604483222E-12	3.44967433686618E-11	1E5	1E10	1E-30	1E-10	1E10	1E-30	1E-10	1E10	1E-30	1E-10	1E10	1E-30	1E-10	1E10	1E-30	1E-10	1E10	1E-30	1E-10	1E10	1E-30	1E-10	1E10	1E-30	1E-10	1E10	1E-30	1E-10	1E10	1E-30	1E-10	1E10	1E-30	1E-10	1	-0.1	0.1
1085	8.1E-12	1E10	1E10	1E-30	2.60111588954089E-10	1E10	1E-30	1E10	0.196	1E-30	2.21335580345526E-11	0.341526394963604	1.93317320781113E-10	3.33464858609283E-12	0.628057576528195	3.92780617794383E-11	8.73665950776674E-12	1.60631207279404	7.98363604483222E-12	3.44967433686618E-11	1E5	1E10	1E-30	1E-10	1E10	1E-30	1E-10	1E10	1E-30	1E-10	1E10	1E-30	1E-10	1E10	1E-30	1E-10	1E10	1E-30	1E-10	1E10	1E-30	1E-10	1E10	1E-30	1E-10	1E10	1E-30	1E-10	1E10	1E-30	1E-10	1E10	1E-30	1E-10	1	-0.25	0.25
1086	8.1E-12	1E10	1E10	1E-30	2.60111588954089E-10	1E10	1E-30	1E10	0.196	1E-30	2.21335580345526E-11	0.341526394963604	1.93317320781113E-10	3.33464858609283E-12	0.628057576528195	3.92780617794383E-11	8.73665950776674E-12	1.60631207279404	7.98363604483222E-12	3.44967433686618E-11	1E5	1E10	1E-30	1E-10	1E10	1E-30	1E-10	1E10	1E-30	1E-10	1E10	1E-30	1E-10	1E10	1E-30	1E-10	1E10	1E-30	1E-10	1E10	1E-30	1E-10	1E10	1E-30	1E-10	1E10	1E-30	1E-10	1E10	1E-30	1E-10	1E10	1E-30	1E-10	1	-0.5	0.5
1087	8.1E-12	1E10	1E10	1E-30	2.60111588954089E-10	1E10	1E-30	1E10	0.196	1E-30	2.21335580345526E-11	0.341526394963604	1.93317320781113E-10	3.33464858609283E-12	0.628057576528195	3.92780617794383E-11	8.73665950776674E-12	1.60631207279404	7.98363604483222E-12	3.44967433686618E-11	1E5	1E10	1E-30	1E-10	1E10	1E-30	1E-10	1E10	1E-30	1E-10	1E10	1E-30	1E-10	1E10	1E-30	1E-10	1E10	1E-30	1E-10	1E10	1E-30	1E-10	1E10	1E-30	1E-10	1E10	1E-30	1E-10	1E10	1E-30	1E-10	1E10	1E-30	1E-10	1	-0.05	0.05
1088	8.1E-12	1E10	1E10	1E-30	2.60111588954089E-10	1E10	1E-30	1E10	0.196	1E-30	2.21335580345526E-11	0.341526394963604	1.93317320781113E-10	3.33464858609283E-12	0.628057576528195	3.92780617794383E-11	8.73665950776674E-12	1.60631207279404	7.98363604483222E-12	3.44967433686618E-11	1E5	1E10	1E-30	1E-10	1E10	1E-30	1E-10	1E10	1E-30	1E-10	1E10	1E-30	1E-10	1E10	1E-30	1E-10	1E10	1E-30	1E-10	1E10	1E-30	1E-10	1E10	1E-30	1E-10	1E10	1E-30	1E-10	1E10	1E-30	1E-10	1E10	1E-30	1E-10	1	-0.1	0.1
1089	8.1E-12	1E10	1E10	1E-30	2.60111588954089E-10	1E10	1E-30	1E10	0.196	1E-30	2.21335580345526E-11	0.341526394963604	1.93317320781113E-10	3.33464858609283E-12	0.628057576528195	3.92780617794383E-11	8.73665950776674E-12	1.60631207279404	7.98363604483222E-12	3.44967433686618E-11	1E5	1E10	1E-30	1E-10	1E10	1E-30	1E-10	1E10	1E-30	1E-10	1E10	1E-30	1E-10	1E10	1E-30	1E-10	1E10	1E-30	1E-10	1E10	1E-30	1E-10	1E10	1E-30	1E-10	1E10	1E-30	1E-10	1E10	1E-30	1E-10	1E10	1E-30	1E-10	1	-0.25	0.25
1090	8.1E-12	1E10	1E10	1E-30	2.60111588954089E-10	1E10	1E-30	1E10	0.196	1E-30	2.21335580345526E-11	0.341526394963604	1.93317320781113E-10	3.33464858609283E-12	0.628057576528195	3.92780617794383E-11	8.73665950776674E-12	1.60631207279404	7.98363604483222E-12	3.44967433686618E-11	1E5	1E10	1E-30	1E-10	1E10	1E-30	1E-10	1E10	1E-30	1E-10	1E10	1E-30	1E-10	1E10	1E-30	1E-10	1E10	1E-30	1E-10	1E10	1E-30	1E-10	1E10	1E-30	1E-10	1E10	1E-30	1E-10	1E10	1E-30	1E-10	1E10	1E-30	1E-10	1	-0.5	0.5
1091	8.1E-12	1E10	1E10	1E-30	2.60111588954089E-10	1E10	1E-30	1E10	0.196	1E-30	2.21335580345526E-11	0.341526394963604	1.93317320781113E-10	3.33464858609283E-12	0.628057576528195	3.92780617794383E-11	8.73665950776674E-12	1.60631207279404	7.98363604483222E-12	3.44967433686618E-11	1E5	1E10	1E-30	1E-10	1E10	1E-30	1E-10	1E10	1E-30	1E-10	1E10	1E-30	1E-10	1E10	1E-30	1E-10	1E10	1E-30	1E-10	1E10	1E-30	1E-10	1E10	1E-30	1E-10	1E10	1E-30	1E-10	1E10	1E-30	1E-10	1E10	1E-30	1E-10	1	-0.05	0.05
1092	8.1E-12	1E10	1E10	1E-30	2.60111588954089E-10	1E10	1E-30	1E10	0.196	1E-30	2.21335580345526E-11	0.341526394963604	1.93317320781113E-10	3.33464858609283E-12	0.628057576528195	3.92780617794383E-11	8.73665950776674E-12	1.60631207279404	7.98363604483222E-12	3.44967433686618E-11	1E5	1E10	1E-30	1E-10	1E10	1E-30	1E-10	1E10	1E-30	1E-10	1E10	1E-30	1E-10	1E10	1E-30	1E-10	1E10	1E-30	1E-10	1E10	1E-30	1E-10	1E10	1E-30	1E-10	1E10	1E-30	1E-10	1E10	1E-30	1E-10	1E10	1E-30	1E-10	1	-0.1	0.1
1093	8.1E-12	1E10	1E10	1E-30	2.60111588954089E-10	1E10	1E-30	1E10	0.196	1E-30	2.21335580345526E-11	0.341526394963604	1.93317320781113E-10	3.33464858609283E-12	0.628057576528195	3.92780617794383E-11	8.73665950776674E-12	1.60631207279404	7.98363604483222E-12	3.44967433686618E-11	1E5	1E10	1E-30	1E-10	1E10	1E-30	1E-10	1E10	1E-30	1E-10	1E10	1E-30	1E-10	1E10	1E-30	1E-10	1E10	1E-30	1E-10	1E10	1E-30	1E-10	1E10	1E-30	1E-10	1E10	1E-30	1E-10	1E10	1E-30	1E-10	1E10	1E-30	1E-10	1	-0.25	0.25
1094	8.1E-12	1E10	1E10	1E-30	2.60111588954089E-10	1E10	1E-30	1E10	0.196	1E-30	2.21335580345526E-11	0.341526394963604	1.93317320781113E-10	3.33464858609283E-12	0.628057576528195	3.92780617794383E-11	8.73665950776674E-12	1.60631207279404	7.98363604483222E-12	3.44967433686618E-11	1E5	1E10	1E-30	1E-10	1E10	1E-30	1E-10	1E10	1E-30	1E-10	1E10	1E-30	1E-10	1E10	1E-30	1E-10	1E10	1E-30	1E-10	1E10	1E-30	1E-10	1E10	1E-30	1E-10	1E10	1E-30	1E-10	1E10	1E-30	1E-10	1E10	1E-30	1E-10	1	-0.5	0.5
1095	8.1E-12	1E10	1E10	1E-30	2.60111588954089E-10	1E10	1E-30	1E10	0.196	1E-30	2.21335580345526E-11	0.341526394963604	1.93317320781113E-10	3.33464858609283E-12	0.628057576528195	3.92780617794383E-11	8.73665950776674E-12	1.60631207279404	7.98363604483222E-12	3.44967433686618E-11	1E5	1E10	1E-30	1E-10	1E10	1E-30	1E-10	1E10	1E-30	1E-10	1E10	1E-30	1E-10	1E10	1E-30	1E-10	1E10	1E-30	1E-10	1E10	1E-30	1E-10	1E10	1E-30	1E-10	1E10	1E-30	1E-10	1E10	1E-30	1E-10	1E10	1E-30	1E-10	1	-0.05	0.05
1096	8.1E-12	1E10	1E10	1E-30	2.60111588954089E-10	1E10	1E-30	1E10	0.196	1E-30	2.21335580345526E-11	0.341526394963604	1.93317320781113E-10	3.33464858609283E-12	0.628057576528195	3.92780617794383E-11	8.73665950776674E-12	1.60631207279404	7.98363604483222E-12	3.44967433686618E-11	1E5	1E10	1E-30	1E-10	1E10	1E-30	1E-10	1E10	1E-30	1E-10	1E10	1E-30	1E-10	1E10	1E-30	1E-10	1E10	1E-30	1E-10	1E10	1E-30	1E-10	1E10	1E-30	1E-10	1E10	1E-30	1E-10	1E10	1E-30	1E-10	1E10	1E-30	1E-10	1	-0.1	0.1
1097	8.1E-12	1E10	1E10	1E-30	2.60111588954089E-10	1E10	1E-30	1E10	0.196	1E-30	2.21335580345526E-11	0.341526394963604	1.93317320781113E-10	3.33464858609283E-12	0.628057576528195	3.92780617794383E-11	8.73665950776674E-12	1.60631207279404	7.98363604483222E-12	3.44967433686618E-11	1E5	1E10	1E-30	1E-10	1E10	1E-30	1E-10	1E10	1E-30	1E-10	1E10	1E-30	1E-10	1E10	1E-30	1E-10	1E10	1E-30	1E-10	1E10	1E-30	1E-10	1E10	1E-30	1E-10	1E10	1E-30	1E-10	1E10	1E-30	1E-10	1E10	1E-30	1E-10	1	-0.25	0.25
1098	8.1E-12	1E10	1E10	1E-30	2.60111588954089E-10	1E10	1E-30	1E10	0.196	1E-30	2.21335580345526E-11	0.341526394963604	1.93317320781113E-10	3.33464858609283E-12	0.628057576528195	3.92780617794383E-11	8.73665950776674E-12	1.60631207279404	7.98363604483222E-12	3.44967433686618E-11	1E5	1E10	1E-30	1E-10	1E10	1E-30	1E-10	1E10	1E-30	1E-10	1E10	1E-30	1E-10	1E10	1E-30	1E-10	1E10	1E-30	1E-10	1E10	1E-30	1E-10	1E10	1E-30	1E-10	1E10	1E-30	1E-10	1E10	1E-30	1E-10	1E10	1E-30	1E-10	1	-0.5	0.5
1099	8.2E-12	1E10	1E10	1E-30	2.60111588954089E-10	1E10	1E-30	1E10	0.196	1E-30	2.21335580345526E-11	0.341526394963604	1.93317320781113E-10	3.33464858609283E-12	0.628057576528195	3.92780617794383E-11	8.73665950776674E-12	1.60631207279404	7.98363604483222E-12	3.44967433686618E-11	1E5	1E10	1E-30	1E-10	1E10	1E-30	1E-10	1E10	1E-30	1E-10	1E10	1E-30	1E-10	1E10	1E-30	1E-10	1E10	1E-30	1E-10	1E10	1E-30	1E-10	1E10	1E-30	1E-10	1E10	1E-30	1E-10	1E10	1E-30	1E-10	1E10	1E-30	1E-10	1	-0.5	0.5
1100	8.2E-12	1E10	1E10	1E-30	2.60111588954089E-10	1E10	1E-30	1E10	0.196	1E-30	2.21335580345526E-11	0.341526394963604	1.93317320781113E-10	3.33464858609283E-12	0.628057576528195	3.92780617794383E-11	8.73665950776674E-12	1.60631207279404	7.98363604483222E-12	3.44967433686618E-11	1E5	1E10	1E-30	1E-10	1E10	1E-30	1E-10	1E10	1E-30	1E-10	1E10	1E-30	1E-10	1E10	1E-30	1E-10	1E10	1E-30	1E-10	1E10	1E-30	1E-10	1E10	1E-30	1E-10	1E10	1E-30	1E-10	1E10	1E-30	1E-10	1E10	1E-30	1E-10	1	-0.05	0.05
1101	8.2E-12	1E10	1E10	1E-30	2.60111588954089E-10	1E10	1E-30	1E10	0.196	1E-30	2.21335580345526E-11	0.341526394963604	1.93317320781113E-10	3.33464858609283E-12	0.628057576528195	3.92780617794383E-11	8.73665950776674E-12	1.60631207279404	7.98363604483222E-12	3.44967433686618E-11	1E5	1E10	1E-30	1E-10	1E10	1E-30	1E-10	1E10	1E-30	1E-10	1E10	1E-30	1E-10	1E10	1E-30	1E-10	1E10	1E-30	1E-10	1E10	1E-30	1E-10	1E10	1E-30	1E-10	1E10	1E-30	1E-10	1E10	1E-30	1E-10	1E10	1E-30	1E-10	1	-0.1	0.1
1102	8.2E-12	1E10	1E10	1E-30	2.60111588954089E-10	1E10	1E-30	1E10	0.196	1E-30	2.21335580345526E-11	0.341526394963604	1.93317320781113E-10	3.33464858609283E-12	0.628057576528195	3.92780617794383E-11	8.73665950776674E-12	1.60631207279404	7.98363604483222E-12	3.44967433686618E-11	1E5	1E10	1E-30	1E-10	1E10	1E-30	1E-10	1E10	1E-30	1E-10	1E10	1E-30	1E-10	1E10	1E-30	1E-10	1E10	1E-30	1E-10	1E10	1E-30	1E-10	1E10	1E-30	1E-10	1E10	1E-30	1E-10	1E10	1E-30	1E-10	1E10	1E-30	1E-10	1	-0.25	0.25
1103	8.2E-12	1E10	1E10	1E-30	2.60111588954089E-10	1E10	1E-30	1E10	0.196	1E-30	2.21335580345526E-11	0.341526394963604	1.93317320781113E-10	3.33464858609283E-12	0.628057576528195	3.92780617794383E-11	8.73665950776674E-12	1.60631207279404	7.98363604483222E-12	3.44967433686618E-11	1E5	1E10	1E-30	1E-10	1E10	1E-30	1E-10	1E10	1E-30	1E-10	1E10	1E-30	1E-10	1E10	1E-30	1E-10	1E10	1E-30	1E-10	1E10	1E-30	1E-10	1E10	1E-30	1E-10	1E10	1E-30	1E-10	1E10	1E-30	1E-10	1E10	1E-30	1E-10	1	-0.5	0.5
1104	8.2E-12	1E10	1E10	1E-30	2.60111588954089E-10	1E10	1E-30	1E10	0.196	1E-30	2.21335580345526E-11	0.341526394963604	1.93317320781113E-10	3.33464858609283E-12	0.628057576528195	3.92780617794383E-11	8.73665950776674E-12	1.60631207279404	7.98363604483222E-12	3.44967433686618E-11	1E5	1E10	1E-30	1E-10	1E10	1E-30	1E-10	1E10	1E-30	1E-10	1E10	1E-30	1E-10	1E10	1E-30	1E-10	1E10	1E-30	1E-10	1E10	1E-30	1E-10	1E10	1E-30	1E-10	1E10	1E-30	1E-10	1E10	1E-30	1E-10	1E10	1E-30	1E-10	1	-0.05	0.05
1105	8.2E-12	1E10	1E10	1E-30	2.60111588954089E-10	1E10	1E-30	1E10	0.196	1E-30	2.21335580345526E-11	0.341526394963604	1.93317320781113E-10	3.33464858609283E-12	0.628057576528195	3.92780617794383E-11	8.73665950776674E-12	1.60631207279404	7.98363604483222E-12	3.44967433686618E-11	1E5	1E10	1E-30	1E-10	1E10	1E-30	1E-10	1E10	1E-30	1E-10	1E10	1E-30	1E-10	1E10	1E-30	1E-10	1E10	1E-30	1E-10	1E10	1E-30	1E-10	1E10	1E-30	1E-10	1E10	1E-30	1E-10	1E10	1E-30	1E-10	1E10	1E-30	1E-10	1	-0.1	0.1
1106	8.2E-12	1E10	1E10	1E-30	2.60111588954089E-10	1E10	1E-30	1E10	0.196	1E-30	2.21335580345526E-11	0.341526394963604	1.93317320781113E-10	3.33464858609283E-12	0.628057576528195	3.92780617794383E-11	8.73665950776674E-12	1.60631207279404	7.98363604483222E-12	3.44967433686618E-11	1E5	1E10	1E-30	1E-10	1E10	1E-30	1E-10	1E10	1E-30	1E-10	1E10	1E-30	1E-10	1E10	1E-30	1E-10	1E10	1E-30	1E-10	1E10	1E-30	1E-10	1E10	1E-30	1E-10	1E10	1E-30	1E-10	1E10	1E-30	1E-10	1E10	1E-30	1E-10	1	-0.25	0.25
1107	8.2E-12	1E10	1E10	1E-30	2.60111588954089E-10	1E10	1E-30	1E10	0.196	1E-30	2.21335580345526E-11	0.341526394963604	1.93317320781113E-10	3.33464858609283E-12	0.628057576528195	3.92780617794383E-11	8.73665950776674E-12	1.60631207279404	7.98363604483222E-12	3.44967433686618E-11	1E5	1E10	1E-30	1E-10	1E10	1E-30	1E-10	1E10	1E-30	1E-10	1E10	1E-30	1E-10	1E10	1E-30	1E-10	1E10	1E-30	1E-10	1E10	1E-30	1E-10	1E10	1E-30	1E-10	1E10	1E-30	1E-10	1E10	1E-30	1E-10	1E10	1E-30	1E-10	1	-0.5	0.5
1108	8.2E-12	1E10	1E10	1E-30	2.60111588954089E-10	1E10	1E-30	1E10	0.196	1E-30	2.21335580345526E-11	0.341526394963604	1.93317320781113E-10	3.33464858609283E-12	0.628057576528195	3.92780617794383E-11	8.73665950776674E-12	1.60631207279404	7.98363604483222E-12	3.44967433686618E-11	1E5	1E10	1E-30	1E-10	1E10	1E-30	1E-10	1E10	1E-30	1E-10	1E10	1E-30	1E-10	1E10	1E-30	1E-10	1E10	1E-30	1E-10	1E10	1E-30	1E-10	1E10	1E-30	1E-10	1E10	1E-30	1E-10	1E10	1E-30	1E-10	1E10	1E-30	1E-10	1	-0.5	0.5
1109	8.2E-12	1E10	1E10	1E-30	2.60111588954089E-10	1E10	1E-30	1E10	0.196	1E-30	2.21335580345526E-11	0.341526394963604	1.93317320781113E-10	3.33464858609283E-12	0.628057576528195	3.92780617794383E-11	8.73665950776674E-12	1.60631207279404	7.98363604483222E-12	3.44967433686618E-11	1E5	1E10	1E-30	1E-10	1E10	1E-30	1E-10	1E10	1E-30	1E-10	1E10	1E-30	1E-10	1E10	1E-30	1E-10	1E10	1E-30	1E-10	1E10	1E-30	1E-10	1E10	1E-30	1E-10	1E10	1E-30	1E-10	1E10	1E-30	1E-10	1E10	1E-30	1E-10	1	-0.05	0.05
1110	8.2E-12	1E10	1E10	1E-30	2.60111588954089E-10	1E10	1E-30	1E10	0.196	1E-30	2.21335580345526E-11	0.341526394963604	1.93317320781113E-10	3.33464858609283E-12	0.628057576528195	3.92780617794383E-11	8.73665950776674E-12	1.60631207279404	7.98363604483222E-12	3.44967433686618E-11	1E5	1E10	1E-30	1E-10	1E10	1E-30	1E-10	1E10	1E-30	1E-10	1E10	1E-30	1E-10	1E10	1E-30	1E-10	1E10	1E-30	1E-10	1E10	1E-30	1E-10	1E10	1E-30	1E-10	1E10	1E-30	1E-10	1E10	1E-30	1E-10	1E10	1E-30	1E-10	1	-0.1	0.1
1111	8.2E-12	1E10	1E10	1E-30	2.60111588954089E-10	1E10	1E-30	1E10	0.196	1E-30	2.21335580345526E-11	0.341526394963604	1.93317320781113E-10	3.33464858609283E-12	0.628057576528195	3.92780617794383E-11	8.73665950776674E-12	1.60631207279404	7.98363604483222E-12	3.44967433686618E-11	1E5	1E10	1E-30	1E-10	1E10	1E-30	1E-10	1E10	1E-30	1E-10	1E10	1E-30	1E-10	1E10	1E-30	1E-10	1E10	1E-30	1E-10	1E10	1E-30	1E-10	1E10	1E-30	1E-10	1E10	1E-30	1E-10	1E10	1E-30	1E-10	1E10	1E-30	1E-10	1	-0.25	0.25
1112	8.2E-12	1E10	1E10	1E-30	2.60111588954089E-10	1E10	1E-30	1E10	0.196	1E-30	2.21335580345526E-11	0.341526394963604	1.93317320781113E-10	3.33464858609283E-12	0.628057576528195	3.92780617794383E-11	8.73665950776674E-12	1.60631207279404	7.98363604483222E-12	3.44967433686618E-11	1E5	1E10	1E-30	1E-10	1E10	1E-30	1E-10	1E10	1E-30	1E-10	1E10	1E-30	1E-10	1E10	1E-30	1E-10	1E10	1E-30	1E-10	1E10	1E-30	1E-10	1E10	1E-30	1E-10	1E10	1E-30	1E-10	1E10	1E-30	1E-10	1E10	1E-30	1E-10	1	-0.5	0.5
1113	8.2E-12	1E10	1E10	1E-30	2.60111588954089E-10	1E10	1E-30	1E10	0.196	1E-30	2.21335580345526E-11	0.341526394963604	1.93317320781113E-10	3.33464858609283E-12	0.628057576528195	3.92780617794383E-11	8.73665950776674E-12	1.60631207279404	7.98363604483222E-12	3.44967433686618E-11	1E5	1E10	1E-30	1E-10	1E10	1E-30	1E-10	1E10	1E-30	1E-10	1E10	1E-30	1E-10	1E10	1E-30	1E-10	1E10	1E-30	1E-10	1E10	1E-30	1E-10	1E10	1E-30	1E-10	1E10	1E-30	1E-10	1E10	1E-30	1E-10	1E10	1E-30	1E-10	1	-0.05	0.05
1114	8.2E-12	1E10	1E10	1E-30	2.60111588954089E-10	1E10	1E-30	1E10	0.196	1E-30	2.21335580345526E-11	0.341526394963604	1.93317320781113E-10	3.33464858609283E-12	0.628057576528195	3.92780617794383E-11	8.73665950776674E-12	1.60631207279404	7.98363604483222E-12	3.44967433686618E-11	1E5	1E10	1E-30	1E-10	1E10	1E-30	1E-10	1E10	1E-30	1E-10	1E10	1E-30	1E-10	1E10	1E-30	1E-10	1E10	1E-30	1E-10	1E10	1E-30	1E-10	1E10	1E-30	1E-10	1E10	1E-30	1E-10	1E10	1E-30	1E-10	1E10	1E-30	1E-10	1	-0.1	0.1
1115	8.2E-12	1E10	1E10	1E-30	2.60111588954089E-10	1E10	1E-30	1E10	0.196	1E-30	2.21335580345526E-11	0.341526394963604	1.93317320781113E-10	3.33464858609283E-12	0.628057576528195	3.92780617794383E-11	8.73665950776674E-12	1.60631207279404	7.98363604483222E-12	3.44967433686618E-11	1E5	1E10	1E-30	1E-10	1E10	1E-30	1E-10	1E10	1E-30	1E-10	1E10	1E-30	1E-10	1E10	1E-30	1E-10	1E10	1E-30	1E-10	1E10	1E-30	1E-10	1E10	1E-30	1E-10	1E10	1E-30	1E-10	1E10	1E-30	1E-10	1E10	1E-30	1E-10	1	-0.25	0.25
1116	8.2E-12	1E10	1E10	1E-30	2.60111588954089E-10	1E10	1E-30	1E10	0.196	1E-30	2.21335580345526E-11	0.341526394963604	1.93317320781113E-10	3.33464858609283E-12	0.628057576528195	3.92780617794383E-11	8.73665950776674E-12	1.60631207279404	7.98363604483222E-12	3.44967433686618E-11	1E5	1E10	1E-30	1E-10	1E10	1E-30	1E-10	1E10	1E-30	1E-10	1E10	1E-30	1E-10	1E10	1E-30	1E-10	1E10	1E-30	1E-10	1E10	1E-30	1E-10	1E10	1E-30	1E-10	1E10	1E-30	1E-10	1E10	1E-30	1E-10	1E10	1E-30	1E-10	1	-0.5	0.5
1117	8.3E-12	1E10	1E10	1E-30	2.66383884250511E-10	1E10	1E-30	1E10	0.195	1E-30	2.27553065001524E-11	0.43984422837716	2.29403888515451E-10	3.11333813243216E-12	0.775514034902958	7.05083185227847E-11	5.16765525708194E-12	0.704465709811195	4.14975805367271E-12	3.15119265712399E-11	1E5	1E10	1E-30	1E-10	1E10	1E-30	1E-10	1E10	1E-30	1E-10	1E10	1E-30	1E-10	1E10	1E-30	1E-10	1E10	1E-30	1E-10	1E10	1E-30	1E-10	1E10	1E-30	1E-10	1E10	1E-30	1E-10	1E10	1E-30	1E-10	1E10	1E-30	1E-10	1	-0.05	0.05
1118	8.3E-12	1E10	1E10	1E-30	2.66383884250511E-10	1E10	1E-30	1E10	0.195	1E-30	2.27553065001524E-11	0.43984422837716	2.29403888515451E-10	3.11333813243216E-12	0.775514034902958	7.05083185227847E-11	5.16765525708194E-12	0.704465709811195	4.14975805367271E-12	3.15119265712399E-11	1E5	1E10	1E-30	1E-10	1E10	1E-30	1E-10	1E10	1E-30	1E-10	1E10	1E-30	1E-10	1E10	1E-30	1E-10	1E10	1E-30	1E-10	1E10	1E-30	1E-10	1E10	1E-30	1E-10	1E10	1E-30	1E-10	1E10	1E-30	1E-10	1E10	1E-30	1E-10	1	-0.1	0.1
1119	8.3E-12	1E10	1E10	1E-30	2.66383884250511E-10	1E10	1E-30	1E10	0.195	1E-30	2.27553065001524E-11	0.43984422837716	2.29403888515451E-10	3.11333813243216E-12	0.775514034902958	7.05083185227847E-11	5.16765525708194E-12	0.704465709811195	4.14975805367271E-12	3.15119265712399E-11	1E5	1E10	1E-30	1E-10	1E10	1E-30	1E-10	1E10	1E-30	1E-10	1E10	1E-30	1E-10	1E10	1E-30	1E-10	1E10	1E-30	1E-10	1E10	1E-30	1E-10	1E10	1E-30	1E-10	1E10	1E-30	1E-10	1E10	1E-30	1E-10	1E10	1E-30	1E-10	1	-0.25	0.25
1120	8.3E-12	1E10	1E10	1E-30	2.66383884250511E-10	1E10	1E-30	1E10	0.195	1E-30	2.27553065001524E-11	0.43984422837716	2.29403888515451E-10	3.11333813243216E-12	0.775514034902958	7.05083185227847E-11	5.16765525708194E-12	0.704465709811195	4.14975805367271E-12	3.15119265712399E-11	1E5	1E10	1E-30	1E-10	1E10	1E-30	1E-10	1E10	1E-30	1E-10	1E10	1E-30	1E-10	1E10	1E-30	1E-10	1E10	1E-30	1E-10	1E10	1E-30	1E-10	1E10	1E-30	1E-10	1E10	1E-30	1E-10	1E10	1E-30	1E-10	1E10	1E-30	1E-10	1	-0.5	0.5
1121	8.3E-12	1E10	1E10	1E-30	2.66383884250511E-10	1E10	1E-30	1E10	0.195	1E-30	2.27553065001524E-11	0.43984422837716	2.29403888515451E-10	3.11333813243216E-12	0.775514034902958	7.05083185227847E-11	5.16765525708194E-12	0.704465709811195	4.14975805367271E-12	3.15119265712399E-11	1E5	1E10	1E-30	1E-10	1E10	1E-30	1E-10	1E10	1E-30	1E-10	1E10	1E-30	1E-10	1E10	1E-30	1E-10	1E10	1E-30	1E-10	1E10	1E-30	1E-10	1E10	1E-30	1E-10	1E10	1E-30	1E-10	1E10	1E-30	1E-10	1E10	1E-30	1E-10	1	-0.05	0.05
1122	8.3E-12	1E10	1E10	1E-30	2.66383884250511E-10	1E10	1E-30	1E10	0.195	1E-30	2.27553065001524E-11	0.43984422837716	2.29403888515451E-10	3.11333813243216E-12	0.775514034902958	7.05083185227847E-11	5.16765525708194E-12	0.704465709811195	4.14975805367271E-12	3.15119265712399E-11	1E5	1E10	1E-30	1E-10	1E10	1E-30	1E-10	1E10	1E-30	1E-10	1E10	1E-30	1E-10	1E10	1E-30	1E-10	1E10	1E-30	1E-10	1E10	1E-30	1E-10	1E10	1E-30	1E-10	1E10	1E-30	1E-10	1E10	1E-30	1E-10	1E10	1E-30	1E-10	1	-0.1	0.1
1123	8.3E-12	1E10	1E10	1E-30	2.66383884250511E-10	1E10	1E-30	1E10	0.195	1E-30	2.27553065001524E-11	0.43984422837716	2.29403888515451E-10	3.11333813243216E-12	0.775514034902958	7.05083185227847E-11	5.16765525708194E-12	0.704465709811195	4.14975805367271E-12	3.15119265712399E-11	1E5	1E10	1E-30	1E-10	1E10	1E-30	1E-10	1E10	1E-30	1E-10	1E10	1E-30	1E-10	1E10	1E-30	1E-10	1E10	1E-30	1E-10	1E10	1E-30	1E-10	1E10	1E-30	1E-10	1E10	1E-30	1E-10	1E10	1E-30	1E-10	1E10	1E-30	1E-10	1	-0.25	0.25
1124	8.3E-12	1E10	1E10	1E-30	2.66383884250511E-10	1E10	1E-30	1E10	0.195	1E-30	2.27553065001524E-11	0.43984422837716	2.29403888515451E-10	3.11333813243216E-12	0.775514034902958	7.05083185227847E-11	5.16765525708194E-12	0.704465709811195	4.14975805367271E-12	3.15119265712399E-11	1E5	1E10	1E-30	1E-10	1E10	1E-30	1E-10	1E10	1E-30	1E-10	1E10	1E-30	1E-10	1E10	1E-30	1E-10	1E10	1E-30	1E-10	1E10	1E-30	1E-10	1E10	1E-30	1E-10	1E10	1E-30	1E-10	1E10	1E-30	1E-10	1E10	1E-30	1E-10	1	-0.5	0.5
1125	8.3E-12	1E10	1E10	1E-30	2.66383884250511E-10	1E10	1E-30	1E10	0.195	1E-30	2.27553065001524E-11	0.43984422837716	2.29403888515451E-10	3.11333813243216E-12	0.775514034902958	7.05083185227847E-11	5.16765525708194E-12	0.704465709811195	4.14975805367271E-12	3.15119265712399E-11	1E5	1E10	1E-30	1E-10	1E10	1E-30	1E-10	1E10	1E-30	1E-10	1E10	1E-30	1E-10	1E10	1E-30	1E-10	1E10	1E-30	1E-10	1E10	1E-30	1E-10	1E10	1E-30	1E-10	1E10	1E-30	1E-10	1E10	1E-30	1E-10	1E10	1E-30	1E-10	1	-0.05	0.05
1126	8.3E-12	1E10	1E10	1E-30	2.66383884250511E-10	1E10	1E-30	1E10	0.195	1E-30	2.27553065001524E-11	0.43984422837716	2.29403888515451E-10	3.11333813243216E-12	0.775514034902958	7.05083185227847E-11	5.16765525708194E-12	0.704465709811195	4.14975805367271E-12	3.15119265712399E-11	1E5	1E10	1E-30	1E-10	1E10	1E-30	1E-10	1E10	1E-30	1E-10	1E10	1E-30	1E-10	1E10	1E-30	1E-10	1E10	1E-30	1E-10	1E10	1E-30	1E-10	1E10	1E-30	1E-10	1E10	1E-30	1E-10	1E10	1E-30	1E-10	1E10	1E-30	1E-10	1	-0.1	0.1
1127	8.3E-12	1E10	1E10	1E-30	2.66383884250511E-10	1E10	1E-30	1E10	0.195	1E-30	2.27553065001524E-11	0.43984422837716	2.29403888515451E-10	3.11333813243216E-12	0.775514034902958	7.05083185227847E-11	5.16765525708194E-12	0.704465709811195	4.14975805367271E-12	3.15119265712399E-11	1E5	1E10	1E-30	1E-10	1E10	1E-30	1E-10	1E10	1E-30	1E-10	1E10	1E-30	1E-10	1E10	1E-30	1E-10	1E10	1E-30	1E-10	1E10	1E-30	1E-10	1E10	1E-30	1E-10	1E10	1E-30	1E-10	1E10	1E-30	1E-10	1E10	1E-30	1E-10	1	-0.25	0.25
1128	8.3E-12	1E10	1E10	1E-30	2.66383884250511E-10	1E10	1E-30	1E10	0.195	1E-30	2.27553065001524E-11	0.43984422837716	2.29403888515451E-10	3.11333813243216E-12	0.775514034902958	7.05083185227847E-11	5.16765525708194E-12	0.704465709811195	4.14975805367271E-12	3.15119265712399E-11	1E5	1E10	1E-30	1E-10	1E10	1E-30	1E-10	1E10	1E-30	1E-10	1E10	1E-30	1E-10	1E10	1E-30	1E-10	1E10	1E-30	1E-10	1E10	1E-30	1E-10	1E10	1E-30	1E-10	1E10	1E-30	1E-10	1E10	1E-30	1E-10	1E10	1E-30	1E-10	1	-0.5	0.5
1129	8.3E-12	1E10	1E10	1E-30	2.66383884250511E-10	1E10	1E-30	1E10	0.195	1E-30	2.27553065001524E-11	0.43984422837716	2.29403888515451E-10	3.11333813243216E-12	0.775514034902958	7.05083185227847E-11	5.16765525708194E-12	0.704465709811195	4.14975805367271E-12	3.15119265712399E-11	1E5	1E10	1E-30	1E-10	1E10	1E-30	1E-10	1E10	1E-30	1E-10	1E10	1E-30	1E-10	1E10	1E-30	1E-10	1E10	1E-30	1E-10	1E10	1E-30	1E-10	1E10	1E-30	1E-10	1E10	1E-30	1E-10	1E10	1E-30	1E-10	1E10	1E-30	1E-10	1	-0.05	0.05
1130	8.3E-12	1E10	1E10	1E-30	2.66383884250511E-10	1E10	1E-30	1E10	0.195	1E-30	2.27553065001524E-11	0.43984422837716	2.29403888515451E-10	3.11333813243216E-12	0.775514034902958	7.05083185227847E-11	5.16765525708194E-12	0.704465709811195	4.14975805367271E-12	3.15119265712399E-11	1E5	1E10	1E-30	1E-10	1E10	1E-30	1E-10	1E10	1E-30	1E-10	1E10	1E-30	1E-10	1E10	1E-30	1E-10	1E10	1E-30	1E-10	1E10	1E-30	1E-10	1E10	1E-30	1E-10	1E10	1E-30	1E-10	1E10	1E-30	1E-10	1E10	1E-30	1E-10	1	-0.1	0.1
1131	8.3E-12	1E10	1E10	1E-30	2.66383884250511E-10	1E10	1E-30	1E10	0.195	1E-30	2.27553065001524E-11	0.43984422837716	2.29403888515451E-10	3.11333813243216E-12	0.775514034902958	7.05083185227847E-11	5.16765525708194E-12	0.704465709811195	4.14975805367271E-12	3.15119265712399E-11	1E5	1E10	1E-30	1E-10	1E10	1E-30	1E-10	1E10	1E-30	1E-10	1E10	1E-30	1E-10	1E10	1E-30	1E-10	1E10	1E-30	1E-10	1E10	1E-30	1E-10	1E10	1E-30	1E-10	1E10	1E-30	1E-10	1E10	1E-30	1E-10	1E10	1E-30	1E-10	1	-0.25	0.25
1132	8.3E-12	1E10	1E10	1E-30	2.66383884250511E-10	1E10	1E-30	1E10	0.195	1E-30	2.27553065001524E-11	0.43984422837716	2.29403888515451E-10	3.11333813243216E-12	0.775514034902958	7.05083185227847E-11	5.16765525708194E-12	0.704465709811195	4.14975805367271E-12	3.15119265712399E-11	1E5	1E10	1E-30	1E-10	1E10	1E-30	1E-10	1E10	1E-30	1E-10	1E10	1E-30	1E-10	1E10	1E-30	1E-10	1E10	1E-30	1E-10	1E10	1E-30	1E-10	1E10	1E-30	1E-10	1E10	1E-30	1E-10	1E10	1E-30	1E-10	1E10	1E-30	1E-10	1	-0.5	0.5
1133	8.4E-12	1E10	1E10	1E-30	2.66383884250511E-10	1E10	1E-30	1E10	0.195	1E-30	2.27553065001524E-11	0.43984422837716	2.29403888515451E-10	3.11333813243216E-12	0.775514034902958	7.05083185227847E-11	5.16765525708194E-12	0.704465709811195	4.14975805367271E-12	3.15119265712399E-11	1E5	1E10	1E-30	1E-10	1E10	1E-30	1E-10	1E10	1E-30	1E-10	1E10	1E-30	1E-10	1E10	1E-30	1E-10	1E10	1E-30	1E-10	1E10	1E-30	1E-10	1E10	1E-30	1E-10	1E10	1E-30	1E-10	1E10	1E-30	1E-10	1E10	1E-30	1E-10	1	-0.05	0.05
1134	8.4E-12	1E10	1E10	1E-30	2.66383884250511E-10	1E10	1E-30	1E10	0.195	1E-30	2.27553065001524E-11	0.43984422837716	2.29403888515451E-10	3.11333813243216E-12	0.775514034902958	7.05083185227847E-11	5.16765525708194E-12	0.704465709811195	4.14975805367271E-12	3.15119265712399E-11	1E5	1E10	1E-30	1E-10	1E10	1E-30	1E-10	1E10	1E-30	1E-10	1E10	1E-30	1E-10	1E10	1E-30	1E-10	1E10	1E-30	1E-10	1E10	1E-30	1E-10	1E10	1E-30	1E-10	1E10	1E-30	1E-10	1E10	1E-30	1E-10	1E10	1E-30	1E-10	1	-0.1	0.1
1135	8.4E-12	1E10	1E10	1E-30	2.66383884250511E-10	1E10	1E-30	1E10	0.195	1E-30	2.27553065001524E-11	0.43984422837716	2.29403888515451E-10	3.11333813243216E-12	0.775514034902958	7.05083185227847E-11	5.16765525708194E-12	0.704465709811195	4.14975805367271E-12	3.15119265712399E-11	1E5	1E10	1E-30	1E-10	1E10	1E-30	1E-10	1E10	1E-30	1E-10	1E10	1E-30	1E-10	1E10	1E-30	1E-10	1E10	1E-30	1E-10	1E10	1E-30	1E-10	1E10	1E-30	1E-10	1E10	1E-30	1E-10	1E10	1E-30	1E-10	1E10	1E-30	1E-10	1	-0.25	0.25
1136	8.4E-12	1E10	1E10	1E-30	2.66383884250511E-10	1E10	1E-30	1E10	0.195	1E-30	2.27553065001524E-11	0.43984422837716	2.29403888515451E-10	3.11333813243216E-12	0.775514034902958	7.05083185227847E-11	5.16765525708194E-12	0.704465709811195	4.14975805367271E-12	3.15119265712399E-11	1E5	1E10	1E-30	1E-10	1E10	1E-30	1E-10	1E10	1E-30	1E-10	1E10	1E-30	1E-10	1E10	1E-30	1E-10	1E10	1E-30	1E-10	1E10	1E-30	1E-10	1E10	1E-30	1E-10	1E10	1E-30	1E-10	1E10	1E-30	1E-10	1E10	1E-30	1E-10	1	-0.5	0.5
1137	8.4E-12	1E10	1E10	1E-30	2.66383884250511E-10	1E10	1E-30	1E10	0.195	1E-30	2.27553065001524E-11	0.43984422837716	2.29403888515451E-10	3.11333813243216E-12	0.775514034902958	7.05083185227847E-11	5.16765525708194E-12	0.704465709811195	4.14975805367271E-12	3.15119265712399E-11	1E5	1E10	1E-30	1E-10	1E10	1E-30	1E-10	1E10	1E-30	1E-10	1E10	1E-30	1E-10	1E10	1E-30	1E-10	1E10	1E-30	1E-10	1E10	1E-30	1E-10	1E10	1E-30	1E-10	1E10	1E-30	1E-10	1E10	1E-30	1E-10	1E10	1E-30	1E-10	1	-0.05	0.05
1138	8.4E-12	1E10	1E10	1E-30	2.66383884250511E-10	1E10	1E-30	1E10	0.195	1E-30	2.27553065001524E-11	0.43984422837716	2.29403888515451E-10	3.11333813243216E-12	0.775514034902958	7.05083185227847E-11	5.16765525708194E-12	0.704465709811195	4.14975805367271E-12	3.15119265712399E-11	1E5	1E10	1E-30	1E-10	1E10	1E-30	1E-10	1E10	1E-30	1E-10	1E10	1E-30	1E-10	1E10	1E-30	1E-10	1E10	1E-30	1E-10	1E10	1E-30	1E-10	1E10	1E-30	1E-10	1E10	1E-30	1E-10	1E10	1E-30	1E-10	1E10	1E-30	1E-10	1	-0.1	0.1
1139	8.4E-12	1E10	1E10	1E-30	2.66383884250511E-10	1E10	1E-30	1E10	0.195	1E-30	2.27553065001524E-11	0.43984422837716	2.29403888515451E-10	3.11333813243216E-12	0.775514034902958	7.05083185227847E-11	5.16765525708194E-12	0.704465709811195	4.14975805367271E-12	3.15119265712399E-11	1E5	1E10	1E-30	1E-10	1E10	1E-30	1E-10	1E10	1E-30	1E-10	1E10	1E-30	1E-10	1E10	1E-30	1E-10	1E10	1E-30	1E-10	1E10	1E-30	1E-10	1E10	1E-30	1E-10	1E10	1E-30	1E-10	1E10	1E-30	1E-10	1E10	1E-30	1E-10	1	-0.25	0.25
1140	8.4E-12	1E10	1E10	1E-30	2.66383884250511E-10	1E10	1E-30	1E10	0.195	1E-30	2.27553065001524E-11	0.43984422837716	2.29403888515451E-10	3.11333813243216E-12	0.775514034902958	7.05083185227847E-11	5.16765525708194E-12	0.704465709811195	4.14975805367271E-12	3.15119265712399E-11	1E5	1E10	1E-30	1E-10	1E10	1E-30	1E-10	1E10	1E-30	1E-10	1E10	1E-30	1E-10	1E10	1E-30	1E-10	1E10	1E-30	1E-10	1E10	1E-30	1E-10	1E10	1E-30	1E-10	1E10	1E-30	1E-10	1E10	1E-30	1E-10	1E10	1E-30	1E-10	1	-0.5	0.5
1141	8.4E-12	1E10	1E10	1E-30	2.66383884250511E-10	1E10	1E-30	1E10	0.195	1E-30	2.27553065001524E-11	0.43984422837716	2.29403888515451E-10	3.11333813243216E-12	0.775514034902958	7.05083185227847E-11	5.16765525708194E-12	0.704465709811195	4.14975805367271E-12	3.15119265712399E-11	1E5	1E10	1E-30	1E-10	1E10	1E-30	1E-10	1E10	1E-30	1E-10	1E10	1E-30	1E-10	1E10	1E-30	1E-10	1E10	1E-30	1E-10	1E10	1E-30	1E-10	1E10	1E-30	1E-10	1E10	1E-30	1E-10	1E10	1E-30	1E-10	1E10	1E-30	1E-10	1	-0.05	0.05
1142	8.4E-12	1E10	1E10	1E-30	2.66383884250511E-10	1E10	1E-30	1E10	0.195	1E-30	2.27553065001524E-11	0.43984422837716	2.29403888515451E-10	3.11333813243216E-12	0.775514034902958	7.05083185227847E-11	5.16765525708194E-12	0.704465709811195	4.14975805367271E-12	3.15119265712399E-11	1E5	1E10	1E-30	1E-10	1E10	1E-30	1E-10	1E10	1E-30	1E-10	1E10	1E-30	1E-10	1E10	1E-30	1E-10	1E10	1E-30	1E-10	1E10	1E-30	1E-10	1E10	1E-30	1E-10	1E10	1E-30	1E-10	1E10	1E-30	1E-10	1E10	1E-30	1E-10	1	-0.1	0.1
1143	8.4E-12	1E10	1E10	1E-30	2.66383884250511E-10	1E10	1E-30	1E10	0.195	1E-30	2.27553065001524E-11	0.43984422837716	2.29403888515451E-10	3.11333813243216E-12	0.775514034902958	7.05083185227847E-11	5.16765525708194E-12	0.704465709811195	4.14975805367271E-12	3.15119265712399E-11	1E5	1E10	1E-30	1E-10	1E10	1E-30	1E-10	1E10	1E-30	1E-10	1E10	1E-30	1E-10	1E10	1E-30	1E-10	1E10	1E-30	1E-10	1E10	1E-30	1E-10	1E10	1E-30	1E-10	1E10	1E-30	1E-10	1E10	1E-30	1E-10	1E10	1E-30	1E-10	1	-0.25	0.25
1144	8.4E-12	1E10	1E10	1E-30	2.66383884250511E-10	1E10	1E-30	1E10	0.195	1E-30	2.27553065001524E-11	0.43984422837716	2.29403888515451E-10	3.11333813243216E-12	0.775514034902958	7.05083185227847E-11	5.16765525708194E-12	0.704465709811195	4.14975805367271E-12	3.15119265712399E-11	1E5	1E10	1E-30	1E-10	1E10	1E-30	1E-10	1E10	1E-30	1E-10	1E10	1E-30	1E-10	1E10	1E-30	1E-10	1E10	1E-30	1E-10	1E10	1E-30	1E-10	1E10	1E-30	1E-10	1E10	1E-30	1E-10	1E10	1E-30	1E-10	1E10	1E-30	1E-10	1	-0.5	0.5
1145	8.4E-12	1E10	1E10	1E-30	2.66383884250511E-10	1E10	1E-30	1E10	0.195	1E-30	2.27553065001524E-11	0.43984422837716	2.29403888515451E-10	3.11333813243216E-12	0.775514034902958	7.05083185227847E-11	5.16765525708194E-12	0.704465709811195	4.14975805367271E-12	3.15119265712399E-11	1E5	1E10	1E-30	1E-10	1E10	1E-30	1E-10	1E10	1E-30	1E-10	1E10	1E-30	1E-10	1E10	1E-30	1E-10	1E10	1E-30	1E-10	1E10	1E-30	1E-10	1E10	1E-30	1E-10	1E10	1E-30	1E-10	1E10	1E-30	1E-10	1E10	1E-30	1E-10	1	-0.05	0.05
1146	8.4E-12	1E10	1E10	1E-30	2.66383884250511E-10	1E10	1E-30	1E10	0.195	1E-30	2.27553065001524E-11	0.43984422837716	2.29403888515451E-10	3.11333813243216E-12	0.775514034902958	7.05083185227847E-11	5.16765525708194E-12	0.704465709811195	4.14975805367271E-12	3.15119265712399E-11	1E5	1E10	1E-30	1E-10	1E10	1E-30	1E-10	1E10	1E-30	1E-10	1E10	1E-30	1E-10	1E10	1E-30	1E-10	1E10	1E-30	1E-10	1E10	1E-30	1E-10	1E10	1E-30	1E-10	1E10	1E-30	1E-10	1E10	1E-30	1E-10	1E10	1E-30	1E-10	1	-0.1	0.1
1147	8.4E-12	1E10	1E10	1E-30	2.66383884250511E-10	1E10	1E-30	1E10	0.195	1E-30	2.27553065001524E-11	0.43984422837716	2.29403888515451E-10	3.11333813243216E-12	0.775514034902958	7.05083185227847E-11	5.16765525708194E-12	0.704465709811195	4.14975805367271E-12	3.15119265712399E-11	1E5	1E10	1E-30	1E-10	1E10	1E-30	1E-10	1E10	1E-30	1E-10	1E10	1E-30	1E-10	1E10	1E-30	1E-10	1E10	1E-30	1E-10	1E10	1E-30	1E-10	1E10	1E-30	1E-10	1E10	1E-30	1E-10	1E10	1E-30	1E-10	1E10	1E-30	1E-10	1	-0.25	0.25
1148	8.4E-12	1E10	1E10	1E-30	2.66383884250511E-10	1E10	1E-30	1E10	0.195	1E-30	2.27553065001524E-11	0.43984422837716	2.29403888515451E-10	3.11333813243216E-12	0.775514034902958	7.05083185227847E-11	5.16765525708194E-12	0.704465709811195	4.14975805367271E-12	3.15119265712399E-11	1E5	1E10	1E-30	1E-10	1E10	1E-30	1E-10	1E10	1E-30	1E-10	1E10	1E-30	1E-10	1E10	1E-30	1E-10	1E10	1E-30	1E-10	1E10	1E-30	1E-10	1E10	1E-30	1E-10	1E10	1E-30	1E-10	1E10	1E-30	1E-10	1E10	1E-30	1E-10	1	-0.5	0.5
1149	8.49999999999999E-12	1E10	1E10	1E-30	2.66383884250511E-10	1E10	1E-30	1E10	0.195	1E-30	2.27553065001524E-11	0.43984422837716	2.29403888515451E-10	3.11333813243216E-12	0.775514034902958	7.05083185227847E-11	5.16765525708194E-12	0.704465709811195	4.14975805367271E-12	3.15119265712399E-11	1E5	1E10	1E-30	1E-10	1E10	1E-30	1E-10	1E10	1E-30	1E-10	1E10	1E-30	1E-10	1E10	1E-30	1E-10	1E10	1E-30	1E-10	1E10	1E-30	1E-10	1E10	1E-30	1E-10	1E10	1E-30	1E-10	1E10	1E-30	1E-10	1E10	1E-30	1E-10	1	-0.05	0.05
1150	8.49999999999999E-12	1E10	1E10	1E-30	2.66383884250511E-10	1E10	1E-30	1E10	0.195	1E-30	2.27553065001524E-11	0.43984422837716	2.29403888515451E-10	3.11333813243216E-12	0.775514034902958	7.05083185227847E-11	5.16765525708194E-12	0.704465709811195	4.14975805367271E-12	3.15119265712399E-11	1E5	1E10	1E-30	1E-10	1E10	1E-30	1E-10	1E10	1E-30	1E-10	1E10	1E-30	1E-10	1E10	1E-30	1E-10	1E10	1E-30	1E-10	1E10	1E-30	1E-10	1E10	1E-30	1E-10	1E10	1E-30	1E-10	1E10	1E-30	1E-10	1E10	1E-30	1E-10	1	-0.1	0.1
1151	8.49999999999999E-12	1E10	1E10	1E-30	2.66383884250511E-10	1E10	1E-30	1E10	0.195	1E-30	2.27553065001524E-11	0.43984422837716	2.29403888515451E-10	3.11333813243216E-12	0.775514034902958	7.05083185227847E-11	5.16765525708194E-12	0.704465709811195	4.14975805367271E-12	3.15119265712399E-11	1E5	1E10	1E-30	1E-10	1E10	1E-30	1E-10	1E10	1E-30	1E-10	1E10	1E-30	1E-10	1E10	1E-30	1E-10	1E10	1E-30	1E-10	1E10	1E-30	1E-10	1E10	1E-30	1E-10	1E10	1E-30	1E-10	1E10	1E-30	1E-10	1E10	1E-30	1E-10	1	-0.25	0.25
1152	8.49999999999999E-12	1E10	1E10	1E-30	2.66383884250511E-10	1E10	1E-30	1E10	0.195	1E-30	2.27553065001524E-11	0.43984422837716	2.29403888515451E-10	3.11333813243216E-12	0.775514034902958	7.05083185227847E-11	5.16765525708194E-12	0.704465709811195	4.14975805367271E-12	3.15119265712399E-11	1E5	1E10	1E-30	1E-10	1E10	1E-30	1E-10	1E10	1E-30	1E-10	1E10	1E-30	1E-10	1E10	1E-30	1E-10	1E10	1E-30	1E-10	1E10	1E-30	1E-10	1E10	1E-30	1E-10	1E10	1E-30	1E-10	1E10	1E-30	1E-10	1E10	1E-30	1E-10	1	-0.5	0.5
1153	8.49999999999999E-12	1E10	1E10	1E-30	2.66383884250511E-10	1E10	1E-30	1E10	0.195	1E-30	2.27553065001524E-11	0.43984422837716	2.29403888515451E-10	3.11333813243216E-12	0.775514034902958	7.05083185227847E-11	5.16765525708194E-12	0.704465709811195	4.14975805367271E-12	3.15119265712399E-11	1E5	1E10	1E-30	1E-10	1E10	1E-30	1E-10	1E10	1E-30	1E-10	1E10	1E-30	1E-10	1E10	1E-30	1E-10	1E10	1E-30	1E-10	1E10	1E-30	1E-10	1E10	1E-30	1E-10	1E10	1E-30	1E-10	1E10	1E-30	1E-10	1E10	1E-30	1E-10	1	-0.05	0.05
1154	8.49999999999999E-12	1E10	1E10	1E-30	2.66383884250511E-10	1E10	1E-30	1E10	0.195	1E-30	2.27553065001524E-11	0.43984422837716	2.29403888515451E-10	3.11333813243216E-12	0.775514034902958	7.05083185227847E-11	5.16765525708194E-12	0.704465709811195	4.14975805367271E-12	3.15119265712399E-11	1E5	1E10	1E-30	1E-10	1E10	1E-30	1E-10	1E10	1E-30	1E-10	1E10	1E-30	1E-10	1E10	1E-30	1E-10	1E10	1E-30	1E-10	1E10	1E-30	1E-10	1E10	1E-30	1E-10	1E10	1E-30	1E-10	1E10	1E-30	1E-10	1E10	1E-30	1E-10	1	-0.1	0.1
1155	8.49999999999999E-12	1E10	1E10	1E-30	2.66383884250511E-10	1E10	1E-30	1E10	0.195	1E-30	2.27553065001524E-11	0.43984422837716	2.29403888515451E-10	3.11333813243216E-12	0.775514034902958	7.05083185227847E-11	5.16765525708194E-12	0.704465709811195	4.14975805367271E-12	3.15119265712399E-11	1E5	1E10	1E-30	1E-10	1E10	1E-30	1E-10	1E10	1E-30	1E-10	1E10	1E-30	1E-10	1E10	1E-30	1E-10	1E10	1E-30	1E-10	1E10	1E-30	1E-10	1E10	1E-30	1E-10	1E10	1E-30	1E-10	1E10	1E-30	1E-10	1E10	1E-30	1E-10	1	-0.25	0.25
1156	8.49999999999999E-12	1E10	1E10	1E-30	2.66383884250511E-10	1E10	1E-30	1E10	0.195	1E-30	2.27553065001524E-11	0.43984422837716	2.29403888515451E-10	3.11333813243216E-12	0.775514034902958	7.05083185227847E-11	5.16765525708194E-12	0.704465709811195	4.14975805367271E-12	3.15119265712399E-11	1E5	1E10	1E-30	1E-10	1E10	1E-30	1E-10	1E10	1E-30	1E-10	1E10	1E-30	1E-10	1E10	1E-30	1E-10	1E10	1E-30	1E-10	1E10	1E-30	1E-10	1E10	1E-30	1E-10	1E10	1E-30	1E-10	1E10	1E-30	1E-10	1E10	1E-30	1E-10	1	-0.5	0.5
1157	8.49999999999999E-12	1E10	1E10	1E-30	2.66383884250511E-10	1E10	1E-30	1E10	0.195	1E-30	2.27553065001524E-11	0.43984422837716	2.29403888515451E-10	3.11333813243216E-12	0.775514034902958	7.05083185227847E-11	5.16765525708194E-12	0.704465709811195	4.14975805367271E-12	3.15119265712399E-11	1E5	1E10	1E-30	1E-10	1E10	1E-30	1E-10	1E10	1E-30	1E-10	1E10	1E-30	1E-10	1E10	1E-30	1E-10	1E10	1E-30	1E-10	1E10	1E-30	1E-10	1E10	1E-30	1E-10	1E10	1E-30	1E-10	1E10	1E-30	1E-10	1E10	1E-30	1E-10	1	-0.05	0.05
1158	8.49999999999999E-12	1E10	1E10	1E-30	2.66383884250511E-10	1E10	1E-30	1E10	0.195	1E-30	2.27553065001524E-11	0.43984422837716	2.29403888515451E-10	3.11333813243216E-12	0.775514034902958	7.05083185227847E-11	5.16765525708194E-12	0.704465709811195	4.14975805367271E-12	3.15119265712399E-11	1E5	1E10	1E-30	1E-10	1E10	1E-30	1E-10	1E10	1E-30	1E-10	1E10	1E-30	1E-10	1E10	1E-30	1E-10	1E10	1E-30	1E-10	1E10	1E-30	1E-10	1E10	1E-30	1E-10	1E10	1E-30	1E-10	1E10	1E-30	1E-10	1E10	1E-30	1E-10	1	-0.1	0.1
1159	8.49999999999999E-12	1E10	1E10	1E-30	2.66383884250511E-10	1E10	1E-30	1E10	0.195	1E-30	2.27553065001524E-11	0.43984422837716	2.29403888515451E-10	3.11333813243216E-12	0.775514034902958	7.05083185227847E-11	5.16765525708194E-12	0.704465709811195	4.14975805367271E-12	3.15119265712399E-11	1E5	1E10	1E-30	1E-10	1E10	1E-30	1E-10	1E10	1E-30	1E-10	1E10	1E-30	1E-10	1E10	1E-30	1E-10	1E10	1E-30	1E-10	1E10	1E-30	1E-10	1E10	1E-30	1E-10	1E10	1E-30	1E-10	1E10	1E-30	1E-10	1E10	1E-30	1E-10	1	-0.25	0.25
1160	8.49999999999999E-12	1E10	1E10	1E-30	2.66383884250511E-10	1E10	1E-30	1E10	0.195	1E-30	2.27553065001524E-11	0.43984422837716	2.29403888515451E-10	3.11333813243216E-12	0.775514034902958	7.05083185227847E-11	5.16765525708194E-12	0.704465709811195	4.14975805367271E-12	3.15119265712399E-11	1E5	1E10	1E-30	1E-10	1E10	1E-30	1E-10	1E10	1E-30	1E-10	1E10	1E-30	1E-10	1E10	1E-30	1E-10	1E10	1E-30	1E-10	1E10	1E-30	1E-10	1E10	1E-30	1E-10	1E10	1E-30	1E-10	1E10	1E-30	1E-10	1E10	1E-30	1E-10	1	-0.5	0.5
1161	8.49999999999999E-12	1E10	1E10	1E-30	2.66383884250511E-10	1E10	1E-30	1E10	0.195	1E-30	2.27553065001524E-11	0.43984422837716	2.29403888515451E-10	3.11333813243216E-12	0.775514034902958	7.05083185227847E-11	5.16765525708194E-12	0.704465709811195	4.14975805367271E-12	3.15119265712399E-11	1E5	1E10	1E-30	1E-10	1E10	1E-30	1E-10	1E10	1E-30	1E-10	1E10	1E-30	1E-10	1E10	1E-30	1E-10	1E10	1E-30	1E-10	1E10	1E-30	1E-10	1E10	1E-30	1E-10	1E10	1E-30	1E-10	1E10	1E-30	1E-10	1E10	1E-30	1E-10	1	-0.05	0.05
1162	8.49999999999999E-12	1E10	1E10	1E-30	2.66383884250511E-10	1E10	1E-30	1E10	0.195	1E-30	2.27553065001524E-11	0.43984422837716	2.29403888515451E-10	3.11333813243216E-12	0.775514034902958	7.05083185227847E-11	5.16765525708194E-12	0.704465709811195	4.14975805367271E-12	3.15119265712399E-11	1E5	1E10	1E-30	1E-10	1E10	1E-30	1E-10	1E10	1E-30	1E-10	1E10	1E-30	1E-10	1E10	1E-30	1E-10	1E10	1E-30	1E-10	1E10	1E-30	1E-10	1E10	1E-30	1E-10	1E10	1E-30	1E-10	1E10	1E-30	1E-10	1E10	1E-30	1E-10	1	-0.1	0.1
1163	8.49999999999999E-12	1E10	1E10	1E-30	2.66383884250511E-10	1E10	1E-30	1E10	0.195	1E-30	2.27553065001524E-11	0.43984422837716	2.29403888515451E-10	3.11333813243216E-12	0.775514034902958	7.05083185227847E-11	5.16765525708194E-12	0.704465709811195	4.14975805367271E-12	3.15119265712399E-11	1E5	1E10	1E-30	1E-10	1E10	1E-30	1E-10	1E10	1E-30	1E-10	1E10	1E-30	1E-10	1E10	1E-30	1E-10	1E10	1E-30	1E-10	1E10	1E-30	1E-10	1E10	1E-30	1E-10	1E10	1E-30	1E-10	1E10	1E-30	1E-10	1E10	1E-30	1E-10	1	-0.25	0.25
1164	8.49999999999999E-12	1E10	1E10	1E-30	2.66383884250511E-10	1E10	1E-30	1E10	0.195	1E-30	2.27553065001524E-11	0.43984422837716	2.29403888515451E-10	3.11333813243216E-12	0.775514034902958	7.05083185227847E-11	5.16765525708194E-12	0.704465709811195	4.14975805367271E-12	3.15119265712399E-11	1E5	1E10	1E-30	1E-10	1E10	1E-30	1E-10	1E10	1E-30	1E-10	1E10	1E-30	1E-10	1E10	1E-30	1E-10	1E10	1E-30	1E-10	1E10	1E-30	1E-10	1E10	1E-30	1E-10	1E10	1E-30	1E-10	1E10	1E-30	1E-10	1E10	1E-30	1E-10	1	-0.5	0.5
1165	8.6E-12	1E10	1E10	1E-30	2.45292773586426E-10	1E10	1E-30	1E10	0.192	1E-30	2.19735424640905E-11	0.493046176250435	2.2867040473559E-10	3.28670622414423E-12	0.804845296975352	6.25114929028083E-11	5.93367404598496E-12	0.448638179238275	4.28658650232877E-12	4.87379475241814E-11	1E5	1E10	1E-30	1E-10	1E10	1E-30	1E-10	1E10	1E-30	1E-10	1E10	1E-30	1E-10	1E10	1E-30	1E-10	1E10	1E-30	1E-10	1E10	1E-30	1E-10	1E10	1E-30	1E-10	1E10	1E-30	1E-10	1E10	1E-30	1E-10	1E10	1E-30	1E-10	1	-0.05	0.05
1166	8.6E-12	1E10	1E10	1E-30	2.45292773586426E-10	1E10	1E-30	1E10	0.192	1E-30	2.19735424640905E-11	0.493046176250435	2.2867040473559E-10	3.28670622414423E-12	0.804845296975352	6.25114929028083E-11	5.93367404598496E-12	0.448638179238275	4.28658650232877E-12	4.87379475241814E-11	1E5	1E10	1E-30	1E-10	1E10	1E-30	1E-10	1E10	1E-30	1E-10	1E10	1E-30	1E-10	1E10	1E-30	1E-10	1E10	1E-30	1E-10	1E10	1E-30	1E-10	1E10	1E-30	1E-10	1E10	1E-30	1E-10	1E10	1E-30	1E-10	1E10	1E-30	1E-10	1	-0.1	0.1
1167	8.6E-12	1E10	1E10	1E-30	2.45292773586426E-10	1E10	1E-30	1E10	0.192	1E-30	2.19735424640905E-11	0.493046176250435	2.2867040473559E-10	3.28670622414423E-12	0.804845296975352	6.25114929028083E-11	5.93367404598496E-12	0.448638179238275	4.28658650232877E-12	4.87379475241814E-11	1E5	1E10	1E-30	1E-10	1E10	1E-30	1E-10	1E10	1E-30	1E-10	1E10	1E-30	1E-10	1E10	1E-30	1E-10	1E10	1E-30	1E-10	1E10	1E-30	1E-10	1E10	1E-30	1E-10	1E10	1E-30	1E-10	1E10	1E-30	1E-10	1E10	1E-30	1E-10	1	-0.25	0.25
1168	8.6E-12	1E10	1E10	1E-30	2.45292773586426E-10	1E10	1E-30	1E10	0.192	1E-30	2.19735424640905E-11	0.493046176250435	2.2867040473559E-10	3.28670622414423E-12	0.804845296975352	6.25114929028083E-11	5.93367404598496E-12	0.448638179238275	4.28658650232877E-12	4.87379475241814E-11	1E5	1E10	1E-30	1E-10	1E10	1E-30	1E-10	1E10	1E-30	1E-10	1E10	1E-30	1E-10	1E10	1E-30	1E-10	1E10	1E-30	1E-10	1E10	1E-30	1E-10	1E10	1E-30	1E-10	1E10	1E-30	1E-10	1E10	1E-30	1E-10	1E10	1E-30	1E-10	1	-0.5	0.5
1169	8.6E-12	1E10	1E10	1E-30	2.45292773586426E-10	1E10	1E-30	1E10	0.192	1E-30	2.19735424640905E-11	0.493046176250435	2.2867040473559E-10	3.28670622414423E-12	0.804845296975352	6.25114929028083E-11	5.93367404598496E-12	0.448638179238275	4.28658650232877E-12	4.87379475241814E-11	1E5	1E10	1E-30	1E-10	1E10	1E-30	1E-10	1E10	1E-30	1E-10	1E10	1E-30	1E-10	1E10	1E-30	1E-10	1E10	1E-30	1E-10	1E10	1E-30	1E-10	1E10	1E-30	1E-10	1E10	1E-30	1E-10	1E10	1E-30	1E-10	1E10	1E-30	1E-10	1	-0.05	0.05
1170	8.6E-12	1E10	1E10	1E-30	2.45292773586426E-10	1E10	1E-30	1E10	0.192	1E-30	2.19735424640905E-11	0.493046176250435	2.2867040473559E-10	3.28670622414423E-12	0.804845296975352	6.25114929028083E-11	5.93367404598496E-12	0.448638179238275	4.28658650232877E-12	4.87379475241814E-11	1E5	1E10	1E-30	1E-10	1E10	1E-30	1E-10	1E10	1E-30	1E-10	1E10	1E-30	1E-10	1E10	1E-30	1E-10	1E10	1E-30	1E-10	1E10	1E-30	1E-10	1E10	1E-30	1E-10	1E10	1E-30	1E-10	1E10	1E-30	1E-10	1E10	1E-30	1E-10	1	-0.1	0.1
1171	8.6E-12	1E10	1E10	1E-30	2.45292773586426E-10	1E10	1E-30	1E10	0.192	1E-30	2.19735424640905E-11	0.493046176250435	2.2867040473559E-10	3.28670622414423E-12	0.804845296975352	6.25114929028083E-11	5.93367404598496E-12	0.448638179238275	4.28658650232877E-12	4.87379475241814E-11	1E5	1E10	1E-30	1E-10	1E10	1E-30	1E-10	1E10	1E-30	1E-10	1E10	1E-30	1E-10	1E10	1E-30	1E-10	1E10	1E-30	1E-10	1E10	1E-30	1E-10	1E10	1E-30	1E-10	1E10	1E-30	1E-10	1E10	1E-30	1E-10	1E10	1E-30	1E-10	1	-0.25	0.25
1172	8.6E-12	1E10	1E10	1E-30	2.45292773586426E-10	1E10	1E-30	1E10	0.192	1E-30	2.19735424640905E-11	0.493046176250435	2.2867040473559E-10	3.28670622414423E-12	0.804845296975352	6.25114929028083E-11	5.93367404598496E-12	0.448638179238275	4.28658650232877E-12	4.87379475241814E-11	1E5	1E10	1E-30	1E-10	1E10	1E-30	1E-10	1E10	1E-30	1E-10	1E10	1E-30	1E-10	1E10	1E-30	1E-10	1E10	1E-30	1E-10	1E10	1E-30	1E-10	1E10	1E-30	1E-10	1E10	1E-30	1E-10	1E10	1E-30	1E-10	1E10	1E-30	1E-10	1	-0.5	0.5
1173	8.6E-12	1E10	1E10	1E-30	2.45292773586426E-10	1E10	1E-30	1E10	0.192	1E-30	2.19735424640905E-11	0.493046176250435	2.2867040473559E-10	3.28670622414423E-12	0.804845296975352	6.25114929028083E-11	5.93367404598496E-12	0.448638179238275	4.28658650232877E-12	4.87379475241814E-11	1E5	1E10	1E-30	1E-10	1E10	1E-30	1E-10	1E10	1E-30	1E-10	1E10	1E-30	1E-10	1E10	1E-30	1E-10	1E10	1E-30	1E-10	1E10	1E-30	1E-10	1E10	1E-30	1E-10	1E10	1E-30	1E-10	1E10	1E-30	1E-10	1E10	1E-30	1E-10	1	-0.05	0.05
1174	8.6E-12	1E10	1E10	1E-30	2.45292773586426E-10	1E10	1E-30	1E10	0.192	1E-30	2.19735424640905E-11	0.493046176250435	2.2867040473559E-10	3.28670622414423E-12	0.804845296975352	6.25114929028083E-11	5.93367404598496E-12	0.448638179238275	4.28658650232877E-12	4.87379475241814E-11	1E5	1E10	1E-30	1E-10	1E10	1E-30	1E-10	1E10	1E-30	1E-10	1E10	1E-30	1E-10	1E10	1E-30	1E-10	1E10	1E-30	1E-10	1E10	1E-30	1E-10	1E10	1E-30	1E-10	1E10	1E-30	1E-10	1E10	1E-30	1E-10	1E10	1E-30	1E-10	1	-0.1	0.1
1175	8.6E-12	1E10	1E10	1E-30	2.45292773586426E-10	1E10	1E-30	1E10	0.192	1E-30	2.19735424640905E-11	0.493046176250435	2.2867040473559E-10	3.28670622414423E-12	0.804845296975352	6.25114929028083E-11	5.93367404598496E-12	0.448638179238275	4.28658650232877E-12	4.87379475241814E-11	1E5	1E10	1E-30	1E-10	1E10	1E-30	1E-10	1E10	1E-30	1E-10	1E10	1E-30	1E-10	1E10	1E-30	1E-10	1E10	1E-30	1E-10	1E10	1E-30	1E-10	1E10	1E-30	1E-10	1E10	1E-30	1E-10	1E10	1E-30	1E-10	1E10	1E-30	1E-10	1	-0.25	0.25
1176	8.6E-12	1E10	1E10	1E-30	2.45292773586426E-10	1E10	1E-30	1E10	0.192	1E-30	2.19735424640905E-11	0.493046176250435	2.2867040473559E-10	3.28670622414423E-12	0.804845296975352	6.25114929028083E-11	5.93367404598496E-12	0.448638179238275	4.28658650232877E-12	4.87379475241814E-11	1E5	1E10	1E-30	1E-10	1E10	1E-30	1E-10	1E10	1E-30	1E-10	1E10	1E-30	1E-10	1E10	1E-30	1E-10	1E10	1E-30	1E-10	1E10	1E-30	1E-10	1E10	1E-30	1E-10	1E10	1E-30	1E-10	1E10	1E-30	1E-10	1E10	1E-30	1E-10	1	-0.5	0.5
1177	8.6E-12	1E10	1E10	1E-30	2.45292773586426E-10	1E10	1E-30	1E10	0.192	1E-30	2.19735424640905E-11	0.493046176250435	2.2867040473559E-10	3.28670622414423E-12	0.804845296975352	6.25114929028083E-11	5.93367404598496E-12	0.448638179238275	4.28658650232877E-12	4.87379475241814E-11	1E5	1E10	1E-30	1E-10	1E10	1E-30	1E-10	1E10	1E-30	1E-10	1E10	1E-30	1E-10	1E10	1E-30	1E-10	1E10	1E-30	1E-10	1E10	1E-30	1E-10	1E10	1E-30	1E-10	1E10	1E-30	1E-10	1E10	1E-30	1E-10	1E10	1E-30	1E-10	1	-0.05	0.05
1178	8.6E-12	1E10	1E10	1E-30	2.45292773586426E-10	1E10	1E-30	1E10	0.192	1E-30	2.19735424640905E-11	0.493046176250435	2.2867040473559E-10	3.28670622414423E-12	0.804845296975352	6.25114929028083E-11	5.93367404598496E-12	0.448638179238275	4.28658650232877E-12	4.87379475241814E-11	1E5	1E10	1E-30	1E-10	1E10	1E-30	1E-10	1E10	1E-30	1E-10	1E10	1E-30	1E-10	1E10	1E-30	1E-10	1E10	1E-30	1E-10	1E10	1E-30	1E-10	1E10	1E-30	1E-10	1E10	1E-30	1E-10	1E10	1E-30	1E-10	1E10	1E-30	1E-10	1	-0.1	0.1
1179	8.6E-12	1E10	1E10	1E-30	2.45292773586426E-10	1E10	1E-30	1E10	0.192	1E-30	2.19735424640905E-11	0.493046176250435	2.2867040473559E-10	3.28670622414423E-12	0.804845296975352	6.25114929028083E-11	5.93367404598496E-12	0.448638179238275	4.28658650232877E-12	4.87379475241814E-11	1E5	1E10	1E-30	1E-10	1E10	1E-30	1E-10	1E10	1E-30	1E-10	1E10	1E-30	1E-10	1E10	1E-30	1E-10	1E10	1E-30	1E-10	1E10	1E-30	1E-10	1E10	1E-30	1E-10	1E10	1E-30	1E-10	1E10	1E-30	1E-10	1E10	1E-30	1E-10	1	-0.25	0.25
1180	8.6E-12	1E10	1E10	1E-30	2.45292773586426E-10	1E10	1E-30	1E10	0.192	1E-30	2.19735424640905E-11	0.493046176250435	2.2867040473559E-10	3.28670622414423E-12	0.804845296975352	6.25114929028083E-11	5.93367404598496E-12	0.448638179238275	4.28658650232877E-12	4.87379475241814E-11	1E5	1E10	1E-30	1E-10	1E10	1E-30	1E-10	1E10	1E-30	1E-10	1E10	1E-30	1E-10	1E10	1E-30	1E-10	1E10	1E-30	1E-10	1E10	1E-30	1E-10	1E10	1E-30	1E-10	1E10	1E-30	1E-10	1E10	1E-30	1E-10	1E10	1E-30	1E-10	1	-0.5	0.5
1181	8.69999999999999E-12	1E10	1E10	1E-30	2.45292773586426E-10	1E10	1E-30	1E10	0.192	1E-30	2.19735424640905E-11	0.493046176250435	2.2867040473559E-10	3.28670622414423E-12	0.804845296975352	6.25114929028083E-11	5.93367404598496E-12	0.448638179238275	4.28658650232877E-12	4.87379475241814E-11	1E5	1E10	1E-30	1E-10	1E10	1E-30	1E-10	1E10	1E-30	1E-10	1E10	1E-30	1E-10	1E10	1E-30	1E-10	1E10	1E-30	1E-10	1E10	1E-30	1E-10	1E10	1E-30	1E-10	1E10	1E-30	1E-10	1E10	1E-30	1E-10	1E10	1E-30	1E-10	1	-0.05	0.05
1182	8.69999999999999E-12	1E10	1E10	1E-30	2.45292773586426E-10	1E10	1E-30	1E10	0.192	1E-30	2.19735424640905E-11	0.493046176250435	2.2867040473559E-10	3.28670622414423E-12	0.804845296975352	6.25114929028083E-11	5.93367404598496E-12	0.448638179238275	4.28658650232877E-12	4.87379475241814E-11	1E5	1E10	1E-30	1E-10	1E10	1E-30	1E-10	1E10	1E-30	1E-10	1E10	1E-30	1E-10	1E10	1E-30	1E-10	1E10	1E-30	1E-10	1E10	1E-30	1E-10	1E10	1E-30	1E-10	1E10	1E-30	1E-10	1E10	1E-30	1E-10	1E10	1E-30	1E-10	1	-0.1	0.1
1183	8.69999999999999E-12	1E10	1E10	1E-30	2.45292773586426E-10	1E10	1E-30	1E10	0.192	1E-30	2.19735424640905E-11	0.493046176250435	2.2867040473559E-10	3.28670622414423E-12	0.804845296975352	6.25114929028083E-11	5.93367404598496E-12	0.448638179238275	4.28658650232877E-12	4.87379475241814E-11	1E5	1E10	1E-30	1E-10	1E10	1E-30	1E-10	1E10	1E-30	1E-10	1E10	1E-30	1E-10	1E10	1E-30	1E-10	1E10	1E-30	1E-10	1E10	1E-30	1E-10	1E10	1E-30	1E-10	1E10	1E-30	1E-10	1E10	1E-30	1E-10	1E10	1E-30	1E-10	1	-0.25	0.25
1184	8.69999999999999E-12	1E10	1E10	1E-30	2.45292773586426E-10	1E10	1E-30	1E10	0.192	1E-30	2.19735424640905E-11	0.493046176250435	2.2867040473559E-10	3.28670622414423E-12	0.804845296975352	6.25114929028083E-11	5.93367404598496E-12	0.448638179238275	4.28658650232877E-12	4.87379475241814E-11	1E5	1E10	1E-30	1E-10	1E10	1E-30	1E-10	1E10	1E-30	1E-10	1E10	1E-30	1E-10	1E10	1E-30	1E-10	1E10	1E-30	1E-10	1E10	1E-30	1E-10	1E10	1E-30	1E-10	1E10	1E-30	1E-10	1E10	1E-30	1E-10	1E10	1E-30	1E-10	1	-0.5	0.5
1185	8.69999999999999E-12	1E10	1E10	1E-30	2.45292773586426E-10	1E10	1E-30	1E10	0.192	1E-30	2.19735424640905E-11	0.493046176250435	2.2867040473559E-10	3.28670622414423E-12	0.804845296975352	6.25114929028083E-11	5.93367404598496E-12	0.448638179238275	4.28658650232877E-12	4.87379475241814E-11	1E5	1E10	1E-30	1E-10	1E10	1E-30	1E-10	1E10	1E-30	1E-10	1E10	1E-30	1E-10	1E10	1E-30	1E-10	1E10	1E-30	1E-10	1E10	1E-30	1E-10	1E10	1E-30	1E-10	1E10	1E-30	1E-10	1E10	1E-30	1E-10	1E10	1E-30	1E-10	1	-0.05	0.05
1186	8.69999999999999E-12	1E10	1E10	1E-30	2.45292773586426E-10	1E10	1E-30	1E10	0.192	1E-30	2.19735424640905E-11	0.493046176250435	2.2867040473559E-10	3.28670622414423E-12	0.804845296975352	6.25114929028083E-11	5.93367404598496E-12	0.448638179238275	4.28658650232877E-12	4.87379475241814E-11	1E5	1E10	1E-30	1E-10	1E10	1E-30	1E-10	1E10	1E-30	1E-10	1E10	1E-30	1E-10	1E10	1E-30	1E-10	1E10	1E-30	1E-10	1E10	1E-30	1E-10	1E10	1E-30	1E-10	1E10	1E-30	1E-10	1E10	1E-30	1E-10	1E10	1E-30	1E-10	1	-0.1	0.1
1187	8.69999999999999E-12	1E10	1E10	1E-30	2.45292773586426E-10	1E10	1E-30	1E10	0.192	1E-30	2.19735424640905E-11	0.493046176250435	2.2867040473559E-10	3.28670622414423E-12	0.804845296975352	6.25114929028083E-11	5.93367404598496E-12	0.448638179238275	4.28658650232877E-12	4.87379475241814E-11	1E5	1E10	1E-30	1E-10	1E10	1E-30	1E-10	1E10	1E-30	1E-10	1E10	1E-30	1E-10	1E10	1E-30	1E-10	1E10	1E-30	1E-10	1E10	1E-30	1E-10	1E10	1E-30	1E-10	1E10	1E-30	1E-10	1E10	1E-30	1E-10	1E10	1E-30	1E-10	1	-0.25	0.25
1188	8.69999999999999E-12	1E10	1E10	1E-30	2.45292773586426E-10	1E10	1E-30	1E10	0.192	1E-30	2.19735424640905E-11	0.493046176250435	2.2867040473559E-10	3.28670622414423E-12	0.804845296975352	6.25114929028083E-11	5.93367404598496E-12	0.448638179238275	4.28658650232877E-12	4.87379475241814E-11	1E5	1E10	1E-30	1E-10	1E10	1E-30	1E-10	1E10	1E-30	1E-10	1E10	1E-30	1E-10	1E10	1E-30	1E-10	1E10	1E-30	1E-10	1E10	1E-30	1E-10	1E10	1E-30	1E-10	1E10	1E-30	1E-10	1E10	1E-30	1E-10	1E10	1E-30	1E-10	1	-0.5	0.5
1189	8.69999999999999E-12	1E10	1E10	1E-30	2.45292773586426E-10	1E10	1E-30	1E10	0.192	1E-30	2.19735424640905E-11	0.493046176250435	2.2867040473559E-10	3.28670622414423E-12	0.804845296975352	6.25114929028083E-11	5.93367404598496E-12	0.448638179238275	4.28658650232877E-12	4.87379475241814E-11	1E5	1E10	1E-30	1E-10	1E10	1E-30	1E-10	1E10	1E-30	1E-10	1E10	1E-30	1E-10	1E10	1E-30	1E-10	1E10	1E-30	1E-10	1E10	1E-30	1E-10	1E10	1E-30	1E-10	1E10	1E-30	1E-10	1E10	1E-30	1E-10	1E10	1E-30	1E-10	1	-0.05	0.05
1190	8.69999999999999E-12	1E10	1E10	1E-30	2.45292773586426E-10	1E10	1E-30	1E10	0.192	1E-30	2.19735424640905E-11	0.493046176250435	2.2867040473559E-10	3.28670622414423E-12	0.804845296975352	6.25114929028083E-11	5.93367404598496E-12	0.448638179238275	4.28658650232877E-12	4.87379475241814E-11	1E5	1E10	1E-30	1E-10	1E10	1E-30	1E-10	1E10	1E-30	1E-10	1E10	1E-30	1E-10	1E10	1E-30	1E-10	1E10	1E-30	1E-10	1E10	1E-30	1E-10	1E10	1E-30	1E-10	1E10	1E-30	1E-10	1E10	1E-30	1E-10	1E10	1E-30	1E-10	1	-0.1	0.1
1191	8.69999999999999E-12	1E10	1E10	1E-30	2.45292773586426E-10	1E10	1E-30	1E10	0.192	1E-30	2.19735424640905E-11	0.493046176250435	2.2867040473559E-10	3.28670622414423E-12	0.804845296975352	6.25114929028083E-11	5.93367404598496E-12	0.448638179238275	4.28658650232877E-12	4.87379475241814E-11	1E5	1E10	1E-30	1E-10	1E10	1E-30	1E-10	1E10	1E-30	1E-10	1E10	1E-30	1E-10	1E10	1E-30	1E-10	1E10	1E-30	1E-10	1E10	1E-30	1E-10	1E10	1E-30	1E-10	1E10	1E-30	1E-10	1E10	1E-30	1E-10	1E10	1E-30	1E-10	1	-0.25	0.25
1192	8.69999999999999E-12	1E10	1E10	1E-30	2.45292773586426E-10	1E10	1E-30	1E10	0.192	1E-30	2.19735424640905E-11	0.493046176250435	2.2867040473559E-10	3.28670622414423E-12	0.804845296975352	6.25114929028083E-11	5.93367404598496E-12	0.448638179238275	4.28658650232877E-12	4.87379475241814E-11	1E5	1E10	1E-30	1E-10	1E10	1E-30	1E-10	1E10	1E-30	1E-10	1E10	1E-30	1E-10	1E10	1E-30	1E-10	1E10	1E-30	1E-10	1E10	1E-30	1E-10	1E10	1E-30	1E-10	1E10	1E-30	1E-10	1E10	1E-30	1E-10	1E10	1E-30	1E-10	1	-0.5	0.5
1193	8.69999999999999E-12	1E10	1E10	1E-30	2.45292773586426E-10	1E10	1E-30	1E10	0.192	1E-30	2.19735424640905E-11	0.493046176250435	2.2867040473559E-10	3.28670622414423E-12	0.804845296975352	6.25114929028083E-11	5.93367404598496E-12	0.448638179238275	4.28658650232877E-12	4.87379475241814E-11	1E5	1E10	1E-30	1E-10	1E10	1E-30	1E-10	1E10	1E-30	1E-10	1E10	1E-30	1E-10	1E10	1E-30	1E-10	1E10	1E-30	1E-10	1E10	1E-30	1E-10	1E10	1E-30	1E-10	1E10	1E-30	1E-10	1E10	1E-30	1E-10	1E10	1E-30	1E-10	1	-0.05	0.05
1194	8.69999999999999E-12	1E10	1E10	1E-30	2.45292773586426E-10	1E10	1E-30	1E10	0.192	1E-30	2.19735424640905E-11	0.493046176250435	2.2867040473559E-10	3.28670622414423E-12	0.804845296975352	6.25114929028083E-11	5.93367404598496E-12	0.448638179238275	4.28658650232877E-12	4.87379475241814E-11	1E5	1E10	1E-30	1E-10	1E10	1E-30	1E-10	1E10	1E-30	1E-10	1E10	1E-30	1E-10	1E10	1E-30	1E-10	1E10	1E-30	1E-10	1E10	1E-30	1E-10	1E10	1E-30	1E-10	1E10	1E-30	1E-10	1E10	1E-30	1E-10	1E10	1E-30	1E-10	1	-0.1	0.1
1195	8.69999999999999E-12	1E10	1E10	1E-30	2.45292773586426E-10	1E10	1E-30	1E10	0.192	1E-30	2.19735424640905E-11	0.493046176250435	2.2867040473559E-10	3.28670622414423E-12	0.804845296975352	6.25114929028083E-11	5.93367404598496E-12	0.448638179238275	4.28658650232877E-12	4.87379475241814E-11	1E5	1E10	1E-30	1E-10	1E10	1E-30	1E-10	1E10	1E-30	1E-10	1E10	1E-30	1E-10	1E10	1E-30	1E-10	1E10	1E-30	1E-10	1E10	1E-30	1E-10	1E10	1E-30	1E-10	1E10	1E-30	1E-10	1E10	1E-30	1E-10	1E10	1E-30	1E-10	1	-0.25	0.25
1196	8.69999999999999E-12	1E10	1E10	1E-30	2.45292773586426E-10	1E10	1E-30	1E10	0.192	1E-30	2.19735424640905E-11	0.493046176250435	2.2867040473559E-10	3.28670622414423E-12	0.804845296975352	6.25114929028083E-11	5.93367404598496E-12	0.448638179238275	4.28658650232877E-12	4.87379475241814E-11	1E5	1E10	1E-30	1E-10	1E10	1E-30	1E-10	1E10	1E-30	1E-10	1E10	1E-30	1E-10	1E10	1E-30	1E-10	1E10	1E-30	1E-10	1E10	1E-30	1E-10	1E10	1E-30	1E-10	1E10	1E-30	1E-10	1E10	1E-30	1E-10	1E10	1E-30	1E-10	1	-0.5	0.5
1197	8.8E-12	1E10	1E10	1E-30	2.45292773586426E-10	1E10	1E-30	1E10	0.192	1E-30	2.19735424640905E-11	0.493046176250435	2.2867040473559E-10	3.28670622414423E-12	0.804845296975352	6.25114929028083E-11	5.93367404598496E-12	0.448638179238275	4.28658650232877E-12	4.87379475241814E-11	1E5	1E10	1E-30	1E-10	1E10	1E-30	1E-10	1E10	1E-30	1E-10	1E10	1E-30	1E-10	1E10	1E-30	1E-10	1E10	1E-30	1E-10	1E10	1E-30	1E-10	1E10	1E-30	1E-10	1E10	1E-30	1E-10	1E10	1E-30	1E-10	1E10	1E-30	1E-10	1	-0.05	0.05
1198	8.8E-12	1E10	1E10	1E-30	2.45292773586426E-10	1E10	1E-30	1E10	0.192	1E-30	2.19735424640905E-11	0.493046176250435	2.2867040473559E-10	3.28670622414423E-12	0.804845296975352	6.25114929028083E-11	5.93367404598496E-12	0.448638179238275	4.28658650232877E-12	4.87379475241814E-11	1E5	1E10	1E-30	1E-10	1E10	1E-30	1E-10	1E10	1E-30	1E-10	1E10	1E-30	1E-10	1E10	1E-30	1E-10	1E10	1E-30	1E-10	1E10	1E-30	1E-10	1E10	1E-30	1E-10	1E10	1E-30	1E-10	1E10	1E-30	1E-10	1E10	1E-30	1E-10	1	-0.1	0.1
1199	8.8E-12	1E10	1E10	1E-30	2.45292773586426E-10	1E10	1E-30	1E10	0.192	1E-30	2.19735424640905E-11	0.493046176250435	2.2867040473559E-10	3.28670622414423E-12	0.804845296975352	6.25114929028083E-11	5.93367404598496E-12	0.448638179238275	4.28658650232877E-12	4.87379475241814E-11	1E5	1E10	1E-30	1E-10	1E10	1E-30	1E-10	1E10	1E-30	1E-10	1E10	1E-30	1E-10	1E10	1E-30	1E-10	1E10	1E-30	1E-10	1E10	1E-30	1E-10	1E10	1E-30	1E-10	1E10	1E-30	1E-10	1E10	1E-30	1E-10	1E10	1E-30	1E-10	1	-0.25	0.25
1200	8.8E-12	1E10	1E10	1E-30	2.45292773586426E-10	1E10	1E-30	1E10	0.192	1E-30	2.19735424640905E-11	0.493046176250435	2.2867040473559E-10	3.28670622414423E-12	0.804845296975352	6.25114929028083E-11	5.93367404598496E-12	0.448638179238275	4.28658650232877E-12	4.87379475241814E-11	1E5	1E10	1E-30	1E-10	1E10	1E-30	1E-10	1E10	1E-30	1E-10	1E10	1E-30	1E-10	1E10	1E-30	1E-10	1E10	1E-30	1E-10	1E10	1E-30	1E-10	1E10	1E-30	1E-10	1E10	1E-30	1E-10	1E10	1E-30	1E-10	1E10	1E-30	1E-10	1	-0.5	0.5
1201	8.8E-12	1E10	1E10	1E-30	2.45292773586426E-10	1E10	1E-30	1E10	0.192	1E-30	2.19735424640905E-11	0.493046176250435	2.2867040473559E-10	3.28670622414423E-12	0.804845296975352	6.25114929028083E-11	5.93367404598496E-12	0.448638179238275	4.28658650232877E-12	4.87379475241814E-11	1E5	1E10	1E-30	1E-10	1E10	1E-30	1E-10	1E10	1E-30	1E-10	1E10	1E-30	1E-10	1E10	1E-30	1E-10	1E10	1E-30	1E-10	1E10	1E-30	1E-10	1E10	1E-30	1E-10	1E10	1E-30	1E-10	1E10	1E-30	1E-10	1E10	1E-30	1E-10	1	-0.05	0.05
1202	8.8E-12	1E10	1E10	1E-30	2.45292773586426E-10	1E10	1E-30	1E10	0.192	1E-30	2.19735424640905E-11	0.493046176250435	2.2867040473559E-10	3.28670622414423E-12	0.804845296975352	6.25114929028083E-11	5.93367404598496E-12	0.448638179238275	4.28658650232877E-12	4.87379475241814E-11	1E5	1E10	1E-30	1E-10	1E10	1E-30	1E-10	1E10	1E-30	1E-10	1E10	1E-30	1E-10	1E10	1E-30	1E-10	1E10	1E-30	1E-10	1E10	1E-30	1E-10	1E10	1E-30	1E-10	1E10	1E-30	1E-10	1E10	1E-30	1E-10	1E10	1E-30	1E-10	1	-0.1	0.1
1203	8.8E-12	1E10	1E10	1E-30	2.45292773586426E-10	1E10	1E-30	1E10	0.192	1E-30	2.19735424640905E-11	0.493046176250435	2.2867040473559E-10	3.28670622414423E-12	0.804845296975352	6.25114929028083E-11	5.93367404598496E-12	0.448638179238275	4.28658650232877E-12	4.87379475241814E-11	1E5	1E10	1E-30	1E-10	1E10	1E-30	1E-10	1E10	1E-30	1E-10	1E10	1E-30	1E-10	1E10	1E-30	1E-10	1E10	1E-30	1E-10	1E10	1E-30	1E-10	1E10	1E-30	1E-10	1E10	1E-30	1E-10	1E10	1E-30	1E-10	1E10	1E-30	1E-10	1	-0.25	0.25
1204	8.8E-12	1E10	1E10	1E-30	2.45292773586426E-10	1E10	1E-30	1E10	0.192	1E-30	2.19735424640905E-11	0.493046176250435	2.2867040473559E-10	3.28670622414423E-12	0.804845296975352	6.25114929028083E-11	5.93367404598496E-12	0.448638179238275	4.28658650232877E-12	4.87379475241814E-11	1E5	1E10	1E-30	1E-10	1E10	1E-30	1E-10	1E10	1E-30	1E-10	1E10	1E-30	1E-10	1E10	1E-30	1E-10	1E10	1E-30	1E-10	1E10	1E-30	1E-10	1E10	1E-30	1E-10	1E10	1E-30	1E-10	1E10	1E-30	1E-10	1E10	1E-30	1E-10	1	-0.5	0.5
1205	8.8E-12	1E10	1E10	1E-30	2.45292773586426E-10	1E10	1E-30	1E10	0.192	1E-30	2.19735424640905E-11	0.493046176250435	2.2867040473559E-10	3.28670622414423E-12	0.804845296975352	6.25114929028083E-11	5.93367404598496E-12	0.448638179238275	4.28658650232877E-12	4.87379475241814E-11	1E5	1E10	1E-30	1E-10	1E10	1E-30	1E-10	1E10	1E-30	1E-10	1E10	1E-30	1E-10	1E10	1E-30	1E-10	1E10	1E-30	1E-10	1E10	1E-30	1E-10	1E10	1E-30	1E-10	1E10	1E-30	1E-10	1E10	1E-30	1E-10	1E10	1E-30	1E-10	1	-0.05	0.05
1206	8.8E-12	1E10	1E10	1E-30	2.45292773586426E-10	1E10	1E-30	1E10	0.192	1E-30	2.19735424640905E-11	0.493046176250435	2.2867040473559E-10	3.28670622414423E-12	0.804845296975352	6.25114929028083E-11	5.93367404598496E-12	0.448638179238275	4.28658650232877E-12	4.87379475241814E-11	1E5	1E10	1E-30	1E-10	1E10	1E-30	1E-10	1E10	1E-30	1E-10	1E10	1E-30	1E-10	1E10	1E-30	1E-10	1E10	1E-30	1E-10	1E10	1E-30	1E-10	1E10	1E-30	1E-10	1E10	1E-30	1E-10	1E10	1E-30	1E-10	1E10	1E-30	1E-10	1	-0.1	0.1
1207	8.8E-12	1E10	1E10	1E-30	2.45292773586426E-10	1E10	1E-30	1E10	0.192	1E-30	2.19735424640905E-11	0.493046176250435	2.2867040473559E-10	3.28670622414423E-12	0.804845296975352	6.25114929028083E-11	5.93367404598496E-12	0.448638179238275	4.28658650232877E-12	4.87379475241814E-11	1E5	1E10	1E-30	1E-10	1E10	1E-30	1E-10	1E10	1E-30	1E-10	1E10	1E-30	1E-10	1E10	1E-30	1E-10	1E10	1E-30	1E-10	1E10	1E-30	1E-10	1E10	1E-30	1E-10	1E10	1E-30	1E-10	1E10	1E-30	1E-10	1E10	1E-30	1E-10	1	-0.25	0.25
1208	8.8E-12	1E10	1E10	1E-30	2.45292773586426E-10	1E10	1E-30	1E10	0.192	1E-30	2.19735424640905E-11	0.493046176250435	2.2867040473559E-10	3.28670622414423E-12	0.804845296975352	6.25114929028083E-11	5.93367404598496E-12	0.448638179238275	4.28658650232877E-12	4.87379475241814E-11	1E5	1E10	1E-30	1E-10	1E10	1E-30	1E-10	1E10	1E-30	1E-10	1E10	1E-30	1E-10	1E10	1E-30	1E-10	1E10	1E-30	1E-10	1E10	1E-30	1E-10	1E10	1E-30	1E-10	1E10	1E-30	1E-10	1E10	1E-30	1E-10	1E10	1E-30	1E-10	1	-0.5	0.5
1209	8.8E-12	1E10	1E10	1E-30	2.45292773586426E-10	1E10	1E-30	1E10	0.192	1E-30	2.19735424640905E-11	0.493046176250435	2.2867040473559E-10	3.28670622414423E-12	0.804845296975352	6.25114929028083E-11	5.93367404598496E-12	0.448638179238275	4.28658650232877E-12	4.87379475241814E-11	1E5	1E10	1E-30	1E-10	1E10	1E-30	1E-10	1E10	1E-30	1E-10	1E10	1E-30	1E-10	1E10	1E-30	1E-10	1E10	1E-30	1E-10	1E10	1E-30	1E-10	1E10	1E-30	1E-10	1E10	1E-30	1E-10	1E10	1E-30	1E-10	1E10	1E-30	1E-10	1	-0.05	0.05
1210	8.8E-12	1E10	1E10	1E-30	2.45292773586426E-10	1E10	1E-30	1E10	0.192	1E-30	2.19735424640905E-11	0.493046176250435	2.2867040473559E-10	3.28670622414423E-12	0.804845296975352	6.25114929028083E-11	5.93367404598496E-12	0.448638179238275	4.28658650232877E-12	4.87379475241814E-11	1E5	1E10	1E-30	1E-10	1E10	1E-30	1E-10	1E10	1E-30	1E-10	1E10	1E-30	1E-10	1E10	1E-30	1E-10	1E10	1E-30	1E-10	1E10	1E-30	1E-10	1E10	1E-30	1E-10	1E10	1E-30	1E-10	1E10	1E-30	1E-10	1E10	1E-30	1E-10	1	-0.1	0.1
1211	8.8E-12	1E10	1E10	1E-30	2.45292773586426E-10	1E10	1E-30	1E10	0.192	1E-30	2.19735424640905E-11	0.493046176250435	2.2867040473559E-10	3.28670622414423E-12	0.804845296975352	6.25114929028083E-11	5.93367404598496E-12	0.448638179238275	4.28658650232877E-12	4.87379475241814E-11	1E5	1E10	1E-30	1E-10	1E10	1E-30	1E-10	1E10	1E-30	1E-10	1E10	1E-30	1E-10	1E10	1E-30	1E-10	1E10	1E-30	1E-10	1E10	1E-30	1E-10	1E10	1E-30	1E-10	1E10	1E-30	1E-10	1E10	1E-30	1E-10	1E10	1E-30	1E-10	1	-0.25	0.25
1212	8.8E-12	1E10	1E10	1E-30	2.45292773586426E-10	1E10	1E-30	1E10	0.192	1E-30	2.19735424640905E-11	0.493046176250435	2.2867040473559E-10	3.28670622414423E-12	0.804845296975352	6.25114929028083E-11	5.93367404598496E-12	0.448638179238275	4.28658650232877E-12	4.87379475241814E-11	1E5	1E10	1E-30	1E-10	1E10	1E-30	1E-10	1E10	1E-30	1E-10	1E10	1E-30	1E-10	1E10	1E-30	1E-10	1E10	1E-30	1E-10	1E10	1E-30	1E-10	1E10	1E-30	1E-10	1E10	1E-30	1E-10	1E10	1E-30	1E-10	1E10	1E-30	1E-10	1	-0.5	0.5
1213	8.9E-12	1E10	1E10	1E-30	1.74699419346262E-10	1E10	1E-30	1E10	0.19	1E-30	9.15600048997576E-12	0.157093614661011	1.85661817911653E-11	3.75436893027156E-11	8.66178938337006	3.35797145609078E-12	8.36085958933029E-11	43.2146972483404	1E10	1E-30	1E-10	1E10	1E-30	1E-10	1E10	1E-30	1E-10	1E10	1E-30	1E-10	1E10	1E-30	1E-10	1E10	1E-30	1E-10	1E10	1E-30	1E-10	1E10	1E-30	1E-10	1E10	1E-30	1E-10	1E10	1E-30	1E-10	1E10	1E-30	1E-10	1E10	1E-30	1E-10	1	-0.05	0.05
1214	8.9E-12	1E10	1E10	1E-30	1.74699419346262E-10	1E10	1E-30	1E10	0.19	1E-30	9.15600048997576E-12	0.157093614661011	1.85661817911653E-11	3.75436893027156E-11	8.66178938337006	3.35797145609078E-12	8.36085958933029E-11	43.2146972483404	1E10	1E-30	1E-10	1E10	1E-30	1E-10	1E10	1E-30	1E-10	1E10	1E-30	1E-10	1E10	1E-30	1E-10	1E10	1E-30	1E-10	1E10	1E-30	1E-10	1E10	1E-30	1E-10	1E10	1E-30	1E-10	1E10	1E-30	1E-10	1E10	1E-30	1E-10	1E10	1E-30	1E-10	1	-0.1	0.1
1215	8.9E-12	1E10	1E10	1E-30	1.74699419346262E-10	1E10	1E-30	1E10	0.19	1E-30	9.15600048997576E-12	0.157093614661011	1.85661817911653E-11	3.75436893027156E-11	8.66178938337006	3.35797145609078E-12	8.36085958933029E-11	43.2146972483404	1E10	1E-30	1E-10	1E10	1E-30	1E-10	1E10	1E-30	1E-10	1E10	1E-30	1E-10	1E10	1E-30	1E-10	1E10	1E-30	1E-10	1E10	1E-30	1E-10	1E10	1E-30	1E-10	1E10	1E-30	1E-10	1E10	1E-30	1E-10	1E10	1E-30	1E-10	1E10	1E-30	1E-10	1	-0.25	0.25
1216	8.9E-12	1E10	1E10	1E-30	1.74699419346262E-10	1E10	1E-30	1E10	0.19	1E-30	9.15600048997576E-12	0.157093614661011	1.85661817911653E-11	3.75436893027156E-11	8.66178938337006	3.35797145609078E-12	8.36085958933029E-11	43.2146972483404	1E10	1E-30	1E-10	1E10	1E-30	1E-10	1E10	1E-30	1E-10	1E10	1E-30	1E-10	1E10	1E-30	1E-10	1E10	1E-30	1E-10	1E10	1E-30	1E-10	1E10	1E-30	1E-10	1E10	1E-30	1E-10	1E10	1E-30	1E-10	1E10	1E-30	1E-10	1E10	1E-30	1E-10	1	-0.5	0.5
1217	8.9E-12	1E10	1E10	1E-30	1.74699419346262E-10	1E10	1E-30	1E10	0.19	1E-30	9.15600048997576E-12	0.157093614661011	1.85661817911653E-11	3.75436893027156E-11	8.66178938337006	3.35797145609078E-12	8.36085958933029E-11	43.2146972483404	1E10	1E-30	1E-10	1E10	1E-30	1E-10	1E10	1E-30	1E-10	1E10	1E-30	1E-10	1E10	1E-30	1E-10	1E10	1E-30	1E-10	1E10	1E-30	1E-10	1E10	1E-30	1E-10	1E10	1E-30	1E-10	1E10	1E-30	1E-10	1E10	1E-30	1E-10	1E10	1E-30	1E-10	1	-0.05	0.05
1218	8.9E-12	1E10	1E10	1E-30	1.74699419346262E-10	1E10	1E-30	1E10	0.19	1E-30	9.15600048997576E-12	0.157093614661011	1.85661817911653E-11	3.75436893027156E-11	8.66178938337006	3.35797145609078E-12	8.36085958933029E-11	43.2146972483404	1E10	1E-30	1E-10	1E10	1E-30	1E-10	1E10	1E-30	1E-10	1E10	1E-30	1E-10	1E10	1E-30	1E-10	1E10	1E-30	1E-10	1E10	1E-30	1E-10	1E10	1E-30	1E-10	1E10	1E-30	1E-10	1E10	1E-30	1E-10	1E10	1E-30	1E-10	1E10	1E-30	1E-10	1	-0.1	0.1
1219	8.9E-12	1E10	1E10	1E-30	1.74699419346262E-10	1E10	1E-30	1E10	0.19	1E-30	9.15600048997576E-12	0.157093614661011	1.85661817911653E-11	3.75436893027156E-11	8.66178938337006	3.35797145609078E-12	8.36085958933029E-11	43.2146972483404	1E10	1E-30	1E-10	1E10	1E-30	1E-10	1E10	1E-30	1E-10	1E10	1E-30	1E-10	1E10	1E-30	1E-10	1E10	1E-30	1E-10	1E10	1E-30	1E-10	1E10	1E-30	1E-10	1E10	1E-30	1E-10	1E10	1E-30	1E-10	1E10	1E-30	1E-10	1E10	1E-30	1E-10	1	-0.25	0.25
1220	8.9E-12	1E10	1E10	1E-30	1.74699419346262E-10	1E10	1E-30	1E10	0.19	1E-30	9.15600048997576E-12	0.157093614661011	1.85661817911653E-11	3.75436893027156E-11	8.66178938337006	3.35797145609078E-12	8.36085958933029E-11	43.2146972483404	1E10	1E-30	1E-10	1E10	1E-30	1E-10	1E10	1E-30	1E-10	1E10	1E-30	1E-10	1E10	1E-30	1E-10	1E10	1E-30	1E-10	1E10	1E-30	1E-10	1E10	1E-30	1E-10	1E10	1E-30	1E-10	1E10	1E-30	1E-10	1E10	1E-30	1E-10	1E10	1E-30	1E-10	1	-0.5	0.5
1221	8.9E-12	1E10	1E10	1E-30	1.74699419346262E-10	1E10	1E-30	1E10	0.19	1E-30	9.15600048997576E-12	0.157093614661011	1.85661817911653E-11	3.75436893027156E-11	8.66178938337006	3.35797145609078E-12	8.36085958933029E-11	43.2146972483404	1E10	1E-30	1E-10	1E10	1E-30	1E-10	1E10	1E-30	1E-10	1E10	1E-30	1E-10	1E10	1E-30	1E-10	1E10	1E-30	1E-10	1E10	1E-30	1E-10	1E10	1E-30	1E-10	1E10	1E-30	1E-10	1E10	1E-30	1E-10	1E10	1E-30	1E-10	1E10	1E-30	1E-10	1	-0.05	0.05
1222	8.9E-12	1E10	1E10	1E-30	1.74699419346262E-10	1E10	1E-30	1E10	0.19	1E-30	9.15600048997576E-12	0.157093614661011	1.85661817911653E-11	3.75436893027156E-11	8.66178938337006	3.35797145609078E-12	8.36085958933029E-11	43.2146972483404	1E10	1E-30	1E-10	1E10	1E-30	1E-10	1E10	1E-30	1E-10	1E10	1E-30	1E-10	1E10	1E-30	1E-10	1E10	1E-30	1E-10	1E10	1E-30	1E-10	1E10	1E-30	1E-10	1E10	1E-30	1E-10	1E10	1E-30	1E-10	1E10	1E-30	1E-10	1E10	1E-30	1E-10	1	-0.1	0.1
1223	8.9E-12	1E10	1E10	1E-30	1.74699419346262E-10	1E10	1E-30	1E10	0.19	1E-30	9.15600048997576E-12	0.157093614661011	1.85661817911653E-11	3.75436893027156E-11	8.66178938337006	3.35797145609078E-12	8.36085958933029E-11	43.2146972483404	1E10	1E-30	1E-10	1E10	1E-30	1E-10	1E10	1E-30	1E-10	1E10	1E-30	1E-10	1E10	1E-30	1E-10	1E10	1E-30	1E-10	1E10	1E-30	1E-10	1E10	1E-30	1E-10	1E10	1E-30	1E-10	1E10	1E-30	1E-10	1E10	1E-30	1E-10	1E10	1E-30	1E-10	1	-0.25	0.25
1224	8.9E-12	1E10	1E10	1E-30	1.74699419346262E-10	1E10	1E-30	1E10	0.19	1E-30	9.15600048997576E-12	0.157093614661011	1.85661817911653E-11	3.75436893027156E-11	8.66178938337006	3.35797145609078E-12	8.36085958933029E-11	43.2146972483404	1E10	1E-30	1E-10	1E10	1E-30	1E-10	1E10	1E-30	1E-10	1E10	1E-30	1E-10	1E10	1E-30	1E-10	1E10	1E-30	1E-10	1E10	1E-30	1E-10	1E10	1E-30	1E-10	1E10	1E-30	1E-10	1E10	1E-30	1E-10	1E10	1E-30	1E-10	1E10	1E-30	1E-10	1	-0.5	0.5
1225	8.9E-12	1E10	1E10	1E-30	1.74699419346262E-10	1E10	1E-30	1E10	0.19	1E-30	9.15600048997576E-12	0.157093614661011	1.85661817911653E-11	3.75436893027156E-11	8.66178938337006	3.35797145609078E-12	8.36085958933029E-11	43.2146972483404	1E10	1E-30	1E-10	1E10	1E-30	1E-10	1E10	1E-30	1E-10	1E10	1E-30	1E-10	1E10	1E-30	1E-10	1E10	1E-30	1E-10	1E10	1E-30	1E-10	1E10	1E-30	1E-10	1E10	1E-30	1E-10	1E10	1E-30	1E-10	1E10	1E-30	1E-10	1E10	1E-30	1E-10	1	-0.05	0.05
1226	8.9E-12	1E10	1E10	1E-30	1.74699419346262E-10	1E10	1E-30	1E10	0.19	1E-30	9.15600048997576E-12	0.157093614661011	1.85661817911653E-11	3.75436893027156E-11	8.66178938337006	3.35797145609078E-12	8.36085958933029E-11	43.2146972483404	1E10	1E-30	1E-10	1E10	1E-30	1E-10	1E10	1E-30	1E-10	1E10	1E-30	1E-10	1E10	1E-30	1E-10	1E10	1E-30	1E-10	1E10	1E-30	1E-10	1E10	1E-30	1E-10	1E10	1E-30	1E-10	1E10	1E-30	1E-10	1E10	1E-30	1E-10	1E10	1E-30	1E-10	1	-0.1	0.1
1227	8.9E-12	1E10	1E10	1E-30	1.74699419346262E-10	1E10	1E-30	1E10	0.19	1E-30	9.15600048997576E-12	0.157093614661011	1.85661817911653E-11	3.75436893027156E-11	8.66178938337006	3.35797145609078E-12	8.36085958933029E-11	43.2146972483404	1E10	1E-30	1E-10	1E10	1E-30	1E-10	1E10	1E-30	1E-10	1E10	1E-30	1E-10	1E10	1E-30	1E-10	1E10	1E-30	1E-10	1E10	1E-30	1E-10	1E10	1E-30	1E-10	1E10	1E-30	1E-10	1E10	1E-30	1E-10	1E10	1E-30	1E-10	1E10	1E-30	1E-10	1	-0.25	0.25
1228	8.9E-12	1E10	1E10	1E-30	1.74699419346262E-10	1E10	1E-30	1E10	0.19	1E-30	9.15600048997576E-12	0.157093614661011	1.85661817911653E-11	3.75436893027156E-11	8.66178938337006	3.35797145609078E-12	8.36085958933029E-11	43.2146972483404	1E10	1E-30	1E-10	1E10	1E-30	1E-10	1E10	1E-30	1E-10	1E10	1E-30	1E-10	1E10	1E-30	1E-10	1E10	1E-30	1E-10	1E10	1E-30	1E-10	1E10	1E-30	1E-10	1E10	1E-30	1E-10	1E10	1E-30	1E-10	1E10	1E-30	1E-10	1E10	1E-30	1E-10	1	-0.5	0.5
1229	9E-12	1E10	1E10	1E-30	1.74699419346262E-10	1E10	1E-30	1E10	0.19	1E-30	9.15600048997576E-12	0.157093614661011	1.85661817911653E-11	3.75436893027156E-11	8.66178938337006	3.35797145609078E-12	8.36085958933029E-11	43.2146972483404	1E10	1E-30	1E-10	1E10	1E-30	1E-10	1E10	1E-30	1E-10	1E10	1E-30	1E-10	1E10	1E-30	1E-10	1E10	1E-30	1E-10	1E10	1E-30	1E-10	1E10	1E-30	1E-10	1E10	1E-30	1E-10	1E10	1E-30	1E-10	1E10	1E-30	1E-10	1E10	1E-30	1E-10	1	-0.05	0.05
1230	9E-12	1E10	1E10	1E-30	1.74699419346262E-10	1E10	1E-30	1E10	0.19	1E-30	9.15600048997576E-12	0.157093614661011	1.85661817911653E-11	3.75436893027156E-11	8.66178938337006	3.35797145609078E-12	8.36085958933029E-11	43.2146972483404	1E10	1E-30	1E-10	1E10	1E-30	1E-10	1E10	1E-30	1E-10	1E10	1E-30	1E-10	1E10	1E-30	1E-10	1E10	1E-30	1E-10	1E10	1E-30	1E-10	1E10	1E-30	1E-10	1E10	1E-30	1E-10	1E10	1E-30	1E-10	1E10	1E-30	1E-10	1E10	1E-30	1E-10	1	-0.1	0.1
1231	9E-12	1E10	1E10	1E-30	1.74699419346262E-10	1E10	1E-30	1E10	0.19	1E-30	9.15600048997576E-12	0.157093614661011	1.85661817911653E-11	3.75436893027156E-11	8.66178938337006	3.35797145609078E-12	8.36085958933029E-11	43.2146972483404	1E10	1E-30	1E-10	1E10	1E-30	1E-10	1E10	1E-30	1E-10	1E10	1E-30	1E-10	1E10	1E-30	1E-10	1E10	1E-30	1E-10	1E10	1E-30	1E-10	1E10	1E-30	1E-10	1E10	1E-30	1E-10	1E10	1E-30	1E-10	1E10	1E-30	1E-10	1E10	1E-30	1E-10	1	-0.25	0.25
1232	9E-12	1E10	1E10	1E-30	1.74699419346262E-10	1E10	1E-30	1E10	0.19	1E-30	9.15600048997576E-12	0.157093614661011	1.85661817911653E-11	3.75436893027156E-11	8.66178938337006	3.35797145609078E-12	8.36085958933029E-11	43.2146972483404	1E10	1E-30	1E-10	1E10	1E-30	1E-10	1E10	1E-30	1E-10	1E10	1E-30	1E-10	1E10	1E-30	1E-10	1E10	1E-30	1E-10	1E10	1E-30	1E-10	1E10	1E-30	1E-10	1E10	1E-30	1E-10	1E10	1E-30	1E-10	1E10	1E-30	1E-10	1E10	1E-30	1E-10	1	-0.5	0.5
1233	9E-12	1E10	1E10	1E-30	1.74699419346262E-10	1E10	1E-30	1E10	0.19	1E-30	9.15600048997576E-12	0.157093614661011	1.85661817911653E-11	3.75436893027156E-11	8.66178938337006	3.35797145609078E-12	8.36085958933029E-11	43.2146972483404	1E10	1E-30	1E-10	1E10	1E-30	1E-10	1E10	1E-30	1E-10	1E10	1E-30	1E-10	1E10	1E-30	1E-10	1E10	1E-30	1E-10	1E10	1E-30	1E-10	1E10	1E-30	1E-10	1E10	1E-30	1E-10	1E10	1E-30	1E-10	1E10	1E-30	1E-10	1E10	1E-30	1E-10	1	-0.05	0.05
1234	9E-12	1E10	1E10	1E-30	1.74699419346262E-10	1E10	1E-30	1E10	0.19	1E-30	9.15600048997576E-12	0.157093614661011	1.85661817911653E-11	3.75436893027156E-11	8.66178938337006	3.35797145609078E-12	8.36085958933029E-11	43.2146972483404	1E10	1E-30	1E-10	1E10	1E-30	1E-10	1E10	1E-30	1E-10	1E10	1E-30	1E-10	1E10	1E-30	1E-10	1E10	1E-30	1E-10	1E10	1E-30	1E-10	1E10	1E-30	1E-10	1E10	1E-30	1E-10	1E10	1E-30	1E-10	1E10	1E-30	1E-10	1E10	1E-30	1E-10	1	-0.1	0.1
1235	9E-12	1E10	1E10	1E-30	1.74699419346262E-10	1E10	1E-30	1E10	0.19	1E-30	9.15600048997576E-12	0.157093614661011	1.85661817911653E-11	3.75436893027156E-11	8.66178938337006	3.35797145609078E-12	8.36085958933029E-11	43.2146972483404	1E10	1E-30	1E-10	1E10	1E-30	1E-10	1E10	1E-30	1E-10	1E10	1E-30	1E-10	1E10	1E-30	1E-10	1E10	1E-30	1E-10	1E10	1E-30	1E-10	1E10	1E-30	1E-10	1E10	1E-30	1E-10	1E10	1E-30	1E-10	1E10	1E-30	1E-10	1E10	1E-30	1E-10	1	-0.25	0.25
1236	9E-12	1E10	1E10	1E-30	1.74699419346262E-10	1E10	1E-30	1E10	0.19	1E-30	9.15600048997576E-12	0.157093614661011	1.85661817911653E-11	3.75436893027156E-11	8.66178938337006	3.35797145609078E-12	8.36085958933029E-11	43.2146972483404	1E10	1E-30	1E-10	1E10	1E-30	1E-10	1E10	1E-30	1E-10	1E10	1E-30	1E-10	1E10	1E-30	1E-10	1E10	1E-30	1E-10	1E10	1E-30	1E-10	1E10	1E-30	1E-10	1E10	1E-30	1E-10	1E10	1E-30	1E-10	1E10	1E-30	1E-10	1E10	1E-30	1E-10	1	-0.5	0.5
1237	9E-12	1E10	1E10	1E-30	1.74699419346262E-10	1E10	1E-30	1E10	0.19	1E-30	9.15600048997576E-12	0.157093614661011	1.85661817911653E-11	3.75436893027156E-11	8.66178938337006	3.35797145609078E-12	8.36085958933029E-11	43.2146972483404	1E10	1E-30	1E-10	1E10	1E-30	1E-10	1E10	1E-30	1E-10	1E10	1E-30	1E-10	1E10	1E-30	1E-10	1E10	1E-30	1E-10	1E10	1E-30	1E-10	1E10	1E-30	1E-10	1E10	1E-30	1E-10	1E10	1E-30	1E-10	1E10	1E-30	1E-10	1E10	1E-30	1E-10	1	-0.05	0.05
1238	9E-12	1E10	1E10	1E-30	1.74699419346262E-10	1E10	1E-30	1E10	0.19	1E-30	9.15600048997576E-12	0.157093614661011	1.85661817911653E-11	3.75436893027156E-11	8.66178938337006	3.35797145609078E-12	8.36085958933029E-11	43.2146972483404	1E10	1E-30	1E-10	1E10	1E-30	1E-10	1E10	1E-30	1E-10	1E10	1E-30	1E-10	1E10	1E-30	1E-10	1E10	1E-30	1E-10	1E10	1E-30	1E-10	1E10	1E-30	1E-10	1E10	1E-30	1E-10	1E10	1E-30	1E-10	1E10	1E-30	1E-10	1E10	1E-30	1E-10	1	-0.1	0.1
1239	9E-12	1E10	1E10	1E-30	1.74699419346262E-10	1E10	1E-30	1E10	0.19	1E-30	9.15600048997576E-12	0.157093614661011	1.85661817911653E-11	3.75436893027156E-11	8.66178938337006	3.35797145609078E-12	8.36085958933029E-11	43.2146972483404	1E10	1E-30	1E-10	1E10	1E-30	1E-10	1E10	1E-30	1E-10	1E10	1E-30	1E-10	1E10	1E-30	1E-10	1E10	1E-30	1E-10	1E10	1E-30	1E-10	1E10	1E-30	1E-10	1E10	1E-30	1E-10	1E10	1E-30	1E-10	1E10	1E-30	1E-10	1E10	1E-30	1E-10	1	-0.25	0.25
1240	9E-12	1E10	1E10	1E-30	1.74699419346262E-10	1E10	1E-30	1E10	0.19	1E-30	9.15600048997576E-12	0.157093614661011	1.85661817911653E-11	3.75436893027156E-11	8.66178938337006	3.35797145609078E-12	8.36085958933029E-11	43.2146972483404	1E10	1E-30	1E-10	1E10	1E-30	1E-10	1E10	1E-30	1E-10	1E10	1E-30	1E-10	1E10	1E-30	1E-10	1E10	1E-30	1E-10	1E10	1E-30	1E-10	1E10	1E-30	1E-10	1E10	1E-30	1E-10	1E10	1E-30	1E-10	1E10	1E-30	1E-10	1E10	1E-30	1E-10	1	-0.5	0.5
1241	9E-12	1E10	1E10	1E-30	1.74699419346262E-10	1E10	1E-30	1E10	0.19	1E-30	9.15600048997576E-12	0.157093614661011	1.85661817911653E-11	3.75436893027156E-11	8.66178938337006	3.35797145609078E-12	8.36085958933029E-11	43.2146972483404	1E10	1E-30	1E-10	1E10	1E-30	1E-10	1E10	1E-30	1E-10	1E10	1E-30	1E-10	1E10	1E-30	1E-10	1E10	1E-30	1E-10	1E10	1E-30	1E-10	1E10	1E-30	1E-10	1E10	1E-30	1E-10	1E10	1E-30	1E-10	1E10	1E-30	1E-10	1E10	1E-30	1E-10	1	-0.05	0.05
1242	9E-12	1E10	1E10	1E-30	1.74699419346262E-10	1E10	1E-30	1E10	0.19	1E-30	9.15600048997576E-12	0.157093614661011	1.85661817911653E-11	3.75436893027156E-11	8.66178938337006	3.35797145609078E-12	8.36085958933029E-11	43.2146972483404	1E10	1E-30	1E-10	1E10	1E-30	1E-10	1E10	1E-30	1E-10	1E10	1E-30	1E-10	1E10	1E-30	1E-10	1E10	1E-30	1E-10	1E10	1E-30	1E-10	1E10	1E-30	1E-10	1E10	1E-30	1E-10	1E10	1E-30	1E-10	1E10	1E-30	1E-10	1E10	1E-30	1E-10	1	-0.1	0.1
1243	9E-12	1E10	1E10	1E-30	1.74699419346262E-10	1E10	1E-30	1E10	0.19	1E-30	9.15600048997576E-12	0.157093614661011	1.85661817911653E-11	3.75436893027156E-11	8.66178938337006	3.35797145609078E-12	8.36085958933029E-11	43.2146972483404	1E10	1E-30	1E-10	1E10	1E-30	1E-10	1E10	1E-30	1E-10	1E10	1E-30	1E-10	1E10	1E-30	1E-10	1E10	1E-30	1E-10	1E10	1E-30	1E-10	1E10	1E-30	1E-10	1E10	1E-30	1E-10	1E10	1E-30	1E-10	1E10	1E-30	1E-10	1E10	1E-30	1E-10	1	-0.25	0.25
1244	9E-12	1E10	1E10	1E-30	1.74699419346262E-10	1E10	1E-30	1E10	0.19	1E-30	9.15600048997576E-12	0.157093614661011	1.85661817911653E-11	3.75436893027156E-11	8.66178938337006	3.35797145609078E-12	8.36085958933029E-11	43.2146972483404	1E10	1E-30	1E-10	1E10	1E-30	1E-10	1E10	1E-30	1E-10	1E10	1E-30	1E-10	1E10	1E-30	1E-10	1E10	1E-30	1E-10	1E10	1E-30	1E-10	1E10	1E-30	1E-10	1E10	1E-30	1E-10	1E10	1E-30	1E-10	1E10	1E-30	1E-10	1E10	1E-30	1E-10	1	-0.5	0.5
1245	9.1E-12	1E10	1E10	1E-30	1.74699419346262E-10	1E10	1E-30	1E10	0.19	1E-30	9.15600048997576E-12	0.157093614661011	1.85661817911653E-11	3.75436893027156E-11	8.66178938337006	3.35797145609078E-12	8.36085958933029E-11	43.2146972483404	1E10	1E-30	1E-10	1E10	1E-30	1E-10	1E10	1E-30	1E-10	1E10	1E-30	1E-10	1E10	1E-30	1E-10	1E10	1E-30	1E-10	1E10	1E-30	1E-10	1E10	1E-30	1E-10	1E10	1E-30	1E-10	1E10	1E-30	1E-10	1E10	1E-30	1E-10	1E10	1E-30	1E-10	1	-0.5	0.5
1246	9.1E-12	1E10	1E10	1E-30	1.74699419346262E-10	1E10	1E-30	1E10	0.19	1E-30	9.15600048997576E-12	0.157093614661011	1.85661817911653E-11	3.75436893027156E-11	8.66178938337006	3.35797145609078E-12	8.36085958933029E-11	43.2146972483404	1E10	1E-30	1E-10	1E10	1E-30	1E-10	1E10	1E-30	1E-10	1E10	1E-30	1E-10	1E10	1E-30	1E-10	1E10	1E-30	1E-10	1E10	1E-30	1E-10	1E10	1E-30	1E-10	1E10	1E-30	1E-10	1E10	1E-30	1E-10	1E10	1E-30	1E-10	1E10	1E-30	1E-10	1	-0.05	0.05
1247	9.1E-12	1E10	1E10	1E-30	1.74699419346262E-10	1E10	1E-30	1E10	0.19	1E-30	9.15600048997576E-12	0.157093614661011	1.85661817911653E-11	3.75436893027156E-11	8.66178938337006	3.35797145609078E-12	8.36085958933029E-11	43.2146972483404	1E10	1E-30	1E-10	1E10	1E-30	1E-10	1E10	1E-30	1E-10	1E10	1E-30	1E-10	1E10	1E-30	1E-10	1E10	1E-30	1E-10	1E10	1E-30	1E-10	1E10	1E-30	1E-10	1E10	1E-30	1E-10	1E10	1E-30	1E-10	1E10	1E-30	1E-10	1E10	1E-30	1E-10	1	-0.1	0.1
1248	9.1E-12	1E10	1E10	1E-30	1.74699419346262E-10	1E10	1E-30	1E10	0.19	1E-30	9.15600048997576E-12	0.157093614661011	1.85661817911653E-11	3.75436893027156E-11	8.66178938337006	3.35797145609078E-12	8.36085958933029E-11	43.2146972483404	1E10	1E-30	1E-10	1E10	1E-30	1E-10	1E10	1E-30	1E-10	1E10	1E-30	1E-10	1E10	1E-30	1E-10	1E10	1E-30	1E-10	1E10	1E-30	1E-10	1E10	1E-30	1E-10	1E10	1E-30	1E-10	1E10	1E-30	1E-10	1E10	1E-30	1E-10	1E10	1E-30	1E-10	1	-0.25	0.25
1249	9.1E-12	1E10	1E10	1E-30	1.74699419346262E-10	1E10	1E-30	1E10	0.19	1E-30	9.15600048997576E-12	0.157093614661011	1.85661817911653E-11	3.75436893027156E-11	8.66178938337006	3.35797145609078E-12	8.36085958933029E-11	43.2146972483404	1E10	1E-30	1E-10	1E10	1E-30	1E-10	1E10	1E-30	1E-10	1E10	1E-30	1E-10	1E10	1E-30	1E-10	1E10	1E-30	1E-10	1E10	1E-30	1E-10	1E10	1E-30	1E-10	1E10	1E-30	1E-10	1E10	1E-30	1E-10	1E10	1E-30	1E-10	1E10	1E-30	1E-10	1	-0.5	0.5
1250	9.1E-12	1E10	1E10	1E-30	1.74699419346262E-10	1E10	1E-30	1E10	0.19	1E-30	9.15600048997576E-12	0.157093614661011	1.85661817911653E-11	3.75436893027156E-11	8.66178938337006	3.35797145609078E-12	8.36085958933029E-11	43.2146972483404	1E10	1E-30	1E-10	1E10	1E-30	1E-10	1E10	1E-30	1E-10	1E10	1E-30	1E-10	1E10	1E-30	1E-10	1E10	1E-30	1E-10	1E10	1E-30	1E-10	1E10	1E-30	1E-10	1E10	1E-30	1E-10	1E10	1E-30	1E-10	1E10	1E-30	1E-10	1E10	1E-30	1E-10	1	-0.05	0.05
1251	9.1E-12	1E10	1E10	1E-30	1.74699419346262E-10	1E10	1E-30	1E10	0.19	1E-30	9.15600048997576E-12	0.157093614661011	1.85661817911653E-11	3.75436893027156E-11	8.66178938337006	3.35797145609078E-12	8.36085958933029E-11	43.2146972483404	1E10	1E-30	1E-10	1E10	1E-30	1E-10	1E10	1E-30	1E-10	1E10	1E-30	1E-10	1E10	1E-30	1E-10	1E10	1E-30	1E-10	1E10	1E-30	1E-10	1E10	1E-30	1E-10	1E10	1E-30	1E-10	1E10	1E-30	1E-10	1E10	1E-30	1E-10	1E10	1E-30	1E-10	1	-0.1	0.1
1252	9.1E-12	1E10	1E10	1E-30	1.74699419346262E-10	1E10	1E-30	1E10	0.19	1E-30	9.15600048997576E-12	0.157093614661011	1.85661817911653E-11	3.75436893027156E-11	8.66178938337006	3.35797145609078E-12	8.36085958933029E-11	43.2146972483404	1E10	1E-30	1E-10	1E10	1E-30	1E-10	1E10	1E-30	1E-10	1E10	1E-30	1E-10	1E10	1E-30	1E-10	1E10	1E-30	1E-10	1E10	1E-30	1E-10	1E10	1E-30	1E-10	1E10	1E-30	1E-10	1E10	1E-30	1E-10	1E10	1E-30	1E-10	1E10	1E-30	1E-10	1	-0.25	0.25
1253	9.1E-12	1E10	1E10	1E-30	1.74699419346262E-10	1E10	1E-30	1E10	0.19	1E-30	9.15600048997576E-12	0.157093614661011	1.85661817911653E-11	3.75436893027156E-11	8.66178938337006	3.35797145609078E-12	8.36085958933029E-11	43.2146972483404	1E10	1E-30	1E-10	1E10	1E-30	1E-10	1E10	1E-30	1E-10	1E10	1E-30	1E-10	1E10	1E-30	1E-10	1E10	1E-30	1E-10	1E10	1E-30	1E-10	1E10	1E-30	1E-10	1E10	1E-30	1E-10	1E10	1E-30	1E-10	1E10	1E-30	1E-10	1E10	1E-30	1E-10	1	-0.5	0.5
1254	9.1E-12	1E10	1E10	1E-30	1.74699419346262E-10	1E10	1E-30	1E10	0.19	1E-30	9.15600048997576E-12	0.157093614661011	1.85661817911653E-11	3.75436893027156E-11	8.66178938337006	3.35797145609078E-12	8.36085958933029E-11	43.2146972483404	1E10	1E-30	1E-10	1E10	1E-30	1E-10	1E10	1E-30	1E-10	1E10	1E-30	1E-10	1E10	1E-30	1E-10	1E10	1E-30	1E-10	1E10	1E-30	1E-10	1E10	1E-30	1E-10	1E10	1E-30	1E-10	1E10	1E-30	1E-10	1E10	1E-30	1E-10	1E10	1E-30	1E-10	1	-0.5	0.5
1255	9.1E-12	1E10	1E10	1E-30	1.74699419346262E-10	1E10	1E-30	1E10	0.19	1E-30	9.15600048997576E-12	0.157093614661011	1.85661817911653E-11	3.75436893027156E-11	8.66178938337006	3.35797145609078E-12	8.36085958933029E-11	43.2146972483404	1E10	1E-30	1E-10	1E10	1E-30	1E-10	1E10	1E-30	1E-10	1E10	1E-30	1E-10	1E10	1E-30	1E-10	1E10	1E-30	1E-10	1E10	1E-30	1E-10	1E10	1E-30	1E-10	1E10	1E-30	1E-10	1E10	1E-30	1E-10	1E10	1E-30	1E-10	1E10	1E-30	1E-10	1	-0.05	0.05
1256	9.1E-12	1E10	1E10	1E-30	1.74699419346262E-10	1E10	1E-30	1E10	0.19	1E-30	9.15600048997576E-12	0.157093614661011	1.85661817911653E-11	3.75436893027156E-11	8.66178938337006	3.35797145609078E-12	8.36085958933029E-11	43.2146972483404	1E10	1E-30	1E-10	1E10	1E-30	1E-10	1E10	1E-30	1E-10	1E10	1E-30	1E-10	1E10	1E-30	1E-10	1E10	1E-30	1E-10	1E10	1E-30	1E-10	1E10	1E-30	1E-10	1E10	1E-30	1E-10	1E10	1E-30	1E-10	1E10	1E-30	1E-10	1E10	1E-30	1E-10	1	-0.1	0.1
1257	9.1E-12	1E10	1E10	1E-30	1.74699419346262E-10	1E10	1E-30	1E10	0.19	1E-30	9.15600048997576E-12	0.157093614661011	1.85661817911653E-11	3.75436893027156E-11	8.66178938337006	3.35797145609078E-12	8.36085958933029E-11	43.2146972483404	1E10	1E-30	1E-10	1E10	1E-30	1E-10	1E10	1E-30	1E-10	1E10	1E-30	1E-10	1E10	1E-30	1E-10	1E10	1E-30	1E-10	1E10	1E-30	1E-10	1E10	1E-30	1E-10	1E10	1E-30	1E-10	1E10	1E-30	1E-10	1E10	1E-30	1E-10	1E10	1E-30	1E-10	1	-0.25	0.25
1258	9.1E-12	1E10	1E10	1E-30	1.74699419346262E-10	1E10	1E-30	1E10	0.19	1E-30	9.15600048997576E-12	0.157093614661011	1.85661817911653E-11	3.75436893027156E-11	8.66178938337006	3.35797145609078E-12	8.36085958933029E-11	43.2146972483404	1E10	1E-30	1E-10	1E10	1E-30	1E-10	1E10	1E-30	1E-10	1E10	1E-30	1E-10	1E10	1E-30	1E-10	1E10	1E-30	1E-10	1E10	1E-30	1E-10	1E10	1E-30	1E-10	1E10	1E-30	1E-10	1E10	1E-30	1E-10	1E10	1E-30	1E-10	1E10	1E-30	1E-10	1	-0.5	0.5
1259	9.1E-12	1E10	1E10	1E-30	1.74699419346262E-10	1E10	1E-30	1E10	0.19	1E-30	9.15600048997576E-12	0.157093614661011	1.85661817911653E-11	3.75436893027156E-11	8.66178938337006	3.35797145609078E-12	8.36085958933029E-11	43.2146972483404	1E10	1E-30	1E-10	1E10	1E-30	1E-10	1E10	1E-30	1E-10	1E10	1E-30	1E-10	1E10	1E-30	1E-10	1E10	1E-30	1E-10	1E10	1E-30	1E-10	1E10	1E-30	1E-10	1E10	1E-30	1E-10	1E10	1E-30	1E-10	1E10	1E-30	1E-10	1E10	1E-30	1E-10	1	-0.05	0.05
1260	9.1E-12	1E10	1E10	1E-30	1.74699419346262E-10	1E10	1E-30	1E10	0.19	1E-30	9.15600048997576E-12	0.157093614661011	1.85661817911653E-11	3.75436893027156E-11	8.66178938337006	3.35797145609078E-12	8.36085958933029E-11	43.2146972483404	1E10	1E-30	1E-10	1E10	1E-30	1E-10	1E10	1E-30	1E-10	1E10	1E-30	1E-10	1E10	1E-30	1E-10	1E10	1E-30	1E-10	1E10	1E-30	1E-10	1E10	1E-30	1E-10	1E10	1E-30	1E-10	1E10	1E-30	1E-10	1E10	1E-30	1E-10	1E10	1E-30	1E-10	1	-0.1	0.1
1261	9.1E-12	1E10	1E10	1E-30	1.74699419346262E-10	1E10	1E-30	1E10	0.19	1E-30	9.15600048997576E-12	0.157093614661011	1.85661817911653E-11	3.75436893027156E-11	8.66178938337006	3.35797145609078E-12	8.36085958933029E-11	43.2146972483404	1E10	1E-30	1E-10	1E10	1E-30	1E-10	1E10	1E-30	1E-10	1E10	1E-30	1E-10	1E10	1E-30	1E-10	1E10	1E-30	1E-10	1E10	1E-30	1E-10	1E10	1E-30	1E-10	1E10	1E-30	1E-10	1E10	1E-30	1E-10	1E10	1E-30	1E-10	1E10	1E-30	1E-10	1	-0.25	0.25
1262	9.1E-12	1E10	1E10	1E-30	1.74699419346262E-10	1E10	1E-30	1E10	0.19	1E-30	9.15600048997576E-12	0.157093614661011	1.85661817911653E-11	3.75436893027156E-11	8.66178938337006	3.35797145609078E-12	8.36085958933029E-11	43.2146972483404	1E10	1E-30	1E-10	1E10	1E-30	1E-10	1E10	1E-30	1E-10	1E10	1E-30	1E-10	1E10	1E-30	1E-10	1E10	1E-30	1E-10	1E10	1E-30	1E-10	1E10	1E-30	1E-10	1E10	1E-30	1E-10	1E10	1E-30	1E-10	1E10	1E-30	1E-10	1E10	1E-30	1E-10	1	-0.5	0.5
1263	9.2E-12	1E10	1E10	1E-30	2.47788105772573E-10	1E10	1E-30	1E10	0.17	1E-30	2.50344507246082E-11	0.469637352146153	2.24192361329158E-10	3.24515208296386E-12	0.719140565578487	3.44991968871641E-11	9.94920134532563E-12	1.59751449601901	6.20952721174056E-12	4.04501646309176E-11	99999.9999999999	1E10	1E-30	1E-10	1E10	1E-30	1E-10	1E10	1E-30	1E-10	1E10	1E-30	1E-10	1E10	1E-30	1E-10	1E10	1E-30	1E-10	1E10	1E-30	1E-10	1E10	1E-30	1E-10	1E10	1E-30	1E-10	1E10	1E-30	1E-10	1E10	1E-30	1E-10	1	-0.05	0.05
1264	9.2E-12	1E10	1E10	1E-30	2.47788105772573E-10	1E10	1E-30	1E10	0.17	1E-30	2.50344507246082E-11	0.469637352146153	2.24192361329158E-10	3.24515208296386E-12	0.719140565578487	3.44991968871641E-11	9.94920134532563E-12	1.59751449601901	6.20952721174056E-12	4.04501646309176E-11	99999.9999999999	1E10	1E-30	1E-10	1E10	1E-30	1E-10	1E10	1E-30	1E-10	1E10	1E-30	1E-10	1E10	1E-30	1E-10	1E10	1E-30	1E-10	1E10	1E-30	1E-10	1E10	1E-30	1E-10	1E10	1E-30	1E-10	1E10	1E-30	1E-10	1E10	1E-30	1E-10	1	-0.1	0.1
1265	9.2E-12	1E10	1E10	1E-30	2.47788105772573E-10	1E10	1E-30	1E10	0.17	1E-30	2.50344507246082E-11	0.469637352146153	2.24192361329158E-10	3.24515208296386E-12	0.719140565578487	3.44991968871641E-11	9.94920134532563E-12	1.59751449601901	6.20952721174056E-12	4.04501646309176E-11	99999.9999999999	1E10	1E-30	1E-10	1E10	1E-30	1E-10	1E10	1E-30	1E-10	1E10	1E-30	1E-10	1E10	1E-30	1E-10	1E10	1E-30	1E-10	1E10	1E-30	1E-10	1E10	1E-30	1E-10	1E10	1E-30	1E-10	1E10	1E-30	1E-10	1E10	1E-30	1E-10	1	-0.25	0.25
1266	9.2E-12	1E10	1E10	1E-30	2.47788105772573E-10	1E10	1E-30	1E10	0.17	1E-30	2.50344507246082E-11	0.469637352146153	2.24192361329158E-10	3.24515208296386E-12	0.719140565578487	3.44991968871641E-11	9.94920134532563E-12	1.59751449601901	6.20952721174056E-12	4.04501646309176E-11	99999.9999999999	1E10	1E-30	1E-10	1E10	1E-30	1E-10	1E10	1E-30	1E-10	1E10	1E-30	1E-10	1E10	1E-30	1E-10	1E10	1E-30	1E-10	1E10	1E-30	1E-10	1E10	1E-30	1E-10	1E10	1E-30	1E-10	1E10	1E-30	1E-10	1E10	1E-30	1E-10	1	-0.5	0.5
1267	9.2E-12	1E10	1E10	1E-30	2.47788105772573E-10	1E10	1E-30	1E10	0.17	1E-30	2.50344507246082E-11	0.469637352146153	2.24192361329158E-10	3.24515208296386E-12	0.719140565578487	3.44991968871641E-11	9.94920134532563E-12	1.59751449601901	6.20952721174056E-12	4.04501646309176E-11	99999.9999999999	1E10	1E-30	1E-10	1E10	1E-30	1E-10	1E10	1E-30	1E-10	1E10	1E-30	1E-10	1E10	1E-30	1E-10	1E10	1E-30	1E-10	1E10	1E-30	1E-10	1E10	1E-30	1E-10	1E10	1E-30	1E-10	1E10	1E-30	1E-10	1E10	1E-30	1E-10	1	-0.05	0.05
1268	9.2E-12	1E10	1E10	1E-30	2.47788105772573E-10	1E10	1E-30	1E10	0.17	1E-30	2.50344507246082E-11	0.469637352146153	2.24192361329158E-10	3.24515208296386E-12	0.719140565578487	3.44991968871641E-11	9.94920134532563E-12	1.59751449601901	6.20952721174056E-12	4.04501646309176E-11	99999.9999999999	1E10	1E-30	1E-10	1E10	1E-30	1E-10	1E10	1E-30	1E-10	1E10	1E-30	1E-10	1E10	1E-30	1E-10	1E10	1E-30	1E-10	1E10	1E-30	1E-10	1E10	1E-30	1E-10	1E10	1E-30	1E-10	1E10	1E-30	1E-10	1E10	1E-30	1E-10	1	-0.1	0.1
1269	9.2E-12	1E10	1E10	1E-30	2.47788105772573E-10	1E10	1E-30	1E10	0.17	1E-30	2.50344507246082E-11	0.469637352146153	2.24192361329158E-10	3.24515208296386E-12	0.719140565578487	3.44991968871641E-11	9.94920134532563E-12	1.59751449601901	6.20952721174056E-12	4.04501646309176E-11	99999.9999999999	1E10	1E-30	1E-10	1E10	1E-30	1E-10	1E10	1E-30	1E-10	1E10	1E-30	1E-10	1E10	1E-30	1E-10	1E10	1E-30	1E-10	1E10	1E-30	1E-10	1E10	1E-30	1E-10	1E10	1E-30	1E-10	1E10	1E-30	1E-10	1E10	1E-30	1E-10	1	-0.25	0.25
1270	9.2E-12	1E10	1E10	1E-30	2.47788105772573E-10	1E10	1E-30	1E10	0.17	1E-30	2.50344507246082E-11	0.469637352146153	2.24192361329158E-10	3.24515208296386E-12	0.719140565578487	3.44991968871641E-11	9.94920134532563E-12	1.59751449601901	6.20952721174056E-12	4.04501646309176E-11	99999.9999999999	1E10	1E-30	1E-10	1E10	1E-30	1E-10	1E10	1E-30	1E-10	1E10	1E-30	1E-10	1E10	1E-30	1E-10	1E10	1E-30	1E-10	1E10	1E-30	1E-10	1E10	1E-30	1E-10	1E10	1E-30	1E-10	1E10	1E-30	1E-10	1E10	1E-30	1E-10	1	-0.5	0.5
1271	9.2E-12	1E10	1E10	1E-30	2.47788105772573E-10	1E10	1E-30	1E10	0.17	1E-30	2.50344507246082E-11	0.469637352146153	2.24192361329158E-10	3.24515208296386E-12	0.719140565578487	3.44991968871641E-11	9.94920134532563E-12	1.59751449601901	6.20952721174056E-12	4.04501646309176E-11	99999.9999999999	1E10	1E-30	1E-10	1E10	1E-30	1E-10	1E10	1E-30	1E-10	1E10	1E-30	1E-10	1E10	1E-30	1E-10	1E10	1E-30	1E-10	1E10	1E-30	1E-10	1E10	1E-30	1E-10	1E10	1E-30	1E-10	1E10	1E-30	1E-10	1E10	1E-30	1E-10	1	-0.05	0.05
1272	9.2E-12	1E10	1E10	1E-30	2.47788105772573E-10	1E10	1E-30	1E10	0.17	1E-30	2.50344507246082E-11	0.469637352146153	2.24192361329158E-10	3.24515208296386E-12	0.719140565578487	3.44991968871641E-11	9.94920134532563E-12	1.59751449601901	6.20952721174056E-12	4.04501646309176E-11	99999.9999999999	1E10	1E-30	1E-10	1E10	1E-30	1E-10	1E10	1E-30	1E-10	1E10	1E-30	1E-10	1E10	1E-30	1E-10	1E10	1E-30	1E-10	1E10	1E-30	1E-10	1E10	1E-30	1E-10	1E10	1E-30	1E-10	1E10	1E-30	1E-10	1E10	1E-30	1E-10	1	-0.1	0.1
1273	9.2E-12	1E10	1E10	1E-30	2.47788105772573E-10	1E10	1E-30	1E10	0.17	1E-30	2.50344507246082E-11	0.469637352146153	2.24192361329158E-10	3.24515208296386E-12	0.719140565578487	3.44991968871641E-11	9.94920134532563E-12	1.59751449601901	6.20952721174056E-12	4.04501646309176E-11	99999.9999999999	1E10	1E-30	1E-10	1E10	1E-30	1E-10	1E10	1E-30	1E-10	1E10	1E-30	1E-10	1E10	1E-30	1E-10	1E10	1E-30	1E-10	1E10	1E-30	1E-10	1E10	1E-30	1E-10	1E10	1E-30	1E-10	1E10	1E-30	1E-10	1E10	1E-30	1E-10	1	-0.25	0.25
1274	9.2E-12	1E10	1E10	1E-30	2.47788105772573E-10	1E10	1E-30	1E10	0.17	1E-30	2.50344507246082E-11	0.469637352146153	2.24192361329158E-10	3.24515208296386E-12	0.719140565578487	3.44991968871641E-11	9.94920134532563E-12	1.59751449601901	6.20952721174056E-12	4.04501646309176E-11	99999.9999999999	1E10	1E-30	1E-10	1E10	1E-30	1E-10	1E10	1E-30	1E-10	1E10	1E-30	1E-10	1E10	1E-30	1E-10	1E10	1E-30	1E-10	1E10	1E-30	1E-10	1E10	1E-30	1E-10	1E10	1E-30	1E-10	1E10	1E-30	1E-10	1E10	1E-30	1E-10	1	-0.5	0.5
1275	9.2E-12	1E10	1E10	1E-30	2.47788105772573E-10	1E10	1E-30	1E10	0.17	1E-30	2.50344507246082E-11	0.469637352146153	2.24192361329158E-10	3.24515208296386E-12	0.719140565578487	3.44991968871641E-11	9.94920134532563E-12	1.59751449601901	6.20952721174056E-12	4.04501646309176E-11	99999.9999999999	1E10	1E-30	1E-10	1E10	1E-30	1E-10	1E10	1E-30	1E-10	1E10	1E-30	1E-10	1E10	1E-30	1E-10	1E10	1E-30	1E-10	1E10	1E-30	1E-10	1E10	1E-30	1E-10	1E10	1E-30	1E-10	1E10	1E-30	1E-10	1E10	1E-30	1E-10	1	-0.05	0.05
1276	9.2E-12	1E10	1E10	1E-30	2.47788105772573E-10	1E10	1E-30	1E10	0.17	1E-30	2.50344507246082E-11	0.469637352146153	2.24192361329158E-10	3.24515208296386E-12	0.719140565578487	3.44991968871641E-11	9.94920134532563E-12	1.59751449601901	6.20952721174056E-12	4.04501646309176E-11	99999.9999999999	1E10	1E-30	1E-10	1E10	1E-30	1E-10	1E10	1E-30	1E-10	1E10	1E-30	1E-10	1E10	1E-30	1E-10	1E10	1E-30	1E-10	1E10	1E-30	1E-10	1E10	1E-30	1E-10	1E10	1E-30	1E-10	1E10	1E-30	1E-10	1E10	1E-30	1E-10	1	-0.1	0.1
1277	9.2E-12	1E10	1E10	1E-30	2.47788105772573E-10	1E10	1E-30	1E10	0.17	1E-30	2.50344507246082E-11	0.469637352146153	2.24192361329158E-10	3.24515208296386E-12	0.719140565578487	3.44991968871641E-11	9.94920134532563E-12	1.59751449601901	6.20952721174056E-12	4.04501646309176E-11	99999.9999999999	1E10	1E-30	1E-10	1E10	1E-30	1E-10	1E10	1E-30	1E-10	1E10	1E-30	1E-10	1E10	1E-30	1E-10	1E10	1E-30	1E-10	1E10	1E-30	1E-10	1E10	1E-30	1E-10	1E10	1E-30	1E-10	1E10	1E-30	1E-10	1E10	1E-30	1E-10	1	-0.25	0.25
1278	9.2E-12	1E10	1E10	1E-30	2.47788105772573E-10	1E10	1E-30	1E10	0.17	1E-30	2.50344507246082E-11	0.469637352146153	2.24192361329158E-10	3.24515208296386E-12	0.719140565578487	3.44991968871641E-11	9.94920134532563E-12	1.59751449601901	6.20952721174056E-12	4.04501646309176E-11	99999.9999999999	1E10	1E-30	1E-10	1E10	1E-30	1E-10	1E10	1E-30	1E-10	1E10	1E-30	1E-10	1E10	1E-30	1E-10	1E10	1E-30	1E-10	1E10	1E-30	1E-10	1E10	1E-30	1E-10	1E10	1E-30	1E-10	1E10	1E-30	1E-10	1E10	1E-30	1E-10	1	-0.5	0.5
1279	9.3E-12	1E10	1E10	1E-30	2.47788105772573E-10	1E10	1E-30	1E10	0.17	1E-30	2.50344507246082E-11	0.469637352146153	2.24192361329158E-10	3.24515208296386E-12	0.719140565578487	3.44991968871641E-11	9.94920134532563E-12	1.59751449601901	6.20952721174056E-12	4.04501646309176E-11	99999.9999999999	1E10	1E-30	1E-10	1E10	1E-30	1E-10	1E10	1E-30	1E-10	1E10	1E-30	1E-10	1E10	1E-30	1E-10	1E10	1E-30	1E-10	1E10	1E-30	1E-10	1E10	1E-30	1E-10	1E10	1E-30	1E-10	1E10	1E-30	1E-10	1E10	1E-30	1E-10	1	-0.05	0.05
1280	9.3E-12	1E10	1E10	1E-30	2.47788105772573E-10	1E10	1E-30	1E10	0.17	1E-30	2.50344507246082E-11	0.469637352146153	2.24192361329158E-10	3.24515208296386E-12	0.719140565578487	3.44991968871641E-11	9.94920134532563E-12	1.59751449601901	6.20952721174056E-12	4.04501646309176E-11	99999.9999999999	1E10	1E-30	1E-10	1E10	1E-30	1E-10	1E10	1E-30	1E-10	1E10	1E-30	1E-10	1E10	1E-30	1E-10	1E10	1E-30	1E-10	1E10	1E-30	1E-10	1E10	1E-30	1E-10	1E10	1E-30	1E-10	1E10	1E-30	1E-10	1E10	1E-30	1E-10	1	-0.1	0.1
1281	9.3E-12	1E10	1E10	1E-30	2.47788105772573E-10	1E10	1E-30	1E10	0.17	1E-30	2.50344507246082E-11	0.469637352146153	2.24192361329158E-10	3.24515208296386E-12	0.719140565578487	3.44991968871641E-11	9.94920134532563E-12	1.59751449601901	6.20952721174056E-12	4.04501646309176E-11	99999.9999999999	1E10	1E-30	1E-10	1E10	1E-30	1E-10	1E10	1E-30	1E-10	1E10	1E-30	1E-10	1E10	1E-30	1E-10	1E10	1E-30	1E-10	1E10	1E-30	1E-10	1E10	1E-30	1E-10	1E10	1E-30	1E-10	1E10	1E-30	1E-10	1E10	1E-30	1E-10	1	-0.25	0.25
1282	9.3E-12	1E10	1E10	1E-30	2.47788105772573E-10	1E10	1E-30	1E10	0.17	1E-30	2.50344507246082E-11	0.469637352146153	2.24192361329158E-10	3.24515208296386E-12	0.719140565578487	3.44991968871641E-11	9.94920134532563E-12	1.59751449601901	6.20952721174056E-12	4.04501646309176E-11	99999.9999999999	1E10	1E-30	1E-10	1E10	1E-30	1E-10	1E10	1E-30	1E-10	1E10	1E-30	1E-10	1E10	1E-30	1E-10	1E10	1E-30	1E-10	1E10	1E-30	1E-10	1E10	1E-30	1E-10	1E10	1E-30	1E-10	1E10	1E-30	1E-10	1E10	1E-30	1E-10	1	-0.5	0.5
1283	9.3E-12	1E10	1E10	1E-30	2.47788105772573E-10	1E10	1E-30	1E10	0.17	1E-30	2.50344507246082E-11	0.469637352146153	2.24192361329158E-10	3.24515208296386E-12	0.719140565578487	3.44991968871641E-11	9.94920134532563E-12	1.59751449601901	6.20952721174056E-12	4.04501646309176E-11	99999.9999999999	1E10	1E-30	1E-10	1E10	1E-30	1E-10	1E10	1E-30	1E-10	1E10	1E-30	1E-10	1E10	1E-30	1E-10	1E10	1E-30	1E-10	1E10	1E-30	1E-10	1E10	1E-30	1E-10	1E10	1E-30	1E-10	1E10	1E-30	1E-10	1E10	1E-30	1E-10	1	-0.05	0.05
1284	9.3E-12	1E10	1E10	1E-30	2.47788105772573E-10	1E10	1E-30	1E10	0.17	1E-30	2.50344507246082E-11	0.469637352146153	2.24192361329158E-10	3.24515208296386E-12	0.719140565578487	3.44991968871641E-11	9.94920134532563E-12	1.59751449601901	6.20952721174056E-12	4.04501646309176E-11	99999.9999999999	1E10	1E-30	1E-10	1E10	1E-30	1E-10	1E10	1E-30	1E-10	1E10	1E-30	1E-10	1E10	1E-30	1E-10	1E10	1E-30	1E-10	1E10	1E-30	1E-10	1E10	1E-30	1E-10	1E10	1E-30	1E-10	1E10	1E-30	1E-10	1E10	1E-30	1E-10	1	-0.1	0.1
1285	9.3E-12	1E10	1E10	1E-30	2.47788105772573E-10	1E10	1E-30	1E10	0.17	1E-30	2.50344507246082E-11	0.469637352146153	2.24192361329158E-10	3.24515208296386E-12	0.719140565578487	3.44991968871641E-11	9.94920134532563E-12	1.59751449601901	6.20952721174056E-12	4.04501646309176E-11	99999.9999999999	1E10	1E-30	1E-10	1E10	1E-30	1E-10	1E10	1E-30	1E-10	1E10	1E-30	1E-10	1E10	1E-30	1E-10	1E10	1E-30	1E-10	1E10	1E-30	1E-10	1E10	1E-30	1E-10	1E10	1E-30	1E-10	1E10	1E-30	1E-10	1E10	1E-30	1E-10	1	-0.25	0.25
1286	9.3E-12	1E10	1E10	1E-30	2.47788105772573E-10	1E10	1E-30	1E10	0.17	1E-30	2.50344507246082E-11	0.469637352146153	2.24192361329158E-10	3.24515208296386E-12	0.719140565578487	3.44991968871641E-11	9.94920134532563E-12	1.59751449601901	6.20952721174056E-12	4.04501646309176E-11	99999.9999999999	1E10	1E-30	1E-10	1E10	1E-30	1E-10	1E10	1E-30	1E-10	1E10	1E-30	1E-10	1E10	1E-30	1E-10	1E10	1E-30	1E-10	1E10	1E-30	1E-10	1E10	1E-30	1E-10	1E10	1E-30	1E-10	1E10	1E-30	1E-10	1E10	1E-30	1E-10	1	-0.5	0.5
1287	9.3E-12	1E10	1E10	1E-30	2.47788105772573E-10	1E10	1E-30	1E10	0.17	1E-30	2.50344507246082E-11	0.469637352146153	2.24192361329158E-10	3.24515208296386E-12	0.719140565578487	3.44991968871641E-11	9.94920134532563E-12	1.59751449601901	6.20952721174056E-12	4.04501646309176E-11	99999.9999999999	1E10	1E-30	1E-10	1E10	1E-30	1E-10	1E10	1E-30	1E-10	1E10	1E-30	1E-10	1E10	1E-30	1E-10	1E10	1E-30	1E-10	1E10	1E-30	1E-10	1E10	1E-30	1E-10	1E10	1E-30	1E-10	1E10	1E-30	1E-10	1E10	1E-30	1E-10	1	-0.05	0.05
1288	9.3E-12	1E10	1E10	1E-30	2.47788105772573E-10	1E10	1E-30	1E10	0.17	1E-30	2.50344507246082E-11	0.469637352146153	2.24192361329158E-10	3.24515208296386E-12	0.719140565578487	3.44991968871641E-11	9.94920134532563E-12	1.59751449601901	6.20952721174056E-12	4.04501646309176E-11	99999.9999999999	1E10	1E-30	1E-10	1E10	1E-30	1E-10	1E10	1E-30	1E-10	1E10	1E-30	1E-10	1E10	1E-30	1E-10	1E10	1E-30	1E-10	1E10	1E-30	1E-10	1E10	1E-30	1E-10	1E10	1E-30	1E-10	1E10	1E-30	1E-10	1E10	1E-30	1E-10	1	-0.1	0.1
1289	9.3E-12	1E10	1E10	1E-30	2.47788105772573E-10	1E10	1E-30	1E10	0.17	1E-30	2.50344507246082E-11	0.469637352146153	2.24192361329158E-10	3.24515208296386E-12	0.719140565578487	3.44991968871641E-11	9.94920134532563E-12	1.59751449601901	6.20952721174056E-12	4.04501646309176E-11	99999.9999999999	1E10	1E-30	1E-10	1E10	1E-30	1E-10	1E10	1E-30	1E-10	1E10	1E-30	1E-10	1E10	1E-30	1E-10	1E10	1E-30	1E-10	1E10	1E-30	1E-10	1E10	1E-30	1E-10	1E10	1E-30	1E-10	1E10	1E-30	1E-10	1E10	1E-30	1E-10	1	-0.25	0.25
1290	9.3E-12	1E10	1E10	1E-30	2.47788105772573E-10	1E10	1E-30	1E10	0.17	1E-30	2.50344507246082E-11	0.469637352146153	2.24192361329158E-10	3.24515208296386E-12	0.719140565578487	3.44991968871641E-11	9.94920134532563E-12	1.59751449601901	6.20952721174056E-12	4.04501646309176E-11	99999.9999999999	1E10	1E-30	1E-10	1E10	1E-30	1E-10	1E10	1E-30	1E-10	1E10	1E-30	1E-10	1E10	1E-30	1E-10	1E10	1E-30	1E-10	1E10	1E-30	1E-10	1E10	1E-30	1E-10	1E10	1E-30	1E-10	1E10	1E-30	1E-10	1E10	1E-30	1E-10	1	-0.5	0.5
1291	9.3E-12	1E10	1E10	1E-30	2.47788105772573E-10	1E10	1E-30	1E10	0.17	1E-30	2.50344507246082E-11	0.469637352146153	2.24192361329158E-10	3.24515208296386E-12	0.719140565578487	3.44991968871641E-11	9.94920134532563E-12	1.59751449601901	6.20952721174056E-12	4.04501646309176E-11	99999.9999999999	1E10	1E-30	1E-10	1E10	1E-30	1E-10	1E10	1E-30	1E-10	1E10	1E-30	1E-10	1E10	1E-30	1E-10	1E10	1E-30	1E-10	1E10	1E-30	1E-10	1E10	1E-30	1E-10	1E10	1E-30	1E-10	1E10	1E-30	1E-10	1E10	1E-30	1E-10	1	-0.05	0.05
1292	9.3E-12	1E10	1E10	1E-30	2.47788105772573E-10	1E10	1E-30	1E10	0.17	1E-30	2.50344507246082E-11	0.469637352146153	2.24192361329158E-10	3.24515208296386E-12	0.719140565578487	3.44991968871641E-11	9.94920134532563E-12	1.59751449601901	6.20952721174056E-12	4.04501646309176E-11	99999.9999999999	1E10	1E-30	1E-10	1E10	1E-30	1E-10	1E10	1E-30	1E-10	1E10	1E-30	1E-10	1E10	1E-30	1E-10	1E10	1E-30	1E-10	1E10	1E-30	1E-10	1E10	1E-30	1E-10	1E10	1E-30	1E-10	1E10	1E-30	1E-10	1E10	1E-30	1E-10	1	-0.1	0.1
1293	9.3E-12	1E10	1E10	1E-30	2.47788105772573E-10	1E10	1E-30	1E10	0.17	1E-30	2.50344507246082E-11	0.469637352146153	2.24192361329158E-10	3.24515208296386E-12	0.719140565578487	3.44991968871641E-11	9.94920134532563E-12	1.59751449601901	6.20952721174056E-12	4.04501646309176E-11	99999.9999999999	1E10	1E-30	1E-10	1E10	1E-30	1E-10	1E10	1E-30	1E-10	1E10	1E-30	1E-10	1E10	1E-30	1E-10	1E10	1E-30	1E-10	1E10	1E-30	1E-10	1E10	1E-30	1E-10	1E10	1E-30	1E-10	1E10	1E-30	1E-10	1E10	1E-30	1E-10	1	-0.25	0.25
1294	9.3E-12	1E10	1E10	1E-30	2.47788105772573E-10	1E10	1E-30	1E10	0.17	1E-30	2.50344507246082E-11	0.469637352146153	2.24192361329158E-10	3.24515208296386E-12	0.719140565578487	3.44991968871641E-11	9.94920134532563E-12	1.59751449601901	6.20952721174056E-12	4.04501646309176E-11	99999.9999999999	1E10	1E-30	1E-10	1E10	1E-30	1E-10	1E10	1E-30	1E-10	1E10	1E-30	1E-10	1E10	1E-30	1E-10	1E10	1E-30	1E-10	1E10	1E-30	1E-10	1E10	1E-30	1E-10	1E10	1E-30	1E-10	1E10	1E-30	1E-10	1E10	1E-30	1E-10	1	-0.5	0.5
1295	9.4E-12	1E10	1E10	1E-30	2.47788105772573E-10	1E10	1E-30	1E10	0.17	1E-30	2.50344507246082E-11	0.469637352146153	2.24192361329158E-10	3.24515208296386E-12	0.719140565578487	3.44991968871641E-11	9.94920134532563E-12	1.59751449601901	6.20952721174056E-12	4.04501646309176E-11	99999.9999999999	1E10	1E-30	1E-10	1E10	1E-30	1E-10	1E10	1E-30	1E-10	1E10	1E-30	1E-10	1E10	1E-30	1E-10	1E10	1E-30	1E-10	1E10	1E-30	1E-10	1E10	1E-30	1E-10	1E10	1E-30	1E-10	1E10	1E-30	1E-10	1E10	1E-30	1E-10	1	-0.05	0.05
1296	9.4E-12	1E10	1E10	1E-30	2.47788105772573E-10	1E10	1E-30	1E10	0.17	1E-30	2.50344507246082E-11	0.469637352146153	2.24192361329158E-10	3.24515208296386E-12	0.719140565578487	3.44991968871641E-11	9.94920134532563E-12	1.59751449601901	6.20952721174056E-12	4.04501646309176E-11	99999.9999999999	1E10	1E-30	1E-10	1E10	1E-30	1E-10	1E10	1E-30	1E-10	1E10	1E-30	1E-10	1E10	1E-30	1E-10	1E10	1E-30	1E-10	1E10	1E-30	1E-10	1E10	1E-30	1E-10	1E10	1E-30	1E-10	1E10	1E-30	1E-10	1E10	1E-30	1E-10	1	-0.1	0.1
1297	9.4E-12	1E10	1E10	1E-30	2.47788105772573E-10	1E10	1E-30	1E10	0.17	1E-30	2.50344507246082E-11	0.469637352146153	2.24192361329158E-10	3.24515208296386E-12	0.719140565578487	3.44991968871641E-11	9.94920134532563E-12	1.59751449601901	6.20952721174056E-12	4.04501646309176E-11	99999.9999999999	1E10	1E-30	1E-10	1E10	1E-30	1E-10	1E10	1E-30	1E-10	1E10	1E-30	1E-10	1E10	1E-30	1E-10	1E10	1E-30	1E-10	1E10	1E-30	1E-10	1E10	1E-30	1E-10	1E10	1E-30	1E-10	1E10	1E-30	1E-10	1E10	1E-30	1E-10	1	-0.25	0.25
1298	9.4E-12	1E10	1E10	1E-30	2.47788105772573E-10	1E10	1E-30	1E10	0.17	1E-30	2.50344507246082E-11	0.469637352146153	2.24192361329158E-10	3.24515208296386E-12	0.719140565578487	3.44991968871641E-11	9.94920134532563E-12	1.59751449601901	6.20952721174056E-12	4.04501646309176E-11	99999.9999999999	1E10	1E-30	1E-10	1E10	1E-30	1E-10	1E10	1E-30	1E-10	1E10	1E-30	1E-10	1E10	1E-30	1E-10	1E10	1E-30	1E-10	1E10	1E-30	1E-10	1E10	1E-30	1E-10	1E10	1E-30	1E-10	1E10	1E-30	1E-10	1E10	1E-30	1E-10	1	-0.5	0.5
1299	9.4E-12	1E10	1E10	1E-30	2.47788105772573E-10	1E10	1E-30	1E10	0.17	1E-30	2.50344507246082E-11	0.469637352146153	2.24192361329158E-10	3.24515208296386E-12	0.719140565578487	3.44991968871641E-11	9.94920134532563E-12	1.59751449601901	6.20952721174056E-12	4.04501646309176E-11	99999.9999999999	1E10	1E-30	1E-10	1E10	1E-30	1E-10	1E10	1E-30	1E-10	1E10	1E-30	1E-10	1E10	1E-30	1E-10	1E10	1E-30	1E-10	1E10	1E-30	1E-10	1E10	1E-30	1E-10	1E10	1E-30	1E-10	1E10	1E-30	1E-10	1E10	1E-30	1E-10	1	-0.05	0.05
1300	9.4E-12	1E10	1E10	1E-30	2.47788105772573E-10	1E10	1E-30	1E10	0.17	1E-30	2.50344507246082E-11	0.469637352146153	2.24192361329158E-10	3.24515208296386E-12	0.719140565578487	3.44991968871641E-11	9.94920134532563E-12	1.59751449601901	6.20952721174056E-12	4.04501646309176E-11	99999.9999999999	1E10	1E-30	1E-10	1E10	1E-30	1E-10	1E10	1E-30	1E-10	1E10	1E-30	1E-10	1E10	1E-30	1E-10	1E10	1E-30	1E-10	1E10	1E-30	1E-10	1E10	1E-30	1E-10	1E10	1E-30	1E-10	1E10	1E-30	1E-10	1E10	1E-30	1E-10	1	-0.1	0.1
1301	9.4E-12	1E10	1E10	1E-30	2.47788105772573E-10	1E10	1E-30	1E10	0.17	1E-30	2.50344507246082E-11	0.469637352146153	2.24192361329158E-10	3.24515208296386E-12	0.719140565578487	3.44991968871641E-11	9.94920134532563E-12	1.59751449601901	6.20952721174056E-12	4.04501646309176E-11	99999.9999999999	1E10	1E-30	1E-10	1E10	1E-30	1E-10	1E10	1E-30	1E-10	1E10	1E-30	1E-10	1E10	1E-30	1E-10	1E10	1E-30	1E-10	1E10	1E-30	1E-10	1E10	1E-30	1E-10	1E10	1E-30	1E-10	1E10	1E-30	1E-10	1E10	1E-30	1E-10	1	-0.25	0.25
1302	9.4E-12	1E10	1E10	1E-30	2.47788105772573E-10	1E10	1E-30	1E10	0.17	1E-30	2.50344507246082E-11	0.469637352146153	2.24192361329158E-10	3.24515208296386E-12	0.719140565578487	3.44991968871641E-11	9.94920134532563E-12	1.59751449601901	6.20952721174056E-12	4.04501646309176E-11	99999.9999999999	1E10	1E-30	1E-10	1E10	1E-30	1E-10	1E10	1E-30	1E-10	1E10	1E-30	1E-10	1E10	1E-30	1E-10	1E10	1E-30	1E-10	1E10	1E-30	1E-10	1E10	1E-30	1E-10	1E10	1E-30	1E-10	1E10	1E-30	1E-10	1E10	1E-30	1E-10	1	-0.5	0.5
1303	9.4E-12	1E10	1E10	1E-30	2.47788105772573E-10	1E10	1E-30	1E10	0.17	1E-30	2.50344507246082E-11	0.469637352146153	2.24192361329158E-10	3.24515208296386E-12	0.719140565578487	3.44991968871641E-11	9.94920134532563E-12	1.59751449601901	6.20952721174056E-12	4.04501646309176E-11	99999.9999999999	1E10	1E-30	1E-10	1E10	1E-30	1E-10	1E10	1E-30	1E-10	1E10	1E-30	1E-10	1E10	1E-30	1E-10	1E10	1E-30	1E-10	1E10	1E-30	1E-10	1E10	1E-30	1E-10	1E10	1E-30	1E-10	1E10	1E-30	1E-10	1E10	1E-30	1E-10	1	-0.05	0.05
1304	9.4E-12	1E10	1E10	1E-30	2.47788105772573E-10	1E10	1E-30	1E10	0.17	1E-30	2.50344507246082E-11	0.469637352146153	2.24192361329158E-10	3.24515208296386E-12	0.719140565578487	3.44991968871641E-11	9.94920134532563E-12	1.59751449601901	6.20952721174056E-12	4.04501646309176E-11	99999.9999999999	1E10	1E-30	1E-10	1E10	1E-30	1E-10	1E10	1E-30	1E-10	1E10	1E-30	1E-10	1E10	1E-30	1E-10	1E10	1E-30	1E-10	1E10	1E-30	1E-10	1E10	1E-30	1E-10	1E10	1E-30	1E-10	1E10	1E-30	1E-10	1E10	1E-30	1E-10	1	-0.1	0.1
1305	9.4E-12	1E10	1E10	1E-30	2.47788105772573E-10	1E10	1E-30	1E10	0.17	1E-30	2.50344507246082E-11	0.469637352146153	2.24192361329158E-10	3.24515208296386E-12	0.719140565578487	3.44991968871641E-11	9.94920134532563E-12	1.59751449601901	6.20952721174056E-12	4.04501646309176E-11	99999.9999999999	1E10	1E-30	1E-10	1E10	1E-30	1E-10	1E10	1E-30	1E-10	1E10	1E-30	1E-10	1E10	1E-30	1E-10	1E10	1E-30	1E-10	1E10	1E-30	1E-10	1E10	1E-30	1E-10	1E10	1E-30	1E-10	1E10	1E-30	1E-10	1E10	1E-30	1E-10	1	-0.25	0.25
1306	9.4E-12	1E10	1E10	1E-30	2.47788105772573E-10	1E10	1E-30	1E10	0.17	1E-30	2.50344507246082E-11	0.469637352146153	2.24192361329158E-10	3.24515208296386E-12	0.719140565578487	3.44991968871641E-11	9.94920134532563E-12	1.59751449601901	6.20952721174056E-12	4.04501646309176E-11	99999.9999999999	1E10	1E-30	1E-10	1E10	1E-30	1E-10	1E10	1E-30	1E-10	1E10	1E-30	1E-10	1E10	1E-30	1E-10	1E10	1E-30	1E-10	1E10	1E-30	1E-10	1E10	1E-30	1E-10	1E10	1E-30	1E-10	1E10	1E-30	1E-10	1E10	1E-30	1E-10	1	-0.5	0.5
1307	9.4E-12	1E10	1E10	1E-30	2.47788105772573E-10	1E10	1E-30	1E10	0.17	1E-30	2.50344507246082E-11	0.469637352146153	2.24192361329158E-10	3.24515208296386E-12	0.719140565578487	3.44991968871641E-11	9.94920134532563E-12	1.59751449601901	6.20952721174056E-12	4.04501646309176E-11	99999.9999999999	1E10	1E-30	1E-10	1E10	1E-30	1E-10	1E10	1E-30	1E-10	1E10	1E-30	1E-10	1E10	1E-30	1E-10	1E10	1E-30	1E-10	1E10	1E-30	1E-10	1E10	1E-30	1E-10	1E10	1E-30	1E-10	1E10	1E-30	1E-10	1E10	1E-30	1E-10	1	-0.05	0.05
1308	9.4E-12	1E10	1E10	1E-30	2.47788105772573E-10	1E10	1E-30	1E10	0.17	1E-30	2.50344507246082E-11	0.469637352146153	2.24192361329158E-10	3.24515208296386E-12	0.719140565578487	3.44991968871641E-11	9.94920134532563E-12	1.59751449601901	6.20952721174056E-12	4.04501646309176E-11	99999.9999999999	1E10	1E-30	1E-10	1E10	1E-30	1E-10	1E10	1E-30	1E-10	1E10	1E-30	1E-10	1E10	1E-30	1E-10	1E10	1E-30	1E-10	1E10	1E-30	1E-10	1E10	1E-30	1E-10	1E10	1E-30	1E-10	1E10	1E-30	1E-10	1E10	1E-30	1E-10	1	-0.1	0.1
1309	9.4E-12	1E10	1E10	1E-30	2.47788105772573E-10	1E10	1E-30	1E10	0.17	1E-30	2.50344507246082E-11	0.469637352146153	2.24192361329158E-10	3.24515208296386E-12	0.719140565578487	3.44991968871641E-11	9.94920134532563E-12	1.59751449601901	6.20952721174056E-12	4.04501646309176E-11	99999.9999999999	1E10	1E-30	1E-10	1E10	1E-30	1E-10	1E10	1E-30	1E-10	1E10	1E-30	1E-10	1E10	1E-30	1E-10	1E10	1E-30	1E-10	1E10	1E-30	1E-10	1E10	1E-30	1E-10	1E10	1E-30	1E-10	1E10	1E-30	1E-10	1E10	1E-30	1E-10	1	-0.25	0.25
1310	9.4E-12	1E10	1E10	1E-30	2.47788105772573E-10	1E10	1E-30	1E10	0.17	1E-30	2.50344507246082E-11	0.469637352146153	2.24192361329158E-10	3.24515208296386E-12	0.719140565578487	3.44991968871641E-11	9.94920134532563E-12	1.59751449601901	6.20952721174056E-12	4.04501646309176E-11	99999.9999999999	1E10	1E-30	1E-10	1E10	1E-30	1E-10	1E10	1E-30	1E-10	1E10	1E-30	1E-10	1E10	1E-30	1E-10	1E10	1E-30	1E-10	1E10	1E-30	1E-10	1E10	1E-30	1E-10	1E10	1E-30	1E-10	1E10	1E-30	1E-10	1E10	1E-30	1E-10	1	-0.5	0.5
1311	9.49999999999999E-12	1E10	1E10	1E-30	1.96638583382284E-10	1E10	1E-30	1E10	0.16	1E-30	2.19113642967883E-11	0.374812178575398	1.36875519373438E-10	5.16601772349803E-12	0.56452941766821	3.20539616586374E-11	1.11488333928872E-11	2.54174464374666	2.40214435246772E-12	8.89978932417779E-11	99999.9999999999	1E10	1E-30	1E-10	1E10	1E-30	1E-10	1E10	1E-30	1E-10	1E10	1E-30	1E-10	1E10	1E-30	1E-10	1E10	1E-30	1E-10	1E10	1E-30	1E-10	1E10	1E-30	1E-10	1E10	1E-30	1E-10	1E10	1E-30	1E-10	1E10	1E-30	1E-10	1	-0.05	0.05
1312	9.49999999999999E-12	1E10	1E10	1E-30	1.96638583382284E-10	1E10	1E-30	1E10	0.16	1E-30	2.19113642967883E-11	0.374812178575398	1.36875519373438E-10	5.16601772349803E-12	0.56452941766821	3.20539616586374E-11	1.11488333928872E-11	2.54174464374666	2.40214435246772E-12	8.89978932417779E-11	99999.9999999999	1E10	1E-30	1E-10	1E10	1E-30	1E-10	1E10	1E-30	1E-10	1E10	1E-30	1E-10	1E10	1E-30	1E-10	1E10	1E-30	1E-10	1E10	1E-30	1E-10	1E10	1E-30	1E-10	1E10	1E-30	1E-10	1E10	1E-30	1E-10	1E10	1E-30	1E-10	1	-0.1	0.1
1313	9.49999999999999E-12	1E10	1E10	1E-30	1.96638583382284E-10	1E10	1E-30	1E10	0.16	1E-30	2.19113642967883E-11	0.374812178575398	1.36875519373438E-10	5.16601772349803E-12	0.56452941766821	3.20539616586374E-11	1.11488333928872E-11	2.54174464374666	2.40214435246772E-12	8.89978932417779E-11	99999.9999999999	1E10	1E-30	1E-10	1E10	1E-30	1E-10	1E10	1E-30	1E-10	1E10	1E-30	1E-10	1E10	1E-30	1E-10	1E10	1E-30	1E-10	1E10	1E-30	1E-10	1E10	1E-30	1E-10	1E10	1E-30	1E-10	1E10	1E-30	1E-10	1E10	1E-30	1E-10	1	-0.25	0.25
1314	9.49999999999999E-12	1E10	1E10	1E-30	1.96638583382284E-10	1E10	1E-30	1E10	0.16	1E-30	2.19113642967883E-11	0.374812178575398	1.36875519373438E-10	5.16601772349803E-12	0.56452941766821	3.20539616586374E-11	1.11488333928872E-11	2.54174464374666	2.40214435246772E-12	8.89978932417779E-11	99999.9999999999	1E10	1E-30	1E-10	1E10	1E-30	1E-10	1E10	1E-30	1E-10	1E10	1E-30	1E-10	1E10	1E-30	1E-10	1E10	1E-30	1E-10	1E10	1E-30	1E-10	1E10	1E-30	1E-10	1E10	1E-30	1E-10	1E10	1E-30	1E-10	1E10	1E-30	1E-10	1	-0.5	0.5
1315	9.49999999999999E-12	1E10	1E10	1E-30	1.96638583382284E-10	1E10	1E-30	1E10	0.16	1E-30	2.19113642967883E-11	0.374812178575398	1.36875519373438E-10	5.16601772349803E-12	0.56452941766821	3.20539616586374E-11	1.11488333928872E-11	2.54174464374666	2.40214435246772E-12	8.89978932417779E-11	99999.9999999999	1E10	1E-30	1E-10	1E10	1E-30	1E-10	1E10	1E-30	1E-10	1E10	1E-30	1E-10	1E10	1E-30	1E-10	1E10	1E-30	1E-10	1E10	1E-30	1E-10	1E10	1E-30	1E-10	1E10	1E-30	1E-10	1E10	1E-30	1E-10	1E10	1E-30	1E-10	1	-0.05	0.05
1316	9.49999999999999E-12	1E10	1E10	1E-30	1.96638583382284E-10	1E10	1E-30	1E10	0.16	1E-30	2.19113642967883E-11	0.374812178575398	1.36875519373438E-10	5.16601772349803E-12	0.56452941766821	3.20539616586374E-11	1.11488333928872E-11	2.54174464374666	2.40214435246772E-12	8.89978932417779E-11	99999.9999999999	1E10	1E-30	1E-10	1E10	1E-30	1E-10	1E10	1E-30	1E-10	1E10	1E-30	1E-10	1E10	1E-30	1E-10	1E10	1E-30	1E-10	1E10	1E-30	1E-10	1E10	1E-30	1E-10	1E10	1E-30	1E-10	1E10	1E-30	1E-10	1E10	1E-30	1E-10	1	-0.1	0.1
1317	9.49999999999999E-12	1E10	1E10	1E-30	1.96638583382284E-10	1E10	1E-30	1E10	0.16	1E-30	2.19113642967883E-11	0.374812178575398	1.36875519373438E-10	5.16601772349803E-12	0.56452941766821	3.20539616586374E-11	1.11488333928872E-11	2.54174464374666	2.40214435246772E-12	8.89978932417779E-11	99999.9999999999	1E10	1E-30	1E-10	1E10	1E-30	1E-10	1E10	1E-30	1E-10	1E10	1E-30	1E-10	1E10	1E-30	1E-10	1E10	1E-30	1E-10	1E10	1E-30	1E-10	1E10	1E-30	1E-10	1E10	1E-30	1E-10	1E10	1E-30	1E-10	1E10	1E-30	1E-10	1	-0.25	0.25
1318	9.49999999999999E-12	1E10	1E10	1E-30	1.96638583382284E-10	1E10	1E-30	1E10	0.16	1E-30	2.19113642967883E-11	0.374812178575398	1.36875519373438E-10	5.16601772349803E-12	0.56452941766821	3.20539616586374E-11	1.11488333928872E-11	2.54174464374666	2.40214435246772E-12	8.89978932417779E-11	99999.9999999999	1E10	1E-30	1E-10	1E10	1E-30	1E-10	1E10	1E-30	1E-10	1E10	1E-30	1E-10	1E10	1E-30	1E-10	1E10	1E-30	1E-10	1E10	1E-30	1E-10	1E10	1E-30	1E-10	1E10	1E-30	1E-10	1E10	1E-30	1E-10	1E10	1E-30	1E-10	1	-0.5	0.5
1319	9.49999999999999E-12	1E10	1E10	1E-30	1.96638583382284E-10	1E10	1E-30	1E10	0.16	1E-30	2.19113642967883E-11	0.374812178575398	1.36875519373438E-10	5.16601772349803E-12	0.56452941766821	3.20539616586374E-11	1.11488333928872E-11	2.54174464374666	2.40214435246772E-12	8.89978932417779E-11	99999.9999999999	1E10	1E-30	1E-10	1E10	1E-30	1E-10	1E10	1E-30	1E-10	1E10	1E-30	1E-10	1E10	1E-30	1E-10	1E10	1E-30	1E-10	1E10	1E-30	1E-10	1E10	1E-30	1E-10	1E10	1E-30	1E-10	1E10	1E-30	1E-10	1E10	1E-30	1E-10	1	-0.05	0.05
1320	9.49999999999999E-12	1E10	1E10	1E-30	1.96638583382284E-10	1E10	1E-30	1E10	0.16	1E-30	2.19113642967883E-11	0.374812178575398	1.36875519373438E-10	5.16601772349803E-12	0.56452941766821	3.20539616586374E-11	1.11488333928872E-11	2.54174464374666	2.40214435246772E-12	8.89978932417779E-11	99999.9999999999	1E10	1E-30	1E-10	1E10	1E-30	1E-10	1E10	1E-30	1E-10	1E10	1E-30	1E-10	1E10	1E-30	1E-10	1E10	1E-30	1E-10	1E10	1E-30	1E-10	1E10	1E-30	1E-10	1E10	1E-30	1E-10	1E10	1E-30	1E-10	1E10	1E-30	1E-10	1	-0.1	0.1
1321	9.49999999999999E-12	1E10	1E10	1E-30	1.96638583382284E-10	1E10	1E-30	1E10	0.16	1E-30	2.19113642967883E-11	0.374812178575398	1.36875519373438E-10	5.16601772349803E-12	0.56452941766821	3.20539616586374E-11	1.11488333928872E-11	2.54174464374666	2.40214435246772E-12	8.89978932417779E-11	99999.9999999999	1E10	1E-30	1E-10	1E10	1E-30	1E-10	1E10	1E-30	1E-10	1E10	1E-30	1E-10	1E10	1E-30	1E-10	1E10	1E-30	1E-10	1E10	1E-30	1E-10	1E10	1E-30	1E-10	1E10	1E-30	1E-10	1E10	1E-30	1E-10	1E10	1E-30	1E-10	1	-0.25	0.25
1322	9.49999999999999E-12	1E10	1E10	1E-30	1.96638583382284E-10	1E10	1E-30	1E10	0.16	1E-30	2.19113642967883E-11	0.374812178575398	1.36875519373438E-10	5.16601772349803E-12	0.56452941766821	3.20539616586374E-11	1.11488333928872E-11	2.54174464374666	2.40214435246772E-12	8.89978932417779E-11	99999.9999999999	1E10	1E-30	1E-10	1E10	1E-30	1E-10	1E10	1E-30	1E-10	1E10	1E-30	1E-10	1E10	1E-30	1E-10	1E10	1E-30	1E-10	1E10	1E-30	1E-10	1E10	1E-30	1E-10	1E10	1E-30	1E-10	1E10	1E-30	1E-10	1E10	1E-30	1E-10	1	-0.5	0.5
1323	9.49999999999999E-12	1E10	1E10	1E-30	1.96638583382284E-10	1E10	1E-30	1E10	0.16	1E-30	2.19113642967883E-11	0.374812178575398	1.36875519373438E-10	5.16601772349803E-12	0.56452941766821	3.20539616586374E-11	1.11488333928872E-11	2.54174464374666	2.40214435246772E-12	8.89978932417779E-11	99999.9999999999	1E10	1E-30	1E-10	1E10	1E-30	1E-10	1E10	1E-30	1E-10	1E10	1E-30	1E-10	1E10	1E-30	1E-10	1E10	1E-30	1E-10	1E10	1E-30	1E-10	1E10	1E-30	1E-10	1E10	1E-30	1E-10	1E10	1E-30	1E-10	1E10	1E-30	1E-10	1	-0.05	0.05
1324	9.49999999999999E-12	1E10	1E10	1E-30	1.96638583382284E-10	1E10	1E-30	1E10	0.16	1E-30	2.19113642967883E-11	0.374812178575398	1.36875519373438E-10	5.16601772349803E-12	0.56452941766821	3.20539616586374E-11	1.11488333928872E-11	2.54174464374666	2.40214435246772E-12	8.89978932417779E-11	99999.9999999999	1E10	1E-30	1E-10	1E10	1E-30	1E-10	1E10	1E-30	1E-10	1E10	1E-30	1E-10	1E10	1E-30	1E-10	1E10	1E-30	1E-10	1E10	1E-30	1E-10	1E10	1E-30	1E-10	1E10	1E-30	1E-10	1E10	1E-30	1E-10	1E10	1E-30	1E-10	1	-0.1	0.1
1325	9.49999999999999E-12	1E10	1E10	1E-30	1.96638583382284E-10	1E10	1E-30	1E10	0.16	1E-30	2.19113642967883E-11	0.374812178575398	1.36875519373438E-10	5.16601772349803E-12	0.56452941766821	3.20539616586374E-11	1.11488333928872E-11	2.54174464374666	2.40214435246772E-12	8.89978932417779E-11	99999.9999999999	1E10	1E-30	1E-10	1E10	1E-30	1E-10	1E10	1E-30	1E-10	1E10	1E-30	1E-10	1E10	1E-30	1E-10	1E10	1E-30	1E-10	1E10	1E-30	1E-10	1E10	1E-30	1E-10	1E10	1E-30	1E-10	1E10	1E-30	1E-10	1E10	1E-30	1E-10	1	-0.25	0.25
1326	9.49999999999999E-12	1E10	1E10	1E-30	1.96638583382284E-10	1E10	1E-30	1E10	0.16	1E-30	2.19113642967883E-11	0.374812178575398	1.36875519373438E-10	5.16601772349803E-12	0.56452941766821	3.20539616586374E-11	1.11488333928872E-11	2.54174464374666	2.40214435246772E-12	8.89978932417779E-11	99999.9999999999	1E10	1E-30	1E-10	1E10	1E-30	1E-10	1E10	1E-30	1E-10	1E10	1E-30	1E-10	1E10	1E-30	1E-10	1E10	1E-30	1E-10	1E10	1E-30	1E-10	1E10	1E-30	1E-10	1E10	1E-30	1E-10	1E10	1E-30	1E-10	1E10	1E-30	1E-10	1	-0.5	0.5
1327	9.6E-12	1E10	1E10	1E-30	1.96638583382284E-10	1E10	1E-30	1E10	0.16	1E-30	2.19113642967883E-11	0.374812178575398	1.36875519373438E-10	5.16601772349803E-12	0.56452941766821	3.20539616586374E-11	1.11488333928872E-11	2.54174464374666	2.40214435246772E-12	8.89978932417779E-11	99999.9999999999	1E10	1E-30	1E-10	1E10	1E-30	1E-10	1E10	1E-30	1E-10	1E10	1E-30	1E-10	1E10	1E-30	1E-10	1E10	1E-30	1E-10	1E10	1E-30	1E-10	1E10	1E-30	1E-10	1E10	1E-30	1E-10	1E10	1E-30	1E-10	1E10	1E-30	1E-10	1	-0.05	0.05
1328	9.6E-12	1E10	1E10	1E-30	1.96638583382284E-10	1E10	1E-30	1E10	0.16	1E-30	2.19113642967883E-11	0.374812178575398	1.36875519373438E-10	5.16601772349803E-12	0.56452941766821	3.20539616586374E-11	1.11488333928872E-11	2.54174464374666	2.40214435246772E-12	8.89978932417779E-11	99999.9999999999	1E10	1E-30	1E-10	1E10	1E-30	1E-10	1E10	1E-30	1E-10	1E10	1E-30	1E-10	1E10	1E-30	1E-10	1E10	1E-30	1E-10	1E10	1E-30	1E-10	1E10	1E-30	1E-10	1E10	1E-30	1E-10	1E10	1E-30	1E-10	1E10	1E-30	1E-10	1	-0.1	0.1
1329	9.6E-12	1E10	1E10	1E-30	1.96638583382284E-10	1E10	1E-30	1E10	0.16	1E-30	2.19113642967883E-11	0.374812178575398	1.36875519373438E-10	5.16601772349803E-12	0.56452941766821	3.20539616586374E-11	1.11488333928872E-11	2.54174464374666	2.40214435246772E-12	8.89978932417779E-11	99999.9999999999	1E10	1E-30	1E-10	1E10	1E-30	1E-10	1E10	1E-30	1E-10	1E10	1E-30	1E-10	1E10	1E-30	1E-10	1E10	1E-30	1E-10	1E10	1E-30	1E-10	1E10	1E-30	1E-10	1E10	1E-30	1E-10	1E10	1E-30	1E-10	1E10	1E-30	1E-10	1	-0.25	0.25
1330	9.6E-12	1E10	1E10	1E-30	1.96638583382284E-10	1E10	1E-30	1E10	0.16	1E-30	2.19113642967883E-11	0.374812178575398	1.36875519373438E-10	5.16601772349803E-12	0.56452941766821	3.20539616586374E-11	1.11488333928872E-11	2.54174464374666	2.40214435246772E-12	8.89978932417779E-11	99999.9999999999	1E10	1E-30	1E-10	1E10	1E-30	1E-10	1E10	1E-30	1E-10	1E10	1E-30	1E-10	1E10	1E-30	1E-10	1E10	1E-30	1E-10	1E10	1E-30	1E-10	1E10	1E-30	1E-10	1E10	1E-30	1E-10	1E10	1E-30	1E-10	1E10	1E-30	1E-10	1	-0.5	0.5
1331	9.6E-12	1E10	1E10	1E-30	1.96638583382284E-10	1E10	1E-30	1E10	0.16	1E-30	2.19113642967883E-11	0.374812178575398	1.36875519373438E-10	5.16601772349803E-12	0.56452941766821	3.20539616586374E-11	1.11488333928872E-11	2.54174464374666	2.40214435246772E-12	8.89978932417779E-11	99999.9999999999	1E10	1E-30	1E-10	1E10	1E-30	1E-10	1E10	1E-30	1E-10	1E10	1E-30	1E-10	1E10	1E-30	1E-10	1E10	1E-30	1E-10	1E10	1E-30	1E-10	1E10	1E-30	1E-10	1E10	1E-30	1E-10	1E10	1E-30	1E-10	1E10	1E-30	1E-10	1	-0.05	0.05
1332	9.6E-12	1E10	1E10	1E-30	1.96638583382284E-10	1E10	1E-30	1E10	0.16	1E-30	2.19113642967883E-11	0.374812178575398	1.36875519373438E-10	5.16601772349803E-12	0.56452941766821	3.20539616586374E-11	1.11488333928872E-11	2.54174464374666	2.40214435246772E-12	8.89978932417779E-11	99999.9999999999	1E10	1E-30	1E-10	1E10	1E-30	1E-10	1E10	1E-30	1E-10	1E10	1E-30	1E-10	1E10	1E-30	1E-10	1E10	1E-30	1E-10	1E10	1E-30	1E-10	1E10	1E-30	1E-10	1E10	1E-30	1E-10	1E10	1E-30	1E-10	1E10	1E-30	1E-10	1	-0.1	0.1
1333	9.6E-12	1E10	1E10	1E-30	1.96638583382284E-10	1E10	1E-30	1E10	0.16	1E-30	2.19113642967883E-11	0.374812178575398	1.36875519373438E-10	5.16601772349803E-12	0.56452941766821	3.20539616586374E-11	1.11488333928872E-11	2.54174464374666	2.40214435246772E-12	8.89978932417779E-11	99999.9999999999	1E10	1E-30	1E-10	1E10	1E-30	1E-10	1E10	1E-30	1E-10	1E10	1E-30	1E-10	1E10	1E-30	1E-10	1E10	1E-30	1E-10	1E10	1E-30	1E-10	1E10	1E-30	1E-10	1E10	1E-30	1E-10	1E10	1E-30	1E-10	1E10	1E-30	1E-10	1	-0.25	0.25
1334	9.6E-12	1E10	1E10	1E-30	1.96638583382284E-10	1E10	1E-30	1E10	0.16	1E-30	2.19113642967883E-11	0.374812178575398	1.36875519373438E-10	5.16601772349803E-12	0.56452941766821	3.20539616586374E-11	1.11488333928872E-11	2.54174464374666	2.40214435246772E-12	8.89978932417779E-11	99999.9999999999	1E10	1E-30	1E-10	1E10	1E-30	1E-10	1E10	1E-30	1E-10	1E10	1E-30	1E-10	1E10	1E-30	1E-10	1E10	1E-30	1E-10	1E10	1E-30	1E-10	1E10	1E-30	1E-10	1E10	1E-30	1E-10	1E10	1E-30	1E-10	1E10	1E-30	1E-10	1	-0.5	0.5
1335	9.6E-12	1E10	1E10	1E-30	1.96638583382284E-10	1E10	1E-30	1E10	0.16	1E-30	2.19113642967883E-11	0.374812178575398	1.36875519373438E-10	5.16601772349803E-12	0.56452941766821	3.20539616586374E-11	1.11488333928872E-11	2.54174464374666	2.40214435246772E-12	8.89978932417779E-11	99999.9999999999	1E10	1E-30	1E-10	1E10	1E-30	1E-10	1E10	1E-30	1E-10	1E10	1E-30	1E-10	1E10	1E-30	1E-10	1E10	1E-30	1E-10	1E10	1E-30	1E-10	1E10	1E-30	1E-10	1E10	1E-30	1E-10	1E10	1E-30	1E-10	1E10	1E-30	1E-10	1	-0.05	0.05
1336	9.6E-12	1E10	1E10	1E-30	1.96638583382284E-10	1E10	1E-30	1E10	0.16	1E-30	2.19113642967883E-11	0.374812178575398	1.36875519373438E-10	5.16601772349803E-12	0.56452941766821	3.20539616586374E-11	1.11488333928872E-11	2.54174464374666	2.40214435246772E-12	8.89978932417779E-11	99999.9999999999	1E10	1E-30	1E-10	1E10	1E-30	1E-10	1E10	1E-30	1E-10	1E10	1E-30	1E-10	1E10	1E-30	1E-10	1E10	1E-30	1E-10	1E10	1E-30	1E-10	1E10	1E-30	1E-10	1E10	1E-30	1E-10	1E10	1E-30	1E-10	1E10	1E-30	1E-10	1	-0.1	0.1
1337	9.6E-12	1E10	1E10	1E-30	1.96638583382284E-10	1E10	1E-30	1E10	0.16	1E-30	2.19113642967883E-11	0.374812178575398	1.36875519373438E-10	5.16601772349803E-12	0.56452941766821	3.20539616586374E-11	1.11488333928872E-11	2.54174464374666	2.40214435246772E-12	8.89978932417779E-11	99999.9999999999	1E10	1E-30	1E-10	1E10	1E-30	1E-10	1E10	1E-30	1E-10	1E10	1E-30	1E-10	1E10	1E-30	1E-10	1E10	1E-30	1E-10	1E10	1E-30	1E-10	1E10	1E-30	1E-10	1E10	1E-30	1E-10	1E10	1E-30	1E-10	1E10	1E-30	1E-10	1	-0.25	0.25
1338	9.6E-12	1E10	1E10	1E-30	1.96638583382284E-10	1E10	1E-30	1E10	0.16	1E-30	2.19113642967883E-11	0.374812178575398	1.36875519373438E-10	5.16601772349803E-12	0.56452941766821	3.20539616586374E-11	1.11488333928872E-11	2.54174464374666	2.40214435246772E-12	8.89978932417779E-11	99999.9999999999	1E10	1E-30	1E-10	1E10	1E-30	1E-10	1E10	1E-30	1E-10	1E10	1E-30	1E-10	1E10	1E-30	1E-10	1E10	1E-30	1E-10	1E10	1E-30	1E-10	1E10	1E-30	1E-10	1E10	1E-30	1E-10	1E10	1E-30	1E-10	1E10	1E-30	1E-10	1	-0.5	0.5
1339	9.6E-12	1E10	1E10	1E-30	1.96638583382284E-10	1E10	1E-30	1E10	0.16	1E-30	2.19113642967883E-11	0.374812178575398	1.36875519373438E-10	5.16601772349803E-12	0.56452941766821	3.20539616586374E-11	1.11488333928872E-11	2.54174464374666	2.40214435246772E-12	8.89978932417779E-11	99999.9999999999	1E10	1E-30	1E-10	1E10	1E-30	1E-10	1E10	1E-30	1E-10	1E10	1E-30	1E-10	1E10	1E-30	1E-10	1E10	1E-30	1E-10	1E10	1E-30	1E-10	1E10	1E-30	1E-10	1E10	1E-30	1E-10	1E10	1E-30	1E-10	1E10	1E-30	1E-10	1	-0.05	0.05
1340	9.6E-12	1E10	1E10	1E-30	1.96638583382284E-10	1E10	1E-30	1E10	0.16	1E-30	2.19113642967883E-11	0.374812178575398	1.36875519373438E-10	5.16601772349803E-12	0.56452941766821	3.20539616586374E-11	1.11488333928872E-11	2.54174464374666	2.40214435246772E-12	8.89978932417779E-11	99999.9999999999	1E10	1E-30	1E-10	1E10	1E-30	1E-10	1E10	1E-30	1E-10	1E10	1E-30	1E-10	1E10	1E-30	1E-10	1E10	1E-30	1E-10	1E10	1E-30	1E-10	1E10	1E-30	1E-10	1E10	1E-30	1E-10	1E10	1E-30	1E-10	1E10	1E-30	1E-10	1	-0.1	0.1
1341	9.6E-12	1E10	1E10	1E-30	1.96638583382284E-10	1E10	1E-30	1E10	0.16	1E-30	2.19113642967883E-11	0.374812178575398	1.36875519373438E-10	5.16601772349803E-12	0.56452941766821	3.20539616586374E-11	1.11488333928872E-11	2.54174464374666	2.40214435246772E-12	8.89978932417779E-11	99999.9999999999	1E10	1E-30	1E-10	1E10	1E-30	1E-10	1E10	1E-30	1E-10	1E10	1E-30	1E-10	1E10	1E-30	1E-10	1E10	1E-30	1E-10	1E10	1E-30	1E-10	1E10	1E-30	1E-10	1E10	1E-30	1E-10	1E10	1E-30	1E-10	1E10	1E-30	1E-10	1	-0.25	0.25
1342	9.6E-12	1E10	1E10	1E-30	1.96638583382284E-10	1E10	1E-30	1E10	0.16	1E-30	2.19113642967883E-11	0.374812178575398	1.36875519373438E-10	5.16601772349803E-12	0.56452941766821	3.20539616586374E-11	1.11488333928872E-11	2.54174464374666	2.40214435246772E-12	8.89978932417779E-11	99999.9999999999	1E10	1E-30	1E-10	1E10	1E-30	1E-10	1E10	1E-30	1E-10	1E10	1E-30	1E-10	1E10	1E-30	1E-10	1E10	1E-30	1E-10	1E10	1E-30	1E-10	1E10	1E-30	1E-10	1E10	1E-30	1E-10	1E10	1E-30	1E-10	1E10	1E-30	1E-10	1	-0.5	0.5
1343	9.7E-12	1E10	1E10	1E-30	1.96638583382284E-10	1E10	1E-30	1E10	0.16	1E-30	2.19113642967883E-11	0.374812178575398	1.36875519373438E-10	5.16601772349803E-12	0.56452941766821	3.20539616586374E-11	1.11488333928872E-11	2.54174464374666	2.40214435246772E-12	8.89978932417779E-11	99999.9999999999	1E10	1E-30	1E-10	1E10	1E-30	1E-10	1E10	1E-30	1E-10	1E10	1E-30	1E-10	1E10	1E-30	1E-10	1E10	1E-30	1E-10	1E10	1E-30	1E-10	1E10	1E-30	1E-10	1E10	1E-30	1E-10	1E10	1E-30	1E-10	1E10	1E-30	1E-10	1	-0.05	0.05
1344	9.7E-12	1E10	1E10	1E-30	1.96638583382284E-10	1E10	1E-30	1E10	0.16	1E-30	2.19113642967883E-11	0.374812178575398	1.36875519373438E-10	5.16601772349803E-12	0.56452941766821	3.20539616586374E-11	1.11488333928872E-11	2.54174464374666	2.40214435246772E-12	8.89978932417779E-11	99999.9999999999	1E10	1E-30	1E-10	1E10	1E-30	1E-10	1E10	1E-30	1E-10	1E10	1E-30	1E-10	1E10	1E-30	1E-10	1E10	1E-30	1E-10	1E10	1E-30	1E-10	1E10	1E-30	1E-10	1E10	1E-30	1E-10	1E10	1E-30	1E-10	1E10	1E-30	1E-10	1	-0.1	0.1
1345	9.7E-12	1E10	1E10	1E-30	1.96638583382284E-10	1E10	1E-30	1E10	0.16	1E-30	2.19113642967883E-11	0.374812178575398	1.36875519373438E-10	5.16601772349803E-12	0.56452941766821	3.20539616586374E-11	1.11488333928872E-11	2.54174464374666	2.40214435246772E-12	8.89978932417779E-11	99999.9999999999	1E10	1E-30	1E-10	1E10	1E-30	1E-10	1E10	1E-30	1E-10	1E10	1E-30	1E-10	1E10	1E-30	1E-10	1E10	1E-30	1E-10	1E10	1E-30	1E-10	1E10	1E-30	1E-10	1E10	1E-30	1E-10	1E10	1E-30	1E-10	1E10	1E-30	1E-10	1	-0.25	0.25
1346	9.7E-12	1E10	1E10	1E-30	1.96638583382284E-10	1E10	1E-30	1E10	0.16	1E-30	2.19113642967883E-11	0.374812178575398	1.36875519373438E-10	5.16601772349803E-12	0.56452941766821	3.20539616586374E-11	1.11488333928872E-11	2.54174464374666	2.40214435246772E-12	8.89978932417779E-11	99999.9999999999	1E10	1E-30	1E-10	1E10	1E-30	1E-10	1E10	1E-30	1E-10	1E10	1E-30	1E-10	1E10	1E-30	1E-10	1E10	1E-30	1E-10	1E10	1E-30	1E-10	1E10	1E-30	1E-10	1E10	1E-30	1E-10	1E10	1E-30	1E-10	1E10	1E-30	1E-10	1	-0.5	0.5
1347	9.7E-12	1E10	1E10	1E-30	1.96638583382284E-10	1E10	1E-30	1E10	0.16	1E-30	2.19113642967883E-11	0.374812178575398	1.36875519373438E-10	5.16601772349803E-12	0.56452941766821	3.20539616586374E-11	1.11488333928872E-11	2.54174464374666	2.40214435246772E-12	8.89978932417779E-11	99999.9999999999	1E10	1E-30	1E-10	1E10	1E-30	1E-10	1E10	1E-30	1E-10	1E10	1E-30	1E-10	1E10	1E-30	1E-10	1E10	1E-30	1E-10	1E10	1E-30	1E-10	1E10	1E-30	1E-10	1E10	1E-30	1E-10	1E10	1E-30	1E-10	1E10	1E-30	1E-10	1	-0.05	0.05
1348	9.7E-12	1E10	1E10	1E-30	1.96638583382284E-10	1E10	1E-30	1E10	0.16	1E-30	2.19113642967883E-11	0.374812178575398	1.36875519373438E-10	5.16601772349803E-12	0.56452941766821	3.20539616586374E-11	1.11488333928872E-11	2.54174464374666	2.40214435246772E-12	8.89978932417779E-11	99999.9999999999	1E10	1E-30	1E-10	1E10	1E-30	1E-10	1E10	1E-30	1E-10	1E10	1E-30	1E-10	1E10	1E-30	1E-10	1E10	1E-30	1E-10	1E10	1E-30	1E-10	1E10	1E-30	1E-10	1E10	1E-30	1E-10	1E10	1E-30	1E-10	1E10	1E-30	1E-10	1	-0.1	0.1
1349	9.7E-12	1E10	1E10	1E-30	1.96638583382284E-10	1E10	1E-30	1E10	0.16	1E-30	2.19113642967883E-11	0.374812178575398	1.36875519373438E-10	5.16601772349803E-12	0.56452941766821	3.20539616586374E-11	1.11488333928872E-11	2.54174464374666	2.40214435246772E-12	8.89978932417779E-11	99999.9999999999	1E10	1E-30	1E-10	1E10	1E-30	1E-10	1E10	1E-30	1E-10	1E10	1E-30	1E-10	1E10	1E-30	1E-10	1E10	1E-30	1E-10	1E10	1E-30	1E-10	1E10	1E-30	1E-10	1E10	1E-30	1E-10	1E10	1E-30	1E-10	1E10	1E-30	1E-10	1	-0.25	0.25
1350	9.7E-12	1E10	1E10	1E-30	1.96638583382284E-10	1E10	1E-30	1E10	0.16	1E-30	2.19113642967883E-11	0.374812178575398	1.36875519373438E-10	5.16601772349803E-12	0.56452941766821	3.20539616586374E-11	1.11488333928872E-11	2.54174464374666	2.40214435246772E-12	8.89978932417779E-11	99999.9999999999	1E10	1E-30	1E-10	1E10	1E-30	1E-10	1E10	1E-30	1E-10	1E10	1E-30	1E-10	1E10	1E-30	1E-10	1E10	1E-30	1E-10	1E10	1E-30	1E-10	1E10	1E-30	1E-10	1E10	1E-30	1E-10	1E10	1E-30	1E-10	1E10	1E-30	1E-10	1	-0.5	0.5
1351	9.7E-12	1E10	1E10	1E-30	1.96638583382284E-10	1E10	1E-30	1E10	0.16	1E-30	2.19113642967883E-11	0.374812178575398	1.36875519373438E-10	5.16601772349803E-12	0.56452941766821	3.20539616586374E-11	1.11488333928872E-11	2.54174464374666	2.40214435246772E-12	8.89978932417779E-11	99999.9999999999	1E10	1E-30	1E-10	1E10	1E-30	1E-10	1E10	1E-30	1E-10	1E10	1E-30	1E-10	1E10	1E-30	1E-10	1E10	1E-30	1E-10	1E10	1E-30	1E-10	1E10	1E-30	1E-10	1E10	1E-30	1E-10	1E10	1E-30	1E-10	1E10	1E-30	1E-10	1	-0.05	0.05
1352	9.7E-12	1E10	1E10	1E-30	1.96638583382284E-10	1E10	1E-30	1E10	0.16	1E-30	2.19113642967883E-11	0.374812178575398	1.36875519373438E-10	5.16601772349803E-12	0.56452941766821	3.20539616586374E-11	1.11488333928872E-11	2.54174464374666	2.40214435246772E-12	8.89978932417779E-11	99999.9999999999	1E10	1E-30	1E-10	1E10	1E-30	1E-10	1E10	1E-30	1E-10	1E10	1E-30	1E-10	1E10	1E-30	1E-10	1E10	1E-30	1E-10	1E10	1E-30	1E-10	1E10	1E-30	1E-10	1E10	1E-30	1E-10	1E10	1E-30	1E-10	1E10	1E-30	1E-10	1	-0.1	0.1
1353	9.7E-12	1E10	1E10	1E-30	1.96638583382284E-10	1E10	1E-30	1E10	0.16	1E-30	2.19113642967883E-11	0.374812178575398	1.36875519373438E-10	5.16601772349803E-12	0.56452941766821	3.20539616586374E-11	1.11488333928872E-11	2.54174464374666	2.40214435246772E-12	8.89978932417779E-11	99999.9999999999	1E10	1E-30	1E-10	1E10	1E-30	1E-10	1E10	1E-30	1E-10	1E10	1E-30	1E-10	1E10	1E-30	1E-10	1E10	1E-30	1E-10	1E10	1E-30	1E-10	1E10	1E-30	1E-10	1E10	1E-30	1E-10	1E10	1E-30	1E-10	1E10	1E-30	1E-10	1	-0.25	0.25
1354	9.7E-12	1E10	1E10	1E-30	1.96638583382284E-10	1E10	1E-30	1E10	0.16	1E-30	2.19113642967883E-11	0.374812178575398	1.36875519373438E-10	5.16601772349803E-12	0.56452941766821	3.20539616586374E-11	1.11488333928872E-11	2.54174464374666	2.40214435246772E-12	8.89978932417779E-11	99999.9999999999	1E10	1E-30	1E-10	1E10	1E-30	1E-10	1E10	1E-30	1E-10	1E10	1E-30	1E-10	1E10	1E-30	1E-10	1E10	1E-30	1E-10	1E10	1E-30	1E-10	1E10	1E-30	1E-10	1E10	1E-30	1E-10	1E10	1E-30	1E-10	1E10	1E-30	1E-10	1	-0.5	0.5
1355	9.7E-12	1E10	1E10	1E-30	1.96638583382284E-10	1E10	1E-30	1E10	0.16	1E-30	2.19113642967883E-11	0.374812178575398	1.36875519373438E-10	5.16601772349803E-12	0.56452941766821	3.20539616586374E-11	1.11488333928872E-11	2.54174464374666	2.40214435246772E-12	8.89978932417779E-11	99999.9999999999	1E10	1E-30	1E-10	1E10	1E-30	1E-10	1E10	1E-30	1E-10	1E10	1E-30	1E-10	1E10	1E-30	1E-10	1E10	1E-30	1E-10	1E10	1E-30	1E-10	1E10	1E-30	1E-10	1E10	1E-30	1E-10	1E10	1E-30	1E-10	1E10	1E-30	1E-10	1	-0.05	0.05
1356	9.7E-12	1E10	1E10	1E-30	1.96638583382284E-10	1E10	1E-30	1E10	0.16	1E-30	2.19113642967883E-11	0.374812178575398	1.36875519373438E-10	5.16601772349803E-12	0.56452941766821	3.20539616586374E-11	1.11488333928872E-11	2.54174464374666	2.40214435246772E-12	8.89978932417779E-11	99999.9999999999	1E10	1E-30	1E-10	1E10	1E-30	1E-10	1E10	1E-30	1E-10	1E10	1E-30	1E-10	1E10	1E-30	1E-10	1E10	1E-30	1E-10	1E10	1E-30	1E-10	1E10	1E-30	1E-10	1E10	1E-30	1E-10	1E10	1E-30	1E-10	1E10	1E-30	1E-10	1	-0.1	0.1
1357	9.7E-12	1E10	1E10	1E-30	1.96638583382284E-10	1E10	1E-30	1E10	0.16	1E-30	2.19113642967883E-11	0.374812178575398	1.36875519373438E-10	5.16601772349803E-12	0.56452941766821	3.20539616586374E-11	1.11488333928872E-11	2.54174464374666	2.40214435246772E-12	8.89978932417779E-11	99999.9999999999	1E10	1E-30	1E-10	1E10	1E-30	1E-10	1E10	1E-30	1E-10	1E10	1E-30	1E-10	1E10	1E-30	1E-10	1E10	1E-30	1E-10	1E10	1E-30	1E-10	1E10	1E-30	1E-10	1E10	1E-30	1E-10	1E10	1E-30	1E-10	1E10	1E-30	1E-10	1	-0.25	0.25
1358	9.7E-12	1E10	1E10	1E-30	1.96638583382284E-10	1E10	1E-30	1E10	0.16	1E-30	2.19113642967883E-11	0.374812178575398	1.36875519373438E-10	5.16601772349803E-12	0.56452941766821	3.20539616586374E-11	1.11488333928872E-11	2.54174464374666	2.40214435246772E-12	8.89978932417779E-11	99999.9999999999	1E10	1E-30	1E-10	1E10	1E-30	1E-10	1E10	1E-30	1E-10	1E10	1E-30	1E-10	1E10	1E-30	1E-10	1E10	1E-30	1E-10	1E10	1E-30	1E-10	1E10	1E-30	1E-10	1E10	1E-30	1E-10	1E10	1E-30	1E-10	1E10	1E-30	1E-10	1	-0.5	0.5
1359	9.8E-12	1E10	1E10	1E-30	1.14732904607974E-10	1E10	1E-30	1E10	0.15	1E-30	1.81109046605514E-11	0.290869960862818	4.88568921866165E-10	1.79425220161242E-12	0.473526609382728	7.23005198751189E-12	4.68583830627589E-11	11.561974896279	1.5194114936086E-12	1.37500228797255E-10	1E5	1E10	1E-30	1E-10	1E10	1E-30	1E-10	1E10	1E-30	1E-10	1E10	1E-30	1E-10	1E10	1E-30	1E-10	1E10	1E-30	1E-10	1E10	1E-30	1E-10	1E10	1E-30	1E-10	1E10	1E-30	1E-10	1E10	1E-30	1E-10	1E10	1E-30	1E-10	1	-0.05	0.05
1360	9.8E-12	1E10	1E10	1E-30	1.14732904607974E-10	1E10	1E-30	1E10	0.15	1E-30	1.81109046605514E-11	0.290869960862818	4.88568921866165E-10	1.79425220161242E-12	0.473526609382728	7.23005198751189E-12	4.68583830627589E-11	11.561974896279	1.5194114936086E-12	1.37500228797255E-10	1E5	1E10	1E-30	1E-10	1E10	1E-30	1E-10	1E10	1E-30	1E-10	1E10	1E-30	1E-10	1E10	1E-30	1E-10	1E10	1E-30	1E-10	1E10	1E-30	1E-10	1E10	1E-30	1E-10	1E10	1E-30	1E-10	1E10	1E-30	1E-10	1E10	1E-30	1E-10	1	-0.1	0.1
1361	9.8E-12	1E10	1E10	1E-30	1.14732904607974E-10	1E10	1E-30	1E10	0.15	1E-30	1.81109046605514E-11	0.290869960862818	4.88568921866165E-10	1.79425220161242E-12	0.473526609382728	7.23005198751189E-12	4.68583830627589E-11	11.561974896279	1.5194114936086E-12	1.37500228797255E-10	1E5	1E10	1E-30	1E-10	1E10	1E-30	1E-10	1E10	1E-30	1E-10	1E10	1E-30	1E-10	1E10	1E-30	1E-10	1E10	1E-30	1E-10	1E10	1E-30	1E-10	1E10	1E-30	1E-10	1E10	1E-30	1E-10	1E10	1E-30	1E-10	1E10	1E-30	1E-10	1	-0.25	0.25
1362	9.8E-12	1E10	1E10	1E-30	1.14732904607974E-10	1E10	1E-30	1E10	0.15	1E-30	1.81109046605514E-11	0.290869960862818	4.88568921866165E-10	1.79425220161242E-12	0.473526609382728	7.23005198751189E-12	4.68583830627589E-11	11.561974896279	1.5194114936086E-12	1.37500228797255E-10	1E5	1E10	1E-30	1E-10	1E10	1E-30	1E-10	1E10	1E-30	1E-10	1E10	1E-30	1E-10	1E10	1E-30	1E-10	1E10	1E-30	1E-10	1E10	1E-30	1E-10	1E10	1E-30	1E-10	1E10	1E-30	1E-10	1E10	1E-30	1E-10	1E10	1E-30	1E-10	1	-0.5	0.5
1363	9.8E-12	1E10	1E10	1E-30	1.14732904607974E-10	1E10	1E-30	1E10	0.15	1E-30	1.81109046605514E-11	0.290869960862818	4.88568921866165E-10	1.79425220161242E-12	0.473526609382728	7.23005198751189E-12	4.68583830627589E-11	11.561974896279	1.5194114936086E-12	1.37500228797255E-10	1E5	1E10	1E-30	1E-10	1E10	1E-30	1E-10	1E10	1E-30	1E-10	1E10	1E-30	1E-10	1E10	1E-30	1E-10	1E10	1E-30	1E-10	1E10	1E-30	1E-10	1E10	1E-30	1E-10	1E10	1E-30	1E-10	1E10	1E-30	1E-10	1E10	1E-30	1E-10	1	-0.05	0.05
1364	9.8E-12	1E10	1E10	1E-30	1.14732904607974E-10	1E10	1E-30	1E10	0.15	1E-30	1.81109046605514E-11	0.290869960862818	4.88568921866165E-10	1.79425220161242E-12	0.473526609382728	7.23005198751189E-12	4.68583830627589E-11	11.561974896279	1.5194114936086E-12	1.37500228797255E-10	1E5	1E10	1E-30	1E-10	1E10	1E-30	1E-10	1E10	1E-30	1E-10	1E10	1E-30	1E-10	1E10	1E-30	1E-10	1E10	1E-30	1E-10	1E10	1E-30	1E-10	1E10	1E-30	1E-10	1E10	1E-30	1E-10	1E10	1E-30	1E-10	1E10	1E-30	1E-10	1	-0.1	0.1
1365	9.8E-12	1E10	1E10	1E-30	1.14732904607974E-10	1E10	1E-30	1E10	0.15	1E-30	1.81109046605514E-11	0.290869960862818	4.88568921866165E-10	1.79425220161242E-12	0.473526609382728	7.23005198751189E-12	4.68583830627589E-11	11.561974896279	1.5194114936086E-12	1.37500228797255E-10	1E5	1E10	1E-30	1E-10	1E10	1E-30	1E-10	1E10	1E-30	1E-10	1E10	1E-30	1E-10	1E10	1E-30	1E-10	1E10	1E-30	1E-10	1E10	1E-30	1E-10	1E10	1E-30	1E-10	1E10	1E-30	1E-10	1E10	1E-30	1E-10	1E10	1E-30	1E-10	1	-0.25	0.25
1366	9.8E-12	1E10	1E10	1E-30	1.14732904607974E-10	1E10	1E-30	1E10	0.15	1E-30	1.81109046605514E-11	0.290869960862818	4.88568921866165E-10	1.79425220161242E-12	0.473526609382728	7.23005198751189E-12	4.68583830627589E-11	11.561974896279	1.5194114936086E-12	1.37500228797255E-10	1E5	1E10	1E-30	1E-10	1E10	1E-30	1E-10	1E10	1E-30	1E-10	1E10	1E-30	1E-10	1E10	1E-30	1E-10	1E10	1E-30	1E-10	1E10	1E-30	1E-10	1E10	1E-30	1E-10	1E10	1E-30	1E-10	1E10	1E-30	1E-10	1E10	1E-30	1E-10	1	-0.5	0.5
1367	9.8E-12	1E10	1E10	1E-30	1.14732904607974E-10	1E10	1E-30	1E10	0.15	1E-30	1.81109046605514E-11	0.290869960862818	4.88568921866165E-10	1.79425220161242E-12	0.473526609382728	7.23005198751189E-12	4.68583830627589E-11	11.561974896279	1.5194114936086E-12	1.37500228797255E-10	1E5	1E10	1E-30	1E-10	1E10	1E-30	1E-10	1E10	1E-30	1E-10	1E10	1E-30	1E-10	1E10	1E-30	1E-10	1E10	1E-30	1E-10	1E10	1E-30	1E-10	1E10	1E-30	1E-10	1E10	1E-30	1E-10	1E10	1E-30	1E-10	1E10	1E-30	1E-10	1	-0.05	0.05
1368	9.8E-12	1E10	1E10	1E-30	1.14732904607974E-10	1E10	1E-30	1E10	0.15	1E-30	1.81109046605514E-11	0.290869960862818	4.88568921866165E-10	1.79425220161242E-12	0.473526609382728	7.23005198751189E-12	4.68583830627589E-11	11.561974896279	1.5194114936086E-12	1.37500228797255E-10	1E5	1E10	1E-30	1E-10	1E10	1E-30	1E-10	1E10	1E-30	1E-10	1E10	1E-30	1E-10	1E10	1E-30	1E-10	1E10	1E-30	1E-10	1E10	1E-30	1E-10	1E10	1E-30	1E-10	1E10	1E-30	1E-10	1E10	1E-30	1E-10	1E10	1E-30	1E-10	1	-0.1	0.1
1369	9.8E-12	1E10	1E10	1E-30	1.14732904607974E-10	1E10	1E-30	1E10	0.15	1E-30	1.81109046605514E-11	0.290869960862818	4.88568921866165E-10	1.79425220161242E-12	0.473526609382728	7.23005198751189E-12	4.68583830627589E-11	11.561974896279	1.5194114936086E-12	1.37500228797255E-10	1E5	1E10	1E-30	1E-10	1E10	1E-30	1E-10	1E10	1E-30	1E-10	1E10	1E-30	1E-10	1E10	1E-30	1E-10	1E10	1E-30	1E-10	1E10	1E-30	1E-10	1E10	1E-30	1E-10	1E10	1E-30	1E-10	1E10	1E-30	1E-10	1E10	1E-30	1E-10	1	-0.25	0.25
1370	9.8E-12	1E10	1E10	1E-30	1.14732904607974E-10	1E10	1E-30	1E10	0.15	1E-30	1.81109046605514E-11	0.290869960862818	4.88568921866165E-10	1.79425220161242E-12	0.473526609382728	7.23005198751189E-12	4.68583830627589E-11	11.561974896279	1.5194114936086E-12	1.37500228797255E-10	1E5	1E10	1E-30	1E-10	1E10	1E-30	1E-10	1E10	1E-30	1E-10	1E10	1E-30	1E-10	1E10	1E-30	1E-10	1E10	1E-30	1E-10	1E10	1E-30	1E-10	1E10	1E-30	1E-10	1E10	1E-30	1E-10	1E10	1E-30	1E-10	1E10	1E-30	1E-10	1	-0.5	0.5
1371	9.8E-12	1E10	1E10	1E-30	1.14732904607974E-10	1E10	1E-30	1E10	0.15	1E-30	1.81109046605514E-11	0.290869960862818	4.88568921866165E-10	1.79425220161242E-12	0.473526609382728	7.23005198751189E-12	4.68583830627589E-11	11.561974896279	1.5194114936086E-12	1.37500228797255E-10	1E5	1E10	1E-30	1E-10	1E10	1E-30	1E-10	1E10	1E-30	1E-10	1E10	1E-30	1E-10	1E10	1E-30	1E-10	1E10	1E-30	1E-10	1E10	1E-30	1E-10	1E10	1E-30	1E-10	1E10	1E-30	1E-10	1E10	1E-30	1E-10	1E10	1E-30	1E-10	1	-0.05	0.05
1372	9.8E-12	1E10	1E10	1E-30	1.14732904607974E-10	1E10	1E-30	1E10	0.15	1E-30	1.81109046605514E-11	0.290869960862818	4.88568921866165E-10	1.79425220161242E-12	0.473526609382728	7.23005198751189E-12	4.68583830627589E-11	11.561974896279	1.5194114936086E-12	1.37500228797255E-10	1E5	1E10	1E-30	1E-10	1E10	1E-30	1E-10	1E10	1E-30	1E-10	1E10	1E-30	1E-10	1E10	1E-30	1E-10	1E10	1E-30	1E-10	1E10	1E-30	1E-10	1E10	1E-30	1E-10	1E10	1E-30	1E-10	1E10	1E-30	1E-10	1E10	1E-30	1E-10	1	-0.1	0.1
1373	9.8E-12	1E10	1E10	1E-30	1.14732904607974E-10	1E10	1E-30	1E10	0.15	1E-30	1.81109046605514E-11	0.290869960862818	4.88568921866165E-10	1.79425220161242E-12	0.473526609382728	7.23005198751189E-12	4.68583830627589E-11	11.561974896279	1.5194114936086E-12	1.37500228797255E-10	1E5	1E10	1E-30	1E-10	1E10	1E-30	1E-10	1E10	1E-30	1E-10	1E10	1E-30	1E-10	1E10	1E-30	1E-10	1E10	1E-30	1E-10	1E10	1E-30	1E-10	1E10	1E-30	1E-10	1E10	1E-30	1E-10	1E10	1E-30	1E-10	1E10	1E-30	1E-10	1	-0.25	0.25
1374	9.8E-12	1E10	1E10	1E-30	1.14732904607974E-10	1E10	1E-30	1E10	0.15	1E-30	1.81109046605514E-11	0.290869960862818	4.88568921866165E-10	1.79425220161242E-12	0.473526609382728	7.23005198751189E-12	4.68583830627589E-11	11.561974896279	1.5194114936086E-12	1.37500228797255E-10	1E5	1E10	1E-30	1E-10	1E10	1E-30	1E-10	1E10	1E-30	1E-10	1E10	1E-30	1E-10	1E10	1E-30	1E-10	1E10	1E-30	1E-10	1E10	1E-30	1E-10	1E10	1E-30	1E-10	1E10	1E-30	1E-10	1E10	1E-30	1E-10	1E10	1E-30	1E-10	1	-0.5	0.5
1375	9.89999999999999E-12	1E10	1E10	1E-30	1.14732904607974E-10	1E10	1E-30	1E10	0.15	1E-30	1.81109046605514E-11	0.290869960862818	4.88568921866165E-10	1.79425220161242E-12	0.473526609382728	7.23005198751189E-12	4.68583830627589E-11	11.561974896279	1.5194114936086E-12	1.37500228797255E-10	1E5	1E10	1E-30	1E-10	1E10	1E-30	1E-10	1E10	1E-30	1E-10	1E10	1E-30	1E-10	1E10	1E-30	1E-10	1E10	1E-30	1E-10	1E10	1E-30	1E-10	1E10	1E-30	1E-10	1E10	1E-30	1E-10	1E10	1E-30	1E-10	1E10	1E-30	1E-10	1	-0.05	0.05
1376	9.89999999999999E-12	1E10	1E10	1E-30	1.14732904607974E-10	1E10	1E-30	1E10	0.15	1E-30	1.81109046605514E-11	0.290869960862818	4.88568921866165E-10	1.79425220161242E-12	0.473526609382728	7.23005198751189E-12	4.68583830627589E-11	11.561974896279	1.5194114936086E-12	1.37500228797255E-10	1E5	1E10	1E-30	1E-10	1E10	1E-30	1E-10	1E10	1E-30	1E-10	1E10	1E-30	1E-10	1E10	1E-30	1E-10	1E10	1E-30	1E-10	1E10	1E-30	1E-10	1E10	1E-30	1E-10	1E10	1E-30	1E-10	1E10	1E-30	1E-10	1E10	1E-30	1E-10	1	-0.1	0.1
1377	9.89999999999999E-12	1E10	1E10	1E-30	1.14732904607974E-10	1E10	1E-30	1E10	0.15	1E-30	1.81109046605514E-11	0.290869960862818	4.88568921866165E-10	1.79425220161242E-12	0.473526609382728	7.23005198751189E-12	4.68583830627589E-11	11.561974896279	1.5194114936086E-12	1.37500228797255E-10	1E5	1E10	1E-30	1E-10	1E10	1E-30	1E-10	1E10	1E-30	1E-10	1E10	1E-30	1E-10	1E10	1E-30	1E-10	1E10	1E-30	1E-10	1E10	1E-30	1E-10	1E10	1E-30	1E-10	1E10	1E-30	1E-10	1E10	1E-30	1E-10	1E10	1E-30	1E-10	1	-0.25	0.25
1378	9.89999999999999E-12	1E10	1E10	1E-30	1.14732904607974E-10	1E10	1E-30	1E10	0.15	1E-30	1.81109046605514E-11	0.290869960862818	4.88568921866165E-10	1.79425220161242E-12	0.473526609382728	7.23005198751189E-12	4.68583830627589E-11	11.561974896279	1.5194114936086E-12	1.37500228797255E-10	1E5	1E10	1E-30	1E-10	1E10	1E-30	1E-10	1E10	1E-30	1E-10	1E10	1E-30	1E-10	1E10	1E-30	1E-10	1E10	1E-30	1E-10	1E10	1E-30	1E-10	1E10	1E-30	1E-10	1E10	1E-30	1E-10	1E10	1E-30	1E-10	1E10	1E-30	1E-10	1	-0.5	0.5
1379	9.89999999999999E-12	1E10	1E10	1E-30	1.14732904607974E-10	1E10	1E-30	1E10	0.15	1E-30	1.81109046605514E-11	0.290869960862818	4.88568921866165E-10	1.79425220161242E-12	0.473526609382728	7.23005198751189E-12	4.68583830627589E-11	11.561974896279	1.5194114936086E-12	1.37500228797255E-10	1E5	1E10	1E-30	1E-10	1E10	1E-30	1E-10	1E10	1E-30	1E-10	1E10	1E-30	1E-10	1E10	1E-30	1E-10	1E10	1E-30	1E-10	1E10	1E-30	1E-10	1E10	1E-30	1E-10	1E10	1E-30	1E-10	1E10	1E-30	1E-10	1E10	1E-30	1E-10	1	-0.05	0.05
1380	9.89999999999999E-12	1E10	1E10	1E-30	1.14732904607974E-10	1E10	1E-30	1E10	0.15	1E-30	1.81109046605514E-11	0.290869960862818	4.88568921866165E-10	1.79425220161242E-12	0.473526609382728	7.23005198751189E-12	4.68583830627589E-11	11.561974896279	1.5194114936086E-12	1.37500228797255E-10	1E5	1E10	1E-30	1E-10	1E10	1E-30	1E-10	1E10	1E-30	1E-10	1E10	1E-30	1E-10	1E10	1E-30	1E-10	1E10	1E-30	1E-10	1E10	1E-30	1E-10	1E10	1E-30	1E-10	1E10	1E-30	1E-10	1E10	1E-30	1E-10	1E10	1E-30	1E-10	1	-0.1	0.1
1381	9.89999999999999E-12	1E10	1E10	1E-30	1.14732904607974E-10	1E10	1E-30	1E10	0.15	1E-30	1.81109046605514E-11	0.290869960862818	4.88568921866165E-10	1.79425220161242E-12	0.473526609382728	7.23005198751189E-12	4.68583830627589E-11	11.561974896279	1.5194114936086E-12	1.37500228797255E-10	1E5	1E10	1E-30	1E-10	1E10	1E-30	1E-10	1E10	1E-30	1E-10	1E10	1E-30	1E-10	1E10	1E-30	1E-10	1E10	1E-30	1E-10	1E10	1E-30	1E-10	1E10	1E-30	1E-10	1E10	1E-30	1E-10	1E10	1E-30	1E-10	1E10	1E-30	1E-10	1	-0.25	0.25
1382	9.89999999999999E-12	1E10	1E10	1E-30	1.14732904607974E-10	1E10	1E-30	1E10	0.15	1E-30	1.81109046605514E-11	0.290869960862818	4.88568921866165E-10	1.79425220161242E-12	0.473526609382728	7.23005198751189E-12	4.68583830627589E-11	11.561974896279	1.5194114936086E-12	1.37500228797255E-10	1E5	1E10	1E-30	1E-10	1E10	1E-30	1E-10	1E10	1E-30	1E-10	1E10	1E-30	1E-10	1E10	1E-30	1E-10	1E10	1E-30	1E-10	1E10	1E-30	1E-10	1E10	1E-30	1E-10	1E10	1E-30	1E-10	1E10	1E-30	1E-10	1E10	1E-30	1E-10	1	-0.5	0.5
1383	9.89999999999999E-12	1E10	1E10	1E-30	1.14732904607974E-10	1E10	1E-30	1E10	0.15	1E-30	1.81109046605514E-11	0.290869960862818	4.88568921866165E-10	1.79425220161242E-12	0.473526609382728	7.23005198751189E-12	4.68583830627589E-11	11.561974896279	1.5194114936086E-12	1.37500228797255E-10	1E5	1E10	1E-30	1E-10	1E10	1E-30	1E-10	1E10	1E-30	1E-10	1E10	1E-30	1E-10	1E10	1E-30	1E-10	1E10	1E-30	1E-10	1E10	1E-30	1E-10	1E10	1E-30	1E-10	1E10	1E-30	1E-10	1E10	1E-30	1E-10	1E10	1E-30	1E-10	1	-0.05	0.05
1384	9.89999999999999E-12	1E10	1E10	1E-30	1.14732904607974E-10	1E10	1E-30	1E10	0.15	1E-30	1.81109046605514E-11	0.290869960862818	4.88568921866165E-10	1.79425220161242E-12	0.473526609382728	7.23005198751189E-12	4.68583830627589E-11	11.561974896279	1.5194114936086E-12	1.37500228797255E-10	1E5	1E10	1E-30	1E-10	1E10	1E-30	1E-10	1E10	1E-30	1E-10	1E10	1E-30	1E-10	1E10	1E-30	1E-10	1E10	1E-30	1E-10	1E10	1E-30	1E-10	1E10	1E-30	1E-10	1E10	1E-30	1E-10	1E10	1E-30	1E-10	1E10	1E-30	1E-10	1	-0.1	0.1
1385	9.89999999999999E-12	1E10	1E10	1E-30	1.14732904607974E-10	1E10	1E-30	1E10	0.15	1E-30	1.81109046605514E-11	0.290869960862818	4.88568921866165E-10	1.79425220161242E-12	0.473526609382728	7.23005198751189E-12	4.68583830627589E-11	11.561974896279	1.5194114936086E-12	1.37500228797255E-10	1E5	1E10	1E-30	1E-10	1E10	1E-30	1E-10	1E10	1E-30	1E-10	1E10	1E-30	1E-10	1E10	1E-30	1E-10	1E10	1E-30	1E-10	1E10	1E-30	1E-10	1E10	1E-30	1E-10	1E10	1E-30	1E-10	1E10	1E-30	1E-10	1E10	1E-30	1E-10	1	-0.25	0.25
1386	9.89999999999999E-12	1E10	1E10	1E-30	1.14732904607974E-10	1E10	1E-30	1E10	0.15	1E-30	1.81109046605514E-11	0.290869960862818	4.88568921866165E-10	1.79425220161242E-12	0.473526609382728	7.23005198751189E-12	4.68583830627589E-11	11.561974896279	1.5194114936086E-12	1.37500228797255E-10	1E5	1E10	1E-30	1E-10	1E10	1E-30	1E-10	1E10	1E-30	1E-10	1E10	1E-30	1E-10	1E10	1E-30	1E-10	1E10	1E-30	1E-10	1E10	1E-30	1E-10	1E10	1E-30	1E-10	1E10	1E-30	1E-10	1E10	1E-30	1E-10	1E10	1E-30	1E-10	1	-0.5	0.5
1387	9.89999999999999E-12	1E10	1E10	1E-30	1.14732904607974E-10	1E10	1E-30	1E10	0.15	1E-30	1.81109046605514E-11	0.290869960862818	4.88568921866165E-10	1.79425220161242E-12	0.473526609382728	7.23005198751189E-12	4.68583830627589E-11	11.561974896279	1.5194114936086E-12	1.37500228797255E-10	1E5	1E10	1E-30	1E-10	1E10	1E-30	1E-10	1E10	1E-30	1E-10	1E10	1E-30	1E-10	1E10	1E-30	1E-10	1E10	1E-30	1E-10	1E10	1E-30	1E-10	1E10	1E-30	1E-10	1E10	1E-30	1E-10	1E10	1E-30	1E-10	1E10	1E-30	1E-10	1	-0.05	0.05
1388	9.89999999999999E-12	1E10	1E10	1E-30	1.14732904607974E-10	1E10	1E-30	1E10	0.15	1E-30	1.81109046605514E-11	0.290869960862818	4.88568921866165E-10	1.79425220161242E-12	0.473526609382728	7.23005198751189E-12	4.68583830627589E-11	11.561974896279	1.5194114936086E-12	1.37500228797255E-10	1E5	1E10	1E-30	1E-10	1E10	1E-30	1E-10	1E10	1E-30	1E-10	1E10	1E-30	1E-10	1E10	1E-30	1E-10	1E10	1E-30	1E-10	1E10	1E-30	1E-10	1E10	1E-30	1E-10	1E10	1E-30	1E-10	1E10	1E-30	1E-10	1E10	1E-30	1E-10	1	-0.1	0.1
1389	9.89999999999999E-12	1E10	1E10	1E-30	1.14732904607974E-10	1E10	1E-30	1E10	0.15	1E-30	1.81109046605514E-11	0.290869960862818	4.88568921866165E-10	1.79425220161242E-12	0.473526609382728	7.23005198751189E-12	4.68583830627589E-11	11.561974896279	1.5194114936086E-12	1.37500228797255E-10	1E5	1E10	1E-30	1E-10	1E10	1E-30	1E-10	1E10	1E-30	1E-10	1E10	1E-30	1E-10	1E10	1E-30	1E-10	1E10	1E-30	1E-10	1E10	1E-30	1E-10	1E10	1E-30	1E-10	1E10	1E-30	1E-10	1E10	1E-30	1E-10	1E10	1E-30	1E-10	1	-0.25	0.25
1390	9.89999999999999E-12	1E10	1E10	1E-30	1.14732904607974E-10	1E10	1E-30	1E10	0.15	1E-30	1.81109046605514E-11	0.290869960862818	4.88568921866165E-10	1.79425220161242E-12	0.473526609382728	7.23005198751189E-12	4.68583830627589E-11	11.561974896279	1.5194114936086E-12	1.37500228797255E-10	1E5	1E10	1E-30	1E-10	1E10	1E-30	1E-10	1E10	1E-30	1E-10	1E10	1E-30	1E-10	1E10	1E-30	1E-10	1E10	1E-30	1E-10	1E10	1E-30	1E-10	1E10	1E-30	1E-10	1E10	1E-30	1E-10	1E10	1E-30	1E-10	1E10	1E-30	1E-10	1	-0.5	0.5
1391	1E-11	1E10	1E10	1E-30	5.80855417603146E-11	1E10	1E-30	1E10	0.14	1E-30	2.26071010818155E-11	0.235450367966954	2.75921408605025E-11	2.92008961098315E-11	7.27692680382661	1.05932024753895E-11	3.15090578942881E-11	5.68412243335994	9.27915843682595E-13	2.12584453693624E-10	1E5	1E10	1E-30	1E-10	1E10	1E-30	1E-10	1E10	1E-30	1E-10	1E10	1E-30	1E-10	1E10	1E-30	1E-10	1E10	1E-30	1E-10	1E10	1E-30	1E-10	1E10	1E-30	1E-10	1E10	1E-30	1E-10	1E10	1E-30	1E-10	1E10	1E-30	1E-10	2	-5	5
1392	1E-11	1E10	1E10	1E-30	5.80855417603146E-11	1E10	1E-30	1E10	0.14	1E-30	2.26071010818155E-11	0.235450367966954	2.75921408605025E-11	2.92008961098315E-11	7.27692680382661	1.05932024753895E-11	3.15090578942881E-11	5.68412243335994	9.27915843682595E-13	2.12584453693624E-10	1E5	1E10	1E-30	1E-10	1E10	1E-30	1E-10	1E10	1E-30	1E-10	1E10	1E-30	1E-10	1E10	1E-30	1E-10	1E10	1E-30	1E-10	1E10	1E-30	1E-10	1E10	1E-30	1E-10	1E10	1E-30	1E-10	1E10	1E-30	1E-10	1E10	1E-30	1E-10	2	-2	2
1393	1E-11	1E10	1E10	1E-30	5.80855417603146E-11	1E10	1E-30	1E10	0.14	1E-30	2.26071010818155E-11	0.235450367966954	2.75921408605025E-11	2.92008961098315E-11	7.27692680382661	1.05932024753895E-11	3.15090578942881E-11	5.68412243335994	9.27915843682595E-13	2.12584453693624E-10	1E5	1E10	1E-30	1E-10	1E10	1E-30	1E-10	1E10	1E-30	1E-10	1E10	1E-30	1E-10	1E10	1E-30	1E-10	1E10	1E-30	1E-10	1E10	1E-30	1E-10	1E10	1E-30	1E-10	1E10	1E-30	1E-10	1E10	1E-30	1E-10	1E10	1E-30	1E-10	2	-5	5
1394	1E-11	1E10	1E10	1E-30	5.80855417603146E-11	1E10	1E-30	1E10	0.14	1E-30	2.26071010818155E-11	0.235450367966954	2.75921408605025E-11	2.92008961098315E-11	7.27692680382661	1.05932024753895E-11	3.15090578942881E-11	5.68412243335994	9.27915843682595E-13	2.12584453693624E-10	1E5	1E10	1E-30	1E-10	1E10	1E-30	1E-10	1E10	1E-30	1E-10	1E10	1E-30	1E-10	1E10	1E-30	1E-10	1E10	1E-30	1E-10	1E10	1E-30	1E-10	1E10	1E-30	1E-10	1E10	1E-30	1E-10	1E10	1E-30	1E-10	1E10	1E-30	1E-10	2	-2	2
1395	1E-11	1E10	1E10	1E-30	5.80855417603146E-11	1E10	1E-30	1E10	0.14	1E-30	2.26071010818155E-11	0.235450367966954	2.75921408605025E-11	2.92008961098315E-11	7.27692680382661	1.05932024753895E-11	3.15090578942881E-11	5.68412243335994	9.27915843682595E-13	2.12584453693624E-10	1E5	1E10	1E-30	1E-10	1E10	1E-30	1E-10	1E10	1E-30	1E-10	1E10	1E-30	1E-10	1E10	1E-30	1E-10	1E10	1E-30	1E-10	1E10	1E-30	1E-10	1E10	1E-30	1E-10	1E10	1E-30	1E-10	1E10	1E-30	1E-10	1E10	1E-30	1E-10	2	-5	5
1396	1E-11	1E10	1E10	1E-30	5.80855417603146E-11	1E10	1E-30	1E10	0.14	1E-30	2.26071010818155E-11	0.235450367966954	2.75921408605025E-11	2.92008961098315E-11	7.27692680382661	1.05932024753895E-11	3.15090578942881E-11	5.68412243335994	9.27915843682595E-13	2.12584453693624E-10	1E5	1E10	1E-30	1E-10	1E10	1E-30	1E-10	1E10	1E-30	1E-10	1E10	1E-30	1E-10	1E10	1E-30	1E-10	1E10	1E-30	1E-10	1E10	1E-30	1E-10	1E10	1E-30	1E-10	1E10	1E-30	1E-10	1E10	1E-30	1E-10	1E10	1E-30	1E-10	2	-5	5
1397	1E-11	1E10	1E10	1E-30	5.80855417603146E-11	1E10	1E-30	1E10	0.14	1E-30	2.26071010818155E-11	0.235450367966954	2.75921408605025E-11	2.92008961098315E-11	7.27692680382661	1.05932024753895E-11	3.15090578942881E-11	5.68412243335994	9.27915843682595E-13	2.12584453693624E-10	1E5	1E10	1E-30	1E-10	1E10	1E-30	1E-10	1E10	1E-30	1E-10	1E10	1E-30	1E-10	1E10	1E-30	1E-10	1E10	1E-30	1E-10	1E10	1E-30	1E-10	1E10	1E-30	1E-10	1E10	1E-30	1E-10	1E10	1E-30	1E-10	1E10	1E-30	1E-10	2	-2	2
1398	1E-11	1E10	1E10	1E-30	5.80855417603146E-11	1E10	1E-30	1E10	0.14	1E-30	2.26071010818155E-11	0.235450367966954	2.75921408605025E-11	2.92008961098315E-11	7.27692680382661	1.05932024753895E-11	3.15090578942881E-11	5.68412243335994	9.27915843682595E-13	2.12584453693624E-10	1E5	1E10	1E-30	1E-10	1E10	1E-30	1E-10	1E10	1E-30	1E-10	1E10	1E-30	1E-10	1E10	1E-30	1E-10	1E10	1E-30	1E-10	1E10	1E-30	1E-10	1E10	1E-30	1E-10	1E10	1E-30	1E-10	1E10	1E-30	1E-10	1E10	1E-30	1E-10	2	-5	5
1399	1E-11	1E10	1E10	1E-30	5.80855417603146E-11	1E10	1E-30	1E10	0.14	1E-30	2.26071010818155E-11	0.235450367966954	2.75921408605025E-11	2.92008961098315E-11	7.27692680382661	1.05932024753895E-11	3.15090578942881E-11	5.68412243335994	9.27915843682595E-13	2.12584453693624E-10	1E5	1E10	1E-30	1E-10	1E10	1E-30	1E-10	1E10	1E-30	1E-10	1E10	1E-30	1E-10	1E10	1E-30	1E-10	1E10	1E-30	1E-10	1E10	1E-30	1E-10	1E10	1E-30	1E-10	1E10	1E-30	1E-10	1E10	1E-30	1E-10	1E10	1E-30	1E-10	2	-2	2
1400	1E-11	1E10	1E10	1E-30	5.80855417603146E-11	1E10	1E-30	1E10	0.14	1E-30	2.26071010818155E-11	0.235450367966954	2.75921408605025E-11	2.92008961098315E-11	7.27692680382661	1.05932024753895E-11	3.15090578942881E-11	5.68412243335994	9.27915843682595E-13	2.12584453693624E-10	1E5	1E10	1E-30	1E-10	1E10	1E-30	1E-10	1E10	1E-30	1E-10	1E10	1E-30	1E-10	1E10	1E-30	1E-10	1E10	1E-30	1E-10	1E10	1E-30	1E-10	1E10	1E-30	1E-10	1E10	1E-30	1E-10	1E10	1E-30	1E-10	1E10	1E-30	1E-10	2	-5	5
1401	1.09999999999999E-11	1E10	1E10	1E-30	1.39720739660029E-10	1E10	1E-30	1E10	0.13	1E-30	1.86302120585008E-11	0.505750910163593	1E-30	9.23955242497776E-12	6.11745326215471E-02	7.82519980626155E-11	1.24081463290188E-11	3.0866824600458	1.28937348647584E-11	2.48845064384368E-11	5.26552156928562	1.51158418593014E-12	1.33538886872919E-10	1E5	1E10	1E-30	1E-10	1E10	1E-30	1E-10	1E10	1E-30	1E-10	1E10	1E-30	1E-10	1E10	1E-30	1E-10	1E10	1E-30	1E-10	1E10	1E-30	1E-10	1E10	1E-30	1E-10	1E10	1E-30	1E-10	1E10	1E-30	1E-10	2	-5	5
1402	1.09999999999999E-11	1E10	1E10	1E-30	1.39720739660029E-10	1E10	1E-30	1E10	0.13	1E-30	1.86302120585008E-11	0.505750910163593	1E-30	9.23955242497776E-12	6.11745326215471E-02	7.82519980626155E-11	1.24081463290188E-11	3.0866824600458	1.28937348647584E-11	2.48845064384368E-11	5.26552156928562	1.51158418593014E-12	1.33538886872919E-10	1E5	1E10	1E-30	1E-10	1E10	1E-30	1E-10	1E10	1E-30	1E-10	1E10	1E-30	1E-10	1E10	1E-30	1E-10	1E10	1E-30	1E-10	1E10	1E-30	1E-10	1E10	1E-30	1E-10	1E10	1E-30	1E-10	1E10	1E-30	1E-10	2	-5	5
1403	1.2E-11	1E10	1E10	1E-30	8.99638523969102E-11	1E10	1E-30	1E10	0.12	1E-30	2.39884164711268E-11	0.246633769287623	8.69064460927961E-11	1.21353823205087E-11	2.88158324975584	1.15501598988724E-11	2.90883957549496E-11	5.23880381443447	1.1001476214228E-12	1.75222199427837E-10	1E5	1E10	1E-30	1E-10	1E10	1E-30	1E-10	1E10	1E-30	1E-10	1E10	1E-30	1E-10	1E10	1E-30	1E-10	1E10	1E-30	1E-10	1E10	1E-30	1E-10	1E10	1E-30	1E-10	1E10	1E-30	1E-10	1E10	1E-30	1E-10	1E10	1E-30	1E-10	2	-5	5
1404	1.2E-11	1E10	1E10	1E-30	8.99638523969102E-11	1E10	1E-30	1E10	0.12	1E-30	2.39884164711268E-11	0.246633769287623	8.69064460927961E-11	1.21353823205087E-11	2.88158324975584	1.15501598988724E-11	2.90883957549496E-11	5.23880381443447	1.1001476214228E-12	1.75222199427837E-10	1E5	1E10	1E-30	1E-10	1E10	1E-30	1E-10	1E10	1E-30	1E-10	1E10	1E-30	1E-10	1E10	1E-30	1E-10	1E10	1E-30	1E-10	1E10	1E-30	1E-10	1E10	1E-30	1E-10	1E10	1E-30	1E-10	1E10	1E-30	1E-10	1E10	1E-30	1E-10	2	-2	2
1405	1.2E-11	1E10	1E10	1E-30	8.99638523969102E-11	1E10	1E-30	1E10	0.12	1E-30	2.39884164711268E-11	0.246633769287623	8.69064460927961E-11	1.21353823205087E-11	2.88158324975584	1.15501598988724E-11	2.90883957549496E-11	5.23880381443447	1.1001476214228E-12	1.75222199427837E-10	1E5	1E10	1E-30	1E-10	1E10	1E-30	1E-10	1E10	1E-30	1E-10	1E10	1E-30	1E-10	1E10	1E-30	1E-10	1E10	1E-30	1E-10	1E10	1E-30	1E-10	1E10	1E-30	1E-10	1E10	1E-30	1E-10	1E10	1E-30	1E-10	1E10	1E-30	1E-10	2	-5	5
1406	1.2E-11	1E10	1E10	1E-30	8.99638523969102E-11	1E10	1E-30	1E10	0.12	1E-30	2.39884164711268E-11	0.246633769287623	8.69064460927961E-11	1.21353823205087E-11	2.88158324975584	1.15501598988724E-11	2.90883957549496E-11	5.23880381443447	1.1001476214228E-12	1.75222199427837E-10	1E5	1E10	1E-30	1E-10	1E10	1E-30	1E-10	1E10	1E-30	1E-10	1E10	1E-30	1E-10	1E10	1E-30	1E-10	1E10	1E-30	1E-10	1E10	1E-30	1E-10	1E10	1E-30	1E-10	1E10	1E-30	1E-10	1E10	1E-30	1E-10	1E10	1E-30	1E-10	2	-2	2
1407	1.2E-11	1E10	1E10	1E-30	8.99638523969102E-11	1E10	1E-30	1E10	0.12	1E-30	2.39884164711268E-11	0.246633769287623	8.69064460927961E-11	1.21353823205087E-11	2.88158324975584	1.15501598988724E-11	2.90883957549496E-11	5.23880381443447	1.1001476214228E-12	1.75222199427837E-10	1E5	1E10	1E-30	1E-10	1E10	1E-30	1E-10	1E10	1E-30	1E-10	1E10	1E-30	1E-10	1E10	1E-30	1E-10	1E10	1E-30	1E-10	1E10	1E-30	1E-10	1E10	1E-30	1E-10	1E10	1E-30	1E-10	1E10	1E-30	1E-10	1E10	1E-30	1E-10	2	-5	5
1408	1.2E-11	1E10	1E10	1E-30	8.99638523969102E-11	1E10	1E-30	1E10	0.12	1E-30	2.39884164711268E-11	0.246633769287623	8.69064460927961E-11	1.21353823205087E-11	2.88158324975584	1.15501598988724E-11	2.90883957549496E-11	5.23880381443447	1.1001476214228E-12	1.75222199427837E-10	1E5	1E10	1E-30	1E-10	1E10	1E-30	1E-10	1E10	1E-30	1E-10	1E10	1E-30	1E-10	1E10	1E-30	1E-10	1E10	1E-30	1E-10	1E10	1E-30	1E-10	1E10	1E-30	1E-10	1E10	1E-30	1E-10	1E10	1E-30	1E-10	1E10	1E-30	1E-10	2	-5	5
1409	1.2E-11	1E10	1E10	1E-30	8.99638523969102E-11	1E10	1E-30	1E10	0.12	1E-30	2.39884164711268E-11	0.246633769287623	8.69064460927961E-11	1.21353823205087E-11	2.88158324975584	1.15501598988724E-11	2.90883957549496E-11	5.23880381443447	1.1001476214228E-12	1.75222199427837E-10	1E5	1E10	1E-30	1E-10	1E10	1E-30	1E-10	1E10	1E-30	1E-10	1E10	1E-30	1E-10	1E10	1E-30	1E-10	1E10	1E-30	1E-10	1E10	1E-30	1E-10	1E10	1E-30	1E-10	1E10	1E-30	1E-10	1E10	1E-30	1E-10	1E10	1E-30	1E-10	2	-2	2
1410	1.2E-11	1E10	1E10	1E-30	8.99638523969102E-11	1E10	1E-30	1E10	0.12	1E-30	2.39884164711268E-11	0.246633769287623	8.69064460927961E-11	1.21353823205087E-11	2.88158324975584	1.15501598988724E-11	2.90883957549496E-11	5.23880381443447	1.1001476214228E-12	1.75222199427837E-10	1E5	1E10	1E-30	1E-10	1E10	1E-30	1E-10	1E10	1E-30	1E-10	1E10	1E-30	1E-10	1E10	1E-30	1E-10	1E10	1E-30	1E-10	1E10	1E-30	1E-10	1E10	1E-30	1E-10	1E10	1E-30	1E-10	1E10	1E-30	1E-10	1E10	1E-30	1E-10	2	-5	5
1411	1.2E-11	1E10	1E10	1E-30	8.99638523969102E-11	1E10	1E-30	1E10	0.12	1E-30	2.39884164711268E-11	0.246633769287623	8.69064460927961E-11	1.21353823205087E-11	2.88158324975584	1.15501598988724E-11	2.90883957549496E-11	5.23880381443447	1.1001476214228E-12	1.75222199427837E-10	1E5	1E10	1E-30	1E-10	1E10	1E-30	1E-10	1E10	1E-30	1E-10	1E10	1E-30	1E-10	1E10	1E-30	1E-10	1E10	1E-30	1E-10	1E10	1E-30	1E-10	1E10	1E-30	1E-10	1E10	1E-30	1E-10	1E10	1E-30	1E-10	1E10	1E-30	1E-10	2	-2	2
1412	1.2E-11	1E10	1E10	1E-30	8.99638523969102E-11	1E10	1E-30	1E10	0.12	1E-30	2.39884164711268E-11	0.246633769287623	8.69064460927961E-11	1.21353823205087E-11	2.88158324975584	1.15501598988724E-11	2.90883957549496E-11	5.23880381443447	1.1001476214228E-12	1.75222199427837E-10	1E5	1E10	1E-30	1E-10	1E10	1E-30	1E-10	1E10	1E-30	1E-10	1E10	1E-30	1E-10	1E10	1E-30	1E-10	1E10	1E-30	1E-10	1E10	1E-30	1E-10	1E10	1E-30	1E-10	1E10	1E-30	1E-10	1E10	1E-30	1E-10	1E10	1E-30	1E-10	2	-5	5
1413	1.3E-11	1E10	1E10	1E-30	1.67520532312923E-10	1E10	1E-30	1E10	0.135	1E-30	2.4676175755025E-11	0.465134954824064	1.08368126432429E-10	8.54313843075396E-12	1.19376424417669	1.6083383613632E-11	2.18741077049603E-11	4.7363382566534	2.09552858410978E-12	1.21268080204578E-10	1E5	1E10	1E-30	1E-10	1E10	1E-30	1E-10	1E10	1E-30	1E-10	1E10	1E-30	1E-10	1E10	1E-30	1E-10	1E10	1E-30	1E-10	1E10	1E-30	1E-10	1E10	1E-30	1E-10	1E10	1E-30	1E-10	1E10	1E-30	1E-10	1E10	1E-30	1E-10	2	-5	5
1414	1.3E-11	1E10	1E10	1E-30	1.67520532312923E-10	1E10	1E-30	1E10	0.135	1E-30	2.4676175755025E-11	0.465134954824064	1.08368126432429E-10	8.54313843075396E-12	1.19376424417669	1.6083383613632E-11	2.18741077049603E-11	4.7363382566534	2.09552858410978E-12	1.21268080204578E-10	1E5	1E10	1E-30	1E-10	1E10	1E-30	1E-10	1E10	1E-30	1E-10	1E10	1E-30	1E-10	1E10	1E-30	1E-10	1E10	1E-30	1E-10	1E10	1E-30	1E-10	1E10	1E-30	1E-10	1E10	1E-30	1E-10	1E10	1E-30	1E-10	1E10	1E-30	1E-10	2	-5	5
1415	1.49999999999999E-11	1E10	1E10	1E-30	1.75415531769545E-10	1E10	1E-30	1E10	0.15	1E-30	2.51586736127952E-11	0.418222314603598	1.21592684127204E-10	8.83916495860993E-12	1.71309156034132	1.46815774504111E-11	2.31433066508351E-11	4.50050068435311	1.36952908889188E-12	1.50823435964885E-10	1E5	1E10	1E-30	1E-10	1E10	1E-30	1E-10	1E10	1E-30	1E-10	1E10	1E-30	1E-10	1E10	1E-30	1E-10	1E10	1E-30	1E-10	1E10	1E-30	1E-10	1E10	1E-30	1E-10	1E10	1E-30	1E-10	1E10	1E-30	1E-10	1E10	1E-30	1E-10	2	-5	5
1416	1.49999999999999E-11	1E10	1E10	1E-30	1.75415531769545E-10	1E10	1E-30	1E10	0.15	1E-30	2.51586736127952E-11	0.418222314603598	1.21592684127204E-10	8.83916495860993E-12	1.71309156034132	1.46815774504111E-11	2.31433066508351E-11	4.50050068435311	1.36952908889188E-12	1.50823435964885E-10	1E5	1E10	1E-30	1E-10	1E10	1E-30	1E-10	1E10	1E-30	1E-10	1E10	1E-30	1E-10	1E10	1E-30	1E-10	1E10	1E-30	1E-10	1E10	1E-30	1E-10	1E10	1E-30	1E-10	1E10	1E-30	1E-10	1E10	1E-30	1E-10	1E10	1E-30	1E-10	2	-2	2
1417	1.49999999999999E-11	1E10	1E10	1E-30	1.75415531769545E-10	1E10	1E-30	1E10	0.15	1E-30	2.51586736127952E-11	0.418222314603598	1.21592684127204E-10	8.83916495860993E-12	1.71309156034132	1.46815774504111E-11	2.31433066508351E-11	4.50050068435311	1.36952908889188E-12	1.50823435964885E-10	1E5	1E10	1E-30	1E-10	1E10	1E-30	1E-10	1E10	1E-30	1E-10	1E10	1E-30	1E-10	1E10	1E-30	1E-10	1E10	1E-30	1E-10	1E10	1E-30	1E-10	1E10	1E-30	1E-10	1E10	1E-30	1E-10	1E10	1E-30	1E-10	1E10	1E-30	1E-10	2	-5	5
1418	1.49999999999999E-11	1E10	1E10	1E-30	1.75415531769545E-10	1E10	1E-30	1E10	0.15	1E-30	2.51586736127952E-11	0.418222314603598	1.21592684127204E-10	8.83916495860993E-12	1.71309156034132	1.46815774504111E-11	2.31433066508351E-11	4.50050068435311	1.36952908889188E-12	1.50823435964885E-10	1E5	1E10	1E-30	1E-10	1E10	1E-30	1E-10	1E10	1E-30	1E-10	1E10	1E-30	1E-10	1E10	1E-30	1E-10	1E10	1E-30	1E-10	1E10	1E-30	1E-10	1E10	1E-30	1E-10	1E10	1E-30	1E-10	1E10	1E-30	1E-10	1E10	1E-30	1E-10	2	-2	2
1419	1.49999999999999E-11	1E10	1E10	1E-30	1.75415531769545E-10	1E10	1E-30	1E10	0.15	1E-30	2.51586736127952E-11	0.418222314603598	1.21592684127204E-10	8.83916495860993E-12	1.71309156034132	1.46815774504111E-11	2.31433066508351E-11	4.50050068435311	1.36952908889188E-12	1.50823435964885E-10	1E5	1E10	1E-30	1E-10	1E10	1E-30	1E-10	1E10	1E-30	1E-10	1E10	1E-30	1E-10	1E10	1E-30	1E-10	1E10	1E-30	1E-10	1E10	1E-30	1E-10	1E10	1E-30	1E-10	1E10	1E-30	1E-10	1E10	1E-30	1E-10	1E10	1E-30	1E-10	2	-5	5
1420	1.49999999999999E-11	1E10	1E10	1E-30	1.75415531769545E-10	1E10	1E-30	1E10	0.15	1E-30	2.51586736127952E-11	0.418222314603598	1.21592684127204E-10	8.83916495860993E-12	1.71309156034132	1.46815774504111E-11	2.31433066508351E-11	4.50050068435311	1.36952908889188E-12	1.50823435964885E-10	1E5	1E10	1E-30	1E-10	1E10	1E-30	1E-10	1E10	1E-30	1E-10	1E10	1E-30	1E-10	1E10	1E-30	1E-10	1E10	1E-30	1E-10	1E10	1E-30	1E-10	1E10	1E-30	1E-10	1E10	1E-30	1E-10	1E10	1E-30	1E-10	1E10	1E-30	1E-10	2	-5	5
1421	1.49999999999999E-11	1E10	1E10	1E-30	1.75415531769545E-10	1E10	1E-30	1E10	0.15	1E-30	2.51586736127952E-11	0.418222314603598	1.21592684127204E-10	8.83916495860993E-12	1.71309156034132	1.46815774504111E-11	2.31433066508351E-11	4.50050068435311	1.36952908889188E-12	1.50823435964885E-10	1E5	1E10	1E-30	1E-10	1E10	1E-30	1E-10	1E10	1E-30	1E-10	1E10	1E-30	1E-10	1E10	1E-30	1E-10	1E10	1E-30	1E-10	1E10	1E-30	1E-10	1E10	1E-30	1E-10	1E10	1E-30	1E-10	1E10	1E-30	1E-10	1E10	1E-30	1E-10	2	-2	2
1422	1.49999999999999E-11	1E10	1E10	1E-30	1.75415531769545E-10	1E10	1E-30	1E10	0.15	1E-30	2.51586736127952E-11	0.418222314603598	1.21592684127204E-10	8.83916495860993E-12	1.71309156034132	1.46815774504111E-11	2.31433066508351E-11	4.50050068435311	1.36952908889188E-12	1.50823435964885E-10	1E5	1E10	1E-30	1E-10	1E10	1E-30	1E-10	1E10	1E-30	1E-10	1E10	1E-30	1E-10	1E10	1E-30	1E-10	1E10	1E-30	1E-10	1E10	1E-30	1E-10	1E10	1E-30	1E-10	1E10	1E-30	1E-10	1E10	1E-30	1E-10	1E10	1E-30	1E-10	2	-5	5
1423	1.49999999999999E-11	1E10	1E10	1E-30	1.75415531769545E-10	1E10	1E-30	1E10	0.15	1E-30	2.51586736127952E-11	0.418222314603598	1.21592684127204E-10	8.83916495860993E-12	1.71309156034132	1.46815774504111E-11	2.31433066508351E-11	4.50050068435311	1.36952908889188E-12	1.50823435964885E-10	1E5	1E10	1E-30	1E-10	1E10	1E-30	1E-10	1E10	1E-30	1E-10	1E10	1E-30	1E-10	1E10	1E-30	1E-10	1E10	1E-30	1E-10	1E10	1E-30	1E-10	1E10	1E-30	1E-10	1E10	1E-30	1E-10	1E10	1E-30	1E-10	1E10	1E-30	1E-10	2	-2	2
1424	1.49999999999999E-11	1E10	1E10	1E-30	1.75415531769545E-10	1E10	1E-30	1E10	0.15	1E-30	2.51586736127952E-11	0.418222314603598	1.21592684127204E-10	8.83916495860993E-12	1.71309156034132	1.46815774504111E-11	2.31433066508351E-11	4.50050068435311	1.36952908889188E-12	1.50823435964885E-10	1E5	1E10	1E-30	1E-10	1E10	1E-30	1E-10	1E10	1E-30	1E-10	1E10	1E-30	1E-10	1E10	1E-30	1E-10	1E10	1E-30	1E-10	1E10	1E-30	1E-10	1E10	1E-30	1E-10	1E10	1E-30	1E-10	1E10	1E-30	1E-10	1E10	1E-30	1E-10	2	-5	5
1425	1.6E-11	1E10	1E10	1E-30	1.10679718105893E-10	1E10	1E-30	1E10	0.127273365962327	1E-30	1.7948117087345E-11	0.28058051715891	2.1552551880154E-10	5.47987836402706E-12	1.21236877158875	7.52156374248382E-12	4.4007544990541E-11	9.18174067116993	1.02337203770196E-12	1.67882931956211E-10	1E5	1E10	1E-30	1E-10	1E10	1E-30	1E-10	1E10	1E-30	1E-10	1E10	1E-30	1E-10	1E10	1E-30	1E-10	1E10	1E-30	1E-10	1E10	1E-30	1E-10	1E10	1E-30	1E-10	1E10	1E-30	1E-10	1E10	1E-30	1E-10	1E10	1E-30	1E-10	2	-5	5
1426	1.6E-11	1E10	1E10	1E-30	1.10679718105893E-10	1E10	1E-30	1E10	0.127273365962327	1E-30	1.7948117087345E-11	0.28058051715891	2.1552551880154E-10	5.47987836402706E-12	1.21236877158875	7.52156374248382E-12	4.4007544990541E-11	9.18174067116993	1.02337203770196E-12	1.67882931956211E-10	1E5	1E10	1E-30	1E-10	1E10	1E-30	1E-10	1E10	1E-30	1E-10	1E10	1E-30	1E-10	1E10	1E-30	1E-10	1E10	1E-30	1E-10	1E10	1E-30	1E-10	1E10	1E-30	1E-10	1E10	1E-30	1E-10	1E10	1E-30	1E-10	1E10	1E-30	1E-10	2	-5	5
1427	1.8E-11	1E10	1E10	1E-30	1.1859545464872E-10	1E10	1E-30	1E10	0.12	1E-30	2.40341530647185E-11	0.205387695800315	1.21065684732511E-10	1.12106022992066E-11	1.91519383044981	7.86055022832975E-12	4.31624465561146E-11	5.98649325068588	1.0223538391576E-12	1.84263306187145E-10	1169280786.78743	1E10	1E-30	1E-10	1E10	1E-30	1E-10	1E10	1E-30	1E-10	1E10	1E-30	1E-10	1E10	1E-30	1E-10	1E10	1E-30	1E-10	1E10	1E-30	1E-10	1E10	1E-30	1E-10	1E10	1E-30	1E-10	1E10	1E-30	1E-10	1E10	1E-30	1E-10	2	-5	5
1428	1.8E-11	1E10	1E10	1E-30	1.1859545464872E-10	1E10	1E-30	1E10	0.12	1E-30	2.40341530647185E-11	0.205387695800315	1.21065684732511E-10	1.12106022992066E-11	1.91519383044981	7.86055022832975E-12	4.31624465561146E-11	5.98649325068588	1.0223538391576E-12	1.84263306187145E-10	1169280786.78743	1E10	1E-30	1E-10	1E10	1E-30	1E-10	1E10	1E-30	1E-10	1E10	1E-30	1E-10	1E10	1E-30	1E-10	1E10	1E-30	1E-10	1E10	1E-30	1E-10	1E10	1E-30	1E-10	1E10	1E-30	1E-10	1E10	1E-30	1E-10	1E10	1E-30	1E-10	2	-2	2
1429	1.8E-11	1E10	1E10	1E-30	1.1859545464872E-10	1E10	1E-30	1E10	0.12	1E-30	2.40341530647185E-11	0.205387695800315	1.21065684732511E-10	1.12106022992066E-11	1.91519383044981	7.86055022832975E-12	4.31624465561146E-11	5.98649325068588	1.0223538391576E-12	1.84263306187145E-10	1169280786.78743	1E10	1E-30	1E-10	1E10	1E-30	1E-10	1E10	1E-30	1E-10	1E10	1E-30	1E-10	1E10	1E-30	1E-10	1E10	1E-30	1E-10	1E10	1E-30	1E-10	1E10	1E-30	1E-10	1E10	1E-30	1E-10	1E10	1E-30	1E-10	1E10	1E-30	1E-10	2	-5	5
1430	1.8E-11	1E10	1E10	1E-30	1.1859545464872E-10	1E10	1E-30	1E10	0.12	1E-30	2.40341530647185E-11	0.205387695800315	1.21065684732511E-10	1.12106022992066E-11	1.91519383044981	7.86055022832975E-12	4.31624465561146E-11	5.98649325068588	1.0223538391576E-12	1.84263306187145E-10	1169280786.78743	1E10	1E-30	1E-10	1E10	1E-30	1E-10	1E10	1E-30	1E-10	1E10	1E-30	1E-10	1E10	1E-30	1E-10	1E10	1E-30	1E-10	1E10	1E-30	1E-10	1E10	1E-30	1E-10	1E10	1E-30	1E-10	1E10	1E-30	1E-10	1E10	1E-30	1E-10	2	-2	2
1431	1.8E-11	1E10	1E10	1E-30	1.1859545464872E-10	1E10	1E-30	1E10	0.12	1E-30	2.40341530647185E-11	0.205387695800315	1.21065684732511E-10	1.12106022992066E-11	1.91519383044981	7.86055022832975E-12	4.31624465561146E-11	5.98649325068588	1.0223538391576E-12	1.84263306187145E-10	1169280786.78743	1E10	1E-30	1E-10	1E10	1E-30	1E-10	1E10	1E-30	1E-10	1E10	1E-30	1E-10	1E10	1E-30	1E-10	1E10	1E-30	1E-10	1E10	1E-30	1E-10	1E10	1E-30	1E-10	1E10	1E-30	1E-10	1E10	1E-30	1E-10	1E10	1E-30	1E-10	2	-5	5
1432	1.8E-11	1E10	1E10	1E-30	1.1859545464872E-10	1E10	1E-30	1E10	0.12	1E-30	2.40341530647185E-11	0.205387695800315	1.21065684732511E-10	1.12106022992066E-11	1.91519383044981	7.86055022832975E-12	4.31624465561146E-11	5.98649325068588	1.0223538391576E-12	1.84263306187145E-10	1169280786.78743	1E10	1E-30	1E-10	1E10	1E-30	1E-10	1E10	1E-30	1E-10	1E10	1E-30	1E-10	1E10	1E-30	1E-10	1E10	1E-30	1E-10	1E10	1E-30	1E-10	1E10	1E-30	1E-10	1E10	1E-30	1E-10	1E10	1E-30	1E-10	1E10	1E-30	1E-10	2	-5	5
1433	1.8E-11	1E10	1E10	1E-30	1.1859545464872E-10	1E10	1E-30	1E10	0.12	1E-30	2.40341530647185E-11	0.205387695800315	1.21065684732511E-10	1.12106022992066E-11	1.91519383044981	7.86055022832975E-12	4.31624465561146E-11	5.98649325068588	1.0223538391576E-12	1.84263306187145E-10	1169280786.78743	1E10	1E-30	1E-10	1E10	1E-30	1E-10	1E10	1E-30	1E-10	1E10	1E-30	1E-10	1E10	1E-30	1E-10	1E10	1E-30	1E-10	1E10	1E-30	1E-10	1E10	1E-30	1E-10	1E10	1E-30	1E-10	1E10	1E-30	1E-10	1E10	1E-30	1E-10	2	-2	2
1434	1.8E-11	1E10	1E10	1E-30	1.1859545464872E-10	1E10	1E-30	1E10	0.12	1E-30	2.40341530647185E-11	0.205387695800315	1.21065684732511E-10	1.12106022992066E-11	1.91519383044981	7.86055022832975E-12	4.31624465561146E-11	5.98649325068588	1.0223538391576E-12	1.84263306187145E-10	1169280786.78743	1E10	1E-30	1E-10	1E10	1E-30	1E-10	1E10	1E-30	1E-10	1E10	1E-30	1E-10	1E10	1E-30	1E-10	1E10	1E-30	1E-10	1E10	1E-30	1E-10	1E10	1E-30	1E-10	1E10	1E-30	1E-10	1E10	1E-30	1E-10	1E10	1E-30	1E-10	2	-5	5
1435	1.8E-11	1E10	1E10	1E-30	1.1859545464872E-10	1E10	1E-30	1E10	0.12	1E-30	2.40341530647185E-11	0.205387695800315	1.21065684732511E-10	1.12106022992066E-11	1.91519383044981	7.86055022832975E-12	4.31624465561146E-11	5.98649325068588	1.0223538391576E-12	1.84263306187145E-10	1169280786.78743	1E10	1E-30	1E-10	1E10	1E-30	1E-10	1E10	1E-30	1E-10	1E10	1E-30	1E-10	1E10	1E-30	1E-10	1E10	1E-30	1E-10	1E10	1E-30	1E-10	1E10	1E-30	1E-10	1E10	1E-30	1E-10	1E10	1E-30	1E-10	1E10	1E-30	1E-10	2	-2	2
1436	1.8E-11	1E10	1E10	1E-30	1.1859545464872E-10	1E10	1E-30	1E10	0.12	1E-30	2.40341530647185E-11	0.205387695800315	1.21065684732511E-10	1.12106022992066E-11	1.91519383044981	7.86055022832975E-12	4.31624465561146E-11	5.98649325068588	1.0223538391576E-12	1.84263306187145E-10	1169280786.78743	1E10	1E-30	1E-10	1E10	1E-30	1E-10	1E10	1E-30	1E-10	1E10	1E-30	1E-10	1E10	1E-30	1E-10	1E10	1E-30	1E-10	1E10	1E-30	1E-10	1E10	1E-30	1E-10	1E10	1E-30	1E-10	1E10	1E-30	1E-10	1E10	1E-30	1E-10	2	-5	5
1437	1.99999999999999E-11	1E10	1E10	1E-30	4.11214144228835E-11	1E10	1E-30	1E10	0.125	1E-30	2.16665012724536E-11	0.205781865118233	1.76473846476261E-10	8.12564702318991E-12	1.15769946145528	7.1503410381188E-12	4.88580352334065E-11	8.37256115369477	6.83162046464616E-13	2.51487475132016E-10	1E5	1E10	1E-30	1E-10	1E10	1E-30	1E-10	1E10	1E-30	1E-10	1E10	1E-30	1E-10	1E10	1E-30	1E-10	1E10	1E-30	1E-10	1E10	1E-30	1E-10	1E10	1E-30	1E-10	1E10	1E-30	1E-10	1E10	1E-30	1E-10	1E10	1E-30	1E-10	2	-5	5
1438	1.99999999999999E-11	1E10	1E10	1E-30	4.11214144228835E-11	1E10	1E-30	1E10	0.125	1E-30	2.16665012724536E-11	0.205781865118233	1.76473846476261E-10	8.12564702318991E-12	1.15769946145528	7.1503410381188E-12	4.88580352334065E-11	8.37256115369477	6.83162046464616E-13	2.51487475132016E-10	1E5	1E10	1E-30	1E-10	1E10	1E-30	1E-10	1E10	1E-30	1E-10	1E10	1E-30	1E-10	1E10	1E-30	1E-10	1E10	1E-30	1E-10	1E10	1E-30	1E-10	1E10	1E-30	1E-10	1E10	1E-30	1E-10	1E10	1E-30	1E-10	1E10	1E-30	1E-10	2	-5	5
1439	2.19999999999999E-11	1E10	1E10	1E-30	1.21357897658386E-10	1E10	1E-30	1E10	0.119999999999999	1E-30	2.62516021500756E-11	0.316884804271523	1.88355293969053E-10	8.61911911646728E-12	1.00621170256608	1.71496702204191E-11	2.42201061671166E-11	3.66787606783765	9.64454246070812E-13	1.99874993247583E-10	1268347964.65825	1E10	1E-30	1E-10	1E10	1E-30	1E-10	1E10	1E-30	1E-10	1E10	1E-30	1E-10	1E10	1E-30	1E-10	1E10	1E-30	1E-10	1E10	1E-30	1E-10	1E10	1E-30	1E-10	1E10	1E-30	1E-10	1E10	1E-30	1E-10	1E10	1E-30	1E-10	2	-5	5
1440	2.19999999999999E-11	1E10	1E10	1E-30	1.21357897658386E-10	1E10	1E-30	1E10	0.119999999999999	1E-30	2.62516021500756E-11	0.316884804271523	1.88355293969053E-10	8.61911911646728E-12	1.00621170256608	1.71496702204191E-11	2.42201061671166E-11	3.66787606783765	9.64454246070812E-13	1.99874993247583E-10	1268347964.65825	1E10	1E-30	1E-10	1E10	1E-30	1E-10	1E10	1E-30	1E-10	1E10	1E-30	1E-10	1E10	1E-30	1E-10	1E10	1E-30	1E-10	1E10	1E-30	1E-10	1E10	1E-30	1E-10	1E10	1E-30	1E-10	1E10	1E-30	1E-10	1E10	1E-30	1E-10	2	-2	2
1441	2.19999999999999E-11	1E10	1E10	1E-30	1.21357897658386E-10	1E10	1E-30	1E10	0.119999999999999	1E-30	2.62516021500756E-11	0.316884804271523	1.88355293969053E-10	8.61911911646728E-12	1.00621170256608	1.71496702204191E-11	2.42201061671166E-11	3.66787606783765	9.64454246070812E-13	1.99874993247583E-10	1268347964.65825	1E10	1E-30	1E-10	1E10	1E-30	1E-10	1E10	1E-30	1E-10	1E10	1E-30	1E-10	1E10	1E-30	1E-10	1E10	1E-30	1E-10	1E10	1E-30	1E-10	1E10	1E-30	1E-10	1E10	1E-30	1E-10	1E10	1E-30	1E-10	1E10	1E-30	1E-10	2	-5	5
1442	2.19999999999999E-11	1E10	1E10	1E-30	1.21357897658386E-10	1E10	1E-30	1E10	0.119999999999999	1E-30	2.62516021500756E-11	0.316884804271523	1.88355293969053E-10	8.61911911646728E-12	1.00621170256608	1.71496702204191E-11	2.42201061671166E-11	3.66787606783765	9.64454246070812E-13	1.99874993247583E-10	1268347964.65825	1E10	1E-30	1E-10	1E10	1E-30	1E-10	1E10	1E-30	1E-10	1E10	1E-30	1E-10	1E10	1E-30	1E-10	1E10	1E-30	1E-10	1E10	1E-30	1E-10	1E10	1E-30	1E-10	1E10	1E-30	1E-10	1E10	1E-30	1E-10	1E10	1E-30	1E-10	2	-2	2
1443	2.19999999999999E-11	1E10	1E10	1E-30	1.21357897658386E-10	1E10	1E-30	1E10	0.119999999999999	1E-30	2.62516021500756E-11	0.316884804271523	1.88355293969053E-10	8.61911911646728E-12	1.00621170256608	1.71496702204191E-11	2.42201061671166E-11	3.66787606783765	9.64454246070812E-13	1.99874993247583E-10	1268347964.65825	1E10	1E-30	1E-10	1E10	1E-30	1E-10	1E10	1E-30	1E-10	1E10	1E-30	1E-10	1E10	1E-30	1E-10	1E10	1E-30	1E-10	1E10	1E-30	1E-10	1E10	1E-30	1E-10	1E10	1E-30	1E-10	1E10	1E-30	1E-10	1E10	1E-30	1E-10	2	-5	5
1444	2.19999999999999E-11	1E10	1E10	1E-30	1.21357897658386E-10	1E10	1E-30	1E10	0.119999999999999	1E-30	2.62516021500756E-11	0.316884804271523	1.88355293969053E-10	8.61911911646728E-12	1.00621170256608	1.71496702204191E-11	2.42201061671166E-11	3.66787606783765	9.64454246070812E-13	1.99874993247583E-10	1268347964.65825	1E10	1E-30	1E-10	1E10	1E-30	1E-10	1E10	1E-30	1E-10	1E10	1E-30	1E-10	1E10	1E-30	1E-10	1E10	1E-30	1E-10	1E10	1E-30	1E-10	1E10	1E-30	1E-10	1E10	1E-30	1E-10	1E10	1E-30	1E-10	1E10	1E-30	1E-10	2	-5	5
1445	2.19999999999999E-11	1E10	1E10	1E-30	1.21357897658386E-10	1E10	1E-30	1E10	0.119999999999999	1E-30	2.62516021500756E-11	0.316884804271523	1.88355293969053E-10	8.61911911646728E-12	1.00621170256608	1.71496702204191E-11	2.42201061671166E-11	3.66787606783765	9.64454246070812E-13	1.99874993247583E-10	1268347964.65825	1E10	1E-30	1E-10	1E10	1E-30	1E-10	1E10	1E-30	1E-10	1E10	1E-30	1E-10	1E10	1E-30	1E-10	1E10	1E-30	1E-10	1E10	1E-30	1E-10	1E10	1E-30	1E-10	1E10	1E-30	1E-10	1E10	1E-30	1E-10	1E10	1E-30	1E-10	2	-2	2
1446	2.19999999999999E-11	1E10	1E10	1E-30	1.21357897658386E-10	1E10	1E-30	1E10	0.119999999999999	1E-30	2.62516021500756E-11	0.316884804271523	1.88355293969053E-10	8.61911911646728E-12	1.00621170256608	1.71496702204191E-11	2.42201061671166E-11	3.66787606783765	9.64454246070812E-13	1.99874993247583E-10	1268347964.65825	1E10	1E-30	1E-10	1E10	1E-30	1E-10	1E10	1E-30	1E-10	1E10	1E-30	1E-10	1E10	1E-30	1E-10	1E10	1E-30	1E-10	1E10	1E-30	1E-10	1E10	1E-30	1E-10	1E10	1E-30	1E-10	1E10	1E-30	1E-10	1E10	1E-30	1E-10	2	-5	5
1447	2.19999999999999E-11	1E10	1E10	1E-30	1.21357897658386E-10	1E10	1E-30	1E10	0.119999999999999	1E-30	2.62516021500756E-11	0.316884804271523	1.88355293969053E-10	8.61911911646728E-12	1.00621170256608	1.71496702204191E-11	2.42201061671166E-11	3.66787606783765	9.64454246070812E-13	1.99874993247583E-10	1268347964.65825	1E10	1E-30	1E-10	1E10	1E-30	1E-10	1E10	1E-30	1E-10	1E10	1E-30	1E-10	1E10	1E-30	1E-10	1E10	1E-30	1E-10	1E10	1E-30	1E-10	1E10	1E-30	1E-10	1E10	1E-30	1E-10	1E10	1E-30	1E-10	1E10	1E-30	1E-10	2	-2	2
1448	2.19999999999999E-11	1E10	1E10	1E-30	1.21357897658386E-10	1E10	1E-30	1E10	0.119999999999999	1E-30	2.62516021500756E-11	0.316884804271523	1.88355293969053E-10	8.61911911646728E-12	1.00621170256608	1.71496702204191E-11	2.42201061671166E-11	3.66787606783765	9.64454246070812E-13	1.99874993247583E-10	1268347964.65825	1E10	1E-30	1E-10	1E10	1E-30	1E-10	1E10	1E-30	1E-10	1E10	1E-30	1E-10	1E10	1E-30	1E-10	1E10	1E-30	1E-10	1E10	1E-30	1E-10	1E10	1E-30	1E-10	1E10	1E-30	1E-10	1E10	1E-30	1E-10	1E10	1E-30	1E-10	2	-5	5
1449	2.4E-11	1E10	1E10	1E-30	1.21357897658386E-10	1E10	1E-30	1E10	0.109999999999999	1E-30	2.74567253966624E-11	0.307961809698111	4.47851304516593E-10	4.00172328370083E-12	0.623561989680838	2.08959625613726E-11	2.34975805254496E-11	3.94653444955037	1.89932815282175E-11	1.75479611961403E-11	4.86551557327023	9.51607944664442E-13	1.80543572733611E-10	1E5	1E10	1E-30	1E-10	1E10	1E-30	1E-10	1E10	1E-30	1E-10	1E10	1E-30	1E-10	1E10	1E-30	1E-10	1E10	1E-30	1E-10	1E10	1E-30	1E-10	1E10	1E-30	1E-10	1E10	1E-30	1E-10	1E10	1E-30	1E-10	2	-5	5
1450	2.4E-11	1E10	1E10	1E-30	1.21357897658386E-10	1E10	1E-30	1E10	0.109999999999999	1E-30	2.74567253966624E-11	0.307961809698111	4.47851304516593E-10	4.00172328370083E-12	0.623561989680838	2.08959625613726E-11	2.34975805254496E-11	3.94653444955037	1.89932815282175E-11	1.75479611961403E-11	4.86551557327023	9.51607944664442E-13	1.80543572733611E-10	1E5	1E10	1E-30	1E-10	1E10	1E-30	1E-10	1E10	1E-30	1E-10	1E10	1E-30	1E-10	1E10	1E-30	1E-10	1E10	1E-30	1E-10	1E10	1E-30	1E-10	1E10	1E-30	1E-10	1E10	1E-30	1E-10	1E10	1E-30	1E-10	2	-5	5
1451	2.7E-11	1E10	1E10	1E-30	4.2558973564265E-11	1E10	1E-30	1E10	0.115	1E-30	4.18347071914545E-11	1.49100576218574	3.62185409226354E-10	5.63693161549282E-12	0.864270932372171	1.30010908396285E-10	5.00679533824517E-12	1.35805180714325	1.33175607267628E-11	2.30038668980169E-11	2.51174196130005	6.64727824033652E-13	2.4535580460389E-10	1E5	1E10	1E-30	1E-10	1E10	1E-30	1E-10	1E10	1E-30	1E-10	1E10	1E-30	1E-10	1E10	1E-30	1E-10	1E10	1E-30	1E-10	1E10	1E-30	1E-10	1E10	1E-30	1E-10	1E10	1E-30	1E-10	1E10	1E-30	1E-10	2	-5	5
1452	2.7E-11	1E10	1E10	1E-30	4.2558973564265E-11	1E10	1E-30	1E10	0.115	1E-30	4.18347071914545E-11	1.49100576218574	3.62185409226354E-10	5.63693161549282E-12	0.864270932372171	1.30010908396285E-10	5.00679533824517E-12	1.35805180714325	1.33175607267628E-11	2.30038668980169E-11	2.51174196130005	6.64727824033652E-13	2.4535580460389E-10	1E5	1E10	1E-30	1E-10	1E10	1E-30	1E-10	1E10	1E-30	1E-10	1E10	1E-30	1E-10	1E10	1E-30	1E-10	1E10	1E-30	1E-10	1E10	1E-30	1E-10	1E10	1E-30	1E-10	1E10	1E-30	1E-10	1E10	1E-30	1E-10	2	-2	2
1453	2.7E-11	1E10	1E10	1E-30	4.2558973564265E-11	1E10	1E-30	1E10	0.115	1E-30	4.18347071914545E-11	1.49100576218574	3.62185409226354E-10	5.63693161549282E-12	0.864270932372171	1.30010908396285E-10	5.00679533824517E-12	1.35805180714325	1.33175607267628E-11	2.30038668980169E-11	2.51174196130005	6.64727824033652E-13	2.4535580460389E-10	1E5	1E10	1E-30	1E-10	1E10	1E-30	1E-10	1E10	1E-30	1E-10	1E10	1E-30	1E-10	1E10	1E-30	1E-10	1E10	1E-30	1E-10	1E10	1E-30	1E-10	1E10	1E-30	1E-10	1E10	1E-30	1E-10	1E10	1E-30	1E-10	2	-5	5
1454	2.7E-11	1E10	1E10	1E-30	4.2558973564265E-11	1E10	1E-30	1E10	0.115	1E-30	4.18347071914545E-11	1.49100576218574	3.62185409226354E-10	5.63693161549282E-12	0.864270932372171	1.30010908396285E-10	5.00679533824517E-12	1.35805180714325	1.33175607267628E-11	2.30038668980169E-11	2.51174196130005	6.64727824033652E-13	2.4535580460389E-10	1E5	1E10	1E-30	1E-10	1E10	1E-30	1E-10	1E10	1E-30	1E-10	1E10	1E-30	1E-10	1E10	1E-30	1E-10	1E10	1E-30	1E-10	1E10	1E-30	1E-10	1E10	1E-30	1E-10	1E10	1E-30	1E-10	1E10	1E-30	1E-10	2	-2	2
1455	2.7E-11	1E10	1E10	1E-30	4.2558973564265E-11	1E10	1E-30	1E10	0.115	1E-30	4.18347071914545E-11	1.49100576218574	3.62185409226354E-10	5.63693161549282E-12	0.864270932372171	1.30010908396285E-10	5.00679533824517E-12	1.35805180714325	1.33175607267628E-11	2.30038668980169E-11	2.51174196130005	6.64727824033652E-13	2.4535580460389E-10	1E5	1E10	1E-30	1E-10	1E10	1E-30	1E-10	1E10	1E-30	1E-10	1E10	1E-30	1E-10	1E10	1E-30	1E-10	1E10	1E-30	1E-10	1E10	1E-30	1E-10	1E10	1E-30	1E-10	1E10	1E-30	1E-10	1E10	1E-30	1E-10	2	-5	5
1456	2.7E-11	1E10	1E10	1E-30	4.2558973564265E-11	1E10	1E-30	1E10	0.115	1E-30	4.18347071914545E-11	1.49100576218574	3.62185409226354E-10	5.63693161549282E-12	0.864270932372171	1.30010908396285E-10	5.00679533824517E-12	1.35805180714325	1.33175607267628E-11	2.30038668980169E-11	2.51174196130005	6.64727824033652E-13	2.4535580460389E-10	1E5	1E10	1E-30	1E-10	1E10	1E-30	1E-10	1E10	1E-30	1E-10	1E10	1E-30	1E-10	1E10	1E-30	1E-10	1E10	1E-30	1E-10	1E10	1E-30	1E-10	1E10	1E-30	1E-10	1E10	1E-30	1E-10	1E10	1E-30	1E-10	2	-5	5
1457	2.7E-11	1E10	1E10	1E-30	4.2558973564265E-11	1E10	1E-30	1E10	0.115	1E-30	4.18347071914545E-11	1.49100576218574	3.62185409226354E-10	5.63693161549282E-12	0.864270932372171	1.30010908396285E-10	5.00679533824517E-12	1.35805180714325	1.33175607267628E-11	2.30038668980169E-11	2.51174196130005	6.64727824033652E-13	2.4535580460389E-10	1E5	1E10	1E-30	1E-10	1E10	1E-30	1E-10	1E10	1E-30	1E-10	1E10	1E-30	1E-10	1E10	1E-30	1E-10	1E10	1E-30	1E-10	1E10	1E-30	1E-10	1E10	1E-30	1E-10	1E10	1E-30	1E-10	1E10	1E-30	1E-10	2	-2	2
1458	2.7E-11	1E10	1E10	1E-30	4.2558973564265E-11	1E10	1E-30	1E10	0.115	1E-30	4.18347071914545E-11	1.49100576218574	3.62185409226354E-10	5.63693161549282E-12	0.864270932372171	1.30010908396285E-10	5.00679533824517E-12	1.35805180714325	1.33175607267628E-11	2.30038668980169E-11	2.51174196130005	6.64727824033652E-13	2.4535580460389E-10	1E5	1E10	1E-30	1E-10	1E10	1E-30	1E-10	1E10	1E-30	1E-10	1E10	1E-30	1E-10	1E10	1E-30	1E-10	1E10	1E-30	1E-10	1E10	1E-30	1E-10	1E10	1E-30	1E-10	1E10	1E-30	1E-10	1E10	1E-30	1E-10	2	-5	5
1459	2.7E-11	1E10	1E10	1E-30	4.2558973564265E-11	1E10	1E-30	1E10	0.115	1E-30	4.18347071914545E-11	1.49100576218574	3.62185409226354E-10	5.63693161549282E-12	0.864270932372171	1.30010908396285E-10	5.00679533824517E-12	1.35805180714325	1.33175607267628E-11	2.30038668980169E-11	2.51174196130005	6.64727824033652E-13	2.4535580460389E-10	1E5	1E10	1E-30	1E-10	1E10	1E-30	1E-10	1E10	1E-30	1E-10	1E10	1E-30	1E-10	1E10	1E-30	1E-10	1E10	1E-30	1E-10	1E10	1E-30	1E-10	1E10	1E-30	1E-10	1E10	1E-30	1E-10	1E10	1E-30	1E-10	2	-2	2
1460	2.7E-11	1E10	1E10	1E-30	4.2558973564265E-11	1E10	1E-30	1E10	0.115	1E-30	4.18347071914545E-11	1.49100576218574	3.62185409226354E-10	5.63693161549282E-12	0.864270932372171	1.30010908396285E-10	5.00679533824517E-12	1.35805180714325	1.33175607267628E-11	2.30038668980169E-11	2.51174196130005	6.64727824033652E-13	2.4535580460389E-10	1E5	1E10	1E-30	1E-10	1E10	1E-30	1E-10	1E10	1E-30	1E-10	1E10	1E-30	1E-10	1E10	1E-30	1E-10	1E10	1E-30	1E-10	1E10	1E-30	1E-10	1E10	1E-30	1E-10	1E10	1E-30	1E-10	1E10	1E-30	1E-10	2	-5	5
1461	3E-11	1E10	1E10	1E-30	1.87961128729588E-10	1E10	1E-30	1E10	0.115	1E-30	2.41293332408412E-11	0.247737488789757	3.77716039526172E-10	5.79974360377073E-12	0.524980108104063	3.74153392746174E-11	1.61253845695341E-11	1.98839774672354	5.32473712375504E-11	6.2593393720344E-12	1.58281697988845	1.3908616344309E-12	1.23525370114695E-10	1E5	1E10	1E-30	1E-10	1E10	1E-30	1E-10	1E10	1E-30	1E-10	1E10	1E-30	1E-10	1E10	1E-30	1E-10	1E10	1E-30	1E-10	1E10	1E-30	1E-10	1E10	1E-30	1E-10	1E10	1E-30	1E-10	1E10	1E-30	1E-10	2	-5	5
1462	3E-11	1E10	1E10	1E-30	1.87961128729588E-10	1E10	1E-30	1E10	0.115	1E-30	2.41293332408412E-11	0.247737488789757	3.77716039526172E-10	5.79974360377073E-12	0.524980108104063	3.74153392746174E-11	1.61253845695341E-11	1.98839774672354	5.32473712375504E-11	6.2593393720344E-12	1.58281697988845	1.3908616344309E-12	1.23525370114695E-10	1E5	1E10	1E-30	1E-10	1E10	1E-30	1E-10	1E10	1E-30	1E-10	1E10	1E-30	1E-10	1E10	1E-30	1E-10	1E10	1E-30	1E-10	1E10	1E-30	1E-10	1E10	1E-30	1E-10	1E10	1E-30	1E-10	1E10	1E-30	1E-10	2	-5	5
1463	3.3E-11	1E10	1E10	1E-30	7.31253645798913E-11	1E10	1E-30	1E10	0.12	1E-30	1.74484702767999E-11	0.159592125102739	4.83101801335439E-10	5.11734489616657E-12	0.447265239048861	3.86006133800093E-11	2.07790497204911E-11	2.3550343450035	1.38506741225988E-11	2.37073643781304E-11	4.88987148174931	8.17538232731553E-13	2.25181143204397E-10	1E5	1E10	1E-30	1E-10	1E10	1E-30	1E-10	1E10	1E-30	1E-10	1E10	1E-30	1E-10	1E10	1E-30	1E-10	1E10	1E-30	1E-10	1E10	1E-30	1E-10	1E10	1E-30	1E-10	1E10	1E-30	1E-10	1E10	1E-30	1E-10	2	-5	5
1464	3.3E-11	1E10	1E10	1E-30	7.31253645798913E-11	1E10	1E-30	1E10	0.12	1E-30	1.74484702767999E-11	0.159592125102739	4.83101801335439E-10	5.11734489616657E-12	0.447265239048861	3.86006133800093E-11	2.07790497204911E-11	2.3550343450035	1.38506741225988E-11	2.37073643781304E-11	4.88987148174931	8.17538232731553E-13	2.25181143204397E-10	1E5	1E10	1E-30	1E-10	1E10	1E-30	1E-10	1E10	1E-30	1E-10	1E10	1E-30	1E-10	1E10	1E-30	1E-10	1E10	1E-30	1E-10	1E10	1E-30	1E-10	1E10	1E-30	1E-10	1E10	1E-30	1E-10	1E10	1E-30	1E-10	2	-2	2
1465	3.3E-11	1E10	1E10	1E-30	7.31253645798913E-11	1E10	1E-30	1E10	0.12	1E-30	1.74484702767999E-11	0.159592125102739	4.83101801335439E-10	5.11734489616657E-12	0.447265239048861	3.86006133800093E-11	2.07790497204911E-11	2.3550343450035	1.38506741225988E-11	2.37073643781304E-11	4.88987148174931	8.17538232731553E-13	2.25181143204397E-10	1E5	1E10	1E-30	1E-10	1E10	1E-30	1E-10	1E10	1E-30	1E-10	1E10	1E-30	1E-10	1E10	1E-30	1E-10	1E10	1E-30	1E-10	1E10	1E-30	1E-10	1E10	1E-30	1E-10	1E10	1E-30	1E-10	1E10	1E-30	1E-10	2	-5	5
1466	3.3E-11	1E10	1E10	1E-30	7.31253645798913E-11	1E10	1E-30	1E10	0.12	1E-30	1.74484702767999E-11	0.159592125102739	4.83101801335439E-10	5.11734489616657E-12	0.447265239048861	3.86006133800093E-11	2.07790497204911E-11	2.3550343450035	1.38506741225988E-11	2.37073643781304E-11	4.88987148174931	8.17538232731553E-13	2.25181143204397E-10	1E5	1E10	1E-30	1E-10	1E10	1E-30	1E-10	1E10	1E-30	1E-10	1E10	1E-30	1E-10	1E10	1E-30	1E-10	1E10	1E-30	1E-10	1E10	1E-30	1E-10	1E10	1E-30	1E-10	1E10	1E-30	1E-10	1E10	1E-30	1E-10	2	-2	2
1467	3.3E-11	1E10	1E10	1E-30	7.31253645798913E-11	1E10	1E-30	1E10	0.12	1E-30	1.74484702767999E-11	0.159592125102739	4.83101801335439E-10	5.11734489616657E-12	0.447265239048861	3.86006133800093E-11	2.07790497204911E-11	2.3550343450035	1.38506741225988E-11	2.37073643781304E-11	4.88987148174931	8.17538232731553E-13	2.25181143204397E-10	1E5	1E10	1E-30	1E-10	1E10	1E-30	1E-10	1E10	1E-30	1E-10	1E10	1E-30	1E-10	1E10	1E-30	1E-10	1E10	1E-30	1E-10	1E10	1E-30	1E-10	1E10	1E-30	1E-10	1E10	1E-30	1E-10	1E10	1E-30	1E-10	2	-5	5
1468	3.3E-11	1E10	1E10	1E-30	7.31253645798913E-11	1E10	1E-30	1E10	0.12	1E-30	1.74484702767999E-11	0.159592125102739	4.83101801335439E-10	5.11734489616657E-12	0.447265239048861	3.86006133800093E-11	2.07790497204911E-11	2.3550343450035	1.38506741225988E-11	2.37073643781304E-11	4.88987148174931	8.17538232731553E-13	2.25181143204397E-10	1E5	1E10	1E-30	1E-10	1E10	1E-30	1E-10	1E10	1E-30	1E-10	1E10	1E-30	1E-10	1E10	1E-30	1E-10	1E10	1E-30	1E-10	1E10	1E-30	1E-10	1E10	1E-30	1E-10	1E10	1E-30	1E-10	1E10	1E-30	1E-10	2	-5	5
1469	3.3E-11	1E10	1E10	1E-30	7.31253645798913E-11	1E10	1E-30	1E10	0.12	1E-30	1.74484702767999E-11	0.159592125102739	4.83101801335439E-10	5.11734489616657E-12	0.447265239048861	3.86006133800093E-11	2.07790497204911E-11	2.3550343450035	1.38506741225988E-11	2.37073643781304E-11	4.88987148174931	8.17538232731553E-13	2.25181143204397E-10	1E5	1E10	1E-30	1E-10	1E10	1E-30	1E-10	1E10	1E-30	1E-10	1E10	1E-30	1E-10	1E10	1E-30	1E-10	1E10	1E-30	1E-10	1E10	1E-30	1E-10	1E10	1E-30	1E-10	1E10	1E-30	1E-10	1E10	1E-30	1E-10	2	-2	2
1470	3.3E-11	1E10	1E10	1E-30	7.31253645798913E-11	1E10	1E-30	1E10	0.12	1E-30	1.74484702767999E-11	0.159592125102739	4.83101801335439E-10	5.11734489616657E-12	0.447265239048861	3.86006133800093E-11	2.07790497204911E-11	2.3550343450035	1.38506741225988E-11	2.37073643781304E-11	4.88987148174931	8.17538232731553E-13	2.25181143204397E-10	1E5	1E10	1E-30	1E-10	1E10	1E-30	1E-10	1E10	1E-30	1E-10	1E10	1E-30	1E-10	1E10	1E-30	1E-10	1E10	1E-30	1E-10	1E10	1E-30	1E-10	1E10	1E-30	1E-10	1E10	1E-30	1E-10	1E10	1E-30	1E-10	2	-5	5
1471	3.3E-11	1E10	1E10	1E-30	7.31253645798913E-11	1E10	1E-30	1E10	0.12	1E-30	1.74484702767999E-11	0.159592125102739	4.83101801335439E-10	5.11734489616657E-12	0.447265239048861	3.86006133800093E-11	2.07790497204911E-11	2.3550343450035	1.38506741225988E-11	2.37073643781304E-11	4.88987148174931	8.17538232731553E-13	2.25181143204397E-10	1E5	1E10	1E-30	1E-10	1E10	1E-30	1E-10	1E10	1E-30	1E-10	1E10	1E-30	1E-10	1E10	1E-30	1E-10	1E10	1E-30	1E-10	1E10	1E-30	1E-10	1E10	1E-30	1E-10	1E10	1E-30	1E-10	1E10	1E-30	1E-10	2	-2	2
1472	3.3E-11	1E10	1E10	1E-30	7.31253645798913E-11	1E10	1E-30	1E10	0.12	1E-30	1.74484702767999E-11	0.159592125102739	4.83101801335439E-10	5.11734489616657E-12	0.447265239048861	3.86006133800093E-11	2.07790497204911E-11	2.3550343450035	1.38506741225988E-11	2.37073643781304E-11	4.88987148174931	8.17538232731553E-13	2.25181143204397E-10	1E5	1E10	1E-30	1E-10	1E10	1E-30	1E-10	1E10	1E-30	1E-10	1E10	1E-30	1E-10	1E10	1E-30	1E-10	1E10	1E-30	1E-10	1E10	1E-30	1E-10	1E10	1E-30	1E-10	1E10	1E-30	1E-10	1E10	1E-30	1E-10	2	-5	5
1473	3.6E-11	1E10	1E10	1E-30	6.51730497832003E-11	1E10	1E-30	1E10	0.11	1E-30	2.06659329142944E-11	0.192805098773992	3.97696025426241E-10	7.03129943689022E-12	0.749687802007381	4.0811577816011E-11	1.95945194205814E-11	2.14883962682384	2.3154965882737E-11	1.50316878750967E-11	2.96830168328606	7.52724832183996E-13	2.28246353548505E-10	1E5	1E10	1E-30	1E-10	1E10	1E-30	1E-10	1E10	1E-30	1E-10	1E10	1E-30	1E-10	1E10	1E-30	1E-10	1E10	1E-30	1E-10	1E10	1E-30	1E-10	1E10	1E-30	1E-10	1E10	1E-30	1E-10	1E10	1E-30	1E-10	2	-5	5
1474	3.6E-11	1E10	1E10	1E-30	6.51730497832003E-11	1E10	1E-30	1E10	0.11	1E-30	2.06659329142944E-11	0.192805098773992	3.97696025426241E-10	7.03129943689022E-12	0.749687802007381	4.0811577816011E-11	1.95945194205814E-11	2.14883962682384	2.3154965882737E-11	1.50316878750967E-11	2.96830168328606	7.52724832183996E-13	2.28246353548505E-10	1E5	1E10	1E-30	1E-10	1E10	1E-30	1E-10	1E10	1E-30	1E-10	1E10	1E-30	1E-10	1E10	1E-30	1E-10	1E10	1E-30	1E-10	1E10	1E-30	1E-10	1E10	1E-30	1E-10	1E10	1E-30	1E-10	1E10	1E-30	1E-10	2	-5	5
1475	3.9E-11	1E10	1E10	1E-30	1.03292322933323E-10	1E10	1E-30	1E10	0.11	1E-30	1.46832824334214E-11	0.128959751360091	4.12663281943836E-10	7.65487649967136E-12	0.778573080428757	7.41817661482532E-11	1.23882995534613E-11	1.5606707435497	1.27449313355694E-11	2.56555289860655E-11	4.19788275526181	7.58432775252585E-13	1.9280708957091E-10	1E5	1E10	1E-30	1E-10	1E10	1E-30	1E-10	1E10	1E-30	1E-10	1E10	1E-30	1E-10	1E10	1E-30	1E-10	1E10	1E-30	1E-10	1E10	1E-30	1E-10	1E10	1E-30	1E-10	1E10	1E-30	1E-10	1E10	1E-30	1E-10	2	-5	5
1476	3.9E-11	1E10	1E10	1E-30	1.03292322933323E-10	1E10	1E-30	1E10	0.11	1E-30	1.46832824334214E-11	0.128959751360091	4.12663281943836E-10	7.65487649967136E-12	0.778573080428757	7.41817661482532E-11	1.23882995534613E-11	1.5606707435497	1.27449313355694E-11	2.56555289860655E-11	4.19788275526181	7.58432775252585E-13	1.9280708957091E-10	1E5	1E10	1E-30	1E-10	1E10	1E-30	1E-10	1E10	1E-30	1E-10	1E10	1E-30	1E-10	1E10	1E-30	1E-10	1E10	1E-30	1E-10	1E10	1E-30	1E-10	1E10	1E-30	1E-10	1E10	1E-30	1E-10	1E10	1E-30	1E-10	2	-2	2
1477	3.9E-11	1E10	1E10	1E-30	1.03292322933323E-10	1E10	1E-30	1E10	0.11	1E-30	1.46832824334214E-11	0.128959751360091	4.12663281943836E-10	7.65487649967136E-12	0.778573080428757	7.41817661482532E-11	1.23882995534613E-11	1.5606707435497	1.27449313355694E-11	2.56555289860655E-11	4.19788275526181	7.58432775252585E-13	1.9280708957091E-10	1E5	1E10	1E-30	1E-10	1E10	1E-30	1E-10	1E10	1E-30	1E-10	1E10	1E-30	1E-10	1E10	1E-30	1E-10	1E10	1E-30	1E-10	1E10	1E-30	1E-10	1E10	1E-30	1E-10	1E10	1E-30	1E-10	1E10	1E-30	1E-10	2	-5	5
1478	3.9E-11	1E10	1E10	1E-30	1.03292322933323E-10	1E10	1E-30	1E10	0.11	1E-30	1.46832824334214E-11	0.128959751360091	4.12663281943836E-10	7.65487649967136E-12	0.778573080428757	7.41817661482532E-11	1.23882995534613E-11	1.5606707435497	1.27449313355694E-11	2.56555289860655E-11	4.19788275526181	7.58432775252585E-13	1.9280708957091E-10	1E5	1E10	1E-30	1E-10	1E10	1E-30	1E-10	1E10	1E-30	1E-10	1E10	1E-30	1E-10	1E10	1E-30	1E-10	1E10	1E-30	1E-10	1E10	1E-30	1E-10	1E10	1E-30	1E-10	1E10	1E-30	1E-10	1E10	1E-30	1E-10	2	-2	2
1479	3.9E-11	1E10	1E10	1E-30	1.03292322933323E-10	1E10	1E-30	1E10	0.11	1E-30	1.46832824334214E-11	0.128959751360091	4.12663281943836E-10	7.65487649967136E-12	0.778573080428757	7.41817661482532E-11	1.23882995534613E-11	1.5606707435497	1.27449313355694E-11	2.56555289860655E-11	4.19788275526181	7.58432775252585E-13	1.9280708957091E-10	1E5	1E10	1E-30	1E-10	1E10	1E-30	1E-10	1E10	1E-30	1E-10	1E10	1E-30	1E-10	1E10	1E-30	1E-10	1E10	1E-30	1E-10	1E10	1E-30	1E-10	1E10	1E-30	1E-10	1E10	1E-30	1E-10	1E10	1E-30	1E-10	2	-5	5
1480	3.9E-11	1E10	1E10	1E-30	1.03292322933323E-10	1E10	1E-30	1E10	0.11	1E-30	1.46832824334214E-11	0.128959751360091	4.12663281943836E-10	7.65487649967136E-12	0.778573080428757	7.41817661482532E-11	1.23882995534613E-11	1.5606707435497	1.27449313355694E-11	2.56555289860655E-11	4.19788275526181	7.58432775252585E-13	1.9280708957091E-10	1E5	1E10	1E-30	1E-10	1E10	1E-30	1E-10	1E10	1E-30	1E-10	1E10	1E-30	1E-10	1E10	1E-30	1E-10	1E10	1E-30	1E-10	1E10	1E-30	1E-10	1E10	1E-30	1E-10	1E10	1E-30	1E-10	1E10	1E-30	1E-10	2	-5	5
1481	3.9E-11	1E10	1E10	1E-30	1.03292322933323E-10	1E10	1E-30	1E10	0.11	1E-30	1.46832824334214E-11	0.128959751360091	4.12663281943836E-10	7.65487649967136E-12	0.778573080428757	7.41817661482532E-11	1.23882995534613E-11	1.5606707435497	1.27449313355694E-11	2.56555289860655E-11	4.19788275526181	7.58432775252585E-13	1.9280708957091E-10	1E5	1E10	1E-30	1E-10	1E10	1E-30	1E-10	1E10	1E-30	1E-10	1E10	1E-30	1E-10	1E10	1E-30	1E-10	1E10	1E-30	1E-10	1E10	1E-30	1E-10	1E10	1E-30	1E-10	1E10	1E-30	1E-10	1E10	1E-30	1E-10	2	-2	2
1482	3.9E-11	1E10	1E10	1E-30	1.03292322933323E-10	1E10	1E-30	1E10	0.11	1E-30	1.46832824334214E-11	0.128959751360091	4.12663281943836E-10	7.65487649967136E-12	0.778573080428757	7.41817661482532E-11	1.23882995534613E-11	1.5606707435497	1.27449313355694E-11	2.56555289860655E-11	4.19788275526181	7.58432775252585E-13	1.9280708957091E-10	1E5	1E10	1E-30	1E-10	1E10	1E-30	1E-10	1E10	1E-30	1E-10	1E10	1E-30	1E-10	1E10	1E-30	1E-10	1E10	1E-30	1E-10	1E10	1E-30	1E-10	1E10	1E-30	1E-10	1E10	1E-30	1E-10	1E10	1E-30	1E-10	2	-5	5
1483	3.9E-11	1E10	1E10	1E-30	1.03292322933323E-10	1E10	1E-30	1E10	0.11	1E-30	1.46832824334214E-11	0.128959751360091	4.12663281943836E-10	7.65487649967136E-12	0.778573080428757	7.41817661482532E-11	1.23882995534613E-11	1.5606707435497	1.27449313355694E-11	2.56555289860655E-11	4.19788275526181	7.58432775252585E-13	1.9280708957091E-10	1E5	1E10	1E-30	1E-10	1E10	1E-30	1E-10	1E10	1E-30	1E-10	1E10	1E-30	1E-10	1E10	1E-30	1E-10	1E10	1E-30	1E-10	1E10	1E-30	1E-10	1E10	1E-30	1E-10	1E10	1E-30	1E-10	1E10	1E-30	1E-10	2	-2	2
1484	3.9E-11	1E10	1E10	1E-30	1.03292322933323E-10	1E10	1E-30	1E10	0.11	1E-30	1.46832824334214E-11	0.128959751360091	4.12663281943836E-10	7.65487649967136E-12	0.778573080428757	7.41817661482532E-11	1.23882995534613E-11	1.5606707435497	1.27449313355694E-11	2.56555289860655E-11	4.19788275526181	7.58432775252585E-13	1.9280708957091E-10	1E5	1E10	1E-30	1E-10	1E10	1E-30	1E-10	1E10	1E-30	1E-10	1E10	1E-30	1E-10	1E10	1E-30	1E-10	1E10	1E-30	1E-10	1E10	1E-30	1E-10	1E10	1E-30	1E-10	1E10	1E-30	1E-10	1E10	1E-30	1E-10	2	-5	5
1485	4.3E-11	1E10	1E10	1E-30	2.78014882153498E-11	1E10	1E-30	1E10	0.105	1E-30	1.75439056743785E-11	0.282451438381408	4.16353289096412E-10	8.22038223544971E-12	0.781566326773578	1.23091571734596E-10	9.02149086150906E-12	1.32792449636725	9.73855954090578E-12	3.29150234043873E-11	3.24670360796496	6.25444241977018E-13	2.39249750137388E-10	1518208599.79151	1E10	1E-30	1E-10	1E10	1E-30	1E-10	1E10	1E-30	1E-10	1E10	1E-30	1E-10	1E10	1E-30	1E-10	1E10	1E-30	1E-10	1E10	1E-30	1E-10	1E10	1E-30	1E-10	1E10	1E-30	1E-10	1E10	1E-30	1E-10	2	-5	5
1486	4.3E-11	1E10	1E10	1E-30	2.78014882153498E-11	1E10	1E-30	1E10	0.105	1E-30	1.75439056743785E-11	0.282451438381408	4.16353289096412E-10	8.22038223544971E-12	0.781566326773578	1.23091571734596E-10	9.02149086150906E-12	1.32792449636725	9.73855954090578E-12	3.29150234043873E-11	3.24670360796496	6.25444241977018E-13	2.39249750137388E-10	1518208599.79151	1E10	1E-30	1E-10	1E10	1E-30	1E-10	1E10	1E-30	1E-10	1E10	1E-30	1E-10	1E10	1E-30	1E-10	1E10	1E-30	1E-10	1E10	1E-30	1E-10	1E10	1E-30	1E-10	1E10	1E-30	1E-10	1E10	1E-30	1E-10	2	-5	5
1487	4.69999999999999E-11	1E10	1E10	1E-30	7.48286731325781E-11	1E10	1E-30	1E10	0.1	1E-30	1.30347313166403E-11	0.144109326702263	3.94406031976312E-10	1.00271088027933E-11	0.936914820938111	7.38362646995392E-11	1.72879150093555E-11	1.86291588072939	1.34019409788933E-11	2.64137717899224E-11	2.9623151701626	8.20746734955947E-13	1.999083468682E-10	1E5	1E10	1E-30	1E-10	1E10	1E-30	1E-10	1E10	1E-30	1E-10	1E10	1E-30	1E-10	1E10	1E-30	1E-10	1E10	1E-30	1E-10	1E10	1E-30	1E-10	1E10	1E-30	1E-10	1E10	1E-30	1E-10	1E10	1E-30	1E-10	2	-5	5
1488	4.69999999999999E-11	1E10	1E10	1E-30	7.48286731325781E-11	1E10	1E-30	1E10	0.1	1E-30	1.30347313166403E-11	0.144109326702263	3.94406031976312E-10	1.00271088027933E-11	0.936914820938111	7.38362646995392E-11	1.72879150093555E-11	1.86291588072939	1.34019409788933E-11	2.64137717899224E-11	2.9623151701626	8.20746734955947E-13	1.999083468682E-10	1E5	1E10	1E-30	1E-10	1E10	1E-30	1E-10	1E10	1E-30	1E-10	1E10	1E-30	1E-10	1E10	1E-30	1E-10	1E10	1E-30	1E-10	1E10	1E-30	1E-10	1E10	1E-30	1E-10	1E10	1E-30	1E-10	1E10	1E-30	1E-10	2	-2	2
1489	4.69999999999999E-11	1E10	1E10	1E-30	7.48286731325781E-11	1E10	1E-30	1E10	0.1	1E-30	1.30347313166403E-11	0.144109326702263	3.94406031976312E-10	1.00271088027933E-11	0.936914820938111	7.38362646995392E-11	1.72879150093555E-11	1.86291588072939	1.34019409788933E-11	2.64137717899224E-11	2.9623151701626	8.20746734955947E-13	1.999083468682E-10	1E5	1E10	1E-30	1E-10	1E10	1E-30	1E-10	1E10	1E-30	1E-10	1E10	1E-30	1E-10	1E10	1E-30	1E-10	1E10	1E-30	1E-10	1E10	1E-30	1E-10	1E10	1E-30	1E-10	1E10	1E-30	1E-10	1E10	1E-30	1E-10	2	-5	5
1490	4.69999999999999E-11	1E10	1E10	1E-30	7.48286731325781E-11	1E10	1E-30	1E10	0.1	1E-30	1.30347313166403E-11	0.144109326702263	3.94406031976312E-10	1.00271088027933E-11	0.936914820938111	7.38362646995392E-11	1.72879150093555E-11	1.86291588072939	1.34019409788933E-11	2.64137717899224E-11	2.9623151701626	8.20746734955947E-13	1.999083468682E-10	1E5	1E10	1E-30	1E-10	1E10	1E-30	1E-10	1E10	1E-30	1E-10	1E10	1E-30	1E-10	1E10	1E-30	1E-10	1E10	1E-30	1E-10	1E10	1E-30	1E-10	1E10	1E-30	1E-10	1E10	1E-30	1E-10	1E10	1E-30	1E-10	2	-2	2
1491	4.69999999999999E-11	1E10	1E10	1E-30	7.48286731325781E-11	1E10	1E-30	1E10	0.1	1E-30	1.30347313166403E-11	0.144109326702263	3.94406031976312E-10	1.00271088027933E-11	0.936914820938111	7.38362646995392E-11	1.72879150093555E-11	1.86291588072939	1.34019409788933E-11	2.64137717899224E-11	2.9623151701626	8.20746734955947E-13	1.999083468682E-10	1E5	1E10	1E-30	1E-10	1E10	1E-30	1E-10	1E10	1E-30	1E-10	1E10	1E-30	1E-10	1E10	1E-30	1E-10	1E10	1E-30	1E-10	1E10	1E-30	1E-10	1E10	1E-30	1E-10	1E10	1E-30	1E-10	1E10	1E-30	1E-10	2	-5	5
1492	4.69999999999999E-11	1E10	1E10	1E-30	7.48286731325781E-11	1E10	1E-30	1E10	0.1	1E-30	1.30347313166403E-11	0.144109326702263	3.94406031976312E-10	1.00271088027933E-11	0.936914820938111	7.38362646995392E-11	1.72879150093555E-11	1.86291588072939	1.34019409788933E-11	2.64137717899224E-11	2.9623151701626	8.20746734955947E-13	1.999083468682E-10	1E5	1E10	1E-30	1E-10	1E10	1E-30	1E-10	1E10	1E-30	1E-10	1E10	1E-30	1E-10	1E10	1E-30	1E-10	1E10	1E-30	1E-10	1E10	1E-30	1E-10	1E10	1E-30	1E-10	1E10	1E-30	1E-10	1E10	1E-30	1E-10	2	-5	5
1493	4.69999999999999E-11	1E10	1E10	1E-30	7.48286731325781E-11	1E10	1E-30	1E10	0.1	1E-30	1.30347313166403E-11	0.144109326702263	3.94406031976312E-10	1.00271088027933E-11	0.936914820938111	7.38362646995392E-11	1.72879150093555E-11	1.86291588072939	1.34019409788933E-11	2.64137717899224E-11	2.9623151701626	8.20746734955947E-13	1.999083468682E-10	1E5	1E10	1E-30	1E-10	1E10	1E-30	1E-10	1E10	1E-30	1E-10	1E10	1E-30	1E-10	1E10	1E-30	1E-10	1E10	1E-30	1E-10	1E10	1E-30	1E-10	1E10	1E-30	1E-10	1E10	1E-30	1E-10	1E10	1E-30	1E-10	2	-2	2
1494	4.69999999999999E-11	1E10	1E10	1E-30	7.48286731325781E-11	1E10	1E-30	1E10	0.1	1E-30	1.30347313166403E-11	0.144109326702263	3.94406031976312E-10	1.00271088027933E-11	0.936914820938111	7.38362646995392E-11	1.72879150093555E-11	1.86291588072939	1.34019409788933E-11	2.64137717899224E-11	2.9623151701626	8.20746734955947E-13	1.999083468682E-10	1E5	1E10	1E-30	1E-10	1E10	1E-30	1E-10	1E10	1E-30	1E-10	1E10	1E-30	1E-10	1E10	1E-30	1E-10	1E10	1E-30	1E-10	1E10	1E-30	1E-10	1E10	1E-30	1E-10	1E10	1E-30	1E-10	1E10	1E-30	1E-10	2	-5	5
1495	4.69999999999999E-11	1E10	1E10	1E-30	7.48286731325781E-11	1E10	1E-30	1E10	0.1	1E-30	1.30347313166403E-11	0.144109326702263	3.94406031976312E-10	1.00271088027933E-11	0.936914820938111	7.38362646995392E-11	1.72879150093555E-11	1.86291588072939	1.34019409788933E-11	2.64137717899224E-11	2.9623151701626	8.20746734955947E-13	1.999083468682E-10	1E5	1E10	1E-30	1E-10	1E10	1E-30	1E-10	1E10	1E-30	1E-10	1E10	1E-30	1E-10	1E10	1E-30	1E-10	1E10	1E-30	1E-10	1E10	1E-30	1E-10	1E10	1E-30	1E-10	1E10	1E-30	1E-10	1E10	1E-30	1E-10	2	-2	2
1496	4.69999999999999E-11	1E10	1E10	1E-30	7.48286731325781E-11	1E10	1E-30	1E10	0.1	1E-30	1.30347313166403E-11	0.144109326702263	3.94406031976312E-10	1.00271088027933E-11	0.936914820938111	7.38362646995392E-11	1.72879150093555E-11	1.86291588072939	1.34019409788933E-11	2.64137717899224E-11	2.9623151701626	8.20746734955947E-13	1.999083468682E-10	1E5	1E10	1E-30	1E-10	1E10	1E-30	1E-10	1E10	1E-30	1E-10	1E10	1E-30	1E-10	1E10	1E-30	1E-10	1E10	1E-30	1E-10	1E10	1E-30	1E-10	1E10	1E-30	1E-10	1E10	1E-30	1E-10	1E10	1E-30	1E-10	2	-5	5
1497	5.1E-11	1E10	1E10	1E-30	1.37815220461516E-10	1E10	1E-30	1E10	0.11	1E-30	1.59364062900813E-11	0.179485509517996	5.67480367919866E-10	6.08607216511794E-12	0.548463161540614	7.86175201121771E-11	1.78209936987988E-11	2.02463890479027	8.26629731356133E-12	3.72981336501929E-11	3.81494202238025	1.36133161780825E-12	1.62583384534574E-10	1031706375.6257	1E10	1E-30	1E-10	1E10	1E-30	1E-10	1E10	1E-30	1E-10	1E10	1E-30	1E-10	1E10	1E-30	1E-10	1E10	1E-30	1E-10	1E10	1E-30	1E-10	1E10	1E-30	1E-10	1E10	1E-30	1E-10	1E10	1E-30	1E-10	2	-5	5
1498	5.1E-11	1E10	1E10	1E-30	1.37815220461516E-10	1E10	1E-30	1E10	0.11	1E-30	1.59364062900813E-11	0.179485509517996	5.67480367919866E-10	6.08607216511794E-12	0.548463161540614	7.86175201121771E-11	1.78209936987988E-11	2.02463890479027	8.26629731356133E-12	3.72981336501929E-11	3.81494202238025	1.36133161780825E-12	1.62583384534574E-10	1031706375.6257	1E10	1E-30	1E-10	1E10	1E-30	1E-10	1E10	1E-30	1E-10	1E10	1E-30	1E-10	1E10	1E-30	1E-10	1E10	1E-30	1E-10	1E10	1E-30	1E-10	1E10	1E-30	1E-10	1E10	1E-30	1E-10	1E10	1E-30	1E-10	2	-5	5
1499	5.1E-11	1E10	1E10	1E-30	1.37815220461516E-10	1E10	1E-30	1E10	0.11	1E-30	1.59364062900813E-11	0.179485509517996	5.67480367919866E-10	6.08607216511794E-12	0.548463161540614	7.86175201121771E-11	1.78209936987988E-11	2.02463890479027	8.26629731356133E-12	3.72981336501929E-11	3.81494202238025	1.36133161780825E-12	1.62583384534574E-10	1031706375.6257	1E10	1E-30	1E-10	1E10	1E-30	1E-10	1E10	1E-30	1E-10	1E10	1E-30	1E-10	1E10	1E-30	1E-10	1E10	1E-30	1E-10	1E10	1E-30	1E-10	1E10	1E-30	1E-10	1E10	1E-30	1E-10	1E10	1E-30	1E-10	2	-5	5
1500	5.59999999999999E-11	1E10	1E10	1E-30	1.44640386939165E-10	1E10	1E-30	1E10	0.11	1E-30	1.24890863495612E-11	0.102153949594483	4.70461052455634E-10	8.55451539994035E-12	0.759538767785601	8.85009691719632E-11	1.88676928518919E-11	1.83258076143913	9.16530562147171E-12	3.40928490715636E-11	3.30379252846571	1.35558730841173E-12	1.32712734388483E-10	1E5	1E10	1E-30	1E-10	1E10	1E-30	1E-10	1E10	1E-30	1E-10	1E10	1E-30	1E-10	1E10	1E-30	1E-10	1E10	1E-30	1E-10	1E10	1E-30	1E-10	1E10	1E-30	1E-10	1E10	1E-30	1E-10	1E10	1E-30	1E-10	2	-5	5
1501	5.59999999999999E-11	1E10	1E10	1E-30	1.44640386939165E-10	1E10	1E-30	1E10	0.11	1E-30	1.24890863495612E-11	0.102153949594483	4.70461052455634E-10	8.55451539994035E-12	0.759538767785601	8.85009691719632E-11	1.88676928518919E-11	1.83258076143913	9.16530562147171E-12	3.40928490715636E-11	3.30379252846571	1.35558730841173E-12	1.32712734388483E-10	1E5	1E10	1E-30	1E-10	1E10	1E-30	1E-10	1E10	1E-30	1E-10	1E10	1E-30	1E-10	1E10	1E-30	1E-10	1E10	1E-30	1E-10	1E10	1E-30	1E-10	1E10	1E-30	1E-10	1E10	1E-30	1E-10	1E10	1E-30	1E-10	2	-2	2
1502	5.59999999999999E-11	1E10	1E10	1E-30	1.44640386939165E-10	1E10	1E-30	1E10	0.11	1E-30	1.24890863495612E-11	0.102153949594483	4.70461052455634E-10	8.55451539994035E-12	0.759538767785601	8.85009691719632E-11	1.88676928518919E-11	1.83258076143913	9.16530562147171E-12	3.40928490715636E-11	3.30379252846571	1.35558730841173E-12	1.32712734388483E-10	1E5	1E10	1E-30	1E-10	1E10	1E-30	1E-10	1E10	1E-30	1E-10	1E10	1E-30	1E-10	1E10	1E-30	1E-10	1E10	1E-30	1E-10	1E10	1E-30	1E-10	1E10	1E-30	1E-10	1E10	1E-30	1E-10	1E10	1E-30	1E-10	2	-5	5
1503	5.59999999999999E-11	1E10	1E10	1E-30	1.44640386939165E-10	1E10	1E-30	1E10	0.11	1E-30	1.24890863495612E-11	0.102153949594483	4.70461052455634E-10	8.55451539994035E-12	0.759538767785601	8.85009691719632E-11	1.88676928518919E-11	1.83258076143913	9.16530562147171E-12	3.40928490715636E-11	3.30379252846571	1.35558730841173E-12	1.32712734388483E-10	1E5	1E10	1E-30	1E-10	1E10	1E-30	1E-10	1E10	1E-30	1E-10	1E10	1E-30	1E-10	1E10	1E-30	1E-10	1E10	1E-30	1E-10	1E10	1E-30	1E-10	1E10	1E-30	1E-10	1E10	1E-30	1E-10	1E10	1E-30	1E-10	2	-2	2
1504	5.59999999999999E-11	1E10	1E10	1E-30	1.44640386939165E-10	1E10	1E-30	1E10	0.11	1E-30	1.24890863495612E-11	0.102153949594483	4.70461052455634E-10	8.55451539994035E-12	0.759538767785601	8.85009691719632E-11	1.88676928518919E-11	1.83258076143913	9.16530562147171E-12	3.40928490715636E-11	3.30379252846571	1.35558730841173E-12	1.32712734388483E-10	1E5	1E10	1E-30	1E-10	1E10	1E-30	1E-10	1E10	1E-30	1E-10	1E10	1E-30	1E-10	1E10	1E-30	1E-10	1E10	1E-30	1E-10	1E10	1E-30	1E-10	1E10	1E-30	1E-10	1E10	1E-30	1E-10	1E10	1E-30	1E-10	2	-5	5
1505	5.59999999999999E-11	1E10	1E10	1E-30	1.44640386939165E-10	1E10	1E-30	1E10	0.11	1E-30	1.24890863495612E-11	0.102153949594483	4.70461052455634E-10	8.55451539994035E-12	0.759538767785601	8.85009691719632E-11	1.88676928518919E-11	1.83258076143913	9.16530562147171E-12	3.40928490715636E-11	3.30379252846571	1.35558730841173E-12	1.32712734388483E-10	1E5	1E10	1E-30	1E-10	1E10	1E-30	1E-10	1E10	1E-30	1E-10	1E10	1E-30	1E-10	1E10	1E-30	1E-10	1E10	1E-30	1E-10	1E10	1E-30	1E-10	1E10	1E-30	1E-10	1E10	1E-30	1E-10	1E10	1E-30	1E-10	2	-5	5
1506	5.59999999999999E-11	1E10	1E10	1E-30	1.44640386939165E-10	1E10	1E-30	1E10	0.11	1E-30	1.24890863495612E-11	0.102153949594483	4.70461052455634E-10	8.55451539994035E-12	0.759538767785601	8.85009691719632E-11	1.88676928518919E-11	1.83258076143913	9.16530562147171E-12	3.40928490715636E-11	3.30379252846571	1.35558730841173E-12	1.32712734388483E-10	1E5	1E10	1E-30	1E-10	1E10	1E-30	1E-10	1E10	1E-30	1E-10	1E10	1E-30	1E-10	1E10	1E-30	1E-10	1E10	1E-30	1E-10	1E10	1E-30	1E-10	1E10	1E-30	1E-10	1E10	1E-30	1E-10	1E10	1E-30	1E-10	2	-2	2
1507	5.59999999999999E-11	1E10	1E10	1E-30	1.44640386939165E-10	1E10	1E-30	1E10	0.11	1E-30	1.24890863495612E-11	0.102153949594483	4.70461052455634E-10	8.55451539994035E-12	0.759538767785601	8.85009691719632E-11	1.88676928518919E-11	1.83258076143913	9.16530562147171E-12	3.40928490715636E-11	3.30379252846571	1.35558730841173E-12	1.32712734388483E-10	1E5	1E10	1E-30	1E-10	1E10	1E-30	1E-10	1E10	1E-30	1E-10	1E10	1E-30	1E-10	1E10	1E-30	1E-10	1E10	1E-30	1E-10	1E10	1E-30	1E-10	1E10	1E-30	1E-10	1E10	1E-30	1E-10	1E10	1E-30	1E-10	2	-5	5
1508	5.59999999999999E-11	1E10	1E10	1E-30	1.44640386939165E-10	1E10	1E-30	1E10	0.11	1E-30	1.24890863495612E-11	0.102153949594483	4.70461052455634E-10	8.55451539994035E-12	0.759538767785601	8.85009691719632E-11	1.88676928518919E-11	1.83258076143913	9.16530562147171E-12	3.40928490715636E-11	3.30379252846571	1.35558730841173E-12	1.32712734388483E-10	1E5	1E10	1E-30	1E-10	1E10	1E-30	1E-10	1E10	1E-30	1E-10	1E10	1E-30	1E-10	1E10	1E-30	1E-10	1E10	1E-30	1E-10	1E10	1E-30	1E-10	1E10	1E-30	1E-10	1E10	1E-30	1E-10	1E10	1E-30	1E-10	2	-2	2
1509	5.59999999999999E-11	1E10	1E10	1E-30	1.44640386939165E-10	1E10	1E-30	1E10	0.11	1E-30	1.24890863495612E-11	0.102153949594483	4.70461052455634E-10	8.55451539994035E-12	0.759538767785601	8.85009691719632E-11	1.88676928518919E-11	1.83258076143913	9.16530562147171E-12	3.40928490715636E-11	3.30379252846571	1.35558730841173E-12	1.32712734388483E-10	1E5	1E10	1E-30	1E-10	1E10	1E-30	1E-10	1E10	1E-30	1E-10	1E10	1E-30	1E-10	1E10	1E-30	1E-10	1E10	1E-30	1E-10	1E10	1E-30	1E-10	1E10	1E-30	1E-10	1E10	1E-30	1E-10	1E10	1E-30	1E-10	2	-5	5
1510	6.2E-11	1E10	1E10	1E-30	1.04272338499782E-10	1E10	1E-30	1E10	0.115	1E-30	3.18437545900596E-11	0.235445182375949	8.35710978460008E-10	3.98724779632681E-12	0.22905431215563	7.16906917621756E-11	1.65883771265608E-11	1.35193383990579	1.06721232407037E-11	2.97246563531599E-11	3.20066411052635	7.8468768136994E-13	2.40072965294186E-10	99999.9999999999	1E10	1E-30	1E-10	1E10	1E-30	1E-10	1E10	1E-30	1E-10	1E10	1E-30	1E-10	1E10	1E-30	1E-10	1E10	1E-30	1E-10	1E10	1E-30	1E-10	1E10	1E-30	1E-10	1E10	1E-30	1E-10	1E10	1E-30	1E-10	2	-5	5
1511	6.2E-11	1E10	1E10	1E-30	1.04272338499782E-10	1E10	1E-30	1E10	0.115	1E-30	3.18437545900596E-11	0.235445182375949	8.35710978460008E-10	3.98724779632681E-12	0.22905431215563	7.16906917621756E-11	1.65883771265608E-11	1.35193383990579	1.06721232407037E-11	2.97246563531599E-11	3.20066411052635	7.8468768136994E-13	2.40072965294186E-10	99999.9999999999	1E10	1E-30	1E-10	1E10	1E-30	1E-10	1E10	1E-30	1E-10	1E10	1E-30	1E-10	1E10	1E-30	1E-10	1E10	1E-30	1E-10	1E10	1E-30	1E-10	1E10	1E-30	1E-10	1E10	1E-30	1E-10	1E10	1E-30	1E-10	2	-5	5
1512	6.8E-11	1E10	1E10	1E-30	2.15808250651518E-10	1E10	1E-30	1E10	0.11	1E-30	2.49455017509079E-11	0.169833296578073	6.39676312934917E-10	5.84612302375316E-12	0.341529255803175	6.13992277301371E-11	2.21436919146646E-11	1.60045477529542	2.41999210604315E-11	1.60034796809655E-11	1.91327431601236	1.95420070207598E-12	1.24185510386407E-10	1E5	1E10	1E-30	1E-10	1E10	1E-30	1E-10	1E10	1E-30	1E-10	1E10	1E-30	1E-10	1E10	1E-30	1E-10	1E10	1E-30	1E-10	1E10	1E-30	1E-10	1E10	1E-30	1E-10	1E10	1E-30	1E-10	1E10	1E-30	1E-10	2	-5	5
1513	6.8E-11	1E10	1E10	1E-30	2.15808250651518E-10	1E10	1E-30	1E10	0.11	1E-30	2.49455017509079E-11	0.169833296578073	6.39676312934917E-10	5.84612302375316E-12	0.341529255803175	6.13992277301371E-11	2.21436919146646E-11	1.60045477529542	2.41999210604315E-11	1.60034796809655E-11	1.91327431601236	1.95420070207598E-12	1.24185510386407E-10	1E5	1E10	1E-30	1E-10	1E10	1E-30	1E-10	1E10	1E-30	1E-10	1E10	1E-30	1E-10	1E10	1E-30	1E-10	1E10	1E-30	1E-10	1E10	1E-30	1E-10	1E10	1E-30	1E-10	1E10	1E-30	1E-10	1E10	1E-30	1E-10	2	-2	2
1514	6.8E-11	1E10	1E10	1E-30	2.15808250651518E-10	1E10	1E-30	1E10	0.11	1E-30	2.49455017509079E-11	0.169833296578073	6.39676312934917E-10	5.84612302375316E-12	0.341529255803175	6.13992277301371E-11	2.21436919146646E-11	1.60045477529542	2.41999210604315E-11	1.60034796809655E-11	1.91327431601236	1.95420070207598E-12	1.24185510386407E-10	1E5	1E10	1E-30	1E-10	1E10	1E-30	1E-10	1E10	1E-30	1E-10	1E10	1E-30	1E-10	1E10	1E-30	1E-10	1E10	1E-30	1E-10	1E10	1E-30	1E-10	1E10	1E-30	1E-10	1E10	1E-30	1E-10	1E10	1E-30	1E-10	2	-5	5
1515	6.8E-11	1E10	1E10	1E-30	2.15808250651518E-10	1E10	1E-30	1E10	0.11	1E-30	2.49455017509079E-11	0.169833296578073	6.39676312934917E-10	5.84612302375316E-12	0.341529255803175	6.13992277301371E-11	2.21436919146646E-11	1.60045477529542	2.41999210604315E-11	1.60034796809655E-11	1.91327431601236	1.95420070207598E-12	1.24185510386407E-10	1E5	1E10	1E-30	1E-10	1E10	1E-30	1E-10	1E10	1E-30	1E-10	1E10	1E-30	1E-10	1E10	1E-30	1E-10	1E10	1E-30	1E-10	1E10	1E-30	1E-10	1E10	1E-30	1E-10	1E10	1E-30	1E-10	1E10	1E-30	1E-10	2	-2	2
1516	6.8E-11	1E10	1E10	1E-30	2.15808250651518E-10	1E10	1E-30	1E10	0.11	1E-30	2.49455017509079E-11	0.169833296578073	6.39676312934917E-10	5.84612302375316E-12	0.341529255803175	6.13992277301371E-11	2.21436919146646E-11	1.60045477529542	2.41999210604315E-11	1.60034796809655E-11	1.91327431601236	1.95420070207598E-12	1.24185510386407E-10	1E5	1E10	1E-30	1E-10	1E10	1E-30	1E-10	1E10	1E-30	1E-10	1E10	1E-30	1E-10	1E10	1E-30	1E-10	1E10	1E-30	1E-10	1E10	1E-30	1E-10	1E10	1E-30	1E-10	1E10	1E-30	1E-10	1E10	1E-30	1E-10	2	-5	5
1517	6.8E-11	1E10	1E10	1E-30	2.15808250651518E-10	1E10	1E-30	1E10	0.11	1E-30	2.49455017509079E-11	0.169833296578073	6.39676312934917E-10	5.84612302375316E-12	0.341529255803175	6.13992277301371E-11	2.21436919146646E-11	1.60045477529542	2.41999210604315E-11	1.60034796809655E-11	1.91327431601236	1.95420070207598E-12	1.24185510386407E-10	1E5	1E10	1E-30	1E-10	1E10	1E-30	1E-10	1E10	1E-30	1E-10	1E10	1E-30	1E-10	1E10	1E-30	1E-10	1E10	1E-30	1E-10	1E10	1E-30	1E-10	1E10	1E-30	1E-10	1E10	1E-30	1E-10	1E10	1E-30	1E-10	2	-5	5
1518	6.8E-11	1E10	1E10	1E-30	2.15808250651518E-10	1E10	1E-30	1E10	0.11	1E-30	2.49455017509079E-11	0.169833296578073	6.39676312934917E-10	5.84612302375316E-12	0.341529255803175	6.13992277301371E-11	2.21436919146646E-11	1.60045477529542	2.41999210604315E-11	1.60034796809655E-11	1.91327431601236	1.95420070207598E-12	1.24185510386407E-10	1E5	1E10	1E-30	1E-10	1E10	1E-30	1E-10	1E10	1E-30	1E-10	1E10	1E-30	1E-10	1E10	1E-30	1E-10	1E10	1E-30	1E-10	1E10	1E-30	1E-10	1E10	1E-30	1E-10	1E10	1E-30	1E-10	1E10	1E-30	1E-10	2	-2	2
1519	6.8E-11	1E10	1E10	1E-30	2.15808250651518E-10	1E10	1E-30	1E10	0.11	1E-30	2.49455017509079E-11	0.169833296578073	6.39676312934917E-10	5.84612302375316E-12	0.341529255803175	6.13992277301371E-11	2.21436919146646E-11	1.60045477529542	2.41999210604315E-11	1.60034796809655E-11	1.91327431601236	1.95420070207598E-12	1.24185510386407E-10	1E5	1E10	1E-30	1E-10	1E10	1E-30	1E-10	1E10	1E-30	1E-10	1E10	1E-30	1E-10	1E10	1E-30	1E-10	1E10	1E-30	1E-10	1E10	1E-30	1E-10	1E10	1E-30	1E-10	1E10	1E-30	1E-10	1E10	1E-30	1E-10	2	-5	5
1520	6.8E-11	1E10	1E10	1E-30	2.15808250651518E-10	1E10	1E-30	1E10	0.11	1E-30	2.49455017509079E-11	0.169833296578073	6.39676312934917E-10	5.84612302375316E-12	0.341529255803175	6.13992277301371E-11	2.21436919146646E-11	1.60045477529542	2.41999210604315E-11	1.60034796809655E-11	1.91327431601236	1.95420070207598E-12	1.24185510386407E-10	1E5	1E10	1E-30	1E-10	1E10	1E-30	1E-10	1E10	1E-30	1E-10	1E10	1E-30	1E-10	1E10	1E-30	1E-10	1E10	1E-30	1E-10	1E10	1E-30	1E-10	1E10	1E-30	1E-10	1E10	1E-30	1E-10	1E10	1E-30	1E-10	2	-2	2
1521	6.8E-11	1E10	1E10	1E-30	2.15808250651518E-10	1E10	1E-30	1E10	0.11	1E-30	2.49455017509079E-11	0.169833296578073	6.39676312934917E-10	5.84612302375316E-12	0.341529255803175	6.13992277301371E-11	2.21436919146646E-11	1.60045477529542	2.41999210604315E-11	1.60034796809655E-11	1.91327431601236	1.95420070207598E-12	1.24185510386407E-10	1E5	1E10	1E-30	1E-10	1E10	1E-30	1E-10	1E10	1E-30	1E-10	1E10	1E-30	1E-10	1E10	1E-30	1E-10	1E10	1E-30	1E-10	1E10	1E-30	1E-10	1E10	1E-30	1E-10	1E10	1E-30	1E-10	1E10	1E-30	1E-10	2	-5	5
1522	7.5E-11	1E10	1E10	1E-30	6.12521383400858E-11	1E10	1E-30	1E10	0.11	1E-30	2.2569898188619E-11	0.250402230966303	1.31021302132302E-09	3.4994468315518E-12	0.276078849399874	1.05981955164132E-10	1.65134626752698E-11	1.36050457187428	7.24648325858212E-12	4.53134253664777E-11	4.57763396732788	8.74155329472321E-13	2.53192875951231E-10	1E5	1E10	1E-30	1E-10	1E10	1E-30	1E-10	1E10	1E-30	1E-10	1E10	1E-30	1E-10	1E10	1E-30	1E-10	1E10	1E-30	1E-10	1E10	1E-30	1E-10	1E10	1E-30	1E-10	1E10	1E-30	1E-10	1E10	1E-30	1E-10	2	-5	5
1523	7.5E-11	1E10	1E10	1E-30	6.12521383400858E-11	1E10	1E-30	1E10	0.11	1E-30	2.2569898188619E-11	0.250402230966303	1.31021302132302E-09	3.4994468315518E-12	0.276078849399874	1.05981955164132E-10	1.65134626752698E-11	1.36050457187428	7.24648325858212E-12	4.53134253664777E-11	4.57763396732788	8.74155329472321E-13	2.53192875951231E-10	1E5	1E10	1E-30	1E-10	1E10	1E-30	1E-10	1E10	1E-30	1E-10	1E10	1E-30	1E-10	1E10	1E-30	1E-10	1E10	1E-30	1E-10	1E10	1E-30	1E-10	1E10	1E-30	1E-10	1E10	1E-30	1E-10	1E10	1E-30	1E-10	2	-5	5
1524	8.2E-11	1E10	1E10	1E-30	1.53858415197409E-10	1E10	1E-30	1E10	0.11	1E-30	1.32410913043179E-11	6.92244848720978E-02	1.02622241376951E-09	5.13579841163414E-12	0.335806831031364	1.16116398566445E-10	1.74490875128699E-11	1.21221407976441	5.16905083623578E-12	4.6202165529215E-11	3.14956307938294	1.52145105184719E-12	1.45472903402627E-10	923128291.066898	1E10	1E-30	1E-10	1E10	1E-30	1E-10	1E10	1E-30	1E-10	1E10	1E-30	1E-10	1E10	1E-30	1E-10	1E10	1E-30	1E-10	1E10	1E-30	1E-10	1E10	1E-30	1E-10	1E10	1E-30	1E-10	1E10	1E-30	1E-10	2	-5	5
1525	8.2E-11	1E10	1E10	1E-30	1.53858415197409E-10	1E10	1E-30	1E10	0.11	1E-30	1.32410913043179E-11	6.92244848720978E-02	1.02622241376951E-09	5.13579841163414E-12	0.335806831031364	1.16116398566445E-10	1.74490875128699E-11	1.21221407976441	5.16905083623578E-12	4.6202165529215E-11	3.14956307938294	1.52145105184719E-12	1.45472903402627E-10	923128291.066898	1E10	1E-30	1E-10	1E10	1E-30	1E-10	1E10	1E-30	1E-10	1E10	1E-30	1E-10	1E10	1E-30	1E-10	1E10	1E-30	1E-10	1E10	1E-30	1E-10	1E10	1E-30	1E-10	1E10	1E-30	1E-10	1E10	1E-30	1E-10	2	-2	2
1526	8.2E-11	1E10	1E10	1E-30	1.53858415197409E-10	1E10	1E-30	1E10	0.11	1E-30	1.32410913043179E-11	6.92244848720978E-02	1.02622241376951E-09	5.13579841163414E-12	0.335806831031364	1.16116398566445E-10	1.74490875128699E-11	1.21221407976441	5.16905083623578E-12	4.6202165529215E-11	3.14956307938294	1.52145105184719E-12	1.45472903402627E-10	923128291.066898	1E10	1E-30	1E-10	1E10	1E-30	1E-10	1E10	1E-30	1E-10	1E10	1E-30	1E-10	1E10	1E-30	1E-10	1E10	1E-30	1E-10	1E10	1E-30	1E-10	1E10	1E-30	1E-10	1E10	1E-30	1E-10	1E10	1E-30	1E-10	2	-5	5
1527	8.2E-11	1E10	1E10	1E-30	1.53858415197409E-10	1E10	1E-30	1E10	0.11	1E-30	1.32410913043179E-11	6.92244848720978E-02	1.02622241376951E-09	5.13579841163414E-12	0.335806831031364	1.16116398566445E-10	1.74490875128699E-11	1.21221407976441	5.16905083623578E-12	4.6202165529215E-11	3.14956307938294	1.52145105184719E-12	1.45472903402627E-10	923128291.066898	1E10	1E-30	1E-10	1E10	1E-30	1E-10	1E10	1E-30	1E-10	1E10	1E-30	1E-10	1E10	1E-30	1E-10	1E10	1E-30	1E-10	1E10	1E-30	1E-10	1E10	1E-30	1E-10	1E10	1E-30	1E-10	1E10	1E-30	1E-10	2	-2	2
1528	8.2E-11	1E10	1E10	1E-30	1.53858415197409E-10	1E10	1E-30	1E10	0.11	1E-30	1.32410913043179E-11	6.92244848720978E-02	1.02622241376951E-09	5.13579841163414E-12	0.335806831031364	1.16116398566445E-10	1.74490875128699E-11	1.21221407976441	5.16905083623578E-12	4.6202165529215E-11	3.14956307938294	1.52145105184719E-12	1.45472903402627E-10	923128291.066898	1E10	1E-30	1E-10	1E10	1E-30	1E-10	1E10	1E-30	1E-10	1E10	1E-30	1E-10	1E10	1E-30	1E-10	1E10	1E-30	1E-10	1E10	1E-30	1E-10	1E10	1E-30	1E-10	1E10	1E-30	1E-10	1E10	1E-30	1E-10	2	-5	5
1529	8.2E-11	1E10	1E10	1E-30	1.53858415197409E-10	1E10	1E-30	1E10	0.11	1E-30	1.32410913043179E-11	6.92244848720978E-02	1.02622241376951E-09	5.13579841163414E-12	0.335806831031364	1.16116398566445E-10	1.74490875128699E-11	1.21221407976441	5.16905083623578E-12	4.6202165529215E-11	3.14956307938294	1.52145105184719E-12	1.45472903402627E-10	923128291.066898	1E10	1E-30	1E-10	1E10	1E-30	1E-10	1E10	1E-30	1E-10	1E10	1E-30	1E-10	1E10	1E-30	1E-10	1E10	1E-30	1E-10	1E10	1E-30	1E-10	1E10	1E-30	1E-10	1E10	1E-30	1E-10	1E10	1E-30	1E-10	2	-5	5
1530	8.2E-11	1E10	1E10	1E-30	1.53858415197409E-10	1E10	1E-30	1E10	0.11	1E-30	1.32410913043179E-11	6.92244848720978E-02	1.02622241376951E-09	5.13579841163414E-12	0.335806831031364	1.16116398566445E-10	1.74490875128699E-11	1.21221407976441	5.16905083623578E-12	4.6202165529215E-11	3.14956307938294	1.52145105184719E-12	1.45472903402627E-10	923128291.066898	1E10	1E-30	1E-10	1E10	1E-30	1E-10	1E10	1E-30	1E-10	1E10	1E-30	1E-10	1E10	1E-30	1E-10	1E10	1E-30	1E-10	1E10	1E-30	1E-10	1E10	1E-30	1E-10	1E10	1E-30	1E-10	1E10	1E-30	1E-10	2	-2	2
1531	8.2E-11	1E10	1E10	1E-30	1.53858415197409E-10	1E10	1E-30	1E10	0.11	1E-30	1.32410913043179E-11	6.92244848720978E-02	1.02622241376951E-09	5.13579841163414E-12	0.335806831031364	1.16116398566445E-10	1.74490875128699E-11	1.21221407976441	5.16905083623578E-12	4.6202165529215E-11	3.14956307938294	1.52145105184719E-12	1.45472903402627E-10	923128291.066898	1E10	1E-30	1E-10	1E10	1E-30	1E-10	1E10	1E-30	1E-10	1E10	1E-30	1E-10	1E10	1E-30	1E-10	1E10	1E-30	1E-10	1E10	1E-30	1E-10	1E10	1E-30	1E-10	1E10	1E-30	1E-10	1E10	1E-30	1E-10	2	-5	5
1532	8.2E-11	1E10	1E10	1E-30	1.53858415197409E-10	1E10	1E-30	1E10	0.11	1E-30	1.32410913043179E-11	6.92244848720978E-02	1.02622241376951E-09	5.13579841163414E-12	0.335806831031364	1.16116398566445E-10	1.74490875128699E-11	1.21221407976441	5.16905083623578E-12	4.6202165529215E-11	3.14956307938294	1.52145105184719E-12	1.45472903402627E-10	923128291.066898	1E10	1E-30	1E-10	1E10	1E-30	1E-10	1E10	1E-30	1E-10	1E10	1E-30	1E-10	1E10	1E-30	1E-10	1E10	1E-30	1E-10	1E10	1E-30	1E-10	1E10	1E-30	1E-10	1E10	1E-30	1E-10	1E10	1E-30	1E-10	2	-2	2
1533	8.2E-11	1E10	1E10	1E-30	1.53858415197409E-10	1E10	1E-30	1E10	0.11	1E-30	1.32410913043179E-11	6.92244848720978E-02	1.02622241376951E-09	5.13579841163414E-12	0.335806831031364	1.16116398566445E-10	1.74490875128699E-11	1.21221407976441	5.16905083623578E-12	4.6202165529215E-11	3.14956307938294	1.52145105184719E-12	1.45472903402627E-10	923128291.066898	1E10	1E-30	1E-10	1E10	1E-30	1E-10	1E10	1E-30	1E-10	1E10	1E-30	1E-10	1E10	1E-30	1E-10	1E10	1E-30	1E-10	1E10	1E-30	1E-10	1E10	1E-30	1E-10	1E10	1E-30	1E-10	1E10	1E-30	1E-10	2	-5	5
1534	9.1E-11	1E10	1E10	1E-30	1.64862262157287E-10	1E10	1E-30	1E10	0.105	1E-30	1.59247134288111E-11	9.88785801915481E-02	1.01309934952984E-09	5.87630273695912E-12	0.373872060131441	1.23024743849153E-10	1.90235864381133E-11	1.15997819150638	8.38570358851557E-12	3.86583070066789E-11	2.86764046961262	1.84950173625856E-12	1.34271966091723E-10	1E5	1E10	1E-30	1E-10	1E10	1E-30	1E-10	1E10	1E-30	1E-10	1E10	1E-30	1E-10	1E10	1E-30	1E-10	1E10	1E-30	1E-10	1E10	1E-30	1E-10	1E10	1E-30	1E-10	1E10	1E-30	1E-10	1E10	1E-30	1E-10	2	-5	5
1535	9.1E-11	1E10	1E10	1E-30	1.64862262157287E-10	1E10	1E-30	1E10	0.105	1E-30	1.59247134288111E-11	9.88785801915481E-02	1.01309934952984E-09	5.87630273695912E-12	0.373872060131441	1.23024743849153E-10	1.90235864381133E-11	1.15997819150638	8.38570358851557E-12	3.86583070066789E-11	2.86764046961262	1.84950173625856E-12	1.34271966091723E-10	1E5	1E10	1E-30	1E-10	1E10	1E-30	1E-10	1E10	1E-30	1E-10	1E10	1E-30	1E-10	1E10	1E-30	1E-10	1E10	1E-30	1E-10	1E10	1E-30	1E-10	1E10	1E-30	1E-10	1E10	1E-30	1E-10	1E10	1E-30	1E-10	2	-5	5
1536	1E-10	1E10	1E10	1E-30	2.12383735315241E-10	1E10	1E-30	1E10	0.11	1E-30	7.81844459589021E-12	0.034211165297577	8.95903383825545E-10	7.69740128493619E-12	0.351652630660492	1.74075486021945E-10	1.63155409893593E-11	1.02313383233719	7.081037303208E-12	3.53697330859959E-11	1.69702870636079	2.11963455730067E-12	9.97192721965458E-11	1E5	1E10	1E-30	1E-10	1E10	1E-30	1E-10	1E10	1E-30	1E-10	1E10	1E-30	1E-10	1E10	1E-30	1E-10	1E10	1E-30	1E-10	1E10	1E-30	1E-10	1E10	1E-30	1E-10	1E10	1E-30	1E-10	1E10	1E-30	1E-10	2	-5	5
1537	1E-10	1E10	1E10	1E-30	2.12383735315241E-10	1E10	1E-30	1E10	0.11	1E-30	7.81844459589021E-12	0.034211165297577	8.95903383825545E-10	7.69740128493619E-12	0.351652630660492	1.74075486021945E-10	1.63155409893593E-11	1.02313383233719	7.081037303208E-12	3.53697330859959E-11	1.69702870636079	2.11963455730067E-12	9.97192721965458E-11	1E5	1E10	1E-30	1E-10	1E10	1E-30	1E-10	1E10	1E-30	1E-10	1E10	1E-30	1E-10	1E10	1E-30	1E-10	1E10	1E-30	1E-10	1E10	1E-30	1E-10	1E10	1E-30	1E-10	1E10	1E-30	1E-10	1E10	1E-30	1E-10	2	-2	2
1538	1E-10	1E10	1E10	1E-30	2.12383735315241E-10	1E10	1E-30	1E10	0.11	1E-30	7.81844459589021E-12	0.034211165297577	8.95903383825545E-10	7.69740128493619E-12	0.351652630660492	1.74075486021945E-10	1.63155409893593E-11	1.02313383233719	7.081037303208E-12	3.53697330859959E-11	1.69702870636079	2.11963455730067E-12	9.97192721965458E-11	1E5	1E10	1E-30	1E-10	1E10	1E-30	1E-10	1E10	1E-30	1E-10	1E10	1E-30	1E-10	1E10	1E-30	1E-10	1E10	1E-30	1E-10	1E10	1E-30	1E-10	1E10	1E-30	1E-10	1E10	1E-30	1E-10	1E10	1E-30	1E-10	2	-5	5
1539	1E-10	1E10	1E10	1E-30	2.12383735315241E-10	1E10	1E-30	1E10	0.11	1E-30	7.81844459589021E-12	0.034211165297577	8.95903383825545E-10	7.69740128493619E-12	0.351652630660492	1.74075486021945E-10	1.63155409893593E-11	1.02313383233719	7.081037303208E-12	3.53697330859959E-11	1.69702870636079	2.11963455730067E-12	9.97192721965458E-11	1E5	1E10	1E-30	1E-10	1E10	1E-30	1E-10	1E10	1E-30	1E-10	1E10	1E-30	1E-10	1E10	1E-30	1E-10	1E10	1E-30	1E-10	1E10	1E-30	1E-10	1E10	1E-30	1E-10	1E10	1E-30	1E-10	1E10	1E-30	1E-10	2	-2	2
1540	1E-10	1E10	1E10	1E-30	2.12383735315241E-10	1E10	1E-30	1E10	0.11	1E-30	7.81844459589021E-12	0.034211165297577	8.95903383825545E-10	7.69740128493619E-12	0.351652630660492	1.74075486021945E-10	1.63155409893593E-11	1.02313383233719	7.081037303208E-12	3.53697330859959E-11	1.69702870636079	2.11963455730067E-12	9.97192721965458E-11	1E5	1E10	1E-30	1E-10	1E10	1E-30	1E-10	1E10	1E-30	1E-10	1E10	1E-30	1E-10	1E10	1E-30	1E-10	1E10	1E-30	1E-10	1E10	1E-30	1E-10	1E10	1E-30	1E-10	1E10	1E-30	1E-10	1E10	1E-30	1E-10	2	-5	5
1541	1E-10	1E10	1E10	1E-30	2.12383735315241E-10	1E10	1E-30	1E10	0.11	1E-30	7.81844459589021E-12	0.034211165297577	8.95903383825545E-10	7.69740128493619E-12	0.351652630660492	1.74075486021945E-10	1.63155409893593E-11	1.02313383233719	7.081037303208E-12	3.53697330859959E-11	1.69702870636079	2.11963455730067E-12	9.97192721965458E-11	1E5	1E10	1E-30	1E-10	1E10	1E-30	1E-10	1E10	1E-30	1E-10	1E10	1E-30	1E-10	1E10	1E-30	1E-10	1E10	1E-30	1E-10	1E10	1E-30	1E-10	1E10	1E-30	1E-10	1E10	1E-30	1E-10	1E10	1E-30	1E-10	2	-5	5
1542	1E-10	1E10	1E10	1E-30	2.12383735315241E-10	1E10	1E-30	1E10	0.11	1E-30	7.81844459589021E-12	0.034211165297577	8.95903383825545E-10	7.69740128493619E-12	0.351652630660492	1.74075486021945E-10	1.63155409893593E-11	1.02313383233719	7.081037303208E-12	3.53697330859959E-11	1.69702870636079	2.11963455730067E-12	9.97192721965458E-11	1E5	1E10	1E-30	1E-10	1E10	1E-30	1E-10	1E10	1E-30	1E-10	1E10	1E-30	1E-10	1E10	1E-30	1E-10	1E10	1E-30	1E-10	1E10	1E-30	1E-10	1E10	1E-30	1E-10	1E10	1E-30	1E-10	1E10	1E-30	1E-10	2	-2	2
1543	1E-10	1E10	1E10	1E-30	2.12383735315241E-10	1E10	1E-30	1E10	0.11	1E-30	7.81844459589021E-12	0.034211165297577	8.95903383825545E-10	7.69740128493619E-12	0.351652630660492	1.74075486021945E-10	1.63155409893593E-11	1.02313383233719	7.081037303208E-12	3.53697330859959E-11	1.69702870636079	2.11963455730067E-12	9.97192721965458E-11	1E5	1E10	1E-30	1E-10	1E10	1E-30	1E-10	1E10	1E-30	1E-10	1E10	1E-30	1E-10	1E10	1E-30	1E-10	1E10	1E-30	1E-10	1E10	1E-30	1E-10	1E10	1E-30	1E-10	1E10	1E-30	1E-10	1E10	1E-30	1E-10	2	-5	5
1544	1E-10	1E10	1E10	1E-30	2.12383735315241E-10	1E10	1E-30	1E10	0.11	1E-30	7.81844459589021E-12	0.034211165297577	8.95903383825545E-10	7.69740128493619E-12	0.351652630660492	1.74075486021945E-10	1.63155409893593E-11	1.02313383233719	7.081037303208E-12	3.53697330859959E-11	1.69702870636079	2.11963455730067E-12	9.97192721965458E-11	1E5	1E10	1E-30	1E-10	1E10	1E-30	1E-10	1E10	1E-30	1E-10	1E10	1E-30	1E-10	1E10	1E-30	1E-10	1E10	1E-30	1E-10	1E10	1E-30	1E-10	1E10	1E-30	1E-10	1E10	1E-30	1E-10	1E10	1E-30	1E-10	2	-2	2
1545	1E-10	1E10	1E10	1E-30	2.12383735315241E-10	1E10	1E-30	1E10	0.11	1E-30	7.81844459589021E-12	0.034211165297577	8.95903383825545E-10	7.69740128493619E-12	0.351652630660492	1.74075486021945E-10	1.63155409893593E-11	1.02313383233719	7.081037303208E-12	3.53697330859959E-11	1.69702870636079	2.11963455730067E-12	9.97192721965458E-11	1E5	1E10	1E-30	1E-10	1E10	1E-30	1E-10	1E10	1E-30	1E-10	1E10	1E-30	1E-10	1E10	1E-30	1E-10	1E10	1E-30	1E-10	1E10	1E-30	1E-10	1E10	1E-30	1E-10	1E10	1E-30	1E-10	1E10	1E-30	1E-10	2	-5	5
1546	1.2E-10	1E10	1E10	1E-30	5.94385278361609E-11	1E10	1E-30	1E10	0.115	1.03800911964015E-09	8.95794471826175E-12	0.51188673292312	2.74865706170251E-10	1.45006907134642E-11	1.05453812936634	5.37880498716848E-12	5.44713330092057E-11	1.42087028570553	3.01316622172311E-13	2.43229922413435E-10	1E5	1E10	1E-30	1E-10	1E10	1E-30	1E-10	1E10	1E-30	1E-10	1E10	1E-30	1E-10	1E10	1E-30	1E-10	1E10	1E-30	1E-10	1E10	1E-30	1E-10	1E10	1E-30	1E-10	1E10	1E-30	1E-10	1E10	1E-30	1E-10	1E10	1E-30	1E-10	2	-5	5
1547	1.2E-10	1E10	1E10	1E-30	5.94385278361609E-11	1E10	1E-30	1E10	0.115	1.03800911964015E-09	8.95794471826175E-12	0.51188673292312	2.74865706170251E-10	1.45006907134642E-11	1.05453812936634	5.37880498716848E-12	5.44713330092057E-11	1.42087028570553	3.01316622172311E-13	2.43229922413435E-10	1E5	1E10	1E-30	1E-10	1E10	1E-30	1E-10	1E10	1E-30	1E-10	1E10	1E-30	1E-10	1E10	1E-30	1E-10	1E10	1E-30	1E-10	1E10	1E-30	1E-10	1E10	1E-30	1E-10	1E10	1E-30	1E-10	1E10	1E-30	1E-10	1E10	1E-30	1E-10	2	-2	2
1548	1.2E-10	1E10	1E10	1E-30	5.94385278361609E-11	1E10	1E-30	1E10	0.115	1.03800911964015E-09	8.95794471826175E-12	0.51188673292312	2.74865706170251E-10	1.45006907134642E-11	1.05453812936634	5.37880498716848E-12	5.44713330092057E-11	1.42087028570553	3.01316622172311E-13	2.43229922413435E-10	1E5	1E10	1E-30	1E-10	1E10	1E-30	1E-10	1E10	1E-30	1E-10	1E10	1E-30	1E-10	1E10	1E-30	1E-10	1E10	1E-30	1E-10	1E10	1E-30	1E-10	1E10	1E-30	1E-10	1E10	1E-30	1E-10	1E10	1E-30	1E-10	1E10	1E-30	1E-10	2	-5	5
1549	1.2E-10	1E10	1E10	1E-30	5.94385278361609E-11	1E10	1E-30	1E10	0.115	1.03800911964015E-09	8.95794471826175E-12	0.51188673292312	2.74865706170251E-10	1.45006907134642E-11	1.05453812936634	5.37880498716848E-12	5.44713330092057E-11	1.42087028570553	3.01316622172311E-13	2.43229922413435E-10	1E5	1E10	1E-30	1E-10	1E10	1E-30	1E-10	1E10	1E-30	1E-10	1E10	1E-30	1E-10	1E10	1E-30	1E-10	1E10	1E-30	1E-10	1E10	1E-30	1E-10	1E10	1E-30	1E-10	1E10	1E-30	1E-10	1E10	1E-30	1E-10	1E10	1E-30	1E-10	2	-5	5
1550	1.2E-10	1E10	1E10	1E-30	5.94385278361609E-11	1E10	1E-30	1E10	0.115	1.03800911964015E-09	8.95794471826175E-12	0.51188673292312	2.74865706170251E-10	1.45006907134642E-11	1.05453812936634	5.37880498716848E-12	5.44713330092057E-11	1.42087028570553	3.01316622172311E-13	2.43229922413435E-10	1E5	1E10	1E-30	1E-10	1E10	1E-30	1E-10	1E10	1E-30	1E-10	1E10	1E-30	1E-10	1E10	1E-30	1E-10	1E10	1E-30	1E-10	1E10	1E-30	1E-10	1E10	1E-30	1E-10	1E10	1E-30	1E-10	1E10	1E-30	1E-10	1E10	1E-30	1E-10	2	-2	2
1551	1.2E-10	1E10	1E10	1E-30	5.94385278361609E-11	1E10	1E-30	1E10	0.115	1.03800911964015E-09	8.95794471826175E-12	0.51188673292312	2.74865706170251E-10	1.45006907134642E-11	1.05453812936634	5.37880498716848E-12	5.44713330092057E-11	1.42087028570553	3.01316622172311E-13	2.43229922413435E-10	1E5	1E10	1E-30	1E-10	1E10	1E-30	1E-10	1E10	1E-30	1E-10	1E10	1E-30	1E-10	1E10	1E-30	1E-10	1E10	1E-30	1E-10	1E10	1E-30	1E-10	1E10	1E-30	1E-10	1E10	1E-30	1E-10	1E10	1E-30	1E-10	1E10	1E-30	1E-10	2	-5	5
1552	1.5E-10	1E10	1E10	1E-30	2.01403978068004E-10	1E10	1E-30	1E10	9.06306586549103E-02	1E-30	8.02349365981855E-12	2.55810848741272E-02	1.22703765909187E-09	8.58974331508825E-12	0.336605861283753	2.99118307910425E-10	1.48594220188194E-11	0.868684499700467	6.81068520264249E-12	5.01665587523425E-11	1.47950995167182	2.02966580992761E-12	1.11587501984704E-10	125892.541179416	1E10	1E-30	1E-10	1E10	1E-30	1E-10	1E10	1E-30	1E-10	1E10	1E-30	1E-10	1E10	1E-30	1E-10	1E10	1E-30	1E-10	1E10	1E-30	1E-10	1E10	1E-30	1E-10	1E10	1E-30	1E-10	1E10	1E-30	1E-10	2	-5	5
1553	1.5E-10	1E10	1E10	1E-30	2.01403978068004E-10	1E10	1E-30	1E10	9.06306586549103E-02	1E-30	8.02349365981855E-12	2.55810848741272E-02	1.22703765909187E-09	8.58974331508825E-12	0.336605861283753	2.99118307910425E-10	1.48594220188194E-11	0.868684499700467	6.81068520264249E-12	5.01665587523425E-11	1.47950995167182	2.02966580992761E-12	1.11587501984704E-10	125892.541179416	1E10	1E-30	1E-10	1E10	1E-30	1E-10	1E10	1E-30	1E-10	1E10	1E-30	1E-10	1E10	1E-30	1E-10	1E10	1E-30	1E-10	1E10	1E-30	1E-10	1E10	1E-30	1E-10	1E10	1E-30	1E-10	1E10	1E-30	1E-10	2	-2	2
1554	1.5E-10	1E10	1E10	1E-30	2.01403978068004E-10	1E10	1E-30	1E10	9.06306586549103E-02	1E-30	8.02349365981855E-12	2.55810848741272E-02	1.22703765909187E-09	8.58974331508825E-12	0.336605861283753	2.99118307910425E-10	1.48594220188194E-11	0.868684499700467	6.81068520264249E-12	5.01665587523425E-11	1.47950995167182	2.02966580992761E-12	1.11587501984704E-10	125892.541179416	1E10	1E-30	1E-10	1E10	1E-30	1E-10	1E10	1E-30	1E-10	1E10	1E-30	1E-10	1E10	1E-30	1E-10	1E10	1E-30	1E-10	1E10	1E-30	1E-10	1E10	1E-30	1E-10	1E10	1E-30	1E-10	1E10	1E-30	1E-10	2	-5	5
1555	1.5E-10	1E10	1E10	1E-30	2.01403978068004E-10	1E10	1E-30	1E10	9.06306586549103E-02	1E-30	8.02349365981855E-12	2.55810848741272E-02	1.22703765909187E-09	8.58974331508825E-12	0.336605861283753	2.99118307910425E-10	1.48594220188194E-11	0.868684499700467	6.81068520264249E-12	5.01665587523425E-11	1.47950995167182	2.02966580992761E-12	1.11587501984704E-10	125892.541179416	1E10	1E-30	1E-10	1E10	1E-30	1E-10	1E10	1E-30	1E-10	1E10	1E-30	1E-10	1E10	1E-30	1E-10	1E10	1E-30	1E-10	1E10	1E-30	1E-10	1E10	1E-30	1E-10	1E10	1E-30	1E-10	1E10	1E-30	1E-10	2	-5	5
1556	1.5E-10	1E10	1E10	1E-30	2.01403978068004E-10	1E10	1E-30	1E10	9.06306586549103E-02	1E-30	8.02349365981855E-12	2.55810848741272E-02	1.22703765909187E-09	8.58974331508825E-12	0.336605861283753	2.99118307910425E-10	1.48594220188194E-11	0.868684499700467	6.81068520264249E-12	5.01665587523425E-11	1.47950995167182	2.02966580992761E-12	1.11587501984704E-10	125892.541179416	1E10	1E-30	1E-10	1E10	1E-30	1E-10	1E10	1E-30	1E-10	1E10	1E-30	1E-10	1E10	1E-30	1E-10	1E10	1E-30	1E-10	1E10	1E-30	1E-10	1E10	1E-30	1E-10	1E10	1E-30	1E-10	1E10	1E-30	1E-10	2	-2	2
1557	1.5E-10	1E10	1E10	1E-30	2.01403978068004E-10	1E10	1E-30	1E10	9.06306586549103E-02	1E-30	8.02349365981855E-12	2.55810848741272E-02	1.22703765909187E-09	8.58974331508825E-12	0.336605861283753	2.99118307910425E-10	1.48594220188194E-11	0.868684499700467	6.81068520264249E-12	5.01665587523425E-11	1.47950995167182	2.02966580992761E-12	1.11587501984704E-10	125892.541179416	1E10	1E-30	1E-10	1E10	1E-30	1E-10	1E10	1E-30	1E-10	1E10	1E-30	1E-10	1E10	1E-30	1E-10	1E10	1E-30	1E-10	1E10	1E-30	1E-10	1E10	1E-30	1E-10	1E10	1E-30	1E-10	1E10	1E-30	1E-10	2	-5	5
1558	1.5E-10	1E10	1E10	1E-30	2.6501356429873E-10	1E10	1E-30	1E10	4.02038371651352E-02	1E-30	7.80704090037751E-11	3.65354113347777	1E-30	1.21499669530471E-10	5.72216563461261E-02	1.57687964142343E-09	6.80517926834935E-12	0.373725277333349	2.81010302013791E-10	1.60452624838856E-11	0.968276118459589	1E10	1E-30	1E-10	1E10	1E-30	1E-10	1E10	1E-30	1E-10	1E10	1E-30	1E-10	1E10	1E-30	1E-10	1E10	1E-30	1E-10	1E10	1E-30	1E-10	1E10	1E-30	1E-10	1E10	1E-30	1E-10	1E10	1E-30	1E-10	1E10	1E-30	1E-10	2	-2	2
1559	1.5E-10	1E10	1E10	1E-30	2.6501356429873E-10	1E10	1E-30	1E10	4.02038371651352E-02	1E-30	7.80704090037751E-11	3.65354113347777	1E-30	1.21499669530471E-10	5.72216563461261E-02	1.57687964142343E-09	6.80517926834935E-12	0.373725277333349	2.81010302013791E-10	1.60452624838856E-11	0.968276118459589	1E10	1E-30	1E-10	1E10	1E-30	1E-10	1E10	1E-30	1E-10	1E10	1E-30	1E-10	1E10	1E-30	1E-10	1E10	1E-30	1E-10	1E10	1E-30	1E-10	1E10	1E-30	1E-10	1E10	1E-30	1E-10	1E10	1E-30	1E-10	1E10	1E-30	1E-10	2	-5	5
1560	1.8E-10	1E10	1E10	1E-30	2.04120071387377E-10	1E10	1E-30	1E10	7.66424559771799E-02	1E-30	3.40001240920193E-11	1.13945206386533	1E-30	2.54897354735656E-11	0.456056943116606	2.30756021527319E-09	6.01685344765708E-12	0.347228547492163	3.55201155255528E-10	1.73490404709784E-11	0.80199178744803	8.77537930313769E-11	4.58177561525042E-12	0.906826574635858	3.7009775316618E-12	6.55727870565628E-11	1E5	1E10	1E-30	1E-10	1E10	1E-30	1E-10	1E10	1E-30	1E-10	1E10	1E-30	1E-10	1E10	1E-30	1E-10	1E10	1E-30	1E-10	1E10	1E-30	1E-10	1E10	1E-30	1E-10	1E10	1E-30	1E-10	2	-5	5
1561	1.8E-10	1E10	1E10	1E-30	2.04120071387377E-10	1E10	1E-30	1E10	7.66424559771799E-02	1E-30	3.40001240920193E-11	1.13945206386533	1E-30	2.54897354735656E-11	0.456056943116606	2.30756021527319E-09	6.01685344765708E-12	0.347228547492163	3.55201155255528E-10	1.73490404709784E-11	0.80199178744803	8.77537930313769E-11	4.58177561525042E-12	0.906826574635858	3.7009775316618E-12	6.55727870565628E-11	1E5	1E10	1E-30	1E-10	1E10	1E-30	1E-10	1E10	1E-30	1E-10	1E10	1E-30	1E-10	1E10	1E-30	1E-10	1E10	1E-30	1E-10	1E10	1E-30	1E-10	1E10	1E-30	1E-10	1E10	1E-30	1E-10	2	-2	2
1562	1.8E-10	1E10	1E10	1E-30	2.04120071387377E-10	1E10	1E-30	1E10	7.66424559771799E-02	1E-30	3.40001240920193E-11	1.13945206386533	1E-30	2.54897354735656E-11	0.456056943116606	2.30756021527319E-09	6.01685344765708E-12	0.347228547492163	3.55201155255528E-10	1.73490404709784E-11	0.80199178744803	8.77537930313769E-11	4.58177561525042E-12	0.906826574635858	3.7009775316618E-12	6.55727870565628E-11	1E5	1E10	1E-30	1E-10	1E10	1E-30	1E-10	1E10	1E-30	1E-10	1E10	1E-30	1E-10	1E10	1E-30	1E-10	1E10	1E-30	1E-10	1E10	1E-30	1E-10	1E10	1E-30	1E-10	1E10	1E-30	1E-10	2	-5	5
1563	1.8E-10	1E10	1E10	1E-30	2.04120071387377E-10	1E10	1E-30	1E10	7.66424559771799E-02	1E-30	3.40001240920193E-11	1.13945206386533	1E-30	2.54897354735656E-11	0.456056943116606	2.30756021527319E-09	6.01685344765708E-12	0.347228547492163	3.55201155255528E-10	1.73490404709784E-11	0.80199178744803	8.77537930313769E-11	4.58177561525042E-12	0.906826574635858	3.7009775316618E-12	6.55727870565628E-11	1E5	1E10	1E-30	1E-10	1E10	1E-30	1E-10	1E10	1E-30	1E-10	1E10	1E-30	1E-10	1E10	1E-30	1E-10	1E10	1E-30	1E-10	1E10	1E-30	1E-10	1E10	1E-30	1E-10	1E10	1E-30	1E-10	2	-5	5
1564	1.8E-10	1E10	1E10	1E-30	2.04120071387377E-10	1E10	1E-30	1E10	7.66424559771799E-02	1E-30	3.40001240920193E-11	1.13945206386533	1E-30	2.54897354735656E-11	0.456056943116606	2.30756021527319E-09	6.01685344765708E-12	0.347228547492163	3.55201155255528E-10	1.73490404709784E-11	0.80199178744803	8.77537930313769E-11	4.58177561525042E-12	0.906826574635858	3.7009775316618E-12	6.55727870565628E-11	1E5	1E10	1E-30	1E-10	1E10	1E-30	1E-10	1E10	1E-30	1E-10	1E10	1E-30	1E-10	1E10	1E-30	1E-10	1E10	1E-30	1E-10	1E10	1E-30	1E-10	1E10	1E-30	1E-10	1E10	1E-30	1E-10	2	-2	2
1565	1.8E-10	1E10	1E10	1E-30	2.04120071387377E-10	1E10	1E-30	1E10	7.66424559771799E-02	1E-30	3.40001240920193E-11	1.13945206386533	1E-30	2.54897354735656E-11	0.456056943116606	2.30756021527319E-09	6.01685344765708E-12	0.347228547492163	3.55201155255528E-10	1.73490404709784E-11	0.80199178744803	8.77537930313769E-11	4.58177561525042E-12	0.906826574635858	3.7009775316618E-12	6.55727870565628E-11	1E5	1E10	1E-30	1E-10	1E10	1E-30	1E-10	1E10	1E-30	1E-10	1E10	1E-30	1E-10	1E10	1E-30	1E-10	1E10	1E-30	1E-10	1E10	1E-30	1E-10	1E10	1E-30	1E-10	1E10	1E-30	1E-10	2	-5	5
1566	1.8E-10	1E10	1E10	1E-30	2.60681688607729E-10	1E10	1E-30	1E10	8.08167303053763E-02	1E-30	2.29802944923309E-11	1.89005788359915	1E-30	2.82019873510489E-11	0.7832165415036	1E-30	8.80172098237772E-12	1.78628185972614E-02	1.3741556104274E-09	1.0378669187776E-11	0.417255952759817	3.21343514084894E-10	1.91508193107777E-11	0.949478154756058	5.6723674506836E-10	3.37546601499181E-12	0.24519415268332	1E10	1E-30	1E-10	1E10	1E-30	1E-10	1E10	1E-30	1E-10	1E10	1E-30	1E-10	1E10	1E-30	1E-10	1E10	1E-30	1E-10	1E10	1E-30	1E-10	1E10	1E-30	1E-10	1E10	1E-30	1E-10	2	-5	5
1567	2.2E-10	1E10	1E10	1E-30	2.71686490820042E-10	1E10	1E-30	1E10	0.09	1E-30	5.36727796685592E-11	1.064211621249	2.15610517451617E-09	6.41089035821461E-12	0.18680024395172	4.13534788473204E-10	1.36036867063415E-11	0.570427422277885	5.54357684376723E-11	5.9678831339274E-12	0.360829119108549	2.85081459490076E-12	8.91396897095155E-11	565654273.085006	1E10	1E-30	1E-10	1E10	1E-30	1E-10	1E10	1E-30	1E-10	1E10	1E-30	1E-10	1E10	1E-30	1E-10	1E10	1E-30	1E-10	1E10	1E-30	1E-10	1E10	1E-30	1E-10	1E10	1E-30	1E-10	1E10	1E-30	1E-10	2	-5	5
1568	2.2E-10	1E10	1E10	1E-30	2.71686490820042E-10	1E10	1E-30	1E10	0.09	1E-30	5.36727796685592E-11	1.064211621249	2.15610517451617E-09	6.41089035821461E-12	0.18680024395172	4.13534788473204E-10	1.36036867063415E-11	0.570427422277885	5.54357684376723E-11	5.9678831339274E-12	0.360829119108549	2.85081459490076E-12	8.91396897095155E-11	565654273.085006	1E10	1E-30	1E-10	1E10	1E-30	1E-10	1E10	1E-30	1E-10	1E10	1E-30	1E-10	1E10	1E-30	1E-10	1E10	1E-30	1E-10	1E10	1E-30	1E-10	1E10	1E-30	1E-10	1E10	1E-30	1E-10	1E10	1E-30	1E-10	2	-2	2
1569	2.2E-10	1E10	1E10	1E-30	2.71686490820042E-10	1E10	1E-30	1E10	0.09	1E-30	5.36727796685592E-11	1.064211621249	2.15610517451617E-09	6.41089035821461E-12	0.18680024395172	4.13534788473204E-10	1.36036867063415E-11	0.570427422277885	5.54357684376723E-11	5.9678831339274E-12	0.360829119108549	2.85081459490076E-12	8.91396897095155E-11	565654273.085006	1E10	1E-30	1E-10	1E10	1E-30	1E-10	1E10	1E-30	1E-10	1E10	1E-30	1E-10	1E10	1E-30	1E-10	1E10	1E-30	1E-10	1E10	1E-30	1E-10	1E10	1E-30	1E-10	1E10	1E-30	1E-10	1E10	1E-30	1E-10	2	-5	5
1570	2.2E-10	1E10	1E10	1E-30	2.71686490820042E-10	1E10	1E-30	1E10	0.09	1E-30	5.36727796685592E-11	1.064211621249	2.15610517451617E-09	6.41089035821461E-12	0.18680024395172	4.13534788473204E-10	1.36036867063415E-11	0.570427422277885	5.54357684376723E-11	5.9678831339274E-12	0.360829119108549	2.85081459490076E-12	8.91396897095155E-11	565654273.085006	1E10	1E-30	1E-10	1E10	1E-30	1E-10	1E10	1E-30	1E-10	1E10	1E-30	1E-10	1E10	1E-30	1E-10	1E10	1E-30	1E-10	1E10	1E-30	1E-10	1E10	1E-30	1E-10	1E10	1E-30	1E-10	1E10	1E-30	1E-10	2	-5	5
1571	2.2E-10	1E10	1E10	1E-30	2.71686490820042E-10	1E10	1E-30	1E10	0.09	1E-30	5.36727796685592E-11	1.064211621249	2.15610517451617E-09	6.41089035821461E-12	0.18680024395172	4.13534788473204E-10	1.36036867063415E-11	0.570427422277885	5.54357684376723E-11	5.9678831339274E-12	0.360829119108549	2.85081459490076E-12	8.91396897095155E-11	565654273.085006	1E10	1E-30	1E-10	1E10	1E-30	1E-10	1E10	1E-30	1E-10	1E10	1E-30	1E-10	1E10	1E-30	1E-10	1E10	1E-30	1E-10	1E10	1E-30	1E-10	1E10	1E-30	1E-10	1E10	1E-30	1E-10	1E10	1E-30	1E-10	2	-2	2
1572	2.2E-10	1E10	1E10	1E-30	2.71686490820042E-10	1E10	1E-30	1E10	0.09	1E-30	5.36727796685592E-11	1.064211621249	2.15610517451617E-09	6.41089035821461E-12	0.18680024395172	4.13534788473204E-10	1.36036867063415E-11	0.570427422277885	5.54357684376723E-11	5.9678831339274E-12	0.360829119108549	2.85081459490076E-12	8.91396897095155E-11	565654273.085006	1E10	1E-30	1E-10	1E10	1E-30	1E-10	1E10	1E-30	1E-10	1E10	1E-30	1E-10	1E10	1E-30	1E-10	1E10	1E-30	1E-10	1E10	1E-30	1E-10	1E10	1E-30	1E-10	1E10	1E-30	1E-10	1E10	1E-30	1E-10	2	-5	5
1573	2.2E-10	1E10	1E10	1E-30	2.91600933738136E-10	1E10	1E-30	1E10	9.09798301585531E-02	1E-30	5.45261592872877E-11	4.04549006739909	1E-30	3.75626430732168E-11	0.722815265794313	4.60554001268353E-09	3.16144213064565E-12	0.178588320486954	4.21070241261873E-10	1.3755605233097E-11	0.608459589543683	5.63999665736646E-11	4.84820024507106E-12	0.700229669594176	1E10	1E-30	1E-10	1E10	1E-30	1E-10	1E10	1E-30	1E-10	1E10	1E-30	1E-10	1E10	1E-30	1E-10	1E10	1E-30	1E-10	1E10	1E-30	1E-10	1E10	1E-30	1E-10	1E10	1E-30	1E-10	1E10	1E-30	1E-10	2	-2	2
1574	2.2E-10	1E10	1E10	1E-30	2.91600933738136E-10	1E10	1E-30	1E10	9.09798301585531E-02	1E-30	5.45261592872877E-11	4.04549006739909	1E-30	3.75626430732168E-11	0.722815265794313	4.60554001268353E-09	3.16144213064565E-12	0.178588320486954	4.21070241261873E-10	1.3755605233097E-11	0.608459589543683	5.63999665736646E-11	4.84820024507106E-12	0.700229669594176	1E10	1E-30	1E-10	1E10	1E-30	1E-10	1E10	1E-30	1E-10	1E10	1E-30	1E-10	1E10	1E-30	1E-10	1E10	1E-30	1E-10	1E10	1E-30	1E-10	1E10	1E-30	1E-10	1E10	1E-30	1E-10	1E10	1E-30	1E-10	2	-5	5
1575	2.7E-10	1E10	1E10	1E-30	1.21653524099835E-10	1E10	1E-30	1E10	8.50360761706091E-02	1E-30	5.93246183290308E-11	1.31488885975094	1E-30	3.36661416822148E-12	8.3178144516944E-03	4.10554137944059E-09	4.87143428966238E-12	0.141165272457485	6.02879459727883E-10	1.31036200656612E-11	0.483519287918529	2.44092278050147E-11	1.53965643887181E-11	3.81813256248225	1.39089908103452E-12	1.78543675672563E-10	1E5	1E10	1E-30	1E-10	1E10	1E-30	1E-10	1E10	1E-30	1E-10	1E10	1E-30	1E-10	1E10	1E-30	1E-10	1E10	1E-30	1E-10	1E10	1E-30	1E-10	1E10	1E-30	1E-10	1E10	1E-30	1E-10	2	-5	5
1576	2.7E-10	1E10	1E10	1E-30	1.21653524099835E-10	1E10	1E-30	1E10	8.50360761706091E-02	1E-30	5.93246183290308E-11	1.31488885975094	1E-30	3.36661416822148E-12	8.3178144516944E-03	4.10554137944059E-09	4.87143428966238E-12	0.141165272457485	6.02879459727883E-10	1.31036200656612E-11	0.483519287918529	2.44092278050147E-11	1.53965643887181E-11	3.81813256248225	1.39089908103452E-12	1.78543675672563E-10	1E5	1E10	1E-30	1E-10	1E10	1E-30	1E-10	1E10	1E-30	1E-10	1E10	1E-30	1E-10	1E10	1E-30	1E-10	1E10	1E-30	1E-10	1E10	1E-30	1E-10	1E10	1E-30	1E-10	1E10	1E-30	1E-10	2	-2	2
1577	2.7E-10	1E10	1E10	1E-30	1.21653524099835E-10	1E10	1E-30	1E10	8.50360761706091E-02	1E-30	5.93246183290308E-11	1.31488885975094	1E-30	3.36661416822148E-12	8.3178144516944E-03	4.10554137944059E-09	4.87143428966238E-12	0.141165272457485	6.02879459727883E-10	1.31036200656612E-11	0.483519287918529	2.44092278050147E-11	1.53965643887181E-11	3.81813256248225	1.39089908103452E-12	1.78543675672563E-10	1E5	1E10	1E-30	1E-10	1E10	1E-30	1E-10	1E10	1E-30	1E-10	1E10	1E-30	1E-10	1E10	1E-30	1E-10	1E10	1E-30	1E-10	1E10	1E-30	1E-10	1E10	1E-30	1E-10	1E10	1E-30	1E-10	2	-5	5
1578	2.7E-10	1E10	1E10	1E-30	1.21653524099835E-10	1E10	1E-30	1E10	8.50360761706091E-02	1E-30	5.93246183290308E-11	1.31488885975094	1E-30	3.36661416822148E-12	8.3178144516944E-03	4.10554137944059E-09	4.87143428966238E-12	0.141165272457485	6.02879459727883E-10	1.31036200656612E-11	0.483519287918529	2.44092278050147E-11	1.53965643887181E-11	3.81813256248225	1.39089908103452E-12	1.78543675672563E-10	1E5	1E10	1E-30	1E-10	1E10	1E-30	1E-10	1E10	1E-30	1E-10	1E10	1E-30	1E-10	1E10	1E-30	1E-10	1E10	1E-30	1E-10	1E10	1E-30	1E-10	1E10	1E-30	1E-10	1E10	1E-30	1E-10	2	-5	5
1579	2.7E-10	1E10	1E10	1E-30	1.21653524099835E-10	1E10	1E-30	1E10	8.50360761706091E-02	1E-30	5.93246183290308E-11	1.31488885975094	1E-30	3.36661416822148E-12	8.3178144516944E-03	4.10554137944059E-09	4.87143428966238E-12	0.141165272457485	6.02879459727883E-10	1.31036200656612E-11	0.483519287918529	2.44092278050147E-11	1.53965643887181E-11	3.81813256248225	1.39089908103452E-12	1.78543675672563E-10	1E5	1E10	1E-30	1E-10	1E10	1E-30	1E-10	1E10	1E-30	1E-10	1E10	1E-30	1E-10	1E10	1E-30	1E-10	1E10	1E-30	1E-10	1E10	1E-30	1E-10	1E10	1E-30	1E-10	1E10	1E-30	1E-10	2	-2	2
1580	2.7E-10	1E10	1E10	1E-30	1.21653524099835E-10	1E10	1E-30	1E10	8.50360761706091E-02	1E-30	5.93246183290308E-11	1.31488885975094	1E-30	3.36661416822148E-12	8.3178144516944E-03	4.10554137944059E-09	4.87143428966238E-12	0.141165272457485	6.02879459727883E-10	1.31036200656612E-11	0.483519287918529	2.44092278050147E-11	1.53965643887181E-11	3.81813256248225	1.39089908103452E-12	1.78543675672563E-10	1E5	1E10	1E-30	1E-10	1E10	1E-30	1E-10	1E10	1E-30	1E-10	1E10	1E-30	1E-10	1E10	1E-30	1E-10	1E10	1E-30	1E-10	1E10	1E-30	1E-10	1E10	1E-30	1E-10	1E10	1E-30	1E-10	2	-5	5
1581	3.3E-10	1E10	1E10	1E-30	1.5570067487736E-10	1E10	1E-30	1E10	6.98217401676713E-02	1E-30	5.68586747583987E-11	1.04766955227978	3.07385084651783E-09	8.21738172300112E-12	0.194562846327276	5.90949647816856E-10	1.81810227665537E-11	0.601793334128979	2.17089341714624E-12	9.96326289149479E-11	1E5	3.00988722757727E-12	5.02762682939872E-11	40.7108444454194	1E10	1E-30	1E-10	1E10	1E-30	1E-10	1E10	1E-30	1E-10	1E10	1E-30	1E-10	1E10	1E-30	1E-10	1E10	1E-30	1E-10	1E10	1E-30	1E-10	1E10	1E-30	1E-10	1E10	1E-30	1E-10	1E10	1E-30	1E-10	2	-5	5
1582	3.3E-10	1E10	1E10	1E-30	1.5570067487736E-10	1E10	1E-30	1E10	6.98217401676713E-02	1E-30	5.68586747583987E-11	1.04766955227978	3.07385084651783E-09	8.21738172300112E-12	0.194562846327276	5.90949647816856E-10	1.81810227665537E-11	0.601793334128979	2.17089341714624E-12	9.96326289149479E-11	1E5	3.00988722757727E-12	5.02762682939872E-11	40.7108444454194	1E10	1E-30	1E-10	1E10	1E-30	1E-10	1E10	1E-30	1E-10	1E10	1E-30	1E-10	1E10	1E-30	1E-10	1E10	1E-30	1E-10	1E10	1E-30	1E-10	1E10	1E-30	1E-10	1E10	1E-30	1E-10	1E10	1E-30	1E-10	2	-2	2
1583	3.3E-10	1E10	1E10	1E-30	1.5570067487736E-10	1E10	1E-30	1E10	6.98217401676713E-02	1E-30	5.68586747583987E-11	1.04766955227978	3.07385084651783E-09	8.21738172300112E-12	0.194562846327276	5.90949647816856E-10	1.81810227665537E-11	0.601793334128979	2.17089341714624E-12	9.96326289149479E-11	1E5	3.00988722757727E-12	5.02762682939872E-11	40.7108444454194	1E10	1E-30	1E-10	1E10	1E-30	1E-10	1E10	1E-30	1E-10	1E10	1E-30	1E-10	1E10	1E-30	1E-10	1E10	1E-30	1E-10	1E10	1E-30	1E-10	1E10	1E-30	1E-10	1E10	1E-30	1E-10	1E10	1E-30	1E-10	2	-5	5
1584	3.3E-10	1E10	1E10	1E-30	1.5570067487736E-10	1E10	1E-30	1E10	6.98217401676713E-02	1E-30	5.68586747583987E-11	1.04766955227978	3.07385084651783E-09	8.21738172300112E-12	0.194562846327276	5.90949647816856E-10	1.81810227665537E-11	0.601793334128979	2.17089341714624E-12	9.96326289149479E-11	1E5	3.00988722757727E-12	5.02762682939872E-11	40.7108444454194	1E10	1E-30	1E-10	1E10	1E-30	1E-10	1E10	1E-30	1E-10	1E10	1E-30	1E-10	1E10	1E-30	1E-10	1E10	1E-30	1E-10	1E10	1E-30	1E-10	1E10	1E-30	1E-10	1E10	1E-30	1E-10	1E10	1E-30	1E-10	2	-5	5
1585	3.3E-10	1E10	1E10	1E-30	1.5570067487736E-10	1E10	1E-30	1E10	6.98217401676713E-02	1E-30	5.68586747583987E-11	1.04766955227978	3.07385084651783E-09	8.21738172300112E-12	0.194562846327276	5.90949647816856E-10	1.81810227665537E-11	0.601793334128979	2.17089341714624E-12	9.96326289149479E-11	1E5	3.00988722757727E-12	5.02762682939872E-11	40.7108444454194	1E10	1E-30	1E-10	1E10	1E-30	1E-10	1E10	1E-30	1E-10	1E10	1E-30	1E-10	1E10	1E-30	1E-10	1E10	1E-30	1E-10	1E10	1E-30	1E-10	1E10	1E-30	1E-10	1E10	1E-30	1E-10	1E10	1E-30	1E-10	2	-2	2
1586	3.3E-10	1E10	1E10	1E-30	1.5570067487736E-10	1E10	1E-30	1E10	6.98217401676713E-02	1E-30	5.68586747583987E-11	1.04766955227978	3.07385084651783E-09	8.21738172300112E-12	0.194562846327276	5.90949647816856E-10	1.81810227665537E-11	0.601793334128979	2.17089341714624E-12	9.96326289149479E-11	1E5	3.00988722757727E-12	5.02762682939872E-11	40.7108444454194	1E10	1E-30	1E-10	1E10	1E-30	1E-10	1E10	1E-30	1E-10	1E10	1E-30	1E-10	1E10	1E-30	1E-10	1E10	1E-30	1E-10	1E10	1E-30	1E-10	1E10	1E-30	1E-10	1E10	1E-30	1E-10	1E10	1E-30	1E-10	2	-5	5
1587	3.29999999999999E-10	1E10	1E10	1E-30	2.89341853346311E-10	1E10	1E-30	1E10	3.48269622691816E-02	1E-30	5.97183256954917E-11	0.922411187355966	1E-30	1.05281945262176E-10	2.57657277441195E-02	9.57398124173535E-08	6.48582163463598E-12	1.23157361972528E-02	4.06577867840134E-09	6.28562476554412E-12	0.25114436590773	7.09810593343146E-10	1.57815342284147E-11	0.623836014791497	1E10	1E-30	1E-10	1E10	1E-30	1E-10	1E10	1E-30	1E-10	1E10	1E-30	1E-10	1E10	1E-30	1E-10	1E10	1E-30	1E-10	1E10	1E-30	1E-10	1E10	1E-30	1E-10	1E10	1E-30	1E-10	1E10	1E-30	1E-10	2	-2	2
1588	3.29999999999999E-10	1E10	1E10	1E-30	2.89341853346311E-10	1E10	1E-30	1E10	3.48269622691816E-02	1E-30	5.97183256954917E-11	0.922411187355966	1E-30	1.05281945262176E-10	2.57657277441195E-02	9.57398124173535E-08	6.48582163463598E-12	1.23157361972528E-02	4.06577867840134E-09	6.28562476554412E-12	0.25114436590773	7.09810593343146E-10	1.57815342284147E-11	0.623836014791497	1E10	1E-30	1E-10	1E10	1E-30	1E-10	1E10	1E-30	1E-10	1E10	1E-30	1E-10	1E10	1E-30	1E-10	1E10	1E-30	1E-10	1E10	1E-30	1E-10	1E10	1E-30	1E-10	1E10	1E-30	1E-10	1E10	1E-30	1E-10	2	-5	5
1589	3.59999999999999E-10	1E10	1E10	1E-30	2.51762110831179E-10	1E10	1E-30	1E10	6.49920919645209E-02	1E-30	2.44277417670788E-11	0.640899553579214	1E-30	1.04056642048995E-11	3.26556492339928E-02	7.26290360213654E-10	1.66578333212196E-11	0.546090683786087	5.72926833882988E-10	6.30606877611775E-12	0.2259146851178	7.33128613653094E-12	3.7373341359157E-11	26.4483267272115	1E10	1E-30	1E-10	1E10	1E-30	1E-10	1E10	1E-30	1E-10	1E10	1E-30	1E-10	1E10	1E-30	1E-10	1E10	1E-30	1E-10	1E10	1E-30	1E-10	1E10	1E-30	1E-10	1E10	1E-30	1E-10	1E10	1E-30	1E-10	2	-5	5
1590	3.9E-10	1E10	1E10	1E-30	1.92122951990186E-10	1E10	1E-30	1E10	0.06	1E-30	6.85351086468194E-11	0.701274665362437	7.10830176754418E-09	4.32091286528216E-12	0.184322857852069	1.1552175359837E-09	1.16147257792419E-11	0.433226339610459	3.8720745547144E-11	1.03837925477793E-11	1.03002182059245	3.02112708369464E-12	8.02404169371059E-11	1E5	1E10	1E-30	1E-10	1E10	1E-30	1E-10	1E10	1E-30	1E-10	1E10	1E-30	1E-10	1E10	1E-30	1E-10	1E10	1E-30	1E-10	1E10	1E-30	1E-10	1E10	1E-30	1E-10	1E10	1E-30	1E-10	1E10	1E-30	1E-10	2	-5	5
1591	3.9E-10	1E10	1E10	1E-30	1.92122951990186E-10	1E10	1E-30	1E10	0.06	1E-30	6.85351086468194E-11	0.701274665362437	7.10830176754418E-09	4.32091286528216E-12	0.184322857852069	1.1552175359837E-09	1.16147257792419E-11	0.433226339610459	3.8720745547144E-11	1.03837925477793E-11	1.03002182059245	3.02112708369464E-12	8.02404169371059E-11	1E5	1E10	1E-30	1E-10	1E10	1E-30	1E-10	1E10	1E-30	1E-10	1E10	1E-30	1E-10	1E10	1E-30	1E-10	1E10	1E-30	1E-10	1E10	1E-30	1E-10	1E10	1E-30	1E-10	1E10	1E-30	1E-10	1E10	1E-30	1E-10	2	-2	2
1592	3.9E-10	1E10	1E10	1E-30	1.92122951990186E-10	1E10	1E-30	1E10	0.06	1E-30	6.85351086468194E-11	0.701274665362437	7.10830176754418E-09	4.32091286528216E-12	0.184322857852069	1.1552175359837E-09	1.16147257792419E-11	0.433226339610459	3.8720745547144E-11	1.03837925477793E-11	1.03002182059245	3.02112708369464E-12	8.02404169371059E-11	1E5	1E10	1E-30	1E-10	1E10	1E-30	1E-10	1E10	1E-30	1E-10	1E10	1E-30	1E-10	1E10	1E-30	1E-10	1E10	1E-30	1E-10	1E10	1E-30	1E-10	1E10	1E-30	1E-10	1E10	1E-30	1E-10	1E10	1E-30	1E-10	2	-5	5
1593	3.9E-10	1E10	1E10	1E-30	1.92122951990186E-10	1E10	1E-30	1E10	0.06	1E-30	6.85351086468194E-11	0.701274665362437	7.10830176754418E-09	4.32091286528216E-12	0.184322857852069	1.1552175359837E-09	1.16147257792419E-11	0.433226339610459	3.8720745547144E-11	1.03837925477793E-11	1.03002182059245	3.02112708369464E-12	8.02404169371059E-11	1E5	1E10	1E-30	1E-10	1E10	1E-30	1E-10	1E10	1E-30	1E-10	1E10	1E-30	1E-10	1E10	1E-30	1E-10	1E10	1E-30	1E-10	1E10	1E-30	1E-10	1E10	1E-30	1E-10	1E10	1E-30	1E-10	1E10	1E-30	1E-10	2	-5	5
1594	3.9E-10	1E10	1E10	1E-30	1.92122951990186E-10	1E10	1E-30	1E10	0.06	1E-30	6.85351086468194E-11	0.701274665362437	7.10830176754418E-09	4.32091286528216E-12	0.184322857852069	1.1552175359837E-09	1.16147257792419E-11	0.433226339610459	3.8720745547144E-11	1.03837925477793E-11	1.03002182059245	3.02112708369464E-12	8.02404169371059E-11	1E5	1E10	1E-30	1E-10	1E10	1E-30	1E-10	1E10	1E-30	1E-10	1E10	1E-30	1E-10	1E10	1E-30	1E-10	1E10	1E-30	1E-10	1E10	1E-30	1E-10	1E10	1E-30	1E-10	1E10	1E-30	1E-10	1E10	1E-30	1E-10	2	-2	2
1595	3.9E-10	1E10	1E10	1E-30	1.92122951990186E-10	1E10	1E-30	1E10	0.06	1E-30	6.85351086468194E-11	0.701274665362437	7.10830176754418E-09	4.32091286528216E-12	0.184322857852069	1.1552175359837E-09	1.16147257792419E-11	0.433226339610459	3.8720745547144E-11	1.03837925477793E-11	1.03002182059245	3.02112708369464E-12	8.02404169371059E-11	1E5	1E10	1E-30	1E-10	1E10	1E-30	1E-10	1E10	1E-30	1E-10	1E10	1E-30	1E-10	1E10	1E-30	1E-10	1E10	1E-30	1E-10	1E10	1E-30	1E-10	1E10	1E-30	1E-10	1E10	1E-30	1E-10	1E10	1E-30	1E-10	2	-5	5
1596	4.3E-10	1E10	1E10	1E-30	1.44056830147368E-10	1E10	1E-30	1E10	6.85521782133819E-02	1E-30	3.66891241252595E-11	0.400800360974634	1.27838303781783E-09	1.29149452891439E-11	0.471253779777962	1.33413370086327E-09	3.66963771532474E-12	0.152589697912674	2.08397865644738E-12	1.22285084566096E-10	134.565892608129	1E10	1E-30	1E-10	1E10	1E-30	1E-10	1E10	1E-30	1E-10	1E10	1E-30	1E-10	1E10	1E-30	1E-10	1E10	1E-30	1E-10	1E10	1E-30	1E-10	1E10	1E-30	1E-10	1E10	1E-30	1E-10	1E10	1E-30	1E-10	1E10	1E-30	1E-10	2	-2	2
1597	4.7E-10	1E10	1E10	1E-30	1.78069724026334E-10	1E10	1E-30	1E10	0.052	1E-30	3.6427919484895E-11	0.408574894520434	1E-30	2.95804506774788E-11	0.37171890615297	5.29990139270157E-09	7.25606248045604E-12	0.225464028483719	1.09321140801484E-09	1.61107043023765E-11	0.495935457041719	2.48601263442421E-12	8.90300792652471E-11	1E5	1E10	1E-30	1E-10	1E10	1E-30	1E-10	1E10	1E-30	1E-10	1E10	1E-30	1E-10	1E10	1E-30	1E-10	1E10	1E-30	1E-10	1E10	1E-30	1E-10	1E10	1E-30	1E-10	1E10	1E-30	1E-10	1E10	1E-30	1E-10	2	-5	5
1598	4.7E-10	1E10	1E10	1E-30	1.78069724026334E-10	1E10	1E-30	1E10	0.052	1E-30	3.6427919484895E-11	0.408574894520434	1E-30	2.95804506774788E-11	0.37171890615297	5.29990139270157E-09	7.25606248045604E-12	0.225464028483719	1.09321140801484E-09	1.61107043023765E-11	0.495935457041719	2.48601263442421E-12	8.90300792652471E-11	1E5	1E10	1E-30	1E-10	1E10	1E-30	1E-10	1E10	1E-30	1E-10	1E10	1E-30	1E-10	1E10	1E-30	1E-10	1E10	1E-30	1E-10	1E10	1E-30	1E-10	1E10	1E-30	1E-10	1E10	1E-30	1E-10	1E10	1E-30	1E-10	2	-2	2
1599	4.7E-10	1E10	1E10	1E-30	1.78069724026334E-10	1E10	1E-30	1E10	0.052	1E-30	3.6427919484895E-11	0.408574894520434	1E-30	2.95804506774788E-11	0.37171890615297	5.29990139270157E-09	7.25606248045604E-12	0.225464028483719	1.09321140801484E-09	1.61107043023765E-11	0.495935457041719	2.48601263442421E-12	8.90300792652471E-11	1E5	1E10	1E-30	1E-10	1E10	1E-30	1E-10	1E10	1E-30	1E-10	1E10	1E-30	1E-10	1E10	1E-30	1E-10	1E10	1E-30	1E-10	1E10	1E-30	1E-10	1E10	1E-30	1E-10	1E10	1E-30	1E-10	1E10	1E-30	1E-10	2	-5	5
1600	4.7E-10	1E10	1E10	1E-30	1.78069724026334E-10	1E10	1E-30	1E10	0.052	1E-30	3.6427919484895E-11	0.408574894520434	1E-30	2.95804506774788E-11	0.37171890615297	5.29990139270157E-09	7.25606248045604E-12	0.225464028483719	1.09321140801484E-09	1.61107043023765E-11	0.495935457041719	2.48601263442421E-12	8.90300792652471E-11	1E5	1E10	1E-30	1E-10	1E10	1E-30	1E-10	1E10	1E-30	1E-10	1E10	1E-30	1E-10	1E10	1E-30	1E-10	1E10	1E-30	1E-10	1E10	1E-30	1E-10	1E10	1E-30	1E-10	1E10	1E-30	1E-10	1E10	1E-30	1E-10	2	-5	5
1601	4.7E-10	1E10	1E10	1E-30	1.78069724026334E-10	1E10	1E-30	1E10	0.052	1E-30	3.6427919484895E-11	0.408574894520434	1E-30	2.95804506774788E-11	0.37171890615297	5.29990139270157E-09	7.25606248045604E-12	0.225464028483719	1.09321140801484E-09	1.61107043023765E-11	0.495935457041719	2.48601263442421E-12	8.90300792652471E-11	1E5	1E10	1E-30	1E-10	1E10	1E-30	1E-10	1E10	1E-30	1E-10	1E10	1E-30	1E-10	1E10	1E-30	1E-10	1E10	1E-30	1E-10	1E10	1E-30	1E-10	1E10	1E-30	1E-10	1E10	1E-30	1E-10	1E10	1E-30	1E-10	2	-2	2
1602	4.7E-10	1E10	1E10	1E-30	1.78069724026334E-10	1E10	1E-30	1E10	0.052	1E-30	3.6427919484895E-11	0.408574894520434	1E-30	2.95804506774788E-11	0.37171890615297	5.29990139270157E-09	7.25606248045604E-12	0.225464028483719	1.09321140801484E-09	1.61107043023765E-11	0.495935457041719	2.48601263442421E-12	8.90300792652471E-11	1E5	1E10	1E-30	1E-10	1E10	1E-30	1E-10	1E10	1E-30	1E-10	1E10	1E-30	1E-10	1E10	1E-30	1E-10	1E10	1E-30	1E-10	1E10	1E-30	1E-10	1E10	1E-30	1E-10	1E10	1E-30	1E-10	1E10	1E-30	1E-10	2	-5	5
1603	4.7E-10	1E10	1E10	1E-30	2.53791836466963E-10	1E10	1E-30	1E10	2.12312436919729E-02	1E-30	5.69108839162658E-11	0.74314559498917	1E-30	8.24714807243266E-11	2.12312436919729E-02	4.44052680581765E-09	8.75992583877923E-12	0.339027378879948	9.29270550923261E-10	1.91268875694166E-11	0.658934306798531	1E10	1E-30	1E-10	1E10	1E-30	1E-10	1E10	1E-30	1E-10	1E10	1E-30	1E-10	1E10	1E-30	1E-10	1E10	1E-30	1E-10	1E10	1E-30	1E-10	1E10	1E-30	1E-10	1E10	1E-30	1E-10	1E10	1E-30	1E-10	1E10	1E-30	1E-10	2	-2	2
1604	4.7E-10	1E10	1E10	1E-30	2.53791836466963E-10	1E10	1E-30	1E10	2.12312436919729E-02	1E-30	5.69108839162658E-11	0.74314559498917	1E-30	8.24714807243266E-11	2.12312436919729E-02	4.44052680581765E-09	8.75992583877923E-12	0.339027378879948	9.29270550923261E-10	1.91268875694166E-11	0.658934306798531	1E10	1E-30	1E-10	1E10	1E-30	1E-10	1E10	1E-30	1E-10	1E10	1E-30	1E-10	1E10	1E-30	1E-10	1E10	1E-30	1E-10	1E10	1E-30	1E-10	1E10	1E-30	1E-10	1E10	1E-30	1E-10	1E10	1E-30	1E-10	1E10	1E-30	1E-10	2	-5	5
1605	5.1E-10	1E10	1E10	1E-30	3.01883878408012E-10	1E10	1E-30	1E10	5.68014357790873E-02	1E-30	3.5625551610955E-11	0.499420056805829	5.62221365775218E-09	6.14144373331022E-12	0.209637500899362	9.75566509201797E-10	1.50460149311357E-11	0.514705814419801	1.16301441782248E-09	3.67694130202699E-12	0.12387999826521	6.97837503679192E-11	4.11959355752824E-12	0.522307942990093	1E10	1E-30	1E-10	1E10	1E-30	1E-10	1E10	1E-30	1E-10	1E10	1E-30	1E-10	1E10	1E-30	1E-10	1E10	1E-30	1E-10	1E10	1E-30	1E-10	1E10	1E-30	1E-10	1E10	1E-30	1E-10	1E10	1E-30	1E-10	2	-2	2
1606	5.59999999999999E-10	1E10	1E10	1E-30	1.95007689076329E-10	1E10	1E-30	1E10	0.05	1E-30	3.62919492009343E-11	1.69582371931431	1E-30	3.30047843925294E-11	0.387613914959355	6.08341791033105E-09	6.35799061276331E-12	0.174734493686221	7.93792822236189E-10	2.0123898228022E-11	0.415163303152446	3.66263658085266E-12	7.35794348295722E-11	1E5	1E10	1E-30	1E-10	1E10	1E-30	1E-10	1E10	1E-30	1E-10	1E10	1E-30	1E-10	1E10	1E-30	1E-10	1E10	1E-30	1E-10	1E10	1E-30	1E-10	1E10	1E-30	1E-10	1E10	1E-30	1E-10	1E10	1E-30	1E-10	2	-5	5
1607	5.59999999999999E-10	1E10	1E10	1E-30	1.95007689076329E-10	1E10	1E-30	1E10	0.05	1E-30	3.62919492009343E-11	1.69582371931431	1E-30	3.30047843925294E-11	0.387613914959355	6.08341791033105E-09	6.35799061276331E-12	0.174734493686221	7.93792822236189E-10	2.0123898228022E-11	0.415163303152446	3.66263658085266E-12	7.35794348295722E-11	1E5	1E10	1E-30	1E-10	1E10	1E-30	1E-10	1E10	1E-30	1E-10	1E10	1E-30	1E-10	1E10	1E-30	1E-10	1E10	1E-30	1E-10	1E10	1E-30	1E-10	1E10	1E-30	1E-10	1E10	1E-30	1E-10	1E10	1E-30	1E-10	2	-2	2
1608	5.59999999999999E-10	1E10	1E10	1E-30	1.95007689076329E-10	1E10	1E-30	1E10	0.05	1E-30	3.62919492009343E-11	1.69582371931431	1E-30	3.30047843925294E-11	0.387613914959355	6.08341791033105E-09	6.35799061276331E-12	0.174734493686221	7.93792822236189E-10	2.0123898228022E-11	0.415163303152446	3.66263658085266E-12	7.35794348295722E-11	1E5	1E10	1E-30	1E-10	1E10	1E-30	1E-10	1E10	1E-30	1E-10	1E10	1E-30	1E-10	1E10	1E-30	1E-10	1E10	1E-30	1E-10	1E10	1E-30	1E-10	1E10	1E-30	1E-10	1E10	1E-30	1E-10	1E10	1E-30	1E-10	2	-5	5
1609	5.59999999999999E-10	1E10	1E10	1E-30	1.95007689076329E-10	1E10	1E-30	1E10	0.05	1E-30	3.62919492009343E-11	1.69582371931431	1E-30	3.30047843925294E-11	0.387613914959355	6.08341791033105E-09	6.35799061276331E-12	0.174734493686221	7.93792822236189E-10	2.0123898228022E-11	0.415163303152446	3.66263658085266E-12	7.35794348295722E-11	1E5	1E10	1E-30	1E-10	1E10	1E-30	1E-10	1E10	1E-30	1E-10	1E10	1E-30	1E-10	1E10	1E-30	1E-10	1E10	1E-30	1E-10	1E10	1E-30	1E-10	1E10	1E-30	1E-10	1E10	1E-30	1E-10	1E10	1E-30	1E-10	2	-5	5
1610	5.59999999999999E-10	1E10	1E10	1E-30	1.95007689076329E-10	1E10	1E-30	1E10	0.05	1E-30	3.62919492009343E-11	1.69582371931431	1E-30	3.30047843925294E-11	0.387613914959355	6.08341791033105E-09	6.35799061276331E-12	0.174734493686221	7.93792822236189E-10	2.0123898228022E-11	0.415163303152446	3.66263658085266E-12	7.35794348295722E-11	1E5	1E10	1E-30	1E-10	1E10	1E-30	1E-10	1E10	1E-30	1E-10	1E10	1E-30	1E-10	1E10	1E-30	1E-10	1E10	1E-30	1E-10	1E10	1E-30	1E-10	1E10	1E-30	1E-10	1E10	1E-30	1E-10	1E10	1E-30	1E-10	2	-2	2
1611	5.59999999999999E-10	1E10	1E10	1E-30	1.95007689076329E-10	1E10	1E-30	1E10	0.05	1E-30	3.62919492009343E-11	1.69582371931431	1E-30	3.30047843925294E-11	0.387613914959355	6.08341791033105E-09	6.35799061276331E-12	0.174734493686221	7.93792822236189E-10	2.0123898228022E-11	0.415163303152446	3.66263658085266E-12	7.35794348295722E-11	1E5	1E10	1E-30	1E-10	1E10	1E-30	1E-10	1E10	1E-30	1E-10	1E10	1E-30	1E-10	1E10	1E-30	1E-10	1E10	1E-30	1E-10	1E10	1E-30	1E-10	1E10	1E-30	1E-10	1E10	1E-30	1E-10	1E10	1E-30	1E-10	2	-5	5
1612	6.8E-10	1E10	1E10	1E-30	8.92178729071394E-11	1E10	1E-30	1E10	0.055	1E-30	9.10540142649858E-12	0.898368563939869	1E-30	4.26619647442568E-11	0.732796899935792	4.0233444457853E-09	1.28491033252663E-11	0.227386277112007	1.18231090749274E-09	1.82450354652313E-11	0.435565282963909	1.7569213103215E-09	4.22491126643526E-12	0.110022644527829	7.00715098715919E-10	1.49487672235079E-12	0.597743997828645	1.0425881101574E-12	1.93609794354307E-10	1E5	1E10	1E-30	1E-10	1E10	1E-30	1E-10	1E10	1E-30	1E-10	1E10	1E-30	1E-10	1E10	1E-30	1E-10	1E10	1E-30	1E-10	1E10	1E-30	1E-10	1E10	1E-30	1E-10	2	-5	5
1613	6.8E-10	1E10	1E10	1E-30	8.92178729071394E-11	1E10	1E-30	1E10	0.055	1E-30	9.10540142649858E-12	0.898368563939869	1E-30	4.26619647442568E-11	0.732796899935792	4.0233444457853E-09	1.28491033252663E-11	0.227386277112007	1.18231090749274E-09	1.82450354652313E-11	0.435565282963909	1.7569213103215E-09	4.22491126643526E-12	0.110022644527829	7.00715098715919E-10	1.49487672235079E-12	0.597743997828645	1.0425881101574E-12	1.93609794354307E-10	1E5	1E10	1E-30	1E-10	1E10	1E-30	1E-10	1E10	1E-30	1E-10	1E10	1E-30	1E-10	1E10	1E-30	1E-10	1E10	1E-30	1E-10	1E10	1E-30	1E-10	1E10	1E-30	1E-10	2	-2	2
1614	6.8E-10	1E10	1E10	1E-30	8.92178729071394E-11	1E10	1E-30	1E10	0.055	1E-30	9.10540142649858E-12	0.898368563939869	1E-30	4.26619647442568E-11	0.732796899935792	4.0233444457853E-09	1.28491033252663E-11	0.227386277112007	1.18231090749274E-09	1.82450354652313E-11	0.435565282963909	1.7569213103215E-09	4.22491126643526E-12	0.110022644527829	7.00715098715919E-10	1.49487672235079E-12	0.597743997828645	1.0425881101574E-12	1.93609794354307E-10	1E5	1E10	1E-30	1E-10	1E10	1E-30	1E-10	1E10	1E-30	1E-10	1E10	1E-30	1E-10	1E10	1E-30	1E-10	1E10	1E-30	1E-10	1E10	1E-30	1E-10	1E10	1E-30	1E-10	2	-5	5
1615	6.8E-10	1E10	1E10	1E-30	8.92178729071394E-11	1E10	1E-30	1E10	0.055	1E-30	9.10540142649858E-12	0.898368563939869	1E-30	4.26619647442568E-11	0.732796899935792	4.0233444457853E-09	1.28491033252663E-11	0.227386277112007	1.18231090749274E-09	1.82450354652313E-11	0.435565282963909	1.7569213103215E-09	4.22491126643526E-12	0.110022644527829	7.00715098715919E-10	1.49487672235079E-12	0.597743997828645	1.0425881101574E-12	1.93609794354307E-10	1E5	1E10	1E-30	1E-10	1E10	1E-30	1E-10	1E10	1E-30	1E-10	1E10	1E-30	1E-10	1E10	1E-30	1E-10	1E10	1E-30	1E-10	1E10	1E-30	1E-10	1E10	1E-30	1E-10	2	-5	5
1616	6.8E-10	1E10	1E10	1E-30	8.92178729071394E-11	1E10	1E-30	1E10	0.055	1E-30	9.10540142649858E-12	0.898368563939869	1E-30	4.26619647442568E-11	0.732796899935792	4.0233444457853E-09	1.28491033252663E-11	0.227386277112007	1.18231090749274E-09	1.82450354652313E-11	0.435565282963909	1.7569213103215E-09	4.22491126643526E-12	0.110022644527829	7.00715098715919E-10	1.49487672235079E-12	0.597743997828645	1.0425881101574E-12	1.93609794354307E-10	1E5	1E10	1E-30	1E-10	1E10	1E-30	1E-10	1E10	1E-30	1E-10	1E10	1E-30	1E-10	1E10	1E-30	1E-10	1E10	1E-30	1E-10	1E10	1E-30	1E-10	1E10	1E-30	1E-10	2	-2	2
1617	6.8E-10	1E10	1E10	1E-30	8.92178729071394E-11	1E10	1E-30	1E10	0.055	1E-30	9.10540142649858E-12	0.898368563939869	1E-30	4.26619647442568E-11	0.732796899935792	4.0233444457853E-09	1.28491033252663E-11	0.227386277112007	1.18231090749274E-09	1.82450354652313E-11	0.435565282963909	1.7569213103215E-09	4.22491126643526E-12	0.110022644527829	7.00715098715919E-10	1.49487672235079E-12	0.597743997828645	1.0425881101574E-12	1.93609794354307E-10	1E5	1E10	1E-30	1E-10	1E10	1E-30	1E-10	1E10	1E-30	1E-10	1E10	1E-30	1E-10	1E10	1E-30	1E-10	1E10	1E-30	1E-10	1E10	1E-30	1E-10	1E10	1E-30	1E-10	2	-5	5
1618	6.8E-10	1E10	1E10	1E-30	2.82315547785939E-10	1E10	1E-30	1E10	2.49737046016537E-02	1E-30	2.43969387142151E-11	0.744327692634455	1E-30	3.97963329867154E-11	0.382593538007933	5.82962471519445E-09	8.43064628791734E-12	0.215641310433561	1.18167949962618E-09	1.7578680239321E-11	0.497723321368509	1E10	1E-30	1E-10	1E10	1E-30	1E-10	1E10	1E-30	1E-10	1E10	1E-30	1E-10	1E10	1E-30	1E-10	1E10	1E-30	1E-10	1E10	1E-30	1E-10	1E10	1E-30	1E-10	1E10	1E-30	1E-10	1E10	1E-30	1E-10	1E10	1E-30	1E-10	2	-2	2
1619	6.8E-10	1E10	1E10	1E-30	2.82315547785939E-10	1E10	1E-30	1E10	2.49737046016537E-02	1E-30	2.43969387142151E-11	0.744327692634455	1E-30	3.97963329867154E-11	0.382593538007933	5.82962471519445E-09	8.43064628791734E-12	0.215641310433561	1.18167949962618E-09	1.7578680239321E-11	0.497723321368509	1E10	1E-30	1E-10	1E10	1E-30	1E-10	1E10	1E-30	1E-10	1E10	1E-30	1E-10	1E10	1E-30	1E-10	1E10	1E-30	1E-10	1E10	1E-30	1E-10	1E10	1E-30	1E-10	1E10	1E-30	1E-10	1E10	1E-30	1E-10	1E10	1E-30	1E-10	2	-5	5
1620	7.5E-10	1E10	1E10	1E-30	2.54356266153025E-10	1E10	1E-30	1E10	3.99844510357062E-02	1E-30	5.08400807791211E-11	0.57164950705064	7.05488770891666E-09	7.98721156988479E-12	0.278950587024331	1.47745900524004E-09	1.7160517239639E-11	0.507907683562526	1.9997543086042E-10	1.78811404707725E-12	0.213262972329165	1E10	1E-30	1E-10	1E10	1E-30	1E-10	1E10	1E-30	1E-10	1E10	1E-30	1E-10	1E10	1E-30	1E-10	1E10	1E-30	1E-10	1E10	1E-30	1E-10	1E10	1E-30	1E-10	1E10	1E-30	1E-10	1E10	1E-30	1E-10	1E10	1E-30	1E-10	2	-2	2
1621	8.19999999999999E-10	1E10	1E10	1E-30	1.74458529865883E-10	1E10	1E-30	1E10	0.04	1E-30	3.70764203845388E-11	0.986991369122804	5.28510675626742E-09	1.24460743325156E-11	0.264510269532931	1.19574510700159E-09	2.37188496461562E-11	0.533080851627057	9.05953324896629E-10	1.0368397008256E-11	0.22085701239118	1.46875337078719E-09	2.91302842785552E-12	0.118590247305185	1.23403045407493E-12	7.58652953067139E-11	1E5	1E10	1E-30	1E-10	1E10	1E-30	1E-10	1E10	1E-30	1E-10	1E10	1E-30	1E-10	1E10	1E-30	1E-10	1E10	1E-30	1E-10	1E10	1E-30	1E-10	1E10	1E-30	1E-10	1E10	1E-30	1E-10	2	-5	5
1622	8.19999999999999E-10	1E10	1E10	1E-30	1.74458529865883E-10	1E10	1E-30	1E10	0.04	1E-30	3.70764203845388E-11	0.986991369122804	5.28510675626742E-09	1.24460743325156E-11	0.264510269532931	1.19574510700159E-09	2.37188496461562E-11	0.533080851627057	9.05953324896629E-10	1.0368397008256E-11	0.22085701239118	1.46875337078719E-09	2.91302842785552E-12	0.118590247305185	1.23403045407493E-12	7.58652953067139E-11	1E5	1E10	1E-30	1E-10	1E10	1E-30	1E-10	1E10	1E-30	1E-10	1E10	1E-30	1E-10	1E10	1E-30	1E-10	1E10	1E-30	1E-10	1E10	1E-30	1E-10	1E10	1E-30	1E-10	1E10	1E-30	1E-10	2	-2	2
1623	8.19999999999999E-10	1E10	1E10	1E-30	1.74458529865883E-10	1E10	1E-30	1E10	0.04	1E-30	3.70764203845388E-11	0.986991369122804	5.28510675626742E-09	1.24460743325156E-11	0.264510269532931	1.19574510700159E-09	2.37188496461562E-11	0.533080851627057	9.05953324896629E-10	1.0368397008256E-11	0.22085701239118	1.46875337078719E-09	2.91302842785552E-12	0.118590247305185	1.23403045407493E-12	7.58652953067139E-11	1E5	1E10	1E-30	1E-10	1E10	1E-30	1E-10	1E10	1E-30	1E-10	1E10	1E-30	1E-10	1E10	1E-30	1E-10	1E10	1E-30	1E-10	1E10	1E-30	1E-10	1E10	1E-30	1E-10	1E10	1E-30	1E-10	2	-5	5
1624	8.19999999999999E-10	1E10	1E10	1E-30	1.74458529865883E-10	1E10	1E-30	1E10	0.04	1E-30	3.70764203845388E-11	0.986991369122804	5.28510675626742E-09	1.24460743325156E-11	0.264510269532931	1.19574510700159E-09	2.37188496461562E-11	0.533080851627057	9.05953324896629E-10	1.0368397008256E-11	0.22085701239118	1.46875337078719E-09	2.91302842785552E-12	0.118590247305185	1.23403045407493E-12	7.58652953067139E-11	1E5	1E10	1E-30	1E-10	1E10	1E-30	1E-10	1E10	1E-30	1E-10	1E10	1E-30	1E-10	1E10	1E-30	1E-10	1E10	1E-30	1E-10	1E10	1E-30	1E-10	1E10	1E-30	1E-10	1E10	1E-30	1E-10	2	-5	5
1625	8.19999999999999E-10	1E10	1E10	1E-30	1.74458529865883E-10	1E10	1E-30	1E10	0.04	1E-30	3.70764203845388E-11	0.986991369122804	5.28510675626742E-09	1.24460743325156E-11	0.264510269532931	1.19574510700159E-09	2.37188496461562E-11	0.533080851627057	9.05953324896629E-10	1.0368397008256E-11	0.22085701239118	1.46875337078719E-09	2.91302842785552E-12	0.118590247305185	1.23403045407493E-12	7.58652953067139E-11	1E5	1E10	1E-30	1E-10	1E10	1E-30	1E-10	1E10	1E-30	1E-10	1E10	1E-30	1E-10	1E10	1E-30	1E-10	1E10	1E-30	1E-10	1E10	1E-30	1E-10	1E10	1E-30	1E-10	1E10	1E-30	1E-10	2	-2	2
1626	8.19999999999999E-10	1E10	1E10	1E-30	1.74458529865883E-10	1E10	1E-30	1E10	0.04	1E-30	3.70764203845388E-11	0.986991369122804	5.28510675626742E-09	1.24460743325156E-11	0.264510269532931	1.19574510700159E-09	2.37188496461562E-11	0.533080851627057	9.05953324896629E-10	1.0368397008256E-11	0.22085701239118	1.46875337078719E-09	2.91302842785552E-12	0.118590247305185	1.23403045407493E-12	7.58652953067139E-11	1E5	1E10	1E-30	1E-10	1E10	1E-30	1E-10	1E10	1E-30	1E-10	1E10	1E-30	1E-10	1E10	1E-30	1E-10	1E10	1E-30	1E-10	1E10	1E-30	1E-10	1E10	1E-30	1E-10	1E10	1E-30	1E-10	2	-5	5
END DSCRDATA
