BEGIN DSCRDATA
% INDEX	K01	L01	M01	K02	L02	M02	K03	L03	M03	K04	L04	M04	K05	L05	M05	K06	L06	M06	K07	L07	M07	K08	L08	M08	K09	L09	M09	K10	L10	M10	K11	L11	M11	K12	L12	M12	K13	L13	M13	K14	L14	M14	K15	L15	M15	K16	L16	M16	K17	L17	M17	K18	L18	M18
0	0	0	0	0	0	0	0	0	0	0	0	0	0	0	0	0	0	0	0	0	0	0	0	0	0	0	0	0	0	0	0	0	0	0	0	0	0	0	0	0	0	0	0	0	0	0	0	0	0	0	0	0	0	0
1	1E-11	1E10	1E10	1E-30	8.26693580619828E-11	1E10	1E-30	1E10	0.344446284722052	1.88439593252444E-09	1.34994742484713E-12	6.55613629492297E-02	1.05896083733309E-10	8.74256981896751E-12	3.60956801993757	8.85347417548222E-13	4.87908642997676E-10	256.550591713195	4.54060501876962E-12	7.55681014785838E-11	76.6842910402884	1E10	1E-30	1E-10	1E10	1E-30	1E-10	1E10	1E-30	1E-10	1E10	1E-30	1E-10	1E10	1E-30	1E-10	1E10	1E-30	1E-10	1E10	1E-30	1E-10	1E10	1E-30	1E-10	1E10	1E-30	1E-10	1E10	1E-30	1E-10	1E10	1E-30	1E-10
2	1E-11	1E10	1E10	1E-30	8.26693580619828E-11	1E10	1E-30	1E10	0.344446284722052	1.88439593252444E-09	1.34994742484713E-12	6.55613629492297E-02	1.05896083733309E-10	8.74256981896751E-12	3.60956801993757	8.85347417548222E-13	4.87908642997676E-10	256.550591713195	4.54060501876962E-12	7.55681014785838E-11	76.6842910402884	1E10	1E-30	1E-10	1E10	1E-30	1E-10	1E10	1E-30	1E-10	1E10	1E-30	1E-10	1E10	1E-30	1E-10	1E10	1E-30	1E-10	1E10	1E-30	1E-10	1E10	1E-30	1E-10	1E10	1E-30	1E-10	1E10	1E-30	1E-10	1E10	1E-30	1E-10
3	1E-11	1E10	1E10	1E-30	8.26693580619828E-11	1E10	1E-30	1E10	0.344446284722052	1.88439593252444E-09	1.34994742484713E-12	6.55613629492297E-02	1.05896083733309E-10	8.74256981896751E-12	3.60956801993757	8.85347417548222E-13	4.87908642997676E-10	256.550591713195	4.54060501876962E-12	7.55681014785838E-11	76.6842910402884	1E10	1E-30	1E-10	1E10	1E-30	1E-10	1E10	1E-30	1E-10	1E10	1E-30	1E-10	1E10	1E-30	1E-10	1E10	1E-30	1E-10	1E10	1E-30	1E-10	1E10	1E-30	1E-10	1E10	1E-30	1E-10	1E10	1E-30	1E-10	1E10	1E-30	1E-10
4	1E-11	1E10	1E10	1E-30	6.46401149372555E-11	1E10	1E-30	1E10	0.234100138810514	6.65534382500493E-11	1E10	2807.09684340181	1E-30	3.12354332868111E-11	0.304461290623304	6.87917445871723E-13	5.2528315243422E-10	265.36277258308	1E10	1E-30	1E-10	1E10	1E-30	1E-10	1E10	1E-30	1E-10	1E10	1E-30	1E-10	1E10	1E-30	1E-10	1E10	1E-30	1E-10	1E10	1E-30	1E-10	1E10	1E-30	1E-10	1E10	1E-30	1E-10	1E10	1E-30	1E-10	1E10	1E-30	1E-10	1E10	1E-30	1E-10
5	1E-11	1E10	1E10	1E-30	6.46401149372555E-11	1E10	1E-30	1E10	0.234100138810514	6.65534382500493E-11	1E10	2807.09684340181	1E-30	3.12354332868111E-11	0.304461290623304	6.87917445871723E-13	5.2528315243422E-10	265.36277258308	1E10	1E-30	1E-10	1E10	1E-30	1E-10	1E10	1E-30	1E-10	1E10	1E-30	1E-10	1E10	1E-30	1E-10	1E10	1E-30	1E-10	1E10	1E-30	1E-10	1E10	1E-30	1E-10	1E10	1E-30	1E-10	1E10	1E-30	1E-10	1E10	1E-30	1E-10	1E10	1E-30	1E-10
6	1E-11	1E10	1E10	1E-30	6.46401149372555E-11	1E10	1E-30	1E10	0.234100138810514	6.65534382500493E-11	1E10	2807.09684340181	1E-30	3.12354332868111E-11	0.304461290623304	6.87917445871723E-13	5.2528315243422E-10	265.36277258308	1E10	1E-30	1E-10	1E10	1E-30	1E-10	1E10	1E-30	1E-10	1E10	1E-30	1E-10	1E10	1E-30	1E-10	1E10	1E-30	1E-10	1E10	1E-30	1E-10	1E10	1E-30	1E-10	1E10	1E-30	1E-10	1E10	1E-30	1E-10	1E10	1E-30	1E-10	1E10	1E-30	1E-10
7	1.2E-11	1E10	1E10	1E-30	9.21935653359652E-12	1E10	1E-30	1E10	0.21740938810451	1.6574627119156E-09	1.67886297097866E-12	8.75742375339014E-02	9.30602119081343E-11	1.36096272462766E-11	4.82010051169198	1.33853569843035E-12	4.50568695547364E-10	298.669017590652	2.82980110639857E-12	1.45442823748372E-10	106.129018816499	1E10	1E-30	1E-10	1E10	1E-30	1E-10	1E10	1E-30	1E-10	1E10	1E-30	1E-10	1E10	1E-30	1E-10	1E10	1E-30	1E-10	1E10	1E-30	1E-10	1E10	1E-30	1E-10	1E10	1E-30	1E-10	1E10	1E-30	1E-10	1E10	1E-30	1E-10
8	1.2E-11	1E10	1E10	1E-30	9.21935653359652E-12	1E10	1E-30	1E10	0.21740938810451	1.6574627119156E-09	1.67886297097866E-12	8.75742375339014E-02	9.30602119081343E-11	1.36096272462766E-11	4.82010051169198	1.33853569843035E-12	4.50568695547364E-10	298.669017590652	2.82980110639857E-12	1.45442823748372E-10	106.129018816499	1E10	1E-30	1E-10	1E10	1E-30	1E-10	1E10	1E-30	1E-10	1E10	1E-30	1E-10	1E10	1E-30	1E-10	1E10	1E-30	1E-10	1E10	1E-30	1E-10	1E10	1E-30	1E-10	1E10	1E-30	1E-10	1E10	1E-30	1E-10	1E10	1E-30	1E-10
9	1.2E-11	1E10	1E10	1E-30	9.21935653359652E-12	1E10	1E-30	1E10	0.21740938810451	1.6574627119156E-09	1.67886297097866E-12	8.75742375339014E-02	9.30602119081343E-11	1.36096272462766E-11	4.82010051169198	1.33853569843035E-12	4.50568695547364E-10	298.669017590652	2.82980110639857E-12	1.45442823748372E-10	106.129018816499	1E10	1E-30	1E-10	1E10	1E-30	1E-10	1E10	1E-30	1E-10	1E10	1E-30	1E-10	1E10	1E-30	1E-10	1E10	1E-30	1E-10	1E10	1E-30	1E-10	1E10	1E-30	1E-10	1E10	1E-30	1E-10	1E10	1E-30	1E-10	1E10	1E-30	1E-10
10	1.2E-11	1E10	1E10	1E-30	6.86476016946641E-11	1E10	1E-30	1E10	0.294529257967688	5.21849974247103E-09	1E10	14.9238964204322	1E-30	1.59833897094195E-11	0.726444051289561	1.14464500018212E-11	5.04275209024137E-11	14.8719356450623	8.42250732068449E-13	4.54028375475466E-10	206.003657520242	1E10	1E-30	1E-10	1E10	1E-30	1E-10	1E10	1E-30	1E-10	1E10	1E-30	1E-10	1E10	1E-30	1E-10	1E10	1E-30	1E-10	1E10	1E-30	1E-10	1E10	1E-30	1E-10	1E10	1E-30	1E-10	1E10	1E-30	1E-10	1E10	1E-30	1E-10
11	1.2E-11	1E10	1E10	1E-30	6.86476016946641E-11	1E10	1E-30	1E10	0.294529257967688	5.21849974247103E-09	1E10	14.9238964204322	1E-30	1.59833897094195E-11	0.726444051289561	1.14464500018212E-11	5.04275209024137E-11	14.8719356450623	8.42250732068449E-13	4.54028375475466E-10	206.003657520242	1E10	1E-30	1E-10	1E10	1E-30	1E-10	1E10	1E-30	1E-10	1E10	1E-30	1E-10	1E10	1E-30	1E-10	1E10	1E-30	1E-10	1E10	1E-30	1E-10	1E10	1E-30	1E-10	1E10	1E-30	1E-10	1E10	1E-30	1E-10	1E10	1E-30	1E-10
12	1.2E-11	1E10	1E10	1E-30	6.86476016946641E-11	1E10	1E-30	1E10	0.294529257967688	5.21849974247103E-09	1E10	14.9238964204322	1E-30	1.59833897094195E-11	0.726444051289561	1.14464500018212E-11	5.04275209024137E-11	14.8719356450623	8.42250732068449E-13	4.54028375475466E-10	206.003657520242	1E10	1E-30	1E-10	1E10	1E-30	1E-10	1E10	1E-30	1E-10	1E10	1E-30	1E-10	1E10	1E-30	1E-10	1E10	1E-30	1E-10	1E10	1E-30	1E-10	1E10	1E-30	1E-10	1E10	1E-30	1E-10	1E10	1E-30	1E-10	1E10	1E-30	1E-10
13	1.5E-11	1E10	1E10	1E-30	4.53019545190004E-12	1E10	1E-30	1E10	0.202879738522258	2.45156700027039E-09	1.10921376502816E-12	0.112817472242916	1.40852330515414E-10	1.18534898043811E-11	3.65642015755623	4.68079375829388E-12	1.57561665353705E-10	59.5923035447406	1.0040513214182E-12	4.09913571927318E-10	463.269969735164	1E10	1E-30	1E-10	1E10	1E-30	1E-10	1E10	1E-30	1E-10	1E10	1E-30	1E-10	1E10	1E-30	1E-10	1E10	1E-30	1E-10	1E10	1E-30	1E-10	1E10	1E-30	1E-10	1E10	1E-30	1E-10	1E10	1E-30	1E-10	1E10	1E-30	1E-10
14	1.5E-11	1E10	1E10	1E-30	4.53019545190004E-12	1E10	1E-30	1E10	0.202879738522258	2.45156700027039E-09	1.10921376502816E-12	0.112817472242916	1.40852330515414E-10	1.18534898043811E-11	3.65642015755623	4.68079375829388E-12	1.57561665353705E-10	59.5923035447406	1.0040513214182E-12	4.09913571927318E-10	463.269969735164	1E10	1E-30	1E-10	1E10	1E-30	1E-10	1E10	1E-30	1E-10	1E10	1E-30	1E-10	1E10	1E-30	1E-10	1E10	1E-30	1E-10	1E10	1E-30	1E-10	1E10	1E-30	1E-10	1E10	1E-30	1E-10	1E10	1E-30	1E-10	1E10	1E-30	1E-10
15	1.5E-11	1E10	1E10	1E-30	4.53019545190004E-12	1E10	1E-30	1E10	0.202879738522258	2.45156700027039E-09	1.10921376502816E-12	0.112817472242916	1.40852330515414E-10	1.18534898043811E-11	3.65642015755623	4.68079375829388E-12	1.57561665353705E-10	59.5923035447406	1.0040513214182E-12	4.09913571927318E-10	463.269969735164	1E10	1E-30	1E-10	1E10	1E-30	1E-10	1E10	1E-30	1E-10	1E10	1E-30	1E-10	1E10	1E-30	1E-10	1E10	1E-30	1E-10	1E10	1E-30	1E-10	1E10	1E-30	1E-10	1E10	1E-30	1E-10	1E10	1E-30	1E-10	1E10	1E-30	1E-10
16	1.5E-11	1E10	1E10	1E-30	1.32605521563121E-10	1E10	1E-30	1E10	0.250190209961242	3.57455402294841E-10	1E10	38.7441401916598	3.12279749719782E-11	3.2945607153189E-11	8.92028126819858	8.86180153365782E-12	8.77445031769148E-11	15.052330231995	2.89107882221247E-12	2.14153960219407E-10	74.3914481850905	4.23695975147178E-12	9.567124092465E-11	37.5145252143275	1E10	1E-30	1E-10	1E10	1E-30	1E-10	1E10	1E-30	1E-10	1E10	1E-30	1E-10	1E10	1E-30	1E-10	1E10	1E-30	1E-10	1E10	1E-30	1E-10	1E10	1E-30	1E-10	1E10	1E-30	1E-10	1E10	1E-30	1E-10
17	1.5E-11	1E10	1E10	1E-30	1.32605521563121E-10	1E10	1E-30	1E10	0.250190209961242	3.57455402294841E-10	1E10	38.7441401916598	3.12279749719782E-11	3.2945607153189E-11	8.92028126819858	8.86180153365782E-12	8.77445031769148E-11	15.052330231995	2.89107882221247E-12	2.14153960219407E-10	74.3914481850905	4.23695975147178E-12	9.567124092465E-11	37.5145252143275	1E10	1E-30	1E-10	1E10	1E-30	1E-10	1E10	1E-30	1E-10	1E10	1E-30	1E-10	1E10	1E-30	1E-10	1E10	1E-30	1E-10	1E10	1E-30	1E-10	1E10	1E-30	1E-10	1E10	1E-30	1E-10	1E10	1E-30	1E-10
18	1.5E-11	1E10	1E10	1E-30	1.32605521563121E-10	1E10	1E-30	1E10	0.250190209961242	3.57455402294841E-10	1E10	38.7441401916598	3.12279749719782E-11	3.2945607153189E-11	8.92028126819858	8.86180153365782E-12	8.77445031769148E-11	15.052330231995	2.89107882221247E-12	2.14153960219407E-10	74.3914481850905	4.23695975147178E-12	9.567124092465E-11	37.5145252143275	1E10	1E-30	1E-10	1E10	1E-30	1E-10	1E10	1E-30	1E-10	1E10	1E-30	1E-10	1E10	1E-30	1E-10	1E10	1E-30	1E-10	1E10	1E-30	1E-10	1E10	1E-30	1E-10	1E10	1E-30	1E-10	1E10	1E-30	1E-10
19	1.8E-11	1E10	1E10	1E-30	3.11497443836202E-11	1E10	1E-30	1E10	0.214103130252407	1.54683420430587E-09	1.7579853451773E-12	0.178803643748469	2.26649405366926E-10	7.59340873155903E-12	1.8325511037446	4.47012333586606E-12	1.50470222253979E-10	47.3358492778473	8.74492143402543E-13	4.70643752109073E-10	422.507233946554	1E10	1E-30	1E-10	1E10	1E-30	1E-10	1E10	1E-30	1E-10	1E10	1E-30	1E-10	1E10	1E-30	1E-10	1E10	1E-30	1E-10	1E10	1E-30	1E-10	1E10	1E-30	1E-10	1E10	1E-30	1E-10	1E10	1E-30	1E-10	1E10	1E-30	1E-10
20	1.8E-11	1E10	1E10	1E-30	3.11497443836202E-11	1E10	1E-30	1E10	0.214103130252407	1.54683420430587E-09	1.7579853451773E-12	0.178803643748469	2.26649405366926E-10	7.59340873155903E-12	1.8325511037446	4.47012333586606E-12	1.50470222253979E-10	47.3358492778473	8.74492143402543E-13	4.70643752109073E-10	422.507233946554	1E10	1E-30	1E-10	1E10	1E-30	1E-10	1E10	1E-30	1E-10	1E10	1E-30	1E-10	1E10	1E-30	1E-10	1E10	1E-30	1E-10	1E10	1E-30	1E-10	1E10	1E-30	1E-10	1E10	1E-30	1E-10	1E10	1E-30	1E-10	1E10	1E-30	1E-10
21	1.8E-11	1E10	1E10	1E-30	3.11497443836202E-11	1E10	1E-30	1E10	0.214103130252407	1.54683420430587E-09	1.7579853451773E-12	0.178803643748469	2.26649405366926E-10	7.59340873155903E-12	1.8325511037446	4.47012333586606E-12	1.50470222253979E-10	47.3358492778473	8.74492143402543E-13	4.70643752109073E-10	422.507233946554	1E10	1E-30	1E-10	1E10	1E-30	1E-10	1E10	1E-30	1E-10	1E10	1E-30	1E-10	1E10	1E-30	1E-10	1E10	1E-30	1E-10	1E10	1E-30	1E-10	1E10	1E-30	1E-10	1E10	1E-30	1E-10	1E10	1E-30	1E-10	1E10	1E-30	1E-10
22	1.8E-11	1E10	1E10	1E-30	1.01870701341279E-10	1E10	1E-30	1E10	0.24227144050757	2.77990671156372E-06	1E10	106.511786840321	2.08142079474975E-10	5.6198675098152E-12	2.42075113835625	4.09064719038601E-12	1.27851403403369E-10	55.804720700836	9.28254279073471E-13	3.30605152361358E-10	96.1293474911971	1E10	1E-30	1E-10	1E10	1E-30	1E-10	1E10	1E-30	1E-10	1E10	1E-30	1E-10	1E10	1E-30	1E-10	1E10	1E-30	1E-10	1E10	1E-30	1E-10	1E10	1E-30	1E-10	1E10	1E-30	1E-10	1E10	1E-30	1E-10	1E10	1E-30	1E-10
23	1.8E-11	1E10	1E10	1E-30	1.01870701341279E-10	1E10	1E-30	1E10	0.24227144050757	2.77990671156372E-06	1E10	106.511786840321	2.08142079474975E-10	5.6198675098152E-12	2.42075113835625	4.09064719038601E-12	1.27851403403369E-10	55.804720700836	9.28254279073471E-13	3.30605152361358E-10	96.1293474911971	1E10	1E-30	1E-10	1E10	1E-30	1E-10	1E10	1E-30	1E-10	1E10	1E-30	1E-10	1E10	1E-30	1E-10	1E10	1E-30	1E-10	1E10	1E-30	1E-10	1E10	1E-30	1E-10	1E10	1E-30	1E-10	1E10	1E-30	1E-10	1E10	1E-30	1E-10
24	1.8E-11	1E10	1E10	1E-30	1.01870701341279E-10	1E10	1E-30	1E10	0.24227144050757	2.77990671156372E-06	1E10	106.511786840321	2.08142079474975E-10	5.6198675098152E-12	2.42075113835625	4.09064719038601E-12	1.27851403403369E-10	55.804720700836	9.28254279073471E-13	3.30605152361358E-10	96.1293474911971	1E10	1E-30	1E-10	1E10	1E-30	1E-10	1E10	1E-30	1E-10	1E10	1E-30	1E-10	1E10	1E-30	1E-10	1E10	1E-30	1E-10	1E10	1E-30	1E-10	1E10	1E-30	1E-10	1E10	1E-30	1E-10	1E10	1E-30	1E-10	1E10	1E-30	1E-10
25	2.19999999999999E-11	1E10	1E10	1E-30	1.07305647872238E-11	1E10	1E-30	1E10	0.211093242456472	2.16448501751582E-10	1.04818219277422E-11	1.39013217239563	1.09728516067621E-11	8.46156241839891E-11	17.9965879612658	8.16123553843602E-13	5.04303866274334E-10	320.504512959464	1E10	1E-30	1E-10	1E10	1E-30	1E-10	1E10	1E-30	1E-10	1E10	1E-30	1E-10	1E10	1E-30	1E-10	1E10	1E-30	1E-10	1E10	1E-30	1E-10	1E10	1E-30	1E-10	1E10	1E-30	1E-10	1E10	1E-30	1E-10	1E10	1E-30	1E-10	1E10	1E-30	1E-10
26	2.19999999999999E-11	1E10	1E10	1E-30	1.07305647872238E-11	1E10	1E-30	1E10	0.211093242456472	2.16448501751582E-10	1.04818219277422E-11	1.39013217239563	1.09728516067621E-11	8.46156241839891E-11	17.9965879612658	8.16123553843602E-13	5.04303866274334E-10	320.504512959464	1E10	1E-30	1E-10	1E10	1E-30	1E-10	1E10	1E-30	1E-10	1E10	1E-30	1E-10	1E10	1E-30	1E-10	1E10	1E-30	1E-10	1E10	1E-30	1E-10	1E10	1E-30	1E-10	1E10	1E-30	1E-10	1E10	1E-30	1E-10	1E10	1E-30	1E-10	1E10	1E-30	1E-10
27	2.19999999999999E-11	1E10	1E10	1E-30	1.07305647872238E-11	1E10	1E-30	1E10	0.211093242456472	2.16448501751582E-10	1.04818219277422E-11	1.39013217239563	1.09728516067621E-11	8.46156241839891E-11	17.9965879612658	8.16123553843602E-13	5.04303866274334E-10	320.504512959464	1E10	1E-30	1E-10	1E10	1E-30	1E-10	1E10	1E-30	1E-10	1E10	1E-30	1E-10	1E10	1E-30	1E-10	1E10	1E-30	1E-10	1E10	1E-30	1E-10	1E10	1E-30	1E-10	1E10	1E-30	1E-10	1E10	1E-30	1E-10	1E10	1E-30	1E-10	1E10	1E-30	1E-10
28	2.2E-11	1E10	1E10	1E-30	1.62270444568459E-15	1E10	1E-30	1E10	0.217706013520473	3.06333431162362E-09	1E10	4.84432751436285	1.42221252196292E-10	1.1218731941319E-11	2.65040774242651	7.69002090938089E-12	8.58447918933534E-11	26.8308032455426	5.7637356910938E-12	8.15305969427829E-11	10.5219271839725	8.09854992445649E-13	3.77046703443157E-10	471.00009437804	1E10	1E-30	1E-10	1E10	1E-30	1E-10	1E10	1E-30	1E-10	1E10	1E-30	1E-10	1E10	1E-30	1E-10	1E10	1E-30	1E-10	1E10	1E-30	1E-10	1E10	1E-30	1E-10	1E10	1E-30	1E-10	1E10	1E-30	1E-10
29	2.2E-11	1E10	1E10	1E-30	1.62270444568459E-15	1E10	1E-30	1E10	0.217706013520473	3.06333431162362E-09	1E10	4.84432751436285	1.42221252196292E-10	1.1218731941319E-11	2.65040774242651	7.69002090938089E-12	8.58447918933534E-11	26.8308032455426	5.7637356910938E-12	8.15305969427829E-11	10.5219271839725	8.09854992445649E-13	3.77046703443157E-10	471.00009437804	1E10	1E-30	1E-10	1E10	1E-30	1E-10	1E10	1E-30	1E-10	1E10	1E-30	1E-10	1E10	1E-30	1E-10	1E10	1E-30	1E-10	1E10	1E-30	1E-10	1E10	1E-30	1E-10	1E10	1E-30	1E-10	1E10	1E-30	1E-10
30	2.2E-11	1E10	1E10	1E-30	1.62270444568459E-15	1E10	1E-30	1E10	0.217706013520473	3.06333431162362E-09	1E10	4.84432751436285	1.42221252196292E-10	1.1218731941319E-11	2.65040774242651	7.69002090938089E-12	8.58447918933534E-11	26.8308032455426	5.7637356910938E-12	8.15305969427829E-11	10.5219271839725	8.09854992445649E-13	3.77046703443157E-10	471.00009437804	1E10	1E-30	1E-10	1E10	1E-30	1E-10	1E10	1E-30	1E-10	1E10	1E-30	1E-10	1E10	1E-30	1E-10	1E10	1E-30	1E-10	1E10	1E-30	1E-10	1E10	1E-30	1E-10	1E10	1E-30	1E-10	1E10	1E-30	1E-10
31	2.7E-11	1E10	1E10	1E-30	1.0767013398265E-10	1E10	1E-30	1E10	0.191430709383198	2.72492519199841E-10	1.14930891996249E-11	1.91891657649316	2.04324058294622E-11	6.27264287816607E-11	11.096606187477	9.58861567939408E-13	4.2923220339861E-10	172.121114339394	1E10	1E-30	1E-10	1E10	1E-30	1E-10	1E10	1E-30	1E-10	1E10	1E-30	1E-10	1E10	1E-30	1E-10	1E10	1E-30	1E-10	1E10	1E-30	1E-10	1E10	1E-30	1E-10	1E10	1E-30	1E-10	1E10	1E-30	1E-10	1E10	1E-30	1E-10	1E10	1E-30	1E-10
32	2.7E-11	1E10	1E10	1E-30	1.0767013398265E-10	1E10	1E-30	1E10	0.191430709383198	2.72492519199841E-10	1.14930891996249E-11	1.91891657649316	2.04324058294622E-11	6.27264287816607E-11	11.096606187477	9.58861567939408E-13	4.2923220339861E-10	172.121114339394	1E10	1E-30	1E-10	1E10	1E-30	1E-10	1E10	1E-30	1E-10	1E10	1E-30	1E-10	1E10	1E-30	1E-10	1E10	1E-30	1E-10	1E10	1E-30	1E-10	1E10	1E-30	1E-10	1E10	1E-30	1E-10	1E10	1E-30	1E-10	1E10	1E-30	1E-10	1E10	1E-30	1E-10
33	2.7E-11	1E10	1E10	1E-30	1.0767013398265E-10	1E10	1E-30	1E10	0.191430709383198	2.72492519199841E-10	1.14930891996249E-11	1.91891657649316	2.04324058294622E-11	6.27264287816607E-11	11.096606187477	9.58861567939408E-13	4.2923220339861E-10	172.121114339394	1E10	1E-30	1E-10	1E10	1E-30	1E-10	1E10	1E-30	1E-10	1E10	1E-30	1E-10	1E10	1E-30	1E-10	1E10	1E-30	1E-10	1E10	1E-30	1E-10	1E10	1E-30	1E-10	1E10	1E-30	1E-10	1E10	1E-30	1E-10	1E10	1E-30	1E-10	1E10	1E-30	1E-10
34	2.7E-11	1E10	1E10	1E-30	1.21124016583446E-12	1E10	1E-30	1E10	0.201303842307236	5.67451821553825E-09	1E10	2.61516381264845	6.47997999223488E-13	6.34043421102149E-10	131.174021930183	1E10	1E-30	1E-10	1E10	1E-30	1E-10	1E10	1E-30	1E-10	1E10	1E-30	1E-10	1E10	1E-30	1E-10	1E10	1E-30	1E-10	1E10	1E-30	1E-10	1E10	1E-30	1E-10	1E10	1E-30	1E-10	1E10	1E-30	1E-10	1E10	1E-30	1E-10	1E10	1E-30	1E-10	1E10	1E-30	1E-10
35	2.7E-11	1E10	1E10	1E-30	1.21124016583446E-12	1E10	1E-30	1E10	0.201303842307236	5.67451821553825E-09	1E10	2.61516381264845	6.47997999223488E-13	6.34043421102149E-10	131.174021930183	1E10	1E-30	1E-10	1E10	1E-30	1E-10	1E10	1E-30	1E-10	1E10	1E-30	1E-10	1E10	1E-30	1E-10	1E10	1E-30	1E-10	1E10	1E-30	1E-10	1E10	1E-30	1E-10	1E10	1E-30	1E-10	1E10	1E-30	1E-10	1E10	1E-30	1E-10	1E10	1E-30	1E-10	1E10	1E-30	1E-10
36	2.7E-11	1E10	1E10	1E-30	1.21124016583446E-12	1E10	1E-30	1E10	0.201303842307236	5.67451821553825E-09	1E10	2.61516381264845	6.47997999223488E-13	6.34043421102149E-10	131.174021930183	1E10	1E-30	1E-10	1E10	1E-30	1E-10	1E10	1E-30	1E-10	1E10	1E-30	1E-10	1E10	1E-30	1E-10	1E10	1E-30	1E-10	1E10	1E-30	1E-10	1E10	1E-30	1E-10	1E10	1E-30	1E-10	1E10	1E-30	1E-10	1E10	1E-30	1E-10	1E10	1E-30	1E-10	1E10	1E-30	1E-10
37	3.3E-11	1E10	1E10	1E-30	6.35315732728342E-11	1E10	1E-30	1E10	0.171275441140187	3.12863272750106E-10	1.3195831986736E-11	1.91891657649316	3.31374820875573E-11	5.59049884974346E-11	8.22602781045986	8.74492143402543E-13	4.49461293921475E-10	184.43109685367	1E10	1E-30	1E-10	1E10	1E-30	1E-10	1E10	1E-30	1E-10	1E10	1E-30	1E-10	1E10	1E-30	1E-10	1E10	1E-30	1E-10	1E10	1E-30	1E-10	1E10	1E-30	1E-10	1E10	1E-30	1E-10	1E10	1E-30	1E-10	1E10	1E-30	1E-10	1E10	1E-30	1E-10
38	3.3E-11	1E10	1E10	1E-30	6.35315732728342E-11	1E10	1E-30	1E10	0.171275441140187	3.12863272750106E-10	1.3195831986736E-11	1.91891657649316	3.31374820875573E-11	5.59049884974346E-11	8.22602781045986	8.74492143402543E-13	4.49461293921475E-10	184.43109685367	1E10	1E-30	1E-10	1E10	1E-30	1E-10	1E10	1E-30	1E-10	1E10	1E-30	1E-10	1E10	1E-30	1E-10	1E10	1E-30	1E-10	1E10	1E-30	1E-10	1E10	1E-30	1E-10	1E10	1E-30	1E-10	1E10	1E-30	1E-10	1E10	1E-30	1E-10	1E10	1E-30	1E-10
39	3.3E-11	1E10	1E10	1E-30	6.35315732728342E-11	1E10	1E-30	1E10	0.171275441140187	3.12863272750106E-10	1.3195831986736E-11	1.91891657649316	3.31374820875573E-11	5.59049884974346E-11	8.22602781045986	8.74492143402543E-13	4.49461293921475E-10	184.43109685367	1E10	1E-30	1E-10	1E10	1E-30	1E-10	1E10	1E-30	1E-10	1E10	1E-30	1E-10	1E10	1E-30	1E-10	1E10	1E-30	1E-10	1E10	1E-30	1E-10	1E10	1E-30	1E-10	1E10	1E-30	1E-10	1E10	1E-30	1E-10	1E10	1E-30	1E-10	1E10	1E-30	1E-10
40	3.3E-11	1E10	1E10	1E-30	1.67501637875724E-10	1E10	1E-30	1E10	0.213606526424978	1.92863947506036E-08	1E10	4.13589095721668	1E-30	2.88293775834573E-11	1.4217413489623	2.16006244664218E-12	1.99325580304002E-10	48.1446867401995	1.16085816273462E-12	2.8734213888607E-10	114.256237389709	1E10	1E-30	1E-10	1E10	1E-30	1E-10	1E10	1E-30	1E-10	1E10	1E-30	1E-10	1E10	1E-30	1E-10	1E10	1E-30	1E-10	1E10	1E-30	1E-10	1E10	1E-30	1E-10	1E10	1E-30	1E-10	1E10	1E-30	1E-10	1E10	1E-30	1E-10
41	3.3E-11	1E10	1E10	1E-30	1.67501637875724E-10	1E10	1E-30	1E10	0.213606526424978	1.92863947506036E-08	1E10	4.13589095721668	1E-30	2.88293775834573E-11	1.4217413489623	2.16006244664218E-12	1.99325580304002E-10	48.1446867401995	1.16085816273462E-12	2.8734213888607E-10	114.256237389709	1E10	1E-30	1E-10	1E10	1E-30	1E-10	1E10	1E-30	1E-10	1E10	1E-30	1E-10	1E10	1E-30	1E-10	1E10	1E-30	1E-10	1E10	1E-30	1E-10	1E10	1E-30	1E-10	1E10	1E-30	1E-10	1E10	1E-30	1E-10	1E10	1E-30	1E-10
42	3.3E-11	1E10	1E10	1E-30	1.67501637875724E-10	1E10	1E-30	1E10	0.213606526424978	1.92863947506036E-08	1E10	4.13589095721668	1E-30	2.88293775834573E-11	1.4217413489623	2.16006244664218E-12	1.99325580304002E-10	48.1446867401995	1.16085816273462E-12	2.8734213888607E-10	114.256237389709	1E10	1E-30	1E-10	1E10	1E-30	1E-10	1E10	1E-30	1E-10	1E10	1E-30	1E-10	1E10	1E-30	1E-10	1E10	1E-30	1E-10	1E10	1E-30	1E-10	1E10	1E-30	1E-10	1E10	1E-30	1E-10	1E10	1E-30	1E-10	1E10	1E-30	1E-10
43	3.89999999999999E-11	1E10	1E10	1E-30	7.47112370875121E-11	1E10	1E-30	1E10	0.173091717506077	5.69317566050899E-10	6.61358252884251E-12	0.79993757017371	3.23831809047175E-11	4.33960861262938E-11	7.33145500318663	6.94633800549195E-13	5.65838244535633E-10	232.184994554157	1E10	1E-30	1E-10	1E10	1E-30	1E-10	1E10	1E-30	1E-10	1E10	1E-30	1E-10	1E10	1E-30	1E-10	1E10	1E-30	1E-10	1E10	1E-30	1E-10	1E10	1E-30	1E-10	1E10	1E-30	1E-10	1E10	1E-30	1E-10	1E10	1E-30	1E-10	1E10	1E-30	1E-10
44	3.89999999999999E-11	1E10	1E10	1E-30	7.47112370875121E-11	1E10	1E-30	1E10	0.173091717506077	5.69317566050899E-10	6.61358252884251E-12	0.79993757017371	3.23831809047175E-11	4.33960861262938E-11	7.33145500318663	6.94633800549195E-13	5.65838244535633E-10	232.184994554157	1E10	1E-30	1E-10	1E10	1E-30	1E-10	1E10	1E-30	1E-10	1E10	1E-30	1E-10	1E10	1E-30	1E-10	1E10	1E-30	1E-10	1E10	1E-30	1E-10	1E10	1E-30	1E-10	1E10	1E-30	1E-10	1E10	1E-30	1E-10	1E10	1E-30	1E-10	1E10	1E-30	1E-10
45	3.89999999999999E-11	1E10	1E10	1E-30	7.47112370875121E-11	1E10	1E-30	1E10	0.173091717506077	5.69317566050899E-10	6.61358252884251E-12	0.79993757017371	3.23831809047175E-11	4.33960861262938E-11	7.33145500318663	6.94633800549195E-13	5.65838244535633E-10	232.184994554157	1E10	1E-30	1E-10	1E10	1E-30	1E-10	1E10	1E-30	1E-10	1E10	1E-30	1E-10	1E10	1E-30	1E-10	1E10	1E-30	1E-10	1E10	1E-30	1E-10	1E10	1E-30	1E-10	1E10	1E-30	1E-10	1E10	1E-30	1E-10	1E10	1E-30	1E-10	1E10	1E-30	1E-10
46	3.9E-11	1E10	1E10	1E-30	1.53443981463072E-10	1E10	1E-30	1E10	0.207951869393162	1.17862728213644E-08	1E10	1.2590744263607	1E-30	8.25614053423433E-12	0.11134029784971	2.62197909248779E-11	2.2004087567427E-11	7.4025804129739	7.74163480658722E-13	4.35745613525057E-10	158.024204583315	1E10	1E-30	1E-10	1E10	1E-30	1E-10	1E10	1E-30	1E-10	1E10	1E-30	1E-10	1E10	1E-30	1E-10	1E10	1E-30	1E-10	1E10	1E-30	1E-10	1E10	1E-30	1E-10	1E10	1E-30	1E-10	1E10	1E-30	1E-10	1E10	1E-30	1E-10
47	3.9E-11	1E10	1E10	1E-30	1.53443981463072E-10	1E10	1E-30	1E10	0.207951869393162	1.17862728213644E-08	1E10	1.2590744263607	1E-30	8.25614053423433E-12	0.11134029784971	2.62197909248779E-11	2.2004087567427E-11	7.4025804129739	7.74163480658722E-13	4.35745613525057E-10	158.024204583315	1E10	1E-30	1E-10	1E10	1E-30	1E-10	1E10	1E-30	1E-10	1E10	1E-30	1E-10	1E10	1E-30	1E-10	1E10	1E-30	1E-10	1E10	1E-30	1E-10	1E10	1E-30	1E-10	1E10	1E-30	1E-10	1E10	1E-30	1E-10	1E10	1E-30	1E-10
48	3.9E-11	1E10	1E10	1E-30	1.53443981463072E-10	1E10	1E-30	1E10	0.207951869393162	1.17862728213644E-08	1E10	1.2590744263607	1E-30	8.25614053423433E-12	0.11134029784971	2.62197909248779E-11	2.2004087567427E-11	7.4025804129739	7.74163480658722E-13	4.35745613525057E-10	158.024204583315	1E10	1E-30	1E-10	1E10	1E-30	1E-10	1E10	1E-30	1E-10	1E10	1E-30	1E-10	1E10	1E-30	1E-10	1E10	1E-30	1E-10	1E10	1E-30	1E-10	1E10	1E-30	1E-10	1E10	1E-30	1E-10	1E10	1E-30	1E-10	1E10	1E-30	1E-10
49	4.7E-11	1E10	1E10	1E-30	3.86344793593448E-10	1E10	1E-30	1E10	0.184554875199199	7.00413622187336E-10	7.0865813564369E-12	0.74654517773371	4.68079375829388E-11	4.14429405129583E-11	4.02893418909903	1.29346866469389E-12	2.64662431253574E-10	58.3222337420712	1E10	1E-30	1E-10	1E10	1E-30	1E-10	1E10	1E-30	1E-10	1E10	1E-30	1E-10	1E10	1E-30	1E-10	1E10	1E-30	1E-10	1E10	1E-30	1E-10	1E10	1E-30	1E-10	1E10	1E-30	1E-10	1E10	1E-30	1E-10	1E10	1E-30	1E-10	1E10	1E-30	1E-10
50	4.7E-11	1E10	1E10	1E-30	3.86344793593448E-10	1E10	1E-30	1E10	0.184554875199199	7.00413622187336E-10	7.0865813564369E-12	0.74654517773371	4.68079375829388E-11	4.14429405129583E-11	4.02893418909903	1.29346866469389E-12	2.64662431253574E-10	58.3222337420712	1E10	1E-30	1E-10	1E10	1E-30	1E-10	1E10	1E-30	1E-10	1E10	1E-30	1E-10	1E10	1E-30	1E-10	1E10	1E-30	1E-10	1E10	1E-30	1E-10	1E10	1E-30	1E-10	1E10	1E-30	1E-10	1E10	1E-30	1E-10	1E10	1E-30	1E-10	1E10	1E-30	1E-10
51	4.7E-11	1E10	1E10	1E-30	3.86344793593448E-10	1E10	1E-30	1E10	0.184554875199199	7.00413622187336E-10	7.0865813564369E-12	0.74654517773371	4.68079375829388E-11	4.14429405129583E-11	4.02893418909903	1.29346866469389E-12	2.64662431253574E-10	58.3222337420712	1E10	1E-30	1E-10	1E10	1E-30	1E-10	1E10	1E-30	1E-10	1E10	1E-30	1E-10	1E10	1E-30	1E-10	1E10	1E-30	1E-10	1E10	1E-30	1E-10	1E10	1E-30	1E-10	1E10	1E-30	1E-10	1E10	1E-30	1E-10	1E10	1E-30	1E-10	1E10	1E-30	1E-10
52	4.7E-11	1E10	1E10	1E-30	3.30675963514048E-11	1E10	1E-30	1E10	0.185179081684613	2.35997141215107E-08	1E10	0.628812476925891	6.01953266204661E-10	4.16927087396246E-12	0.488341415116899	2.16145832966123E-11	4.02963678653688E-11	8.23146109566342	7.25791917166041E-13	5.42071627309986E-10	202.648860616512	1E10	1E-30	1E-10	1E10	1E-30	1E-10	1E10	1E-30	1E-10	1E10	1E-30	1E-10	1E10	1E-30	1E-10	1E10	1E-30	1E-10	1E10	1E-30	1E-10	1E10	1E-30	1E-10	1E10	1E-30	1E-10	1E10	1E-30	1E-10	1E10	1E-30	1E-10
53	4.7E-11	1E10	1E10	1E-30	3.30675963514048E-11	1E10	1E-30	1E10	0.185179081684613	2.35997141215107E-08	1E10	0.628812476925891	6.01953266204661E-10	4.16927087396246E-12	0.488341415116899	2.16145832966123E-11	4.02963678653688E-11	8.23146109566342	7.25791917166041E-13	5.42071627309986E-10	202.648860616512	1E10	1E-30	1E-10	1E10	1E-30	1E-10	1E10	1E-30	1E-10	1E10	1E-30	1E-10	1E10	1E-30	1E-10	1E10	1E-30	1E-10	1E10	1E-30	1E-10	1E10	1E-30	1E-10	1E10	1E-30	1E-10	1E10	1E-30	1E-10	1E10	1E-30	1E-10
54	4.7E-11	1E10	1E10	1E-30	3.30675963514048E-11	1E10	1E-30	1E10	0.185179081684613	2.35997141215107E-08	1E10	0.628812476925891	6.01953266204661E-10	4.16927087396246E-12	0.488341415116899	2.16145832966123E-11	4.02963678653688E-11	8.23146109566342	7.25791917166041E-13	5.42071627309986E-10	202.648860616512	1E10	1E-30	1E-10	1E10	1E-30	1E-10	1E10	1E-30	1E-10	1E10	1E-30	1E-10	1E10	1E-30	1E-10	1E10	1E-30	1E-10	1E10	1E-30	1E-10	1E10	1E-30	1E-10	1E10	1E-30	1E-10	1E10	1E-30	1E-10	1E10	1E-30	1E-10
55	5.59999999999999E-11	1E10	1E10	1E-30	1.02864254874851E-10	1E10	1E-30	1E10	0.183075469856206	1.39750890524124E-09	3.4708574501141E-12	0.374158912406138	3.89331466815236E-11	4.14429405129583E-11	4.52053851133723	7.10813900303339E-13	5.92505379432267E-10	232.184994554157	1E10	1E-30	1E-10	1E10	1E-30	1E-10	1E10	1E-30	1E-10	1E10	1E-30	1E-10	1E10	1E-30	1E-10	1E10	1E-30	1E-10	1E10	1E-30	1E-10	1E10	1E-30	1E-10	1E10	1E-30	1E-10	1E10	1E-30	1E-10	1E10	1E-30	1E-10	1E10	1E-30	1E-10
56	5.59999999999999E-11	1E10	1E10	1E-30	1.02864254874851E-10	1E10	1E-30	1E10	0.183075469856206	1.39750890524124E-09	3.4708574501141E-12	0.374158912406138	3.89331466815236E-11	4.14429405129583E-11	4.52053851133723	7.10813900303339E-13	5.92505379432267E-10	232.184994554157	1E10	1E-30	1E-10	1E10	1E-30	1E-10	1E10	1E-30	1E-10	1E10	1E-30	1E-10	1E10	1E-30	1E-10	1E10	1E-30	1E-10	1E10	1E-30	1E-10	1E10	1E-30	1E-10	1E10	1E-30	1E-10	1E10	1E-30	1E-10	1E10	1E-30	1E-10	1E10	1E-30	1E-10
57	5.59999999999999E-11	1E10	1E10	1E-30	1.02864254874851E-10	1E10	1E-30	1E10	0.183075469856206	1.39750890524124E-09	3.4708574501141E-12	0.374158912406138	3.89331466815236E-11	4.14429405129583E-11	4.52053851133723	7.10813900303339E-13	5.92505379432267E-10	232.184994554157	1E10	1E-30	1E-10	1E10	1E-30	1E-10	1E10	1E-30	1E-10	1E10	1E-30	1E-10	1E10	1E-30	1E-10	1E10	1E-30	1E-10	1E10	1E-30	1E-10	1E10	1E-30	1E-10	1E10	1E-30	1E-10	1E10	1E-30	1E-10	1E10	1E-30	1E-10	1E10	1E-30	1E-10
58	5.6E-11	1E10	1E10	1E-30	7.28026155644636E-15	1E10	1E-30	1E10	2.71976855209624E-02	1.14086451934257E-08	1E10	1.18629805581598	1E-30	3.93039136949567E-11	2.65989921941701	1E-30	2.5917818041361E-10	0.142713747228238	5.22586329677945E-10	6.70750809607798E-12	0.553197575715661	3.02073616003989E-11	3.84093197885053E-11	5.41983897358455	8.46788241131794E-13	5.18315586428819E-10	395.831399644943	1E10	1E-30	1E-10	1E10	1E-30	1E-10	1E10	1E-30	1E-10	1E10	1E-30	1E-10	1E10	1E-30	1E-10	1E10	1E-30	1E-10	1E10	1E-30	1E-10	1E10	1E-30	1E-10	1E10	1E-30	1E-10
59	5.6E-11	1E10	1E10	1E-30	7.28026155644636E-15	1E10	1E-30	1E10	2.71976855209624E-02	1.14086451934257E-08	1E10	1.18629805581598	1E-30	3.93039136949567E-11	2.65989921941701	1E-30	2.5917818041361E-10	0.142713747228238	5.22586329677945E-10	6.70750809607798E-12	0.553197575715661	3.02073616003989E-11	3.84093197885053E-11	5.41983897358455	8.46788241131794E-13	5.18315586428819E-10	395.831399644943	1E10	1E-30	1E-10	1E10	1E-30	1E-10	1E10	1E-30	1E-10	1E10	1E-30	1E-10	1E10	1E-30	1E-10	1E10	1E-30	1E-10	1E10	1E-30	1E-10	1E10	1E-30	1E-10	1E10	1E-30	1E-10
60	5.6E-11	1E10	1E10	1E-30	7.28026155644636E-15	1E10	1E-30	1E10	2.71976855209624E-02	1.14086451934257E-08	1E10	1.18629805581598	1E-30	3.93039136949567E-11	2.65989921941701	1E-30	2.5917818041361E-10	0.142713747228238	5.22586329677945E-10	6.70750809607798E-12	0.553197575715661	3.02073616003989E-11	3.84093197885053E-11	5.41983897358455	8.46788241131794E-13	5.18315586428819E-10	395.831399644943	1E10	1E-30	1E-10	1E10	1E-30	1E-10	1E10	1E-30	1E-10	1E10	1E-30	1E-10	1E10	1E-30	1E-10	1E10	1E-30	1E-10	1E10	1E-30	1E-10	1E10	1E-30	1E-10	1E10	1E-30	1E-10
61	6.8E-11	1E10	1E10	1E-30	6.55019034206477E-11	1E10	1E-30	1E10	0.191125854079206	2.02001495160729E-09	3.16545961636328E-12	0.297204988397925	7.76818403767998E-11	3.14376853163986E-11	2.78734145181288	7.27370882996157E-13	6.06306602661689E-10	221.734948384647	1E10	1E-30	1E-10	1E10	1E-30	1E-10	1E10	1E-30	1E-10	1E10	1E-30	1E-10	1E10	1E-30	1E-10	1E10	1E-30	1E-10	1E10	1E-30	1E-10	1E10	1E-30	1E-10	1E10	1E-30	1E-10	1E10	1E-30	1E-10	1E10	1E-30	1E-10	1E10	1E-30	1E-10
62	6.8E-11	1E10	1E10	1E-30	6.55019034206477E-11	1E10	1E-30	1E10	0.191125854079206	2.02001495160729E-09	3.16545961636328E-12	0.297204988397925	7.76818403767998E-11	3.14376853163986E-11	2.78734145181288	7.27370882996157E-13	6.06306602661689E-10	221.734948384647	1E10	1E-30	1E-10	1E10	1E-30	1E-10	1E10	1E-30	1E-10	1E10	1E-30	1E-10	1E10	1E-30	1E-10	1E10	1E-30	1E-10	1E10	1E-30	1E-10	1E10	1E-30	1E-10	1E10	1E-30	1E-10	1E10	1E-30	1E-10	1E10	1E-30	1E-10	1E10	1E-30	1E-10
63	6.8E-11	1E10	1E10	1E-30	6.55019034206477E-11	1E10	1E-30	1E10	0.191125854079206	2.02001495160729E-09	3.16545961636328E-12	0.297204988397925	7.76818403767998E-11	3.14376853163986E-11	2.78734145181288	7.27370882996157E-13	6.06306602661689E-10	221.734948384647	1E10	1E-30	1E-10	1E10	1E-30	1E-10	1E10	1E-30	1E-10	1E10	1E-30	1E-10	1E10	1E-30	1E-10	1E10	1E-30	1E-10	1E10	1E-30	1E-10	1E10	1E-30	1E-10	1E10	1E-30	1E-10	1E10	1E-30	1E-10	1E10	1E-30	1E-10	1E10	1E-30	1E-10
64	6.8E-11	1E10	1E10	1E-30	3.77434902213323E-10	1E10	1E-30	1E10	0.130797378717885	1E-30	1.74346367957846E-11	0.42330167282165	6.48425703360291E-10	7.55451912370767E-12	0.806496972071029	5.45286718487214E-11	3.01530075029101E-11	3.69002897218508	2.02194482834895E-12	1.74160360703736E-10	32.2963222679202	1E10	1E-30	1E-10	1E10	1E-30	1E-10	1E10	1E-30	1E-10	1E10	1E-30	1E-10	1E10	1E-30	1E-10	1E10	1E-30	1E-10	1E10	1E-30	1E-10	1E10	1E-30	1E-10	1E10	1E-30	1E-10	1E10	1E-30	1E-10	1E10	1E-30	1E-10
65	6.8E-11	1E10	1E10	1E-30	3.77434902213323E-10	1E10	1E-30	1E10	0.130797378717885	1E-30	1.74346367957846E-11	0.42330167282165	6.48425703360291E-10	7.55451912370767E-12	0.806496972071029	5.45286718487214E-11	3.01530075029101E-11	3.69002897218508	2.02194482834895E-12	1.74160360703736E-10	32.2963222679202	1E10	1E-30	1E-10	1E10	1E-30	1E-10	1E10	1E-30	1E-10	1E10	1E-30	1E-10	1E10	1E-30	1E-10	1E10	1E-30	1E-10	1E10	1E-30	1E-10	1E10	1E-30	1E-10	1E10	1E-30	1E-10	1E10	1E-30	1E-10	1E10	1E-30	1E-10
66	6.8E-11	1E10	1E10	1E-30	3.77434902213323E-10	1E10	1E-30	1E10	0.130797378717885	1E-30	1.74346367957846E-11	0.42330167282165	6.48425703360291E-10	7.55451912370767E-12	0.806496972071029	5.45286718487214E-11	3.01530075029101E-11	3.69002897218508	2.02194482834895E-12	1.74160360703736E-10	32.2963222679202	1E10	1E-30	1E-10	1E10	1E-30	1E-10	1E10	1E-30	1E-10	1E10	1E-30	1E-10	1E10	1E-30	1E-10	1E10	1E-30	1E-10	1E10	1E-30	1E-10	1E10	1E-30	1E-10	1E10	1E-30	1E-10	1E10	1E-30	1E-10	1E10	1E-30	1E-10
67	8.2E-11	1E10	1E10	1E-30	2.2143133131934E-10	1E10	1E-30	1E10	0.16327190654696	1.18947298797738E-09	7.42056164641034E-12	0.620949232330304	7.59135858085567E-11	4.44069108254485E-11	3.35112149464949	1.15280516085503E-12	3.82553603956226E-10	139.905294211229	1E10	1E-30	1E-10	1E10	1E-30	1E-10	1E10	1E-30	1E-10	1E10	1E-30	1E-10	1E10	1E-30	1E-10	1E10	1E-30	1E-10	1E10	1E-30	1E-10	1E10	1E-30	1E-10	1E10	1E-30	1E-10	1E10	1E-30	1E-10	1E10	1E-30	1E-10	1E10	1E-30	1E-10
68	8.2E-11	1E10	1E10	1E-30	2.2143133131934E-10	1E10	1E-30	1E10	0.16327190654696	1.18947298797738E-09	7.42056164641034E-12	0.620949232330304	7.59135858085567E-11	4.44069108254485E-11	3.35112149464949	1.15280516085503E-12	3.82553603956226E-10	139.905294211229	1E10	1E-30	1E-10	1E10	1E-30	1E-10	1E10	1E-30	1E-10	1E10	1E-30	1E-10	1E10	1E-30	1E-10	1E10	1E-30	1E-10	1E10	1E-30	1E-10	1E10	1E-30	1E-10	1E10	1E-30	1E-10	1E10	1E-30	1E-10	1E10	1E-30	1E-10	1E10	1E-30	1E-10
69	8.2E-11	1E10	1E10	1E-30	2.2143133131934E-10	1E10	1E-30	1E10	0.16327190654696	1.18947298797738E-09	7.42056164641034E-12	0.620949232330304	7.59135858085567E-11	4.44069108254485E-11	3.35112149464949	1.15280516085503E-12	3.82553603956226E-10	139.905294211229	1E10	1E-30	1E-10	1E10	1E-30	1E-10	1E10	1E-30	1E-10	1E10	1E-30	1E-10	1E10	1E-30	1E-10	1E10	1E-30	1E-10	1E10	1E-30	1E-10	1E10	1E-30	1E-10	1E10	1E-30	1E-10	1E10	1E-30	1E-10	1E10	1E-30	1E-10	1E10	1E-30	1E-10
70	8.2E-11	1E10	1E10	1E-30	3.34097361446838E-10	1E10	1E-30	1E10	0.123380916107027	5.15158446864208E-08	1E10	0.288062726755634	4.26745561620981E-06	1E10	1.74686090276581E-03	5.70356233184914E-10	1.20072650625342E-11	0.727154179829603	7.17423529932859E-11	3.38409798765953E-11	2.67842246710432	1.49924137213268E-12	2.33846488937018E-10	75.3756350656363	1E10	1E-30	1E-10	1E10	1E-30	1E-10	1E10	1E-30	1E-10	1E10	1E-30	1E-10	1E10	1E-30	1E-10	1E10	1E-30	1E-10	1E10	1E-30	1E-10	1E10	1E-30	1E-10	1E10	1E-30	1E-10	1E10	1E-30	1E-10
71	8.2E-11	1E10	1E10	1E-30	3.34097361446838E-10	1E10	1E-30	1E10	0.123380916107027	5.15158446864208E-08	1E10	0.288062726755634	4.26745561620981E-06	1E10	1.74686090276581E-03	5.70356233184914E-10	1.20072650625342E-11	0.727154179829603	7.17423529932859E-11	3.38409798765953E-11	2.67842246710432	1.49924137213268E-12	2.33846488937018E-10	75.3756350656363	1E10	1E-30	1E-10	1E10	1E-30	1E-10	1E10	1E-30	1E-10	1E10	1E-30	1E-10	1E10	1E-30	1E-10	1E10	1E-30	1E-10	1E10	1E-30	1E-10	1E10	1E-30	1E-10	1E10	1E-30	1E-10	1E10	1E-30	1E-10
72	8.2E-11	1E10	1E10	1E-30	3.34097361446838E-10	1E10	1E-30	1E10	0.123380916107027	5.15158446864208E-08	1E10	0.288062726755634	4.26745561620981E-06	1E10	1.74686090276581E-03	5.70356233184914E-10	1.20072650625342E-11	0.727154179829603	7.17423529932859E-11	3.38409798765953E-11	2.67842246710432	1.49924137213268E-12	2.33846488937018E-10	75.3756350656363	1E10	1E-30	1E-10	1E10	1E-30	1E-10	1E10	1E-30	1E-10	1E10	1E-30	1E-10	1E10	1E-30	1E-10	1E10	1E-30	1E-10	1E10	1E-30	1E-10	1E10	1E-30	1E-10	1E10	1E-30	1E-10	1E10	1E-30	1E-10
73	1E-10	1E10	1E10	1E-30	7.37985460808022E-11	1E10	1E-30	1E10	0.11	1E-30	1.43628944499972E-11	0.314358164486091	5.90847824990453E-10	9.54572790146811E-12	0.715128908801836	7.23690954377048E-11	2.36984008681194E-11	1.7100527879331	2.64541569427554E-12	7.16627566048376E-11	9.04922356426035	6.38853853400516E-13	2.96232929038841E-10	1E5	1E10	1E-30	1E-10	1E10	1E-30	1E-10	1E10	1E-30	1E-10	1E10	1E-30	1E-10	1E10	1E-30	1E-10	1E10	1E-30	1E-10	1E10	1E-30	1E-10	1E10	1E-30	1E-10	1E10	1E-30	1E-10	1E10	1E-30	1E-10
74	1E-10	1E10	1E10	1E-30	7.37985460808022E-11	1E10	1E-30	1E10	0.11	1E-30	1.43628944499972E-11	0.314358164486091	5.90847824990453E-10	9.54572790146811E-12	0.715128908801836	7.23690954377048E-11	2.36984008681194E-11	1.7100527879331	2.64541569427554E-12	7.16627566048376E-11	9.04922356426035	6.38853853400516E-13	2.96232929038841E-10	1E5	1E10	1E-30	1E-10	1E10	1E-30	1E-10	1E10	1E-30	1E-10	1E10	1E-30	1E-10	1E10	1E-30	1E-10	1E10	1E-30	1E-10	1E10	1E-30	1E-10	1E10	1E-30	1E-10	1E10	1E-30	1E-10	1E10	1E-30	1E-10
75	9.99999999999999E-11	1E10	1E10	1E-30	2.59583488416686E-11	1E10	1E-30	1E10	0.142667043706675	1.49745777120746E-09	8.13648404842532E-12	0.460316025254397	1.20314925363294E-10	4.04995840151203E-11	2.54208561703938	7.10813900303339E-13	5.92505379432267E-10	221.734948384647	1E10	1E-30	1E-10	1E10	1E-30	1E-10	1E10	1E-30	1E-10	1E10	1E-30	1E-10	1E10	1E-30	1E-10	1E10	1E-30	1E-10	1E10	1E-30	1E-10	1E10	1E-30	1E-10	1E10	1E-30	1E-10	1E10	1E-30	1E-10	1E10	1E-30	1E-10	1E10	1E-30	1E-10
76	9.99999999999999E-11	1E10	1E10	1E-30	2.59583488416686E-11	1E10	1E-30	1E10	0.142667043706675	1.49745777120746E-09	8.13648404842532E-12	0.460316025254397	1.20314925363294E-10	4.04995840151203E-11	2.54208561703938	7.10813900303339E-13	5.92505379432267E-10	221.734948384647	1E10	1E-30	1E-10	1E10	1E-30	1E-10	1E10	1E-30	1E-10	1E10	1E-30	1E-10	1E10	1E-30	1E-10	1E10	1E-30	1E-10	1E10	1E-30	1E-10	1E10	1E-30	1E-10	1E10	1E-30	1E-10	1E10	1E-30	1E-10	1E10	1E-30	1E-10	1E10	1E-30	1E-10
77	9.99999999999999E-11	1E10	1E10	1E-30	2.59583488416686E-11	1E10	1E-30	1E10	0.142667043706675	1.49745777120746E-09	8.13648404842532E-12	0.460316025254397	1.20314925363294E-10	4.04995840151203E-11	2.54208561703938	7.10813900303339E-13	5.92505379432267E-10	221.734948384647	1E10	1E-30	1E-10	1E10	1E-30	1E-10	1E10	1E-30	1E-10	1E10	1E-30	1E-10	1E10	1E-30	1E-10	1E10	1E-30	1E-10	1E10	1E-30	1E-10	1E10	1E-30	1E-10	1E10	1E-30	1E-10	1E10	1E-30	1E-10	1E10	1E-30	1E-10	1E10	1E-30	1E-10
78	1E-10	1E10	1E10	1E-30	1.99852773902182E-10	1E10	1E-30	1E10	0.118429679832233	7.86571017702979E-08	1E10	0.149861457588224	6.4641198187924E-10	1.37964410519386E-11	0.947331297363694	8.48603149642127E-11	3.94145773367772E-11	2.68724781688903	4.51207872133925E-11	2.04599946517832E-11	1.88216559306649	1.19448121897666E-12	2.7594416285115E-10	143.073481403279	1E10	1E-30	1E-10	1E10	1E-30	1E-10	1E10	1E-30	1E-10	1E10	1E-30	1E-10	1E10	1E-30	1E-10	1E10	1E-30	1E-10	1E10	1E-30	1E-10	1E10	1E-30	1E-10	1E10	1E-30	1E-10	1E10	1E-30	1E-10
79	1E-10	1E10	1E10	1E-30	1.99852773902182E-10	1E10	1E-30	1E10	0.118429679832233	7.86571017702979E-08	1E10	0.149861457588224	6.4641198187924E-10	1.37964410519386E-11	0.947331297363694	8.48603149642127E-11	3.94145773367772E-11	2.68724781688903	4.51207872133925E-11	2.04599946517832E-11	1.88216559306649	1.19448121897666E-12	2.7594416285115E-10	143.073481403279	1E10	1E-30	1E-10	1E10	1E-30	1E-10	1E10	1E-30	1E-10	1E10	1E-30	1E-10	1E10	1E-30	1E-10	1E10	1E-30	1E-10	1E10	1E-30	1E-10	1E10	1E-30	1E-10	1E10	1E-30	1E-10	1E10	1E-30	1E-10
80	1E-10	1E10	1E10	1E-30	1.99852773902182E-10	1E10	1E-30	1E10	0.118429679832233	7.86571017702979E-08	1E10	0.149861457588224	6.4641198187924E-10	1.37964410519386E-11	0.947331297363694	8.48603149642127E-11	3.94145773367772E-11	2.68724781688903	4.51207872133925E-11	2.04599946517832E-11	1.88216559306649	1.19448121897666E-12	2.7594416285115E-10	143.073481403279	1E10	1E-30	1E-10	1E10	1E-30	1E-10	1E10	1E-30	1E-10	1E10	1E-30	1E-10	1E10	1E-30	1E-10	1E10	1E-30	1E-10	1E10	1E-30	1E-10	1E10	1E-30	1E-10	1E10	1E-30	1E-10	1E10	1E-30	1E-10
81	1E-10	1E10	1E10	1E-30	1.37616429982371E-11	1E10	1E-30	1E10	0.155875583727851	2.10053154430906E-09	5.90610852872728E-12	0.342224195572998	1.19103194713732E-10	4.11853629340588E-11	2.04332006386625	4.50568097970002E-11	2.89488933756641E-11	1.49330889332267	7.96150387975218E-13	6.07369666883548E-10	365.466565762987	1E10	1E-30	1E-10	1E10	1E-30	1E-10	1E10	1E-30	1E-10	1E10	1E-30	1E-10	1E10	1E-30	1E-10	1E10	1E-30	1E-10	1E10	1E-30	1E-10	1E10	1E-30	1E-10	1E10	1E-30	1E-10	1E10	1E-30	1E-10	1E10	1E-30	1E-10
82	1.2E-10	1E10	1E10	1E-30	9.75567144403672E-11	1E10	1E-30	1E10	9.81139760041137E-02	1E-30	1.08935662184315E-11	7.42951952602955E-02	4.43972495019239E-10	1.54657136157856E-11	1.04374954991405	9.73726149225499E-11	2.15906322869385E-11	1.94861917942123	1.52565094333142E-12	2.92720041365399E-10	241.853011451236	1E10	1E-30	1E-10	1E10	1E-30	1E-10	1E10	1E-30	1E-10	1E10	1E-30	1E-10	1E10	1E-30	1E-10	1E10	1E-30	1E-10	1E10	1E-30	1E-10	1E10	1E-30	1E-10	1E10	1E-30	1E-10	1E10	1E-30	1E-10	1E10	1E-30	1E-10
83	1.2E-10	1E10	1E10	1E-30	9.75567144403672E-11	1E10	1E-30	1E10	9.81139760041137E-02	1E-30	1.08935662184315E-11	7.42951952602955E-02	4.43972495019239E-10	1.54657136157856E-11	1.04374954991405	9.73726149225499E-11	2.15906322869385E-11	1.94861917942123	1.52565094333142E-12	2.92720041365399E-10	241.853011451236	1E10	1E-30	1E-10	1E10	1E-30	1E-10	1E10	1E-30	1E-10	1E10	1E-30	1E-10	1E10	1E-30	1E-10	1E10	1E-30	1E-10	1E10	1E-30	1E-10	1E10	1E-30	1E-10	1E10	1E-30	1E-10	1E10	1E-30	1E-10	1E10	1E-30	1E-10
84	1.19999999999999E-10	1E10	1E10	1E-30	3.45484246156567E-11	1E10	1E-30	1E10	9.57291138425953E-02	8.52820464227488E-10	7.27365427175658E-12	0.603896508278377	8.24343242686693E-11	2.36746131152754E-11	2.28789947328593	6.33513555483858E-13	4.81606453393935E-10	260.515848701764	1E10	1E-30	1E-10	1E10	1E-30	1E-10	1E10	1E-30	1E-10	1E10	1E-30	1E-10	1E10	1E-30	1E-10	1E10	1E-30	1E-10	1E10	1E-30	1E-10	1E10	1E-30	1E-10	1E10	1E-30	1E-10	1E10	1E-30	1E-10	1E10	1E-30	1E-10	1E10	1E-30	1E-10
85	1.19999999999999E-10	1E10	1E10	1E-30	3.45484246156567E-11	1E10	1E-30	1E10	9.57291138425953E-02	8.52820464227488E-10	7.27365427175658E-12	0.603896508278377	8.24343242686693E-11	2.36746131152754E-11	2.28789947328593	6.33513555483858E-13	4.81606453393935E-10	260.515848701764	1E10	1E-30	1E-10	1E10	1E-30	1E-10	1E10	1E-30	1E-10	1E10	1E-30	1E-10	1E10	1E-30	1E-10	1E10	1E-30	1E-10	1E10	1E-30	1E-10	1E10	1E-30	1E-10	1E10	1E-30	1E-10	1E10	1E-30	1E-10	1E10	1E-30	1E-10	1E10	1E-30	1E-10
86	1.19999999999999E-10	1E10	1E10	1E-30	3.45484246156567E-11	1E10	1E-30	1E10	9.57291138425953E-02	8.52820464227488E-10	7.27365427175658E-12	0.603896508278377	8.24343242686693E-11	2.36746131152754E-11	2.28789947328593	6.33513555483858E-13	4.81606453393935E-10	260.515848701764	1E10	1E-30	1E-10	1E10	1E-30	1E-10	1E10	1E-30	1E-10	1E10	1E-30	1E-10	1E10	1E-30	1E-10	1E10	1E-30	1E-10	1E10	1E-30	1E-10	1E10	1E-30	1E-10	1E10	1E-30	1E-10	1E10	1E-30	1E-10	1E10	1E-30	1E-10	1E10	1E-30	1E-10
87	1.2E-10	1E10	1E10	1E-30	5.95344182183327E-14	1E10	1E-30	1E10	0.122104621864681	2.49873174418457E-04	1E10	0.149179194680245	6.60520172844876E-10	1.00118905383484E-11	0.45121563585827	8.32900957263084E-11	2.37200272518612E-11	2.00404205352484	6.34039081281381E-13	5.6991982868266E-10	266.342373493008	1E10	1E-30	1E-10	1E10	1E-30	1E-10	1E10	1E-30	1E-10	1E10	1E-30	1E-10	1E10	1E-30	1E-10	1E10	1E-30	1E-10	1E10	1E-30	1E-10	1E10	1E-30	1E-10	1E10	1E-30	1E-10	1E10	1E-30	1E-10	1E10	1E-30	1E-10
88	1.2E-10	1E10	1E10	1E-30	5.95344182183327E-14	1E10	1E-30	1E10	0.122104621864681	2.49873174418457E-04	1E10	0.149179194680245	6.60520172844876E-10	1.00118905383484E-11	0.45121563585827	8.32900957263084E-11	2.37200272518612E-11	2.00404205352484	6.34039081281381E-13	5.6991982868266E-10	266.342373493008	1E10	1E-30	1E-10	1E10	1E-30	1E-10	1E10	1E-30	1E-10	1E10	1E-30	1E-10	1E10	1E-30	1E-10	1E10	1E-30	1E-10	1E10	1E-30	1E-10	1E10	1E-30	1E-10	1E10	1E-30	1E-10	1E10	1E-30	1E-10	1E10	1E-30	1E-10
89	1.2E-10	1E10	1E10	1E-30	5.95344182183327E-14	1E10	1E-30	1E10	0.122104621864681	2.49873174418457E-04	1E10	0.149179194680245	6.60520172844876E-10	1.00118905383484E-11	0.45121563585827	8.32900957263084E-11	2.37200272518612E-11	2.00404205352484	6.34039081281381E-13	5.6991982868266E-10	266.342373493008	1E10	1E-30	1E-10	1E10	1E-30	1E-10	1E10	1E-30	1E-10	1E10	1E-30	1E-10	1E10	1E-30	1E-10	1E10	1E-30	1E-10	1E10	1E-30	1E-10	1E10	1E-30	1E-10	1E10	1E-30	1E-10	1E10	1E-30	1E-10	1E10	1E-30	1E-10
90	1.2E-10	1E10	1E10	1E-30	1.22216453600135E-11	1E10	1E-30	1E10	0.13591529938281	1E-30	1.34205329658206E-10	5.28699822803773	2.52855846408232E-09	6.18595551235113E-12	0.365823581575026	2.10254126079984E-10	3.0215734112017E-11	1.54559262552301	8.23112572541381E-13	4.79035255042621E-10	825.217846046833	1E10	1E-30	1E-10	1E10	1E-30	1E-10	1E10	1E-30	1E-10	1E10	1E-30	1E-10	1E10	1E-30	1E-10	1E10	1E-30	1E-10	1E10	1E-30	1E-10	1E10	1E-30	1E-10	1E10	1E-30	1E-10	1E10	1E-30	1E-10	1E10	1E-30	1E-10
91	1.49999999999999E-10	1E10	1E10	1E-30	1.86852694716302E-10	1E10	1E-30	1E10	9.34491871181832E-02	4.52207108015139E-10	1.98508900490193E-11	0.969818495206862	1.13352707873212E-10	2.46345493584085E-11	1.74591465563436	1.2175927039889E-11	3.85251613583901E-11	2.18371943767987	1.09315430336573E-12	2.07185149339168E-10	1E5	1E10	1E-30	1E-10	1E10	1E-30	1E-10	1E10	1E-30	1E-10	1E10	1E-30	1E-10	1E10	1E-30	1E-10	1E10	1E-30	1E-10	1E10	1E-30	1E-10	1E10	1E-30	1E-10	1E10	1E-30	1E-10	1E10	1E-30	1E-10	1E10	1E-30	1E-10
92	1.49999999999999E-10	1E10	1E10	1E-30	1.86852694716302E-10	1E10	1E-30	1E10	9.34491871181832E-02	4.52207108015139E-10	1.98508900490193E-11	0.969818495206862	1.13352707873212E-10	2.46345493584085E-11	1.74591465563436	1.2175927039889E-11	3.85251613583901E-11	2.18371943767987	1.09315430336573E-12	2.07185149339168E-10	1E5	1E10	1E-30	1E-10	1E10	1E-30	1E-10	1E10	1E-30	1E-10	1E10	1E-30	1E-10	1E10	1E-30	1E-10	1E10	1E-30	1E-10	1E10	1E-30	1E-10	1E10	1E-30	1E-10	1E10	1E-30	1E-10	1E10	1E-30	1E-10	1E10	1E-30	1E-10
93	1.5E-10	1E10	1E10	1E-30	6.50560744715411E-11	1E10	1E-30	1E10	9.17668199337888E-02	9.38754133505375E-10	9.77378822890508E-12	0.676934178288423	1.35972327837416E-10	2.23624778818826E-11	2.41071519277037	7.47511045267323E-13	4.49936787888896E-10	168.444751447229	1E10	1E-30	1E-10	1E10	1E-30	1E-10	1E10	1E-30	1E-10	1E10	1E-30	1E-10	1E10	1E-30	1E-10	1E10	1E-30	1E-10	1E10	1E-30	1E-10	1E10	1E-30	1E-10	1E10	1E-30	1E-10	1E10	1E-30	1E-10	1E10	1E-30	1E-10	1E10	1E-30	1E-10
94	1.5E-10	1E10	1E10	1E-30	6.50560744715411E-11	1E10	1E-30	1E10	9.17668199337888E-02	9.38754133505375E-10	9.77378822890508E-12	0.676934178288423	1.35972327837416E-10	2.23624778818826E-11	2.41071519277037	7.47511045267323E-13	4.49936787888896E-10	168.444751447229	1E10	1E-30	1E-10	1E10	1E-30	1E-10	1E10	1E-30	1E-10	1E10	1E-30	1E-10	1E10	1E-30	1E-10	1E10	1E-30	1E-10	1E10	1E-30	1E-10	1E10	1E-30	1E-10	1E10	1E-30	1E-10	1E10	1E-30	1E-10	1E10	1E-30	1E-10	1E10	1E-30	1E-10
95	1.5E-10	1E10	1E10	1E-30	6.50560744715411E-11	1E10	1E-30	1E10	9.17668199337888E-02	9.38754133505375E-10	9.77378822890508E-12	0.676934178288423	1.35972327837416E-10	2.23624778818826E-11	2.41071519277037	7.47511045267323E-13	4.49936787888896E-10	168.444751447229	1E10	1E-30	1E-10	1E10	1E-30	1E-10	1E10	1E-30	1E-10	1E10	1E-30	1E-10	1E10	1E-30	1E-10	1E10	1E-30	1E-10	1E10	1E-30	1E-10	1E10	1E-30	1E-10	1E10	1E-30	1E-10	1E10	1E-30	1E-10	1E10	1E-30	1E-10	1E10	1E-30	1E-10
96	1.5E-10	1E10	1E10	1E-30	2.07571104226164E-10	1E10	1E-30	1E10	0.104218356312124	9.33278239160026E-09	1E10	33.2213099273628	9.7017054567068E-10	1.04163872683658E-11	0.457259985339779	8.98521963442552E-11	3.52991533736751E-11	1.94885712156994	3.71535425895829E-11	1.8960079412392E-11	1.58483263059008	1.07246940953051E-12	3.21821921747933E-10	161.736815569206	1E10	1E-30	1E-10	1E10	1E-30	1E-10	1E10	1E-30	1E-10	1E10	1E-30	1E-10	1E10	1E-30	1E-10	1E10	1E-30	1E-10	1E10	1E-30	1E-10	1E10	1E-30	1E-10	1E10	1E-30	1E-10	1E10	1E-30	1E-10
97	1.5E-10	1E10	1E10	1E-30	2.07571104226164E-10	1E10	1E-30	1E10	0.104218356312124	9.33278239160026E-09	1E10	33.2213099273628	9.7017054567068E-10	1.04163872683658E-11	0.457259985339779	8.98521963442552E-11	3.52991533736751E-11	1.94885712156994	3.71535425895829E-11	1.8960079412392E-11	1.58483263059008	1.07246940953051E-12	3.21821921747933E-10	161.736815569206	1E10	1E-30	1E-10	1E10	1E-30	1E-10	1E10	1E-30	1E-10	1E10	1E-30	1E-10	1E10	1E-30	1E-10	1E10	1E-30	1E-10	1E10	1E-30	1E-10	1E10	1E-30	1E-10	1E10	1E-30	1E-10	1E10	1E-30	1E-10
98	1.5E-10	1E10	1E10	1E-30	2.07571104226164E-10	1E10	1E-30	1E10	0.104218356312124	9.33278239160026E-09	1E10	33.2213099273628	9.7017054567068E-10	1.04163872683658E-11	0.457259985339779	8.98521963442552E-11	3.52991533736751E-11	1.94885712156994	3.71535425895829E-11	1.8960079412392E-11	1.58483263059008	1.07246940953051E-12	3.21821921747933E-10	161.736815569206	1E10	1E-30	1E-10	1E10	1E-30	1E-10	1E10	1E-30	1E-10	1E10	1E-30	1E-10	1E10	1E-30	1E-10	1E10	1E-30	1E-10	1E10	1E-30	1E-10	1E10	1E-30	1E-10	1E10	1E-30	1E-10	1E10	1E-30	1E-10
99	1.5E-10	1E10	1E10	1E-30	1.23034440915677E-11	1E10	1E-30	1E10	0.107204082706783	1E-30	1.2089434524802E-10	4.76261405365865	1.75346784994436E-09	1.20332235376342E-11	0.558640771199351	2.60270219658327E-10	3.66680061765452E-11	1.74855429559969	8.80004074811218E-13	4.58502838964041E-10	444.163803647337	1E10	1E-30	1E-10	1E10	1E-30	1E-10	1E10	1E-30	1E-10	1E10	1E-30	1E-10	1E10	1E-30	1E-10	1E10	1E-30	1E-10	1E10	1E-30	1E-10	1E10	1E-30	1E-10	1E10	1E-30	1E-10	1E10	1E-30	1E-10	1E10	1E-30	1E-10
100	1.79999999999999E-10	1E10	1E10	1E-30	8.44782380593109E-11	1E10	1E-30	1E10	9.24977500878482E-02	1E-30	9.24717697319139E-11	13.3842737203817	7.21482731410793E-10	1.41758299287707E-11	0.674655918345357	1.49213178628437E-10	2.11822007312669E-11	1.31330700309181	1.70952457668939E-12	2.75392286672978E-10	315.486132150303	1E10	1E-30	1E-10	1E10	1E-30	1E-10	1E10	1E-30	1E-10	1E10	1E-30	1E-10	1E10	1E-30	1E-10	1E10	1E-30	1E-10	1E10	1E-30	1E-10	1E10	1E-30	1E-10	1E10	1E-30	1E-10	1E10	1E-30	1E-10	1E10	1E-30	1E-10
101	1.79999999999999E-10	1E10	1E10	1E-30	8.44782380593109E-11	1E10	1E-30	1E10	9.24977500878482E-02	1E-30	9.24717697319139E-11	13.3842737203817	7.21482731410793E-10	1.41758299287707E-11	0.674655918345357	1.49213178628437E-10	2.11822007312669E-11	1.31330700309181	1.70952457668939E-12	2.75392286672978E-10	315.486132150303	1E10	1E-30	1E-10	1E10	1E-30	1E-10	1E10	1E-30	1E-10	1E10	1E-30	1E-10	1E10	1E-30	1E-10	1E10	1E-30	1E-10	1E10	1E-30	1E-10	1E10	1E-30	1E-10	1E10	1E-30	1E-10	1E10	1E-30	1E-10	1E10	1E-30	1E-10
102	1.79999999999999E-10	1E10	1E10	1E-30	2.61821938991572E-11	1E10	1E-30	1E10	8.78140827570686E-02	1.02907258389717E-09	1.22033578056262E-11	0.865815383647251	1.53714699932609E-10	2.76016741319866E-11	2.09017956903838	7.44992455667976E-13	4.52547506461088E-10	209.812215257786	1E10	1E-30	1E-10	1E10	1E-30	1E-10	1E10	1E-30	1E-10	1E10	1E-30	1E-10	1E10	1E-30	1E-10	1E10	1E-30	1E-10	1E10	1E-30	1E-10	1E10	1E-30	1E-10	1E10	1E-30	1E-10	1E10	1E-30	1E-10	1E10	1E-30	1E-10	1E10	1E-30	1E-10
103	1.79999999999999E-10	1E10	1E10	1E-30	2.61821938991572E-11	1E10	1E-30	1E10	8.78140827570686E-02	1.02907258389717E-09	1.22033578056262E-11	0.865815383647251	1.53714699932609E-10	2.76016741319866E-11	2.09017956903838	7.44992455667976E-13	4.52547506461088E-10	209.812215257786	1E10	1E-30	1E-10	1E10	1E-30	1E-10	1E10	1E-30	1E-10	1E10	1E-30	1E-10	1E10	1E-30	1E-10	1E10	1E-30	1E-10	1E10	1E-30	1E-10	1E10	1E-30	1E-10	1E10	1E-30	1E-10	1E10	1E-30	1E-10	1E10	1E-30	1E-10	1E10	1E-30	1E-10
104	1.79999999999999E-10	1E10	1E10	1E-30	2.61821938991572E-11	1E10	1E-30	1E10	8.78140827570686E-02	1.02907258389717E-09	1.22033578056262E-11	0.865815383647251	1.53714699932609E-10	2.76016741319866E-11	2.09017956903838	7.44992455667976E-13	4.52547506461088E-10	209.812215257786	1E10	1E-30	1E-10	1E10	1E-30	1E-10	1E10	1E-30	1E-10	1E10	1E-30	1E-10	1E10	1E-30	1E-10	1E10	1E-30	1E-10	1E10	1E-30	1E-10	1E10	1E-30	1E-10	1E10	1E-30	1E-10	1E10	1E-30	1E-10	1E10	1E-30	1E-10	1E10	1E-30	1E-10
105	1.8E-10	1E10	1E10	1E-30	1.56833961111642E-10	1E10	1E-30	1E10	9.34693931198776E-02	2.1822369665042E-07	1E10	6.80026730335455E-02	1.27753443037975E-09	1.0718553662147E-11	0.483087331632362	1.36587381831563E-10	3.39365024920352E-11	1.71393545524434	8.86030381954839E-11	1.30926013818019E-11	0.858795655890296	2.46041827697452E-12	1.38240235153027E-10	37.3330608349711	1.24694403888206E-12	2.24936654542248E-10	315.708772322902	1E10	1E-30	1E-10	1E10	1E-30	1E-10	1E10	1E-30	1E-10	1E10	1E-30	1E-10	1E10	1E-30	1E-10	1E10	1E-30	1E-10	1E10	1E-30	1E-10	1E10	1E-30	1E-10	1E10	1E-30	1E-10
106	1.8E-10	1E10	1E10	1E-30	1.56833961111642E-10	1E10	1E-30	1E10	9.34693931198776E-02	2.1822369665042E-07	1E10	6.80026730335455E-02	1.27753443037975E-09	1.0718553662147E-11	0.483087331632362	1.36587381831563E-10	3.39365024920352E-11	1.71393545524434	8.86030381954839E-11	1.30926013818019E-11	0.858795655890296	2.46041827697452E-12	1.38240235153027E-10	37.3330608349711	1.24694403888206E-12	2.24936654542248E-10	315.708772322902	1E10	1E-30	1E-10	1E10	1E-30	1E-10	1E10	1E-30	1E-10	1E10	1E-30	1E-10	1E10	1E-30	1E-10	1E10	1E-30	1E-10	1E10	1E-30	1E-10	1E10	1E-30	1E-10	1E10	1E-30	1E-10
107	1.8E-10	1E10	1E10	1E-30	1.56833961111642E-10	1E10	1E-30	1E10	9.34693931198776E-02	2.1822369665042E-07	1E10	6.80026730335455E-02	1.27753443037975E-09	1.0718553662147E-11	0.483087331632362	1.36587381831563E-10	3.39365024920352E-11	1.71393545524434	8.86030381954839E-11	1.30926013818019E-11	0.858795655890296	2.46041827697452E-12	1.38240235153027E-10	37.3330608349711	1.24694403888206E-12	2.24936654542248E-10	315.708772322902	1E10	1E-30	1E-10	1E10	1E-30	1E-10	1E10	1E-30	1E-10	1E10	1E-30	1E-10	1E10	1E-30	1E-10	1E10	1E-30	1E-10	1E10	1E-30	1E-10	1E10	1E-30	1E-10	1E10	1E-30	1E-10
108	1.8E-10	1E10	1E10	1E-30	9.74293380886808E-12	1E10	1E-30	1E10	0.117904858308554	1E-30	1.49743369677447E-10	4.79498224617585	4.34256787756781E-09	5.19720122159479E-12	0.218299198557999	3.2596266293652E-10	2.73239773931147E-11	1.08165077539349	9.72345593988203E-13	5.10512125327824E-10	879.441986803947	1E10	1E-30	1E-10	1E10	1E-30	1E-10	1E10	1E-30	1E-10	1E10	1E-30	1E-10	1E10	1E-30	1E-10	1E10	1E-30	1E-10	1E10	1E-30	1E-10	1E10	1E-30	1E-10	1E10	1E-30	1E-10	1E10	1E-30	1E-10	1E10	1E-30	1E-10
109	2.2E-10	1E10	1E10	1E-30	2.78873838257643E-11	1E10	1E-30	1E10	7.72007080886242E-02	5.84391163454925E-10	2.44632086402586E-11	0.898757822994773	1.70553889658879E-10	2.79099124715131E-11	1.5868821934522	3.45271532116175E-10	5.94569592739465E-12	0.37677075171384	7.61635615741296E-11	1.40252424249403E-11	1.09729980596019	2.81057835569273E-11	1.64238276452954E-11	2.01578650540988	5.26422843122819E-13	3.46111117753053E-10	1E5	1E10	1E-30	1E-10	1E10	1E-30	1E-10	1E10	1E-30	1E-10	1E10	1E-30	1E-10	1E10	1E-30	1E-10	1E10	1E-30	1E-10	1E10	1E-30	1E-10	1E10	1E-30	1E-10	1E10	1E-30	1E-10
110	2.2E-10	1E10	1E10	1E-30	2.78873838257643E-11	1E10	1E-30	1E10	7.72007080886242E-02	5.84391163454925E-10	2.44632086402586E-11	0.898757822994773	1.70553889658879E-10	2.79099124715131E-11	1.5868821934522	3.45271532116175E-10	5.94569592739465E-12	0.37677075171384	7.61635615741296E-11	1.40252424249403E-11	1.09729980596019	2.81057835569273E-11	1.64238276452954E-11	2.01578650540988	5.26422843122819E-13	3.46111117753053E-10	1E5	1E10	1E-30	1E-10	1E10	1E-30	1E-10	1E10	1E-30	1E-10	1E10	1E-30	1E-10	1E10	1E-30	1E-10	1E10	1E-30	1E-10	1E10	1E-30	1E-10	1E10	1E-30	1E-10	1E10	1E-30	1E-10
111	2.19999999999999E-10	1E10	1E10	1E-30	1.38245690238486E-10	1E10	1E-30	1E10	0.079484681301207	1.05867162520997E-09	1.65052747056076E-11	0.93687027653326	2.18002290775552E-10	2.88239250250985E-11	1.99635517578124	1.04555248972241E-09	2.9108963619275E-12	0.270820793476083	4.85036443757065E-10	3.45185992605925E-12	0.425073061112055	1.01238340023552E-12	3.14850933092045E-10	83.2081323015543	1E10	1E-30	1E-10	1E10	1E-30	1E-10	1E10	1E-30	1E-10	1E10	1E-30	1E-10	1E10	1E-30	1E-10	1E10	1E-30	1E-10	1E10	1E-30	1E-10	1E10	1E-30	1E-10	1E10	1E-30	1E-10	1E10	1E-30	1E-10
112	2.19999999999999E-10	1E10	1E10	1E-30	1.38245690238486E-10	1E10	1E-30	1E10	0.079484681301207	1.05867162520997E-09	1.65052747056076E-11	0.93687027653326	2.18002290775552E-10	2.88239250250985E-11	1.99635517578124	1.04555248972241E-09	2.9108963619275E-12	0.270820793476083	4.85036443757065E-10	3.45185992605925E-12	0.425073061112055	1.01238340023552E-12	3.14850933092045E-10	83.2081323015543	1E10	1E-30	1E-10	1E10	1E-30	1E-10	1E10	1E-30	1E-10	1E10	1E-30	1E-10	1E10	1E-30	1E-10	1E10	1E-30	1E-10	1E10	1E-30	1E-10	1E10	1E-30	1E-10	1E10	1E-30	1E-10	1E10	1E-30	1E-10
113	2.19999999999999E-10	1E10	1E10	1E-30	1.38245690238486E-10	1E10	1E-30	1E10	0.079484681301207	1.05867162520997E-09	1.65052747056076E-11	0.93687027653326	2.18002290775552E-10	2.88239250250985E-11	1.99635517578124	1.04555248972241E-09	2.9108963619275E-12	0.270820793476083	4.85036443757065E-10	3.45185992605925E-12	0.425073061112055	1.01238340023552E-12	3.14850933092045E-10	83.2081323015543	1E10	1E-30	1E-10	1E10	1E-30	1E-10	1E10	1E-30	1E-10	1E10	1E-30	1E-10	1E10	1E-30	1E-10	1E10	1E-30	1E-10	1E10	1E-30	1E-10	1E10	1E-30	1E-10	1E10	1E-30	1E-10	1E10	1E-30	1E-10
114	2.2E-10	1E10	1E10	1E-30	1.60603613182327E-10	1E10	1E-30	1E10	1.20993773457412E-02	9.95696037744679E-09	1E10	9403.75083984703	1E-30	1.01751331147826E-10	0.076850097814107	2.88419265932821E-07	1.71121427966732E-11	1.11776570456331E-02	1.54741843034446E-09	1.24297283366732E-11	0.52203606828942	1.96431786141477E-10	3.48167413111359E-11	1.4624282471536	9.39642092196327E-11	1.894988724271E-11	0.811965784238719	8.87554850362869E-13	3.30063664249149E-10	144.249087182342	1E10	1E-30	1E-10	1E10	1E-30	1E-10	1E10	1E-30	1E-10	1E10	1E-30	1E-10	1E10	1E-30	1E-10	1E10	1E-30	1E-10	1E10	1E-30	1E-10	1E10	1E-30	1E-10
115	2.2E-10	1E10	1E10	1E-30	1.60603613182327E-10	1E10	1E-30	1E10	1.20993773457412E-02	9.95696037744679E-09	1E10	9403.75083984703	1E-30	1.01751331147826E-10	0.076850097814107	2.88419265932821E-07	1.71121427966732E-11	1.11776570456331E-02	1.54741843034446E-09	1.24297283366732E-11	0.52203606828942	1.96431786141477E-10	3.48167413111359E-11	1.4624282471536	9.39642092196327E-11	1.894988724271E-11	0.811965784238719	8.87554850362869E-13	3.30063664249149E-10	144.249087182342	1E10	1E-30	1E-10	1E10	1E-30	1E-10	1E10	1E-30	1E-10	1E10	1E-30	1E-10	1E10	1E-30	1E-10	1E10	1E-30	1E-10	1E10	1E-30	1E-10	1E10	1E-30	1E-10
116	2.2E-10	1E10	1E10	1E-30	1.60603613182327E-10	1E10	1E-30	1E10	1.20993773457412E-02	9.95696037744679E-09	1E10	9403.75083984703	1E-30	1.01751331147826E-10	0.076850097814107	2.88419265932821E-07	1.71121427966732E-11	1.11776570456331E-02	1.54741843034446E-09	1.24297283366732E-11	0.52203606828942	1.96431786141477E-10	3.48167413111359E-11	1.4624282471536	9.39642092196327E-11	1.894988724271E-11	0.811965784238719	8.87554850362869E-13	3.30063664249149E-10	144.249087182342	1E10	1E-30	1E-10	1E10	1E-30	1E-10	1E10	1E-30	1E-10	1E10	1E-30	1E-10	1E10	1E-30	1E-10	1E10	1E-30	1E-10	1E10	1E-30	1E-10	1E10	1E-30	1E-10
117	2.2E-10	1E10	1E10	1E-30	5.19568329278078E-12	1E10	1E-30	1E10	0.104580342221488	1E-30	9.5473293617697E-11	1.81653932773193	3.97467517167622E-09	7.56617150143565E-12	0.224390367331026	3.62393995084423E-10	3.59034605447001E-11	1.15660672115205	8.44415131968178E-13	5.26789755299893E-10	326.424236952275	1E10	1E-30	1E-10	1E10	1E-30	1E-10	1E10	1E-30	1E-10	1E10	1E-30	1E-10	1E10	1E-30	1E-10	1E10	1E-30	1E-10	1E10	1E-30	1E-10	1E10	1E-30	1E-10	1E10	1E-30	1E-10	1E10	1E-30	1E-10	1E10	1E-30	1E-10
118	2.69999999999999E-10	1E10	1E10	1E-30	5.08048722235517E-11	1E10	1E-30	1E10	6.89611199784805E-02	1E-30	5.68931921785674E-11	1.90223433916435	1.03940686985217E-09	1.97886891085124E-11	0.993914497864506	3.04154304512814E-10	2.35422825564891E-11	1.30647118148859	1.29228558107386E-12	3.01572955403384E-10	339.376990291474	1E10	1E-30	1E-10	1E10	1E-30	1E-10	1E10	1E-30	1E-10	1E10	1E-30	1E-10	1E10	1E-30	1E-10	1E10	1E-30	1E-10	1E10	1E-30	1E-10	1E10	1E-30	1E-10	1E10	1E-30	1E-10	1E10	1E-30	1E-10	1E10	1E-30	1E-10
119	2.69999999999999E-10	1E10	1E10	1E-30	5.08048722235517E-11	1E10	1E-30	1E10	6.89611199784805E-02	1E-30	5.68931921785674E-11	1.90223433916435	1.03940686985217E-09	1.97886891085124E-11	0.993914497864506	3.04154304512814E-10	2.35422825564891E-11	1.30647118148859	1.29228558107386E-12	3.01572955403384E-10	339.376990291474	1E10	1E-30	1E-10	1E10	1E-30	1E-10	1E10	1E-30	1E-10	1E10	1E-30	1E-10	1E10	1E-30	1E-10	1E10	1E-30	1E-10	1E10	1E-30	1E-10	1E10	1E-30	1E-10	1E10	1E-30	1E-10	1E10	1E-30	1E-10	1E10	1E-30	1E-10
120	2.7E-10	1E10	1E10	1E-30	1.34970484087082E-10	1E10	1E-30	1E10	6.56753578377096E-02	1.01586789956532E-09	2.38226755363578E-11	1.24370022452268	2.65850676607906E-10	3.43536719766905E-11	2.08288384420455	1.22727450062825E-09	3.44804490314674E-12	0.28096130063102	2.53635762748772E-10	1.01051629472098E-11	0.883770215435866	1.20980979925592E-12	2.575628894554E-10	59.871272395716	1E10	1E-30	1E-10	1E10	1E-30	1E-10	1E10	1E-30	1E-10	1E10	1E-30	1E-10	1E10	1E-30	1E-10	1E10	1E-30	1E-10	1E10	1E-30	1E-10	1E10	1E-30	1E-10	1E10	1E-30	1E-10	1E10	1E-30	1E-10
121	2.7E-10	1E10	1E10	1E-30	1.34970484087082E-10	1E10	1E-30	1E10	6.56753578377096E-02	1.01586789956532E-09	2.38226755363578E-11	1.24370022452268	2.65850676607906E-10	3.43536719766905E-11	2.08288384420455	1.22727450062825E-09	3.44804490314674E-12	0.28096130063102	2.53635762748772E-10	1.01051629472098E-11	0.883770215435866	1.20980979925592E-12	2.575628894554E-10	59.871272395716	1E10	1E-30	1E-10	1E10	1E-30	1E-10	1E10	1E-30	1E-10	1E10	1E-30	1E-10	1E10	1E-30	1E-10	1E10	1E-30	1E-10	1E10	1E-30	1E-10	1E10	1E-30	1E-10	1E10	1E-30	1E-10	1E10	1E-30	1E-10
122	2.7E-10	1E10	1E10	1E-30	1.34970484087082E-10	1E10	1E-30	1E10	6.56753578377096E-02	1.01586789956532E-09	2.38226755363578E-11	1.24370022452268	2.65850676607906E-10	3.43536719766905E-11	2.08288384420455	1.22727450062825E-09	3.44804490314674E-12	0.28096130063102	2.53635762748772E-10	1.01051629472098E-11	0.883770215435866	1.20980979925592E-12	2.575628894554E-10	59.871272395716	1E10	1E-30	1E-10	1E10	1E-30	1E-10	1E10	1E-30	1E-10	1E10	1E-30	1E-10	1E10	1E-30	1E-10	1E10	1E-30	1E-10	1E10	1E-30	1E-10	1E10	1E-30	1E-10	1E10	1E-30	1E-10	1E10	1E-30	1E-10
123	2.7E-10	1E10	1E10	1E-30	4.81702317504909E-11	1E10	1E-30	1E10	5.28151196517016E-03	6.00581796702821E-09	1E10	592.728387921018	1E-30	5.93215223128146E-11	7.02562015576233E-02	9.96583382772038E-08	3.47628843144517E-11	1.73724634321917E-02	1.44241733550103E-09	1.75483853219197E-11	0.88350556426446	2.62793341393604E-10	3.62360817600109E-11	1.91171855810938	1.04718387582358E-10	2.42900961819455E-11	0.740582939912314	8.40764021947224E-13	4.00223382850845E-10	213.980038769856	1E10	1E-30	1E-10	1E10	1E-30	1E-10	1E10	1E-30	1E-10	1E10	1E-30	1E-10	1E10	1E-30	1E-10	1E10	1E-30	1E-10	1E10	1E-30	1E-10	1E10	1E-30	1E-10
124	2.7E-10	1E10	1E10	1E-30	4.81702317504909E-11	1E10	1E-30	1E10	5.28151196517016E-03	6.00581796702821E-09	1E10	592.728387921018	1E-30	5.93215223128146E-11	7.02562015576233E-02	9.96583382772038E-08	3.47628843144517E-11	1.73724634321917E-02	1.44241733550103E-09	1.75483853219197E-11	0.88350556426446	2.62793341393604E-10	3.62360817600109E-11	1.91171855810938	1.04718387582358E-10	2.42900961819455E-11	0.740582939912314	8.40764021947224E-13	4.00223382850845E-10	213.980038769856	1E10	1E-30	1E-10	1E10	1E-30	1E-10	1E10	1E-30	1E-10	1E10	1E-30	1E-10	1E10	1E-30	1E-10	1E10	1E-30	1E-10	1E10	1E-30	1E-10	1E10	1E-30	1E-10
125	2.7E-10	1E10	1E10	1E-30	4.81702317504909E-11	1E10	1E-30	1E10	5.28151196517016E-03	6.00581796702821E-09	1E10	592.728387921018	1E-30	5.93215223128146E-11	7.02562015576233E-02	9.96583382772038E-08	3.47628843144517E-11	1.73724634321917E-02	1.44241733550103E-09	1.75483853219197E-11	0.88350556426446	2.62793341393604E-10	3.62360817600109E-11	1.91171855810938	1.04718387582358E-10	2.42900961819455E-11	0.740582939912314	8.40764021947224E-13	4.00223382850845E-10	213.980038769856	1E10	1E-30	1E-10	1E10	1E-30	1E-10	1E10	1E-30	1E-10	1E10	1E-30	1E-10	1E10	1E-30	1E-10	1E10	1E-30	1E-10	1E10	1E-30	1E-10	1E10	1E-30	1E-10
126	2.7E-10	1E10	1E10	1E-30	1.17605098590287E-12	1E10	1E-30	1E10	9.79657033140651E-02	1E-30	1.20417865892908E-10	4.60688525346411	2.59963203539962E-09	1.50162220131725E-11	0.390119284048622	4.02806774962818E-10	4.23146238289868E-11	1.25603573250294	1.00301412201741E-12	4.64294384785687E-10	719.474558899315	1E10	1E-30	1E-10	1E10	1E-30	1E-10	1E10	1E-30	1E-10	1E10	1E-30	1E-10	1E10	1E-30	1E-10	1E10	1E-30	1E-10	1E10	1E-30	1E-10	1E10	1E-30	1E-10	1E10	1E-30	1E-10	1E10	1E-30	1E-10	1E10	1E-30	1E-10
127	3.29999999999999E-10	1E10	1E10	1E-30	1.31240410809706E-10	1E10	1E-30	1E10	7.44303636445688E-02	1E-30	9.16484765125296E-12	2.81498204793688E-02	7.76751997445672E-10	1.54467090682854E-11	0.265681865437648	1.0169041856409E-10	2.86474963256216E-11	0.881109733706511	3.27173933833824E-10	3.00887441277991E-12	0.567473874518233	7.37505663851184E-12	4.30073438308046E-11	8.97479993336414	8.08402556387835E-13	3.21222743864156E-10	1E5	1E10	1E-30	1E-10	1E10	1E-30	1E-10	1E10	1E-30	1E-10	1E10	1E-30	1E-10	1E10	1E-30	1E-10	1E10	1E-30	1E-10	1E10	1E-30	1E-10	1E10	1E-30	1E-10	1E10	1E-30	1E-10
128	3.29999999999999E-10	1E10	1E10	1E-30	1.31240410809706E-10	1E10	1E-30	1E10	7.44303636445688E-02	1E-30	9.16484765125296E-12	2.81498204793688E-02	7.76751997445672E-10	1.54467090682854E-11	0.265681865437648	1.0169041856409E-10	2.86474963256216E-11	0.881109733706511	3.27173933833824E-10	3.00887441277991E-12	0.567473874518233	7.37505663851184E-12	4.30073438308046E-11	8.97479993336414	8.08402556387835E-13	3.21222743864156E-10	1E5	1E10	1E-30	1E-10	1E10	1E-30	1E-10	1E10	1E-30	1E-10	1E10	1E-30	1E-10	1E10	1E-30	1E-10	1E10	1E-30	1E-10	1E10	1E-30	1E-10	1E10	1E-30	1E-10	1E10	1E-30	1E-10
129	3.29999999999999E-10	1E10	1E10	1E-30	1.31240410809706E-10	1E10	1E-30	1E10	7.44303636445688E-02	1E-30	9.16484765125296E-12	2.81498204793688E-02	7.76751997445672E-10	1.54467090682854E-11	0.265681865437648	1.0169041856409E-10	2.86474963256216E-11	0.881109733706511	3.27173933833824E-10	3.00887441277991E-12	0.567473874518233	7.37505663851184E-12	4.30073438308046E-11	8.97479993336414	8.08402556387835E-13	3.21222743864156E-10	1E5	1E10	1E-30	1E-10	1E10	1E-30	1E-10	1E10	1E-30	1E-10	1E10	1E-30	1E-10	1E10	1E-30	1E-10	1E10	1E-30	1E-10	1E10	1E-30	1E-10	1E10	1E-30	1E-10	1E10	1E-30	1E-10
130	3.3E-10	1E10	1E10	1E-30	1.47588470676074E-10	1E10	1E-30	1E10	6.35090927731784E-02	1.20152291376209E-09	2.59911574062637E-11	1.541315687229	3.37076039014755E-10	3.77379567631184E-11	2.10305429902534	1.2766516743466E-09	4.72019828151081E-12	0.399558868671264	2.43114290339858E-10	1.44937330258353E-11	1.02920027791638	1.35189466667973E-12	2.14412931075153E-10	54.6112543602504	1E10	1E-30	1E-10	1E10	1E-30	1E-10	1E10	1E-30	1E-10	1E10	1E-30	1E-10	1E10	1E-30	1E-10	1E10	1E-30	1E-10	1E10	1E-30	1E-10	1E10	1E-30	1E-10	1E10	1E-30	1E-10	1E10	1E-30	1E-10
131	3.3E-10	1E10	1E10	1E-30	1.47588470676074E-10	1E10	1E-30	1E10	6.35090927731784E-02	1.20152291376209E-09	2.59911574062637E-11	1.541315687229	3.37076039014755E-10	3.77379567631184E-11	2.10305429902534	1.2766516743466E-09	4.72019828151081E-12	0.399558868671264	2.43114290339858E-10	1.44937330258353E-11	1.02920027791638	1.35189466667973E-12	2.14412931075153E-10	54.6112543602504	1E10	1E-30	1E-10	1E10	1E-30	1E-10	1E10	1E-30	1E-10	1E10	1E-30	1E-10	1E10	1E-30	1E-10	1E10	1E-30	1E-10	1E10	1E-30	1E-10	1E10	1E-30	1E-10	1E10	1E-30	1E-10	1E10	1E-30	1E-10
132	3.3E-10	1E10	1E10	1E-30	1.47588470676074E-10	1E10	1E-30	1E10	6.35090927731784E-02	1.20152291376209E-09	2.59911574062637E-11	1.541315687229	3.37076039014755E-10	3.77379567631184E-11	2.10305429902534	1.2766516743466E-09	4.72019828151081E-12	0.399558868671264	2.43114290339858E-10	1.44937330258353E-11	1.02920027791638	1.35189466667973E-12	2.14412931075153E-10	54.6112543602504	1E10	1E-30	1E-10	1E10	1E-30	1E-10	1E10	1E-30	1E-10	1E10	1E-30	1E-10	1E10	1E-30	1E-10	1E10	1E-30	1E-10	1E10	1E-30	1E-10	1E10	1E-30	1E-10	1E10	1E-30	1E-10	1E10	1E-30	1E-10
133	3.3E-10	1E10	1E10	1E-30	1.41498348383127E-10	1E10	1E-30	1E10	5.2341862276787E-03	3.697355321149E-08	1E10	10.3166026467556	1E-30	6.68803928761175E-11	6.65806572820039E-02	1.31126718166992E-07	3.85567267844058E-11	1.76094227264849E-02	2.90846414309753E-09	8.91815660042851E-12	0.30399230051139	3.19478006830124E-10	2.75581486880132E-11	0.915877338331322	2.63159100615139E-11	3.74809810899068E-11	0.766033765735904	7.75735509836197E-13	3.77641093411764E-10	504.690114972469	1E10	1E-30	1E-10	1E10	1E-30	1E-10	1E10	1E-30	1E-10	1E10	1E-30	1E-10	1E10	1E-30	1E-10	1E10	1E-30	1E-10	1E10	1E-30	1E-10	1E10	1E-30	1E-10
134	3.3E-10	1E10	1E10	1E-30	1.41498348383127E-10	1E10	1E-30	1E10	5.2341862276787E-03	3.697355321149E-08	1E10	10.3166026467556	1E-30	6.68803928761175E-11	6.65806572820039E-02	1.31126718166992E-07	3.85567267844058E-11	1.76094227264849E-02	2.90846414309753E-09	8.91815660042851E-12	0.30399230051139	3.19478006830124E-10	2.75581486880132E-11	0.915877338331322	2.63159100615139E-11	3.74809810899068E-11	0.766033765735904	7.75735509836197E-13	3.77641093411764E-10	504.690114972469	1E10	1E-30	1E-10	1E10	1E-30	1E-10	1E10	1E-30	1E-10	1E10	1E-30	1E-10	1E10	1E-30	1E-10	1E10	1E-30	1E-10	1E10	1E-30	1E-10	1E10	1E-30	1E-10
135	3.3E-10	1E10	1E10	1E-30	1.41498348383127E-10	1E10	1E-30	1E10	5.2341862276787E-03	3.697355321149E-08	1E10	10.3166026467556	1E-30	6.68803928761175E-11	6.65806572820039E-02	1.31126718166992E-07	3.85567267844058E-11	1.76094227264849E-02	2.90846414309753E-09	8.91815660042851E-12	0.30399230051139	3.19478006830124E-10	2.75581486880132E-11	0.915877338331322	2.63159100615139E-11	3.74809810899068E-11	0.766033765735904	7.75735509836197E-13	3.77641093411764E-10	504.690114972469	1E10	1E-30	1E-10	1E10	1E-30	1E-10	1E10	1E-30	1E-10	1E10	1E-30	1E-10	1E10	1E-30	1E-10	1E10	1E-30	1E-10	1E10	1E-30	1E-10	1E10	1E-30	1E-10
136	3.3E-10	1E10	1E10	1E-30	6.17195289197865E-12	1E10	1E-30	1E10	8.73523943863711E-02	1E-30	1.07778729103564E-10	1.37617069255722	1.28217043662533E-08	3.47742832414147E-12	0.111690244312893	7.09022623964499E-10	2.52691096293132E-11	0.713635990804743	7.31052605490708E-13	6.09178809942846E-10	858.373237198524	1E10	1E-30	1E-10	1E10	1E-30	1E-10	1E10	1E-30	1E-10	1E10	1E-30	1E-10	1E10	1E-30	1E-10	1E10	1E-30	1E-10	1E10	1E-30	1E-10	1E10	1E-30	1E-10	1E10	1E-30	1E-10	1E10	1E-30	1E-10	1E10	1E-30	1E-10
137	3.89999999999999E-10	1E10	1E10	1E-30	1.23026877081238E-10	1E10	1E-30	1E10	5.29380645294922E-02	1E-30	3.18733901313528E-11	0.768157863650289	1E-30	2.05123193624349E-11	3.64459268607231E-02	1.60851298615905E-09	1.07460715649246E-11	0.216580351554558	3.52504145027289E-10	1.37992867789326E-11	0.528774874406989	1.46168497756122E-12	3.22771719547464E-10	346.736850452531	1E10	1E-30	1E-10	1E10	1E-30	1E-10	1E10	1E-30	1E-10	1E10	1E-30	1E-10	1E10	1E-30	1E-10	1E10	1E-30	1E-10	1E10	1E-30	1E-10	1E10	1E-30	1E-10	1E10	1E-30	1E-10	1E10	1E-30	1E-10
138	3.89999999999999E-10	1E10	1E10	1E-30	1.23026877081238E-10	1E10	1E-30	1E10	5.29380645294922E-02	1E-30	3.18733901313528E-11	0.768157863650289	1E-30	2.05123193624349E-11	3.64459268607231E-02	1.60851298615905E-09	1.07460715649246E-11	0.216580351554558	3.52504145027289E-10	1.37992867789326E-11	0.528774874406989	1.46168497756122E-12	3.22771719547464E-10	346.736850452531	1E10	1E-30	1E-10	1E10	1E-30	1E-10	1E10	1E-30	1E-10	1E10	1E-30	1E-10	1E10	1E-30	1E-10	1E10	1E-30	1E-10	1E10	1E-30	1E-10	1E10	1E-30	1E-10	1E10	1E-30	1E-10	1E10	1E-30	1E-10
139	3.9E-10	1E10	1E10	1E-30	1.18073979265486E-10	1E10	1E-30	1E10	4.49169178915894E-03	1.28624743170932E-08	1E10	91.6438597299838	1E-30	6.37914064805682E-11	7.52529205620165E-02	7.99241059495721E-08	5.21136698966727E-11	2.02160945794115E-02	2.84430838523761E-09	1.11778952191891E-11	0.378487172407711	3.4047449733677E-10	3.29746296404836E-11	1.07692544716634	2.07339382704174E-10	1.28672760485876E-11	0.380585299315519	8.68936814101508E-13	4.04483320145276E-10	123.895470283306	1E10	1E-30	1E-10	1E10	1E-30	1E-10	1E10	1E-30	1E-10	1E10	1E-30	1E-10	1E10	1E-30	1E-10	1E10	1E-30	1E-10	1E10	1E-30	1E-10	1E10	1E-30	1E-10
140	3.9E-10	1E10	1E10	1E-30	1.18073979265486E-10	1E10	1E-30	1E10	4.49169178915894E-03	1.28624743170932E-08	1E10	91.6438597299838	1E-30	6.37914064805682E-11	7.52529205620165E-02	7.99241059495721E-08	5.21136698966727E-11	2.02160945794115E-02	2.84430838523761E-09	1.11778952191891E-11	0.378487172407711	3.4047449733677E-10	3.29746296404836E-11	1.07692544716634	2.07339382704174E-10	1.28672760485876E-11	0.380585299315519	8.68936814101508E-13	4.04483320145276E-10	123.895470283306	1E10	1E-30	1E-10	1E10	1E-30	1E-10	1E10	1E-30	1E-10	1E10	1E-30	1E-10	1E10	1E-30	1E-10	1E10	1E-30	1E-10	1E10	1E-30	1E-10	1E10	1E-30	1E-10
141	3.9E-10	1E10	1E10	1E-30	1.18073979265486E-10	1E10	1E-30	1E10	4.49169178915894E-03	1.28624743170932E-08	1E10	91.6438597299838	1E-30	6.37914064805682E-11	7.52529205620165E-02	7.99241059495721E-08	5.21136698966727E-11	2.02160945794115E-02	2.84430838523761E-09	1.11778952191891E-11	0.378487172407711	3.4047449733677E-10	3.29746296404836E-11	1.07692544716634	2.07339382704174E-10	1.28672760485876E-11	0.380585299315519	8.68936814101508E-13	4.04483320145276E-10	123.895470283306	1E10	1E-30	1E-10	1E10	1E-30	1E-10	1E10	1E-30	1E-10	1E10	1E-30	1E-10	1E10	1E-30	1E-10	1E10	1E-30	1E-10	1E10	1E-30	1E-10	1E10	1E-30	1E-10
142	3.9E-10	1E10	1E10	1E-30	1.18073979265486E-10	1E10	1E-30	1E10	4.49169178915894E-03	1.28624743170932E-08	1E10	91.6438597299838	1E-30	6.37914064805682E-11	7.52529205620165E-02	7.99241059495721E-08	5.21136698966727E-11	2.02160945794115E-02	2.84430838523761E-09	1.11778952191891E-11	0.378487172407711	3.4047449733677E-10	3.29746296404836E-11	1.07692544716634	2.07339382704174E-10	1.28672760485876E-11	0.380585299315519	8.68936814101508E-13	4.04483320145276E-10	123.895470283306	1E10	1E-30	1E-10	1E10	1E-30	1E-10	1E10	1E-30	1E-10	1E10	1E-30	1E-10	1E10	1E-30	1E-10	1E10	1E-30	1E-10	1E10	1E-30	1E-10	1E10	1E-30	1E-10
143	3.9E-10	1E10	1E10	1E-30	1.18073979265486E-10	1E10	1E-30	1E10	4.49169178915894E-03	1.28624743170932E-08	1E10	91.6438597299838	1E-30	6.37914064805682E-11	7.52529205620165E-02	7.99241059495721E-08	5.21136698966727E-11	2.02160945794115E-02	2.84430838523761E-09	1.11778952191891E-11	0.378487172407711	3.4047449733677E-10	3.29746296404836E-11	1.07692544716634	2.07339382704174E-10	1.28672760485876E-11	0.380585299315519	8.68936814101508E-13	4.04483320145276E-10	123.895470283306	1E10	1E-30	1E-10	1E10	1E-30	1E-10	1E10	1E-30	1E-10	1E10	1E-30	1E-10	1E10	1E-30	1E-10	1E10	1E-30	1E-10	1E10	1E-30	1E-10	1E10	1E-30	1E-10
144	3.9E-10	1E10	1E10	1E-30	1.18073979265486E-10	1E10	1E-30	1E10	4.49169178915894E-03	1.28624743170932E-08	1E10	91.6438597299838	1E-30	6.37914064805682E-11	7.52529205620165E-02	7.99241059495721E-08	5.21136698966727E-11	2.02160945794115E-02	2.84430838523761E-09	1.11778952191891E-11	0.378487172407711	3.4047449733677E-10	3.29746296404836E-11	1.07692544716634	2.07339382704174E-10	1.28672760485876E-11	0.380585299315519	8.68936814101508E-13	4.04483320145276E-10	123.895470283306	1E10	1E-30	1E-10	1E10	1E-30	1E-10	1E10	1E-30	1E-10	1E10	1E-30	1E-10	1E10	1E-30	1E-10	1E10	1E-30	1E-10	1E10	1E-30	1E-10	1E10	1E-30	1E-10
145	3.89999999999999E-10	1E10	1E10	1E-30	5.40412413465345E-12	1E10	1E-30	1E10	8.08542766495869E-02	1E-30	1.03676014565295E-10	1.59886452322317	6.59250608338258E-09	8.24877848913332E-12	0.147847899234966	6.00953168260961E-10	3.95889122293631E-11	0.781555687625915	9.20833983988722E-13	5.4348300467855E-10	951.748076346284	1E10	1E-30	1E-10	1E10	1E-30	1E-10	1E10	1E-30	1E-10	1E10	1E-30	1E-10	1E10	1E-30	1E-10	1E10	1E-30	1E-10	1E10	1E-30	1E-10	1E10	1E-30	1E-10	1E10	1E-30	1E-10	1E10	1E-30	1E-10	1E10	1E-30	1E-10
146	4.7E-10	1E10	1E10	1E-30	1.81588422927853E-11	1E10	1E-30	1E10	0.06	1E-30	4.80561353280543E-11	1.43785144851026	1.37112646785996E-09	1.74472592019893E-11	0.285756492847376	2.63024934105195E-10	2.63514573046815E-11	0.611055216702792	2.12194178755088E-11	2.1047372641132E-11	2.58961015770058	5.31336202179962E-13	3.93800041542993E-10	1E5	1E10	1E-30	1E-10	1E10	1E-30	1E-10	1E10	1E-30	1E-10	1E10	1E-30	1E-10	1E10	1E-30	1E-10	1E10	1E-30	1E-10	1E10	1E-30	1E-10	1E10	1E-30	1E-10	1E10	1E-30	1E-10	1E10	1E-30	1E-10
147	4.7E-10	1E10	1E10	1E-30	1.81588422927853E-11	1E10	1E-30	1E10	0.06	1E-30	4.80561353280543E-11	1.43785144851026	1.37112646785996E-09	1.74472592019893E-11	0.285756492847376	2.63024934105195E-10	2.63514573046815E-11	0.611055216702792	2.12194178755088E-11	2.1047372641132E-11	2.58961015770058	5.31336202179962E-13	3.93800041542993E-10	1E5	1E10	1E-30	1E-10	1E10	1E-30	1E-10	1E10	1E-30	1E-10	1E10	1E-30	1E-10	1E10	1E-30	1E-10	1E10	1E-30	1E-10	1E10	1E-30	1E-10	1E10	1E-30	1E-10	1E10	1E-30	1E-10	1E10	1E-30	1E-10
148	4.7E-10	1E10	1E10	1E-30	1.81588422927853E-11	1E10	1E-30	1E10	0.06	1E-30	4.80561353280543E-11	1.43785144851026	1.37112646785996E-09	1.74472592019893E-11	0.285756492847376	2.63024934105195E-10	2.63514573046815E-11	0.611055216702792	2.12194178755088E-11	2.1047372641132E-11	2.58961015770058	5.31336202179962E-13	3.93800041542993E-10	1E5	1E10	1E-30	1E-10	1E10	1E-30	1E-10	1E10	1E-30	1E-10	1E10	1E-30	1E-10	1E10	1E-30	1E-10	1E10	1E-30	1E-10	1E10	1E-30	1E-10	1E10	1E-30	1E-10	1E10	1E-30	1E-10	1E10	1E-30	1E-10
149	4.7E-10	1E10	1E10	1E-30	9.45138132947845E-11	1E10	1E-30	1E10	3.98677108213027E-03	1.49029021123095E-07	1E10	0.950948600591531	1E-30	5.6100310650092E-11	6.72440370741635E-02	8.10011215994003E-08	5.19158916514752E-11	1.88341176292697E-02	3.01486492103029E-09	1.45014652868217E-11	0.434536957853189	4.88670438575823E-10	3.37361194801069E-11	1.14048670740857	2.38566871262903E-10	1.9280993992353E-11	0.522404706468905	2.94852730276585E-10	5.18713050083896E-12	0.252868678131853	7.58330852515959E-13	3.84541916416546E-10	297.960476231367	1E10	1E-30	1E-10	1E10	1E-30	1E-10	1E10	1E-30	1E-10	1E10	1E-30	1E-10	1E10	1E-30	1E-10	1E10	1E-30	1E-10	1E10	1E-30	1E-10
150	4.7E-10	1E10	1E10	1E-30	9.45138132947845E-11	1E10	1E-30	1E10	3.98677108213027E-03	1.49029021123095E-07	1E10	0.950948600591531	1E-30	5.6100310650092E-11	6.72440370741635E-02	8.10011215994003E-08	5.19158916514752E-11	1.88341176292697E-02	3.01486492103029E-09	1.45014652868217E-11	0.434536957853189	4.88670438575823E-10	3.37361194801069E-11	1.14048670740857	2.38566871262903E-10	1.9280993992353E-11	0.522404706468905	2.94852730276585E-10	5.18713050083896E-12	0.252868678131853	7.58330852515959E-13	3.84541916416546E-10	297.960476231367	1E10	1E-30	1E-10	1E10	1E-30	1E-10	1E10	1E-30	1E-10	1E10	1E-30	1E-10	1E10	1E-30	1E-10	1E10	1E-30	1E-10	1E10	1E-30	1E-10
151	4.7E-10	1E10	1E10	1E-30	9.45138132947845E-11	1E10	1E-30	1E10	3.98677108213027E-03	1.49029021123095E-07	1E10	0.950948600591531	1E-30	5.6100310650092E-11	6.72440370741635E-02	8.10011215994003E-08	5.19158916514752E-11	1.88341176292697E-02	3.01486492103029E-09	1.45014652868217E-11	0.434536957853189	4.88670438575823E-10	3.37361194801069E-11	1.14048670740857	2.38566871262903E-10	1.9280993992353E-11	0.522404706468905	2.94852730276585E-10	5.18713050083896E-12	0.252868678131853	7.58330852515959E-13	3.84541916416546E-10	297.960476231367	1E10	1E-30	1E-10	1E10	1E-30	1E-10	1E10	1E-30	1E-10	1E10	1E-30	1E-10	1E10	1E-30	1E-10	1E10	1E-30	1E-10	1E10	1E-30	1E-10
152	4.7E-10	1E10	1E10	1E-30	1.94764637109717E-10	1E10	1E-30	1E10	4.27258073862226E-04	2.92433110704051E-08	1E10	21.154431004663	1E-30	5.32306555565757E-11	1.10758050864524	1E-30	1.21638150406476E-10	5.17928664042825E-02	3.30853531965692E-09	1.38370646712296E-11	0.489280633787885	5.14946147265977E-10	3.29430667477261E-11	1.14671423314718	4.7377520049288E-10	9.51633657648782E-12	0.338325138226826	1.1424430147487E-12	2.76245204569768E-10	117.347469460025	1E10	1E-30	1E-10	1E10	1E-30	1E-10	1E10	1E-30	1E-10	1E10	1E-30	1E-10	1E10	1E-30	1E-10	1E10	1E-30	1E-10	1E10	1E-30	1E-10	1E10	1E-30	1E-10
153	4.7E-10	1E10	1E10	1E-30	1.94764637109717E-10	1E10	1E-30	1E10	4.27258073862226E-04	2.92433110704051E-08	1E10	21.154431004663	1E-30	5.32306555565757E-11	1.10758050864524	1E-30	1.21638150406476E-10	5.17928664042825E-02	3.30853531965692E-09	1.38370646712296E-11	0.489280633787885	5.14946147265977E-10	3.29430667477261E-11	1.14671423314718	4.7377520049288E-10	9.51633657648782E-12	0.338325138226826	1.1424430147487E-12	2.76245204569768E-10	117.347469460025	1E10	1E-30	1E-10	1E10	1E-30	1E-10	1E10	1E-30	1E-10	1E10	1E-30	1E-10	1E10	1E-30	1E-10	1E10	1E-30	1E-10	1E10	1E-30	1E-10	1E10	1E-30	1E-10
154	4.7E-10	1E10	1E10	1E-30	1.94764637109717E-10	1E10	1E-30	1E10	4.27258073862226E-04	2.92433110704051E-08	1E10	21.154431004663	1E-30	5.32306555565757E-11	1.10758050864524	1E-30	1.21638150406476E-10	5.17928664042825E-02	3.30853531965692E-09	1.38370646712296E-11	0.489280633787885	5.14946147265977E-10	3.29430667477261E-11	1.14671423314718	4.7377520049288E-10	9.51633657648782E-12	0.338325138226826	1.1424430147487E-12	2.76245204569768E-10	117.347469460025	1E10	1E-30	1E-10	1E10	1E-30	1E-10	1E10	1E-30	1E-10	1E10	1E-30	1E-10	1E10	1E-30	1E-10	1E10	1E-30	1E-10	1E10	1E-30	1E-10	1E10	1E-30	1E-10
155	4.69999999999999E-10	1E10	1E10	1E-30	4.03635203424711E-11	1E10	1E-30	1E10	6.63448984885047E-02	1E-30	8.47043457987764E-11	1.30628838336755	7.45823486877451E-09	9.39299572846425E-12	0.188571541409023	7.11054996406564E-10	4.41073540425116E-11	0.831567226354241	9.51895774389391E-13	4.90656896686982E-10	1270.90751466771	1E10	1E-30	1E-10	1E10	1E-30	1E-10	1E10	1E-30	1E-10	1E10	1E-30	1E-10	1E10	1E-30	1E-10	1E10	1E-30	1E-10	1E10	1E-30	1E-10	1E10	1E-30	1E-10	1E10	1E-30	1E-10	1E10	1E-30	1E-10	1E10	1E-30	1E-10
156	5.59999999999999E-10	1E10	1E10	1E-30	1.06014966094082E-10	1E10	1E-30	1E10	3.60156002661213E-02	1E-30	3.0816008975878E-11	0.534895763980856	1E-30	2.97198991452081E-11	2.77952722799597E-02	2.77262703815266E-09	1.167646375658E-11	0.263137150479271	3.93346043043897E-10	2.59989443243327E-11	0.546351608811808	1.37956218829662E-12	3.17235497432509E-10	324.692729838727	1E10	1E-30	1E-10	1E10	1E-30	1E-10	1E10	1E-30	1E-10	1E10	1E-30	1E-10	1E10	1E-30	1E-10	1E10	1E-30	1E-10	1E10	1E-30	1E-10	1E10	1E-30	1E-10	1E10	1E-30	1E-10	1E10	1E-30	1E-10
157	5.59999999999999E-10	1E10	1E10	1E-30	1.06014966094082E-10	1E10	1E-30	1E10	3.60156002661213E-02	1E-30	3.0816008975878E-11	0.534895763980856	1E-30	2.97198991452081E-11	2.77952722799597E-02	2.77262703815266E-09	1.167646375658E-11	0.263137150479271	3.93346043043897E-10	2.59989443243327E-11	0.546351608811808	1.37956218829662E-12	3.17235497432509E-10	324.692729838727	1E10	1E-30	1E-10	1E10	1E-30	1E-10	1E10	1E-30	1E-10	1E10	1E-30	1E-10	1E10	1E-30	1E-10	1E10	1E-30	1E-10	1E10	1E-30	1E-10	1E10	1E-30	1E-10	1E10	1E-30	1E-10	1E10	1E-30	1E-10
158	5.6E-10	1E10	1E10	1E-30	6.530828922148E-15	1E10	1E-30	1E10	6.87269739446754E-03	1.36337425154583E-06	1E10	1.08846082978788E-02	1E-30	3.69410891302987E-11	0.822324024836975	8.25936456023845E-09	7.28924938162627E-11	3.47879159171877E-02	2.86761576324579E-09	2.03496254868696E-11	0.532860649042272	6.0947752964736E-10	3.83265157719677E-11	1.04646573226652	2.90325725437865E-10	2.13322785289404E-11	0.434663120152595	6.68135711374593E-13	4.37546414478766E-10	388.286865631599	1E10	1E-30	1E-10	1E10	1E-30	1E-10	1E10	1E-30	1E-10	1E10	1E-30	1E-10	1E10	1E-30	1E-10	1E10	1E-30	1E-10	1E10	1E-30	1E-10	1E10	1E-30	1E-10
159	5.6E-10	1E10	1E10	1E-30	6.530828922148E-15	1E10	1E-30	1E10	6.87269739446754E-03	1.36337425154583E-06	1E10	1.08846082978788E-02	1E-30	3.69410891302987E-11	0.822324024836975	8.25936456023845E-09	7.28924938162627E-11	3.47879159171877E-02	2.86761576324579E-09	2.03496254868696E-11	0.532860649042272	6.0947752964736E-10	3.83265157719677E-11	1.04646573226652	2.90325725437865E-10	2.13322785289404E-11	0.434663120152595	6.68135711374593E-13	4.37546414478766E-10	388.286865631599	1E10	1E-30	1E-10	1E10	1E-30	1E-10	1E10	1E-30	1E-10	1E10	1E-30	1E-10	1E10	1E-30	1E-10	1E10	1E-30	1E-10	1E10	1E-30	1E-10	1E10	1E-30	1E-10
160	5.6E-10	1E10	1E10	1E-30	6.530828922148E-15	1E10	1E-30	1E10	6.87269739446754E-03	1.36337425154583E-06	1E10	1.08846082978788E-02	1E-30	3.69410891302987E-11	0.822324024836975	8.25936456023845E-09	7.28924938162627E-11	3.47879159171877E-02	2.86761576324579E-09	2.03496254868696E-11	0.532860649042272	6.0947752964736E-10	3.83265157719677E-11	1.04646573226652	2.90325725437865E-10	2.13322785289404E-11	0.434663120152595	6.68135711374593E-13	4.37546414478766E-10	388.286865631599	1E10	1E-30	1E-10	1E10	1E-30	1E-10	1E10	1E-30	1E-10	1E10	1E-30	1E-10	1E10	1E-30	1E-10	1E10	1E-30	1E-10	1E10	1E-30	1E-10	1E10	1E-30	1E-10
161	5.6E-10	1E10	1E10	1E-30	1.76867587388576E-10	1E10	1E-30	1E10	1.27289518212783E-02	8.90388840777495E-07	1E10	1.66666449666326E-02	1E-30	8.56390984662322E-11	3.49025666023018E-02	3.64472582067474E-09	1.55066108884458E-11	0.48829408165563	5.93028198894686E-10	3.78299278566624E-11	1.06986990323848	3.24219323164598E-10	1.83868829546159E-11	0.451598297544676	3.66077378690119E-12	8.04035822997813E-11	4.94811135964944	1.37576738130127E-12	2.11961704622231E-10	1351.36080970262	1E10	1E-30	1E-10	1E10	1E-30	1E-10	1E10	1E-30	1E-10	1E10	1E-30	1E-10	1E10	1E-30	1E-10	1E10	1E-30	1E-10	1E10	1E-30	1E-10	1E10	1E-30	1E-10
162	5.6E-10	1E10	1E10	1E-30	1.76867587388576E-10	1E10	1E-30	1E10	1.27289518212783E-02	8.90388840777495E-07	1E10	1.66666449666326E-02	1E-30	8.56390984662322E-11	3.49025666023018E-02	3.64472582067474E-09	1.55066108884458E-11	0.48829408165563	5.93028198894686E-10	3.78299278566624E-11	1.06986990323848	3.24219323164598E-10	1.83868829546159E-11	0.451598297544676	3.66077378690119E-12	8.04035822997813E-11	4.94811135964944	1.37576738130127E-12	2.11961704622231E-10	1351.36080970262	1E10	1E-30	1E-10	1E10	1E-30	1E-10	1E10	1E-30	1E-10	1E10	1E-30	1E-10	1E10	1E-30	1E-10	1E10	1E-30	1E-10	1E10	1E-30	1E-10	1E10	1E-30	1E-10
163	5.6E-10	1E10	1E10	1E-30	1.76867587388576E-10	1E10	1E-30	1E10	1.27289518212783E-02	8.90388840777495E-07	1E10	1.66666449666326E-02	1E-30	8.56390984662322E-11	3.49025666023018E-02	3.64472582067474E-09	1.55066108884458E-11	0.48829408165563	5.93028198894686E-10	3.78299278566624E-11	1.06986990323848	3.24219323164598E-10	1.83868829546159E-11	0.451598297544676	3.66077378690119E-12	8.04035822997813E-11	4.94811135964944	1.37576738130127E-12	2.11961704622231E-10	1351.36080970262	1E10	1E-30	1E-10	1E10	1E-30	1E-10	1E10	1E-30	1E-10	1E10	1E-30	1E-10	1E10	1E-30	1E-10	1E10	1E-30	1E-10	1E10	1E-30	1E-10	1E10	1E-30	1E-10
164	5.59999999999999E-10	1E10	1E10	1E-30	7.43120811258078E-11	1E10	1E-30	1E10	7.24666157856655E-02	1E-30	9.33496034197541E-11	0.961329139884017	1.37890402479453E-08	5.23403648570573E-12	7.15036066586345E-02	9.38677930406031E-10	3.00606330600861E-11	0.520643390629154	8.71188486192538E-13	5.38676995503975E-10	1667.81181251575	1E10	1E-30	1E-10	1E10	1E-30	1E-10	1E10	1E-30	1E-10	1E10	1E-30	1E-10	1E10	1E-30	1E-10	1E10	1E-30	1E-10	1E10	1E-30	1E-10	1E10	1E-30	1E-10	1E10	1E-30	1E-10	1E10	1E-30	1E-10	1E10	1E-30	1E-10
165	6.8E-10	1E10	1E10	1E-30	3.19255791466929E-10	1E10	1E-30	1E10	0.045	1E-30	6.53221582425287E-11	1.48706718021718	2.07286307408358E-09	2.2357296566037E-11	0.416826846625584	5.36953137499323E-10	2.74742411864751E-11	0.667296244305761	3.55526177471848E-12	7.25266214269832E-11	1E5	1E10	1E-30	1E-10	1E10	1E-30	1E-10	1E10	1E-30	1E-10	1E10	1E-30	1E-10	1E10	1E-30	1E-10	1E10	1E-30	1E-10	1E10	1E-30	1E-10	1E10	1E-30	1E-10	1E10	1E-30	1E-10	1E10	1E-30	1E-10	1E10	1E-30	1E-10
166	6.8E-10	1E10	1E10	1E-30	3.19255791466929E-10	1E10	1E-30	1E10	0.045	1E-30	6.53221582425287E-11	1.48706718021718	2.07286307408358E-09	2.2357296566037E-11	0.416826846625584	5.36953137499323E-10	2.74742411864751E-11	0.667296244305761	3.55526177471848E-12	7.25266214269832E-11	1E5	1E10	1E-30	1E-10	1E10	1E-30	1E-10	1E10	1E-30	1E-10	1E10	1E-30	1E-10	1E10	1E-30	1E-10	1E10	1E-30	1E-10	1E10	1E-30	1E-10	1E10	1E-30	1E-10	1E10	1E-30	1E-10	1E10	1E-30	1E-10	1E10	1E-30	1E-10
167	6.8E-10	1E10	1E10	1E-30	2.52568829073138E-10	1E10	1E-30	1E10	1.10462186685116E-02	4.91875656115279E-07	1E10	3.01698091926146E-02	1E-30	1.72661564744163E-10	0.051430543018794	5.54259687719191E-09	9.29110964380062E-12	0.184280978149353	5.31703320694947E-10	3.15568759332585E-11	0.661833639000934	3.5141912590801E-10	1.28386933420922E-11	0.316076219123883	5.51956033983477E-12	6.80180078549559E-11	4.0688514478903	1.35566674049687E-12	2.16092640898975E-10	183.569035223396	1E10	1E-30	1E-10	1E10	1E-30	1E-10	1E10	1E-30	1E-10	1E10	1E-30	1E-10	1E10	1E-30	1E-10	1E10	1E-30	1E-10	1E10	1E-30	1E-10	1E10	1E-30	1E-10
168	6.8E-10	1E10	1E10	1E-30	2.52568829073138E-10	1E10	1E-30	1E10	1.10462186685116E-02	4.91875656115279E-07	1E10	3.01698091926146E-02	1E-30	1.72661564744163E-10	0.051430543018794	5.54259687719191E-09	9.29110964380062E-12	0.184280978149353	5.31703320694947E-10	3.15568759332585E-11	0.661833639000934	3.5141912590801E-10	1.28386933420922E-11	0.316076219123883	5.51956033983477E-12	6.80180078549559E-11	4.0688514478903	1.35566674049687E-12	2.16092640898975E-10	183.569035223396	1E10	1E-30	1E-10	1E10	1E-30	1E-10	1E10	1E-30	1E-10	1E10	1E-30	1E-10	1E10	1E-30	1E-10	1E10	1E-30	1E-10	1E10	1E-30	1E-10	1E10	1E-30	1E-10
169	6.8E-10	1E10	1E10	1E-30	2.52568829073138E-10	1E10	1E-30	1E10	1.10462186685116E-02	4.91875656115279E-07	1E10	3.01698091926146E-02	1E-30	1.72661564744163E-10	0.051430543018794	5.54259687719191E-09	9.29110964380062E-12	0.184280978149353	5.31703320694947E-10	3.15568759332585E-11	0.661833639000934	3.5141912590801E-10	1.28386933420922E-11	0.316076219123883	5.51956033983477E-12	6.80180078549559E-11	4.0688514478903	1.35566674049687E-12	2.16092640898975E-10	183.569035223396	1E10	1E-30	1E-10	1E10	1E-30	1E-10	1E10	1E-30	1E-10	1E10	1E-30	1E-10	1E10	1E-30	1E-10	1E10	1E-30	1E-10	1E10	1E-30	1E-10	1E10	1E-30	1E-10
170	6.8E-10	1E10	1E10	1E-30	1.53439226497855E-10	1E10	1E-30	1E10	2.5600071855926E-03	1.58427627860181E-06	1E10	9.36692349177055E-03	5.2575695085799E-09	9.52454902339695E-11	3.95904122944533E-02	3.77192951098164E-09	2.11701075665045E-11	0.619119813484126	1.01673899943407E-09	3.05864059691971E-11	1.02081318437958	4.44376821372614E-10	1.97219634039024E-11	0.308421562064945	8.96325514726438E-12	4.50536811261237E-11	0.954132870742095	8.52764361691741E-13	3.94591326935208E-10	563.050407858538	1E10	1E-30	1E-10	1E10	1E-30	1E-10	1E10	1E-30	1E-10	1E10	1E-30	1E-10	1E10	1E-30	1E-10	1E10	1E-30	1E-10	1E10	1E-30	1E-10	1E10	1E-30	1E-10
171	6.8E-10	1E10	1E10	1E-30	1.53439226497855E-10	1E10	1E-30	1E10	2.5600071855926E-03	1.58427627860181E-06	1E10	9.36692349177055E-03	5.2575695085799E-09	9.52454902339695E-11	3.95904122944533E-02	3.77192951098164E-09	2.11701075665045E-11	0.619119813484126	1.01673899943407E-09	3.05864059691971E-11	1.02081318437958	4.44376821372614E-10	1.97219634039024E-11	0.308421562064945	8.96325514726438E-12	4.50536811261237E-11	0.954132870742095	8.52764361691741E-13	3.94591326935208E-10	563.050407858538	1E10	1E-30	1E-10	1E10	1E-30	1E-10	1E10	1E-30	1E-10	1E10	1E-30	1E-10	1E10	1E-30	1E-10	1E10	1E-30	1E-10	1E10	1E-30	1E-10	1E10	1E-30	1E-10
172	6.8E-10	1E10	1E10	1E-30	1.53439226497855E-10	1E10	1E-30	1E10	2.5600071855926E-03	1.58427627860181E-06	1E10	9.36692349177055E-03	5.2575695085799E-09	9.52454902339695E-11	3.95904122944533E-02	3.77192951098164E-09	2.11701075665045E-11	0.619119813484126	1.01673899943407E-09	3.05864059691971E-11	1.02081318437958	4.44376821372614E-10	1.97219634039024E-11	0.308421562064945	8.96325514726438E-12	4.50536811261237E-11	0.954132870742095	8.52764361691741E-13	3.94591326935208E-10	563.050407858538	1E10	1E-30	1E-10	1E10	1E-30	1E-10	1E10	1E-30	1E-10	1E10	1E-30	1E-10	1E10	1E-30	1E-10	1E10	1E-30	1E-10	1E10	1E-30	1E-10	1E10	1E-30	1E-10
173	6.8E-10	1E10	1E10	1E-30	1.64502681860821E-11	1E10	1E-30	1E10	6.50917501835058E-02	1E-30	9.59971338190665E-11	1.05903913727075	1.27211538134975E-08	7.59054252074716E-12	0.10397287916608	1.15407394144093E-09	3.62087330868987E-11	0.579640666607895	7.35624625163913E-13	6.00942271171698E-10	718.312996722778	1E10	1E-30	1E-10	1E10	1E-30	1E-10	1E10	1E-30	1E-10	1E10	1E-30	1E-10	1E10	1E-30	1E-10	1E10	1E-30	1E-10	1E10	1E-30	1E-10	1E10	1E-30	1E-10	1E10	1E-30	1E-10	1E10	1E-30	1E-10	1E10	1E-30	1E-10
174	8.19999999999999E-10	1E10	1E10	1E-30	4.72980705179786E-11	1E10	1E-30	1E10	3.39005944998463E-02	1E-30	4.55124250503187E-11	0.549964721474238	1E-30	1.25555562260064E-11	2.01243182546724E-02	3.68603387715128E-09	1.61013785120835E-11	0.431337281909399	6.49124870329314E-10	3.03180791568271E-11	0.661875589034085	1.31762881712894E-12	3.27249631292784E-10	360.832225449873	1E10	1E-30	1E-10	1E10	1E-30	1E-10	1E10	1E-30	1E-10	1E10	1E-30	1E-10	1E10	1E-30	1E-10	1E10	1E-30	1E-10	1E10	1E-30	1E-10	1E10	1E-30	1E-10	1E10	1E-30	1E-10	1E10	1E-30	1E-10
175	8.19999999999999E-10	1E10	1E10	1E-30	4.72980705179786E-11	1E10	1E-30	1E10	3.39005944998463E-02	1E-30	4.55124250503187E-11	0.549964721474238	1E-30	1.25555562260064E-11	2.01243182546724E-02	3.68603387715128E-09	1.61013785120835E-11	0.431337281909399	6.49124870329314E-10	3.03180791568271E-11	0.661875589034085	1.31762881712894E-12	3.27249631292784E-10	360.832225449873	1E10	1E-30	1E-10	1E10	1E-30	1E-10	1E10	1E-30	1E-10	1E10	1E-30	1E-10	1E10	1E-30	1E-10	1E10	1E-30	1E-10	1E10	1E-30	1E-10	1E10	1E-30	1E-10	1E10	1E-30	1E-10	1E10	1E-30	1E-10
176	8.2E-10	1E10	1E10	1E-30	9.19525852948001E-11	1E10	1E-30	1E10	0.028795677380433	4.8107401390678E-07	1E10	3.08472173979567E-02	1E-30	5.98105787761335E-11	0.630132309760615	1E-30	7.13700460602337E-11	2.35655368712399E-02	1.12604470474627E-08	6.06617517108651E-12	0.184849982983868	1.0401354560733E-09	2.38149079566186E-11	0.500676618871251	8.38126549866762E-13	4.01482832272158E-10	212.846602045154	1E10	1E-30	1E-10	1E10	1E-30	1E-10	1E10	1E-30	1E-10	1E10	1E-30	1E-10	1E10	1E-30	1E-10	1E10	1E-30	1E-10	1E10	1E-30	1E-10	1E10	1E-30	1E-10	1E10	1E-30	1E-10
177	8.2E-10	1E10	1E10	1E-30	9.19525852948001E-11	1E10	1E-30	1E10	0.028795677380433	4.8107401390678E-07	1E10	3.08472173979567E-02	1E-30	5.98105787761335E-11	0.630132309760615	1E-30	7.13700460602337E-11	2.35655368712399E-02	1.12604470474627E-08	6.06617517108651E-12	0.184849982983868	1.0401354560733E-09	2.38149079566186E-11	0.500676618871251	8.38126549866762E-13	4.01482832272158E-10	212.846602045154	1E10	1E-30	1E-10	1E10	1E-30	1E-10	1E10	1E-30	1E-10	1E10	1E-30	1E-10	1E10	1E-30	1E-10	1E10	1E-30	1E-10	1E10	1E-30	1E-10	1E10	1E-30	1E-10	1E10	1E-30	1E-10
178	8.2E-10	1E10	1E10	1E-30	9.19525852948001E-11	1E10	1E-30	1E10	0.028795677380433	4.8107401390678E-07	1E10	3.08472173979567E-02	1E-30	5.98105787761335E-11	0.630132309760615	1E-30	7.13700460602337E-11	2.35655368712399E-02	1.12604470474627E-08	6.06617517108651E-12	0.184849982983868	1.0401354560733E-09	2.38149079566186E-11	0.500676618871251	8.38126549866762E-13	4.01482832272158E-10	212.846602045154	1E10	1E-30	1E-10	1E10	1E-30	1E-10	1E10	1E-30	1E-10	1E10	1E-30	1E-10	1E10	1E-30	1E-10	1E10	1E-30	1E-10	1E10	1E-30	1E-10	1E10	1E-30	1E-10	1E10	1E-30	1E-10
179	8.2E-10	1E10	1E10	1E-30	6.20891402921759E-11	1E10	1E-30	1E10	3.06578395093079E-03	2.07071537598427E-07	1E10	0.989253246469638	1E-30	5.43661498637783E-11	0.794460195309411	1E-30	1.07001246522305E-10	3.65068335069929E-02	5.11897654598885E-09	1.92684244305081E-11	0.596050651375346	1.20902389614285E-09	3.48176952635277E-11	1.07819851192851	1.09377398045935E-08	1.8077443949789E-12	8.58332106329365E-02	1.09798533058294E-09	1.13708013581636E-11	0.351140431703319	1.63426208616637E-09	3.08366538033837E-12	0.154663995931448	7.66480779034269E-13	4.41421411242953E-10	456.829137542879	1E10	1E-30	1E-10	1E10	1E-30	1E-10	1E10	1E-30	1E-10	1E10	1E-30	1E-10	1E10	1E-30	1E-10	1E10	1E-30	1E-10
180	8.2E-10	1E10	1E10	1E-30	6.20891402921759E-11	1E10	1E-30	1E10	3.06578395093079E-03	2.07071537598427E-07	1E10	0.989253246469638	1E-30	5.43661498637783E-11	0.794460195309411	1E-30	1.07001246522305E-10	3.65068335069929E-02	5.11897654598885E-09	1.92684244305081E-11	0.596050651375346	1.20902389614285E-09	3.48176952635277E-11	1.07819851192851	1.09377398045935E-08	1.8077443949789E-12	8.58332106329365E-02	1.09798533058294E-09	1.13708013581636E-11	0.351140431703319	1.63426208616637E-09	3.08366538033837E-12	0.154663995931448	7.66480779034269E-13	4.41421411242953E-10	456.829137542879	1E10	1E-30	1E-10	1E10	1E-30	1E-10	1E10	1E-30	1E-10	1E10	1E-30	1E-10	1E10	1E-30	1E-10	1E10	1E-30	1E-10
181	8.2E-10	1E10	1E10	1E-30	6.20891402921759E-11	1E10	1E-30	1E10	3.06578395093079E-03	2.07071537598427E-07	1E10	0.989253246469638	1E-30	5.43661498637783E-11	0.794460195309411	1E-30	1.07001246522305E-10	3.65068335069929E-02	5.11897654598885E-09	1.92684244305081E-11	0.596050651375346	1.20902389614285E-09	3.48176952635277E-11	1.07819851192851	1.09377398045935E-08	1.8077443949789E-12	8.58332106329365E-02	1.09798533058294E-09	1.13708013581636E-11	0.351140431703319	1.63426208616637E-09	3.08366538033837E-12	0.154663995931448	7.66480779034269E-13	4.41421411242953E-10	456.829137542879	1E10	1E-30	1E-10	1E10	1E-30	1E-10	1E10	1E-30	1E-10	1E10	1E-30	1E-10	1E10	1E-30	1E-10	1E10	1E-30	1E-10
182	8.2E-10	1E10	1E10	1E-30	4.53608143911584E-12	1E10	1E-30	1E10	5.30722049204029E-02	1E-30	9.76611702568429E-11	0.777645801174428	1.49382440997652E-08	8.43759550567939E-12	0.12194613892435	1.48134077577604E-09	3.77206541150302E-11	0.586089210649251	9.01055412963726E-13	5.38347419175337E-10	766.005441064875	1E10	1E-30	1E-10	1E10	1E-30	1E-10	1E10	1E-30	1E-10	1E10	1E-30	1E-10	1E10	1E-30	1E-10	1E10	1E-30	1E-10	1E10	1E-30	1E-10	1E10	1E-30	1E-10	1E10	1E-30	1E-10	1E10	1E-30	1E-10	1E10	1E-30	1E-10
183	9.81417817066685E-10	1E10	1E10	1E-30	3.16227766016837E-11	1E10	1E-30	1E10	2.28345333659487E-02	1.24369877839945E-08	8.79737471827524E-11	2.64513894541141E-02	3.71806399529305E-09	1.31845171592189E-11	0.136714665301801	5.4861574412399E-10	2.52697198946886E-11	0.33408946608462	4.72475811455005E-12	5.27673807459266E-11	0.820472931777002	5.35034882640426E-13	4.1880212369536E-10	91201.0839355909	1E10	1E-30	1E-10	1E10	1E-30	1E-10	1E10	1E-30	1E-10	1E10	1E-30	1E-10	1E10	1E-30	1E-10	1E10	1E-30	1E-10	1E10	1E-30	1E-10	1E10	1E-30	1E-10	1E10	1E-30	1E-10	1E10	1E-30	1E-10
184	1.00820106393099E-09	1E10	1E10	1E-30	8.62237503653304E-11	1E10	1E-30	1E10	1.73081112799571E-02	1E-30	5.19259797848614E-11	1.15853715426089	1E-30	7.80876830918135E-11	2.13956407782934E-02	1E-30	2.10132186099899E-11	2.07593523410771E-02	3.93670855063554E-09	1.19053066710385E-11	0.160212746981294	6.23026340364286E-10	2.17277742548287E-11	0.32633157323564	3.70791814909094E-11	9.45523382246985E-12	4.16222958067026	7.60536081390104E-13	3.66370307348198E-10	1E5	1E10	1E-30	1E-10	1E10	1E-30	1E-10	1E10	1E-30	1E-10	1E10	1E-30	1E-10	1E10	1E-30	1E-10	1E10	1E-30	1E-10	1E10	1E-30	1E-10	1E10	1E-30	1E-10
185	9.81417817066685E-10	1E10	1E10	1E-30	3.16227766016837E-11	1E10	1E-30	1E10	2.28345333659487E-02	1.24369877839945E-08	8.79737471827524E-11	2.64513894541141E-02	3.71806399529305E-09	1.31845171592189E-11	0.136714665301801	5.4861574412399E-10	2.52697198946886E-11	0.33408946608462	4.72475811455005E-12	5.27673807459266E-11	0.820472931777002	5.35034882640426E-13	4.1880212369536E-10	91201.0839355909	1E10	1E-30	1E-10	1E10	1E-30	1E-10	1E10	1E-30	1E-10	1E10	1E-30	1E-10	1E10	1E-30	1E-10	1E10	1E-30	1E-10	1E10	1E-30	1E-10	1E10	1E-30	1E-10	1E10	1E-30	1E-10	1E10	1E-30	1E-10
186	1E-9	1E10	1E10	1E-30	4.2675936832348E-10	1E10	1E-30	1E10	2.40331030432354E-02	6.24022120748822E-07	1E10	10986.9521700833	2.79483849479834E-06	1E10	250.022456905595	4.94551598401699E-06	1E10	32.55566095522	8.67267657298199E-06	1E10	3.70381797512053	6.29329206355637E-06	1E10	0.74777690176667	5.4619854344784E-06	1E10	8.73327418074285E-02	1E-30	8.28286527923542E-11	1.99855415888851	1E-30	4.94334885407603E-11	0.024119098438327	8.06223995278542E-09	1.09416559113908E-11	0.299921225161634	1.07550601098042E-09	2.99675456562423E-11	0.741146191531605	2.15666669418452E-09	4.41484314990771E-12	0.124648405756977	1E10	1E-30	1E-10	1E10	1E-30	1E-10	1E10	1E-30	1E-10	1E10	1E-30	1E-10
187	1E-9	1E10	1E10	1E-30	4.2675936832348E-10	1E10	1E-30	1E10	2.40331030432354E-02	6.24022120748822E-07	1E10	10986.9521700833	2.79483849479834E-06	1E10	250.022456905595	4.94551598401699E-06	1E10	32.55566095522	8.67267657298199E-06	1E10	3.70381797512053	6.29329206355637E-06	1E10	0.74777690176667	5.4619854344784E-06	1E10	8.73327418074285E-02	1E-30	8.28286527923542E-11	1.99855415888851	1E-30	4.94334885407603E-11	0.024119098438327	8.06223995278542E-09	1.09416559113908E-11	0.299921225161634	1.07550601098042E-09	2.99675456562423E-11	0.741146191531605	2.15666669418452E-09	4.41484314990771E-12	0.124648405756977	1E10	1E-30	1E-10	1E10	1E-30	1E-10	1E10	1E-30	1E-10	1E10	1E-30	1E-10
188	1E-9	1E10	1E10	1E-30	4.2675936832348E-10	1E10	1E-30	1E10	2.40331030432354E-02	6.24022120748822E-07	1E10	10986.9521700833	2.79483849479834E-06	1E10	250.022456905595	4.94551598401699E-06	1E10	32.55566095522	8.67267657298199E-06	1E10	3.70381797512053	6.29329206355637E-06	1E10	0.74777690176667	5.4619854344784E-06	1E10	8.73327418074285E-02	1E-30	8.28286527923542E-11	1.99855415888851	1E-30	4.94334885407603E-11	0.024119098438327	8.06223995278542E-09	1.09416559113908E-11	0.299921225161634	1.07550601098042E-09	2.99675456562423E-11	0.741146191531605	2.15666669418452E-09	4.41484314990771E-12	0.124648405756977	1E10	1E-30	1E-10	1E10	1E-30	1E-10	1E10	1E-30	1E-10	1E10	1E-30	1E-10
189	1E-9	1E10	1E10	1E-30	4.54312719083888E-10	1E10	1E-30	1E10	1.39909811391449E-02	1.06886118774559E-06	1E10	3903.42813777946	4.17554893513229E-06	1E10	221.450371538778	4.0632634936984E-06	1E10	33.277427720316	1.39808191039338E-05	1E10	3.67853297859193	6.29517822601998E-06	1E10	1.038582028733	6.4045455742327E-06	1E10	0.122438559056431	1E-30	6.11735179579054E-11	1.45304643053081E-02	6.4383685985698E-09	2.05837381595503E-11	0.775463640529312	1.86476321237481E-09	3.0966562796097E-11	1.12743460938763	4.70919665600819E-11	8.48216430360105E-11	0.64829381608312	1E10	1E-30	1E-10	1E10	1E-30	1E-10	1E10	1E-30	1E-10	1E10	1E-30	1E-10	1E10	1E-30	1E-10
190	1E-9	1E10	1E10	1E-30	4.54312719083888E-10	1E10	1E-30	1E10	1.39909811391449E-02	1.06886118774559E-06	1E10	3903.42813777946	4.17554893513229E-06	1E10	221.450371538778	4.0632634936984E-06	1E10	33.277427720316	1.39808191039338E-05	1E10	3.67853297859193	6.29517822601998E-06	1E10	1.038582028733	6.4045455742327E-06	1E10	0.122438559056431	1E-30	6.11735179579054E-11	1.45304643053081E-02	6.4383685985698E-09	2.05837381595503E-11	0.775463640529312	1.86476321237481E-09	3.0966562796097E-11	1.12743460938763	4.70919665600819E-11	8.48216430360105E-11	0.64829381608312	1E10	1E-30	1E-10	1E10	1E-30	1E-10	1E10	1E-30	1E-10	1E10	1E-30	1E-10	1E10	1E-30	1E-10
191	1E-9	1E10	1E10	1E-30	4.54312719083888E-10	1E10	1E-30	1E10	1.39909811391449E-02	1.06886118774559E-06	1E10	3903.42813777946	4.17554893513229E-06	1E10	221.450371538778	4.0632634936984E-06	1E10	33.277427720316	1.39808191039338E-05	1E10	3.67853297859193	6.29517822601998E-06	1E10	1.038582028733	6.4045455742327E-06	1E10	0.122438559056431	1E-30	6.11735179579054E-11	1.45304643053081E-02	6.4383685985698E-09	2.05837381595503E-11	0.775463640529312	1.86476321237481E-09	3.0966562796097E-11	1.12743460938763	4.70919665600819E-11	8.48216430360105E-11	0.64829381608312	1E10	1E-30	1E-10	1E10	1E-30	1E-10	1E10	1E-30	1E-10	1E10	1E-30	1E-10	1E10	1E-30	1E-10
192	9.92684985722273E-10	1E10	1E10	1E-30	5.25663116086216E-11	1E10	1E-30	1E10	2.97788845232238E-02	1E-30	1.3035225952993E-10	0.690284918607019	7.05084458976476E-08	4.64144859592398E-11	1.69281520923238E-02	2.51783354154741E-08	6.14678397941246E-12	0.149101377942354	2.24333409814177E-09	3.25077136472414E-11	0.544507671361935	7.55874747241886E-13	4.57435796317401E-10	489.896291664315	1E10	1E-30	1E-10	1E10	1E-30	1E-10	1E10	1E-30	1E-10	1E10	1E-30	1E-10	1E10	1E-30	1E-10	1E10	1E-30	1E-10	1E10	1E-30	1E-10	1E10	1E-30	1E-10	1E10	1E-30	1E-10	1E10	1E-30	1E-10
193	1.01519968200583E-09	1E10	1E10	1E-30	2.98223896996948E-10	1E10	1E-30	1E10	0.322514355237839	1.01554144290936E-07	1E10	21857.8963408522	1.41970143449201E-07	1E10	2695.61520602077	1.24224428185526E-07	1E10	622.242567126948	1.16771661165238E-07	1E10	124.160877776346	9.8166048691647E-08	1E10	26.1054404976956	7.12939094414927E-08	1E10	5.51126542364488	5.46898586216429E-08	1E10	1.16783526633322	1.7456634395786E-08	1E10	0.344459960593135	1E-30	4.10893850309495E-11	0.55342975788373	1.40207512712796E-09	1.17404920699766E-11	0.103035634655749	1.03762845358192E-11	2.19477418363103E-10	11.5184593185375	1E10	1E-30	1E-10	1E10	1E-30	1E-10	1E10	1E-30	1E-10	1E10	1E-30	1E-10
194	1.01519968200583E-09	1E10	1E10	1E-30	2.98223896996948E-10	1E10	1E-30	1E10	0.322514355237839	1.01554144290936E-07	1E10	21857.8963408522	1.41970143449201E-07	1E10	2695.61520602077	1.24224428185526E-07	1E10	622.242567126948	1.16771661165238E-07	1E10	124.160877776346	9.8166048691647E-08	1E10	26.1054404976956	7.12939094414927E-08	1E10	5.51126542364488	5.46898586216429E-08	1E10	1.16783526633322	1.7456634395786E-08	1E10	0.344459960593135	1E-30	4.10893850309495E-11	0.55342975788373	1.40207512712796E-09	1.17404920699766E-11	0.103035634655749	1.03762845358192E-11	2.19477418363103E-10	11.5184593185375	1E10	1E-30	1E-10	1E10	1E-30	1E-10	1E10	1E-30	1E-10	1E10	1E-30	1E-10
195	1.01519968200583E-09	1E10	1E10	1E-30	2.98223896996948E-10	1E10	1E-30	1E10	0.322514355237839	1.01554144290936E-07	1E10	21857.8963408522	1.41970143449201E-07	1E10	2695.61520602077	1.24224428185526E-07	1E10	622.242567126948	1.16771661165238E-07	1E10	124.160877776346	9.8166048691647E-08	1E10	26.1054404976956	7.12939094414927E-08	1E10	5.51126542364488	5.46898586216429E-08	1E10	1.16783526633322	1.7456634395786E-08	1E10	0.344459960593135	1E-30	4.10893850309495E-11	0.55342975788373	1.40207512712796E-09	1.17404920699766E-11	0.103035634655749	1.03762845358192E-11	2.19477418363103E-10	11.5184593185375	1E10	1E-30	1E-10	1E10	1E-30	1E-10	1E10	1E-30	1E-10	1E10	1E-30	1E-10
196	1.01519968200583E-09	1E10	1E10	1E-30	2.98223896996948E-10	1E10	1E-30	1E10	0.322514355237839	1.01554144290936E-07	1E10	21857.8963408522	1.41970143449201E-07	1E10	2695.61520602077	1.24224428185526E-07	1E10	622.242567126948	1.16771661165238E-07	1E10	124.160877776346	9.8166048691647E-08	1E10	26.1054404976956	7.12939094414927E-08	1E10	5.51126542364488	5.46898586216429E-08	1E10	1.16783526633322	1.7456634395786E-08	1E10	0.344459960593135	1E-30	4.10893850309495E-11	0.55342975788373	1.40207512712796E-09	1.17404920699766E-11	0.103035634655749	1.03762845358192E-11	2.19477418363103E-10	11.5184593185375	1E10	1E-30	1E-10	1E10	1E-30	1E-10	1E10	1E-30	1E-10	1E10	1E-30	1E-10
197	1.16322196876643E-09	1E10	1E10	1E-30	1.40534775295864E-10	1E10	1E-30	1E10	1.25746229907053E-02	1E-30	2.12633215995862E-11	0.353732422766026	1E-30	5.71815833931997E-11	2.50351497520419E-02	1E-30	1.35302871798053E-10	1.03622948168957E-02	5.60960687761965E-09	1.10808261821561E-11	0.158225304061734	7.25363778426943E-10	2.72651771666428E-11	0.395997103984283	1.44933652976958E-12	3.1484419859529E-10	298.899504345563	1E10	1E-30	1E-10	1E10	1E-30	1E-10	1E10	1E-30	1E-10	1E10	1E-30	1E-10	1E10	1E-30	1E-10	1E10	1E-30	1E-10	1E10	1E-30	1E-10	1E10	1E-30	1E-10	1E10	1E-30	1E-10
198	1.16322196876643E-09	1E10	1E10	1E-30	1.40534775295864E-10	1E10	1E-30	1E10	1.25746229907053E-02	1E-30	2.12633215995862E-11	0.353732422766026	1E-30	5.71815833931997E-11	2.50351497520419E-02	1E-30	1.35302871798053E-10	1.03622948168957E-02	5.60960687761965E-09	1.10808261821561E-11	0.158225304061734	7.25363778426943E-10	2.72651771666428E-11	0.395997103984283	1.44933652976958E-12	3.1484419859529E-10	298.899504345563	1E10	1E-30	1E-10	1E10	1E-30	1E-10	1E10	1E-30	1E-10	1E10	1E-30	1E-10	1E10	1E-30	1E-10	1E10	1E-30	1E-10	1E10	1E-30	1E-10	1E10	1E-30	1E-10	1E10	1E-30	1E-10
199	1.16322196876643E-09	1E10	1E10	1E-30	1.40534775295864E-10	1E10	1E-30	1E10	1.25746229907053E-02	1E-30	2.12633215995862E-11	0.353732422766026	1E-30	5.71815833931997E-11	2.50351497520419E-02	1E-30	1.35302871798053E-10	1.03622948168957E-02	5.60960687761965E-09	1.10808261821561E-11	0.158225304061734	7.25363778426943E-10	2.72651771666428E-11	0.395997103984283	1.44933652976958E-12	3.1484419859529E-10	298.899504345563	1E10	1E-30	1E-10	1E10	1E-30	1E-10	1E10	1E-30	1E-10	1E10	1E-30	1E-10	1E10	1E-30	1E-10	1E10	1E-30	1E-10	1E10	1E-30	1E-10	1E10	1E-30	1E-10	1E10	1E-30	1E-10
200	1.16322196876643E-09	1E10	1E10	1E-30	1.40534775295864E-10	1E10	1E-30	1E10	1.25746229907053E-02	1E-30	2.12633215995862E-11	0.353732422766026	1E-30	5.71815833931997E-11	2.50351497520419E-02	1E-30	1.35302871798053E-10	1.03622948168957E-02	5.60960687761965E-09	1.10808261821561E-11	0.158225304061734	7.25363778426943E-10	2.72651771666428E-11	0.395997103984283	1.44933652976958E-12	3.1484419859529E-10	298.899504345563	1E10	1E-30	1E-10	1E10	1E-30	1E-10	1E10	1E-30	1E-10	1E10	1E-30	1E-10	1E10	1E-30	1E-10	1E10	1E-30	1E-10	1E10	1E-30	1E-10	1E10	1E-30	1E-10	1E10	1E-30	1E-10
201	1.2E-9	1E10	1E10	1E-30	4.31161358258886E-10	1E10	1E-30	1E10	1.80891477530127E-02	1.77861338836985E-06	1E10	2345.77275922254	3.21472591486286E-06	1E10	119.693278447743	7.62972701490306E-06	1E10	24.8247688488799	9.11865842884621E-06	1E10	2.90077448286003	8.65389487881646E-06	1E10	0.542592382801245	7.39581192148491E-06	1E10	0.079969334431664	1E-30	9.51660594455511E-12	0.467899120026379	1E-30	4.66281997538863E-11	1.62363664355766E-02	8.95267961952236E-09	1.31052540466287E-11	0.412634885242296	1.71475812227941E-09	2.62543672175764E-11	0.802421456338396	4.71036724728045E-11	6.64880561845677E-11	0.563371835502967	1E10	1E-30	1E-10	1E10	1E-30	1E-10	1E10	1E-30	1E-10	1E10	1E-30	1E-10
202	1.2E-9	1E10	1E10	1E-30	4.31161358258886E-10	1E10	1E-30	1E10	1.80891477530127E-02	1.77861338836985E-06	1E10	2345.77275922254	3.21472591486286E-06	1E10	119.693278447743	7.62972701490306E-06	1E10	24.8247688488799	9.11865842884621E-06	1E10	2.90077448286003	8.65389487881646E-06	1E10	0.542592382801245	7.39581192148491E-06	1E10	0.079969334431664	1E-30	9.51660594455511E-12	0.467899120026379	1E-30	4.66281997538863E-11	1.62363664355766E-02	8.95267961952236E-09	1.31052540466287E-11	0.412634885242296	1.71475812227941E-09	2.62543672175764E-11	0.802421456338396	4.71036724728045E-11	6.64880561845677E-11	0.563371835502967	1E10	1E-30	1E-10	1E10	1E-30	1E-10	1E10	1E-30	1E-10	1E10	1E-30	1E-10
203	1.2E-9	1E10	1E10	1E-30	4.31161358258886E-10	1E10	1E-30	1E10	1.80891477530127E-02	1.77861338836985E-06	1E10	2345.77275922254	3.21472591486286E-06	1E10	119.693278447743	7.62972701490306E-06	1E10	24.8247688488799	9.11865842884621E-06	1E10	2.90077448286003	8.65389487881646E-06	1E10	0.542592382801245	7.39581192148491E-06	1E10	0.079969334431664	1E-30	9.51660594455511E-12	0.467899120026379	1E-30	4.66281997538863E-11	1.62363664355766E-02	8.95267961952236E-09	1.31052540466287E-11	0.412634885242296	1.71475812227941E-09	2.62543672175764E-11	0.802421456338396	4.71036724728045E-11	6.64880561845677E-11	0.563371835502967	1E10	1E-30	1E-10	1E10	1E-30	1E-10	1E10	1E-30	1E-10	1E10	1E-30	1E-10
204	1.2E-9	1E10	1E10	1E-30	4.09022076200245E-10	1E10	1E-30	1E10	1.04534092437044E-02	1.27639493437538E-06	1E10	3268.75540106105	4.44669663628031E-06	1E10	259.376429072855	3.78403624475418E-06	1E10	38.7429545266607	2.27507973078069E-05	1E10	2.10379486962403	7.36040809795478E-06	1E10	0.998216345490842	7.80616851276972E-06	1E10	0.113659962902924	1E-30	7.28843102657349E-11	1.27339717716657E-02	6.57650968843004E-09	2.53096290390591E-11	0.892982288522615	2.2851507041166E-09	3.30141583128085E-11	1.16682907497703	6.08283477991794E-11	9.36937305930239E-11	0.618228763289855	1E10	1E-30	1E-10	1E10	1E-30	1E-10	1E10	1E-30	1E-10	1E10	1E-30	1E-10	1E10	1E-30	1E-10
205	1.2E-9	1E10	1E10	1E-30	4.09022076200245E-10	1E10	1E-30	1E10	1.04534092437044E-02	1.27639493437538E-06	1E10	3268.75540106105	4.44669663628031E-06	1E10	259.376429072855	3.78403624475418E-06	1E10	38.7429545266607	2.27507973078069E-05	1E10	2.10379486962403	7.36040809795478E-06	1E10	0.998216345490842	7.80616851276972E-06	1E10	0.113659962902924	1E-30	7.28843102657349E-11	1.27339717716657E-02	6.57650968843004E-09	2.53096290390591E-11	0.892982288522615	2.2851507041166E-09	3.30141583128085E-11	1.16682907497703	6.08283477991794E-11	9.36937305930239E-11	0.618228763289855	1E10	1E-30	1E-10	1E10	1E-30	1E-10	1E10	1E-30	1E-10	1E10	1E-30	1E-10	1E10	1E-30	1E-10
206	1.2E-9	1E10	1E10	1E-30	4.09022076200245E-10	1E10	1E-30	1E10	1.04534092437044E-02	1.27639493437538E-06	1E10	3268.75540106105	4.44669663628031E-06	1E10	259.376429072855	3.78403624475418E-06	1E10	38.7429545266607	2.27507973078069E-05	1E10	2.10379486962403	7.36040809795478E-06	1E10	0.998216345490842	7.80616851276972E-06	1E10	0.113659962902924	1E-30	7.28843102657349E-11	1.27339717716657E-02	6.57650968843004E-09	2.53096290390591E-11	0.892982288522615	2.2851507041166E-09	3.30141583128085E-11	1.16682907497703	6.08283477991794E-11	9.36937305930239E-11	0.618228763289855	1E10	1E-30	1E-10	1E10	1E-30	1E-10	1E10	1E-30	1E-10	1E10	1E-30	1E-10	1E10	1E-30	1E-10
207	1.19538238263776E-09	1E10	1E10	1E-30	4.44193469829626E-11	1E10	1E-30	1E10	2.16167882620515E-02	1E-30	7.51396118550897E-11	0.416657082635311	2.42765539513738E-08	6.64178503385201E-11	2.06185432451485E-02	1.34755291094156E-08	7.24651405518696E-12	0.149100724198797	1.53812986674051E-09	2.21762126722447E-11	0.41924145430714	8.04040258073498E-13	4.50300251063694E-10	528.781428937273	1E10	1E-30	1E-10	1E10	1E-30	1E-10	1E10	1E-30	1E-10	1E10	1E-30	1E-10	1E10	1E-30	1E-10	1E10	1E-30	1E-10	1E10	1E-30	1E-10	1E10	1E-30	1E-10	1E10	1E-30	1E-10	1E10	1E-30	1E-10
208	1.48383772768956E-09	1E10	1E10	1E-30	1.46585583143371E-10	1E10	1E-30	1E10	1.55112241810793E-02	1E-30	8.9065649065766E-11	2.47686160855026E-02	7.54444635203128E-09	1.26371761347338E-11	0.160926977214614	1.30394302713256E-09	2.38591627886412E-11	0.363008736642678	5.85530602909308E-12	5.80507515322739E-11	0.614027033702775	9.19301853484729E-13	2.79854849573901E-10	1E5	1E10	1E-30	1E-10	1E10	1E-30	1E-10	1E10	1E-30	1E-10	1E10	1E-30	1E-10	1E10	1E-30	1E-10	1E10	1E-30	1E-10	1E10	1E-30	1E-10	1E10	1E-30	1E-10	1E10	1E-30	1E-10	1E10	1E-30	1E-10
209	1.48383772768956E-09	1E10	1E10	1E-30	1.46585583143371E-10	1E10	1E-30	1E10	1.55112241810793E-02	1E-30	8.9065649065766E-11	2.47686160855026E-02	7.54444635203128E-09	1.26371761347338E-11	0.160926977214614	1.30394302713256E-09	2.38591627886412E-11	0.363008736642678	5.85530602909308E-12	5.80507515322739E-11	0.614027033702775	9.19301853484729E-13	2.79854849573901E-10	1E5	1E10	1E-30	1E-10	1E10	1E-30	1E-10	1E10	1E-30	1E-10	1E10	1E-30	1E-10	1E10	1E-30	1E-10	1E10	1E-30	1E-10	1E10	1E-30	1E-10	1E10	1E-30	1E-10	1E10	1E-30	1E-10	1E10	1E-30	1E-10
210	1.48383772768956E-09	1E10	1E10	1E-30	1.46585583143371E-10	1E10	1E-30	1E10	1.55112241810793E-02	1E-30	8.9065649065766E-11	2.47686160855026E-02	7.54444635203128E-09	1.26371761347338E-11	0.160926977214614	1.30394302713256E-09	2.38591627886412E-11	0.363008736642678	5.85530602909308E-12	5.80507515322739E-11	0.614027033702775	9.19301853484729E-13	2.79854849573901E-10	1E5	1E10	1E-30	1E-10	1E10	1E-30	1E-10	1E10	1E-30	1E-10	1E10	1E-30	1E-10	1E10	1E-30	1E-10	1E10	1E-30	1E-10	1E10	1E-30	1E-10	1E10	1E-30	1E-10	1E10	1E-30	1E-10	1E10	1E-30	1E-10
211	1.48383772768956E-09	1E10	1E10	1E-30	1.46585583143371E-10	1E10	1E-30	1E10	1.55112241810793E-02	1E-30	8.9065649065766E-11	2.47686160855026E-02	7.54444635203128E-09	1.26371761347338E-11	0.160926977214614	1.30394302713256E-09	2.38591627886412E-11	0.363008736642678	5.85530602909308E-12	5.80507515322739E-11	0.614027033702775	9.19301853484729E-13	2.79854849573901E-10	1E5	1E10	1E-30	1E-10	1E10	1E-30	1E-10	1E10	1E-30	1E-10	1E10	1E-30	1E-10	1E10	1E-30	1E-10	1E10	1E-30	1E-10	1E10	1E-30	1E-10	1E10	1E-30	1E-10	1E10	1E-30	1E-10	1E10	1E-30	1E-10
212	1.5E-9	1E10	1E10	1E-30	4.97867904099486E-10	1E10	1E-30	1E10	2.33666655362264E-02	2.14645855606536E-07	1E10	86252.9897940316	4.53175516905483E-07	1E10	60336.018945112	7.8963172433079E-06	1E10	15.077258415854	1.43527336215752E-05	1E10	6.46043218241991	9.88242034246168E-06	1E10	0.975165497973774	9.4158642838215E-06	1E10	0.120728426247512	3.03785007473588E-06	1E10	5.47905888295338E-03	1E-30	7.0229159069629E-11	1.21865053259567	1E-30	5.48404330089534E-11	2.32188995724744E-02	1.70680591028998E-08	6.73389553599376E-12	0.14560696796253	1.50766174891621E-09	2.60933284347327E-11	0.485711243287214	5.3119836440686E-09	2.55172711322256E-12	5.91748333185263E-02	1E10	1E-30	1E-10	1E10	1E-30	1E-10	1E10	1E-30	1E-10
213	1.5E-9	1E10	1E10	1E-30	4.97867904099486E-10	1E10	1E-30	1E10	2.33666655362264E-02	2.14645855606536E-07	1E10	86252.9897940316	4.53175516905483E-07	1E10	60336.018945112	7.8963172433079E-06	1E10	15.077258415854	1.43527336215752E-05	1E10	6.46043218241991	9.88242034246168E-06	1E10	0.975165497973774	9.4158642838215E-06	1E10	0.120728426247512	3.03785007473588E-06	1E10	5.47905888295338E-03	1E-30	7.0229159069629E-11	1.21865053259567	1E-30	5.48404330089534E-11	2.32188995724744E-02	1.70680591028998E-08	6.73389553599376E-12	0.14560696796253	1.50766174891621E-09	2.60933284347327E-11	0.485711243287214	5.3119836440686E-09	2.55172711322256E-12	5.91748333185263E-02	1E10	1E-30	1E-10	1E10	1E-30	1E-10	1E10	1E-30	1E-10
214	1.5E-9	1E10	1E10	1E-30	4.97867904099486E-10	1E10	1E-30	1E10	2.33666655362264E-02	2.14645855606536E-07	1E10	86252.9897940316	4.53175516905483E-07	1E10	60336.018945112	7.8963172433079E-06	1E10	15.077258415854	1.43527336215752E-05	1E10	6.46043218241991	9.88242034246168E-06	1E10	0.975165497973774	9.4158642838215E-06	1E10	0.120728426247512	3.03785007473588E-06	1E10	5.47905888295338E-03	1E-30	7.0229159069629E-11	1.21865053259567	1E-30	5.48404330089534E-11	2.32188995724744E-02	1.70680591028998E-08	6.73389553599376E-12	0.14560696796253	1.50766174891621E-09	2.60933284347327E-11	0.485711243287214	5.3119836440686E-09	2.55172711322256E-12	5.91748333185263E-02	1E10	1E-30	1E-10	1E10	1E-30	1E-10	1E10	1E-30	1E-10
215	1.5E-9	1E10	1E10	1E-30	4.09656242149746E-10	1E10	1E-30	1E10	1.06079451897904E-02	1.23737207441197E-06	1E10	5540.85657460746	5.11488175168964E-06	1E10	125.178463859211	6.034851213127E-06	1E10	21.2409299853025	1.41260577493605E-05	1E10	1.3964920474732	1.08742624199855E-05	1E10	0.346286697233297	1.08649096744574E-05	1E10	4.92236501666044E-02	1E-30	8.18489457278605E-11	0.861050408071413	1E-30	6.43898907093908E-11	1.64205218577874E-02	5.80773476613282E-09	3.13029864105344E-11	0.849708472554348	2.25378021987872E-09	3.30483835171873E-11	0.969754915032866	1.76026499706883E-09	1.3545808562805E-11	0.239278345503828	1E10	1E-30	1E-10	1E10	1E-30	1E-10	1E10	1E-30	1E-10	1E10	1E-30	1E-10
216	1.5E-9	1E10	1E10	1E-30	4.09656242149746E-10	1E10	1E-30	1E10	1.06079451897904E-02	1.23737207441197E-06	1E10	5540.85657460746	5.11488175168964E-06	1E10	125.178463859211	6.034851213127E-06	1E10	21.2409299853025	1.41260577493605E-05	1E10	1.3964920474732	1.08742624199855E-05	1E10	0.346286697233297	1.08649096744574E-05	1E10	4.92236501666044E-02	1E-30	8.18489457278605E-11	0.861050408071413	1E-30	6.43898907093908E-11	1.64205218577874E-02	5.80773476613282E-09	3.13029864105344E-11	0.849708472554348	2.25378021987872E-09	3.30483835171873E-11	0.969754915032866	1.76026499706883E-09	1.3545808562805E-11	0.239278345503828	1E10	1E-30	1E-10	1E10	1E-30	1E-10	1E10	1E-30	1E-10	1E10	1E-30	1E-10
217	1.5E-9	1E10	1E10	1E-30	4.09656242149746E-10	1E10	1E-30	1E10	1.06079451897904E-02	1.23737207441197E-06	1E10	5540.85657460746	5.11488175168964E-06	1E10	125.178463859211	6.034851213127E-06	1E10	21.2409299853025	1.41260577493605E-05	1E10	1.3964920474732	1.08742624199855E-05	1E10	0.346286697233297	1.08649096744574E-05	1E10	4.92236501666044E-02	1E-30	8.18489457278605E-11	0.861050408071413	1E-30	6.43898907093908E-11	1.64205218577874E-02	5.80773476613282E-09	3.13029864105344E-11	0.849708472554348	2.25378021987872E-09	3.30483835171873E-11	0.969754915032866	1.76026499706883E-09	1.3545808562805E-11	0.239278345503828	1E10	1E-30	1E-10	1E10	1E-30	1E-10	1E10	1E-30	1E-10	1E10	1E-30	1E-10
218	1.4943745020821E-09	1E10	1E10	1E-30	2.16526349422233E-10	1E10	1E-30	1E10	1.65187487583762E-02	1E-30	8.08182744603104E-11	0.750877633209418	2.27351799808133E-08	6.2360353389942E-11	2.01489281104207E-02	9.50815109178859E-09	1.51926280969706E-11	0.212905336747304	1.54026588412386E-09	3.58799466533727E-11	0.482630180522649	1.57705533303314E-12	2.20450483825918E-10	253.690411847935	1E10	1E-30	1E-10	1E10	1E-30	1E-10	1E10	1E-30	1E-10	1E10	1E-30	1E-10	1E10	1E-30	1E-10	1E10	1E-30	1E-10	1E10	1E-30	1E-10	1E10	1E-30	1E-10	1E10	1E-30	1E-10	1E10	1E-30	1E-10
219	1.54991625678531E-09	1E10	1E10	1E-30	3.31659451479415E-10	1E10	1E-30	1E10	0.255300381612447	1.55194679356085E-07	1E10	13308.2648573252	2.00004077260726E-07	1E10	2230.16894480162	1.64331878795587E-07	1E10	520.515071003692	1.58722025957897E-07	1E10	98.2709428300594	1.37613176127164E-07	1E10	20.3213832191154	9.54996192325675E-08	1E10	4.80655625224098	7.34265403931774E-08	1E10	0.777765827391237	2.68802166492928E-08	1E10	0.235877234711377	1E-30	1.98866471132984E-11	0.27231283994096	6.59290813706115E-10	1.86958294669083E-11	0.204231788012581	8.83391772182677E-12	2.78587501193934E-10	14.1663597016332	1E10	1E-30	1E-10	1E10	1E-30	1E-10	1E10	1E-30	1E-10	1E10	1E-30	1E-10
220	1.54991625678531E-09	1E10	1E10	1E-30	3.31659451479415E-10	1E10	1E-30	1E10	0.255300381612447	1.55194679356085E-07	1E10	13308.2648573252	2.00004077260726E-07	1E10	2230.16894480162	1.64331878795587E-07	1E10	520.515071003692	1.58722025957897E-07	1E10	98.2709428300594	1.37613176127164E-07	1E10	20.3213832191154	9.54996192325675E-08	1E10	4.80655625224098	7.34265403931774E-08	1E10	0.777765827391237	2.68802166492928E-08	1E10	0.235877234711377	1E-30	1.98866471132984E-11	0.27231283994096	6.59290813706115E-10	1.86958294669083E-11	0.204231788012581	8.83391772182677E-12	2.78587501193934E-10	14.1663597016332	1E10	1E-30	1E-10	1E10	1E-30	1E-10	1E10	1E-30	1E-10	1E10	1E-30	1E-10
221	1.54991625678531E-09	1E10	1E10	1E-30	3.31659451479415E-10	1E10	1E-30	1E10	0.255300381612447	1.55194679356085E-07	1E10	13308.2648573252	2.00004077260726E-07	1E10	2230.16894480162	1.64331878795587E-07	1E10	520.515071003692	1.58722025957897E-07	1E10	98.2709428300594	1.37613176127164E-07	1E10	20.3213832191154	9.54996192325675E-08	1E10	4.80655625224098	7.34265403931774E-08	1E10	0.777765827391237	2.68802166492928E-08	1E10	0.235877234711377	1E-30	1.98866471132984E-11	0.27231283994096	6.59290813706115E-10	1.86958294669083E-11	0.204231788012581	8.83391772182677E-12	2.78587501193934E-10	14.1663597016332	1E10	1E-30	1E-10	1E10	1E-30	1E-10	1E10	1E-30	1E-10	1E10	1E-30	1E-10
222	1.54991625678531E-09	1E10	1E10	1E-30	3.31659451479415E-10	1E10	1E-30	1E10	0.255300381612447	1.55194679356085E-07	1E10	13308.2648573252	2.00004077260726E-07	1E10	2230.16894480162	1.64331878795587E-07	1E10	520.515071003692	1.58722025957897E-07	1E10	98.2709428300594	1.37613176127164E-07	1E10	20.3213832191154	9.54996192325675E-08	1E10	4.80655625224098	7.34265403931774E-08	1E10	0.777765827391237	2.68802166492928E-08	1E10	0.235877234711377	1E-30	1.98866471132984E-11	0.27231283994096	6.59290813706115E-10	1.86958294669083E-11	0.204231788012581	8.83391772182677E-12	2.78587501193934E-10	14.1663597016332	1E10	1E-30	1E-10	1E10	1E-30	1E-10	1E10	1E-30	1E-10	1E10	1E-30	1E-10
223	1.76358687522024E-09	1E10	1E10	1E-30	1.47762559320363E-10	1E10	1E-30	1E10	7.52401518581112E-03	1E-30	4.73810311977081E-11	4.0197837832493	1E-30	3.92672955272301E-11	0.413246926506562	1E-30	6.0333475311774E-11	2.12514690500297E-02	1E-30	1.26918051840387E-10	6.42815372239662E-03	7.09859386074849E-09	1.75337646187002E-11	0.186735680434638	1.45851325731905E-09	2.92732343337403E-11	0.448974404517119	1.0877076447928E-12	2.25666268249083E-10	1E5	1E10	1E-30	1E-10	1E10	1E-30	1E-10	1E10	1E-30	1E-10	1E10	1E-30	1E-10	1E10	1E-30	1E-10	1E10	1E-30	1E-10	1E10	1E-30	1E-10	1E10	1E-30	1E-10
224	1.76358687522024E-09	1E10	1E10	1E-30	1.47762559320363E-10	1E10	1E-30	1E10	7.52401518581112E-03	1E-30	4.73810311977081E-11	4.0197837832493	1E-30	3.92672955272301E-11	0.413246926506562	1E-30	6.0333475311774E-11	2.12514690500297E-02	1E-30	1.26918051840387E-10	6.42815372239662E-03	7.09859386074849E-09	1.75337646187002E-11	0.186735680434638	1.45851325731905E-09	2.92732343337403E-11	0.448974404517119	1.0877076447928E-12	2.25666268249083E-10	1E5	1E10	1E-30	1E-10	1E10	1E-30	1E-10	1E10	1E-30	1E-10	1E10	1E-30	1E-10	1E10	1E-30	1E-10	1E10	1E-30	1E-10	1E10	1E-30	1E-10	1E10	1E-30	1E-10
225	1.76358687522024E-09	1E10	1E10	1E-30	1.47762559320363E-10	1E10	1E-30	1E10	7.52401518581112E-03	1E-30	4.73810311977081E-11	4.0197837832493	1E-30	3.92672955272301E-11	0.413246926506562	1E-30	6.0333475311774E-11	2.12514690500297E-02	1E-30	1.26918051840387E-10	6.42815372239662E-03	7.09859386074849E-09	1.75337646187002E-11	0.186735680434638	1.45851325731905E-09	2.92732343337403E-11	0.448974404517119	1.0877076447928E-12	2.25666268249083E-10	1E5	1E10	1E-30	1E-10	1E10	1E-30	1E-10	1E10	1E-30	1E-10	1E10	1E-30	1E-10	1E10	1E-30	1E-10	1E10	1E-30	1E-10	1E10	1E-30	1E-10	1E10	1E-30	1E-10
226	1.76358687522024E-09	1E10	1E10	1E-30	1.47762559320363E-10	1E10	1E-30	1E10	7.52401518581112E-03	1E-30	4.73810311977081E-11	4.0197837832493	1E-30	3.92672955272301E-11	0.413246926506562	1E-30	6.0333475311774E-11	2.12514690500297E-02	1E-30	1.26918051840387E-10	6.42815372239662E-03	7.09859386074849E-09	1.75337646187002E-11	0.186735680434638	1.45851325731905E-09	2.92732343337403E-11	0.448974404517119	1.0877076447928E-12	2.25666268249083E-10	1E5	1E10	1E-30	1E-10	1E10	1E-30	1E-10	1E10	1E-30	1E-10	1E10	1E-30	1E-10	1E10	1E-30	1E-10	1E10	1E-30	1E-10	1E10	1E-30	1E-10	1E10	1E-30	1E-10
227	1.8E-9	1E10	1E10	1E-30	4.78719962472346E-10	1E10	1E-30	1E10	2.07767755581371E-02	4.41675971032911E-07	1E10	25508.397130729	9.21461864318787E-07	1E10	17182.0824169822	9.25065579343839E-06	1E10	13.432755448181	1.86591747061188E-05	1E10	5.32732635117492	1.21247806839802E-05	1E10	0.9354224259165	1.09685347636421E-05	1E10	0.118291315415498	5.97315805183599E-06	1E10	5.20271101844372E-03	1E-30	7.10649116201072E-11	1.03163254321043	1E-30	5.68100727560649E-11	2.38652649220921E-02	1.81160397987225E-08	8.71670607629067E-12	0.168177324765218	1.93476239403359E-09	2.92069262960596E-11	0.497542267307418	4.05848221505385E-09	4.33663315406591E-12	0.105293665580328	1E10	1E-30	1E-10	1E10	1E-30	1E-10	1E10	1E-30	1E-10
228	1.8E-9	1E10	1E10	1E-30	4.78719962472346E-10	1E10	1E-30	1E10	2.07767755581371E-02	4.41675971032911E-07	1E10	25508.397130729	9.21461864318787E-07	1E10	17182.0824169822	9.25065579343839E-06	1E10	13.432755448181	1.86591747061188E-05	1E10	5.32732635117492	1.21247806839802E-05	1E10	0.9354224259165	1.09685347636421E-05	1E10	0.118291315415498	5.97315805183599E-06	1E10	5.20271101844372E-03	1E-30	7.10649116201072E-11	1.03163254321043	1E-30	5.68100727560649E-11	2.38652649220921E-02	1.81160397987225E-08	8.71670607629067E-12	0.168177324765218	1.93476239403359E-09	2.92069262960596E-11	0.497542267307418	4.05848221505385E-09	4.33663315406591E-12	0.105293665580328	1E10	1E-30	1E-10	1E10	1E-30	1E-10	1E10	1E-30	1E-10
229	1.8E-9	1E10	1E10	1E-30	4.78719962472346E-10	1E10	1E-30	1E10	2.07767755581371E-02	4.41675971032911E-07	1E10	25508.397130729	9.21461864318787E-07	1E10	17182.0824169822	9.25065579343839E-06	1E10	13.432755448181	1.86591747061188E-05	1E10	5.32732635117492	1.21247806839802E-05	1E10	0.9354224259165	1.09685347636421E-05	1E10	0.118291315415498	5.97315805183599E-06	1E10	5.20271101844372E-03	1E-30	7.10649116201072E-11	1.03163254321043	1E-30	5.68100727560649E-11	2.38652649220921E-02	1.81160397987225E-08	8.71670607629067E-12	0.168177324765218	1.93476239403359E-09	2.92069262960596E-11	0.497542267307418	4.05848221505385E-09	4.33663315406591E-12	0.105293665580328	1E10	1E-30	1E-10	1E10	1E-30	1E-10	1E10	1E-30	1E-10
230	1.8E-9	1E10	1E10	1E-30	3.47876070483106E-10	1E10	1E-30	1E10	1.07440687203321E-02	1.95671135935786E-06	1E10	3503.88991250668	9.21222584721733E-06	1E10	106.694686015063	5.36819622712799E-06	1E10	30.1823153810772	2.75918750540169E-05	1E10	0.894338373336997	1.43237339936969E-05	1E10	0.549148162677502	1.13323840536601E-05	1E10	8.76496228913607E-02	1E-30	6.73647275374505E-11	1.86004345141081	1E-30	4.98063493921207E-11	1.12786726326693E-02	6.18925632161247E-09	3.86425850954008E-11	1.08418832086398	3.31108576245993E-09	3.07898334986476E-11	1.04898700687765	3.52575621044753E-10	6.59960370532068E-11	0.368432388144524	1E10	1E-30	1E-10	1E10	1E-30	1E-10	1E10	1E-30	1E-10	1E10	1E-30	1E-10
231	1.8E-9	1E10	1E10	1E-30	3.47876070483106E-10	1E10	1E-30	1E10	1.07440687203321E-02	1.95671135935786E-06	1E10	3503.88991250668	9.21222584721733E-06	1E10	106.694686015063	5.36819622712799E-06	1E10	30.1823153810772	2.75918750540169E-05	1E10	0.894338373336997	1.43237339936969E-05	1E10	0.549148162677502	1.13323840536601E-05	1E10	8.76496228913607E-02	1E-30	6.73647275374505E-11	1.86004345141081	1E-30	4.98063493921207E-11	1.12786726326693E-02	6.18925632161247E-09	3.86425850954008E-11	1.08418832086398	3.31108576245993E-09	3.07898334986476E-11	1.04898700687765	3.52575621044753E-10	6.59960370532068E-11	0.368432388144524	1E10	1E-30	1E-10	1E10	1E-30	1E-10	1E10	1E-30	1E-10	1E10	1E-30	1E-10
232	1.8E-9	1E10	1E10	1E-30	3.47876070483106E-10	1E10	1E-30	1E10	1.07440687203321E-02	1.95671135935786E-06	1E10	3503.88991250668	9.21222584721733E-06	1E10	106.694686015063	5.36819622712799E-06	1E10	30.1823153810772	2.75918750540169E-05	1E10	0.894338373336997	1.43237339936969E-05	1E10	0.549148162677502	1.13323840536601E-05	1E10	8.76496228913607E-02	1E-30	6.73647275374505E-11	1.86004345141081	1E-30	4.98063493921207E-11	1.12786726326693E-02	6.18925632161247E-09	3.86425850954008E-11	1.08418832086398	3.31108576245993E-09	3.07898334986476E-11	1.04898700687765	3.52575621044753E-10	6.59960370532068E-11	0.368432388144524	1E10	1E-30	1E-10	1E10	1E-30	1E-10	1E10	1E-30	1E-10	1E10	1E-30	1E-10
233	1.76284108273796E-09	1E10	1E10	1E-30	3.87501783194071E-11	1E10	1E-30	1E10	1.47356680488897E-02	1E-30	9.23950643988447E-11	0.558844347048358	3.6332418437948E-08	5.43856344920272E-11	1.79141497401813E-02	1.09713982396449E-08	1.68457156061231E-11	0.235505019311264	2.52636048934022E-09	2.8792017970981E-11	0.440306866464251	7.21702413385635E-13	3.90450061047443E-10	468.199997231498	1E10	1E-30	1E-10	1E10	1E-30	1E-10	1E10	1E-30	1E-10	1E10	1E-30	1E-10	1E10	1E-30	1E-10	1E10	1E-30	1E-10	1E10	1E-30	1E-10	1E10	1E-30	1E-10	1E10	1E-30	1E-10	1E10	1E-30	1E-10
234	2.16873400553164E-09	1E10	1E10	1E-30	1.14815362149688E-10	1E10	1E-30	1E10	1.08144783729502E-02	1E-30	1.03779349246835E-10	1.83067783362688E-02	1.12873144093634E-08	1.95404762004422E-11	0.20100125486337	2.12818922785353E-09	4.10513309333138E-11	0.468112699461597	5.98759400480268E-10	3.52445154011569E-11	0.240464680419513	1.00216914282392E-11	4.1052869286565E-11	0.631380986381003	8.54139157665622E-13	2.9434884804356E-10	199526.231496887	1E10	1E-30	1E-10	1E10	1E-30	1E-10	1E10	1E-30	1E-10	1E10	1E-30	1E-10	1E10	1E-30	1E-10	1E10	1E-30	1E-10	1E10	1E-30	1E-10	1E10	1E-30	1E-10	1E10	1E-30	1E-10
235	2.16873400553164E-09	1E10	1E10	1E-30	1.14815362149688E-10	1E10	1E-30	1E10	1.08144783729502E-02	1E-30	1.03779349246835E-10	1.83067783362688E-02	1.12873144093634E-08	1.95404762004422E-11	0.20100125486337	2.12818922785353E-09	4.10513309333138E-11	0.468112699461597	5.98759400480268E-10	3.52445154011569E-11	0.240464680419513	1.00216914282392E-11	4.1052869286565E-11	0.631380986381003	8.54139157665622E-13	2.9434884804356E-10	199526.231496887	1E10	1E-30	1E-10	1E10	1E-30	1E-10	1E10	1E-30	1E-10	1E10	1E-30	1E-10	1E10	1E-30	1E-10	1E10	1E-30	1E-10	1E10	1E-30	1E-10	1E10	1E-30	1E-10	1E10	1E-30	1E-10
236	2.16873400553164E-09	1E10	1E10	1E-30	1.14815362149688E-10	1E10	1E-30	1E10	1.08144783729502E-02	1E-30	1.03779349246835E-10	1.83067783362688E-02	1.12873144093634E-08	1.95404762004422E-11	0.20100125486337	2.12818922785353E-09	4.10513309333138E-11	0.468112699461597	5.98759400480268E-10	3.52445154011569E-11	0.240464680419513	1.00216914282392E-11	4.1052869286565E-11	0.631380986381003	8.54139157665622E-13	2.9434884804356E-10	199526.231496887	1E10	1E-30	1E-10	1E10	1E-30	1E-10	1E10	1E-30	1E-10	1E10	1E-30	1E-10	1E10	1E-30	1E-10	1E10	1E-30	1E-10	1E10	1E-30	1E-10	1E10	1E-30	1E-10	1E10	1E-30	1E-10
237	2.16873400553164E-09	1E10	1E10	1E-30	1.14815362149688E-10	1E10	1E-30	1E10	1.08144783729502E-02	1E-30	1.03779349246835E-10	1.83067783362688E-02	1.12873144093634E-08	1.95404762004422E-11	0.20100125486337	2.12818922785353E-09	4.10513309333138E-11	0.468112699461597	5.98759400480268E-10	3.52445154011569E-11	0.240464680419513	1.00216914282392E-11	4.1052869286565E-11	0.631380986381003	8.54139157665622E-13	2.9434884804356E-10	199526.231496887	1E10	1E-30	1E-10	1E10	1E-30	1E-10	1E10	1E-30	1E-10	1E10	1E-30	1E-10	1E10	1E-30	1E-10	1E10	1E-30	1E-10	1E10	1E-30	1E-10	1E10	1E-30	1E-10	1E10	1E-30	1E-10
238	2.2E-9	1E10	1E10	1E-30	4.46162261650961E-10	1E10	1E-30	1E10	1.55668262828015E-02	6.38345769421245E-07	1E10	17649.4411209501	1.55395152567283E-06	1E10	6846.87315539863	7.36933438500379E-06	1E10	20.8939179160201	1.43268164307369E-05	1E10	1.21534913762794	1.26354733689409E-05	1E10	0.140200164288781	8.5737628817515E-06	1E10	6.75061193457145E-03	1E-30	6.22391560578336E-11	0.674123131090114	1E-30	5.25395986018952E-11	2.05322944234406E-02	1.72008606002812E-08	1.24203435083587E-11	0.241140803964448	2.55903358986831E-09	3.19679392814371E-11	0.570234047772716	3.17208661973248E-09	7.55322017912158E-12	0.145991925662925	1E10	1E-30	1E-10	1E10	1E-30	1E-10	1E10	1E-30	1E-10	1E10	1E-30	1E-10
239	2.2E-9	1E10	1E10	1E-30	4.46162261650961E-10	1E10	1E-30	1E10	1.55668262828015E-02	6.38345769421245E-07	1E10	17649.4411209501	1.55395152567283E-06	1E10	6846.87315539863	7.36933438500379E-06	1E10	20.8939179160201	1.43268164307369E-05	1E10	1.21534913762794	1.26354733689409E-05	1E10	0.140200164288781	8.5737628817515E-06	1E10	6.75061193457145E-03	1E-30	6.22391560578336E-11	0.674123131090114	1E-30	5.25395986018952E-11	2.05322944234406E-02	1.72008606002812E-08	1.24203435083587E-11	0.241140803964448	2.55903358986831E-09	3.19679392814371E-11	0.570234047772716	3.17208661973248E-09	7.55322017912158E-12	0.145991925662925	1E10	1E-30	1E-10	1E10	1E-30	1E-10	1E10	1E-30	1E-10	1E10	1E-30	1E-10
240	2.2E-9	1E10	1E10	1E-30	4.46162261650961E-10	1E10	1E-30	1E10	1.55668262828015E-02	6.38345769421245E-07	1E10	17649.4411209501	1.55395152567283E-06	1E10	6846.87315539863	7.36933438500379E-06	1E10	20.8939179160201	1.43268164307369E-05	1E10	1.21534913762794	1.26354733689409E-05	1E10	0.140200164288781	8.5737628817515E-06	1E10	6.75061193457145E-03	1E-30	6.22391560578336E-11	0.674123131090114	1E-30	5.25395986018952E-11	2.05322944234406E-02	1.72008606002812E-08	1.24203435083587E-11	0.241140803964448	2.55903358986831E-09	3.19679392814371E-11	0.570234047772716	3.17208661973248E-09	7.55322017912158E-12	0.145991925662925	1E10	1E-30	1E-10	1E10	1E-30	1E-10	1E10	1E-30	1E-10	1E10	1E-30	1E-10
241	2.2E-9	1E10	1E10	1E-30	3.14590879162421E-10	1E10	1E-30	1E10	4.87073280286857E-03	4.06995670441597E-07	1E10	74750.9298692284	1.0290104285543E-05	1E10	26.0731407368401	1.04862449276247E-05	1E10	19.1253992586703	1.38459312539774E-05	1E10	1.28123445497748	1.29563724007E-05	1E10	0.139892590914693	1.23711731454408E-05	1E10	5.69420730875352E-03	1E-30	8.26239732020225E-11	9.60098595126826E-03	6.17455781547212E-09	5.08695582434659E-11	1.51768348619646	3.88888543959656E-09	3.54955829442025E-11	1.06827883029432	5.82882269462789E-11	1.28895287991396E-10	0.599358259647848	1E10	1E-30	1E-10	1E10	1E-30	1E-10	1E10	1E-30	1E-10	1E10	1E-30	1E-10	1E10	1E-30	1E-10
242	2.2E-9	1E10	1E10	1E-30	3.14590879162421E-10	1E10	1E-30	1E10	4.87073280286857E-03	4.06995670441597E-07	1E10	74750.9298692284	1.0290104285543E-05	1E10	26.0731407368401	1.04862449276247E-05	1E10	19.1253992586703	1.38459312539774E-05	1E10	1.28123445497748	1.29563724007E-05	1E10	0.139892590914693	1.23711731454408E-05	1E10	5.69420730875352E-03	1E-30	8.26239732020225E-11	9.60098595126826E-03	6.17455781547212E-09	5.08695582434659E-11	1.51768348619646	3.88888543959656E-09	3.54955829442025E-11	1.06827883029432	5.82882269462789E-11	1.28895287991396E-10	0.599358259647848	1E10	1E-30	1E-10	1E10	1E-30	1E-10	1E10	1E-30	1E-10	1E10	1E-30	1E-10	1E10	1E-30	1E-10
243	2.2E-9	1E10	1E10	1E-30	3.14590879162421E-10	1E10	1E-30	1E10	4.87073280286857E-03	4.06995670441597E-07	1E10	74750.9298692284	1.0290104285543E-05	1E10	26.0731407368401	1.04862449276247E-05	1E10	19.1253992586703	1.38459312539774E-05	1E10	1.28123445497748	1.29563724007E-05	1E10	0.139892590914693	1.23711731454408E-05	1E10	5.69420730875352E-03	1E-30	8.26239732020225E-11	9.60098595126826E-03	6.17455781547212E-09	5.08695582434659E-11	1.51768348619646	3.88888543959656E-09	3.54955829442025E-11	1.06827883029432	5.82882269462789E-11	1.28895287991396E-10	0.599358259647848	1E10	1E-30	1E-10	1E10	1E-30	1E-10	1E10	1E-30	1E-10	1E10	1E-30	1E-10	1E10	1E-30	1E-10
244	2.23529838604375E-09	1E10	1E10	1E-30	7.94868777475776E-11	1E10	1E-30	1E10	1.14545951170673E-02	1E-30	9.77870455887088E-11	0.526303783087602	5.17903936006649E-08	5.22368251120824E-11	1.65229454872628E-02	1.00054855783649E-08	2.53032674034626E-11	0.323969001354844	3.42985030416102E-09	3.08413854080599E-11	0.534586062307788	1.03206353810705E-12	3.00371984737777E-10	359.160948931983	1E10	1E-30	1E-10	1E10	1E-30	1E-10	1E10	1E-30	1E-10	1E10	1E-30	1E-10	1E10	1E-30	1E-10	1E10	1E-30	1E-10	1E10	1E-30	1E-10	1E10	1E-30	1E-10	1E10	1E-30	1E-10	1E10	1E-30	1E-10
245	2.23937291127313E-09	1E10	1E10	1E-30	3.5240249391812E-10	1E10	1E-30	1E10	0.19064781999896	2.51783162957394E-07	1E10	8065.83956456098	2.9339475592018E-07	1E10	1696.50557667961	2.55418022231158E-07	1E10	369.288111511074	2.47942690772773E-07	1E10	73.8565982959295	2.17250774420986E-07	1E10	15.6178014586187	1.64892035488692E-07	1E10	3.62812658459293	1.23028555034591E-07	1E10	0.727906346497901	4.91365964253441E-08	1E10	0.185259114937276	1E-30	4.54227755988594E-11	0.387085945194892	1E-30	3.28055791762315E-11	0.300693491689323	1.58029647916884E-09	1.12496351084145E-11	0.103598221027139	1.30046945913219E-11	1.78859312301113E-10	8.07806306663037	1E10	1E-30	1E-10	1E10	1E-30	1E-10	1E10	1E-30	1E-10
246	2.23937291127313E-09	1E10	1E10	1E-30	3.5240249391812E-10	1E10	1E-30	1E10	0.19064781999896	2.51783162957394E-07	1E10	8065.83956456098	2.9339475592018E-07	1E10	1696.50557667961	2.55418022231158E-07	1E10	369.288111511074	2.47942690772773E-07	1E10	73.8565982959295	2.17250774420986E-07	1E10	15.6178014586187	1.64892035488692E-07	1E10	3.62812658459293	1.23028555034591E-07	1E10	0.727906346497901	4.91365964253441E-08	1E10	0.185259114937276	1E-30	4.54227755988594E-11	0.387085945194892	1E-30	3.28055791762315E-11	0.300693491689323	1.58029647916884E-09	1.12496351084145E-11	0.103598221027139	1.30046945913219E-11	1.78859312301113E-10	8.07806306663037	1E10	1E-30	1E-10	1E10	1E-30	1E-10	1E10	1E-30	1E-10
247	2.23937291127313E-09	1E10	1E10	1E-30	3.5240249391812E-10	1E10	1E-30	1E10	0.19064781999896	2.51783162957394E-07	1E10	8065.83956456098	2.9339475592018E-07	1E10	1696.50557667961	2.55418022231158E-07	1E10	369.288111511074	2.47942690772773E-07	1E10	73.8565982959295	2.17250774420986E-07	1E10	15.6178014586187	1.64892035488692E-07	1E10	3.62812658459293	1.23028555034591E-07	1E10	0.727906346497901	4.91365964253441E-08	1E10	0.185259114937276	1E-30	4.54227755988594E-11	0.387085945194892	1E-30	3.28055791762315E-11	0.300693491689323	1.58029647916884E-09	1.12496351084145E-11	0.103598221027139	1.30046945913219E-11	1.78859312301113E-10	8.07806306663037	1E10	1E-30	1E-10	1E10	1E-30	1E-10	1E10	1E-30	1E-10
248	2.23937291127313E-09	1E10	1E10	1E-30	3.5240249391812E-10	1E10	1E-30	1E10	0.19064781999896	2.51783162957394E-07	1E10	8065.83956456098	2.9339475592018E-07	1E10	1696.50557667961	2.55418022231158E-07	1E10	369.288111511074	2.47942690772773E-07	1E10	73.8565982959295	2.17250774420986E-07	1E10	15.6178014586187	1.64892035488692E-07	1E10	3.62812658459293	1.23028555034591E-07	1E10	0.727906346497901	4.91365964253441E-08	1E10	0.185259114937276	1E-30	4.54227755988594E-11	0.387085945194892	1E-30	3.28055791762315E-11	0.300693491689323	1.58029647916884E-09	1.12496351084145E-11	0.103598221027139	1.30046945913219E-11	1.78859312301113E-10	8.07806306663037	1E10	1E-30	1E-10	1E10	1E-30	1E-10	1E10	1E-30	1E-10
249	2.67677011134642E-09	1E10	1E10	1E-30	2.05295512199298E-11	1E10	1E-30	1E10	6.76005431762941E-03	1E-30	6.95825233885745E-11	0.266889113313623	1E-30	5.70953974244503E-11	1.36382230079142E-02	1E-30	1.53614770583689E-10	5.13059790316921E-03	1.61596269397653E-08	1.72665987879216E-11	0.244956681357924	3.46269294139763E-09	3.30575036545007E-11	0.498419577072148	1.09089194162154E-12	3.03526835784619E-10	1E5	4.21230022401397E-12	7.25951608997242E-11	17.4241916891037	1E10	1E-30	1E-10	1E10	1E-30	1E-10	1E10	1E-30	1E-10	1E10	1E-30	1E-10	1E10	1E-30	1E-10	1E10	1E-30	1E-10	1E10	1E-30	1E-10	1E10	1E-30	1E-10
250	2.67677011134642E-09	1E10	1E10	1E-30	2.05295512199298E-11	1E10	1E-30	1E10	6.76005431762941E-03	1E-30	6.95825233885745E-11	0.266889113313623	1E-30	5.70953974244503E-11	1.36382230079142E-02	1E-30	1.53614770583689E-10	5.13059790316921E-03	1.61596269397653E-08	1.72665987879216E-11	0.244956681357924	3.46269294139763E-09	3.30575036545007E-11	0.498419577072148	1.09089194162154E-12	3.03526835784619E-10	1E5	4.21230022401397E-12	7.25951608997242E-11	17.4241916891037	1E10	1E-30	1E-10	1E10	1E-30	1E-10	1E10	1E-30	1E-10	1E10	1E-30	1E-10	1E10	1E-30	1E-10	1E10	1E-30	1E-10	1E10	1E-30	1E-10	1E10	1E-30	1E-10
251	2.73361436591203E-09	1E10	1E10	1E-30	5E-13	1E10	1E-30	1E10	8.93738426623656E-03	1E-30	1.46489308440954E-11	0.666386527635701	1E-30	8.7471073883812E-11	0.483002628456584	1E-30	7.87890078105112E-11	1.83917188249146E-02	1.00422501057854E-08	2.90200204832727E-11	0.284418820360236	2.5535651786485E-09	4.51986876659001E-11	0.575245027661237	2.84736114598776E-09	1.26820126197666E-11	0.130572915814215	3.65131457809132E-11	9.6018111681194E-12	4.2267534809115	7.75520854296276E-13	3.59291225174245E-10	1E5	1E10	1E-30	1E-10	1E10	1E-30	1E-10	1E10	1E-30	1E-10	1E10	1E-30	1E-10	1E10	1E-30	1E-10	1E10	1E-30	1E-10	1E10	1E-30	1E-10
252	2.67677011134642E-09	1E10	1E10	1E-30	2.05295512199298E-11	1E10	1E-30	1E10	6.76005431762941E-03	1E-30	6.95825233885745E-11	0.266889113313623	1E-30	5.70953974244503E-11	1.36382230079142E-02	1E-30	1.53614770583689E-10	5.13059790316921E-03	1.61596269397653E-08	1.72665987879216E-11	0.244956681357924	3.46269294139763E-09	3.30575036545007E-11	0.498419577072148	1.09089194162154E-12	3.03526835784619E-10	1E5	4.21230022401397E-12	7.25951608997242E-11	17.4241916891037	1E10	1E-30	1E-10	1E10	1E-30	1E-10	1E10	1E-30	1E-10	1E10	1E-30	1E-10	1E10	1E-30	1E-10	1E10	1E-30	1E-10	1E10	1E-30	1E-10	1E10	1E-30	1E-10
253	2.69999999999999E-09	1E10	1E10	1E-30	3.92994356565703E-10	1E10	1E-30	1E10	1.28548191788416E-02	8.50738338323872E-07	1E10	13243.1390060603	1.72613548195559E-06	1E10	7090.05141437766	9.27239123763571E-06	1E10	15.4428963974012	1.95990199799808E-05	1E10	0.985041820250637	1.5686882620553E-05	1E10	0.131482258527463	1.2365755048661E-05	1E10	5.06819099299417E-03	1E-30	6.42997176393178E-11	1.09213385314803	1E-30	5.4345285160653E-11	1.40593867035494E-02	2.12292687212105E-08	1.36340035164651E-11	0.271356546612973	4.56821538489347E-09	2.60183097617603E-11	0.543092982560174	7.93466676949487E-10	4.58823811427528E-11	0.186362630719492	1E10	1E-30	1E-10	1E10	1E-30	1E-10	1E10	1E-30	1E-10	1E10	1E-30	1E-10
254	2.69999999999999E-09	1E10	1E10	1E-30	3.92994356565703E-10	1E10	1E-30	1E10	1.28548191788416E-02	8.50738338323872E-07	1E10	13243.1390060603	1.72613548195559E-06	1E10	7090.05141437766	9.27239123763571E-06	1E10	15.4428963974012	1.95990199799808E-05	1E10	0.985041820250637	1.5686882620553E-05	1E10	0.131482258527463	1.2365755048661E-05	1E10	5.06819099299417E-03	1E-30	6.42997176393178E-11	1.09213385314803	1E-30	5.4345285160653E-11	1.40593867035494E-02	2.12292687212105E-08	1.36340035164651E-11	0.271356546612973	4.56821538489347E-09	2.60183097617603E-11	0.543092982560174	7.93466676949487E-10	4.58823811427528E-11	0.186362630719492	1E10	1E-30	1E-10	1E10	1E-30	1E-10	1E10	1E-30	1E-10	1E10	1E-30	1E-10
255	2.69999999999999E-09	1E10	1E10	1E-30	3.92994356565703E-10	1E10	1E-30	1E10	1.28548191788416E-02	8.50738338323872E-07	1E10	13243.1390060603	1.72613548195559E-06	1E10	7090.05141437766	9.27239123763571E-06	1E10	15.4428963974012	1.95990199799808E-05	1E10	0.985041820250637	1.5686882620553E-05	1E10	0.131482258527463	1.2365755048661E-05	1E10	5.06819099299417E-03	1E-30	6.42997176393178E-11	1.09213385314803	1E-30	5.4345285160653E-11	1.40593867035494E-02	2.12292687212105E-08	1.36340035164651E-11	0.271356546612973	4.56821538489347E-09	2.60183097617603E-11	0.543092982560174	7.93466676949487E-10	4.58823811427528E-11	0.186362630719492	1E10	1E-30	1E-10	1E10	1E-30	1E-10	1E10	1E-30	1E-10	1E10	1E-30	1E-10
256	2.68030725607767E-09	1E10	1E10	1E-30	6.11122459729351E-11	1E10	1E-30	1E10	1.36573846986252E-02	1E-30	7.93580489125036E-11	0.52432896807406	4.15327205028399E-08	5.23953006112252E-11	1.66460440982623E-02	1.39330120005728E-08	2.09129726853198E-11	0.219258297631489	3.81958792264989E-09	3.06125913017199E-11	0.419887900171102	8.14954696724379E-13	4.38105727447344E-10	1289.4296720421	1E10	1E-30	1E-10	1E10	1E-30	1E-10	1E10	1E-30	1E-10	1E10	1E-30	1E-10	1E10	1E-30	1E-10	1E10	1E-30	1E-10	1E10	1E-30	1E-10	1E10	1E-30	1E-10	1E10	1E-30	1E-10	1E10	1E-30	1E-10
257	3.25204775603648E-09	1E10	1E10	1E-30	2.32488983002448E-10	1E10	1E-30	1E10	1.20259597228764E-02	1E-30	7.89089507033608E-11	0.472498351494535	1E-30	6.28781376971346E-11	1.10917647621878E-02	1.43292498282364E-08	2.65336103954677E-11	0.272757547260701	4.1925407623396E-09	3.80401050221908E-11	0.417883163602571	2.39507620174859E-09	2.34462531023857E-11	0.169937767770564	3.84960543449597E-11	1.21851333047364E-11	0.346164603847298	2.17446192992597E-12	1.11712154496031E-10	1E5	1E10	1E-30	1E-10	1E10	1E-30	1E-10	1E10	1E-30	1E-10	1E10	1E-30	1E-10	1E10	1E-30	1E-10	1E10	1E-30	1E-10	1E10	1E-30	1E-10	1E10	1E-30	1E-10
258	3.25204775603648E-09	1E10	1E10	1E-30	2.32488983002448E-10	1E10	1E-30	1E10	1.20259597228764E-02	1E-30	7.89089507033608E-11	0.472498351494535	1E-30	6.28781376971346E-11	1.10917647621878E-02	1.43292498282364E-08	2.65336103954677E-11	0.272757547260701	4.1925407623396E-09	3.80401050221908E-11	0.417883163602571	2.39507620174859E-09	2.34462531023857E-11	0.169937767770564	3.84960543449597E-11	1.21851333047364E-11	0.346164603847298	2.17446192992597E-12	1.11712154496031E-10	1E5	1E10	1E-30	1E-10	1E10	1E-30	1E-10	1E10	1E-30	1E-10	1E10	1E-30	1E-10	1E10	1E-30	1E-10	1E10	1E-30	1E-10	1E10	1E-30	1E-10	1E10	1E-30	1E-10
259	3.25204775603648E-09	1E10	1E10	1E-30	2.32488983002448E-10	1E10	1E-30	1E10	1.20259597228764E-02	1E-30	7.89089507033608E-11	0.472498351494535	1E-30	6.28781376971346E-11	1.10917647621878E-02	1.43292498282364E-08	2.65336103954677E-11	0.272757547260701	4.1925407623396E-09	3.80401050221908E-11	0.417883163602571	2.39507620174859E-09	2.34462531023857E-11	0.169937767770564	3.84960543449597E-11	1.21851333047364E-11	0.346164603847298	2.17446192992597E-12	1.11712154496031E-10	1E5	1E10	1E-30	1E-10	1E10	1E-30	1E-10	1E10	1E-30	1E-10	1E10	1E-30	1E-10	1E10	1E-30	1E-10	1E10	1E-30	1E-10	1E10	1E-30	1E-10	1E10	1E-30	1E-10
260	3.25204775603648E-09	1E10	1E10	1E-30	2.32488983002448E-10	1E10	1E-30	1E10	1.20259597228764E-02	1E-30	7.89089507033608E-11	0.472498351494535	1E-30	6.28781376971346E-11	1.10917647621878E-02	1.43292498282364E-08	2.65336103954677E-11	0.272757547260701	4.1925407623396E-09	3.80401050221908E-11	0.417883163602571	2.39507620174859E-09	2.34462531023857E-11	0.169937767770564	3.84960543449597E-11	1.21851333047364E-11	0.346164603847298	2.17446192992597E-12	1.11712154496031E-10	1E5	1E10	1E-30	1E-10	1E10	1E-30	1E-10	1E10	1E-30	1E-10	1E10	1E-30	1E-10	1E10	1E-30	1E-10	1E10	1E-30	1E-10	1E10	1E-30	1E-10	1E10	1E-30	1E-10
261	3.29999999999999E-09	1E10	1E10	1E-30	5.07353982161263E-10	1E10	1E-30	1E10	1.01710166727735E-02	1.17734874164739E-06	1E10	9569.33631783851	2.46298893164421E-06	1E10	4106.51541484845	1.07428231076117E-05	1E10	16.5585149166144	2.23816364379775E-05	1E10	0.974798709272677	1.94586364787268E-05	1E10	0.119276796778874	1.526559656626E-05	1E10	5.32021499699458E-03	1E-30	6.18800928459784E-11	0.382527079075326	1E-30	7.34384572722832E-11	1.90879532086082E-02	2.52220050680562E-08	1.5953692430992E-11	0.232767204917483	5.00623643779779E-09	3.25883499447455E-11	0.531342189545497	5.11236043999386E-09	9.43941523120985E-12	0.134468180312561	1E10	1E-30	1E-10	1E10	1E-30	1E-10	1E10	1E-30	1E-10	1E10	1E-30	1E-10
262	3.29999999999999E-09	1E10	1E10	1E-30	5.07353982161263E-10	1E10	1E-30	1E10	1.01710166727735E-02	1.17734874164739E-06	1E10	9569.33631783851	2.46298893164421E-06	1E10	4106.51541484845	1.07428231076117E-05	1E10	16.5585149166144	2.23816364379775E-05	1E10	0.974798709272677	1.94586364787268E-05	1E10	0.119276796778874	1.526559656626E-05	1E10	5.32021499699458E-03	1E-30	6.18800928459784E-11	0.382527079075326	1E-30	7.34384572722832E-11	1.90879532086082E-02	2.52220050680562E-08	1.5953692430992E-11	0.232767204917483	5.00623643779779E-09	3.25883499447455E-11	0.531342189545497	5.11236043999386E-09	9.43941523120985E-12	0.134468180312561	1E10	1E-30	1E-10	1E10	1E-30	1E-10	1E10	1E-30	1E-10	1E10	1E-30	1E-10
263	3.29999999999999E-09	1E10	1E10	1E-30	5.07353982161263E-10	1E10	1E-30	1E10	1.01710166727735E-02	1.17734874164739E-06	1E10	9569.33631783851	2.46298893164421E-06	1E10	4106.51541484845	1.07428231076117E-05	1E10	16.5585149166144	2.23816364379775E-05	1E10	0.974798709272677	1.94586364787268E-05	1E10	0.119276796778874	1.526559656626E-05	1E10	5.32021499699458E-03	1E-30	6.18800928459784E-11	0.382527079075326	1E-30	7.34384572722832E-11	1.90879532086082E-02	2.52220050680562E-08	1.5953692430992E-11	0.232767204917483	5.00623643779779E-09	3.25883499447455E-11	0.531342189545497	5.11236043999386E-09	9.43941523120985E-12	0.134468180312561	1E10	1E-30	1E-10	1E10	1E-30	1E-10	1E10	1E-30	1E-10	1E10	1E-30	1E-10
264	3.27947078330871E-09	1E10	1E10	1E-30	1.3646113501593E-10	1E10	1E-30	1E10	9.5170292177966E-03	1E-30	8.49095240666592E-11	0.489041261281374	1.71793928715111E-08	2.46289174204791E-11	0.266116846380939	2.27827064608227E-09	8.08325136041817E-11	1.83174967584079E-02	5.40822559482465E-09	3.0850035333562E-11	0.434867023184208	1.16434185471191E-12	3.22080364222701E-10	240.422285507626	1E10	1E-30	1E-10	1E10	1E-30	1E-10	1E10	1E-30	1E-10	1E10	1E-30	1E-10	1E10	1E-30	1E-10	1E10	1E-30	1E-10	1E10	1E-30	1E-10	1E10	1E-30	1E-10	1E10	1E-30	1E-10	1E10	1E-30	1E-10
265	3.34300050133576E-09	1E10	1E10	1E-30	3.407937039979E-10	1E10	1E-30	1E10	0.156959493667681	3.32567070185002E-07	1E10	5706.99797454173	3.62576837838489E-07	1E10	1387.69165291787	3.21753025117478E-07	1E10	297.022861975159	3.14693578532137E-07	1E10	59.8516540981988	2.70886021105357E-07	1E10	12.4216468115807	2.2981843610847E-07	1E10	2.85003546353469	1.62204062016972E-07	1E10	0.551410068369531	7.34132187661484E-08	1E10	0.141943679252489	1E-30	4.1264286196523E-11	0.403049928858228	1E-30	2.12345567488095E-11	0.234432959526614	4.68098988070268E-09	1.16269716077409E-11	0.113194066000701	1.15318195422043E-11	2.19142673160591E-10	11.4298355079414	1E10	1E-30	1E-10	1E10	1E-30	1E-10	1E10	1E-30	1E-10
266	3.34300050133576E-09	1E10	1E10	1E-30	3.407937039979E-10	1E10	1E-30	1E10	0.156959493667681	3.32567070185002E-07	1E10	5706.99797454173	3.62576837838489E-07	1E10	1387.69165291787	3.21753025117478E-07	1E10	297.022861975159	3.14693578532137E-07	1E10	59.8516540981988	2.70886021105357E-07	1E10	12.4216468115807	2.2981843610847E-07	1E10	2.85003546353469	1.62204062016972E-07	1E10	0.551410068369531	7.34132187661484E-08	1E10	0.141943679252489	1E-30	4.1264286196523E-11	0.403049928858228	1E-30	2.12345567488095E-11	0.234432959526614	4.68098988070268E-09	1.16269716077409E-11	0.113194066000701	1.15318195422043E-11	2.19142673160591E-10	11.4298355079414	1E10	1E-30	1E-10	1E10	1E-30	1E-10	1E10	1E-30	1E-10
267	3.34300050133576E-09	1E10	1E10	1E-30	3.407937039979E-10	1E10	1E-30	1E10	0.156959493667681	3.32567070185002E-07	1E10	5706.99797454173	3.62576837838489E-07	1E10	1387.69165291787	3.21753025117478E-07	1E10	297.022861975159	3.14693578532137E-07	1E10	59.8516540981988	2.70886021105357E-07	1E10	12.4216468115807	2.2981843610847E-07	1E10	2.85003546353469	1.62204062016972E-07	1E10	0.551410068369531	7.34132187661484E-08	1E10	0.141943679252489	1E-30	4.1264286196523E-11	0.403049928858228	1E-30	2.12345567488095E-11	0.234432959526614	4.68098988070268E-09	1.16269716077409E-11	0.113194066000701	1.15318195422043E-11	2.19142673160591E-10	11.4298355079414	1E10	1E-30	1E-10	1E10	1E-30	1E-10	1E10	1E-30	1E-10
268	3.34300050133576E-09	1E10	1E10	1E-30	3.407937039979E-10	1E10	1E-30	1E10	0.156959493667681	3.32567070185002E-07	1E10	5706.99797454173	3.62576837838489E-07	1E10	1387.69165291787	3.21753025117478E-07	1E10	297.022861975159	3.14693578532137E-07	1E10	59.8516540981988	2.70886021105357E-07	1E10	12.4216468115807	2.2981843610847E-07	1E10	2.85003546353469	1.62204062016972E-07	1E10	0.551410068369531	7.34132187661484E-08	1E10	0.141943679252489	1E-30	4.1264286196523E-11	0.403049928858228	1E-30	2.12345567488095E-11	0.234432959526614	4.68098988070268E-09	1.16269716077409E-11	0.113194066000701	1.15318195422043E-11	2.19142673160591E-10	11.4298355079414	1E10	1E-30	1E-10	1E10	1E-30	1E-10	1E10	1E-30	1E-10
269	3.86514973751239E-09	1E10	1E10	1E-30	2.35769950806241E-10	1E10	1E-30	1E10	6.64199369247539E-03	1E-30	5.14930087334795E-11	2.98392177271057	1E-30	5.43423513795835E-11	0.245074999860538	1E-30	7.50099567093231E-11	1.55460440775171E-02	1E-30	3.46354395570893E-10	4.97515898008625E-03	2.08129581344188E-08	1.46839840243147E-11	0.173287348773787	4.15507013986586E-09	2.66812291874023E-11	0.306347749925733	2.48095672376132E-12	1.11009370356865E-10	1E5	1E10	1E-30	1E-10	1E10	1E-30	1E-10	1E10	1E-30	1E-10	1E10	1E-30	1E-10	1E10	1E-30	1E-10	1E10	1E-30	1E-10	1E10	1E-30	1E-10	1E10	1E-30	1E-10
270	3.86514973751239E-09	1E10	1E10	1E-30	2.35769950806241E-10	1E10	1E-30	1E10	6.64199369247539E-03	1E-30	5.14930087334795E-11	2.98392177271057	1E-30	5.43423513795835E-11	0.245074999860538	1E-30	7.50099567093231E-11	1.55460440775171E-02	1E-30	3.46354395570893E-10	4.97515898008625E-03	2.08129581344188E-08	1.46839840243147E-11	0.173287348773787	4.15507013986586E-09	2.66812291874023E-11	0.306347749925733	2.48095672376132E-12	1.11009370356865E-10	1E5	1E10	1E-30	1E-10	1E10	1E-30	1E-10	1E10	1E-30	1E-10	1E10	1E-30	1E-10	1E10	1E-30	1E-10	1E10	1E-30	1E-10	1E10	1E-30	1E-10	1E10	1E-30	1E-10
271	3.86514973751239E-09	1E10	1E10	1E-30	2.35769950806241E-10	1E10	1E-30	1E10	6.64199369247539E-03	1E-30	5.14930087334795E-11	2.98392177271057	1E-30	5.43423513795835E-11	0.245074999860538	1E-30	7.50099567093231E-11	1.55460440775171E-02	1E-30	3.46354395570893E-10	4.97515898008625E-03	2.08129581344188E-08	1.46839840243147E-11	0.173287348773787	4.15507013986586E-09	2.66812291874023E-11	0.306347749925733	2.48095672376132E-12	1.11009370356865E-10	1E5	1E10	1E-30	1E-10	1E10	1E-30	1E-10	1E10	1E-30	1E-10	1E10	1E-30	1E-10	1E10	1E-30	1E-10	1E10	1E-30	1E-10	1E10	1E-30	1E-10	1E10	1E-30	1E-10
272	3.86514973751239E-09	1E10	1E10	1E-30	2.35769950806241E-10	1E10	1E-30	1E10	6.64199369247539E-03	1E-30	5.14930087334795E-11	2.98392177271057	1E-30	5.43423513795835E-11	0.245074999860538	1E-30	7.50099567093231E-11	1.55460440775171E-02	1E-30	3.46354395570893E-10	4.97515898008625E-03	2.08129581344188E-08	1.46839840243147E-11	0.173287348773787	4.15507013986586E-09	2.66812291874023E-11	0.306347749925733	2.48095672376132E-12	1.11009370356865E-10	1E5	1E10	1E-30	1E-10	1E10	1E-30	1E-10	1E10	1E-30	1E-10	1E10	1E-30	1E-10	1E10	1E-30	1E-10	1E10	1E-30	1E-10	1E10	1E-30	1E-10	1E10	1E-30	1E-10
273	3.9E-9	1E10	1E10	1E-30	4.63519647329173E-10	1E10	1E-30	1E10	8.79223608018181E-03	1.35062604836456E-06	1E10	8341.64725747005	3.01020431865322E-06	1E10	3381.03025797064	1.20248388290575E-05	1E10	17.3732329093739	2.54572249804802E-05	1E10	0.98562214776232	2.23739817588913E-05	1E10	0.116313807236641	1.37413083448737E-05	1E10	6.00494878963136E-03	1E-30	3.75733366876785E-11	1.41084835687819	1E-30	8.32062553805941E-11	1.02039976680076E-02	2.88307778172431E-08	1.76723626605783E-11	0.282129275644035	7.70441426450098E-09	2.76498263665417E-11	0.522268888957673	1.40651183718343E-08	4.58685781085589E-12	0.119619624605313	9.49360493102628E-11	7.90181971105729E-11	0.232389153447451	1E10	1E-30	1E-10	1E10	1E-30	1E-10	1E10	1E-30	1E-10
274	3.9E-9	1E10	1E10	1E-30	4.63519647329173E-10	1E10	1E-30	1E10	8.79223608018181E-03	1.35062604836456E-06	1E10	8341.64725747005	3.01020431865322E-06	1E10	3381.03025797064	1.20248388290575E-05	1E10	17.3732329093739	2.54572249804802E-05	1E10	0.98562214776232	2.23739817588913E-05	1E10	0.116313807236641	1.37413083448737E-05	1E10	6.00494878963136E-03	1E-30	3.75733366876785E-11	1.41084835687819	1E-30	8.32062553805941E-11	1.02039976680076E-02	2.88307778172431E-08	1.76723626605783E-11	0.282129275644035	7.70441426450098E-09	2.76498263665417E-11	0.522268888957673	1.40651183718343E-08	4.58685781085589E-12	0.119619624605313	9.49360493102628E-11	7.90181971105729E-11	0.232389153447451	1E10	1E-30	1E-10	1E10	1E-30	1E-10	1E10	1E-30	1E-10
275	3.9E-9	1E10	1E10	1E-30	4.63519647329173E-10	1E10	1E-30	1E10	8.79223608018181E-03	1.35062604836456E-06	1E10	8341.64725747005	3.01020431865322E-06	1E10	3381.03025797064	1.20248388290575E-05	1E10	17.3732329093739	2.54572249804802E-05	1E10	0.98562214776232	2.23739817588913E-05	1E10	0.116313807236641	1.37413083448737E-05	1E10	6.00494878963136E-03	1E-30	3.75733366876785E-11	1.41084835687819	1E-30	8.32062553805941E-11	1.02039976680076E-02	2.88307778172431E-08	1.76723626605783E-11	0.282129275644035	7.70441426450098E-09	2.76498263665417E-11	0.522268888957673	1.40651183718343E-08	4.58685781085589E-12	0.119619624605313	9.49360493102628E-11	7.90181971105729E-11	0.232389153447451	1E10	1E-30	1E-10	1E10	1E-30	1E-10	1E10	1E-30	1E-10
276	3.97202661215124E-09	1E10	1E10	1E-30	1.48299713814558E-10	1E10	1E-30	1E10	8.88254677632608E-03	1E-30	9.86536954517864E-11	0.348944860100925	9.75900006883868E-08	6.14468455817129E-11	1.03669613818618E-02	1.74048042832104E-08	3.03478951125717E-11	0.310265674710884	7.04508403840043E-09	3.16571022470836E-11	0.394861310468529	1.19216066432184E-12	2.84174451832457E-10	175.709749899208	1E10	1E-30	1E-10	1E10	1E-30	1E-10	1E10	1E-30	1E-10	1E10	1E-30	1E-10	1E10	1E-30	1E-10	1E10	1E-30	1E-10	1E10	1E-30	1E-10	1E10	1E-30	1E-10	1E10	1E-30	1E-10	1E10	1E-30	1E-10
277	4.67230980028064E-09	1E10	1E10	1E-30	1.20226443461741E-10	1E10	1E-30	1E10	1.13437014079047E-02	1E-30	6.55547783476321E-11	1.43983357540839E-02	1.77031769566252E-08	2.32513754010969E-11	0.179063981014568	4.75160352849548E-09	3.16789918133094E-11	0.321301389858538	1.75663736108448E-09	2.46349259714708E-11	0.123878943822735	7.19030612136349E-12	5.24906552996313E-11	0.521022229074153	9.12626187051197E-13	2.21409416076044E-10	1E5	1E10	1E-30	1E-10	1E10	1E-30	1E-10	1E10	1E-30	1E-10	1E10	1E-30	1E-10	1E10	1E-30	1E-10	1E10	1E-30	1E-10	1E10	1E-30	1E-10	1E10	1E-30	1E-10	1E10	1E-30	1E-10
278	4.67230980028064E-09	1E10	1E10	1E-30	1.20226443461741E-10	1E10	1E-30	1E10	1.13437014079047E-02	1E-30	6.55547783476321E-11	1.43983357540839E-02	1.77031769566252E-08	2.32513754010969E-11	0.179063981014568	4.75160352849548E-09	3.16789918133094E-11	0.321301389858538	1.75663736108448E-09	2.46349259714708E-11	0.123878943822735	7.19030612136349E-12	5.24906552996313E-11	0.521022229074153	9.12626187051197E-13	2.21409416076044E-10	1E5	1E10	1E-30	1E-10	1E10	1E-30	1E-10	1E10	1E-30	1E-10	1E10	1E-30	1E-10	1E10	1E-30	1E-10	1E10	1E-30	1E-10	1E10	1E-30	1E-10	1E10	1E-30	1E-10	1E10	1E-30	1E-10
279	4.67230980028064E-09	1E10	1E10	1E-30	1.20226443461741E-10	1E10	1E-30	1E10	1.13437014079047E-02	1E-30	6.55547783476321E-11	1.43983357540839E-02	1.77031769566252E-08	2.32513754010969E-11	0.179063981014568	4.75160352849548E-09	3.16789918133094E-11	0.321301389858538	1.75663736108448E-09	2.46349259714708E-11	0.123878943822735	7.19030612136349E-12	5.24906552996313E-11	0.521022229074153	9.12626187051197E-13	2.21409416076044E-10	1E5	1E10	1E-30	1E-10	1E10	1E-30	1E-10	1E10	1E-30	1E-10	1E10	1E-30	1E-10	1E10	1E-30	1E-10	1E10	1E-30	1E-10	1E10	1E-30	1E-10	1E10	1E-30	1E-10	1E10	1E-30	1E-10
280	4.67230980028064E-09	1E10	1E10	1E-30	1.20226443461741E-10	1E10	1E-30	1E10	1.13437014079047E-02	1E-30	6.55547783476321E-11	1.43983357540839E-02	1.77031769566252E-08	2.32513754010969E-11	0.179063981014568	4.75160352849548E-09	3.16789918133094E-11	0.321301389858538	1.75663736108448E-09	2.46349259714708E-11	0.123878943822735	7.19030612136349E-12	5.24906552996313E-11	0.521022229074153	9.12626187051197E-13	2.21409416076044E-10	1E5	1E10	1E-30	1E-10	1E10	1E-30	1E-10	1E10	1E-30	1E-10	1E10	1E-30	1E-10	1E10	1E-30	1E-10	1E10	1E-30	1E-10	1E10	1E-30	1E-10	1E10	1E-30	1E-10	1E10	1E-30	1E-10
281	4.7E-9	1E10	1E10	1E-30	4.22059587201812E-10	1E10	1E-30	1E10	8.08995373406861E-03	3.67274319168846E-06	1E10	1866.75213482305	1.67114667736717E-05	1E10	30.6629989137321	2.52791555215304E-05	1E10	7.78739265581282	2.90783436363203E-05	1E10	1.0332295040147	2.72214412721115E-05	1E10	0.105375941441859	1.84386312530368E-05	1E10	4.90432603393223E-03	1E-30	2.38737472960679E-11	0.896571716322471	1E-30	5.80549377716125E-11	8.21960454394717E-03	2.76388981440229E-08	2.41952532735856E-11	0.326946879410844	9.62544135473118E-09	3.0713616118141E-11	0.510499519445878	1.35534158439063E-08	6.91828629188104E-12	0.124847253300509	9.04095342018218E-11	9.1025342134045E-11	0.245872192463828	1E10	1E-30	1E-10	1E10	1E-30	1E-10	1E10	1E-30	1E-10
282	4.7E-9	1E10	1E10	1E-30	4.22059587201812E-10	1E10	1E-30	1E10	8.08995373406861E-03	3.67274319168846E-06	1E10	1866.75213482305	1.67114667736717E-05	1E10	30.6629989137321	2.52791555215304E-05	1E10	7.78739265581282	2.90783436363203E-05	1E10	1.0332295040147	2.72214412721115E-05	1E10	0.105375941441859	1.84386312530368E-05	1E10	4.90432603393223E-03	1E-30	2.38737472960679E-11	0.896571716322471	1E-30	5.80549377716125E-11	8.21960454394717E-03	2.76388981440229E-08	2.41952532735856E-11	0.326946879410844	9.62544135473118E-09	3.0713616118141E-11	0.510499519445878	1.35534158439063E-08	6.91828629188104E-12	0.124847253300509	9.04095342018218E-11	9.1025342134045E-11	0.245872192463828	1E10	1E-30	1E-10	1E10	1E-30	1E-10	1E10	1E-30	1E-10
283	4.7E-9	1E10	1E10	1E-30	4.22059587201812E-10	1E10	1E-30	1E10	8.08995373406861E-03	3.67274319168846E-06	1E10	1866.75213482305	1.67114667736717E-05	1E10	30.6629989137321	2.52791555215304E-05	1E10	7.78739265581282	2.90783436363203E-05	1E10	1.0332295040147	2.72214412721115E-05	1E10	0.105375941441859	1.84386312530368E-05	1E10	4.90432603393223E-03	1E-30	2.38737472960679E-11	0.896571716322471	1E-30	5.80549377716125E-11	8.21960454394717E-03	2.76388981440229E-08	2.41952532735856E-11	0.326946879410844	9.62544135473118E-09	3.0713616118141E-11	0.510499519445878	1.35534158439063E-08	6.91828629188104E-12	0.124847253300509	9.04095342018218E-11	9.1025342134045E-11	0.245872192463828	1E10	1E-30	1E-10	1E10	1E-30	1E-10	1E10	1E-30	1E-10
284	4.69344314966874E-09	1E10	1E10	1E-30	1.70547017662491E-10	1E10	1E-30	1E10	7.8180607916128E-03	1E-30	8.12997864697814E-11	0.45420595494564	1E-30	7.02221835735843E-11	1.64545770844374E-02	2.06288392808396E-08	3.30672840408817E-11	0.398129799580536	6.916742353468E-09	4.49409456954004E-11	0.393828285662188	1.68909579148465E-12	2.19487935412076E-10	81.7279287143467	1E10	1E-30	1E-10	1E10	1E-30	1E-10	1E10	1E-30	1E-10	1E10	1E-30	1E-10	1E10	1E-30	1E-10	1E10	1E-30	1E-10	1E10	1E-30	1E-10	1E10	1E-30	1E-10	1E10	1E-30	1E-10	1E10	1E-30	1E-10
285	4.78343753973463E-09	1E10	1E10	1E-30	1.42513899662049E-10	1E10	1E-30	1E10	7.96439919897734E-02	5.63216158771914E-07	1E10	3625.08123910806	7.88804146103328E-07	1E10	239.506742317395	6.64175156612826E-07	1E10	30.8544453417867	4.95139247455196E-07	1E10	3.41249752544718	4.58309984636164E-07	1E10	0.410600318970073	4.49975819678487E-07	1E10	0.137815343796792	8.7637048790486E-08	1E10	8.56181123375707E-02	1E-30	4.81658965848501E-11	0.226875331069066	2.40820726664574E-08	1.19749151426362E-11	6.74941216863942E-02	3.03278891390877E-09	3.08981088922657E-11	0.171803105311931	1.15235176084312E-11	8.06806783082294E-11	9.88831062945598	2.32690378005514E-12	1.39258170979775E-10	23.0774964771615	1E10	1E-30	1E-10	1E10	1E-30	1E-10	1E10	1E-30	1E-10
286	4.80802984409392E-09	1E10	1E10	1E-30	3.2412286889122E-10	1E10	1E-30	1E10	0.133180605701501	3.83742582861513E-07	1E10	4540.29386502696	5.14598926984118E-07	1E10	599.584013083215	4.26286162950418E-07	1E10	132.573218847163	4.0937765939784E-07	1E10	23.1238359105674	2.7565965402838E-07	1E10	4.97256348713767	2.27371580682129E-07	1E10	0.706339108146159	1.76922017376476E-07	1E10	0.119877723857876	1E-30	6.05917907160793E-11	0.504788624072203	1E-30	2.07507313015055E-11	0.184899634185233	6.84326017159735E-09	1.65348469341883E-11	0.100262109206196	1.17935112666059E-11	1.82823762308059E-10	10.8236570067307	1E10	1E-30	1E-10	1E10	1E-30	1E-10	1E10	1E-30	1E-10	1E10	1E-30	1E-10
287	4.80802984409392E-09	1E10	1E10	1E-30	3.2412286889122E-10	1E10	1E-30	1E10	0.133180605701501	3.83742582861513E-07	1E10	4540.29386502696	5.14598926984118E-07	1E10	599.584013083215	4.26286162950418E-07	1E10	132.573218847163	4.0937765939784E-07	1E10	23.1238359105674	2.7565965402838E-07	1E10	4.97256348713767	2.27371580682129E-07	1E10	0.706339108146159	1.76922017376476E-07	1E10	0.119877723857876	1E-30	6.05917907160793E-11	0.504788624072203	1E-30	2.07507313015055E-11	0.184899634185233	6.84326017159735E-09	1.65348469341883E-11	0.100262109206196	1.17935112666059E-11	1.82823762308059E-10	10.8236570067307	1E10	1E-30	1E-10	1E10	1E-30	1E-10	1E10	1E-30	1E-10	1E10	1E-30	1E-10
288	4.80802984409392E-09	1E10	1E10	1E-30	3.2412286889122E-10	1E10	1E-30	1E10	0.133180605701501	3.83742582861513E-07	1E10	4540.29386502696	5.14598926984118E-07	1E10	599.584013083215	4.26286162950418E-07	1E10	132.573218847163	4.0937765939784E-07	1E10	23.1238359105674	2.7565965402838E-07	1E10	4.97256348713767	2.27371580682129E-07	1E10	0.706339108146159	1.76922017376476E-07	1E10	0.119877723857876	1E-30	6.05917907160793E-11	0.504788624072203	1E-30	2.07507313015055E-11	0.184899634185233	6.84326017159735E-09	1.65348469341883E-11	0.100262109206196	1.17935112666059E-11	1.82823762308059E-10	10.8236570067307	1E10	1E-30	1E-10	1E10	1E-30	1E-10	1E10	1E-30	1E-10	1E10	1E-30	1E-10
289	4.80802984409392E-09	1E10	1E10	1E-30	3.2412286889122E-10	1E10	1E-30	1E10	0.133180605701501	3.83742582861513E-07	1E10	4540.29386502696	5.14598926984118E-07	1E10	599.584013083215	4.26286162950418E-07	1E10	132.573218847163	4.0937765939784E-07	1E10	23.1238359105674	2.7565965402838E-07	1E10	4.97256348713767	2.27371580682129E-07	1E10	0.706339108146159	1.76922017376476E-07	1E10	0.119877723857876	1E-30	6.05917907160793E-11	0.504788624072203	1E-30	2.07507313015055E-11	0.184899634185233	6.84326017159735E-09	1.65348469341883E-11	0.100262109206196	1.17935112666059E-11	1.82823762308059E-10	10.8236570067307	1E10	1E-30	1E-10	1E10	1E-30	1E-10	1E10	1E-30	1E-10	1E10	1E-30	1E-10
290	5.54099447741695E-09	1E10	1E10	1E-30	1.18557972450654E-10	1E10	1E-30	1E10	6.08273545358375E-03	1E-30	1.8032449091447E-11	0.752945347819214	1E-30	8.50400397454999E-11	0.263794383225875	1E-30	1.04395773582924E-10	1.15716715551333E-02	2.34813560538979E-08	2.78516350708291E-11	0.305967166197609	8.88289069174994E-09	2.98839108483405E-11	0.404323025809704	8.21647727055976E-12	3.99798516601172E-11	14.2947885413506	1.38337855696817E-12	2.18291984217685E-10	1E5	1E10	1E-30	1E-10	1E10	1E-30	1E-10	1E10	1E-30	1E-10	1E10	1E-30	1E-10	1E10	1E-30	1E-10	1E10	1E-30	1E-10	1E10	1E-30	1E-10	1E10	1E-30	1E-10
291	5.54099447741695E-09	1E10	1E10	1E-30	1.18557972450654E-10	1E10	1E-30	1E10	6.08273545358375E-03	1E-30	1.8032449091447E-11	0.752945347819214	1E-30	8.50400397454999E-11	0.263794383225875	1E-30	1.04395773582924E-10	1.15716715551333E-02	2.34813560538979E-08	2.78516350708291E-11	0.305967166197609	8.88289069174994E-09	2.98839108483405E-11	0.404323025809704	8.21647727055976E-12	3.99798516601172E-11	14.2947885413506	1.38337855696817E-12	2.18291984217685E-10	1E5	1E10	1E-30	1E-10	1E10	1E-30	1E-10	1E10	1E-30	1E-10	1E10	1E-30	1E-10	1E10	1E-30	1E-10	1E10	1E-30	1E-10	1E10	1E-30	1E-10	1E10	1E-30	1E-10
292	5.70196299677084E-09	1E10	1E10	1E-30	1E-12	1E10	1E-30	1E10	4.66215563207267E-03	1E-30	1.04343208552418E-10	0.34197220706437	1E-30	8.94106620137035E-11	7.3002392769084E-03	1E-30	6.66457298988328E-11	1.34103951879111E-03	1.6329336706617E-08	4.04463269029732E-11	0.296619408952832	8.55683210122129E-09	3.20478008167697E-11	0.424018791291163	1.30305103925997E-08	9.56076999687519E-12	0.074418408963464	9.39516425293299E-09	8.19097607395855E-12	9.49265329978928E-02	3.89510904062166E-11	9.00083482351985E-12	1.33437113334155	6.65127807169851E-13	3.40514011220324E-10	1E5	1E10	1E-30	1E-10	1E10	1E-30	1E-10	1E10	1E-30	1E-10	1E10	1E-30	1E-10	1E10	1E-30	1E-10	1E10	1E-30	1E-10
293	5.59769948599338E-09	1E10	1E10	1E-30	1.97682845539962E-10	1E10	1E-30	1E10	1.12786961258335E-02	1E-30	4.3973614782742E-11	0.236672247094315	1E-30	2.19879058252847E-11	2.32758253382654E-02	1E-30	7.55555694064994E-11	8.21665051729875E-03	1E-30	6.94262721690616E-10	5.28040434240262E-03	3.7970783356312E-08	9.08998634337736E-12	8.45662225927751E-02	5.96956505498758E-09	1.86508291275271E-11	0.16522847642622	1.5935685773189E-12	1.9737340707991E-10	120.150720922101	1E10	1E-30	1E-10	1E10	1E-30	1E-10	1E10	1E-30	1E-10	1E10	1E-30	1E-10	1E10	1E-30	1E-10	1E10	1E-30	1E-10	1E10	1E-30	1E-10	1E10	1E-30	1E-10
294	5.59769948599338E-09	1E10	1E10	1E-30	1.97682845539962E-10	1E10	1E-30	1E10	1.12786961258335E-02	1E-30	4.3973614782742E-11	0.236672247094315	1E-30	2.19879058252847E-11	2.32758253382654E-02	1E-30	7.55555694064994E-11	8.21665051729875E-03	1E-30	6.94262721690616E-10	5.28040434240262E-03	3.7970783356312E-08	9.08998634337736E-12	8.45662225927751E-02	5.96956505498758E-09	1.86508291275271E-11	0.16522847642622	1.5935685773189E-12	1.9737340707991E-10	120.150720922101	1E10	1E-30	1E-10	1E10	1E-30	1E-10	1E10	1E-30	1E-10	1E10	1E-30	1E-10	1E10	1E-30	1E-10	1E10	1E-30	1E-10	1E10	1E-30	1E-10	1E10	1E-30	1E-10
295	5.70196299677084E-09	1E10	1E10	1E-30	1E-12	1E10	1E-30	1E10	4.66215563207267E-03	1E-30	1.04343208552418E-10	0.34197220706437	1E-30	8.94106620137035E-11	7.3002392769084E-03	1E-30	6.66457298988328E-11	1.34103951879111E-03	1.6329336706617E-08	4.04463269029732E-11	0.296619408952832	8.55683210122129E-09	3.20478008167697E-11	0.424018791291163	1.30305103925997E-08	9.56076999687519E-12	0.074418408963464	9.39516425293299E-09	8.19097607395855E-12	9.49265329978928E-02	3.89510904062166E-11	9.00083482351985E-12	1.33437113334155	6.65127807169851E-13	3.40514011220324E-10	1E5	1E10	1E-30	1E-10	1E10	1E-30	1E-10	1E10	1E-30	1E-10	1E10	1E-30	1E-10	1E10	1E-30	1E-10	1E10	1E-30	1E-10
296	5.6E-9	1E10	1E10	1E-30	4.54401001111155E-10	1E10	1E-30	1E10	5.48070092142443E-03	4.47677612929717E-06	1E10	1531.48180648864	1.93735694428836E-05	1E10	25.5380723241718	3.27530444470014E-05	1E10	5.88594159228928	3.5010433839479E-05	1E10	0.892961211259681	3.26825756161058E-05	1E10	0.095076875153186	1.47871406196242E-05	1E10	6.35883187458808E-03	1E-30	3.45352603636267E-11	1.29552649460777	1E-30	9.78469000075605E-11	1.16405820013908E-02	2.69229984464696E-08	2.38044429853682E-11	0.307635008154025	9.72936520155337E-09	2.5863567085955E-11	0.449665520888165	1.72226653966907E-08	4.21363147458396E-12	9.81265206264793E-02	1.17477562267927E-10	7.5084520263239E-11	0.200034551243292	1E10	1E-30	1E-10	1E10	1E-30	1E-10	1E10	1E-30	1E-10
297	5.6E-9	1E10	1E10	1E-30	4.54401001111155E-10	1E10	1E-30	1E10	5.48070092142443E-03	4.47677612929717E-06	1E10	1531.48180648864	1.93735694428836E-05	1E10	25.5380723241718	3.27530444470014E-05	1E10	5.88594159228928	3.5010433839479E-05	1E10	0.892961211259681	3.26825756161058E-05	1E10	0.095076875153186	1.47871406196242E-05	1E10	6.35883187458808E-03	1E-30	3.45352603636267E-11	1.29552649460777	1E-30	9.78469000075605E-11	1.16405820013908E-02	2.69229984464696E-08	2.38044429853682E-11	0.307635008154025	9.72936520155337E-09	2.5863567085955E-11	0.449665520888165	1.72226653966907E-08	4.21363147458396E-12	9.81265206264793E-02	1.17477562267927E-10	7.5084520263239E-11	0.200034551243292	1E10	1E-30	1E-10	1E10	1E-30	1E-10	1E10	1E-30	1E-10
298	5.6E-9	1E10	1E10	1E-30	4.54401001111155E-10	1E10	1E-30	1E10	5.48070092142443E-03	4.47677612929717E-06	1E10	1531.48180648864	1.93735694428836E-05	1E10	25.5380723241718	3.27530444470014E-05	1E10	5.88594159228928	3.5010433839479E-05	1E10	0.892961211259681	3.26825756161058E-05	1E10	0.095076875153186	1.47871406196242E-05	1E10	6.35883187458808E-03	1E-30	3.45352603636267E-11	1.29552649460777	1E-30	9.78469000075605E-11	1.16405820013908E-02	2.69229984464696E-08	2.38044429853682E-11	0.307635008154025	9.72936520155337E-09	2.5863567085955E-11	0.449665520888165	1.72226653966907E-08	4.21363147458396E-12	9.81265206264793E-02	1.17477562267927E-10	7.5084520263239E-11	0.200034551243292	1E10	1E-30	1E-10	1E10	1E-30	1E-10	1E10	1E-30	1E-10
299	5.5245363454053E-09	1E10	1E10	1E-30	1.9101655377822E-12	1E10	1E-30	1E10	6.79343349159903E-03	1E-30	1.4209685996964E-10	0.343800347409198	1.22436567238918E-07	4.15205885812914E-11	7.97207886576603E-03	2.65908281245725E-08	3.07734698297948E-11	0.362179075444932	9.47315721222022E-09	3.80833676171564E-11	0.394908403784492	7.41846545027085E-13	3.59173522578999E-10	543.482283326169	1E10	1E-30	1E-10	1E10	1E-30	1E-10	1E10	1E-30	1E-10	1E10	1E-30	1E-10	1E10	1E-30	1E-10	1E10	1E-30	1E-10	1E10	1E-30	1E-10	1E10	1E-30	1E-10	1E10	1E-30	1E-10	1E10	1E-30	1E-10
300	6.75006680018527E-09	1E10	1E10	1E-30	6.48054432735685E-11	1E10	1E-30	1E10	7.1481792201656E-03	1E-30	6.63023267869289E-11	0.388676572180989	1E-30	1.0644431498188E-10	1.23350209158822E-02	2.73230431994246E-08	2.8071769417634E-11	0.252890391912277	7.05624864563046E-09	4.09920374975861E-11	0.373363903451656	5.34537778361471E-09	1.65389497254239E-11	0.119952406003941	1.26004856842548E-10	3.72271010541965E-12	0.211014156240042	7.3507109939652E-13	3.41383770603077E-10	1E5	1E10	1E-30	1E-10	1E10	1E-30	1E-10	1E10	1E-30	1E-10	1E10	1E-30	1E-10	1E10	1E-30	1E-10	1E10	1E-30	1E-10	1E10	1E-30	1E-10	1E10	1E-30	1E-10
301	6.75006680018527E-09	1E10	1E10	1E-30	6.48054432735685E-11	1E10	1E-30	1E10	7.1481792201656E-03	1E-30	6.63023267869289E-11	0.388676572180989	1E-30	1.0644431498188E-10	1.23350209158822E-02	2.73230431994246E-08	2.8071769417634E-11	0.252890391912277	7.05624864563046E-09	4.09920374975861E-11	0.373363903451656	5.34537778361471E-09	1.65389497254239E-11	0.119952406003941	1.26004856842548E-10	3.72271010541965E-12	0.211014156240042	7.3507109939652E-13	3.41383770603077E-10	1E5	1E10	1E-30	1E-10	1E10	1E-30	1E-10	1E10	1E-30	1E-10	1E10	1E-30	1E-10	1E10	1E-30	1E-10	1E10	1E-30	1E-10	1E10	1E-30	1E-10	1E10	1E-30	1E-10
302	6.75006680018527E-09	1E10	1E10	1E-30	6.48054432735685E-11	1E10	1E-30	1E10	7.1481792201656E-03	1E-30	6.63023267869289E-11	0.388676572180989	1E-30	1.0644431498188E-10	1.23350209158822E-02	2.73230431994246E-08	2.8071769417634E-11	0.252890391912277	7.05624864563046E-09	4.09920374975861E-11	0.373363903451656	5.34537778361471E-09	1.65389497254239E-11	0.119952406003941	1.26004856842548E-10	3.72271010541965E-12	0.211014156240042	7.3507109939652E-13	3.41383770603077E-10	1E5	1E10	1E-30	1E-10	1E10	1E-30	1E-10	1E10	1E-30	1E-10	1E10	1E-30	1E-10	1E10	1E-30	1E-10	1E10	1E-30	1E-10	1E10	1E-30	1E-10	1E10	1E-30	1E-10
303	6.70810480411008E-09	1E10	1E10	1E-30	1.65372863179613E-10	1E10	1E-30	1E10	7.10569328414063E-03	1E-30	3.0205478733198E-11	0.204663732401303	1E-30	5.66292240931939E-11	1.31841942189923E-02	1E-30	3.50350337281426E-10	4.00104029639517E-03	2.36978366703699E-08	2.03209797805621E-11	0.146792013355055	6.33858842845239E-09	2.66777828507881E-11	0.263911107163131	2.82422681057236E-09	1.5865557656525E-11	0.106273830089176	1.57092763842026E-12	2.00814443447057E-10	133.484789759394	1E10	1E-30	1E-10	1E10	1E-30	1E-10	1E10	1E-30	1E-10	1E10	1E-30	1E-10	1E10	1E-30	1E-10	1E10	1E-30	1E-10	1E10	1E-30	1E-10	1E10	1E-30	1E-10
304	6.70810480411008E-09	1E10	1E10	1E-30	1.65372863179613E-10	1E10	1E-30	1E10	7.10569328414063E-03	1E-30	3.0205478733198E-11	0.204663732401303	1E-30	5.66292240931939E-11	1.31841942189923E-02	1E-30	3.50350337281426E-10	4.00104029639517E-03	2.36978366703699E-08	2.03209797805621E-11	0.146792013355055	6.33858842845239E-09	2.66777828507881E-11	0.263911107163131	2.82422681057236E-09	1.5865557656525E-11	0.106273830089176	1.57092763842026E-12	2.00814443447057E-10	133.484789759394	1E10	1E-30	1E-10	1E10	1E-30	1E-10	1E10	1E-30	1E-10	1E10	1E-30	1E-10	1E10	1E-30	1E-10	1E10	1E-30	1E-10	1E10	1E-30	1E-10	1E10	1E-30	1E-10
305	6.75006680018527E-09	1E10	1E10	1E-30	6.48054432735685E-11	1E10	1E-30	1E10	7.1481792201656E-03	1E-30	6.63023267869289E-11	0.388676572180989	1E-30	1.0644431498188E-10	1.23350209158822E-02	2.73230431994246E-08	2.8071769417634E-11	0.252890391912277	7.05624864563046E-09	4.09920374975861E-11	0.373363903451656	5.34537778361471E-09	1.65389497254239E-11	0.119952406003941	1.26004856842548E-10	3.72271010541965E-12	0.211014156240042	7.3507109939652E-13	3.41383770603077E-10	1E5	1E10	1E-30	1E-10	1E10	1E-30	1E-10	1E10	1E-30	1E-10	1E10	1E-30	1E-10	1E10	1E-30	1E-10	1E10	1E-30	1E-10	1E10	1E-30	1E-10	1E10	1E-30	1E-10
306	6.8E-9	1E10	1E10	1E-30	4.18660054487402E-10	1E10	1E-30	1E10	7.22050937370104E-03	6.7165900404688E-06	1E10	1020.77112827072	2.2200796640891E-05	1E10	29.608068719848	3.63345389404995E-05	1E10	5.07143209509157	4.53207546156961E-05	1E10	0.773333594735016	3.97310528830057E-05	1E10	8.73444265731328E-02	2.44422480758073E-05	1E10	4.20002633229626E-03	1E-30	2.25578151098497E-11	0.848823710384061	1E-30	5.92859839003903E-11	6.74810351263649E-03	2.71211139837087E-08	3.1871760757485E-11	0.35656875474506	1.26556160222942E-08	2.79697516508266E-11	0.423409776097453	1.94549056044065E-08	5.47489691343583E-12	9.37526919493437E-02	1.37798621663438E-10	9.06744043140987E-11	0.20055386346298	1E10	1E-30	1E-10	1E10	1E-30	1E-10	1E10	1E-30	1E-10
307	6.8E-9	1E10	1E10	1E-30	4.18660054487402E-10	1E10	1E-30	1E10	7.22050937370104E-03	6.7165900404688E-06	1E10	1020.77112827072	2.2200796640891E-05	1E10	29.608068719848	3.63345389404995E-05	1E10	5.07143209509157	4.53207546156961E-05	1E10	0.773333594735016	3.97310528830057E-05	1E10	8.73444265731328E-02	2.44422480758073E-05	1E10	4.20002633229626E-03	1E-30	2.25578151098497E-11	0.848823710384061	1E-30	5.92859839003903E-11	6.74810351263649E-03	2.71211139837087E-08	3.1871760757485E-11	0.35656875474506	1.26556160222942E-08	2.79697516508266E-11	0.423409776097453	1.94549056044065E-08	5.47489691343583E-12	9.37526919493437E-02	1.37798621663438E-10	9.06744043140987E-11	0.20055386346298	1E10	1E-30	1E-10	1E10	1E-30	1E-10	1E10	1E-30	1E-10
308	6.8E-9	1E10	1E10	1E-30	4.18660054487402E-10	1E10	1E-30	1E10	7.22050937370104E-03	6.7165900404688E-06	1E10	1020.77112827072	2.2200796640891E-05	1E10	29.608068719848	3.63345389404995E-05	1E10	5.07143209509157	4.53207546156961E-05	1E10	0.773333594735016	3.97310528830057E-05	1E10	8.73444265731328E-02	2.44422480758073E-05	1E10	4.20002633229626E-03	1E-30	2.25578151098497E-11	0.848823710384061	1E-30	5.92859839003903E-11	6.74810351263649E-03	2.71211139837087E-08	3.1871760757485E-11	0.35656875474506	1.26556160222942E-08	2.79697516508266E-11	0.423409776097453	1.94549056044065E-08	5.47489691343583E-12	9.37526919493437E-02	1.37798621663438E-10	9.06744043140987E-11	0.20055386346298	1E10	1E-30	1E-10	1E10	1E-30	1E-10	1E10	1E-30	1E-10
309	6.74187963178988E-09	1E10	1E10	1E-30	1.56480590644014E-10	1E10	1E-30	1E10	7.10075641658876E-02	9.2692277105584E-07	1E10	2373.40967477156	1.06835997836198E-06	1E10	192.917981101343	9.25651316808445E-07	1E10	22.1499478653374	7.52204321118858E-07	1E10	2.37340967477155	4.72111516943728E-07	1E10	0.399742203682587	1.81920368315326E-07	1E10	8.81057494473983E-02	1E-30	5.82280451072593E-11	0.211602749284618	8.96001377861708E-08	4.97658193988086E-12	3.38817757152568E-02	6.64401047566111E-09	2.4504798000839E-11	0.108911581096514	1.09485435064251E-11	1.20737043124084E-10	11.8997773477194	1.93233151168267E-12	1.46216572181971E-10	11.4820217798877	1E10	1E-30	1E-10	1E10	1E-30	1E-10	1E10	1E-30	1E-10	1E10	1E-30	1E-10
310	6.93309267293994E-09	1E10	1E10	1E-30	1.43647282827371E-10	1E10	1E-30	1E10	7.15191922229507E-02	7.55103841919591E-07	1E10	2703.87225886209	9.86962742037272E-07	1E10	178.643068567968	9.39775669257592E-07	1E10	20.9887304467401	6.67142108366143E-07	1E10	2.84687062864564	4.24227734308524E-07	1E10	0.437888036076513	2.4411913609817E-07	1E10	9.05499814796407E-02	1E-30	6.83743047813309E-11	0.241519676243446	2.68336426072927E-08	2.26664065030917E-11	7.68183756217043E-02	6.19177052229132E-09	3.96659576379336E-11	0.134034166325872	1.21916278676568E-11	7.8577054854142E-11	10.3578109384998	3.0879087500734E-12	1.31132381386795E-10	19.2169699819888	1E10	1E-30	1E-10	1E10	1E-30	1E-10	1E10	1E-30	1E-10	1E10	1E-30	1E-10
311	7.09090603262381E-09	1E10	1E10	1E-30	3.57533833611126E-10	1E10	1E-30	1E10	9.88975087745405E-02	6.11635148362231E-07	1E10	2868.4401293565	7.58855596361766E-07	1E10	463.698818191448	6.44602409262207E-07	1E10	99.6066473727238	5.9934378654954E-07	1E10	18.4409004919581	4.96785973466932E-07	1E10	3.57315159971194	3.20878111170205E-07	1E10	0.77280909752537	2.33565049708801E-07	1E10	9.50167409139388E-02	1E-30	4.47619255594137E-11	0.205754133998817	1E-30	3.01221734849832E-11	0.094667833503992	7.82415343051863E-08	4.79416386092937E-12	2.25585402862903E-02	1.1570766566914E-08	1.55471252934233E-11	6.94569582312779E-02	2.08102106750516E-11	1.00883041310668E-10	5.16200615982143	1E10	1E-30	1E-10	1E10	1E-30	1E-10	1E10	1E-30	1E-10
312	7.09090603262381E-09	1E10	1E10	1E-30	3.57533833611126E-10	1E10	1E-30	1E10	9.88975087745405E-02	6.11635148362231E-07	1E10	2868.4401293565	7.58855596361766E-07	1E10	463.698818191448	6.44602409262207E-07	1E10	99.6066473727238	5.9934378654954E-07	1E10	18.4409004919581	4.96785973466932E-07	1E10	3.57315159971194	3.20878111170205E-07	1E10	0.77280909752537	2.33565049708801E-07	1E10	9.50167409139388E-02	1E-30	4.47619255594137E-11	0.205754133998817	1E-30	3.01221734849832E-11	0.094667833503992	7.82415343051863E-08	4.79416386092937E-12	2.25585402862903E-02	1.1570766566914E-08	1.55471252934233E-11	6.94569582312779E-02	2.08102106750516E-11	1.00883041310668E-10	5.16200615982143	1E10	1E-30	1E-10	1E10	1E-30	1E-10	1E10	1E-30	1E-10
313	7.09090603262381E-09	1E10	1E10	1E-30	3.57533833611126E-10	1E10	1E-30	1E10	9.88975087745405E-02	6.11635148362231E-07	1E10	2868.4401293565	7.58855596361766E-07	1E10	463.698818191448	6.44602409262207E-07	1E10	99.6066473727238	5.9934378654954E-07	1E10	18.4409004919581	4.96785973466932E-07	1E10	3.57315159971194	3.20878111170205E-07	1E10	0.77280909752537	2.33565049708801E-07	1E10	9.50167409139388E-02	1E-30	4.47619255594137E-11	0.205754133998817	1E-30	3.01221734849832E-11	0.094667833503992	7.82415343051863E-08	4.79416386092937E-12	2.25585402862903E-02	1.1570766566914E-08	1.55471252934233E-11	6.94569582312779E-02	2.08102106750516E-11	1.00883041310668E-10	5.16200615982143	1E10	1E-30	1E-10	1E10	1E-30	1E-10	1E10	1E-30	1E-10
314	7.09090603262381E-09	1E10	1E10	1E-30	3.57533833611126E-10	1E10	1E-30	1E10	9.88975087745405E-02	6.11635148362231E-07	1E10	2868.4401293565	7.58855596361766E-07	1E10	463.698818191448	6.44602409262207E-07	1E10	99.6066473727238	5.9934378654954E-07	1E10	18.4409004919581	4.96785973466932E-07	1E10	3.57315159971194	3.20878111170205E-07	1E10	0.77280909752537	2.33565049708801E-07	1E10	9.50167409139388E-02	1E-30	4.47619255594137E-11	0.205754133998817	1E-30	3.01221734849832E-11	0.094667833503992	7.82415343051863E-08	4.79416386092937E-12	2.25585402862903E-02	1.1570766566914E-08	1.55471252934233E-11	6.94569582312779E-02	2.08102106750516E-11	1.00883041310668E-10	5.16200615982143	1E10	1E-30	1E-10	1E10	1E-30	1E-10	1E10	1E-30	1E-10
315	8.15857087992155E-09	1E10	1E10	1E-30	2.8947754048861E-10	1E10	1E-30	1E10	6.13801520111435E-03	1E-30	1.45298316477085E-11	0.46441284270452	1E-30	8.79549041513428E-11	0.241079861170033	1E-30	8.20078968410913E-11	8.60945390266654E-03	1E-30	1.32840337454426E-10	1.50838335308851E-03	3.63210034710699E-08	2.6034253407066E-11	0.20223409931828	1.07145645676623E-08	3.60534839511619E-11	0.280405604564784	4.28859676863646E-11	7.7629785429886E-12	2.14122513276764	5.59105958487603E-12	5.40113095810398E-11	1E5	1E10	1E-30	1E-10	1E10	1E-30	1E-10	1E10	1E-30	1E-10	1E10	1E-30	1E-10	1E10	1E-30	1E-10	1E10	1E-30	1E-10	1E10	1E-30	1E-10
316	8.15857087992155E-09	1E10	1E10	1E-30	2.8947754048861E-10	1E10	1E-30	1E10	6.13801520111435E-03	1E-30	1.45298316477085E-11	0.46441284270452	1E-30	8.79549041513428E-11	0.241079861170033	1E-30	8.20078968410913E-11	8.60945390266654E-03	1E-30	1.32840337454426E-10	1.50838335308851E-03	3.63210034710699E-08	2.6034253407066E-11	0.20223409931828	1.07145645676623E-08	3.60534839511619E-11	0.280405604564784	4.28859676863646E-11	7.7629785429886E-12	2.14122513276764	5.59105958487603E-12	5.40113095810398E-11	1E5	1E10	1E-30	1E-10	1E10	1E-30	1E-10	1E10	1E-30	1E-10	1E10	1E-30	1E-10	1E10	1E-30	1E-10	1E10	1E-30	1E-10	1E10	1E-30	1E-10
317	8.15857087992155E-09	1E10	1E10	1E-30	2.8947754048861E-10	1E10	1E-30	1E10	6.13801520111435E-03	1E-30	1.45298316477085E-11	0.46441284270452	1E-30	8.79549041513428E-11	0.241079861170033	1E-30	8.20078968410913E-11	8.60945390266654E-03	1E-30	1.32840337454426E-10	1.50838335308851E-03	3.63210034710699E-08	2.6034253407066E-11	0.20223409931828	1.07145645676623E-08	3.60534839511619E-11	0.280405604564784	4.28859676863646E-11	7.7629785429886E-12	2.14122513276764	5.59105958487603E-12	5.40113095810398E-11	1E5	1E10	1E-30	1E-10	1E10	1E-30	1E-10	1E10	1E-30	1E-10	1E10	1E-30	1E-10	1E10	1E-30	1E-10	1E10	1E-30	1E-10	1E10	1E-30	1E-10
318	8.12239602673173E-09	1E10	1E10	1E-30	1.99362837429453E-10	1E10	1E-30	1E10	6.26199961777559E-03	1E-30	2.67008432802902E-12	0.238362997841394	1E-30	6.2778536011083E-11	0.211336544755804	1E-30	1.42874529549093E-11	1.21995850551856E-02	1E-30	4.48035028172361E-11	7.56176844835234E-03	1E-30	1.86245568796814E-10	3.22163159095584E-03	2.88600508420765E-08	2.2874913080774E-11	0.166816056158894	8.90617854788834E-09	2.69263379927071E-11	0.249847376556081	2.53322249957231E-12	1.25951285094012E-10	49.3884682113278	1E10	1E-30	1E-10	1E10	1E-30	1E-10	1E10	1E-30	1E-10	1E10	1E-30	1E-10	1E10	1E-30	1E-10	1E10	1E-30	1E-10	1E10	1E-30	1E-10
319	8.12239602673173E-09	1E10	1E10	1E-30	1.99362837429453E-10	1E10	1E-30	1E10	6.26199961777559E-03	1E-30	2.67008432802902E-12	0.238362997841394	1E-30	6.2778536011083E-11	0.211336544755804	1E-30	1.42874529549093E-11	1.21995850551856E-02	1E-30	4.48035028172361E-11	7.56176844835234E-03	1E-30	1.86245568796814E-10	3.22163159095584E-03	2.88600508420765E-08	2.2874913080774E-11	0.166816056158894	8.90617854788834E-09	2.69263379927071E-11	0.249847376556081	2.53322249957231E-12	1.25951285094012E-10	49.3884682113278	1E10	1E-30	1E-10	1E10	1E-30	1E-10	1E10	1E-30	1E-10	1E10	1E-30	1E-10	1E10	1E-30	1E-10	1E10	1E-30	1E-10	1E10	1E-30	1E-10
320	8.15857087992155E-09	1E10	1E10	1E-30	2.8947754048861E-10	1E10	1E-30	1E10	6.13801520111435E-03	1E-30	1.45298316477085E-11	0.46441284270452	1E-30	8.79549041513428E-11	0.241079861170033	1E-30	8.20078968410913E-11	8.60945390266654E-03	1E-30	1.32840337454426E-10	1.50838335308851E-03	3.63210034710699E-08	2.6034253407066E-11	0.20223409931828	1.07145645676623E-08	3.60534839511619E-11	0.280405604564784	4.28859676863646E-11	7.7629785429886E-12	2.14122513276764	5.59105958487603E-12	5.40113095810398E-11	1E5	1E10	1E-30	1E-10	1E10	1E-30	1E-10	1E10	1E-30	1E-10	1E10	1E-30	1E-10	1E10	1E-30	1E-10	1E10	1E-30	1E-10	1E10	1E-30	1E-10
321	8.2E-9	1E10	1E10	1E-30	3.48766318986567E-10	1E10	1E-30	1E10	3.94525946970716E-03	7.27900264971731E-06	1E10	941.901181202005	2.83417231835935E-05	1E10	21.8338819927099	4.66416389272942E-05	1E10	3.4488730452717	6.12367728944165E-05	1E10	0.549017632187148	5.00896505628449E-05	1E10	7.57573460329025E-02	1.94991159278187E-05	1E10	5.70117037302003E-03	1E-30	3.51980917916038E-11	1.32468727975306	1E-30	8.71835818437504E-11	8.3809958290986E-03	2.69707011363208E-08	4.318650414225E-11	0.421317373114649	1.53861302551004E-08	3.24256929763191E-11	0.398162735287562	1.68796071678882E-08	9.63124863902672E-12	8.61820677868036E-02	7.87186122934527E-11	1.07849595783579E-10	0.224357599340057	1E10	1E-30	1E-10	1E10	1E-30	1E-10	1E10	1E-30	1E-10
322	8.2E-9	1E10	1E10	1E-30	3.48766318986567E-10	1E10	1E-30	1E10	3.94525946970716E-03	7.27900264971731E-06	1E10	941.901181202005	2.83417231835935E-05	1E10	21.8338819927099	4.66416389272942E-05	1E10	3.4488730452717	6.12367728944165E-05	1E10	0.549017632187148	5.00896505628449E-05	1E10	7.57573460329025E-02	1.94991159278187E-05	1E10	5.70117037302003E-03	1E-30	3.51980917916038E-11	1.32468727975306	1E-30	8.71835818437504E-11	8.3809958290986E-03	2.69707011363208E-08	4.318650414225E-11	0.421317373114649	1.53861302551004E-08	3.24256929763191E-11	0.398162735287562	1.68796071678882E-08	9.63124863902672E-12	8.61820677868036E-02	7.87186122934527E-11	1.07849595783579E-10	0.224357599340057	1E10	1E-30	1E-10	1E10	1E-30	1E-10	1E10	1E-30	1E-10
323	8.2E-9	1E10	1E10	1E-30	3.48766318986567E-10	1E10	1E-30	1E10	3.94525946970716E-03	7.27900264971731E-06	1E10	941.901181202005	2.83417231835935E-05	1E10	21.8338819927099	4.66416389272942E-05	1E10	3.4488730452717	6.12367728944165E-05	1E10	0.549017632187148	5.00896505628449E-05	1E10	7.57573460329025E-02	1.94991159278187E-05	1E10	5.70117037302003E-03	1E-30	3.51980917916038E-11	1.32468727975306	1E-30	8.71835818437504E-11	8.3809958290986E-03	2.69707011363208E-08	4.318650414225E-11	0.421317373114649	1.53861302551004E-08	3.24256929763191E-11	0.398162735287562	1.68796071678882E-08	9.63124863902672E-12	8.61820677868036E-02	7.87186122934527E-11	1.07849595783579E-10	0.224357599340057	1E10	1E-30	1E-10	1E10	1E-30	1E-10	1E10	1E-30	1E-10
324	1.00286528988399E-08	1E10	1E10	1E-30	6.30957344480193E-11	1E10	1E-30	1E10	9.69424953058714E-03	1E-30	1.28885147959836E-11	0.3141224105389	1E-30	9.42270140772107E-11	0.211297532294723	1E-30	1.07291174510768E-10	6.61997084347811E-03	4.55615003673543E-08	1.57839804595024E-11	8.42722522468639E-02	1.13066806991666E-08	2.21090034948007E-11	0.129767523477417	9.87087564676278E-12	3.55178551010642E-11	9.8650772266007	1.1552440406329E-12	2.58443940817383E-10	1E5	1E10	1E-30	1E-10	1E10	1E-30	1E-10	1E10	1E-30	1E-10	1E10	1E-30	1E-10	1E10	1E-30	1E-10	1E10	1E-30	1E-10	1E10	1E-30	1E-10	1E10	1E-30	1E-10
325	9.84615312678532E-09	1E10	1E10	1E-30	2.05893549552295E-10	1E10	1E-30	1E10	4.22157223206455E-03	1E-30	1.32357557654018E-10	0.265088467468171	1E-30	1.12381450926096E-10	6.31790054613567E-03	3.99799260063813E-08	3.28475093314077E-11	0.276663342431859	1.58953887898028E-08	3.65733532449408E-11	0.292998057032972	1.40571641335875E-07	1.9724449212028E-12	3.63409013283585E-02	1.81111373187085E-08	9.20309687090393E-12	8.87890180506822E-02	7.84098971435981E-11	5.62249178641673E-12	0.133788643939435	2.35712555889003E-12	1.01861075141697E-10	1E5	1E10	1E-30	1E-10	1E10	1E-30	1E-10	1E10	1E-30	1E-10	1E10	1E-30	1E-10	1E10	1E-30	1E-10	1E10	1E-30	1E-10	1E10	1E-30	1E-10
326	9.84615312678532E-09	1E10	1E10	1E-30	2.05893549552295E-10	1E10	1E-30	1E10	4.22157223206455E-03	1E-30	1.32357557654018E-10	0.265088467468171	1E-30	1.12381450926096E-10	6.31790054613567E-03	3.99799260063813E-08	3.28475093314077E-11	0.276663342431859	1.58953887898028E-08	3.65733532449408E-11	0.292998057032972	1.40571641335875E-07	1.9724449212028E-12	3.63409013283585E-02	1.81111373187085E-08	9.20309687090393E-12	8.87890180506822E-02	7.84098971435981E-11	5.62249178641673E-12	0.133788643939435	2.35712555889003E-12	1.01861075141697E-10	1E5	1E10	1E-30	1E-10	1E10	1E-30	1E-10	1E10	1E-30	1E-10	1E10	1E-30	1E-10	1E10	1E-30	1E-10	1E10	1E-30	1E-10	1E10	1E-30	1E-10
327	1.00286528988399E-08	1E10	1E10	1E-30	6.30957344480193E-11	1E10	1E-30	1E10	9.69424953058714E-03	1E-30	1.28885147959836E-11	0.3141224105389	1E-30	9.42270140772107E-11	0.211297532294723	1E-30	1.07291174510768E-10	6.61997084347811E-03	4.55615003673543E-08	1.57839804595024E-11	8.42722522468639E-02	1.13066806991666E-08	2.21090034948007E-11	0.129767523477417	9.87087564676278E-12	3.55178551010642E-11	9.8650772266007	1.1552440406329E-12	2.58443940817383E-10	1E5	1E10	1E-30	1E-10	1E10	1E-30	1E-10	1E10	1E-30	1E-10	1E10	1E-30	1E-10	1E10	1E-30	1E-10	1E10	1E-30	1E-10	1E10	1E-30	1E-10	1E10	1E-30	1E-10
328	9.84615312678532E-09	1E10	1E10	1E-30	2.05893549552295E-10	1E10	1E-30	1E10	4.22157223206455E-03	1E-30	1.32357557654018E-10	0.265088467468171	1E-30	1.12381450926096E-10	6.31790054613567E-03	3.99799260063813E-08	3.28475093314077E-11	0.276663342431859	1.58953887898028E-08	3.65733532449408E-11	0.292998057032972	1.40571641335875E-07	1.9724449212028E-12	3.63409013283585E-02	1.81111373187085E-08	9.20309687090393E-12	8.87890180506822E-02	7.84098971435981E-11	5.62249178641673E-12	0.133788643939435	2.35712555889003E-12	1.01861075141697E-10	1E5	1E10	1E-30	1E-10	1E10	1E-30	1E-10	1E10	1E-30	1E-10	1E10	1E-30	1E-10	1E10	1E-30	1E-10	1E10	1E-30	1E-10	1E10	1E-30	1E-10
329	1.00030165310085E-08	1E10	1E10	1E-30	2.01413617271643E-10	1E10	1E-30	1E10	5.34583229882007E-03	1E-30	1.3218098502828E-11	0.572668969804907	1E-30	4.16292716560743E-11	0.204916747412899	1E-30	7.217085903566E-11	8.72314851725154E-03	1E-30	3.26567613305687E-10	1.84247324316365E-03	2.71118304298388E-08	3.35429074358087E-11	0.20789162317045	1.05587080461432E-08	3.23447645331206E-11	0.288514389246987	4.04339538469027E-09	2.34984118595429E-11	0.119222933437985	3.33408515676709E-12	8.29073096655274E-11	94.0350017267051	1E10	1E-30	1E-10	1E10	1E-30	1E-10	1E10	1E-30	1E-10	1E10	1E-30	1E-10	1E10	1E-30	1E-10	1E10	1E-30	1E-10	1E10	1E-30	1E-10
330	1.00030165310085E-08	1E10	1E10	1E-30	2.01413617271643E-10	1E10	1E-30	1E10	5.34583229882007E-03	1E-30	1.3218098502828E-11	0.572668969804907	1E-30	4.16292716560743E-11	0.204916747412899	1E-30	7.217085903566E-11	8.72314851725154E-03	1E-30	3.26567613305687E-10	1.84247324316365E-03	2.71118304298388E-08	3.35429074358087E-11	0.20789162317045	1.05587080461432E-08	3.23447645331206E-11	0.288514389246987	4.04339538469027E-09	2.34984118595429E-11	0.119222933437985	3.33408515676709E-12	8.29073096655274E-11	94.0350017267051	1E10	1E-30	1E-10	1E10	1E-30	1E-10	1E10	1E-30	1E-10	1E10	1E-30	1E-10	1E10	1E-30	1E-10	1E10	1E-30	1E-10	1E10	1E-30	1E-10
331	9.84615312678532E-09	1E10	1E10	1E-30	2.05893549552295E-10	1E10	1E-30	1E10	4.22157223206455E-03	1E-30	1.32357557654018E-10	0.265088467468171	1E-30	1.12381450926096E-10	6.31790054613567E-03	3.99799260063813E-08	3.28475093314077E-11	0.276663342431859	1.58953887898028E-08	3.65733532449408E-11	0.292998057032972	1.40571641335875E-07	1.9724449212028E-12	3.63409013283585E-02	1.81111373187085E-08	9.20309687090393E-12	8.87890180506822E-02	7.84098971435981E-11	5.62249178641673E-12	0.133788643939435	2.35712555889003E-12	1.01861075141697E-10	1E5	1E10	1E-30	1E-10	1E10	1E-30	1E-10	1E10	1E-30	1E-10	1E10	1E-30	1E-10	1E10	1E-30	1E-10	1E10	1E-30	1E-10	1E10	1E-30	1E-10
332	1E-8	1E10	1E10	1E-30	2.88271368273543E-10	1E10	1E-30	1E10	6.1972155457405E-03	8.37172232272734E-06	1E10	818.959460125486	3.99387595027657E-05	1E10	24.2874821554227	4.25984096386411E-05	1E10	4.16111932970092	1.11751901015912E-04	1E10	0.485480823753856	7.16772248052981E-05	1E10	0.124883370897927	8.56763854142156E-05	1E10	1.52228653891511E-02	1E-30	3.21905926529217E-11	0.379720205291045	1E-30	9.62577933676153E-12	0.110809572558325	1E-30	3.8257928641133E-11	3.72202302244942E-03	2.5522866227695E-08	5.77824987072909E-11	0.52616954743654	1.72331275028128E-08	3.77333580528948E-11	0.451895406523446	5.51689011343466E-08	5.88099918696699E-12	0.110147147780051	8.75763074517277E-10	1.03165998265904E-10	0.220207703624619	1E10	1E-30	1E-10	1E10	1E-30	1E-10
333	1E-8	1E10	1E10	1E-30	2.88271368273543E-10	1E10	1E-30	1E10	6.1972155457405E-03	8.37172232272734E-06	1E10	818.959460125486	3.99387595027657E-05	1E10	24.2874821554227	4.25984096386411E-05	1E10	4.16111932970092	1.11751901015912E-04	1E10	0.485480823753856	7.16772248052981E-05	1E10	0.124883370897927	8.56763854142156E-05	1E10	1.52228653891511E-02	1E-30	3.21905926529217E-11	0.379720205291045	1E-30	9.62577933676153E-12	0.110809572558325	1E-30	3.8257928641133E-11	3.72202302244942E-03	2.5522866227695E-08	5.77824987072909E-11	0.52616954743654	1.72331275028128E-08	3.77333580528948E-11	0.451895406523446	5.51689011343466E-08	5.88099918696699E-12	0.110147147780051	8.75763074517277E-10	1.03165998265904E-10	0.220207703624619	1E10	1E-30	1E-10	1E10	1E-30	1E-10
334	1E-8	1E10	1E10	1E-30	2.88271368273543E-10	1E10	1E-30	1E10	6.1972155457405E-03	8.37172232272734E-06	1E10	818.959460125486	3.99387595027657E-05	1E10	24.2874821554227	4.25984096386411E-05	1E10	4.16111932970092	1.11751901015912E-04	1E10	0.485480823753856	7.16772248052981E-05	1E10	0.124883370897927	8.56763854142156E-05	1E10	1.52228653891511E-02	1E-30	3.21905926529217E-11	0.379720205291045	1E-30	9.62577933676153E-12	0.110809572558325	1E-30	3.8257928641133E-11	3.72202302244942E-03	2.5522866227695E-08	5.77824987072909E-11	0.52616954743654	1.72331275028128E-08	3.77333580528948E-11	0.451895406523446	5.51689011343466E-08	5.88099918696699E-12	0.110147147780051	8.75763074517277E-10	1.03165998265904E-10	0.220207703624619	1E10	1E-30	1E-10	1E10	1E-30	1E-10
335	1.00286528988399E-08	1E10	1E10	1E-30	6.30957344480193E-11	1E10	1E-30	1E10	9.69424953058714E-03	1E-30	1.28885147959836E-11	0.3141224105389	1E-30	9.42270140772107E-11	0.211297532294723	1E-30	1.07291174510768E-10	6.61997084347811E-03	4.55615003673543E-08	1.57839804595024E-11	8.42722522468639E-02	1.13066806991666E-08	2.21090034948007E-11	0.129767523477417	9.87087564676278E-12	3.55178551010642E-11	9.8650772266007	1.1552440406329E-12	2.58443940817383E-10	1E5	1E10	1E-30	1E-10	1E10	1E-30	1E-10	1E10	1E-30	1E-10	1E10	1E-30	1E-10	1E10	1E-30	1E-10	1E10	1E-30	1E-10	1E10	1E-30	1E-10	1E10	1E-30	1E-10
336	1.01219053278575E-08	1E10	1E10	1E-30	1.59192031847227E-10	1E10	1E-30	1E10	5.79481807106981E-02	1.30403454725937E-06	1E10	2664.92011774487	2.08525889562476E-06	1E10	254.497895478572	1.4703575159982E-06	1E10	48.4935742638736	1.28682051960881E-06	1E10	5.83884287019086	9.30630844302482E-07	1E10	0.794817104363758	4.66769607159233E-07	1E10	0.137118398669634	4.45955610883289E-07	1E10	1.32383312079531E-02	1E-30	9.41181065770413E-11	0.224233154221785	2.19249765022023E-07	5.17671620560149E-12	1.65209957908184E-02	2.15210549541613E-08	1.54895586852008E-11	6.35672999701396E-02	8.30501983184705E-12	1.67327130447623E-10	14.08037797063	2.52693633601201E-12	1.19036805698783E-10	14.1592998822144	1E10	1E-30	1E-10	1E10	1E-30	1E-10	1E10	1E-30	1E-10
337	1.02012451674605E-08	1E10	1E10	1E-30	1.10167069438774E-10	1E10	1E-30	1E10	5.75593653345423E-02	1.44956707481572E-06	1E10	2548.74444754448	2.73717714115104E-06	1E10	299.451361958571	1.60983308454841E-06	1E10	88.3743622349953	1.60789396471707E-06	1E10	10.8724217998175	1.49726926843395E-06	1E10	2.0260412232387	8.63369471862816E-07	1E10	0.455981302799567	3.65077023684667E-07	1E10	8.11556500272927E-02	1E-30	1.41827751573098E-11	0.406669275921134	1E-30	6.8119331778388E-11	0.135031097633129	2.65282683930888E-07	5.38622623444569E-12	1.84190172400555E-02	1.89313454939721E-08	1.6863441298291E-11	5.20869415826305E-02	8.18089545062023E-12	1.79820451149711E-10	16.3691892431542	2.65562181861733E-12	1.85207169004199E-10	16.2140571143631	1E10	1E-30	1E-10	1E10	1E-30	1E-10
338	1.02012451674605E-08	1E10	1E10	1E-30	1.10167069438774E-10	1E10	1E-30	1E10	5.75593653345423E-02	1.44956707481572E-06	1E10	2548.74444754448	2.73717714115104E-06	1E10	299.451361958571	1.60983308454841E-06	1E10	88.3743622349953	1.60789396471707E-06	1E10	10.8724217998175	1.49726926843395E-06	1E10	2.0260412232387	8.63369471862816E-07	1E10	0.455981302799567	3.65077023684667E-07	1E10	8.11556500272927E-02	1E-30	1.41827751573098E-11	0.406669275921134	1E-30	6.8119331778388E-11	0.135031097633129	2.65282683930888E-07	5.38622623444569E-12	1.84190172400555E-02	1.89313454939721E-08	1.6863441298291E-11	5.20869415826305E-02	8.18089545062023E-12	1.79820451149711E-10	16.3691892431542	2.65562181861733E-12	1.85207169004199E-10	16.2140571143631	1E10	1E-30	1E-10	1E10	1E-30	1E-10
339	1.06555256198875E-08	1E10	1E10	1E-30	1.32919970237276E-10	1E10	1E-30	1E10	6.24294535483558E-02	1.21376558090901E-06	1E10	3043.89586538855	2.39451301396269E-06	1E10	241.785242943863	1.80004701297613E-06	1E10	63.5959985427892	1.43161052582292E-06	1E10	8.9490856170705	1.15917377244853E-06	1E10	1.17370715525236	7.08165242957035E-07	1E10	0.211035531565294	4.45811509488315E-07	1E10	3.47457163668233E-02	1E-30	3.66278444217306E-11	0.227847255757855	4.68902206209943E-09	6.31874278230796E-11	0.146289332978522	2.45628468871E-11	3.11068883735625E-10	4.1883692180871	4.26419870580912E-12	1.7948927592783E-10	15.9510078251546	1.24882411756651E-11	3.6726534660066E-11	8.27965271996712	1E10	1E-30	1E-10	1E10	1E-30	1E-10	1E10	1E-30	1E-10
340	1.01124858296566E-08	1E10	1E10	1E-30	1.25934251493695E-10	1E10	1E-30	1E10	5.39534504941345E-02	1.20511231921145E-06	1E10	2875.62740801776	2.01332728015797E-06	1E10	198.944810169003	1.57682781871612E-06	1E10	39.694708248885	2.7507917391168E-06	1E10	4.35243820971674	1.24987805466736E-06	1E10	1.86608771840964	8.88496275793595E-07	1E10	0.343949259055284	3.85706971479475E-07	1E10	8.11406880321415E-02	1E-30	3.36482881021503E-11	0.135868556839525	1E-30	1.12088835279968E-12	9.2718101231017E-03	2.80113970808673E-08	1.69598834913723E-11	4.67100921726907E-02	3.27659046666514E-08	3.20048203106264E-12	2.14995592342969E-02	1.0033840072166E-11	9.89591482679537E-11	9.79757646776268	2.81043068762006E-12	1.38820204541172E-10	24.3940997771345	1E10	1E-30	1E-10	1E10	1E-30	1E-10
341	1.06555256198875E-08	1E10	1E10	1E-30	1.32919970237276E-10	1E10	1E-30	1E10	6.24294535483558E-02	1.21376558090901E-06	1E10	3043.89586538855	2.39451301396269E-06	1E10	241.785242943863	1.80004701297613E-06	1E10	63.5959985427892	1.43161052582292E-06	1E10	8.9490856170705	1.15917377244853E-06	1E10	1.17370715525236	7.08165242957035E-07	1E10	0.211035531565294	4.45811509488315E-07	1E10	3.47457163668233E-02	1E-30	3.66278444217306E-11	0.227847255757855	4.68902206209943E-09	6.31874278230796E-11	0.146289332978522	2.45628468871E-11	3.11068883735625E-10	4.1883692180871	4.26419870580912E-12	1.7948927592783E-10	15.9510078251546	1.24882411756651E-11	3.6726534660066E-11	8.27965271996712	1E10	1E-30	1E-10	1E10	1E-30	1E-10	1E10	1E-30	1E-10
342	1.01124858296566E-08	1E10	1E10	1E-30	1.25934251493695E-10	1E10	1E-30	1E10	5.39534504941345E-02	1.20511231921145E-06	1E10	2875.62740801776	2.01332728015797E-06	1E10	198.944810169003	1.57682781871612E-06	1E10	39.694708248885	2.7507917391168E-06	1E10	4.35243820971674	1.24987805466736E-06	1E10	1.86608771840964	8.88496275793595E-07	1E10	0.343949259055284	3.85706971479475E-07	1E10	8.11406880321415E-02	1E-30	3.36482881021503E-11	0.135868556839525	1E-30	1.12088835279968E-12	9.2718101231017E-03	2.80113970808673E-08	1.69598834913723E-11	4.67100921726907E-02	3.27659046666514E-08	3.20048203106264E-12	2.14995592342969E-02	1.0033840072166E-11	9.89591482679537E-11	9.79757646776268	2.81043068762006E-12	1.38820204541172E-10	24.3940997771345	1E10	1E-30	1E-10	1E10	1E-30	1E-10
343	1.01637459324118E-08	1E10	1E10	1E-30	2.67436656738028E-10	1E10	1E-30	1E10	7.99659724127735E-02	9.06951969968411E-07	1E10	1936.59336770268	1.10578518669547E-06	1E10	330.732420771695	9.36250053338956E-07	1E10	71.862439739355	8.690711735171E-07	1E10	13.506047658535	7.2876985354116E-07	1E10	2.62877537161512	5.01855547788375E-07	1E10	0.579569835369212	4.0685955559034E-07	1E10	7.14791519515143E-02	1E-30	4.14103924439759E-11	0.288415327208342	1E-30	4.50464880177055E-11	0.16050614826624	1.17514875787871E-07	6.69252932335709E-12	2.22604393902998E-02	1.22023872952428E-08	2.50686275276093E-11	8.46857971952198E-02	9.52865894581154E-12	2.30669063052289E-10	9.9725127947233	1E10	1E-30	1E-10	1E10	1E-30	1E-10	1E10	1E-30	1E-10
344	1.01637459324118E-08	1E10	1E10	1E-30	2.67436656738028E-10	1E10	1E-30	1E10	7.99659724127735E-02	9.06951969968411E-07	1E10	1936.59336770268	1.10578518669547E-06	1E10	330.732420771695	9.36250053338956E-07	1E10	71.862439739355	8.690711735171E-07	1E10	13.506047658535	7.2876985354116E-07	1E10	2.62877537161512	5.01855547788375E-07	1E10	0.579569835369212	4.0685955559034E-07	1E10	7.14791519515143E-02	1E-30	4.14103924439759E-11	0.288415327208342	1E-30	4.50464880177055E-11	0.16050614826624	1.17514875787871E-07	6.69252932335709E-12	2.22604393902998E-02	1.22023872952428E-08	2.50686275276093E-11	8.46857971952198E-02	9.52865894581154E-12	2.30669063052289E-10	9.9725127947233	1E10	1E-30	1E-10	1E10	1E-30	1E-10	1E10	1E-30	1E-10
345	1.01637459324118E-08	1E10	1E10	1E-30	2.67436656738028E-10	1E10	1E-30	1E10	7.99659724127735E-02	9.06951969968411E-07	1E10	1936.59336770268	1.10578518669547E-06	1E10	330.732420771695	9.36250053338956E-07	1E10	71.862439739355	8.690711735171E-07	1E10	13.506047658535	7.2876985354116E-07	1E10	2.62877537161512	5.01855547788375E-07	1E10	0.579569835369212	4.0685955559034E-07	1E10	7.14791519515143E-02	1E-30	4.14103924439759E-11	0.288415327208342	1E-30	4.50464880177055E-11	0.16050614826624	1.17514875787871E-07	6.69252932335709E-12	2.22604393902998E-02	1.22023872952428E-08	2.50686275276093E-11	8.46857971952198E-02	9.52865894581154E-12	2.30669063052289E-10	9.9725127947233	1E10	1E-30	1E-10	1E10	1E-30	1E-10	1E10	1E-30	1E-10
346	1.01637459324118E-08	1E10	1E10	1E-30	2.67436656738028E-10	1E10	1E-30	1E10	7.99659724127735E-02	9.06951969968411E-07	1E10	1936.59336770268	1.10578518669547E-06	1E10	330.732420771695	9.36250053338956E-07	1E10	71.862439739355	8.690711735171E-07	1E10	13.506047658535	7.2876985354116E-07	1E10	2.62877537161512	5.01855547788375E-07	1E10	0.579569835369212	4.0685955559034E-07	1E10	7.14791519515143E-02	1E-30	4.14103924439759E-11	0.288415327208342	1E-30	4.50464880177055E-11	0.16050614826624	1.17514875787871E-07	6.69252932335709E-12	2.22604393902998E-02	1.22023872952428E-08	2.50686275276093E-11	8.46857971952198E-02	9.52865894581154E-12	2.30669063052289E-10	9.9725127947233	1E10	1E-30	1E-10	1E10	1E-30	1E-10	1E10	1E-30	1E-10
347	1.17774805316409E-08	1E10	1E10	1E-30	1E-12	1E10	1E-30	1E10	7.17999475198277E-03	1E-30	1.80010456799734E-11	0.500558614484748	1E-30	9.37314163048442E-11	0.216749033330968	1E-30	1.74400145517639E-10	6.02239567914468E-03	4.56813592825528E-08	2.19911396979961E-11	0.101368585882215	1.24069927827331E-08	2.7259269494329E-11	0.160238332657009	4.62671480197746E-12	7.57756520441894E-11	33.3567277504424	1.18834534899936E-12	2.72292799719804E-10	1E5	1E10	1E-30	1E-10	1E10	1E-30	1E-10	1E10	1E-30	1E-10	1E10	1E-30	1E-10	1E10	1E-30	1E-10	1E10	1E-30	1E-10	1E10	1E-30	1E-10	1E10	1E-30	1E-10
348	1.20883596958304E-08	1E10	1E10	1E-30	1.62181330876889E-10	1E10	1E-30	1E10	3.19394476038675E-03	1E-30	3.62842915372754E-11	2.93083197282893	1E-30	9.04105254386827E-11	0.206349220257768	1E-30	8.52854672766808E-11	6.05248375755721E-03	1E-30	8.88409535506245E-09	1.65275677447088E-03	3.86858800999679E-08	3.70005015208829E-11	0.215180603823858	1.65831138325737E-08	3.29300119538236E-11	0.262787928106976	2.22643208419669E-12	1.18132494947461E-10	1E5	1E10	1E-30	1E-10	1E10	1E-30	1E-10	1E10	1E-30	1E-10	1E10	1E-30	1E-10	1E10	1E-30	1E-10	1E10	1E-30	1E-10	1E10	1E-30	1E-10	1E10	1E-30	1E-10
349	1.20883596958304E-08	1E10	1E10	1E-30	1.62181330876889E-10	1E10	1E-30	1E10	3.19394476038675E-03	1E-30	3.62842915372754E-11	2.93083197282893	1E-30	9.04105254386827E-11	0.206349220257768	1E-30	8.52854672766808E-11	6.05248375755721E-03	1E-30	8.88409535506245E-09	1.65275677447088E-03	3.86858800999679E-08	3.70005015208829E-11	0.215180603823858	1.65831138325737E-08	3.29300119538236E-11	0.262787928106976	2.22643208419669E-12	1.18132494947461E-10	1E5	1E10	1E-30	1E-10	1E10	1E-30	1E-10	1E10	1E-30	1E-10	1E10	1E-30	1E-10	1E10	1E-30	1E-10	1E10	1E-30	1E-10	1E10	1E-30	1E-10	1E10	1E-30	1E-10
350	1.17774805316409E-08	1E10	1E10	1E-30	1E-12	1E10	1E-30	1E10	7.17999475198277E-03	1E-30	1.80010456799734E-11	0.500558614484748	1E-30	9.37314163048442E-11	0.216749033330968	1E-30	1.74400145517639E-10	6.02239567914468E-03	4.56813592825528E-08	2.19911396979961E-11	0.101368585882215	1.24069927827331E-08	2.7259269494329E-11	0.160238332657009	4.62671480197746E-12	7.57756520441894E-11	33.3567277504424	1.18834534899936E-12	2.72292799719804E-10	1E5	1E10	1E-30	1E-10	1E10	1E-30	1E-10	1E10	1E-30	1E-10	1E10	1E-30	1E-10	1E10	1E-30	1E-10	1E10	1E-30	1E-10	1E10	1E-30	1E-10	1E10	1E-30	1E-10
351	1.20883596958304E-08	1E10	1E10	1E-30	1.62181330876889E-10	1E10	1E-30	1E10	3.19394476038675E-03	1E-30	3.62842915372754E-11	2.93083197282893	1E-30	9.04105254386827E-11	0.206349220257768	1E-30	8.52854672766808E-11	6.05248375755721E-03	1E-30	8.88409535506245E-09	1.65275677447088E-03	3.86858800999679E-08	3.70005015208829E-11	0.215180603823858	1.65831138325737E-08	3.29300119538236E-11	0.262787928106976	2.22643208419669E-12	1.18132494947461E-10	1E5	1E10	1E-30	1E-10	1E10	1E-30	1E-10	1E10	1E-30	1E-10	1E10	1E-30	1E-10	1E10	1E-30	1E-10	1E10	1E-30	1E-10	1E10	1E-30	1E-10	1E10	1E-30	1E-10
352	1.19904600130844E-08	1E10	1E10	1E-30	1.63885967780124E-10	1E10	1E-30	1E10	5.49780280098222E-03	1E-30	6.10974803138653E-11	0.165237393574067	1E-30	5.33913255911243E-11	8.26690020049254E-03	1E-30	2.92469917034667E-10	1.85810927952497E-03	4.30489733654266E-08	2.48500753154312E-11	0.135822205081812	1.36316177267996E-08	2.96108834548161E-11	0.201203652000749	9.72224836891628E-09	1.26901125681153E-11	4.94278185874762E-02	1.86285994070787E-12	1.67980861351847E-10	81.2335752396171	1E10	1E-30	1E-10	1E10	1E-30	1E-10	1E10	1E-30	1E-10	1E10	1E-30	1E-10	1E10	1E-30	1E-10	1E10	1E-30	1E-10	1E10	1E-30	1E-10	1E10	1E-30	1E-10
353	1.19904600130844E-08	1E10	1E10	1E-30	1.63885967780124E-10	1E10	1E-30	1E10	5.49780280098222E-03	1E-30	6.10974803138653E-11	0.165237393574067	1E-30	5.33913255911243E-11	8.26690020049254E-03	1E-30	2.92469917034667E-10	1.85810927952497E-03	4.30489733654266E-08	2.48500753154312E-11	0.135822205081812	1.36316177267996E-08	2.96108834548161E-11	0.201203652000749	9.72224836891628E-09	1.26901125681153E-11	4.94278185874762E-02	1.86285994070787E-12	1.67980861351847E-10	81.2335752396171	1E10	1E-30	1E-10	1E10	1E-30	1E-10	1E10	1E-30	1E-10	1E10	1E-30	1E-10	1E10	1E-30	1E-10	1E10	1E-30	1E-10	1E10	1E-30	1E-10	1E10	1E-30	1E-10
354	1.20883596958304E-08	1E10	1E10	1E-30	1.62181330876889E-10	1E10	1E-30	1E10	3.19394476038675E-03	1E-30	3.62842915372754E-11	2.93083197282893	1E-30	9.04105254386827E-11	0.206349220257768	1E-30	8.52854672766808E-11	6.05248375755721E-03	1E-30	8.88409535506245E-09	1.65275677447088E-03	3.86858800999679E-08	3.70005015208829E-11	0.215180603823858	1.65831138325737E-08	3.29300119538236E-11	0.262787928106976	2.22643208419669E-12	1.18132494947461E-10	1E5	1E10	1E-30	1E-10	1E10	1E-30	1E-10	1E10	1E-30	1E-10	1E10	1E-30	1E-10	1E10	1E-30	1E-10	1E10	1E-30	1E-10	1E10	1E-30	1E-10	1E10	1E-30	1E-10
355	1.17774805316409E-08	1E10	1E10	1E-30	1E-12	1E10	1E-30	1E10	7.17999475198277E-03	1E-30	1.80010456799734E-11	0.500558614484748	1E-30	9.37314163048442E-11	0.216749033330968	1E-30	1.74400145517639E-10	6.02239567914468E-03	4.56813592825528E-08	2.19911396979961E-11	0.101368585882215	1.24069927827331E-08	2.7259269494329E-11	0.160238332657009	4.62671480197746E-12	7.57756520441894E-11	33.3567277504424	1.18834534899936E-12	2.72292799719804E-10	1E5	1E10	1E-30	1E-10	1E10	1E-30	1E-10	1E10	1E-30	1E-10	1E10	1E-30	1E-10	1E10	1E-30	1E-10	1E10	1E-30	1E-10	1E10	1E-30	1E-10	1E10	1E-30	1E-10
356	1.26578806449551E-08	1E10	1E10	1E-30	1.23191176238238E-10	1E10	1E-30	1E10	5.67325265609941E-02	1.3362336700662E-06	1E10	3264.95898168817	2.8904565703585E-06	1E10	215.713700721493	1.85458123894442E-06	1E10	56.7384842421043	1.61414446831021E-06	1E10	6.98035852662913	1.28330683859718E-06	1E10	0.942050433405115	9.1897171472204E-07	1E10	0.13862546838892	8.4521295502336E-07	1E10	2.69754688774802E-02	1E-30	5.93427478316343E-11	0.195931699454003	9.32061568906639E-08	1.22340090030306E-11	2.70991940428972E-02	1.1090408592205E-08	3.83913333942134E-11	9.62687649491559E-02	1.11629281518419E-11	1.08276155144644E-10	11.6581409193517	1.15825203297144E-12	2.14071163998391E-10	24.2588946185837	1E10	1E-30	1E-10	1E10	1E-30	1E-10	1E10	1E-30	1E-10
357	1.49973685154372E-08	1E10	1E10	1E-30	1E-12	1E10	1E-30	1E10	7.24307980041764E-03	1E-30	1.80664062687978E-11	0.6799735222018	1E-30	1.24574762747685E-10	0.179350870867715	1E-30	9.52561021260221E-11	4.86072803411288E-03	5.23372310081359E-08	2.56045319302181E-11	0.101389894211456	2.16935032773236E-08	2.226181656109E-11	0.149625189175135	2.42553111655426E-11	1.4454249980532E-11	6.36281534280005	8.53060974592585E-13	3.11932062647037E-10	1E5	1E10	1E-30	1E-10	1E10	1E-30	1E-10	1E10	1E-30	1E-10	1E10	1E-30	1E-10	1E10	1E-30	1E-10	1E10	1E-30	1E-10	1E10	1E-30	1E-10	1E10	1E-30	1E-10
358	1.48454443666276E-08	1E10	1E10	1E-30	2.23030283587219E-10	1E10	1E-30	1E10	3.71029140931473E-03	1E-30	1.15786645009937E-10	0.224927371981594	1E-30	6.61778529461894E-11	3.94273680189753E-03	4.31106645687199E-08	4.49069237945033E-11	0.200948150002856	1.8051559896958E-08	4.62289003838394E-11	0.285070019924229	6.88422718047167E-08	5.61128101583546E-12	5.24825284030232E-02	3.10875820521564E-08	7.68288440083372E-12	0.108920887074349	5.84630927715899E-11	8.02351589116852E-12	0.286957176562193	3.91389105609402E-12	6.66669022675152E-11	1E5	1E10	1E-30	1E-10	1E10	1E-30	1E-10	1E10	1E-30	1E-10	1E10	1E-30	1E-10	1E10	1E-30	1E-10	1E10	1E-30	1E-10	1E10	1E-30	1E-10
359	1.48454443666276E-08	1E10	1E10	1E-30	2.23030283587219E-10	1E10	1E-30	1E10	3.71029140931473E-03	1E-30	1.15786645009937E-10	0.224927371981594	1E-30	6.61778529461894E-11	3.94273680189753E-03	4.31106645687199E-08	4.49069237945033E-11	0.200948150002856	1.8051559896958E-08	4.62289003838394E-11	0.285070019924229	6.88422718047167E-08	5.61128101583546E-12	5.24825284030232E-02	3.10875820521564E-08	7.68288440083372E-12	0.108920887074349	5.84630927715899E-11	8.02351589116852E-12	0.286957176562193	3.91389105609402E-12	6.66669022675152E-11	1E5	1E10	1E-30	1E-10	1E10	1E-30	1E-10	1E10	1E-30	1E-10	1E10	1E-30	1E-10	1E10	1E-30	1E-10	1E10	1E-30	1E-10	1E10	1E-30	1E-10
360	1.49973685154372E-08	1E10	1E10	1E-30	1E-12	1E10	1E-30	1E10	7.24307980041764E-03	1E-30	1.80664062687978E-11	0.6799735222018	1E-30	1.24574762747685E-10	0.179350870867715	1E-30	9.52561021260221E-11	4.86072803411288E-03	5.23372310081359E-08	2.56045319302181E-11	0.101389894211456	2.16935032773236E-08	2.226181656109E-11	0.149625189175135	2.42553111655426E-11	1.4454249980532E-11	6.36281534280005	8.53060974592585E-13	3.11932062647037E-10	1E5	1E10	1E-30	1E-10	1E10	1E-30	1E-10	1E10	1E-30	1E-10	1E10	1E-30	1E-10	1E10	1E-30	1E-10	1E10	1E-30	1E-10	1E10	1E-30	1E-10	1E10	1E-30	1E-10
361	1.48454443666276E-08	1E10	1E10	1E-30	2.23030283587219E-10	1E10	1E-30	1E10	3.71029140931473E-03	1E-30	1.15786645009937E-10	0.224927371981594	1E-30	6.61778529461894E-11	3.94273680189753E-03	4.31106645687199E-08	4.49069237945033E-11	0.200948150002856	1.8051559896958E-08	4.62289003838394E-11	0.285070019924229	6.88422718047167E-08	5.61128101583546E-12	5.24825284030232E-02	3.10875820521564E-08	7.68288440083372E-12	0.108920887074349	5.84630927715899E-11	8.02351589116852E-12	0.286957176562193	3.91389105609402E-12	6.66669022675152E-11	1E5	1E10	1E-30	1E-10	1E10	1E-30	1E-10	1E10	1E-30	1E-10	1E10	1E-30	1E-10	1E10	1E-30	1E-10	1E10	1E-30	1E-10	1E10	1E-30	1E-10
362	1.48167618504945E-08	1E10	1E10	1E-30	2.0919584116166E-10	1E10	1E-30	1E10	4.93100480483963E-03	1E-30	5.35541747499532E-11	0.21089497049818	1E-30	8.08029828934974E-11	7.89804261570333E-03	1E-30	2.45081031287931E-10	1.29217757751182E-03	4.46451099045721E-08	3.25261186738349E-11	0.169961061716499	1.42375668696967E-08	4.01600562898144E-11	0.236203405529614	8.1696289405771E-09	2.05489109142353E-11	8.49909514311782E-02	3.87265977605947E-12	7.93321255130704E-11	33.8687622609825	1E10	1E-30	1E-10	1E10	1E-30	1E-10	1E10	1E-30	1E-10	1E10	1E-30	1E-10	1E10	1E-30	1E-10	1E10	1E-30	1E-10	1E10	1E-30	1E-10	1E10	1E-30	1E-10
363	1.48167618504945E-08	1E10	1E10	1E-30	2.0919584116166E-10	1E10	1E-30	1E10	4.93100480483963E-03	1E-30	5.35541747499532E-11	0.21089497049818	1E-30	8.08029828934974E-11	7.89804261570333E-03	1E-30	2.45081031287931E-10	1.29217757751182E-03	4.46451099045721E-08	3.25261186738349E-11	0.169961061716499	1.42375668696967E-08	4.01600562898144E-11	0.236203405529614	8.1696289405771E-09	2.05489109142353E-11	8.49909514311782E-02	3.87265977605947E-12	7.93321255130704E-11	33.8687622609825	1E10	1E-30	1E-10	1E10	1E-30	1E-10	1E10	1E-30	1E-10	1E10	1E-30	1E-10	1E10	1E-30	1E-10	1E10	1E-30	1E-10	1E10	1E-30	1E-10	1E10	1E-30	1E-10
364	1.48454443666276E-08	1E10	1E10	1E-30	2.23030283587219E-10	1E10	1E-30	1E10	3.71029140931473E-03	1E-30	1.15786645009937E-10	0.224927371981594	1E-30	6.61778529461894E-11	3.94273680189753E-03	4.31106645687199E-08	4.49069237945033E-11	0.200948150002856	1.8051559896958E-08	4.62289003838394E-11	0.285070019924229	6.88422718047167E-08	5.61128101583546E-12	5.24825284030232E-02	3.10875820521564E-08	7.68288440083372E-12	0.108920887074349	5.84630927715899E-11	8.02351589116852E-12	0.286957176562193	3.91389105609402E-12	6.66669022675152E-11	1E5	1E10	1E-30	1E-10	1E10	1E-30	1E-10	1E10	1E-30	1E-10	1E10	1E-30	1E-10	1E10	1E-30	1E-10	1E10	1E-30	1E-10	1E10	1E-30	1E-10
365	1.49973685154372E-08	1E10	1E10	1E-30	1E-12	1E10	1E-30	1E10	7.24307980041764E-03	1E-30	1.80664062687978E-11	0.6799735222018	1E-30	1.24574762747685E-10	0.179350870867715	1E-30	9.52561021260221E-11	4.86072803411288E-03	5.23372310081359E-08	2.56045319302181E-11	0.101389894211456	2.16935032773236E-08	2.226181656109E-11	0.149625189175135	2.42553111655426E-11	1.4454249980532E-11	6.36281534280005	8.53060974592585E-13	3.11932062647037E-10	1E5	1E10	1E-30	1E-10	1E10	1E-30	1E-10	1E10	1E-30	1E-10	1E10	1E-30	1E-10	1E10	1E-30	1E-10	1E10	1E-30	1E-10	1E10	1E-30	1E-10	1E10	1E-30	1E-10
366	1.51319899698855E-08	1E10	1E10	1E-30	1.12474577620428E-10	1E10	1E-30	1E10	4.53494047794494E-02	1.90167842862083E-06	1E10	2241.93522259489	3.93734502744475E-06	1E10	229.415660242874	2.33271018673044E-06	1E10	85.2359998868155	2.35358883730122E-06	1E10	10.4863188809716	1.74596618766885E-06	1E10	2.00848534422895	1.81582649561935E-06	1E10	0.248925492189857	1.52057962286017E-06	1E10	9.74343126859995E-02	6.08010604594623E-07	1E10	3.64495252414213E-02	1E-30	9.79435158062895E-11	0.163564891329306	1.98044863806083E-07	1.00853598763649E-11	2.28589562652283E-02	1.63858779849955E-08	4.9814317084691E-11	0.102315555868226	1.11998924528434E-11	1.69795959701401E-10	14.3878812156983	2.29767903367206E-12	2.10336262864022E-10	16.5370195942272	1E10	1E-30	1E-10	1E10	1E-30	1E-10
367	1.51319899698855E-08	1E10	1E10	1E-30	1.12474577620428E-10	1E10	1E-30	1E10	4.53494047794494E-02	1.90167842862083E-06	1E10	2241.93522259489	3.93734502744475E-06	1E10	229.415660242874	2.33271018673044E-06	1E10	85.2359998868155	2.35358883730122E-06	1E10	10.4863188809716	1.74596618766885E-06	1E10	2.00848534422895	1.81582649561935E-06	1E10	0.248925492189857	1.52057962286017E-06	1E10	9.74343126859995E-02	6.08010604594623E-07	1E10	3.64495252414213E-02	1E-30	9.79435158062895E-11	0.163564891329306	1.98044863806083E-07	1.00853598763649E-11	2.28589562652283E-02	1.63858779849955E-08	4.9814317084691E-11	0.102315555868226	1.11998924528434E-11	1.69795959701401E-10	14.3878812156983	2.29767903367206E-12	2.10336262864022E-10	16.5370195942272	1E10	1E-30	1E-10	1E10	1E-30	1E-10
368	1.50802396603732E-08	1E10	1E10	1E-30	1.68855070827332E-10	1E10	1E-30	1E10	3.79273875945024E-02	1.83043111785213E-06	1E10	2018.41850110982	3.87809084936197E-06	1E10	216.277438998793	2.36965842170785E-06	1E10	63.8279973493014	2.06935920312645E-06	1E10	9.22595258557459	1.65917141558499E-06	1E10	1.27752701311425	1.47329660891922E-06	1E10	0.214332160822644	1.16390848403592E-06	1E10	6.45302797553381E-02	4.89095487067152E-07	1E10	2.24906624257504E-02	1E-30	1.02512668290752E-10	0.152932352088957	9.59263126691726E-08	2.19373789163872E-11	5.37509398114624E-02	1.67150044341479E-08	5.32820930621708E-11	0.103511524895643	1.20796991661876E-11	1.32978271322057E-10	9.87657770646749	1.90597720975871E-12	1.78779527900702E-10	18.5804173332955	1E10	1E-30	1E-10	1E10	1E-30	1E-10
369	1.55975185187146E-08	1E10	6666666666.66666	1E-30	2.97676445934404E-10	1E10	1E-30	1E10	6.36648101097294E-02	1.67594690326411E-06	1E10	1225.41371938052	1.84253639286121E-06	1E10	288.447139655312	1.63527488155027E-06	1E10	62.2044432149243	1.51497446119646E-06	1E10	13.613645804896	1.10347461690249E-06	1E10	2.89307118979211	1.47445448704674E-06	1E10	0.705935987210861	5.98471887727536E-07	1E10	0.278198764372302	1E-30	6.0460645780734E-11	0.142752370958407	1E-30	3.40597744161674E-11	4.37392149156203E-02	3.45695894625423E-07	3.73321483091503E-12	9.17737858791612E-03	4.28461704349588E-08	1.71436218230165E-11	4.02147584236476E-02	1.01010628993705E-11	2.34760230144598E-10	13.3760357536307	1E10	1E-30	1E-10	1E10	1E-30	1E-10	1E10	1E-30	1E-10
370	1.55975185187146E-08	1E10	6666666666.66666	1E-30	2.97676445934404E-10	1E10	1E-30	1E10	6.36648101097294E-02	1.67594690326411E-06	1E10	1225.41371938052	1.84253639286121E-06	1E10	288.447139655312	1.63527488155027E-06	1E10	62.2044432149243	1.51497446119646E-06	1E10	13.613645804896	1.10347461690249E-06	1E10	2.89307118979211	1.47445448704674E-06	1E10	0.705935987210861	5.98471887727536E-07	1E10	0.278198764372302	1E-30	6.0460645780734E-11	0.142752370958407	1E-30	3.40597744161674E-11	4.37392149156203E-02	3.45695894625423E-07	3.73321483091503E-12	9.17737858791612E-03	4.28461704349588E-08	1.71436218230165E-11	4.02147584236476E-02	1.01010628993705E-11	2.34760230144598E-10	13.3760357536307	1E10	1E-30	1E-10	1E10	1E-30	1E-10	1E10	1E-30	1E-10
371	1.81486245721134E-08	1E10	1E10	1E-30	3.16227766016837E-12	1E10	1E-30	1E10	8.28487730406385E-03	1E-30	2.31945668271526E-11	0.583685982909688	1E-30	1.10874688620968E-10	0.198518382538323	1E-30	6.34108058095513E-11	4.50073251513222E-03	7.5334111211892E-08	2.28095450839967E-11	8.68186555559446E-02	2.35400089383474E-08	2.91019507092417E-11	0.130195596943025	2.49378372384175E-11	1.16934759224045E-11	3.83386157579773	8.86155302843235E-13	2.67627200275461E-10	1E5	1E10	1E-30	1E-10	1E10	1E-30	1E-10	1E10	1E-30	1E-10	1E10	1E-30	1E-10	1E10	1E-30	1E-10	1E10	1E-30	1E-10	1E10	1E-30	1E-10	1E10	1E-30	1E-10
372	1.78803333210944E-08	1E10	1E10	1E-30	4.81056628870854E-11	1E10	1E-30	1E10	3.16857537679258E-03	1E-30	1.02161790190492E-10	19.8400484445441	1E-30	9.414831719541E-11	0.17078747171721	1E-30	5.47520545204106E-11	5.10832559520754E-03	1E-30	1.07650832937252E-10	2.18879846655977E-03	5.60035353203802E-08	4.5921719236471E-11	0.270099897530779	2.23974485579984E-08	4.82637036101441E-11	0.26459572764402	1.09099086100137E-12	2.14861060772258E-10	1E5	1E10	1E-30	1E-10	1E10	1E-30	1E-10	1E10	1E-30	1E-10	1E10	1E-30	1E-10	1E10	1E-30	1E-10	1E10	1E-30	1E-10	1E10	1E-30	1E-10	1E10	1E-30	1E-10
373	1.78803333210944E-08	1E10	1E10	1E-30	4.81056628870854E-11	1E10	1E-30	1E10	3.16857537679258E-03	1E-30	1.02161790190492E-10	19.8400484445441	1E-30	9.414831719541E-11	0.17078747171721	1E-30	5.47520545204106E-11	5.10832559520754E-03	1E-30	1.07650832937252E-10	2.18879846655977E-03	5.60035353203802E-08	4.5921719236471E-11	0.270099897530779	2.23974485579984E-08	4.82637036101441E-11	0.26459572764402	1.09099086100137E-12	2.14861060772258E-10	1E5	1E10	1E-30	1E-10	1E10	1E-30	1E-10	1E10	1E-30	1E-10	1E10	1E-30	1E-10	1E10	1E-30	1E-10	1E10	1E-30	1E-10	1E10	1E-30	1E-10	1E10	1E-30	1E-10
374	1.81486245721134E-08	1E10	1E10	1E-30	3.16227766016837E-12	1E10	1E-30	1E10	8.28487730406385E-03	1E-30	2.31945668271526E-11	0.583685982909688	1E-30	1.10874688620968E-10	0.198518382538323	1E-30	6.34108058095513E-11	4.50073251513222E-03	7.5334111211892E-08	2.28095450839967E-11	8.68186555559446E-02	2.35400089383474E-08	2.91019507092417E-11	0.130195596943025	2.49378372384175E-11	1.16934759224045E-11	3.83386157579773	8.86155302843235E-13	2.67627200275461E-10	1E5	1E10	1E-30	1E-10	1E10	1E-30	1E-10	1E10	1E-30	1E-10	1E10	1E-30	1E-10	1E10	1E-30	1E-10	1E10	1E-30	1E-10	1E10	1E-30	1E-10	1E10	1E-30	1E-10
375	1.79988256607344E-08	1E10	1E10	1E-30	2.16115276534884E-10	1E10	1E-30	1E10	4.69798815728507E-03	1E-30	1.86692303494357E-11	0.194706588746129	1E-30	5.81331646206277E-11	8.89685701412733E-02	1E-30	1.05669604234945E-10	5.7164967554284E-03	1E-30	8.7663800622152E-10	2.36016899698264E-03	7.99168577517644E-08	1.84710323822338E-11	0.084187967472956	2.09913038038312E-08	2.61194666212898E-11	0.139002042856888	1.29734106971355E-08	1.01538153164156E-11	4.15354140029429E-02	2.46622204430111E-12	1.3595488408876E-10	136.031592417963	1E10	1E-30	1E-10	1E10	1E-30	1E-10	1E10	1E-30	1E-10	1E10	1E-30	1E-10	1E10	1E-30	1E-10	1E10	1E-30	1E-10	1E10	1E-30	1E-10
376	1.79988256607344E-08	1E10	1E10	1E-30	2.16115276534884E-10	1E10	1E-30	1E10	4.69798815728507E-03	1E-30	1.86692303494357E-11	0.194706588746129	1E-30	5.81331646206277E-11	8.89685701412733E-02	1E-30	1.05669604234945E-10	5.7164967554284E-03	1E-30	8.7663800622152E-10	2.36016899698264E-03	7.99168577517644E-08	1.84710323822338E-11	0.084187967472956	2.09913038038312E-08	2.61194666212898E-11	0.139002042856888	1.29734106971355E-08	1.01538153164156E-11	4.15354140029429E-02	2.46622204430111E-12	1.3595488408876E-10	136.031592417963	1E10	1E-30	1E-10	1E10	1E-30	1E-10	1E10	1E-30	1E-10	1E10	1E-30	1E-10	1E10	1E-30	1E-10	1E10	1E-30	1E-10	1E10	1E-30	1E-10
377	1.78803333210944E-08	1E10	1E10	1E-30	4.81056628870854E-11	1E10	1E-30	1E10	3.16857537679258E-03	1E-30	1.02161790190492E-10	19.8400484445441	1E-30	9.414831719541E-11	0.17078747171721	1E-30	5.47520545204106E-11	5.10832559520754E-03	1E-30	1.07650832937252E-10	2.18879846655977E-03	5.60035353203802E-08	4.5921719236471E-11	0.270099897530779	2.23974485579984E-08	4.82637036101441E-11	0.26459572764402	1.09099086100137E-12	2.14861060772258E-10	1E5	1E10	1E-30	1E-10	1E10	1E-30	1E-10	1E10	1E-30	1E-10	1E10	1E-30	1E-10	1E10	1E-30	1E-10	1E10	1E-30	1E-10	1E10	1E-30	1E-10	1E10	1E-30	1E-10
378	1.78803333210944E-08	1E10	1E10	1E-30	4.81056628870854E-11	1E10	1E-30	1E10	3.16857537679258E-03	1E-30	1.02161790190492E-10	19.8400484445441	1E-30	9.414831719541E-11	0.17078747171721	1E-30	5.47520545204106E-11	5.10832559520754E-03	1E-30	1.07650832937252E-10	2.18879846655977E-03	5.60035353203802E-08	4.5921719236471E-11	0.270099897530779	2.23974485579984E-08	4.82637036101441E-11	0.26459572764402	1.09099086100137E-12	2.14861060772258E-10	1E5	1E10	1E-30	1E-10	1E10	1E-30	1E-10	1E10	1E-30	1E-10	1E10	1E-30	1E-10	1E10	1E-30	1E-10	1E10	1E-30	1E-10	1E10	1E-30	1E-10	1E10	1E-30	1E-10
379	1.81486245721134E-08	1E10	1E10	1E-30	3.16227766016837E-12	1E10	1E-30	1E10	8.28487730406385E-03	1E-30	2.31945668271526E-11	0.583685982909688	1E-30	1.10874688620968E-10	0.198518382538323	1E-30	6.34108058095513E-11	4.50073251513222E-03	7.5334111211892E-08	2.28095450839967E-11	8.68186555559446E-02	2.35400089383474E-08	2.91019507092417E-11	0.130195596943025	2.49378372384175E-11	1.16934759224045E-11	3.83386157579773	8.86155302843235E-13	2.67627200275461E-10	1E5	1E10	1E-30	1E-10	1E10	1E-30	1E-10	1E10	1E-30	1E-10	1E10	1E-30	1E-10	1E10	1E-30	1E-10	1E10	1E-30	1E-10	1E10	1E-30	1E-10	1E10	1E-30	1E-10
380	2.24271200257248E-08	1E10	1E10	1E-30	2.51709140223483E-11	1E10	1E-30	1E10	8.10740141896458E-03	1E-30	4.7067804785023E-11	0.284685949441414	1E-30	4.41393775514137E-11	4.44647412704664E-03	7.03918201739736E-08	2.84726373272598E-11	8.76873906921378E-02	1.80442963394706E-08	3.5981182494983E-11	0.143759872942866	4.93579871677459E-09	3.13052546110832E-11	7.74886158708754E-02	3.38751619714487E-12	1.03495396195548E-10	114.439193805354	1.39699184248168E-12	2.23792857388539E-10	1E5	1E10	1E-30	1E-10	1E10	1E-30	1E-10	1E10	1E-30	1E-10	1E10	1E-30	1E-10	1E10	1E-30	1E-10	1E10	1E-30	1E-10	1E10	1E-30	1E-10	1E10	1E-30	1E-10
381	2.10098368924715E-08	1E10	1E10	1E-30	6.10657360666356E-12	1E10	1E-30	1E10	5.50149210637351E-03	1E-30	2.04025035521231E-11	0.441190581991737	1E-30	1.67842934550651E-10	0.154479469376631	1E-30	2.04719376834357E-10	2.55799547562826E-03	1.42714622297231E-07	1.76993560368668E-11	0.103968729710422	4.31349310248885E-08	2.29388261500727E-11	0.136448199270769	9.74780646547163E-12	3.59662794069826E-11	15.8324918098419	1.0223155432101E-12	3.16091480066291E-10	728.889693693617	1E10	1E-30	1E-10	1E10	1E-30	1E-10	1E10	1E-30	1E-10	1E10	1E-30	1E-10	1E10	1E-30	1E-10	1E10	1E-30	1E-10	1E10	1E-30	1E-10	1E10	1E-30	1E-10
382	2.2098225032422E-08	1E10	1E10	1E-30	1.31984579698387E-11	1E10	1E-30	1E10	3.14089364481576E-03	1E-30	1.58614687169931E-10	0.172548845918909	1E-30	5.80869924986599E-11	3.4096928652191E-03	5.15685020128607E-08	6.99642629367513E-11	0.270428456545099	3.75076353378446E-08	4.09147661653757E-11	0.263568747819718	9.40710423999289E-08	7.62429774636749E-12	6.56519644885272E-02	1.04504406071569E-07	4.65952541646927E-12	0.106899061219301	1.8297626087092E-11	1.02059104868936E-11	0.289937325447498	6.68990688079076E-13	2.76120681019665E-10	1E5	1E10	1E-30	1E-10	1E10	1E-30	1E-10	1E10	1E-30	1E-10	1E10	1E-30	1E-10	1E10	1E-30	1E-10	1E10	1E-30	1E-10	1E10	1E-30	1E-10
383	2.2098225032422E-08	1E10	1E10	1E-30	1.31984579698387E-11	1E10	1E-30	1E10	3.14089364481576E-03	1E-30	1.58614687169931E-10	0.172548845918909	1E-30	5.80869924986599E-11	3.4096928652191E-03	5.15685020128607E-08	6.99642629367513E-11	0.270428456545099	3.75076353378446E-08	4.09147661653757E-11	0.263568747819718	9.40710423999289E-08	7.62429774636749E-12	6.56519644885272E-02	1.04504406071569E-07	4.65952541646927E-12	0.106899061219301	1.8297626087092E-11	1.02059104868936E-11	0.289937325447498	6.68990688079076E-13	2.76120681019665E-10	1E5	1E10	1E-30	1E-10	1E10	1E-30	1E-10	1E10	1E-30	1E-10	1E10	1E-30	1E-10	1E10	1E-30	1E-10	1E10	1E-30	1E-10	1E10	1E-30	1E-10
384	2.10098368924715E-08	1E10	1E10	1E-30	6.10657360666356E-12	1E10	1E-30	1E10	5.50149210637351E-03	1E-30	2.04025035521231E-11	0.441190581991737	1E-30	1.67842934550651E-10	0.154479469376631	1E-30	2.04719376834357E-10	2.55799547562826E-03	1.42714622297231E-07	1.76993560368668E-11	0.103968729710422	4.31349310248885E-08	2.29388261500727E-11	0.136448199270769	9.74780646547163E-12	3.59662794069826E-11	15.8324918098419	1.0223155432101E-12	3.16091480066291E-10	728.889693693617	1E10	1E-30	1E-10	1E10	1E-30	1E-10	1E10	1E-30	1E-10	1E10	1E-30	1E-10	1E10	1E-30	1E-10	1E10	1E-30	1E-10	1E10	1E-30	1E-10	1E10	1E-30	1E-10
385	2.20033230192082E-08	1E10	1E10	1E-30	2.37472467285903E-10	1E10	1E-30	1E10	4.55773927033359E-03	1E-30	1.61165798394244E-11	0.222435288666591	1E-30	7.77370262978677E-11	0.107650589015773	1E-30	8.55894682389548E-11	4.5157690238191E-03	1E-30	4.37309500675782E-10	2.01269638517276E-03	9.5237108729065E-08	2.06532259224366E-11	9.02728170946334E-02	2.66440244019716E-08	2.85536611865527E-11	0.14583797529582	2.74629508772853E-08	7.45259797205253E-12	3.08779258293857E-02	3.45996681165074E-12	8.83199381972257E-11	116.448394620728	1E10	1E-30	1E-10	1E10	1E-30	1E-10	1E10	1E-30	1E-10	1E10	1E-30	1E-10	1E10	1E-30	1E-10	1E10	1E-30	1E-10	1E10	1E-30	1E-10
386	2.20033230192082E-08	1E10	1E10	1E-30	2.37472467285903E-10	1E10	1E-30	1E10	4.55773927033359E-03	1E-30	1.61165798394244E-11	0.222435288666591	1E-30	7.77370262978677E-11	0.107650589015773	1E-30	8.55894682389548E-11	4.5157690238191E-03	1E-30	4.37309500675782E-10	2.01269638517276E-03	9.5237108729065E-08	2.06532259224366E-11	9.02728170946334E-02	2.66440244019716E-08	2.85536611865527E-11	0.14583797529582	2.74629508772853E-08	7.45259797205253E-12	3.08779258293857E-02	3.45996681165074E-12	8.83199381972257E-11	116.448394620728	1E10	1E-30	1E-10	1E10	1E-30	1E-10	1E10	1E-30	1E-10	1E10	1E-30	1E-10	1E10	1E-30	1E-10	1E10	1E-30	1E-10	1E10	1E-30	1E-10
387	2.2098225032422E-08	1E10	1E10	1E-30	1.31984579698387E-11	1E10	1E-30	1E10	3.14089364481576E-03	1E-30	1.58614687169931E-10	0.172548845918909	1E-30	5.80869924986599E-11	3.4096928652191E-03	5.15685020128607E-08	6.99642629367513E-11	0.270428456545099	3.75076353378446E-08	4.09147661653757E-11	0.263568747819718	9.40710423999289E-08	7.62429774636749E-12	6.56519644885272E-02	1.04504406071569E-07	4.65952541646927E-12	0.106899061219301	1.8297626087092E-11	1.02059104868936E-11	0.289937325447498	6.68990688079076E-13	2.76120681019665E-10	1E5	1E10	1E-30	1E-10	1E10	1E-30	1E-10	1E10	1E-30	1E-10	1E10	1E-30	1E-10	1E10	1E-30	1E-10	1E10	1E-30	1E-10	1E10	1E-30	1E-10
388	2.2098225032422E-08	1E10	1E10	1E-30	1.31984579698387E-11	1E10	1E-30	1E10	3.14089364481576E-03	1E-30	1.58614687169931E-10	0.172548845918909	1E-30	5.80869924986599E-11	3.4096928652191E-03	5.15685020128607E-08	6.99642629367513E-11	0.270428456545099	3.75076353378446E-08	4.09147661653757E-11	0.263568747819718	9.40710423999289E-08	7.62429774636749E-12	6.56519644885272E-02	1.04504406071569E-07	4.65952541646927E-12	0.106899061219301	1.8297626087092E-11	1.02059104868936E-11	0.289937325447498	6.68990688079076E-13	2.76120681019665E-10	1E5	1E10	1E-30	1E-10	1E10	1E-30	1E-10	1E10	1E-30	1E-10	1E10	1E-30	1E-10	1E10	1E-30	1E-10	1E10	1E-30	1E-10	1E10	1E-30	1E-10
389	2.24271200257248E-08	1E10	1E10	1E-30	2.51709140223483E-11	1E10	1E-30	1E10	8.10740141896458E-03	1E-30	4.7067804785023E-11	0.284685949441414	1E-30	4.41393775514137E-11	4.44647412704664E-03	7.03918201739736E-08	2.84726373272598E-11	8.76873906921378E-02	1.80442963394706E-08	3.5981182494983E-11	0.143759872942866	4.93579871677459E-09	3.13052546110832E-11	7.74886158708754E-02	3.38751619714487E-12	1.03495396195548E-10	114.439193805354	1.39699184248168E-12	2.23792857388539E-10	1E5	1E10	1E-30	1E-10	1E10	1E-30	1E-10	1E10	1E-30	1E-10	1E10	1E-30	1E-10	1E10	1E-30	1E-10	1E10	1E-30	1E-10	1E10	1E-30	1E-10	1E10	1E-30	1E-10
390	2.10098368924715E-08	1E10	1E10	1E-30	6.10657360666356E-12	1E10	1E-30	1E10	5.50149210637351E-03	1E-30	2.04025035521231E-11	0.441190581991737	1E-30	1.67842934550651E-10	0.154479469376631	1E-30	2.04719376834357E-10	2.55799547562826E-03	1.42714622297231E-07	1.76993560368668E-11	0.103968729710422	4.31349310248885E-08	2.29388261500727E-11	0.136448199270769	9.74780646547163E-12	3.59662794069826E-11	15.8324918098419	1.0223155432101E-12	3.16091480066291E-10	728.889693693617	1E10	1E-30	1E-10	1E10	1E-30	1E-10	1E10	1E-30	1E-10	1E10	1E-30	1E-10	1E10	1E-30	1E-10	1E10	1E-30	1E-10	1E10	1E-30	1E-10	1E10	1E-30	1E-10
391	2.18800089387999E-08	1E10	1E10	1E-30	1.41478048550723E-10	1E10	1E-30	1E10	3.41559358040334E-02	3.11294950212916E-06	1E10	1278.16836558895	4.59885301064293E-06	1E10	116.570340393895	3.48438049587893E-06	1E10	19.7964840639237	2.8525421276509E-06	1E10	2.43549961157303	2.35587599852983E-06	1E10	0.294814432407047	3.28035166209501E-06	1E10	5.11563636118045E-02	1.0951980208135E-06	1E10	2.71486087672721E-02	1E-30	9.16570839829725E-11	0.199117037684282	9.830657527684E-08	1.51976658781587E-11	3.15476868022921E-02	2.37980402203845E-08	2.37569088416791E-11	6.30996362536761E-02	7.54526433994411E-12	1.03635793062175E-10	9.71233788576156	2.39148160015032E-12	1.13145381068563E-10	19.0146086075001	1E10	1E-30	1E-10	1E10	1E-30	1E-10	1E10	1E-30	1E-10
392	2.22874186343507E-08	1E10	1E10	1E-30	1.50372661034208E-10	1E10	1E-30	1E10	3.28451704310402E-02	3.02678422312897E-06	1E10	1220.62749139764	7.84963721045833E-06	1E10	99.2163273876837	3.53769617951815E-06	1E10	36.0232711493537	3.39511051837167E-06	1E10	3.94987313690202	2.4737374162911E-06	1E10	0.619141799838957	2.59506443912104E-06	1E10	7.53958523546179E-02	1.26019430997865E-06	1E10	3.37445007148975E-02	1E-30	8.54847548245349E-11	0.153058335229836	1.70154021927924E-07	1.36302933405451E-11	3.10471256577803E-02	1.9806873930258E-08	4.50548863344647E-11	8.64970983948349E-02	1.05223917101378E-11	1.26521930137513E-10	11.5622996665858	2.59365868483583E-12	1.48118312380764E-10	17.8845243939569	1E10	1E-30	1E-10	1E10	1E-30	1E-10	1E10	1E-30	1E-10
393	2.18800089387999E-08	1E10	1E10	1E-30	1.41478048550723E-10	1E10	1E-30	1E10	3.41559358040334E-02	3.11294950212916E-06	1E10	1278.16836558895	4.59885301064293E-06	1E10	116.570340393895	3.48438049587893E-06	1E10	19.7964840639237	2.8525421276509E-06	1E10	2.43549961157303	2.35587599852983E-06	1E10	0.294814432407047	3.28035166209501E-06	1E10	5.11563636118045E-02	1.0951980208135E-06	1E10	2.71486087672721E-02	1E-30	9.16570839829725E-11	0.199117037684282	9.830657527684E-08	1.51976658781587E-11	3.15476868022921E-02	2.37980402203845E-08	2.37569088416791E-11	6.30996362536761E-02	7.54526433994411E-12	1.03635793062175E-10	9.71233788576156	2.39148160015032E-12	1.13145381068563E-10	19.0146086075001	1E10	1E-30	1E-10	1E10	1E-30	1E-10	1E10	1E-30	1E-10
394	2.22874186343507E-08	1E10	1E10	1E-30	1.50372661034208E-10	1E10	1E-30	1E10	3.28451704310402E-02	3.02678422312897E-06	1E10	1220.62749139764	7.84963721045833E-06	1E10	99.2163273876837	3.53769617951815E-06	1E10	36.0232711493537	3.39511051837167E-06	1E10	3.94987313690202	2.4737374162911E-06	1E10	0.619141799838957	2.59506443912104E-06	1E10	7.53958523546179E-02	1.26019430997865E-06	1E10	3.37445007148975E-02	1E-30	8.54847548245349E-11	0.153058335229836	1.70154021927924E-07	1.36302933405451E-11	3.10471256577803E-02	1.9806873930258E-08	4.50548863344647E-11	8.64970983948349E-02	1.05223917101378E-11	1.26521930137513E-10	11.5622996665858	2.59365868483583E-12	1.48118312380764E-10	17.8845243939569	1E10	1E-30	1E-10	1E10	1E-30	1E-10	1E10	1E-30	1E-10
395	2.18429952225071E-08	1E10	1E10	1E-30	7.54611822988067E-11	1E10	1E-30	1E10	3.67409158879002E-02	2.20164875099277E-06	1E10	1678.095123763	4.50233263724215E-06	1E10	88.0676839959592	3.17636484282781E-06	1E10	18.3999471426033	4.5975268304756E-06	1E10	1.84047389586465	2.73976657323431E-06	1E10	0.776004177964443	1.7669505202364E-06	1E10	0.161993542770298	1.0902414481377E-06	1E10	3.64953431562696E-02	1E-30	1.18263677838484E-10	0.206162252973866	9.71348888472322E-08	2.60774436571625E-11	5.01881078234825E-02	3.5741415442729E-08	3.08800463543554E-11	6.82309891878063E-02	1.71064284857138E-11	8.80872807832564E-11	6.02532391580833	1.20185728666746E-12	2.50904283842899E-10	26.4848322438021	1E10	1E-30	1E-10	1E10	1E-30	1E-10	1E10	1E-30	1E-10
396	2.18429952225071E-08	1E10	1E10	1E-30	7.54611822988067E-11	1E10	1E-30	1E10	3.67409158879002E-02	2.20164875099277E-06	1E10	1678.095123763	4.50233263724215E-06	1E10	88.0676839959592	3.17636484282781E-06	1E10	18.3999471426033	4.5975268304756E-06	1E10	1.84047389586465	2.73976657323431E-06	1E10	0.776004177964443	1.7669505202364E-06	1E10	0.161993542770298	1.0902414481377E-06	1E10	3.64953431562696E-02	1E-30	1.18263677838484E-10	0.206162252973866	9.71348888472322E-08	2.60774436571625E-11	5.01881078234825E-02	3.5741415442729E-08	3.08800463543554E-11	6.82309891878063E-02	1.71064284857138E-11	8.80872807832564E-11	6.02532391580833	1.20185728666746E-12	2.50904283842899E-10	26.4848322438021	1E10	1E-30	1E-10	1E10	1E-30	1E-10	1E10	1E-30	1E-10
397	2.20100965707921E-08	1E10	4545454545.45454	1E-30	3.32835603590774E-10	1E10	1E-30	1E10	4.77026500758647E-02	2.6901292104552E-06	1E10	788.655999612816	2.82724628567769E-06	1E10	201.919038036519	2.52084642659772E-06	1E10	43.5851357061878	2.32977044837979E-06	1E10	9.547629400715	1.98671860030772E-06	1E10	1.88759472045206	1.77810990485993E-06	1E10	0.39762013043431	1.17782198922531E-06	1E10	0.113554473597188	1E-30	7.82085911222302E-11	0.131960960511973	1E-30	5.27367262604924E-11	5.72342650693103E-02	4.39934851478189E-08	3.13468326900559E-11	5.43930493561523E-02	1.54972786888126E-07	5.44335827406266E-12	1.70560670251501E-02	1.79163521406057E-11	1.12033246822234E-10	4.69063156203711	1E10	1E-30	1E-10	1E10	1E-30	1E-10	1E10	1E-30	1E-10
398	2.20100965707921E-08	1E10	4545454545.45454	1E-30	3.32835603590774E-10	1E10	1E-30	1E10	4.77026500758647E-02	2.6901292104552E-06	1E10	788.655999612816	2.82724628567769E-06	1E10	201.919038036519	2.52084642659772E-06	1E10	43.5851357061878	2.32977044837979E-06	1E10	9.547629400715	1.98671860030772E-06	1E10	1.88759472045206	1.77810990485993E-06	1E10	0.39762013043431	1.17782198922531E-06	1E10	0.113554473597188	1E-30	7.82085911222302E-11	0.131960960511973	1E-30	5.27367262604924E-11	5.72342650693103E-02	4.39934851478189E-08	3.13468326900559E-11	5.43930493561523E-02	1.54972786888126E-07	5.44335827406266E-12	1.70560670251501E-02	1.79163521406057E-11	1.12033246822234E-10	4.69063156203711	1E10	1E-30	1E-10	1E10	1E-30	1E-10	1E10	1E-30	1E-10
399	2.6580852409998E-08	1E10	1E10	1E-30	1E-11	1E10	1E-30	1E10	5.63889715346521E-03	1E-30	3.54591067572085E-11	2.02399084753076	1E-30	6.9356630710449E-11	0.167516003063893	1E-30	9.97243723314145E-11	5.48092106443164E-03	1.20116095182295E-07	2.72428921557837E-11	0.106855588639629	3.37462979120837E-08	4.24865354463246E-11	0.138712333725968	1.19710829634679E-08	3.62323621944428E-11	7.56116109600941E-02	2.64906518918447E-11	1.32345678911086E-11	5.82590668808781	1.0491983298864E-12	2.80892512809404E-10	1E5	1E10	1E-30	1E-10	1E10	1E-30	1E-10	1E10	1E-30	1E-10	1E10	1E-30	1E-10	1E10	1E-30	1E-10	1E10	1E-30	1E-10	1E10	1E-30	1E-10
400	2.6580852409998E-08	1E10	1E10	1E-30	1E-11	1E10	1E-30	1E10	5.63889715346521E-03	1E-30	3.54591067572085E-11	2.02399084753076	1E-30	6.9356630710449E-11	0.167516003063893	1E-30	9.97243723314145E-11	5.48092106443164E-03	1.20116095182295E-07	2.72428921557837E-11	0.106855588639629	3.37462979120837E-08	4.24865354463246E-11	0.138712333725968	1.19710829634679E-08	3.62323621944428E-11	7.56116109600941E-02	2.64906518918447E-11	1.32345678911086E-11	5.82590668808781	1.0491983298864E-12	2.80892512809404E-10	1E5	1E10	1E-30	1E-10	1E10	1E-30	1E-10	1E10	1E-30	1E-10	1E10	1E-30	1E-10	1E10	1E-30	1E-10	1E10	1E-30	1E-10	1E10	1E-30	1E-10
401	2.68162753454159E-08	1E10	1E10	1E-30	1.53387201846016E-10	1E10	1E-30	1E10	3.12322739820773E-03	1E-30	9.77568042345951E-11	0.151818051533179	1E-30	7.61775675665861E-11	3.70544253035721E-03	1E-30	3.95851826548082E-10	1.95304612866526E-03	8.9028204849211E-08	3.0800207944442E-11	0.115989722861014	3.27340884877438E-08	3.48347858522228E-11	0.164968385459841	2.26111981936631E-12	1.38312074945991E-10	77.8072224583946	1E10	1E-30	1E-10	1E10	1E-30	1E-10	1E10	1E-30	1E-10	1E10	1E-30	1E-10	1E10	1E-30	1E-10	1E10	1E-30	1E-10	1E10	1E-30	1E-10	1E10	1E-30	1E-10	1E10	1E-30	1E-10
402	2.68162753454159E-08	1E10	1E10	1E-30	1.53387201846016E-10	1E10	1E-30	1E10	3.12322739820773E-03	1E-30	9.77568042345951E-11	0.151818051533179	1E-30	7.61775675665861E-11	3.70544253035721E-03	1E-30	3.95851826548082E-10	1.95304612866526E-03	8.9028204849211E-08	3.0800207944442E-11	0.115989722861014	3.27340884877438E-08	3.48347858522228E-11	0.164968385459841	2.26111981936631E-12	1.38312074945991E-10	77.8072224583946	1E10	1E-30	1E-10	1E10	1E-30	1E-10	1E10	1E-30	1E-10	1E10	1E-30	1E-10	1E10	1E-30	1E-10	1E10	1E-30	1E-10	1E10	1E-30	1E-10	1E10	1E-30	1E-10	1E10	1E-30	1E-10
403	2.68591785434498E-08	1E10	1E10	1E-30	3.74866867945794E-10	1E10	1E-30	1E10	4.79866001560088E-03	1E-30	8.579970884966E-12	0.139944807444791	1E-30	8.58764349776362E-11	0.130618073821947	1E-30	4.48332258012057E-11	3.29632477289868E-03	1E-30	1.42957535409013E-10	1.84940644378528E-03	9.71986169964289E-08	2.97681020016621E-11	0.133505345519642	3.42666859026873E-08	3.30796478892792E-11	0.169034683248252	4.87133851939357E-07	1.07662412791166E-12	1.26657316448337E-02	5.11968065183237E-08	6.15660305611104E-12	3.62462151110015E-02	1E10	1E-30	1E-10	1E10	1E-30	1E-10	1E10	1E-30	1E-10	1E10	1E-30	1E-10	1E10	1E-30	1E-10	1E10	1E-30	1E-10	1E10	1E-30	1E-10
404	2.68591785434498E-08	1E10	1E10	1E-30	3.74866867945794E-10	1E10	1E-30	1E10	4.79866001560088E-03	1E-30	8.579970884966E-12	0.139944807444791	1E-30	8.58764349776362E-11	0.130618073821947	1E-30	4.48332258012057E-11	3.29632477289868E-03	1E-30	1.42957535409013E-10	1.84940644378528E-03	9.71986169964289E-08	2.97681020016621E-11	0.133505345519642	3.42666859026873E-08	3.30796478892792E-11	0.169034683248252	4.87133851939357E-07	1.07662412791166E-12	1.26657316448337E-02	5.11968065183237E-08	6.15660305611104E-12	3.62462151110015E-02	1E10	1E-30	1E-10	1E10	1E-30	1E-10	1E10	1E-30	1E-10	1E10	1E-30	1E-10	1E10	1E-30	1E-10	1E10	1E-30	1E-10	1E10	1E-30	1E-10
405	2.6580852409998E-08	1E10	1E10	1E-30	1E-11	1E10	1E-30	1E10	5.63889715346521E-03	1E-30	3.54591067572085E-11	2.02399084753076	1E-30	6.9356630710449E-11	0.167516003063893	1E-30	9.97243723314145E-11	5.48092106443164E-03	1.20116095182295E-07	2.72428921557837E-11	0.106855588639629	3.37462979120837E-08	4.24865354463246E-11	0.138712333725968	1.19710829634679E-08	3.62323621944428E-11	7.56116109600941E-02	2.64906518918447E-11	1.32345678911086E-11	5.82590668808781	1.0491983298864E-12	2.80892512809404E-10	1E5	1E10	1E-30	1E-10	1E10	1E-30	1E-10	1E10	1E-30	1E-10	1E10	1E-30	1E-10	1E10	1E-30	1E-10	1E10	1E-30	1E-10	1E10	1E-30	1E-10
406	3.33546807879754E-08	1E10	1E10	1E-30	8.91250938133745E-11	1E10	1E-30	1E10	6.20522079459608E-03	1E-30	9.31173714859814E-12	0.328487533159796	1E-30	7.38624784042774E-11	0.207004837636072	1E-30	6.05281341555181E-11	6.09743039913573E-03	1.45211310228972E-07	2.29793642903849E-11	7.52421022035942E-02	2.25631721171258E-08	5.91056263870883E-11	0.151280543310337	2.25372450494292E-08	1.70476928755617E-11	6.03194221331954E-02	8.6500715561722E-12	4.05305700265774E-11	13.9147534077222	2.12921806209602E-12	1.5375170832729E-10	1E5	1E10	1E-30	1E-10	1E10	1E-30	1E-10	1E10	1E-30	1E-10	1E10	1E-30	1E-10	1E10	1E-30	1E-10	1E10	1E-30	1E-10	1E10	1E-30	1E-10
407	3.22488282915417E-08	1E10	1E10	1E-30	9.99999999999999E-12	1E10	1E-30	1E10	3.42234588046686E-03	1E-30	1.81096543202971E-11	0.491137663445974	1E-30	1.60301854549421E-10	0.174568223040892	1E-30	1.32443683489973E-10	2.85834354236098E-03	1.13911157267014E-07	3.95111718493765E-11	0.169129953045315	7.51503546752947E-08	2.78563274198502E-11	0.144539091550829	1.70768263553519E-07	5.35846852536905E-12	2.49013981346887E-02	1.63490252067217E-07	3.73692260071879E-12	3.70034146090045E-02	1.05514468843544E-11	3.32269436407182E-11	8.90121713719572	1.03824758483552E-12	2.52986195674429E-10	1E5	1E10	1E-30	1E-10	1E10	1E-30	1E-10	1E10	1E-30	1E-10	1E10	1E-30	1E-10	1E10	1E-30	1E-10	1E10	1E-30	1E-10
408	3.22488282915417E-08	1E10	1E10	1E-30	9.99999999999999E-12	1E10	1E-30	1E10	3.42234588046686E-03	1E-30	1.81096543202971E-11	0.491137663445974	1E-30	1.60301854549421E-10	0.174568223040892	1E-30	1.32443683489973E-10	2.85834354236098E-03	1.13911157267014E-07	3.95111718493765E-11	0.169129953045315	7.51503546752947E-08	2.78563274198502E-11	0.144539091550829	1.70768263553519E-07	5.35846852536905E-12	2.49013981346887E-02	1.63490252067217E-07	3.73692260071879E-12	3.70034146090045E-02	1.05514468843544E-11	3.32269436407182E-11	8.90121713719572	1.03824758483552E-12	2.52986195674429E-10	1E5	1E10	1E-30	1E-10	1E10	1E-30	1E-10	1E10	1E-30	1E-10	1E10	1E-30	1E-10	1E10	1E-30	1E-10	1E10	1E-30	1E-10
409	3.31679555901248E-08	1E10	1E10	1E-30	1.64526002766179E-10	1E10	1E-30	1E10	3.25711597011809E-03	1E-30	4.79287452866993E-12	0.214601702451517	1E-30	9.90949500303146E-11	0.144550376749294	1E-30	5.96426996745549E-11	3.88112035996229E-03	1E-30	3.64613447992028E-10	1.74463564990995E-03	1.08044081841447E-07	3.63269782474544E-11	0.109252190665367	3.28542643858502E-08	4.64981117901241E-11	0.162892855928196	4.56491096935201E-08	1.03142659914622E-11	3.84475015062515E-02	3.20345236853795E-12	9.66011454117829E-11	48.9641476008045	1E10	1E-30	1E-10	1E10	1E-30	1E-10	1E10	1E-30	1E-10	1E10	1E-30	1E-10	1E10	1E-30	1E-10	1E10	1E-30	1E-10	1E10	1E-30	1E-10
410	3.31679555901248E-08	1E10	1E10	1E-30	1.64526002766179E-10	1E10	1E-30	1E10	3.25711597011809E-03	1E-30	4.79287452866993E-12	0.214601702451517	1E-30	9.90949500303146E-11	0.144550376749294	1E-30	5.96426996745549E-11	3.88112035996229E-03	1E-30	3.64613447992028E-10	1.74463564990995E-03	1.08044081841447E-07	3.63269782474544E-11	0.109252190665367	3.28542643858502E-08	4.64981117901241E-11	0.162892855928196	4.56491096935201E-08	1.03142659914622E-11	3.84475015062515E-02	3.20345236853795E-12	9.66011454117829E-11	48.9641476008045	1E10	1E-30	1E-10	1E10	1E-30	1E-10	1E10	1E-30	1E-10	1E10	1E-30	1E-10	1E10	1E-30	1E-10	1E10	1E-30	1E-10	1E10	1E-30	1E-10
411	3.28811286793776E-08	1E10	1E10	1E-30	3.35200303814916E-10	1E10	1E-30	1E10	3.95527338367224E-03	1E-30	6.78053660939874E-12	0.142634995554144	1E-30	6.95198880944512E-11	0.107853609412917	1E-30	2.18185323605464E-11	0.026779168295521	1E-30	5.36943387162331E-11	2.90088497351639E-03	1E-30	1.53579021401325E-10	1.47849004632478E-03	1.05199339369387E-07	3.71450710871113E-11	0.156152101240961	4.19112918895974E-08	3.81994949738009E-11	0.182827304678509	3.56590939215192E-07	2.14624980327025E-12	0.021637677991694	4.1357443785362E-08	1.11534326380551E-11	4.50764897528447E-02	1E10	1E-30	1E-10	1E10	1E-30	1E-10	1E10	1E-30	1E-10	1E10	1E-30	1E-10	1E10	1E-30	1E-10	1E10	1E-30	1E-10
412	3.28811286793776E-08	1E10	1E10	1E-30	3.35200303814916E-10	1E10	1E-30	1E10	3.95527338367224E-03	1E-30	6.78053660939874E-12	0.142634995554144	1E-30	6.95198880944512E-11	0.107853609412917	1E-30	2.18185323605464E-11	0.026779168295521	1E-30	5.36943387162331E-11	2.90088497351639E-03	1E-30	1.53579021401325E-10	1.47849004632478E-03	1.05199339369387E-07	3.71450710871113E-11	0.156152101240961	4.19112918895974E-08	3.81994949738009E-11	0.182827304678509	3.56590939215192E-07	2.14624980327025E-12	0.021637677991694	4.1357443785362E-08	1.11534326380551E-11	4.50764897528447E-02	1E10	1E-30	1E-10	1E10	1E-30	1E-10	1E10	1E-30	1E-10	1E10	1E-30	1E-10	1E10	1E-30	1E-10	1E10	1E-30	1E-10
413	3.33546807879754E-08	1E10	1E10	1E-30	8.91250938133745E-11	1E10	1E-30	1E10	6.20522079459608E-03	1E-30	9.31173714859814E-12	0.328487533159796	1E-30	7.38624784042774E-11	0.207004837636072	1E-30	6.05281341555181E-11	6.09743039913573E-03	1.45211310228972E-07	2.29793642903849E-11	7.52421022035942E-02	2.25631721171258E-08	5.91056263870883E-11	0.151280543310337	2.25372450494292E-08	1.70476928755617E-11	6.03194221331954E-02	8.6500715561722E-12	4.05305700265774E-11	13.9147534077222	2.12921806209602E-12	1.5375170832729E-10	1E5	1E10	1E-30	1E-10	1E10	1E-30	1E-10	1E10	1E-30	1E-10	1E10	1E-30	1E-10	1E10	1E-30	1E-10	1E10	1E-30	1E-10	1E10	1E-30	1E-10
414	3.22488282915417E-08	1E10	1E10	1E-30	9.99999999999999E-12	1E10	1E-30	1E10	3.42234588046686E-03	1E-30	1.81096543202971E-11	0.491137663445974	1E-30	1.60301854549421E-10	0.174568223040892	1E-30	1.32443683489973E-10	2.85834354236098E-03	1.13911157267014E-07	3.95111718493765E-11	0.169129953045315	7.51503546752947E-08	2.78563274198502E-11	0.144539091550829	1.70768263553519E-07	5.35846852536905E-12	2.49013981346887E-02	1.63490252067217E-07	3.73692260071879E-12	3.70034146090045E-02	1.05514468843544E-11	3.32269436407182E-11	8.90121713719572	1.03824758483552E-12	2.52986195674429E-10	1E5	1E10	1E-30	1E-10	1E10	1E-30	1E-10	1E10	1E-30	1E-10	1E10	1E-30	1E-10	1E10	1E-30	1E-10	1E10	1E-30	1E-10
415	3.32079602403146E-08	1E10	1E10	1E-30	1.42281897695511E-10	1E10	1E-30	1E10	2.31349469945765E-02	3.48650257887675E-06	1E10	913.653710993233	5.70806169922932E-06	1E10	60.3645020601055	5.65959485478604E-06	1E10	8.3326208784358	4.77366672386077E-06	1E10	1.66257644236658	4.31508568496698E-06	1E10	0.271262188153892	2.32830925599993E-06	1E10	7.84622039907102E-02	1.34144470069229E-06	1E10	0.017920096244452	1E-30	1.13669858933777E-10	0.159299341632144	1.18163065613913E-07	3.00585811085605E-11	4.36103711618756E-02	3.53830536822701E-08	3.95760565384392E-11	7.15698791969782E-02	1.03209722158496E-11	7.97163901027379E-11	7.46909442329472	2.14577506224544E-12	1.25862697675588E-10	23.6009347850187	1E10	1E-30	1E-10	1E10	1E-30	1E-10	1E10	1E-30	1E-10
416	3.32079602403146E-08	1E10	1E10	1E-30	1.42281897695511E-10	1E10	1E-30	1E10	2.31349469945765E-02	3.48650257887675E-06	1E10	913.653710993233	5.70806169922932E-06	1E10	60.3645020601055	5.65959485478604E-06	1E10	8.3326208784358	4.77366672386077E-06	1E10	1.66257644236658	4.31508568496698E-06	1E10	0.271262188153892	2.32830925599993E-06	1E10	7.84622039907102E-02	1.34144470069229E-06	1E10	0.017920096244452	1E-30	1.13669858933777E-10	0.159299341632144	1.18163065613913E-07	3.00585811085605E-11	4.36103711618756E-02	3.53830536822701E-08	3.95760565384392E-11	7.15698791969782E-02	1.03209722158496E-11	7.97163901027379E-11	7.46909442329472	2.14577506224544E-12	1.25862697675588E-10	23.6009347850187	1E10	1E-30	1E-10	1E10	1E-30	1E-10	1E10	1E-30	1E-10
417	3.32079602403146E-08	1E10	1E10	1E-30	1.42281897695511E-10	1E10	1E-30	1E10	2.31349469945765E-02	3.48650257887675E-06	1E10	913.653710993233	5.70806169922932E-06	1E10	60.3645020601055	5.65959485478604E-06	1E10	8.3326208784358	4.77366672386077E-06	1E10	1.66257644236658	4.31508568496698E-06	1E10	0.271262188153892	2.32830925599993E-06	1E10	7.84622039907102E-02	1.34144470069229E-06	1E10	0.017920096244452	1E-30	1.13669858933777E-10	0.159299341632144	1.18163065613913E-07	3.00585811085605E-11	4.36103711618756E-02	3.53830536822701E-08	3.95760565384392E-11	7.15698791969782E-02	1.03209722158496E-11	7.97163901027379E-11	7.46909442329472	2.14577506224544E-12	1.25862697675588E-10	23.6009347850187	1E10	1E-30	1E-10	1E10	1E-30	1E-10	1E10	1E-30	1E-10
418	3.2117093109583E-08	1E10	1E10	1E-30	2.05462574438967E-10	1E10	1E-30	1E10	2.45720375062077E-02	4.35456058315464E-06	1E10	787.813326430588	9.01590671177539E-06	1E10	86.3820135062174	5.39871393409943E-06	1E10	24.3457592434178	4.99294837913597E-06	1E10	2.99518272988938	3.60541270100258E-06	1E10	0.469901847835072	2.36445052106504E-06	1E10	6.51930836087923E-02	2.24513854460733E-06	1E10	1.31054467666204E-02	1E-30	1.08100424208545E-10	0.160894722163099	1.82800540781885E-07	2.91145883390986E-11	5.06960181429143E-02	4.7020782118217E-08	3.44765932138218E-11	5.96534820014269E-02	1.22193754361988E-11	1.16578576281203E-10	11.9040011057852	2.90548329686072E-12	1.26139530149434E-10	15.0193421272879	1E10	1E-30	1E-10	1E10	1E-30	1E-10	1E10	1E-30	1E-10
419	3.87947603967122E-08	1E10	1E10	1E-30	1.70647923953574E-10	1E10	1E-30	1E10	4.37143371217718E-03	1E-30	9.51584565127176E-11	0.171103949588848	1E-30	1.17498123297041E-10	5.64180285939951E-03	1.1236575846509E-07	5.34553308127835E-11	0.145625716898289	5.11034452099569E-08	5.24671376419092E-11	0.131973774355799	1.78404950262744E-07	7.55590456889826E-12	3.38514297875413E-02	3.84363590490037E-08	2.17126150959869E-11	6.58731225658364E-02	1.58527837158714E-12	2.00427837633306E-10	43.0510040918375	1E10	1E-30	1E-10	1E10	1E-30	1E-10	1E10	1E-30	1E-10	1E10	1E-30	1E-10	1E10	1E-30	1E-10	1E10	1E-30	1E-10	1E10	1E-30	1E-10	1E10	1E-30	1E-10
420	3.87947603967122E-08	1E10	1E10	1E-30	1.70647923953574E-10	1E10	1E-30	1E10	4.37143371217718E-03	1E-30	9.51584565127176E-11	0.171103949588848	1E-30	1.17498123297041E-10	5.64180285939951E-03	1.1236575846509E-07	5.34553308127835E-11	0.145625716898289	5.11034452099569E-08	5.24671376419092E-11	0.131973774355799	1.78404950262744E-07	7.55590456889826E-12	3.38514297875413E-02	3.84363590490037E-08	2.17126150959869E-11	6.58731225658364E-02	1.58527837158714E-12	2.00427837633306E-10	43.0510040918375	1E10	1E-30	1E-10	1E10	1E-30	1E-10	1E10	1E-30	1E-10	1E10	1E-30	1E-10	1E10	1E-30	1E-10	1E10	1E-30	1E-10	1E10	1E-30	1E-10	1E10	1E-30	1E-10
421	3.86331743905561E-08	1E10	1E10	1E-30	2.90724942878887E-10	1E10	1E-30	1E10	3.54948814357799E-03	1E-30	8.1343232322051E-12	0.152052105419111	1E-30	7.46542274062535E-11	0.109700041009861	1E-30	2.17754561989773E-11	2.64941014061879E-02	1E-30	5.16779610965275E-11	2.7299718767983E-03	1E-30	1.41946783974862E-10	1.35887555787666E-03	1.12171232071517E-07	4.41268212641755E-11	0.170292724273245	5.01721976327635E-08	4.20447489378921E-11	0.182002646518942	3.3285629571434E-07	3.07037083693724E-12	2.66147011626798E-02	3.36156737532959E-08	1.82097943976147E-11	0.050310094042311	1E10	1E-30	1E-10	1E10	1E-30	1E-10	1E10	1E-30	1E-10	1E10	1E-30	1E-10	1E10	1E-30	1E-10	1E10	1E-30	1E-10
422	3.86331743905561E-08	1E10	1E10	1E-30	2.90724942878887E-10	1E10	1E-30	1E10	3.54948814357799E-03	1E-30	8.1343232322051E-12	0.152052105419111	1E-30	7.46542274062535E-11	0.109700041009861	1E-30	2.17754561989773E-11	2.64941014061879E-02	1E-30	5.16779610965275E-11	2.7299718767983E-03	1E-30	1.41946783974862E-10	1.35887555787666E-03	1.12171232071517E-07	4.41268212641755E-11	0.170292724273245	5.01721976327635E-08	4.20447489378921E-11	0.182002646518942	3.3285629571434E-07	3.07037083693724E-12	2.66147011626798E-02	3.36156737532959E-08	1.82097943976147E-11	0.050310094042311	1E10	1E-30	1E-10	1E10	1E-30	1E-10	1E10	1E-30	1E-10	1E10	1E-30	1E-10	1E10	1E-30	1E-10	1E10	1E-30	1E-10
423	3.81122516172766E-08	1E10	1E10	1E-30	7.69073901603591E-11	1E10	1E-30	1E10	5.33829674076216E-03	1E-30	9.52329249797196E-11	0.126747981050872	1E-30	7.81408759513627E-11	6.85580025395763E-03	1.51247361101423E-07	3.10411447804455E-11	0.080021054345791	4.7121210914536E-08	3.8348615083476E-11	0.116949523382807	5.30089571949683E-08	1.16115601412321E-11	0.032581085243633	8.60705524266739E-13	3.22943983516313E-10	435.196206012758	1E10	1E-30	1E-10	1E10	1E-30	1E-10	1E10	1E-30	1E-10	1E10	1E-30	1E-10	1E10	1E-30	1E-10	1E10	1E-30	1E-10	1E10	1E-30	1E-10	1E10	1E-30	1E-10	1E10	1E-30	1E-10
424	3.87947603967122E-08	1E10	1E10	1E-30	1.70647923953574E-10	1E10	1E-30	1E10	4.37143371217718E-03	1E-30	9.51584565127176E-11	0.171103949588848	1E-30	1.17498123297041E-10	5.64180285939951E-03	1.1236575846509E-07	5.34553308127835E-11	0.145625716898289	5.11034452099569E-08	5.24671376419092E-11	0.131973774355799	1.78404950262744E-07	7.55590456889826E-12	3.38514297875413E-02	3.84363590490037E-08	2.17126150959869E-11	6.58731225658364E-02	1.58527837158714E-12	2.00427837633306E-10	43.0510040918375	1E10	1E-30	1E-10	1E10	1E-30	1E-10	1E10	1E-30	1E-10	1E10	1E-30	1E-10	1E10	1E-30	1E-10	1E10	1E-30	1E-10	1E10	1E-30	1E-10	1E10	1E-30	1E-10
425	4.59301493849231E-08	1E10	1E10	1E-30	9.7723722095581E-12	1E10	1E-30	1E10	5.10074852719305E-03	1E-30	1.98845364735948E-11	0.720405947380188	1E-30	6.6486789696396E-11	0.160094883825781	1E-30	8.807536355439E-11	4.56154227910932E-03	2.18249101578031E-07	2.74552074177469E-11	8.78596714019702E-02	5.22340598663962E-08	4.84938294628198E-11	0.144329550110317	1.22995664910638E-08	5.79637258124891E-11	7.26675005793674E-02	1.25837439001096E-11	2.78607331590156E-11	12.2643997886161	9.95432409931466E-13	3.10017333960233E-10	1E5	1E10	1E-30	1E-10	1E10	1E-30	1E-10	1E10	1E-30	1E-10	1E10	1E-30	1E-10	1E10	1E-30	1E-10	1E10	1E-30	1E-10	1E10	1E-30	1E-10
426	4.59301493849231E-08	1E10	1E10	1E-30	2.18257916120083E-11	1E10	1E-30	1E10	3.7133129106061E-03	1E-30	2.22116670942793E-11	0.418987807596261	1E-30	1.63650434770719E-10	0.1463907119572	1E-30	4.84256272486766E-11	1.78402998318237E-03	1.21831191027635E-07	6.17777630314214E-11	0.156629060401009	8.95845217533659E-08	3.82098703424866E-11	0.142127179987688	2.85202690659572E-07	6.74066988522307E-12	3.98601085935025E-02	1.19670926278572E-07	1.0050629040194E-11	0.041560570526914	4.33630924866922E-11	8.08503985052182E-12	0.795228591672586	6.05753222082443E-13	2.77728804751912E-10	1E5	1E10	1E-30	1E-10	1E10	1E-30	1E-10	1E10	1E-30	1E-10	1E10	1E-30	1E-10	1E10	1E-30	1E-10	1E10	1E-30	1E-10
427	4.59301493849231E-08	1E10	1E10	1E-30	2.18257916120083E-11	1E10	1E-30	1E10	3.7133129106061E-03	1E-30	2.22116670942793E-11	0.418987807596261	1E-30	1.63650434770719E-10	0.1463907119572	1E-30	4.84256272486766E-11	1.78402998318237E-03	1.21831191027635E-07	6.17777630314214E-11	0.156629060401009	8.95845217533659E-08	3.82098703424866E-11	0.142127179987688	2.85202690659572E-07	6.74066988522307E-12	3.98601085935025E-02	1.19670926278572E-07	1.0050629040194E-11	0.041560570526914	4.33630924866922E-11	8.08503985052182E-12	0.795228591672586	6.05753222082443E-13	2.77728804751912E-10	1E5	1E10	1E-30	1E-10	1E10	1E-30	1E-10	1E10	1E-30	1E-10	1E10	1E-30	1E-10	1E10	1E-30	1E-10	1E10	1E-30	1E-10
428	4.59301493849231E-08	1E10	1E10	1E-30	9.7723722095581E-12	1E10	1E-30	1E10	5.10074852719305E-03	1E-30	1.98845364735948E-11	0.720405947380188	1E-30	6.6486789696396E-11	0.160094883825781	1E-30	8.807536355439E-11	4.56154227910932E-03	2.18249101578031E-07	2.74552074177469E-11	8.78596714019702E-02	5.22340598663962E-08	4.84938294628198E-11	0.144329550110317	1.22995664910638E-08	5.79637258124891E-11	7.26675005793674E-02	1.25837439001096E-11	2.78607331590156E-11	12.2643997886161	9.95432409931466E-13	3.10017333960233E-10	1E5	1E10	1E-30	1E-10	1E10	1E-30	1E-10	1E10	1E-30	1E-10	1E10	1E-30	1E-10	1E10	1E-30	1E-10	1E10	1E-30	1E-10	1E10	1E-30	1E-10
429	4.59301493849231E-08	1E10	1E10	1E-30	2.18257916120083E-11	1E10	1E-30	1E10	3.7133129106061E-03	1E-30	2.22116670942793E-11	0.418987807596261	1E-30	1.63650434770719E-10	0.1463907119572	1E-30	4.84256272486766E-11	1.78402998318237E-03	1.21831191027635E-07	6.17777630314214E-11	0.156629060401009	8.95845217533659E-08	3.82098703424866E-11	0.142127179987688	2.85202690659572E-07	6.74066988522307E-12	3.98601085935025E-02	1.19670926278572E-07	1.0050629040194E-11	0.041560570526914	4.33630924866922E-11	8.08503985052182E-12	0.795228591672586	6.05753222082443E-13	2.77728804751912E-10	1E5	1E10	1E-30	1E-10	1E10	1E-30	1E-10	1E10	1E-30	1E-10	1E10	1E-30	1E-10	1E10	1E-30	1E-10	1E10	1E-30	1E-10
430	4.69217323742568E-08	1E10	1E10	1E-30	1.15895892518906E-10	1E10	1E-30	1E10	0.020438495388496	6.37100498052302E-06	1E10	538.46777214055	7.89031675080749E-06	1E10	63.2644468901668	6.97253236256582E-06	1E10	8.33987834240064	8.44119873920524E-06	1E10	0.913329055252696	6.31788132097849E-06	1E10	0.279902101152911	3.65129915245514E-06	1E10	6.22693991710081E-02	2.57009215668506E-06	1E10	0.013389778580195	1E-30	1.02177284838741E-10	0.144781185613329	2.31723223293425E-07	3.17956861561555E-11	4.95285094940247E-02	3.38049713949269E-08	6.25600660260199E-11	5.68399512946125E-02	1.67209340798387E-11	7.8248203538476E-11	6.21123930693078	1.82649962664272E-12	1.61657895228502E-10	22.5465080620486	1E10	1E-30	1E-10	1E10	1E-30	1E-10	1E10	1E-30	1E-10
431	4.69217323742568E-08	1E10	1E10	1E-30	1.15895892518906E-10	1E10	1E-30	1E10	0.020438495388496	6.37100498052302E-06	1E10	538.46777214055	7.89031675080749E-06	1E10	63.2644468901668	6.97253236256582E-06	1E10	8.33987834240064	8.44119873920524E-06	1E10	0.913329055252696	6.31788132097849E-06	1E10	0.279902101152911	3.65129915245514E-06	1E10	6.22693991710081E-02	2.57009215668506E-06	1E10	0.013389778580195	1E-30	1.02177284838741E-10	0.144781185613329	2.31723223293425E-07	3.17956861561555E-11	4.95285094940247E-02	3.38049713949269E-08	6.25600660260199E-11	5.68399512946125E-02	1.67209340798387E-11	7.8248203538476E-11	6.21123930693078	1.82649962664272E-12	1.61657895228502E-10	22.5465080620486	1E10	1E-30	1E-10	1E10	1E-30	1E-10	1E10	1E-30	1E-10
432	4.69217323742568E-08	1E10	1E10	1E-30	1.15895892518906E-10	1E10	1E-30	1E10	0.020438495388496	6.37100498052302E-06	1E10	538.46777214055	7.89031675080749E-06	1E10	63.2644468901668	6.97253236256582E-06	1E10	8.33987834240064	8.44119873920524E-06	1E10	0.913329055252696	6.31788132097849E-06	1E10	0.279902101152911	3.65129915245514E-06	1E10	6.22693991710081E-02	2.57009215668506E-06	1E10	0.013389778580195	1E-30	1.02177284838741E-10	0.144781185613329	2.31723223293425E-07	3.17956861561555E-11	4.95285094940247E-02	3.38049713949269E-08	6.25600660260199E-11	5.68399512946125E-02	1.67209340798387E-11	7.8248203538476E-11	6.21123930693078	1.82649962664272E-12	1.61657895228502E-10	22.5465080620486	1E10	1E-30	1E-10	1E10	1E-30	1E-10	1E10	1E-30	1E-10
433	4.69217323742568E-08	1E10	1E10	1E-30	1.15895892518906E-10	1E10	1E-30	1E10	0.020438495388496	6.37100498052302E-06	1E10	538.46777214055	7.89031675080749E-06	1E10	63.2644468901668	6.97253236256582E-06	1E10	8.33987834240064	8.44119873920524E-06	1E10	0.913329055252696	6.31788132097849E-06	1E10	0.279902101152911	3.65129915245514E-06	1E10	6.22693991710081E-02	2.57009215668506E-06	1E10	0.013389778580195	1E-30	1.02177284838741E-10	0.144781185613329	2.31723223293425E-07	3.17956861561555E-11	4.95285094940247E-02	3.38049713949269E-08	6.25600660260199E-11	5.68399512946125E-02	1.67209340798387E-11	7.8248203538476E-11	6.21123930693078	1.82649962664272E-12	1.61657895228502E-10	22.5465080620486	1E10	1E-30	1E-10	1E10	1E-30	1E-10	1E10	1E-30	1E-10
434	4.69217323742568E-08	1E10	1E10	1E-30	1.15895892518906E-10	1E10	1E-30	1E10	0.020438495388496	6.37100498052302E-06	1E10	538.46777214055	7.89031675080749E-06	1E10	63.2644468901668	6.97253236256582E-06	1E10	8.33987834240064	8.44119873920524E-06	1E10	0.913329055252696	6.31788132097849E-06	1E10	0.279902101152911	3.65129915245514E-06	1E10	6.22693991710081E-02	2.57009215668506E-06	1E10	0.013389778580195	1E-30	1.02177284838741E-10	0.144781185613329	2.31723223293425E-07	3.17956861561555E-11	4.95285094940247E-02	3.38049713949269E-08	6.25600660260199E-11	5.68399512946125E-02	1.67209340798387E-11	7.8248203538476E-11	6.21123930693078	1.82649962664272E-12	1.61657895228502E-10	22.5465080620486	1E10	1E-30	1E-10	1E10	1E-30	1E-10	1E10	1E-30	1E-10
435	4.69217323742568E-08	1E10	1E10	1E-30	1.15895892518906E-10	1E10	1E-30	1E10	0.020438495388496	6.37100498052302E-06	1E10	538.46777214055	7.89031675080749E-06	1E10	63.2644468901668	6.97253236256582E-06	1E10	8.33987834240064	8.44119873920524E-06	1E10	0.913329055252696	6.31788132097849E-06	1E10	0.279902101152911	3.65129915245514E-06	1E10	6.22693991710081E-02	2.57009215668506E-06	1E10	0.013389778580195	1E-30	1.02177284838741E-10	0.144781185613329	2.31723223293425E-07	3.17956861561555E-11	4.95285094940247E-02	3.38049713949269E-08	6.25600660260199E-11	5.68399512946125E-02	1.67209340798387E-11	7.8248203538476E-11	6.21123930693078	1.82649962664272E-12	1.61657895228502E-10	22.5465080620486	1E10	1E-30	1E-10	1E10	1E-30	1E-10	1E10	1E-30	1E-10
436	4.77802314612903E-08	1E10	1E10	1E-30	6.52327731880812E-11	1E10	1E-30	1E10	2.21803486455814E-02	6.50939028322805E-06	1E10	567.576358541483	9.42388235943217E-06	1E10	50.5852962012632	7.95290796819713E-06	1E10	8.01722915880111	7.24056967753558E-06	1E10	1.18583508986494	6.77244709742778E-06	1E10	0.201446105042425	5.1552246232738E-06	1E10	5.68965675284511E-02	2.85337117983732E-06	1E10	1.65629843643971E-02	1E-30	1.134667415702E-10	0.14656997070879	1E-30	1.67873978559354E-11	0.100032236879713	1.93473853825454E-07	3.78058462072924E-11	4.67249979765997E-02	5.94027004680959E-08	3.78881893875417E-11	4.46868936646655E-02	1.2986512353336E-11	9.01832891548787E-11	5.86523667094934	1.36269552715683E-12	1.9842646197908E-10	28.4565739621584	1E10	1E-30	1E-10	1E10	1E-30	1E-10
437	4.77802314612903E-08	1E10	1E10	1E-30	6.52327731880812E-11	1E10	1E-30	1E10	2.21803486455814E-02	6.50939028322805E-06	1E10	567.576358541483	9.42388235943217E-06	1E10	50.5852962012632	7.95290796819713E-06	1E10	8.01722915880111	7.24056967753558E-06	1E10	1.18583508986494	6.77244709742778E-06	1E10	0.201446105042425	5.1552246232738E-06	1E10	5.68965675284511E-02	2.85337117983732E-06	1E10	1.65629843643971E-02	1E-30	1.134667415702E-10	0.14656997070879	1E-30	1.67873978559354E-11	0.100032236879713	1.93473853825454E-07	3.78058462072924E-11	4.67249979765997E-02	5.94027004680959E-08	3.78881893875417E-11	4.46868936646655E-02	1.2986512353336E-11	9.01832891548787E-11	5.86523667094934	1.36269552715683E-12	1.9842646197908E-10	28.4565739621584	1E10	1E-30	1E-10	1E10	1E-30	1E-10
438	4.77802314612903E-08	1E10	1E10	1E-30	6.52327731880812E-11	1E10	1E-30	1E10	2.21803486455814E-02	6.50939028322805E-06	1E10	567.576358541483	9.42388235943217E-06	1E10	50.5852962012632	7.95290796819713E-06	1E10	8.01722915880111	7.24056967753558E-06	1E10	1.18583508986494	6.77244709742778E-06	1E10	0.201446105042425	5.1552246232738E-06	1E10	5.68965675284511E-02	2.85337117983732E-06	1E10	1.65629843643971E-02	1E-30	1.134667415702E-10	0.14656997070879	1E-30	1.67873978559354E-11	0.100032236879713	1.93473853825454E-07	3.78058462072924E-11	4.67249979765997E-02	5.94027004680959E-08	3.78881893875417E-11	4.46868936646655E-02	1.2986512353336E-11	9.01832891548787E-11	5.86523667094934	1.36269552715683E-12	1.9842646197908E-10	28.4565739621584	1E10	1E-30	1E-10	1E10	1E-30	1E-10
439	5.51938936030301E-08	1E10	8928571428.57142	1E-30	2.26975919881417E-10	1E10	1E-30	1E10	4.72586238082052E-03	1E-30	1.58684957926574E-11	0.159951234739399	1E-30	1.13909133150466E-10	0.107495523775896	1E-30	7.29056751593493E-11	2.75521773577976E-03	2.18427011752404E-07	3.45462777508427E-11	9.07916414110744E-02	6.67190358054068E-08	4.9559111279079E-11	0.119618161578044	4.31448809273464E-12	7.80415546616015E-11	41.1140655090905	1E10	1E-30	1E-10	1E10	1E-30	1E-10	1E10	1E-30	1E-10	1E10	1E-30	1E-10	1E10	1E-30	1E-10	1E10	1E-30	1E-10	1E10	1E-30	1E-10	1E10	1E-30	1E-10	1E10	1E-30	1E-10
440	5.51938936030301E-08	1E10	8928571428.57142	1E-30	2.26975919881417E-10	1E10	1E-30	1E10	4.72586238082052E-03	1E-30	1.58684957926574E-11	0.159951234739399	1E-30	1.13909133150466E-10	0.107495523775896	1E-30	7.29056751593493E-11	2.75521773577976E-03	2.18427011752404E-07	3.45462777508427E-11	9.07916414110744E-02	6.67190358054068E-08	4.9559111279079E-11	0.119618161578044	4.31448809273464E-12	7.80415546616015E-11	41.1140655090905	1E10	1E-30	1E-10	1E10	1E-30	1E-10	1E10	1E-30	1E-10	1E10	1E-30	1E-10	1E10	1E-30	1E-10	1E10	1E-30	1E-10	1E10	1E-30	1E-10	1E10	1E-30	1E-10	1E10	1E-30	1E-10
441	5.51938936030301E-08	1E10	8928571428.57142	1E-30	2.26975919881417E-10	1E10	1E-30	1E10	4.72586238082052E-03	1E-30	1.58684957926574E-11	0.159951234739399	1E-30	1.13909133150466E-10	0.107495523775896	1E-30	7.29056751593493E-11	2.75521773577976E-03	2.18427011752404E-07	3.45462777508427E-11	9.07916414110744E-02	6.67190358054068E-08	4.9559111279079E-11	0.119618161578044	4.31448809273464E-12	7.80415546616015E-11	41.1140655090905	1E10	1E-30	1E-10	1E10	1E-30	1E-10	1E10	1E-30	1E-10	1E10	1E-30	1E-10	1E10	1E-30	1E-10	1E10	1E-30	1E-10	1E10	1E-30	1E-10	1E10	1E-30	1E-10	1E10	1E-30	1E-10
442	6.49394958494576E-08	1E10	7352941176.47058	1E-30	4.57088189614875E-11	1E10	1E-30	1E10	4.60337511245112E-03	1E-30	1.95034441813308E-11	0.421749020517106	1E-30	8.74676163917398E-11	0.116412929534046	1E-30	9.65900237471296E-11	6.89226042772704E-03	2.34468744252809E-07	3.99765833259654E-11	8.17818784739421E-02	8.67403472919168E-08	4.5628808962998E-11	8.56260195976729E-02	5.25509599049929E-08	2.39535665509255E-11	3.98645864700614E-02	1.12567862713126E-11	3.11449753501861E-11	13.7101355847727	9E-13	3.5E-10	1E5	1E10	1E-30	1E-10	1E10	1E-30	1E-10	1E10	1E-30	1E-10	1E10	1E-30	1E-10	1E10	1E-30	1E-10	1E10	1E-30	1E-10	1E10	1E-30	1E-10
443	6.49394958494576E-08	1E10	7352941176.47058	1E-30	4.57088189614875E-11	1E10	1E-30	1E10	4.60337511245112E-03	1E-30	1.95034441813308E-11	0.421749020517106	1E-30	8.74676163917398E-11	0.116412929534046	1E-30	9.65900237471296E-11	6.89226042772704E-03	2.34468744252809E-07	3.99765833259654E-11	8.17818784739421E-02	8.67403472919168E-08	4.5628808962998E-11	8.56260195976729E-02	5.25509599049929E-08	2.39535665509255E-11	3.98645864700614E-02	1.12567862713126E-11	3.11449753501861E-11	13.7101355847727	9E-13	3.5E-10	1E5	1E10	1E-30	1E-10	1E10	1E-30	1E-10	1E10	1E-30	1E-10	1E10	1E-30	1E-10	1E10	1E-30	1E-10	1E10	1E-30	1E-10	1E10	1E-30	1E-10
444	6.73684130640143E-08	1E10	7352941176	1E-30	2.33927281665145E-10	1E10	1E-30	1E10	3.35722250751825E-03	1E-30	1.21859846605091E-10	0.126021775674977	1E-30	1.00571904298339E-10	2.56399221664938E-03	1.90705059274862E-07	4.82998526471898E-11	0.131317557782064	9.52988344487074E-08	4.43286497393437E-11	0.153370728217586	2.79263253748545E-07	7.56520068288179E-12	3.81452485224388E-02	9.9299710576469E-08	1.35705367776035E-11	6.20680715062313E-02	2.00422195810159E-11	1.30592983718021E-11	0.555859915890956	1E10	1E-30	1E-10	1E10	1E-30	1E-10	1E10	1E-30	1E-10	1E10	1E-30	1E-10	1E10	1E-30	1E-10	1E10	1E-30	1E-10	1E10	1E-30	1E-10	1E10	1E-30	1E-10
445	6.49394958494576E-08	1E10	7352941176.47058	1E-30	4.57088189614875E-11	1E10	1E-30	1E10	4.60337511245112E-03	1E-30	1.95034441813308E-11	0.421749020517106	1E-30	8.74676163917398E-11	0.116412929534046	1E-30	9.65900237471296E-11	6.89226042772704E-03	2.34468744252809E-07	3.99765833259654E-11	8.17818784739421E-02	8.67403472919168E-08	4.5628808962998E-11	8.56260195976729E-02	5.25509599049929E-08	2.39535665509255E-11	3.98645864700614E-02	1.12567862713126E-11	3.11449753501861E-11	13.7101355847727	9E-13	3.5E-10	1E5	1E10	1E-30	1E-10	1E10	1E-30	1E-10	1E10	1E-30	1E-10	1E10	1E-30	1E-10	1E10	1E-30	1E-10	1E10	1E-30	1E-10	1E10	1E-30	1E-10
446	6.80563866078807E-08	1E10	7352941176.47058	1E-30	1.70855573766511E-10	1E10	1E-30	1E10	1.97893785062966E-02	9.15727403093735E-06	1E10	403.458061951402	1.40232473500959E-05	1E10	41.2855807474044	1.11820636216687E-05	1E10	8.42943367796934	1.01981632293292E-05	1E10	1.11121577481974	9.18344835025297E-06	1E10	0.212611326482321	6.68432980393004E-06	1E10	3.99725397938242E-02	3.16700925919443E-06	1E10	1.21573854724379E-02	1E-30	1.31412833504123E-10	0.106728552142619	6.53181667582681E-07	1.64987304339827E-11	0.024065803001264	6.8349936142642E-08	7.25079299990005E-11	0.049820294484235	8.67743692078512E-12	1.29476571677529E-10	9.8406078637665	3.88158964588691E-12	9.76557247973371E-11	20.7738037556534	1E10	1E-30	1E-10	1E10	1E-30	1E-10	1E10	1E-30	1E-10
447	6.81325490213197E-08	1E10	7352941176.47058	1E-30	2.1509711725109E-10	1E10	1E-30	1E10	1.58696742765045E-02	8.44485727155302E-06	1E10	606.970838863493	1.40298060206272E-05	1E10	59.3154495772177	1.01514747869891E-05	1E10	12.3927539301548	1.09194956422679E-05	1E10	1.29768064292351	1.05863703621009E-05	1E10	0.280027771791916	9.2005195981373E-06	1E10	0.067693180524091	3.94119088110368E-06	1E10	2.51865787585628E-02	1E-30	1.38702205582782E-10	0.105553736852042	1E-30	7.38153223820166E-12	0.061153306221615	4.44325787674738E-07	1.8657939737532E-11	3.08065483527319E-02	7.58367991794382E-08	4.74613543795543E-11	5.42002452339013E-02	1.3529153934564E-11	6.54286343236987E-11	6.03567025954122	7.08025833175315E-12	4.50347547152518E-11	4.66426645708425	1E10	1E-30	1E-10	1E10	1E-30	1E-10
448	6.80563866078807E-08	1E10	7352941176.47058	1E-30	1.70855573766511E-10	1E10	1E-30	1E10	1.97893785062966E-02	9.15727403093735E-06	1E10	403.458061951402	1.40232473500959E-05	1E10	41.2855807474044	1.11820636216687E-05	1E10	8.42943367796934	1.01981632293292E-05	1E10	1.11121577481974	9.18344835025297E-06	1E10	0.212611326482321	6.68432980393004E-06	1E10	3.99725397938242E-02	3.16700925919443E-06	1E10	1.21573854724379E-02	1E-30	1.31412833504123E-10	0.106728552142619	6.53181667582681E-07	1.64987304339827E-11	0.024065803001264	6.8349936142642E-08	7.25079299990005E-11	0.049820294484235	8.67743692078512E-12	1.29476571677529E-10	9.8406078637665	3.88158964588691E-12	9.76557247973371E-11	20.7738037556534	1E10	1E-30	1E-10	1E10	1E-30	1E-10	1E10	1E-30	1E-10
449	6.81325490213197E-08	1E10	7352941176.47058	1E-30	2.1509711725109E-10	1E10	1E-30	1E10	1.58696742765045E-02	8.44485727155302E-06	1E10	606.970838863493	1.40298060206272E-05	1E10	59.3154495772177	1.01514747869891E-05	1E10	12.3927539301548	1.09194956422679E-05	1E10	1.29768064292351	1.05863703621009E-05	1E10	0.280027771791916	9.2005195981373E-06	1E10	0.067693180524091	3.94119088110368E-06	1E10	2.51865787585628E-02	1E-30	1.38702205582782E-10	0.105553736852042	1E-30	7.38153223820166E-12	0.061153306221615	4.44325787674738E-07	1.8657939737532E-11	3.08065483527319E-02	7.58367991794382E-08	4.74613543795543E-11	5.42002452339013E-02	1.3529153934564E-11	6.54286343236987E-11	6.03567025954122	7.08025833175315E-12	4.50347547152518E-11	4.66426645708425	1E10	1E-30	1E-10	1E10	1E-30	1E-10
450	6.80563866078807E-08	1E10	7352941176.47058	1E-30	1.70855573766511E-10	1E10	1E-30	1E10	1.97893785062966E-02	9.15727403093735E-06	1E10	403.458061951402	1.40232473500959E-05	1E10	41.2855807474044	1.11820636216687E-05	1E10	8.42943367796934	1.01981632293292E-05	1E10	1.11121577481974	9.18344835025297E-06	1E10	0.212611326482321	6.68432980393004E-06	1E10	3.99725397938242E-02	3.16700925919443E-06	1E10	1.21573854724379E-02	1E-30	1.31412833504123E-10	0.106728552142619	6.53181667582681E-07	1.64987304339827E-11	0.024065803001264	6.8349936142642E-08	7.25079299990005E-11	0.049820294484235	8.67743692078512E-12	1.29476571677529E-10	9.8406078637665	3.88158964588691E-12	9.76557247973371E-11	20.7738037556534	1E10	1E-30	1E-10	1E10	1E-30	1E-10	1E10	1E-30	1E-10
451	7.15851789281901E-08	1E10	7352941176.47058	1E-30	1.43418563833352E-10	1E10	1E-30	1E10	1.98242138085286E-02	1.17715701039215E-05	1E10	291.429335923142	1.78857588632954E-05	1E10	37.5433711353216	1.22004784743816E-05	1E10	7.84392200522447	1.02618516635747E-05	1E10	1.12838010960463	7.52135366584647E-06	1E10	0.164090735801406	4.25595281176694E-06	1E10	2.56413847622095E-02	1E-30	9.40861492559905E-11	9.83389545460722E-02	1E-30	4.47853879047355E-12	9.59697905699991E-02	3.56246469282692E-07	2.62445964400809E-11	2.48018956906393E-02	6.79520781340298E-08	4.75753051612183E-11	4.16806495539839E-02	9.86673304576147E-12	1.40650150142751E-10	14.1226254575672	2.3159735995809E-12	1.63859730378873E-10	25.4628979564183	1E10	1E-30	1E-10	1E10	1E-30	1E-10	1E10	1E-30	1E-10
452	7.15851789281901E-08	1E10	7352941176.47058	1E-30	1.43418563833352E-10	1E10	1E-30	1E10	1.98242138085286E-02	1.17715701039215E-05	1E10	291.429335923142	1.78857588632954E-05	1E10	37.5433711353216	1.22004784743816E-05	1E10	7.84392200522447	1.02618516635747E-05	1E10	1.12838010960463	7.52135366584647E-06	1E10	0.164090735801406	4.25595281176694E-06	1E10	2.56413847622095E-02	1E-30	9.40861492559905E-11	9.83389545460722E-02	1E-30	4.47853879047355E-12	9.59697905699991E-02	3.56246469282692E-07	2.62445964400809E-11	2.48018956906393E-02	6.79520781340298E-08	4.75753051612183E-11	4.16806495539839E-02	9.86673304576147E-12	1.40650150142751E-10	14.1226254575672	2.3159735995809E-12	1.63859730378873E-10	25.4628979564183	1E10	1E-30	1E-10	1E10	1E-30	1E-10	1E10	1E-30	1E-10
453	8.39100253670218E-08	1E10	6097560975.60975	1E-30	1.99059037380282E-10	1E10	1E-30	1E10	3.66440307805138E-03	1E-30	1.53792650225922E-10	0.10354665696618	1E-30	9.70967948677146E-11	3.24627609575759E-03	2.77561836194099E-07	4.72631920333987E-11	9.82096752861126E-02	1.4763646805028E-07	4.13654056331257E-11	9.16305312699549E-02	1.65717318977794E-12	1.50397444728865E-10	45.1652745874436	1E10	1E-30	1E-10	1E10	1E-30	1E-10	1E10	1E-30	1E-10	1E10	1E-30	1E-10	1E10	1E-30	1E-10	1E10	1E-30	1E-10	1E10	1E-30	1E-10	1E10	1E-30	1E-10	1E10	1E-30	1E-10	1E10	1E-30	1E-10
454	8.39100253670218E-08	1E10	6097560975.60975	1E-30	1.99059037380282E-10	1E10	1E-30	1E10	3.66440307805138E-03	1E-30	1.53792650225922E-10	0.10354665696618	1E-30	9.70967948677146E-11	3.24627609575759E-03	2.77561836194099E-07	4.72631920333987E-11	9.82096752861126E-02	1.4763646805028E-07	4.13654056331257E-11	9.16305312699549E-02	1.65717318977794E-12	1.50397444728865E-10	45.1652745874436	1E10	1E-30	1E-10	1E10	1E-30	1E-10	1E10	1E-30	1E-10	1E10	1E-30	1E-10	1E10	1E-30	1E-10	1E10	1E-30	1E-10	1E10	1E-30	1E-10	1E10	1E-30	1E-10	1E10	1E-30	1E-10	1E10	1E-30	1E-10
455	8.39100253670218E-08	1E10	6097560975.60975	1E-30	1.99059037380282E-10	1E10	1E-30	1E10	3.66440307805138E-03	1E-30	1.53792650225922E-10	0.10354665696618	1E-30	9.70967948677146E-11	3.24627609575759E-03	2.77561836194099E-07	4.72631920333987E-11	9.82096752861126E-02	1.4763646805028E-07	4.13654056331257E-11	9.16305312699549E-02	1.65717318977794E-12	1.50397444728865E-10	45.1652745874436	1E10	1E-30	1E-10	1E10	1E-30	1E-10	1E10	1E-30	1E-10	1E10	1E-30	1E-10	1E10	1E-30	1E-10	1E10	1E-30	1E-10	1E10	1E-30	1E-10	1E10	1E-30	1E-10	1E10	1E-30	1E-10	1E10	1E-30	1E-10
456	9.7723722095581E-08	1E10	5E9	1E-30	9.31043568331433E-11	1E10	1E-30	1E10	3.94210155277395E-03	1E-30	1.83752815801343E-11	0.346620490508223	1E-30	1.45765466878715E-10	0.107904083329643	1E-30	7.38351336545492E-11	2.12883114641045E-03	2.06349571609155E-07	7.67214335452499E-11	0.123539632317414	1.70916739135044E-07	4.20538798850416E-11	8.66654974399497E-02	1.96221945905664E-07	1.82950715763852E-11	0.037988066204623	2.61952092607199E-07	8.77081181535634E-12	3.22426646039871E-02	3.6547592528773E-11	9.59276129378033E-12	1.31110188059212	1.06387889799212E-12	2.05355131230446E-10	1E5	1E10	1E-30	1E-10	1E10	1E-30	1E-10	1E10	1E-30	1E-10	1E10	1E-30	1E-10	1E10	1E-30	1E-10	1E10	1E-30	1E-10
457	9.7723722095581E-08	1E10	5E9	1E-30	9.31043568331433E-11	1E10	1E-30	1E10	3.94210155277395E-03	1E-30	1.83752815801343E-11	0.346620490508223	1E-30	1.45765466878715E-10	0.107904083329643	1E-30	7.38351336545492E-11	2.12883114641045E-03	2.06349571609155E-07	7.67214335452499E-11	0.123539632317414	1.70916739135044E-07	4.20538798850416E-11	8.66654974399497E-02	1.96221945905664E-07	1.82950715763852E-11	0.037988066204623	2.61952092607199E-07	8.77081181535634E-12	3.22426646039871E-02	3.6547592528773E-11	9.59276129378033E-12	1.31110188059212	1.06387889799212E-12	2.05355131230446E-10	1E5	1E10	1E-30	1E-10	1E10	1E-30	1E-10	1E10	1E-30	1E-10	1E10	1E-30	1E-10	1E10	1E-30	1E-10	1E10	1E-30	1E-10
458	9.7723722095581E-08	1E10	5E9	1E-30	9.31043568331433E-11	1E10	1E-30	1E10	3.94210155277395E-03	1E-30	1.83752815801343E-11	0.346620490508223	1E-30	1.45765466878715E-10	0.107904083329643	1E-30	7.38351336545492E-11	2.12883114641045E-03	2.06349571609155E-07	7.67214335452499E-11	0.123539632317414	1.70916739135044E-07	4.20538798850416E-11	8.66654974399497E-02	1.96221945905664E-07	1.82950715763852E-11	0.037988066204623	2.61952092607199E-07	8.77081181535634E-12	3.22426646039871E-02	3.6547592528773E-11	9.59276129378033E-12	1.31110188059212	1.06387889799212E-12	2.05355131230446E-10	1E5	1E10	1E-30	1E-10	1E10	1E-30	1E-10	1E10	1E-30	1E-10	1E10	1E-30	1E-10	1E10	1E-30	1E-10	1E10	1E-30	1E-10
459	9.67029782457168E-08	1E10	5E9	1E-30	7.66024234382138E-11	1E10	1E-30	1E10	1.44543977074592E-02	1.59436001283574E-05	1E10	249.559293087168	2.80330551336907E-05	1E10	22.2419954083933	1.82107019884133E-05	1E10	7.71211943568599	1.8685538185464E-05	1E10	1.01477756850905	4.12524050153764E-05	1E10	0.193361879426425	2.20606491179011E-05	1E10	7.69787507113606E-02	1.36656863425416E-05	1E10	3.91629560845255E-02	7.57540705112349E-06	1E10	1.26382842991744E-02	1E-30	4.51211457884755E-11	0.26450854936513	1E-30	1.20274506263204E-10	8.92851046767263E-02	4.9105892015308E-07	2.99359567646734E-11	3.39291681131048E-02	9.87920788098607E-08	6.60834659490286E-11	4.81782601217225E-02	1.66996873958998E-11	5.76270233357795E-11	5.64079031516329	3.41027885714925E-12	1.10777795240124E-10	13.4945856871525	1.95420127250388E-12	9.63986162259177E-11	1E5
460	9.67029782457168E-08	1E10	5E9	1E-30	7.66024234382138E-11	1E10	1E-30	1E10	1.44543977074592E-02	1.59436001283574E-05	1E10	249.559293087168	2.80330551336907E-05	1E10	22.2419954083933	1.82107019884133E-05	1E10	7.71211943568599	1.8685538185464E-05	1E10	1.01477756850905	4.12524050153764E-05	1E10	0.193361879426425	2.20606491179011E-05	1E10	7.69787507113606E-02	1.36656863425416E-05	1E10	3.91629560845255E-02	7.57540705112349E-06	1E10	1.26382842991744E-02	1E-30	4.51211457884755E-11	0.26450854936513	1E-30	1.20274506263204E-10	8.92851046767263E-02	4.9105892015308E-07	2.99359567646734E-11	3.39291681131048E-02	9.87920788098607E-08	6.60834659490286E-11	4.81782601217225E-02	1.66996873958998E-11	5.76270233357795E-11	5.64079031516329	3.41027885714925E-12	1.10777795240124E-10	13.4945856871525	1.95420127250388E-12	9.63986162259177E-11	1E5
461	9.63564288191582E-08	1E10	5E9	1E-30	1.4411086993006E-10	1E10	1E-30	1E10	0.01426403873215	1.45299006459602E-05	1E10	1.09536153735604	8.52526893448597E-06	1E10	0.42294708515319	1.00059543535783E-05	1E10	6.88021900825585E-02	1.55840962453453E-05	1E10	1.59437092345772E-02	9.92668834278517E-06	1E10	5.76625619024465E-03	1E-30	1.42981686106447E-10	0.083004687756346	1E-30	5.40089115847063E-13	5.12656584355578E-03	5.80623954811221E-07	2.52637884073925E-11	3.21505806836156E-02	1.39676182758686E-07	5.03750401072447E-11	0.046566615154641	1.08155418014077E-11	1.01250288005962E-10	9.44527376464523	2.58545800775658E-12	1.3358082224538E-10	15.8675954012661	1E10	1E-30	1E-10	1E10	1E-30	1E-10	1E10	1E-30	1E-10	1E10	1E-30	1E-10
462	9.63564288191582E-08	1E10	5E9	1E-30	1.4411086993006E-10	1E10	1E-30	1E10	0.01426403873215	1.45299006459602E-05	1E10	1.09536153735604	8.52526893448597E-06	1E10	0.42294708515319	1.00059543535783E-05	1E10	6.88021900825585E-02	1.55840962453453E-05	1E10	1.59437092345772E-02	9.92668834278517E-06	1E10	5.76625619024465E-03	1E-30	1.42981686106447E-10	0.083004687756346	1E-30	5.40089115847063E-13	5.12656584355578E-03	5.80623954811221E-07	2.52637884073925E-11	3.21505806836156E-02	1.39676182758686E-07	5.03750401072447E-11	0.046566615154641	1.08155418014077E-11	1.01250288005962E-10	9.44527376464523	2.58545800775658E-12	1.3358082224538E-10	15.8675954012661	1E10	1E-30	1E-10	1E10	1E-30	1E-10	1E10	1E-30	1E-10	1E10	1E-30	1E-10
463	9.67029782457168E-08	1E10	5E9	1E-30	7.66024234382138E-11	1E10	1E-30	1E10	1.44543977074592E-02	1.59436001283574E-05	1E10	249.559293087168	2.80330551336907E-05	1E10	22.2419954083933	1.82107019884133E-05	1E10	7.71211943568599	1.8685538185464E-05	1E10	1.01477756850905	4.12524050153764E-05	1E10	0.193361879426425	2.20606491179011E-05	1E10	7.69787507113606E-02	1.36656863425416E-05	1E10	3.91629560845255E-02	7.57540705112349E-06	1E10	1.26382842991744E-02	1E-30	4.51211457884755E-11	0.26450854936513	1E-30	1.20274506263204E-10	8.92851046767263E-02	4.9105892015308E-07	2.99359567646734E-11	3.39291681131048E-02	9.87920788098607E-08	6.60834659490286E-11	4.81782601217225E-02	1.66996873958998E-11	5.76270233357795E-11	5.64079031516329	3.41027885714925E-12	1.10777795240124E-10	13.4945856871525	1.95420127250388E-12	9.63986162259177E-11	1E5
464	9.67029782457168E-08	1E10	5E9	1E-30	7.66024234382138E-11	1E10	1E-30	1E10	1.44543977074592E-02	1.59436001283574E-05	1E10	249.559293087168	2.80330551336907E-05	1E10	22.2419954083933	1.82107019884133E-05	1E10	7.71211943568599	1.8685538185464E-05	1E10	1.01477756850905	4.12524050153764E-05	1E10	0.193361879426425	2.20606491179011E-05	1E10	7.69787507113606E-02	1.36656863425416E-05	1E10	3.91629560845255E-02	7.57540705112349E-06	1E10	1.26382842991744E-02	1E-30	4.51211457884755E-11	0.26450854936513	1E-30	1.20274506263204E-10	8.92851046767263E-02	4.9105892015308E-07	2.99359567646734E-11	3.39291681131048E-02	9.87920788098607E-08	6.60834659490286E-11	4.81782601217225E-02	1.66996873958998E-11	5.76270233357795E-11	5.64079031516329	3.41027885714925E-12	1.10777795240124E-10	13.4945856871525	1.95420127250388E-12	9.63986162259177E-11	1E5
465	9.91830680253473E-08	1E10	5E9	1E-30	1.57206155691851E-10	1E10	1E-30	1E10	0.01376371336072	1.24478194560768E-05	1E10	319.64422293697	1.85344000270345E-05	1E10	31.2368232117504	1.51661495824457E-05	1E10	5.55477995524816	1.25070035174401E-05	1E10	0.821612162623618	8.71091111377724E-06	1E10	0.102717620469101	8.58681542538005E-06	1E10	1.37895973728951E-02	1E-30	2.06898685990967E-11	0.15211345655062	1E-30	1.37698277665562E-10	0.109811265181623	3.4087928766246E-07	4.13829596156722E-11	4.84156983929264E-02	1.49520160003306E-07	4.2408109145826E-11	5.33723087526394E-02	1.00908103962604E-11	1.00860021616367E-10	10.6314278636923	3.04456276981949E-12	1.1482058818145E-10	20.8068087475884	1E10	1E-30	1E-10	1E10	1E-30	1E-10	1E10	1E-30	1E-10
466	9.41227922645451E-08	1E10	5E9	1E-30	1.44064510867139E-10	1E10	1E-30	1E10	2.07713155369343E-02	1.34345683270987E-05	1E10	296.166834722305	1.75994345237727E-05	1E10	38.1536792057384	1.81296443449538E-05	1E10	4.28091321683556	1.55331526368444E-05	1E10	0.915243016604348	1.48347689679573E-05	1E10	0.144766275508413	1.2684513442969E-05	1E10	3.09662540091678E-02	7.58807978871533E-06	1E10	1.39406812214372E-02	1E-30	8.27884907185631E-11	8.65451584937912E-02	1E-30	3.09286312708755E-12	2.27389603102547E-02	5.41717170443035E-07	1.60069157239155E-11	1.05180352039294E-02	7.16870421908521E-08	4.51621673776973E-11	0.03227838210011	7.87946116885185E-12	1.64882480082157E-10	14.9364113436944	2.69650074824664E-12	1.58590690284006E-10	22.6620637768517	1E10	1E-30	1E-10	1E10	1E-30	1E-10
467	9.63564288191582E-08	1E10	5E9	1E-30	1.4411086993006E-10	1E10	1E-30	1E10	0.01426403873215	1.45299006459602E-05	1E10	1.09536153735604	8.52526893448597E-06	1E10	0.42294708515319	1.00059543535783E-05	1E10	6.88021900825585E-02	1.55840962453453E-05	1E10	1.59437092345772E-02	9.92668834278517E-06	1E10	5.76625619024465E-03	1E-30	1.42981686106447E-10	0.083004687756346	1E-30	5.40089115847063E-13	5.12656584355578E-03	5.80623954811221E-07	2.52637884073925E-11	3.21505806836156E-02	1.39676182758686E-07	5.03750401072447E-11	0.046566615154641	1.08155418014077E-11	1.01250288005962E-10	9.44527376464523	2.58545800775658E-12	1.3358082224538E-10	15.8675954012661	1E10	1E-30	1E-10	1E10	1E-30	1E-10	1E10	1E-30	1E-10	1E10	1E-30	1E-10
468	9.41227922645451E-08	1E10	5E9	1E-30	1.44064510867139E-10	1E10	1E-30	1E10	2.07713155369343E-02	1.34345683270987E-05	1E10	296.166834722305	1.75994345237727E-05	1E10	38.1536792057384	1.81296443449538E-05	1E10	4.28091321683556	1.55331526368444E-05	1E10	0.915243016604348	1.48347689679573E-05	1E10	0.144766275508413	1.2684513442969E-05	1E10	3.09662540091678E-02	7.58807978871533E-06	1E10	1.39406812214372E-02	1E-30	8.27884907185631E-11	8.65451584937912E-02	1E-30	3.09286312708755E-12	2.27389603102547E-02	5.41717170443035E-07	1.60069157239155E-11	1.05180352039294E-02	7.16870421908521E-08	4.51621673776973E-11	0.03227838210011	7.87946116885185E-12	1.64882480082157E-10	14.9364113436944	2.69650074824664E-12	1.58590690284006E-10	22.6620637768517	1E10	1E-30	1E-10	1E10	1E-30	1E-10
469	9.63564288191582E-08	1E10	5E9	1E-30	1.4411086993006E-10	1E10	1E-30	1E10	0.01426403873215	1.45299006459602E-05	1E10	1.09536153735604	8.52526893448597E-06	1E10	0.42294708515319	1.00059543535783E-05	1E10	6.88021900825585E-02	1.55840962453453E-05	1E10	1.59437092345772E-02	9.92668834278517E-06	1E10	5.76625619024465E-03	1E-30	1.42981686106447E-10	0.083004687756346	1E-30	5.40089115847063E-13	5.12656584355578E-03	5.80623954811221E-07	2.52637884073925E-11	3.21505806836156E-02	1.39676182758686E-07	5.03750401072447E-11	0.046566615154641	1.08155418014077E-11	1.01250288005962E-10	9.44527376464523	2.58545800775658E-12	1.3358082224538E-10	15.8675954012661	1E10	1E-30	1E-10	1E10	1E-30	1E-10	1E10	1E-30	1E-10	1E10	1E-30	1E-10
470	9.67029782457168E-08	1E10	5E9	1E-30	7.66024234382138E-11	1E10	1E-30	1E10	1.44543977074592E-02	1.59436001283574E-05	1E10	249.559293087168	2.80330551336907E-05	1E10	22.2419954083933	1.82107019884133E-05	1E10	7.71211943568599	1.8685538185464E-05	1E10	1.01477756850905	4.12524050153764E-05	1E10	0.193361879426425	2.20606491179011E-05	1E10	7.69787507113606E-02	1.36656863425416E-05	1E10	3.91629560845255E-02	7.57540705112349E-06	1E10	1.26382842991744E-02	1E-30	4.51211457884755E-11	0.26450854936513	1E-30	1.20274506263204E-10	8.92851046767263E-02	4.9105892015308E-07	2.99359567646734E-11	3.39291681131048E-02	9.87920788098607E-08	6.60834659490286E-11	4.81782601217225E-02	1.66996873958998E-11	5.76270233357795E-11	5.64079031516329	3.41027885714925E-12	1.10777795240124E-10	13.4945856871525	1.95420127250388E-12	9.63986162259177E-11	1E5
471	9.67029782457168E-08	1E10	5E9	1E-30	7.66024234382138E-11	1E10	1E-30	1E10	1.44543977074592E-02	1.59436001283574E-05	1E10	249.559293087168	2.80330551336907E-05	1E10	22.2419954083933	1.82107019884133E-05	1E10	7.71211943568599	1.8685538185464E-05	1E10	1.01477756850905	4.12524050153764E-05	1E10	0.193361879426425	2.20606491179011E-05	1E10	7.69787507113606E-02	1.36656863425416E-05	1E10	3.91629560845255E-02	7.57540705112349E-06	1E10	1.26382842991744E-02	1E-30	4.51211457884755E-11	0.26450854936513	1E-30	1.20274506263204E-10	8.92851046767263E-02	4.9105892015308E-07	2.99359567646734E-11	3.39291681131048E-02	9.87920788098607E-08	6.60834659490286E-11	4.81782601217225E-02	1.66996873958998E-11	5.76270233357795E-11	5.64079031516329	3.41027885714925E-12	1.10777795240124E-10	13.4945856871525	1.95420127250388E-12	9.63986162259177E-11	1E5
472	1.02200422992635E-07	1E10	5E9	1E-30	1.67653124124958E-10	1E10	1E-30	1E10	1.50200986537734E-02	1.18233136864917E-05	1E10	336.527785932235	1.86741147966481E-05	1E10	26.7313522135223	1.62531749981481E-05	1E10	4.53963492183335	1.54624051596054E-05	1E10	0.703837918474612	1.32723399977917E-05	1E10	0.110487679007842	6.82884570156939E-06	1E10	2.59785458190196E-02	1E-30	1.07229397614565E-10	8.47726276705599E-02	1E-30	1.23526680559737E-11	6.15069497406132E-02	4.32772959821178E-07	3.42662683087397E-11	3.68354063290199E-02	9.54565920431761E-08	6.46017743095743E-11	4.77251221954317E-02	8.918133719031E-12	8.70874276450607E-11	9.67508265293758	3.01140519485231E-12	1.23147065632613E-10	20.6377058926512	1E10	1E-30	1E-10	1E10	1E-30	1E-10	1E10	1E-30	1E-10
473	1.02200422992635E-07	1E10	5E9	1E-30	1.67653124124958E-10	1E10	1E-30	1E10	1.50200986537734E-02	1.18233136864917E-05	1E10	336.527785932235	1.86741147966481E-05	1E10	26.7313522135223	1.62531749981481E-05	1E10	4.53963492183335	1.54624051596054E-05	1E10	0.703837918474612	1.32723399977917E-05	1E10	0.110487679007842	6.82884570156939E-06	1E10	2.59785458190196E-02	1E-30	1.07229397614565E-10	8.47726276705599E-02	1E-30	1.23526680559737E-11	6.15069497406132E-02	4.32772959821178E-07	3.42662683087397E-11	3.68354063290199E-02	9.54565920431761E-08	6.46017743095743E-11	4.77251221954317E-02	8.918133719031E-12	8.70874276450607E-11	9.67508265293758	3.01140519485231E-12	1.23147065632613E-10	20.6377058926512	1E10	1E-30	1E-10	1E10	1E-30	1E-10	1E10	1E-30	1E-10
474	1.49321934758151E-07	1E10	3333333333.33333	1E-30	2.16246450573375E-10	1E10	1E-30	1E10	1.35541208257347E-02	1.98428493936238E-05	1E10	200.519265069659	3.77644748722973E-05	1E10	19.1494411495991	2.59628959312461E-05	1E10	4.70063039203068	2.68810824766952E-05	1E10	0.711469200459914	2.01669847765295E-05	1E10	0.122290769878333	9.75854592518144E-06	1E10	2.24495207674103E-02	1E-30	1.40937781873179E-10	6.41164120021337E-02	1E-30	8.95764863171113E-12	0.029946629520989	9.51712539921722E-07	2.54969497454736E-11	1.77244446329033E-02	2.56378788045635E-07	3.1908373270232E-11	0.020706295599978	7.731125227045E-12	1.42489020583387E-10	10.7252997986774	4.83413175963311E-12	6.45504574037082E-11	25.5065382547067	1E10	1E-30	1E-10	1E10	1E-30	1E-10	1E10	1E-30	1E-10
475	1.47668911903052E-07	1E10	3333333333.33333	1E-30	1.74288399417813E-10	1E10	1E-30	1E10	1.00667339683283E-02	1.89626416003494E-05	1E10	209.826967210309	3.0561441464375E-05	1E10	21.9715807516855	2.22876564549238E-05	1E10	4.38390670741337	1.88716146762866E-05	1E10	0.575487248544136	1.3983136913321E-05	1E10	6.73095279281093E-02	1.70619621008595E-05	1E10	7.05377105133099E-03	9.22751333557946E-06	1E10	2.87933767003957E-03	1E-30	2.24566315773189E-11	9.01938769700294E-02	1E-30	1.79780787462246E-10	7.22557415589329E-02	8.47790480988079E-07	3.04919282432769E-11	0.024347121474428	2.27206280394811E-07	5.3842341840644E-11	3.50745340693414E-02	8.39753504155483E-12	9.81784140888266E-11	10.285514727427	4.18738304401605E-12	8.36852362983033E-11	15.8489319246111	1E10	1E-30	1E-10	1E10	1E-30	1E-10
476	1.47668911903052E-07	1E10	3333333333.33333	1E-30	1.74288399417813E-10	1E10	1E-30	1E10	1.00667339683283E-02	1.89626416003494E-05	1E10	209.826967210309	3.0561441464375E-05	1E10	21.9715807516855	2.22876564549238E-05	1E10	4.38390670741337	1.88716146762866E-05	1E10	0.575487248544136	1.3983136913321E-05	1E10	6.73095279281093E-02	1.70619621008595E-05	1E10	7.05377105133099E-03	9.22751333557946E-06	1E10	2.87933767003957E-03	1E-30	2.24566315773189E-11	9.01938769700294E-02	1E-30	1.79780787462246E-10	7.22557415589329E-02	8.47790480988079E-07	3.04919282432769E-11	0.024347121474428	2.27206280394811E-07	5.3842341840644E-11	3.50745340693414E-02	8.39753504155483E-12	9.81784140888266E-11	10.285514727427	4.18738304401605E-12	8.36852362983033E-11	15.8489319246111	1E10	1E-30	1E-10	1E10	1E-30	1E-10
477	1.49321934758151E-07	1E10	3333333333.33333	1E-30	2.16246450573375E-10	1E10	1E-30	1E10	1.35541208257347E-02	1.98428493936238E-05	1E10	200.519265069659	3.77644748722973E-05	1E10	19.1494411495991	2.59628959312461E-05	1E10	4.70063039203068	2.68810824766952E-05	1E10	0.711469200459914	2.01669847765295E-05	1E10	0.122290769878333	9.75854592518144E-06	1E10	2.24495207674103E-02	1E-30	1.40937781873179E-10	6.41164120021337E-02	1E-30	8.95764863171113E-12	0.029946629520989	9.51712539921722E-07	2.54969497454736E-11	1.77244446329033E-02	2.56378788045635E-07	3.1908373270232E-11	0.020706295599978	7.731125227045E-12	1.42489020583387E-10	10.7252997986774	4.83413175963311E-12	6.45504574037082E-11	25.5065382547067	1E10	1E-30	1E-10	1E10	1E-30	1E-10	1E10	1E-30	1E-10
478	1.49321934758151E-07	1E10	3333333333.33333	1E-30	2.16246450573375E-10	1E10	1E-30	1E10	1.35541208257347E-02	1.98428493936238E-05	1E10	200.519265069659	3.77644748722973E-05	1E10	19.1494411495991	2.59628959312461E-05	1E10	4.70063039203068	2.68810824766952E-05	1E10	0.711469200459914	2.01669847765295E-05	1E10	0.122290769878333	9.75854592518144E-06	1E10	2.24495207674103E-02	1E-30	1.40937781873179E-10	6.41164120021337E-02	1E-30	8.95764863171113E-12	0.029946629520989	9.51712539921722E-07	2.54969497454736E-11	1.77244446329033E-02	2.56378788045635E-07	3.1908373270232E-11	0.020706295599978	7.731125227045E-12	1.42489020583387E-10	10.7252997986774	4.83413175963311E-12	6.45504574037082E-11	25.5065382547067	1E10	1E-30	1E-10	1E10	1E-30	1E-10	1E10	1E-30	1E-10
479	1.49321934758151E-07	1E10	3333333333.33333	1E-30	2.16246450573375E-10	1E10	1E-30	1E10	1.35541208257347E-02	1.98428493936238E-05	1E10	200.519265069659	3.77644748722973E-05	1E10	19.1494411495991	2.59628959312461E-05	1E10	4.70063039203068	2.68810824766952E-05	1E10	0.711469200459914	2.01669847765295E-05	1E10	0.122290769878333	9.75854592518144E-06	1E10	2.24495207674103E-02	1E-30	1.40937781873179E-10	6.41164120021337E-02	1E-30	8.95764863171113E-12	0.029946629520989	9.51712539921722E-07	2.54969497454736E-11	1.77244446329033E-02	2.56378788045635E-07	3.1908373270232E-11	0.020706295599978	7.731125227045E-12	1.42489020583387E-10	10.7252997986774	4.83413175963311E-12	6.45504574037082E-11	25.5065382547067	1E10	1E-30	1E-10	1E10	1E-30	1E-10	1E10	1E-30	1E-10
480	1.47668911903052E-07	1E10	3333333333.33333	1E-30	1.74288399417813E-10	1E10	1E-30	1E10	1.00667339683283E-02	1.89626416003494E-05	1E10	209.826967210309	3.0561441464375E-05	1E10	21.9715807516855	2.22876564549238E-05	1E10	4.38390670741337	1.88716146762866E-05	1E10	0.575487248544136	1.3983136913321E-05	1E10	6.73095279281093E-02	1.70619621008595E-05	1E10	7.05377105133099E-03	9.22751333557946E-06	1E10	2.87933767003957E-03	1E-30	2.24566315773189E-11	9.01938769700294E-02	1E-30	1.79780787462246E-10	7.22557415589329E-02	8.47790480988079E-07	3.04919282432769E-11	0.024347121474428	2.27206280394811E-07	5.3842341840644E-11	3.50745340693414E-02	8.39753504155483E-12	9.81784140888266E-11	10.285514727427	4.18738304401605E-12	8.36852362983033E-11	15.8489319246111	1E10	1E-30	1E-10	1E10	1E-30	1E-10
481	2.19737069340435E-07	1E10	2272727272.72727	1E-30	8.12830516164099E-11	1E10	1E-30	1E10	1.05008891913285E-02	3.32264545404425E-05	1E10	119.75016992723	7.33420523471291E-05	1E10	11.4360524455311	4.01436946907016E-05	1E10	5.10829698639667	4.58033874981932E-05	1E10	0.755572492183369	3.43644991528396E-05	1E10	0.180825389303078	3.91504211723129E-05	1E10	4.06521662669746E-02	1.86525424584461E-05	1E10	1.34274055880994E-02	1.97962022053607E-05	1E10	1.68689091803665E-03	5.30347740440383	1E10	3.00095448619688E-06	1E-30	1.36552605593765E-10	5.77826851614014E-02	1.21991177069692E-06	2.65817955405174E-11	1.76274523850719E-02	3.20219592837834E-07	4.27814451764812E-11	0.024384727858912	8.80225131452288E-12	1.19030780139716E-10	9.15916623755024	1.3999859341808E-12	2.16394071311562E-10	27.1416638857806	1E10	1E-30	1E-10
482	2.19737069340435E-07	1E10	2272727272.72727	1E-30	8.12830516164099E-11	1E10	1E-30	1E10	1.05008891913285E-02	3.32264545404425E-05	1E10	119.75016992723	7.33420523471291E-05	1E10	11.4360524455311	4.01436946907016E-05	1E10	5.10829698639667	4.58033874981932E-05	1E10	0.755572492183369	3.43644991528396E-05	1E10	0.180825389303078	3.91504211723129E-05	1E10	4.06521662669746E-02	1.86525424584461E-05	1E10	1.34274055880994E-02	1.97962022053607E-05	1E10	1.68689091803665E-03	5.30347740440383	1E10	3.00095448619688E-06	1E-30	1.36552605593765E-10	5.77826851614014E-02	1.21991177069692E-06	2.65817955405174E-11	1.76274523850719E-02	3.20219592837834E-07	4.27814451764812E-11	0.024384727858912	8.80225131452288E-12	1.19030780139716E-10	9.15916623755024	1.3999859341808E-12	2.16394071311562E-10	27.1416638857806	1E10	1E-30	1E-10
483	2.19737069340435E-07	1E10	2272727272.72727	1E-30	8.12830516164099E-11	1E10	1E-30	1E10	1.05008891913285E-02	3.32264545404425E-05	1E10	119.75016992723	7.33420523471291E-05	1E10	11.4360524455311	4.01436946907016E-05	1E10	5.10829698639667	4.58033874981932E-05	1E10	0.755572492183369	3.43644991528396E-05	1E10	0.180825389303078	3.91504211723129E-05	1E10	4.06521662669746E-02	1.86525424584461E-05	1E10	1.34274055880994E-02	1.97962022053607E-05	1E10	1.68689091803665E-03	5.30347740440383	1E10	3.00095448619688E-06	1E-30	1.36552605593765E-10	5.77826851614014E-02	1.21991177069692E-06	2.65817955405174E-11	1.76274523850719E-02	3.20219592837834E-07	4.27814451764812E-11	0.024384727858912	8.80225131452288E-12	1.19030780139716E-10	9.15916623755024	1.3999859341808E-12	2.16394071311562E-10	27.1416638857806	1E10	1E-30	1E-10
484	2.19737069340435E-07	1E10	2272727272.72727	1E-30	8.12830516164099E-11	1E10	1E-30	1E10	1.05008891913285E-02	3.32264545404425E-05	1E10	119.75016992723	7.33420523471291E-05	1E10	11.4360524455311	4.01436946907016E-05	1E10	5.10829698639667	4.58033874981932E-05	1E10	0.755572492183369	3.43644991528396E-05	1E10	0.180825389303078	3.91504211723129E-05	1E10	4.06521662669746E-02	1.86525424584461E-05	1E10	1.34274055880994E-02	1.97962022053607E-05	1E10	1.68689091803665E-03	5.30347740440383	1E10	3.00095448619688E-06	1E-30	1.36552605593765E-10	5.77826851614014E-02	1.21991177069692E-06	2.65817955405174E-11	1.76274523850719E-02	3.20219592837834E-07	4.27814451764812E-11	0.024384727858912	8.80225131452288E-12	1.19030780139716E-10	9.15916623755024	1.3999859341808E-12	2.16394071311562E-10	27.1416638857806	1E10	1E-30	1E-10
485	2.25877696374804E-07	1E10	2272727272.72727	1E-30	1.69824365246174E-10	1E10	1E-30	1E10	8.20480085361972E-03	3.10161442024395E-05	1E10	178.718706481413	2.91989548539106E-05	1E10	34.0541474765538	2.41608860830975E-05	1E10	3.82093819142139	2.75785723342312E-05	1E10	0.398735562341432	2.24036190607772E-05	1E10	5.48443112128507E-02	1.93850163920926E-05	1E10	1.01181155130033E-02	1E-30	2.41249993617602E-11	7.59744931940346E-02	1E-30	1.93539899895781E-10	6.32069655902783E-02	9.62030966967384E-07	3.89497357417234E-11	3.25867899392348E-02	3.39636950984611E-07	5.16485503709507E-11	3.57030966951209E-02	1.2050225701712E-11	6.76326101539286E-11	7.28194744055535	5.27999358162441E-12	6.91523299547084E-11	15.3013032284536	1E10	1E-30	1E-10	1E10	1E-30	1E-10	1E10	1E-30	1E-10
486	2.25877696374804E-07	1E10	2272727272.72727	1E-30	1.69824365246174E-10	1E10	1E-30	1E10	8.20480085361972E-03	3.10161442024395E-05	1E10	178.718706481413	2.91989548539106E-05	1E10	34.0541474765538	2.41608860830975E-05	1E10	3.82093819142139	2.75785723342312E-05	1E10	0.398735562341432	2.24036190607772E-05	1E10	5.48443112128507E-02	1.93850163920926E-05	1E10	1.01181155130033E-02	1E-30	2.41249993617602E-11	7.59744931940346E-02	1E-30	1.93539899895781E-10	6.32069655902783E-02	9.62030966967384E-07	3.89497357417234E-11	3.25867899392348E-02	3.39636950984611E-07	5.16485503709507E-11	3.57030966951209E-02	1.2050225701712E-11	6.76326101539286E-11	7.28194744055535	5.27999358162441E-12	6.91523299547084E-11	15.3013032284536	1E10	1E-30	1E-10	1E10	1E-30	1E-10	1E10	1E-30	1E-10
487	2.19737069340435E-07	1E10	2272727272.72727	1E-30	8.12830516164099E-11	1E10	1E-30	1E10	1.05008891913285E-02	3.32264545404425E-05	1E10	119.75016992723	7.33420523471291E-05	1E10	11.4360524455311	4.01436946907016E-05	1E10	5.10829698639667	4.58033874981932E-05	1E10	0.755572492183369	3.43644991528396E-05	1E10	0.180825389303078	3.91504211723129E-05	1E10	4.06521662669746E-02	1.86525424584461E-05	1E10	1.34274055880994E-02	1.97962022053607E-05	1E10	1.68689091803665E-03	5.30347740440383	1E10	3.00095448619688E-06	1E-30	1.36552605593765E-10	5.77826851614014E-02	1.21991177069692E-06	2.65817955405174E-11	1.76274523850719E-02	3.20219592837834E-07	4.27814451764812E-11	0.024384727858912	8.80225131452288E-12	1.19030780139716E-10	9.15916623755024	1.3999859341808E-12	2.16394071311562E-10	27.1416638857806	1E10	1E-30	1E-10
488	2.19737069340435E-07	1E10	2272727272.72727	1E-30	8.12830516164099E-11	1E10	1E-30	1E10	1.05008891913285E-02	3.32264545404425E-05	1E10	119.75016992723	7.33420523471291E-05	1E10	11.4360524455311	4.01436946907016E-05	1E10	5.10829698639667	4.58033874981932E-05	1E10	0.755572492183369	3.43644991528396E-05	1E10	0.180825389303078	3.91504211723129E-05	1E10	4.06521662669746E-02	1.86525424584461E-05	1E10	1.34274055880994E-02	1.97962022053607E-05	1E10	1.68689091803665E-03	5.30347740440383	1E10	3.00095448619688E-06	1E-30	1.36552605593765E-10	5.77826851614014E-02	1.21991177069692E-06	2.65817955405174E-11	1.76274523850719E-02	3.20219592837834E-07	4.27814451764812E-11	0.024384727858912	8.80225131452288E-12	1.19030780139716E-10	9.15916623755024	1.3999859341808E-12	2.16394071311562E-10	27.1416638857806	1E10	1E-30	1E-10
489	2.19737069340435E-07	1E10	2272727272.72727	1E-30	8.12830516164099E-11	1E10	1E-30	1E10	1.05008891913285E-02	3.32264545404425E-05	1E10	119.75016992723	7.33420523471291E-05	1E10	11.4360524455311	4.01436946907016E-05	1E10	5.10829698639667	4.58033874981932E-05	1E10	0.755572492183369	3.43644991528396E-05	1E10	0.180825389303078	3.91504211723129E-05	1E10	4.06521662669746E-02	1.86525424584461E-05	1E10	1.34274055880994E-02	1.97962022053607E-05	1E10	1.68689091803665E-03	5.30347740440383	1E10	3.00095448619688E-06	1E-30	1.36552605593765E-10	5.77826851614014E-02	1.21991177069692E-06	2.65817955405174E-11	1.76274523850719E-02	3.20219592837834E-07	4.27814451764812E-11	0.024384727858912	8.80225131452288E-12	1.19030780139716E-10	9.15916623755024	1.3999859341808E-12	2.16394071311562E-10	27.1416638857806	1E10	1E-30	1E-10
490	2.19737069340435E-07	1E10	2272727272.72727	1E-30	8.12830516164099E-11	1E10	1E-30	1E10	1.05008891913285E-02	3.32264545404425E-05	1E10	119.75016992723	7.33420523471291E-05	1E10	11.4360524455311	4.01436946907016E-05	1E10	5.10829698639667	4.58033874981932E-05	1E10	0.755572492183369	3.43644991528396E-05	1E10	0.180825389303078	3.91504211723129E-05	1E10	4.06521662669746E-02	1.86525424584461E-05	1E10	1.34274055880994E-02	1.97962022053607E-05	1E10	1.68689091803665E-03	5.30347740440383	1E10	3.00095448619688E-06	1E-30	1.36552605593765E-10	5.77826851614014E-02	1.21991177069692E-06	2.65817955405174E-11	1.76274523850719E-02	3.20219592837834E-07	4.27814451764812E-11	0.024384727858912	8.80225131452288E-12	1.19030780139716E-10	9.15916623755024	1.3999859341808E-12	2.16394071311562E-10	27.1416638857806	1E10	1E-30	1E-10
491	2.19737069340435E-07	1E10	2272727272.72727	1E-30	8.12830516164099E-11	1E10	1E-30	1E10	1.05008891913285E-02	3.32264545404425E-05	1E10	119.75016992723	7.33420523471291E-05	1E10	11.4360524455311	4.01436946907016E-05	1E10	5.10829698639667	4.58033874981932E-05	1E10	0.755572492183369	3.43644991528396E-05	1E10	0.180825389303078	3.91504211723129E-05	1E10	4.06521662669746E-02	1.86525424584461E-05	1E10	1.34274055880994E-02	1.97962022053607E-05	1E10	1.68689091803665E-03	5.30347740440383	1E10	3.00095448619688E-06	1E-30	1.36552605593765E-10	5.77826851614014E-02	1.21991177069692E-06	2.65817955405174E-11	1.76274523850719E-02	3.20219592837834E-07	4.27814451764812E-11	0.024384727858912	8.80225131452288E-12	1.19030780139716E-10	9.15916623755024	1.3999859341808E-12	2.16394071311562E-10	27.1416638857806	1E10	1E-30	1E-10
492	2.19737069340435E-07	1E10	2272727272.72727	1E-30	8.12830516164099E-11	1E10	1E-30	1E10	1.05008891913285E-02	3.32264545404425E-05	1E10	119.75016992723	7.33420523471291E-05	1E10	11.4360524455311	4.01436946907016E-05	1E10	5.10829698639667	4.58033874981932E-05	1E10	0.755572492183369	3.43644991528396E-05	1E10	0.180825389303078	3.91504211723129E-05	1E10	4.06521662669746E-02	1.86525424584461E-05	1E10	1.34274055880994E-02	1.97962022053607E-05	1E10	1.68689091803665E-03	5.30347740440383	1E10	3.00095448619688E-06	1E-30	1.36552605593765E-10	5.77826851614014E-02	1.21991177069692E-06	2.65817955405174E-11	1.76274523850719E-02	3.20219592837834E-07	4.27814451764812E-11	0.024384727858912	8.80225131452288E-12	1.19030780139716E-10	9.15916623755024	1.3999859341808E-12	2.16394071311562E-10	27.1416638857806	1E10	1E-30	1E-10
493	2.19737069340435E-07	1E10	2272727272.72727	1E-30	8.12830516164099E-11	1E10	1E-30	1E10	1.05008891913285E-02	3.32264545404425E-05	1E10	119.75016992723	7.33420523471291E-05	1E10	11.4360524455311	4.01436946907016E-05	1E10	5.10829698639667	4.58033874981932E-05	1E10	0.755572492183369	3.43644991528396E-05	1E10	0.180825389303078	3.91504211723129E-05	1E10	4.06521662669746E-02	1.86525424584461E-05	1E10	1.34274055880994E-02	1.97962022053607E-05	1E10	1.68689091803665E-03	5.30347740440383	1E10	3.00095448619688E-06	1E-30	1.36552605593765E-10	5.77826851614014E-02	1.21991177069692E-06	2.65817955405174E-11	1.76274523850719E-02	3.20219592837834E-07	4.27814451764812E-11	0.024384727858912	8.80225131452288E-12	1.19030780139716E-10	9.15916623755024	1.3999859341808E-12	2.16394071311562E-10	27.1416638857806	1E10	1E-30	1E-10
494	2.15024812674283E-07	1E10	2272727272.72727	1E-30	1.51496083460239E-10	1E10	1E-30	1E10	8.53193560628942E-03	2.30681458594948E-05	1E10	172.483458424972	4.01520399417478E-05	1E10	13.3889787268529	3.26881739857666E-05	1E10	2.22201737990451	2.91791529251946E-05	1E10	0.328660454527231	3.35021501032734E-05	1E10	4.33258858877534E-02	1.94813348287148E-05	1E10	1.42626539943632E-02	1E-30	1.42713655444933E-10	6.18912669064325E-02	1E-30	6.19376636857464E-12	3.00073546288178E-02	1.13525089399395E-06	2.44786303796052E-11	1.90914014152029E-02	3.03832069446506E-07	4.19796274041582E-11	3.78855149493792E-02	1.08708625474862E-11	9.4372456589475E-11	9.68670779860679	2.41286987082911E-12	1.21655229338899E-10	29.5739792225353	1E10	1E-30	1E-10	1E10	1E-30	1E-10	1E10	1E-30	1E-10
495	2.19737069340435E-07	1E10	2272727272.72727	1E-30	8.12830516164099E-11	1E10	1E-30	1E10	1.05008891913285E-02	3.32264545404425E-05	1E10	119.75016992723	7.33420523471291E-05	1E10	11.4360524455311	4.01436946907016E-05	1E10	5.10829698639667	4.58033874981932E-05	1E10	0.755572492183369	3.43644991528396E-05	1E10	0.180825389303078	3.91504211723129E-05	1E10	4.06521662669746E-02	1.86525424584461E-05	1E10	1.34274055880994E-02	1.97962022053607E-05	1E10	1.68689091803665E-03	5.30347740440383	1E10	3.00095448619688E-06	1E-30	1.36552605593765E-10	5.77826851614014E-02	1.21991177069692E-06	2.65817955405174E-11	1.76274523850719E-02	3.20219592837834E-07	4.27814451764812E-11	0.024384727858912	8.80225131452288E-12	1.19030780139716E-10	9.15916623755024	1.3999859341808E-12	2.16394071311562E-10	27.1416638857806	1E10	1E-30	1E-10
496	2.25877696374804E-07	1E10	2272727272.72727	1E-30	1.69824365246174E-10	1E10	1E-30	1E10	8.20480085361972E-03	3.10161442024395E-05	1E10	178.718706481413	2.91989548539106E-05	1E10	34.0541474765538	2.41608860830975E-05	1E10	3.82093819142139	2.75785723342312E-05	1E10	0.398735562341432	2.24036190607772E-05	1E10	5.48443112128507E-02	1.93850163920926E-05	1E10	1.01181155130033E-02	1E-30	2.41249993617602E-11	7.59744931940346E-02	1E-30	1.93539899895781E-10	6.32069655902783E-02	9.62030966967384E-07	3.89497357417234E-11	3.25867899392348E-02	3.39636950984611E-07	5.16485503709507E-11	3.57030966951209E-02	1.2050225701712E-11	6.76326101539286E-11	7.28194744055535	5.27999358162441E-12	6.91523299547084E-11	15.3013032284536	1E10	1E-30	1E-10	1E10	1E-30	1E-10	1E10	1E-30	1E-10
497	2.25877696374804E-07	1E10	2272727272.72727	1E-30	1.69824365246174E-10	1E10	1E-30	1E10	8.20480085361972E-03	3.10161442024395E-05	1E10	178.718706481413	2.91989548539106E-05	1E10	34.0541474765538	2.41608860830975E-05	1E10	3.82093819142139	2.75785723342312E-05	1E10	0.398735562341432	2.24036190607772E-05	1E10	5.48443112128507E-02	1.93850163920926E-05	1E10	1.01181155130033E-02	1E-30	2.41249993617602E-11	7.59744931940346E-02	1E-30	1.93539899895781E-10	6.32069655902783E-02	9.62030966967384E-07	3.89497357417234E-11	3.25867899392348E-02	3.39636950984611E-07	5.16485503709507E-11	3.57030966951209E-02	1.2050225701712E-11	6.76326101539286E-11	7.28194744055535	5.27999358162441E-12	6.91523299547084E-11	15.3013032284536	1E10	1E-30	1E-10	1E10	1E-30	1E-10	1E10	1E-30	1E-10
498	2.14386904311481E-07	1E10	2272727272.72727	1E-30	1.44887192014997E-10	1E10	1E-30	1E10	9.5E-3	3.57137614699553E-05	1E10	150.292221464379	3.98658304434245E-05	1E10	24.942300303199	3.15025976442627E-05	1E10	2.9304647640796	2.88558881238563E-05	1E10	0.279132906814834	3.68017487329516E-05	1E10	4.32465707667284E-02	1.96008390406914E-05	1E10	1.15997179480421E-02	1E-30	1.0899924504801E-10	6.37011803103042E-02	1E-30	7.61832867375068E-12	0.041029174961293	1.05375116900676E-06	2.34748181807438E-11	1.76209310510717E-02	2.5117819664228E-07	3.33374936703385E-11	2.31685752353544E-02	1.54330518539547E-11	9.08679201651237E-11	6.7050809681684	2.71621865972363E-12	8.634789990498E-11	19.5314348155962	1E10	1E-30	1E-10	1E10	1E-30	1E-10	1E10	1E-30	1E-10
499	2.14386904311481E-07	1E10	2272727272.72727	1E-30	1.44887192014997E-10	1E10	1E-30	1E10	9.5E-3	3.57137614699553E-05	1E10	150.292221464379	3.98658304434245E-05	1E10	24.942300303199	3.15025976442627E-05	1E10	2.9304647640796	2.88558881238563E-05	1E10	0.279132906814834	3.68017487329516E-05	1E10	4.32465707667284E-02	1.96008390406914E-05	1E10	1.15997179480421E-02	1E-30	1.0899924504801E-10	6.37011803103042E-02	1E-30	7.61832867375068E-12	0.041029174961293	1.05375116900676E-06	2.34748181807438E-11	1.76209310510717E-02	2.5117819664228E-07	3.33374936703385E-11	2.31685752353544E-02	1.54330518539547E-11	9.08679201651237E-11	6.7050809681684	2.71621865972363E-12	8.634789990498E-11	19.5314348155962	1E10	1E-30	1E-10	1E10	1E-30	1E-10	1E10	1E-30	1E-10
500	3.1900832192887E-07	1E10	1515151515.15151	1E-30	1.06505164374529E-10	1E10	1E-30	1E10	6.22829422841193E-03	4.26849730037842E-05	1E10	93.2148551890763	7.2402643829853E-05	1E10	9.98815168700231	5.76024000616089E-05	1E10	2.13542896510087	8.50981994251288E-05	1E10	0.208682066740371	6.32722388079409E-05	1E10	0.112041517710811	2.78184360902294E-05	1E10	2.44617306384129E-02	1E-30	1.95680477830288E-10	5.76682277381947E-02	1E-30	1.15453496083167E-11	4.08366902571758E-02	1.36038936507753E-06	4.22871776034451E-11	2.85795737745038E-02	5.96030624943799E-07	4.49373374930032E-11	3.16514319979018E-02	1.78854906361508E-11	4.55193358799149E-11	7.14317581798776	1.73902157172146E-12	1.71871777720385E-10	24.6020815353022	1E10	1E-30	1E-10	1E10	1E-30	1E-10	1E10	1E-30	1E-10
501	3.06486993471088E-07	1E10	1515151515.15151	1E-30	1.51776582364995E-10	1E10	1E-30	1E10	8.62419354138671E-03	2.33577949794767E-05	1E10	9.30489134458689E-02	2.24768422812002E-05	1E10	1.48193961476709E-02	1E-30	1.2100451091893E-11	7.24562060741762E-02	1E-30	9.61873633694861E-11	6.05138902837732E-02	1.35489661210228E-06	2.81105172985763E-11	1.78649126187763E-02	2.18096930772349E-07	7.53909465209935E-11	3.31504222505702E-02	8.22212034797854E-12	9.51680230984618E-11	11.4617135394525	4.97106990321021E-12	7.3514489533608E-11	11.2973341443726	1E10	1E-30	1E-10	1E10	1E-30	1E-10	1E10	1E-30	1E-10	1E10	1E-30	1E-10	1E10	1E-30	1E-10	1E10	1E-30	1E-10	1E10	1E-30	1E-10
502	3.06486993471088E-07	1E10	1515151515.15151	1E-30	1.51776582364995E-10	1E10	1E-30	1E10	8.62419354138671E-03	2.33577949794767E-05	1E10	9.30489134458689E-02	2.24768422812002E-05	1E10	1.48193961476709E-02	1E-30	1.2100451091893E-11	7.24562060741762E-02	1E-30	9.61873633694861E-11	6.05138902837732E-02	1.35489661210228E-06	2.81105172985763E-11	1.78649126187763E-02	2.18096930772349E-07	7.53909465209935E-11	3.31504222505702E-02	8.22212034797854E-12	9.51680230984618E-11	11.4617135394525	4.97106990321021E-12	7.3514489533608E-11	11.2973341443726	1E10	1E-30	1E-10	1E10	1E-30	1E-10	1E10	1E-30	1E-10	1E10	1E-30	1E-10	1E10	1E-30	1E-10	1E10	1E-30	1E-10	1E10	1E-30	1E-10
503	3.06486993471088E-07	1E10	1515151515.15151	1E-30	1.51776582364995E-10	1E10	1E-30	1E10	8.62419354138671E-03	2.33577949794767E-05	1E10	9.30489134458689E-02	2.24768422812002E-05	1E10	1.48193961476709E-02	1E-30	1.2100451091893E-11	7.24562060741762E-02	1E-30	9.61873633694861E-11	6.05138902837732E-02	1.35489661210228E-06	2.81105172985763E-11	1.78649126187763E-02	2.18096930772349E-07	7.53909465209935E-11	3.31504222505702E-02	8.22212034797854E-12	9.51680230984618E-11	11.4617135394525	4.97106990321021E-12	7.3514489533608E-11	11.2973341443726	1E10	1E-30	1E-10	1E10	1E-30	1E-10	1E10	1E-30	1E-10	1E10	1E-30	1E-10	1E10	1E-30	1E-10	1E10	1E-30	1E-10	1E10	1E-30	1E-10
504	3.1900832192887E-07	1E10	1515151515.15151	1E-30	1.06505164374529E-10	1E10	1E-30	1E10	6.22829422841193E-03	4.26849730037842E-05	1E10	93.2148551890763	7.2402643829853E-05	1E10	9.98815168700231	5.76024000616089E-05	1E10	2.13542896510087	8.50981994251288E-05	1E10	0.208682066740371	6.32722388079409E-05	1E10	0.112041517710811	2.78184360902294E-05	1E10	2.44617306384129E-02	1E-30	1.95680477830288E-10	5.76682277381947E-02	1E-30	1.15453496083167E-11	4.08366902571758E-02	1.36038936507753E-06	4.22871776034451E-11	2.85795737745038E-02	5.96030624943799E-07	4.49373374930032E-11	3.16514319979018E-02	1.78854906361508E-11	4.55193358799149E-11	7.14317581798776	1.73902157172146E-12	1.71871777720385E-10	24.6020815353022	1E10	1E-30	1E-10	1E10	1E-30	1E-10	1E10	1E-30	1E-10
505	3.06486993471088E-07	1E10	1515151515.15151	1E-30	1.51776582364995E-10	1E10	1E-30	1E10	8.62419354138671E-03	2.33577949794767E-05	1E10	9.30489134458689E-02	2.24768422812002E-05	1E10	1.48193961476709E-02	1E-30	1.2100451091893E-11	7.24562060741762E-02	1E-30	9.61873633694861E-11	6.05138902837732E-02	1.35489661210228E-06	2.81105172985763E-11	1.78649126187763E-02	2.18096930772349E-07	7.53909465209935E-11	3.31504222505702E-02	8.22212034797854E-12	9.51680230984618E-11	11.4617135394525	4.97106990321021E-12	7.3514489533608E-11	11.2973341443726	1E10	1E-30	1E-10	1E10	1E-30	1E-10	1E10	1E-30	1E-10	1E10	1E-30	1E-10	1E10	1E-30	1E-10	1E10	1E-30	1E-10	1E10	1E-30	1E-10
506	3.19738697458868E-07	1E10	1515151515.15151	1E-30	1.76567304326048E-10	1E10	1E-30	1E10	6.77598287866091E-03	4.39594233800236E-05	1E10	90.5124151174714	7.12084284392304E-05	1E10	8.84521010113964	5.76810120514841E-05	1E10	1.36996084024176	1.32276067457277E-04	1E10	0.18059601092071	4.66840236674729E-05	1E10	9.53000786082274E-02	2.59991092504395E-05	1E10	1.67270831464857E-02	1E-30	1.63561035730838E-11	7.45286577253988E-02	1E-30	1.64913552897122E-10	5.71012286255295E-02	1.27207254568448E-06	3.17475775428319E-11	2.13087695121087E-02	4.4045261601583E-07	4.07692641857705E-11	2.56950278222628E-02	1.66290618336505E-11	5.35631902268774E-11	5.9243278454385	1.17229711305391E-11	3.05832675305411E-11	6.71974084036893	1E10	1E-30	1E-10	1E10	1E-30	1E-10	1E10	1E-30	1E-10
507	4.56409156368744E-07	1E10	1063829787.23404	1E-30	1.77590171122593E-10	1E10	1E-30	1E10	7.46814108346902E-03	6.51953055315213E-05	1E10	67.5369579125967	6.94987269856747E-05	1E10	11.7365781431722	5.83097763235542E-05	1E10	1.58322082837758	5.06274669834626E-05	1E10	0.180195437966101	3.43599209417683E-05	1E10	2.64439622644843E-02	5.41623921805433E-05	1E10	2.67871405130594E-03	1E-30	1.72804712975747E-11	7.49027856044423E-02	1E-30	1.24950874805804E-10	4.49259847980742E-02	2.25424216159901E-06	2.50669647289397E-11	1.09410214158778E-02	4.42397000107418E-07	5.47939713451148E-11	2.31682806118773E-02	1.20538050552532E-11	7.45709096903249E-11	8.33551689481767	3.22100940386862E-12	1.06967197376681E-10	21.6250666711913	1E10	1E-30	1E-10	1E10	1E-30	1E-10	1E10	1E-30	1E-10
508	4.56409156368744E-07	1E10	1063829787.23404	1E-30	1.77590171122593E-10	1E10	1E-30	1E10	7.46814108346902E-03	6.51953055315213E-05	1E10	67.5369579125967	6.94987269856747E-05	1E10	11.7365781431722	5.83097763235542E-05	1E10	1.58322082837758	5.06274669834626E-05	1E10	0.180195437966101	3.43599209417683E-05	1E10	2.64439622644843E-02	5.41623921805433E-05	1E10	2.67871405130594E-03	1E-30	1.72804712975747E-11	7.49027856044423E-02	1E-30	1.24950874805804E-10	4.49259847980742E-02	2.25424216159901E-06	2.50669647289397E-11	1.09410214158778E-02	4.42397000107418E-07	5.47939713451148E-11	2.31682806118773E-02	1.20538050552532E-11	7.45709096903249E-11	8.33551689481767	3.22100940386862E-12	1.06967197376681E-10	21.6250666711913	1E10	1E-30	1E-10	1E10	1E-30	1E-10	1E10	1E-30	1E-10
509	4.73798900513142E-07	1E10	1063829787.23404	1E-30	1.56710479699783E-10	1E10	1E-30	1E10	6.95120331499749E-03	6.41007304390013E-05	1E10	70.9380775536747	8.14027224127912E-05	1E10	10.0202697887926	7.17084614206831E-05	1E10	2.23391491979376	5.31237487741411E-05	1E10	0.315548869570161	7.77897753057681E-05	1E10	3.45992455301311E-02	3.74571997246368E-05	1E10	1.45789218590574E-02	1.16559768991986E-04	1E10	7.74700263591437E-04	1E-30	1.3556526038666E-10	4.20207015034219E-02	1E-30	1.25455109234317E-11	2.93775165013138E-02	1.64896746911941E-06	4.44582122644062E-11	0.024316583763278	5.80335982200661E-07	5.42984110772463E-11	2.44286517386433E-02	1.36177754235403E-11	7.1051742939164E-11	9.54551315671898	2.22714325697773E-12	1.56843363840956E-10	25.6511708550629	1E10	1E-30	1E-10	1E10	1E-30	1E-10
510	4.73798900513142E-07	1E10	1063829787.23404	1E-30	1.56710479699783E-10	1E10	1E-30	1E10	6.95120331499749E-03	6.41007304390013E-05	1E10	70.9380775536747	8.14027224127912E-05	1E10	10.0202697887926	7.17084614206831E-05	1E10	2.23391491979376	5.31237487741411E-05	1E10	0.315548869570161	7.77897753057681E-05	1E10	3.45992455301311E-02	3.74571997246368E-05	1E10	1.45789218590574E-02	1.16559768991986E-04	1E10	7.74700263591437E-04	1E-30	1.3556526038666E-10	4.20207015034219E-02	1E-30	1.25455109234317E-11	2.93775165013138E-02	1.64896746911941E-06	4.44582122644062E-11	0.024316583763278	5.80335982200661E-07	5.42984110772463E-11	2.44286517386433E-02	1.36177754235403E-11	7.1051742939164E-11	9.54551315671898	2.22714325697773E-12	1.56843363840956E-10	25.6511708550629	1E10	1E-30	1E-10	1E10	1E-30	1E-10
511	4.56409156368744E-07	1E10	1063829787.23404	1E-30	1.77590171122593E-10	1E10	1E-30	1E10	7.46814108346902E-03	6.51953055315213E-05	1E10	67.5369579125967	6.94987269856747E-05	1E10	11.7365781431722	5.83097763235542E-05	1E10	1.58322082837758	5.06274669834626E-05	1E10	0.180195437966101	3.43599209417683E-05	1E10	2.64439622644843E-02	5.41623921805433E-05	1E10	2.67871405130594E-03	1E-30	1.72804712975747E-11	7.49027856044423E-02	1E-30	1.24950874805804E-10	4.49259847980742E-02	2.25424216159901E-06	2.50669647289397E-11	1.09410214158778E-02	4.42397000107418E-07	5.47939713451148E-11	2.31682806118773E-02	1.20538050552532E-11	7.45709096903249E-11	8.33551689481767	3.22100940386862E-12	1.06967197376681E-10	21.6250666711913	1E10	1E-30	1E-10	1E10	1E-30	1E-10	1E10	1E-30	1E-10
512	4.56409156368744E-07	1E10	1063829787.23404	1E-30	1.77590171122593E-10	1E10	1E-30	1E10	7.46814108346902E-03	6.51953055315213E-05	1E10	67.5369579125967	6.94987269856747E-05	1E10	11.7365781431722	5.83097763235542E-05	1E10	1.58322082837758	5.06274669834626E-05	1E10	0.180195437966101	3.43599209417683E-05	1E10	2.64439622644843E-02	5.41623921805433E-05	1E10	2.67871405130594E-03	1E-30	1.72804712975747E-11	7.49027856044423E-02	1E-30	1.24950874805804E-10	4.49259847980742E-02	2.25424216159901E-06	2.50669647289397E-11	1.09410214158778E-02	4.42397000107418E-07	5.47939713451148E-11	2.31682806118773E-02	1.20538050552532E-11	7.45709096903249E-11	8.33551689481767	3.22100940386862E-12	1.06967197376681E-10	21.6250666711913	1E10	1E-30	1E-10	1E10	1E-30	1E-10	1E10	1E-30	1E-10
513	4.64748154859589E-07	1E10	1063829787	1E-30	2.35062615545905E-10	1E10	1E-30	1E10	5.70019975837781E-03	1.10638854539281E-04	1E10	24.8175076727654	9.89162382278744E-05	1E10	8.41277656422907	9.4901100571283E-05	1E10	1.65089312427499	9.10408458976777E-05	1E10	0.367645155235261	7.14358694749665E-05	1E10	8.85556180387368E-02	4.69291592947545E-05	1E10	1.75324042241737E-02	1E-30	1.3511840594623E-11	5.78648123487764E-02	1E-30	1.17520223240465E-10	2.81661546231789E-02	1E-30	1.0572481182147E-10	2.77810678153402E-02	2.3225630386895E-06	3.5315613639611E-11	2.69598065248301E-02	7.89594537212726E-07	5.02243740913754E-11	2.62739250093106E-02	9.95655887796787E-12	8.9774603182522E-11	7.96720165246376	1E10	1E-30	1E-10	1E10	1E-30	1E-10	1E10	1E-30	1E-10
514	4.52804559035668E-07	1E10	1063829787.23404	1E-30	9.93005851997194E-11	1E10	1E-30	1E10	6.6779235690972E-03	5.82771236345393E-05	1E10	68.2750508115195	8.56590208641511E-05	1E10	6.6720920915666	8.49335074881427E-05	1E10	0.921005093517989	9.93895731767407E-05	1E10	0.192425237838399	5.99181091288478E-05	1E10	5.67887137352159E-02	4.35132511688236E-05	1E10	8.06350087299442E-03	1E-30	9.01860771800572E-12	7.29012561438723E-02	1E-30	1.68359879495385E-10	4.79807644089304E-02	2.95967142026998E-06	1.89273083487687E-11	1.16333776369116E-02	7.01436410482341E-07	3.67007680820341E-11	2.20195708035363E-02	9.43935371738321E-12	1.05370037632966E-10	12.7453852863465	1.99566623343634E-12	1.47806130962681E-10	24.2300797292646	1E10	1E-30	1E-10	1E10	1E-30	1E-10	1E10	1E-30	1E-10
515	4.6477217446063E-07	1E10	1063829787.23404	1E-30	1.55987567980643E-10	1E10	1E-30	1E10	5.55679232567929E-03	5.01765188059216E-05	1E10	79.2975214698993	7.94287961453664E-05	1E10	9.10457364513918	6.12713253164088E-05	1E10	1.99186368232579	5.04150867075918E-05	1E10	0.315689119042868	4.62588941834621E-05	1E10	3.45345352636587E-02	4.89251252800061E-05	1E10	4.41413218360668E-03	1E-30	2.27394417510087E-10	5.40443000543516E-02	1E-30	1.03404485913941E-11	3.65748730504298E-02	2.09941777501071E-06	3.94319921031188E-11	2.19258244575996E-02	9.06759214674497E-07	4.55950433445869E-11	2.64964856651053E-02	1.29743434932626E-11	8.2262116267297E-11	7.19331407962272	3.19987657233278E-12	1.0160697594411E-10	10.4940934313274	1E10	1E-30	1E-10	1E10	1E-30	1E-10	1E10	1E-30	1E-10
516	4.56409156368744E-07	1E10	1063829787.23404	1E-30	1.77590171122593E-10	1E10	1E-30	1E10	7.46814108346902E-03	6.51953055315213E-05	1E10	67.5369579125967	6.94987269856747E-05	1E10	11.7365781431722	5.83097763235542E-05	1E10	1.58322082837758	5.06274669834626E-05	1E10	0.180195437966101	3.43599209417683E-05	1E10	2.64439622644843E-02	5.41623921805433E-05	1E10	2.67871405130594E-03	1E-30	1.72804712975747E-11	7.49027856044423E-02	1E-30	1.24950874805804E-10	4.49259847980742E-02	2.25424216159901E-06	2.50669647289397E-11	1.09410214158778E-02	4.42397000107418E-07	5.47939713451148E-11	2.31682806118773E-02	1.20538050552532E-11	7.45709096903249E-11	8.33551689481767	3.22100940386862E-12	1.06967197376681E-10	21.6250666711913	1E10	1E-30	1E-10	1E10	1E-30	1E-10	1E10	1E-30	1E-10
517	4.56409156368744E-07	1E10	1063829787.23404	1E-30	1.77590171122593E-10	1E10	1E-30	1E10	7.46814108346902E-03	6.51953055315213E-05	1E10	67.5369579125967	6.94987269856747E-05	1E10	11.7365781431722	5.83097763235542E-05	1E10	1.58322082837758	5.06274669834626E-05	1E10	0.180195437966101	3.43599209417683E-05	1E10	2.64439622644843E-02	5.41623921805433E-05	1E10	2.67871405130594E-03	1E-30	1.72804712975747E-11	7.49027856044423E-02	1E-30	1.24950874805804E-10	4.49259847980742E-02	2.25424216159901E-06	2.50669647289397E-11	1.09410214158778E-02	4.42397000107418E-07	5.47939713451148E-11	2.31682806118773E-02	1.20538050552532E-11	7.45709096903249E-11	8.33551689481767	3.22100940386862E-12	1.06967197376681E-10	21.6250666711913	1E10	1E-30	1E-10	1E10	1E-30	1E-10	1E10	1E-30	1E-10
518	4.73798900513142E-07	1E10	1063829787.23404	1E-30	1.56710479699783E-10	1E10	1E-30	1E10	6.95120331499749E-03	6.41007304390013E-05	1E10	70.9380775536747	8.14027224127912E-05	1E10	10.0202697887926	7.17084614206831E-05	1E10	2.23391491979376	5.31237487741411E-05	1E10	0.315548869570161	7.77897753057681E-05	1E10	3.45992455301311E-02	3.74571997246368E-05	1E10	1.45789218590574E-02	1.16559768991986E-04	1E10	7.74700263591437E-04	1E-30	1.3556526038666E-10	4.20207015034219E-02	1E-30	1.25455109234317E-11	2.93775165013138E-02	1.64896746911941E-06	4.44582122644062E-11	0.024316583763278	5.80335982200661E-07	5.42984110772463E-11	2.44286517386433E-02	1.36177754235403E-11	7.1051742939164E-11	9.54551315671898	2.22714325697773E-12	1.56843363840956E-10	25.6511708550629	1E10	1E-30	1E-10	1E10	1E-30	1E-10
519	4.73798900513142E-07	1E10	1063829787.23404	1E-30	1.56710479699783E-10	1E10	1E-30	1E10	6.95120331499749E-03	6.41007304390013E-05	1E10	70.9380775536747	8.14027224127912E-05	1E10	10.0202697887926	7.17084614206831E-05	1E10	2.23391491979376	5.31237487741411E-05	1E10	0.315548869570161	7.77897753057681E-05	1E10	3.45992455301311E-02	3.74571997246368E-05	1E10	1.45789218590574E-02	1.16559768991986E-04	1E10	7.74700263591437E-04	1E-30	1.3556526038666E-10	4.20207015034219E-02	1E-30	1.25455109234317E-11	2.93775165013138E-02	1.64896746911941E-06	4.44582122644062E-11	0.024316583763278	5.80335982200661E-07	5.42984110772463E-11	2.44286517386433E-02	1.36177754235403E-11	7.1051742939164E-11	9.54551315671898	2.22714325697773E-12	1.56843363840956E-10	25.6511708550629	1E10	1E-30	1E-10	1E10	1E-30	1E-10
520	4.59580143672886E-07	1E10	1063829787.23404	1E-30	1.68620360323956E-10	1E10	1E-30	1E10	5.67470581912215E-03	8.03477149534608E-05	1E10	56.5938009533053	9.74427386338213E-05	1E10	8.96951298663928	8.36592577650194E-05	1E10	1.10349117168584	6.33245417895692E-05	1E10	0.144821972867709	5.43512518521435E-05	1E10	1.69768001713134E-02	1E-30	1.35616928602871E-11	0.060152861348	1E-30	1.6457476190519E-10	5.27048414058281E-02	1.25740112493634E-06	6.0000849907542E-11	3.35937101248157E-02	6.71035660403726E-07	4.41303010924691E-11	2.67293016118872E-02	1.96885165367373E-11	4.27402247551725E-11	3.8191149092607	5.93691307625014E-12	5.61892985952665E-11	7.13336844283372	1E10	1E-30	1E-10	1E10	1E-30	1E-10	1E10	1E-30	1E-10	1E10	1E-30	1E-10
521	4.59580143672886E-07	1E10	1063829787.23404	1E-30	1.68620360323956E-10	1E10	1E-30	1E10	5.67470581912215E-03	8.03477149534608E-05	1E10	56.5938009533053	9.74427386338213E-05	1E10	8.96951298663928	8.36592577650194E-05	1E10	1.10349117168584	6.33245417895692E-05	1E10	0.144821972867709	5.43512518521435E-05	1E10	1.69768001713134E-02	1E-30	1.35616928602871E-11	0.060152861348	1E-30	1.6457476190519E-10	5.27048414058281E-02	1.25740112493634E-06	6.0000849907542E-11	3.35937101248157E-02	6.71035660403726E-07	4.41303010924691E-11	2.67293016118872E-02	1.96885165367373E-11	4.27402247551725E-11	3.8191149092607	5.93691307625014E-12	5.61892985952665E-11	7.13336844283372	1E10	1E-30	1E-10	1E10	1E-30	1E-10	1E10	1E-30	1E-10	1E10	1E-30	1E-10
522	6.59309623531294E-07	1E10	735294117.647058	1E-30	1.69408770561506E-10	1E10	1E-30	1E10	5.13221646185858E-03	9.28454221756312E-05	1E10	42.8548170072481	1.14663341207826E-04	1E10	6.63742527812792	8.87004990665446E-05	1E10	0.835602335152021	8.11393664408621E-05	1E10	8.11007095843702E-02	5.81649443132885E-05	1E10	1.19628155087008E-02	1E-30	2.55668360000112E-11	9.53899042039158E-02	1E-30	1.78082020786865E-10	4.45550437734009E-02	2.81551863692259E-06	3.60531287623447E-11	1.40147710175046E-02	8.29038535005715E-07	5.41276014917163E-11	2.05245680478732E-02	1.05824486115243E-11	5.91222774748049E-11	7.3719373019791	6.90545407465679E-12	4.76156885579815E-11	7.76996740001107	1E10	1E-30	1E-10	1E10	1E-30	1E-10	1E10	1E-30	1E-10	1E10	1E-30	1E-10
523	6.14612868567532E-07	1E10	735294117.647058	1E-30	1.64327934768431E-10	1E10	1E-30	1E10	6.7288458091095E-03	7.44440360699086E-05	1E10	53.4478487109553	1.24020651431608E-04	1E10	6.27957467672793	8.68118491928062E-05	1E10	1.40582165700092	8.78360157948437E-05	1E10	0.217735994559011	6.26098541339751E-05	1E10	2.85603696052218E-02	6.01183252456359E-05	1E10	5.79023764059618E-03	1E-30	1.48057878685762E-10	4.35097204905334E-02	1E-30	9.95081993649758E-12	3.23020381092247E-02	3.25844444906702E-06	2.46904291032021E-11	9.32691006588923E-03	6.47256220491546E-07	5.28074189341432E-11	0.017516585252713	1.29677775432162E-11	6.67349491784557E-11	8.01818566043206	2.55266002328765E-12	1.4339917125375E-10	16.68213226605	1E10	1E-30	1E-10	1E10	1E-30	1E-10	1E10	1E-30	1E-10
524	6.64537210955392E-07	1E10	735294117.647058	1E-30	1.99769035626874E-10	1E10	1E-30	1E10	5.47209435646421E-03	8.86247565935975E-05	1E10	38.7090594672036	1.84006333892923E-04	1E10	2.86954222141643	1.49805746230197E-04	1E10	0.522170844412907	1.67873990678638E-04	1E10	8.46861948015292E-02	9.19355696243898E-05	1E10	2.13266648555698E-02	2.02152770613691E-04	1E10	1.78324374547279E-03	1E-30	1.49796605876464E-10	4.38231130125307E-02	1E-30	1.04691937352314E-11	4.00757401042058E-02	3.06162382770728E-06	3.33138117756759E-11	1.15307687365746E-02	9.3815152373241E-07	5.23304093442104E-11	2.18296651981282E-02	1.49202245927932E-11	1.20912614850505E-10	12.3237623306369	4.32893170257889E-12	8.2204817902415E-11	36.4058112518068	1E10	1E-30	1E-10	1E10	1E-30	1E-10	1E10	1E-30	1E-10
525	6.64537210955392E-07	1E10	735294117.647058	1E-30	1.99769035626874E-10	1E10	1E-30	1E10	5.47209435646421E-03	8.86247565935975E-05	1E10	38.7090594672036	1.84006333892923E-04	1E10	2.86954222141643	1.49805746230197E-04	1E10	0.522170844412907	1.67873990678638E-04	1E10	8.46861948015292E-02	9.19355696243898E-05	1E10	2.13266648555698E-02	2.02152770613691E-04	1E10	1.78324374547279E-03	1E-30	1.49796605876464E-10	4.38231130125307E-02	1E-30	1.04691937352314E-11	4.00757401042058E-02	3.06162382770728E-06	3.33138117756759E-11	1.15307687365746E-02	9.3815152373241E-07	5.23304093442104E-11	2.18296651981282E-02	1.49202245927932E-11	1.20912614850505E-10	12.3237623306369	4.32893170257889E-12	8.2204817902415E-11	36.4058112518068	1E10	1E-30	1E-10	1E10	1E-30	1E-10	1E10	1E-30	1E-10
526	6.59309623531294E-07	1E10	735294117.647058	1E-30	1.69408770561506E-10	1E10	1E-30	1E10	5.13221646185858E-03	9.28454221756312E-05	1E10	42.8548170072481	1.14663341207826E-04	1E10	6.63742527812792	8.87004990665446E-05	1E10	0.835602335152021	8.11393664408621E-05	1E10	8.11007095843702E-02	5.81649443132885E-05	1E10	1.19628155087008E-02	1E-30	2.55668360000112E-11	9.53899042039158E-02	1E-30	1.78082020786865E-10	4.45550437734009E-02	2.81551863692259E-06	3.60531287623447E-11	1.40147710175046E-02	8.29038535005715E-07	5.41276014917163E-11	2.05245680478732E-02	1.05824486115243E-11	5.91222774748049E-11	7.3719373019791	6.90545407465679E-12	4.76156885579815E-11	7.76996740001107	1E10	1E-30	1E-10	1E10	1E-30	1E-10	1E10	1E-30	1E-10	1E10	1E-30	1E-10
527	6.68464683836752E-07	1E10	735294117.647058	1E-30	1.35644207740409E-10	1E10	1E-30	1E10	5.5578783617098E-03	8.62726020544811E-05	1E10	46.1197817446693	1.15650601122279E-04	1E10	5.80613652247649	1.07261055782786E-04	1E10	1.05654316151572	8.55273330735267E-05	1E10	0.206009497789273	7.16732048361789E-05	1E10	2.98700094930737E-02	5.38249046956959E-05	1E10	9.21022976613973E-03	1E-30	1.78612258198882E-10	4.04947327076669E-02	1E-30	1.0740509283919E-11	0.032782561206906	2.57221313129492E-06	4.12991660760535E-11	1.57072184408946E-02	1.05451974830812E-06	4.50759358295382E-11	1.94247585849091E-02	1.10033987449716E-11	9.89301296678396E-11	10.8278182553405	1.83167531023534E-12	1.63708618947669E-10	24.3813931299349	1E10	1E-30	1E-10	1E10	1E-30	1E-10	1E10	1E-30	1E-10
528	6.59309623531294E-07	1E10	735294117.647058	1E-30	1.69408770561506E-10	1E10	1E-30	1E10	5.13221646185858E-03	9.28454221756312E-05	1E10	42.8548170072481	1.14663341207826E-04	1E10	6.63742527812792	8.87004990665446E-05	1E10	0.835602335152021	8.11393664408621E-05	1E10	8.11007095843702E-02	5.81649443132885E-05	1E10	1.19628155087008E-02	1E-30	2.55668360000112E-11	9.53899042039158E-02	1E-30	1.78082020786865E-10	4.45550437734009E-02	2.81551863692259E-06	3.60531287623447E-11	1.40147710175046E-02	8.29038535005715E-07	5.41276014917163E-11	2.05245680478732E-02	1.05824486115243E-11	5.91222774748049E-11	7.3719373019791	6.90545407465679E-12	4.76156885579815E-11	7.76996740001107	1E10	1E-30	1E-10	1E10	1E-30	1E-10	1E10	1E-30	1E-10	1E10	1E-30	1E-10
529	6.14612868567532E-07	1E10	735294117.647058	1E-30	1.64327934768431E-10	1E10	1E-30	1E10	6.7288458091095E-03	7.44440360699086E-05	1E10	53.4478487109553	1.24020651431608E-04	1E10	6.27957467672793	8.68118491928062E-05	1E10	1.40582165700092	8.78360157948437E-05	1E10	0.217735994559011	6.26098541339751E-05	1E10	2.85603696052218E-02	6.01183252456359E-05	1E10	5.79023764059618E-03	1E-30	1.48057878685762E-10	4.35097204905334E-02	1E-30	9.95081993649758E-12	3.23020381092247E-02	3.25844444906702E-06	2.46904291032021E-11	9.32691006588923E-03	6.47256220491546E-07	5.28074189341432E-11	0.017516585252713	1.29677775432162E-11	6.67349491784557E-11	8.01818566043206	2.55266002328765E-12	1.4339917125375E-10	16.68213226605	1E10	1E-30	1E-10	1E10	1E-30	1E-10	1E10	1E-30	1E-10
530	9.65021105009392E-07	1E10	5E8	1E-30	2.24588004257316E-10	1E10	1E-30	1E10	4.51403085545881E-03	8.43767610973835E-05	1E10	62.8747145627796	1.37493634523036E-04	1E10	2.85473898826819	1.2490225593478E-04	1E10	0.365730177499458	1.2150245986442E-04	1E10	4.44384887623966E-02	1.14755587911862E-04	1E10	7.22112465982101E-03	1E-30	2.95311247322921E-11	0.127510809645537	1E-30	2.0451958302636E-10	3.42957425913996E-02	4.47921404071627E-06	3.69728364225705E-11	0.015048973505612	1.55025193235992E-06	5.13456166809123E-11	1.74076297637361E-02	7.56468652090389E-12	8.71120895718543E-11	9.18557732962959	1.10493805668454E-11	3.44065316808671E-11	13.7883467122584	1E10	1E-30	1E-10	1E10	1E-30	1E-10	1E10	1E-30	1E-10	1E10	1E-30	1E-10
531	9.50252516079244E-07	1E10	5E8	1E-30	1.70878468819419E-10	1E10	1E-30	1E10	4.89515626882584E-03	1.4549959968046E-04	1E10	5.4100931683183	1.14119917362729E-04	1E10	0.702285788265007	1.09226928471861E-04	1E10	8.50552251001744E-02	7.72341795844713E-05	1E10	1.11313473959017E-02	1E-30	2.52298631948929E-11	0.056576215275654	1E-30	1.78973808133606E-10	3.75992444690366E-02	4.3087116995347E-06	3.29039154101473E-11	1.08803674457979E-02	1.32117874170719E-06	5.09555902862771E-11	1.67521000022404E-02	1.233613328026E-11	6.02825934465446E-11	4.97279741920015	7.25917251055658E-12	4.20333311243885E-11	5.25500424212282	1E10	1E-30	1E-10	1E10	1E-30	1E-10	1E10	1E-30	1E-10	1E10	1E-30	1E-10	1E10	1E-30	1E-10
532	9.33142881523088E-07	1E10	5E8	1E-30	1.89112591280245E-10	1E10	1E-30	1E10	4.89966860829188E-03	1.8070951754291E-04	1E10	6.47160236284907	1.23242561666433E-04	1E10	0.796692517815953	1.12569053221137E-04	1E10	9.92005342376272E-02	7.87020301575798E-05	1E10	1.33005326457295E-02	1E-30	1.81466659794498E-11	5.43509010052294E-02	1E-30	1.87630472657822E-10	3.80478409075105E-02	3.04969162439331E-06	5.20217695720149E-11	1.67369061879669E-02	1.73613201317669E-06	4.2251590254749E-11	1.74546568354277E-02	8.19227940027982E-12	9.37070486903846E-11	10.3393036965912	5.86673511805401E-12	5.67109719177812E-11	19.5832987790737	1E10	1E-30	1E-10	1E10	1E-30	1E-10	1E10	1E-30	1E-10	1E10	1E-30	1E-10	1E10	1E-30	1E-10
533	9.33142881523088E-07	1E10	5E8	1E-30	1.89112591280245E-10	1E10	1E-30	1E10	4.89966860829188E-03	1.8070951754291E-04	1E10	6.47160236284907	1.23242561666433E-04	1E10	0.796692517815953	1.12569053221137E-04	1E10	9.92005342376272E-02	7.87020301575798E-05	1E10	1.33005326457295E-02	1E-30	1.81466659794498E-11	5.43509010052294E-02	1E-30	1.87630472657822E-10	3.80478409075105E-02	3.04969162439331E-06	5.20217695720149E-11	1.67369061879669E-02	1.73613201317669E-06	4.2251590254749E-11	1.74546568354277E-02	8.19227940027982E-12	9.37070486903846E-11	10.3393036965912	5.86673511805401E-12	5.67109719177812E-11	19.5832987790737	1E10	1E-30	1E-10	1E10	1E-30	1E-10	1E10	1E-30	1E-10	1E10	1E-30	1E-10	1E10	1E-30	1E-10
534	7.93953579784291E-07	1E10	5E7	1E-30	1.33475268926842E-10	1E10	1E-30	1E10	9.79375255465628E-03	1.05428010362708E-05	1E10	696.647760899334	2.52099325361121E-05	1E10	23.8705327034314	2.17484384840685E-05	1E10	3.58691359482333	1.78986227962742E-05	1E10	0.516872097189521	1.48945895164301E-05	1E10	7.50857539616088E-02	1.14580817033005E-05	1E10	1.50737651732879E-02	1E-30	1.50935236494969E-11	0.089072943905806	1E-30	1.07607177928104E-10	4.93708987797028E-02	4.60441753734813E-06	1.16008071950321E-11	4.02429715490321E-03	3.4668602776971E-07	5.97588759984396E-11	0.01431951024462	1.97183910144786E-11	3.97449885228153E-11	8.71880097313632	2.55688634973732E-12	1.21403424287632E-10	21.2632725527323	1E10	1E-30	1E-10	1E10	1E-30	1E-10	1E10	1E-30	1E-10
535	7.93953579784291E-07	1E10	5E7	1E-30	1.33475268926842E-10	1E10	1E-30	1E10	9.79375255465628E-03	1.05428010362708E-05	1E10	696.647760899334	2.52099325361121E-05	1E10	23.8705327034314	2.17484384840685E-05	1E10	3.58691359482333	1.78986227962742E-05	1E10	0.516872097189521	1.48945895164301E-05	1E10	7.50857539616088E-02	1.14580817033005E-05	1E10	1.50737651732879E-02	1E-30	1.50935236494969E-11	0.089072943905806	1E-30	1.07607177928104E-10	4.93708987797028E-02	4.60441753734813E-06	1.16008071950321E-11	4.02429715490321E-03	3.4668602776971E-07	5.97588759984396E-11	0.01431951024462	1.97183910144786E-11	3.97449885228153E-11	8.71880097313632	2.55688634973732E-12	1.21403424287632E-10	21.2632725527323	1E10	1E-30	1E-10	1E10	1E-30	1E-10	1E10	1E-30	1E-10
536	9.74119063276529E-07	1E10	5E8	1E-30	1.02956307886468E-10	1E10	1E-30	1E10	5.31938179091508E-03	1.23796491845305E-05	1E10	539.498869702527	8.64765957940533E-05	1E10	3.04173082370016	8.32436654214283E-05	1E10	0.281453103854891	7.06423375313181E-05	1E10	3.29673865252249E-02	6.07874168008017E-05	1E10	4.81672726420836E-03	1E-30	1.92073745872318E-11	0.062838660530072	1E-30	1.82165380101752E-10	0.03827946844536	3.68177179609013E-06	3.66341471776466E-11	0.010455184350967	1.03393489707393E-06	5.71650074008795E-11	1.50830213020571E-02	9.24466146169691E-12	7.76284613815553E-11	8.85347121572695	2.46145550597287E-12	1.20235736831537E-10	24.2585972956873	1E10	1E-30	1E-10	1E10	1E-30	1E-10	1E10	1E-30	1E-10	1E10	1E-30	1E-10
537	1.02430055733229E-06	1E10	5E8	1E-30	1.055304119219E-10	1E10	1E-30	1E10	4.89140109086424E-03	2.35556045059466E-05	1E10	303.811789614305	1.12445380354731E-04	1E10	3.03973479518812	1.13580658843478E-04	1E10	0.299939365668271	9.25784022337561E-05	1E10	3.66441262949922E-02	6.76325104003454E-05	1E10	5.28715799164126E-03	1E-30	1.836248836583E-11	5.34440348557143E-02	1E-30	1.99184755194168E-10	3.68552518958051E-02	2.42574429699694E-06	7.07949965572173E-11	1.57216155223805E-02	1.83495755851906E-06	4.21057129960414E-11	1.57095939945651E-02	1.51248746768587E-11	7.39264071350328E-11	8.52690738610247	2.09907127804398E-12	1.46517220273344E-10	23.3480329275514	1E10	1E-30	1E-10	1E10	1E-30	1E-10	1E10	1E-30	1E-10	1E10	1E-30	1E-10
538	7.28159149812338E-07	1E10	5E7	1E-30	1.23514288884172E-10	1E10	1E-30	1E10	7.68014855985337E-03	3.18153381049282E-05	1E10	112.076575748789	3.69329242685985E-05	1E10	17.0964991042948	2.66321272379484E-05	1E10	3.90080652176807	2.09225711538399E-05	1E10	0.615378308795612	2.46754694545801E-05	1E10	9.50366367495126E-02	2.3334036923938E-05	1E10	3.25273694233862E-02	1.18772931417342E-05	1E10	1.06272219305609E-02	1E-30	2.80238666672307E-11	9.74763178845334E-02	1E-30	1.30371826441292E-10	3.39727942534675E-02	2.99508536816782E-06	2.49410837555412E-11	8.54172158532504E-03	6.97929867473944E-07	4.16863881592726E-11	1.48435440767434E-02	7.98211301618868E-12	9.6873432686197E-11	16.9496173680454	3.4763063323834E-12	9.69040999143413E-11	19.0696248054589	1E10	1E-30	1E-10	1E10	1E-30	1E-10
539	1.01139839440037E-06	1E10	5E8	1E-30	1.04824555377975E-10	1E10	1E-30	1E10	3.95140651612181E-03	2.82691674166199E-05	1E10	236.257638717773	1.58177484951682E-04	1E10	1.59934681685277	1.60030030436004E-04	1E10	0.145110788703232	1.34741192374904E-04	1E10	1.68036686722961E-02	1.32426354555977E-04	1E10	1.80421051683443E-03	1E-30	1.84772785604794E-10	3.32251203439647E-02	1E-30	1.31542568508845E-11	2.59357105655916E-02	3.3923521348945E-06	4.78423027028119E-11	1.84815538523132E-02	1.96359932363214E-06	3.66856673566889E-11	1.81899109690772E-02	1.19177128102758E-11	9.44033445952784E-11	9.28461286655494	2.35389140080011E-12	1.28772102274174E-10	18.4599596623939	1E10	1E-30	1E-10	1E10	1E-30	1E-10	1E10	1E-30	1E-10	1E10	1E-30	1E-10
540	7.28159149812338E-07	1E10	5E7	1E-30	1.23514288884172E-10	1E10	1E-30	1E10	7.68014855985337E-03	3.18153381049282E-05	1E10	112.076575748789	3.69329242685985E-05	1E10	17.0964991042948	2.66321272379484E-05	1E10	3.90080652176807	2.09225711538399E-05	1E10	0.615378308795612	2.46754694545801E-05	1E10	9.50366367495126E-02	2.3334036923938E-05	1E10	3.25273694233862E-02	1.18772931417342E-05	1E10	1.06272219305609E-02	1E-30	2.80238666672307E-11	9.74763178845334E-02	1E-30	1.30371826441292E-10	3.39727942534675E-02	2.99508536816782E-06	2.49410837555412E-11	8.54172158532504E-03	6.97929867473944E-07	4.16863881592726E-11	1.48435440767434E-02	7.98211301618868E-12	9.6873432686197E-11	16.9496173680454	3.4763063323834E-12	9.69040999143413E-11	19.0696248054589	1E10	1E-30	1E-10	1E10	1E-30	1E-10
541	9.38529136434385E-07	1E10	5E8	1E-30	1.8869046238687E-10	1E10	1E-30	1E10	4.20401826935604E-03	2.64646706892489E-04	1E10	14.9839487937465	3.95552741144807E-04	1E10	1.65539113528633	2.76461946309065E-04	1E10	0.457731981783455	1.88973944177151E-04	1E10	9.90700595898692E-02	1.51747564171143E-04	1E10	1.58027707642205E-02	3.224422684338E-04	1E10	1.93504805830191E-03	1E-30	2.38097767780979E-11	0.078348259498335	1E-30	2.30552632073625E-10	0.03867971506564	3.51500923802188E-06	4.72257287915187E-11	1.52266009480915E-02	2.25824544077269E-06	3.52375115708688E-11	1.50713091201168E-02	1.80136295930844E-11	6.17154902142909E-11	6.01134303877064	1.35630333441645E-11	2.94102490747159E-11	2.95211556421224	1E10	1E-30	1E-10	1E10	1E-30	1E-10	1E10	1E-30	1E-10
542	9.82430766768579E-07	1E10	5E7	1E-30	1.66023865643976E-10	1E10	1E-30	1E10	5.53312203949949E-03	1.2576778015782E-04	1E10	18.3494053895714	1.04419178797626E-04	1E10	3.42221304810719	9.28938798323878E-05	1E10	0.637310025038376	1.01908123446541E-04	1E10	8.81075749685413E-02	7.34192648206833E-05	1E10	1.78232384172761E-02	8.16726151130887E-05	1E10	2.83762957279317E-03	1E-30	1.43302440792072E-11	5.46884578899605E-02	1E-30	2.25787875656928E-10	3.58898975858682E-02	1E-30	1.77025844795123E-11	2.02912820655775E-02	3.01743984663313E-06	5.5935588347889E-11	1.53019822585934E-02	1.62040810515771E-06	4.80036194093887E-11	1.32918691465437E-02	1.19958983985409E-11	8.38944731957259E-11	6.82537118005872	7.2391751763459E-12	4.44196067877282E-11	13.0263970811544	1E10	1E-30	1E-10	1E10	1E-30	1E-10
543	7.7116934360827E-07	1E10	5E7	1E-30	1.98598618214451E-10	1E10	1E-30	1E10	9.65208603451058E-03	2.48843390663466E-05	1E10	175.150274770406	2.29681884519482E-05	1E10	21.8501539153044	1.84235401975114E-05	1E10	2.82546205301092	1.6326883003397E-05	1E10	0.338408350541053	1.20957498979155E-05	1E10	5.11480772882508E-02	1.63334852276177E-05	1E10	5.54536058247665E-03	1E-30	1.60332757996418E-11	7.06207108247052E-02	1E-30	9.40447059712583E-11	5.15949463680174E-02	3.37775448815992E-06	1.63040478022272E-11	5.3419168830822E-03	3.20112233159787E-07	6.32571210159456E-11	1.74365741252979E-02	1.05611836677223E-11	7.16540974142448E-11	10.2213537786309	1.11708604669884E-11	3.26570494242657E-11	7.1212266242678	1E10	1E-30	1E-10	1E10	1E-30	1E-10	1E10	1E-30	1E-10
544	7.7116934360827E-07	1E10	5E7	1E-30	1.98598618214451E-10	1E10	1E-30	1E10	9.65208603451058E-03	2.48843390663466E-05	1E10	175.150274770406	2.29681884519482E-05	1E10	21.8501539153044	1.84235401975114E-05	1E10	2.82546205301092	1.6326883003397E-05	1E10	0.338408350541053	1.20957498979155E-05	1E10	5.11480772882508E-02	1.63334852276177E-05	1E10	5.54536058247665E-03	1E-30	1.60332757996418E-11	7.06207108247052E-02	1E-30	9.40447059712583E-11	5.15949463680174E-02	3.37775448815992E-06	1.63040478022272E-11	5.3419168830822E-03	3.20112233159787E-07	6.32571210159456E-11	1.74365741252979E-02	1.05611836677223E-11	7.16540974142448E-11	10.2213537786309	1.11708604669884E-11	3.26570494242657E-11	7.1212266242678	1E10	1E-30	1E-10	1E10	1E-30	1E-10	1E10	1E-30	1E-10
545	7.7116934360827E-07	1E10	5E7	1E-30	1.98598618214451E-10	1E10	1E-30	1E10	9.65208603451058E-03	2.48843390663466E-05	1E10	175.150274770406	2.29681884519482E-05	1E10	21.8501539153044	1.84235401975114E-05	1E10	2.82546205301092	1.6326883003397E-05	1E10	0.338408350541053	1.20957498979155E-05	1E10	5.11480772882508E-02	1.63334852276177E-05	1E10	5.54536058247665E-03	1E-30	1.60332757996418E-11	7.06207108247052E-02	1E-30	9.40447059712583E-11	5.15949463680174E-02	3.37775448815992E-06	1.63040478022272E-11	5.3419168830822E-03	3.20112233159787E-07	6.32571210159456E-11	1.74365741252979E-02	1.05611836677223E-11	7.16540974142448E-11	10.2213537786309	1.11708604669884E-11	3.26570494242657E-11	7.1212266242678	1E10	1E-30	1E-10	1E10	1E-30	1E-10	1E10	1E-30	1E-10
546	9.65021105009392E-07	1E10	5E8	1E-30	2.24588004257316E-10	1E10	1E-30	1E10	4.51403085545881E-03	8.43767610973835E-05	1E10	62.8747145627796	1.37493634523036E-04	1E10	2.85473898826819	1.2490225593478E-04	1E10	0.365730177499458	1.2150245986442E-04	1E10	4.44384887623966E-02	1.14755587911862E-04	1E10	7.22112465982101E-03	1E-30	2.95311247322921E-11	0.127510809645537	1E-30	2.0451958302636E-10	3.42957425913996E-02	4.47921404071627E-06	3.69728364225705E-11	0.015048973505612	1.55025193235992E-06	5.13456166809123E-11	1.74076297637361E-02	7.56468652090389E-12	8.71120895718543E-11	9.18557732962959	1.10493805668454E-11	3.44065316808671E-11	13.7883467122584	1E10	1E-30	1E-10	1E10	1E-30	1E-10	1E10	1E-30	1E-10	1E10	1E-30	1E-10
547	9.33142881523088E-07	1E10	5E8	1E-30	1.89112591280245E-10	1E10	1E-30	1E10	4.89966860829188E-03	1.8070951754291E-04	1E10	6.47160236284907	1.23242561666433E-04	1E10	0.796692517815953	1.12569053221137E-04	1E10	9.92005342376272E-02	7.87020301575798E-05	1E10	1.33005326457295E-02	1E-30	1.81466659794498E-11	5.43509010052294E-02	1E-30	1.87630472657822E-10	3.80478409075105E-02	3.04969162439331E-06	5.20217695720149E-11	1.67369061879669E-02	1.73613201317669E-06	4.2251590254749E-11	1.74546568354277E-02	8.19227940027982E-12	9.37070486903846E-11	10.3393036965912	5.86673511805401E-12	5.67109719177812E-11	19.5832987790737	1E10	1E-30	1E-10	1E10	1E-30	1E-10	1E10	1E-30	1E-10	1E10	1E-30	1E-10	1E10	1E-30	1E-10
548	9.33142881523088E-07	1E10	5E8	1E-30	1.89112591280245E-10	1E10	1E-30	1E10	4.89966860829188E-03	1.8070951754291E-04	1E10	6.47160236284907	1.23242561666433E-04	1E10	0.796692517815953	1.12569053221137E-04	1E10	9.92005342376272E-02	7.87020301575798E-05	1E10	1.33005326457295E-02	1E-30	1.81466659794498E-11	5.43509010052294E-02	1E-30	1.87630472657822E-10	3.80478409075105E-02	3.04969162439331E-06	5.20217695720149E-11	1.67369061879669E-02	1.73613201317669E-06	4.2251590254749E-11	1.74546568354277E-02	8.19227940027982E-12	9.37070486903846E-11	10.3393036965912	5.86673511805401E-12	5.67109719177812E-11	19.5832987790737	1E10	1E-30	1E-10	1E10	1E-30	1E-10	1E10	1E-30	1E-10	1E10	1E-30	1E-10	1E10	1E-30	1E-10
549	1.02430055733229E-06	1E10	5E8	1E-30	1.055304119219E-10	1E10	1E-30	1E10	4.89140109086424E-03	2.35556045059466E-05	1E10	303.811789614305	1.12445380354731E-04	1E10	3.03973479518812	1.13580658843478E-04	1E10	0.299939365668271	9.25784022337561E-05	1E10	3.66441262949922E-02	6.76325104003454E-05	1E10	5.28715799164126E-03	1E-30	1.836248836583E-11	5.34440348557143E-02	1E-30	1.99184755194168E-10	3.68552518958051E-02	2.42574429699694E-06	7.07949965572173E-11	1.57216155223805E-02	1.83495755851906E-06	4.21057129960414E-11	1.57095939945651E-02	1.51248746768587E-11	7.39264071350328E-11	8.52690738610247	2.09907127804398E-12	1.46517220273344E-10	23.3480329275514	1E10	1E-30	1E-10	1E10	1E-30	1E-10	1E10	1E-30	1E-10	1E10	1E-30	1E-10
550	9.50252516079244E-07	1E10	5E8	1E-30	1.70878468819419E-10	1E10	1E-30	1E10	4.89515626882584E-03	1.4549959968046E-04	1E10	5.4100931683183	1.14119917362729E-04	1E10	0.702285788265007	1.09226928471861E-04	1E10	8.50552251001744E-02	7.72341795844713E-05	1E10	1.11313473959017E-02	1E-30	2.52298631948929E-11	0.056576215275654	1E-30	1.78973808133606E-10	3.75992444690366E-02	4.3087116995347E-06	3.29039154101473E-11	1.08803674457979E-02	1.32117874170719E-06	5.09555902862771E-11	1.67521000022404E-02	1.233613328026E-11	6.02825934465446E-11	4.97279741920015	7.25917251055658E-12	4.20333311243885E-11	5.25500424212282	1E10	1E-30	1E-10	1E10	1E-30	1E-10	1E10	1E-30	1E-10	1E10	1E-30	1E-10	1E10	1E-30	1E-10
551	9.33142881523088E-07	1E10	5E8	1E-30	1.89112591280245E-10	1E10	1E-30	1E10	4.89966860829188E-03	1.8070951754291E-04	1E10	6.47160236284907	1.23242561666433E-04	1E10	0.796692517815953	1.12569053221137E-04	1E10	9.92005342376272E-02	7.87020301575798E-05	1E10	1.33005326457295E-02	1E-30	1.81466659794498E-11	5.43509010052294E-02	1E-30	1.87630472657822E-10	3.80478409075105E-02	3.04969162439331E-06	5.20217695720149E-11	1.67369061879669E-02	1.73613201317669E-06	4.2251590254749E-11	1.74546568354277E-02	8.19227940027982E-12	9.37070486903846E-11	10.3393036965912	5.86673511805401E-12	5.67109719177812E-11	19.5832987790737	1E10	1E-30	1E-10	1E10	1E-30	1E-10	1E10	1E-30	1E-10	1E10	1E-30	1E-10	1E10	1E-30	1E-10
552	7.93953579784291E-07	1E10	5E7	1E-30	1.33475268926842E-10	1E10	1E-30	1E10	9.79375255465628E-03	1.05428010362708E-05	1E10	696.647760899334	2.52099325361121E-05	1E10	23.8705327034314	2.17484384840685E-05	1E10	3.58691359482333	1.78986227962742E-05	1E10	0.516872097189521	1.48945895164301E-05	1E10	7.50857539616088E-02	1.14580817033005E-05	1E10	1.50737651732879E-02	1E-30	1.50935236494969E-11	0.089072943905806	1E-30	1.07607177928104E-10	4.93708987797028E-02	4.60441753734813E-06	1.16008071950321E-11	4.02429715490321E-03	3.4668602776971E-07	5.97588759984396E-11	0.01431951024462	1.97183910144786E-11	3.97449885228153E-11	8.71880097313632	2.55688634973732E-12	1.21403424287632E-10	21.2632725527323	1E10	1E-30	1E-10	1E10	1E-30	1E-10	1E10	1E-30	1E-10
553	9.33142881523088E-07	1E10	5E8	1E-30	1.89112591280245E-10	1E10	1E-30	1E10	4.89966860829188E-03	1.8070951754291E-04	1E10	6.47160236284907	1.23242561666433E-04	1E10	0.796692517815953	1.12569053221137E-04	1E10	9.92005342376272E-02	7.87020301575798E-05	1E10	1.33005326457295E-02	1E-30	1.81466659794498E-11	5.43509010052294E-02	1E-30	1.87630472657822E-10	3.80478409075105E-02	3.04969162439331E-06	5.20217695720149E-11	1.67369061879669E-02	1.73613201317669E-06	4.2251590254749E-11	1.74546568354277E-02	8.19227940027982E-12	9.37070486903846E-11	10.3393036965912	5.86673511805401E-12	5.67109719177812E-11	19.5832987790737	1E10	1E-30	1E-10	1E10	1E-30	1E-10	1E10	1E-30	1E-10	1E10	1E-30	1E-10	1E10	1E-30	1E-10
554	9.33142881523088E-07	1E10	5E8	1E-30	1.89112591280245E-10	1E10	1E-30	1E10	4.89966860829188E-03	1.8070951754291E-04	1E10	6.47160236284907	1.23242561666433E-04	1E10	0.796692517815953	1.12569053221137E-04	1E10	9.92005342376272E-02	7.87020301575798E-05	1E10	1.33005326457295E-02	1E-30	1.81466659794498E-11	5.43509010052294E-02	1E-30	1.87630472657822E-10	3.80478409075105E-02	3.04969162439331E-06	5.20217695720149E-11	1.67369061879669E-02	1.73613201317669E-06	4.2251590254749E-11	1.74546568354277E-02	8.19227940027982E-12	9.37070486903846E-11	10.3393036965912	5.86673511805401E-12	5.67109719177812E-11	19.5832987790737	1E10	1E-30	1E-10	1E10	1E-30	1E-10	1E10	1E-30	1E-10	1E10	1E-30	1E-10	1E10	1E-30	1E-10
555	7.93953579784291E-07	1E10	5E7	1E-30	1.33475268926842E-10	1E10	1E-30	1E10	9.79375255465628E-03	1.05428010362708E-05	1E10	696.647760899334	2.52099325361121E-05	1E10	23.8705327034314	2.17484384840685E-05	1E10	3.58691359482333	1.78986227962742E-05	1E10	0.516872097189521	1.48945895164301E-05	1E10	7.50857539616088E-02	1.14580817033005E-05	1E10	1.50737651732879E-02	1E-30	1.50935236494969E-11	0.089072943905806	1E-30	1.07607177928104E-10	4.93708987797028E-02	4.60441753734813E-06	1.16008071950321E-11	4.02429715490321E-03	3.4668602776971E-07	5.97588759984396E-11	0.01431951024462	1.97183910144786E-11	3.97449885228153E-11	8.71880097313632	2.55688634973732E-12	1.21403424287632E-10	21.2632725527323	1E10	1E-30	1E-10	1E10	1E-30	1E-10	1E10	1E-30	1E-10
556	7.28159149812338E-07	1E10	5E7	1E-30	1.23514288884172E-10	1E10	1E-30	1E10	7.68014855985337E-03	3.18153381049282E-05	1E10	112.076575748789	3.69329242685985E-05	1E10	17.0964991042948	2.66321272379484E-05	1E10	3.90080652176807	2.09225711538399E-05	1E10	0.615378308795612	2.46754694545801E-05	1E10	9.50366367495126E-02	2.3334036923938E-05	1E10	3.25273694233862E-02	1.18772931417342E-05	1E10	1.06272219305609E-02	1E-30	2.80238666672307E-11	9.74763178845334E-02	1E-30	1.30371826441292E-10	3.39727942534675E-02	2.99508536816782E-06	2.49410837555412E-11	8.54172158532504E-03	6.97929867473944E-07	4.16863881592726E-11	1.48435440767434E-02	7.98211301618868E-12	9.6873432686197E-11	16.9496173680454	3.4763063323834E-12	9.69040999143413E-11	19.0696248054589	1E10	1E-30	1E-10	1E10	1E-30	1E-10
557	9.38529136434385E-07	1E10	5E8	1E-30	1.8869046238687E-10	1E10	1E-30	1E10	4.20401826935604E-03	2.64646706892489E-04	1E10	14.9839487937465	3.95552741144807E-04	1E10	1.65539113528633	2.76461946309065E-04	1E10	0.457731981783455	1.88973944177151E-04	1E10	9.90700595898692E-02	1.51747564171143E-04	1E10	1.58027707642205E-02	3.224422684338E-04	1E10	1.93504805830191E-03	1E-30	2.38097767780979E-11	0.078348259498335	1E-30	2.30552632073625E-10	0.03867971506564	3.51500923802188E-06	4.72257287915187E-11	1.52266009480915E-02	2.25824544077269E-06	3.52375115708688E-11	1.50713091201168E-02	1.80136295930844E-11	6.17154902142909E-11	6.01134303877064	1.35630333441645E-11	2.94102490747159E-11	2.95211556421224	1E10	1E-30	1E-10	1E10	1E-30	1E-10	1E10	1E-30	1E-10
558	7.28159149812338E-07	1E10	5E7	1E-30	1.23514288884172E-10	1E10	1E-30	1E10	7.68014855985337E-03	3.18153381049282E-05	1E10	112.076575748789	3.69329242685985E-05	1E10	17.0964991042948	2.66321272379484E-05	1E10	3.90080652176807	2.09225711538399E-05	1E10	0.615378308795612	2.46754694545801E-05	1E10	9.50366367495126E-02	2.3334036923938E-05	1E10	3.25273694233862E-02	1.18772931417342E-05	1E10	1.06272219305609E-02	1E-30	2.80238666672307E-11	9.74763178845334E-02	1E-30	1.30371826441292E-10	3.39727942534675E-02	2.99508536816782E-06	2.49410837555412E-11	8.54172158532504E-03	6.97929867473944E-07	4.16863881592726E-11	1.48435440767434E-02	7.98211301618868E-12	9.6873432686197E-11	16.9496173680454	3.4763063323834E-12	9.69040999143413E-11	19.0696248054589	1E10	1E-30	1E-10	1E10	1E-30	1E-10
559	9.33142881523088E-07	1E10	5E8	1E-30	1.89112591280245E-10	1E10	1E-30	1E10	4.89966860829188E-03	1.8070951754291E-04	1E10	6.47160236284907	1.23242561666433E-04	1E10	0.796692517815953	1.12569053221137E-04	1E10	9.92005342376272E-02	7.87020301575798E-05	1E10	1.33005326457295E-02	1E-30	1.81466659794498E-11	5.43509010052294E-02	1E-30	1.87630472657822E-10	3.80478409075105E-02	3.04969162439331E-06	5.20217695720149E-11	1.67369061879669E-02	1.73613201317669E-06	4.2251590254749E-11	1.74546568354277E-02	8.19227940027982E-12	9.37070486903846E-11	10.3393036965912	5.86673511805401E-12	5.67109719177812E-11	19.5832987790737	1E10	1E-30	1E-10	1E10	1E-30	1E-10	1E10	1E-30	1E-10	1E10	1E-30	1E-10	1E10	1E-30	1E-10
560	9.33142881523088E-07	1E10	5E8	1E-30	1.89112591280245E-10	1E10	1E-30	1E10	4.89966860829188E-03	1.8070951754291E-04	1E10	6.47160236284907	1.23242561666433E-04	1E10	0.796692517815953	1.12569053221137E-04	1E10	9.92005342376272E-02	7.87020301575798E-05	1E10	1.33005326457295E-02	1E-30	1.81466659794498E-11	5.43509010052294E-02	1E-30	1.87630472657822E-10	3.80478409075105E-02	3.04969162439331E-06	5.20217695720149E-11	1.67369061879669E-02	1.73613201317669E-06	4.2251590254749E-11	1.74546568354277E-02	8.19227940027982E-12	9.37070486903846E-11	10.3393036965912	5.86673511805401E-12	5.67109719177812E-11	19.5832987790737	1E10	1E-30	1E-10	1E10	1E-30	1E-10	1E10	1E-30	1E-10	1E10	1E-30	1E-10	1E10	1E-30	1E-10
561	9.33142881523088E-07	1E10	5E8	1E-30	1.89112591280245E-10	1E10	1E-30	1E10	4.89966860829188E-03	1.8070951754291E-04	1E10	6.47160236284907	1.23242561666433E-04	1E10	0.796692517815953	1.12569053221137E-04	1E10	9.92005342376272E-02	7.87020301575798E-05	1E10	1.33005326457295E-02	1E-30	1.81466659794498E-11	5.43509010052294E-02	1E-30	1.87630472657822E-10	3.80478409075105E-02	3.04969162439331E-06	5.20217695720149E-11	1.67369061879669E-02	1.73613201317669E-06	4.2251590254749E-11	1.74546568354277E-02	8.19227940027982E-12	9.37070486903846E-11	10.3393036965912	5.86673511805401E-12	5.67109719177812E-11	19.5832987790737	1E10	1E-30	1E-10	1E10	1E-30	1E-10	1E10	1E-30	1E-10	1E10	1E-30	1E-10	1E10	1E-30	1E-10
562	9.33142881523088E-07	1E10	5E8	1E-30	1.89112591280245E-10	1E10	1E-30	1E10	4.89966860829188E-03	1.8070951754291E-04	1E10	6.47160236284907	1.23242561666433E-04	1E10	0.796692517815953	1.12569053221137E-04	1E10	9.92005342376272E-02	7.87020301575798E-05	1E10	1.33005326457295E-02	1E-30	1.81466659794498E-11	5.43509010052294E-02	1E-30	1.87630472657822E-10	3.80478409075105E-02	3.04969162439331E-06	5.20217695720149E-11	1.67369061879669E-02	1.73613201317669E-06	4.2251590254749E-11	1.74546568354277E-02	8.19227940027982E-12	9.37070486903846E-11	10.3393036965912	5.86673511805401E-12	5.67109719177812E-11	19.5832987790737	1E10	1E-30	1E-10	1E10	1E-30	1E-10	1E10	1E-30	1E-10	1E10	1E-30	1E-10	1E10	1E-30	1E-10
563	9.74119063276529E-07	1E10	5E8	1E-30	1.02956307886468E-10	1E10	1E-30	1E10	5.31938179091508E-03	1.23796491845305E-05	1E10	539.498869702527	8.64765957940533E-05	1E10	3.04173082370016	8.32436654214283E-05	1E10	0.281453103854891	7.06423375313181E-05	1E10	3.29673865252249E-02	6.07874168008017E-05	1E10	4.81672726420836E-03	1E-30	1.92073745872318E-11	0.062838660530072	1E-30	1.82165380101752E-10	0.03827946844536	3.68177179609013E-06	3.66341471776466E-11	0.010455184350967	1.03393489707393E-06	5.71650074008795E-11	1.50830213020571E-02	9.24466146169691E-12	7.76284613815553E-11	8.85347121572695	2.46145550597287E-12	1.20235736831537E-10	24.2585972956873	1E10	1E-30	1E-10	1E10	1E-30	1E-10	1E10	1E-30	1E-10	1E10	1E-30	1E-10
564	1.02430055733229E-06	1E10	5E8	1E-30	1.055304119219E-10	1E10	1E-30	1E10	4.89140109086424E-03	2.35556045059466E-05	1E10	303.811789614305	1.12445380354731E-04	1E10	3.03973479518812	1.13580658843478E-04	1E10	0.299939365668271	9.25784022337561E-05	1E10	3.66441262949922E-02	6.76325104003454E-05	1E10	5.28715799164126E-03	1E-30	1.836248836583E-11	5.34440348557143E-02	1E-30	1.99184755194168E-10	3.68552518958051E-02	2.42574429699694E-06	7.07949965572173E-11	1.57216155223805E-02	1.83495755851906E-06	4.21057129960414E-11	1.57095939945651E-02	1.51248746768587E-11	7.39264071350328E-11	8.52690738610247	2.09907127804398E-12	1.46517220273344E-10	23.3480329275514	1E10	1E-30	1E-10	1E10	1E-30	1E-10	1E10	1E-30	1E-10	1E10	1E-30	1E-10
565	9.74119063276529E-07	1E10	5E8	1E-30	1.02956307886468E-10	1E10	1E-30	1E10	5.31938179091508E-03	1.23796491845305E-05	1E10	539.498869702527	8.64765957940533E-05	1E10	3.04173082370016	8.32436654214283E-05	1E10	0.281453103854891	7.06423375313181E-05	1E10	3.29673865252249E-02	6.07874168008017E-05	1E10	4.81672726420836E-03	1E-30	1.92073745872318E-11	0.062838660530072	1E-30	1.82165380101752E-10	0.03827946844536	3.68177179609013E-06	3.66341471776466E-11	0.010455184350967	1.03393489707393E-06	5.71650074008795E-11	1.50830213020571E-02	9.24466146169691E-12	7.76284613815553E-11	8.85347121572695	2.46145550597287E-12	1.20235736831537E-10	24.2585972956873	1E10	1E-30	1E-10	1E10	1E-30	1E-10	1E10	1E-30	1E-10	1E10	1E-30	1E-10
566	1.01139839440037E-06	1E10	5E8	1E-30	1.04824555377975E-10	1E10	1E-30	1E10	3.95140651612181E-03	2.82691674166199E-05	1E10	236.257638717773	1.58177484951682E-04	1E10	1.59934681685277	1.60030030436004E-04	1E10	0.145110788703232	1.34741192374904E-04	1E10	1.68036686722961E-02	1.32426354555977E-04	1E10	1.80421051683443E-03	1E-30	1.84772785604794E-10	3.32251203439647E-02	1E-30	1.31542568508845E-11	2.59357105655916E-02	3.3923521348945E-06	4.78423027028119E-11	1.84815538523132E-02	1.96359932363214E-06	3.66856673566889E-11	1.81899109690772E-02	1.19177128102758E-11	9.44033445952784E-11	9.28461286655494	2.35389140080011E-12	1.28772102274174E-10	18.4599596623939	1E10	1E-30	1E-10	1E10	1E-30	1E-10	1E10	1E-30	1E-10	1E10	1E-30	1E-10
567	9.47855219948548E-07	1E10	5E8	1E-30	1.8312208537535E-10	1E10	1E-30	1E10	5.35510008682704E-03	1.29849437609033E-04	1E10	10.2565137793846	1.10284177025037E-04	1E10	1.25258635570766	9.0829774125572E-05	1E10	0.173620481887631	7.70050130390567E-05	1E10	2.35362499544545E-02	1.06758371653591E-04	1E10	3.41170167200306E-03	1E-30	1.83499589942868E-11	7.06158373863325E-02	1E-30	1.82846829828315E-10	4.20452778308506E-02	3.95371634612493E-06	3.61605746914293E-11	1.06556266405477E-02	1.03876010387028E-06	6.33066282658537E-11	1.81081526555321E-02	1.46103039549956E-11	4.26513012618969E-11	6.54871541959953	5.92366420454949E-12	5.77950301596349E-11	8.29601935516523	1E10	1E-30	1E-10	1E10	1E-30	1E-10	1E10	1E-30	1E-10	1E10	1E-30	1E-10
568	9.47855219948548E-07	1E10	5E8	1E-30	1.8312208537535E-10	1E10	1E-30	1E10	5.35510008682704E-03	1.29849437609033E-04	1E10	10.2565137793846	1.10284177025037E-04	1E10	1.25258635570766	9.0829774125572E-05	1E10	0.173620481887631	7.70050130390567E-05	1E10	2.35362499544545E-02	1.06758371653591E-04	1E10	3.41170167200306E-03	1E-30	1.83499589942868E-11	7.06158373863325E-02	1E-30	1.82846829828315E-10	4.20452778308506E-02	3.95371634612493E-06	3.61605746914293E-11	1.06556266405477E-02	1.03876010387028E-06	6.33066282658537E-11	1.81081526555321E-02	1.46103039549956E-11	4.26513012618969E-11	6.54871541959953	5.92366420454949E-12	5.77950301596349E-11	8.29601935516523	1E10	1E-30	1E-10	1E10	1E-30	1E-10	1E10	1E-30	1E-10	1E10	1E-30	1E-10
569	2.18163608363658E-06	1E10	227272727.272727	1E-30	9.47336449758768E-11	1E10	1E-30	1E10	3.18375929842456E-03	8.46967973309677E-05	1E10	78.8554815865047	2.4182102076392E-04	1E10	1.64675485963927	2.10501731112308E-04	1E10	0.1890059201267	2.01740209209669E-04	1E10	2.01064771223911E-02	1.8338739859877E-04	1E10	3.14959493475446E-03	1E-30	2.47111497452098E-11	2.96546529100466E-02	1E-30	2.39254454975935E-10	0.027055095261077	6.03747518802667E-06	6.27886354617733E-11	1.18097578654626E-02	4.07165030005213E-06	4.36596976891249E-11	1.03210578620238E-02	8.01133658627282E-12	8.48561565365927E-11	10.3764710905469	2.97340529984217E-12	1.02049782257451E-10	25.5014200762447	1E10	1E-30	1E-10	1E10	1E-30	1E-10	1E10	1E-30	1E-10	1E10	1E-30	1E-10
570	1.56197461218006E-06	1E10	22727272.7272727	1E-30	1.44601633726297E-10	1E10	1E-30	1E10	5.31564256641208E-03	4.51381727667643E-05	1E10	38.0325024967591	4.42838279398041E-05	1E10	3.3849976600152	3.57704319344583E-05	1E10	0.435911925884091	2.86116851301577E-05	1E10	5.06895778234366E-02	2.24393345620291E-05	1E10	6.69199750687094E-03	1E-30	1.56443900082098E-11	9.46238738615696E-02	1E-30	2.58138227446E-11	3.76547725381562E-02	1E-30	2.08356534431305E-10	3.09085567710798E-02	4.76695450026965E-06	3.90784231174328E-11	8.0786790304572E-03	2.4258683905844E-06	3.45483755263922E-11	9.84437698727054E-03	1.22611340881485E-11	6.64092345229449E-11	7.01568395083599	6.41612993307665E-12	4.8507858065695E-11	9.57659380245909	1E10	1E-30	1E-10	1E10	1E-30	1E-10	1E10	1E-30	1E-10
571	2.09320739759304E-06	1E10	227272727.272727	1E-30	1.44833003735304E-10	1E10	1E-30	1E10	3.550296898528E-3	3.21100570499031E-04	1E10	3.17291018008486	2.4252777576492E-04	1E10	0.488230525193404	2.20161736174055E-04	1E10	6.26598336949814E-02	1.58344143228255E-04	1E10	8.68013433503441E-03	1E-30	2.33177933856158E-11	4.77972002690472E-02	1E-30	2.49378801168619E-10	3.03000944949397E-02	8.73657221558998E-06	4.5789521134072E-11	1.10414729098321E-02	2.72327922319762E-06	6.86050802223507E-11	1.14639674161598E-02	1.30031400348234E-11	6.01252106126105E-11	5.49587855929969	4.00495210114487E-12	6.72038384334795E-11	18.4057755126056	1E10	1E-30	1E-10	1E10	1E-30	1E-10	1E10	1E-30	1E-10	1E10	1E-30	1E-10	1E10	1E-30	1E-10
572	2.09320739759304E-06	1E10	227272727.272727	1E-30	1.44833003735304E-10	1E10	1E-30	1E10	3.550296898528E-3	3.21100570499031E-04	1E10	3.17291018008486	2.4252777576492E-04	1E10	0.488230525193404	2.20161736174055E-04	1E10	6.26598336949814E-02	1.58344143228255E-04	1E10	8.68013433503441E-03	1E-30	2.33177933856158E-11	4.77972002690472E-02	1E-30	2.49378801168619E-10	3.03000944949397E-02	8.73657221558998E-06	4.5789521134072E-11	1.10414729098321E-02	2.72327922319762E-06	6.86050802223507E-11	1.14639674161598E-02	1.30031400348234E-11	6.01252106126105E-11	5.49587855929969	4.00495210114487E-12	6.72038384334795E-11	18.4057755126056	1E10	1E-30	1E-10	1E10	1E-30	1E-10	1E10	1E-30	1E-10	1E10	1E-30	1E-10	1E10	1E-30	1E-10
573	1.56197461218006E-06	1E10	22727272.7272727	1E-30	1.44601633726297E-10	1E10	1E-30	1E10	5.31564256641208E-03	4.51381727667643E-05	1E10	38.0325024967591	4.42838279398041E-05	1E10	3.3849976600152	3.57704319344583E-05	1E10	0.435911925884091	2.86116851301577E-05	1E10	5.06895778234366E-02	2.24393345620291E-05	1E10	6.69199750687094E-03	1E-30	1.56443900082098E-11	9.46238738615696E-02	1E-30	2.58138227446E-11	3.76547725381562E-02	1E-30	2.08356534431305E-10	3.09085567710798E-02	4.76695450026965E-06	3.90784231174328E-11	8.0786790304572E-03	2.4258683905844E-06	3.45483755263922E-11	9.84437698727054E-03	1.22611340881485E-11	6.64092345229449E-11	7.01568395083599	6.41612993307665E-12	4.8507858065695E-11	9.57659380245909	1E10	1E-30	1E-10	1E10	1E-30	1E-10	1E10	1E-30	1E-10
574	1.64626125993399E-06	1E10	22727272.7272727	1E-30	7.13580414197507E-11	1E10	1E-30	1E10	5.67418842696862E-03	2.63402129490881E-05	1E10	201.409334844177	4.26208890760666E-05	1E10	7.11916322528447	3.98509302307231E-05	1E10	0.690705025308086	3.0331261391141E-05	1E10	0.093612012258294	2.44962118865116E-05	1E10	1.10526616627897E-02	1E-30	1.73630658075138E-11	2.84698595148833E-02	1E-30	1.81068964204266E-10	2.66125999090096E-02	6.55210466050566E-06	2.93414426661494E-11	7.54731998826538E-03	2.69805696240076E-06	3.13990085570505E-11	1.00106629741815E-02	7.78873261587707E-12	1.47964131018403E-10	21.1546226302727	2.07856421896301E-12	1.83588198925745E-10	37.1752350470039	1E10	1E-30	1E-10	1E10	1E-30	1E-10	1E10	1E-30	1E-10	1E10	1E-30	1E-10
575	1.56197461218006E-06	1E10	22727272.7272727	1E-30	1.44601633726297E-10	1E10	1E-30	1E10	5.31564256641208E-03	4.51381727667643E-05	1E10	38.0325024967591	4.42838279398041E-05	1E10	3.3849976600152	3.57704319344583E-05	1E10	0.435911925884091	2.86116851301577E-05	1E10	5.06895778234366E-02	2.24393345620291E-05	1E10	6.69199750687094E-03	1E-30	1.56443900082098E-11	9.46238738615696E-02	1E-30	2.58138227446E-11	3.76547725381562E-02	1E-30	2.08356534431305E-10	3.09085567710798E-02	4.76695450026965E-06	3.90784231174328E-11	8.0786790304572E-03	2.4258683905844E-06	3.45483755263922E-11	9.84437698727054E-03	1.22611340881485E-11	6.64092345229449E-11	7.01568395083599	6.41612993307665E-12	4.8507858065695E-11	9.57659380245909	1E10	1E-30	1E-10	1E10	1E-30	1E-10	1E10	1E-30	1E-10
576	1.64626125993399E-06	1E10	22727272.7272727	1E-30	7.13580414197507E-11	1E10	1E-30	1E10	5.67418842696862E-03	2.63402129490881E-05	1E10	201.409334844177	4.26208890760666E-05	1E10	7.11916322528447	3.98509302307231E-05	1E10	0.690705025308086	3.0331261391141E-05	1E10	0.093612012258294	2.44962118865116E-05	1E10	1.10526616627897E-02	1E-30	1.73630658075138E-11	2.84698595148833E-02	1E-30	1.81068964204266E-10	2.66125999090096E-02	6.55210466050566E-06	2.93414426661494E-11	7.54731998826538E-03	2.69805696240076E-06	3.13990085570505E-11	1.00106629741815E-02	7.78873261587707E-12	1.47964131018403E-10	21.1546226302727	2.07856421896301E-12	1.83588198925745E-10	37.1752350470039	1E10	1E-30	1E-10	1E10	1E-30	1E-10	1E10	1E-30	1E-10	1E10	1E-30	1E-10
577	1.56197461218006E-06	1E10	22727272.7272727	1E-30	1.44601633726297E-10	1E10	1E-30	1E10	5.31564256641208E-03	4.51381727667643E-05	1E10	38.0325024967591	4.42838279398041E-05	1E10	3.3849976600152	3.57704319344583E-05	1E10	0.435911925884091	2.86116851301577E-05	1E10	5.06895778234366E-02	2.24393345620291E-05	1E10	6.69199750687094E-03	1E-30	1.56443900082098E-11	9.46238738615696E-02	1E-30	2.58138227446E-11	3.76547725381562E-02	1E-30	2.08356534431305E-10	3.09085567710798E-02	4.76695450026965E-06	3.90784231174328E-11	8.0786790304572E-03	2.4258683905844E-06	3.45483755263922E-11	9.84437698727054E-03	1.22611340881485E-11	6.64092345229449E-11	7.01568395083599	6.41612993307665E-12	4.8507858065695E-11	9.57659380245909	1E10	1E-30	1E-10	1E10	1E-30	1E-10	1E10	1E-30	1E-10
578	1.64626125993399E-06	1E10	22727272.7272727	1E-30	7.13580414197507E-11	1E10	1E-30	1E10	5.67418842696862E-03	2.63402129490881E-05	1E10	201.409334844177	4.26208890760666E-05	1E10	7.11916322528447	3.98509302307231E-05	1E10	0.690705025308086	3.0331261391141E-05	1E10	0.093612012258294	2.44962118865116E-05	1E10	1.10526616627897E-02	1E-30	1.73630658075138E-11	2.84698595148833E-02	1E-30	1.81068964204266E-10	2.66125999090096E-02	6.55210466050566E-06	2.93414426661494E-11	7.54731998826538E-03	2.69805696240076E-06	3.13990085570505E-11	1.00106629741815E-02	7.78873261587707E-12	1.47964131018403E-10	21.1546226302727	2.07856421896301E-12	1.83588198925745E-10	37.1752350470039	1E10	1E-30	1E-10	1E10	1E-30	1E-10	1E10	1E-30	1E-10	1E10	1E-30	1E-10
579	1.63057915664558E-06	1E10	22727272.7272727	1E-30	2.14374284777214E-10	1E10	1E-30	1E10	5.44111114316804E-03	7.08532151525173E-05	1E10	47.635977444564	8.57546380925611E-05	1E10	5.71430409311724	7.09983143348893E-05	1E10	1.10828933161399	6.05965647861119E-05	1E10	0.185381353104062	5.61371563110999E-05	1E10	3.06121134468091E-02	4.36971590126627E-05	1E10	7.7191096368464E-03	1E-30	8.47319510529092E-12	3.99112044211447E-02	1E-30	2.18377787540705E-11	3.16170103038961E-02	1E-30	1.64464377015564E-10	2.77269729695883E-02	5.73513637226057E-06	3.50671226469079E-11	7.28790707708911E-03	2.21805800603919E-06	4.24826503957871E-11	1.12310723908386E-02	8.18093839741804E-12	7.21975560781998E-11	11.2129649262236	1E10	1E-30	1E-10	1E10	1E-30	1E-10	1E10	1E-30	1E-10
580	1.74500156515594E-06	1E10	22727272.7272727	1E-30	9.23124718245903E-11	1E10	1E-30	1E10	6.1197302531283E-03	1.55395229360965E-05	1E10	365.814735214766	4.23109222143072E-05	1E10	6.79110430228195	3.83277084136794E-05	1E10	0.763290486756634	2.95193583759307E-05	1E10	9.81015988948898E-02	2.58254307626063E-05	1E10	1.11449098070967E-02	1E-30	2.40488449909615E-11	3.46971749468467E-02	1E-30	1.47829122731291E-10	2.44338127798373E-02	5.56366583202556E-06	3.51621228338682E-11	7.94792747227757E-03	1.79166977529814E-06	5.25630772538212E-11	0.010885797536088	1.18427178880291E-11	1.10581584019565E-10	17.4086251874988	1.91779800217062E-12	1.92802648259484E-10	35.2756172214647	1E10	1E-30	1E-10	1E10	1E-30	1E-10	1E10	1E-30	1E-10	1E10	1E-30	1E-10
581	1.63057915664558E-06	1E10	22727272.7272727	1E-30	2.14374284777214E-10	1E10	1E-30	1E10	5.44111114316804E-03	7.08532151525173E-05	1E10	47.635977444564	8.57546380925611E-05	1E10	5.71430409311724	7.09983143348893E-05	1E10	1.10828933161399	6.05965647861119E-05	1E10	0.185381353104062	5.61371563110999E-05	1E10	3.06121134468091E-02	4.36971590126627E-05	1E10	7.7191096368464E-03	1E-30	8.47319510529092E-12	3.99112044211447E-02	1E-30	2.18377787540705E-11	3.16170103038961E-02	1E-30	1.64464377015564E-10	2.77269729695883E-02	5.73513637226057E-06	3.50671226469079E-11	7.28790707708911E-03	2.21805800603919E-06	4.24826503957871E-11	1.12310723908386E-02	8.18093839741804E-12	7.21975560781998E-11	11.2129649262236	1E10	1E-30	1E-10	1E10	1E-30	1E-10	1E10	1E-30	1E-10
582	1.74500156515594E-06	1E10	22727272.7272727	1E-30	9.23124718245903E-11	1E10	1E-30	1E10	6.1197302531283E-03	1.55395229360965E-05	1E10	365.814735214766	4.23109222143072E-05	1E10	6.79110430228195	3.83277084136794E-05	1E10	0.763290486756634	2.95193583759307E-05	1E10	9.81015988948898E-02	2.58254307626063E-05	1E10	1.11449098070967E-02	1E-30	2.40488449909615E-11	3.46971749468467E-02	1E-30	1.47829122731291E-10	2.44338127798373E-02	5.56366583202556E-06	3.51621228338682E-11	7.94792747227757E-03	1.79166977529814E-06	5.25630772538212E-11	0.010885797536088	1.18427178880291E-11	1.10581584019565E-10	17.4086251874988	1.91779800217062E-12	1.92802648259484E-10	35.2756172214647	1E10	1E-30	1E-10	1E10	1E-30	1E-10	1E10	1E-30	1E-10	1E10	1E-30	1E-10
583	1.53747564153692E-06	1E10	22727273	1E-30	6.96364990001715E-11	1E10	1E-30	1E10	5.31173975231189E-03	5.73390660322603E-05	1E10	18.8949864180848	6.18182386583472E-05	1E10	1.88811360890506	5.69197979884415E-05	1E10	0.243128126415853	4.82525802796095E-05	1E10	4.08819698343008E-02	3.70570449691572E-05	1E10	8.89990727312391E-03	1E-30	2.14634351897555E-11	8.27666199993695E-02	1E-30	1.76194567203331E-10	3.77616630404766E-02	4.16555462942922E-06	5.61597101453342E-11	1.38927840154038E-02	1.59399008476517E-06	6.68746927790794E-11	1.58088458255442E-02	1.49300683447379E-11	5.47271070364352E-11	9.56729428618546	1.65840519147928E-12	1.37514101758964E-10	25.0901248227346	1E10	1E-30	1E-10	1E10	1E-30	1E-10	1E10	1E-30	1E-10	1E10	1E-30	1E-10
584	1.53747564153692E-06	1E10	22727273	1E-30	6.96364990001715E-11	1E10	1E-30	1E10	5.31173975231189E-03	5.73390660322603E-05	1E10	18.8949864180848	6.18182386583472E-05	1E10	1.88811360890506	5.69197979884415E-05	1E10	0.243128126415853	4.82525802796095E-05	1E10	4.08819698343008E-02	3.70570449691572E-05	1E10	8.89990727312391E-03	1E-30	2.14634351897555E-11	8.27666199993695E-02	1E-30	1.76194567203331E-10	3.77616630404766E-02	4.16555462942922E-06	5.61597101453342E-11	1.38927840154038E-02	1.59399008476517E-06	6.68746927790794E-11	1.58088458255442E-02	1.49300683447379E-11	5.47271070364352E-11	9.56729428618546	1.65840519147928E-12	1.37514101758964E-10	25.0901248227346	1E10	1E-30	1E-10	1E10	1E-30	1E-10	1E10	1E-30	1E-10	1E10	1E-30	1E-10
585	1.56197461218006E-06	1E10	22727272.7272727	1E-30	1.44601633726297E-10	1E10	1E-30	1E10	5.31564256641208E-03	4.51381727667643E-05	1E10	38.0325024967591	4.42838279398041E-05	1E10	3.3849976600152	3.57704319344583E-05	1E10	0.435911925884091	2.86116851301577E-05	1E10	5.06895778234366E-02	2.24393345620291E-05	1E10	6.69199750687094E-03	1E-30	1.56443900082098E-11	9.46238738615696E-02	1E-30	2.58138227446E-11	3.76547725381562E-02	1E-30	2.08356534431305E-10	3.09085567710798E-02	4.76695450026965E-06	3.90784231174328E-11	8.0786790304572E-03	2.4258683905844E-06	3.45483755263922E-11	9.84437698727054E-03	1.22611340881485E-11	6.64092345229449E-11	7.01568395083599	6.41612993307665E-12	4.8507858065695E-11	9.57659380245909	1E10	1E-30	1E-10	1E10	1E-30	1E-10	1E10	1E-30	1E-10
586	1.58266455629515E-06	1E10	22727272.7272727	1E-30	1.7616041710226E-10	1E10	1E-30	1E10	5.54550682656446E-03	7.50272967626469E-05	1E10	63.6666057529557	9.4305115180907E-05	1E10	7.15976131742863	6.35826219113658E-05	1E10	1.44559946936466	6.30336842678492E-05	1E10	0.179763686695134	5.15106181694763E-05	1E10	3.37767057696575E-02	5.37977106771375E-05	1E10	7.12761943559886E-03	1E-30	2.51053154075502E-11	9.88640899975301E-02	1E-30	1.60960491379711E-10	3.48274076115554E-02	6.3582241308674E-06	3.08942478505719E-11	6.95008285553959E-03	1.45017757238089E-06	6.31937660893916E-11	1.32832623015008E-02	8.23488014991581E-12	7.47493896622508E-11	12.7309115791926	1E10	1E-30	1E-10	1E10	1E-30	1E-10	1E10	1E-30	1E-10	1E10	1E-30	1E-10
587	1.64626125993399E-06	1E10	22727272.7272727	1E-30	7.13580414197507E-11	1E10	1E-30	1E10	5.67418842696862E-03	2.63402129490881E-05	1E10	201.409334844177	4.26208890760666E-05	1E10	7.11916322528447	3.98509302307231E-05	1E10	0.690705025308086	3.0331261391141E-05	1E10	0.093612012258294	2.44962118865116E-05	1E10	1.10526616627897E-02	1E-30	1.73630658075138E-11	2.84698595148833E-02	1E-30	1.81068964204266E-10	2.66125999090096E-02	6.55210466050566E-06	2.93414426661494E-11	7.54731998826538E-03	2.69805696240076E-06	3.13990085570505E-11	1.00106629741815E-02	7.78873261587707E-12	1.47964131018403E-10	21.1546226302727	2.07856421896301E-12	1.83588198925745E-10	37.1752350470039	1E10	1E-30	1E-10	1E10	1E-30	1E-10	1E10	1E-30	1E-10	1E10	1E-30	1E-10
588	1.58266455629515E-06	1E10	22727272.7272727	1E-30	1.7616041710226E-10	1E10	1E-30	1E10	5.54550682656446E-03	7.50272967626469E-05	1E10	63.6666057529557	9.4305115180907E-05	1E10	7.15976131742863	6.35826219113658E-05	1E10	1.44559946936466	6.30336842678492E-05	1E10	0.179763686695134	5.15106181694763E-05	1E10	3.37767057696575E-02	5.37977106771375E-05	1E10	7.12761943559886E-03	1E-30	2.51053154075502E-11	9.88640899975301E-02	1E-30	1.60960491379711E-10	3.48274076115554E-02	6.3582241308674E-06	3.08942478505719E-11	6.95008285553959E-03	1.45017757238089E-06	6.31937660893916E-11	1.32832623015008E-02	8.23488014991581E-12	7.47493896622508E-11	12.7309115791926	1E10	1E-30	1E-10	1E10	1E-30	1E-10	1E10	1E-30	1E-10	1E10	1E-30	1E-10
589	1.63057915664558E-06	1E10	22727272.7272727	1E-30	2.14374284777214E-10	1E10	1E-30	1E10	5.44111114316804E-03	7.08532151525173E-05	1E10	47.635977444564	8.57546380925611E-05	1E10	5.71430409311724	7.09983143348893E-05	1E10	1.10828933161399	6.05965647861119E-05	1E10	0.185381353104062	5.61371563110999E-05	1E10	3.06121134468091E-02	4.36971590126627E-05	1E10	7.7191096368464E-03	1E-30	8.47319510529092E-12	3.99112044211447E-02	1E-30	2.18377787540705E-11	3.16170103038961E-02	1E-30	1.64464377015564E-10	2.77269729695883E-02	5.73513637226057E-06	3.50671226469079E-11	7.28790707708911E-03	2.21805800603919E-06	4.24826503957871E-11	1.12310723908386E-02	8.18093839741804E-12	7.21975560781998E-11	11.2129649262236	1E10	1E-30	1E-10	1E10	1E-30	1E-10	1E10	1E-30	1E-10
590	1.74500156515594E-06	1E10	22727272.7272727	1E-30	9.23124718245903E-11	1E10	1E-30	1E10	6.1197302531283E-03	1.55395229360965E-05	1E10	365.814735214766	4.23109222143072E-05	1E10	6.79110430228195	3.83277084136794E-05	1E10	0.763290486756634	2.95193583759307E-05	1E10	9.81015988948898E-02	2.58254307626063E-05	1E10	1.11449098070967E-02	1E-30	2.40488449909615E-11	3.46971749468467E-02	1E-30	1.47829122731291E-10	2.44338127798373E-02	5.56366583202556E-06	3.51621228338682E-11	7.94792747227757E-03	1.79166977529814E-06	5.25630772538212E-11	0.010885797536088	1.18427178880291E-11	1.10581584019565E-10	17.4086251874988	1.91779800217062E-12	1.92802648259484E-10	35.2756172214647	1E10	1E-30	1E-10	1E10	1E-30	1E-10	1E10	1E-30	1E-10	1E10	1E-30	1E-10
591	1.63057915664558E-06	1E10	22727272.7272727	1E-30	2.14374284777214E-10	1E10	1E-30	1E10	5.44111114316804E-03	7.08532151525173E-05	1E10	47.635977444564	8.57546380925611E-05	1E10	5.71430409311724	7.09983143348893E-05	1E10	1.10828933161399	6.05965647861119E-05	1E10	0.185381353104062	5.61371563110999E-05	1E10	3.06121134468091E-02	4.36971590126627E-05	1E10	7.7191096368464E-03	1E-30	8.47319510529092E-12	3.99112044211447E-02	1E-30	2.18377787540705E-11	3.16170103038961E-02	1E-30	1.64464377015564E-10	2.77269729695883E-02	5.73513637226057E-06	3.50671226469079E-11	7.28790707708911E-03	2.21805800603919E-06	4.24826503957871E-11	1.12310723908386E-02	8.18093839741804E-12	7.21975560781998E-11	11.2129649262236	1E10	1E-30	1E-10	1E10	1E-30	1E-10	1E10	1E-30	1E-10
592	1.74500156515594E-06	1E10	22727272.7272727	1E-30	9.23124718245903E-11	1E10	1E-30	1E10	6.1197302531283E-03	1.55395229360965E-05	1E10	365.814735214766	4.23109222143072E-05	1E10	6.79110430228195	3.83277084136794E-05	1E10	0.763290486756634	2.95193583759307E-05	1E10	9.81015988948898E-02	2.58254307626063E-05	1E10	1.11449098070967E-02	1E-30	2.40488449909615E-11	3.46971749468467E-02	1E-30	1.47829122731291E-10	2.44338127798373E-02	5.56366583202556E-06	3.51621228338682E-11	7.94792747227757E-03	1.79166977529814E-06	5.25630772538212E-11	0.010885797536088	1.18427178880291E-11	1.10581584019565E-10	17.4086251874988	1.91779800217062E-12	1.92802648259484E-10	35.2756172214647	1E10	1E-30	1E-10	1E10	1E-30	1E-10	1E10	1E-30	1E-10	1E10	1E-30	1E-10
593	1.63911065272746E-06	1E10	22727272.7272727	1E-30	1.8131002418738E-10	1E10	1E-30	1E10	6.58131942627297E-03	5.64451183551548E-05	1E10	78.9921566266174	4.76230491356216E-05	1E10	8.53057202358929	5.0447783390028E-05	1E10	0.860469604036037	5.14165123691552E-05	1E10	0.198685253042269	3.59170507695697E-05	1E10	4.92353413959828E-02	2.88991925908142E-05	1E10	9.26172566563257E-03	1E-30	2.76479901756189E-11	0.188770746775866	1E-30	5.91580422355098E-11	4.13001046417405E-02	1E-30	3.75251682155116E-11	1.29516361930106E-02	5.75239762589684E-06	3.35499635627536E-11	6.93331988102063E-03	1.25860892234014E-06	7.03693312885087E-11	1.40503394278234E-02	3.23522155152744E-07	4.89346237714099E-11	8.19907490914357E-03	1.91553546086707E-11	3.91231096518286E-11	6.39126144112419	6.63145596216231E-12	4.71570201753764E-11	8	1E10	1E-30	1E-10
594	1.63911065272746E-06	1E10	22727272.7272727	1E-30	1.8131002418738E-10	1E10	1E-30	1E10	6.58131942627297E-03	5.64451183551548E-05	1E10	78.9921566266174	4.76230491356216E-05	1E10	8.53057202358929	5.0447783390028E-05	1E10	0.860469604036037	5.14165123691552E-05	1E10	0.198685253042269	3.59170507695697E-05	1E10	4.92353413959828E-02	2.88991925908142E-05	1E10	9.26172566563257E-03	1E-30	2.76479901756189E-11	0.188770746775866	1E-30	5.91580422355098E-11	4.13001046417405E-02	1E-30	3.75251682155116E-11	1.29516361930106E-02	5.75239762589684E-06	3.35499635627536E-11	6.93331988102063E-03	1.25860892234014E-06	7.03693312885087E-11	1.40503394278234E-02	3.23522155152744E-07	4.89346237714099E-11	8.19907490914357E-03	1.91553546086707E-11	3.91231096518286E-11	6.39126144112419	6.63145596216231E-12	4.71570201753764E-11	8	1E10	1E-30	1E-10
595	2.16415910150953E-06	1E10	22727273	1E-30	1.96373183846522E-10	1E10	1E-30	1E10	3.78628716708219E-03	2.2946090558547E-04	1E10	4.54238716563097	2.00700765639955E-04	1E10	0.698083168855876	2.05251539961056E-04	1E10	9.42505852002989E-02	2.18115863563178E-04	1E10	1.47720645918471E-02	1.82874702219462E-04	1E10	4.18358896283574E-03	1E-30	2.4400233244117E-11	0.073038183989227	1E-30	1.79320912846327E-10	3.14873602715431E-02	4.77297092965798E-06	8.09123650657794E-11	1.49023357424416E-02	2.05006255327559E-06	8.11532127963493E-11	1.44512063541953E-02	1.84177068359888E-11	3.51290353287999E-11	4.19240366240611	1.98753447775059E-11	1.63465991894248E-11	5.19519676825574	1E10	1E-30	1E-10	1E10	1E-30	1E-10	1E10	1E-30	1E-10	1E10	1E-30	1E-10
596	2.16415910150953E-06	1E10	22727273	1E-30	1.96373183846522E-10	1E10	1E-30	1E10	3.78628716708219E-03	2.2946090558547E-04	1E10	4.54238716563097	2.00700765639955E-04	1E10	0.698083168855876	2.05251539961056E-04	1E10	9.42505852002989E-02	2.18115863563178E-04	1E10	1.47720645918471E-02	1.82874702219462E-04	1E10	4.18358896283574E-03	1E-30	2.4400233244117E-11	0.073038183989227	1E-30	1.79320912846327E-10	3.14873602715431E-02	4.77297092965798E-06	8.09123650657794E-11	1.49023357424416E-02	2.05006255327559E-06	8.11532127963493E-11	1.44512063541953E-02	1.84177068359888E-11	3.51290353287999E-11	4.19240366240611	1.98753447775059E-11	1.63465991894248E-11	5.19519676825574	1E10	1E-30	1E-10	1E10	1E-30	1E-10	1E10	1E-30	1E-10	1E10	1E-30	1E-10
597	2.16415910150953E-06	1E10	22727273	1E-30	1.96373183846522E-10	1E10	1E-30	1E10	3.78628716708219E-03	2.2946090558547E-04	1E10	4.54238716563097	2.00700765639955E-04	1E10	0.698083168855876	2.05251539961056E-04	1E10	9.42505852002989E-02	2.18115863563178E-04	1E10	1.47720645918471E-02	1.82874702219462E-04	1E10	4.18358896283574E-03	1E-30	2.4400233244117E-11	0.073038183989227	1E-30	1.79320912846327E-10	3.14873602715431E-02	4.77297092965798E-06	8.09123650657794E-11	1.49023357424416E-02	2.05006255327559E-06	8.11532127963493E-11	1.44512063541953E-02	1.84177068359888E-11	3.51290353287999E-11	4.19240366240611	1.98753447775059E-11	1.63465991894248E-11	5.19519676825574	1E10	1E-30	1E-10	1E10	1E-30	1E-10	1E10	1E-30	1E-10	1E10	1E-30	1E-10
598	2.18163608363658E-06	1E10	227272727.272727	1E-30	9.47336449758768E-11	1E10	1E-30	1E10	3.18375929842456E-03	8.46967973309677E-05	1E10	78.8554815865047	2.4182102076392E-04	1E10	1.64675485963927	2.10501731112308E-04	1E10	0.1890059201267	2.01740209209669E-04	1E10	2.01064771223911E-02	1.8338739859877E-04	1E10	3.14959493475446E-03	1E-30	2.47111497452098E-11	2.96546529100466E-02	1E-30	2.39254454975935E-10	0.027055095261077	6.03747518802667E-06	6.27886354617733E-11	1.18097578654626E-02	4.07165030005213E-06	4.36596976891249E-11	1.03210578620238E-02	8.01133658627282E-12	8.48561565365927E-11	10.3764710905469	2.97340529984217E-12	1.02049782257451E-10	25.5014200762447	1E10	1E-30	1E-10	1E10	1E-30	1E-10	1E10	1E-30	1E-10	1E10	1E-30	1E-10
599	1.56197461218006E-06	1E10	22727272.7272727	1E-30	1.44601633726297E-10	1E10	1E-30	1E10	5.31564256641208E-03	4.51381727667643E-05	1E10	38.0325024967591	4.42838279398041E-05	1E10	3.3849976600152	3.57704319344583E-05	1E10	0.435911925884091	2.86116851301577E-05	1E10	5.06895778234366E-02	2.24393345620291E-05	1E10	6.69199750687094E-03	1E-30	1.56443900082098E-11	9.46238738615696E-02	1E-30	2.58138227446E-11	3.76547725381562E-02	1E-30	2.08356534431305E-10	3.09085567710798E-02	4.76695450026965E-06	3.90784231174328E-11	8.0786790304572E-03	2.4258683905844E-06	3.45483755263922E-11	9.84437698727054E-03	1.22611340881485E-11	6.64092345229449E-11	7.01568395083599	6.41612993307665E-12	4.8507858065695E-11	9.57659380245909	1E10	1E-30	1E-10	1E10	1E-30	1E-10	1E10	1E-30	1E-10
600	2.18163608363658E-06	1E10	227272727.272727	1E-30	9.47336449758768E-11	1E10	1E-30	1E10	3.18375929842456E-03	8.46967973309677E-05	1E10	78.8554815865047	2.4182102076392E-04	1E10	1.64675485963927	2.10501731112308E-04	1E10	0.1890059201267	2.01740209209669E-04	1E10	2.01064771223911E-02	1.8338739859877E-04	1E10	3.14959493475446E-03	1E-30	2.47111497452098E-11	2.96546529100466E-02	1E-30	2.39254454975935E-10	0.027055095261077	6.03747518802667E-06	6.27886354617733E-11	1.18097578654626E-02	4.07165030005213E-06	4.36596976891249E-11	1.03210578620238E-02	8.01133658627282E-12	8.48561565365927E-11	10.3764710905469	2.97340529984217E-12	1.02049782257451E-10	25.5014200762447	1E10	1E-30	1E-10	1E10	1E-30	1E-10	1E10	1E-30	1E-10	1E10	1E-30	1E-10
601	2.18163608363658E-06	1E10	227272727.272727	1E-30	9.47336449758768E-11	1E10	1E-30	1E10	3.18375929842456E-03	8.46967973309677E-05	1E10	78.8554815865047	2.4182102076392E-04	1E10	1.64675485963927	2.10501731112308E-04	1E10	0.1890059201267	2.01740209209669E-04	1E10	2.01064771223911E-02	1.8338739859877E-04	1E10	3.14959493475446E-03	1E-30	2.47111497452098E-11	2.96546529100466E-02	1E-30	2.39254454975935E-10	0.027055095261077	6.03747518802667E-06	6.27886354617733E-11	1.18097578654626E-02	4.07165030005213E-06	4.36596976891249E-11	1.03210578620238E-02	8.01133658627282E-12	8.48561565365927E-11	10.3764710905469	2.97340529984217E-12	1.02049782257451E-10	25.5014200762447	1E10	1E-30	1E-10	1E10	1E-30	1E-10	1E10	1E-30	1E-10	1E10	1E-30	1E-10
602	1.56197461218006E-06	1E10	22727272.7272727	1E-30	1.44601633726297E-10	1E10	1E-30	1E10	5.31564256641208E-03	4.51381727667643E-05	1E10	38.0325024967591	4.42838279398041E-05	1E10	3.3849976600152	3.57704319344583E-05	1E10	0.435911925884091	2.86116851301577E-05	1E10	5.06895778234366E-02	2.24393345620291E-05	1E10	6.69199750687094E-03	1E-30	1.56443900082098E-11	9.46238738615696E-02	1E-30	2.58138227446E-11	3.76547725381562E-02	1E-30	2.08356534431305E-10	3.09085567710798E-02	4.76695450026965E-06	3.90784231174328E-11	8.0786790304572E-03	2.4258683905844E-06	3.45483755263922E-11	9.84437698727054E-03	1.22611340881485E-11	6.64092345229449E-11	7.01568395083599	6.41612993307665E-12	4.8507858065695E-11	9.57659380245909	1E10	1E-30	1E-10	1E10	1E-30	1E-10	1E10	1E-30	1E-10
603	1.64626125993399E-06	1E10	22727272.7272727	1E-30	7.13580414197507E-11	1E10	1E-30	1E10	5.67418842696862E-03	2.63402129490881E-05	1E10	201.409334844177	4.26208890760666E-05	1E10	7.11916322528447	3.98509302307231E-05	1E10	0.690705025308086	3.0331261391141E-05	1E10	0.093612012258294	2.44962118865116E-05	1E10	1.10526616627897E-02	1E-30	1.73630658075138E-11	2.84698595148833E-02	1E-30	1.81068964204266E-10	2.66125999090096E-02	6.55210466050566E-06	2.93414426661494E-11	7.54731998826538E-03	2.69805696240076E-06	3.13990085570505E-11	1.00106629741815E-02	7.78873261587707E-12	1.47964131018403E-10	21.1546226302727	2.07856421896301E-12	1.83588198925745E-10	37.1752350470039	1E10	1E-30	1E-10	1E10	1E-30	1E-10	1E10	1E-30	1E-10	1E10	1E-30	1E-10
604	1.56197461218006E-06	1E10	22727273	1E-30	1.44601633726297E-10	1E10	1E-30	1E10	5.31564256641208E-03	4.51381727667643E-05	1E10	38.0325024967591	4.42838279398041E-05	1E10	3.3849976600152	3.57704319344583E-05	1E10	0.435911925884091	2.86116851301577E-05	1E10	5.06895778234366E-02	2.24393345620291E-05	1E10	6.69199750687094E-03	1E-30	1.56443900082098E-11	9.46238738615696E-02	1E-30	2.58138227446E-11	3.76547725381562E-02	1E-30	2.08356534431305E-10	3.09085567710798E-02	4.76695450026965E-06	3.90784231174328E-11	8.0786790304572E-03	2.4258683905844E-06	3.45483755263922E-11	9.84437698727054E-03	1.22611340881485E-11	6.64092345229449E-11	7.01568395083599	6.41612993307665E-12	4.8507858065695E-11	9.57659380245909	1E10	1E-30	1E-10	1E10	1E-30	1E-10	1E10	1E-30	1E-10
605	1.56197461218006E-06	1E10	22727272.7272727	1E-30	1.44601633726297E-10	1E10	1E-30	1E10	5.31564256641208E-03	4.51381727667643E-05	1E10	38.0325024967591	4.42838279398041E-05	1E10	3.3849976600152	3.57704319344583E-05	1E10	0.435911925884091	2.86116851301577E-05	1E10	5.06895778234366E-02	2.24393345620291E-05	1E10	6.69199750687094E-03	1E-30	1.56443900082098E-11	9.46238738615696E-02	1E-30	2.58138227446E-11	3.76547725381562E-02	1E-30	2.08356534431305E-10	3.09085567710798E-02	4.76695450026965E-06	3.90784231174328E-11	8.0786790304572E-03	2.4258683905844E-06	3.45483755263922E-11	9.84437698727054E-03	1.22611340881485E-11	6.64092345229449E-11	7.01568395083599	6.41612993307665E-12	4.8507858065695E-11	9.57659380245909	1E10	1E-30	1E-10	1E10	1E-30	1E-10	1E10	1E-30	1E-10
606	1.64626125993399E-06	1E10	22727272.7272727	1E-30	7.13580414197507E-11	1E10	1E-30	1E10	5.67418842696862E-03	2.63402129490881E-05	1E10	201.409334844177	4.26208890760666E-05	1E10	7.11916322528447	3.98509302307231E-05	1E10	0.690705025308086	3.0331261391141E-05	1E10	0.093612012258294	2.44962118865116E-05	1E10	1.10526616627897E-02	1E-30	1.73630658075138E-11	2.84698595148833E-02	1E-30	1.81068964204266E-10	2.66125999090096E-02	6.55210466050566E-06	2.93414426661494E-11	7.54731998826538E-03	2.69805696240076E-06	3.13990085570505E-11	1.00106629741815E-02	7.78873261587707E-12	1.47964131018403E-10	21.1546226302727	2.07856421896301E-12	1.83588198925745E-10	37.1752350470039	1E10	1E-30	1E-10	1E10	1E-30	1E-10	1E10	1E-30	1E-10	1E10	1E-30	1E-10
607	1.56197461218006E-06	1E10	22727272.7272727	1E-30	1.44601633726297E-10	1E10	1E-30	1E10	5.31564256641208E-03	4.51381727667643E-05	1E10	38.0325024967591	4.42838279398041E-05	1E10	3.3849976600152	3.57704319344583E-05	1E10	0.435911925884091	2.86116851301577E-05	1E10	5.06895778234366E-02	2.24393345620291E-05	1E10	6.69199750687094E-03	1E-30	1.56443900082098E-11	9.46238738615696E-02	1E-30	2.58138227446E-11	3.76547725381562E-02	1E-30	2.08356534431305E-10	3.09085567710798E-02	4.76695450026965E-06	3.90784231174328E-11	8.0786790304572E-03	2.4258683905844E-06	3.45483755263922E-11	9.84437698727054E-03	1.22611340881485E-11	6.64092345229449E-11	7.01568395083599	6.41612993307665E-12	4.8507858065695E-11	9.57659380245909	1E10	1E-30	1E-10	1E10	1E-30	1E-10	1E10	1E-30	1E-10
608	1.63057915664558E-06	1E10	22727272.7272727	1E-30	2.14374284777214E-10	1E10	1E-30	1E10	5.44111114316804E-03	7.08532151525173E-05	1E10	47.635977444564	8.57546380925611E-05	1E10	5.71430409311724	7.09983143348893E-05	1E10	1.10828933161399	6.05965647861119E-05	1E10	0.185381353104062	5.61371563110999E-05	1E10	3.06121134468091E-02	4.36971590126627E-05	1E10	7.7191096368464E-03	1E-30	8.47319510529092E-12	3.99112044211447E-02	1E-30	2.18377787540705E-11	3.16170103038961E-02	1E-30	1.64464377015564E-10	2.77269729695883E-02	5.73513637226057E-06	3.50671226469079E-11	7.28790707708911E-03	2.21805800603919E-06	4.24826503957871E-11	1.12310723908386E-02	8.18093839741804E-12	7.21975560781998E-11	11.2129649262236	1E10	1E-30	1E-10	1E10	1E-30	1E-10	1E10	1E-30	1E-10
609	1.74500156515594E-06	1E10	22727272.7272727	1E-30	9.23124718245903E-11	1E10	1E-30	1E10	6.1197302531283E-03	1.55395229360965E-05	1E10	365.814735214766	4.23109222143072E-05	1E10	6.79110430228195	3.83277084136794E-05	1E10	0.763290486756634	2.95193583759307E-05	1E10	9.81015988948898E-02	2.58254307626063E-05	1E10	1.11449098070967E-02	1E-30	2.40488449909615E-11	3.46971749468467E-02	1E-30	1.47829122731291E-10	2.44338127798373E-02	5.56366583202556E-06	3.51621228338682E-11	7.94792747227757E-03	1.79166977529814E-06	5.25630772538212E-11	0.010885797536088	1.18427178880291E-11	1.10581584019565E-10	17.4086251874988	1.91779800217062E-12	1.92802648259484E-10	35.2756172214647	1E10	1E-30	1E-10	1E10	1E-30	1E-10	1E10	1E-30	1E-10	1E10	1E-30	1E-10
610	1.63057915664558E-06	1E10	22727272.7272727	1E-30	2.14374284777214E-10	1E10	1E-30	1E10	5.44111114316804E-03	7.08532151525173E-05	1E10	47.635977444564	8.57546380925611E-05	1E10	5.71430409311724	7.09983143348893E-05	1E10	1.10828933161399	6.05965647861119E-05	1E10	0.185381353104062	5.61371563110999E-05	1E10	3.06121134468091E-02	4.36971590126627E-05	1E10	7.7191096368464E-03	1E-30	8.47319510529092E-12	3.99112044211447E-02	1E-30	2.18377787540705E-11	3.16170103038961E-02	1E-30	1.64464377015564E-10	2.77269729695883E-02	5.73513637226057E-06	3.50671226469079E-11	7.28790707708911E-03	2.21805800603919E-06	4.24826503957871E-11	1.12310723908386E-02	8.18093839741804E-12	7.21975560781998E-11	11.2129649262236	1E10	1E-30	1E-10	1E10	1E-30	1E-10	1E10	1E-30	1E-10
611	1.74500156515594E-06	1E10	22727272.7272727	1E-30	9.23124718245903E-11	1E10	1E-30	1E10	6.1197302531283E-03	1.55395229360965E-05	1E10	365.814735214766	4.23109222143072E-05	1E10	6.79110430228195	3.83277084136794E-05	1E10	0.763290486756634	2.95193583759307E-05	1E10	9.81015988948898E-02	2.58254307626063E-05	1E10	1.11449098070967E-02	1E-30	2.40488449909615E-11	3.46971749468467E-02	1E-30	1.47829122731291E-10	2.44338127798373E-02	5.56366583202556E-06	3.51621228338682E-11	7.94792747227757E-03	1.79166977529814E-06	5.25630772538212E-11	0.010885797536088	1.18427178880291E-11	1.10581584019565E-10	17.4086251874988	1.91779800217062E-12	1.92802648259484E-10	35.2756172214647	1E10	1E-30	1E-10	1E10	1E-30	1E-10	1E10	1E-30	1E-10	1E10	1E-30	1E-10
612	2.18163608363658E-06	1E10	227272727.272727	1E-30	9.47336449758768E-11	1E10	1E-30	1E10	3.18375929842456E-03	8.46967973309677E-05	1E10	78.8554815865047	2.4182102076392E-04	1E10	1.64675485963927	2.10501731112308E-04	1E10	0.1890059201267	2.01740209209669E-04	1E10	2.01064771223911E-02	1.8338739859877E-04	1E10	3.14959493475446E-03	1E-30	2.47111497452098E-11	2.96546529100466E-02	1E-30	2.39254454975935E-10	0.027055095261077	6.03747518802667E-06	6.27886354617733E-11	1.18097578654626E-02	4.07165030005213E-06	4.36596976891249E-11	1.03210578620238E-02	8.01133658627282E-12	8.48561565365927E-11	10.3764710905469	2.97340529984217E-12	1.02049782257451E-10	25.5014200762447	1E10	1E-30	1E-10	1E10	1E-30	1E-10	1E10	1E-30	1E-10	1E10	1E-30	1E-10
613	2.18163608363658E-06	1E10	227272727	1E-30	9.47336449758768E-11	1E10	1E-30	1E10	3.18375929842456E-03	8.46967973309677E-05	1E10	78.8554815865047	2.4182102076392E-04	1E10	1.64675485963927	2.10501731112308E-04	1E10	0.1890059201267	2.01740209209669E-04	1E10	2.01064771223911E-02	1.8338739859877E-04	1E10	3.14959493475446E-03	1E-30	2.47111497452098E-11	2.96546529100466E-02	1E-30	2.39254454975935E-10	0.027055095261077	6.03747518802667E-06	6.27886354617733E-11	1.18097578654626E-02	4.07165030005213E-06	4.36596976891249E-11	1.03210578620238E-02	8.01133658627282E-12	8.48561565365927E-11	10.3764710905469	2.97340529984217E-12	1.02049782257451E-10	25.5014200762447	1E10	1E-30	1E-10	1E10	1E-30	1E-10	1E10	1E-30	1E-10	1E10	1E-30	1E-10
614	1.63057915664558E-06	1E10	22727272.7272727	1E-30	2.14374284777214E-10	1E10	1E-30	1E10	5.44111114316804E-03	7.08532151525173E-05	1E10	47.635977444564	8.57546380925611E-05	1E10	5.71430409311724	7.09983143348893E-05	1E10	1.10828933161399	6.05965647861119E-05	1E10	0.185381353104062	5.61371563110999E-05	1E10	3.06121134468091E-02	4.36971590126627E-05	1E10	7.7191096368464E-03	1E-30	8.47319510529092E-12	3.99112044211447E-02	1E-30	2.18377787540705E-11	3.16170103038961E-02	1E-30	1.64464377015564E-10	2.77269729695883E-02	5.73513637226057E-06	3.50671226469079E-11	7.28790707708911E-03	2.21805800603919E-06	4.24826503957871E-11	1.12310723908386E-02	8.18093839741804E-12	7.21975560781998E-11	11.2129649262236	1E10	1E-30	1E-10	1E10	1E-30	1E-10	1E10	1E-30	1E-10
615	2.18163608363658E-06	1E10	227272727.272727	1E-30	9.47336449758768E-11	1E10	1E-30	1E10	3.18375929842456E-03	8.46967973309677E-05	1E10	78.8554815865047	2.4182102076392E-04	1E10	1.64675485963927	2.10501731112308E-04	1E10	0.1890059201267	2.01740209209669E-04	1E10	2.01064771223911E-02	1.8338739859877E-04	1E10	3.14959493475446E-03	1E-30	2.47111497452098E-11	2.96546529100466E-02	1E-30	2.39254454975935E-10	0.027055095261077	6.03747518802667E-06	6.27886354617733E-11	1.18097578654626E-02	4.07165030005213E-06	4.36596976891249E-11	1.03210578620238E-02	8.01133658627282E-12	8.48561565365927E-11	10.3764710905469	2.97340529984217E-12	1.02049782257451E-10	25.5014200762447	1E10	1E-30	1E-10	1E10	1E-30	1E-10	1E10	1E-30	1E-10	1E10	1E-30	1E-10
616	1.63057915664558E-06	1E10	22727272.7272727	1E-30	2.14374284777214E-10	1E10	1E-30	1E10	5.44111114316804E-03	7.08532151525173E-05	1E10	47.635977444564	8.57546380925611E-05	1E10	5.71430409311724	7.09983143348893E-05	1E10	1.10828933161399	6.05965647861119E-05	1E10	0.185381353104062	5.61371563110999E-05	1E10	3.06121134468091E-02	4.36971590126627E-05	1E10	7.7191096368464E-03	1E-30	8.47319510529092E-12	3.99112044211447E-02	1E-30	2.18377787540705E-11	3.16170103038961E-02	1E-30	1.64464377015564E-10	2.77269729695883E-02	5.73513637226057E-06	3.50671226469079E-11	7.28790707708911E-03	2.21805800603919E-06	4.24826503957871E-11	1.12310723908386E-02	8.18093839741804E-12	7.21975560781998E-11	11.2129649262236	1E10	1E-30	1E-10	1E10	1E-30	1E-10	1E10	1E-30	1E-10
617	2.18163608363658E-06	1E10	227272727.272727	1E-30	9.47336449758768E-11	1E10	1E-30	1E10	3.18375929842456E-03	8.46967973309677E-05	1E10	78.8554815865047	2.4182102076392E-04	1E10	1.64675485963927	2.10501731112308E-04	1E10	0.1890059201267	2.01740209209669E-04	1E10	2.01064771223911E-02	1.8338739859877E-04	1E10	3.14959493475446E-03	1E-30	2.47111497452098E-11	2.96546529100466E-02	1E-30	2.39254454975935E-10	0.027055095261077	6.03747518802667E-06	6.27886354617733E-11	1.18097578654626E-02	4.07165030005213E-06	4.36596976891249E-11	1.03210578620238E-02	8.01133658627282E-12	8.48561565365927E-11	10.3764710905469	2.97340529984217E-12	1.02049782257451E-10	25.5014200762447	1E10	1E-30	1E-10	1E10	1E-30	1E-10	1E10	1E-30	1E-10	1E10	1E-30	1E-10
618	1.58266455629515E-06	1E10	22727272.7272727	1E-30	1.7616041710226E-10	1E10	1E-30	1E10	5.54550682656446E-03	7.50272967626469E-05	1E10	63.6666057529557	9.4305115180907E-05	1E10	7.15976131742863	6.35826219113658E-05	1E10	1.44559946936466	6.30336842678492E-05	1E10	0.179763686695134	5.15106181694763E-05	1E10	3.37767057696575E-02	5.37977106771375E-05	1E10	7.12761943559886E-03	1E-30	2.51053154075502E-11	9.88640899975301E-02	1E-30	1.60960491379711E-10	3.48274076115554E-02	6.3582241308674E-06	3.08942478505719E-11	6.95008285553959E-03	1.45017757238089E-06	6.31937660893916E-11	1.32832623015008E-02	8.23488014991581E-12	7.47493896622508E-11	12.7309115791926	1E10	1E-30	1E-10	1E10	1E-30	1E-10	1E10	1E-30	1E-10	1E10	1E-30	1E-10
619	2.18163608363658E-06	1E10	227272727.272727	1E-30	9.47336449758768E-11	1E10	1E-30	1E10	3.18375929842456E-03	8.46967973309677E-05	1E10	78.8554815865047	2.4182102076392E-04	1E10	1.64675485963927	2.10501731112308E-04	1E10	0.1890059201267	2.01740209209669E-04	1E10	2.01064771223911E-02	1.8338739859877E-04	1E10	3.14959493475446E-03	1E-30	2.47111497452098E-11	2.96546529100466E-02	1E-30	2.39254454975935E-10	0.027055095261077	6.03747518802667E-06	6.27886354617733E-11	1.18097578654626E-02	4.07165030005213E-06	4.36596976891249E-11	1.03210578620238E-02	8.01133658627282E-12	8.48561565365927E-11	10.3764710905469	2.97340529984217E-12	1.02049782257451E-10	25.5014200762447	1E10	1E-30	1E-10	1E10	1E-30	1E-10	1E10	1E-30	1E-10	1E10	1E-30	1E-10
620	1.58266455629515E-06	1E10	22727272.7272727	1E-30	1.7616041710226E-10	1E10	1E-30	1E10	5.54550682656446E-03	7.50272967626469E-05	1E10	63.6666057529557	9.4305115180907E-05	1E10	7.15976131742863	6.35826219113658E-05	1E10	1.44559946936466	6.30336842678492E-05	1E10	0.179763686695134	5.15106181694763E-05	1E10	3.37767057696575E-02	5.37977106771375E-05	1E10	7.12761943559886E-03	1E-30	2.51053154075502E-11	9.88640899975301E-02	1E-30	1.60960491379711E-10	3.48274076115554E-02	6.3582241308674E-06	3.08942478505719E-11	6.95008285553959E-03	1.45017757238089E-06	6.31937660893916E-11	1.32832623015008E-02	8.23488014991581E-12	7.47493896622508E-11	12.7309115791926	1E10	1E-30	1E-10	1E10	1E-30	1E-10	1E10	1E-30	1E-10	1E10	1E-30	1E-10
621	2.18163608363658E-06	1E10	227272727.272727	1E-30	9.47336449758768E-11	1E10	1E-30	1E10	3.18375929842456E-03	8.46967973309677E-05	1E10	78.8554815865047	2.4182102076392E-04	1E10	1.64675485963927	2.10501731112308E-04	1E10	0.1890059201267	2.01740209209669E-04	1E10	2.01064771223911E-02	1.8338739859877E-04	1E10	3.14959493475446E-03	1E-30	2.47111497452098E-11	2.96546529100466E-02	1E-30	2.39254454975935E-10	0.027055095261077	6.03747518802667E-06	6.27886354617733E-11	1.18097578654626E-02	4.07165030005213E-06	4.36596976891249E-11	1.03210578620238E-02	8.01133658627282E-12	8.48561565365927E-11	10.3764710905469	2.97340529984217E-12	1.02049782257451E-10	25.5014200762447	1E10	1E-30	1E-10	1E10	1E-30	1E-10	1E10	1E-30	1E-10	1E10	1E-30	1E-10
622	1.85074137353481E-06	1E10	22727272.7272727	1E-30	1.40935936881452E-10	1E10	1E-30	1E10	4.83375018025891E-03	1.76939762805369E-05	1E10	386.254396858232	5.66607139073032E-05	1E10	8.48729725737176	4.91968127172847E-05	1E10	0.98665591232515	3.91412582836882E-05	1E10	0.122578121914921	2.91592429697937E-05	1E10	1.64416291230113E-02	1E-30	7.29793569169606E-12	4.41409953330557E-02	1E-30	2.21851163788663E-11	3.12332890158761E-02	1E-30	2.40198069755301E-10	3.07801542075842E-02	5.46105951406701E-06	4.73055599368324E-11	1.20062883994065E-02	2.77785115490666E-06	4.64819915157135E-11	1.18067112914906E-02	1.07522998008211E-11	6.86307760813421E-11	8.28416618244985	5.99040589525685E-12	4.93590046176885E-11	7.29208871329846	1E10	1E-30	1E-10	1E10	1E-30	1E-10	1E10	1E-30	1E-10
623	1.53747564153692E-06	1E10	22727272.7272727	1E-30	6.96364990001715E-11	1E10	1E-30	1E10	5.31173975231189E-03	5.73390660322603E-05	1E10	18.8949864180848	6.18182386583472E-05	1E10	1.88811360890506	5.69197979884415E-05	1E10	0.243128126415853	4.82525802796095E-05	1E10	4.08819698343008E-02	3.70570449691572E-05	1E10	8.89990727312391E-03	1E-30	2.14634351897555E-11	8.27666199993695E-02	1E-30	1.76194567203331E-10	3.77616630404766E-02	4.16555462942922E-06	5.61597101453342E-11	1.38927840154038E-02	1.59399008476517E-06	6.68746927790794E-11	1.58088458255442E-02	1.49300683447379E-11	5.47271070364352E-11	9.56729428618546	1.65840519147928E-12	1.37514101758964E-10	25.0901248227346	1E10	1E-30	1E-10	1E10	1E-30	1E-10	1E10	1E-30	1E-10	1E10	1E-30	1E-10
624	1.53747564153692E-06	1E10	22727272.7272727	1E-30	6.96364990001715E-11	1E10	1E-30	1E10	5.31173975231189E-03	5.73390660322603E-05	1E10	18.8949864180848	6.18182386583472E-05	1E10	1.88811360890506	5.69197979884415E-05	1E10	0.243128126415853	4.82525802796095E-05	1E10	4.08819698343008E-02	3.70570449691572E-05	1E10	8.89990727312391E-03	1E-30	2.14634351897555E-11	8.27666199993695E-02	1E-30	1.76194567203331E-10	3.77616630404766E-02	4.16555462942922E-06	5.61597101453342E-11	1.38927840154038E-02	1.59399008476517E-06	6.68746927790794E-11	1.58088458255442E-02	1.49300683447379E-11	5.47271070364352E-11	9.56729428618546	1.65840519147928E-12	1.37514101758964E-10	25.0901248227346	1E10	1E-30	1E-10	1E10	1E-30	1E-10	1E10	1E-30	1E-10	1E10	1E-30	1E-10
625	2.34671250221611E-06	1E10	15151515.1515151	1E-30	2.00035091591818E-10	1E10	1E-30	1E10	4.27994060963699E-03	1.15249753061309E-04	1E10	31.3583243459087	1.46663151475661E-04	1E10	5.44164796252371	1.00532730890709E-04	1E10	1.63014821850321	1.07306928815532E-04	1E10	0.344592054292374	9.68146860055366E-05	1E10	0.11147643491632	5.00409618971898E-05	1E10	3.38267580632696E-02	4.12658787564578E-05	1E10	4.65705688397126E-03	1E-30	8.57486115257335E-12	0.100058443074138	1E-30	2.64722050771827E-11	0.039514621247073	1E-30	2.02751806665324E-10	2.61835458909587E-02	1.3042755674393E-05	2.29557100009471E-11	4.61894105607467E-03	2.77052537062047E-06	5.13164207224113E-11	9.59850030904802E-03	9.46095344263347E-12	7.27318258616914E-11	13.0665890695079	1E10	1E-30	1E-10	1E10	1E-30	1E-10
626	3.51731460049073E-06	1E10	106382978.723404	1E-30	1.72443445689456E-10	1E10	1E-30	1E10	3.95894769088579E-03	4.93032799738825E-05	1E10	112.673831952777	9.26942663338659E-05	1E10	3.88511004771386	8.77312814214888E-05	1E10	0.402694999472886	6.57767113859206E-05	1E10	5.09422270314391E-02	6.31233902025644E-05	1E10	5.53560192329827E-03	1E-30	9.24487818201382E-12	5.24734657222456E-02	1E-30	2.82263017418202E-11	2.90722602447313E-02	1E-30	2.88990594147904E-10	2.35417401881285E-02	9.86743603465808E-06	5.10121619556432E-11	8.08752003254396E-03	9.41754698684514E-06	2.59863088941745E-11	6.28364939735566E-03	1.16092923564932E-11	5.80456788352469E-11	7.91043652443651	3.04225472477622E-11	1.40638071915591E-11	2.76259883465415	1E10	1E-30	1E-10	1E10	1E-30	1E-10	1E10	1E-30	1E-10
627	3.51731460049073E-06	1E10	106382978.723404	1E-30	1.72443445689456E-10	1E10	1E-30	1E10	3.95894769088579E-03	4.93032799738825E-05	1E10	112.673831952777	9.26942663338659E-05	1E10	3.88511004771386	8.77312814214888E-05	1E10	0.402694999472886	6.57767113859206E-05	1E10	5.09422270314391E-02	6.31233902025644E-05	1E10	5.53560192329827E-03	1E-30	9.24487818201382E-12	5.24734657222456E-02	1E-30	2.82263017418202E-11	2.90722602447313E-02	1E-30	2.88990594147904E-10	2.35417401881285E-02	9.86743603465808E-06	5.10121619556432E-11	8.08752003254396E-03	9.41754698684514E-06	2.59863088941745E-11	6.28364939735566E-03	1.16092923564932E-11	5.80456788352469E-11	7.91043652443651	3.04225472477622E-11	1.40638071915591E-11	2.76259883465415	1E10	1E-30	1E-10	1E10	1E-30	1E-10	1E10	1E-30	1E-10
628	3.51278037904294E-06	1E10	10638297.8723404	1E-30	9.58819651819815E-11	1E10	1E-30	1E10	4.34650212861307E-03	5.22749596443091E-05	1E10	101.48577456257	8.23897339333297E-05	1E10	4.02205294303837	8.11886083963033E-05	1E10	0.408979170257961	6.22236248001919E-05	1E10	5.31489218441401E-02	5.32039227764283E-05	1E10	6.80294354007558E-03	1E-30	9.46638748485323E-12	6.43086382053792E-02	1E-30	2.86726307980322E-11	3.12633557995831E-02	1E-30	2.29604778802165E-10	2.14965071464584E-02	1.25450042913231E-05	3.36212530678365E-11	4.25402476761575E-03	4.16210153636077E-06	4.77917462285751E-11	7.24058426728725E-03	7.63943431683802E-12	1.00735840901505E-10	13.5982481765202	3.09118274959529E-12	9.38312447063163E-11	23.1023534674191	1E10	1E-30	1E-10	1E10	1E-30	1E-10	1E10	1E-30	1E-10
629	3.51278037904294E-06	1E10	10638297.8723404	1E-30	9.58819651819815E-11	1E10	1E-30	1E10	4.34650212861307E-03	5.22749596443091E-05	1E10	101.48577456257	8.23897339333297E-05	1E10	4.02205294303837	8.11886083963033E-05	1E10	0.408979170257961	6.22236248001919E-05	1E10	5.31489218441401E-02	5.32039227764283E-05	1E10	6.80294354007558E-03	1E-30	9.46638748485323E-12	6.43086382053792E-02	1E-30	2.86726307980322E-11	3.12633557995831E-02	1E-30	2.29604778802165E-10	2.14965071464584E-02	1.25450042913231E-05	3.36212530678365E-11	4.25402476761575E-03	4.16210153636077E-06	4.77917462285751E-11	7.24058426728725E-03	7.63943431683802E-12	1.00735840901505E-10	13.5982481765202	3.09118274959529E-12	9.38312447063163E-11	23.1023534674191	1E10	1E-30	1E-10	1E10	1E-30	1E-10	1E10	1E-30	1E-10
630	3.51731460049073E-06	1E10	10638297.8723404	1E-30	1.72443445689456E-10	1E10	1E-30	1E10	3.95894769088579E-03	4.93032799738825E-05	1E10	112.673831952777	9.26942663338659E-05	1E10	3.88511004771386	8.77312814214888E-05	1E10	0.402694999472886	6.57767113859206E-05	1E10	5.09422270314391E-02	6.31233902025644E-05	1E10	5.53560192329827E-03	1E-30	9.24487818201382E-12	5.24734657222456E-02	1E-30	2.82263017418202E-11	2.90722602447313E-02	1E-30	2.88990594147904E-10	2.35417401881285E-02	9.86743603465808E-06	5.10121619556432E-11	8.08752003254396E-03	9.41754698684514E-06	2.59863088941745E-11	6.28364939735566E-03	1.16092923564932E-11	5.80456788352469E-11	7.91043652443651	3.04225472477622E-11	1.40638071915591E-11	2.76259883465415	1E10	1E-30	1E-10	1E10	1E-30	1E-10	1E10	1E-30	1E-10
631	3.51278037904294E-06	1E10	10638297.8723404	1E-30	9.58819651819815E-11	1E10	1E-30	1E10	4.34650212861307E-03	5.22749596443091E-05	1E10	101.48577456257	8.23897339333297E-05	1E10	4.02205294303837	8.11886083963033E-05	1E10	0.408979170257961	6.22236248001919E-05	1E10	5.31489218441401E-02	5.32039227764283E-05	1E10	6.80294354007558E-03	1E-30	9.46638748485323E-12	6.43086382053792E-02	1E-30	2.86726307980322E-11	3.12633557995831E-02	1E-30	2.29604778802165E-10	2.14965071464584E-02	1.25450042913231E-05	3.36212530678365E-11	4.25402476761575E-03	4.16210153636077E-06	4.77917462285751E-11	7.24058426728725E-03	7.63943431683802E-12	1.00735840901505E-10	13.5982481765202	3.09118274959529E-12	9.38312447063163E-11	23.1023534674191	1E10	1E-30	1E-10	1E10	1E-30	1E-10	1E10	1E-30	1E-10
632	3.51731460049073E-06	1E10	10638297.8723404	1E-30	1.72443445689456E-10	1E10	1E-30	1E10	3.95894769088579E-03	4.93032799738825E-05	1E10	112.673831952777	9.26942663338659E-05	1E10	3.88511004771386	8.77312814214888E-05	1E10	0.402694999472886	6.57767113859206E-05	1E10	5.09422270314391E-02	6.31233902025644E-05	1E10	5.53560192329827E-03	1E-30	9.24487818201382E-12	5.24734657222456E-02	1E-30	2.82263017418202E-11	2.90722602447313E-02	1E-30	2.88990594147904E-10	2.35417401881285E-02	9.86743603465808E-06	5.10121619556432E-11	8.08752003254396E-03	9.41754698684514E-06	2.59863088941745E-11	6.28364939735566E-03	1.16092923564932E-11	5.80456788352469E-11	7.91043652443651	3.04225472477622E-11	1.40638071915591E-11	2.76259883465415	1E10	1E-30	1E-10	1E10	1E-30	1E-10	1E10	1E-30	1E-10
633	3.51278037904294E-06	1E10	10638297.8723404	1E-30	9.58819651819815E-11	1E10	1E-30	1E10	4.34650212861307E-03	5.22749596443091E-05	1E10	101.48577456257	8.23897339333297E-05	1E10	4.02205294303837	8.11886083963033E-05	1E10	0.408979170257961	6.22236248001919E-05	1E10	5.31489218441401E-02	5.32039227764283E-05	1E10	6.80294354007558E-03	1E-30	9.46638748485323E-12	6.43086382053792E-02	1E-30	2.86726307980322E-11	3.12633557995831E-02	1E-30	2.29604778802165E-10	2.14965071464584E-02	1.25450042913231E-05	3.36212530678365E-11	4.25402476761575E-03	4.16210153636077E-06	4.77917462285751E-11	7.24058426728725E-03	7.63943431683802E-12	1.00735840901505E-10	13.5982481765202	3.09118274959529E-12	9.38312447063163E-11	23.1023534674191	1E10	1E-30	1E-10	1E10	1E-30	1E-10	1E10	1E-30	1E-10
634	3.42191465142565E-06	1E10	10638297.8723404	1E-30	1.17088118510006E-10	1E10	1E-30	1E10	3.76583195077069E-03	7.12494803553281E-05	1E10	74.458995957198	1.04300482434493E-04	1E10	3.7859064567704	8.28055594705372E-05	1E10	0.451105743318015	6.8837439949204E-05	1E10	5.04312280347544E-02	6.09809939979374E-05	1E10	6.43448509531555E-03	1E-30	9.82747641050165E-12	7.87530845988019E-02	1E-30	2.41294981245249E-11	0.030739840275357	1E-30	2.71130079772472E-10	2.46480064652776E-02	9.32586001335883E-06	5.45669054201487E-11	7.48507533213615E-03	6.0835463894378E-06	4.10063059236776E-11	6.61829729952428E-03	1.3721099441151E-11	4.93594377916299E-11	8.07628705018758	3.65711344364255E-12	7.78016889665592E-11	28.2230978291723	1E10	1E-30	1E-10	1E10	1E-30	1E-10	1E10	1E-30	1E-10
635	3.42191465142565E-06	1E10	10638297.8723404	1E-30	1.17088118510006E-10	1E10	1E-30	1E10	3.76583195077069E-03	7.12494803553281E-05	1E10	74.458995957198	1.04300482434493E-04	1E10	3.7859064567704	8.28055594705372E-05	1E10	0.451105743318015	6.8837439949204E-05	1E10	5.04312280347544E-02	6.09809939979374E-05	1E10	6.43448509531555E-03	1E-30	9.82747641050165E-12	7.87530845988019E-02	1E-30	2.41294981245249E-11	0.030739840275357	1E-30	2.71130079772472E-10	2.46480064652776E-02	9.32586001335883E-06	5.45669054201487E-11	7.48507533213615E-03	6.0835463894378E-06	4.10063059236776E-11	6.61829729952428E-03	1.3721099441151E-11	4.93594377916299E-11	8.07628705018758	3.65711344364255E-12	7.78016889665592E-11	28.2230978291723	1E10	1E-30	1E-10	1E10	1E-30	1E-10	1E10	1E-30	1E-10
636	3.42191465142565E-06	1E10	10638297.8723404	1E-30	1.17088118510006E-10	1E10	1E-30	1E10	3.76583195077069E-03	7.12494803553281E-05	1E10	74.458995957198	1.04300482434493E-04	1E10	3.7859064567704	8.28055594705372E-05	1E10	0.451105743318015	6.8837439949204E-05	1E10	5.04312280347544E-02	6.09809939979374E-05	1E10	6.43448509531555E-03	1E-30	9.82747641050165E-12	7.87530845988019E-02	1E-30	2.41294981245249E-11	0.030739840275357	1E-30	2.71130079772472E-10	2.46480064652776E-02	9.32586001335883E-06	5.45669054201487E-11	7.48507533213615E-03	6.0835463894378E-06	4.10063059236776E-11	6.61829729952428E-03	1.3721099441151E-11	4.93594377916299E-11	8.07628705018758	3.65711344364255E-12	7.78016889665592E-11	28.2230978291723	1E10	1E-30	1E-10	1E10	1E-30	1E-10	1E10	1E-30	1E-10
637	3.52149758899185E-06	1E10	10638297.8723404	1E-30	1.03700195717208E-10	1E10	1E-30	1E10	3.69271815713202E-03	5.82711251874225E-05	1E10	95.3334857466773	1.33866678423646E-04	1E10	4.20732374012809	1.10162718780796E-04	1E10	0.474737621334609	9.23334264298237E-05	1E10	5.64656323438595E-02	7.70122029796546E-05	1E10	6.72879528187724E-03	1E-30	7.85592277375964E-12	4.03827055602445E-02	1E-30	2.44776036818111E-11	2.54880698993089E-02	1E-30	2.6795064623156E-10	0.022176081885771	1.0209763973308E-05	5.22481644869537E-11	5.90788839216146E-03	6.28632195677368E-06	4.31880840672681E-11	6.03389236823675E-03	1.50390701387538E-11	5.46544286911892E-11	9.30410288226433	1.96353204573038E-12	1.17835382022519E-10	21.348294105419	1E10	1E-30	1E-10	1E10	1E-30	1E-10	1E10	1E-30	1E-10
638	3.52149758899185E-06	1E10	10638297.8723404	1E-30	1.03700195717208E-10	1E10	1E-30	1E10	3.69271815713202E-03	5.82711251874225E-05	1E10	95.3334857466773	1.33866678423646E-04	1E10	4.20732374012809	1.10162718780796E-04	1E10	0.474737621334609	9.23334264298237E-05	1E10	5.64656323438595E-02	7.70122029796546E-05	1E10	6.72879528187724E-03	1E-30	7.85592277375964E-12	4.03827055602445E-02	1E-30	2.44776036818111E-11	2.54880698993089E-02	1E-30	2.6795064623156E-10	0.022176081885771	1.0209763973308E-05	5.22481644869537E-11	5.90788839216146E-03	6.28632195677368E-06	4.31880840672681E-11	6.03389236823675E-03	1.50390701387538E-11	5.46544286911892E-11	9.30410288226433	1.96353204573038E-12	1.17835382022519E-10	21.348294105419	1E10	1E-30	1E-10	1E10	1E-30	1E-10	1E10	1E-30	1E-10
639	3.70447262018066E-06	1E10	10638297.8723404	1E-30	1.52934883349512E-10	1E10	1E-30	1E10	3.74541690844651E-03	1.00349356089904E-04	1E10	53.1022929379097	1.93870316658501E-04	1E10	2.50527145187709	1.82172645584359E-04	1E10	0.341738447529292	1.53566302436801E-04	1E10	4.67527070793006E-02	1.30493324440134E-04	1E10	7.93716555124596E-03	3.66738527027409E-04	1E10	8.92706818376736E-04	1E-30	9.63024378667052E-12	6.12479757787981E-02	1E-30	2.62104646580951E-11	3.32810140363403E-02	1E-30	2.3609887127389E-10	2.37948485572178E-02	8.25188120739138E-06	7.75201990137361E-11	1.12529172732301E-02	5.1221735512952E-06	5.8925926625177E-11	9.56967860705765E-03	1.75413932360919E-11	3.17477582423188E-11	7.88908174187823	5.92277193584228E-12	5.83951800332955E-11	17.0940086477009	1E10	1E-30	1E-10	1E10	1E-30	1E-10
640	3.70447262018066E-06	1E10	10638297.8723404	1E-30	1.52934883349512E-10	1E10	1E-30	1E10	3.74541690844651E-03	1.00349356089904E-04	1E10	53.1022929379097	1.93870316658501E-04	1E10	2.50527145187709	1.82172645584359E-04	1E10	0.341738447529292	1.53566302436801E-04	1E10	4.67527070793006E-02	1.30493324440134E-04	1E10	7.93716555124596E-03	3.66738527027409E-04	1E10	8.92706818376736E-04	1E-30	9.63024378667052E-12	6.12479757787981E-02	1E-30	2.62104646580951E-11	3.32810140363403E-02	1E-30	2.3609887127389E-10	2.37948485572178E-02	8.25188120739138E-06	7.75201990137361E-11	1.12529172732301E-02	5.1221735512952E-06	5.8925926625177E-11	9.56967860705765E-03	1.75413932360919E-11	3.17477582423188E-11	7.88908174187823	5.92277193584228E-12	5.83951800332955E-11	17.0940086477009	1E10	1E-30	1E-10	1E10	1E-30	1E-10
641	3.70447262018066E-06	1E10	10638297.8723404	1E-30	1.52934883349512E-10	1E10	1E-30	1E10	3.74541690844651E-03	1.00349356089904E-04	1E10	53.1022929379097	1.93870316658501E-04	1E10	2.50527145187709	1.82172645584359E-04	1E10	0.341738447529292	1.53566302436801E-04	1E10	4.67527070793006E-02	1.30493324440134E-04	1E10	7.93716555124596E-03	3.66738527027409E-04	1E10	8.92706818376736E-04	1E-30	9.63024378667052E-12	6.12479757787981E-02	1E-30	2.62104646580951E-11	3.32810140363403E-02	1E-30	2.3609887127389E-10	2.37948485572178E-02	8.25188120739138E-06	7.75201990137361E-11	1.12529172732301E-02	5.1221735512952E-06	5.8925926625177E-11	9.56967860705765E-03	1.75413932360919E-11	3.17477582423188E-11	7.88908174187823	5.92277193584228E-12	5.83951800332955E-11	17.0940086477009	1E10	1E-30	1E-10	1E10	1E-30	1E-10
642	3.70447262018066E-06	1E10	10638297.8723404	1E-30	1.52934883349512E-10	1E10	1E-30	1E10	3.74541690844651E-03	1.00349356089904E-04	1E10	53.1022929379097	1.93870316658501E-04	1E10	2.50527145187709	1.82172645584359E-04	1E10	0.341738447529292	1.53566302436801E-04	1E10	4.67527070793006E-02	1.30493324440134E-04	1E10	7.93716555124596E-03	3.66738527027409E-04	1E10	8.92706818376736E-04	1E-30	9.63024378667052E-12	6.12479757787981E-02	1E-30	2.62104646580951E-11	3.32810140363403E-02	1E-30	2.3609887127389E-10	2.37948485572178E-02	8.25188120739138E-06	7.75201990137361E-11	1.12529172732301E-02	5.1221735512952E-06	5.8925926625177E-11	9.56967860705765E-03	1.75413932360919E-11	3.17477582423188E-11	7.88908174187823	5.92277193584228E-12	5.83951800332955E-11	17.0940086477009	1E10	1E-30	1E-10	1E10	1E-30	1E-10
643	3.70447262018066E-06	1E10	10638297.8723404	1E-30	1.52934883349512E-10	1E10	1E-30	1E10	3.74541690844651E-03	1.00349356089904E-04	1E10	53.1022929379097	1.93870316658501E-04	1E10	2.50527145187709	1.82172645584359E-04	1E10	0.341738447529292	1.53566302436801E-04	1E10	4.67527070793006E-02	1.30493324440134E-04	1E10	7.93716555124596E-03	3.66738527027409E-04	1E10	8.92706818376736E-04	1E-30	9.63024378667052E-12	6.12479757787981E-02	1E-30	2.62104646580951E-11	3.32810140363403E-02	1E-30	2.3609887127389E-10	2.37948485572178E-02	8.25188120739138E-06	7.75201990137361E-11	1.12529172732301E-02	5.1221735512952E-06	5.8925926625177E-11	9.56967860705765E-03	1.75413932360919E-11	3.17477582423188E-11	7.88908174187823	5.92277193584228E-12	5.83951800332955E-11	17.0940086477009	1E10	1E-30	1E-10	1E10	1E-30	1E-10
644	3.70447262018066E-06	1E10	10638297.8723404	1E-30	1.52934883349512E-10	1E10	1E-30	1E10	3.74541690844651E-03	1.00349356089904E-04	1E10	53.1022929379097	1.93870316658501E-04	1E10	2.50527145187709	1.82172645584359E-04	1E10	0.341738447529292	1.53566302436801E-04	1E10	4.67527070793006E-02	1.30493324440134E-04	1E10	7.93716555124596E-03	3.66738527027409E-04	1E10	8.92706818376736E-04	1E-30	9.63024378667052E-12	6.12479757787981E-02	1E-30	2.62104646580951E-11	3.32810140363403E-02	1E-30	2.3609887127389E-10	2.37948485572178E-02	8.25188120739138E-06	7.75201990137361E-11	1.12529172732301E-02	5.1221735512952E-06	5.8925926625177E-11	9.56967860705765E-03	1.75413932360919E-11	3.17477582423188E-11	7.88908174187823	5.92277193584228E-12	5.83951800332955E-11	17.0940086477009	1E10	1E-30	1E-10	1E10	1E-30	1E-10
645	3.51278037904294E-06	1E10	10638297.8723404	1E-30	9.58819651819815E-11	1E10	1E-30	1E10	4.34650212861307E-03	5.22749596443091E-05	1E10	101.48577456257	8.23897339333297E-05	1E10	4.02205294303837	8.11886083963033E-05	1E10	0.408979170257961	6.22236248001919E-05	1E10	5.31489218441401E-02	5.32039227764283E-05	1E10	6.80294354007558E-03	1E-30	9.46638748485323E-12	6.43086382053792E-02	1E-30	2.86726307980322E-11	3.12633557995831E-02	1E-30	2.29604778802165E-10	2.14965071464584E-02	1.25450042913231E-05	3.36212530678365E-11	4.25402476761575E-03	4.16210153636077E-06	4.77917462285751E-11	7.24058426728725E-03	7.63943431683802E-12	1.00735840901505E-10	13.5982481765202	3.09118274959529E-12	9.38312447063163E-11	23.1023534674191	1E10	1E-30	1E-10	1E10	1E-30	1E-10	1E10	1E-30	1E-10
646	3.51278037904294E-06	1E10	10638297.8723404	1E-30	9.58819651819815E-11	1E10	1E-30	1E10	4.34650212861307E-03	5.22749596443091E-05	1E10	101.48577456257	8.23897339333297E-05	1E10	4.02205294303837	8.11886083963033E-05	1E10	0.408979170257961	6.22236248001919E-05	1E10	5.31489218441401E-02	5.32039227764283E-05	1E10	6.80294354007558E-03	1E-30	9.46638748485323E-12	6.43086382053792E-02	1E-30	2.86726307980322E-11	3.12633557995831E-02	1E-30	2.29604778802165E-10	2.14965071464584E-02	1.25450042913231E-05	3.36212530678365E-11	4.25402476761575E-03	4.16210153636077E-06	4.77917462285751E-11	7.24058426728725E-03	7.63943431683802E-12	1.00735840901505E-10	13.5982481765202	3.09118274959529E-12	9.38312447063163E-11	23.1023534674191	1E10	1E-30	1E-10	1E10	1E-30	1E-10	1E10	1E-30	1E-10
647	3.51278037904294E-06	1E10	10638297.8723404	1E-30	9.58819651819815E-11	1E10	1E-30	1E10	4.34650212861307E-03	5.22749596443091E-05	1E10	101.48577456257	8.23897339333297E-05	1E10	4.02205294303837	8.11886083963033E-05	1E10	0.408979170257961	6.22236248001919E-05	1E10	5.31489218441401E-02	5.32039227764283E-05	1E10	6.80294354007558E-03	1E-30	9.46638748485323E-12	6.43086382053792E-02	1E-30	2.86726307980322E-11	3.12633557995831E-02	1E-30	2.29604778802165E-10	2.14965071464584E-02	1.25450042913231E-05	3.36212530678365E-11	4.25402476761575E-03	4.16210153636077E-06	4.77917462285751E-11	7.24058426728725E-03	7.63943431683802E-12	1.00735840901505E-10	13.5982481765202	3.09118274959529E-12	9.38312447063163E-11	23.1023534674191	1E10	1E-30	1E-10	1E10	1E-30	1E-10	1E10	1E-30	1E-10
648	3.26880156170047E-06	1E10	10638297.8723404	1E-30	1.92399580780382E-10	1E10	1E-30	1E10	4.43421293936264E-03	1.23316152615805E-04	1E10	40.1164140448145	1.06369282229061E-04	1E10	5.05551047666981	1.09442500495151E-04	1E10	0.546105509633087	9.36513176296674E-05	1E10	6.93155158617397E-02	7.43013456191328E-05	1E10	1.06539397168996E-02	1E-30	2.04395385933804E-11	6.67589725153936E-02	1E-30	1.73744041140602E-10	2.31010742175317E-02	1E-30	1.46722528591936E-11	8.68305624742154E-03	1.9796238775719E-05	2.34869878236572E-11	3.38860731156438E-03	2.62353480906835E-06	7.78931161513351E-11	9.43006852677736E-03	1.44441186038918E-11	5.74668087855066E-11	9.01679856298303	8.28348536242968E-12	3.82074737270699E-11	10.6135797892472	1E10	1E-30	1E-10	1E10	1E-30	1E-10	1E10	1E-30	1E-10
649	3.42191465142565E-06	1E10	10638297.8723404	1E-30	1.17088118510006E-10	1E10	1E-30	1E10	3.76583195077069E-03	7.12494803553281E-05	1E10	74.458995957198	1.04300482434493E-04	1E10	3.7859064567704	8.28055594705372E-05	1E10	0.451105743318015	6.8837439949204E-05	1E10	5.04312280347544E-02	6.09809939979374E-05	1E10	6.43448509531555E-03	1E-30	9.82747641050165E-12	7.87530845988019E-02	1E-30	2.41294981245249E-11	0.030739840275357	1E-30	2.71130079772472E-10	2.46480064652776E-02	9.32586001335883E-06	5.45669054201487E-11	7.48507533213615E-03	6.0835463894378E-06	4.10063059236776E-11	6.61829729952428E-03	1.3721099441151E-11	4.93594377916299E-11	8.07628705018758	3.65711344364255E-12	7.78016889665592E-11	28.2230978291723	1E10	1E-30	1E-10	1E10	1E-30	1E-10	1E10	1E-30	1E-10
650	3.26880156170047E-06	1E10	10638297.8723404	1E-30	1.92399580780382E-10	1E10	1E-30	1E10	4.43421293936264E-03	1.23316152615805E-04	1E10	40.1164140448145	1.06369282229061E-04	1E10	5.05551047666981	1.09442500495151E-04	1E10	0.546105509633087	9.36513176296674E-05	1E10	6.93155158617397E-02	7.43013456191328E-05	1E10	1.06539397168996E-02	1E-30	2.04395385933804E-11	6.67589725153936E-02	1E-30	1.73744041140602E-10	2.31010742175317E-02	1E-30	1.46722528591936E-11	8.68305624742154E-03	1.9796238775719E-05	2.34869878236572E-11	3.38860731156438E-03	2.62353480906835E-06	7.78931161513351E-11	9.43006852677736E-03	1.44441186038918E-11	5.74668087855066E-11	9.01679856298303	8.28348536242968E-12	3.82074737270699E-11	10.6135797892472	1E10	1E-30	1E-10	1E10	1E-30	1E-10	1E10	1E-30	1E-10
651	3.42191465142565E-06	1E10	10638297.8723404	1E-30	1.17088118510006E-10	1E10	1E-30	1E10	3.76583195077069E-03	7.12494803553281E-05	1E10	74.458995957198	1.04300482434493E-04	1E10	3.7859064567704	8.28055594705372E-05	1E10	0.451105743318015	6.8837439949204E-05	1E10	5.04312280347544E-02	6.09809939979374E-05	1E10	6.43448509531555E-03	1E-30	9.82747641050165E-12	7.87530845988019E-02	1E-30	2.41294981245249E-11	0.030739840275357	1E-30	2.71130079772472E-10	2.46480064652776E-02	9.32586001335883E-06	5.45669054201487E-11	7.48507533213615E-03	6.0835463894378E-06	4.10063059236776E-11	6.61829729952428E-03	1.3721099441151E-11	4.93594377916299E-11	8.07628705018758	3.65711344364255E-12	7.78016889665592E-11	28.2230978291723	1E10	1E-30	1E-10	1E10	1E-30	1E-10	1E10	1E-30	1E-10
652	3.42191465142565E-06	1E10	10638297.8723404	1E-30	1.17088118510006E-10	1E10	1E-30	1E10	3.76583195077069E-03	7.12494803553281E-05	1E10	74.458995957198	1.04300482434493E-04	1E10	3.7859064567704	8.28055594705372E-05	1E10	0.451105743318015	6.8837439949204E-05	1E10	5.04312280347544E-02	6.09809939979374E-05	1E10	6.43448509531555E-03	1E-30	9.82747641050165E-12	7.87530845988019E-02	1E-30	2.41294981245249E-11	0.030739840275357	1E-30	2.71130079772472E-10	2.46480064652776E-02	9.32586001335883E-06	5.45669054201487E-11	7.48507533213615E-03	6.0835463894378E-06	4.10063059236776E-11	6.61829729952428E-03	1.3721099441151E-11	4.93594377916299E-11	8.07628705018758	3.65711344364255E-12	7.78016889665592E-11	28.2230978291723	1E10	1E-30	1E-10	1E10	1E-30	1E-10	1E10	1E-30	1E-10
653	3.70447262018066E-06	1E10	10638297.8723404	1E-30	1.52934883349512E-10	1E10	1E-30	1E10	3.74541690844651E-03	1.00349356089904E-04	1E10	53.1022929379097	1.93870316658501E-04	1E10	2.50527145187709	1.82172645584359E-04	1E10	0.341738447529292	1.53566302436801E-04	1E10	4.67527070793006E-02	1.30493324440134E-04	1E10	7.93716555124596E-03	3.66738527027409E-04	1E10	8.92706818376736E-04	1E-30	9.63024378667052E-12	6.12479757787981E-02	1E-30	2.62104646580951E-11	3.32810140363403E-02	1E-30	2.3609887127389E-10	2.37948485572178E-02	8.25188120739138E-06	7.75201990137361E-11	1.12529172732301E-02	5.1221735512952E-06	5.8925926625177E-11	9.56967860705765E-03	1.75413932360919E-11	3.17477582423188E-11	7.88908174187823	5.92277193584228E-12	5.83951800332955E-11	17.0940086477009	1E10	1E-30	1E-10	1E10	1E-30	1E-10
654	3.70447262018066E-06	1E10	10638297.8723404	1E-30	1.52934883349512E-10	1E10	1E-30	1E10	3.74541690844651E-03	1.00349356089904E-04	1E10	53.1022929379097	1.93870316658501E-04	1E10	2.50527145187709	1.82172645584359E-04	1E10	0.341738447529292	1.53566302436801E-04	1E10	4.67527070793006E-02	1.30493324440134E-04	1E10	7.93716555124596E-03	3.66738527027409E-04	1E10	8.92706818376736E-04	1E-30	9.63024378667052E-12	6.12479757787981E-02	1E-30	2.62104646580951E-11	3.32810140363403E-02	1E-30	2.3609887127389E-10	2.37948485572178E-02	8.25188120739138E-06	7.75201990137361E-11	1.12529172732301E-02	5.1221735512952E-06	5.8925926625177E-11	9.56967860705765E-03	1.75413932360919E-11	3.17477582423188E-11	7.88908174187823	5.92277193584228E-12	5.83951800332955E-11	17.0940086477009	1E10	1E-30	1E-10	1E10	1E-30	1E-10
655	3.52149758899185E-06	1E10	10638297.8723404	1E-30	1.03700195717208E-10	1E10	1E-30	1E10	3.69271815713202E-03	5.82711251874225E-05	1E10	95.3334857466773	1.33866678423646E-04	1E10	4.20732374012809	1.10162718780796E-04	1E10	0.474737621334609	9.23334264298237E-05	1E10	5.64656323438595E-02	7.70122029796546E-05	1E10	6.72879528187724E-03	1E-30	7.85592277375964E-12	4.03827055602445E-02	1E-30	2.44776036818111E-11	2.54880698993089E-02	1E-30	2.6795064623156E-10	0.022176081885771	1.0209763973308E-05	5.22481644869537E-11	5.90788839216146E-03	6.28632195677368E-06	4.31880840672681E-11	6.03389236823675E-03	1.50390701387538E-11	5.46544286911892E-11	9.30410288226433	1.96353204573038E-12	1.17835382022519E-10	21.348294105419	1E10	1E-30	1E-10	1E10	1E-30	1E-10	1E10	1E-30	1E-10
656	3.52149758899185E-06	1E10	10638298	1E-30	1.03700195717208E-10	1E10	1E-30	1E10	3.69271815713202E-03	5.82711251874225E-05	1E10	95.3334857466773	1.33866678423646E-04	1E10	4.20732374012809	1.10162718780796E-04	1E10	0.474737621334609	9.23334264298237E-05	1E10	5.64656323438595E-02	7.70122029796546E-05	1E10	6.72879528187724E-03	1E-30	7.85592277375964E-12	4.03827055602445E-02	1E-30	2.44776036818111E-11	2.54880698993089E-02	1E-30	2.6795064623156E-10	0.022176081885771	1.0209763973308E-05	5.22481644869537E-11	5.90788839216146E-03	6.28632195677368E-06	4.31880840672681E-11	6.03389236823675E-03	1.50390701387538E-11	5.46544286911892E-11	9.30410288226433	1.96353204573038E-12	1.17835382022519E-10	21.348294105419	1E10	1E-30	1E-10	1E10	1E-30	1E-10	1E10	1E-30	1E-10
657	3.51278037904294E-06	1E10	10638297.8723404	1E-30	9.58819651819815E-11	1E10	1E-30	1E10	4.34650212861307E-03	5.22749596443091E-05	1E10	101.48577456257	8.23897339333297E-05	1E10	4.02205294303837	8.11886083963033E-05	1E10	0.408979170257961	6.22236248001919E-05	1E10	5.31489218441401E-02	5.32039227764283E-05	1E10	6.80294354007558E-03	1E-30	9.46638748485323E-12	6.43086382053792E-02	1E-30	2.86726307980322E-11	3.12633557995831E-02	1E-30	2.29604778802165E-10	2.14965071464584E-02	1.25450042913231E-05	3.36212530678365E-11	4.25402476761575E-03	4.16210153636077E-06	4.77917462285751E-11	7.24058426728725E-03	7.63943431683802E-12	1.00735840901505E-10	13.5982481765202	3.09118274959529E-12	9.38312447063163E-11	23.1023534674191	1E10	1E-30	1E-10	1E10	1E-30	1E-10	1E10	1E-30	1E-10
658	3.51278037904294E-06	1E10	10638297.8723404	1E-30	9.58819651819815E-11	1E10	1E-30	1E10	4.34650212861307E-03	5.22749596443091E-05	1E10	101.48577456257	8.23897339333297E-05	1E10	4.02205294303837	8.11886083963033E-05	1E10	0.408979170257961	6.22236248001919E-05	1E10	5.31489218441401E-02	5.32039227764283E-05	1E10	6.80294354007558E-03	1E-30	9.46638748485323E-12	6.43086382053792E-02	1E-30	2.86726307980322E-11	3.12633557995831E-02	1E-30	2.29604778802165E-10	2.14965071464584E-02	1.25450042913231E-05	3.36212530678365E-11	4.25402476761575E-03	4.16210153636077E-06	4.77917462285751E-11	7.24058426728725E-03	7.63943431683802E-12	1.00735840901505E-10	13.5982481765202	3.09118274959529E-12	9.38312447063163E-11	23.1023534674191	1E10	1E-30	1E-10	1E10	1E-30	1E-10	1E10	1E-30	1E-10
659	3.34217905992387E-06	1E10	10638297.8723404	1E-30	1.40653728919195E-10	1E10	1E-30	1E10	3.81899593237E-3	8.37189937603353E-05	1E10	57.7454901195734	1.09314088392159E-04	1E10	3.91898565989754	8.88458234649551E-05	1E10	0.475738128302133	7.39730938928143E-05	1E10	5.46898337936173E-02	1.31597254901347E-04	1E10	5.71059810564705E-03	9.23492901789465E-05	1E10	3.59907280178642E-03	1E-30	2.78259325868022E-11	4.42635343161754E-02	1E-30	2.61287808938969E-10	2.43323192041261E-02	1.15424684516817E-05	4.50248149498599E-11	7.90260585417991E-03	5.69114643370766E-06	4.39846351286838E-11	6.9903839312271E-03	1.43264272602795E-11	4.66146957963291E-11	7.19512409091319	4.45726069155438E-12	6.54585940494996E-11	6.03377447074051	1E10	1E-30	1E-10	1E10	1E-30	1E-10	1E10	1E-30	1E-10
660	3.34217905992387E-06	1E10	10638297.8723404	1E-30	1.40653728919195E-10	1E10	1E-30	1E10	3.81899593237E-3	8.37189937603353E-05	1E10	57.7454901195734	1.09314088392159E-04	1E10	3.91898565989754	8.88458234649551E-05	1E10	0.475738128302133	7.39730938928143E-05	1E10	5.46898337936173E-02	1.31597254901347E-04	1E10	5.71059810564705E-03	9.23492901789465E-05	1E10	3.59907280178642E-03	1E-30	2.78259325868022E-11	4.42635343161754E-02	1E-30	2.61287808938969E-10	2.43323192041261E-02	1.15424684516817E-05	4.50248149498599E-11	7.90260585417991E-03	5.69114643370766E-06	4.39846351286838E-11	6.9903839312271E-03	1.43264272602795E-11	4.66146957963291E-11	7.19512409091319	4.45726069155438E-12	6.54585940494996E-11	6.03377447074051	1E10	1E-30	1E-10	1E10	1E-30	1E-10	1E10	1E-30	1E-10
661	3.34217905992387E-06	1E10	10638297.8723404	1E-30	1.40653728919195E-10	1E10	1E-30	1E10	3.81899593237E-3	8.37189937603353E-05	1E10	57.7454901195734	1.09314088392159E-04	1E10	3.91898565989754	8.88458234649551E-05	1E10	0.475738128302133	7.39730938928143E-05	1E10	5.46898337936173E-02	1.31597254901347E-04	1E10	5.71059810564705E-03	9.23492901789465E-05	1E10	3.59907280178642E-03	1E-30	2.78259325868022E-11	4.42635343161754E-02	1E-30	2.61287808938969E-10	2.43323192041261E-02	1.15424684516817E-05	4.50248149498599E-11	7.90260585417991E-03	5.69114643370766E-06	4.39846351286838E-11	6.9903839312271E-03	1.43264272602795E-11	4.66146957963291E-11	7.19512409091319	4.45726069155438E-12	6.54585940494996E-11	6.03377447074051	1E10	1E-30	1E-10	1E10	1E-30	1E-10	1E10	1E-30	1E-10
662	3.34217905992387E-06	1E10	10638297.8723404	1E-30	1.40653728919195E-10	1E10	1E-30	1E10	3.81899593237E-3	8.37189937603353E-05	1E10	57.7454901195734	1.09314088392159E-04	1E10	3.91898565989754	8.88458234649551E-05	1E10	0.475738128302133	7.39730938928143E-05	1E10	5.46898337936173E-02	1.31597254901347E-04	1E10	5.71059810564705E-03	9.23492901789465E-05	1E10	3.59907280178642E-03	1E-30	2.78259325868022E-11	4.42635343161754E-02	1E-30	2.61287808938969E-10	2.43323192041261E-02	1.15424684516817E-05	4.50248149498599E-11	7.90260585417991E-03	5.69114643370766E-06	4.39846351286838E-11	6.9903839312271E-03	1.43264272602795E-11	4.66146957963291E-11	7.19512409091319	4.45726069155438E-12	6.54585940494996E-11	6.03377447074051	1E10	1E-30	1E-10	1E10	1E-30	1E-10	1E10	1E-30	1E-10
663	3.51278037904294E-06	1E10	10638297.8723404	1E-30	9.58819651819815E-11	1E10	1E-30	1E10	4.34650212861307E-03	5.22749596443091E-05	1E10	101.48577456257	8.23897339333297E-05	1E10	4.02205294303837	8.11886083963033E-05	1E10	0.408979170257961	6.22236248001919E-05	1E10	5.31489218441401E-02	5.32039227764283E-05	1E10	6.80294354007558E-03	1E-30	9.46638748485323E-12	6.43086382053792E-02	1E-30	2.86726307980322E-11	3.12633557995831E-02	1E-30	2.29604778802165E-10	2.14965071464584E-02	1.25450042913231E-05	3.36212530678365E-11	4.25402476761575E-03	4.16210153636077E-06	4.77917462285751E-11	7.24058426728725E-03	7.63943431683802E-12	1.00735840901505E-10	13.5982481765202	3.09118274959529E-12	9.38312447063163E-11	23.1023534674191	1E10	1E-30	1E-10	1E10	1E-30	1E-10	1E10	1E-30	1E-10
664	3.51731460049073E-06	1E10	106382978.723404	1E-30	1.72443445689456E-10	1E10	1E-30	1E10	3.95894769088579E-03	4.93032799738825E-05	1E10	112.673831952777	9.26942663338659E-05	1E10	3.88511004771386	8.77312814214888E-05	1E10	0.402694999472886	6.57767113859206E-05	1E10	5.09422270314391E-02	6.31233902025644E-05	1E10	5.53560192329827E-03	1E-30	9.24487818201382E-12	5.24734657222456E-02	1E-30	2.82263017418202E-11	2.90722602447313E-02	1E-30	2.88990594147904E-10	2.35417401881285E-02	9.86743603465808E-06	5.10121619556432E-11	8.08752003254396E-03	9.41754698684514E-06	2.59863088941745E-11	6.28364939735566E-03	1.16092923564932E-11	5.80456788352469E-11	7.91043652443651	3.04225472477622E-11	1.40638071915591E-11	2.76259883465415	1E10	1E-30	1E-10	1E10	1E-30	1E-10	1E10	1E-30	1E-10
665	3.51731460049073E-06	1E10	106382978.723404	1E-30	1.72443445689456E-10	1E10	1E-30	1E10	3.95894769088579E-03	4.93032799738825E-05	1E10	112.673831952777	9.26942663338659E-05	1E10	3.88511004771386	8.77312814214888E-05	1E10	0.402694999472886	6.57767113859206E-05	1E10	5.09422270314391E-02	6.31233902025644E-05	1E10	5.53560192329827E-03	1E-30	9.24487818201382E-12	5.24734657222456E-02	1E-30	2.82263017418202E-11	2.90722602447313E-02	1E-30	2.88990594147904E-10	2.35417401881285E-02	9.86743603465808E-06	5.10121619556432E-11	8.08752003254396E-03	9.41754698684514E-06	2.59863088941745E-11	6.28364939735566E-03	1.16092923564932E-11	5.80456788352469E-11	7.91043652443651	3.04225472477622E-11	1.40638071915591E-11	2.76259883465415	1E10	1E-30	1E-10	1E10	1E-30	1E-10	1E10	1E-30	1E-10
666	3.51278037904294E-06	1E10	10638297.8723404	1E-30	9.58819651819815E-11	1E10	1E-30	1E10	4.34650212861307E-03	5.22749596443091E-05	1E10	101.48577456257	8.23897339333297E-05	1E10	4.02205294303837	8.11886083963033E-05	1E10	0.408979170257961	6.22236248001919E-05	1E10	5.31489218441401E-02	5.32039227764283E-05	1E10	6.80294354007558E-03	1E-30	9.46638748485323E-12	6.43086382053792E-02	1E-30	2.86726307980322E-11	3.12633557995831E-02	1E-30	2.29604778802165E-10	2.14965071464584E-02	1.25450042913231E-05	3.36212530678365E-11	4.25402476761575E-03	4.16210153636077E-06	4.77917462285751E-11	7.24058426728725E-03	7.63943431683802E-12	1.00735840901505E-10	13.5982481765202	3.09118274959529E-12	9.38312447063163E-11	23.1023534674191	1E10	1E-30	1E-10	1E10	1E-30	1E-10	1E10	1E-30	1E-10
667	3.51731460049073E-06	1E10	10638297.8723404	1E-30	1.72443445689456E-10	1E10	1E-30	1E10	3.95894769088579E-03	4.93032799738825E-05	1E10	112.673831952777	9.26942663338659E-05	1E10	3.88511004771386	8.77312814214888E-05	1E10	0.402694999472886	6.57767113859206E-05	1E10	5.09422270314391E-02	6.31233902025644E-05	1E10	5.53560192329827E-03	1E-30	9.24487818201382E-12	5.24734657222456E-02	1E-30	2.82263017418202E-11	2.90722602447313E-02	1E-30	2.88990594147904E-10	2.35417401881285E-02	9.86743603465808E-06	5.10121619556432E-11	8.08752003254396E-03	9.41754698684514E-06	2.59863088941745E-11	6.28364939735566E-03	1.16092923564932E-11	5.80456788352469E-11	7.91043652443651	3.04225472477622E-11	1.40638071915591E-11	2.76259883465415	1E10	1E-30	1E-10	1E10	1E-30	1E-10	1E10	1E-30	1E-10
668	3.51278037904294E-06	1E10	10638297.8723404	1E-30	9.58819651819815E-11	1E10	1E-30	1E10	4.34650212861307E-03	5.22749596443091E-05	1E10	101.48577456257	8.23897339333297E-05	1E10	4.02205294303837	8.11886083963033E-05	1E10	0.408979170257961	6.22236248001919E-05	1E10	5.31489218441401E-02	5.32039227764283E-05	1E10	6.80294354007558E-03	1E-30	9.46638748485323E-12	6.43086382053792E-02	1E-30	2.86726307980322E-11	3.12633557995831E-02	1E-30	2.29604778802165E-10	2.14965071464584E-02	1.25450042913231E-05	3.36212530678365E-11	4.25402476761575E-03	4.16210153636077E-06	4.77917462285751E-11	7.24058426728725E-03	7.63943431683802E-12	1.00735840901505E-10	13.5982481765202	3.09118274959529E-12	9.38312447063163E-11	23.1023534674191	1E10	1E-30	1E-10	1E10	1E-30	1E-10	1E10	1E-30	1E-10
669	3.51731460049073E-06	1E10	10638297.8723404	1E-30	1.72443445689456E-10	1E10	1E-30	1E10	3.95894769088579E-03	4.93032799738825E-05	1E10	112.673831952777	9.26942663338659E-05	1E10	3.88511004771386	8.77312814214888E-05	1E10	0.402694999472886	6.57767113859206E-05	1E10	5.09422270314391E-02	6.31233902025644E-05	1E10	5.53560192329827E-03	1E-30	9.24487818201382E-12	5.24734657222456E-02	1E-30	2.82263017418202E-11	2.90722602447313E-02	1E-30	2.88990594147904E-10	2.35417401881285E-02	9.86743603465808E-06	5.10121619556432E-11	8.08752003254396E-03	9.41754698684514E-06	2.59863088941745E-11	6.28364939735566E-03	1.16092923564932E-11	5.80456788352469E-11	7.91043652443651	3.04225472477622E-11	1.40638071915591E-11	2.76259883465415	1E10	1E-30	1E-10	1E10	1E-30	1E-10	1E10	1E-30	1E-10
670	3.51278037904294E-06	1E10	10638297.8723404	1E-30	9.58819651819815E-11	1E10	1E-30	1E10	4.34650212861307E-03	5.22749596443091E-05	1E10	101.48577456257	8.23897339333297E-05	1E10	4.02205294303837	8.11886083963033E-05	1E10	0.408979170257961	6.22236248001919E-05	1E10	5.31489218441401E-02	5.32039227764283E-05	1E10	6.80294354007558E-03	1E-30	9.46638748485323E-12	6.43086382053792E-02	1E-30	2.86726307980322E-11	3.12633557995831E-02	1E-30	2.29604778802165E-10	2.14965071464584E-02	1.25450042913231E-05	3.36212530678365E-11	4.25402476761575E-03	4.16210153636077E-06	4.77917462285751E-11	7.24058426728725E-03	7.63943431683802E-12	1.00735840901505E-10	13.5982481765202	3.09118274959529E-12	9.38312447063163E-11	23.1023534674191	1E10	1E-30	1E-10	1E10	1E-30	1E-10	1E10	1E-30	1E-10
671	3.42191465142565E-06	1E10	10638297.8723404	1E-30	1.17088118510006E-10	1E10	1E-30	1E10	3.76583195077069E-03	7.12494803553281E-05	1E10	74.458995957198	1.04300482434493E-04	1E10	3.7859064567704	8.28055594705372E-05	1E10	0.451105743318015	6.8837439949204E-05	1E10	5.04312280347544E-02	6.09809939979374E-05	1E10	6.43448509531555E-03	1E-30	9.82747641050165E-12	7.87530845988019E-02	1E-30	2.41294981245249E-11	0.030739840275357	1E-30	2.71130079772472E-10	2.46480064652776E-02	9.32586001335883E-06	5.45669054201487E-11	7.48507533213615E-03	6.0835463894378E-06	4.10063059236776E-11	6.61829729952428E-03	1.3721099441151E-11	4.93594377916299E-11	8.07628705018758	3.65711344364255E-12	7.78016889665592E-11	28.2230978291723	1E10	1E-30	1E-10	1E10	1E-30	1E-10	1E10	1E-30	1E-10
672	3.26880156170047E-06	1E10	10638297.8723404	1E-30	1.92399580780382E-10	1E10	1E-30	1E10	4.43421293936264E-03	1.23316152615805E-04	1E10	40.1164140448145	1.06369282229061E-04	1E10	5.05551047666981	1.09442500495151E-04	1E10	0.546105509633087	9.36513176296674E-05	1E10	6.93155158617397E-02	7.43013456191328E-05	1E10	1.06539397168996E-02	1E-30	2.04395385933804E-11	6.67589725153936E-02	1E-30	1.73744041140602E-10	2.31010742175317E-02	1E-30	1.46722528591936E-11	8.68305624742154E-03	1.9796238775719E-05	2.34869878236572E-11	3.38860731156438E-03	2.62353480906835E-06	7.78931161513351E-11	9.43006852677736E-03	1.44441186038918E-11	5.74668087855066E-11	9.01679856298303	8.28348536242968E-12	3.82074737270699E-11	10.6135797892472	1E10	1E-30	1E-10	1E10	1E-30	1E-10	1E10	1E-30	1E-10
673	3.42191465142565E-06	1E10	10638297.8723404	1E-30	1.17088118510006E-10	1E10	1E-30	1E10	3.76583195077069E-03	7.12494803553281E-05	1E10	74.458995957198	1.04300482434493E-04	1E10	3.7859064567704	8.28055594705372E-05	1E10	0.451105743318015	6.8837439949204E-05	1E10	5.04312280347544E-02	6.09809939979374E-05	1E10	6.43448509531555E-03	1E-30	9.82747641050165E-12	7.87530845988019E-02	1E-30	2.41294981245249E-11	0.030739840275357	1E-30	2.71130079772472E-10	2.46480064652776E-02	9.32586001335883E-06	5.45669054201487E-11	7.48507533213615E-03	6.0835463894378E-06	4.10063059236776E-11	6.61829729952428E-03	1.3721099441151E-11	4.93594377916299E-11	8.07628705018758	3.65711344364255E-12	7.78016889665592E-11	28.2230978291723	1E10	1E-30	1E-10	1E10	1E-30	1E-10	1E10	1E-30	1E-10
674	3.26880156170047E-06	1E10	10638297.8723404	1E-30	1.92399580780382E-10	1E10	1E-30	1E10	4.43421293936264E-03	1.23316152615805E-04	1E10	40.1164140448145	1.06369282229061E-04	1E10	5.05551047666981	1.09442500495151E-04	1E10	0.546105509633087	9.36513176296674E-05	1E10	6.93155158617397E-02	7.43013456191328E-05	1E10	1.06539397168996E-02	1E-30	2.04395385933804E-11	6.67589725153936E-02	1E-30	1.73744041140602E-10	2.31010742175317E-02	1E-30	1.46722528591936E-11	8.68305624742154E-03	1.9796238775719E-05	2.34869878236572E-11	3.38860731156438E-03	2.62353480906835E-06	7.78931161513351E-11	9.43006852677736E-03	1.44441186038918E-11	5.74668087855066E-11	9.01679856298303	8.28348536242968E-12	3.82074737270699E-11	10.6135797892472	1E10	1E-30	1E-10	1E10	1E-30	1E-10	1E10	1E-30	1E-10
675	3.42191465142565E-06	1E10	10638297.8723404	1E-30	1.17088118510006E-10	1E10	1E-30	1E10	3.76583195077069E-03	7.12494803553281E-05	1E10	74.458995957198	1.04300482434493E-04	1E10	3.7859064567704	8.28055594705372E-05	1E10	0.451105743318015	6.8837439949204E-05	1E10	5.04312280347544E-02	6.09809939979374E-05	1E10	6.43448509531555E-03	1E-30	9.82747641050165E-12	7.87530845988019E-02	1E-30	2.41294981245249E-11	0.030739840275357	1E-30	2.71130079772472E-10	2.46480064652776E-02	9.32586001335883E-06	5.45669054201487E-11	7.48507533213615E-03	6.0835463894378E-06	4.10063059236776E-11	6.61829729952428E-03	1.3721099441151E-11	4.93594377916299E-11	8.07628705018758	3.65711344364255E-12	7.78016889665592E-11	28.2230978291723	1E10	1E-30	1E-10	1E10	1E-30	1E-10	1E10	1E-30	1E-10
676	3.52149758899185E-06	1E10	10638297.8723404	1E-30	1.03700195717208E-10	1E10	1E-30	1E10	3.69271815713202E-03	5.82711251874225E-05	1E10	95.3334857466773	1.33866678423646E-04	1E10	4.20732374012809	1.10162718780796E-04	1E10	0.474737621334609	9.23334264298237E-05	1E10	5.64656323438595E-02	7.70122029796546E-05	1E10	6.72879528187724E-03	1E-30	7.85592277375964E-12	4.03827055602445E-02	1E-30	2.44776036818111E-11	2.54880698993089E-02	1E-30	2.6795064623156E-10	0.022176081885771	1.0209763973308E-05	5.22481644869537E-11	5.90788839216146E-03	6.28632195677368E-06	4.31880840672681E-11	6.03389236823675E-03	1.50390701387538E-11	5.46544286911892E-11	9.30410288226433	1.96353204573038E-12	1.17835382022519E-10	21.348294105419	1E10	1E-30	1E-10	1E10	1E-30	1E-10	1E10	1E-30	1E-10
677	3.52149758899185E-06	1E10	10638297.8723404	1E-30	1.03700195717208E-10	1E10	1E-30	1E10	3.69271815713202E-03	5.82711251874225E-05	1E10	95.3334857466773	1.33866678423646E-04	1E10	4.20732374012809	1.10162718780796E-04	1E10	0.474737621334609	9.23334264298237E-05	1E10	5.64656323438595E-02	7.70122029796546E-05	1E10	6.72879528187724E-03	1E-30	7.85592277375964E-12	4.03827055602445E-02	1E-30	2.44776036818111E-11	2.54880698993089E-02	1E-30	2.6795064623156E-10	0.022176081885771	1.0209763973308E-05	5.22481644869537E-11	5.90788839216146E-03	6.28632195677368E-06	4.31880840672681E-11	6.03389236823675E-03	1.50390701387538E-11	5.46544286911892E-11	9.30410288226433	1.96353204573038E-12	1.17835382022519E-10	21.348294105419	1E10	1E-30	1E-10	1E10	1E-30	1E-10	1E10	1E-30	1E-10
678	3.26880156170047E-06	1E10	10638297.8723404	1E-30	1.92399580780382E-10	1E10	1E-30	1E10	4.43421293936264E-03	1.23316152615805E-04	1E10	40.1164140448145	1.06369282229061E-04	1E10	5.05551047666981	1.09442500495151E-04	1E10	0.546105509633087	9.36513176296674E-05	1E10	6.93155158617397E-02	7.43013456191328E-05	1E10	1.06539397168996E-02	1E-30	2.04395385933804E-11	6.67589725153936E-02	1E-30	1.73744041140602E-10	2.31010742175317E-02	1E-30	1.46722528591936E-11	8.68305624742154E-03	1.9796238775719E-05	2.34869878236572E-11	3.38860731156438E-03	2.62353480906835E-06	7.78931161513351E-11	9.43006852677736E-03	1.44441186038918E-11	5.74668087855066E-11	9.01679856298303	8.28348536242968E-12	3.82074737270699E-11	10.6135797892472	1E10	1E-30	1E-10	1E10	1E-30	1E-10	1E10	1E-30	1E-10
679	3.26880156170047E-06	1E10	10638297.8723404	1E-30	1.92399580780382E-10	1E10	1E-30	1E10	4.43421293936264E-03	1.23316152615805E-04	1E10	40.1164140448145	1.06369282229061E-04	1E10	5.05551047666981	1.09442500495151E-04	1E10	0.546105509633087	9.36513176296674E-05	1E10	6.93155158617397E-02	7.43013456191328E-05	1E10	1.06539397168996E-02	1E-30	2.04395385933804E-11	6.67589725153936E-02	1E-30	1.73744041140602E-10	2.31010742175317E-02	1E-30	1.46722528591936E-11	8.68305624742154E-03	1.9796238775719E-05	2.34869878236572E-11	3.38860731156438E-03	2.62353480906835E-06	7.78931161513351E-11	9.43006852677736E-03	1.44441186038918E-11	5.74668087855066E-11	9.01679856298303	8.28348536242968E-12	3.82074737270699E-11	10.6135797892472	1E10	1E-30	1E-10	1E10	1E-30	1E-10	1E10	1E-30	1E-10
680	2.83375936874113E-06	1E10	10638297.8723404	1E-30	1.17604489683791E-10	1E10	1E-30	1E10	4.3777860550387E-03	5.4317834070402E-05	1E10	97.6689306656401	8.82097647356858E-05	1E10	4.58804940266502	8.13731558464829E-05	1E10	0.503334492691016	6.62129122162922E-05	1E10	6.09898731561818E-02	5.3064352920075E-05	1E10	7.4564272912378E-03	1E-30	3.09180039785511E-11	3.59607587296736E-02	1E-30	2.29731846121464E-10	2.27560925096177E-02	9.79802187005958E-06	4.27204055117724E-11	6.69059717065282E-03	3.73252486312664E-06	5.2693621719413E-11	8.25692755614404E-03	8.4887378284833E-12	1.11878192106544E-10	14.0432863206479	3.16671348630344E-12	1.06773167933131E-10	29.8789070144212	1E10	1E-30	1E-10	1E10	1E-30	1E-10	1E10	1E-30	1E-10	1E10	1E-30	1E-10
681	3.52149758899185E-06	1E10	10638298	1E-30	1.03700195717208E-10	1E10	1E-30	1E10	3.69271815713202E-03	5.82711251874225E-05	1E10	95.3334857466773	1.33866678423646E-04	1E10	4.20732374012809	1.10162718780796E-04	1E10	0.474737621334609	9.23334264298237E-05	1E10	5.64656323438595E-02	7.70122029796546E-05	1E10	6.72879528187724E-03	1E-30	7.85592277375964E-12	4.03827055602445E-02	1E-30	2.44776036818111E-11	2.54880698993089E-02	1E-30	2.6795064623156E-10	0.022176081885771	1.0209763973308E-05	5.22481644869537E-11	5.90788839216146E-03	6.28632195677368E-06	4.31880840672681E-11	6.03389236823675E-03	1.50390701387538E-11	5.46544286911892E-11	9.30410288226433	1.96353204573038E-12	1.17835382022519E-10	21.348294105419	1E10	1E-30	1E-10	1E10	1E-30	1E-10	1E10	1E-30	1E-10
682	2.83375936874113E-06	1E10	10638297.8723404	1E-30	1.17604489683791E-10	1E10	1E-30	1E10	4.3777860550387E-03	5.4317834070402E-05	1E10	97.6689306656401	8.82097647356858E-05	1E10	4.58804940266502	8.13731558464829E-05	1E10	0.503334492691016	6.62129122162922E-05	1E10	6.09898731561818E-02	5.3064352920075E-05	1E10	7.4564272912378E-03	1E-30	3.09180039785511E-11	3.59607587296736E-02	1E-30	2.29731846121464E-10	2.27560925096177E-02	9.79802187005958E-06	4.27204055117724E-11	6.69059717065282E-03	3.73252486312664E-06	5.2693621719413E-11	8.25692755614404E-03	8.4887378284833E-12	1.11878192106544E-10	14.0432863206479	3.16671348630344E-12	1.06773167933131E-10	29.8789070144212	1E10	1E-30	1E-10	1E10	1E-30	1E-10	1E10	1E-30	1E-10	1E10	1E-30	1E-10
683	3.52149758899185E-06	1E10	10638298	1E-30	1.03700195717208E-10	1E10	1E-30	1E10	3.69271815713202E-03	5.82711251874225E-05	1E10	95.3334857466773	1.33866678423646E-04	1E10	4.20732374012809	1.10162718780796E-04	1E10	0.474737621334609	9.23334264298237E-05	1E10	5.64656323438595E-02	7.70122029796546E-05	1E10	6.72879528187724E-03	1E-30	7.85592277375964E-12	4.03827055602445E-02	1E-30	2.44776036818111E-11	2.54880698993089E-02	1E-30	2.6795064623156E-10	0.022176081885771	1.0209763973308E-05	5.22481644869537E-11	5.90788839216146E-03	6.28632195677368E-06	4.31880840672681E-11	6.03389236823675E-03	1.50390701387538E-11	5.46544286911892E-11	9.30410288226433	1.96353204573038E-12	1.17835382022519E-10	21.348294105419	1E10	1E-30	1E-10	1E10	1E-30	1E-10	1E10	1E-30	1E-10
684	2.83375936874113E-06	1E10	10638297.8723404	1E-30	1.17604489683791E-10	1E10	1E-30	1E10	4.3777860550387E-03	5.4317834070402E-05	1E10	97.6689306656401	8.82097647356858E-05	1E10	4.58804940266502	8.13731558464829E-05	1E10	0.503334492691016	6.62129122162922E-05	1E10	6.09898731561818E-02	5.3064352920075E-05	1E10	7.4564272912378E-03	1E-30	3.09180039785511E-11	3.59607587296736E-02	1E-30	2.29731846121464E-10	2.27560925096177E-02	9.79802187005958E-06	4.27204055117724E-11	6.69059717065282E-03	3.73252486312664E-06	5.2693621719413E-11	8.25692755614404E-03	8.4887378284833E-12	1.11878192106544E-10	14.0432863206479	3.16671348630344E-12	1.06773167933131E-10	29.8789070144212	1E10	1E-30	1E-10	1E10	1E-30	1E-10	1E10	1E-30	1E-10	1E10	1E-30	1E-10
685	3.52149758899185E-06	1E10	10638297.8723404	1E-30	1.03700195717208E-10	1E10	1E-30	1E10	3.69271815713202E-03	5.82711251874225E-05	1E10	95.3334857466773	1.33866678423646E-04	1E10	4.20732374012809	1.10162718780796E-04	1E10	0.474737621334609	9.23334264298237E-05	1E10	5.64656323438595E-02	7.70122029796546E-05	1E10	6.72879528187724E-03	1E-30	7.85592277375964E-12	4.03827055602445E-02	1E-30	2.44776036818111E-11	2.54880698993089E-02	1E-30	2.6795064623156E-10	0.022176081885771	1.0209763973308E-05	5.22481644869537E-11	5.90788839216146E-03	6.28632195677368E-06	4.31880840672681E-11	6.03389236823675E-03	1.50390701387538E-11	5.46544286911892E-11	9.30410288226433	1.96353204573038E-12	1.17835382022519E-10	21.348294105419	1E10	1E-30	1E-10	1E10	1E-30	1E-10	1E10	1E-30	1E-10
686	2.83375936874113E-06	1E10	10638297.8723404	1E-30	1.17604489683791E-10	1E10	1E-30	1E10	4.3777860550387E-03	5.4317834070402E-05	1E10	97.6689306656401	8.82097647356858E-05	1E10	4.58804940266502	8.13731558464829E-05	1E10	0.503334492691016	6.62129122162922E-05	1E10	6.09898731561818E-02	5.3064352920075E-05	1E10	7.4564272912378E-03	1E-30	3.09180039785511E-11	3.59607587296736E-02	1E-30	2.29731846121464E-10	2.27560925096177E-02	9.79802187005958E-06	4.27204055117724E-11	6.69059717065282E-03	3.73252486312664E-06	5.2693621719413E-11	8.25692755614404E-03	8.4887378284833E-12	1.11878192106544E-10	14.0432863206479	3.16671348630344E-12	1.06773167933131E-10	29.8789070144212	1E10	1E-30	1E-10	1E10	1E-30	1E-10	1E10	1E-30	1E-10	1E10	1E-30	1E-10
687	3.52149758899185E-06	1E10	10638298	1E-30	1.03700195717208E-10	1E10	1E-30	1E10	3.69271815713202E-03	5.82711251874225E-05	1E10	95.3334857466773	1.33866678423646E-04	1E10	4.20732374012809	1.10162718780796E-04	1E10	0.474737621334609	9.23334264298237E-05	1E10	5.64656323438595E-02	7.70122029796546E-05	1E10	6.72879528187724E-03	1E-30	7.85592277375964E-12	4.03827055602445E-02	1E-30	2.44776036818111E-11	2.54880698993089E-02	1E-30	2.6795064623156E-10	0.022176081885771	1.0209763973308E-05	5.22481644869537E-11	5.90788839216146E-03	6.28632195677368E-06	4.31880840672681E-11	6.03389236823675E-03	1.50390701387538E-11	5.46544286911892E-11	9.30410288226433	1.96353204573038E-12	1.17835382022519E-10	21.348294105419	1E10	1E-30	1E-10	1E10	1E-30	1E-10	1E10	1E-30	1E-10
688	2.67280120466158E-06	1E10	10638297.8723404	1E-30	1.68643340444971E-10	1E10	1E-30	1E10	4.54669818256233E-03	1.51542827160103E-04	1E10	14.6110274622026	1.28377875649101E-04	1E10	2.36296476413682	1.01814981237319E-04	1E10	0.403527552151674	8.43839646312432E-05	1E10	6.04699725277738E-02	6.11666441428696E-05	1E10	1.05727204249624E-02	1E-30	3.1248139972719E-11	3.22072664265331E-02	1E-30	2.19470528775302E-10	2.22327716554362E-02	1E-30	7.62056811122111E-12	2.01405990974306E-02	1.17396201699194E-05	4.22879126562169E-11	6.92162537125931E-03	3.8955432133808E-06	5.93646526941193E-11	8.73058903960983E-03	1.53287333084894E-11	5.28808490589204E-11	9.02358554781799	3.47501107418379E-12	7.42562320582917E-11	18.7418697305572	1E10	1E-30	1E-10	1E10	1E-30	1E-10	1E10	1E-30	1E-10
689	2.67280120466158E-06	1E10	10638297.8723404	1E-30	1.68643340444971E-10	1E10	1E-30	1E10	4.54669818256233E-03	1.51542827160103E-04	1E10	14.6110274622026	1.28377875649101E-04	1E10	2.36296476413682	1.01814981237319E-04	1E10	0.403527552151674	8.43839646312432E-05	1E10	6.04699725277738E-02	6.11666441428696E-05	1E10	1.05727204249624E-02	1E-30	3.1248139972719E-11	3.22072664265331E-02	1E-30	2.19470528775302E-10	2.22327716554362E-02	1E-30	7.62056811122111E-12	2.01405990974306E-02	1.17396201699194E-05	4.22879126562169E-11	6.92162537125931E-03	3.8955432133808E-06	5.93646526941193E-11	8.73058903960983E-03	1.53287333084894E-11	5.28808490589204E-11	9.02358554781799	3.47501107418379E-12	7.42562320582917E-11	18.7418697305572	1E10	1E-30	1E-10	1E10	1E-30	1E-10	1E10	1E-30	1E-10
690	3.70447262018066E-06	1E10	10638298	1E-30	1.52934883349512E-10	1E10	1E-30	1E10	3.74541690844651E-03	1.00349356089904E-04	1E10	53.1022929379097	1.93870316658501E-04	1E10	2.50527145187709	1.82172645584359E-04	1E10	0.341738447529292	1.53566302436801E-04	1E10	4.67527070793006E-02	1.30493324440134E-04	1E10	7.93716555124596E-03	3.66738527027409E-04	1E10	8.92706818376736E-04	1E-30	9.63024378667052E-12	6.12479757787981E-02	1E-30	2.62104646580951E-11	3.32810140363403E-02	1E-30	2.3609887127389E-10	2.37948485572178E-02	8.25188120739138E-06	7.75201990137361E-11	1.12529172732301E-02	5.1221735512952E-06	5.8925926625177E-11	9.56967860705765E-03	1.75413932360919E-11	3.17477582423188E-11	7.88908174187823	5.92277193584228E-12	5.83951800332955E-11	17.0940086477009	1E10	1E-30	1E-10	1E10	1E-30	1E-10
691	3.70447262018066E-06	1E10	10638298	1E-30	1.52934883349512E-10	1E10	1E-30	1E10	3.74541690844651E-03	1.00349356089904E-04	1E10	53.1022929379097	1.93870316658501E-04	1E10	2.50527145187709	1.82172645584359E-04	1E10	0.341738447529292	1.53566302436801E-04	1E10	4.67527070793006E-02	1.30493324440134E-04	1E10	7.93716555124596E-03	3.66738527027409E-04	1E10	8.92706818376736E-04	1E-30	9.63024378667052E-12	6.12479757787981E-02	1E-30	2.62104646580951E-11	3.32810140363403E-02	1E-30	2.3609887127389E-10	2.37948485572178E-02	8.25188120739138E-06	7.75201990137361E-11	1.12529172732301E-02	5.1221735512952E-06	5.8925926625177E-11	9.56967860705765E-03	1.75413932360919E-11	3.17477582423188E-11	7.88908174187823	5.92277193584228E-12	5.83951800332955E-11	17.0940086477009	1E10	1E-30	1E-10	1E10	1E-30	1E-10
692	3.70447262018066E-06	1E10	10638298	1E-30	1.52934883349512E-10	1E10	1E-30	1E10	3.74541690844651E-03	1.00349356089904E-04	1E10	53.1022929379097	1.93870316658501E-04	1E10	2.50527145187709	1.82172645584359E-04	1E10	0.341738447529292	1.53566302436801E-04	1E10	4.67527070793006E-02	1.30493324440134E-04	1E10	7.93716555124596E-03	3.66738527027409E-04	1E10	8.92706818376736E-04	1E-30	9.63024378667052E-12	6.12479757787981E-02	1E-30	2.62104646580951E-11	3.32810140363403E-02	1E-30	2.3609887127389E-10	2.37948485572178E-02	8.25188120739138E-06	7.75201990137361E-11	1.12529172732301E-02	5.1221735512952E-06	5.8925926625177E-11	9.56967860705765E-03	1.75413932360919E-11	3.17477582423188E-11	7.88908174187823	5.92277193584228E-12	5.83951800332955E-11	17.0940086477009	1E10	1E-30	1E-10	1E10	1E-30	1E-10
693	3.70447262018066E-06	1E10	10638298	1E-30	1.52934883349512E-10	1E10	1E-30	1E10	3.74541690844651E-03	1.00349356089904E-04	1E10	53.1022929379097	1.93870316658501E-04	1E10	2.50527145187709	1.82172645584359E-04	1E10	0.341738447529292	1.53566302436801E-04	1E10	4.67527070793006E-02	1.30493324440134E-04	1E10	7.93716555124596E-03	3.66738527027409E-04	1E10	8.92706818376736E-04	1E-30	9.63024378667052E-12	6.12479757787981E-02	1E-30	2.62104646580951E-11	3.32810140363403E-02	1E-30	2.3609887127389E-10	2.37948485572178E-02	8.25188120739138E-06	7.75201990137361E-11	1.12529172732301E-02	5.1221735512952E-06	5.8925926625177E-11	9.56967860705765E-03	1.75413932360919E-11	3.17477582423188E-11	7.88908174187823	5.92277193584228E-12	5.83951800332955E-11	17.0940086477009	1E10	1E-30	1E-10	1E10	1E-30	1E-10
694	3.70447262018066E-06	1E10	10638298	1E-30	1.52934883349512E-10	1E10	1E-30	1E10	3.74541690844651E-03	1.00349356089904E-04	1E10	53.1022929379097	1.93870316658501E-04	1E10	2.50527145187709	1.82172645584359E-04	1E10	0.341738447529292	1.53566302436801E-04	1E10	4.67527070793006E-02	1.30493324440134E-04	1E10	7.93716555124596E-03	3.66738527027409E-04	1E10	8.92706818376736E-04	1E-30	9.63024378667052E-12	6.12479757787981E-02	1E-30	2.62104646580951E-11	3.32810140363403E-02	1E-30	2.3609887127389E-10	2.37948485572178E-02	8.25188120739138E-06	7.75201990137361E-11	1.12529172732301E-02	5.1221735512952E-06	5.8925926625177E-11	9.56967860705765E-03	1.75413932360919E-11	3.17477582423188E-11	7.88908174187823	5.92277193584228E-12	5.83951800332955E-11	17.0940086477009	1E10	1E-30	1E-10	1E10	1E-30	1E-10
695	3.70447262018066E-06	1E10	10638298	1E-30	1.52934883349512E-10	1E10	1E-30	1E10	3.74541690844651E-03	1.00349356089904E-04	1E10	53.1022929379097	1.93870316658501E-04	1E10	2.50527145187709	1.82172645584359E-04	1E10	0.341738447529292	1.53566302436801E-04	1E10	4.67527070793006E-02	1.30493324440134E-04	1E10	7.93716555124596E-03	3.66738527027409E-04	1E10	8.92706818376736E-04	1E-30	9.63024378667052E-12	6.12479757787981E-02	1E-30	2.62104646580951E-11	3.32810140363403E-02	1E-30	2.3609887127389E-10	2.37948485572178E-02	8.25188120739138E-06	7.75201990137361E-11	1.12529172732301E-02	5.1221735512952E-06	5.8925926625177E-11	9.56967860705765E-03	1.75413932360919E-11	3.17477582423188E-11	7.88908174187823	5.92277193584228E-12	5.83951800332955E-11	17.0940086477009	1E10	1E-30	1E-10	1E10	1E-30	1E-10
696	7.3434000666691E-06	1E10	5E6	1E-30	1.11351136427623E-10	1E10	1E-30	1E10	3.03669079248833E-03	1.33983597813761E-04	1E10	40.5179292117928	1.96217068916554E-04	1E10	2.12790265767435	1.89931085152358E-04	1E10	0.222641774076608	1.50286121450064E-04	1E10	2.83947210275067E-02	1.18541404544892E-04	1E10	3.52983272081114E-03	1E-30	1.20565945873215E-11	7.96594911932311E-02	1E-30	3.72166108924388E-11	3.53735462490799E-02	1E-30	3.02852853027604E-10	1.69040761302145E-02	1.83159450180796E-05	4.93338789965716E-11	3.48169393333235E-03	1.77957813459162E-05	2.60051697230824E-11	3.93849082365195E-03	7.85435111371129E-12	7.53837996352054E-11	9.87743879383475	4.57112928378551E-12	5.82472651921429E-11	23.4756664331864	1E10	1E-30	1E-10	1E10	1E-30	1E-10	1E10	1E-30	1E-10
697	8.64396807519423E-06	1E10	5E6	1E-30	1.11394005688897E-10	1E10	1E-30	1E10	2.17645947494935E-03	3.36639969299376E-04	1E10	16.8862493662379	5.14209781658796E-04	1E10	1.17736500058711	5.77372091169838E-04	1E10	9.22815100259725E-02	5.76829819838496E-04	1E10	8.52653203394635E-03	5.4186943682093E-04	1E10	1.47168165471628E-03	1E-30	9.28128529359551E-12	0.117777567703195	1E-30	3.87426345774131E-11	2.81057112187564E-02	1E-30	3.37699855943766E-10	1.45518867623225E-02	2.14103747422112E-05	6.85231678091408E-11	4.16969124922736E-03	3.41196679186458E-05	2.29554534226158E-11	3.15734102982429E-03	6.71673930723974E-12	8.80762343407376E-11	10.9791890867319	5.19671356008274E-12	6.19882114140255E-11	19.2257220421039	1E10	1E-30	1E-10	1E10	1E-30	1E-10	1E10	1E-30	1E-10
698	7.3434000666691E-06	1E10	5E6	1E-30	1.11351136427623E-10	1E10	1E-30	1E10	3.03669079248833E-03	1.33983597813761E-04	1E10	40.5179292117928	1.96217068916554E-04	1E10	2.12790265767435	1.89931085152358E-04	1E10	0.222641774076608	1.50286121450064E-04	1E10	2.83947210275067E-02	1.18541404544892E-04	1E10	3.52983272081114E-03	1E-30	1.20565945873215E-11	7.96594911932311E-02	1E-30	3.72166108924388E-11	3.53735462490799E-02	1E-30	3.02852853027604E-10	1.69040761302145E-02	1.83159450180796E-05	4.93338789965716E-11	3.48169393333235E-03	1.77957813459162E-05	2.60051697230824E-11	3.93849082365195E-03	7.85435111371129E-12	7.53837996352054E-11	9.87743879383475	4.57112928378551E-12	5.82472651921429E-11	23.4756664331864	1E10	1E-30	1E-10	1E10	1E-30	1E-10	1E10	1E-30	1E-10
699	8.64396807519423E-06	1E10	5E6	1E-30	1.11394005688897E-10	1E10	1E-30	1E10	2.17645947494935E-03	3.36639969299376E-04	1E10	16.8862493662379	5.14209781658796E-04	1E10	1.17736500058711	5.77372091169838E-04	1E10	9.22815100259725E-02	5.76829819838496E-04	1E10	8.52653203394635E-03	5.4186943682093E-04	1E10	1.47168165471628E-03	1E-30	9.28128529359551E-12	0.117777567703195	1E-30	3.87426345774131E-11	2.81057112187564E-02	1E-30	3.37699855943766E-10	1.45518867623225E-02	2.14103747422112E-05	6.85231678091408E-11	4.16969124922736E-03	3.41196679186458E-05	2.29554534226158E-11	3.15734102982429E-03	6.71673930723974E-12	8.80762343407376E-11	10.9791890867319	5.19671356008274E-12	6.19882114140255E-11	19.2257220421039	1E10	1E-30	1E-10	1E10	1E-30	1E-10	1E10	1E-30	1E-10
700	7.35861614700514E-06	1E10	5E6	1E-30	1.12203767110273E-10	1E10	1E-30	1E10	3.25069410420514E-03	1.33456628531524E-04	1E10	33.0642539358708	1.85919674774273E-04	1E10	1.94726546863808	1.88741102392837E-04	1E10	0.198959977507567	1.41986250468286E-04	1E10	2.62746360298144E-02	1.69891435065263E-04	1E10	3.12433400024732E-03	1E-30	1.21784123244189E-11	0.073660177930572	1E-30	3.74951108303416E-11	3.26022410428403E-02	1E-30	2.88887547755978E-10	1.81418195770687E-02	1.93193162695711E-05	5.31366515496495E-11	3.97043288272212E-03	1.47810763368211E-05	3.68739106970826E-11	4.73173689062783E-03	1.26048262226515E-11	5.31440246222055E-11	5.57424875507826	6.01941431135959E-12	4.79723203860053E-11	22.9652406871253	1E10	1E-30	1E-10	1E10	1E-30	1E-10	1E10	1E-30	1E-10
701	8.64396807519423E-06	1E10	5E6	1E-30	1.11394005688897E-10	1E10	1E-30	1E10	2.17645947494935E-03	3.36639969299376E-04	1E10	16.8862493662379	5.14209781658796E-04	1E10	1.17736500058711	5.77372091169838E-04	1E10	9.22815100259725E-02	5.76829819838496E-04	1E10	8.52653203394635E-03	5.4186943682093E-04	1E10	1.47168165471628E-03	1E-30	9.28128529359551E-12	0.117777567703195	1E-30	3.87426345774131E-11	2.81057112187564E-02	1E-30	3.37699855943766E-10	1.45518867623225E-02	2.14103747422112E-05	6.85231678091408E-11	4.16969124922736E-03	3.41196679186458E-05	2.29554534226158E-11	3.15734102982429E-03	6.71673930723974E-12	8.80762343407376E-11	10.9791890867319	5.19671356008274E-12	6.19882114140255E-11	19.2257220421039	1E10	1E-30	1E-10	1E10	1E-30	1E-10	1E10	1E-30	1E-10
702	7.35861614700514E-06	1E10	5E6	1E-30	1.12203767110273E-10	1E10	1E-30	1E10	3.25069410420514E-03	1.33456628531524E-04	1E10	33.0642539358708	1.85919674774273E-04	1E10	1.94726546863808	1.88741102392837E-04	1E10	0.198959977507567	1.41986250468286E-04	1E10	2.62746360298144E-02	1.69891435065263E-04	1E10	3.12433400024732E-03	1E-30	1.21784123244189E-11	0.073660177930572	1E-30	3.74951108303416E-11	3.26022410428403E-02	1E-30	2.88887547755978E-10	1.81418195770687E-02	1.93193162695711E-05	5.31366515496495E-11	3.97043288272212E-03	1.47810763368211E-05	3.68739106970826E-11	4.73173689062783E-03	1.26048262226515E-11	5.31440246222055E-11	5.57424875507826	6.01941431135959E-12	4.79723203860053E-11	22.9652406871253	1E10	1E-30	1E-10	1E10	1E-30	1E-10	1E10	1E-30	1E-10
703	8.64396807519423E-06	1E10	5E6	1E-30	1.11394005688897E-10	1E10	1E-30	1E10	2.17645947494935E-03	3.36639969299376E-04	1E10	16.8862493662379	5.14209781658796E-04	1E10	1.17736500058711	5.77372091169838E-04	1E10	9.22815100259725E-02	5.76829819838496E-04	1E10	8.52653203394635E-03	5.4186943682093E-04	1E10	1.47168165471628E-03	1E-30	9.28128529359551E-12	0.117777567703195	1E-30	3.87426345774131E-11	2.81057112187564E-02	1E-30	3.37699855943766E-10	1.45518867623225E-02	2.14103747422112E-05	6.85231678091408E-11	4.16969124922736E-03	3.41196679186458E-05	2.29554534226158E-11	3.15734102982429E-03	6.71673930723974E-12	8.80762343407376E-11	10.9791890867319	5.19671356008274E-12	6.19882114140255E-11	19.2257220421039	1E10	1E-30	1E-10	1E10	1E-30	1E-10	1E10	1E-30	1E-10
704	5.83080222306806E-06	1E10	5E6	1E-30	1.01948450403569E-10	1E10	1E-30	1E10	3.34172114507335E-03	9.36412746007132E-05	1E10	45.0019735894203	1.59228029075934E-04	1E10	2.38781042701024	1.54687160384171E-04	1E10	0.251363937221811	1.20815598323058E-04	1E10	3.22455044760682E-02	1.18300966076514E-04	1E10	3.32283342957772E-03	1E-30	1.24191464557991E-11	8.20549186221716E-02	1E-30	3.68391490699255E-11	3.41883105904882E-02	1E-30	2.44447188918577E-10	0.018226930740891	1.46531570684689E-05	5.57319785272696E-11	4.1700538337519E-03	7.46992044471744E-06	6.06467426482987E-11	4.88724794062188E-03	1.06303152566231E-11	6.39502418339426E-11	9.84483665141501	2.73399335991297E-12	1.02621989401209E-10	27.0903105202478	1E10	1E-30	1E-10	1E10	1E-30	1E-10	1E10	1E-30	1E-10
705	8.64396807519423E-06	1E10	5E6	1E-30	1.11394005688897E-10	1E10	1E-30	1E10	2.17645947494935E-03	3.36639969299376E-04	1E10	16.8862493662379	5.14209781658796E-04	1E10	1.17736500058711	5.77372091169838E-04	1E10	9.22815100259725E-02	5.76829819838496E-04	1E10	8.52653203394635E-03	5.4186943682093E-04	1E10	1.47168165471628E-03	1E-30	9.28128529359551E-12	0.117777567703195	1E-30	3.87426345774131E-11	2.81057112187564E-02	1E-30	3.37699855943766E-10	1.45518867623225E-02	2.14103747422112E-05	6.85231678091408E-11	4.16969124922736E-03	3.41196679186458E-05	2.29554534226158E-11	3.15734102982429E-03	6.71673930723974E-12	8.80762343407376E-11	10.9791890867319	5.19671356008274E-12	6.19882114140255E-11	19.2257220421039	1E10	1E-30	1E-10	1E10	1E-30	1E-10	1E10	1E-30	1E-10
706	5.83080222306806E-06	1E10	5E6	1E-30	1.01948450403569E-10	1E10	1E-30	1E10	3.34172114507335E-03	9.36412746007132E-05	1E10	45.0019735894203	1.59228029075934E-04	1E10	2.38781042701024	1.54687160384171E-04	1E10	0.251363937221811	1.20815598323058E-04	1E10	3.22455044760682E-02	1.18300966076514E-04	1E10	3.32283342957772E-03	1E-30	1.24191464557991E-11	8.20549186221716E-02	1E-30	3.68391490699255E-11	3.41883105904882E-02	1E-30	2.44447188918577E-10	0.018226930740891	1.46531570684689E-05	5.57319785272696E-11	4.1700538337519E-03	7.46992044471744E-06	6.06467426482987E-11	4.88724794062188E-03	1.06303152566231E-11	6.39502418339426E-11	9.84483665141501	2.73399335991297E-12	1.02621989401209E-10	27.0903105202478	1E10	1E-30	1E-10	1E10	1E-30	1E-10	1E10	1E-30	1E-10
707	8.64396807519423E-06	1E10	5E6	1E-30	1.11394005688897E-10	1E10	1E-30	1E10	2.17645947494935E-03	3.36639969299376E-04	1E10	16.8862493662379	5.14209781658796E-04	1E10	1.17736500058711	5.77372091169838E-04	1E10	9.22815100259725E-02	5.76829819838496E-04	1E10	8.52653203394635E-03	5.4186943682093E-04	1E10	1.47168165471628E-03	1E-30	9.28128529359551E-12	0.117777567703195	1E-30	3.87426345774131E-11	2.81057112187564E-02	1E-30	3.37699855943766E-10	1.45518867623225E-02	2.14103747422112E-05	6.85231678091408E-11	4.16969124922736E-03	3.41196679186458E-05	2.29554534226158E-11	3.15734102982429E-03	6.71673930723974E-12	8.80762343407376E-11	10.9791890867319	5.19671356008274E-12	6.19882114140255E-11	19.2257220421039	1E10	1E-30	1E-10	1E10	1E-30	1E-10	1E10	1E-30	1E-10
708	7.36753192037701E-06	1E10	5E6	1E-30	1.65261920013143E-10	1E10	1E-30	1E10	3.6662773219439E-03	1.77960469696427E-04	1E10	28.6585411379618	2.14945633869084E-04	1E10	2.07236726955193	1.89467857300748E-04	1E10	0.295149518126431	1.63292738014638E-04	1E10	0.043113248869808	1.24445332056696E-04	1E10	7.12195149183094E-03	1E-30	1.87932365410174E-11	0.147601734636089	1E-30	3.82740930313981E-11	2.67203576645005E-02	1E-30	2.60421508550226E-10	1.59479254274547E-02	2.21692077788087E-05	5.51093005829636E-11	4.64853769388487E-03	1.43991187698355E-05	4.28163413362952E-11	4.55338360369344E-03	9.14115447737317E-12	6.15781590906238E-11	11.6072095332412	7.95774715459477E-12	4.00381133293389E-11	20	1E10	1E-30	1E-10	1E10	1E-30	1E-10	1E10	1E-30	1E-10
709	7.36753192037701E-06	1E10	5E6	1E-30	1.65261920013143E-10	1E10	1E-30	1E10	3.6662773219439E-03	1.77960469696427E-04	1E10	28.6585411379618	2.14945633869084E-04	1E10	2.07236726955193	1.89467857300748E-04	1E10	0.295149518126431	1.63292738014638E-04	1E10	0.043113248869808	1.24445332056696E-04	1E10	7.12195149183094E-03	1E-30	1.87932365410174E-11	0.147601734636089	1E-30	3.82740930313981E-11	2.67203576645005E-02	1E-30	2.60421508550226E-10	1.59479254274547E-02	2.21692077788087E-05	5.51093005829636E-11	4.64853769388487E-03	1.43991187698355E-05	4.28163413362952E-11	4.55338360369344E-03	9.14115447737317E-12	6.15781590906238E-11	11.6072095332412	7.95774715459477E-12	4.00381133293389E-11	20	1E10	1E-30	1E-10	1E10	1E-30	1E-10	1E10	1E-30	1E-10
710	6.08472397904245E-06	1E10	5E6	1E-30	1.64952404742119E-10	1E10	1E-30	1E10	3.42603592294304E-03	1.69595646548138E-04	1E10	19.8671894581441	2.097129409825E-04	1E10	1.85139306813989	1.95811373497938E-04	1E10	0.257335639987256	1.78964938535584E-04	1E10	3.29031696945863E-02	1.23791104063027E-04	1E10	5.43101270885363E-03	1E-30	1.60670099584678E-11	6.18312397077103E-02	1E-30	3.92209637727035E-11	2.48791685597796E-02	1E-30	2.46180433475061E-10	1.73208490229882E-02	1.90174003642837E-05	4.93896332676561E-11	3.29534386665229E-03	8.64545932042738E-06	5.44394627605191E-11	5.32862561273823E-03	1.40762900997964E-11	5.89665782889487E-11	7.08520637986161	4.84089349527797E-12	5.30019494886455E-11	15.0800498239314	1E10	1E-30	1E-10	1E10	1E-30	1E-10	1E10	1E-30	1E-10
711	6.20364118143475E-06	1E10	5E6	1E-30	2.11560035268655E-10	1E10	1E-30	1E10	3.35848193553848E-03	1.82879797818583E-04	1E10	13.8845926877144	2.37487526566898E-04	1E10	1.11595758645833	2.36972052434765E-04	1E10	0.14944222364334	2.03668903153175E-04	1E10	2.32341950467396E-02	1.99290173573326E-04	1E10	4.47554865184062E-03	1E-30	1.70420385052416E-11	0.103941398930278	1E-30	3.25772109829171E-11	2.48033453384975E-02	1E-30	2.49134548870628E-10	1.85764384835721E-02	1.84476770147207E-05	6.20159772583415E-11	4.79042835908443E-03	1.22037945087959E-05	4.65135156288786E-11	3.75517267943384E-03	8.90608479355303E-12	7.95813995867585E-11	13.3566214624784	1E10	1E-30	1E-10	1E10	1E-30	1E-10	1E10	1E-30	1E-10	1E10	1E-30	1E-10
712	6.08472397904245E-06	1E10	5E6	1E-30	1.64952404742119E-10	1E10	1E-30	1E10	3.42603592294304E-03	1.69595646548138E-04	1E10	19.8671894581441	2.097129409825E-04	1E10	1.85139306813989	1.95811373497938E-04	1E10	0.257335639987256	1.78964938535584E-04	1E10	3.29031696945863E-02	1.23791104063027E-04	1E10	5.43101270885363E-03	1E-30	1.60670099584678E-11	6.18312397077103E-02	1E-30	3.92209637727035E-11	2.48791685597796E-02	1E-30	2.46180433475061E-10	1.73208490229882E-02	1.90174003642837E-05	4.93896332676561E-11	3.29534386665229E-03	8.64545932042738E-06	5.44394627605191E-11	5.32862561273823E-03	1.40762900997964E-11	5.89665782889487E-11	7.08520637986161	4.84089349527797E-12	5.30019494886455E-11	15.0800498239314	1E10	1E-30	1E-10	1E10	1E-30	1E-10	1E10	1E-30	1E-10
713	6.20364118143475E-06	1E10	5E6	1E-30	2.11560035268655E-10	1E10	1E-30	1E10	3.35848193553848E-03	1.82879797818583E-04	1E10	13.8845926877144	2.37487526566898E-04	1E10	1.11595758645833	2.36972052434765E-04	1E10	0.14944222364334	2.03668903153175E-04	1E10	2.32341950467396E-02	1.99290173573326E-04	1E10	4.47554865184062E-03	1E-30	1.70420385052416E-11	0.103941398930278	1E-30	3.25772109829171E-11	2.48033453384975E-02	1E-30	2.49134548870628E-10	1.85764384835721E-02	1.84476770147207E-05	6.20159772583415E-11	4.79042835908443E-03	1.22037945087959E-05	4.65135156288786E-11	3.75517267943384E-03	8.90608479355303E-12	7.95813995867585E-11	13.3566214624784	1E10	1E-30	1E-10	1E10	1E-30	1E-10	1E10	1E-30	1E-10	1E10	1E-30	1E-10
714	7.29401733082569E-06	1E10	5E6	1E-30	1.70671715851573E-10	1E10	1E-30	1E10	2.90474994850653E-03	2.17340004219408E-04	1E10	21.2598015250237	2.14334044567895E-04	1E10	2.185194426018	1.96135151349776E-04	1E10	0.284385291167953	1.70253821440778E-04	1E10	3.79194363718449E-02	1.17899870481968E-04	1E10	6.35773399959051E-03	1E-30	1.04079669720279E-11	8.02856963074532E-02	1E-30	3.83345802949628E-11	3.86045362760487E-02	1E-30	3.23493231442373E-10	2.11081245590516E-02	5.01033283118444E-05	2.69847946910605E-11	3.41475744005948E-03	7.79470278771491E-06	9.36910279013516E-11	5.71361884422256E-03	1.5362461858309E-11	3.72530446962587E-11	4.44895779611491	1.52016836577787E-11	2.27946794260391E-11	4.36703991029396	1E10	1E-30	1E-10	1E10	1E-30	1E-10	1E10	1E-30	1E-10
715	7.47632603097615E-06	1E10	5E6	1E-30	1.36927587566886E-10	1E10	1E-30	1E10	2.77883517994367E-03	3.44155829663454E-04	1E10	10.4595985677657	5.72921718910231E-04	1E10	1.16600902656133	4.16726041488952E-04	1E10	0.251402924790944	3.54838866570284E-04	1E10	3.94947433783931E-02	2.62362667809117E-04	1E10	6.48070444815832E-03	1E-30	9.19723634191623E-12	4.27495331154466E-02	1E-30	4.1274749319598E-11	2.23774659782188E-02	1E-30	2.26288320234083E-10	0.014210657087762	2.29811915045353E-05	6.45787376320102E-11	5.5038058378905E-03	9.34679756505108E-06	7.50542615205685E-11	6.54811473114014E-03	9.88399165093976E-12	7.13372299069772E-11	14.9878510869687	2.9847946046673E-12	8.17239491197592E-11	19.9342062565765	1E10	1E-30	1E-10	1E10	1E-30	1E-10	1E10	1E-30	1E-10
716	7.47632603097615E-06	1E10	5E6	1E-30	1.36927587566886E-10	1E10	1E-30	1E10	2.77883517994367E-03	3.44155829663454E-04	1E10	10.4595985677657	5.72921718910231E-04	1E10	1.16600902656133	4.16726041488952E-04	1E10	0.251402924790944	3.54838866570284E-04	1E10	3.94947433783931E-02	2.62362667809117E-04	1E10	6.48070444815832E-03	1E-30	9.19723634191623E-12	4.27495331154466E-02	1E-30	4.1274749319598E-11	2.23774659782188E-02	1E-30	2.26288320234083E-10	0.014210657087762	2.29811915045353E-05	6.45787376320102E-11	5.5038058378905E-03	9.34679756505108E-06	7.50542615205685E-11	6.54811473114014E-03	9.88399165093976E-12	7.13372299069772E-11	14.9878510869687	2.9847946046673E-12	8.17239491197592E-11	19.9342062565765	1E10	1E-30	1E-10	1E10	1E-30	1E-10	1E10	1E-30	1E-10
717	7.54033363036376E-06	1E10	5E6	1E-30	1.77652497318109E-10	1E10	1E-30	1E10	2.93953605740927E-03	2.87191139072328E-04	1E10	17.2254682116195	4.13754908321868E-04	1E10	1.6537619041697	4.15488593291996E-04	1E10	0.301420183532131	4.23932245977266E-04	1E10	5.32496603358311E-02	3.27688615317304E-04	1E10	1.35421689677105E-02	2.93009535780124E-04	1E10	2.53995941888404E-03	1E-30	1.40944317244836E-11	6.55606249721898E-02	1E-30	3.17892962196417E-11	1.77056607020595E-02	1E-30	3.16423984536372E-10	1.63851323837304E-02	1.81690806128456E-05	8.18430591073802E-11	6.92406410815987E-03	1.33134923444277E-05	5.4577918398586E-11	5.99781945228696E-03	4.91340296584698E-12	8.10704818918441E-11	18.9649536054921	1E10	1E-30	1E-10	1E10	1E-30	1E-10	1E10	1E-30	1E-10
718	7.47632603097615E-06	1E10	5E6	1E-30	1.36927587566886E-10	1E10	1E-30	1E10	2.77883517994367E-03	3.44155829663454E-04	1E10	10.4595985677657	5.72921718910231E-04	1E10	1.16600902656133	4.16726041488952E-04	1E10	0.251402924790944	3.54838866570284E-04	1E10	3.94947433783931E-02	2.62362667809117E-04	1E10	6.48070444815832E-03	1E-30	9.19723634191623E-12	4.27495331154466E-02	1E-30	4.1274749319598E-11	2.23774659782188E-02	1E-30	2.26288320234083E-10	0.014210657087762	2.29811915045353E-05	6.45787376320102E-11	5.5038058378905E-03	9.34679756505108E-06	7.50542615205685E-11	6.54811473114014E-03	9.88399165093976E-12	7.13372299069772E-11	14.9878510869687	2.9847946046673E-12	8.17239491197592E-11	19.9342062565765	1E10	1E-30	1E-10	1E10	1E-30	1E-10	1E10	1E-30	1E-10
719	6.77015249294504E-06	1E10	5E6	1E-30	2.02166856795501E-10	1E10	1E-30	1E10	3.11949604844404E-03	2.55553473504812E-04	1E10	20.7595095342342	3.69113098892998E-04	1E10	2.00002910769464	3.32921617138118E-04	1E10	0.35106654055885	3.20772403711699E-04	1E10	5.38001378252086E-02	3.95872444648934E-04	1E10	8.33588358983301E-03	3.24462556085753E-04	1E10	3.37255893148551E-03	1E-30	1.17407731641284E-11	5.17291394340258E-02	1E-30	3.14525205671594E-11	1.84420937612716E-02	1E-30	2.82880498607287E-10	1.55922228123208E-02	2.19421404910313E-05	5.97108426473074E-11	6.17501546593197E-03	9.00468555712815E-06	7.04239766712422E-11	6.47917488883261E-03	5.03521983902747E-12	1.03457633378475E-10	21.85813794479	1E10	1E-30	1E-10	1E10	1E-30	1E-10	1E10	1E-30	1E-10
720	7.47632603097615E-06	1E10	5E6	1E-30	1.36927587566886E-10	1E10	1E-30	1E10	2.77883517994367E-03	3.44155829663454E-04	1E10	10.4595985677657	5.72921718910231E-04	1E10	1.16600902656133	4.16726041488952E-04	1E10	0.251402924790944	3.54838866570284E-04	1E10	3.94947433783931E-02	2.62362667809117E-04	1E10	6.48070444815832E-03	1E-30	9.19723634191623E-12	4.27495331154466E-02	1E-30	4.1274749319598E-11	2.23774659782188E-02	1E-30	2.26288320234083E-10	0.014210657087762	2.29811915045353E-05	6.45787376320102E-11	5.5038058378905E-03	9.34679756505108E-06	7.50542615205685E-11	6.54811473114014E-03	9.88399165093976E-12	7.13372299069772E-11	14.9878510869687	2.9847946046673E-12	8.17239491197592E-11	19.9342062565765	1E10	1E-30	1E-10	1E10	1E-30	1E-10	1E10	1E-30	1E-10
721	7.3434000666691E-06	1E10	5E6	1E-30	1.11351136427623E-10	1E10	1E-30	1E10	3.03669079248833E-03	1.33983597813761E-04	1E10	40.5179292117928	1.96217068916554E-04	1E10	2.12790265767435	1.89931085152358E-04	1E10	0.222641774076608	1.50286121450064E-04	1E10	2.83947210275067E-02	1.18541404544892E-04	1E10	3.52983272081114E-03	1E-30	1.20565945873215E-11	7.96594911932311E-02	1E-30	3.72166108924388E-11	3.53735462490799E-02	1E-30	3.02852853027604E-10	1.69040761302145E-02	1.83159450180796E-05	4.93338789965716E-11	3.48169393333235E-03	1.77957813459162E-05	2.60051697230824E-11	3.93849082365195E-03	7.85435111371129E-12	7.53837996352054E-11	9.87743879383475	4.57112928378551E-12	5.82472651921429E-11	23.4756664331864	1E10	1E-30	1E-10	1E10	1E-30	1E-10	1E10	1E-30	1E-10
722	9.17860765128171E-06	1E10	5E6	1E-30	1.26119915101074E-10	1E10	1E-30	1E10	2.1592154507156E-03	1.03803016693306E-03	1E10	2.97860430119774	1.49050741484247E-03	1E10	0.342292429839784	1.26846531915039E-03	1E10	7.90528786806436E-02	1.85143470377975E-03	1E10	8.68526893214085E-03	1.53157140607766E-03	1E10	1.93992833087661E-03	1E-30	2.52014924569072E-11	4.09215785424869E-02	1E-30	5.6071009173059E-11	1.55416825797345E-02	1E-30	3.50121908247336E-10	1.28744622038408E-02	5.2895754600966E-05	4.35845675175626E-11	2.5061262717349E-03	2.01791884993353E-05	6.14412362221718E-11	3.68426206409807E-03	2.07414016764962E-11	5.97827294535071E-11	4.34349119551952	2.31877006199763E-12	8.59146143526518E-11	21.9179529491401	1E10	1E-30	1E-10	1E10	1E-30	1E-10	1E10	1E-30	1E-10
723	7.3434000666691E-06	1E10	5E6	1E-30	1.11351136427623E-10	1E10	1E-30	1E10	3.03669079248833E-03	1.33983597813761E-04	1E10	40.5179292117928	1.96217068916554E-04	1E10	2.12790265767435	1.89931085152358E-04	1E10	0.222641774076608	1.50286121450064E-04	1E10	2.83947210275067E-02	1.18541404544892E-04	1E10	3.52983272081114E-03	1E-30	1.20565945873215E-11	7.96594911932311E-02	1E-30	3.72166108924388E-11	3.53735462490799E-02	1E-30	3.02852853027604E-10	1.69040761302145E-02	1.83159450180796E-05	4.93338789965716E-11	3.48169393333235E-03	1.77957813459162E-05	2.60051697230824E-11	3.93849082365195E-03	7.85435111371129E-12	7.53837996352054E-11	9.87743879383475	4.57112928378551E-12	5.82472651921429E-11	23.4756664331864	1E10	1E-30	1E-10	1E10	1E-30	1E-10	1E10	1E-30	1E-10
724	8.64396807519423E-06	1E10	5E6	1E-30	1.11394005688897E-10	1E10	1E-30	1E10	2.17645947494935E-03	3.36639969299376E-04	1E10	16.8862493662379	5.14209781658796E-04	1E10	1.17736500058711	5.77372091169838E-04	1E10	9.22815100259725E-02	5.76829819838496E-04	1E10	8.52653203394635E-03	5.4186943682093E-04	1E10	1.47168165471628E-03	1E-30	9.28128529359551E-12	0.117777567703195	1E-30	3.87426345774131E-11	2.81057112187564E-02	1E-30	3.37699855943766E-10	1.45518867623225E-02	2.14103747422112E-05	6.85231678091408E-11	4.16969124922736E-03	3.41196679186458E-05	2.29554534226158E-11	3.15734102982429E-03	6.71673930723974E-12	8.80762343407376E-11	10.9791890867319	5.19671356008274E-12	6.19882114140255E-11	19.2257220421039	1E10	1E-30	1E-10	1E10	1E-30	1E-10	1E10	1E-30	1E-10
725	7.35861614700514E-06	1E10	5E6	1E-30	1.12203767110273E-10	1E10	1E-30	1E10	3.25069410420514E-03	1.33456628531524E-04	1E10	33.0642539358708	1.85919674774273E-04	1E10	1.94726546863808	1.88741102392837E-04	1E10	0.198959977507567	1.41986250468286E-04	1E10	2.62746360298144E-02	1.69891435065263E-04	1E10	3.12433400024732E-03	1E-30	1.21784123244189E-11	0.073660177930572	1E-30	3.74951108303416E-11	3.26022410428403E-02	1E-30	2.88887547755978E-10	1.81418195770687E-02	1.93193162695711E-05	5.31366515496495E-11	3.97043288272212E-03	1.47810763368211E-05	3.68739106970826E-11	4.73173689062783E-03	1.26048262226515E-11	5.31440246222055E-11	5.57424875507826	6.01941431135959E-12	4.79723203860053E-11	22.9652406871253	1E10	1E-30	1E-10	1E10	1E-30	1E-10	1E10	1E-30	1E-10
726	8.64396807519423E-06	1E10	5E6	1E-30	1.11394005688897E-10	1E10	1E-30	1E10	2.17645947494935E-03	3.36639969299376E-04	1E10	16.8862493662379	5.14209781658796E-04	1E10	1.17736500058711	5.77372091169838E-04	1E10	9.22815100259725E-02	5.76829819838496E-04	1E10	8.52653203394635E-03	5.4186943682093E-04	1E10	1.47168165471628E-03	1E-30	9.28128529359551E-12	0.117777567703195	1E-30	3.87426345774131E-11	2.81057112187564E-02	1E-30	3.37699855943766E-10	1.45518867623225E-02	2.14103747422112E-05	6.85231678091408E-11	4.16969124922736E-03	3.41196679186458E-05	2.29554534226158E-11	3.15734102982429E-03	6.71673930723974E-12	8.80762343407376E-11	10.9791890867319	5.19671356008274E-12	6.19882114140255E-11	19.2257220421039	1E10	1E-30	1E-10	1E10	1E-30	1E-10	1E10	1E-30	1E-10
727	7.35861614700514E-06	1E10	5E6	1E-30	1.12203767110273E-10	1E10	1E-30	1E10	3.25069410420514E-03	1.33456628531524E-04	1E10	33.0642539358708	1.85919674774273E-04	1E10	1.94726546863808	1.88741102392837E-04	1E10	0.198959977507567	1.41986250468286E-04	1E10	2.62746360298144E-02	1.69891435065263E-04	1E10	3.12433400024732E-03	1E-30	1.21784123244189E-11	0.073660177930572	1E-30	3.74951108303416E-11	3.26022410428403E-02	1E-30	2.88887547755978E-10	1.81418195770687E-02	1.93193162695711E-05	5.31366515496495E-11	3.97043288272212E-03	1.47810763368211E-05	3.68739106970826E-11	4.73173689062783E-03	1.26048262226515E-11	5.31440246222055E-11	5.57424875507826	6.01941431135959E-12	4.79723203860053E-11	22.9652406871253	1E10	1E-30	1E-10	1E10	1E-30	1E-10	1E10	1E-30	1E-10
728	8.64396807519423E-06	1E10	5E6	1E-30	1.11394005688897E-10	1E10	1E-30	1E10	2.17645947494935E-03	3.36639969299376E-04	1E10	16.8862493662379	5.14209781658796E-04	1E10	1.17736500058711	5.77372091169838E-04	1E10	9.22815100259725E-02	5.76829819838496E-04	1E10	8.52653203394635E-03	5.4186943682093E-04	1E10	1.47168165471628E-03	1E-30	9.28128529359551E-12	0.117777567703195	1E-30	3.87426345774131E-11	2.81057112187564E-02	1E-30	3.37699855943766E-10	1.45518867623225E-02	2.14103747422112E-05	6.85231678091408E-11	4.16969124922736E-03	3.41196679186458E-05	2.29554534226158E-11	3.15734102982429E-03	6.71673930723974E-12	8.80762343407376E-11	10.9791890867319	5.19671356008274E-12	6.19882114140255E-11	19.2257220421039	1E10	1E-30	1E-10	1E10	1E-30	1E-10	1E10	1E-30	1E-10
729	7.46863845109962E-06	1E10	5E6	1E-30	1.94257179596632E-10	1E10	1E-30	1E10	3.72695447001478E-03	3.13707173443197E-04	1E10	4.28524260372952	2.74866109141037E-04	1E10	1.92013343753217	2.17232833245009E-04	1E10	0.373723656152663	1.80841239389559E-04	1E10	6.55525260613766E-02	1.20901280263635E-04	1E10	1.20924368553005E-02	1E-30	1.62770682993115E-11	7.76976713625009E-02	1E-30	2.55498632052791E-11	0.022309837116575	1E-30	1.72222994312666E-10	1.16176911387267E-02	1E-30	8.85878155408013E-11	7.81149321631336E-03	4.59238110215245E-05	2.79381279777159E-11	3.76874852203617E-03	7.81083670146781E-06	7.80818033408224E-11	5.62927400908617E-03	1.51600223340655E-11	5.29877371807128E-11	6.74751306828169	1E10	1E-30	1E-10	1E10	1E-30	1E-10	1E10	1E-30	1E-10
730	7.46863845109962E-06	1E10	5E6	1E-30	1.94257179596632E-10	1E10	1E-30	1E10	3.72695447001478E-03	3.13707173443197E-04	1E10	4.28524260372952	2.74866109141037E-04	1E10	1.92013343753217	2.17232833245009E-04	1E10	0.373723656152663	1.80841239389559E-04	1E10	6.55525260613766E-02	1.20901280263635E-04	1E10	1.20924368553005E-02	1E-30	1.62770682993115E-11	7.76976713625009E-02	1E-30	2.55498632052791E-11	0.022309837116575	1E-30	1.72222994312666E-10	1.16176911387267E-02	1E-30	8.85878155408013E-11	7.81149321631336E-03	4.59238110215245E-05	2.79381279777159E-11	3.76874852203617E-03	7.81083670146781E-06	7.80818033408224E-11	5.62927400908617E-03	1.51600223340655E-11	5.29877371807128E-11	6.74751306828169	1E10	1E-30	1E-10	1E10	1E-30	1E-10	1E10	1E-30	1E-10
731	6.20364118143475E-06	1E10	5E6	1E-30	2.11560035268655E-10	1E10	1E-30	1E10	3.35848193553848E-03	1.82879797818583E-04	1E10	13.8845926877144	2.37487526566898E-04	1E10	1.11595758645833	2.36972052434765E-04	1E10	0.14944222364334	2.03668903153175E-04	1E10	2.32341950467396E-02	1.99290173573326E-04	1E10	4.47554865184062E-03	1E-30	1.70420385052416E-11	0.103941398930278	1E-30	3.25772109829171E-11	2.48033453384975E-02	1E-30	2.49134548870628E-10	1.85764384835721E-02	1.84476770147207E-05	6.20159772583415E-11	4.79042835908443E-03	1.22037945087959E-05	4.65135156288786E-11	3.75517267943384E-03	8.90608479355303E-12	7.95813995867585E-11	13.3566214624784	1E10	1E-30	1E-10	1E10	1E-30	1E-10	1E10	1E-30	1E-10	1E10	1E-30	1E-10
732	7.46863845109962E-06	1E10	5E6	1E-30	1.94257179596632E-10	1E10	1E-30	1E10	3.72695447001478E-03	3.13707173443197E-04	1E10	4.28524260372952	2.74866109141037E-04	1E10	1.92013343753217	2.17232833245009E-04	1E10	0.373723656152663	1.80841239389559E-04	1E10	6.55525260613766E-02	1.20901280263635E-04	1E10	1.20924368553005E-02	1E-30	1.62770682993115E-11	7.76976713625009E-02	1E-30	2.55498632052791E-11	0.022309837116575	1E-30	1.72222994312666E-10	1.16176911387267E-02	1E-30	8.85878155408013E-11	7.81149321631336E-03	4.59238110215245E-05	2.79381279777159E-11	3.76874852203617E-03	7.81083670146781E-06	7.80818033408224E-11	5.62927400908617E-03	1.51600223340655E-11	5.29877371807128E-11	6.74751306828169	1E10	1E-30	1E-10	1E10	1E-30	1E-10	1E10	1E-30	1E-10
733	6.20364118143475E-06	1E10	5E6	1E-30	2.11560035268655E-10	1E10	1E-30	1E10	3.35848193553848E-03	1.82879797818583E-04	1E10	13.8845926877144	2.37487526566898E-04	1E10	1.11595758645833	2.36972052434765E-04	1E10	0.14944222364334	2.03668903153175E-04	1E10	2.32341950467396E-02	1.99290173573326E-04	1E10	4.47554865184062E-03	1E-30	1.70420385052416E-11	0.103941398930278	1E-30	3.25772109829171E-11	2.48033453384975E-02	1E-30	2.49134548870628E-10	1.85764384835721E-02	1.84476770147207E-05	6.20159772583415E-11	4.79042835908443E-03	1.22037945087959E-05	4.65135156288786E-11	3.75517267943384E-03	8.90608479355303E-12	7.95813995867585E-11	13.3566214624784	1E10	1E-30	1E-10	1E10	1E-30	1E-10	1E10	1E-30	1E-10	1E10	1E-30	1E-10
734	7.46863845109962E-06	1E10	5E6	1E-30	1.94257179596632E-10	1E10	1E-30	1E10	3.72695447001478E-03	3.13707173443197E-04	1E10	4.28524260372952	2.74866109141037E-04	1E10	1.92013343753217	2.17232833245009E-04	1E10	0.373723656152663	1.80841239389559E-04	1E10	6.55525260613766E-02	1.20901280263635E-04	1E10	1.20924368553005E-02	1E-30	1.62770682993115E-11	7.76976713625009E-02	1E-30	2.55498632052791E-11	0.022309837116575	1E-30	1.72222994312666E-10	1.16176911387267E-02	1E-30	8.85878155408013E-11	7.81149321631336E-03	4.59238110215245E-05	2.79381279777159E-11	3.76874852203617E-03	7.81083670146781E-06	7.80818033408224E-11	5.62927400908617E-03	1.51600223340655E-11	5.29877371807128E-11	6.74751306828169	1E10	1E-30	1E-10	1E10	1E-30	1E-10	1E10	1E-30	1E-10
735	6.04403051195427E-06	1E10	5E6	1E-30	2.09475199095118E-10	1E10	1E-30	1E10	3.59379660065426E-03	1.7640616008424E-04	1E10	8.12368294469784	2.23288544053262E-04	1E10	0.835260798474594	2.19145876286602E-04	1E10	0.126358525486419	2.17818216828372E-04	1E10	2.24781606343534E-02	1.41594529428205E-04	1E10	6.25321134251972E-03	1E-30	2.50677492021299E-11	0.10131800352711	1E-30	2.94467055436895E-11	2.07582856676139E-02	1E-30	2.05779743431865E-10	1.92662077945668E-02	1.81090990867247E-05	5.9600009286597E-11	4.83854329831882E-03	5.67351866481185E-06	8.85297932882454E-11	7.10745464847846E-03	2.22278306406194E-11	4.37088363898506E-11	4.84222275617289	1.74544114950033E-11	1.65397576220777E-11	5.30415541967041	1E10	1E-30	1E-10	1E10	1E-30	1E-10	1E10	1E-30	1E-10
736	6.04403051195427E-06	1E10	5E6	1E-30	2.09475199095118E-10	1E10	1E-30	1E10	3.59379660065426E-03	1.7640616008424E-04	1E10	8.12368294469784	2.23288544053262E-04	1E10	0.835260798474594	2.19145876286602E-04	1E10	0.126358525486419	2.17818216828372E-04	1E10	2.24781606343534E-02	1.41594529428205E-04	1E10	6.25321134251972E-03	1E-30	2.50677492021299E-11	0.10131800352711	1E-30	2.94467055436895E-11	2.07582856676139E-02	1E-30	2.05779743431865E-10	1.92662077945668E-02	1.81090990867247E-05	5.9600009286597E-11	4.83854329831882E-03	5.67351866481185E-06	8.85297932882454E-11	7.10745464847846E-03	2.22278306406194E-11	4.37088363898506E-11	4.84222275617289	1.74544114950033E-11	1.65397576220777E-11	5.30415541967041	1E10	1E-30	1E-10	1E10	1E-30	1E-10	1E10	1E-30	1E-10
737	7.55919355880142E-06	1E10	5E6	1E-30	1.69022196118205E-10	1E10	1E-30	1E10	3.07595248689874E-03	2.43555678828915E-04	1E10	17.8952872127945	3.89760789737358E-04	1E10	1.10402565629503	3.85379079721369E-04	1E10	0.154923336379604	3.25863280355088E-04	1E10	2.56419684394411E-02	2.57791744743337E-04	1E10	4.40095244461024E-03	1E-30	8.88092824843396E-12	5.62565856158833E-02	1E-30	3.25764121518645E-11	2.92437421223091E-02	1E-30	2.59209721041781E-10	0.016395202113314	2.10832943058531E-05	6.87672877357261E-11	5.96345077239864E-03	1.04605611701838E-05	6.76876756009453E-11	6.33955136200538E-03	1.11211503934332E-11	6.2294661895344E-11	13.0842999754301	5.03580074301595E-12	6.60685891892066E-11	18.0881358441388	1E10	1E-30	1E-10	1E10	1E-30	1E-10	1E10	1E-30	1E-10
738	7.55919355880142E-06	1E10	5E6	1E-30	1.69022196118205E-10	1E10	1E-30	1E10	3.07595248689874E-03	2.43555678828915E-04	1E10	17.8952872127945	3.89760789737358E-04	1E10	1.10402565629503	3.85379079721369E-04	1E10	0.154923336379604	3.25863280355088E-04	1E10	2.56419684394411E-02	2.57791744743337E-04	1E10	4.40095244461024E-03	1E-30	8.88092824843396E-12	5.62565856158833E-02	1E-30	3.25764121518645E-11	2.92437421223091E-02	1E-30	2.59209721041781E-10	0.016395202113314	2.10832943058531E-05	6.87672877357261E-11	5.96345077239864E-03	1.04605611701838E-05	6.76876756009453E-11	6.33955136200538E-03	1.11211503934332E-11	6.2294661895344E-11	13.0842999754301	5.03580074301595E-12	6.60685891892066E-11	18.0881358441388	1E10	1E-30	1E-10	1E10	1E-30	1E-10	1E10	1E-30	1E-10
739	7.3434000666691E-06	1E10	5E6	1E-30	1.11351136427623E-10	1E10	1E-30	1E10	3.03669079248833E-03	1.33983597813761E-04	1E10	40.5179292117928	1.96217068916554E-04	1E10	2.12790265767435	1.89931085152358E-04	1E10	0.222641774076608	1.50286121450064E-04	1E10	2.83947210275067E-02	1.18541404544892E-04	1E10	3.52983272081114E-03	1E-30	1.20565945873215E-11	7.96594911932311E-02	1E-30	3.72166108924388E-11	3.53735462490799E-02	1E-30	3.02852853027604E-10	1.69040761302145E-02	1.83159450180796E-05	4.93338789965716E-11	3.48169393333235E-03	1.77957813459162E-05	2.60051697230824E-11	3.93849082365195E-03	7.85435111371129E-12	7.53837996352054E-11	9.87743879383475	4.57112928378551E-12	5.82472651921429E-11	23.4756664331864	1E10	1E-30	1E-10	1E10	1E-30	1E-10	1E10	1E-30	1E-10
740	8.64396807519423E-06	1E10	5E6	1E-30	1.11394005688897E-10	1E10	1E-30	1E10	2.17645947494935E-03	3.36639969299376E-04	1E10	16.8862493662379	5.14209781658796E-04	1E10	1.17736500058711	5.77372091169838E-04	1E10	9.22815100259725E-02	5.76829819838496E-04	1E10	8.52653203394635E-03	5.4186943682093E-04	1E10	1.47168165471628E-03	1E-30	9.28128529359551E-12	0.117777567703195	1E-30	3.87426345774131E-11	2.81057112187564E-02	1E-30	3.37699855943766E-10	1.45518867623225E-02	2.14103747422112E-05	6.85231678091408E-11	4.16969124922736E-03	3.41196679186458E-05	2.29554534226158E-11	3.15734102982429E-03	6.71673930723974E-12	8.80762343407376E-11	10.9791890867319	5.19671356008274E-12	6.19882114140255E-11	19.2257220421039	1E10	1E-30	1E-10	1E10	1E-30	1E-10	1E10	1E-30	1E-10
741	7.3434000666691E-06	1E10	5E6	1E-30	1.11351136427623E-10	1E10	1E-30	1E10	3.03669079248833E-03	1.33983597813761E-04	1E10	40.5179292117928	1.96217068916554E-04	1E10	2.12790265767435	1.89931085152358E-04	1E10	0.222641774076608	1.50286121450064E-04	1E10	2.83947210275067E-02	1.18541404544892E-04	1E10	3.52983272081114E-03	1E-30	1.20565945873215E-11	7.96594911932311E-02	1E-30	3.72166108924388E-11	3.53735462490799E-02	1E-30	3.02852853027604E-10	1.69040761302145E-02	1.83159450180796E-05	4.93338789965716E-11	3.48169393333235E-03	1.77957813459162E-05	2.60051697230824E-11	3.93849082365195E-03	7.85435111371129E-12	7.53837996352054E-11	9.87743879383475	4.57112928378551E-12	5.82472651921429E-11	23.4756664331864	1E10	1E-30	1E-10	1E10	1E-30	1E-10	1E10	1E-30	1E-10
742	8.64396807519423E-06	1E10	5E6	1E-30	1.11394005688897E-10	1E10	1E-30	1E10	2.17645947494935E-03	3.36639969299376E-04	1E10	16.8862493662379	5.14209781658796E-04	1E10	1.17736500058711	5.77372091169838E-04	1E10	9.22815100259725E-02	5.76829819838496E-04	1E10	8.52653203394635E-03	5.4186943682093E-04	1E10	1.47168165471628E-03	1E-30	9.28128529359551E-12	0.117777567703195	1E-30	3.87426345774131E-11	2.81057112187564E-02	1E-30	3.37699855943766E-10	1.45518867623225E-02	2.14103747422112E-05	6.85231678091408E-11	4.16969124922736E-03	3.41196679186458E-05	2.29554534226158E-11	3.15734102982429E-03	6.71673930723974E-12	8.80762343407376E-11	10.9791890867319	5.19671356008274E-12	6.19882114140255E-11	19.2257220421039	1E10	1E-30	1E-10	1E10	1E-30	1E-10	1E10	1E-30	1E-10
743	7.35861614700514E-06	1E10	5E6	1E-30	1.12203767110273E-10	1E10	1E-30	1E10	3.25069410420514E-03	1.33456628531524E-04	1E10	33.0642539358708	1.85919674774273E-04	1E10	1.94726546863808	1.88741102392837E-04	1E10	0.198959977507567	1.41986250468286E-04	1E10	2.62746360298144E-02	1.69891435065263E-04	1E10	3.12433400024732E-03	1E-30	1.21784123244189E-11	0.073660177930572	1E-30	3.74951108303416E-11	3.26022410428403E-02	1E-30	2.88887547755978E-10	1.81418195770687E-02	1.93193162695711E-05	5.31366515496495E-11	3.97043288272212E-03	1.47810763368211E-05	3.68739106970826E-11	4.73173689062783E-03	1.26048262226515E-11	5.31440246222055E-11	5.57424875507826	6.01941431135959E-12	4.79723203860053E-11	22.9652406871253	1E10	1E-30	1E-10	1E10	1E-30	1E-10	1E10	1E-30	1E-10
744	8.64396807519423E-06	1E10	5E6	1E-30	1.11394005688897E-10	1E10	1E-30	1E10	2.17645947494935E-03	3.36639969299376E-04	1E10	16.8862493662379	5.14209781658796E-04	1E10	1.17736500058711	5.77372091169838E-04	1E10	9.22815100259725E-02	5.76829819838496E-04	1E10	8.52653203394635E-03	5.4186943682093E-04	1E10	1.47168165471628E-03	1E-30	9.28128529359551E-12	0.117777567703195	1E-30	3.87426345774131E-11	2.81057112187564E-02	1E-30	3.37699855943766E-10	1.45518867623225E-02	2.14103747422112E-05	6.85231678091408E-11	4.16969124922736E-03	3.41196679186458E-05	2.29554534226158E-11	3.15734102982429E-03	6.71673930723974E-12	8.80762343407376E-11	10.9791890867319	5.19671356008274E-12	6.19882114140255E-11	19.2257220421039	1E10	1E-30	1E-10	1E10	1E-30	1E-10	1E10	1E-30	1E-10
745	7.35861614700514E-06	1E10	5E6	1E-30	1.12203767110273E-10	1E10	1E-30	1E10	3.25069410420514E-03	1.33456628531524E-04	1E10	33.0642539358708	1.85919674774273E-04	1E10	1.94726546863808	1.88741102392837E-04	1E10	0.198959977507567	1.41986250468286E-04	1E10	2.62746360298144E-02	1.69891435065263E-04	1E10	3.12433400024732E-03	1E-30	1.21784123244189E-11	0.073660177930572	1E-30	3.74951108303416E-11	3.26022410428403E-02	1E-30	2.88887547755978E-10	1.81418195770687E-02	1.93193162695711E-05	5.31366515496495E-11	3.97043288272212E-03	1.47810763368211E-05	3.68739106970826E-11	4.73173689062783E-03	1.26048262226515E-11	5.31440246222055E-11	5.57424875507826	6.01941431135959E-12	4.79723203860053E-11	22.9652406871253	1E10	1E-30	1E-10	1E10	1E-30	1E-10	1E10	1E-30	1E-10
746	1.05E-5	1E10	5E6	1E-30	1.4192535569343E-10	1E10	1E-30	1E10	2.25019054099897E-03	1.81312570011052E-03	1E10	2.77582586256534	8.60641306004402E-04	1E10	1.67856419223957	9.33963608358213E-04	1E10	0.179625885684344	1.58601654115198E-03	1E10	1.11763477277335E-02	1.49639154830344E-03	1E10	2.24647908660834E-03	1E-30	1.91197220756104E-11	9.00995676171247E-02	1E-30	4.71760955619434E-11	2.84825412907719E-02	1E-30	3.19061876407822E-10	1.55795198187195E-02	4.47036480854626E-05	5.13106257063368E-11	2.75706604941441E-03	1.4162087917515E-05	7.69286213763649E-11	4.43263098335502E-03	2.41194224914412E-11	3.48916589755349E-11	3.78747415312703	4.4723807086156E-12	5.24418184029006E-11	11.8620598633518	1E10	1E-30	1E-10	1E10	1E-30	1E-10	1E10	1E-30	1E-10
747	8.64396807519423E-06	1E10	5E6	1E-30	1.11394005688897E-10	1E10	1E-30	1E10	2.17645947494935E-03	3.36639969299376E-04	1E10	16.8862493662379	5.14209781658796E-04	1E10	1.17736500058711	5.77372091169838E-04	1E10	9.22815100259725E-02	5.76829819838496E-04	1E10	8.52653203394635E-03	5.4186943682093E-04	1E10	1.47168165471628E-03	1E-30	9.28128529359551E-12	0.117777567703195	1E-30	3.87426345774131E-11	2.81057112187564E-02	1E-30	3.37699855943766E-10	1.45518867623225E-02	2.14103747422112E-05	6.85231678091408E-11	4.16969124922736E-03	3.41196679186458E-05	2.29554534226158E-11	3.15734102982429E-03	6.71673930723974E-12	8.80762343407376E-11	10.9791890867319	5.19671356008274E-12	6.19882114140255E-11	19.2257220421039	1E10	1E-30	1E-10	1E10	1E-30	1E-10	1E10	1E-30	1E-10
748	5.83080222306806E-06	1E10	5E6	1E-30	1.01948450403569E-10	1E10	1E-30	1E10	3.34172114507335E-03	9.36412746007132E-05	1E10	45.0019735894203	1.59228029075934E-04	1E10	2.38781042701024	1.54687160384171E-04	1E10	0.251363937221811	1.20815598323058E-04	1E10	3.22455044760682E-02	1.18300966076514E-04	1E10	3.32283342957772E-03	1E-30	1.24191464557991E-11	8.20549186221716E-02	1E-30	3.68391490699255E-11	3.41883105904882E-02	1E-30	2.44447188918577E-10	0.018226930740891	1.46531570684689E-05	5.57319785272696E-11	4.1700538337519E-03	7.46992044471744E-06	6.06467426482987E-11	4.88724794062188E-03	1.06303152566231E-11	6.39502418339426E-11	9.84483665141501	2.73399335991297E-12	1.02621989401209E-10	27.0903105202478	1E10	1E-30	1E-10	1E10	1E-30	1E-10	1E10	1E-30	1E-10
749	8.64396807519423E-06	1E10	5E6	1E-30	1.11394005688897E-10	1E10	1E-30	1E10	2.17645947494935E-03	3.36639969299376E-04	1E10	16.8862493662379	5.14209781658796E-04	1E10	1.17736500058711	5.77372091169838E-04	1E10	9.22815100259725E-02	5.76829819838496E-04	1E10	8.52653203394635E-03	5.4186943682093E-04	1E10	1.47168165471628E-03	1E-30	9.28128529359551E-12	0.117777567703195	1E-30	3.87426345774131E-11	2.81057112187564E-02	1E-30	3.37699855943766E-10	1.45518867623225E-02	2.14103747422112E-05	6.85231678091408E-11	4.16969124922736E-03	3.41196679186458E-05	2.29554534226158E-11	3.15734102982429E-03	6.71673930723974E-12	8.80762343407376E-11	10.9791890867319	5.19671356008274E-12	6.19882114140255E-11	19.2257220421039	1E10	1E-30	1E-10	1E10	1E-30	1E-10	1E10	1E-30	1E-10
750	5.83080222306806E-06	1E10	5E6	1E-30	1.01948450403569E-10	1E10	1E-30	1E10	3.34172114507335E-03	9.36412746007132E-05	1E10	45.0019735894203	1.59228029075934E-04	1E10	2.38781042701024	1.54687160384171E-04	1E10	0.251363937221811	1.20815598323058E-04	1E10	3.22455044760682E-02	1.18300966076514E-04	1E10	3.32283342957772E-03	1E-30	1.24191464557991E-11	8.20549186221716E-02	1E-30	3.68391490699255E-11	3.41883105904882E-02	1E-30	2.44447188918577E-10	0.018226930740891	1.46531570684689E-05	5.57319785272696E-11	4.1700538337519E-03	7.46992044471744E-06	6.06467426482987E-11	4.88724794062188E-03	1.06303152566231E-11	6.39502418339426E-11	9.84483665141501	2.73399335991297E-12	1.02621989401209E-10	27.0903105202478	1E10	1E-30	1E-10	1E10	1E-30	1E-10	1E10	1E-30	1E-10
751	8.64396807519423E-06	1E10	5E6	1E-30	1.11394005688897E-10	1E10	1E-30	1E10	2.17645947494935E-03	3.36639969299376E-04	1E10	16.8862493662379	5.14209781658796E-04	1E10	1.17736500058711	5.77372091169838E-04	1E10	9.22815100259725E-02	5.76829819838496E-04	1E10	8.52653203394635E-03	5.4186943682093E-04	1E10	1.47168165471628E-03	1E-30	9.28128529359551E-12	0.117777567703195	1E-30	3.87426345774131E-11	2.81057112187564E-02	1E-30	3.37699855943766E-10	1.45518867623225E-02	2.14103747422112E-05	6.85231678091408E-11	4.16969124922736E-03	3.41196679186458E-05	2.29554534226158E-11	3.15734102982429E-03	6.71673930723974E-12	8.80762343407376E-11	10.9791890867319	5.19671356008274E-12	6.19882114140255E-11	19.2257220421039	1E10	1E-30	1E-10	1E10	1E-30	1E-10	1E10	1E-30	1E-10
752	7.36753192037701E-06	1E10	5E6	1E-30	1.65261920013143E-10	1E10	1E-30	1E10	3.6662773219439E-03	1.77960469696427E-04	1E10	28.6585411379618	2.14945633869084E-04	1E10	2.07236726955193	1.89467857300748E-04	1E10	0.295149518126431	1.63292738014638E-04	1E10	0.043113248869808	1.24445332056696E-04	1E10	7.12195149183094E-03	1E-30	1.87932365410174E-11	0.147601734636089	1E-30	3.82740930313981E-11	2.67203576645005E-02	1E-30	2.60421508550226E-10	1.59479254274547E-02	2.21692077788087E-05	5.51093005829636E-11	4.64853769388487E-03	1.43991187698355E-05	4.28163413362952E-11	4.55338360369344E-03	9.14115447737317E-12	6.15781590906238E-11	11.6072095332412	7.95774715459477E-12	4.00381133293389E-11	20	1E10	1E-30	1E-10	1E10	1E-30	1E-10	1E10	1E-30	1E-10
753	7.36753192037701E-06	1E10	5E6	1E-30	1.65261920013143E-10	1E10	1E-30	1E10	3.6662773219439E-03	1.77960469696427E-04	1E10	28.6585411379618	2.14945633869084E-04	1E10	2.07236726955193	1.89467857300748E-04	1E10	0.295149518126431	1.63292738014638E-04	1E10	0.043113248869808	1.24445332056696E-04	1E10	7.12195149183094E-03	1E-30	1.87932365410174E-11	0.147601734636089	1E-30	3.82740930313981E-11	2.67203576645005E-02	1E-30	2.60421508550226E-10	1.59479254274547E-02	2.21692077788087E-05	5.51093005829636E-11	4.64853769388487E-03	1.43991187698355E-05	4.28163413362952E-11	4.55338360369344E-03	9.14115447737317E-12	6.15781590906238E-11	11.6072095332412	7.95774715459477E-12	4.00381133293389E-11	20	1E10	1E-30	1E-10	1E10	1E-30	1E-10	1E10	1E-30	1E-10
754	6.08472397904245E-06	1E10	5E6	1E-30	1.64952404742119E-10	1E10	1E-30	1E10	3.42603592294304E-03	1.69595646548138E-04	1E10	19.8671894581441	2.097129409825E-04	1E10	1.85139306813989	1.95811373497938E-04	1E10	0.257335639987256	1.78964938535584E-04	1E10	3.29031696945863E-02	1.23791104063027E-04	1E10	5.43101270885363E-03	1E-30	1.60670099584678E-11	6.18312397077103E-02	1E-30	3.92209637727035E-11	2.48791685597796E-02	1E-30	2.46180433475061E-10	1.73208490229882E-02	1.90174003642837E-05	4.93896332676561E-11	3.29534386665229E-03	8.64545932042738E-06	5.44394627605191E-11	5.32862561273823E-03	1.40762900997964E-11	5.89665782889487E-11	7.08520637986161	4.84089349527797E-12	5.30019494886455E-11	15.0800498239314	1E10	1E-30	1E-10	1E10	1E-30	1E-10	1E10	1E-30	1E-10
755	6.20364118143475E-06	1E10	5E6	1E-30	2.11560035268655E-10	1E10	1E-30	1E10	3.35848193553848E-03	1.82879797818583E-04	1E10	13.8845926877144	2.37487526566898E-04	1E10	1.11595758645833	2.36972052434765E-04	1E10	0.14944222364334	2.03668903153175E-04	1E10	2.32341950467396E-02	1.99290173573326E-04	1E10	4.47554865184062E-03	1E-30	1.70420385052416E-11	0.103941398930278	1E-30	3.25772109829171E-11	2.48033453384975E-02	1E-30	2.49134548870628E-10	1.85764384835721E-02	1.84476770147207E-05	6.20159772583415E-11	4.79042835908443E-03	1.22037945087959E-05	4.65135156288786E-11	3.75517267943384E-03	8.90608479355303E-12	7.95813995867585E-11	13.3566214624784	1E10	1E-30	1E-10	1E10	1E-30	1E-10	1E10	1E-30	1E-10	1E10	1E-30	1E-10
756	6.08472397904245E-06	1E10	5E6	1E-30	1.64952404742119E-10	1E10	1E-30	1E10	3.42603592294304E-03	1.69595646548138E-04	1E10	19.8671894581441	2.097129409825E-04	1E10	1.85139306813989	1.95811373497938E-04	1E10	0.257335639987256	1.78964938535584E-04	1E10	3.29031696945863E-02	1.23791104063027E-04	1E10	5.43101270885363E-03	1E-30	1.60670099584678E-11	6.18312397077103E-02	1E-30	3.92209637727035E-11	2.48791685597796E-02	1E-30	2.46180433475061E-10	1.73208490229882E-02	1.90174003642837E-05	4.93896332676561E-11	3.29534386665229E-03	8.64545932042738E-06	5.44394627605191E-11	5.32862561273823E-03	1.40762900997964E-11	5.89665782889487E-11	7.08520637986161	4.84089349527797E-12	5.30019494886455E-11	15.0800498239314	1E10	1E-30	1E-10	1E10	1E-30	1E-10	1E10	1E-30	1E-10
757	6.20364118143475E-06	1E10	5E6	1E-30	2.11560035268655E-10	1E10	1E-30	1E10	3.35848193553848E-03	1.82879797818583E-04	1E10	13.8845926877144	2.37487526566898E-04	1E10	1.11595758645833	2.36972052434765E-04	1E10	0.14944222364334	2.03668903153175E-04	1E10	2.32341950467396E-02	1.99290173573326E-04	1E10	4.47554865184062E-03	1E-30	1.70420385052416E-11	0.103941398930278	1E-30	3.25772109829171E-11	2.48033453384975E-02	1E-30	2.49134548870628E-10	1.85764384835721E-02	1.84476770147207E-05	6.20159772583415E-11	4.79042835908443E-03	1.22037945087959E-05	4.65135156288786E-11	3.75517267943384E-03	8.90608479355303E-12	7.95813995867585E-11	13.3566214624784	1E10	1E-30	1E-10	1E10	1E-30	1E-10	1E10	1E-30	1E-10	1E10	1E-30	1E-10
758	7.54398988737359E-06	1E10	5E6	1E-30	2.16232840149517E-10	1E10	1E-30	1E10	2.61597089087734E-03	3.13217639578867E-04	1E10	4.71614970070472	4.06814109654824E-04	1E10	0.457959191592197	4.05422575003152E-04	1E10	7.18073553854137E-02	3.75413050735017E-04	1E10	1.28078850213366E-02	3.35064279578845E-04	1E10	3.09655132420456E-03	1E-30	1.65331193242113E-11	5.58588323852376E-02	1E-30	2.32722008722397E-10	1.62265611616098E-02	1E-30	2.28794102199511E-11	1.30210703334833E-02	2.05236985595014E-05	7.34072459921685E-11	6.14554278567738E-03	9.27337288438076E-06	7.87405618596604E-11	7.13439079255493E-03	1.43639253570042E-11	4.80118949905848E-11	8.64768206615981	8.95469449506003E-12	3.37241204406966E-11	11.0556577552926	1E10	1E-30	1E-10	1E10	1E-30	1E-10	1E10	1E-30	1E-10
759	7.54398988737359E-06	1E10	5E6	1E-30	2.16232840149517E-10	1E10	1E-30	1E10	2.61597089087734E-03	3.13217639578867E-04	1E10	4.71614970070472	4.06814109654824E-04	1E10	0.457959191592197	4.05422575003152E-04	1E10	7.18073553854137E-02	3.75413050735017E-04	1E10	1.28078850213366E-02	3.35064279578845E-04	1E10	3.09655132420456E-03	1E-30	1.65331193242113E-11	5.58588323852376E-02	1E-30	2.32722008722397E-10	1.62265611616098E-02	1E-30	2.28794102199511E-11	1.30210703334833E-02	2.05236985595014E-05	7.34072459921685E-11	6.14554278567738E-03	9.27337288438076E-06	7.87405618596604E-11	7.13439079255493E-03	1.43639253570042E-11	4.80118949905848E-11	8.64768206615981	8.95469449506003E-12	3.37241204406966E-11	11.0556577552926	1E10	1E-30	1E-10	1E10	1E-30	1E-10	1E10	1E-30	1E-10
760	7.55919355880142E-06	1E10	5E6	1E-30	1.69022196118205E-10	1E10	1E-30	1E10	3.07595248689874E-03	2.43555678828915E-04	1E10	17.8952872127945	3.89760789737358E-04	1E10	1.10402565629503	3.85379079721369E-04	1E10	0.154923336379604	3.25863280355088E-04	1E10	2.56419684394411E-02	2.57791744743337E-04	1E10	4.40095244461024E-03	1E-30	8.88092824843396E-12	5.62565856158833E-02	1E-30	3.25764121518645E-11	2.92437421223091E-02	1E-30	2.59209721041781E-10	0.016395202113314	2.10832943058531E-05	6.87672877357261E-11	5.96345077239864E-03	1.04605611701838E-05	6.76876756009453E-11	6.33955136200538E-03	1.11211503934332E-11	6.2294661895344E-11	13.0842999754301	5.03580074301595E-12	6.60685891892066E-11	18.0881358441388	1E10	1E-30	1E-10	1E10	1E-30	1E-10	1E10	1E-30	1E-10
761	7.55919355880142E-06	1E10	5E6	1E-30	1.69022196118205E-10	1E10	1E-30	1E10	3.07595248689874E-03	2.43555678828915E-04	1E10	17.8952872127945	3.89760789737358E-04	1E10	1.10402565629503	3.85379079721369E-04	1E10	0.154923336379604	3.25863280355088E-04	1E10	2.56419684394411E-02	2.57791744743337E-04	1E10	4.40095244461024E-03	1E-30	8.88092824843396E-12	5.62565856158833E-02	1E-30	3.25764121518645E-11	2.92437421223091E-02	1E-30	2.59209721041781E-10	0.016395202113314	2.10832943058531E-05	6.87672877357261E-11	5.96345077239864E-03	1.04605611701838E-05	6.76876756009453E-11	6.33955136200538E-03	1.11211503934332E-11	6.2294661895344E-11	13.0842999754301	5.03580074301595E-12	6.60685891892066E-11	18.0881358441388	1E10	1E-30	1E-10	1E10	1E-30	1E-10	1E10	1E-30	1E-10
762	6.49324097548765E-06	1E10	5E6	1E-30	1.55427376029023E-10	1E10	1E-30	1E10	3.00364498197397E-03	1.15330915062288E-04	1E10	45.9995029681728	1.94376853068533E-04	1E10	1.68935337634228	1.75057562332408E-04	1E10	0.12983129543533	1.35992538301216E-04	1E10	1.20679917185424E-02	5.67687689907015E-04	1E10	2.28689218539411E-04	1E-30	4.1308838026474E-11	3.52989157784337E-02	1E-30	3.29608353997933E-10	1.74654093921253E-02	2.89761046583481E-05	4.14054156513714E-11	4.7559165134683E-03	1.56016623437656E-05	3.94586921141316E-11	4.1646326638558E-03	6.41700244491411E-12	1.03960953996161E-10	10.1198630234957	1E10	1E-30	1E-10	1E10	1E-30	1E-10	1E10	1E-30	1E-10	1E10	1E-30	1E-10	1E10	1E-30	1E-10
763	7.02983359292382E-06	1E10	5E6	1E-30	1.4196683417367E-10	1E10	1E-30	1E10	3.01703862345911E-03	1.74909473447164E-04	1E10	30.3309172749433	1.95995458301862E-04	1E10	2.25408419754476	1.88835701763053E-04	1E10	0.22536426402142	1.55977464017553E-04	1E10	2.57134409572395E-02	1.36542998965587E-04	1E10	3.08787351539332E-03	1E-30	1.55153531188088E-11	0.105401477801608	1E-30	3.92362693944809E-11	0.031434133858281	1E-30	3.62049781575806E-10	1.71368410699017E-02	1.61327166849096E-05	7.22498896914366E-11	4.78187667857789E-03	3.70183259796915E-05	1.70572991220217E-11	2.87992286301857E-03	7.97692963626188E-12	8.67921424480399E-11	10.7065754145284	7.81918836063812E-12	4.01874680266077E-11	17.6380173235002	1E10	1E-30	1E-10	1E10	1E-30	1E-10	1E10	1E-30	1E-10
764	6.49324097548765E-06	1E10	5E6	1E-30	1.55427376029023E-10	1E10	1E-30	1E10	3.00364498197397E-03	1.15330915062288E-04	1E10	45.9995029681728	1.94376853068533E-04	1E10	1.68935337634228	1.75057562332408E-04	1E10	0.12983129543533	1.35992538301216E-04	1E10	1.20679917185424E-02	5.67687689907015E-04	1E10	2.28689218539411E-04	1E-30	4.1308838026474E-11	3.52989157784337E-02	1E-30	3.29608353997933E-10	1.74654093921253E-02	2.89761046583481E-05	4.14054156513714E-11	4.7559165134683E-03	1.56016623437656E-05	3.94586921141316E-11	4.1646326638558E-03	6.41700244491411E-12	1.03960953996161E-10	10.1198630234957	1E10	1E-30	1E-10	1E10	1E-30	1E-10	1E10	1E-30	1E-10	1E10	1E-30	1E-10	1E10	1E-30	1E-10
765	7.02983359292382E-06	1E10	5E6	1E-30	1.4196683417367E-10	1E10	1E-30	1E10	3.01703862345911E-03	1.74909473447164E-04	1E10	30.3309172749433	1.95995458301862E-04	1E10	2.25408419754476	1.88835701763053E-04	1E10	0.22536426402142	1.55977464017553E-04	1E10	2.57134409572395E-02	1.36542998965587E-04	1E10	3.08787351539332E-03	1E-30	1.55153531188088E-11	0.105401477801608	1E-30	3.92362693944809E-11	0.031434133858281	1E-30	3.62049781575806E-10	1.71368410699017E-02	1.61327166849096E-05	7.22498896914366E-11	4.78187667857789E-03	3.70183259796915E-05	1.70572991220217E-11	2.87992286301857E-03	7.97692963626188E-12	8.67921424480399E-11	10.7065754145284	7.81918836063812E-12	4.01874680266077E-11	17.6380173235002	1E10	1E-30	1E-10	1E10	1E-30	1E-10	1E10	1E-30	1E-10
766	6.45269532351592E-06	1E10	5E6	1E-30	1.68362556473569E-10	1E10	1E-30	1E10	3.05018665515052E-03	2.16912151853275E-04	1E10	14.5149308958879	2.26383566492585E-04	1E10	1.4093021066187	2.20454240929923E-04	1E10	0.150314231403784	1.81747754181531E-04	1E10	1.90715467020303E-02	2.02150041034688E-04	1E10	2.52232345608517E-03	1E-30	2.13826225645985E-11	5.14446960825195E-02	1E-30	5.44055484214722E-11	1.50412968407489E-02	1E-30	2.61808506317265E-10	1.39270854740984E-02	2.48510018865729E-05	4.93428790646424E-11	5.0863806443927E-03	1.04573109042635E-05	5.72959765881578E-11	5.56055110742931E-03	1.48626777209425E-11	4.83273422610583E-11	7.86001815760715	5.84063145810449E-12	5.34986235814078E-11	10.4596194384159	1E10	1E-30	1E-10	1E10	1E-30	1E-10	1E10	1E-30	1E-10
767	7.02983359292382E-06	1E10	5E6	1E-30	1.4196683417367E-10	1E10	1E-30	1E10	3.01703862345911E-03	1.74909473447164E-04	1E10	30.3309172749433	1.95995458301862E-04	1E10	2.25408419754476	1.88835701763053E-04	1E10	0.22536426402142	1.55977464017553E-04	1E10	2.57134409572395E-02	1.36542998965587E-04	1E10	3.08787351539332E-03	1E-30	1.55153531188088E-11	0.105401477801608	1E-30	3.92362693944809E-11	0.031434133858281	1E-30	3.62049781575806E-10	1.71368410699017E-02	1.61327166849096E-05	7.22498896914366E-11	4.78187667857789E-03	3.70183259796915E-05	1.70572991220217E-11	2.87992286301857E-03	7.97692963626188E-12	8.67921424480399E-11	10.7065754145284	7.81918836063812E-12	4.01874680266077E-11	17.6380173235002	1E10	1E-30	1E-10	1E10	1E-30	1E-10	1E10	1E-30	1E-10
768	6.45269532351592E-06	1E10	5E6	1E-30	1.68362556473569E-10	1E10	1E-30	1E10	3.05018665515052E-03	2.16912151853275E-04	1E10	14.5149308958879	2.26383566492585E-04	1E10	1.4093021066187	2.20454240929923E-04	1E10	0.150314231403784	1.81747754181531E-04	1E10	1.90715467020303E-02	2.02150041034688E-04	1E10	2.52232345608517E-03	1E-30	2.13826225645985E-11	5.14446960825195E-02	1E-30	5.44055484214722E-11	1.50412968407489E-02	1E-30	2.61808506317265E-10	1.39270854740984E-02	2.48510018865729E-05	4.93428790646424E-11	5.0863806443927E-03	1.04573109042635E-05	5.72959765881578E-11	5.56055110742931E-03	1.48626777209425E-11	4.83273422610583E-11	7.86001815760715	5.84063145810449E-12	5.34986235814078E-11	10.4596194384159	1E10	1E-30	1E-10	1E10	1E-30	1E-10	1E10	1E-30	1E-10
769	7.02983359292382E-06	1E10	5E6	1E-30	1.4196683417367E-10	1E10	1E-30	1E10	3.01703862345911E-03	1.74909473447164E-04	1E10	30.3309172749433	1.95995458301862E-04	1E10	2.25408419754476	1.88835701763053E-04	1E10	0.22536426402142	1.55977464017553E-04	1E10	2.57134409572395E-02	1.36542998965587E-04	1E10	3.08787351539332E-03	1E-30	1.55153531188088E-11	0.105401477801608	1E-30	3.92362693944809E-11	0.031434133858281	1E-30	3.62049781575806E-10	1.71368410699017E-02	1.61327166849096E-05	7.22498896914366E-11	4.78187667857789E-03	3.70183259796915E-05	1.70572991220217E-11	2.87992286301857E-03	7.97692963626188E-12	8.67921424480399E-11	10.7065754145284	7.81918836063812E-12	4.01874680266077E-11	17.6380173235002	1E10	1E-30	1E-10	1E10	1E-30	1E-10	1E10	1E-30	1E-10
770	7.47632603097615E-06	1E10	5E6	1E-30	1.36927587566886E-10	1E10	1E-30	1E10	2.77883517994367E-03	3.44155829663454E-04	1E10	10.4595985677657	5.72921718910231E-04	1E10	1.16600902656133	4.16726041488952E-04	1E10	0.251402924790944	3.54838866570284E-04	1E10	3.94947433783931E-02	2.62362667809117E-04	1E10	6.48070444815832E-03	1E-30	9.19723634191623E-12	4.27495331154466E-02	1E-30	4.1274749319598E-11	2.23774659782188E-02	1E-30	2.26288320234083E-10	0.014210657087762	2.29811915045353E-05	6.45787376320102E-11	5.5038058378905E-03	9.34679756505108E-06	7.50542615205685E-11	6.54811473114014E-03	9.88399165093976E-12	7.13372299069772E-11	14.9878510869687	2.9847946046673E-12	8.17239491197592E-11	19.9342062565765	1E10	1E-30	1E-10	1E10	1E-30	1E-10	1E10	1E-30	1E-10
771	7.47632603097615E-06	1E10	5E6	1E-30	1.36927587566886E-10	1E10	1E-30	1E10	2.77883517994367E-03	3.44155829663454E-04	1E10	10.4595985677657	5.72921718910231E-04	1E10	1.16600902656133	4.16726041488952E-04	1E10	0.251402924790944	3.54838866570284E-04	1E10	3.94947433783931E-02	2.62362667809117E-04	1E10	6.48070444815832E-03	1E-30	9.19723634191623E-12	4.27495331154466E-02	1E-30	4.1274749319598E-11	2.23774659782188E-02	1E-30	2.26288320234083E-10	0.014210657087762	2.29811915045353E-05	6.45787376320102E-11	5.5038058378905E-03	9.34679756505108E-06	7.50542615205685E-11	6.54811473114014E-03	9.88399165093976E-12	7.13372299069772E-11	14.9878510869687	2.9847946046673E-12	8.17239491197592E-11	19.9342062565765	1E10	1E-30	1E-10	1E10	1E-30	1E-10	1E10	1E-30	1E-10
772	7.52656547684591E-06	1E10	5E6	1E-30	1.53310136616679E-10	1E10	1E-30	1E10	2.66026280684328E-03	2.78151254071788E-04	1E10	14.2907792558397	3.95781957781926E-04	1E10	1.08241504295578	3.7884913067529E-04	1E10	0.17298015031535	3.36401873907938E-04	1E10	2.64972222713947E-02	2.3550180943577E-04	1E10	5.12645760763053E-03	1E-30	1.23809635675773E-11	0.048704275907117	1E-30	3.37839380850331E-11	2.01589810804162E-02	1E-30	2.97337661320502E-10	1.49146365435264E-02	2.28733274225832E-05	6.65250955835468E-11	5.65613041491656E-03	1.30822729082507E-05	5.60881115409688E-11	5.64325707785754E-03	8.24927572339372E-12	8.24985250470338E-11	16.5442159603364	4.35785362940557E-12	7.23274249883317E-11	15.7996035836588	1E10	1E-30	1E-10	1E10	1E-30	1E-10	1E10	1E-30	1E-10
773	1.62357741307036E-05	1E10	2272727.27272727	1E-30	1.65506835176819E-10	1E10	1E-30	1E10	2.05586607780554E-03	6.31892231073811E-04	1E10	7.69103607434407	8.10986684538862E-04	1E10	0.762687124730797	1.14111053359331E-03	1E10	0.060658721462458	1.17424985601435E-03	1E10	4.24686715210941E-03	1E-30	1.54115863554905E-11	7.88105570749777E-02	1E-30	5.99887205207139E-11	3.09204218557955E-02	1E-30	3.49181573537218E-10	1.21302415704787E-02	9.33768261533235E-05	3.73058229772977E-11	1.88780378451785E-03	3.06937527329071E-05	6.20289736540143E-11	3.23611245027095E-03	1.60417676316954E-11	5.22751846020278E-11	6.07412372969599	1.03892016189697E-11	2.94470077347993E-11	9.32444866345231	1E10	1E-30	1E-10	1E10	1E-30	1E-10	1E10	1E-30	1E-10	1E10	1E-30	1E-10
774	1.58981716407922E-05	1E10	2272727.27272727	1E-30	1.85342254430553E-10	1E10	1E-30	1E10	2.18908200041977E-03	6.80880958268512E-04	1E10	7.79161864538103	7.22360238066564E-04	1E10	0.921583436909144	1.03317149822272E-03	1E10	0.066364007962226	1.11187963127375E-03	1E10	4.52823557191897E-03	1E-30	1.39017875018529E-11	7.41898810913887E-02	1E-30	5.3818799964232E-11	3.23213891689172E-02	1E-30	3.02330687544851E-10	1.34066823305075E-02	1.17927332552433E-05	1.6838064844314E-10	4.37603529136119E-03	2.04776071461342E-11	3.85758197965799E-11	4.9349603723606	9.09601170471594E-12	3.16264904180817E-11	4.12012624928456	1E10	1E-30	1E-10	1E10	1E-30	1E-10	1E10	1E-30	1E-10	1E10	1E-30	1E-10	1E10	1E-30	1E-10
775	1.62357741307036E-05	1E10	2272727.27272727	1E-30	1.65506835176819E-10	1E10	1E-30	1E10	2.05586607780554E-03	6.31892231073811E-04	1E10	7.69103607434407	8.10986684538862E-04	1E10	0.762687124730797	1.14111053359331E-03	1E10	0.060658721462458	1.17424985601435E-03	1E10	4.24686715210941E-03	1E-30	1.54115863554905E-11	7.88105570749777E-02	1E-30	5.99887205207139E-11	3.09204218557955E-02	1E-30	3.49181573537218E-10	1.21302415704787E-02	9.33768261533235E-05	3.73058229772977E-11	1.88780378451785E-03	3.06937527329071E-05	6.20289736540143E-11	3.23611245027095E-03	1.60417676316954E-11	5.22751846020278E-11	6.07412372969599	1.03892016189697E-11	2.94470077347993E-11	9.32444866345231	1E10	1E-30	1E-10	1E10	1E-30	1E-10	1E10	1E-30	1E-10	1E10	1E-30	1E-10
776	1.40917781872706E-05	1E10	2272727.27272727	1E-30	1.44402884427854E-10	1E10	1E-30	1E10	2.43411509620605E-03	2.82646161712055E-04	1E10	20.1120242843527	3.84902630116227E-04	1E10	1.39008710077469	3.51860939204947E-04	1E10	0.152264303451313	2.64026861478547E-04	1E10	1.93455168640045E-02	3.46169192297528E-04	1E10	1.96425546520408E-03	1E-30	1.53260508899632E-11	8.38474496894139E-02	1E-30	4.59218726138555E-11	2.50161712470119E-02	1E-30	3.74557763559106E-10	1.39423806435594E-02	3.42719291103712E-05	7.22658032987892E-11	3.39214261636087E-03	7.49901706698171E-05	1.79155717232862E-11	2.21301783778149E-03	1.45144137396443E-11	5.81168965690937E-11	7.85420441248895	8.35274827796604E-12	3.9676379791663E-11	5.39815816019177	1E10	1E-30	1E-10	1E10	1E-30	1E-10	1E10	1E-30	1E-10
777	1.62357741307036E-05	1E10	2272727.27272727	1E-30	1.65506835176819E-10	1E10	1E-30	1E10	2.05586607780554E-03	6.31892231073811E-04	1E10	7.69103607434407	8.10986684538862E-04	1E10	0.762687124730797	1.14111053359331E-03	1E10	0.060658721462458	1.17424985601435E-03	1E10	4.24686715210941E-03	1E-30	1.54115863554905E-11	7.88105570749777E-02	1E-30	5.99887205207139E-11	3.09204218557955E-02	1E-30	3.49181573537218E-10	1.21302415704787E-02	9.33768261533235E-05	3.73058229772977E-11	1.88780378451785E-03	3.06937527329071E-05	6.20289736540143E-11	3.23611245027095E-03	1.60417676316954E-11	5.22751846020278E-11	6.07412372969599	1.03892016189697E-11	2.94470077347993E-11	9.32444866345231	1E10	1E-30	1E-10	1E10	1E-30	1E-10	1E10	1E-30	1E-10	1E10	1E-30	1E-10
778	1.39441251484636E-05	1E10	2272727.27272727	1E-30	1.30172661512533E-10	1E10	1E-30	1E10	2.81801845067039E-03	2.6542413521795E-04	1E10	20.929481329708	3.54791393040171E-04	1E10	1.45815683180724	3.16003064399533E-04	1E10	0.166198562928413	3.14911399192723E-04	1E10	1.69084301993615E-02	3.13809675347496E-04	1E10	3.36686155031175E-03	1E-30	1.23718231688738E-11	7.31389485604995E-02	1E-30	4.63082854379307E-11	2.87097327547524E-02	1E-30	3.31433877402044E-10	1.45365635202233E-02	3.74907156773699E-05	6.72545415576282E-11	2.86463964961862E-03	2.57037368731793E-05	4.9127265826734E-11	2.48387764533566E-03	1.18612944152385E-11	6.41827377143235E-11	8.46753786198698	6.0334156778978E-12	4.8468615374568E-11	23.1179942172767	1E10	1E-30	1E-10	1E10	1E-30	1E-10	1E10	1E-30	1E-10
779	1.40917781872706E-05	1E10	2272727.27272727	1E-30	1.44402884427854E-10	1E10	1E-30	1E10	2.43411509620605E-03	2.82646161712055E-04	1E10	20.1120242843527	3.84902630116227E-04	1E10	1.39008710077469	3.51860939204947E-04	1E10	0.152264303451313	2.64026861478547E-04	1E10	1.93455168640045E-02	3.46169192297528E-04	1E10	1.96425546520408E-03	1E-30	1.53260508899632E-11	8.38474496894139E-02	1E-30	4.59218726138555E-11	2.50161712470119E-02	1E-30	3.74557763559106E-10	1.39423806435594E-02	3.42719291103712E-05	7.22658032987892E-11	3.39214261636087E-03	7.49901706698171E-05	1.79155717232862E-11	2.21301783778149E-03	1.45144137396443E-11	5.81168965690937E-11	7.85420441248895	8.35274827796604E-12	3.9676379791663E-11	5.39815816019177	1E10	1E-30	1E-10	1E10	1E-30	1E-10	1E10	1E-30	1E-10
780	1.40917781872706E-05	1E10	2272727.27272727	1E-30	1.44402884427854E-10	1E10	1E-30	1E10	2.43411509620605E-03	2.82646161712055E-04	1E10	20.1120242843527	3.84902630116227E-04	1E10	1.39008710077469	3.51860939204947E-04	1E10	0.152264303451313	2.64026861478547E-04	1E10	1.93455168640045E-02	3.46169192297528E-04	1E10	1.96425546520408E-03	1E-30	1.53260508899632E-11	8.38474496894139E-02	1E-30	4.59218726138555E-11	2.50161712470119E-02	1E-30	3.74557763559106E-10	1.39423806435594E-02	3.42719291103712E-05	7.22658032987892E-11	3.39214261636087E-03	7.49901706698171E-05	1.79155717232862E-11	2.21301783778149E-03	1.45144137396443E-11	5.81168965690937E-11	7.85420441248895	8.35274827796604E-12	3.9676379791663E-11	5.39815816019177	1E10	1E-30	1E-10	1E10	1E-30	1E-10	1E10	1E-30	1E-10
781	1.70206181946941E-05	1E10	2272727.27272727	1E-30	1.60118967609735E-10	1E10	1E-30	1E10	2.11079627614132E-03	6.67311678709969E-04	1E10	7.95005533244323	7.65010572702281E-04	1E10	0.774178575972406	7.02564852675535E-04	1E10	9.99484689284272E-02	6.44908017255838E-04	1E10	1.24198261841336E-02	6.1912267886041E-04	1E10	1.96857386104605E-03	1E-30	1.61503900270338E-11	5.44233395466582E-02	1E-30	3.6563279134957E-11	2.01523071511049E-02	1E-30	3.36699507653957E-10	0.013386102908596	5.82675704631975E-05	6.4082856801607E-11	3.34594591041664E-03	2.26350936830075E-05	8.31013562570099E-11	3.60655849411557E-03	4.76510898329101E-12	8.45808830670639E-11	14.7265955425725	1E10	1E-30	1E-10	1E10	1E-30	1E-10	1E10	1E-30	1E-10	1E10	1E-30	1E-10
782	1.70206181946941E-05	1E10	2272727.27272727	1E-30	1.60118967609735E-10	1E10	1E-30	1E10	2.11079627614132E-03	6.67311678709969E-04	1E10	7.95005533244323	7.65010572702281E-04	1E10	0.774178575972406	7.02564852675535E-04	1E10	9.99484689284272E-02	6.44908017255838E-04	1E10	1.24198261841336E-02	6.1912267886041E-04	1E10	1.96857386104605E-03	1E-30	1.61503900270338E-11	5.44233395466582E-02	1E-30	3.6563279134957E-11	2.01523071511049E-02	1E-30	3.36699507653957E-10	0.013386102908596	5.82675704631975E-05	6.4082856801607E-11	3.34594591041664E-03	2.26350936830075E-05	8.31013562570099E-11	3.60655849411557E-03	4.76510898329101E-12	8.45808830670639E-11	14.7265955425725	1E10	1E-30	1E-10	1E10	1E-30	1E-10	1E10	1E-30	1E-10	1E10	1E-30	1E-10
783	1.70206181946941E-05	1E10	2272727	1E-30	1.60118967609736E-10	1E10	1E-30	1E10	2.11079627614133E-03	6.6731167870997E-04	1E10	7.95005533244324	7.65010572702281E-04	1E10	0.774178575972406	7.02564852675535E-04	1E10	9.99484689284272E-02	6.44908017255839E-04	1E10	1.24198261841337E-02	6.19122678860411E-04	1E10	1.96857386104605E-03	1E-30	1.61503900270339E-11	5.44233395466582E-02	1E-30	3.65632791349571E-11	2.01523071511049E-02	1E-30	3.36699507653957E-10	1.33861029085961E-02	5.82675704631975E-05	6.4082856801607E-11	3.34594591041664E-03	2.26350936830075E-05	8.310135625701E-11	3.60655849411557E-03	4.76510898329101E-12	8.45808830670639E-11	14.7265955425725	1E10	1E-30	1E-10	1E10	1E-30	1E-10	1E10	1E-30	1E-10	1E10	1E-30	1E-10
784	1.70206181946941E-05	1E10	2272727.27272727	1E-30	1.60118967609735E-10	1E10	1E-30	1E10	2.11079627614132E-03	6.67311678709969E-04	1E10	7.95005533244323	7.65010572702281E-04	1E10	0.774178575972406	7.02564852675535E-04	1E10	9.99484689284272E-02	6.44908017255838E-04	1E10	1.24198261841336E-02	6.1912267886041E-04	1E10	1.96857386104605E-03	1E-30	1.61503900270338E-11	5.44233395466582E-02	1E-30	3.6563279134957E-11	2.01523071511049E-02	1E-30	3.36699507653957E-10	0.013386102908596	5.82675704631975E-05	6.4082856801607E-11	3.34594591041664E-03	2.26350936830075E-05	8.31013562570099E-11	3.60655849411557E-03	4.76510898329101E-12	8.45808830670639E-11	14.7265955425725	1E10	1E-30	1E-10	1E10	1E-30	1E-10	1E10	1E-30	1E-10	1E10	1E-30	1E-10
785	1.70206181946941E-05	1E10	2272727.27272727	1E-30	1.60118967609735E-10	1E10	1E-30	1E10	2.11079627614132E-03	6.67311678709969E-04	1E10	7.95005533244323	7.65010572702281E-04	1E10	0.774178575972406	7.02564852675535E-04	1E10	9.99484689284272E-02	6.44908017255838E-04	1E10	1.24198261841336E-02	6.1912267886041E-04	1E10	1.96857386104605E-03	1E-30	1.61503900270338E-11	5.44233395466582E-02	1E-30	3.6563279134957E-11	2.01523071511049E-02	1E-30	3.36699507653957E-10	0.013386102908596	5.82675704631975E-05	6.4082856801607E-11	3.34594591041664E-03	2.26350936830075E-05	8.31013562570099E-11	3.60655849411557E-03	4.76510898329101E-12	8.45808830670639E-11	14.7265955425725	1E10	1E-30	1E-10	1E10	1E-30	1E-10	1E10	1E-30	1E-10	1E10	1E-30	1E-10
786	1.40917781872706E-05	1E10	2272727.27272727	1E-30	1.44402884427854E-10	1E10	1E-30	1E10	2.43411509620605E-03	2.82646161712055E-04	1E10	20.1120242843527	3.84902630116227E-04	1E10	1.39008710077469	3.51860939204947E-04	1E10	0.152264303451313	2.64026861478547E-04	1E10	1.93455168640045E-02	3.46169192297528E-04	1E10	1.96425546520408E-03	1E-30	1.53260508899632E-11	8.38474496894139E-02	1E-30	4.59218726138555E-11	2.50161712470119E-02	1E-30	3.74557763559106E-10	1.39423806435594E-02	3.42719291103712E-05	7.22658032987892E-11	3.39214261636087E-03	7.49901706698171E-05	1.79155717232862E-11	2.21301783778149E-03	1.45144137396443E-11	5.81168965690937E-11	7.85420441248895	8.35274827796604E-12	3.9676379791663E-11	5.39815816019177	1E10	1E-30	1E-10	1E10	1E-30	1E-10	1E10	1E-30	1E-10
787	1.62357741307036E-05	1E10	2272727.27272727	1E-30	1.65506835176819E-10	1E10	1E-30	1E10	2.05586607780554E-03	6.31892231073811E-04	1E10	7.69103607434407	8.10986684538862E-04	1E10	0.762687124730797	1.14111053359331E-03	1E10	0.060658721462458	1.17424985601435E-03	1E10	4.24686715210941E-03	1E-30	1.54115863554905E-11	7.88105570749777E-02	1E-30	5.99887205207139E-11	3.09204218557955E-02	1E-30	3.49181573537218E-10	1.21302415704787E-02	9.33768261533235E-05	3.73058229772977E-11	1.88780378451785E-03	3.06937527329071E-05	6.20289736540143E-11	3.23611245027095E-03	1.60417676316954E-11	5.22751846020278E-11	6.07412372969599	1.03892016189697E-11	2.94470077347993E-11	9.32444866345231	1E10	1E-30	1E-10	1E10	1E-30	1E-10	1E10	1E-30	1E-10	1E10	1E-30	1E-10
788	1.58981716407922E-05	1E10	2272727.27272727	1E-30	1.85342254430553E-10	1E10	1E-30	1E10	2.18908200041977E-03	6.80880958268512E-04	1E10	7.79161864538103	7.22360238066564E-04	1E10	0.921583436909144	1.03317149822272E-03	1E10	0.066364007962226	1.11187963127375E-03	1E10	4.52823557191897E-03	1E-30	1.39017875018529E-11	7.41898810913887E-02	1E-30	5.3818799964232E-11	3.23213891689172E-02	1E-30	3.02330687544851E-10	1.34066823305075E-02	1.17927332552433E-05	1.6838064844314E-10	4.37603529136119E-03	2.04776071461342E-11	3.85758197965799E-11	4.9349603723606	9.09601170471594E-12	3.16264904180817E-11	4.12012624928456	1E10	1E-30	1E-10	1E10	1E-30	1E-10	1E10	1E-30	1E-10	1E10	1E-30	1E-10	1E10	1E-30	1E-10
789	1.62357741307036E-05	1E10	2272727.27272727	1E-30	1.65506835176819E-10	1E10	1E-30	1E10	2.05586607780554E-03	6.31892231073811E-04	1E10	7.69103607434407	8.10986684538862E-04	1E10	0.762687124730797	1.14111053359331E-03	1E10	0.060658721462458	1.17424985601435E-03	1E10	4.24686715210941E-03	1E-30	1.54115863554905E-11	7.88105570749777E-02	1E-30	5.99887205207139E-11	3.09204218557955E-02	1E-30	3.49181573537218E-10	1.21302415704787E-02	9.33768261533235E-05	3.73058229772977E-11	1.88780378451785E-03	3.06937527329071E-05	6.20289736540143E-11	3.23611245027095E-03	1.60417676316954E-11	5.22751846020278E-11	6.07412372969599	1.03892016189697E-11	2.94470077347993E-11	9.32444866345231	1E10	1E-30	1E-10	1E10	1E-30	1E-10	1E10	1E-30	1E-10	1E10	1E-30	1E-10
790	1.40917781872706E-05	1E10	2272727.27272727	1E-30	1.44402884427854E-10	1E10	1E-30	1E10	2.43411509620605E-03	2.82646161712055E-04	1E10	20.1120242843527	3.84902630116227E-04	1E10	1.39008710077469	3.51860939204947E-04	1E10	0.152264303451313	2.64026861478547E-04	1E10	1.93455168640045E-02	3.46169192297528E-04	1E10	1.96425546520408E-03	1E-30	1.53260508899632E-11	8.38474496894139E-02	1E-30	4.59218726138555E-11	2.50161712470119E-02	1E-30	3.74557763559106E-10	1.39423806435594E-02	3.42719291103712E-05	7.22658032987892E-11	3.39214261636087E-03	7.49901706698171E-05	1.79155717232862E-11	2.21301783778149E-03	1.45144137396443E-11	5.81168965690937E-11	7.85420441248895	8.35274827796604E-12	3.9676379791663E-11	5.39815816019177	1E10	1E-30	1E-10	1E10	1E-30	1E-10	1E10	1E-30	1E-10
791	1.62357741307036E-05	1E10	2272727.27272727	1E-30	1.65506835176819E-10	1E10	1E-30	1E10	2.05586607780554E-03	6.31892231073811E-04	1E10	7.69103607434407	8.10986684538862E-04	1E10	0.762687124730797	1.14111053359331E-03	1E10	0.060658721462458	1.17424985601435E-03	1E10	4.24686715210941E-03	1E-30	1.54115863554905E-11	7.88105570749777E-02	1E-30	5.99887205207139E-11	3.09204218557955E-02	1E-30	3.49181573537218E-10	1.21302415704787E-02	9.33768261533235E-05	3.73058229772977E-11	1.88780378451785E-03	3.06937527329071E-05	6.20289736540143E-11	3.23611245027095E-03	1.60417676316954E-11	5.22751846020278E-11	6.07412372969599	1.03892016189697E-11	2.94470077347993E-11	9.32444866345231	1E10	1E-30	1E-10	1E10	1E-30	1E-10	1E10	1E-30	1E-10	1E10	1E-30	1E-10
792	1.70206181946941E-05	1E10	2272727.27272727	1E-30	1.60118967609735E-10	1E10	1E-30	1E10	2.11079627614132E-03	6.67311678709969E-04	1E10	7.95005533244323	7.65010572702281E-04	1E10	0.774178575972406	7.02564852675535E-04	1E10	9.99484689284272E-02	6.44908017255838E-04	1E10	1.24198261841336E-02	6.1912267886041E-04	1E10	1.96857386104605E-03	1E-30	1.61503900270338E-11	5.44233395466582E-02	1E-30	3.6563279134957E-11	2.01523071511049E-02	1E-30	3.36699507653957E-10	0.013386102908596	5.82675704631975E-05	6.4082856801607E-11	3.34594591041664E-03	2.26350936830075E-05	8.31013562570099E-11	3.60655849411557E-03	4.76510898329101E-12	8.45808830670639E-11	14.7265955425725	1E10	1E-30	1E-10	1E10	1E-30	1E-10	1E10	1E-30	1E-10	1E10	1E-30	1E-10
793	1.39441251484636E-05	1E10	2272727.27272727	1E-30	1.30172661512533E-10	1E10	1E-30	1E10	2.81801845067039E-03	2.6542413521795E-04	1E10	20.929481329708	3.54791393040171E-04	1E10	1.45815683180724	3.16003064399533E-04	1E10	0.166198562928413	3.14911399192723E-04	1E10	1.69084301993615E-02	3.13809675347496E-04	1E10	3.36686155031175E-03	1E-30	1.23718231688738E-11	7.31389485604995E-02	1E-30	4.63082854379307E-11	2.87097327547524E-02	1E-30	3.31433877402044E-10	1.45365635202233E-02	3.74907156773699E-05	6.72545415576282E-11	2.86463964961862E-03	2.57037368731793E-05	4.9127265826734E-11	2.48387764533566E-03	1.18612944152385E-11	6.41827377143235E-11	8.46753786198698	6.0334156778978E-12	4.8468615374568E-11	23.1179942172767	1E10	1E-30	1E-10	1E10	1E-30	1E-10	1E10	1E-30	1E-10
794	1.55046119034597E-05	1E10	2272727.27272727	1E-30	1.61948978803238E-10	1E10	1E-30	1E10	2.54231969644184E-03	4.09291129912712E-04	1E10	38.2530919268912	7.02239032089245E-04	1E10	2.04979417151039	7.01332291741319E-04	1E10	0.294112332044808	7.15544882346449E-04	1E10	4.66004084733918E-02	5.99311810027029E-04	1E10	8.43396981826739E-03	7.05296905796462E-04	1E10	1.41004043654153E-03	1E-30	1.63364495331416E-11	6.30444544595414E-02	1E-30	4.64327631442676E-11	2.30132442161887E-02	1E-30	2.51547050904465E-10	1.27180616937721E-02	4.73924197877547E-05	6.06015745928746E-11	2.45941415532568E-03	1.80865898937431E-05	8.13697747684228E-11	4.19303897876235E-03	1.17190946384596E-11	6.24836933030054E-11	11.3313623125212	1.41646384435948E-11	2.3400700484041E-11	6.38728004674299	1E10	1E-30	1E-10	1E10	1E-30	1E-10
795	1.70206181946941E-05	1E10	2272727.27272727	1E-30	1.60118967609735E-10	1E10	1E-30	1E10	2.11079627614132E-03	6.67311678709969E-04	1E10	7.95005533244323	7.65010572702281E-04	1E10	0.774178575972406	7.02564852675535E-04	1E10	9.99484689284272E-02	6.44908017255838E-04	1E10	1.24198261841336E-02	6.1912267886041E-04	1E10	1.96857386104605E-03	1E-30	1.61503900270338E-11	5.44233395466582E-02	1E-30	3.6563279134957E-11	2.01523071511049E-02	1E-30	3.36699507653957E-10	0.013386102908596	5.82675704631975E-05	6.4082856801607E-11	3.34594591041664E-03	2.26350936830075E-05	8.31013562570099E-11	3.60655849411557E-03	4.76510898329101E-12	8.45808830670639E-11	14.7265955425725	1E10	1E-30	1E-10	1E10	1E-30	1E-10	1E10	1E-30	1E-10	1E10	1E-30	1E-10
796	1.70206181946941E-05	1E10	2272727.27272727	1E-30	1.60118967609735E-10	1E10	1E-30	1E10	2.11079627614132E-03	6.67311678709969E-04	1E10	7.95005533244323	7.65010572702281E-04	1E10	0.774178575972406	7.02564852675535E-04	1E10	9.99484689284272E-02	6.44908017255838E-04	1E10	1.24198261841336E-02	6.1912267886041E-04	1E10	1.96857386104605E-03	1E-30	1.61503900270338E-11	5.44233395466582E-02	1E-30	3.6563279134957E-11	2.01523071511049E-02	1E-30	3.36699507653957E-10	0.013386102908596	5.82675704631975E-05	6.4082856801607E-11	3.34594591041664E-03	2.26350936830075E-05	8.31013562570099E-11	3.60655849411557E-03	4.76510898329101E-12	8.45808830670639E-11	14.7265955425725	1E10	1E-30	1E-10	1E10	1E-30	1E-10	1E10	1E-30	1E-10	1E10	1E-30	1E-10
797	1.70206181946941E-05	1E10	2272727	1E-30	1.60118967609735E-10	1E10	1E-30	1E10	2.11079627614132E-03	6.67311678709969E-04	1E10	7.95005533244323	7.65010572702281E-04	1E10	0.774178575972406	7.02564852675535E-04	1E10	9.99484689284272E-02	6.44908017255838E-04	1E10	1.24198261841336E-02	6.1912267886041E-04	1E10	1.96857386104605E-03	1E-30	1.61503900270338E-11	5.44233395466582E-02	1E-30	3.6563279134957E-11	2.01523071511049E-02	1E-30	3.36699507653957E-10	0.013386102908596	5.82675704631975E-05	6.4082856801607E-11	3.34594591041664E-03	2.26350936830075E-05	8.31013562570099E-11	3.60655849411557E-03	4.76510898329101E-12	8.45808830670639E-11	14.7265955425725	1E10	1E-30	1E-10	1E10	1E-30	1E-10	1E10	1E-30	1E-10	1E10	1E-30	1E-10
798	1.70206181946941E-05	1E10	2272727	1E-30	1.60118967609735E-10	1E10	1E-30	1E10	2.11079627614132E-03	6.67311678709969E-04	1E10	7.95005533244323	7.65010572702281E-04	1E10	0.774178575972406	7.02564852675535E-04	1E10	9.99484689284272E-02	6.44908017255838E-04	1E10	1.24198261841336E-02	6.1912267886041E-04	1E10	1.96857386104605E-03	1E-30	1.61503900270338E-11	5.44233395466582E-02	1E-30	3.6563279134957E-11	2.01523071511049E-02	1E-30	3.36699507653957E-10	0.013386102908596	5.82675704631975E-05	6.4082856801607E-11	3.34594591041664E-03	2.26350936830075E-05	8.31013562570099E-11	3.60655849411557E-03	4.76510898329101E-12	8.45808830670639E-11	14.7265955425725	1E10	1E-30	1E-10	1E10	1E-30	1E-10	1E10	1E-30	1E-10	1E10	1E-30	1E-10
799	3.5207546987266E-05	1E10	1063830	1E-30	2.05197517822781E-10	1E10	1E-30	1E10	1.66710926775956E-03	2.28094767927185E-03	1E10	2.16883617353661	2.84312244494076E-03	1E10	0.259657104508825	2.14613762081966E-03	1E10	4.94476845346695E-02	3.0250915694542E-03	1E10	4.56749197044496E-03	3.25338502760458E-03	1E10	7.62117283414676E-04	1E-30	2.44700366411121E-11	0.046668675143715	1E-30	6.09966815765277E-11	1.46679674004115E-02	1E-30	4.01739178425468E-10	8.75980788172775E-03	1.60968951664069E-04	6.19395022946902E-11	1.44641715295626E-03	5.85329205594553E-05	8.48921730787817E-11	1.97234462302694E-03	3.06884042754327E-11	4.27381551156813E-11	3.61193591915873	1.16039475866862E-11	2.86719883939112E-11	5.32151971615933	1E10	1E-30	1E-10	1E10	1E-30	1E-10	1E10	1E-30	1E-10
800	3.5207546987266E-05	1E10	1063830	1E-30	2.05197517822781E-10	1E10	1E-30	1E10	1.66710926775956E-03	2.28094767927185E-03	1E10	2.16883617353661	2.84312244494076E-03	1E10	0.259657104508825	2.14613762081966E-03	1E10	4.94476845346695E-02	3.0250915694542E-03	1E10	4.56749197044496E-03	3.25338502760458E-03	1E10	7.62117283414676E-04	1E-30	2.44700366411121E-11	0.046668675143715	1E-30	6.09966815765277E-11	1.46679674004115E-02	1E-30	4.01739178425468E-10	8.75980788172775E-03	1.60968951664069E-04	6.19395022946902E-11	1.44641715295626E-03	5.85329205594553E-05	8.48921730787817E-11	1.97234462302694E-03	3.06884042754327E-11	4.27381551156813E-11	3.61193591915873	1.16039475866862E-11	2.86719883939112E-11	5.32151971615933	1E10	1E-30	1E-10	1E10	1E-30	1E-10	1E10	1E-30	1E-10
801	3.86603680666357E-05	1E10	1063830	1E-30	1.37965953077823E-10	1E10	1E-30	1E10	1.60719149303759E-03	2.31157501412799E-03	1E10	1.83775336776488	2.93106549014444E-03	1E10	0.19021343551027	2.01464142426856E-03	1E10	3.62808596609731E-02	1.97475002926045E-03	1E10	2.71491426574211E-03	1E-30	2.20744647374461E-11	0.04458467929358	1E-30	6.25335121741701E-11	1.84840737481637E-02	1E-30	3.7620586173012E-10	9.31254738409467E-03	1.14441288645563E-04	9.12924678166875E-11	1.58499553061522E-03	6.7713704910993E-05	8.11840534488202E-11	1.80929457276932E-03	3.69119888575854E-11	4.59797639997727E-11	2.07175972431226	2.45044220473133E-12	8.29628109678337E-11	19.4817098747835	1E10	1E-30	1E-10	1E10	1E-30	1E-10	1E10	1E-30	1E-10	1E10	1E-30	1E-10
802	3.5207546987266E-05	1E10	1063830	1E-30	2.05197517822781E-10	1E10	1E-30	1E10	1.66710926775956E-03	2.28094767927185E-03	1E10	2.16883617353661	2.84312244494076E-03	1E10	0.259657104508825	2.14613762081966E-03	1E10	4.94476845346695E-02	3.0250915694542E-03	1E10	4.56749197044496E-03	3.25338502760458E-03	1E10	7.62117283414676E-04	1E-30	2.44700366411121E-11	0.046668675143715	1E-30	6.09966815765277E-11	1.46679674004115E-02	1E-30	4.01739178425468E-10	8.75980788172775E-03	1.60968951664069E-04	6.19395022946902E-11	1.44641715295626E-03	5.85329205594553E-05	8.48921730787817E-11	1.97234462302694E-03	3.06884042754327E-11	4.27381551156813E-11	3.61193591915873	1.16039475866862E-11	2.86719883939112E-11	5.32151971615933	1E10	1E-30	1E-10	1E10	1E-30	1E-10	1E10	1E-30	1E-10
803	3.5207546987266E-05	1E10	1063830	1E-30	2.05197517822781E-10	1E10	1E-30	1E10	1.66710926775956E-03	2.28094767927185E-03	1E10	2.16883617353661	2.84312244494076E-03	1E10	0.259657104508825	2.14613762081966E-03	1E10	4.94476845346695E-02	3.0250915694542E-03	1E10	4.56749197044496E-03	3.25338502760458E-03	1E10	7.62117283414676E-04	1E-30	2.44700366411121E-11	0.046668675143715	1E-30	6.09966815765277E-11	1.46679674004115E-02	1E-30	4.01739178425468E-10	8.75980788172775E-03	1.60968951664069E-04	6.19395022946902E-11	1.44641715295626E-03	5.85329205594553E-05	8.48921730787817E-11	1.97234462302694E-03	3.06884042754327E-11	4.27381551156813E-11	3.61193591915873	1.16039475866862E-11	2.86719883939112E-11	5.32151971615933	1E10	1E-30	1E-10	1E10	1E-30	1E-10	1E10	1E-30	1E-10
804	3.49317330304753E-05	1E10	1063829.78723404	1E-30	1.80234979460528E-10	1E10	1E-30	1E10	1.84756274754177E-03	1.64957880170271E-03	1E10	3.21607234783436	1.87411782673855E-03	1E10	0.343082749606197	2.31918761686291E-03	1E10	3.15312346496337E-02	2.97980235941771E-03	1E10	1.97592875955731E-03	1E-30	2.07568987615391E-11	7.19051578146506E-02	1E-30	7.27933863399605E-11	2.55079979406734E-02	1E-30	3.60212937179108E-10	9.91988779961045E-03	2.63961178840003E-05	1.92648512303842E-10	2.97081010375228E-03	2.1501960177041E-11	4.17094386272773E-11	3.78985346854829	1.38454592756513E-11	2.43196000921989E-11	3.25991316617571	1E10	1E-30	1E-10	1E10	1E-30	1E-10	1E10	1E-30	1E-10	1E10	1E-30	1E-10	1E10	1E-30	1E-10
805	3.49317330304753E-05	1E10	1063829.78723404	1E-30	1.80234979460528E-10	1E10	1E-30	1E10	1.84756274754177E-03	1.64957880170271E-03	1E10	3.21607234783436	1.87411782673855E-03	1E10	0.343082749606197	2.31918761686291E-03	1E10	3.15312346496337E-02	2.97980235941771E-03	1E10	1.97592875955731E-03	1E-30	2.07568987615391E-11	7.19051578146506E-02	1E-30	7.27933863399605E-11	2.55079979406734E-02	1E-30	3.60212937179108E-10	9.91988779961045E-03	2.63961178840003E-05	1.92648512303842E-10	2.97081010375228E-03	2.1501960177041E-11	4.17094386272773E-11	3.78985346854829	1.38454592756513E-11	2.43196000921989E-11	3.25991316617571	1E10	1E-30	1E-10	1E10	1E-30	1E-10	1E10	1E-30	1E-10	1E10	1E-30	1E-10	1E10	1E-30	1E-10
806	3.86603680666357E-05	1E10	1063829.78723404	1E-30	1.37965953077823E-10	1E10	1E-30	1E10	1.60719149303759E-03	2.31157501412799E-03	1E10	1.83775336776488	2.93106549014444E-03	1E10	0.19021343551027	2.01464142426856E-03	1E10	3.62808596609731E-02	1.97475002926045E-03	1E10	2.71491426574211E-03	1E-30	2.20744647374461E-11	0.04458467929358	1E-30	6.25335121741701E-11	1.84840737481637E-02	1E-30	3.7620586173012E-10	9.31254738409467E-03	1.14441288645563E-04	9.12924678166875E-11	1.58499553061522E-03	6.7713704910993E-05	8.11840534488202E-11	1.80929457276932E-03	3.69119888575854E-11	4.59797639997727E-11	2.07175972431226	2.45044220473133E-12	8.29628109678337E-11	19.4817098747835	1E10	1E-30	1E-10	1E10	1E-30	1E-10	1E10	1E-30	1E-10	1E10	1E-30	1E-10
807	3.35937030568589E-05	1E10	1063830	1E-30	2.0210598774595E-10	1E10	1E-30	1E10	1.97142190730927E-03	1.44871223874087E-03	1E10	2.59248795844904	2.06831334600219E-03	1E10	0.20652132802958	2.53328204070404E-03	1E10	2.15168662822761E-02	3.34304931414519E-03	1E10	1.336029227628E-3	1E-30	1.72576620559415E-11	8.95878214278255E-02	1E-30	2.2964450878779E-11	2.32099428457315E-02	1E-30	6.44783873665315E-11	1.56285785295386E-02	1E-30	3.56740135885662E-10	9.05431915434423E-03	1.25172232128475E-04	8.49217272061895E-11	1.23881581533427E-03	5.15927337511529E-05	8.73322004185246E-11	1.49016263331804E-03	1.54191904396458E-11	5.8303709354604E-11	5.64999294756564	1E10	1E-30	1E-10	1E10	1E-30	1E-10	1E10	1E-30	1E-10	1E10	1E-30	1E-10
808	3.86603680666357E-05	1E10	1063829.78723404	1E-30	1.37965953077823E-10	1E10	1E-30	1E10	1.60719149303759E-03	2.31157501412799E-03	1E10	1.83775336776488	2.93106549014444E-03	1E10	0.19021343551027	2.01464142426856E-03	1E10	3.62808596609731E-02	1.97475002926045E-03	1E10	2.71491426574211E-03	1E-30	2.20744647374461E-11	0.04458467929358	1E-30	6.25335121741701E-11	1.84840737481637E-02	1E-30	3.7620586173012E-10	9.31254738409467E-03	1.14441288645563E-04	9.12924678166875E-11	1.58499553061522E-03	6.7713704910993E-05	8.11840534488202E-11	1.80929457276932E-03	3.69119888575854E-11	4.59797639997727E-11	2.07175972431226	2.45044220473133E-12	8.29628109678337E-11	19.4817098747835	1E10	1E-30	1E-10	1E10	1E-30	1E-10	1E10	1E-30	1E-10	1E10	1E-30	1E-10
809	3.79906796811341E-05	1E10	1063830	1E-30	1.66861695710656E-10	1E10	1E-30	1E10	2.36586041511463E-03	2.17674930566284E-03	1E10	2.12892735122539	2.69621712744915E-03	1E10	0.225181978227708	2.83834807663704E-03	1E10	3.02699153538399E-02	3.54508097292152E-03	1E10	2.24936068826008E-03	1E-30	2.31321842644433E-11	8.11864699780956E-02	1E-30	6.3356504055539E-11	2.17545202405956E-02	1E-30	3.46496407763298E-10	9.82050055643625E-03	9.08319540812413E-05	9.79765642176277E-11	2.32004299425255E-03	4.31786862186234E-05	9.04442700926297E-11	2.6473673384684E-03	1.13454956813373E-11	4.12608297625199E-11	7.82668191654164	9.83433486507649E-12	3.47504914079274E-11	11.0965439059934	1E10	1E-30	1E-10	1E10	1E-30	1E-10	1E10	1E-30	1E-10	1E10	1E-30	1E-10
810	3.79906796811341E-05	1E10	1063829.78723404	1E-30	1.66861695710656E-10	1E10	1E-30	1E10	2.36586041511463E-03	2.17674930566284E-03	1E10	2.12892735122539	2.69621712744915E-03	1E10	0.225181978227708	2.83834807663704E-03	1E10	3.02699153538399E-02	3.54508097292152E-03	1E10	2.24936068826008E-03	1E-30	2.31321842644433E-11	8.11864699780956E-02	1E-30	6.3356504055539E-11	2.17545202405956E-02	1E-30	3.46496407763298E-10	9.82050055643625E-03	9.08319540812413E-05	9.79765642176277E-11	2.32004299425255E-03	4.31786862186234E-05	9.04442700926297E-11	2.6473673384684E-03	1.13454956813373E-11	4.12608297625199E-11	7.82668191654164	9.83433486507649E-12	3.47504914079274E-11	11.0965439059934	1E10	1E-30	1E-10	1E10	1E-30	1E-10	1E10	1E-30	1E-10	1E10	1E-30	1E-10
811	7.31225404417252E-05	1E10	5E5	1E-30	1.95436743705213E-10	1E10	1E-30	1E10	1.32833606750177E-03	4.15762237676952E-03	1E10	0.832706379736413	5.05714276051761E-03	1E10	6.42605736311688E-02	4.90782059596732E-03	1E10	1.08853589928501E-02	8.49769311308471E-03	1E10	5.04180138109177E-04	1E-30	1.53088439733238E-11	6.07686306323508E-02	1E-30	2.66736342338644E-11	2.12224016986926E-02	1E-30	7.819595523396E-11	1.22596175977085E-02	1E-30	4.16865302251271E-10	6.65364982874742E-03	1.7277821595822E-04	1.27501496093935E-10	1.07652970170545E-03	1.52952968848856E-04	8.20355491130307E-11	8.47029796673278E-04	3.15862743558004E-11	4.11747658976355E-11	2.23707400556197	1E10	1E-30	1E-10	1E10	1E-30	1E-10	1E10	1E-30	1E-10	1E10	1E-30	1E-10
812	7.31225404417252E-05	1E10	5E5	1E-30	1.95436743705213E-10	1E10	1E-30	1E10	1.32833606750177E-03	4.15762237676952E-03	1E10	0.832706379736413	5.05714276051761E-03	1E10	6.42605736311688E-02	4.90782059596732E-03	1E10	1.08853589928501E-02	8.49769311308471E-03	1E10	5.04180138109177E-04	1E-30	1.53088439733238E-11	6.07686306323508E-02	1E-30	2.66736342338644E-11	2.12224016986926E-02	1E-30	7.819595523396E-11	1.22596175977085E-02	1E-30	4.16865302251271E-10	6.65364982874742E-03	1.7277821595822E-04	1.27501496093935E-10	1.07652970170545E-03	1.52952968848856E-04	8.20355491130307E-11	8.47029796673278E-04	3.15862743558004E-11	4.11747658976355E-11	2.23707400556197	1E10	1E-30	1E-10	1E10	1E-30	1E-10	1E10	1E-30	1E-10	1E10	1E-30	1E-10
813	6.93239217215323E-05	1E10	5E5	1E-30	1.88457904478006E-10	1E10	1E-30	1E10	1.48061857198648E-03	4.33345020018765E-03	1E10	0.619475570250785	6.33365250256183E-03	1E10	6.62409442628146E-02	5.12913556854297E-03	1E10	1.94541555874298E-02	7.44310769783528E-03	1E10	4.08212881175018E-03	3.10310824792717E-03	1E10	6.65329977233978E-04	1E-30	1.35735628210094E-11	3.47616338968859E-02	1E-30	2.41589154100666E-11	1.95904715936341E-02	1E-30	7.4416252851186E-11	1.13839662770515E-02	1E-30	3.56016609450745E-10	3.72654310201198E-03	1E-30	1.78713215220685E-10	2.62483139790863E-03	1.13082406842771E-03	2.13034455328663E-11	5.6670711460174E-04	1.27534307570031E-04	1.04870362452235E-10	1.43471088259214E-03	2.53582584633637E-11	4.40669348559068E-11	2.22928368985436	1E10	1E-30	1E-10	1E10	1E-30	1E-10
814	7.31225404417252E-05	1E10	5E5	1E-30	1.95436743705213E-10	1E10	1E-30	1E10	1.32833606750177E-03	4.15762237676952E-03	1E10	0.832706379736413	5.05714276051761E-03	1E10	6.42605736311688E-02	4.90782059596732E-03	1E10	1.08853589928501E-02	8.49769311308471E-03	1E10	5.04180138109177E-04	1E-30	1.53088439733238E-11	6.07686306323508E-02	1E-30	2.66736342338644E-11	2.12224016986926E-02	1E-30	7.819595523396E-11	1.22596175977085E-02	1E-30	4.16865302251271E-10	6.65364982874742E-03	1.7277821595822E-04	1.27501496093935E-10	1.07652970170545E-03	1.52952968848856E-04	8.20355491130307E-11	8.47029796673278E-04	3.15862743558004E-11	4.11747658976355E-11	2.23707400556197	1E10	1E-30	1E-10	1E10	1E-30	1E-10	1E10	1E-30	1E-10	1E10	1E-30	1E-10
815	7.31225404417252E-05	1E10	5E5	1E-30	1.95436743705213E-10	1E10	1E-30	1E10	1.32833606750177E-03	4.15762237676952E-03	1E10	0.832706379736413	5.05714276051761E-03	1E10	6.42605736311688E-02	4.90782059596732E-03	1E10	1.08853589928501E-02	8.49769311308471E-03	1E10	5.04180138109177E-04	1E-30	1.53088439733238E-11	6.07686306323508E-02	1E-30	2.66736342338644E-11	2.12224016986926E-02	1E-30	7.819595523396E-11	1.22596175977085E-02	1E-30	4.16865302251271E-10	6.65364982874742E-03	1.7277821595822E-04	1.27501496093935E-10	1.07652970170545E-03	1.52952968848856E-04	8.20355491130307E-11	8.47029796673278E-04	3.15862743558004E-11	4.11747658976355E-11	2.23707400556197	1E10	1E-30	1E-10	1E10	1E-30	1E-10	1E10	1E-30	1E-10	1E10	1E-30	1E-10
816	7.31225404417252E-05	1E10	5E5	1E-30	1.95436743705213E-10	1E10	1E-30	1E10	1.32833606750177E-03	4.15762237676952E-03	1E10	0.832706379736413	5.05714276051761E-03	1E10	6.42605736311688E-02	4.90782059596732E-03	1E10	1.08853589928501E-02	8.49769311308471E-03	1E10	5.04180138109177E-04	1E-30	1.53088439733238E-11	6.07686306323508E-02	1E-30	2.66736342338644E-11	2.12224016986926E-02	1E-30	7.819595523396E-11	1.22596175977085E-02	1E-30	4.16865302251271E-10	6.65364982874742E-03	1.7277821595822E-04	1.27501496093935E-10	1.07652970170545E-03	1.52952968848856E-04	8.20355491130307E-11	8.47029796673278E-04	3.15862743558004E-11	4.11747658976355E-11	2.23707400556197	1E10	1E-30	1E-10	1E10	1E-30	1E-10	1E10	1E-30	1E-10	1E10	1E-30	1E-10
END DSCRDATA
