BEGIN DSCRDATA
% INDEX	K01	L01	M01	K02	L02	M02	K03	L03	M03	K04	L04	M04	K05	L05	M05	K06	L06	M06	K07	L07	M07	K08	L08	M08	K09	L09	M09	K10	L10	M10	K11	L11	M11	K12	L12	M12	K13	L13	M13	K14	L14	M14	K15	L15	M15	K16	L16	M16	K17	L17	M17	K18	L18	M18
0	0	0	0	0	0	0	0	0	0	0	0	0	0	0	0	0	0	0	0	0	0	0	0	0	0	0	0	0	0	0	0	0	0	0	0	0	0	0	0	0	0	0	0	0	0	0	0	0	0	0	0	0	0	0
1	8.19999999999999E-11	1E10	1E10	1E-30	1.48818099114429E-11	1E10	1E-30	1E10	8.99999999999999E-02	1.15393943144951E-10	3.10711151642017E-11	2.56692641263924	1.53530117078182E-11	6.46268488929106E-11	14.4719985562276	1.38303566962884E-11	5.77753087730844E-11	13.4378744957538	1.3583965068445E-12	4.25367441478983E-10	362.93058705725	1E10	1E-30	1E-10	1E10	1E-30	1E-10	1E10	1E-30	1E-10	1E10	1E-30	1E-10	1E10	1E-30	1E-10	1E10	1E-30	1E-10	1E10	1E-30	1E-10	1E10	1E-30	1E-10	1E10	1E-30	1E-10	1E10	1E-30	1E-10	1E10	1E-30	1E-10
2	1E-10	1E10	1E10	1E-30	3.11797484970341E-12	1E10	1E-30	1E10	7.26509102920737E-02	1.52154651124471E-10	3.32792694963948E-11	2.75128068365183	1.89786239395702E-11	7.38336414494143E-11	10.8032745019195	1.53703516280601E-12	4.40257912368798E-10	216.339752566974	1E10	1E-30	1E-10	1E10	1E-30	1E-10	1E10	1E-30	1E-10	1E10	1E-30	1E-10	1E10	1E-30	1E-10	1E10	1E-30	1E-10	1E10	1E-30	1E-10	1E10	1E-30	1E-10	1E10	1E-30	1E-10	1E10	1E-30	1E-10	1E10	1E-30	1E-10	1E10	1E-30	1E-10
3	1.2E-10	1E10	1E10	1E-30	3.53548150898713E-12	1E10	1E-30	1E10	8.03853271127398E-02	1.8719111561229E-10	4.00104821255637E-11	2.45208149037395	4.34775156772056E-11	4.87814031481701E-11	4.20296149501232	1.22091042758084E-12	4.6100662854666E-10	197.304199324656	1E10	1E-30	1E-10	1E10	1E-30	1E-10	1E10	1E-30	1E-10	1E10	1E-30	1E-10	1E10	1E-30	1E-10	1E10	1E-30	1E-10	1E10	1E-30	1E-10	1E10	1E-30	1E-10	1E10	1E-30	1E-10	1E10	1E-30	1E-10	1E10	1E-30	1E-10	1E10	1E-30	1E-10
4	1.5E-10	1E10	1E10	1E-30	4.06600069017337E-12	1E10	1E-30	1E10	0.067512749378117	1.96013161099125E-10	5.52298399453031E-11	2.81536624337832	8.87696934981151E-11	3.78664235388688E-11	3.57730040150491	1.40179272895025E-12	4.40257912368798E-10	142.934257064584	1E10	1E-30	1E-10	1E10	1E-30	1E-10	1E10	1E-30	1E-10	1E10	1E-30	1E-10	1E10	1E-30	1E-10	1E10	1E-30	1E-10	1E10	1E-30	1E-10	1E10	1E-30	1E-10	1E10	1E-30	1E-10	1E10	1E-30	1E-10	1E10	1E-30	1E-10	1E10	1E-30	1E-10
5	1.8E-10	1E10	1E10	1E-30	2.8322593042037E-11	1E10	1E-30	1E10	0.058876259958852	2.65140176183616E-10	5.74294592580729E-11	2.62026123082843	1.14172592668096E-10	4.05440519462071E-11	2.9124485924117	2.05911607714348E-10	9.78989846859239E-12	1.50709039552074	1.51201599904942E-12	4.57104853228028E-10	182.48776380782	1E10	1E-30	1E-10	1E10	1E-30	1E-10	1E10	1E-30	1E-10	1E10	1E-30	1E-10	1E10	1E-30	1E-10	1E10	1E-30	1E-10	1E10	1E-30	1E-10	1E10	1E-30	1E-10	1E10	1E-30	1E-10	1E10	1E-30	1E-10	1E10	1E-30	1E-10
6	2.19999999999999E-10	1E10	1E10	1E-30	1.72551699150369E-13	1E10	1E-30	1E10	0.055	3.4899606070305E-10	6.03628228069266E-11	2.88064369761333	1.34271918592871E-10	5.10009583166382E-11	3.00419079542436	2.61447577934478E-10	1.12553762499189E-11	0.922989591613702	6.85502480401136E-11	2.39600443453154E-11	2.46375255363431	1.4831104705883E-12	4.62668611258842E-10	188.77758178663	1E10	1E-30	1E-10	1E10	1E-30	1E-10	1E10	1E-30	1E-10	1E10	1E-30	1E-10	1E10	1E-30	1E-10	1E10	1E-30	1E-10	1E10	1E-30	1E-10	1E10	1E-30	1E-10	1E10	1E-30	1E-10	1E10	1E-30	1E-10
7	1.18951233550276E-09	1E10	1E10	1E-30	1.47257320175646E-11	1E10	1E-30	1E10	1.52703014597236E-02	1E-30	4.92518204880449E-11	2.13555755397878E-02	2.49455274730286E-09	2.43423980419558E-11	0.439496869928125	5.99224376011265E-10	2.88466494311852E-11	0.651944952561382	1.29167205087058E-12	5.36465613940007E-10	181.411916567363	1E10	1E-30	1E-10	1E10	1E-30	1E-10	1E10	1E-30	1E-10	1E10	1E-30	1E-10	1E10	1E-30	1E-10	1E10	1E-30	1E-10	1E10	1E-30	1E-10	1E10	1E-30	1E-10	1E10	1E-30	1E-10	1E10	1E-30	1E-10	1E10	1E-30	1E-10
8	1.22263508484336E-09	1E10	1E10	1E-30	1.04386337343177E-11	1E10	1E-30	1E10	4.5326038999115E-03	1E-30	1.34726315319228E-10	1.28282351408241	1E-30	5.54003593934782E-11	1.63897066877419E-02	2.34533222050817E-09	6.84378921243142E-11	2.22537594261581	1.33853343991407E-09	4.49276233721167E-11	1.58278660705095	3.62717564618656E-09	7.28396190139551E-12	0.399397422338845	2.53108277053695E-09	6.42899326918664E-12	0.388335860337633	1.36196983390529E-12	3.22673152149755E-10	215.703705606752	1E10	1E-30	1E-10	1E10	1E-30	1E-10	1E10	1E-30	1E-10	1E10	1E-30	1E-10	1E10	1E-30	1E-10	1E10	1E-30	1E-10	1E10	1E-30	1E-10	1E10	1E-30	1E-10
9	1.44713229537092E-09	1E10	1E10	1E-30	1.19531936524164E-11	1E10	1E-30	1E10	1.38540081699161E-02	1E-30	7.49348561263048E-11	1.19984092940671	1E-30	3.81502918142942E-11	1.73215541826377E-02	3.46314185548425E-09	2.57719733060941E-11	0.499347333375073	1.3855794785295E-09	1.8939759242627E-11	0.514339346654375	1.46863346801425E-12	4.61558018799273E-10	586.417404676227	1E10	1E-30	1E-10	1E10	1E-30	1E-10	1E10	1E-30	1E-10	1E10	1E-30	1E-10	1E10	1E-30	1E-10	1E10	1E-30	1E-10	1E10	1E-30	1E-10	1E10	1E-30	1E-10	1E10	1E-30	1E-10	1E10	1E-30	1E-10
10	1.49647814622432E-09	1E10	1E10	1E-30	1.89341536238756E-11	1E10	1E-30	1E10	4.57922459871559E-03	1E-30	1.48103401825497E-10	0.921277781225359	1E-30	6.03322460963645E-11	1.48488341995086E-02	2.44936678457889E-09	9.33096751997199E-11	2.26339897568611	1.95363521326118E-09	4.32106941170448E-11	1.59883119450839	5.25073066922354E-09	7.57963904106561E-12	0.404199186960071	2.49838053022544E-09	9.36117439036649E-12	0.394453380871839	1.40279570772393E-12	3.39207747649391E-10	301.111778367869	1E10	1E-30	1E-10	1E10	1E-30	1E-10	1E10	1E-30	1E-10	1E10	1E-30	1E-10	1E10	1E-30	1E-10	1E10	1E-30	1E-10	1E10	1E-30	1E-10	1E10	1E-30	1E-10
11	1.79982377580543E-09	1E10	1E10	1E-30	6.49688325738772E-12	1E10	1E-30	1E10	1.25175824440248E-02	1E-30	8.27212897293032E-11	0.895482476920338	1E-30	4.33890691443196E-11	1.97001405854502E-02	4.55212699757256E-09	2.87373547490037E-11	0.53543103799143	1.6738400356736E-09	2.37296834726446E-11	0.526311373622421	1.54898307178239E-12	4.17919898591991E-10	250.630216838961	1E10	1E-30	1E-10	1E10	1E-30	1E-10	1E10	1E-30	1E-10	1E10	1E-30	1E-10	1E10	1E-30	1E-10	1E10	1E-30	1E-10	1E10	1E-30	1E-10	1E10	1E-30	1E-10	1E10	1E-30	1E-10	1E10	1E-30	1E-10
12	1.78332696330601E-09	1E10	1E10	1E-30	3.06175035720031E-11	1E10	1E-30	1E10	4.71713103645617E-03	1E-30	1.31764304810294E-10	0.925140466226439	1E-30	5.89079513340911E-11	1.42409043704443E-02	3.29273785839904E-09	9.08149198865714E-11	2.08579295722383	2.54735156885764E-09	4.4979365923547E-11	1.47767779095763	4.38789832059895E-09	1.22788860359914E-11	0.400219235337007	3.03749874563531E-09	1.04408676763614E-11	0.393834434263822	1.61403034319539E-12	4.36753908807407E-10	346.359318795565	1E10	1E-30	1E-10	1E10	1E-30	1E-10	1E10	1E-30	1E-10	1E10	1E-30	1E-10	1E10	1E-30	1E-10	1E10	1E-30	1E-10	1E10	1E-30	1E-10	1E10	1E-30	1E-10
13	2.18187235293238E-09	1E10	1E10	1E-30	1.20929702271363E-11	1E10	1E-30	1E10	9.5382473317522E-03	1E-30	9.10590400640278E-11	0.580447389791614	1E-30	4.57048964576718E-11	1.16694858520618E-02	4.67340239338542E-09	3.99010916320283E-11	0.616685384341121	2.02248216730137E-09	2.9048331728934E-11	0.601101135314233	1.21000548454389E-12	4.24964236220263E-10	219.508490354962	1E10	1E-30	1E-10	1E10	1E-30	1E-10	1E10	1E-30	1E-10	1E10	1E-30	1E-10	1E10	1E-30	1E-10	1E10	1E-30	1E-10	1E10	1E-30	1E-10	1E10	1E-30	1E-10	1E10	1E-30	1E-10	1E10	1E-30	1E-10
14	2.13673385269779E-09	1E10	1E10	1E-30	5.11852902789978E-11	1E10	1E-30	1E10	4.64196681186982E-03	1E-30	1.82184993377451E-10	0.884957682534686	1E-30	4.6981994489671E-11	1.13578231038048E-02	4.12270345413344E-09	9.56163726437223E-11	2.50706764873781	3.14885445293049E-09	4.79677811159052E-11	1.68855824834193	7.29387520351388E-09	9.96453863687765E-12	0.577414711674952	5.67316391402729E-09	8.08029780340435E-12	0.477258666397823	1.81508966497978E-12	3.4613890189538E-10	299.01008462437	1E10	1E-30	1E-10	1E10	1E-30	1E-10	1E10	1E-30	1E-10	1E10	1E-30	1E-10	1E10	1E-30	1E-10	1E10	1E-30	1E-10	1E10	1E-30	1E-10	1E10	1E-30	1E-10
15	4.7E-9	1E10	1E10	1E-30	6.46704570313215E-10	1E10	1E-30	1E10	1.48424710291683E-03	6.22399927434565E-06	1E10	670.344364084965	1.76466706036811E-05	1E10	35.4733244597312	2.68249815943772E-05	1E10	7.24110738427831	2.94995422428392E-05	1E10	1.01069629943518	2.81939757005343E-05	1E10	0.101411763190674	1.79872195747516E-05	1E10	5.57259306328401E-03	1E-30	9.55850212654273E-11	1.46295654297381E-02	1.23396759166466E-08	5.5447905866126E-11	0.765952865319556	5.36087325431028E-09	4.66272361483735E-11	0.904596682809433	3.00153388202877E-09	2.46403457303505E-11	0.205621412829196	2.06880410434775E-11	8.00580563669716E-11	0.614024889102086	1E10	1E-30	1E-10	1E10	1E-30	1E-10	1E10	1E-30	1E-10	1E10	1E-30	1E-10
16	4.7E-9	1E10	1E10	1E-30	6.46704570313215E-10	1E10	1E-30	1E10	1.48424710291683E-03	6.22399927434565E-06	1E10	670.344364084965	1.76466706036811E-05	1E10	35.4733244597312	2.68249815943772E-05	1E10	7.24110738427831	2.94995422428392E-05	1E10	1.01069629943518	2.81939757005343E-05	1E10	0.101411763190674	1.79872195747516E-05	1E10	5.57259306328401E-03	1E-30	9.55850212654273E-11	1.46295654297381E-02	1.23396759166466E-08	5.5447905866126E-11	0.765952865319556	5.36087325431028E-09	4.66272361483735E-11	0.904596682809433	3.00153388202877E-09	2.46403457303505E-11	0.205621412829196	2.06880410434775E-11	8.00580563669716E-11	0.614024889102086	1E10	1E-30	1E-10	1E10	1E-30	1E-10	1E10	1E-30	1E-10	1E10	1E-30	1E-10
17	4.7E-9	1E10	1E10	1E-30	6.46704570313215E-10	1E10	1E-30	1E10	1.48424710291683E-03	6.22399927434565E-06	1E10	670.344364084965	1.76466706036811E-05	1E10	35.4733244597312	2.68249815943772E-05	1E10	7.24110738427831	2.94995422428392E-05	1E10	1.01069629943518	2.81939757005343E-05	1E10	0.101411763190674	1.79872195747516E-05	1E10	5.57259306328401E-03	1E-30	9.55850212654273E-11	1.46295654297381E-02	1.23396759166466E-08	5.5447905866126E-11	0.765952865319556	5.36087325431028E-09	4.66272361483735E-11	0.904596682809433	3.00153388202877E-09	2.46403457303505E-11	0.205621412829196	2.06880410434775E-11	8.00580563669716E-11	0.614024889102086	1E10	1E-30	1E-10	1E10	1E-30	1E-10	1E10	1E-30	1E-10	1E10	1E-30	1E-10
18	5.6E-9	1E10	1E10	1E-30	5.68409998215699E-10	1E10	1E-30	1E10	3.14401832965472E-03	9.36375905052543E-06	1E10	445.571357946507	1.80952382085313E-05	1E10	40.9623906903252	3.71178456915527E-05	1E10	6.04214521011677	3.44663183390218E-05	1E10	1.07541420440129	3.74500140547064E-05	1E10	9.61654371151026E-02	6.30913816170193E-05	1E10	5.73256247294257E-03	1E-30	3.03625868299839E-11	1.87692225357718	1E-30	4.82380464027367E-11	2.92035306546134E-03	1E-30	4.3118305155581E-11	2.78352113388906E-03	1.39124784083947E-08	6.9591921282767E-11	0.993104467090506	7.68227479465446E-09	4.8210022700129E-11	0.956923729685317	1.06631355911205E-08	1.01729712560667E-11	0.216955123881235	3.37611344517418E-11	1.24078341141472E-10	0.3866052192255	1E10	1E-30	1E-10	1E10	1E-30	1E-10
19	5.6E-9	1E10	1E10	1E-30	5.68409998215699E-10	1E10	1E-30	1E10	3.14401832965472E-03	9.36375905052543E-06	1E10	445.571357946507	1.80952382085313E-05	1E10	40.9623906903252	3.71178456915527E-05	1E10	6.04214521011677	3.44663183390218E-05	1E10	1.07541420440129	3.74500140547064E-05	1E10	9.61654371151026E-02	6.30913816170193E-05	1E10	5.73256247294257E-03	1E-30	3.03625868299839E-11	1.87692225357718	1E-30	4.82380464027367E-11	2.92035306546134E-03	1E-30	4.3118305155581E-11	2.78352113388906E-03	1.39124784083947E-08	6.9591921282767E-11	0.993104467090506	7.68227479465446E-09	4.8210022700129E-11	0.956923729685317	1.06631355911205E-08	1.01729712560667E-11	0.216955123881235	3.37611344517418E-11	1.24078341141472E-10	0.3866052192255	1E10	1E-30	1E-10	1E10	1E-30	1E-10
20	5.6E-9	1E10	1E10	1E-30	5.68409998215699E-10	1E10	1E-30	1E10	3.14401832965472E-03	9.36375905052543E-06	1E10	445.571357946507	1.80952382085313E-05	1E10	40.9623906903252	3.71178456915527E-05	1E10	6.04214521011677	3.44663183390218E-05	1E10	1.07541420440129	3.74500140547064E-05	1E10	9.61654371151026E-02	6.30913816170193E-05	1E10	5.73256247294257E-03	1E-30	3.03625868299839E-11	1.87692225357718	1E-30	4.82380464027367E-11	2.92035306546134E-03	1E-30	4.3118305155581E-11	2.78352113388906E-03	1.39124784083947E-08	6.9591921282767E-11	0.993104467090506	7.68227479465446E-09	4.8210022700129E-11	0.956923729685317	1.06631355911205E-08	1.01729712560667E-11	0.216955123881235	3.37611344517418E-11	1.24078341141472E-10	0.3866052192255	1E10	1E-30	1E-10	1E10	1E-30	1E-10
21	5.63106924712045E-09	1E10	1E10	1E-30	2.52152534756534E-11	1E10	1E-30	1E10	5.31897894418496E-03	1E-30	1.10576015331962E-10	0.461365282370339	1E-30	3.63339654251699E-11	8.97042155545428E-03	1.05814946295521E-08	7.58043690374264E-11	0.851287439860579	6.26848667103906E-09	4.61867041629466E-11	0.715415973196406	1.9466004052378E-08	6.79295780693774E-12	0.176321867478902	1.31802372980767E-08	6.06107592674907E-12	0.197127410098228	1.34595882558529E-12	3.94192440712635E-10	361.878278008818	1E10	1E-30	1E-10	1E10	1E-30	1E-10	1E10	1E-30	1E-10	1E10	1E-30	1E-10	1E10	1E-30	1E-10	1E10	1E-30	1E-10	1E10	1E-30	1E-10	1E10	1E-30	1E-10
22	6.8E-9	1E10	1E10	1E-30	4.94570124942211E-10	1E10	1E-30	1E10	4.01307431977236E-03	1.43130187965565E-05	1E10	199.740672315837	2.4354444929488E-05	1E10	28.3926140223803	4.81406506324396E-05	1E10	4.02861332798812	4.62630828148863E-05	1E10	0.856342263728168	6.19280753382173E-05	1E10	8.64346680021545E-02	7.40620147497934E-05	1E10	1.76656874490034E-02	1E-30	6.52427250348951E-11	1.06448550256513	1E-30	5.15903130438938E-11	3.79557142234045E-03	1.50373951146593E-08	8.5677189814416E-11	1.16011748290943	9.70402868138723E-09	5.24205378074252E-11	1.06130201159384	7.3107830448707E-10	1.18522709086584E-10	0.303026410486698	1E10	1E-30	1E-10	1E10	1E-30	1E-10	1E10	1E-30	1E-10	1E10	1E-30	1E-10
23	6.8E-9	1E10	1E10	1E-30	4.94570124942211E-10	1E10	1E-30	1E10	4.01307431977236E-03	1.43130187965565E-05	1E10	199.740672315837	2.4354444929488E-05	1E10	28.3926140223803	4.81406506324396E-05	1E10	4.02861332798812	4.62630828148863E-05	1E10	0.856342263728168	6.19280753382173E-05	1E10	8.64346680021545E-02	7.40620147497934E-05	1E10	1.76656874490034E-02	1E-30	6.52427250348951E-11	1.06448550256513	1E-30	5.15903130438938E-11	3.79557142234045E-03	1.50373951146593E-08	8.5677189814416E-11	1.16011748290943	9.70402868138723E-09	5.24205378074252E-11	1.06130201159384	7.3107830448707E-10	1.18522709086584E-10	0.303026410486698	1E10	1E-30	1E-10	1E10	1E-30	1E-10	1E10	1E-30	1E-10	1E10	1E-30	1E-10
24	6.8E-9	1E10	1E10	1E-30	4.94570124942211E-10	1E10	1E-30	1E10	4.01307431977236E-03	1.43130187965565E-05	1E10	199.740672315837	2.4354444929488E-05	1E10	28.3926140223803	4.81406506324396E-05	1E10	4.02861332798812	4.62630828148863E-05	1E10	0.856342263728168	6.19280753382173E-05	1E10	8.64346680021545E-02	7.40620147497934E-05	1E10	1.76656874490034E-02	1E-30	6.52427250348951E-11	1.06448550256513	1E-30	5.15903130438938E-11	3.79557142234045E-03	1.50373951146593E-08	8.5677189814416E-11	1.16011748290943	9.70402868138723E-09	5.24205378074252E-11	1.06130201159384	7.3107830448707E-10	1.18522709086584E-10	0.303026410486698	1E10	1E-30	1E-10	1E10	1E-30	1E-10	1E10	1E-30	1E-10	1E10	1E-30	1E-10
25	6.77240571893719E-09	1E10	1E10	1E-30	9.90938746461317E-12	1E10	1E-30	1E10	4.50860671384428E-03	1E-30	1.45971678871817E-10	0.421364263113298	1E-30	2.28225593690267E-11	2.7389791591603E-03	1.04950720770887E-08	1.01565164276386E-10	0.828710445063078	9.05651275618699E-09	4.47649569036403E-11	0.727399959875971	1.98987896399762E-08	9.54425434065679E-12	0.188148997406957	1.06548002912783E-08	1.08187994759809E-11	0.179870929311942	1.32600067575873E-12	3.49056927908478E-10	286.087672761047	1E10	1E-30	1E-10	1E10	1E-30	1E-10	1E10	1E-30	1E-10	1E10	1E-30	1E-10	1E10	1E-30	1E-10	1E10	1E-30	1E-10	1E10	1E-30	1E-10	1E10	1E-30	1E-10
26	6.8969901942272E-09	1E10	1E10	1E-30	2.3998974138036E-10	1E10	1E-30	1E10	7.91721063412101E-02	6.2605761765068E-07	1E10	2686.13604703719	7.49582520998604E-07	1E10	437.830836992436	6.38559389507068E-07	1E10	93.657057149688	6.61493822197179E-07	1E10	15.4998496578416	4.56005696502504E-07	1E10	3.38193093343918	3.0352928582998E-07	1E10	0.491479948365064	2.01433410791953E-07	1E10	0.108454309888756	1E-30	4.6556961780827E-11	0.353095037644822	1E-30	3.19285939772725E-11	0.338683197855404	3.6766345596548E-08	1.01696337165673E-11	7.70031159307731E-02	1.29445612302103E-08	8.13142975117675E-12	7.73530173048009E-02	7.13965490965767E-12	3.71183467178453E-10	22.1208829725194	1E10	1E-30	1E-10	1E10	1E-30	1E-10	1E10	1E-30	1E-10
27	8.2E-9	1E10	1E10	1E-30	4.41228544342588E-10	1E10	1E-30	1E10	2.35541554922336E-03	8.08817568255649E-06	1E10	847.669667775342	3.05660652736346E-05	1E10	26.0577425412664	4.36223845391056E-05	1E10	4.13646247407364	6.36936370245412E-05	1E10	0.58889537994496	4.83169254393842E-05	1E10	7.97299032465073E-02	3.7610039895686E-05	1E10	3.01759550631909E-03	1E-30	6.1246369797071E-11	4.21141266465444E-03	1.58755876674294E-08	1.02445276326977E-10	1.27829062859803	1.11759222851718E-08	5.87564486828726E-11	0.990159873715724	2.16873117071971E-08	1.48716587661109E-11	0.323747776107304	4.21283797168329E-11	1.71422422354903E-10	0.416100123706876	1E10	1E-30	1E-10	1E10	1E-30	1E-10	1E10	1E-30	1E-10	1E10	1E-30	1E-10
28	8.2E-9	1E10	1E10	1E-30	4.41228544342588E-10	1E10	1E-30	1E10	2.35541554922336E-03	8.08817568255649E-06	1E10	847.669667775342	3.05660652736346E-05	1E10	26.0577425412664	4.36223845391056E-05	1E10	4.13646247407364	6.36936370245412E-05	1E10	0.58889537994496	4.83169254393842E-05	1E10	7.97299032465073E-02	3.7610039895686E-05	1E10	3.01759550631909E-03	1E-30	6.1246369797071E-11	4.21141266465444E-03	1.58755876674294E-08	1.02445276326977E-10	1.27829062859803	1.11759222851718E-08	5.87564486828726E-11	0.990159873715724	2.16873117071971E-08	1.48716587661109E-11	0.323747776107304	4.21283797168329E-11	1.71422422354903E-10	0.416100123706876	1E10	1E-30	1E-10	1E10	1E-30	1E-10	1E10	1E-30	1E-10	1E10	1E-30	1E-10
29	8.2E-9	1E10	1E10	1E-30	4.41228544342588E-10	1E10	1E-30	1E10	2.35541554922336E-03	8.08817568255649E-06	1E10	847.669667775342	3.05660652736346E-05	1E10	26.0577425412664	4.36223845391056E-05	1E10	4.13646247407364	6.36936370245412E-05	1E10	0.58889537994496	4.83169254393842E-05	1E10	7.97299032465073E-02	3.7610039895686E-05	1E10	3.01759550631909E-03	1E-30	6.1246369797071E-11	4.21141266465444E-03	1.58755876674294E-08	1.02445276326977E-10	1.27829062859803	1.11759222851718E-08	5.87564486828726E-11	0.990159873715724	2.16873117071971E-08	1.48716587661109E-11	0.323747776107304	4.21283797168329E-11	1.71422422354903E-10	0.416100123706876	1E10	1E-30	1E-10	1E10	1E-30	1E-10	1E10	1E-30	1E-10	1E10	1E-30	1E-10
30	8.25241431284924E-09	1E10	1E10	1E-30	9.13654929785238E-12	1E10	1E-30	1E10	4.25265242334485E-03	1E-30	1.19044993879653E-10	0.380477643315154	1E-30	4.65220606303627E-11	4.98724034410175E-03	1.64137608930699E-08	8.87125813349681E-11	0.826122687004534	1.42743492273654E-08	3.88244693937135E-11	0.645165055908905	2.35715874616367E-08	1.10472100318063E-11	0.194729201030005	9.93293520470652E-09	1.57483870406053E-11	0.203348448866812	1.56388505962788E-12	4.59924723772894E-10	267.701471451656	1E10	1E-30	1E-10	1E10	1E-30	1E-10	1E10	1E-30	1E-10	1E10	1E-30	1E-10	1E10	1E-30	1E-10	1E10	1E-30	1E-10	1E10	1E-30	1E-10	1E10	1E-30	1E-10
31	1E-8	1E10	1E10	1E-30	6.26330563880538E-10	1E10	1E-30	1E10	2.97072226726754E-03	8.7640192031317E-06	1E10	782.301023632094	3.67547855439323E-05	1E10	26.1595876430273	4.93664155262512E-05	1E10	3.79847461475392	8.91516397986785E-05	1E10	0.609204642356682	6.18510434116322E-05	1E10	0.116058244735388	8.77660223828959E-05	1E10	7.61551918781576E-03	1E-30	5.69008456426211E-11	2.1435607908357E-03	6.24720962400302E-08	3.15355984636521E-11	0.120975526390892	7.62316907068492E-09	1.00262268650424E-10	0.255829733782607	2.65272065354621E-08	9.87571627906878E-12	0.528472368140647	2.76618613993618E-11	1.50564732379937E-10	0.374835400040021	1E10	1E-30	1E-10	1E10	1E-30	1E-10	1E10	1E-30	1E-10	1E10	1E-30	1E-10
32	1E-8	1E10	1E10	1E-30	6.26330563880538E-10	1E10	1E-30	1E10	2.97072226726754E-03	8.7640192031317E-06	1E10	782.301023632094	3.67547855439323E-05	1E10	26.1595876430273	4.93664155262512E-05	1E10	3.79847461475392	8.91516397986785E-05	1E10	0.609204642356682	6.18510434116322E-05	1E10	0.116058244735388	8.77660223828959E-05	1E10	7.61551918781576E-03	1E-30	5.69008456426211E-11	2.1435607908357E-03	6.24720962400302E-08	3.15355984636521E-11	0.120975526390892	7.62316907068492E-09	1.00262268650424E-10	0.255829733782607	2.65272065354621E-08	9.87571627906878E-12	0.528472368140647	2.76618613993618E-11	1.50564732379937E-10	0.374835400040021	1E10	1E-30	1E-10	1E10	1E-30	1E-10	1E10	1E-30	1E-10	1E10	1E-30	1E-10
33	1E-8	1E10	1E10	1E-30	6.26330563880538E-10	1E10	1E-30	1E10	2.97072226726754E-03	8.7640192031317E-06	1E10	782.301023632094	3.67547855439323E-05	1E10	26.1595876430273	4.93664155262512E-05	1E10	3.79847461475392	8.91516397986785E-05	1E10	0.609204642356682	6.18510434116322E-05	1E10	0.116058244735388	8.77660223828959E-05	1E10	7.61551918781576E-03	1E-30	5.69008456426211E-11	2.1435607908357E-03	6.24720962400302E-08	3.15355984636521E-11	0.120975526390892	7.62316907068492E-09	1.00262268650424E-10	0.255829733782607	2.65272065354621E-08	9.87571627906878E-12	0.528472368140647	2.76618613993618E-11	1.50564732379937E-10	0.374835400040021	1E10	1E-30	1E-10	1E10	1E-30	1E-10	1E10	1E-30	1E-10	1E10	1E-30	1E-10
34	9.94307128357755E-09	1E10	1E10	1E-30	1.14801024797152E-11	1E10	1E-30	1E10	4.07294368259749E-03	1E-30	2.04601924020921E-10	0.359358332425326	1E-30	2.25728605000966E-11	1.87839945194845E-03	1.41579951575957E-08	1.4196835806287E-10	1.06922053487531	1.44574534148078E-08	5.29139332549047E-11	0.731366986779428	4.59499599018179E-08	8.19136552404509E-12	0.257962866806633	2.17223479050454E-08	1.08995085671967E-11	0.22825048097177	1.61365270384218E-12	3.30431557060528E-10	580.825291447284	1E10	1E-30	1E-10	1E10	1E-30	1E-10	1E10	1E-30	1E-10	1E10	1E-30	1E-10	1E10	1E-30	1E-10	1E10	1E-30	1E-10	1E10	1E-30	1E-10	1E10	1E-30	1E-10
35	1.00055642527376E-08	1E10	1E10	1E-30	3.44241303591541E-10	1E10	1E-30	1E10	5.89958041080932E-02	1.06302011150022E-06	1E10	1773.3828176665	1.30807243517473E-06	1E10	280.950348290278	1.13364740147634E-06	1E10	60.2668783665347	1.06022476700281E-06	1E10	11.3036256460728	8.46227155237514E-07	1E10	2.22577956921399	6.59888786246934E-07	1E10	0.455274212569456	4.73796650974482E-07	1E10	7.77730041635651E-02	1E-30	9.25336321896232E-11	0.33653554863787	1E-30	2.97534026436942E-11	0.235771172571155	2.87857393234808E-08	2.54563577673667E-11	0.101745924870695	9.09283976494674E-09	2.62109205772954E-11	0.130938712213769	1.3380369672194E-11	1.65794549950926E-10	7.69785413382245	1E10	1E-30	1E-10	1E10	1E-30	1E-10	1E10	1E-30	1E-10
36	1.2E-8	1E10	8333333333.33333	1E-30	6.15033461204578E-10	1E10	1E-30	1E10	2.00851573790187E-03	1.3346587735873E-05	1E10	513.696933585008	4.67220939737456E-05	1E10	19.1148390839262	6.11288708875083E-05	1E10	2.8068319772761	1.07960768850628E-04	1E10	0.458508990867474	7.43172857662036E-05	1E10	8.05490000042844E-02	6.98734494135693E-05	1E10	4.4955355154914E-03	1E-30	4.25908884290372E-11	0.886910987481512	1E-30	1.42868959500244E-11	0.381614686701592	1E-30	1.22813371603104E-10	6.11114025674973E-03	3.35611611208804E-08	5.69273274354447E-11	0.500607251823852	1.66910459575358E-08	4.27839227453696E-11	0.540515531853572	9.94448430569035E-10	9.77584836316562E-11	0.182700148992381	1E10	1E-30	1E-10	1E10	1E-30	1E-10	1E10	1E-30	1E-10
37	1.2E-8	1E10	8333333333.33333	1E-30	6.15033461204578E-10	1E10	1E-30	1E10	2.00851573790187E-03	1.3346587735873E-05	1E10	513.696933585008	4.67220939737456E-05	1E10	19.1148390839262	6.11288708875083E-05	1E10	2.8068319772761	1.07960768850628E-04	1E10	0.458508990867474	7.43172857662036E-05	1E10	8.05490000042844E-02	6.98734494135693E-05	1E10	4.4955355154914E-03	1E-30	4.25908884290372E-11	0.886910987481512	1E-30	1.42868959500244E-11	0.381614686701592	1E-30	1.22813371603104E-10	6.11114025674973E-03	3.35611611208804E-08	5.69273274354447E-11	0.500607251823852	1.66910459575358E-08	4.27839227453696E-11	0.540515531853572	9.94448430569035E-10	9.77584836316562E-11	0.182700148992381	1E10	1E-30	1E-10	1E10	1E-30	1E-10	1E10	1E-30	1E-10
38	1.2E-8	1E10	8333333333.33333	1E-30	6.15033461204578E-10	1E10	1E-30	1E10	2.00851573790187E-03	1.3346587735873E-05	1E10	513.696933585008	4.67220939737456E-05	1E10	19.1148390839262	6.11288708875083E-05	1E10	2.8068319772761	1.07960768850628E-04	1E10	0.458508990867474	7.43172857662036E-05	1E10	8.05490000042844E-02	6.98734494135693E-05	1E10	4.4955355154914E-03	1E-30	4.25908884290372E-11	0.886910987481512	1E-30	1.42868959500244E-11	0.381614686701592	1E-30	1.22813371603104E-10	6.11114025674973E-03	3.35611611208804E-08	5.69273274354447E-11	0.500607251823852	1.66910459575358E-08	4.27839227453696E-11	0.540515531853572	9.94448430569035E-10	9.77584836316562E-11	0.182700148992381	1E10	1E-30	1E-10	1E10	1E-30	1E-10	1E10	1E-30	1E-10
39	1.2E-8	1E10	8333333333.33333	1E-30	5.56633306276065E-10	1E10	1E-30	1E10	2.2439398940434E-03	1.4020679574022E-05	1E10	488.999207031623	5.24390928351797E-05	1E10	16.2358638756607	7.30519132507793E-05	1E10	2.25604138219932	1.20489698735494E-04	1E10	0.496558086196717	8.95866751763996E-05	1E10	9.47987917012553E-02	9.66490226907165E-05	1E10	8.08562839126251E-03	1E-30	3.05848336706505E-10	0.401436546937264	1E-30	1.74613596669258E-11	6.40758660144379E-04	1E10	1E-30	1E-10	1E10	1E-30	1E-10	1E10	1E-30	1E-10	1E10	1E-30	1E-10	1E10	1E-30	1E-10	1E10	1E-30	1E-10	1E10	1E-30	1E-10
40	1.2E-8	1E10	8333333333.33333	1E-30	5.56633306276065E-10	1E10	1E-30	1E10	2.2439398940434E-03	1.4020679574022E-05	1E10	488.999207031623	5.24390928351797E-05	1E10	16.2358638756607	7.30519132507793E-05	1E10	2.25604138219932	1.20489698735494E-04	1E10	0.496558086196717	8.95866751763996E-05	1E10	9.47987917012553E-02	9.66490226907165E-05	1E10	8.08562839126251E-03	1E-30	3.05848336706505E-10	0.401436546937264	1E-30	1.74613596669258E-11	6.40758660144379E-04	1E10	1E-30	1E-10	1E10	1E-30	1E-10	1E10	1E-30	1E-10	1E10	1E-30	1E-10	1E10	1E-30	1E-10	1E10	1E-30	1E-10	1E10	1E-30	1E-10
41	1.2E-8	1E10	8333333333.33333	1E-30	5.56633306276065E-10	1E10	1E-30	1E10	2.2439398940434E-03	1.4020679574022E-05	1E10	488.999207031623	5.24390928351797E-05	1E10	16.2358638756607	7.30519132507793E-05	1E10	2.25604138219932	1.20489698735494E-04	1E10	0.496558086196717	8.95866751763996E-05	1E10	9.47987917012553E-02	9.66490226907165E-05	1E10	8.08562839126251E-03	1E-30	3.05848336706505E-10	0.401436546937264	1E-30	1.74613596669258E-11	6.40758660144379E-04	1E10	1E-30	1E-10	1E10	1E-30	1E-10	1E10	1E-30	1E-10	1E10	1E-30	1E-10	1E10	1E-30	1E-10	1E10	1E-30	1E-10	1E10	1E-30	1E-10
42	1.2E-8	1E10	8333333333.33333	1E-30	5.6471131473653E-10	1E10	1E-30	1E10	2.55054652138193E-03	8.4634796265345E-07	1E10	5.10061437403578	1E-30	1.70920413177038E-10	0.344843854232522	1E-30	8.54218183081312E-11	5.69828562587039E-03	2.64981946446288E-08	9.48694977057484E-11	0.841815614351681	1.7108671434088E-08	5.71645252686579E-11	0.609841502788979	3.657769092783E-08	1.34006727348871E-11	0.216379930499854	3.41362873716205E-08	8.65220102318933E-12	0.201937500745143	1E10	1E-30	1E-10	1E10	1E-30	1E-10	1E10	1E-30	1E-10	1E10	1E-30	1E-10	1E10	1E-30	1E-10	1E10	1E-30	1E-10	1E10	1E-30	1E-10	1E10	1E-30	1E-10
43	1.5E-8	1E10	6666666666.66666	1E-30	5.29381830243612E-10	1E10	1E-30	1E10	1.68937613757891E-03	1.4037709232113E-05	1E10	488.40598422263	6.07399882883139E-05	1E10	17.9153319589845	7.81426033800079E-05	1E10	2.24074383543443	1.55684569663486E-04	1E10	0.476369210217577	1.00180906080268E-04	1E10	9.73628177027999E-02	9.65094015766646E-05	1E10	7.00441811919514E-03	1E-30	1.88788621066186E-11	1.12028578483231	1E-30	2.34348776770164E-11	0.879811821236186	1E-30	1.20278006471702E-10	5.29398164393031E-03	3.74529205194338E-08	7.08660273428097E-11	0.56993158950589	2.04602212495036E-08	5.0274827974187E-11	0.571699716962819	1.6313508628103E-08	1.95446777976545E-11	9.86540748746693E-02	7.89312240212767E-11	1.13779316323653E-10	0.206565991631011	1E10	1E-30	1E-10	1E10	1E-30	1E-10
44	1.5E-8	1E10	6666666666.66666	1E-30	5.29381830243612E-10	1E10	1E-30	1E10	1.68937613757891E-03	1.4037709232113E-05	1E10	488.40598422263	6.07399882883139E-05	1E10	17.9153319589845	7.81426033800079E-05	1E10	2.24074383543443	1.55684569663486E-04	1E10	0.476369210217577	1.00180906080268E-04	1E10	9.73628177027999E-02	9.65094015766646E-05	1E10	7.00441811919514E-03	1E-30	1.88788621066186E-11	1.12028578483231	1E-30	2.34348776770164E-11	0.879811821236186	1E-30	1.20278006471702E-10	5.29398164393031E-03	3.74529205194338E-08	7.08660273428097E-11	0.56993158950589	2.04602212495036E-08	5.0274827974187E-11	0.571699716962819	1.6313508628103E-08	1.95446777976545E-11	9.86540748746693E-02	7.89312240212767E-11	1.13779316323653E-10	0.206565991631011	1E10	1E-30	1E-10	1E10	1E-30	1E-10
45	1.5E-8	1E10	6666666666.66666	1E-30	5.29381830243612E-10	1E10	1E-30	1E10	1.68937613757891E-03	1.4037709232113E-05	1E10	488.40598422263	6.07399882883139E-05	1E10	17.9153319589845	7.81426033800079E-05	1E10	2.24074383543443	1.55684569663486E-04	1E10	0.476369210217577	1.00180906080268E-04	1E10	9.73628177027999E-02	9.65094015766646E-05	1E10	7.00441811919514E-03	1E-30	1.88788621066186E-11	1.12028578483231	1E-30	2.34348776770164E-11	0.879811821236186	1E-30	1.20278006471702E-10	5.29398164393031E-03	3.74529205194338E-08	7.08660273428097E-11	0.56993158950589	2.04602212495036E-08	5.0274827974187E-11	0.571699716962819	1.6313508628103E-08	1.95446777976545E-11	9.86540748746693E-02	7.89312240212767E-11	1.13779316323653E-10	0.206565991631011	1E10	1E-30	1E-10	1E10	1E-30	1E-10
46	1.5E-8	1E10	6666666666.66666	1E-30	4.57189191483088E-10	1E10	1E-30	1E10	3.07971983227282E-03	1.30393364636561E-05	1E10	525.801386661884	5.7808490426324E-05	1E10	20.4827571579094	7.73019643097588E-05	1E10	2.47781206702081	1.46494452039617E-04	1E10	0.652139301739889	9.82420211990645E-05	1E10	0.131763069365853	1.26667780031642E-04	1E10	0.010962281419566	1E-30	2.62331878390083E-11	0.44939928183387	1E-30	2.28631742939036E-11	0.403415182005194	1E-30	4.5536474190252E-11	6.49503329467849E-04	3.53089444497529E-08	9.82768587841742E-11	10016.6534159991	1.32790141647606E-07	2.48396614200557E-11	6.49340595856505E-02	1.12472896217693E-08	1.1445603277659E-10	0.24552201677997	5.79295252772782E-10	1.8690259725314E-10	0.281830386343861	1E10	1E-30	1E-10	1E10	1E-30	1E-10
47	1.5E-8	1E10	6666666666.66666	1E-30	4.57189191483088E-10	1E10	1E-30	1E10	3.07971983227282E-03	1.30393364636561E-05	1E10	525.801386661884	5.7808490426324E-05	1E10	20.4827571579094	7.73019643097588E-05	1E10	2.47781206702081	1.46494452039617E-04	1E10	0.652139301739889	9.82420211990645E-05	1E10	0.131763069365853	1.26667780031642E-04	1E10	0.010962281419566	1E-30	2.62331878390083E-11	0.44939928183387	1E-30	2.28631742939036E-11	0.403415182005194	1E-30	4.5536474190252E-11	6.49503329467849E-04	3.53089444497529E-08	9.82768587841742E-11	10016.6534159991	1.32790141647606E-07	2.48396614200557E-11	6.49340595856505E-02	1.12472896217693E-08	1.1445603277659E-10	0.24552201677997	5.79295252772782E-10	1.8690259725314E-10	0.281830386343861	1E10	1E-30	1E-10	1E10	1E-30	1E-10
48	1.5E-8	1E10	6666666666.66666	1E-30	4.57189191483088E-10	1E10	1E-30	1E10	3.07971983227282E-03	1.30393364636561E-05	1E10	525.801386661884	5.7808490426324E-05	1E10	20.4827571579094	7.73019643097588E-05	1E10	2.47781206702081	1.46494452039617E-04	1E10	0.652139301739889	9.82420211990645E-05	1E10	0.131763069365853	1.26667780031642E-04	1E10	0.010962281419566	1E-30	2.62331878390083E-11	0.44939928183387	1E-30	2.28631742939036E-11	0.403415182005194	1E-30	4.5536474190252E-11	6.49503329467849E-04	3.53089444497529E-08	9.82768587841742E-11	10016.6534159991	1.32790141647606E-07	2.48396614200557E-11	6.49340595856505E-02	1.12472896217693E-08	1.1445603277659E-10	0.24552201677997	5.79295252772782E-10	1.8690259725314E-10	0.281830386343861	1E10	1E-30	1E-10	1E10	1E-30	1E-10
49	1.5E-8	1E10	6666666666.66666	1E-30	5.1981423274446E-11	1E10	1E-30	1E10	2.85585883897266E-03	8.55322238601806E-07	1E10	13.9276116906461	1E-30	1.65325966770394E-10	0.305923855457815	1.86824039324142E-06	4.26966170471932E-11	2.32552518614885E-03	2.19911472207067E-08	1.62946702886568E-10	1.28193531407096	1.93621070887908E-08	7.53639798143426E-11	0.78255189580878	2.94870683261395E-08	2.50688036533703E-11	0.36274315455691	2.80090715091639E-08	1.67789924174784E-11	0.272234852107843	5.81028783810883E-08	5.3137195971115E-12	0.118834823032633	4.7607061059437E-08	4.75225600636876E-12	0.103154698714863	1.72547438040953E-08	7.37867270623905E-12	4.63356154182376E-02	7.31380998114551E-11	1.14862863972315E-11	1.31441280195422	1.96173223890082E-12	2.61267536510254E-10	544.429579626933	1.13277504463661E-11	4.26756004807116E-11	281.016474053453	1E10	1E-30	1E-10	1E10	1E-30	1E-10
50	1.52261673826519E-08	1E10	6666666666.66666	1E-30	2.94283535633862E-10	1E10	1E-30	1E10	4.84768932302566E-02	1.59372533733456E-06	1E10	1225.38528332793	1.89706635361626E-06	1E10	210.954142821854	1.61655933444855E-06	1E10	46.7057012177544	1.56644674996597E-06	1E10	8.77361281568788	1.13923199645293E-06	1E10	1.89795008698846	7.69123376524219E-07	1E10	0.295740409759106	4.33129822274075E-07	1E10	6.09677991894334E-02	1E-30	4.78809495512681E-11	0.347238725933802	1E-30	7.16860271672744E-11	0.179545207324172	5.43877215334348E-08	2.95132284300603E-11	0.113208973455141	1.19370810023496E-08	4.03915256755016E-11	0.13205281468596	8.43727192073325E-12	2.98095125784822E-10	18.948683846908	1E10	1E-30	1E-10	1E10	1E-30	1E-10	1E10	1E-30	1E-10
51	1.8E-8	1E10	5555555555.55555	1E-30	6.02047343688221E-10	1E10	1E-30	1E10	2.06755941092255E-03	1.93551120941221E-05	1E10	354.226891603659	7.99937520165128E-05	1E10	13.9277111636733	8.63115328571772E-05	1E10	1.98205161824121	1.85013827621719E-04	1E10	0.362193737501994	1.32085903479603E-04	1E10	7.72563814818435E-02	1.05768751180045E-04	1E10	6.90628163215155E-03	1E-30	2.04339957085514E-10	0.252456440394549	1E10	1E-30	1E-10	1E10	1E-30	1E-10	1E10	1E-30	1E-10	1E10	1E-30	1E-10	1E10	1E-30	1E-10	1E10	1E-30	1E-10	1E10	1E-30	1E-10	1E10	1E-30	1E-10
52	1.8E-8	1E10	5555555555.55555	1E-30	6.02047343688221E-10	1E10	1E-30	1E10	2.06755941092255E-03	1.93551120941221E-05	1E10	354.226891603659	7.99937520165128E-05	1E10	13.9277111636733	8.63115328571772E-05	1E10	1.98205161824121	1.85013827621719E-04	1E10	0.362193737501994	1.32085903479603E-04	1E10	7.72563814818435E-02	1.05768751180045E-04	1E10	6.90628163215155E-03	1E-30	2.04339957085514E-10	0.252456440394549	1E10	1E-30	1E-10	1E10	1E-30	1E-10	1E10	1E-30	1E-10	1E10	1E-30	1E-10	1E10	1E-30	1E-10	1E10	1E-30	1E-10	1E10	1E-30	1E-10	1E10	1E-30	1E-10
53	1.8E-8	1E10	5555555555.55555	1E-30	6.02047343688221E-10	1E10	1E-30	1E10	2.06755941092255E-03	1.93551120941221E-05	1E10	354.226891603659	7.99937520165128E-05	1E10	13.9277111636733	8.63115328571772E-05	1E10	1.98205161824121	1.85013827621719E-04	1E10	0.362193737501994	1.32085903479603E-04	1E10	7.72563814818435E-02	1.05768751180045E-04	1E10	6.90628163215155E-03	1E-30	2.04339957085514E-10	0.252456440394549	1E10	1E-30	1E-10	1E10	1E-30	1E-10	1E10	1E-30	1E-10	1E10	1E-30	1E-10	1E10	1E-30	1E-10	1E10	1E-30	1E-10	1E10	1E-30	1E-10	1E10	1E-30	1E-10
54	1.8E-8	1E10	5555555555.55555	1E-30	6.11807037309207E-10	1E10	1E-30	1E10	2.94832454128432E-03	1.61526376387643E-05	1E10	424.457066831454	7.71973417429654E-05	1E10	16.6029472352403	9.42988004053707E-05	1E10	1.92210052414352	1.88957777313592E-04	1E10	0.650459840768768	1.18313690407698E-04	1E10	0.120673573575428	1.38808821749464E-04	1E10	9.08908718217782E-03	1E-30	2.07492436959564E-11	0.654591076108515	1E-30	5.07083248713467E-11	1.17334014543189E-03	8.8742810284177E-08	4.0921949751486E-11	0.118479954736065	1.49595627703485E-08	9.64144823942811E-11	0.191867661372262	4.63667466231045E-08	1.00016839402698E-11	0.27749869393413	6.94413582453288E-11	1.59442537892128E-10	0.229831866120102	1E10	1E-30	1E-10	1E10	1E-30	1E-10	1E10	1E-30	1E-10
55	1.8E-8	1E10	5555555555.55555	1E-30	6.11807037309207E-10	1E10	1E-30	1E10	2.94832454128432E-03	1.61526376387643E-05	1E10	424.457066831454	7.71973417429654E-05	1E10	16.6029472352403	9.42988004053707E-05	1E10	1.92210052414352	1.88957777313592E-04	1E10	0.650459840768768	1.18313690407698E-04	1E10	0.120673573575428	1.38808821749464E-04	1E10	9.08908718217782E-03	1E-30	2.07492436959564E-11	0.654591076108515	1E-30	5.07083248713467E-11	1.17334014543189E-03	8.8742810284177E-08	4.0921949751486E-11	0.118479954736065	1.49595627703485E-08	9.64144823942811E-11	0.191867661372262	4.63667466231045E-08	1.00016839402698E-11	0.27749869393413	6.94413582453288E-11	1.59442537892128E-10	0.229831866120102	1E10	1E-30	1E-10	1E10	1E-30	1E-10	1E10	1E-30	1E-10
56	1.8E-8	1E10	5555555555.55555	1E-30	6.11807037309207E-10	1E10	1E-30	1E10	2.94832454128432E-03	1.61526376387643E-05	1E10	424.457066831454	7.71973417429654E-05	1E10	16.6029472352403	9.42988004053707E-05	1E10	1.92210052414352	1.88957777313592E-04	1E10	0.650459840768768	1.18313690407698E-04	1E10	0.120673573575428	1.38808821749464E-04	1E10	9.08908718217782E-03	1E-30	2.07492436959564E-11	0.654591076108515	1E-30	5.07083248713467E-11	1.17334014543189E-03	8.8742810284177E-08	4.0921949751486E-11	0.118479954736065	1.49595627703485E-08	9.64144823942811E-11	0.191867661372262	4.63667466231045E-08	1.00016839402698E-11	0.27749869393413	6.94413582453288E-11	1.59442537892128E-10	0.229831866120102	1E10	1E-30	1E-10	1E10	1E-30	1E-10	1E10	1E-30	1E-10
57	2.2E-8	1E10	4545454545.45454	1E-30	5.96324036888305E-10	1E10	1E-30	1E10	3.3649870609307E-03	2.26968356465973E-05	1E10	302.072998214141	1.0307644175908E-04	1E10	13.954832924866	8.04564705171626E-05	1E10	2.13741795085562	3.0243096378903E-04	1E10	0.10308209922469	2.4383626005476E-04	1E10	5.40631269890423E-02	1.88300242619255E-04	1E10	8.76786541661655E-03	1E-30	2.28593805587034E-11	0.498210994195733	1E-30	1.66621189632369E-11	0.474849211807573	1E-30	7.93154974171681E-12	0.218077950869099	5.05588847796489E-08	9.68181846195899E-11	0.72215970693297	3.50612299011968E-08	5.73796475700603E-11	0.532466257246212	5.0757088078511E-08	1.2423844243425E-11	0.150590386244644	8.38847249789298E-10	1.64762653218813E-10	0.174367612490832	1E10	1E-30	1E-10	1E10	1E-30	1E-10
58	2.2E-8	1E10	4545454545.45454	1E-30	5.96324036888305E-10	1E10	1E-30	1E10	3.3649870609307E-03	2.26968356465973E-05	1E10	302.072998214141	1.0307644175908E-04	1E10	13.954832924866	8.04564705171626E-05	1E10	2.13741795085562	3.0243096378903E-04	1E10	0.10308209922469	2.4383626005476E-04	1E10	5.40631269890423E-02	1.88300242619255E-04	1E10	8.76786541661655E-03	1E-30	2.28593805587034E-11	0.498210994195733	1E-30	1.66621189632369E-11	0.474849211807573	1E-30	7.93154974171681E-12	0.218077950869099	5.05588847796489E-08	9.68181846195899E-11	0.72215970693297	3.50612299011968E-08	5.73796475700603E-11	0.532466257246212	5.0757088078511E-08	1.2423844243425E-11	0.150590386244644	8.38847249789298E-10	1.64762653218813E-10	0.174367612490832	1E10	1E-30	1E-10	1E10	1E-30	1E-10
59	2.2E-8	1E10	4545454545.45454	1E-30	5.96324036888305E-10	1E10	1E-30	1E10	3.3649870609307E-03	2.26968356465973E-05	1E10	302.072998214141	1.0307644175908E-04	1E10	13.954832924866	8.04564705171626E-05	1E10	2.13741795085562	3.0243096378903E-04	1E10	0.10308209922469	2.4383626005476E-04	1E10	5.40631269890423E-02	1.88300242619255E-04	1E10	8.76786541661655E-03	1E-30	2.28593805587034E-11	0.498210994195733	1E-30	1.66621189632369E-11	0.474849211807573	1E-30	7.93154974171681E-12	0.218077950869099	5.05588847796489E-08	9.68181846195899E-11	0.72215970693297	3.50612299011968E-08	5.73796475700603E-11	0.532466257246212	5.0757088078511E-08	1.2423844243425E-11	0.150590386244644	8.38847249789298E-10	1.64762653218813E-10	0.174367612490832	1E10	1E-30	1E-10	1E10	1E-30	1E-10
60	2.2E-8	1E10	4545454545.45454	1E-30	4.45070005840723E-10	1E10	1E-30	1E10	2.59431933983744E-03	2.02392000899883E-05	1E10	338.753565519259	7.88224434040575E-05	1E10	22.861980094206	8.77135830964863E-05	1E10	2.17952365826195	3.50278271090955E-04	1E10	0.25984070662351	1.52309663748066E-04	1E10	9.95219952157054E-02	1.73484527684064E-04	1E10	8.05570040156502E-03	1E-30	4.18694647916392E-11	0.550066310943322	1E-30	3.9055379122623E-11	7.66444841910341E-04	4.97819992608176E-08	1.03900170458102E-10	54.6410446137574	1.0896441503258E-08	1.81624992413922E-10	0.230138058601603	2.71247484982275E-09	1.15036221808242E-10	0.18804455885977	1.28945641248692E-09	3.63125639100084E-11	0.140604215988769	1E10	1E-30	1E-10	1E10	1E-30	1E-10	1E10	1E-30	1E-10
61	2.2E-8	1E10	4545454545.45454	1E-30	4.45070005840723E-10	1E10	1E-30	1E10	2.59431933983744E-03	2.02392000899883E-05	1E10	338.753565519259	7.88224434040575E-05	1E10	22.861980094206	8.77135830964863E-05	1E10	2.17952365826195	3.50278271090955E-04	1E10	0.25984070662351	1.52309663748066E-04	1E10	9.95219952157054E-02	1.73484527684064E-04	1E10	8.05570040156502E-03	1E-30	4.18694647916392E-11	0.550066310943322	1E-30	3.9055379122623E-11	7.66444841910341E-04	4.97819992608176E-08	1.03900170458102E-10	54.6410446137574	1.0896441503258E-08	1.81624992413922E-10	0.230138058601603	2.71247484982275E-09	1.15036221808242E-10	0.18804455885977	1.28945641248692E-09	3.63125639100084E-11	0.140604215988769	1E10	1E-30	1E-10	1E10	1E-30	1E-10	1E10	1E-30	1E-10
62	2.2E-8	1E10	4545454545.45454	1E-30	4.45070005840723E-10	1E10	1E-30	1E10	2.59431933983744E-03	2.02392000899883E-05	1E10	338.753565519259	7.88224434040575E-05	1E10	22.861980094206	8.77135830964863E-05	1E10	2.17952365826195	3.50278271090955E-04	1E10	0.25984070662351	1.52309663748066E-04	1E10	9.95219952157054E-02	1.73484527684064E-04	1E10	8.05570040156502E-03	1E-30	4.18694647916392E-11	0.550066310943322	1E-30	3.9055379122623E-11	7.66444841910341E-04	4.97819992608176E-08	1.03900170458102E-10	54.6410446137574	1.0896441503258E-08	1.81624992413922E-10	0.230138058601603	2.71247484982275E-09	1.15036221808242E-10	0.18804455885977	1.28945641248692E-09	3.63125639100084E-11	0.140604215988769	1E10	1E-30	1E-10	1E10	1E-30	1E-10	1E10	1E-30	1E-10
63	2.22137340866658E-08	1E10	4545454545.45454	1E-30	3.75644089752639E-10	1E10	1E-30	1E10	3.61449452504854E-02	2.2708234622414E-06	1E10	858.661747489648	2.65176217864087E-06	1E10	164.880582996346	2.27669822304192E-06	1E10	36.7579739729204	2.13263926538044E-06	1E10	7.28178991342739	1.80057418601088E-06	1E10	1.43495921277795	1.54093656048216E-06	1E10	0.31150129230187	1.06856055173801E-06	1E10	4.29138758485119E-02	1E-30	9.15140845722796E-11	0.170085335322609	1E-30	3.53630411100981E-11	0.131258999716093	5.32417052685605E-08	3.91038652086284E-11	9.18423760947138E-02	2.27416930563527E-08	2.84582716583862E-11	7.60971711051714E-02	2.0234455822455E-11	1.052507075556E-10	4.25428475410639	1E10	1E-30	1E-10	1E10	1E-30	1E-10	1E10	1E-30	1E-10
64	2.21261239360688E-08	1E10	4545454545.45454	1E-30	3.91938458472273E-10	1E10	1E-30	1E10	3.04695241311358E-02	2.60354344366119E-06	1E10	811.069073764266	3.04729865795516E-06	1E10	153.171901741428	2.62503209676094E-06	1E10	34.4228265114594	2.4384374837384E-06	1E10	7.05261192036568	2.03947212770199E-06	1E10	1.4493964526946	1.52245520355815E-06	1E10	0.326929691182311	1.03822735753875E-06	1E10	5.06966996479904E-02	1E-30	1.02199078673533E-10	0.23170956864123	1E-30	1.44410853117629E-11	0.113439137620531	5.85603014777991E-08	5.39179041431828E-11	0.167089675932133	1.39182745656065E-08	8.54568278223619E-11	0.161612261107998	1.62516100185481E-11	1.41751566888898E-10	7.76435841900822	1E10	1E-30	1E-10	1E10	1E-30	1E-10	1E10	1E-30	1E-10
65	2.7E-8	1E10	3703703703.7037	1E-30	4.3914424541694E-10	1E10	1E-30	1E10	1.23177588515545E-03	3.38299944076267E-05	1E10	202.663385371284	9.77414174715574E-05	1E10	20.8917089313346	1.21411742243097E-04	1E10	1.7752038510662	3.99337603665451E-04	1E10	0.452191411618233	1.72848300042349E-04	1E10	0.117271817106195	1.54874634378434E-04	1E10	7.68830109421007E-03	1E-30	1.2797189651768E-11	0.777325450461579	1E-30	1.25854103973858E-11	0.472627900688676	1E-30	1.19477571705032E-10	2.74955812641875E-03	4.88595373937687E-08	1.36014754089894E-10	0.92265549960412	4.13487391532527E-08	6.71099719716392E-11	0.605884533992095	4.52330889682181E-08	2.8877998343766E-11	0.129447058325358	7.75408736042197E-11	2.01393204094506E-10	0.232670765144159	1E10	1E-30	1E-10	1E10	1E-30	1E-10
66	2.7E-8	1E10	3703703703.7037	1E-30	4.3914424541694E-10	1E10	1E-30	1E10	1.23177588515545E-03	3.38299944076267E-05	1E10	202.663385371284	9.77414174715574E-05	1E10	20.8917089313346	1.21411742243097E-04	1E10	1.7752038510662	3.99337603665451E-04	1E10	0.452191411618233	1.72848300042349E-04	1E10	0.117271817106195	1.54874634378434E-04	1E10	7.68830109421007E-03	1E-30	1.2797189651768E-11	0.777325450461579	1E-30	1.25854103973858E-11	0.472627900688676	1E-30	1.19477571705032E-10	2.74955812641875E-03	4.88595373937687E-08	1.36014754089894E-10	0.92265549960412	4.13487391532527E-08	6.71099719716392E-11	0.605884533992095	4.52330889682181E-08	2.8877998343766E-11	0.129447058325358	7.75408736042197E-11	2.01393204094506E-10	0.232670765144159	1E10	1E-30	1E-10	1E10	1E-30	1E-10
67	2.7E-8	1E10	3703703703.7037	1E-30	4.3914424541694E-10	1E10	1E-30	1E10	1.23177588515545E-03	3.38299944076267E-05	1E10	202.663385371284	9.77414174715574E-05	1E10	20.8917089313346	1.21411742243097E-04	1E10	1.7752038510662	3.99337603665451E-04	1E10	0.452191411618233	1.72848300042349E-04	1E10	0.117271817106195	1.54874634378434E-04	1E10	7.68830109421007E-03	1E-30	1.2797189651768E-11	0.777325450461579	1E-30	1.25854103973858E-11	0.472627900688676	1E-30	1.19477571705032E-10	2.74955812641875E-03	4.88595373937687E-08	1.36014754089894E-10	0.92265549960412	4.13487391532527E-08	6.71099719716392E-11	0.605884533992095	4.52330889682181E-08	2.8877998343766E-11	0.129447058325358	7.75408736042197E-11	2.01393204094506E-10	0.232670765144159	1E10	1E-30	1E-10	1E10	1E-30	1E-10
68	2.7E-8	1E10	3703703703.7037	1E-30	1.24604777014559E-10	1E10	1E-30	1E10	3.64839538188198E-03	9.01200108030532E-06	1E10	0.2382313416286	1E-30	8.3538523217582E-11	0.228815577646509	1E-30	5.15094358788504E-11	3.46326391364302E-03	5.15544782447751E-08	8.35516328277166E-11	0.402572655928461	2.58384463325962E-08	6.63674210123715E-11	0.34264490060087	3.4061705991773E-08	2.19763185497338E-11	0.101121679212347	3.32863669044141E-08	1.35504881770816E-11	0.101121679212347	7.80308604546391E-09	2.40965541212801E-11	5.55704959603038E-02	3.73479179434188E-11	2.00426407264956E-11	2.31656383901126	2.35649431274437E-12	2.64213461961679E-10	668.104309071239	1E10	1E-30	1E-10	1E10	1E-30	1E-10	1E10	1E-30	1E-10	1E10	1E-30	1E-10	1E10	1E-30	1E-10
69	3.3E-8	1E10	3030303030.30303	1E-30	4.96726535422276E-10	1E10	1E-30	1E10	2.86479038324542E-03	3.51231451427697E-05	1E10	195.201801144867	1.41142797008594E-04	1E10	10.195242492478	1.28414504677159E-04	1E10	1.63061265720475	5.1932163263893E-04	1E10	0.125880432531458	2.65959774024415E-04	1E10	7.06212384142721E-02	2.61365904036331E-04	1E10	7.39718631856066E-03	1E-30	1.14645506880225E-11	0.424772584065177	1E-30	3.23350475687661E-11	0.257620045754273	1E-30	5.73874055014385E-12	3.31532609057873E-02	5.89814149087053E-08	1.34795097200929E-10	0.886641519034364	4.88234112865027E-08	6.70671262036295E-11	0.543611063890775	9.75412719241832E-08	1.70122746886716E-11	0.195611327387352	1.60425473282788E-09	1.84324059637466E-10	0.177870101313093	1E10	1E-30	1E-10	1E10	1E-30	1E-10
70	3.3E-8	1E10	3030303030.30303	1E-30	4.96726535422276E-10	1E10	1E-30	1E10	2.86479038324542E-03	3.51231451427697E-05	1E10	195.201801144867	1.41142797008594E-04	1E10	10.195242492478	1.28414504677159E-04	1E10	1.63061265720475	5.1932163263893E-04	1E10	0.125880432531458	2.65959774024415E-04	1E10	7.06212384142721E-02	2.61365904036331E-04	1E10	7.39718631856066E-03	1E-30	1.14645506880225E-11	0.424772584065177	1E-30	3.23350475687661E-11	0.257620045754273	1E-30	5.73874055014385E-12	3.31532609057873E-02	5.89814149087053E-08	1.34795097200929E-10	0.886641519034364	4.88234112865027E-08	6.70671262036295E-11	0.543611063890775	9.75412719241832E-08	1.70122746886716E-11	0.195611327387352	1.60425473282788E-09	1.84324059637466E-10	0.177870101313093	1E10	1E-30	1E-10	1E10	1E-30	1E-10
71	3.3E-8	1E10	3030303030.30303	1E-30	4.96726535422276E-10	1E10	1E-30	1E10	2.86479038324542E-03	3.51231451427697E-05	1E10	195.201801144867	1.41142797008594E-04	1E10	10.195242492478	1.28414504677159E-04	1E10	1.63061265720475	5.1932163263893E-04	1E10	0.125880432531458	2.65959774024415E-04	1E10	7.06212384142721E-02	2.61365904036331E-04	1E10	7.39718631856066E-03	1E-30	1.14645506880225E-11	0.424772584065177	1E-30	3.23350475687661E-11	0.257620045754273	1E-30	5.73874055014385E-12	3.31532609057873E-02	5.89814149087053E-08	1.34795097200929E-10	0.886641519034364	4.88234112865027E-08	6.70671262036295E-11	0.543611063890775	9.75412719241832E-08	1.70122746886716E-11	0.195611327387352	1.60425473282788E-09	1.84324059637466E-10	0.177870101313093	1E10	1E-30	1E-10	1E10	1E-30	1E-10
72	3.3E-8	1E10	3030303030.30303	1E-30	2.41137181290509E-11	1E10	1E-30	1E10	3.62540072353111E-03	1.32796684371028E-05	1E10	0.159495714407307	1E-30	7.7286076798351E-11	0.285864915020203	1E-30	6.550712728626E-11	5.67397409437777E-03	4.90330587449763E-08	1.15806344121559E-10	0.395022363229874	3.31504162488734E-08	6.81918309859063E-11	0.279654416786049	5.13439156101215E-08	2.01248360788881E-11	9.92251314339971E-02	3.47127472339657E-08	1.83540686442068E-11	0.113925693999447	9.34305673201366E-09	2.65297007733373E-11	7.18822533539547E-02	1.5152663748177E-12	4.8276119275908E-10	497.303691297075	1E10	1E-30	1E-10	1E10	1E-30	1E-10	1E10	1E-30	1E-10	1E10	1E-30	1E-10	1E10	1E-30	1E-10	1E10	1E-30	1E-10
73	3.31826478764025E-08	1E10	3030303030.30303	1E-30	3.03377523811856E-10	1E10	1E-30	1E10	0.026061993292498	3.5460895240629E-06	1E10	653.887756972869	4.40724347995183E-06	1E10	111.499258569978	3.7780289413255E-06	1E10	26.3179150121097	3.4781616099378E-06	1E10	5.54358590836089	2.95217286286073E-06	1E10	1.15453794649543	2.69842968498473E-06	1E10	0.253041599678679	1.67925962730352E-06	1E10	4.91154260428418E-02	1E-30	8.79998734059846E-11	0.120365775565809	9.58956373403978E-08	4.38744032465412E-11	9.78380227935587E-02	2.60339461273027E-08	5.66440063811764E-11	9.34499505199562E-02	9.43132910448948E-12	2.70437842760543E-10	16.8913766465224	1E10	1E-30	1E-10	1E10	1E-30	1E-10	1E10	1E-30	1E-10	1E10	1E-30	1E-10
74	3.9E-8	1E10	2564102564.10256	1E-30	4.45415859953293E-11	1E10	1E-30	1E10	3.12213535271088E-03	1.4458185571949E-05	1E10	0.174464205482511	1E-30	8.08264341049921E-11	0.216347665408048	1E-30	5.72207332914316E-11	3.84726598805123E-03	6.64294294582828E-08	1.17994242119998E-10	0.402485414105065	3.56747158338326E-08	8.35335262904539E-11	0.319705528488348	1.07735919457235E-07	1.38631146563728E-11	9.22040815884137E-02	3.40690891297316E-08	2.52267216432103E-11	0.108330350013672	8.17260525254093E-09	4.38390177782007E-11	7.15731524744028E-02	1.99442927971217E-12	3.79853663064997E-10	411.040448707623	1E10	1E-30	1E-10	1E10	1E-30	1E-10	1E10	1E-30	1E-10	1E10	1E-30	1E-10	1E10	1E-30	1E-10	1E10	1E-30	1E-10
75	4.69999999999999E-08	1E10	2127659574.46808	1E-30	1.84602177898865E-10	1E10	1E-30	1E10	2.84465937825225E-03	1.96151703111505E-05	1E10	0.128596174211899	1E-30	1.08187215279534E-10	0.195782890629327	1E-30	4.25794648348432E-11	2.86285263095441E-03	1.03286089264415E-07	1.00041340771138E-10	0.493251977205564	4.40597302573129E-08	9.77641218358802E-11	0.34919565790182	7.48241572386583E-08	2.75536732272303E-11	0.121079002612576	5.67599277517037E-08	2.29181471512118E-11	0.126785280205158	8.59096271090177E-09	6.02808688853807E-11	8.37662039353554E-02	3.11919002967669E-12	1.2027614600058E-10	49.3251977205564	1E10	1E-30	1E-10	1E10	1E-30	1E-10	1E10	1E-30	1E-10	1E10	1E-30	1E-10	1E10	1E-30	1E-10	1E10	1E-30	1E-10
76	4.79382694498779E-08	1E10	2127659574.46808	1E-30	3.51126700361929E-10	1E10	1E-30	1E10	2.03310727537491E-02	6.01500474643674E-06	1E10	365.553155615101	6.52869998943386E-06	1E10	83.3697209621367	5.76369197237736E-06	1E10	18.458504611751	5.25791615788129E-06	1E10	4.03260112473239	4.19107746311953E-06	1E10	0.876148934010203	3.00072374011836E-06	1E10	0.179311281928277	2.22064515703938E-06	1E10	3.50522846236773E-02	1E-30	1.55210482454044E-10	0.175697400589783	1E-30	8.1478239008644E-12	0.100004863198898	9.32607207581328E-08	7.99944258168131E-11	0.155071964724822	4.31952829910444E-08	6.41985138530347E-11	0.111039743488306	7.14525307396279E-11	3.55437850724012E-11	1.046118447662	1E10	1E-30	1E-10	1E10	1E-30	1E-10	1E10	1E-30	1E-10
77	6.99765826044666E-08	1E10	1470588235.29411	1E-30	3.53950965835312E-10	1E10	1E-30	1E10	2.25355736640395E-02	7.58995415117033E-06	1E10	267.420326026603	7.78803971735291E-06	1E10	72.2815844320389	6.77223775593317E-06	1E10	15.6530062179373	6.44984106161732E-06	1E10	3.2179716878147	5.14208572712102E-06	1E10	0.736355895459194	4.83418383430625E-06	1E10	0.125622501943618	4.02490558281829E-06	1E10	1.77396089305649E-02	1E-30	8.00135934741237E-11	7.82477845762591E-02	1E-30	1.57084910775317E-11	4.26208857735513E-02	2.35649541230851E-07	2.83890388427714E-11	3.83182780260457E-02	5.52710402272354E-08	3.97933559140438E-11	0.045561630102073	1.21127954114661E-11	2.02749840378283E-10	9.49812597371979	1E10	1E-30	1E-10	1E10	1E-30	1E-10	1E10	1E-30	1E-10
78	6.99765826044666E-08	1E10	1470588235.29411	1E-30	3.53950965835312E-10	1E10	1E-30	1E10	2.25355736640395E-02	7.58995415117033E-06	1E10	267.420326026603	7.78803971735291E-06	1E10	72.2815844320389	6.77223775593317E-06	1E10	15.6530062179373	6.44984106161732E-06	1E10	3.2179716878147	5.14208572712102E-06	1E10	0.736355895459194	4.83418383430625E-06	1E10	0.125622501943618	4.02490558281829E-06	1E10	1.77396089305649E-02	1E-30	8.00135934741237E-11	7.82477845762591E-02	1E-30	1.57084910775317E-11	4.26208857735513E-02	2.35649541230851E-07	2.83890388427714E-11	3.83182780260457E-02	5.52710402272354E-08	3.97933559140438E-11	0.045561630102073	1.21127954114661E-11	2.02749840378283E-10	9.49812597371979	1E10	1E-30	1E-10	1E10	1E-30	1E-10	1E10	1E-30	1E-10
79	6.99765826044666E-08	1E10	1470588235.29411	1E-30	3.53950965835312E-10	1E10	1E-30	1E10	2.25355736640395E-02	7.58995415117033E-06	1E10	267.420326026603	7.78803971735291E-06	1E10	72.2815844320389	6.77223775593317E-06	1E10	15.6530062179373	6.44984106161732E-06	1E10	3.2179716878147	5.14208572712102E-06	1E10	0.736355895459194	4.83418383430625E-06	1E10	0.125622501943618	4.02490558281829E-06	1E10	1.77396089305649E-02	1E-30	8.00135934741237E-11	7.82477845762591E-02	1E-30	1.57084910775317E-11	4.26208857735513E-02	2.35649541230851E-07	2.83890388427714E-11	3.83182780260457E-02	5.52710402272354E-08	3.97933559140438E-11	0.045561630102073	1.21127954114661E-11	2.02749840378283E-10	9.49812597371979	1E10	1E-30	1E-10	1E10	1E-30	1E-10	1E10	1E-30	1E-10
80	6.99765826044666E-08	1E10	1470588235.29411	1E-30	3.53950965835312E-10	1E10	1E-30	1E10	2.25355736640395E-02	7.58995415117033E-06	1E10	267.420326026603	7.78803971735291E-06	1E10	72.2815844320389	6.77223775593317E-06	1E10	15.6530062179373	6.44984106161732E-06	1E10	3.2179716878147	5.14208572712102E-06	1E10	0.736355895459194	4.83418383430625E-06	1E10	0.125622501943618	4.02490558281829E-06	1E10	1.77396089305649E-02	1E-30	8.00135934741237E-11	7.82477845762591E-02	1E-30	1.57084910775317E-11	4.26208857735513E-02	2.35649541230851E-07	2.83890388427714E-11	3.83182780260457E-02	5.52710402272354E-08	3.97933559140438E-11	0.045561630102073	1.21127954114661E-11	2.02749840378283E-10	9.49812597371979	1E10	1E-30	1E-10	1E10	1E-30	1E-10	1E10	1E-30	1E-10
81	1.04698817423838E-07	1E10	5E9	1E-30	1.32543215332253E-10	1E10	1E-30	1E10	1.58055937275404E-02	1.59875856724969E-05	1E10	248.872697779635	2.17104955693168E-05	1E10	26.6671900217444	1.93802679078395E-05	1E10	4.03624254215971	2.16092541571254E-05	1E10	0.610910030110258	1.39908105575578E-05	1E10	0.153453661550706	6.94243633851007E-06	1E10	3.13301667540871E-02	1E-30	6.94984086270586E-11	0.072367390207134	3.69360734133117E-07	2.13019533623173E-11	2.63459058186205E-02	5.13136776834614E-08	4.07914380248717E-11	3.26956466337505E-02	1.15631436245111E-11	1.51888067290622E-10	23.3337592690387	1.16124442820378E-11	1.00117613432703E-10	14.7313965074192	4.64761567214072E-12	1.5983676970309E-10	24.2442344046875	1E10	1E-30	1E-10	1E10	1E-30	1E-10	1E10	1E-30	1E-10
82	1.00882913875501E-07	1E10	5E9	1E-30	9.11711159947773E-11	1E10	1E-30	1E10	1.29933056988292E-02	1.26158432443923E-05	1E10	315.387049459888	2.05968845933633E-05	1E10	28.108900370636	2.05255241455147E-05	1E10	4.45496048449886	1.6300611234516E-05	1E10	0.888881476939608	1.21053200303352E-05	1E10	0.147517606139273	1.27280100569626E-05	1E10	1.99094172071178E-02	8.30474668935272E-06	1E10	7.11477068578384E-03	1E-30	1.05567877798036E-10	0.123161275335695	1.74472595099663E-07	7.39332822520799E-11	7.77859995442357E-02	6.22436125360706E-08	7.20345820555563E-11	7.95443898014969E-02	1.11915634053787E-11	9.21390582845776E-11	10.5854694904124	2.22788400278663E-12	1.90265474762477E-10	61.186028855909	1E10	1E-30	1E-10	1E10	1E-30	1E-10	1E10	1E-30	1E-10
83	1.01518369294212E-07	1E10	1E9	1E-30	3.44586034975323E-10	1E10	1E-30	1E10	1.72090347268588E-02	8.87731418839477E-06	1E10	201.638096429613	1.10257171146916E-05	1E10	31.3171450744973	9.09459273741702E-06	1E10	6.75698681915338	8.21687832678545E-06	1E10	1.17059998643123	6.76676156912705E-06	1E10	0.193561229687868	5.76921616126523E-06	1E10	2.80432492206974E-02	1E-30	2.98955348099451E-11	0.248070559105517	1E-30	6.79371433351942E-11	6.77370432571249E-02	3.60511579172291E-07	3.75402162386487E-11	4.09734165032397E-02	7.29322756427496E-08	6.39165326642561E-11	5.08456197116645E-02	1.12181758988906E-11	2.57283749588389E-10	13.5594461140779	1E10	1E-30	1E-10	1E10	1E-30	1E-10	1E10	1E-30	1E-10	1E10	1E-30	1E-10
84	1.01518369294212E-07	1E10	1E9	1E-30	3.44586034975323E-10	1E10	1E-30	1E10	1.72090347268588E-02	8.87731418839477E-06	1E10	201.638096429613	1.10257171146916E-05	1E10	31.3171450744973	9.09459273741702E-06	1E10	6.75698681915338	8.21687832678545E-06	1E10	1.17059998643123	6.76676156912705E-06	1E10	0.193561229687868	5.76921616126523E-06	1E10	2.80432492206974E-02	1E-30	2.98955348099451E-11	0.248070559105517	1E-30	6.79371433351942E-11	6.77370432571249E-02	3.60511579172291E-07	3.75402162386487E-11	4.09734165032397E-02	7.29322756427496E-08	6.39165326642561E-11	5.08456197116645E-02	1.12181758988906E-11	2.57283749588389E-10	13.5594461140779	1E10	1E-30	1E-10	1E10	1E-30	1E-10	1E10	1E-30	1E-10	1E10	1E-30	1E-10
85	1.01518369294212E-07	1E10	1E9	1E-30	3.44586034975323E-10	1E10	1E-30	1E10	1.72090347268588E-02	8.87731418839477E-06	1E10	201.638096429613	1.10257171146916E-05	1E10	31.3171450744973	9.09459273741702E-06	1E10	6.75698681915338	8.21687832678545E-06	1E10	1.17059998643123	6.76676156912705E-06	1E10	0.193561229687868	5.76921616126523E-06	1E10	2.80432492206974E-02	1E-30	2.98955348099451E-11	0.248070559105517	1E-30	6.79371433351942E-11	6.77370432571249E-02	3.60511579172291E-07	3.75402162386487E-11	4.09734165032397E-02	7.29322756427496E-08	6.39165326642561E-11	5.08456197116645E-02	1.12181758988906E-11	2.57283749588389E-10	13.5594461140779	1E10	1E-30	1E-10	1E10	1E-30	1E-10	1E10	1E-30	1E-10	1E10	1E-30	1E-10
86	1.01518369294212E-07	1E10	1E9	1E-30	3.44586034975323E-10	1E10	1E-30	1E10	1.72090347268588E-02	8.87731418839477E-06	1E10	201.638096429613	1.10257171146916E-05	1E10	31.3171450744973	9.09459273741702E-06	1E10	6.75698681915338	8.21687832678545E-06	1E10	1.17059998643123	6.76676156912705E-06	1E10	0.193561229687868	5.76921616126523E-06	1E10	2.80432492206974E-02	1E-30	2.98955348099451E-11	0.248070559105517	1E-30	6.79371433351942E-11	6.77370432571249E-02	3.60511579172291E-07	3.75402162386487E-11	4.09734165032397E-02	7.29322756427496E-08	6.39165326642561E-11	5.08456197116645E-02	1.12181758988906E-11	2.57283749588389E-10	13.5594461140779	1E10	1E-30	1E-10	1E10	1E-30	1E-10	1E10	1E-30	1E-10	1E10	1E-30	1E-10
87	1.55735315013616E-07	1E10	3333333333.33333	1E-30	5.45166223737179E-11	1E10	1E-30	1E10	1.12340695316547E-02	2.14561296744481E-05	1E10	185.442278624731	4.2328084127421E-05	1E10	14.7302037823231	3.55224651941025E-05	1E10	3.70005990141885	2.12113897040958E-05	1E10	0.73825900844285	1.59121850972222E-05	1E10	9.46389417421137E-02	1.10417717134924E-05	1E10	1.37160232485711E-02	1E-30	1.03950450615684E-10	8.10099019570859E-02	3.7514406960336E-07	4.43511892921591E-11	0.041526707342794	1.06696185246782E-07	5.03416682325138E-11	4.55360006335552E-02	6.82834935075002E-12	2.34798526167096E-10	25.1527829841907	5.95968317682091E-12	1.34354341413894E-10	19.1232200057514	1.79373402695436E-12	1.2879878843746E-10	13.3297927340337	1E10	1E-30	1E-10	1E10	1E-30	1E-10	1E10	1E-30	1E-10
88	1.51719323996518E-07	1E10	666666666.666666	1E-30	3.95401775867005E-10	1E10	1E-30	1E10	1.44014928246089E-02	1.15406660533843E-05	1E10	150.166515950816	1.420123738647E-05	1E10	23.4645103666596	1.15402038419371E-05	1E10	5.04069823347809	1.01016722613762E-05	1E10	0.87401180194864	1.13309004719162E-05	1E10	0.124279498556101	7.44484628987944E-06	1E10	2.34234921834776E-02	1E-30	1.1389799827321E-10	6.75135007447566E-02	1E-30	1.78379653625975E-11	1.44475653633558E-02	3.77911282925669E-07	4.29399000279077E-11	3.56913905169859E-02	1.46027246096594E-07	3.57803641613636E-11	3.19070104431132E-02	3.21842569894573E-11	7.2431627335585E-11	2.30018412876557	1E10	1E-30	1E-10	1E10	1E-30	1E-10	1E10	1E-30	1E-10	1E10	1E-30	1E-10
89	1.51719323996518E-07	1E10	666666666.666666	1E-30	3.95401775867005E-10	1E10	1E-30	1E10	1.44014928246089E-02	1.15406660533843E-05	1E10	150.166515950816	1.420123738647E-05	1E10	23.4645103666596	1.15402038419371E-05	1E10	5.04069823347809	1.01016722613762E-05	1E10	0.87401180194864	1.13309004719162E-05	1E10	0.124279498556101	7.44484628987944E-06	1E10	2.34234921834776E-02	1E-30	1.1389799827321E-10	6.75135007447566E-02	1E-30	1.78379653625975E-11	1.44475653633558E-02	3.77911282925669E-07	4.29399000279077E-11	3.56913905169859E-02	1.46027246096594E-07	3.57803641613636E-11	3.19070104431132E-02	3.21842569894573E-11	7.2431627335585E-11	2.30018412876557	1E10	1E-30	1E-10	1E10	1E-30	1E-10	1E10	1E-30	1E-10	1E10	1E-30	1E-10
90	2.24978192845125E-07	1E10	454545454.545454	1E-30	3.13684315048464E-10	1E10	1E-30	1E10	9.65770789369869E-03	1.916364279996E-05	1E10	99.6639579393793	2.29311094030657E-05	1E10	17.9743752218755	1.90429543439554E-05	1E10	3.96175767444005	1.61250472049924E-05	1E10	0.789043479514905	1.69538771118535E-05	1E10	0.109839010757756	1.37929249726352E-05	1E10	1.53612873024786E-02	1E-30	1.74729172308666E-11	0.167458810188709	1E-30	1.76057166020775E-10	8.24773427368951E-02	6.56129031094427E-07	5.36716280251574E-11	4.61558580457945E-02	1.71619270453832E-07	7.78658073552456E-11	4.49795216530468E-02	1.53001342536631E-11	1.52356459129274E-10	7.15558888813845	1E10	1E-30	1E-10	1E10	1E-30	1E-10	1E10	1E-30	1E-10	1E10	1E-30	1E-10
91	2.24978192845125E-07	1E10	454545454.545454	1E-30	3.13684315048464E-10	1E10	1E-30	1E10	9.65770789369869E-03	1.916364279996E-05	1E10	99.6639579393793	2.29311094030657E-05	1E10	17.9743752218755	1.90429543439554E-05	1E10	3.96175767444005	1.61250472049924E-05	1E10	0.789043479514905	1.69538771118535E-05	1E10	0.109839010757756	1.37929249726352E-05	1E10	1.53612873024786E-02	1E-30	1.74729172308666E-11	0.167458810188709	1E-30	1.76057166020775E-10	8.24773427368951E-02	6.56129031094427E-07	5.36716280251574E-11	4.61558580457945E-02	1.71619270453832E-07	7.78658073552456E-11	4.49795216530468E-02	1.53001342536631E-11	1.52356459129274E-10	7.15558888813845	1E10	1E-30	1E-10	1E10	1E-30	1E-10	1E10	1E-30	1E-10	1E10	1E-30	1E-10
92	4.71089830513338E-07	1E10	1063829787.23404	1E-30	1.5E-11	1E10	1E-30	1E10	8.09377729554992E-03	6.69722351002941E-05	1E10	82.7681077628638	9.41142352959491E-05	1E10	8.6668848506648	7.20144824122055E-05	1E10	1.28192620819062	7.33639964063254E-05	1E10	0.136879103065738	1.01749733987451E-04	1E10	0.01969186497291	5.74872395415036E-05	1E10	7.89133784235E-3	4.479385426114E-05	1E10	1.65231477472323E-03	1E-30	1.2887046505032E-10	4.59906608551911E-02	1E-30	1.75010279528263E-11	3.67940808564242E-02	1.12246320055161E-06	4.88228120495224E-11	2.04407350686798E-02	3.39314211927393E-07	5.50089318004953E-11	2.16573184644285E-02	2.76246139666997E-11	4.73629443224025E-11	7.05248884169528	1.44889977339317E-12	3.02673733768414E-10	64.8392855432793	1E10	1E-30	1E-10	1E10	1E-30	1E-10
93	4.71089830513338E-07	1E10	1063829787.23404	1E-30	1.5E-11	1E10	1E-30	1E10	8.09377729554992E-03	6.69722351002941E-05	1E10	82.7681077628638	9.41142352959491E-05	1E10	8.6668848506648	7.20144824122055E-05	1E10	1.28192620819062	7.33639964063254E-05	1E10	0.136879103065738	1.01749733987451E-04	1E10	0.01969186497291	5.74872395415036E-05	1E10	7.89133784235E-3	4.479385426114E-05	1E10	1.65231477472323E-03	1E-30	1.2887046505032E-10	4.59906608551911E-02	1E-30	1.75010279528263E-11	3.67940808564242E-02	1.12246320055161E-06	4.88228120495224E-11	2.04407350686798E-02	3.39314211927393E-07	5.50089318004953E-11	2.16573184644285E-02	2.76246139666997E-11	4.73629443224025E-11	7.05248884169528	1.44889977339317E-12	3.02673733768414E-10	64.8392855432793	1E10	1E-30	1E-10	1E10	1E-30	1E-10
94	6.79351127893737E-07	1E10	735294117.647058	1E-30	6.60142847750675E-11	1E10	1E-30	1E10	5.82787035649705E-03	1.00563495803285E-04	1E10	36.7387383251299	1.70573240482475E-04	1E10	3.93662673654494	1.11115605433557E-04	1E10	1.27386744164552	9.32977993944528E-05	1E10	0.164105916061633	6.96220139538896E-05	1E10	2.86169522014014E-02	5.2339522181444E-05	1E10	4.81449033553622E-03	1E-30	1.7645609362009E-10	4.44405601864707E-02	1E-30	2.22476533742217E-11	3.54091508533632E-02	1.58005882716294E-06	6.28922152797281E-11	2.67674275617168E-02	5.24173008702462E-07	7.26822530833743E-11	2.41249010586579E-02	1.51988127985872E-11	5.95657180240932E-11	7.14777739009819	1.64972756581658E-12	1.85997798994247E-10	24.6885041561659	1E10	1E-30	1E-10	1E10	1E-30	1E-10	1E10	1E-30	1E-10
95	6.79351127893737E-07	1E10	735294117.647058	1E-30	6.60142847750675E-11	1E10	1E-30	1E10	5.82787035649705E-03	1.00563495803285E-04	1E10	36.7387383251299	1.70573240482475E-04	1E10	3.93662673654494	1.11115605433557E-04	1E10	1.27386744164552	9.32977993944528E-05	1E10	0.164105916061633	6.96220139538896E-05	1E10	2.86169522014014E-02	5.2339522181444E-05	1E10	4.81449033553622E-03	1E-30	1.7645609362009E-10	4.44405601864707E-02	1E-30	2.22476533742217E-11	3.54091508533632E-02	1.58005882716294E-06	6.28922152797281E-11	2.67674275617168E-02	5.24173008702462E-07	7.26822530833743E-11	2.41249010586579E-02	1.51988127985872E-11	5.95657180240932E-11	7.14777739009819	1.64972756581658E-12	1.85997798994247E-10	24.6885041561659	1E10	1E-30	1E-10	1E10	1E-30	1E-10	1E10	1E-30	1E-10
96	6.72920062402663E-07	1E10	735294117.647058	1E-30	7.5199196166196E-12	1E10	1E-30	1E10	5.97816918097603E-03	9.43337194390525E-05	1E10	42.1786992070006	1.30060785415412E-04	1E10	5.56023544531723	9.05798435786041E-05	1E10	1.05948102236788	7.94032090865086E-05	1E10	0.1147127553078	5.81508036941684E-05	1E10	1.41340506965803E-02	6.54476149163376E-05	1E10	2.11637914283759E-03	1E-30	1.55050376388789E-10	4.28411689043667E-02	1E-30	1.21648939378731E-11	2.98341978496238E-02	1.47287930408373E-06	6.85685576128183E-11	2.78242749697639E-02	4.8856294539766E-07	7.33211840549345E-11	2.33014455687874E-02	1.4229292051065E-11	9.42022585897902E-11	10.8226420076415	1.50457048064306E-12	2.95095012552741E-10	65.0842224873245	1E10	1E-30	1E-10	1E10	1E-30	1E-10	1E10	1E-30	1E-10
97	9.36483830175906E-07	1E10	5E8	1E-30	1.23798305798564E-11	1E10	1E-30	1E10	4.44335763205353E-03	5.46203855830994E-04	1E10	4.96516552932982	2.38426630700854E-04	1E10	2.3223824003754	1.31630806052026E-04	1E10	0.441285156375497	1.19870758527955E-04	1E10	5.83900842503266E-02	8.53702358618859E-05	1E10	9.93755914202426E-03	1E-30	2.18928201820569E-10	4.78289464577682E-02	1E-30	1.63953838468191E-11	4.06026173430355E-02	1.54496099917894E-06	1.20551705416791E-10	4.10802020546617E-02	9.66589202825915E-07	7.44316272880358E-11	2.94243944185194E-02	9.66913862720935E-12	9.22224242261802E-11	13.3081528229807	2.03563736470464E-12	2.11173284193393E-10	94.6970887519848	1E10	1E-30	1E-10	1E10	1E-30	1E-10	1E10	1E-30	1E-10	1E10	1E-30	1E-10
98	9.36483830175906E-07	1E10	5E8	1E-30	1.23798305798564E-11	1E10	1E-30	1E10	4.44335763205353E-03	5.46203855830994E-04	1E10	4.96516552932982	2.38426630700854E-04	1E10	2.3223824003754	1.31630806052026E-04	1E10	0.441285156375497	1.19870758527955E-04	1E10	5.83900842503266E-02	8.53702358618859E-05	1E10	9.93755914202426E-03	1E-30	2.18928201820569E-10	4.78289464577682E-02	1E-30	1.63953838468191E-11	4.06026173430355E-02	1.54496099917894E-06	1.20551705416791E-10	4.10802020546617E-02	9.66589202825915E-07	7.44316272880358E-11	2.94243944185194E-02	9.66913862720935E-12	9.22224242261802E-11	13.3081528229807	2.03563736470464E-12	2.11173284193393E-10	94.6970887519848	1E10	1E-30	1E-10	1E10	1E-30	1E-10	1E10	1E-30	1E-10	1E10	1E-30	1E-10
99	9.36483830175906E-07	1E10	5E8	1E-30	1.23798305798564E-11	1E10	1E-30	1E10	4.44335763205353E-03	5.46203855830994E-04	1E10	4.96516552932982	2.38426630700854E-04	1E10	2.3223824003754	1.31630806052026E-04	1E10	0.441285156375497	1.19870758527955E-04	1E10	5.83900842503266E-02	8.53702358618859E-05	1E10	9.93755914202426E-03	1E-30	2.18928201820569E-10	4.78289464577682E-02	1E-30	1.63953838468191E-11	4.06026173430355E-02	1.54496099917894E-06	1.20551705416791E-10	4.10802020546617E-02	9.66589202825915E-07	7.44316272880358E-11	2.94243944185194E-02	9.66913862720935E-12	9.22224242261802E-11	13.3081528229807	2.03563736470464E-12	2.11173284193393E-10	94.6970887519848	1E10	1E-30	1E-10	1E10	1E-30	1E-10	1E10	1E-30	1E-10	1E10	1E-30	1E-10
100	1.02081860486396E-06	1E10	5E8	1E-30	6.32712938854338E-11	1E10	1E-30	1E10	4.40016039619498E-03	2.34713691330114E-05	1E10	375.111564380779	1.31047606659316E-04	1E10	2.33898320050275	1.18247683248233E-04	1E10	0.241774260068101	1.02884541379689E-04	1E10	2.75720948977631E-02	9.2881609926153E-05	1E10	5.33200238287859E-03	1E-30	1.51298089579741E-10	4.05201915266824E-02	1E-30	7.72190895593195E-12	2.22459728472818E-02	2.42441617000448E-06	8.38775556526488E-11	2.95478066411533E-02	7.13588860010816E-07	6.71934463598682E-11	1.84783762925445E-02	7.38932553066134E-12	1.48166735290957E-10	22.1266132129126	2.40421240843125E-12	2.00782864560511E-10	51.5856999377888	1E10	1E-30	1E-10	1E10	1E-30	1E-10	1E10	1E-30	1E-10	1E10	1E-30	1E-10
101	1.02081860486396E-06	1E10	5E8	1E-30	6.32712938854338E-11	1E10	1E-30	1E10	4.40016039619498E-03	2.34713691330114E-05	1E10	375.111564380779	1.31047606659316E-04	1E10	2.33898320050275	1.18247683248233E-04	1E10	0.241774260068101	1.02884541379689E-04	1E10	2.75720948977631E-02	9.2881609926153E-05	1E10	5.33200238287859E-03	1E-30	1.51298089579741E-10	4.05201915266824E-02	1E-30	7.72190895593195E-12	2.22459728472818E-02	2.42441617000448E-06	8.38775556526488E-11	2.95478066411533E-02	7.13588860010816E-07	6.71934463598682E-11	1.84783762925445E-02	7.38932553066134E-12	1.48166735290957E-10	22.1266132129126	2.40421240843125E-12	2.00782864560511E-10	51.5856999377888	1E10	1E-30	1E-10	1E10	1E-30	1E-10	1E10	1E-30	1E-10	1E10	1E-30	1E-10
102	2.10528134697584E-06	1E10	227272727.272727	1E-30	1.2454486579631E-10	1E10	1E-30	1E10	3.83435089788541E-03	3.24564639323972E-04	1E10	4.35104930100964	2.90481075800081E-04	1E10	0.473451010428888	2.54680012148741E-04	1E10	6.43101905480722E-02	1.96007495934665E-04	1E10	7.90467105956384E-03	1E-30	1.45749850001009E-11	3.00861786040588E-02	1E-30	1.49069781856319E-10	2.87959400213403E-02	6.15834410660424E-06	4.63777003913487E-11	8.97439327722165E-03	1.31265944287022E-06	8.04526376750908E-11	1.25642688290932E-02	9.39227242961676E-12	1.42804041708895E-10	24.1640167275272	3.59118547140188E-12	1.57483297363999E-10	49.0881836396905	1E10	1E-30	1E-10	1E10	1E-30	1E-10	1E10	1E-30	1E-10	1E10	1E-30	1E-10	1E10	1E-30	1E-10
103	2.15825119315215E-06	1E10	227272727.272727	1E-30	1.17189093925174E-10	1E10	1E-30	1E10	3.12044703306802E-03	3.59042505094298E-04	1E10	2.00257216737413	3.04447396440202E-04	1E10	0.266997441242737	2.91403512000784E-04	1E10	3.54633596699341E-02	2.016479999486E-04	1E10	5.07647864741168E-03	1E-30	2.19951893380142E-10	2.99800958550171E-02	1E-30	1.45954240356662E-11	2.42437999608184E-02	4.34883188998529E-06	1.00707901478011E-10	1.91648452927988E-02	2.25597735674611E-06	7.56285106142E-11	1.72353289259203E-02	1.40700231752989E-11	1.22074863857438E-10	18.8260069127042	3.1658325057445E-12	2.18082186461477E-10	44.0814101943785	1E10	1E-30	1E-10	1E10	1E-30	1E-10	1E10	1E-30	1E-10	1E10	1E-30	1E-10	1E10	1E-30	1E-10
104	2.10528134697584E-06	1E10	227272727.272727	1E-30	1.2454486579631E-10	1E10	1E-30	1E10	3.83435089788541E-03	3.24564639323972E-04	1E10	4.35104930100964	2.90481075800081E-04	1E10	0.473451010428888	2.54680012148741E-04	1E10	6.43101905480722E-02	1.96007495934665E-04	1E10	7.90467105956384E-03	1E-30	1.45749850001009E-11	3.00861786040588E-02	1E-30	1.49069781856319E-10	2.87959400213403E-02	6.15834410660424E-06	4.63777003913487E-11	8.97439327722165E-03	1.31265944287022E-06	8.04526376750908E-11	1.25642688290932E-02	9.39227242961676E-12	1.42804041708895E-10	24.1640167275272	3.59118547140188E-12	1.57483297363999E-10	49.0881836396905	1E10	1E-30	1E-10	1E10	1E-30	1E-10	1E10	1E-30	1E-10	1E10	1E-30	1E-10	1E10	1E-30	1E-10
105	2.10528134697584E-06	1E10	227272727.272727	1E-30	1.2454486579631E-10	1E10	1E-30	1E10	3.83435089788541E-03	3.24564639323972E-04	1E10	4.35104930100964	2.90481075800081E-04	1E10	0.473451010428888	2.54680012148741E-04	1E10	6.43101905480722E-02	1.96007495934665E-04	1E10	7.90467105956384E-03	1E-30	1.45749850001009E-11	3.00861786040588E-02	1E-30	1.49069781856319E-10	2.87959400213403E-02	6.15834410660424E-06	4.63777003913487E-11	8.97439327722165E-03	1.31265944287022E-06	8.04526376750908E-11	1.25642688290932E-02	9.39227242961676E-12	1.42804041708895E-10	24.1640167275272	3.59118547140188E-12	1.57483297363999E-10	49.0881836396905	1E10	1E-30	1E-10	1E10	1E-30	1E-10	1E10	1E-30	1E-10	1E10	1E-30	1E-10	1E10	1E-30	1E-10
106	2.15825119315215E-06	1E10	227272727.272727	1E-30	1.17189093925174E-10	1E10	1E-30	1E10	3.12044703306802E-03	3.59042505094298E-04	1E10	2.00257216737413	3.04447396440202E-04	1E10	0.266997441242737	2.91403512000784E-04	1E10	3.54633596699341E-02	2.016479999486E-04	1E10	5.07647864741168E-03	1E-30	2.19951893380142E-10	2.99800958550171E-02	1E-30	1.45954240356662E-11	2.42437999608184E-02	4.34883188998529E-06	1.00707901478011E-10	1.91648452927988E-02	2.25597735674611E-06	7.56285106142E-11	1.72353289259203E-02	1.40700231752989E-11	1.22074863857438E-10	18.8260069127042	3.1658325057445E-12	2.18082186461477E-10	44.0814101943785	1E10	1E-30	1E-10	1E10	1E-30	1E-10	1E10	1E-30	1E-10	1E10	1E-30	1E-10	1E10	1E-30	1E-10
107	2.18016916773137E-06	1E10	227272727.272727	1E-30	1.27911453597783E-10	1E10	1E-30	1E10	2.49534510352985E-03	8.4308810131156E-05	1E10	90.9548614978481	3.62248043720302E-04	1E10	1.4434004730095	2.75697834256441E-04	1E10	0.191343302017462	2.39141675550028E-04	1E10	2.21946973943947E-02	1.81788591333983E-04	1E10	2.69426727946564E-03	1E-30	3.17597541507028E-10	3.01647185714796E-02	1E-30	1.75567618768708E-11	2.18356256526399E-02	4.3314368438103E-06	1.34651819979834E-10	0.035008932637636	2.63886999022013E-06	7.73615160067503E-11	1.85537831722983E-02	1.81143906848042E-12	2.73641528744273E-10	46.4617003531009	1E10	1E-30	1E-10	1E10	1E-30	1E-10	1E10	1E-30	1E-10	1E10	1E-30	1E-10	1E10	1E-30	1E-10
108	2.18016916773137E-06	1E10	227272727.272727	1E-30	1.27911453597783E-10	1E10	1E-30	1E10	2.49534510352985E-03	8.4308810131156E-05	1E10	90.9548614978481	3.62248043720302E-04	1E10	1.4434004730095	2.75697834256441E-04	1E10	0.191343302017462	2.39141675550028E-04	1E10	2.21946973943947E-02	1.81788591333983E-04	1E10	2.69426727946564E-03	1E-30	3.17597541507028E-10	3.01647185714796E-02	1E-30	1.75567618768708E-11	2.18356256526399E-02	4.3314368438103E-06	1.34651819979834E-10	0.035008932637636	2.63886999022013E-06	7.73615160067503E-11	1.85537831722983E-02	1.81143906848042E-12	2.73641528744273E-10	46.4617003531009	1E10	1E-30	1E-10	1E10	1E-30	1E-10	1E10	1E-30	1E-10	1E10	1E-30	1E-10	1E10	1E-30	1E-10
109	4.53916166737156E-06	1E10	106382978.723404	1E-30	1.27058948614072E-10	1E10	1E-30	1E10	2.52091907325346E-03	7.60816884707661E-04	1E10	2.75412323390041	6.43025019859993E-04	1E10	0.33441112326599	6.05577346378612E-04	1E10	4.75871687831342E-02	6.39200398922368E-04	1E10	6.5773028782938E-03	8.93893127252118E-04	1E10	1.22171714372063E-03	1E-30	2.38513688662153E-10	2.02162923267549E-02	1E-30	2.21921095183252E-11	1.86359919336485E-02	1.08385935700994E-05	8.84656890926679E-11	0.011114437278668	4.93528341458381E-06	7.9044130881512E-11	0.011117380139235	1.20447747578958E-11	1.3861136209593E-10	24.7967267578447	3.39311759677225E-12	2.16863103191996E-10	33.783253137899	1E10	1E-30	1E-10	1E10	1E-30	1E-10	1E10	1E-30	1E-10	1E10	1E-30	1E-10
110	4.50945070628329E-06	1E10	106382978.723404	1E-30	1.25234583037265E-11	1E10	1E-30	1E10	1.91715073417159E-03	7.37482021082657E-04	1E10	7.19361912300129	6.40004590855859E-04	1E10	0.835627424161305	5.22414914177752E-04	1E10	0.108136228751667	5.50567626025286E-04	1E10	1.05654550358334E-02	5.09402071955109E-04	1E10	1.65227760412229E-03	1E-30	2.56536368821495E-11	3.41284565673556E-02	1E-30	3.18079871335187E-10	2.49646711598967E-02	1.02517523128673E-05	1.11380994577461E-10	1.77612000093958E-02	5.52544610502919E-06	8.26942724124026E-11	1.33470496455117E-02	1.17958346298937E-11	8.05945789807652E-11	14.9253533642886	2.1998675101938E-12	2.25114001342956E-10	66.5407626138291	1E10	1E-30	1E-10	1E10	1E-30	1E-10	1E10	1E-30	1E-10	1E10	1E-30	1E-10
111	4.63315086936373E-06	1E10	106382978.723404	1E-30	2.5224633348403E-11	1E10	1E-30	1E10	1.98748065289072E-03	2.96601965606193E-04	1E10	17.4649781566118	5.7653071185042E-04	1E10	0.531659708913754	5.3752826609288E-04	1E10	5.60876109691235E-02	4.66575076175406E-04	1E10	6.01644573263433E-03	4.50993133564171E-04	1E10	6.06247113171146E-04	1E-30	2.45654140230152E-11	2.97272532593515E-02	1E-30	3.57935156974789E-10	2.52206560100536E-02	7.37340912155899E-06	1.5837846687559E-10	2.14970421883775E-02	6.24127433818298E-06	7.51547741722804E-11	1.22153433434355E-02	1.2413792429924E-12	2.92692565189465E-10	78.9917730847245	1E10	1E-30	1E-10	1E10	1E-30	1E-10	1E10	1E-30	1E-10	1E10	1E-30	1E-10	1E10	1E-30	1E-10
112	4.52778799423961E-06	1E10	10638298	1E-30	1.19195896957408E-10	1E10	1E-30	1E10	2.51718813422859E-03	4.907550177367E-04	1E10	6.81517987627267	4.76436717524982E-04	1E10	0.951177323419382	3.99100498307996E-04	1E10	0.163475360457377	4.88349132119916E-04	1E10	1.75547194134127E-02	3.66601027335878E-04	1E10	3.21924856411434E-03	1E-30	1.4909942442717E-11	7.35399946917895E-02	1E-30	2.65623758751685E-10	2.27048153708236E-02	1E-30	2.80723508149691E-11	2.20819329732235E-02	7.55411484230498E-06	1.36950852650872E-10	1.68335183355768E-02	5.1697409179606E-06	8.04843281640202E-11	1.23908881145985E-02	2.17486435385947E-11	5.27003587387751E-11	10.8971662224268	2.53271913479991E-12	1.68497008637345E-10	82.8349356172416	1E10	1E-30	1E-10	1E10	1E-30	1E-10	1E10	1E-30	1E-10
113	4.52778799423961E-06	1E10	10638298	1E-30	1.19195896957408E-10	1E10	1E-30	1E10	2.51718813422859E-03	4.907550177367E-04	1E10	6.81517987627267	4.76436717524982E-04	1E10	0.951177323419382	3.99100498307996E-04	1E10	0.163475360457377	4.88349132119916E-04	1E10	1.75547194134127E-02	3.66601027335878E-04	1E10	3.21924856411434E-03	1E-30	1.4909942442717E-11	7.35399946917895E-02	1E-30	2.65623758751685E-10	2.27048153708236E-02	1E-30	2.80723508149691E-11	2.20819329732235E-02	7.55411484230498E-06	1.36950852650872E-10	1.68335183355768E-02	5.1697409179606E-06	8.04843281640202E-11	1.23908881145985E-02	2.17486435385947E-11	5.27003587387751E-11	10.8971662224268	2.53271913479991E-12	1.68497008637345E-10	82.8349356172416	1E10	1E-30	1E-10	1E10	1E-30	1E-10	1E10	1E-30	1E-10
114	4.44090601079274E-06	1E10	10638298	1E-30	1.0443239868326E-10	1E10	1E-30	1E10	2.62213708143134E-03	6.26924922315123E-04	1E10	2.10187829430582	4.56574366804043E-04	1E10	0.460867189722496	4.69910502235406E-04	1E10	7.37300173766942E-02	6.05605628751486E-04	1E10	1.15880541727981E-02	3.17593562766424E-04	1E10	3.4545802458295E-03	1E-30	1.94781333815738E-11	0.130262745295444	1E-30	2.48522373352501E-10	2.43902666958285E-02	1E-30	2.64527630091736E-11	2.39904885272069E-02	8.31782893946469E-06	1.21507448647959E-10	1.49180141944971E-02	3.922911226735E-06	1.02879149505662E-10	1.22098287925719E-02	3.75205892129543E-11	3.65568928161217E-11	8.59041223877607	1.99256053633921E-12	2.06763654149018E-10	96.4241323926108	1E10	1E-30	1E-10	1E10	1E-30	1E-10	1E10	1E-30	1E-10
115	4.53916166737156E-06	1E10	106382978.723404	1E-30	1.27058948614072E-10	1E10	1E-30	1E10	2.52091907325346E-03	7.60816884707661E-04	1E10	2.75412323390041	6.43025019859993E-04	1E10	0.33441112326599	6.05577346378612E-04	1E10	4.75871687831342E-02	6.39200398922368E-04	1E10	6.5773028782938E-03	8.93893127252118E-04	1E10	1.22171714372063E-03	1E-30	2.38513688662153E-10	2.02162923267549E-02	1E-30	2.21921095183252E-11	1.86359919336485E-02	1.08385935700994E-05	8.84656890926679E-11	0.011114437278668	4.93528341458381E-06	7.9044130881512E-11	0.011117380139235	1.20447747578958E-11	1.3861136209593E-10	24.7967267578447	3.39311759677225E-12	2.16863103191996E-10	33.783253137899	1E10	1E-30	1E-10	1E10	1E-30	1E-10	1E10	1E-30	1E-10	1E10	1E-30	1E-10
116	4.50945070628329E-06	1E10	106382978.723404	1E-30	1.25234583037265E-11	1E10	1E-30	1E10	1.91715073417159E-03	7.37482021082657E-04	1E10	7.19361912300129	6.40004590855859E-04	1E10	0.835627424161305	5.22414914177752E-04	1E10	0.108136228751667	5.50567626025286E-04	1E10	1.05654550358334E-02	5.09402071955109E-04	1E10	1.65227760412229E-03	1E-30	2.56536368821495E-11	3.41284565673556E-02	1E-30	3.18079871335187E-10	2.49646711598967E-02	1.02517523128673E-05	1.11380994577461E-10	1.77612000093958E-02	5.52544610502919E-06	8.26942724124026E-11	1.33470496455117E-02	1.17958346298937E-11	8.05945789807652E-11	14.9253533642886	2.1998675101938E-12	2.25114001342956E-10	66.5407626138291	1E10	1E-30	1E-10	1E10	1E-30	1E-10	1E10	1E-30	1E-10	1E10	1E-30	1E-10
117	4.53916166737156E-06	1E10	106382978.723404	1E-30	1.27058948614072E-10	1E10	1E-30	1E10	2.52091907325346E-03	7.60816884707661E-04	1E10	2.75412323390041	6.43025019859993E-04	1E10	0.33441112326599	6.05577346378612E-04	1E10	4.75871687831342E-02	6.39200398922368E-04	1E10	6.5773028782938E-03	8.93893127252118E-04	1E10	1.22171714372063E-03	1E-30	2.38513688662153E-10	2.02162923267549E-02	1E-30	2.21921095183252E-11	1.86359919336485E-02	1.08385935700994E-05	8.84656890926679E-11	0.011114437278668	4.93528341458381E-06	7.9044130881512E-11	0.011117380139235	1.20447747578958E-11	1.3861136209593E-10	24.7967267578447	3.39311759677225E-12	2.16863103191996E-10	33.783253137899	1E10	1E-30	1E-10	1E10	1E-30	1E-10	1E10	1E-30	1E-10	1E10	1E-30	1E-10
118	4.53916166737156E-06	1E10	106382978.723404	1E-30	1.27058948614072E-10	1E10	1E-30	1E10	2.52091907325346E-03	7.60816884707661E-04	1E10	2.75412323390041	6.43025019859993E-04	1E10	0.33441112326599	6.05577346378612E-04	1E10	4.75871687831342E-02	6.39200398922368E-04	1E10	6.5773028782938E-03	8.93893127252118E-04	1E10	1.22171714372063E-03	1E-30	2.38513688662153E-10	2.02162923267549E-02	1E-30	2.21921095183252E-11	1.86359919336485E-02	1.08385935700994E-05	8.84656890926679E-11	0.011114437278668	4.93528341458381E-06	7.9044130881512E-11	0.011117380139235	1.20447747578958E-11	1.3861136209593E-10	24.7967267578447	3.39311759677225E-12	2.16863103191996E-10	33.783253137899	1E10	1E-30	1E-10	1E10	1E-30	1E-10	1E10	1E-30	1E-10	1E10	1E-30	1E-10
119	4.53916166737156E-06	1E10	106382978.723404	1E-30	1.27058948614072E-10	1E10	1E-30	1E10	2.52091907325346E-03	7.60816884707661E-04	1E10	2.75412323390041	6.43025019859993E-04	1E10	0.33441112326599	6.05577346378612E-04	1E10	4.75871687831342E-02	6.39200398922368E-04	1E10	6.5773028782938E-03	8.93893127252118E-04	1E10	1.22171714372063E-03	1E-30	2.38513688662153E-10	2.02162923267549E-02	1E-30	2.21921095183252E-11	1.86359919336485E-02	1.08385935700994E-05	8.84656890926679E-11	0.011114437278668	4.93528341458381E-06	7.9044130881512E-11	0.011117380139235	1.20447747578958E-11	1.3861136209593E-10	24.7967267578447	3.39311759677225E-12	2.16863103191996E-10	33.783253137899	1E10	1E-30	1E-10	1E10	1E-30	1E-10	1E10	1E-30	1E-10	1E10	1E-30	1E-10
120	4.50945070628329E-06	1E10	106382978.723404	1E-30	1.25234583037265E-11	1E10	1E-30	1E10	1.91715073417159E-03	7.37482021082657E-04	1E10	7.19361912300129	6.40004590855859E-04	1E10	0.835627424161305	5.22414914177752E-04	1E10	0.108136228751667	5.50567626025286E-04	1E10	1.05654550358334E-02	5.09402071955109E-04	1E10	1.65227760412229E-03	1E-30	2.56536368821495E-11	3.41284565673556E-02	1E-30	3.18079871335187E-10	2.49646711598967E-02	1.02517523128673E-05	1.11380994577461E-10	1.77612000093958E-02	5.52544610502919E-06	8.26942724124026E-11	1.33470496455117E-02	1.17958346298937E-11	8.05945789807652E-11	14.9253533642886	2.1998675101938E-12	2.25114001342956E-10	66.5407626138291	1E10	1E-30	1E-10	1E10	1E-30	1E-10	1E10	1E-30	1E-10	1E10	1E-30	1E-10
121	4.63315086936373E-06	1E10	106382978.723404	1E-30	2.5224633348403E-11	1E10	1E-30	1E10	1.98748065289072E-03	2.96601965606193E-04	1E10	17.4649781566118	5.7653071185042E-04	1E10	0.531659708913754	5.3752826609288E-04	1E10	5.60876109691235E-02	4.66575076175406E-04	1E10	6.01644573263433E-03	4.50993133564171E-04	1E10	6.06247113171146E-04	1E-30	2.45654140230152E-11	2.97272532593515E-02	1E-30	3.57935156974789E-10	2.52206560100536E-02	7.37340912155899E-06	1.5837846687559E-10	2.14970421883775E-02	6.24127433818298E-06	7.51547741722804E-11	1.22153433434355E-02	1.2413792429924E-12	2.92692565189465E-10	78.9917730847245	1E10	1E-30	1E-10	1E10	1E-30	1E-10	1E10	1E-30	1E-10	1E10	1E-30	1E-10	1E10	1E-30	1E-10
122	4.54E-6	1E10	10638297.8723404	1E-30	1.86650860159398E-10	1E10	1E-30	1E10	2.17E-3	6.44E-4	1E10	4.84	7.4E-4	1E10	0.541	6.33E-4	1E10	0.0963	6.6E-4	1E10	0.0131	5.34E-4	1E10	2.4E-3	1E-30	2.78E-11	0.0337	1E-30	3.74E-10	0.0275	9E-6	1.32E-10	0.019	6E-6	8.04E-11	0.0127	2.08601237534499E-11	6.34980500792223E-11	4.63620517122056	5.73205770462144E-12	7.0525687819173E-11	19.5597709220247	1E10	1E-30	1E-10	1E10	1E-30	1E-10	1E10	1E-30	1E-10	1E10	1E-30	1E-10
123	4.54E-6	1E10	10638297.8723404	1E-30	1.86650860159398E-10	1E10	1E-30	1E10	2.17E-3	6.44E-4	1E10	4.84	7.4E-4	1E10	0.541	6.33E-4	1E10	0.0963	6.6E-4	1E10	0.0131	5.34E-4	1E10	2.4E-3	1E-30	2.78E-11	0.0337	1E-30	3.74E-10	0.0275	9E-6	1.32E-10	0.019	6E-6	8.04E-11	0.0127	2.08601237534499E-11	6.34980500792223E-11	4.63620517122056	5.73205770462144E-12	7.0525687819173E-11	19.5597709220247	1E10	1E-30	1E-10	1E10	1E-30	1E-10	1E10	1E-30	1E-10	1E10	1E-30	1E-10
124	9.73677754668326E-06	1E10	5E7	1E-30	2.32874134988607E-11	1E10	1E-30	1E10	1.83596829219784E-03	1.26156110428074E-03	1E10	3.45484559579498	1.3407723303919E-03	1E10	0.329504312801292	1.13054843886209E-03	1E10	4.61787593207414E-02	1.62453618897289E-03	1E10	5.26207926065241E-03	1.24855867127738E-03	1E10	1.52696776045853E-03	1E-30	4.39465359922909E-11	0.029612880694121	1E-30	4.22475550255195E-10	1.46610249736041E-02	2.24837399483218E-05	1.17750681647088E-10	1.00838899065608E-02	2.14153439100368E-05	5.53405625118856E-11	7.13405544269623E-03	1.05223302068044E-11	1.70433115431586E-10	12.8860829033534	2.261049873803E-12	2.85683172624646E-10	36.2514859244358	1E10	1E-30	1E-10	1E10	1E-30	1E-10	1E10	1E-30	1E-10	1E10	1E-30	1E-10
125	9.29450785555604E-06	1E10	5E7	1E-30	1.18331465117617E-11	1E10	1E-30	1E10	1.89780444613367E-03	1.16454253984759E-03	1E10	3.96774286472791	1.125653646435E-3	1E10	0.453723205040251	9.57581837204293E-04	1E10	6.24146680589906E-02	9.71934943907311E-04	1E10	6.37833250163664E-03	9.4238615202104E-04	1E10	5.50283873759519E-04	1E-30	3.40204912933469E-11	3.06121975868886E-02	1E-30	3.14677508636661E-10	1.85750260118431E-02	1.88023426262838E-05	1.16177577146734E-10	8.76355869002851E-03	8.17176815568521E-06	1.08118052160861E-10	7.78251538690813E-03	1.76100431149634E-11	8.54816405327426E-11	8.84268213492717	1.91826383899911E-12	2.54101668494897E-10	101.711285491793	1E10	1E-30	1E-10	1E10	1E-30	1E-10	1E10	1E-30	1E-10	1E10	1E-30	1E-10
126	9.71000208666552E-06	1E10	5E7	1E-30	5.63411627454799E-11	1E10	1E-30	1E10	1.57740585301464E-03	7.01962026779187E-04	1E10	9.73610519591899	1.22519399176455E-03	1E10	0.392506268377614	1.01030046176725E-03	1E10	5.16990393085276E-02	9.23332930909378E-04	1E10	4.71224325410048E-03	6.41632276091357E-04	1E10	6.32534781327143E-04	1E-30	3.43961683604247E-11	3.10647863309646E-02	1E-30	3.93943013133445E-10	0.017532459189525	2.01092828915054E-05	1.023539921475E-10	9.19261191756928E-03	9.86068469981324E-06	8.68340668747215E-11	7.66503483388166E-03	1.49635175291961E-11	7.50212003371418E-11	7.40279206404869	2.10224729356697E-12	1.87016127815163E-10	139.976042836486	1E10	1E-30	1E-10	1E10	1E-30	1E-10	1E10	1E-30	1E-10	1E10	1E-30	1E-10
127	1.01414285850516E-05	1E10	5E7	1E-30	6.67443167460053E-11	1E10	1E-30	1E10	1.33293689476796E-03	2.03358062071328E-03	1E10	1.40099789371954	2.02614843657884E-03	1E10	0.156282368550312	1.65829697020523E-03	1E10	2.79769429947338E-02	1.46562791148172E-03	1E10	2.60807829375672E-03	1E-30	8.23000025700797E-12	2.54337323414504E-02	1E-30	4.3068965949392E-10	1.70515255022752E-02	1E-30	2.44125310039984E-11	1.70505844114516E-02	2.21122952769136E-05	1.36043802178595E-10	1.69206376328795E-02	1.24385367853894E-05	9.97112150206518E-11	1.14637771594152E-02	1.14585346889664E-11	5.94781433444001E-11	20.0280222968866	2.14743387131998E-12	2.07070430331216E-10	82.735451195508	1E10	1E-30	1E-10	1E10	1E-30	1E-10	1E10	1E-30	1E-10	1E10	1E-30	1E-10
128	1.01414285850516E-05	1E10	5E7	1E-30	6.67443167460053E-11	1E10	1E-30	1E10	1.33293689476796E-03	2.03358062071328E-03	1E10	1.40099789371954	2.02614843657884E-03	1E10	0.156282368550312	1.65829697020523E-03	1E10	2.79769429947338E-02	1.46562791148172E-03	1E10	2.60807829375672E-03	1E-30	8.23000025700797E-12	2.54337323414504E-02	1E-30	4.3068965949392E-10	1.70515255022752E-02	1E-30	2.44125310039984E-11	1.70505844114516E-02	2.21122952769136E-05	1.36043802178595E-10	1.69206376328795E-02	1.24385367853894E-05	9.97112150206518E-11	1.14637771594152E-02	1.14585346889664E-11	5.94781433444001E-11	20.0280222968866	2.14743387131998E-12	2.07070430331216E-10	82.735451195508	1E10	1E-30	1E-10	1E10	1E-30	1E-10	1E10	1E-30	1E-10	1E10	1E-30	1E-10
129	9.4387631727561E-06	1E10	5E7	1E-30	4.25385107504826E-11	1E10	1E-30	1E10	1.50066165183208E-03	2.04725552359571E-03	1E10	2.59135447851281	1.60542431741065E-03	1E10	0.353872841659492	1.41250978249246E-03	1E10	4.00263868039153E-02	1.55941869594161E-03	1E10	3.33679044993801E-03	1.97256128962259E-03	1E10	1.73251814706512E-04	1E-30	3.45796349484745E-11	2.86260999289288E-02	1E-30	4.82463093811329E-10	1.97156974550564E-02	1.86448601835531E-05	1.62509404744478E-10	1.71343455466959E-02	1.54706881347453E-05	8.5610303065163E-11	9.99501233351921E-03	1.5569252030498E-12	2.50275563755428E-10	58.5447718870698	1E10	1E-30	1E-10	1E10	1E-30	1E-10	1E10	1E-30	1E-10	1E10	1E-30	1E-10	1E10	1E-30	1E-10
130	9.44393869593273E-06	1E10	5E7	1E-30	1.61847693031207E-10	1E10	1E-30	1E10	1.57159702484979E-03	1.48350575558364E-03	1E10	1.74807379770969	2.0646336161721E-03	1E10	0.221950209466722	1.96652500205089E-03	1E10	3.98632696412339E-02	3.26345941259445E-03	1E10	3.82484160498293E-03	2.39212497556856E-03	1E10	1.09918578514907E-03	1E-30	1.45167816273937E-11	8.00913017719914E-02	1E-30	4.32385327296351E-11	0.027785148794287	1E-30	4.88878990065438E-10	1.83787426761078E-02	2.05673729267872E-05	1.42724102170571E-10	1.28940921576161E-02	1.79214351264881E-05	7.00082639630525E-11	7.54508982547204E-03	5.23916211312186E-11	2.46844668432739E-11	2.4245897726346	2.34888987371085E-11	3.02280897120282E-11	3.27885835955606	5.13378967736509E-12	6.8291136368151E-11	23.3977106305404	1E10	1E-30	1E-10	1E10	1E-30	1E-10
131	9.7266675142533E-06	1E10	5E6	1E-30	7.75210922089652E-11	1E10	1E-30	1E10	1.56378687923634E-03	8.11969396440585E-04	1E10	6.53370039928351	7.38593004001024E-04	1E10	0.758211878649212	6.76648007105691E-04	1E10	8.24327442616175E-02	6.27698798464078E-04	1E10	8.80223693302571E-03	7.38608776596748E-04	1E10	1.18305546027974E-03	1E-30	9.88690846597051E-12	5.32180209716288E-02	1E-30	3.72683694717508E-10	1.97479014808343E-02	1E-30	3.24348711509315E-11	1.84860192639118E-02	1.55517997708419E-05	1.68430760095821E-10	1.47481029974968E-02	1.23868786874324E-05	8.99983060315076E-11	9.45037322891012E-03	2.0203457539371E-11	7.13184975393869E-11	8.49662199756928	2.52798611434838E-12	1.8167346919309E-10	111.440689982834	1E10	1E-30	1E-10	1E10	1E-30	1E-10	1E10	1E-30	1E-10
132	9.7266675142533E-06	1E10	5E6	1E-30	7.75210922089652E-11	1E10	1E-30	1E10	1.56378687923634E-03	8.11969396440585E-04	1E10	6.53370039928351	7.38593004001024E-04	1E10	0.758211878649212	6.76648007105691E-04	1E10	8.24327442616175E-02	6.27698798464078E-04	1E10	8.80223693302571E-03	7.38608776596748E-04	1E10	1.18305546027974E-03	1E-30	9.88690846597051E-12	5.32180209716288E-02	1E-30	3.72683694717508E-10	1.97479014808343E-02	1E-30	3.24348711509315E-11	1.84860192639118E-02	1.55517997708419E-05	1.68430760095821E-10	1.47481029974968E-02	1.23868786874324E-05	8.99983060315076E-11	9.45037322891012E-03	2.0203457539371E-11	7.13184975393869E-11	8.49662199756928	2.52798611434838E-12	1.8167346919309E-10	111.440689982834	1E10	1E-30	1E-10	1E10	1E-30	1E-10	1E10	1E-30	1E-10
133	9.29450785555604E-06	1E10	5E7	1E-30	1.18331465117617E-11	1E10	1E-30	1E10	1.89780444613367E-03	1.16454253984759E-03	1E10	3.96774286472791	1.125653646435E-3	1E10	0.453723205040251	9.57581837204293E-04	1E10	6.24146680589906E-02	9.71934943907311E-04	1E10	6.37833250163664E-03	9.4238615202104E-04	1E10	5.50283873759519E-04	1E-30	3.40204912933469E-11	3.06121975868886E-02	1E-30	3.14677508636661E-10	1.85750260118431E-02	1.88023426262838E-05	1.16177577146734E-10	8.76355869002851E-03	8.17176815568521E-06	1.08118052160861E-10	7.78251538690813E-03	1.76100431149634E-11	8.54816405327426E-11	8.84268213492717	1.91826383899911E-12	2.54101668494897E-10	101.711285491793	1E10	1E-30	1E-10	1E10	1E-30	1E-10	1E10	1E-30	1E-10	1E10	1E-30	1E-10
134	9.29450785555604E-06	1E10	5E7	1E-30	1.18331465117617E-11	1E10	1E-30	1E10	1.89780444613367E-03	1.16454253984759E-03	1E10	3.96774286472791	1.125653646435E-3	1E10	0.453723205040251	9.57581837204293E-04	1E10	6.24146680589906E-02	9.71934943907311E-04	1E10	6.37833250163664E-03	9.4238615202104E-04	1E10	5.50283873759519E-04	1E-30	3.40204912933469E-11	3.06121975868886E-02	1E-30	3.14677508636661E-10	1.85750260118431E-02	1.88023426262838E-05	1.16177577146734E-10	8.76355869002851E-03	8.17176815568521E-06	1.08118052160861E-10	7.78251538690813E-03	1.76100431149634E-11	8.54816405327426E-11	8.84268213492717	1.91826383899911E-12	2.54101668494897E-10	101.711285491793	1E10	1E-30	1E-10	1E10	1E-30	1E-10	1E10	1E-30	1E-10	1E10	1E-30	1E-10
135	9.73677754668326E-06	1E10	5E7	1E-30	2.32874134988607E-11	1E10	1E-30	1E10	1.83596829219784E-03	1.26156110428074E-03	1E10	3.45484559579498	1.3407723303919E-03	1E10	0.329504312801292	1.13054843886209E-03	1E10	4.61787593207414E-02	1.62453618897289E-03	1E10	5.26207926065241E-03	1.24855867127738E-03	1E10	1.52696776045853E-03	1E-30	4.39465359922909E-11	0.029612880694121	1E-30	4.22475550255195E-10	1.46610249736041E-02	2.24837399483218E-05	1.17750681647088E-10	1.00838899065608E-02	2.14153439100368E-05	5.53405625118856E-11	7.13405544269623E-03	1.05223302068044E-11	1.70433115431586E-10	12.8860829033534	2.261049873803E-12	2.85683172624646E-10	36.2514859244358	1E10	1E-30	1E-10	1E10	1E-30	1E-10	1E10	1E-30	1E-10	1E10	1E-30	1E-10
136	9.29450785555604E-06	1E10	5E7	1E-30	1.18331465117617E-11	1E10	1E-30	1E10	1.89780444613367E-03	1.16454253984759E-03	1E10	3.96774286472791	1.125653646435E-3	1E10	0.453723205040251	9.57581837204293E-04	1E10	6.24146680589906E-02	9.71934943907311E-04	1E10	6.37833250163664E-03	9.4238615202104E-04	1E10	5.50283873759519E-04	1E-30	3.40204912933469E-11	3.06121975868886E-02	1E-30	3.14677508636661E-10	1.85750260118431E-02	1.88023426262838E-05	1.16177577146734E-10	8.76355869002851E-03	8.17176815568521E-06	1.08118052160861E-10	7.78251538690813E-03	1.76100431149634E-11	8.54816405327426E-11	8.84268213492717	1.91826383899911E-12	2.54101668494897E-10	101.711285491793	1E10	1E-30	1E-10	1E10	1E-30	1E-10	1E10	1E-30	1E-10	1E10	1E-30	1E-10
137	9.71000208666552E-06	1E10	5E7	1E-30	5.63411627454799E-11	1E10	1E-30	1E10	1.57740585301464E-03	7.01962026779187E-04	1E10	9.73610519591899	1.22519399176455E-03	1E10	0.392506268377614	1.01030046176725E-03	1E10	5.16990393085276E-02	9.23332930909378E-04	1E10	4.71224325410048E-03	6.41632276091357E-04	1E10	6.32534781327143E-04	1E-30	3.43961683604247E-11	3.10647863309646E-02	1E-30	3.93943013133445E-10	0.017532459189525	2.01092828915054E-05	1.023539921475E-10	9.19261191756928E-03	9.86068469981324E-06	8.68340668747215E-11	7.66503483388166E-03	1.49635175291961E-11	7.50212003371418E-11	7.40279206404869	2.10224729356697E-12	1.87016127815163E-10	139.976042836486	1E10	1E-30	1E-10	1E10	1E-30	1E-10	1E10	1E-30	1E-10	1E10	1E-30	1E-10
138	9.71000208666552E-06	1E10	5E7	1E-30	5.63411627454799E-11	1E10	1E-30	1E10	1.57740585301464E-03	7.01962026779187E-04	1E10	9.73610519591899	1.22519399176455E-03	1E10	0.392506268377614	1.01030046176725E-03	1E10	5.16990393085276E-02	9.23332930909378E-04	1E10	4.71224325410048E-03	6.41632276091357E-04	1E10	6.32534781327143E-04	1E-30	3.43961683604247E-11	3.10647863309646E-02	1E-30	3.93943013133445E-10	0.017532459189525	2.01092828915054E-05	1.023539921475E-10	9.19261191756928E-03	9.86068469981324E-06	8.68340668747215E-11	7.66503483388166E-03	1.49635175291961E-11	7.50212003371418E-11	7.40279206404869	2.10224729356697E-12	1.87016127815163E-10	139.976042836486	1E10	1E-30	1E-10	1E10	1E-30	1E-10	1E10	1E-30	1E-10	1E10	1E-30	1E-10
139	1.01414285850516E-05	1E10	5E7	1E-30	6.67443167460053E-11	1E10	1E-30	1E10	1.33293689476796E-03	2.03358062071328E-03	1E10	1.40099789371954	2.02614843657884E-03	1E10	0.156282368550312	1.65829697020523E-03	1E10	2.79769429947338E-02	1.46562791148172E-03	1E10	2.60807829375672E-03	1E-30	8.23000025700797E-12	2.54337323414504E-02	1E-30	4.3068965949392E-10	1.70515255022752E-02	1E-30	2.44125310039984E-11	1.70505844114516E-02	2.21122952769136E-05	1.36043802178595E-10	1.69206376328795E-02	1.24385367853894E-05	9.97112150206518E-11	1.14637771594152E-02	1.14585346889664E-11	5.94781433444001E-11	20.0280222968866	2.14743387131998E-12	2.07070430331216E-10	82.735451195508	1E10	1E-30	1E-10	1E10	1E-30	1E-10	1E10	1E-30	1E-10	1E10	1E-30	1E-10
140	1.01414285850516E-05	1E10	5E7	1E-30	6.67443167460053E-11	1E10	1E-30	1E10	1.33293689476796E-03	2.03358062071328E-03	1E10	1.40099789371954	2.02614843657884E-03	1E10	0.156282368550312	1.65829697020523E-03	1E10	2.79769429947338E-02	1.46562791148172E-03	1E10	2.60807829375672E-03	1E-30	8.23000025700797E-12	2.54337323414504E-02	1E-30	4.3068965949392E-10	1.70515255022752E-02	1E-30	2.44125310039984E-11	1.70505844114516E-02	2.21122952769136E-05	1.36043802178595E-10	1.69206376328795E-02	1.24385367853894E-05	9.97112150206518E-11	1.14637771594152E-02	1.14585346889664E-11	5.94781433444001E-11	20.0280222968866	2.14743387131998E-12	2.07070430331216E-10	82.735451195508	1E10	1E-30	1E-10	1E10	1E-30	1E-10	1E10	1E-30	1E-10	1E10	1E-30	1E-10
141	9.4387631727561E-06	1E10	5E7	1E-30	4.25385107504826E-11	1E10	1E-30	1E10	1.50066165183208E-03	2.04725552359571E-03	1E10	2.59135447851281	1.60542431741065E-03	1E10	0.353872841659492	1.41250978249246E-03	1E10	4.00263868039153E-02	1.55941869594161E-03	1E10	3.33679044993801E-03	1.97256128962259E-03	1E10	1.73251814706512E-04	1E-30	3.45796349484745E-11	2.86260999289288E-02	1E-30	4.82463093811329E-10	1.97156974550564E-02	1.86448601835531E-05	1.62509404744478E-10	1.71343455466959E-02	1.54706881347453E-05	8.5610303065163E-11	9.99501233351921E-03	1.5569252030498E-12	2.50275563755428E-10	58.5447718870698	1E10	1E-30	1E-10	1E10	1E-30	1E-10	1E10	1E-30	1E-10	1E10	1E-30	1E-10	1E10	1E-30	1E-10
142	9.44393869593273E-06	1E10	5E7	1E-30	1.61847693031207E-10	1E10	1E-30	1E10	1.57159702484979E-03	1.48350575558364E-03	1E10	1.74807379770969	2.0646336161721E-03	1E10	0.221950209466722	1.96652500205089E-03	1E10	3.98632696412339E-02	3.26345941259445E-03	1E10	3.82484160498293E-03	2.39212497556856E-03	1E10	1.09918578514907E-03	1E-30	1.45167816273937E-11	8.00913017719914E-02	1E-30	4.32385327296351E-11	0.027785148794287	1E-30	4.88878990065438E-10	1.83787426761078E-02	2.05673729267872E-05	1.42724102170571E-10	1.28940921576161E-02	1.79214351264881E-05	7.00082639630525E-11	7.54508982547204E-03	5.23916211312186E-11	2.46844668432739E-11	2.4245897726346	2.34888987371085E-11	3.02280897120282E-11	3.27885835955606	5.13378967736509E-12	6.8291136368151E-11	23.3977106305404	1E10	1E-30	1E-10	1E10	1E-30	1E-10
143	9.29450785555604E-06	1E10	5E7	1E-30	1.18331465117617E-11	1E10	1E-30	1E10	1.89780444613367E-03	1.16454253984759E-03	1E10	3.96774286472791	1.125653646435E-3	1E10	0.453723205040251	9.57581837204293E-04	1E10	6.24146680589906E-02	9.71934943907311E-04	1E10	6.37833250163664E-03	9.4238615202104E-04	1E10	5.50283873759519E-04	1E-30	3.40204912933469E-11	3.06121975868886E-02	1E-30	3.14677508636661E-10	1.85750260118431E-02	1.88023426262838E-05	1.16177577146734E-10	8.76355869002851E-03	8.17176815568521E-06	1.08118052160861E-10	7.78251538690813E-03	1.76100431149634E-11	8.54816405327426E-11	8.84268213492717	1.91826383899911E-12	2.54101668494897E-10	101.711285491793	1E10	1E-30	1E-10	1E10	1E-30	1E-10	1E10	1E-30	1E-10	1E10	1E-30	1E-10
144	9.29450785555604E-06	1E10	5E7	1E-30	1.18331465117617E-11	1E10	1E-30	1E10	1.89780444613367E-03	1.16454253984759E-03	1E10	3.96774286472791	1.125653646435E-3	1E10	0.453723205040251	9.57581837204293E-04	1E10	6.24146680589906E-02	9.71934943907311E-04	1E10	6.37833250163664E-03	9.4238615202104E-04	1E10	5.50283873759519E-04	1E-30	3.40204912933469E-11	3.06121975868886E-02	1E-30	3.14677508636661E-10	1.85750260118431E-02	1.88023426262838E-05	1.16177577146734E-10	8.76355869002851E-03	8.17176815568521E-06	1.08118052160861E-10	7.78251538690813E-03	1.76100431149634E-11	8.54816405327426E-11	8.84268213492717	1.91826383899911E-12	2.54101668494897E-10	101.711285491793	1E10	1E-30	1E-10	1E10	1E-30	1E-10	1E10	1E-30	1E-10	1E10	1E-30	1E-10
145	9.71000208666552E-06	1E10	5E7	1E-30	5.63411627454799E-11	1E10	1E-30	1E10	1.57740585301464E-03	7.01962026779187E-04	1E10	9.73610519591899	1.22519399176455E-03	1E10	0.392506268377614	1.01030046176725E-03	1E10	5.16990393085276E-02	9.23332930909378E-04	1E10	4.71224325410048E-03	6.41632276091357E-04	1E10	6.32534781327143E-04	1E-30	3.43961683604247E-11	3.10647863309646E-02	1E-30	3.93943013133445E-10	0.017532459189525	2.01092828915054E-05	1.023539921475E-10	9.19261191756928E-03	9.86068469981324E-06	8.68340668747215E-11	7.66503483388166E-03	1.49635175291961E-11	7.50212003371418E-11	7.40279206404869	2.10224729356697E-12	1.87016127815163E-10	139.976042836486	1E10	1E-30	1E-10	1E10	1E-30	1E-10	1E10	1E-30	1E-10	1E10	1E-30	1E-10
146	9.62295476275655E-06	1E10	5E7	1E-30	5.66906945020978E-11	1E10	1E-30	1E10	1.41589614801836E-03	2.22431070590771E-03	1E10	1.6183455560909	2.39750616802645E-03	1E10	0.277541277555432	2.44142065002116E-03	1E10	3.99510168367437E-02	5.39119423232046E-03	1E10	1.46638512227009E-02	2.94585415857793E-03	1E10	5.23503352523165E-03	1.48535907534006E-03	1E10	2.08296800190013E-03	1E-30	1.99747736367897E-11	4.55432108047654E-02	1E-30	4.47595555586178E-10	1.76217179107042E-02	1E-30	3.08864520662339E-11	1.12417394085535E-02	1.66913395833417E-05	1.86070524318943E-10	1.57563142202776E-02	1.33698266209764E-05	9.62761771244476E-11	1.00785491314776E-02	2.01538701500998E-11	5.87907904939344E-11	5.95199821511477	2.01588382189805E-12	1.82954849738453E-10	74.8369266353905	1E10	1E-30	1E-10	1E10	1E-30	1E-10
147	9.62295476275655E-06	1E10	5E7	1E-30	5.66906945020978E-11	1E10	1E-30	1E10	1.41589614801836E-03	2.22431070590771E-03	1E10	1.6183455560909	2.39750616802645E-03	1E10	0.277541277555432	2.44142065002116E-03	1E10	3.99510168367437E-02	5.39119423232046E-03	1E10	1.46638512227009E-02	2.94585415857793E-03	1E10	5.23503352523165E-03	1.48535907534006E-03	1E10	2.08296800190013E-03	1E-30	1.99747736367897E-11	4.55432108047654E-02	1E-30	4.47595555586178E-10	1.76217179107042E-02	1E-30	3.08864520662339E-11	1.12417394085535E-02	1.66913395833417E-05	1.86070524318943E-10	1.57563142202776E-02	1.33698266209764E-05	9.62761771244476E-11	1.00785491314776E-02	2.01538701500998E-11	5.87907904939344E-11	5.95199821511477	2.01588382189805E-12	1.82954849738453E-10	74.8369266353905	1E10	1E-30	1E-10	1E10	1E-30	1E-10
148	9.4387631727561E-06	1E10	5E7	1E-30	4.25385107504826E-11	1E10	1E-30	1E10	1.50066165183208E-03	2.04725552359571E-03	1E10	2.59135447851281	1.60542431741065E-03	1E10	0.353872841659492	1.41250978249246E-03	1E10	4.00263868039153E-02	1.55941869594161E-03	1E10	3.33679044993801E-03	1.97256128962259E-03	1E10	1.73251814706512E-04	1E-30	3.45796349484745E-11	2.86260999289288E-02	1E-30	4.82463093811329E-10	1.97156974550564E-02	1.86448601835531E-05	1.62509404744478E-10	1.71343455466959E-02	1.54706881347453E-05	8.5610303065163E-11	9.99501233351921E-03	1.5569252030498E-12	2.50275563755428E-10	58.5447718870698	1E10	1E-30	1E-10	1E10	1E-30	1E-10	1E10	1E-30	1E-10	1E10	1E-30	1E-10	1E10	1E-30	1E-10
149	8.91839926819392E-06	1E10	5E7	1E-30	1.84153938986395E-10	1E10	1E-30	1E10	1.33030138240947E-03	1.442514642162E-3	1E10	1.75693258804595	2.81698436873827E-03	1E10	0.187422614218294	1.98035980684699E-03	1E10	5.55828941998734E-02	2.22083220448811E-03	1E10	6.94564694948925E-03	1.84870475408421E-03	1E10	1.00396475867403E-03	1E-30	1.35292855952518E-11	5.08800765263859E-02	1E-30	3.94196121422605E-11	2.02001774788819E-02	1E-30	5.22910435091318E-10	1.80843304302331E-02	1.86324851613542E-05	1.48538682134343E-10	0.015966800626606	1.56074176923704E-05	7.98579714884953E-11	9.51481187197005E-03	2.5188944357411E-11	3.71942341849207E-11	3.55653658662994	5.52999781279405E-12	5.8356801440139E-11	20.8816698179884	1E10	1E-30	1E-10	1E10	1E-30	1E-10	1E10	1E-30	1E-10
150	1.67319549567247E-05	1E10	2272727.27272727	1E-30	5.58749244931011E-11	1E10	1E-30	1E10	2.06711175396512E-03	4.31686248694453E-04	1E10	12.2893995020092	4.70857545467123E-04	1E10	1.31946829419946	4.18127786078477E-04	1E10	0.163217916992849	4.16825036037777E-04	1E10	2.05300759197416E-02	3.23091157043243E-04	1E10	4.3577893339738E-03	1E-30	3.46017504277187E-11	2.98057413919832E-02	1E-30	2.61733985357799E-10	1.58454944008284E-02	4.52612011643524E-05	7.24181905317179E-11	5.31504746487675E-03	1.09486979451577E-05	1.30469322948864E-10	7.65007496606485E-03	1.52076541924444E-11	7.16797045361771E-11	14.4686181675448	2.28503867910143E-12	1.80146681734051E-10	84.2158544686814	1E10	1E-30	1E-10	1E10	1E-30	1E-10	1E10	1E-30	1E-10	1E10	1E-30	1E-10
151	1.67319549567247E-05	1E10	2272727.27272727	1E-30	5.58749244931011E-11	1E10	1E-30	1E10	2.06711175396512E-03	4.31686248694453E-04	1E10	12.2893995020092	4.70857545467123E-04	1E10	1.31946829419946	4.18127786078477E-04	1E10	0.163217916992849	4.16825036037777E-04	1E10	2.05300759197416E-02	3.23091157043243E-04	1E10	4.3577893339738E-03	1E-30	3.46017504277187E-11	2.98057413919832E-02	1E-30	2.61733985357799E-10	1.58454944008284E-02	4.52612011643524E-05	7.24181905317179E-11	5.31504746487675E-03	1.09486979451577E-05	1.30469322948864E-10	7.65007496606485E-03	1.52076541924444E-11	7.16797045361771E-11	14.4686181675448	2.28503867910143E-12	1.80146681734051E-10	84.2158544686814	1E10	1E-30	1E-10	1E10	1E-30	1E-10	1E10	1E-30	1E-10	1E10	1E-30	1E-10
152	2.18240827684365E-05	1E10	2272727.27272727	1E-30	1.06898104475111E-11	1E10	1E-30	1E10	1.39962479466628E-03	1.91471707622159E-03	1E10	1.63055416573799	2.14346548992555E-03	1E10	0.111474691403145	2.88625164588457E-03	1E10	9.67761846729921E-03	2.54967310756157E-03	1E10	1.79706275213327E-03	1E-30	3.80140600019051E-11	2.41165235899086E-02	1E-30	4.67225600385842E-10	1.40629691841271E-02	4.52001063822469E-05	1.63324163600624E-10	7.8886555653964E-03	2.76707968946018E-05	1.15660375702329E-10	5.99312686167726E-03	8.11123061826671E-12	1.05318177298095E-10	6.82941090875038	2.0306085960855E-12	1.88992410471905E-10	96.5748323517107	1E10	1E-30	1E-10	1E10	1E-30	1E-10	1E10	1E-30	1E-10	1E10	1E-30	1E-10	1E10	1E-30	1E-10
153	2.05109206954529E-05	1E10	2272727.27272727	1E-30	5.19119999679776E-11	1E10	1E-30	1E10	1.62518964609465E-03	1.26670433240624E-03	1E10	4.18816343641306	1.36581782769841E-03	1E10	0.50098343363916	1.11102189904771E-03	1E10	6.76522674766294E-02	1.11355512003845E-03	1E10	6.09782640613879E-03	1.60181464106995E-03	1E10	4.89271845993047E-04	1E-30	4.57233864692939E-11	0.027003373562105	1E-30	3.76684859541648E-10	1.31266377612588E-02	4.71687721638984E-05	1.30824538546074E-10	6.36246552903289E-03	1.70268103991625E-05	1.39743586391058E-10	5.39563711965821E-03	3.50293206884322E-11	7.12740673345325E-11	3.93703507162314	2.01039297917961E-12	2.5860653414934E-10	67.9635064528987	1E10	1E-30	1E-10	1E10	1E-30	1E-10	1E10	1E-30	1E-10	1E10	1E-30	1E-10
154	2.05109206954529E-05	1E10	2272727.27272727	1E-30	5.19119999679776E-11	1E10	1E-30	1E10	1.62518964609465E-03	1.26670433240624E-03	1E10	4.18816343641306	1.36581782769841E-03	1E10	0.50098343363916	1.11102189904771E-03	1E10	6.76522674766294E-02	1.11355512003845E-03	1E10	6.09782640613879E-03	1.60181464106995E-03	1E10	4.89271845993047E-04	1E-30	4.57233864692939E-11	0.027003373562105	1E-30	3.76684859541648E-10	1.31266377612588E-02	4.71687721638984E-05	1.30824538546074E-10	6.36246552903289E-03	1.70268103991625E-05	1.39743586391058E-10	5.39563711965821E-03	3.50293206884322E-11	7.12740673345325E-11	3.93703507162314	2.01039297917961E-12	2.5860653414934E-10	67.9635064528987	1E10	1E-30	1E-10	1E10	1E-30	1E-10	1E10	1E-30	1E-10	1E10	1E-30	1E-10
155	1.71023018282911E-05	1E10	2272727.27272727	1E-30	8.5999447822788E-11	1E10	1E-30	1E10	2.12649378712129E-03	4.43657831882858E-04	1E10	9.94605197538049	4.8283622531612E-04	1E10	1.03939685242592	4.38088613674931E-04	1E10	0.13642708493851	3.82256871238235E-04	1E10	1.99311094921816E-02	3.55321130344667E-04	1E10	3.19296859189888E-03	1E-30	9.09190135046056E-12	4.17330515576747E-02	1E-30	4.04560600626557E-11	2.48058583016978E-02	1E-30	2.82309005830442E-10	1.42094016155044E-02	3.52031016855111E-05	9.85000316227158E-11	4.92281154433908E-03	1.39396805424686E-05	1.02155200875548E-10	6.1637385552135E-03	1.15403256781622E-11	8.70466184889843E-11	23.4272363124164	2.69600245204179E-12	1.63931973243435E-10	67.7627371141441	1E10	1E-30	1E-10	1E10	1E-30	1E-10	1E10	1E-30	1E-10
156	1.71023018282911E-05	1E10	2272727.27272727	1E-30	8.5999447822788E-11	1E10	1E-30	1E10	2.12649378712129E-03	4.43657831882858E-04	1E10	9.94605197538049	4.8283622531612E-04	1E10	1.03939685242592	4.38088613674931E-04	1E10	0.13642708493851	3.82256871238235E-04	1E10	1.99311094921816E-02	3.55321130344667E-04	1E10	3.19296859189888E-03	1E-30	9.09190135046056E-12	4.17330515576747E-02	1E-30	4.04560600626557E-11	2.48058583016978E-02	1E-30	2.82309005830442E-10	1.42094016155044E-02	3.52031016855111E-05	9.85000316227158E-11	4.92281154433908E-03	1.39396805424686E-05	1.02155200875548E-10	6.1637385552135E-03	1.15403256781622E-11	8.70466184889843E-11	23.4272363124164	2.69600245204179E-12	1.63931973243435E-10	67.7627371141441	1E10	1E-30	1E-10	1E10	1E-30	1E-10	1E10	1E-30	1E-10
157	1.71023018282911E-05	1E10	2272727.27272727	1E-30	8.5999447822788E-11	1E10	1E-30	1E10	2.12649378712129E-03	4.43657831882858E-04	1E10	9.94605197538049	4.8283622531612E-04	1E10	1.03939685242592	4.38088613674931E-04	1E10	0.13642708493851	3.82256871238235E-04	1E10	1.99311094921816E-02	3.55321130344667E-04	1E10	3.19296859189888E-03	1E-30	9.09190135046056E-12	4.17330515576747E-02	1E-30	4.04560600626557E-11	2.48058583016978E-02	1E-30	2.82309005830442E-10	1.42094016155044E-02	3.52031016855111E-05	9.85000316227158E-11	4.92281154433908E-03	1.39396805424686E-05	1.02155200875548E-10	6.1637385552135E-03	1.15403256781622E-11	8.70466184889843E-11	23.4272363124164	2.69600245204179E-12	1.63931973243435E-10	67.7627371141441	1E10	1E-30	1E-10	1E10	1E-30	1E-10	1E10	1E-30	1E-10
158	1.68488876569419E-05	1E10	2272727.27272727	1E-30	2.67023489906958E-11	1E10	1E-30	1E10	1.61968714339105E-03	5.22510156169723E-04	1E10	10.1532280417657	6.11957073684228E-04	1E10	0.944779575621181	5.55587737226501E-04	1E10	0.106557789013538	4.37521455138378E-04	1E10	1.31678447562593E-02	4.52640397005532E-04	1E10	1.69588609363275E-03	1E-30	4.15377609990256E-11	2.83512471107762E-02	1E-30	4.31750408419566E-10	1.51963272281329E-02	3.31440705515094E-05	1.50307376593886E-10	9.09128267601821E-03	2.15013990591814E-05	9.95321093224717E-11	7.13197645206588E-03	1.54497383159795E-12	3.51816868944552E-10	63.9711052203151	1E10	1E-30	1E-10	1E10	1E-30	1E-10	1E10	1E-30	1E-10	1E10	1E-30	1E-10	1E10	1E-30	1E-10
159	1.68488876569419E-05	1E10	2272727.27272727	1E-30	2.67023489906958E-11	1E10	1E-30	1E10	1.61968714339105E-03	5.22510156169723E-04	1E10	10.1532280417657	6.11957073684228E-04	1E10	0.944779575621181	5.55587737226501E-04	1E10	0.106557789013538	4.37521455138378E-04	1E10	1.31678447562593E-02	4.52640397005532E-04	1E10	1.69588609363275E-03	1E-30	4.15377609990256E-11	2.83512471107762E-02	1E-30	4.31750408419566E-10	1.51963272281329E-02	3.31440705515094E-05	1.50307376593886E-10	9.09128267601821E-03	2.15013990591814E-05	9.95321093224717E-11	7.13197645206588E-03	1.54497383159795E-12	3.51816868944552E-10	63.9711052203151	1E10	1E-30	1E-10	1E10	1E-30	1E-10	1E10	1E-30	1E-10	1E10	1E-30	1E-10	1E10	1E-30	1E-10
160	1.71023018282911E-05	1E10	2272727.27272727	1E-30	8.5999447822788E-11	1E10	1E-30	1E10	2.12649378712129E-03	4.43657831882858E-04	1E10	9.94605197538049	4.8283622531612E-04	1E10	1.03939685242592	4.38088613674931E-04	1E10	0.13642708493851	3.82256871238235E-04	1E10	1.99311094921816E-02	3.55321130344667E-04	1E10	3.19296859189888E-03	1E-30	9.09190135046056E-12	4.17330515576747E-02	1E-30	4.04560600626557E-11	2.48058583016978E-02	1E-30	2.82309005830442E-10	1.42094016155044E-02	3.52031016855111E-05	9.85000316227158E-11	4.92281154433908E-03	1.39396805424686E-05	1.02155200875548E-10	6.1637385552135E-03	1.15403256781622E-11	8.70466184889843E-11	23.4272363124164	2.69600245204179E-12	1.63931973243435E-10	67.7627371141441	1E10	1E-30	1E-10	1E10	1E-30	1E-10	1E10	1E-30	1E-10
161	1.71023018282911E-05	1E10	2272727.27272727	1E-30	8.5999447822788E-11	1E10	1E-30	1E10	2.12649378712129E-03	4.43657831882858E-04	1E10	9.94605197538049	4.8283622531612E-04	1E10	1.03939685242592	4.38088613674931E-04	1E10	0.13642708493851	3.82256871238235E-04	1E10	1.99311094921816E-02	3.55321130344667E-04	1E10	3.19296859189888E-03	1E-30	9.09190135046056E-12	4.17330515576747E-02	1E-30	4.04560600626557E-11	2.48058583016978E-02	1E-30	2.82309005830442E-10	1.42094016155044E-02	3.52031016855111E-05	9.85000316227158E-11	4.92281154433908E-03	1.39396805424686E-05	1.02155200875548E-10	6.1637385552135E-03	1.15403256781622E-11	8.70466184889843E-11	23.4272363124164	2.69600245204179E-12	1.63931973243435E-10	67.7627371141441	1E10	1E-30	1E-10	1E10	1E-30	1E-10	1E10	1E-30	1E-10
162	1.71023018282911E-05	1E10	2272727.27272727	1E-30	8.5999447822788E-11	1E10	1E-30	1E10	2.12649378712129E-03	4.43657831882858E-04	1E10	9.94605197538049	4.8283622531612E-04	1E10	1.03939685242592	4.38088613674931E-04	1E10	0.13642708493851	3.82256871238235E-04	1E10	1.99311094921816E-02	3.55321130344667E-04	1E10	3.19296859189888E-03	1E-30	9.09190135046056E-12	4.17330515576747E-02	1E-30	4.04560600626557E-11	2.48058583016978E-02	1E-30	2.82309005830442E-10	1.42094016155044E-02	3.52031016855111E-05	9.85000316227158E-11	4.92281154433908E-03	1.39396805424686E-05	1.02155200875548E-10	6.1637385552135E-03	1.15403256781622E-11	8.70466184889843E-11	23.4272363124164	2.69600245204179E-12	1.63931973243435E-10	67.7627371141441	1E10	1E-30	1E-10	1E10	1E-30	1E-10	1E10	1E-30	1E-10
163	2.18240827684365E-05	1E10	2272727.27272727	1E-30	1.06898104475111E-11	1E10	1E-30	1E10	1.39962479466628E-03	1.91471707622159E-03	1E10	1.63055416573799	2.14346548992555E-03	1E10	0.111474691403145	2.88625164588457E-03	1E10	9.67761846729921E-03	2.54967310756157E-03	1E10	1.79706275213327E-03	1E-30	3.80140600019051E-11	2.41165235899086E-02	1E-30	4.67225600385842E-10	1.40629691841271E-02	4.52001063822469E-05	1.63324163600624E-10	7.8886555653964E-03	2.76707968946018E-05	1.15660375702329E-10	5.99312686167726E-03	8.11123061826671E-12	1.05318177298095E-10	6.82941090875038	2.0306085960855E-12	1.88992410471905E-10	96.5748323517107	1E10	1E-30	1E-10	1E10	1E-30	1E-10	1E10	1E-30	1E-10	1E10	1E-30	1E-10	1E10	1E-30	1E-10
164	1.71415407804365E-05	1E10	2272727.27272727	1E-30	9.45578675670837E-11	1E10	1E-30	1E10	1.94185391200496E-03	4.721535829795E-04	1E10	9.34578072530079	5.30442643874518E-04	1E10	0.902785045217882	4.4949500000412E-04	1E10	0.126980695074771	4.1372110607678E-04	1E10	1.64299663772365E-02	3.73080880725897E-04	1E10	2.8307378192227E-03	1E-30	1.09586578106492E-11	3.02097034691827E-02	1E-30	4.18226858037296E-11	2.18262924455713E-02	1E-30	3.14697144985103E-10	1.25683937904282E-02	4.15884596141281E-05	8.81982842097993E-11	5.39618192570471E-03	1.58848626866668E-05	9.98449547290537E-11	5.51984738245465E-03	1.61276415772672E-11	9.39725510845454E-11	17.1234437808096	2.63654724451167E-12	2.1764286063044E-10	50.7015853286042	1E10	1E-30	1E-10	1E10	1E-30	1E-10	1E10	1E-30	1E-10
165	1.67319549567247E-05	1E10	2272727.27272727	1E-30	5.58749244931011E-11	1E10	1E-30	1E10	2.06711175396512E-03	4.31686248694453E-04	1E10	12.2893995020092	4.70857545467123E-04	1E10	1.31946829419946	4.18127786078477E-04	1E10	0.163217916992849	4.16825036037777E-04	1E10	2.05300759197416E-02	3.23091157043243E-04	1E10	4.3577893339738E-03	1E-30	3.46017504277187E-11	2.98057413919832E-02	1E-30	2.61733985357799E-10	1.58454944008284E-02	4.52612011643524E-05	7.24181905317179E-11	5.31504746487675E-03	1.09486979451577E-05	1.30469322948864E-10	7.65007496606485E-03	1.52076541924444E-11	7.16797045361771E-11	14.4686181675448	2.28503867910143E-12	1.80146681734051E-10	84.2158544686814	1E10	1E-30	1E-10	1E10	1E-30	1E-10	1E10	1E-30	1E-10	1E10	1E-30	1E-10
166	1.67319549567247E-05	1E10	2272727.27272727	1E-30	5.58749244931011E-11	1E10	1E-30	1E10	2.06711175396512E-03	4.31686248694453E-04	1E10	12.2893995020092	4.70857545467123E-04	1E10	1.31946829419946	4.18127786078477E-04	1E10	0.163217916992849	4.16825036037777E-04	1E10	2.05300759197416E-02	3.23091157043243E-04	1E10	4.3577893339738E-03	1E-30	3.46017504277187E-11	2.98057413919832E-02	1E-30	2.61733985357799E-10	1.58454944008284E-02	4.52612011643524E-05	7.24181905317179E-11	5.31504746487675E-03	1.09486979451577E-05	1.30469322948864E-10	7.65007496606485E-03	1.52076541924444E-11	7.16797045361771E-11	14.4686181675448	2.28503867910143E-12	1.80146681734051E-10	84.2158544686814	1E10	1E-30	1E-10	1E10	1E-30	1E-10	1E10	1E-30	1E-10	1E10	1E-30	1E-10
167	2.18240827684365E-05	1E10	2272727.27272727	1E-30	1.06898104475111E-11	1E10	1E-30	1E10	1.39962479466628E-03	1.91471707622159E-03	1E10	1.63055416573799	2.14346548992555E-03	1E10	0.111474691403145	2.88625164588457E-03	1E10	9.67761846729921E-03	2.54967310756157E-03	1E10	1.79706275213327E-03	1E-30	3.80140600019051E-11	2.41165235899086E-02	1E-30	4.67225600385842E-10	1.40629691841271E-02	4.52001063822469E-05	1.63324163600624E-10	7.8886555653964E-03	2.76707968946018E-05	1.15660375702329E-10	5.99312686167726E-03	8.11123061826671E-12	1.05318177298095E-10	6.82941090875038	2.0306085960855E-12	1.88992410471905E-10	96.5748323517107	1E10	1E-30	1E-10	1E10	1E-30	1E-10	1E10	1E-30	1E-10	1E10	1E-30	1E-10	1E10	1E-30	1E-10
168	2.05109206954529E-05	1E10	2272727.27272727	1E-30	5.19119999679776E-11	1E10	1E-30	1E10	1.62518964609465E-03	1.26670433240624E-03	1E10	4.18816343641306	1.36581782769841E-03	1E10	0.50098343363916	1.11102189904771E-03	1E10	6.76522674766294E-02	1.11355512003845E-03	1E10	6.09782640613879E-03	1.60181464106995E-03	1E10	4.89271845993047E-04	1E-30	4.57233864692939E-11	0.027003373562105	1E-30	3.76684859541648E-10	1.31266377612588E-02	4.71687721638984E-05	1.30824538546074E-10	6.36246552903289E-03	1.70268103991625E-05	1.39743586391058E-10	5.39563711965821E-03	3.50293206884322E-11	7.12740673345325E-11	3.93703507162314	2.01039297917961E-12	2.5860653414934E-10	67.9635064528987	1E10	1E-30	1E-10	1E10	1E-30	1E-10	1E10	1E-30	1E-10	1E10	1E-30	1E-10
169	2.05109206954529E-05	1E10	2272727.27272727	1E-30	5.19119999679776E-11	1E10	1E-30	1E10	1.62518964609465E-03	1.26670433240624E-03	1E10	4.18816343641306	1.36581782769841E-03	1E10	0.50098343363916	1.11102189904771E-03	1E10	6.76522674766294E-02	1.11355512003845E-03	1E10	6.09782640613879E-03	1.60181464106995E-03	1E10	4.89271845993047E-04	1E-30	4.57233864692939E-11	0.027003373562105	1E-30	3.76684859541648E-10	1.31266377612588E-02	4.71687721638984E-05	1.30824538546074E-10	6.36246552903289E-03	1.70268103991625E-05	1.39743586391058E-10	5.39563711965821E-03	3.50293206884322E-11	7.12740673345325E-11	3.93703507162314	2.01039297917961E-12	2.5860653414934E-10	67.9635064528987	1E10	1E-30	1E-10	1E10	1E-30	1E-10	1E10	1E-30	1E-10	1E10	1E-30	1E-10
170	2.18240827684365E-05	1E10	2272727.27272727	1E-30	1.06898104475111E-11	1E10	1E-30	1E10	1.39962479466628E-03	1.91471707622159E-03	1E10	1.63055416573799	2.14346548992555E-03	1E10	0.111474691403145	2.88625164588457E-03	1E10	9.67761846729921E-03	2.54967310756157E-03	1E10	1.79706275213327E-03	1E-30	3.80140600019051E-11	2.41165235899086E-02	1E-30	4.67225600385842E-10	1.40629691841271E-02	4.52001063822469E-05	1.63324163600624E-10	7.8886555653964E-03	2.76707968946018E-05	1.15660375702329E-10	5.99312686167726E-03	8.11123061826671E-12	1.05318177298095E-10	6.82941090875038	2.0306085960855E-12	1.88992410471905E-10	96.5748323517107	1E10	1E-30	1E-10	1E10	1E-30	1E-10	1E10	1E-30	1E-10	1E10	1E-30	1E-10	1E10	1E-30	1E-10
171	1.68488876569419E-05	1E10	2272727.27272727	1E-30	2.67023489906958E-11	1E10	1E-30	1E10	1.61968714339105E-03	5.22510156169723E-04	1E10	10.1532280417657	6.11957073684228E-04	1E10	0.944779575621181	5.55587737226501E-04	1E10	0.106557789013538	4.37521455138378E-04	1E10	1.31678447562593E-02	4.52640397005532E-04	1E10	1.69588609363275E-03	1E-30	4.15377609990256E-11	2.83512471107762E-02	1E-30	4.31750408419566E-10	1.51963272281329E-02	3.31440705515094E-05	1.50307376593886E-10	9.09128267601821E-03	2.15013990591814E-05	9.95321093224717E-11	7.13197645206588E-03	1.54497383159795E-12	3.51816868944552E-10	63.9711052203151	1E10	1E-30	1E-10	1E10	1E-30	1E-10	1E10	1E-30	1E-10	1E10	1E-30	1E-10	1E10	1E-30	1E-10
172	1.68488876569419E-05	1E10	2272727.27272727	1E-30	2.67023489906958E-11	1E10	1E-30	1E10	1.61968714339105E-03	5.22510156169723E-04	1E10	10.1532280417657	6.11957073684228E-04	1E10	0.944779575621181	5.55587737226501E-04	1E10	0.106557789013538	4.37521455138378E-04	1E10	1.31678447562593E-02	4.52640397005532E-04	1E10	1.69588609363275E-03	1E-30	4.15377609990256E-11	2.83512471107762E-02	1E-30	4.31750408419566E-10	1.51963272281329E-02	3.31440705515094E-05	1.50307376593886E-10	9.09128267601821E-03	2.15013990591814E-05	9.95321093224717E-11	7.13197645206588E-03	1.54497383159795E-12	3.51816868944552E-10	63.9711052203151	1E10	1E-30	1E-10	1E10	1E-30	1E-10	1E10	1E-30	1E-10	1E10	1E-30	1E-10	1E10	1E-30	1E-10
173	1.68488876569419E-05	1E10	2272727	1E-30	2.67023489906958E-11	1E10	1E-30	1E10	1.61968714339105E-03	5.22510156169723E-04	1E10	10.1532280417657	6.11957073684228E-04	1E10	0.944779575621181	5.55587737226501E-04	1E10	0.106557789013538	4.37521455138378E-04	1E10	1.31678447562593E-02	4.52640397005532E-04	1E10	1.69588609363275E-03	1E-30	4.15377609990256E-11	2.83512471107762E-02	1E-30	4.31750408419566E-10	1.51963272281329E-02	3.31440705515094E-05	1.50307376593886E-10	9.09128267601821E-03	2.15013990591814E-05	9.95321093224717E-11	7.13197645206588E-03	1.54497383159795E-12	3.51816868944552E-10	63.9711052203151	1E10	1E-30	1E-10	1E10	1E-30	1E-10	1E10	1E-30	1E-10	1E10	1E-30	1E-10	1E10	1E-30	1E-10
174	1.68488876569419E-05	1E10	2272727.27272727	1E-30	2.67023489906958E-11	1E10	1E-30	1E10	1.61968714339105E-03	5.22510156169723E-04	1E10	10.1532280417657	6.11957073684228E-04	1E10	0.944779575621181	5.55587737226501E-04	1E10	0.106557789013538	4.37521455138378E-04	1E10	1.31678447562593E-02	4.52640397005532E-04	1E10	1.69588609363275E-03	1E-30	4.15377609990256E-11	2.83512471107762E-02	1E-30	4.31750408419566E-10	1.51963272281329E-02	3.31440705515094E-05	1.50307376593886E-10	9.09128267601821E-03	2.15013990591814E-05	9.95321093224717E-11	7.13197645206588E-03	1.54497383159795E-12	3.51816868944552E-10	63.9711052203151	1E10	1E-30	1E-10	1E10	1E-30	1E-10	1E10	1E-30	1E-10	1E10	1E-30	1E-10	1E10	1E-30	1E-10
175	2.44621536516707E-05	1E10	1515151.51515151	1E-30	4.90260502929564E-11	1E10	1E-30	1E10	1.62991878167167E-03	4.83995296038291E-04	1E10	12.0187066787019	5.96904507538485E-04	1E10	0.777233189886394	5.4442473867316E-04	1E10	8.43934551164049E-02	4.38266824622013E-04	1E10	1.06264903876409E-02	5.06489972031787E-04	1E10	9.13217698469923E-04	1E-30	1.10593365622261E-11	4.76309956294141E-02	1E-30	4.00404032024705E-11	2.16876368534907E-02	1E-30	4.51124018483913E-10	1.27782472268765E-02	5.43047032843467E-05	1.12394975002114E-10	5.88636568358189E-03	3.08144949695155E-05	8.64414803612493E-11	4.65752579042939E-03	1.41478213917549E-11	7.4757030699705E-11	17.0689416103666	2.13693112821463E-12	2.05030127991487E-10	77.3083928078533	1E10	1E-30	1E-10	1E10	1E-30	1E-10	1E10	1E-30	1E-10
176	4.00746554301044E-05	1E10	1063829.78723404	1E-30	6.32827813140674E-11	1E10	1E-30	1E10	1.1300805415548E-03	1.54941413224157E-03	1E10	3.19544512649064	1.73410451283422E-03	1E10	0.302724614869041	1.60385965749016E-03	1E10	3.49033069475088E-02	1.62567530256651E-03	1E10	3.18594725574897E-03	3.23977444719079E-03	1E10	1.44029142451027E-04	1E-30	6.32121867313366E-12	1.86808994216902E-02	1E-30	4.57423851169783E-11	0.014975805432104	1E-30	5.35531389178608E-10	0.010524929295409	6.24578665073664E-05	2.04462176262459E-10	5.18974967974559E-03	8.59882715128906E-05	6.86472884580775E-11	3.61038334635046E-03	2.8479321163218E-11	6.23370958138195E-11	5.34804965229117	1.9266165746537E-12	2.66618883266923E-10	66.828324829382	1E10	1E-30	1E-10	1E10	1E-30	1E-10	1E10	1E-30	1E-10
177	4.00746554301044E-05	1E10	1063829.78723404	1E-30	6.32827813140674E-11	1E10	1E-30	1E10	1.1300805415548E-03	1.54941413224157E-03	1E10	3.19544512649064	1.73410451283422E-03	1E10	0.302724614869041	1.60385965749016E-03	1E10	3.49033069475088E-02	1.62567530256651E-03	1E10	3.18594725574897E-03	3.23977444719079E-03	1E10	1.44029142451027E-04	1E-30	6.32121867313366E-12	1.86808994216902E-02	1E-30	4.57423851169783E-11	0.014975805432104	1E-30	5.35531389178608E-10	0.010524929295409	6.24578665073664E-05	2.04462176262459E-10	5.18974967974559E-03	8.59882715128906E-05	6.86472884580775E-11	3.61038334635046E-03	2.8479321163218E-11	6.23370958138195E-11	5.34804965229117	1.9266165746537E-12	2.66618883266923E-10	66.828324829382	1E10	1E-30	1E-10	1E10	1E-30	1E-10	1E10	1E-30	1E-10
178	4.00746554301044E-05	1E10	1063829.78723404	1E-30	6.32827813140674E-11	1E10	1E-30	1E10	1.1300805415548E-03	1.54941413224157E-03	1E10	3.19544512649064	1.73410451283422E-03	1E10	0.302724614869041	1.60385965749016E-03	1E10	3.49033069475088E-02	1.62567530256651E-03	1E10	3.18594725574897E-03	3.23977444719079E-03	1E10	1.44029142451027E-04	1E-30	6.32121867313366E-12	1.86808994216902E-02	1E-30	4.57423851169783E-11	0.014975805432104	1E-30	5.35531389178608E-10	0.010524929295409	6.24578665073664E-05	2.04462176262459E-10	5.18974967974559E-03	8.59882715128906E-05	6.86472884580775E-11	3.61038334635046E-03	2.8479321163218E-11	6.23370958138195E-11	5.34804965229117	1.9266165746537E-12	2.66618883266923E-10	66.828324829382	1E10	1E-30	1E-10	1E10	1E-30	1E-10	1E10	1E-30	1E-10
179	4.00746554301044E-05	1E10	1063829.78723404	1E-30	6.32827813140674E-11	1E10	1E-30	1E10	1.1300805415548E-03	1.54941413224157E-03	1E10	3.19544512649064	1.73410451283422E-03	1E10	0.302724614869041	1.60385965749016E-03	1E10	3.49033069475088E-02	1.62567530256651E-03	1E10	3.18594725574897E-03	3.23977444719079E-03	1E10	1.44029142451027E-04	1E-30	6.32121867313366E-12	1.86808994216902E-02	1E-30	4.57423851169783E-11	0.014975805432104	1E-30	5.35531389178608E-10	0.010524929295409	6.24578665073664E-05	2.04462176262459E-10	5.18974967974559E-03	8.59882715128906E-05	6.86472884580775E-11	3.61038334635046E-03	2.8479321163218E-11	6.23370958138195E-11	5.34804965229117	1.9266165746537E-12	2.66618883266923E-10	66.828324829382	1E10	1E-30	1E-10	1E10	1E-30	1E-10	1E10	1E-30	1E-10
180	4.00746554301044E-05	1E10	1063829.78723404	1E-30	6.32827813140674E-11	1E10	1E-30	1E10	1.1300805415548E-03	1.54941413224157E-03	1E10	3.19544512649064	1.73410451283422E-03	1E10	0.302724614869041	1.60385965749016E-03	1E10	3.49033069475088E-02	1.62567530256651E-03	1E10	3.18594725574897E-03	3.23977444719079E-03	1E10	1.44029142451027E-04	1E-30	6.32121867313366E-12	1.86808994216902E-02	1E-30	4.57423851169783E-11	0.014975805432104	1E-30	5.35531389178608E-10	0.010524929295409	6.24578665073664E-05	2.04462176262459E-10	5.18974967974559E-03	8.59882715128906E-05	6.86472884580775E-11	3.61038334635046E-03	2.8479321163218E-11	6.23370958138195E-11	5.34804965229117	1.9266165746537E-12	2.66618883266923E-10	66.828324829382	1E10	1E-30	1E-10	1E10	1E-30	1E-10	1E10	1E-30	1E-10
181	4.00746554301044E-05	1E10	1063829.78723404	1E-30	6.32827813140674E-11	1E10	1E-30	1E10	1.1300805415548E-03	1.54941413224157E-03	1E10	3.19544512649064	1.73410451283422E-03	1E10	0.302724614869041	1.60385965749016E-03	1E10	3.49033069475088E-02	1.62567530256651E-03	1E10	3.18594725574897E-03	3.23977444719079E-03	1E10	1.44029142451027E-04	1E-30	6.32121867313366E-12	1.86808994216902E-02	1E-30	4.57423851169783E-11	0.014975805432104	1E-30	5.35531389178608E-10	0.010524929295409	6.24578665073664E-05	2.04462176262459E-10	5.18974967974559E-03	8.59882715128906E-05	6.86472884580775E-11	3.61038334635046E-03	2.8479321163218E-11	6.23370958138195E-11	5.34804965229117	1.9266165746537E-12	2.66618883266923E-10	66.828324829382	1E10	1E-30	1E-10	1E10	1E-30	1E-10	1E10	1E-30	1E-10
182	4.00746554301044E-05	1E10	1063829.78723404	1E-30	6.32827813140674E-11	1E10	1E-30	1E10	1.1300805415548E-03	1.54941413224157E-03	1E10	3.19544512649064	1.73410451283422E-03	1E10	0.302724614869041	1.60385965749016E-03	1E10	3.49033069475088E-02	1.62567530256651E-03	1E10	3.18594725574897E-03	3.23977444719079E-03	1E10	1.44029142451027E-04	1E-30	6.32121867313366E-12	1.86808994216902E-02	1E-30	4.57423851169783E-11	0.014975805432104	1E-30	5.35531389178608E-10	0.010524929295409	6.24578665073664E-05	2.04462176262459E-10	5.18974967974559E-03	8.59882715128906E-05	6.86472884580775E-11	3.61038334635046E-03	2.8479321163218E-11	6.23370958138195E-11	5.34804965229117	1.9266165746537E-12	2.66618883266923E-10	66.828324829382	1E10	1E-30	1E-10	1E10	1E-30	1E-10	1E10	1E-30	1E-10
183	4.00746554301044E-05	1E10	1063829.78723404	1E-30	6.32827813140674E-11	1E10	1E-30	1E10	1.1300805415548E-03	1.54941413224157E-03	1E10	3.19544512649064	1.73410451283422E-03	1E10	0.302724614869041	1.60385965749016E-03	1E10	3.49033069475088E-02	1.62567530256651E-03	1E10	3.18594725574897E-03	3.23977444719079E-03	1E10	1.44029142451027E-04	1E-30	6.32121867313366E-12	1.86808994216902E-02	1E-30	4.57423851169783E-11	0.014975805432104	1E-30	5.35531389178608E-10	0.010524929295409	6.24578665073664E-05	2.04462176262459E-10	5.18974967974559E-03	8.59882715128906E-05	6.86472884580775E-11	3.61038334635046E-03	2.8479321163218E-11	6.23370958138195E-11	5.34804965229117	1.9266165746537E-12	2.66618883266923E-10	66.828324829382	1E10	1E-30	1E-10	1E10	1E-30	1E-10	1E10	1E-30	1E-10
184	4.00746554301044E-05	1E10	1063829.78723404	1E-30	6.32827813140674E-11	1E10	1E-30	1E10	1.1300805415548E-03	1.54941413224157E-03	1E10	3.19544512649064	1.73410451283422E-03	1E10	0.302724614869041	1.60385965749016E-03	1E10	3.49033069475088E-02	1.62567530256651E-03	1E10	3.18594725574897E-03	3.23977444719079E-03	1E10	1.44029142451027E-04	1E-30	6.32121867313366E-12	1.86808994216902E-02	1E-30	4.57423851169783E-11	0.014975805432104	1E-30	5.35531389178608E-10	0.010524929295409	6.24578665073664E-05	2.04462176262459E-10	5.18974967974559E-03	8.59882715128906E-05	6.86472884580775E-11	3.61038334635046E-03	2.8479321163218E-11	6.23370958138195E-11	5.34804965229117	1.9266165746537E-12	2.66618883266923E-10	66.828324829382	1E10	1E-30	1E-10	1E10	1E-30	1E-10	1E10	1E-30	1E-10
185	4.00746554301044E-05	1E10	1063829.78723404	1E-30	6.32827813140674E-11	1E10	1E-30	1E10	1.1300805415548E-03	1.54941413224157E-03	1E10	3.19544512649064	1.73410451283422E-03	1E10	0.302724614869041	1.60385965749016E-03	1E10	3.49033069475088E-02	1.62567530256651E-03	1E10	3.18594725574897E-03	3.23977444719079E-03	1E10	1.44029142451027E-04	1E-30	6.32121867313366E-12	1.86808994216902E-02	1E-30	4.57423851169783E-11	0.014975805432104	1E-30	5.35531389178608E-10	0.010524929295409	6.24578665073664E-05	2.04462176262459E-10	5.18974967974559E-03	8.59882715128906E-05	6.86472884580775E-11	3.61038334635046E-03	2.8479321163218E-11	6.23370958138195E-11	5.34804965229117	1.9266165746537E-12	2.66618883266923E-10	66.828324829382	1E10	1E-30	1E-10	1E10	1E-30	1E-10	1E10	1E-30	1E-10
186	4.00746554301044E-05	1E10	1063829.78723404	1E-30	6.32827813140674E-11	1E10	1E-30	1E10	1.1300805415548E-03	1.54941413224157E-03	1E10	3.19544512649064	1.73410451283422E-03	1E10	0.302724614869041	1.60385965749016E-03	1E10	3.49033069475088E-02	1.62567530256651E-03	1E10	3.18594725574897E-03	3.23977444719079E-03	1E10	1.44029142451027E-04	1E-30	6.32121867313366E-12	1.86808994216902E-02	1E-30	4.57423851169783E-11	0.014975805432104	1E-30	5.35531389178608E-10	0.010524929295409	6.24578665073664E-05	2.04462176262459E-10	5.18974967974559E-03	8.59882715128906E-05	6.86472884580775E-11	3.61038334635046E-03	2.8479321163218E-11	6.23370958138195E-11	5.34804965229117	1.9266165746537E-12	2.66618883266923E-10	66.828324829382	1E10	1E-30	1E-10	1E10	1E-30	1E-10	1E10	1E-30	1E-10
187	4.00746554301044E-05	1E10	1063829.78723404	1E-30	6.32827813140674E-11	1E10	1E-30	1E10	1.1300805415548E-03	1.54941413224157E-03	1E10	3.19544512649064	1.73410451283422E-03	1E10	0.302724614869041	1.60385965749016E-03	1E10	3.49033069475088E-02	1.62567530256651E-03	1E10	3.18594725574897E-03	3.23977444719079E-03	1E10	1.44029142451027E-04	1E-30	6.32121867313366E-12	1.86808994216902E-02	1E-30	4.57423851169783E-11	0.014975805432104	1E-30	5.35531389178608E-10	0.010524929295409	6.24578665073664E-05	2.04462176262459E-10	5.18974967974559E-03	8.59882715128906E-05	6.86472884580775E-11	3.61038334635046E-03	2.8479321163218E-11	6.23370958138195E-11	5.34804965229117	1.9266165746537E-12	2.66618883266923E-10	66.828324829382	1E10	1E-30	1E-10	1E10	1E-30	1E-10	1E10	1E-30	1E-10
188	4.00746554301044E-05	1E10	1063829.78723404	1E-30	6.32827813140674E-11	1E10	1E-30	1E10	1.1300805415548E-03	1.54941413224157E-03	1E10	3.19544512649064	1.73410451283422E-03	1E10	0.302724614869041	1.60385965749016E-03	1E10	3.49033069475088E-02	1.62567530256651E-03	1E10	3.18594725574897E-03	3.23977444719079E-03	1E10	1.44029142451027E-04	1E-30	6.32121867313366E-12	1.86808994216902E-02	1E-30	4.57423851169783E-11	0.014975805432104	1E-30	5.35531389178608E-10	0.010524929295409	6.24578665073664E-05	2.04462176262459E-10	5.18974967974559E-03	8.59882715128906E-05	6.86472884580775E-11	3.61038334635046E-03	2.8479321163218E-11	6.23370958138195E-11	5.34804965229117	1.9266165746537E-12	2.66618883266923E-10	66.828324829382	1E10	1E-30	1E-10	1E10	1E-30	1E-10	1E10	1E-30	1E-10
189	4.00746554301044E-05	1E10	1063829.78723404	1E-30	6.32827813140674E-11	1E10	1E-30	1E10	1.1300805415548E-03	1.54941413224157E-03	1E10	3.19544512649064	1.73410451283422E-03	1E10	0.302724614869041	1.60385965749016E-03	1E10	3.49033069475088E-02	1.62567530256651E-03	1E10	3.18594725574897E-03	3.23977444719079E-03	1E10	1.44029142451027E-04	1E-30	6.32121867313366E-12	1.86808994216902E-02	1E-30	4.57423851169783E-11	0.014975805432104	1E-30	5.35531389178608E-10	0.010524929295409	6.24578665073664E-05	2.04462176262459E-10	5.18974967974559E-03	8.59882715128906E-05	6.86472884580775E-11	3.61038334635046E-03	2.8479321163218E-11	6.23370958138195E-11	5.34804965229117	1.9266165746537E-12	2.66618883266923E-10	66.828324829382	1E10	1E-30	1E-10	1E10	1E-30	1E-10	1E10	1E-30	1E-10
190	4.00746554301044E-05	1E10	1063829.78723404	1E-30	6.32827813140674E-11	1E10	1E-30	1E10	1.1300805415548E-03	1.54941413224157E-03	1E10	3.19544512649064	1.73410451283422E-03	1E10	0.302724614869041	1.60385965749016E-03	1E10	3.49033069475088E-02	1.62567530256651E-03	1E10	3.18594725574897E-03	3.23977444719079E-03	1E10	1.44029142451027E-04	1E-30	6.32121867313366E-12	1.86808994216902E-02	1E-30	4.57423851169783E-11	0.014975805432104	1E-30	5.35531389178608E-10	0.010524929295409	6.24578665073664E-05	2.04462176262459E-10	5.18974967974559E-03	8.59882715128906E-05	6.86472884580775E-11	3.61038334635046E-03	2.8479321163218E-11	6.23370958138195E-11	5.34804965229117	1.9266165746537E-12	2.66618883266923E-10	66.828324829382	1E10	1E-30	1E-10	1E10	1E-30	1E-10	1E10	1E-30	1E-10
191	4.00746554301044E-05	1E10	1063829.78723404	1E-30	6.32827813140674E-11	1E10	1E-30	1E10	1.1300805415548E-03	1.54941413224157E-03	1E10	3.19544512649064	1.73410451283422E-03	1E10	0.302724614869041	1.60385965749016E-03	1E10	3.49033069475088E-02	1.62567530256651E-03	1E10	3.18594725574897E-03	3.23977444719079E-03	1E10	1.44029142451027E-04	1E-30	6.32121867313366E-12	1.86808994216902E-02	1E-30	4.57423851169783E-11	0.014975805432104	1E-30	5.35531389178608E-10	0.010524929295409	6.24578665073664E-05	2.04462176262459E-10	5.18974967974559E-03	8.59882715128906E-05	6.86472884580775E-11	3.61038334635046E-03	2.8479321163218E-11	6.23370958138195E-11	5.34804965229117	1.9266165746537E-12	2.66618883266923E-10	66.828324829382	1E10	1E-30	1E-10	1E10	1E-30	1E-10	1E10	1E-30	1E-10
192	4.00746554301044E-05	1E10	1063829.78723404	1E-30	6.32827813140674E-11	1E10	1E-30	1E10	1.1300805415548E-03	1.54941413224157E-03	1E10	3.19544512649064	1.73410451283422E-03	1E10	0.302724614869041	1.60385965749016E-03	1E10	3.49033069475088E-02	1.62567530256651E-03	1E10	3.18594725574897E-03	3.23977444719079E-03	1E10	1.44029142451027E-04	1E-30	6.32121867313366E-12	1.86808994216902E-02	1E-30	4.57423851169783E-11	0.014975805432104	1E-30	5.35531389178608E-10	0.010524929295409	6.24578665073664E-05	2.04462176262459E-10	5.18974967974559E-03	8.59882715128906E-05	6.86472884580775E-11	3.61038334635046E-03	2.8479321163218E-11	6.23370958138195E-11	5.34804965229117	1.9266165746537E-12	2.66618883266923E-10	66.828324829382	1E10	1E-30	1E-10	1E10	1E-30	1E-10	1E10	1E-30	1E-10
193	4.00746554301044E-05	1E10	1063829.78723404	1E-30	6.32827813140674E-11	1E10	1E-30	1E10	1.1300805415548E-03	1.54941413224157E-03	1E10	3.19544512649064	1.73410451283422E-03	1E10	0.302724614869041	1.60385965749016E-03	1E10	3.49033069475088E-02	1.62567530256651E-03	1E10	3.18594725574897E-03	3.23977444719079E-03	1E10	1.44029142451027E-04	1E-30	6.32121867313366E-12	1.86808994216902E-02	1E-30	4.57423851169783E-11	0.014975805432104	1E-30	5.35531389178608E-10	0.010524929295409	6.24578665073664E-05	2.04462176262459E-10	5.18974967974559E-03	8.59882715128906E-05	6.86472884580775E-11	3.61038334635046E-03	2.8479321163218E-11	6.23370958138195E-11	5.34804965229117	1.9266165746537E-12	2.66618883266923E-10	66.828324829382	1E10	1E-30	1E-10	1E10	1E-30	1E-10	1E10	1E-30	1E-10
194	4.00746554301044E-05	1E10	1063829.78723404	1E-30	6.32827813140674E-11	1E10	1E-30	1E10	1.1300805415548E-03	1.54941413224157E-03	1E10	3.19544512649064	1.73410451283422E-03	1E10	0.302724614869041	1.60385965749016E-03	1E10	3.49033069475088E-02	1.62567530256651E-03	1E10	3.18594725574897E-03	3.23977444719079E-03	1E10	1.44029142451027E-04	1E-30	6.32121867313366E-12	1.86808994216902E-02	1E-30	4.57423851169783E-11	0.014975805432104	1E-30	5.35531389178608E-10	0.010524929295409	6.24578665073664E-05	2.04462176262459E-10	5.18974967974559E-03	8.59882715128906E-05	6.86472884580775E-11	3.61038334635046E-03	2.8479321163218E-11	6.23370958138195E-11	5.34804965229117	1.9266165746537E-12	2.66618883266923E-10	66.828324829382	1E10	1E-30	1E-10	1E10	1E-30	1E-10	1E10	1E-30	1E-10
195	4.00746554301044E-05	1E10	1063829.78723404	1E-30	6.32827813140674E-11	1E10	1E-30	1E10	1.1300805415548E-03	1.54941413224157E-03	1E10	3.19544512649064	1.73410451283422E-03	1E10	0.302724614869041	1.60385965749016E-03	1E10	3.49033069475088E-02	1.62567530256651E-03	1E10	3.18594725574897E-03	3.23977444719079E-03	1E10	1.44029142451027E-04	1E-30	6.32121867313366E-12	1.86808994216902E-02	1E-30	4.57423851169783E-11	0.014975805432104	1E-30	5.35531389178608E-10	0.010524929295409	6.24578665073664E-05	2.04462176262459E-10	5.18974967974559E-03	8.59882715128906E-05	6.86472884580775E-11	3.61038334635046E-03	2.8479321163218E-11	6.23370958138195E-11	5.34804965229117	1.9266165746537E-12	2.66618883266923E-10	66.828324829382	1E10	1E-30	1E-10	1E10	1E-30	1E-10	1E10	1E-30	1E-10
196	4.00746554301044E-05	1E10	1063829.78723404	1E-30	6.32827813140674E-11	1E10	1E-30	1E10	1.1300805415548E-03	1.54941413224157E-03	1E10	3.19544512649064	1.73410451283422E-03	1E10	0.302724614869041	1.60385965749016E-03	1E10	3.49033069475088E-02	1.62567530256651E-03	1E10	3.18594725574897E-03	3.23977444719079E-03	1E10	1.44029142451027E-04	1E-30	6.32121867313366E-12	1.86808994216902E-02	1E-30	4.57423851169783E-11	0.014975805432104	1E-30	5.35531389178608E-10	0.010524929295409	6.24578665073664E-05	2.04462176262459E-10	5.18974967974559E-03	8.59882715128906E-05	6.86472884580775E-11	3.61038334635046E-03	2.8479321163218E-11	6.23370958138195E-11	5.34804965229117	1.9266165746537E-12	2.66618883266923E-10	66.828324829382	1E10	1E-30	1E-10	1E10	1E-30	1E-10	1E10	1E-30	1E-10
197	4.00746554301044E-05	1E10	1063829.78723404	1E-30	6.32827813140674E-11	1E10	1E-30	1E10	1.1300805415548E-03	1.54941413224157E-03	1E10	3.19544512649064	1.73410451283422E-03	1E10	0.302724614869041	1.60385965749016E-03	1E10	3.49033069475088E-02	1.62567530256651E-03	1E10	3.18594725574897E-03	3.23977444719079E-03	1E10	1.44029142451027E-04	1E-30	6.32121867313366E-12	1.86808994216902E-02	1E-30	4.57423851169783E-11	0.014975805432104	1E-30	5.35531389178608E-10	0.010524929295409	6.24578665073664E-05	2.04462176262459E-10	5.18974967974559E-03	8.59882715128906E-05	6.86472884580775E-11	3.61038334635046E-03	2.8479321163218E-11	6.23370958138195E-11	5.34804965229117	1.9266165746537E-12	2.66618883266923E-10	66.828324829382	1E10	1E-30	1E-10	1E10	1E-30	1E-10	1E10	1E-30	1E-10
198	4.00746554301044E-05	1E10	1063829.78723404	1E-30	6.32827813140674E-11	1E10	1E-30	1E10	1.1300805415548E-03	1.54941413224157E-03	1E10	3.19544512649064	1.73410451283422E-03	1E10	0.302724614869041	1.60385965749016E-03	1E10	3.49033069475088E-02	1.62567530256651E-03	1E10	3.18594725574897E-03	3.23977444719079E-03	1E10	1.44029142451027E-04	1E-30	6.32121867313366E-12	1.86808994216902E-02	1E-30	4.57423851169783E-11	0.014975805432104	1E-30	5.35531389178608E-10	0.010524929295409	6.24578665073664E-05	2.04462176262459E-10	5.18974967974559E-03	8.59882715128906E-05	6.86472884580775E-11	3.61038334635046E-03	2.8479321163218E-11	6.23370958138195E-11	5.34804965229117	1.9266165746537E-12	2.66618883266923E-10	66.828324829382	1E10	1E-30	1E-10	1E10	1E-30	1E-10	1E10	1E-30	1E-10
199	4.00746554301044E-05	1E10	1063829.78723404	1E-30	6.32827813140674E-11	1E10	1E-30	1E10	1.1300805415548E-03	1.54941413224157E-03	1E10	3.19544512649064	1.73410451283422E-03	1E10	0.302724614869041	1.60385965749016E-03	1E10	3.49033069475088E-02	1.62567530256651E-03	1E10	3.18594725574897E-03	3.23977444719079E-03	1E10	1.44029142451027E-04	1E-30	6.32121867313366E-12	1.86808994216902E-02	1E-30	4.57423851169783E-11	0.014975805432104	1E-30	5.35531389178608E-10	0.010524929295409	6.24578665073664E-05	2.04462176262459E-10	5.18974967974559E-03	8.59882715128906E-05	6.86472884580775E-11	3.61038334635046E-03	2.8479321163218E-11	6.23370958138195E-11	5.34804965229117	1.9266165746537E-12	2.66618883266923E-10	66.828324829382	1E10	1E-30	1E-10	1E10	1E-30	1E-10	1E10	1E-30	1E-10
200	3.27819021647412E-05	1E10	1063829.78723404	1E-30	1.85767443718056E-10	1E10	1E-30	1E10	1.4902239403368E-03	7.17210217713822E-04	1E10	7.5692423193076	1.00084201268386E-03	1E10	0.380472273340067	9.3466097382045E-04	1E10	4.03558182745877E-02	7.44891560897708E-04	1E10	4.99380063494783E-03	2.55769785403283E-03	1E10	1.77880154741185E-04	1E-30	1.27561813756752E-11	6.18007259995336E-02	1E-30	4.78803301213959E-11	1.99723577796921E-02	1E-30	4.7412680525476E-10	1.08057199159712E-02	7.29387811493395E-05	1.34859636790239E-10	4.95163655360748E-03	5.24978350267779E-05	8.77478803891872E-11	4.12724762855351E-03	2.33165278599477E-12	2.88482399252867E-10	44.698701010643	1E10	1E-30	1E-10	1E10	1E-30	1E-10	1E10	1E-30	1E-10	1E10	1E-30	1E-10
201	3.27819021647412E-05	1E10	1063829.78723404	1E-30	1.85767443718056E-10	1E10	1E-30	1E10	1.4902239403368E-03	7.17210217713822E-04	1E10	7.5692423193076	1.00084201268386E-03	1E10	0.380472273340067	9.3466097382045E-04	1E10	4.03558182745877E-02	7.44891560897708E-04	1E10	4.99380063494783E-03	2.55769785403283E-03	1E10	1.77880154741185E-04	1E-30	1.27561813756752E-11	6.18007259995336E-02	1E-30	4.78803301213959E-11	1.99723577796921E-02	1E-30	4.7412680525476E-10	1.08057199159712E-02	7.29387811493395E-05	1.34859636790239E-10	4.95163655360748E-03	5.24978350267779E-05	8.77478803891872E-11	4.12724762855351E-03	2.33165278599477E-12	2.88482399252867E-10	44.698701010643	1E10	1E-30	1E-10	1E10	1E-30	1E-10	1E10	1E-30	1E-10	1E10	1E-30	1E-10
202	3.27819021647412E-05	1E10	1063829.78723404	1E-30	1.85767443718056E-10	1E10	1E-30	1E10	1.4902239403368E-03	7.17210217713822E-04	1E10	7.5692423193076	1.00084201268386E-03	1E10	0.380472273340067	9.3466097382045E-04	1E10	4.03558182745877E-02	7.44891560897708E-04	1E10	4.99380063494783E-03	2.55769785403283E-03	1E10	1.77880154741185E-04	1E-30	1.27561813756752E-11	6.18007259995336E-02	1E-30	4.78803301213959E-11	1.99723577796921E-02	1E-30	4.7412680525476E-10	1.08057199159712E-02	7.29387811493395E-05	1.34859636790239E-10	4.95163655360748E-03	5.24978350267779E-05	8.77478803891872E-11	4.12724762855351E-03	2.33165278599477E-12	2.88482399252867E-10	44.698701010643	1E10	1E-30	1E-10	1E10	1E-30	1E-10	1E10	1E-30	1E-10	1E10	1E-30	1E-10
203	3.27819021647412E-05	1E10	1063829.78723404	1E-30	1.85767443718056E-10	1E10	1E-30	1E10	1.4902239403368E-03	7.17210217713822E-04	1E10	7.5692423193076	1.00084201268386E-03	1E10	0.380472273340067	9.3466097382045E-04	1E10	4.03558182745877E-02	7.44891560897708E-04	1E10	4.99380063494783E-03	2.55769785403283E-03	1E10	1.77880154741185E-04	1E-30	1.27561813756752E-11	6.18007259995336E-02	1E-30	4.78803301213959E-11	1.99723577796921E-02	1E-30	4.7412680525476E-10	1.08057199159712E-02	7.29387811493395E-05	1.34859636790239E-10	4.95163655360748E-03	5.24978350267779E-05	8.77478803891872E-11	4.12724762855351E-03	2.33165278599477E-12	2.88482399252867E-10	44.698701010643	1E10	1E-30	1E-10	1E10	1E-30	1E-10	1E10	1E-30	1E-10	1E10	1E-30	1E-10
204	6.89950455721715E-05	1E10	5E5	1E-30	5.34932198321813E-11	1E10	1E-30	1E10	1.06975656343743E-03	3.33622293608235E-03	1E10	1.59017094222113	3.49868413849752E-03	1E10	0.165723370394925	3.76205730310312E-03	1E10	1.81405919107793E-02	6.54762634863656E-03	1E10	9.31040274069829E-04	6.45348521608989E-03	1E10	1.28405718456838E-04	1E-30	8.78283827509307E-12	1.75049797139389E-02	1E-30	7.40770553410351E-11	0.017146832369505	1E-30	5.84210216702537E-10	7.33553717195131E-03	1.60063058819383E-04	1.51217722706989E-10	2.88692822245836E-03	1.43586542193078E-04	8.05574434653876E-11	2.10534229848845E-03	4.29203755159879E-11	6.2484167317695E-11	2.64647202994182	1.83433686255333E-12	2.37481089676768E-10	82.5623682441895	1E10	1E-30	1E-10	1E10	1E-30	1E-10	1E10	1E-30	1E-10
205	6.89950455721715E-05	1E10	5E5	1E-30	5.34932198321813E-11	1E10	1E-30	1E10	1.06975656343743E-03	3.33622293608235E-03	1E10	1.59017094222113	3.49868413849752E-03	1E10	0.165723370394925	3.76205730310312E-03	1E10	1.81405919107793E-02	6.54762634863656E-03	1E10	9.31040274069829E-04	6.45348521608989E-03	1E10	1.28405718456838E-04	1E-30	8.78283827509307E-12	1.75049797139389E-02	1E-30	7.40770553410351E-11	0.017146832369505	1E-30	5.84210216702537E-10	7.33553717195131E-03	1.60063058819383E-04	1.51217722706989E-10	2.88692822245836E-03	1.43586542193078E-04	8.05574434653876E-11	2.10534229848845E-03	4.29203755159879E-11	6.2484167317695E-11	2.64647202994182	1.83433686255333E-12	2.37481089676768E-10	82.5623682441895	1E10	1E-30	1E-10	1E10	1E-30	1E-10	1E10	1E-30	1E-10
206	6.89950455721715E-05	1E10	5E5	1E-30	5.34932198321813E-11	1E10	1E-30	1E10	1.06975656343743E-03	3.33622293608235E-03	1E10	1.59017094222113	3.49868413849752E-03	1E10	0.165723370394925	3.76205730310312E-03	1E10	1.81405919107793E-02	6.54762634863656E-03	1E10	9.31040274069829E-04	6.45348521608989E-03	1E10	1.28405718456838E-04	1E-30	8.78283827509307E-12	1.75049797139389E-02	1E-30	7.40770553410351E-11	0.017146832369505	1E-30	5.84210216702537E-10	7.33553717195131E-03	1.60063058819383E-04	1.51217722706989E-10	2.88692822245836E-03	1.43586542193078E-04	8.05574434653876E-11	2.10534229848845E-03	4.29203755159879E-11	6.2484167317695E-11	2.64647202994182	1.83433686255333E-12	2.37481089676768E-10	82.5623682441895	1E10	1E-30	1E-10	1E10	1E-30	1E-10	1E10	1E-30	1E-10
207	6.89950455721715E-05	1E10	5E5	1E-30	5.34932198321813E-11	1E10	1E-30	1E10	1.06975656343743E-03	3.33622293608235E-03	1E10	1.59017094222113	3.49868413849752E-03	1E10	0.165723370394925	3.76205730310312E-03	1E10	1.81405919107793E-02	6.54762634863656E-03	1E10	9.31040274069829E-04	6.45348521608989E-03	1E10	1.28405718456838E-04	1E-30	8.78283827509307E-12	1.75049797139389E-02	1E-30	7.40770553410351E-11	0.017146832369505	1E-30	5.84210216702537E-10	7.33553717195131E-03	1.60063058819383E-04	1.51217722706989E-10	2.88692822245836E-03	1.43586542193078E-04	8.05574434653876E-11	2.10534229848845E-03	4.29203755159879E-11	6.2484167317695E-11	2.64647202994182	1.83433686255333E-12	2.37481089676768E-10	82.5623682441895	1E10	1E-30	1E-10	1E10	1E-30	1E-10	1E10	1E-30	1E-10
208	6.89950455721715E-05	1E10	5E5	1E-30	5.34932198321813E-11	1E10	1E-30	1E10	1.06975656343743E-03	3.33622293608235E-03	1E10	1.59017094222113	3.49868413849752E-03	1E10	0.165723370394925	3.76205730310312E-03	1E10	1.81405919107793E-02	6.54762634863656E-03	1E10	9.31040274069829E-04	6.45348521608989E-03	1E10	1.28405718456838E-04	1E-30	8.78283827509307E-12	1.75049797139389E-02	1E-30	7.40770553410351E-11	0.017146832369505	1E-30	5.84210216702537E-10	7.33553717195131E-03	1.60063058819383E-04	1.51217722706989E-10	2.88692822245836E-03	1.43586542193078E-04	8.05574434653876E-11	2.10534229848845E-03	4.29203755159879E-11	6.2484167317695E-11	2.64647202994182	1.83433686255333E-12	2.37481089676768E-10	82.5623682441895	1E10	1E-30	1E-10	1E10	1E-30	1E-10	1E10	1E-30	1E-10
209	6.89950455721715E-05	1E10	5E5	1E-30	5.34932198321813E-11	1E10	1E-30	1E10	1.06975656343743E-03	3.33622293608235E-03	1E10	1.59017094222113	3.49868413849752E-03	1E10	0.165723370394925	3.76205730310312E-03	1E10	1.81405919107793E-02	6.54762634863656E-03	1E10	9.31040274069829E-04	6.45348521608989E-03	1E10	1.28405718456838E-04	1E-30	8.78283827509307E-12	1.75049797139389E-02	1E-30	7.40770553410351E-11	0.017146832369505	1E-30	5.84210216702537E-10	7.33553717195131E-03	1.60063058819383E-04	1.51217722706989E-10	2.88692822245836E-03	1.43586542193078E-04	8.05574434653876E-11	2.10534229848845E-03	4.29203755159879E-11	6.2484167317695E-11	2.64647202994182	1.83433686255333E-12	2.37481089676768E-10	82.5623682441895	1E10	1E-30	1E-10	1E10	1E-30	1E-10	1E10	1E-30	1E-10
210	6.89950455721715E-05	1E10	5E5	1E-30	5.34932198321813E-11	1E10	1E-30	1E10	1.06975656343743E-03	3.33622293608235E-03	1E10	1.59017094222113	3.49868413849752E-03	1E10	0.165723370394925	3.76205730310312E-03	1E10	1.81405919107793E-02	6.54762634863656E-03	1E10	9.31040274069829E-04	6.45348521608989E-03	1E10	1.28405718456838E-04	1E-30	8.78283827509307E-12	1.75049797139389E-02	1E-30	7.40770553410351E-11	0.017146832369505	1E-30	5.84210216702537E-10	7.33553717195131E-03	1.60063058819383E-04	1.51217722706989E-10	2.88692822245836E-03	1.43586542193078E-04	8.05574434653876E-11	2.10534229848845E-03	4.29203755159879E-11	6.2484167317695E-11	2.64647202994182	1.83433686255333E-12	2.37481089676768E-10	82.5623682441895	1E10	1E-30	1E-10	1E10	1E-30	1E-10	1E10	1E-30	1E-10
211	6.89950455721715E-05	1E10	5E5	1E-30	5.34932198321813E-11	1E10	1E-30	1E10	1.06975656343743E-03	3.33622293608235E-03	1E10	1.59017094222113	3.49868413849752E-03	1E10	0.165723370394925	3.76205730310312E-03	1E10	1.81405919107793E-02	6.54762634863656E-03	1E10	9.31040274069829E-04	6.45348521608989E-03	1E10	1.28405718456838E-04	1E-30	8.78283827509307E-12	1.75049797139389E-02	1E-30	7.40770553410351E-11	0.017146832369505	1E-30	5.84210216702537E-10	7.33553717195131E-03	1.60063058819383E-04	1.51217722706989E-10	2.88692822245836E-03	1.43586542193078E-04	8.05574434653876E-11	2.10534229848845E-03	4.29203755159879E-11	6.2484167317695E-11	2.64647202994182	1.83433686255333E-12	2.37481089676768E-10	82.5623682441895	1E10	1E-30	1E-10	1E10	1E-30	1E-10	1E10	1E-30	1E-10
212	6.89950455721715E-05	1E10	5E5	1E-30	5.34932198321813E-11	1E10	1E-30	1E10	1.06975656343743E-03	3.33622293608235E-03	1E10	1.59017094222113	3.49868413849752E-03	1E10	0.165723370394925	3.76205730310312E-03	1E10	1.81405919107793E-02	6.54762634863656E-03	1E10	9.31040274069829E-04	6.45348521608989E-03	1E10	1.28405718456838E-04	1E-30	8.78283827509307E-12	1.75049797139389E-02	1E-30	7.40770553410351E-11	0.017146832369505	1E-30	5.84210216702537E-10	7.33553717195131E-03	1.60063058819383E-04	1.51217722706989E-10	2.88692822245836E-03	1.43586542193078E-04	8.05574434653876E-11	2.10534229848845E-03	4.29203755159879E-11	6.2484167317695E-11	2.64647202994182	1.83433686255333E-12	2.37481089676768E-10	82.5623682441895	1E10	1E-30	1E-10	1E10	1E-30	1E-10	1E10	1E-30	1E-10
213	6.89950455721715E-05	1E10	5E5	1E-30	5.34932198321813E-11	1E10	1E-30	1E10	1.06975656343743E-03	3.33622293608235E-03	1E10	1.59017094222113	3.49868413849752E-03	1E10	0.165723370394925	3.76205730310312E-03	1E10	1.81405919107793E-02	6.54762634863656E-03	1E10	9.31040274069829E-04	6.45348521608989E-03	1E10	1.28405718456838E-04	1E-30	8.78283827509307E-12	1.75049797139389E-02	1E-30	7.40770553410351E-11	0.017146832369505	1E-30	5.84210216702537E-10	7.33553717195131E-03	1.60063058819383E-04	1.51217722706989E-10	2.88692822245836E-03	1.43586542193078E-04	8.05574434653876E-11	2.10534229848845E-03	4.29203755159879E-11	6.2484167317695E-11	2.64647202994182	1.83433686255333E-12	2.37481089676768E-10	82.5623682441895	1E10	1E-30	1E-10	1E10	1E-30	1E-10	1E10	1E-30	1E-10
214	1.770326652796E-04	1E10	227273	1E-30	1.12524886756402E-10	1E10	1E-30	1E10	8.71964739548858E-04	8.48943918017645E-03	1E10	0.62491345507461	9.22143084404298E-03	1E10	6.58400541910089E-02	7.67552859311617E-03	1E10	1.12381605867161E-02	1E-30	1.23100678865304E-11	5.46731411441127E-02	1E-30	3.66643723623258E-11	0.019561767708189	1E-30	7.94793928621034E-11	8.28323370246309E-03	1E-30	5.91121634420079E-10	4.91246748512535E-03	3.47268875005371E-04	2.43727883823285E-10	1.52768195198083E-03	4.25577870795632E-04	9.29383110929772E-11	1.19554344073333E-03	6.52107759503113E-11	5.85890576828352E-11	4.16942803874564	3.20690992415745E-12	2.02019230064965E-10	81.7400010954029	1E10	1E-30	1E-10	1E10	1E-30	1E-10	1E10	1E-30	1E-10	1E10	1E-30	1E-10
215	1.770326652796E-04	1E10	227273	1E-30	1.12524886756402E-10	1E10	1E-30	1E10	8.71964739548858E-04	8.48943918017645E-03	1E10	0.62491345507461	9.22143084404298E-03	1E10	6.58400541910089E-02	7.67552859311617E-03	1E10	1.12381605867161E-02	1E-30	1.23100678865304E-11	5.46731411441127E-02	1E-30	3.66643723623258E-11	0.019561767708189	1E-30	7.94793928621034E-11	8.28323370246309E-03	1E-30	5.91121634420079E-10	4.91246748512535E-03	3.47268875005371E-04	2.43727883823285E-10	1.52768195198083E-03	4.25577870795632E-04	9.29383110929772E-11	1.19554344073333E-03	6.52107759503113E-11	5.85890576828352E-11	4.16942803874564	3.20690992415745E-12	2.02019230064965E-10	81.7400010954029	1E10	1E-30	1E-10	1E10	1E-30	1E-10	1E10	1E-30	1E-10	1E10	1E-30	1E-10
216	1.62070650981463E-04	1E10	227273	1E-30	1.4824459645114E-10	1E10	1E-30	1E10	1.09736583018219E-03	1.92892473037745E-02	1E10	0.190449948384844	1.30534712820231E-02	1E10	6.32079348568693E-02	9.28207924395967E-03	1E10	0.013360635791093	2.05276989547989E-02	1E10	3.23730782433271E-03	1E-30	2.17071630996946E-11	1.48702289538458E-02	1E-30	6.80588906296199E-11	9.27680583665268E-03	1E-30	4.53939701010104E-10	3.048955438123E-3	1E-30	1.70841512162839E-10	2.31657438315101E-03	4.15659994516385E-04	1.67285175535121E-10	1.77113477615457E-03	2.22844874738412E-04	1.28962770468042E-10	1.33608033387046E-03	3.78624625298353E-11	8.04207401855878E-11	4.06783240475183	3.42766076470711E-12	1.56223450225898E-10	29.4963999493082	1E10	1E-30	1E-10	1E10	1E-30	1E-10	1E10	1E-30	1E-10
217	1.62070650981463E-04	1E10	227273	1E-30	1.4824459645114E-10	1E10	1E-30	1E10	1.09736583018219E-03	1.92892473037745E-02	1E10	0.190449948384844	1.30534712820231E-02	1E10	6.32079348568693E-02	9.28207924395967E-03	1E10	0.013360635791093	2.05276989547989E-02	1E10	3.23730782433271E-03	1E-30	2.17071630996946E-11	1.48702289538458E-02	1E-30	6.80588906296199E-11	9.27680583665268E-03	1E-30	4.53939701010104E-10	3.048955438123E-3	1E-30	1.70841512162839E-10	2.31657438315101E-03	4.15659994516385E-04	1.67285175535121E-10	1.77113477615457E-03	2.22844874738412E-04	1.28962770468042E-10	1.33608033387046E-03	3.78624625298353E-11	8.04207401855878E-11	4.06783240475183	3.42766076470711E-12	1.56223450225898E-10	29.4963999493082	1E10	1E-30	1E-10	1E10	1E-30	1E-10	1E10	1E-30	1E-10
218	1.62070650981463E-04	1E10	227273	1E-30	1.4824459645114E-10	1E10	1E-30	1E10	1.09736583018219E-03	1.92892473037745E-02	1E10	0.190449948384844	1.30534712820231E-02	1E10	6.32079348568693E-02	9.28207924395967E-03	1E10	0.013360635791093	2.05276989547989E-02	1E10	3.23730782433271E-03	1E-30	2.17071630996946E-11	1.48702289538458E-02	1E-30	6.80588906296199E-11	9.27680583665268E-03	1E-30	4.53939701010104E-10	3.048955438123E-3	1E-30	1.70841512162839E-10	2.31657438315101E-03	4.15659994516385E-04	1.67285175535121E-10	1.77113477615457E-03	2.22844874738412E-04	1.28962770468042E-10	1.33608033387046E-03	3.78624625298353E-11	8.04207401855878E-11	4.06783240475183	3.42766076470711E-12	1.56223450225898E-10	29.4963999493082	1E10	1E-30	1E-10	1E10	1E-30	1E-10	1E10	1E-30	1E-10
219	1.770326652796E-04	1E10	227273	1E-30	1.12524886756402E-10	1E10	1E-30	1E10	8.71964739548858E-04	8.48943918017645E-03	1E10	0.62491345507461	9.22143084404298E-03	1E10	6.58400541910089E-02	7.67552859311617E-03	1E10	1.12381605867161E-02	1E-30	1.23100678865304E-11	5.46731411441127E-02	1E-30	3.66643723623258E-11	0.019561767708189	1E-30	7.94793928621034E-11	8.28323370246309E-03	1E-30	5.91121634420079E-10	4.91246748512535E-03	3.47268875005371E-04	2.43727883823285E-10	1.52768195198083E-03	4.25577870795632E-04	9.29383110929772E-11	1.19554344073333E-03	6.52107759503113E-11	5.85890576828352E-11	4.16942803874564	3.20690992415745E-12	2.02019230064965E-10	81.7400010954029	1E10	1E-30	1E-10	1E10	1E-30	1E-10	1E10	1E-30	1E-10	1E10	1E-30	1E-10
220	1.770326652796E-04	1E10	227273	1E-30	1.12524886756402E-10	1E10	1E-30	1E10	8.71964739548858E-04	8.48943918017645E-03	1E10	0.62491345507461	9.22143084404298E-03	1E10	6.58400541910089E-02	7.67552859311617E-03	1E10	1.12381605867161E-02	1E-30	1.23100678865304E-11	5.46731411441127E-02	1E-30	3.66643723623258E-11	0.019561767708189	1E-30	7.94793928621034E-11	8.28323370246309E-03	1E-30	5.91121634420079E-10	4.91246748512535E-03	3.47268875005371E-04	2.43727883823285E-10	1.52768195198083E-03	4.25577870795632E-04	9.29383110929772E-11	1.19554344073333E-03	6.52107759503113E-11	5.85890576828352E-11	4.16942803874564	3.20690992415745E-12	2.02019230064965E-10	81.7400010954029	1E10	1E-30	1E-10	1E10	1E-30	1E-10	1E10	1E-30	1E-10	1E10	1E-30	1E-10
221	2.30069345497635E-04	1E10	151515	1E-30	1.0622093070698E-10	1E10	1E-30	1E10	8.09945944008968E-04	1.11238148193528E-02	1E10	0.370207426374839	1.38601071227725E-02	1E10	3.87984750724852E-02	8.46702523420909E-03	1E10	0.011468633100616	1E-30	1.21221366703483E-11	2.81935951108546E-02	1E-30	4.9758726496231E-11	0.016871024569237	1E-30	9.58672156615819E-11	6.07763993094862E-03	1E-30	7.83435834044339E-10	3.89145349301471E-03	6.33742426047758E-04	1.75796529896158E-10	1.13138653623419E-03	8.71646256706112E-04	6.39907387482525E-11	8.29374878358477E-04	4.82480930288716E-11	6.68863894442016E-11	4.27356352328497	2.99012693633565E-12	2.16769272215537E-10	88.3627408125377	1E10	1E-30	1E-10	1E10	1E-30	1E-10	1E10	1E-30	1E-10	1E10	1E-30	1E-10
222	2.30069345497635E-04	1E10	151515	1E-30	1.0622093070698E-10	1E10	1E-30	1E10	8.09945944008968E-04	1.11238148193528E-02	1E10	0.370207426374839	1.38601071227725E-02	1E10	3.87984750724852E-02	8.46702523420909E-03	1E10	0.011468633100616	1E-30	1.21221366703483E-11	2.81935951108546E-02	1E-30	4.9758726496231E-11	0.016871024569237	1E-30	9.58672156615819E-11	6.07763993094862E-03	1E-30	7.83435834044339E-10	3.89145349301471E-03	6.33742426047758E-04	1.75796529896158E-10	1.13138653623419E-03	8.71646256706112E-04	6.39907387482525E-11	8.29374878358477E-04	4.82480930288716E-11	6.68863894442016E-11	4.27356352328497	2.99012693633565E-12	2.16769272215537E-10	88.3627408125377	1E10	1E-30	1E-10	1E10	1E-30	1E-10	1E10	1E-30	1E-10	1E10	1E-30	1E-10
223	2.30069345497635E-04	1E10	151515	1E-30	1.0622093070698E-10	1E10	1E-30	1E10	8.09945944008968E-04	1.11238148193528E-02	1E10	0.370207426374839	1.38601071227725E-02	1E10	3.87984750724852E-02	8.46702523420909E-03	1E10	0.011468633100616	1E-30	1.21221366703483E-11	2.81935951108546E-02	1E-30	4.9758726496231E-11	0.016871024569237	1E-30	9.58672156615819E-11	6.07763993094862E-03	1E-30	7.83435834044339E-10	3.89145349301471E-03	6.33742426047758E-04	1.75796529896158E-10	1.13138653623419E-03	8.71646256706112E-04	6.39907387482525E-11	8.29374878358477E-04	4.82480930288716E-11	6.68863894442016E-11	4.27356352328497	2.99012693633565E-12	2.16769272215537E-10	88.3627408125377	1E10	1E-30	1E-10	1E10	1E-30	1E-10	1E10	1E-30	1E-10	1E10	1E-30	1E-10
END DSCRDATA
