BEGIN DSCRDATA
% INDEX	K01	L01	M01	K02	L02	M02	K03	L03	M03	K04	L04	M04	K05	L05	M05	K06	L06	M06	K07	L07	M07	K08	L08	M08	K09	L09	M09	K10	L10	M10	K11	L11	M11	K12	L12	M12	K13	L13	M13	K14	L14	M14	K15	L15	M15	K16	L16	M16	K17	L17	M17	K18	L18	M18	T01	T02	T03
0	0	0	0	0	0	0	0	0	0	0	0	0	0	0	0	0	0	0	0	0	0	0	0	0	0	0	0	0	0	0	0	0	0	0	0	0	0	0	0	0	0	0	0	0	0	0	0	0	0	0	0	0	0	0	0	0	0
1	1E-11	1E10	1E10	1E-30	4.97700337256521E-11	1E10	1E-30	1E10	0.260062502372079	5.21157699327919E-10	5.09905690913779E-12	0.342650187213532	7.64603027802884E-13	7.53277437432647E-10	1019.4926947673	1E10	1E-30	1E-10	1E10	1E-30	1E-10	1E10	1E-30	1E-10	1E10	1E-30	1E-10	1E10	1E-30	1E-10	1E10	1E-30	1E-10	1E10	1E-30	1E-10	1E10	1E-30	1E-10	1E10	1E-30	1E-10	1E10	1E-30	1E-10	1E10	1E-30	1E-10	1E10	1E-30	1E-10	1E10	1E-30	1E-10	2	-1	1
2	1E-11	1E10	1E10	1E-30	4.97700337256521E-11	1E10	1E-30	1E10	0.260062502372079	5.21157699327919E-10	5.09905690913779E-12	0.342650187213532	7.64603027802884E-13	7.53277437432647E-10	1019.4926947673	1E10	1E-30	1E-10	1E10	1E-30	1E-10	1E10	1E-30	1E-10	1E10	1E-30	1E-10	1E10	1E-30	1E-10	1E10	1E-30	1E-10	1E10	1E-30	1E-10	1E10	1E-30	1E-10	1E10	1E-30	1E-10	1E10	1E-30	1E-10	1E10	1E-30	1E-10	1E10	1E-30	1E-10	1E10	1E-30	1E-10	2	-2	2
3	1E-11	1E10	1E10	1E-30	4.97700337256521E-11	1E10	1E-30	1E10	0.260062502372079	5.21157699327919E-10	5.09905690913779E-12	0.342650187213532	7.64603027802884E-13	7.53277437432647E-10	1019.4926947673	1E10	1E-30	1E-10	1E10	1E-30	1E-10	1E10	1E-30	1E-10	1E10	1E-30	1E-10	1E10	1E-30	1E-10	1E10	1E-30	1E-10	1E10	1E-30	1E-10	1E10	1E-30	1E-10	1E10	1E-30	1E-10	1E10	1E-30	1E-10	1E10	1E-30	1E-10	1E10	1E-30	1E-10	1E10	1E-30	1E-10	2	-5	5
4	1E-11	1E10	1E10	1E-30	2.36057720983682E-12	1E10	1E-30	1E10	0.189028665314128	1.97320477677734E-09	1.41356848692523E-12	0.261004487013487	1.10886812403937E-12	4.8043994580767E-10	414.433859413066	1.64859403769423E-12	2.50229501909137E-10	268.641448602237	4.54060501876962E-12	7.55681014785839E-11	153.005276062793	1E10	1E-30	1E-10	1E10	1E-30	1E-10	1E10	1E-30	1E-10	1E10	1E-30	1E-10	1E10	1E-30	1E-10	1E10	1E-30	1E-10	1E10	1E-30	1E-10	1E10	1E-30	1E-10	1E10	1E-30	1E-10	1E10	1E-30	1E-10	1E10	1E-30	1E-10	2	-1	1
5	1E-11	1E10	1E10	1E-30	2.36057720983682E-12	1E10	1E-30	1E10	0.189028665314128	1.97320477677734E-09	1.41356848692523E-12	0.261004487013487	1.10886812403937E-12	4.8043994580767E-10	414.433859413066	1.64859403769423E-12	2.50229501909137E-10	268.641448602237	4.54060501876962E-12	7.55681014785839E-11	153.005276062793	1E10	1E-30	1E-10	1E10	1E-30	1E-10	1E10	1E-30	1E-10	1E10	1E-30	1E-10	1E10	1E-30	1E-10	1E10	1E-30	1E-10	1E10	1E-30	1E-10	1E10	1E-30	1E-10	1E10	1E-30	1E-10	1E10	1E-30	1E-10	1E10	1E-30	1E-10	2	-2	2
6	1E-11	1E10	1E10	1E-30	2.36057720983682E-12	1E10	1E-30	1E10	0.189028665314128	1.97320477677734E-09	1.41356848692523E-12	0.261004487013487	1.10886812403937E-12	4.8043994580767E-10	414.433859413066	1.64859403769423E-12	2.50229501909137E-10	268.641448602237	4.54060501876962E-12	7.55681014785839E-11	153.005276062793	1E10	1E-30	1E-10	1E10	1E-30	1E-10	1E10	1E-30	1E-10	1E10	1E-30	1E-10	1E10	1E-30	1E-10	1E10	1E-30	1E-10	1E10	1E-30	1E-10	1E10	1E-30	1E-10	1E10	1E-30	1E-10	1E10	1E-30	1E-10	1E10	1E-30	1E-10	2	-5	5
7	1E-11	1E10	1E10	1E-30	1.17879928606915E-10	1E10	1E-30	1E10	0.245206166936945	1.05030466532014E-12	6.41542735154727E-10	935.795263605542	1E10	1E-30	1E-10	1E10	1E-30	1E-10	1E10	1E-30	1E-10	1E10	1E-30	1E-10	1E10	1E-30	1E-10	1E10	1E-30	1E-10	1E10	1E-30	1E-10	1E10	1E-30	1E-10	1E10	1E-30	1E-10	1E10	1E-30	1E-10	1E10	1E-30	1E-10	1E10	1E-30	1E-10	1E10	1E-30	1E-10	1E10	1E-30	1E-10	2	-5	5
8	9.99999999999999E-12	1E10	1E10	1E-30	9.41627252800043E-12	1E10	1E-30	1E10	0.237103253991255	8.80685424788476E-13	7.39508858948483E-10	869.860114533547	1E10	1E-30	1E-10	1E10	1E-30	1E-10	1E10	1E-30	1E-10	1E10	1E-30	1E-10	1E10	1E-30	1E-10	1E10	1E-30	1E-10	1E10	1E-30	1E-10	1E10	1E-30	1E-10	1E10	1E-30	1E-10	1E10	1E-30	1E-10	1E10	1E-30	1E-10	1E10	1E-30	1E-10	1E10	1E-30	1E-10	1E10	1E-30	1E-10	2	-5	5
9	1E-11	1E10	1E10	1E-30	3.75077712762744E-11	1E10	1E-30	1E10	0.214843822418163	5.27615386356838E-13	7.53797628766341E-10	425.081969399952	1E10	1E-30	1E-10	1E10	1E-30	1E-10	1E10	1E-30	1E-10	1E10	1E-30	1E-10	1E10	1E-30	1E-10	1E10	1E-30	1E-10	1E10	1E-30	1E-10	1E10	1E-30	1E-10	1E10	1E-30	1E-10	1E10	1E-30	1E-10	1E10	1E-30	1E-10	1E10	1E-30	1E-10	1E10	1E-30	1E-10	1E10	1E-30	1E-10	2	-5	5
10	1.2E-11	1E10	1E10	1E-30	2.30040539517881E-10	1E10	1E-30	1E10	0.225913653865226	5.21157699327919E-10	5.09905690913779E-12	0.342650187213532	8.98330227864969E-13	5.98349537133505E-10	809.811832548817	1E10	1E-30	1E-10	1E10	1E-30	1E-10	1E10	1E-30	1E-10	1E10	1E-30	1E-10	1E10	1E-30	1E-10	1E10	1E-30	1E-10	1E10	1E-30	1E-10	1E10	1E-30	1E-10	1E10	1E-30	1E-10	1E10	1E-30	1E-10	1E10	1E-30	1E-10	1E10	1E-30	1E-10	1E10	1E-30	1E-10	2	-1	1
11	1.2E-11	1E10	1E10	1E-30	2.30040539517881E-10	1E10	1E-30	1E10	0.225913653865226	5.21157699327919E-10	5.09905690913779E-12	0.342650187213532	8.98330227864969E-13	5.98349537133505E-10	809.811832548817	1E10	1E-30	1E-10	1E10	1E-30	1E-10	1E10	1E-30	1E-10	1E10	1E-30	1E-10	1E10	1E-30	1E-10	1E10	1E-30	1E-10	1E10	1E-30	1E-10	1E10	1E-30	1E-10	1E10	1E-30	1E-10	1E10	1E-30	1E-10	1E10	1E-30	1E-10	1E10	1E-30	1E-10	1E10	1E-30	1E-10	2	-2	2
12	1.2E-11	1E10	1E10	1E-30	2.30040539517881E-10	1E10	1E-30	1E10	0.225913653865226	5.21157699327919E-10	5.09905690913779E-12	0.342650187213532	8.98330227864969E-13	5.98349537133505E-10	809.811832548817	1E10	1E-30	1E-10	1E10	1E-30	1E-10	1E10	1E-30	1E-10	1E10	1E-30	1E-10	1E10	1E-30	1E-10	1E10	1E-30	1E-10	1E10	1E-30	1E-10	1E10	1E-30	1E-10	1E10	1E-30	1E-10	1E10	1E-30	1E-10	1E10	1E-30	1E-10	1E10	1E-30	1E-10	1E10	1E-30	1E-10	2	-5	5
13	1.2E-11	1E10	1E10	1E-30	1.21658525338111E-10	1E10	1E-30	1E10	0.198611846689849	1.97320477677734E-09	1.41356848692523E-12	0.261004487013487	6.0936835787746E-13	6.94447005125425E-10	533.894233595338	1E10	1E-30	1E-10	1E10	1E-30	1E-10	1E10	1E-30	1E-10	1E10	1E-30	1E-10	1E10	1E-30	1E-10	1E10	1E-30	1E-10	1E10	1E-30	1E-10	1E10	1E-30	1E-10	1E10	1E-30	1E-10	1E10	1E-30	1E-10	1E10	1E-30	1E-10	1E10	1E-30	1E-10	1E10	1E-30	1E-10	2	-1	1
14	1.2E-11	1E10	1E10	1E-30	1.21658525338111E-10	1E10	1E-30	1E10	0.198611846689849	1.97320477677734E-09	1.41356848692523E-12	0.261004487013487	6.0936835787746E-13	6.94447005125425E-10	533.894233595338	1E10	1E-30	1E-10	1E10	1E-30	1E-10	1E10	1E-30	1E-10	1E10	1E-30	1E-10	1E10	1E-30	1E-10	1E10	1E-30	1E-10	1E10	1E-30	1E-10	1E10	1E-30	1E-10	1E10	1E-30	1E-10	1E10	1E-30	1E-10	1E10	1E-30	1E-10	1E10	1E-30	1E-10	1E10	1E-30	1E-10	2	-2	2
15	1.2E-11	1E10	1E10	1E-30	1.21658525338111E-10	1E10	1E-30	1E10	0.198611846689849	1.97320477677734E-09	1.41356848692523E-12	0.261004487013487	6.0936835787746E-13	6.94447005125425E-10	533.894233595338	1E10	1E-30	1E-10	1E10	1E-30	1E-10	1E10	1E-30	1E-10	1E10	1E-30	1E-10	1E10	1E-30	1E-10	1E10	1E-30	1E-10	1E10	1E-30	1E-10	1E10	1E-30	1E-10	1E10	1E-30	1E-10	1E10	1E-30	1E-10	1E10	1E-30	1E-10	1E10	1E-30	1E-10	1E10	1E-30	1E-10	2	-5	5
16	1.2E-11	1E10	1E10	1E-30	1.77327967722999E-11	1E10	1E-30	1E10	0.216619595541055	5.88970318684503E-12	1.54319721554992E-10	52.0658487514986	7.92544694238488E-12	9.41795614839106E-11	41.8691214956266	1.4283103348761E-12	4.64066856903904E-10	1060.09280924325	1E10	1E-30	1E-10	1E10	1E-30	1E-10	1E10	1E-30	1E-10	1E10	1E-30	1E-10	1E10	1E-30	1E-10	1E10	1E-30	1E-10	1E10	1E-30	1E-10	1E10	1E-30	1E-10	1E10	1E-30	1E-10	1E10	1E-30	1E-10	1E10	1E-30	1E-10	1E10	1E-30	1E-10	2	-5	5
17	1.2E-11	1E10	1E10	1E-30	1.19541484373083E-11	1E10	1E-30	1E10	0.234010758240809	5.896327951514E-12	1.45442584522186E-10	47.3466744327838	1.09903122431039E-12	5.64412250438659E-10	1432.75363871117	1E10	1E-30	1E-10	1E10	1E-30	1E-10	1E10	1E-30	1E-10	1E10	1E-30	1E-10	1E10	1E-30	1E-10	1E10	1E-30	1E-10	1E10	1E-30	1E-10	1E10	1E-30	1E-10	1E10	1E-30	1E-10	1E10	1E-30	1E-10	1E10	1E-30	1E-10	1E10	1E-30	1E-10	1E10	1E-30	1E-10	2	-5	5
18	1.2E-11	1E10	1E10	1E-30	5.91914783809165E-12	1E10	1E-30	1E10	0.192355174201079	5.26471738168687E-12	1.75850637075802E-10	63.1604286993364	1.14025492528354E-12	5.7994794789512E-10	581.859560803708	1E10	1E-30	1E-10	1E10	1E-30	1E-10	1E10	1E-30	1E-10	1E10	1E-30	1E-10	1E10	1E-30	1E-10	1E10	1E-30	1E-10	1E10	1E-30	1E-10	1E10	1E-30	1E-10	1E10	1E-30	1E-10	1E10	1E-30	1E-10	1E10	1E-30	1E-10	1E10	1E-30	1E-10	1E10	1E-30	1E-10	2	-5	5
19	1.5E-11	1E10	1E10	1E-30	2.62188329917141E-10	1E10	1E-30	1E10	0.187210655480948	6.56098671236101E-10	4.05032487339407E-12	0.272176718337269	2.41788707371816E-11	3.6893933396265E-11	12.8346526058108	7.89973516943341E-13	4.98700385604074E-10	297.99405460644	1E10	1E-30	1E-10	1E10	1E-30	1E-10	1E10	1E-30	1E-10	1E10	1E-30	1E-10	1E10	1E-30	1E-10	1E10	1E-30	1E-10	1E10	1E-30	1E-10	1E10	1E-30	1E-10	1E10	1E-30	1E-10	1E10	1E-30	1E-10	1E10	1E-30	1E-10	1E10	1E-30	1E-10	2	-1	1
20	1.5E-11	1E10	1E10	1E-30	2.62188329917141E-10	1E10	1E-30	1E10	0.187210655480948	6.56098671236101E-10	4.05032487339407E-12	0.272176718337269	2.41788707371816E-11	3.6893933396265E-11	12.8346526058108	7.89973516943341E-13	4.98700385604074E-10	297.99405460644	1E10	1E-30	1E-10	1E10	1E-30	1E-10	1E10	1E-30	1E-10	1E10	1E-30	1E-10	1E10	1E-30	1E-10	1E10	1E-30	1E-10	1E10	1E-30	1E-10	1E10	1E-30	1E-10	1E10	1E-30	1E-10	1E10	1E-30	1E-10	1E10	1E-30	1E-10	1E10	1E-30	1E-10	2	-2	2
21	1.5E-11	1E10	1E10	1E-30	2.62188329917141E-10	1E10	1E-30	1E10	0.187210655480948	6.56098671236101E-10	4.05032487339407E-12	0.272176718337269	2.41788707371816E-11	3.6893933396265E-11	12.8346526058108	7.89973516943341E-13	4.98700385604074E-10	297.99405460644	1E10	1E-30	1E-10	1E10	1E-30	1E-10	1E10	1E-30	1E-10	1E10	1E-30	1E-10	1E10	1E-30	1E-10	1E10	1E-30	1E-10	1E10	1E-30	1E-10	1E10	1E-30	1E-10	1E10	1E-30	1E-10	1E10	1E-30	1E-10	1E10	1E-30	1E-10	1E10	1E-30	1E-10	2	-5	5
22	1.5E-11	1E10	1E10	1E-30	2.29051995447211E-10	1E10	1E-30	1E10	0.18616034904486	1.56737226708706E-09	1.7795772895016E-12	0.32858518129358	3.30890958433446E-11	2.79791236961194E-11	10.0492865801612	7.32621904257286E-13	5.77615859814078E-10	414.433859413066	1E10	1E-30	1E-10	1E10	1E-30	1E-10	1E10	1E-30	1E-10	1E10	1E-30	1E-10	1E10	1E-30	1E-10	1E10	1E-30	1E-10	1E10	1E-30	1E-10	1E10	1E-30	1E-10	1E10	1E-30	1E-10	1E10	1E-30	1E-10	1E10	1E-30	1E-10	1E10	1E-30	1E-10	2	-1	1
23	1.5E-11	1E10	1E10	1E-30	2.29051995447211E-10	1E10	1E-30	1E10	0.18616034904486	1.56737226708706E-09	1.7795772895016E-12	0.32858518129358	3.30890958433446E-11	2.79791236961194E-11	10.0492865801612	7.32621904257286E-13	5.77615859814078E-10	414.433859413066	1E10	1E-30	1E-10	1E10	1E-30	1E-10	1E10	1E-30	1E-10	1E10	1E-30	1E-10	1E10	1E-30	1E-10	1E10	1E-30	1E-10	1E10	1E-30	1E-10	1E10	1E-30	1E-10	1E10	1E-30	1E-10	1E10	1E-30	1E-10	1E10	1E-30	1E-10	1E10	1E-30	1E-10	2	-2	2
24	1.5E-11	1E10	1E10	1E-30	2.29051995447211E-10	1E10	1E-30	1E10	0.18616034904486	1.56737226708706E-09	1.7795772895016E-12	0.32858518129358	3.30890958433446E-11	2.79791236961194E-11	10.0492865801612	7.32621904257286E-13	5.77615859814078E-10	414.433859413066	1E10	1E-30	1E-10	1E10	1E-30	1E-10	1E10	1E-30	1E-10	1E10	1E-30	1E-10	1E10	1E-30	1E-10	1E10	1E-30	1E-10	1E10	1E-30	1E-10	1E10	1E-30	1E-10	1E10	1E-30	1E-10	1E10	1E-30	1E-10	1E10	1E-30	1E-10	1E10	1E-30	1E-10	2	-5	5
25	1.5E-11	1E10	1E10	1E-30	1.02899992300057E-10	1E10	1E-30	1E10	0.207632461559562	2.39287881164039E-11	5.49042344826707E-11	15.3304058101643	1.10201880791628E-12	5.70084742107779E-10	606.000347508484	1E10	1E-30	1E-10	1E10	1E-30	1E-10	1E10	1E-30	1E-10	1E10	1E-30	1E-10	1E10	1E-30	1E-10	1E10	1E-30	1E-10	1E10	1E-30	1E-10	1E10	1E-30	1E-10	1E10	1E-30	1E-10	1E10	1E-30	1E-10	1E10	1E-30	1E-10	1E10	1E-30	1E-10	1E10	1E-30	1E-10	2	-5	5
26	1.5E-11	1E10	1E10	1E-30	2.26661090965628E-11	1E10	1E-30	1E10	0.210077610578402	1.29331633220226E-09	3.06939786850007E-12	0.149311198943937	2.23407783201549E-11	5.73499580300276E-11	14.7824958419332	9.76390893987317E-13	6.35281233341199E-10	1253.69564257343	1E10	1E-30	1E-10	1E10	1E-30	1E-10	1E10	1E-30	1E-10	1E10	1E-30	1E-10	1E10	1E-30	1E-10	1E10	1E-30	1E-10	1E10	1E-30	1E-10	1E10	1E-30	1E-10	1E10	1E-30	1E-10	1E10	1E-30	1E-10	1E10	1E-30	1E-10	1E10	1E-30	1E-10	2	-5	5
27	1.5E-11	1E10	1E10	1E-30	1.74318525623503E-10	1E10	1E-30	1E10	0.199645155933557	1.57179185556277E-11	8.71292383433452E-11	19.5184384325159	1.80718226875214E-12	4.01225951874725E-10	192.671808914299	4.75298200183354E-12	8.28869323226289E-11	19.7175959054734	1E10	1E-30	1E-10	1E10	1E-30	1E-10	1E10	1E-30	1E-10	1E10	1E-30	1E-10	1E10	1E-30	1E-10	1E10	1E-30	1E-10	1E10	1E-30	1E-10	1E10	1E-30	1E-10	1E10	1E-30	1E-10	1E10	1E-30	1E-10	1E10	1E-30	1E-10	1E10	1E-30	1E-10	2	-5	5
28	1.8E-11	1E10	1E10	1E-30	2.667654913543E-10	1E10	1E-30	1E10	0.177917753721055	6.56098671236101E-10	4.05032487339407E-12	0.272176718337269	3.83209276327564E-11	3.44314220153821E-11	9.73607965005796	8.86364864420254E-13	5.10316609836359E-10	342.142952980924	1E10	1E-30	1E-10	1E10	1E-30	1E-10	1E10	1E-30	1E-10	1E10	1E-30	1E-10	1E10	1E-30	1E-10	1E10	1E-30	1E-10	1E10	1E-30	1E-10	1E10	1E-30	1E-10	1E10	1E-30	1E-10	1E10	1E-30	1E-10	1E10	1E-30	1E-10	1E10	1E-30	1E-10	2	-1	1
29	1.8E-11	1E10	1E10	1E-30	2.667654913543E-10	1E10	1E-30	1E10	0.177917753721055	6.56098671236101E-10	4.05032487339407E-12	0.272176718337269	3.83209276327564E-11	3.44314220153821E-11	9.73607965005796	8.86364864420254E-13	5.10316609836359E-10	342.142952980924	1E10	1E-30	1E-10	1E10	1E-30	1E-10	1E10	1E-30	1E-10	1E10	1E-30	1E-10	1E10	1E-30	1E-10	1E10	1E-30	1E-10	1E10	1E-30	1E-10	1E10	1E-30	1E-10	1E10	1E-30	1E-10	1E10	1E-30	1E-10	1E10	1E-30	1E-10	1E10	1E-30	1E-10	2	-2	2
30	1.8E-11	1E10	1E10	1E-30	2.667654913543E-10	1E10	1E-30	1E10	0.177917753721055	6.56098671236101E-10	4.05032487339407E-12	0.272176718337269	3.83209276327564E-11	3.44314220153821E-11	9.73607965005796	8.86364864420254E-13	5.10316609836359E-10	342.142952980924	1E10	1E-30	1E-10	1E10	1E-30	1E-10	1E10	1E-30	1E-10	1E10	1E-30	1E-10	1E10	1E-30	1E-10	1E10	1E-30	1E-10	1E10	1E-30	1E-10	1E10	1E-30	1E-10	1E10	1E-30	1E-10	1E10	1E-30	1E-10	1E10	1E-30	1E-10	1E10	1E-30	1E-10	2	-5	5
31	1.8E-11	1E10	1E10	1E-30	7.90762904543874E-11	1E10	1E-30	1E10	0.174758904526096	1.75862060843279E-09	1.58604992874981E-12	0.29285185108475	3.94973169736464E-11	3.33977187682136E-11	10.0492865801612	6.95916260076362E-13	6.90742525226912E-10	585.403386183864	1E10	1E-30	1E-10	1E10	1E-30	1E-10	1E10	1E-30	1E-10	1E10	1E-30	1E-10	1E10	1E-30	1E-10	1E10	1E-30	1E-10	1E10	1E-30	1E-10	1E10	1E-30	1E-10	1E10	1E-30	1E-10	1E10	1E-30	1E-10	1E10	1E-30	1E-10	1E10	1E-30	1E-10	2	-1	1
32	1.8E-11	1E10	1E10	1E-30	7.90762904543874E-11	1E10	1E-30	1E10	0.174758904526096	1.75862060843279E-09	1.58604992874981E-12	0.29285185108475	3.94973169736464E-11	3.33977187682136E-11	10.0492865801612	6.95916260076362E-13	6.90742525226912E-10	585.403386183864	1E10	1E-30	1E-10	1E10	1E-30	1E-10	1E10	1E-30	1E-10	1E10	1E-30	1E-10	1E10	1E-30	1E-10	1E10	1E-30	1E-10	1E10	1E-30	1E-10	1E10	1E-30	1E-10	1E10	1E-30	1E-10	1E10	1E-30	1E-10	1E10	1E-30	1E-10	1E10	1E-30	1E-10	2	-2	2
33	1.8E-11	1E10	1E10	1E-30	7.90762904543874E-11	1E10	1E-30	1E10	0.174758904526096	1.75862060843279E-09	1.58604992874981E-12	0.29285185108475	3.94973169736464E-11	3.33977187682136E-11	10.0492865801612	6.95916260076362E-13	6.90742525226912E-10	585.403386183864	1E10	1E-30	1E-10	1E10	1E-30	1E-10	1E10	1E-30	1E-10	1E10	1E-30	1E-10	1E10	1E-30	1E-10	1E10	1E-30	1E-10	1E10	1E-30	1E-10	1E10	1E-30	1E-10	1E10	1E-30	1E-10	1E10	1E-30	1E-10	1E10	1E-30	1E-10	1E10	1E-30	1E-10	2	-5	5
34	1.79999999999999E-11	1E10	1E10	1E-30	6.8909184394969E-11	1E10	1E-30	1E10	0.235261523774531	9.80683106326978E-13	7.80215998357932E-10	827.595316201136	1E10	1E-30	1E-10	1E10	1E-30	1E-10	1E10	1E-30	1E-10	1E10	1E-30	1E-10	1E10	1E-30	1E-10	1E10	1E-30	1E-10	1E10	1E-30	1E-10	1E10	1E-30	1E-10	1E10	1E-30	1E-10	1E10	1E-30	1E-10	1E10	1E-30	1E-10	1E10	1E-30	1E-10	1E10	1E-30	1E-10	1E10	1E-30	1E-10	2	-5	5
35	1.8E-11	1E10	1E10	1E-30	1.27843205313851E-10	1E10	1E-30	1E10	0.227479805060925	9.17086858878996E-10	4.63645090857881E-12	0.127566011663373	9.95281352093678E-13	7.10676124871064E-10	791.279779992661	1E10	1E-30	1E-10	1E10	1E-30	1E-10	1E10	1E-30	1E-10	1E10	1E-30	1E-10	1E10	1E-30	1E-10	1E10	1E-30	1E-10	1E10	1E-30	1E-10	1E10	1E-30	1E-10	1E10	1E-30	1E-10	1E10	1E-30	1E-10	1E10	1E-30	1E-10	1E10	1E-30	1E-10	1E10	1E-30	1E-10	2	-5	5
36	1.8E-11	1E10	1E10	1E-30	6.89820725180316E-12	1E10	1E-30	1E10	0.204871033192917	9.47098249882952E-13	8.32077766435893E-10	490.28100662892	1E10	1E-30	1E-10	1E10	1E-30	1E-10	1E10	1E-30	1E-10	1E10	1E-30	1E-10	1E10	1E-30	1E-10	1E10	1E-30	1E-10	1E10	1E-30	1E-10	1E10	1E-30	1E-10	1E10	1E-30	1E-10	1E10	1E-30	1E-10	1E10	1E-30	1E-10	1E10	1E-30	1E-10	1E10	1E-30	1E-10	1E10	1E-30	1E-10	2	-5	5
37	2.19999999999999E-11	1E10	1E10	1E-30	6.2291153292638E-11	1E10	1E-30	1E10	0.154237664962459	5.63842884303864E-11	3.17452538931795E-11	8.03250442440728	2.15494412275277E-12	2.93058929866904E-10	150.794019650653	1.0176830290517E-12	3.87114736386779E-10	440.765505792641	1E10	1E-30	1E-10	1E10	1E-30	1E-10	1E10	1E-30	1E-10	1E10	1E-30	1E-10	1E10	1E-30	1E-10	1E10	1E-30	1E-10	1E10	1E-30	1E-10	1E10	1E-30	1E-10	1E10	1E-30	1E-10	1E10	1E-30	1E-10	1E10	1E-30	1E-10	1E10	1E-30	1E-10	2	-1	1
38	2.19999999999999E-11	1E10	1E10	1E-30	6.2291153292638E-11	1E10	1E-30	1E10	0.154237664962459	5.63842884303864E-11	3.17452538931795E-11	8.03250442440728	2.15494412275277E-12	2.93058929866904E-10	150.794019650653	1.0176830290517E-12	3.87114736386779E-10	440.765505792641	1E10	1E-30	1E-10	1E10	1E-30	1E-10	1E10	1E-30	1E-10	1E10	1E-30	1E-10	1E10	1E-30	1E-10	1E10	1E-30	1E-10	1E10	1E-30	1E-10	1E10	1E-30	1E-10	1E10	1E-30	1E-10	1E10	1E-30	1E-10	1E10	1E-30	1E-10	1E10	1E-30	1E-10	2	-2	2
39	2.19999999999999E-11	1E10	1E10	1E-30	6.2291153292638E-11	1E10	1E-30	1E10	0.154237664962459	5.63842884303864E-11	3.17452538931795E-11	8.03250442440728	2.15494412275277E-12	2.93058929866904E-10	150.794019650653	1.0176830290517E-12	3.87114736386779E-10	440.765505792641	1E10	1E-30	1E-10	1E10	1E-30	1E-10	1E10	1E-30	1E-10	1E10	1E-30	1E-10	1E10	1E-30	1E-10	1E10	1E-30	1E-10	1E10	1E-30	1E-10	1E10	1E-30	1E-10	1E10	1E-30	1E-10	1E10	1E-30	1E-10	1E10	1E-30	1E-10	1E10	1E-30	1E-10	2	-5	5
40	2.19999999999999E-11	1E10	1E10	1E-30	1.72143894637169E-10	1E10	1E-30	1E10	0.162047842468645	2.01916662041116E-09	1.38139173979352E-12	0.255063299546057	5.08824008843816E-11	3.41756515736764E-11	7.11435007049323	2.46920406860448E-12	2.34054068069974E-10	92.780184160649	1.00207984752218E-12	3.4241273455502E-10	427.481971230201	1E10	1E-30	1E-10	1E10	1E-30	1E-10	1E10	1E-30	1E-10	1E10	1E-30	1E-10	1E10	1E-30	1E-10	1E10	1E-30	1E-10	1E10	1E-30	1E-10	1E10	1E-30	1E-10	1E10	1E-30	1E-10	1E10	1E-30	1E-10	1E10	1E-30	1E-10	2	-1	1
41	2.19999999999999E-11	1E10	1E10	1E-30	1.72143894637169E-10	1E10	1E-30	1E10	0.162047842468645	2.01916662041116E-09	1.38139173979352E-12	0.255063299546057	5.08824008843816E-11	3.41756515736764E-11	7.11435007049323	2.46920406860448E-12	2.34054068069974E-10	92.780184160649	1.00207984752218E-12	3.4241273455502E-10	427.481971230201	1E10	1E-30	1E-10	1E10	1E-30	1E-10	1E10	1E-30	1E-10	1E10	1E-30	1E-10	1E10	1E-30	1E-10	1E10	1E-30	1E-10	1E10	1E-30	1E-10	1E10	1E-30	1E-10	1E10	1E-30	1E-10	1E10	1E-30	1E-10	1E10	1E-30	1E-10	2	-2	2
42	2.19999999999999E-11	1E10	1E10	1E-30	1.72143894637169E-10	1E10	1E-30	1E10	0.162047842468645	2.01916662041116E-09	1.38139173979352E-12	0.255063299546057	5.08824008843816E-11	3.41756515736764E-11	7.11435007049323	2.46920406860448E-12	2.34054068069974E-10	92.780184160649	1.00207984752218E-12	3.4241273455502E-10	427.481971230201	1E10	1E-30	1E-10	1E10	1E-30	1E-10	1E10	1E-30	1E-10	1E10	1E-30	1E-10	1E10	1E-30	1E-10	1E10	1E-30	1E-10	1E10	1E-30	1E-10	1E10	1E-30	1E-10	1E10	1E-30	1E-10	1E10	1E-30	1E-10	1E10	1E-30	1E-10	2	-5	5
43	2.2E-11	1E10	1E10	1E-30	4.31512918324407E-11	1E10	1E-30	1E10	0.215760260508354	8.98961474252214E-13	7.83293404078282E-10	550.191637106494	1E10	1E-30	1E-10	1E10	1E-30	1E-10	1E10	1E-30	1E-10	1E10	1E-30	1E-10	1E10	1E-30	1E-10	1E10	1E-30	1E-10	1E10	1E-30	1E-10	1E10	1E-30	1E-10	1E10	1E-30	1E-10	1E10	1E-30	1E-10	1E10	1E-30	1E-10	1E10	1E-30	1E-10	1E10	1E-30	1E-10	1E10	1E-30	1E-10	2	-5	5
44	2.19999999999999E-11	1E10	1E10	1E-30	5.36023867397653E-11	1E10	1E-30	1E10	0.209327251654677	5.30247983594165E-10	7.76864774228682E-12	8.34176469509863E-02	2.93848502365826E-11	3.48290646650868E-11	7.77188086059386	8.38703108280613E-13	7.64570661068359E-10	680.346314345801	1E10	1E-30	1E-10	1E10	1E-30	1E-10	1E10	1E-30	1E-10	1E10	1E-30	1E-10	1E10	1E-30	1E-10	1E10	1E-30	1E-10	1E10	1E-30	1E-10	1E10	1E-30	1E-10	1E10	1E-30	1E-10	1E10	1E-30	1E-10	1E10	1E-30	1E-10	1E10	1E-30	1E-10	2	-5	5
45	2.19999999999999E-11	1E10	1E10	1E-30	6.90048722900216E-12	1E10	1E-30	1E10	0.202081922555787	9.2184704884517E-13	8.35333962160922E-10	414.153429456425	1E10	1E-30	1E-10	1E10	1E-30	1E-10	1E10	1E-30	1E-10	1E10	1E-30	1E-10	1E10	1E-30	1E-10	1E10	1E-30	1E-10	1E10	1E-30	1E-10	1E10	1E-30	1E-10	1E10	1E-30	1E-10	1E10	1E-30	1E-10	1E10	1E-30	1E-10	1E10	1E-30	1E-10	1E10	1E-30	1E-10	1E10	1E-30	1E-10	2	-5	5
46	2.7E-11	1E10	1E10	1E-30	1.58442956088175E-11	1E10	1E-30	1E10	0.140518185391829	6.68723274476957E-11	3.76501871771584E-11	8.03250442440728	6.11886298373908E-12	1.44607119181718E-10	48.7959882618732	7.5441885183417E-13	5.22203410690018E-10	594.576307241009	1E10	1E-30	1E-10	1E10	1E-30	1E-10	1E10	1E-30	1E-10	1E10	1E-30	1E-10	1E10	1E-30	1E-10	1E10	1E-30	1E-10	1E10	1E-30	1E-10	1E10	1E-30	1E-10	1E10	1E-30	1E-10	1E10	1E-30	1E-10	1E10	1E-30	1E-10	1E10	1E-30	1E-10	2	-1	1
47	2.7E-11	1E10	1E10	1E-30	1.58442956088175E-11	1E10	1E-30	1E10	0.140518185391829	6.68723274476957E-11	3.76501871771584E-11	8.03250442440728	6.11886298373908E-12	1.44607119181718E-10	48.7959882618732	7.5441885183417E-13	5.22203410690018E-10	594.576307241009	1E10	1E-30	1E-10	1E10	1E-30	1E-10	1E10	1E-30	1E-10	1E10	1E-30	1E-10	1E10	1E-30	1E-10	1E10	1E-30	1E-10	1E10	1E-30	1E-10	1E10	1E-30	1E-10	1E10	1E-30	1E-10	1E10	1E-30	1E-10	1E10	1E-30	1E-10	1E10	1E-30	1E-10	2	-2	2
48	2.7E-11	1E10	1E10	1E-30	1.58442956088175E-11	1E10	1E-30	1E10	0.140518185391829	6.68723274476957E-11	3.76501871771584E-11	8.03250442440728	6.11886298373908E-12	1.44607119181718E-10	48.7959882618732	7.5441885183417E-13	5.22203410690018E-10	594.576307241009	1E10	1E-30	1E-10	1E10	1E-30	1E-10	1E10	1E-30	1E-10	1E10	1E-30	1E-10	1E10	1E-30	1E-10	1E10	1E-30	1E-10	1E10	1E-30	1E-10	1E10	1E-30	1E-10	1E10	1E-30	1E-10	1E10	1E-30	1E-10	1E10	1E-30	1E-10	1E10	1E-30	1E-10	2	-5	5
49	2.69999999999999E-11	1E10	1E10	1E-30	3.559306566699E-12	1E10	1E-30	1E10	0.145374665247511	7.00119474500249E-11	3.63343047744758E-11	7.88220949589026	7.63057005515242E-12	1.14634725127694E-10	36.9364565996283	5.97816083885129E-13	6.07738575181332E-10	552.24937289075	1E10	1E-30	1E-10	1E10	1E-30	1E-10	1E10	1E-30	1E-10	1E10	1E-30	1E-10	1E10	1E-30	1E-10	1E10	1E-30	1E-10	1E10	1E-30	1E-10	1E10	1E-30	1E-10	1E10	1E-30	1E-10	1E10	1E-30	1E-10	1E10	1E-30	1E-10	1E10	1E-30	1E-10	2	-1	1
50	2.69999999999999E-11	1E10	1E10	1E-30	3.559306566699E-12	1E10	1E-30	1E10	0.145374665247511	7.00119474500249E-11	3.63343047744758E-11	7.88220949589026	7.63057005515242E-12	1.14634725127694E-10	36.9364565996283	5.97816083885129E-13	6.07738575181332E-10	552.24937289075	1E10	1E-30	1E-10	1E10	1E-30	1E-10	1E10	1E-30	1E-10	1E10	1E-30	1E-10	1E10	1E-30	1E-10	1E10	1E-30	1E-10	1E10	1E-30	1E-10	1E10	1E-30	1E-10	1E10	1E-30	1E-10	1E10	1E-30	1E-10	1E10	1E-30	1E-10	1E10	1E-30	1E-10	2	-2	2
51	2.69999999999999E-11	1E10	1E10	1E-30	3.559306566699E-12	1E10	1E-30	1E10	0.145374665247511	7.00119474500249E-11	3.63343047744758E-11	7.88220949589026	7.63057005515242E-12	1.14634725127694E-10	36.9364565996283	5.97816083885129E-13	6.07738575181332E-10	552.24937289075	1E10	1E-30	1E-10	1E10	1E-30	1E-10	1E10	1E-30	1E-10	1E10	1E-30	1E-10	1E10	1E-30	1E-10	1E10	1E-30	1E-10	1E10	1E-30	1E-10	1E10	1E-30	1E-10	1E10	1E-30	1E-10	1E10	1E-30	1E-10	1E10	1E-30	1E-10	1E10	1E-30	1E-10	2	-5	5
52	2.7E-11	1E10	1E10	1E-30	1.41634683043411E-10	1E10	1E-30	1E10	0.200724376890595	1.06538555398536E-12	7.02675971477475E-10	354.512290928445	1E10	1E-30	1E-10	1E10	1E-30	1E-10	1E10	1E-30	1E-10	1E10	1E-30	1E-10	1E10	1E-30	1E-10	1E10	1E-30	1E-10	1E10	1E-30	1E-10	1E10	1E-30	1E-10	1E10	1E-30	1E-10	1E10	1E-30	1E-10	1E10	1E-30	1E-10	1E10	1E-30	1E-10	1E10	1E-30	1E-10	1E10	1E-30	1E-10	2	-5	5
53	2.7E-11	1E10	1E10	1E-30	2.75838720746688E-11	1E10	1E-30	1E10	0.185748034501832	4.88629518443974E-10	1.01141311972497E-11	0.143592853233689	3.70218093913279E-11	3.76913332887447E-11	4.4668648306449	8.94689551642604E-13	7.42414629288613E-10	902.991516756605	1E10	1E-30	1E-10	1E10	1E-30	1E-10	1E10	1E-30	1E-10	1E10	1E-30	1E-10	1E10	1E-30	1E-10	1E10	1E-30	1E-10	1E10	1E-30	1E-10	1E10	1E-30	1E-10	1E10	1E-30	1E-10	1E10	1E-30	1E-10	1E10	1E-30	1E-10	1E10	1E-30	1E-10	2	-5	5
54	2.7E-11	1E10	1E10	1E-30	6.99728819810403E-12	1E10	1E-30	1E10	0.190684496630026	4.48798656048105E-11	3.24010228098898E-11	4.78375119708337	8.63553328788575E-13	7.65776104323716E-10	610.282573624588	1E10	1E-30	1E-10	1E10	1E-30	1E-10	1E10	1E-30	1E-10	1E10	1E-30	1E-10	1E10	1E-30	1E-10	1E10	1E-30	1E-10	1E10	1E-30	1E-10	1E10	1E-30	1E-10	1E10	1E-30	1E-10	1E10	1E-30	1E-10	1E10	1E-30	1E-10	1E10	1E-30	1E-10	1E10	1E-30	1E-10	2	-5	5
55	3.3E-11	1E10	1E10	1E-30	6.41958113006657E-11	1E10	1E-30	1E10	0.133252531109028	7.97497489515747E-11	4.49003809192475E-11	8.03250442440728	1.2784116757152E-11	1.00043683665278E-10	23.8992415208168	7.89973516943341E-13	4.98700385604074E-10	451.032253316692	1E10	1E-30	1E-10	1E10	1E-30	1E-10	1E10	1E-30	1E-10	1E10	1E-30	1E-10	1E10	1E-30	1E-10	1E10	1E-30	1E-10	1E10	1E-30	1E-10	1E10	1E-30	1E-10	1E10	1E-30	1E-10	1E10	1E-30	1E-10	1E10	1E-30	1E-10	1E10	1E-30	1E-10	2	-1	1
56	3.3E-11	1E10	1E10	1E-30	6.41958113006657E-11	1E10	1E-30	1E10	0.133252531109028	7.97497489515747E-11	4.49003809192475E-11	8.03250442440728	1.2784116757152E-11	1.00043683665278E-10	23.8992415208168	7.89973516943341E-13	4.98700385604074E-10	451.032253316692	1E10	1E-30	1E-10	1E10	1E-30	1E-10	1E10	1E-30	1E-10	1E10	1E-30	1E-10	1E10	1E-30	1E-10	1E10	1E-30	1E-10	1E10	1E-30	1E-10	1E10	1E-30	1E-10	1E10	1E-30	1E-10	1E10	1E-30	1E-10	1E10	1E-30	1E-10	1E10	1E-30	1E-10	2	-2	2
57	3.3E-11	1E10	1E10	1E-30	6.41958113006657E-11	1E10	1E-30	1E10	0.133252531109028	7.97497489515747E-11	4.49003809192475E-11	8.03250442440728	1.2784116757152E-11	1.00043683665278E-10	23.8992415208168	7.89973516943341E-13	4.98700385604074E-10	451.032253316692	1E10	1E-30	1E-10	1E10	1E-30	1E-10	1E10	1E-30	1E-10	1E10	1E-30	1E-10	1E10	1E-30	1E-10	1E10	1E-30	1E-10	1E10	1E-30	1E-10	1E10	1E-30	1E-10	1E10	1E-30	1E-10	1E10	1E-30	1E-10	1E10	1E-30	1E-10	1E10	1E-30	1E-10	2	-5	5
58	3.3E-11	1E10	1E10	1E-30	6.42513824817295E-12	1E10	1E-30	1E10	0.131966696621012	8.22568658755891E-11	4.26890858399593E-11	7.88220949589026	1.3260410965674E-11	9.5349011271529E-11	22.7748345258043	7.02372655260163E-13	5.67174639048213E-10	492.192771672654	1E10	1E-30	1E-10	1E10	1E-30	1E-10	1E10	1E-30	1E-10	1E10	1E-30	1E-10	1E10	1E-30	1E-10	1E10	1E-30	1E-10	1E10	1E-30	1E-10	1E10	1E-30	1E-10	1E10	1E-30	1E-10	1E10	1E-30	1E-10	1E10	1E-30	1E-10	1E10	1E-30	1E-10	2	-1	1
59	3.3E-11	1E10	1E10	1E-30	6.42513824817295E-12	1E10	1E-30	1E10	0.131966696621012	8.22568658755891E-11	4.26890858399593E-11	7.88220949589026	1.3260410965674E-11	9.5349011271529E-11	22.7748345258043	7.02372655260163E-13	5.67174639048213E-10	492.192771672654	1E10	1E-30	1E-10	1E10	1E-30	1E-10	1E10	1E-30	1E-10	1E10	1E-30	1E-10	1E10	1E-30	1E-10	1E10	1E-30	1E-10	1E10	1E-30	1E-10	1E10	1E-30	1E-10	1E10	1E-30	1E-10	1E10	1E-30	1E-10	1E10	1E-30	1E-10	1E10	1E-30	1E-10	2	-2	2
60	3.3E-11	1E10	1E10	1E-30	6.42513824817295E-12	1E10	1E-30	1E10	0.131966696621012	8.22568658755891E-11	4.26890858399593E-11	7.88220949589026	1.3260410965674E-11	9.5349011271529E-11	22.7748345258043	7.02372655260163E-13	5.67174639048213E-10	492.192771672654	1E10	1E-30	1E-10	1E10	1E-30	1E-10	1E10	1E-30	1E-10	1E10	1E-30	1E-10	1E10	1E-30	1E-10	1E10	1E-30	1E-10	1E10	1E-30	1E-10	1E10	1E-30	1E-10	1E10	1E-30	1E-10	1E10	1E-30	1E-10	1E10	1E-30	1E-10	1E10	1E-30	1E-10	2	-5	5
61	3.3E-11	1E10	1E10	1E-30	5.72042238116085E-11	1E10	1E-30	1E10	0.190880813492057	1.30084299897734E-10	1.62268467002409E-11	2.44115439328129	9.87860943265606E-13	7.51803512918611E-10	441.30944688357	1E10	1E-30	1E-10	1E10	1E-30	1E-10	1E10	1E-30	1E-10	1E10	1E-30	1E-10	1E10	1E-30	1E-10	1E10	1E-30	1E-10	1E10	1E-30	1E-10	1E10	1E-30	1E-10	1E10	1E-30	1E-10	1E10	1E-30	1E-10	1E10	1E-30	1E-10	1E10	1E-30	1E-10	1E10	1E-30	1E-10	2	-5	5
62	3.3E-11	1E10	1E10	1E-30	3.34396555082973E-11	1E10	1E-30	1E10	0.174329206846517	9.56514217727597E-11	2.0969356569498E-11	2.80114281297912	8.08223317659477E-13	7.60503604183952E-10	518.253223198635	1E10	1E-30	1E-10	1E10	1E-30	1E-10	1E10	1E-30	1E-10	1E10	1E-30	1E-10	1E10	1E-30	1E-10	1E10	1E-30	1E-10	1E10	1E-30	1E-10	1E10	1E-30	1E-10	1E10	1E-30	1E-10	1E10	1E-30	1E-10	1E10	1E-30	1E-10	1E10	1E-30	1E-10	1E10	1E-30	1E-10	2	-5	5
63	3.3E-11	1E10	1E10	1E-30	4.70887550186363E-11	1E10	1E-30	1E10	0.16703248367837	6.79284254144663E-11	3.09427365629562E-11	2.94963707827049	6.25589084816905E-13	7.83613321210514E-10	669.161535465509	1E10	1E-30	1E-10	1E10	1E-30	1E-10	1E10	1E-30	1E-10	1E10	1E-30	1E-10	1E10	1E-30	1E-10	1E10	1E-30	1E-10	1E10	1E-30	1E-10	1E10	1E-30	1E-10	1E10	1E-30	1E-10	1E10	1E-30	1E-10	1E10	1E-30	1E-10	1E10	1E-30	1E-10	1E10	1E-30	1E-10	2	-5	5
64	3.89999999999999E-11	1E10	1E10	1E-30	1.63449409354199E-10	1E10	1E-30	1E10	0.155239913828236	9.81136256152499E-11	3.03563831281182E-11	5.95457779310804	7.7970156529371E-12	1.53266539551256E-10	37.8777451913265	8.66188736858923E-13	4.54820157261887E-10	167.574371566231	1E10	1E-30	1E-10	1E10	1E-30	1E-10	1E10	1E-30	1E-10	1E10	1E-30	1E-10	1E10	1E-30	1E-10	1E10	1E-30	1E-10	1E10	1E-30	1E-10	1E10	1E-30	1E-10	1E10	1E-30	1E-10	1E10	1E-30	1E-10	1E10	1E-30	1E-10	1E10	1E-30	1E-10	2	-1	1
65	3.89999999999999E-11	1E10	1E10	1E-30	1.63449409354199E-10	1E10	1E-30	1E10	0.155239913828236	9.81136256152499E-11	3.03563831281182E-11	5.95457779310804	7.7970156529371E-12	1.53266539551256E-10	37.8777451913265	8.66188736858923E-13	4.54820157261887E-10	167.574371566231	1E10	1E-30	1E-10	1E10	1E-30	1E-10	1E10	1E-30	1E-10	1E10	1E-30	1E-10	1E10	1E-30	1E-10	1E10	1E-30	1E-10	1E10	1E-30	1E-10	1E10	1E-30	1E-10	1E10	1E-30	1E-10	1E10	1E-30	1E-10	1E10	1E-30	1E-10	1E10	1E-30	1E-10	2	-2	2
66	3.89999999999999E-11	1E10	1E10	1E-30	1.63449409354199E-10	1E10	1E-30	1E10	0.155239913828236	9.81136256152499E-11	3.03563831281182E-11	5.95457779310804	7.7970156529371E-12	1.53266539551256E-10	37.8777451913265	8.66188736858923E-13	4.54820157261887E-10	167.574371566231	1E10	1E-30	1E-10	1E10	1E-30	1E-10	1E10	1E-30	1E-10	1E10	1E-30	1E-10	1E10	1E-30	1E-10	1E10	1E-30	1E-10	1E10	1E-30	1E-10	1E10	1E-30	1E-10	1E10	1E-30	1E-10	1E10	1E-30	1E-10	1E10	1E-30	1E-10	1E10	1E-30	1E-10	2	-5	5
67	3.9E-11	1E10	1E10	1E-30	9.56963538442839E-11	1E10	1E-30	1E10	0.145671486520496	1.07797591171871E-10	2.80384339421286E-11	5.58017698424813	8.86832633789872E-12	1.33229646637115E-10	32.9196515957551	7.52605859582262E-13	5.29318171194726E-10	364.867542335222	1E10	1E-30	1E-10	1E10	1E-30	1E-10	1E10	1E-30	1E-10	1E10	1E-30	1E-10	1E10	1E-30	1E-10	1E10	1E-30	1E-10	1E10	1E-30	1E-10	1E10	1E-30	1E-10	1E10	1E-30	1E-10	1E10	1E-30	1E-10	1E10	1E-30	1E-10	1E10	1E-30	1E-10	2	-1	1
68	3.9E-11	1E10	1E10	1E-30	9.56963538442839E-11	1E10	1E-30	1E10	0.145671486520496	1.07797591171871E-10	2.80384339421286E-11	5.58017698424813	8.86832633789872E-12	1.33229646637115E-10	32.9196515957551	7.52605859582262E-13	5.29318171194726E-10	364.867542335222	1E10	1E-30	1E-10	1E10	1E-30	1E-10	1E10	1E-30	1E-10	1E10	1E-30	1E-10	1E10	1E-30	1E-10	1E10	1E-30	1E-10	1E10	1E-30	1E-10	1E10	1E-30	1E-10	1E10	1E-30	1E-10	1E10	1E-30	1E-10	1E10	1E-30	1E-10	1E10	1E-30	1E-10	2	-2	2
69	3.9E-11	1E10	1E10	1E-30	9.56963538442839E-11	1E10	1E-30	1E10	0.145671486520496	1.07797591171871E-10	2.80384339421286E-11	5.58017698424813	8.86832633789872E-12	1.33229646637115E-10	32.9196515957551	7.52605859582262E-13	5.29318171194726E-10	364.867542335222	1E10	1E-30	1E-10	1E10	1E-30	1E-10	1E10	1E-30	1E-10	1E10	1E-30	1E-10	1E10	1E-30	1E-10	1E10	1E-30	1E-10	1E10	1E-30	1E-10	1E10	1E-30	1E-10	1E10	1E-30	1E-10	1E10	1E-30	1E-10	1E10	1E-30	1E-10	1E10	1E-30	1E-10	2	-5	5
70	3.89999999999999E-11	1E10	1E10	1E-30	1.56761648541214E-11	1E10	1E-30	1E10	0.160472468697023	1.423141855824E-10	1.98329300426044E-11	1.84240639517516	3.8431656907233E-12	2.20343377146705E-10	68.0685922933284	1.22083259715602E-12	5.36607597590985E-10	359.751787780916	1E10	1E-30	1E-10	1E10	1E-30	1E-10	1E10	1E-30	1E-10	1E10	1E-30	1E-10	1E10	1E-30	1E-10	1E10	1E-30	1E-10	1E10	1E-30	1E-10	1E10	1E-30	1E-10	1E10	1E-30	1E-10	1E10	1E-30	1E-10	1E10	1E-30	1E-10	1E10	1E-30	1E-10	2	-5	5
71	3.9E-11	1E10	1E10	1E-30	1.78031160648457E-11	1E10	1E-30	1E10	0.169518393568533	1.19537126794617E-10	2.45803895668909E-11	2.17001483157919	7.08155056659878E-12	1.30680567667091E-10	34.2631407885165	5.4182551968392E-12	1.38941192166315E-10	37.9073556128523	1.18507142068157E-12	5.10789201656252E-10	495.51541618365	1E10	1E-30	1E-10	1E10	1E-30	1E-10	1E10	1E-30	1E-10	1E10	1E-30	1E-10	1E10	1E-30	1E-10	1E10	1E-30	1E-10	1E10	1E-30	1E-10	1E10	1E-30	1E-10	1E10	1E-30	1E-10	1E10	1E-30	1E-10	1E10	1E-30	1E-10	2	-5	5
72	3.9E-11	1E10	1E10	1E-30	1.66578706824295E-11	1E10	1E-30	1E10	0.161616139967117	1.05265300017275E-10	2.64346633919849E-11	2.94805036666026	7.05122739333732E-13	7.55534478897554E-10	357.730040150491	1E10	1E-30	1E-10	1E10	1E-30	1E-10	1E10	1E-30	1E-10	1E10	1E-30	1E-10	1E10	1E-30	1E-10	1E10	1E-30	1E-10	1E10	1E-30	1E-10	1E10	1E-30	1E-10	1E10	1E-30	1E-10	1E10	1E-30	1E-10	1E10	1E-30	1E-10	1E10	1E-30	1E-10	1E10	1E-30	1E-10	2	-5	5
73	4.7E-11	1E10	1E10	1E-30	6.60174395481685E-11	1E10	1E-30	1E10	0.153972525255983	1.20706129585619E-10	1.87175941113899E-11	2.65981219836785	2.96434267419212E-12	2.78899253617602E-10	104.32397302368	9.94517735124383E-13	5.22203410690018E-10	319.30638235683	1E10	1E-30	1E-10	1E10	1E-30	1E-10	1E10	1E-30	1E-10	1E10	1E-30	1E-10	1E10	1E-30	1E-10	1E10	1E-30	1E-10	1E10	1E-30	1E-10	1E10	1E-30	1E-10	1E10	1E-30	1E-10	1E10	1E-30	1E-10	1E10	1E-30	1E-10	1E10	1E-30	1E-10	2	-1	1
74	4.7E-11	1E10	1E10	1E-30	6.60174395481685E-11	1E10	1E-30	1E10	0.153972525255983	1.20706129585619E-10	1.87175941113899E-11	2.65981219836785	2.96434267419212E-12	2.78899253617602E-10	104.32397302368	9.94517735124383E-13	5.22203410690018E-10	319.30638235683	1E10	1E-30	1E-10	1E10	1E-30	1E-10	1E10	1E-30	1E-10	1E10	1E-30	1E-10	1E10	1E-30	1E-10	1E10	1E-30	1E-10	1E10	1E-30	1E-10	1E10	1E-30	1E-10	1E10	1E-30	1E-10	1E10	1E-30	1E-10	1E10	1E-30	1E-10	1E10	1E-30	1E-10	2	-2	2
75	4.7E-11	1E10	1E10	1E-30	6.60174395481685E-11	1E10	1E-30	1E10	0.153972525255983	1.20706129585619E-10	1.87175941113899E-11	2.65981219836785	2.96434267419212E-12	2.78899253617602E-10	104.32397302368	9.94517735124383E-13	5.22203410690018E-10	319.30638235683	1E10	1E-30	1E-10	1E10	1E-30	1E-10	1E10	1E-30	1E-10	1E10	1E-30	1E-10	1E10	1E-30	1E-10	1E10	1E-30	1E-10	1E10	1E-30	1E-10	1E10	1E-30	1E-10	1E10	1E-30	1E-10	1E10	1E-30	1E-10	1E10	1E-30	1E-10	1E10	1E-30	1E-10	2	-5	5
76	4.69999999999999E-11	1E10	1E10	1E-30	8.31615293749048E-12	1E10	1E-30	1E10	0.146416944547192	1.36733751531148E-10	1.78246260021533E-11	2.49257350016208	7.37635255817978E-12	1.21506881856606E-10	27.3813735546713	4.8592315603555E-13	7.14030566022981E-10	663.949780066319	1E10	1E-30	1E-10	1E10	1E-30	1E-10	1E10	1E-30	1E-10	1E10	1E-30	1E-10	1E10	1E-30	1E-10	1E10	1E-30	1E-10	1E10	1E-30	1E-10	1E10	1E-30	1E-10	1E10	1E-30	1E-10	1E10	1E-30	1E-10	1E10	1E-30	1E-10	1E10	1E-30	1E-10	2	-1	1
77	4.69999999999999E-11	1E10	1E10	1E-30	8.31615293749048E-12	1E10	1E-30	1E10	0.146416944547192	1.36733751531148E-10	1.78246260021533E-11	2.49257350016208	7.37635255817978E-12	1.21506881856606E-10	27.3813735546713	4.8592315603555E-13	7.14030566022981E-10	663.949780066319	1E10	1E-30	1E-10	1E10	1E-30	1E-10	1E10	1E-30	1E-10	1E10	1E-30	1E-10	1E10	1E-30	1E-10	1E10	1E-30	1E-10	1E10	1E-30	1E-10	1E10	1E-30	1E-10	1E10	1E-30	1E-10	1E10	1E-30	1E-10	1E10	1E-30	1E-10	1E10	1E-30	1E-10	2	-2	2
78	4.69999999999999E-11	1E10	1E10	1E-30	8.31615293749048E-12	1E10	1E-30	1E10	0.146416944547192	1.36733751531148E-10	1.78246260021533E-11	2.49257350016208	7.37635255817978E-12	1.21506881856606E-10	27.3813735546713	4.8592315603555E-13	7.14030566022981E-10	663.949780066319	1E10	1E-30	1E-10	1E10	1E-30	1E-10	1E10	1E-30	1E-10	1E10	1E-30	1E-10	1E10	1E-30	1E-10	1E10	1E-30	1E-10	1E10	1E-30	1E-10	1E10	1E-30	1E-10	1E10	1E-30	1E-10	1E10	1E-30	1E-10	1E10	1E-30	1E-10	1E10	1E-30	1E-10	2	-5	5
79	4.7E-11	1E10	1E10	1E-30	4.79021249645118E-11	1E10	1E-30	1E10	0.158988350671763	1.61485390819915E-10	2.46927232298284E-11	2.10420086011986	1.12008526518789E-11	1.1019858556357E-10	14.6901826473809	9.74398913087106E-13	6.17104746545605E-10	414.503108402802	1E10	1E-30	1E-10	1E10	1E-30	1E-10	1E10	1E-30	1E-10	1E10	1E-30	1E-10	1E10	1E-30	1E-10	1E10	1E-30	1E-10	1E10	1E-30	1E-10	1E10	1E-30	1E-10	1E10	1E-30	1E-10	1E10	1E-30	1E-10	1E10	1E-30	1E-10	1E10	1E-30	1E-10	2	-5	5
80	4.7E-11	1E10	1E10	1E-30	3.39596822174765E-13	1E10	1E-30	1E10	0.12	1.30987965127977E-10	3.07676989543922E-11	2.77346149874664	7.67498197321857E-12	1.59808774424829E-10	19.2632837660312	9.79999999999999E-13	6.23480305103024E-10	848.850427077724	1E10	1E-30	1E-10	1E10	1E-30	1E-10	1E10	1E-30	1E-10	1E10	1E-30	1E-10	1E10	1E-30	1E-10	1E10	1E-30	1E-10	1E10	1E-30	1E-10	1E10	1E-30	1E-10	1E10	1E-30	1E-10	1E10	1E-30	1E-10	1E10	1E-30	1E-10	1E10	1E-30	1E-10	2	-5	5
81	4.7E-11	1E10	1E10	1E-30	2.28591638024475E-11	1E10	1E-30	1E10	0.13	1.44190403717655E-10	2.89652158310106E-11	2.4567826442155	8.41975203749495E-12	1.45367853763181E-10	20.2391317659074	1.11606871353351E-12	6.20602521288685E-10	552.267042798385	1E10	1E-30	1E-10	1E10	1E-30	1E-10	1E10	1E-30	1E-10	1E10	1E-30	1E-10	1E10	1E-30	1E-10	1E10	1E-30	1E-10	1E10	1E-30	1E-10	1E10	1E-30	1E-10	1E10	1E-30	1E-10	1E10	1E-30	1E-10	1E10	1E-30	1E-10	1E10	1E-30	1E-10	2	-5	5
82	5.6E-11	1E10	1E10	1E-30	2.12327036646359E-10	1E10	1E-30	1E10	0.141308408114952	1.4850098167482E-10	2.0056263437956E-11	2.4822811734391	8.8612486623565E-12	1.32133783206859E-10	26.2049972319355	9.07010954365127E-13	4.76255170897922E-10	188.021537365365	1E10	1E-30	1E-10	1E10	1E-30	1E-10	1E10	1E-30	1E-10	1E10	1E-30	1E-10	1E10	1E-30	1E-10	1E10	1E-30	1E-10	1E10	1E-30	1E-10	1E10	1E-30	1E-10	1E10	1E-30	1E-10	1E10	1E-30	1E-10	1E10	1E-30	1E-10	1E10	1E-30	1E-10	2	-1	1
83	5.6E-11	1E10	1E10	1E-30	2.12327036646359E-10	1E10	1E-30	1E10	0.141308408114952	1.4850098167482E-10	2.0056263437956E-11	2.4822811734391	8.8612486623565E-12	1.32133783206859E-10	26.2049972319355	9.07010954365127E-13	4.76255170897922E-10	188.021537365365	1E10	1E-30	1E-10	1E10	1E-30	1E-10	1E10	1E-30	1E-10	1E10	1E-30	1E-10	1E10	1E-30	1E-10	1E10	1E-30	1E-10	1E10	1E-30	1E-10	1E10	1E-30	1E-10	1E10	1E-30	1E-10	1E10	1E-30	1E-10	1E10	1E-30	1E-10	1E10	1E-30	1E-10	2	-2	2
84	5.6E-11	1E10	1E10	1E-30	2.12327036646359E-10	1E10	1E-30	1E10	0.141308408114952	1.4850098167482E-10	2.0056263437956E-11	2.4822811734391	8.8612486623565E-12	1.32133783206859E-10	26.2049972319355	9.07010954365127E-13	4.76255170897922E-10	188.021537365365	1E10	1E-30	1E-10	1E10	1E-30	1E-10	1E10	1E-30	1E-10	1E10	1E-30	1E-10	1E10	1E-30	1E-10	1E10	1E-30	1E-10	1E10	1E-30	1E-10	1E10	1E-30	1E-10	1E10	1E-30	1E-10	1E10	1E-30	1E-10	1E10	1E-30	1E-10	1E10	1E-30	1E-10	2	-5	5
85	5.59999999999999E-11	1E10	1E10	1E-30	2.00180185428847E-11	1E10	1E-30	1E10	0.146361075228232	1.43177814710363E-10	2.14299139027457E-11	2.43583560032649	7.90390416832844E-12	1.49486122186972E-10	29.3396703677528	5.84208128458589E-13	6.51203615844394E-10	459.341020984695	1E10	1E-30	1E-10	1E10	1E-30	1E-10	1E10	1E-30	1E-10	1E10	1E-30	1E-10	1E10	1E-30	1E-10	1E10	1E-30	1E-10	1E10	1E-30	1E-10	1E10	1E-30	1E-10	1E10	1E-30	1E-10	1E10	1E-30	1E-10	1E10	1E-30	1E-10	1E10	1E-30	1E-10	2	-1	1
86	5.59999999999999E-11	1E10	1E10	1E-30	2.00180185428847E-11	1E10	1E-30	1E10	0.146361075228232	1.43177814710363E-10	2.14299139027457E-11	2.43583560032649	7.90390416832844E-12	1.49486122186972E-10	29.3396703677528	5.84208128458589E-13	6.51203615844394E-10	459.341020984695	1E10	1E-30	1E-10	1E10	1E-30	1E-10	1E10	1E-30	1E-10	1E10	1E-30	1E-10	1E10	1E-30	1E-10	1E10	1E-30	1E-10	1E10	1E-30	1E-10	1E10	1E-30	1E-10	1E10	1E-30	1E-10	1E10	1E-30	1E-10	1E10	1E-30	1E-10	1E10	1E-30	1E-10	2	-2	2
87	5.59999999999999E-11	1E10	1E10	1E-30	2.00180185428847E-11	1E10	1E-30	1E10	0.146361075228232	1.43177814710363E-10	2.14299139027457E-11	2.43583560032649	7.90390416832844E-12	1.49486122186972E-10	29.3396703677528	5.84208128458589E-13	6.51203615844394E-10	459.341020984695	1E10	1E-30	1E-10	1E10	1E-30	1E-10	1E10	1E-30	1E-10	1E10	1E-30	1E-10	1E10	1E-30	1E-10	1E10	1E-30	1E-10	1E10	1E-30	1E-10	1E10	1E-30	1E-10	1E10	1E-30	1E-10	1E10	1E-30	1E-10	1E10	1E-30	1E-10	1E10	1E-30	1E-10	2	-5	5
88	5.6E-11	1E10	1E10	1E-30	8.97664194588213E-11	1E10	1E-30	1E10	0.149389119785599	1.87489897150649E-10	2.91560344380699E-11	1.9596692262098	2.51653855081634E-11	6.66747909132681E-11	7.52536494448761	1.09133739139601E-12	5.80074002906451E-10	619.019977894451	1E10	1E-30	1E-10	1E10	1E-30	1E-10	1E10	1E-30	1E-10	1E10	1E-30	1E-10	1E10	1E-30	1E-10	1E10	1E-30	1E-10	1E10	1E-30	1E-10	1E10	1E-30	1E-10	1E10	1E-30	1E-10	1E10	1E-30	1E-10	1E10	1E-30	1E-10	1E10	1E-30	1E-10	2	-5	5
89	5.6E-11	1E10	1E10	1E-30	1.43848674280904E-11	1E10	1E-30	1E10	0.148012023713852	1.63708532095274E-10	3.32749377887458E-11	1.97728565065961	2.11356286062723E-11	7.91189350489293E-11	8.82486892042756	1.04099423012612E-12	6.46138604460463E-10	558.348128881945	1E10	1E-30	1E-10	1E10	1E-30	1E-10	1E10	1E-30	1E-10	1E10	1E-30	1E-10	1E10	1E-30	1E-10	1E10	1E-30	1E-10	1E10	1E-30	1E-10	1E10	1E-30	1E-10	1E10	1E-30	1E-10	1E10	1E-30	1E-10	1E10	1E-30	1E-10	1E10	1E-30	1E-10	2	-5	5
90	5.6E-11	1E10	1E10	1E-30	2.19173390539799E-11	1E10	1E-30	1E10	0.133161318675006	1.8719111561229E-10	2.83252521519697E-11	2.28841559679619	3.9651965565878E-11	4.2486826009025E-11	5.66963905373354	5.3294673138615E-13	7.1401472772188E-10	188.424047545942	1E10	1E-30	1E-10	1E10	1E-30	1E-10	1E10	1E-30	1E-10	1E10	1E-30	1E-10	1E10	1E-30	1E-10	1E10	1E-30	1E-10	1E10	1E-30	1E-10	1E10	1E-30	1E-10	1E10	1E-30	1E-10	1E10	1E-30	1E-10	1E10	1E-30	1E-10	1E10	1E-30	1E-10	2	-5	5
91	6.8E-11	1E10	1E10	1E-30	2.66149178239248E-11	1E10	1E-30	1E10	0.14060600548889	3.41089430712243E-10	1.21168285569322E-11	1.27306615806568	2.67605431427935E-11	4.79748769761608E-11	8.09811832548817	5.46528145227159E-13	7.20841371038459E-10	383.890707253966	1E10	1E-30	1E-10	1E10	1E-30	1E-10	1E10	1E-30	1E-10	1E10	1E-30	1E-10	1E10	1E-30	1E-10	1E10	1E-30	1E-10	1E10	1E-30	1E-10	1E10	1E-30	1E-10	1E10	1E-30	1E-10	1E10	1E-30	1E-10	1E10	1E-30	1E-10	1E10	1E-30	1E-10	2	-1	1
92	6.8E-11	1E10	1E10	1E-30	2.66149178239248E-11	1E10	1E-30	1E10	0.14060600548889	3.41089430712243E-10	1.21168285569322E-11	1.27306615806568	2.67605431427935E-11	4.79748769761608E-11	8.09811832548817	5.46528145227159E-13	7.20841371038459E-10	383.890707253966	1E10	1E-30	1E-10	1E10	1E-30	1E-10	1E10	1E-30	1E-10	1E10	1E-30	1E-10	1E10	1E-30	1E-10	1E10	1E-30	1E-10	1E10	1E-30	1E-10	1E10	1E-30	1E-10	1E10	1E-30	1E-10	1E10	1E-30	1E-10	1E10	1E-30	1E-10	1E10	1E-30	1E-10	2	-2	2
93	6.8E-11	1E10	1E10	1E-30	2.66149178239248E-11	1E10	1E-30	1E10	0.14060600548889	3.41089430712243E-10	1.21168285569322E-11	1.27306615806568	2.67605431427935E-11	4.79748769761608E-11	8.09811832548817	5.46528145227159E-13	7.20841371038459E-10	383.890707253966	1E10	1E-30	1E-10	1E10	1E-30	1E-10	1E10	1E-30	1E-10	1E10	1E-30	1E-10	1E10	1E-30	1E-10	1E10	1E-30	1E-10	1E10	1E-30	1E-10	1E10	1E-30	1E-10	1E10	1E-30	1E-10	1E10	1E-30	1E-10	1E10	1E-30	1E-10	1E10	1E-30	1E-10	2	-5	5
94	6.8E-11	1E10	1E10	1E-30	1.20325822253088E-11	1E10	1E-30	1E10	0.140201486901645	2.66609567027667E-10	1.58862146463023E-11	1.53690836197232	2.27951086191529E-11	5.68330385525668E-11	9.49413122741098	5.70909927914667E-13	7.65097536023359E-10	400.069304650922	1E10	1E-30	1E-10	1E10	1E-30	1E-10	1E10	1E-30	1E-10	1E10	1E-30	1E-10	1E10	1E-30	1E-10	1E10	1E-30	1E-10	1E10	1E-30	1E-10	1E10	1E-30	1E-10	1E10	1E-30	1E-10	1E10	1E-30	1E-10	1E10	1E-30	1E-10	1E10	1E-30	1E-10	2	-1	1
95	6.8E-11	1E10	1E10	1E-30	1.20325822253088E-11	1E10	1E-30	1E10	0.140201486901645	2.66609567027667E-10	1.58862146463023E-11	1.53690836197232	2.27951086191529E-11	5.68330385525668E-11	9.49413122741098	5.70909927914667E-13	7.65097536023359E-10	400.069304650922	1E10	1E-30	1E-10	1E10	1E-30	1E-10	1E10	1E-30	1E-10	1E10	1E-30	1E-10	1E10	1E-30	1E-10	1E10	1E-30	1E-10	1E10	1E-30	1E-10	1E10	1E-30	1E-10	1E10	1E-30	1E-10	1E10	1E-30	1E-10	1E10	1E-30	1E-10	1E10	1E-30	1E-10	2	-2	2
96	6.8E-11	1E10	1E10	1E-30	1.20325822253088E-11	1E10	1E-30	1E10	0.140201486901645	2.66609567027667E-10	1.58862146463023E-11	1.53690836197232	2.27951086191529E-11	5.68330385525668E-11	9.49413122741098	5.70909927914667E-13	7.65097536023359E-10	400.069304650922	1E10	1E-30	1E-10	1E10	1E-30	1E-10	1E10	1E-30	1E-10	1E10	1E-30	1E-10	1E10	1E-30	1E-10	1E10	1E-30	1E-10	1E10	1E-30	1E-10	1E10	1E-30	1E-10	1E10	1E-30	1E-10	1E10	1E-30	1E-10	1E10	1E-30	1E-10	1E10	1E-30	1E-10	2	-5	5
97	6.79999999999999E-11	1E10	1E10	1E-30	7.7415747124004E-12	1E10	1E-30	1E10	0.121307440904753	2.44397064421605E-10	3.10805786903225E-11	2.41848358373795	3.95200199058882E-11	6.32119684751189E-11	5.97065025763378	8.9120998411328E-13	6.64393095078563E-10	358.220784846414	1E10	1E-30	1E-10	1E10	1E-30	1E-10	1E10	1E-30	1E-10	1E10	1E-30	1E-10	1E10	1E-30	1E-10	1E10	1E-30	1E-10	1E10	1E-30	1E-10	1E10	1E-30	1E-10	1E10	1E-30	1E-10	1E10	1E-30	1E-10	1E10	1E-30	1E-10	1E10	1E-30	1E-10	2	-5	5
98	6.79999999999999E-11	1E10	1E10	1E-30	5.46507043471205E-11	1E10	1E-30	1E10	0.120525182698498	2.16366122427928E-10	3.5221590905889E-11	2.38731123773611	4.30853234365561E-11	5.90043590786415E-11	5.53062849264974	1.35861292014595E-11	5.40819110896826E-11	6.14166530424543	1.03615420115211E-12	5.52259177977785E-10	368.791574420586	1E10	1E-30	1E-10	1E10	1E-30	1E-10	1E10	1E-30	1E-10	1E10	1E-30	1E-10	1E10	1E-30	1E-10	1E10	1E-30	1E-10	1E10	1E-30	1E-10	1E10	1E-30	1E-10	1E10	1E-30	1E-10	1E10	1E-30	1E-10	1E10	1E-30	1E-10	2	-5	5
99	6.8E-11	1E10	1E10	1E-30	1.36900512444102E-11	1E10	1E-30	1E10	0.116655023550287	1.8719111561229E-10	4.09424459768636E-11	2.75128068365183	5.34890297701718E-11	4.99176679951447E-11	5.29121503086341	6.70940183274665E-13	6.51189171142113E-10	319.989942716046	1E10	1E-30	1E-10	1E10	1E-30	1E-10	1E10	1E-30	1E-10	1E10	1E-30	1E-10	1E10	1E-30	1E-10	1E10	1E-30	1E-10	1E10	1E-30	1E-10	1E10	1E-30	1E-10	1E10	1E-30	1E-10	1E10	1E-30	1E-10	1E10	1E-30	1E-10	1E10	1E-30	1E-10	2	-5	5
100	8.2E-11	1E10	1E10	1E-30	2.41493608133723E-11	1E10	1E-30	1E10	0.125257091310718	3.18323178168598E-10	1.876674543749E-11	1.64002690740382	3.52772663254171E-11	5.2603406567012E-11	7.38557169123194	7.37246182203099E-13	7.37631923529706E-10	529.916691620647	1E10	1E-30	1E-10	1E10	1E-30	1E-10	1E10	1E-30	1E-10	1E10	1E-30	1E-10	1E10	1E-30	1E-10	1E10	1E-30	1E-10	1E10	1E-30	1E-10	1E10	1E-30	1E-10	1E10	1E-30	1E-10	1E10	1E-30	1E-10	1E10	1E-30	1E-10	1E10	1E-30	1E-10	2	-1	1
101	8.2E-11	1E10	1E10	1E-30	2.41493608133723E-11	1E10	1E-30	1E10	0.125257091310718	3.18323178168598E-10	1.876674543749E-11	1.64002690740382	3.52772663254171E-11	5.2603406567012E-11	7.38557169123194	7.37246182203099E-13	7.37631923529706E-10	529.916691620647	1E10	1E-30	1E-10	1E10	1E-30	1E-10	1E10	1E-30	1E-10	1E10	1E-30	1E-10	1E10	1E-30	1E-10	1E10	1E-30	1E-10	1E10	1E-30	1E-10	1E10	1E-30	1E-10	1E10	1E-30	1E-10	1E10	1E-30	1E-10	1E10	1E-30	1E-10	1E10	1E-30	1E-10	2	-2	2
102	8.2E-11	1E10	1E10	1E-30	2.41493608133723E-11	1E10	1E-30	1E10	0.125257091310718	3.18323178168598E-10	1.876674543749E-11	1.64002690740382	3.52772663254171E-11	5.2603406567012E-11	7.38557169123194	7.37246182203099E-13	7.37631923529706E-10	529.916691620647	1E10	1E-30	1E-10	1E10	1E-30	1E-10	1E10	1E-30	1E-10	1E10	1E-30	1E-10	1E10	1E-30	1E-10	1E10	1E-30	1E-10	1E10	1E-30	1E-10	1E10	1E-30	1E-10	1E10	1E-30	1E-10	1E10	1E-30	1E-10	1E10	1E-30	1E-10	1E10	1E-30	1E-10	2	-5	5
103	8.2E-11	1E10	1E10	1E-30	1.93892677290619E-10	1E10	1E-30	1E10	0.123609547407233	3.68023651117581E-10	1.66349088766075E-11	1.68518650837278	3.69693373289357E-11	5.06524989269665E-11	7.03809671113461	8.44437663267092E-13	5.67174639048214E-10	219.854435281479	1E10	1E-30	1E-10	1E10	1E-30	1E-10	1E10	1E-30	1E-10	1E10	1E-30	1E-10	1E10	1E-30	1E-10	1E10	1E-30	1E-10	1E10	1E-30	1E-10	1E10	1E-30	1E-10	1E10	1E-30	1E-10	1E10	1E-30	1E-10	1E10	1E-30	1E-10	1E10	1E-30	1E-10	2	-1	1
104	8.2E-11	1E10	1E10	1E-30	1.93892677290619E-10	1E10	1E-30	1E10	0.123609547407233	3.68023651117581E-10	1.66349088766075E-11	1.68518650837278	3.69693373289357E-11	5.06524989269665E-11	7.03809671113461	8.44437663267092E-13	5.67174639048214E-10	219.854435281479	1E10	1E-30	1E-10	1E10	1E-30	1E-10	1E10	1E-30	1E-10	1E10	1E-30	1E-10	1E10	1E-30	1E-10	1E10	1E-30	1E-10	1E10	1E-30	1E-10	1E10	1E-30	1E-10	1E10	1E-30	1E-10	1E10	1E-30	1E-10	1E10	1E-30	1E-10	1E10	1E-30	1E-10	2	-2	2
105	8.2E-11	1E10	1E10	1E-30	1.93892677290619E-10	1E10	1E-30	1E10	0.123609547407233	3.68023651117581E-10	1.66349088766075E-11	1.68518650837278	3.69693373289357E-11	5.06524989269665E-11	7.03809671113461	8.44437663267092E-13	5.67174639048214E-10	219.854435281479	1E10	1E-30	1E-10	1E10	1E-30	1E-10	1E10	1E-30	1E-10	1E10	1E-30	1E-10	1E10	1E-30	1E-10	1E10	1E-30	1E-10	1E10	1E-30	1E-10	1E10	1E-30	1E-10	1E10	1E-30	1E-10	1E10	1E-30	1E-10	1E10	1E-30	1E-10	1E10	1E-30	1E-10	2	-5	5
106	8.2E-11	1E10	1E10	1E-30	2.04289000574541E-12	1E10	1E-30	1E10	0.141758289614755	2.68904169970407E-10	1.74921739161429E-11	0.706977933293497	1.47577832140997E-11	8.28398002769314E-11	8.91302383030849	8.87761082925647E-13	7.65223930966929E-10	873.425589690802	1E10	1E-30	1E-10	1E10	1E-30	1E-10	1E10	1E-30	1E-10	1E10	1E-30	1E-10	1E10	1E-30	1E-10	1E10	1E-30	1E-10	1E10	1E-30	1E-10	1E10	1E-30	1E-10	1E10	1E-30	1E-10	1E10	1E-30	1E-10	1E10	1E-30	1E-10	1E10	1E-30	1E-10	2	-5	5
107	8.19999999999999E-11	1E10	1E10	1E-30	1.88136882091944E-11	1E10	1E-30	1E10	0.157502768883197	3.00617832989904E-10	1.4841118535081E-11	0.718277501610853	2.19862446828483E-11	6.17517415997978E-11	7.76366745309929	1.92649086429277E-11	5.3532934362699E-11	9.80367259326567	9.65527367975836E-13	7.15585349559179E-10	645.783270230228	1E10	1E-30	1E-10	1E10	1E-30	1E-10	1E10	1E-30	1E-10	1E10	1E-30	1E-10	1E10	1E-30	1E-10	1E10	1E-30	1E-10	1E10	1E-30	1E-10	1E10	1E-30	1E-10	1E10	1E-30	1E-10	1E10	1E-30	1E-10	1E10	1E-30	1E-10	2	-5	5
108	1E-10	1E10	1E10	1E-30	1.83705277169002E-11	1E10	1E-30	1E10	0.134059324489768	4.00745138159531E-10	2.25625905930128E-11	1.27306615806568	5.9909393613342E-11	4.68828354518803E-11	3.61729658329259	5.10049742039849E-13	7.37631923529706E-10	271.77380786469	1E10	1E-30	1E-10	1E10	1E-30	1E-10	1E10	1E-30	1E-10	1E10	1E-30	1E-10	1E10	1E-30	1E-10	1E10	1E-30	1E-10	1E10	1E-30	1E-10	1E10	1E-30	1E-10	1E10	1E-30	1E-10	1E10	1E-30	1E-10	1E10	1E-30	1E-10	1E10	1E-30	1E-10	2	-1	1
109	1E-10	1E10	1E10	1E-30	1.83705277169002E-11	1E10	1E-30	1E10	0.134059324489768	4.00745138159531E-10	2.25625905930128E-11	1.27306615806568	5.9909393613342E-11	4.68828354518803E-11	3.61729658329259	5.10049742039849E-13	7.37631923529706E-10	271.77380786469	1E10	1E-30	1E-10	1E10	1E-30	1E-10	1E10	1E-30	1E-10	1E10	1E-30	1E-10	1E10	1E-30	1E-10	1E10	1E-30	1E-10	1E10	1E-30	1E-10	1E10	1E-30	1E-10	1E10	1E-30	1E-10	1E10	1E-30	1E-10	1E10	1E-30	1E-10	1E10	1E-30	1E-10	2	-2	2
110	1E-10	1E10	1E10	1E-30	1.83705277169002E-11	1E10	1E-30	1E10	0.134059324489768	4.00745138159531E-10	2.25625905930128E-11	1.27306615806568	5.9909393613342E-11	4.68828354518803E-11	3.61729658329259	5.10049742039849E-13	7.37631923529706E-10	271.77380786469	1E10	1E-30	1E-10	1E10	1E-30	1E-10	1E10	1E-30	1E-10	1E10	1E-30	1E-10	1E10	1E-30	1E-10	1E10	1E-30	1E-10	1E10	1E-30	1E-10	1E10	1E-30	1E-10	1E10	1E-30	1E-10	1E10	1E-30	1E-10	1E10	1E-30	1E-10	1E10	1E-30	1E-10	2	-5	5
111	1E-10	1E10	1E10	1E-30	1.30365238591993E-10	1E10	1E-30	1E10	0.115816950810194	4.32390087857964E-10	1.9544313765768E-11	1.68518650837278	6.27829424545822E-11	4.31122685667463E-11	4.98259089673561	7.18733016097352E-13	6.07738575181332E-10	246.680733645957	1E10	1E-30	1E-10	1E10	1E-30	1E-10	1E10	1E-30	1E-10	1E10	1E-30	1E-10	1E10	1E-30	1E-10	1E10	1E-30	1E-10	1E10	1E-30	1E-10	1E10	1E-30	1E-10	1E10	1E-30	1E-10	1E10	1E-30	1E-10	1E10	1E-30	1E-10	1E10	1E-30	1E-10	2	-1	1
112	1E-10	1E10	1E10	1E-30	1.30365238591993E-10	1E10	1E-30	1E10	0.115816950810194	4.32390087857964E-10	1.9544313765768E-11	1.68518650837278	6.27829424545822E-11	4.31122685667463E-11	4.98259089673561	7.18733016097352E-13	6.07738575181332E-10	246.680733645957	1E10	1E-30	1E-10	1E10	1E-30	1E-10	1E10	1E-30	1E-10	1E10	1E-30	1E-10	1E10	1E-30	1E-10	1E10	1E-30	1E-10	1E10	1E-30	1E-10	1E10	1E-30	1E-10	1E10	1E-30	1E-10	1E10	1E-30	1E-10	1E10	1E-30	1E-10	1E10	1E-30	1E-10	2	-2	2
113	1E-10	1E10	1E10	1E-30	1.30365238591993E-10	1E10	1E-30	1E10	0.115816950810194	4.32390087857964E-10	1.9544313765768E-11	1.68518650837278	6.27829424545822E-11	4.31122685667463E-11	4.98259089673561	7.18733016097352E-13	6.07738575181332E-10	246.680733645957	1E10	1E-30	1E-10	1E10	1E-30	1E-10	1E10	1E-30	1E-10	1E10	1E-30	1E-10	1E10	1E-30	1E-10	1E10	1E-30	1E-10	1E10	1E-30	1E-10	1E10	1E-30	1E-10	1E10	1E-30	1E-10	1E10	1E-30	1E-10	1E10	1E-30	1E-10	1E10	1E-30	1E-10	2	-5	5
114	1E-10	1E10	1E10	1E-30	3.1150129047842E-11	1E10	1E-30	1E10	0.139404697717726	3.33105842199798E-10	1.87095005824912E-11	0.668290284321402	4.5880040443766E-11	3.90211589766904E-11	3.82513206949863	8.28878310884334E-13	7.51378852185773E-10	503.365708627108	1E10	1E-30	1E-10	1E10	1E-30	1E-10	1E10	1E-30	1E-10	1E10	1E-30	1E-10	1E10	1E-30	1E-10	1E10	1E-30	1E-10	1E10	1E-30	1E-10	1E10	1E-30	1E-10	1E10	1E-30	1E-10	1E10	1E-30	1E-10	1E10	1E-30	1E-10	1E10	1E-30	1E-10	2	-5	5
115	1E-10	1E10	1E10	1E-30	5.19299804348042E-11	1E10	1E-30	1E10	0.126153889421249	5.40524633532888E-10	1.23332730772097E-11	0.70596971248187	2.80058576137831E-11	6.27087657162774E-11	4.48742616666304	1.07281045753803E-12	7.16456186391047E-10	493.274208488592	1E10	1E-30	1E-10	1E10	1E-30	1E-10	1E10	1E-30	1E-10	1E10	1E-30	1E-10	1E10	1E-30	1E-10	1E10	1E-30	1E-10	1E10	1E-30	1E-10	1E10	1E-30	1E-10	1E10	1E-30	1E-10	1E10	1E-30	1E-10	1E10	1E-30	1E-10	1E10	1E-30	1E-10	2	-5	5
116	1.2E-10	1E10	1E10	1E-30	1.40600712122839E-11	1E10	1E-30	1E10	0.138962082704447	5.04508238081998E-10	1.13080823627768E-11	0.506816766114941	8.26979842457579E-11	1.95440187101665E-11	1.98785232538481	5.10049742039849E-13	8.46914764332344E-10	461.538144111568	1E10	1E-30	1E-10	1E10	1E-30	1E-10	1E10	1E-30	1E-10	1E10	1E-30	1E-10	1E10	1E-30	1E-10	1E10	1E-30	1E-10	1E10	1E-30	1E-10	1E10	1E-30	1E-10	1E10	1E-30	1E-10	1E10	1E-30	1E-10	1E10	1E-30	1E-10	1E10	1E-30	1E-10	2	-1	1
117	1.2E-10	1E10	1E10	1E-30	1.40600712122839E-11	1E10	1E-30	1E10	0.138962082704447	5.04508238081998E-10	1.13080823627768E-11	0.506816766114941	8.26979842457579E-11	1.95440187101665E-11	1.98785232538481	5.10049742039849E-13	8.46914764332344E-10	461.538144111568	1E10	1E-30	1E-10	1E10	1E-30	1E-10	1E10	1E-30	1E-10	1E10	1E-30	1E-10	1E10	1E-30	1E-10	1E10	1E-30	1E-10	1E10	1E-30	1E-10	1E10	1E-30	1E-10	1E10	1E-30	1E-10	1E10	1E-30	1E-10	1E10	1E-30	1E-10	1E10	1E-30	1E-10	2	-2	2
118	1.2E-10	1E10	1E10	1E-30	1.40600712122839E-11	1E10	1E-30	1E10	0.138962082704447	5.04508238081998E-10	1.13080823627768E-11	0.506816766114941	8.26979842457579E-11	1.95440187101665E-11	1.98785232538481	5.10049742039849E-13	8.46914764332344E-10	461.538144111568	1E10	1E-30	1E-10	1E10	1E-30	1E-10	1E10	1E-30	1E-10	1E10	1E-30	1E-10	1E10	1E-30	1E-10	1E10	1E-30	1E-10	1E10	1E-30	1E-10	1E10	1E-30	1E-10	1E10	1E-30	1E-10	1E10	1E-30	1E-10	1E10	1E-30	1E-10	1E10	1E-30	1E-10	2	-5	5
119	1.2E-10	1E10	1E10	1E-30	3.05339024004354E-11	1E10	1E-30	1E10	9.84984513034394E-02	4.0431309935643E-10	2.13313706340792E-11	1.9595744595119	5.23344530989674E-11	5.30320758137178E-11	5.875996398147	6.94085943380087E-12	1.07934157105696E-10	18.383252332248	8.34433245761322E-13	5.48413680455791E-10	626.195197865788	1E10	1E-30	1E-10	1E10	1E-30	1E-10	1E10	1E-30	1E-10	1E10	1E-30	1E-10	1E10	1E-30	1E-10	1E10	1E-30	1E-10	1E10	1E-30	1E-10	1E10	1E-30	1E-10	1E10	1E-30	1E-10	1E10	1E-30	1E-10	1E10	1E-30	1E-10	2	-1	1
120	1.2E-10	1E10	1E10	1E-30	3.05339024004354E-11	1E10	1E-30	1E10	9.84984513034394E-02	4.0431309935643E-10	2.13313706340792E-11	1.9595744595119	5.23344530989674E-11	5.30320758137178E-11	5.875996398147	6.94085943380087E-12	1.07934157105696E-10	18.383252332248	8.34433245761322E-13	5.48413680455791E-10	626.195197865788	1E10	1E-30	1E-10	1E10	1E-30	1E-10	1E10	1E-30	1E-10	1E10	1E-30	1E-10	1E10	1E-30	1E-10	1E10	1E-30	1E-10	1E10	1E-30	1E-10	1E10	1E-30	1E-10	1E10	1E-30	1E-10	1E10	1E-30	1E-10	1E10	1E-30	1E-10	2	-2	2
121	1.2E-10	1E10	1E10	1E-30	3.05339024004354E-11	1E10	1E-30	1E10	9.84984513034394E-02	4.0431309935643E-10	2.13313706340792E-11	1.9595744595119	5.23344530989674E-11	5.30320758137178E-11	5.875996398147	6.94085943380087E-12	1.07934157105696E-10	18.383252332248	8.34433245761322E-13	5.48413680455791E-10	626.195197865788	1E10	1E-30	1E-10	1E10	1E-30	1E-10	1E10	1E-30	1E-10	1E10	1E-30	1E-10	1E10	1E-30	1E-10	1E10	1E-30	1E-10	1E10	1E-30	1E-10	1E10	1E-30	1E-10	1E10	1E-30	1E-10	1E10	1E-30	1E-10	1E10	1E-30	1E-10	2	-5	5
122	1.2E-10	1E10	1E10	1E-30	2.73640517185318E-11	1E10	1E-30	1E10	0.12302575987465	5.1393429770561E-10	1.73709306871013E-11	0.787975616338663	5.15490962208807E-11	5.26828981877299E-11	3.22695251446333	8.67880272329768E-13	7.33795417420705E-10	452.102293088782	1E10	1E-30	1E-10	1E10	1E-30	1E-10	1E10	1E-30	1E-10	1E10	1E-30	1E-10	1E10	1E-30	1E-10	1E10	1E-30	1E-10	1E10	1E-30	1E-10	1E10	1E-30	1E-10	1E10	1E-30	1E-10	1E10	1E-30	1E-10	1E10	1E-30	1E-10	1E10	1E-30	1E-10	2	-5	5
123	1.2E-10	1E10	1E10	1E-30	2.93515248495356E-11	1E10	1E-30	1E10	0.109797797481969	5.75120595063631E-10	1.60454953529992E-11	0.722049465116847	5.96093330162148E-11	4.65788505429527E-11	3.7251232593722	9.58830704218649E-13	7.45778163812497E-10	295.772663485323	1E10	1E-30	1E-10	1E10	1E-30	1E-10	1E10	1E-30	1E-10	1E10	1E-30	1E-10	1E10	1E-30	1E-10	1E10	1E-30	1E-10	1E10	1E-30	1E-10	1E10	1E-30	1E-10	1E10	1E-30	1E-10	1E10	1E-30	1E-10	1E10	1E-30	1E-10	1E10	1E-30	1E-10	2	-5	5
124	1.5E-10	1E10	1E10	1E-30	1.42636076280504E-11	1E10	1E-30	1E10	0.132304087450875	6.3513824138093E-10	1.42360322451611E-11	0.506816766114941	8.26979842457579E-11	3.39636119116207E-11	2.0815369192198	5.72285223180667E-13	8.27636630682585E-10	542.260037028009	1E10	1E-30	1E-10	1E10	1E-30	1E-10	1E10	1E-30	1E-10	1E10	1E-30	1E-10	1E10	1E-30	1E-10	1E10	1E-30	1E-10	1E10	1E-30	1E-10	1E10	1E-30	1E-10	1E10	1E-30	1E-10	1E10	1E-30	1E-10	1E10	1E-30	1E-10	1E10	1E-30	1E-10	2	-1	1
125	1.5E-10	1E10	1E10	1E-30	1.42636076280504E-11	1E10	1E-30	1E10	0.132304087450875	6.3513824138093E-10	1.42360322451611E-11	0.506816766114941	8.26979842457579E-11	3.39636119116207E-11	2.0815369192198	5.72285223180667E-13	8.27636630682585E-10	542.260037028009	1E10	1E-30	1E-10	1E10	1E-30	1E-10	1E10	1E-30	1E-10	1E10	1E-30	1E-10	1E10	1E-30	1E-10	1E10	1E-30	1E-10	1E10	1E-30	1E-10	1E10	1E-30	1E-10	1E10	1E-30	1E-10	1E10	1E-30	1E-10	1E10	1E-30	1E-10	1E10	1E-30	1E-10	2	-2	2
126	1.5E-10	1E10	1E10	1E-30	1.42636076280504E-11	1E10	1E-30	1E10	0.132304087450875	6.3513824138093E-10	1.42360322451611E-11	0.506816766114941	8.26979842457579E-11	3.39636119116207E-11	2.0815369192198	5.72285223180667E-13	8.27636630682585E-10	542.260037028009	1E10	1E-30	1E-10	1E10	1E-30	1E-10	1E10	1E-30	1E-10	1E10	1E-30	1E-10	1E10	1E-30	1E-10	1E10	1E-30	1E-10	1E10	1E-30	1E-10	1E10	1E-30	1E-10	1E10	1E-30	1E-10	1E10	1E-30	1E-10	1E10	1E-30	1E-10	1E10	1E-30	1E-10	2	-5	5
127	1.5E-10	1E10	1E10	1E-30	5.92905146927744E-12	1E10	1E-30	1E10	9.39705550124199E-02	4.6904380883481E-10	2.75799042082919E-11	2.13309594121345	9.03751382316985E-11	4.52908734377228E-11	3.98209801746515	2.68120642305788E-11	3.85646412884597E-11	5.50040055117329	8.29010273870642E-13	5.93746187677209E-10	2003.12708635965	1E10	1E-30	1E-10	1E10	1E-30	1E-10	1E10	1E-30	1E-10	1E10	1E-30	1E-10	1E10	1E-30	1E-10	1E10	1E-30	1E-10	1E10	1E-30	1E-10	1E10	1E-30	1E-10	1E10	1E-30	1E-10	1E10	1E-30	1E-10	1E10	1E-30	1E-10	2	-1	1
128	1.5E-10	1E10	1E10	1E-30	5.92905146927744E-12	1E10	1E-30	1E10	9.39705550124199E-02	4.6904380883481E-10	2.75799042082919E-11	2.13309594121345	9.03751382316985E-11	4.52908734377228E-11	3.98209801746515	2.68120642305788E-11	3.85646412884597E-11	5.50040055117329	8.29010273870642E-13	5.93746187677209E-10	2003.12708635965	1E10	1E-30	1E-10	1E10	1E-30	1E-10	1E10	1E-30	1E-10	1E10	1E-30	1E-10	1E10	1E-30	1E-10	1E10	1E-30	1E-10	1E10	1E-30	1E-10	1E10	1E-30	1E-10	1E10	1E-30	1E-10	1E10	1E-30	1E-10	1E10	1E-30	1E-10	2	-2	2
129	1.5E-10	1E10	1E10	1E-30	5.92905146927744E-12	1E10	1E-30	1E10	9.39705550124199E-02	4.6904380883481E-10	2.75799042082919E-11	2.13309594121345	9.03751382316985E-11	4.52908734377228E-11	3.98209801746515	2.68120642305788E-11	3.85646412884597E-11	5.50040055117329	8.29010273870642E-13	5.93746187677209E-10	2003.12708635965	1E10	1E-30	1E-10	1E10	1E-30	1E-10	1E10	1E-30	1E-10	1E10	1E-30	1E-10	1E10	1E-30	1E-10	1E10	1E-30	1E-10	1E10	1E-30	1E-10	1E10	1E-30	1E-10	1E10	1E-30	1E-10	1E10	1E-30	1E-10	1E10	1E-30	1E-10	2	-5	5
130	1.49999999999999E-10	1E10	1E10	1E-30	7.51756061310978E-12	1E10	1E-30	1E10	0.118872366826606	5.42486150462757E-10	2.48032803533066E-11	0.812355178368522	8.60769226957859E-11	4.82409171677141E-11	2.38413328105815	2.45990676457918E-11	3.96937505413583E-11	3.75912379856575	8.79883073663873E-13	7.05283690563699E-10	667.788772806072	1E10	1E-30	1E-10	1E10	1E-30	1E-10	1E10	1E-30	1E-10	1E10	1E-30	1E-10	1E10	1E-30	1E-10	1E10	1E-30	1E-10	1E10	1E-30	1E-10	1E10	1E-30	1E-10	1E10	1E-30	1E-10	1E10	1E-30	1E-10	1E10	1E-30	1E-10	2	-5	5
131	1.5E-10	1E10	1E10	1E-30	8.31091671177988E-11	1E10	1E-30	1E10	0.103202679113642	7.07262468044836E-10	1.95566807311345E-11	0.98401218260251	8.71435017555888E-11	4.8006412122301E-11	2.39939852778498	1.17017708704059E-12	6.58445080218991E-10	270.342843374971	1E10	1E-30	1E-10	1E10	1E-30	1E-10	1E10	1E-30	1E-10	1E10	1E-30	1E-10	1E10	1E-30	1E-10	1E10	1E-30	1E-10	1E10	1E-30	1E-10	1E10	1E-30	1E-10	1E10	1E-30	1E-10	1E10	1E-30	1E-10	1E10	1E-30	1E-10	1E10	1E-30	1E-10	2	-5	5
132	1.8E-10	1E10	1E10	1E-30	1.07007072757068E-11	1E10	1E-30	1E10	0.120970037186921	1.00662627503635E-09	1.23990657509761E-11	0.595457779310804	1.22319282182502E-10	2.89077220127237E-11	1.57900722851547	5.34087645815924E-13	8.0879732092948E-10	554.890895884663	1E10	1E-30	1E-10	1E10	1E-30	1E-10	1E10	1E-30	1E-10	1E10	1E-30	1E-10	1E10	1E-30	1E-10	1E10	1E-30	1E-10	1E10	1E-30	1E-10	1E10	1E-30	1E-10	1E10	1E-30	1E-10	1E10	1E-30	1E-10	1E10	1E-30	1E-10	1E10	1E-30	1E-10	2	-1	1
133	1.8E-10	1E10	1E10	1E-30	1.07007072757068E-11	1E10	1E-30	1E10	0.120970037186921	1.00662627503635E-09	1.23990657509761E-11	0.595457779310804	1.22319282182502E-10	2.89077220127237E-11	1.57900722851547	5.34087645815924E-13	8.0879732092948E-10	554.890895884663	1E10	1E-30	1E-10	1E10	1E-30	1E-10	1E10	1E-30	1E-10	1E10	1E-30	1E-10	1E10	1E-30	1E-10	1E10	1E-30	1E-10	1E10	1E-30	1E-10	1E10	1E-30	1E-10	1E10	1E-30	1E-10	1E10	1E-30	1E-10	1E10	1E-30	1E-10	1E10	1E-30	1E-10	2	-2	2
134	1.8E-10	1E10	1E10	1E-30	1.07007072757068E-11	1E10	1E-30	1E10	0.120970037186921	1.00662627503635E-09	1.23990657509761E-11	0.595457779310804	1.22319282182502E-10	2.89077220127237E-11	1.57900722851547	5.34087645815924E-13	8.0879732092948E-10	554.890895884663	1E10	1E-30	1E-10	1E10	1E-30	1E-10	1E10	1E-30	1E-10	1E10	1E-30	1E-10	1E10	1E-30	1E-10	1E10	1E-30	1E-10	1E10	1E-30	1E-10	1E10	1E-30	1E-10	1E10	1E-30	1E-10	1E10	1E-30	1E-10	1E10	1E-30	1E-10	1E10	1E-30	1E-10	2	-5	5
135	1.79999999999999E-10	1E10	1E10	1E-30	1.60021319603757E-11	1E10	1E-30	1E10	8.29463815244414E-02	5.35997929561905E-10	3.2633669972403E-11	2.45607673397233	1.34815031917949E-10	4.35083448068551E-11	3.97034964913916	3.12212918535364E-10	8.66415335067935E-12	0.787778360192423	1.03738393774208E-10	1.46676561646549E-11	2.31327331456066	4.74525114361834E-13	5.98489652515727E-10	318.507796619984	1E10	1E-30	1E-10	1E10	1E-30	1E-10	1E10	1E-30	1E-10	1E10	1E-30	1E-10	1E10	1E-30	1E-10	1E10	1E-30	1E-10	1E10	1E-30	1E-10	1E10	1E-30	1E-10	1E10	1E-30	1E-10	1E10	1E-30	1E-10	2	-1	1
136	1.79999999999999E-10	1E10	1E10	1E-30	1.60021319603757E-11	1E10	1E-30	1E10	8.29463815244414E-02	5.35997929561905E-10	3.2633669972403E-11	2.45607673397233	1.34815031917949E-10	4.35083448068551E-11	3.97034964913916	3.12212918535364E-10	8.66415335067935E-12	0.787778360192423	1.03738393774208E-10	1.46676561646549E-11	2.31327331456066	4.74525114361834E-13	5.98489652515727E-10	318.507796619984	1E10	1E-30	1E-10	1E10	1E-30	1E-10	1E10	1E-30	1E-10	1E10	1E-30	1E-10	1E10	1E-30	1E-10	1E10	1E-30	1E-10	1E10	1E-30	1E-10	1E10	1E-30	1E-10	1E10	1E-30	1E-10	1E10	1E-30	1E-10	2	-2	2
137	1.79999999999999E-10	1E10	1E10	1E-30	1.60021319603757E-11	1E10	1E-30	1E10	8.29463815244414E-02	5.35997929561905E-10	3.2633669972403E-11	2.45607673397233	1.34815031917949E-10	4.35083448068551E-11	3.97034964913916	3.12212918535364E-10	8.66415335067935E-12	0.787778360192423	1.03738393774208E-10	1.46676561646549E-11	2.31327331456066	4.74525114361834E-13	5.98489652515727E-10	318.507796619984	1E10	1E-30	1E-10	1E10	1E-30	1E-10	1E10	1E-30	1E-10	1E10	1E-30	1E-10	1E10	1E-30	1E-10	1E10	1E-30	1E-10	1E10	1E-30	1E-10	1E10	1E-30	1E-10	1E10	1E-30	1E-10	1E10	1E-30	1E-10	2	-5	5
138	1.8E-10	1E10	1E10	1E-30	2.26921460753661E-11	1E10	1E-30	1E10	0.106364050047061	6.28291368440774E-10	2.9612763200831E-11	1.01143321379118	1.34291579482655E-10	4.66043570752689E-11	2.38362899636076	2.40556682817168E-11	4.26125534307878E-11	2.15704335208123	9.14185990347836E-13	6.65863777611757E-10	485.837382887303	1E10	1E-30	1E-10	1E10	1E-30	1E-10	1E10	1E-30	1E-10	1E10	1E-30	1E-10	1E10	1E-30	1E-10	1E10	1E-30	1E-10	1E10	1E-30	1E-10	1E10	1E-30	1E-10	1E10	1E-30	1E-10	1E10	1E-30	1E-10	1E10	1E-30	1E-10	2	-5	5
139	1.8E-10	1E10	1E10	1E-30	9.24471336858253E-11	1E10	1E-30	1E10	9.69827053066719E-02	6.17815291857257E-10	3.09651843733269E-11	0.992125493610705	1.42440435359605E-10	4.31544965629696E-11	2.11732832392784	2.42003174717457E-11	5.23756644356779E-11	3.2963448242955	1.30435376997764E-12	5.80272765683616E-10	315.398531670232	1E10	1E-30	1E-10	1E10	1E-30	1E-10	1E10	1E-30	1E-10	1E10	1E-30	1E-10	1E10	1E-30	1E-10	1E10	1E-30	1E-10	1E10	1E-30	1E-10	1E10	1E-30	1E-10	1E10	1E-30	1E-10	1E10	1E-30	1E-10	1E10	1E-30	1E-10	2	-5	5
140	2.2E-10	1E10	1E10	1E-30	9.6286085301374E-12	1E10	1E-30	1E10	0.1293845913524	8.56777912937413E-10	1.52541833806752E-11	0.40257886715675	1.11556511212676E-10	2.76066602009198E-11	1.61578703170054	5.21930326743985E-13	8.66641943400393E-10	366.612779270062	1E10	1E-30	1E-10	1E10	1E-30	1E-10	1E10	1E-30	1E-10	1E10	1E-30	1E-10	1E10	1E-30	1E-10	1E10	1E-30	1E-10	1E10	1E-30	1E-10	1E10	1E-30	1E-10	1E10	1E-30	1E-10	1E10	1E-30	1E-10	1E10	1E-30	1E-10	1E10	1E-30	1E-10	2	-1	1
141	2.2E-10	1E10	1E10	1E-30	9.6286085301374E-12	1E10	1E-30	1E10	0.1293845913524	8.56777912937413E-10	1.52541833806752E-11	0.40257886715675	1.11556511212676E-10	2.76066602009198E-11	1.61578703170054	5.21930326743985E-13	8.66641943400393E-10	366.612779270062	1E10	1E-30	1E-10	1E10	1E-30	1E-10	1E10	1E-30	1E-10	1E10	1E-30	1E-10	1E10	1E-30	1E-10	1E10	1E-30	1E-10	1E10	1E-30	1E-10	1E10	1E-30	1E-10	1E10	1E-30	1E-10	1E10	1E-30	1E-10	1E10	1E-30	1E-10	1E10	1E-30	1E-10	2	-2	2
142	2.2E-10	1E10	1E10	1E-30	9.6286085301374E-12	1E10	1E-30	1E10	0.1293845913524	8.56777912937413E-10	1.52541833806752E-11	0.40257886715675	1.11556511212676E-10	2.76066602009198E-11	1.61578703170054	5.21930326743985E-13	8.66641943400393E-10	366.612779270062	1E10	1E-30	1E-10	1E10	1E-30	1E-10	1E10	1E-30	1E-10	1E10	1E-30	1E-10	1E10	1E-30	1E-10	1E10	1E-30	1E-10	1E10	1E-30	1E-10	1E10	1E-30	1E-10	1E10	1E-30	1E-10	1E10	1E-30	1E-10	1E10	1E-30	1E-10	1E10	1E-30	1E-10	2	-5	5
143	2.2E-10	1E10	1E10	1E-30	1.22296586223709E-11	1E10	1E-30	1E10	0.074799327612043	5.4569578999706E-10	4.57345307475872E-11	2.56663701386669	1.73418157140992E-10	4.9146375246151E-11	3.3901183309342	3.98921704060588E-10	9.46077458916007E-12	0.857763178885679	1.15741016549532E-10	1.95498043881545E-11	1.92229918959095	2.92522194608302E-11	3.26175803294232E-11	4.1278791284151	7.54540276145423E-13	5.00888502068555E-10	1167.04713774606	1E10	1E-30	1E-10	1E10	1E-30	1E-10	1E10	1E-30	1E-10	1E10	1E-30	1E-10	1E10	1E-30	1E-10	1E10	1E-30	1E-10	1E10	1E-30	1E-10	1E10	1E-30	1E-10	1E10	1E-30	1E-10	2	-1	1
144	2.2E-10	1E10	1E10	1E-30	1.22296586223709E-11	1E10	1E-30	1E10	0.074799327612043	5.4569578999706E-10	4.57345307475872E-11	2.56663701386669	1.73418157140992E-10	4.9146375246151E-11	3.3901183309342	3.98921704060588E-10	9.46077458916007E-12	0.857763178885679	1.15741016549532E-10	1.95498043881545E-11	1.92229918959095	2.92522194608302E-11	3.26175803294232E-11	4.1278791284151	7.54540276145423E-13	5.00888502068555E-10	1167.04713774606	1E10	1E-30	1E-10	1E10	1E-30	1E-10	1E10	1E-30	1E-10	1E10	1E-30	1E-10	1E10	1E-30	1E-10	1E10	1E-30	1E-10	1E10	1E-30	1E-10	1E10	1E-30	1E-10	1E10	1E-30	1E-10	2	-2	2
145	2.2E-10	1E10	1E10	1E-30	1.22296586223709E-11	1E10	1E-30	1E10	0.074799327612043	5.4569578999706E-10	4.57345307475872E-11	2.56663701386669	1.73418157140992E-10	4.9146375246151E-11	3.3901183309342	3.98921704060588E-10	9.46077458916007E-12	0.857763178885679	1.15741016549532E-10	1.95498043881545E-11	1.92229918959095	2.92522194608302E-11	3.26175803294232E-11	4.1278791284151	7.54540276145423E-13	5.00888502068555E-10	1167.04713774606	1E10	1E-30	1E-10	1E10	1E-30	1E-10	1E10	1E-30	1E-10	1E10	1E-30	1E-10	1E10	1E-30	1E-10	1E10	1E-30	1E-10	1E10	1E-30	1E-10	1E10	1E-30	1E-10	1E10	1E-30	1E-10	2	-5	5
146	2.2E-10	1E10	1E10	1E-30	4.3205293883397E-11	1E10	1E-30	1E10	8.87317303069389E-02	7.30353288528013E-10	3.60255256996008E-11	1.16686907134694	1.72998486586784E-10	5.15924792704781E-11	2.0388479119142	1.49992958475945E-11	6.02337906713137E-11	3.66406709283453	8.68375338622424E-13	6.10852821556741E-10	563.962719568008	1E10	1E-30	1E-10	1E10	1E-30	1E-10	1E10	1E-30	1E-10	1E10	1E-30	1E-10	1E10	1E-30	1E-10	1E10	1E-30	1E-10	1E10	1E-30	1E-10	1E10	1E-30	1E-10	1E10	1E-30	1E-10	1E10	1E-30	1E-10	1E10	1E-30	1E-10	2	-5	5
147	2.2E-10	1E10	1E10	1E-30	5E-12	1E10	1E-30	1E10	0.09	5.97456719105805E-10	4.31066070955026E-11	1.28071748896646	1.93566478685959E-10	4.55563753060344E-11	2.05389312236237	2.28869076769027E-10	1.68875286709802E-11	0.946123141843286	6.28049200644144E-11	3.44621948587361E-11	2.16982903261717	8.66410401297874E-13	6.53066635730468E-10	530.581674884291	1E10	1E-30	1E-10	1E10	1E-30	1E-10	1E10	1E-30	1E-10	1E10	1E-30	1E-10	1E10	1E-30	1E-10	1E10	1E-30	1E-10	1E10	1E-30	1E-10	1E10	1E-30	1E-10	1E10	1E-30	1E-10	1E10	1E-30	1E-10	2	-5	5
148	2.7E-10	1E10	1E10	1E-30	6.20615668407543E-12	1E10	1E-30	1E10	0.11702588531194	1.21023096942762E-09	1.3595305248491E-11	0.40257886715675	2.02999479237242E-10	2.40443958752907E-11	1.11785151093961	4.76006115379086E-13	8.27636630682584E-10	472.288748539631	1E10	1E-30	1E-10	1E10	1E-30	1E-10	1E10	1E-30	1E-10	1E10	1E-30	1E-10	1E10	1E-30	1E-10	1E10	1E-30	1E-10	1E10	1E-30	1E-10	1E10	1E-30	1E-10	1E10	1E-30	1E-10	1E10	1E-30	1E-10	1E10	1E-30	1E-10	1E10	1E-30	1E-10	2	-1	1
149	2.7E-10	1E10	1E10	1E-30	6.20615668407543E-12	1E10	1E-30	1E10	0.11702588531194	1.21023096942762E-09	1.3595305248491E-11	0.40257886715675	2.02999479237242E-10	2.40443958752907E-11	1.11785151093961	4.76006115379086E-13	8.27636630682584E-10	472.288748539631	1E10	1E-30	1E-10	1E10	1E-30	1E-10	1E10	1E-30	1E-10	1E10	1E-30	1E-10	1E10	1E-30	1E-10	1E10	1E-30	1E-10	1E10	1E-30	1E-10	1E10	1E-30	1E-10	1E10	1E-30	1E-10	1E10	1E-30	1E-10	1E10	1E-30	1E-10	1E10	1E-30	1E-10	2	-2	2
150	2.7E-10	1E10	1E10	1E-30	6.20615668407543E-12	1E10	1E-30	1E10	0.11702588531194	1.21023096942762E-09	1.3595305248491E-11	0.40257886715675	2.02999479237242E-10	2.40443958752907E-11	1.11785151093961	4.76006115379086E-13	8.27636630682584E-10	472.288748539631	1E10	1E-30	1E-10	1E10	1E-30	1E-10	1E10	1E-30	1E-10	1E10	1E-30	1E-10	1E10	1E-30	1E-10	1E10	1E-30	1E-10	1E10	1E-30	1E-10	1E10	1E-30	1E-10	1E10	1E-30	1E-10	1E10	1E-30	1E-10	1E10	1E-30	1E-10	1E10	1E-30	1E-10	2	-5	5
151	2.7E-10	1E10	1E10	1E-30	4.54498932460239E-11	1E10	1E-30	1E10	1.50949304861799E-02	1E-30	1.06844182310194E-10	5.71288135560161E-02	1.016931901662E-09	3.05328054051057E-11	1.22169611645552	2.17608841375973E-10	4.81489506614272E-11	1.890574039116	8.20123624049901E-11	3.44693105830573E-11	1.04030094005931	4.41669468550159E-11	2.25159769928527E-11	3.72698402566635	9.18381920512923E-13	6.05911163982141E-10	526.15206951556	1E10	1E-30	1E-10	1E10	1E-30	1E-10	1E10	1E-30	1E-10	1E10	1E-30	1E-10	1E10	1E-30	1E-10	1E10	1E-30	1E-10	1E10	1E-30	1E-10	1E10	1E-30	1E-10	1E10	1E-30	1E-10	2	-1	1
152	2.7E-10	1E10	1E10	1E-30	4.54498932460239E-11	1E10	1E-30	1E10	1.50949304861799E-02	1E-30	1.06844182310194E-10	5.71288135560161E-02	1.016931901662E-09	3.05328054051057E-11	1.22169611645552	2.17608841375973E-10	4.81489506614272E-11	1.890574039116	8.20123624049901E-11	3.44693105830573E-11	1.04030094005931	4.41669468550159E-11	2.25159769928527E-11	3.72698402566635	9.18381920512923E-13	6.05911163982141E-10	526.15206951556	1E10	1E-30	1E-10	1E10	1E-30	1E-10	1E10	1E-30	1E-10	1E10	1E-30	1E-10	1E10	1E-30	1E-10	1E10	1E-30	1E-10	1E10	1E-30	1E-10	1E10	1E-30	1E-10	1E10	1E-30	1E-10	2	-2	2
153	2.7E-10	1E10	1E10	1E-30	4.54498932460239E-11	1E10	1E-30	1E10	1.50949304861799E-02	1E-30	1.06844182310194E-10	5.71288135560161E-02	1.016931901662E-09	3.05328054051057E-11	1.22169611645552	2.17608841375973E-10	4.81489506614272E-11	1.890574039116	8.20123624049901E-11	3.44693105830573E-11	1.04030094005931	4.41669468550159E-11	2.25159769928527E-11	3.72698402566635	9.18381920512923E-13	6.05911163982141E-10	526.15206951556	1E10	1E-30	1E-10	1E10	1E-30	1E-10	1E10	1E-30	1E-10	1E10	1E-30	1E-10	1E10	1E-30	1E-10	1E10	1E-30	1E-10	1E10	1E-30	1E-10	1E10	1E-30	1E-10	1E10	1E-30	1E-10	2	-5	5
154	2.7E-10	1E10	1E10	1E-30	5.0053161880519E-12	1E10	1E-30	1E10	0.067022400370938	9.0991145287959E-10	3.10884595283831E-11	1.11280851614657	2.03536881284158E-10	4.45486399503137E-11	1.91774404081686	7.9582881518753E-13	6.54276954725242E-10	130.503544841769	1E10	1E-30	1E-10	1E10	1E-30	1E-10	1E10	1E-30	1E-10	1E10	1E-30	1E-10	1E10	1E-30	1E-10	1E10	1E-30	1E-10	1E10	1E-30	1E-10	1E10	1E-30	1E-10	1E10	1E-30	1E-10	1E10	1E-30	1E-10	1E10	1E-30	1E-10	1E10	1E-30	1E-10	2	-5	5
155	2.7E-10	1E10	1E10	1E-30	5E-12	1E10	1E-30	1E10	0.08	8.61468074917902E-10	3.37102260710002E-11	0.961241834841765	1.76172605210544E-10	5.47628801160071E-11	1.85664756782942	4.32988133430749E-10	9.24905801765257E-12	0.69192739035772	7.08462112936795E-11	3.29165897292567E-11	1.96498305597411	8.97727383649295E-13	6.36114412202716E-10	233.664551259748	1E10	1E-30	1E-10	1E10	1E-30	1E-10	1E10	1E-30	1E-10	1E10	1E-30	1E-10	1E10	1E-30	1E-10	1E10	1E-30	1E-10	1E10	1E-30	1E-10	1E10	1E-30	1E-10	1E10	1E-30	1E-10	1E10	1E-30	1E-10	2	-5	5
156	3.3E-10	1E10	1E10	1E-30	9.612310363275E-12	1E10	1E-30	1E10	0.103544607379933	1.29678584753812E-09	2.01089300327503E-11	0.472988926692791	1.98378646945279E-10	3.7240359923361E-11	1.11785151093961	5.85615458466605E-13	7.72395445081653E-10	304.935227820098	1E10	1E-30	1E-10	1E10	1E-30	1E-10	1E10	1E-30	1E-10	1E10	1E-30	1E-10	1E10	1E-30	1E-10	1E10	1E-30	1E-10	1E10	1E-30	1E-10	1E10	1E-30	1E-10	1E10	1E-30	1E-10	1E10	1E-30	1E-10	1E10	1E-30	1E-10	1E10	1E-30	1E-10	2	-1	1
157	3.3E-10	1E10	1E10	1E-30	9.612310363275E-12	1E10	1E-30	1E10	0.103544607379933	1.29678584753812E-09	2.01089300327503E-11	0.472988926692791	1.98378646945279E-10	3.7240359923361E-11	1.11785151093961	5.85615458466605E-13	7.72395445081653E-10	304.935227820098	1E10	1E-30	1E-10	1E10	1E-30	1E-10	1E10	1E-30	1E-10	1E10	1E-30	1E-10	1E10	1E-30	1E-10	1E10	1E-30	1E-10	1E10	1E-30	1E-10	1E10	1E-30	1E-10	1E10	1E-30	1E-10	1E10	1E-30	1E-10	1E10	1E-30	1E-10	1E10	1E-30	1E-10	2	-2	2
158	3.3E-10	1E10	1E10	1E-30	9.612310363275E-12	1E10	1E-30	1E10	0.103544607379933	1.29678584753812E-09	2.01089300327503E-11	0.472988926692791	1.98378646945279E-10	3.7240359923361E-11	1.11785151093961	5.85615458466605E-13	7.72395445081653E-10	304.935227820098	1E10	1E-30	1E-10	1E10	1E-30	1E-10	1E10	1E-30	1E-10	1E10	1E-30	1E-10	1E10	1E-30	1E-10	1E10	1E-30	1E-10	1E10	1E-30	1E-10	1E10	1E-30	1E-10	1E10	1E-30	1E-10	1E10	1E-30	1E-10	1E10	1E-30	1E-10	1E10	1E-30	1E-10	2	-5	5
159	3.3E-10	1E10	1E10	1E-30	3.24333054021277E-10	1E10	1E-30	1E10	3.74870477131375E-03	2.6142753823064E-09	1E10	1559.64526894112	1E-30	1.48861488032899E-10	5.46119480212927E-02	1.24767807396596E-09	3.41469307948122E-11	1.23022223535217	2.75709035270131E-10	5.64804144627331E-11	1.99827684283792	9.85791141860208E-11	4.01908847675226E-11	1.05467289660883	1.64098108181072E-11	4.45881793391433E-11	3.39518192139318	1.45832363105305E-12	3.3136415525026E-10	334.755352699034	1E10	1E-30	1E-10	1E10	1E-30	1E-10	1E10	1E-30	1E-10	1E10	1E-30	1E-10	1E10	1E-30	1E-10	1E10	1E-30	1E-10	1E10	1E-30	1E-10	1E10	1E-30	1E-10	2	-1	1
160	3.3E-10	1E10	1E10	1E-30	3.24333054021277E-10	1E10	1E-30	1E10	3.74870477131375E-03	2.6142753823064E-09	1E10	1559.64526894112	1E-30	1.48861488032899E-10	5.46119480212927E-02	1.24767807396596E-09	3.41469307948122E-11	1.23022223535217	2.75709035270131E-10	5.64804144627331E-11	1.99827684283792	9.85791141860208E-11	4.01908847675226E-11	1.05467289660883	1.64098108181072E-11	4.45881793391433E-11	3.39518192139318	1.45832363105305E-12	3.3136415525026E-10	334.755352699034	1E10	1E-30	1E-10	1E10	1E-30	1E-10	1E10	1E-30	1E-10	1E10	1E-30	1E-10	1E10	1E-30	1E-10	1E10	1E-30	1E-10	1E10	1E-30	1E-10	1E10	1E-30	1E-10	2	-2	2
161	3.3E-10	1E10	1E10	1E-30	3.24333054021277E-10	1E10	1E-30	1E10	3.74870477131375E-03	2.6142753823064E-09	1E10	1559.64526894112	1E-30	1.48861488032899E-10	5.46119480212927E-02	1.24767807396596E-09	3.41469307948122E-11	1.23022223535217	2.75709035270131E-10	5.64804144627331E-11	1.99827684283792	9.85791141860208E-11	4.01908847675226E-11	1.05467289660883	1.64098108181072E-11	4.45881793391433E-11	3.39518192139318	1.45832363105305E-12	3.3136415525026E-10	334.755352699034	1E10	1E-30	1E-10	1E10	1E-30	1E-10	1E10	1E-30	1E-10	1E10	1E-30	1E-10	1E10	1E-30	1E-10	1E10	1E-30	1E-10	1E10	1E-30	1E-10	1E10	1E-30	1E-10	2	-5	5
162	3.3E-10	1E10	1E10	1E-30	1.86865024903397E-12	1E10	1E-30	1E10	5.77337791431679E-02	1E-30	1.32282445591397E-10	5.41387876674563	1.00956556227834E-09	3.85259696704481E-11	1.30494180986257	2.86921939043666E-10	4.58835700632975E-11	1.9283518650093	1.46596189288473E-09	3.93661051669086E-12	0.237102345823261	6.42528331304559E-10	5.40873972740607E-12	0.465139070797525	9.41788385051453E-13	4.87793552771402E-10	1472.41726940581	1E10	1E-30	1E-10	1E10	1E-30	1E-10	1E10	1E-30	1E-10	1E10	1E-30	1E-10	1E10	1E-30	1E-10	1E10	1E-30	1E-10	1E10	1E-30	1E-10	1E10	1E-30	1E-10	1E10	1E-30	1E-10	2	-5	5
163	3.3E-10	1E10	1E10	1E-30	1.14203251200781E-11	1E10	1E-30	1E10	6.60072256038949E-02	1.04289287127402E-09	3.68400481497072E-11	1.29160158050813	2.45843590783978E-10	5.71517276994951E-11	1.99168390893356	1.20737586657546E-09	5.09989740358514E-12	0.321060890920156	1.45074040845163E-10	2.31698814981343E-11	1.22645855212813	4.56393888501524E-11	2.62350830859299E-11	2.19940314187132	1.11038479854535E-12	5.40667397579604E-10	302.14399922871	1E10	1E-30	1E-10	1E10	1E-30	1E-10	1E10	1E-30	1E-10	1E10	1E-30	1E-10	1E10	1E-30	1E-10	1E10	1E-30	1E-10	1E10	1E-30	1E-10	1E10	1E-30	1E-10	1E10	1E-30	1E-10	2	-5	5
164	3.9E-10	1E10	1E10	1E-30	8.47214753759616E-12	1E10	1E-30	1E10	0.087630244742838	1.79006277850133E-09	1.75141458914999E-11	0.595457779310804	2.93423520730222E-10	3.47547260617046E-11	1.225699808271	1.89460021042281E-10	1.47221565550249E-11	0.859612160163506	5.72285223180668E-13	7.54813578230521E-10	483.289766713652	1E10	1E-30	1E-10	1E10	1E-30	1E-10	1E10	1E-30	1E-10	1E10	1E-30	1E-10	1E10	1E-30	1E-10	1E10	1E-30	1E-10	1E10	1E-30	1E-10	1E10	1E-30	1E-10	1E10	1E-30	1E-10	1E10	1E-30	1E-10	1E10	1E-30	1E-10	2	-1	1
165	3.9E-10	1E10	1E10	1E-30	8.47214753759616E-12	1E10	1E-30	1E10	0.087630244742838	1.79006277850133E-09	1.75141458914999E-11	0.595457779310804	2.93423520730222E-10	3.47547260617046E-11	1.225699808271	1.89460021042281E-10	1.47221565550249E-11	0.859612160163506	5.72285223180668E-13	7.54813578230521E-10	483.289766713652	1E10	1E-30	1E-10	1E10	1E-30	1E-10	1E10	1E-30	1E-10	1E10	1E-30	1E-10	1E10	1E-30	1E-10	1E10	1E-30	1E-10	1E10	1E-30	1E-10	1E10	1E-30	1E-10	1E10	1E-30	1E-10	1E10	1E-30	1E-10	1E10	1E-30	1E-10	2	-2	2
166	3.9E-10	1E10	1E10	1E-30	8.47214753759616E-12	1E10	1E-30	1E10	0.087630244742838	1.79006277850133E-09	1.75141458914999E-11	0.595457779310804	2.93423520730222E-10	3.47547260617046E-11	1.225699808271	1.89460021042281E-10	1.47221565550249E-11	0.859612160163506	5.72285223180668E-13	7.54813578230521E-10	483.289766713652	1E10	1E-30	1E-10	1E10	1E-30	1E-10	1E10	1E-30	1E-10	1E10	1E-30	1E-10	1E10	1E-30	1E-10	1E10	1E-30	1E-10	1E10	1E-30	1E-10	1E10	1E-30	1E-10	1E10	1E-30	1E-10	1E10	1E-30	1E-10	1E10	1E-30	1E-10	2	-5	5
167	3.9E-10	1E10	1E10	1E-30	6.17622833248191E-14	1E10	1E-30	1E10	3.14647654577236E-03	7.29329747977349E-07	1E10	2.03471677010917E-02	1E-30	1.28787192777815E-10	4.86390195783614E-02	1.32637899749817E-09	4.26102533309697E-11	1.52421092173638	4.1479976805865E-10	5.19844690168165E-11	2.01300078865888	8.10861874618174E-11	6.08553116690204E-11	1.06935750870614	5.72601824842022E-12	9.00050714837776E-11	10.9868157211933	9.03158990524837E-13	5.61788456638448E-10	530.589614231252	1E10	1E-30	1E-10	1E10	1E-30	1E-10	1E10	1E-30	1E-10	1E10	1E-30	1E-10	1E10	1E-30	1E-10	1E10	1E-30	1E-10	1E10	1E-30	1E-10	1E10	1E-30	1E-10	2	-1	1
168	3.9E-10	1E10	1E10	1E-30	6.17622833248191E-14	1E10	1E-30	1E10	3.14647654577236E-03	7.29329747977349E-07	1E10	2.03471677010917E-02	1E-30	1.28787192777815E-10	4.86390195783614E-02	1.32637899749817E-09	4.26102533309697E-11	1.52421092173638	4.1479976805865E-10	5.19844690168165E-11	2.01300078865888	8.10861874618174E-11	6.08553116690204E-11	1.06935750870614	5.72601824842022E-12	9.00050714837776E-11	10.9868157211933	9.03158990524837E-13	5.61788456638448E-10	530.589614231252	1E10	1E-30	1E-10	1E10	1E-30	1E-10	1E10	1E-30	1E-10	1E10	1E-30	1E-10	1E10	1E-30	1E-10	1E10	1E-30	1E-10	1E10	1E-30	1E-10	1E10	1E-30	1E-10	2	-2	2
169	3.9E-10	1E10	1E10	1E-30	6.17622833248191E-14	1E10	1E-30	1E10	3.14647654577236E-03	7.29329747977349E-07	1E10	2.03471677010917E-02	1E-30	1.28787192777815E-10	4.86390195783614E-02	1.32637899749817E-09	4.26102533309697E-11	1.52421092173638	4.1479976805865E-10	5.19844690168165E-11	2.01300078865888	8.10861874618174E-11	6.08553116690204E-11	1.06935750870614	5.72601824842022E-12	9.00050714837776E-11	10.9868157211933	9.03158990524837E-13	5.61788456638448E-10	530.589614231252	1E10	1E-30	1E-10	1E10	1E-30	1E-10	1E10	1E-30	1E-10	1E10	1E-30	1E-10	1E10	1E-30	1E-10	1E10	1E-30	1E-10	1E10	1E-30	1E-10	1E10	1E-30	1E-10	2	-5	5
170	3.9E-10	1E10	1E10	1E-30	5.92049409076026E-11	1E10	1E-30	1E10	0.11206023975704	1.80809831193621E-09	1.37379373760019E-11	0.221340938879682	1.94137478547575E-10	3.44272035980649E-11	0.79303747394974	5.36025837574952E-12	1.39177349902824E-10	11.5499752416236	1.01972692653217E-12	6.31728754650266E-10	902.548997538759	1E10	1E-30	1E-10	1E10	1E-30	1E-10	1E10	1E-30	1E-10	1E10	1E-30	1E-10	1E10	1E-30	1E-10	1E10	1E-30	1E-10	1E10	1E-30	1E-10	1E10	1E-30	1E-10	1E10	1E-30	1E-10	1E10	1E-30	1E-10	1E10	1E-30	1E-10	2	-5	5
171	3.9E-10	1E10	1E10	1E-30	2.21160914549629E-11	1E10	1E-30	1E10	4.27623278100009E-02	1E-30	1.57601851844031E-10	2.63039743507244	1.4311977360976E-09	5.03785669187809E-11	1.4118763441091	4.99120258833081E-10	5.49280494652164E-11	1.99207009170085	5.31063304263332E-09	2.55142084782617E-12	0.138869417527657	7.50181068686275E-10	1.00637705490896E-11	0.409817514968615	6.90688194653092E-11	1.32279837442169E-11	2.03055191473168	8.72649508869941E-13	5.8900554288927E-10	984.460738588895	1E10	1E-30	1E-10	1E10	1E-30	1E-10	1E10	1E-30	1E-10	1E10	1E-30	1E-10	1E10	1E-30	1E-10	1E10	1E-30	1E-10	1E10	1E-30	1E-10	1E10	1E-30	1E-10	2	-5	5
172	4.7E-10	1E10	1E10	1E-30	7.38577825423341E-12	1E10	1E-30	1E10	7.99360944186409E-02	1.55907950381028E-09	3.0436097245086E-11	0.506816766114941	3.52772663254171E-10	4.37536078190249E-11	0.996286207819154	1.61256630627708E-10	1.8965811581967E-11	0.622733960540185	5.34087645815924E-13	7.37631923529706E-10	319.306382356829	1E10	1E-30	1E-10	1E10	1E-30	1E-10	1E10	1E-30	1E-10	1E10	1E-30	1E-10	1E10	1E-30	1E-10	1E10	1E-30	1E-10	1E10	1E-30	1E-10	1E10	1E-30	1E-10	1E10	1E-30	1E-10	1E10	1E-30	1E-10	1E10	1E-30	1E-10	2	-1	1
173	4.7E-10	1E10	1E10	1E-30	7.38577825423341E-12	1E10	1E-30	1E10	7.99360944186409E-02	1.55907950381028E-09	3.0436097245086E-11	0.506816766114941	3.52772663254171E-10	4.37536078190249E-11	0.996286207819154	1.61256630627708E-10	1.8965811581967E-11	0.622733960540185	5.34087645815924E-13	7.37631923529706E-10	319.306382356829	1E10	1E-30	1E-10	1E10	1E-30	1E-10	1E10	1E-30	1E-10	1E10	1E-30	1E-10	1E10	1E-30	1E-10	1E10	1E-30	1E-10	1E10	1E-30	1E-10	1E10	1E-30	1E-10	1E10	1E-30	1E-10	1E10	1E-30	1E-10	1E10	1E-30	1E-10	2	-2	2
174	4.7E-10	1E10	1E10	1E-30	7.38577825423341E-12	1E10	1E-30	1E10	7.99360944186409E-02	1.55907950381028E-09	3.0436097245086E-11	0.506816766114941	3.52772663254171E-10	4.37536078190249E-11	0.996286207819154	1.61256630627708E-10	1.8965811581967E-11	0.622733960540185	5.34087645815924E-13	7.37631923529706E-10	319.306382356829	1E10	1E-30	1E-10	1E10	1E-30	1E-10	1E10	1E-30	1E-10	1E10	1E-30	1E-10	1E10	1E-30	1E-10	1E10	1E-30	1E-10	1E10	1E-30	1E-10	1E10	1E-30	1E-10	1E10	1E-30	1E-10	1E10	1E-30	1E-10	1E10	1E-30	1E-10	2	-5	5
175	4.7E-10	1E10	1E10	1E-30	3.79624617399665E-14	1E10	1E-30	1E10	1.43157045363374E-03	9.61033217762394E-07	1E10	1.54415002699304E-02	1E-30	1.23200875966226E-10	4.42105638404205E-02	1.57697139305062E-09	4.49050088087851E-11	1.83412942256728	5.20399667326915E-10	5.44231570615963E-11	2.10910416171277	6.61734192091741E-11	7.67056113891454E-11	0.676848316595281	4.67137336939829E-12	1.13524016305816E-10	15.8176407893451	8.94142925460442E-13	4.90865085754874E-10	605.381808247975	1E10	1E-30	1E-10	1E10	1E-30	1E-10	1E10	1E-30	1E-10	1E10	1E-30	1E-10	1E10	1E-30	1E-10	1E10	1E-30	1E-10	1E10	1E-30	1E-10	1E10	1E-30	1E-10	2	-1	1
176	4.7E-10	1E10	1E10	1E-30	3.79624617399665E-14	1E10	1E-30	1E10	1.43157045363374E-03	9.61033217762394E-07	1E10	1.54415002699304E-02	1E-30	1.23200875966226E-10	4.42105638404205E-02	1.57697139305062E-09	4.49050088087851E-11	1.83412942256728	5.20399667326915E-10	5.44231570615963E-11	2.10910416171277	6.61734192091741E-11	7.67056113891454E-11	0.676848316595281	4.67137336939829E-12	1.13524016305816E-10	15.8176407893451	8.94142925460442E-13	4.90865085754874E-10	605.381808247975	1E10	1E-30	1E-10	1E10	1E-30	1E-10	1E10	1E-30	1E-10	1E10	1E-30	1E-10	1E10	1E-30	1E-10	1E10	1E-30	1E-10	1E10	1E-30	1E-10	1E10	1E-30	1E-10	2	-2	2
177	4.7E-10	1E10	1E10	1E-30	3.79624617399665E-14	1E10	1E-30	1E10	1.43157045363374E-03	9.61033217762394E-07	1E10	1.54415002699304E-02	1E-30	1.23200875966226E-10	4.42105638404205E-02	1.57697139305062E-09	4.49050088087851E-11	1.83412942256728	5.20399667326915E-10	5.44231570615963E-11	2.10910416171277	6.61734192091741E-11	7.67056113891454E-11	0.676848316595281	4.67137336939829E-12	1.13524016305816E-10	15.8176407893451	8.94142925460442E-13	4.90865085754874E-10	605.381808247975	1E10	1E-30	1E-10	1E10	1E-30	1E-10	1E10	1E-30	1E-10	1E10	1E-30	1E-10	1E10	1E-30	1E-10	1E10	1E-30	1E-10	1E10	1E-30	1E-10	1E10	1E-30	1E-10	2	-5	5
178	4.69999999999999E-10	1E10	1E10	1E-30	5.51013055346332E-11	1E10	1E-30	1E10	0.087735725169132	1E-30	6.78796266970019E-11	1.03218921271903	3.85313880326584E-09	8.57575906188703E-12	0.211939853785614	4.28590675753278E-10	2.22582966236894E-11	0.597939263626912	1.00313679983356E-12	6.95585991886703E-10	366.481174488001	1E10	1E-30	1E-10	1E10	1E-30	1E-10	1E10	1E-30	1E-10	1E10	1E-30	1E-10	1E10	1E-30	1E-10	1E10	1E-30	1E-10	1E10	1E-30	1E-10	1E10	1E-30	1E-10	1E10	1E-30	1E-10	1E10	1E-30	1E-10	1E10	1E-30	1E-10	2	-5	5
179	4.7E-10	1E10	1E10	1E-30	4.8807865989158E-11	1E10	1E-30	1E10	4.46119529149672E-02	1.2183769991325E-09	7.10347036491273E-11	1.94856371280805	5.91107345964373E-10	6.19657373446857E-11	2.07172644490565	1.28174283611276E-09	1.35934904473774E-11	0.48732692983533	6.38662152068863E-10	1.60489933266309E-11	0.695263226946721	7.04566830684769E-10	7.37816954671886E-12	0.22617586238528	6.87739176128802E-13	5.78739256771872E-10	78.3800106016991	1E10	1E-30	1E-10	1E10	1E-30	1E-10	1E10	1E-30	1E-10	1E10	1E-30	1E-10	1E10	1E-30	1E-10	1E10	1E-30	1E-10	1E10	1E-30	1E-10	1E10	1E-30	1E-10	1E10	1E-30	1E-10	2	-5	5
180	5.6E-10	1E10	1E10	1E-30	5.98180936612956E-12	1E10	1E-30	1E10	6.55814070500781E-02	2.20225833418383E-09	2.71262002228128E-11	0.803250442440727	5.0991163749954E-10	3.99037645918782E-11	1.25425002444357	2.5557453612107E-10	1.9859642744432E-11	0.506177166578793	5.21930326743985E-13	7.20841371038459E-10	319.306382356829	1E10	1E-30	1E-10	1E10	1E-30	1E-10	1E10	1E-30	1E-10	1E10	1E-30	1E-10	1E10	1E-30	1E-10	1E10	1E-30	1E-10	1E10	1E-30	1E-10	1E10	1E-30	1E-10	1E10	1E-30	1E-10	1E10	1E-30	1E-10	1E10	1E-30	1E-10	2	-1	1
181	5.6E-10	1E10	1E10	1E-30	5.98180936612956E-12	1E10	1E-30	1E10	6.55814070500781E-02	2.20225833418383E-09	2.71262002228128E-11	0.803250442440727	5.0991163749954E-10	3.99037645918782E-11	1.25425002444357	2.5557453612107E-10	1.9859642744432E-11	0.506177166578793	5.21930326743985E-13	7.20841371038459E-10	319.306382356829	1E10	1E-30	1E-10	1E10	1E-30	1E-10	1E10	1E-30	1E-10	1E10	1E-30	1E-10	1E10	1E-30	1E-10	1E10	1E-30	1E-10	1E10	1E-30	1E-10	1E10	1E-30	1E-10	1E10	1E-30	1E-10	1E10	1E-30	1E-10	1E10	1E-30	1E-10	2	-2	2
182	5.6E-10	1E10	1E10	1E-30	5.98180936612956E-12	1E10	1E-30	1E10	6.55814070500781E-02	2.20225833418383E-09	2.71262002228128E-11	0.803250442440727	5.0991163749954E-10	3.99037645918782E-11	1.25425002444357	2.5557453612107E-10	1.9859642744432E-11	0.506177166578793	5.21930326743985E-13	7.20841371038459E-10	319.306382356829	1E10	1E-30	1E-10	1E10	1E-30	1E-10	1E10	1E-30	1E-10	1E10	1E-30	1E-10	1E10	1E-30	1E-10	1E10	1E-30	1E-10	1E10	1E-30	1E-10	1E10	1E-30	1E-10	1E10	1E-30	1E-10	1E10	1E-30	1E-10	1E10	1E-30	1E-10	2	-5	5
183	5.6E-10	1E10	1E10	1E-30	1.3331066976994E-10	1E10	1E-30	1E10	5.43068214893196E-03	1.25687568959016E-06	1E10	0.011806891337304	1E-30	6.60169634605367E-11	4.12974619500072E-02	1.79624252377456E-09	5.39831217359846E-11	1.74976642279047	6.14451552877337E-10	6.36694432664856E-11	2.10323922898727	1.61589941290333E-09	1.13672412918882E-11	0.430693802499796	6.52336869895454E-10	1.75471349673204E-11	0.779173852794489	1.46370489978197E-10	3.21419652864196E-11	0.673225826782175	6.14523005976817E-12	1.59135240478318E-10	42.7448062934586	1.21667986570933E-12	3.36485142641103E-10	119.193325498956	1E10	1E-30	1E-10	1E10	1E-30	1E-10	1E10	1E-30	1E-10	1E10	1E-30	1E-10	1E10	1E-30	1E-10	1E10	1E-30	1E-10	2	-1	1
184	5.6E-10	1E10	1E10	1E-30	1.3331066976994E-10	1E10	1E-30	1E10	5.43068214893196E-03	1.25687568959016E-06	1E10	0.011806891337304	1E-30	6.60169634605367E-11	4.12974619500072E-02	1.79624252377456E-09	5.39831217359846E-11	1.74976642279047	6.14451552877337E-10	6.36694432664856E-11	2.10323922898727	1.61589941290333E-09	1.13672412918882E-11	0.430693802499796	6.52336869895454E-10	1.75471349673204E-11	0.779173852794489	1.46370489978197E-10	3.21419652864196E-11	0.673225826782175	6.14523005976817E-12	1.59135240478318E-10	42.7448062934586	1.21667986570933E-12	3.36485142641103E-10	119.193325498956	1E10	1E-30	1E-10	1E10	1E-30	1E-10	1E10	1E-30	1E-10	1E10	1E-30	1E-10	1E10	1E-30	1E-10	1E10	1E-30	1E-10	2	-2	2
185	5.6E-10	1E10	1E10	1E-30	1.3331066976994E-10	1E10	1E-30	1E10	5.43068214893196E-03	1.25687568959016E-06	1E10	0.011806891337304	1E-30	6.60169634605367E-11	4.12974619500072E-02	1.79624252377456E-09	5.39831217359846E-11	1.74976642279047	6.14451552877337E-10	6.36694432664856E-11	2.10323922898727	1.61589941290333E-09	1.13672412918882E-11	0.430693802499796	6.52336869895454E-10	1.75471349673204E-11	0.779173852794489	1.46370489978197E-10	3.21419652864196E-11	0.673225826782175	6.14523005976817E-12	1.59135240478318E-10	42.7448062934586	1.21667986570933E-12	3.36485142641103E-10	119.193325498956	1E10	1E-30	1E-10	1E10	1E-30	1E-10	1E10	1E-30	1E-10	1E10	1E-30	1E-10	1E10	1E-30	1E-10	1E10	1E-30	1E-10	2	-5	5
186	5.59999999999999E-10	1E10	1E10	1E-30	6.32873205513357E-11	1E10	1E-30	1E10	6.88190248146085E-02	2.36818100251908E-09	2.04637056649497E-11	0.354184811181017	3.24631983033075E-10	4.42233997882511E-11	0.906172344374401	1.10168631103239E-10	2.84818502998388E-11	0.780973299070892	1.33223869438157E-11	6.67080356635079E-11	5.07906400923792	9.58501556420866E-13	6.1454544187135E-10	1351.7442460268	1E10	1E-30	1E-10	1E10	1E-30	1E-10	1E10	1E-30	1E-10	1E10	1E-30	1E-10	1E10	1E-30	1E-10	1E10	1E-30	1E-10	1E10	1E-30	1E-10	1E10	1E-30	1E-10	1E10	1E-30	1E-10	1E10	1E-30	1E-10	2	-5	5
187	5.59999999999999E-10	1E10	1E10	1E-30	2.52524701488838E-11	1E10	1E-30	1E10	3.70251270513106E-02	1E-30	1.15857827825094E-10	1.53239859454724	1.79533492050872E-09	5.14131650079541E-11	1.98202128719944	6.77075204348768E-10	5.17419667920113E-11	2.08534379032426	2.95467135169045E-09	5.55259499254856E-12	0.310859936872359	8.62967710892121E-10	1.16975337050848E-11	0.574712479233226	7.07686543921181E-13	5.57771331219959E-10	739.373121074928	1E10	1E-30	1E-10	1E10	1E-30	1E-10	1E10	1E-30	1E-10	1E10	1E-30	1E-10	1E10	1E-30	1E-10	1E10	1E-30	1E-10	1E10	1E-30	1E-10	1E10	1E-30	1E-10	1E10	1E-30	1E-10	2	-5	5
188	6.8E-10	1E10	1E10	1E-30	5.42304762623303E-12	1E10	1E-30	1E10	5.98200209903959E-02	2.83705831172479E-09	2.90662472164846E-11	0.732573110223373	5.99093936133421E-10	4.68828354518803E-11	1.25425002444357	2.73853049380873E-10	2.80524909993052E-11	0.581169146926471	6.88038170287206E-13	7.9038684622163E-10	461.538144111567	1E10	1E-30	1E-10	1E10	1E-30	1E-10	1E10	1E-30	1E-10	1E10	1E-30	1E-10	1E10	1E-30	1E-10	1E10	1E-30	1E-10	1E10	1E-30	1E-10	1E10	1E-30	1E-10	1E10	1E-30	1E-10	1E10	1E-30	1E-10	1E10	1E-30	1E-10	2	-1	1
189	6.8E-10	1E10	1E10	1E-30	5.42304762623303E-12	1E10	1E-30	1E10	5.98200209903959E-02	2.83705831172479E-09	2.90662472164846E-11	0.732573110223373	5.99093936133421E-10	4.68828354518803E-11	1.25425002444357	2.73853049380873E-10	2.80524909993052E-11	0.581169146926471	6.88038170287206E-13	7.9038684622163E-10	461.538144111567	1E10	1E-30	1E-10	1E10	1E-30	1E-10	1E10	1E-30	1E-10	1E10	1E-30	1E-10	1E10	1E-30	1E-10	1E10	1E-30	1E-10	1E10	1E-30	1E-10	1E10	1E-30	1E-10	1E10	1E-30	1E-10	1E10	1E-30	1E-10	1E10	1E-30	1E-10	2	-2	2
190	6.8E-10	1E10	1E10	1E-30	5.42304762623303E-12	1E10	1E-30	1E10	5.98200209903959E-02	2.83705831172479E-09	2.90662472164846E-11	0.732573110223373	5.99093936133421E-10	4.68828354518803E-11	1.25425002444357	2.73853049380873E-10	2.80524909993052E-11	0.581169146926471	6.88038170287206E-13	7.9038684622163E-10	461.538144111567	1E10	1E-30	1E-10	1E10	1E-30	1E-10	1E10	1E-30	1E-10	1E10	1E-30	1E-10	1E10	1E-30	1E-10	1E10	1E-30	1E-10	1E10	1E-30	1E-10	1E10	1E-30	1E-10	1E10	1E-30	1E-10	1E10	1E-30	1E-10	1E10	1E-30	1E-10	2	-5	5
191	6.8E-10	1E10	1E10	1E-30	2.29156788434655E-12	1E10	1E-30	1E10	7.42428797286453E-03	1E-30	7.75695788556075E-11	3.23501807309793E-02	1.89706729853838E-09	7.03303509841597E-11	1.94286918504144	1.01489191677227E-09	5.56880433889161E-11	2.08879232336113	1.91399005924625E-09	1.41540364940117E-11	0.484583472178773	9.30028146241745E-10	1.73246001716025E-11	0.661468983736086	4.79289368435105E-11	8.13218249871933E-11	0.943840277883384	3.50251348209198E-11	2.73447038494182E-11	3.58270982977531	8.14582210982182E-13	5.2404718681684E-10	219.024822125458	1E10	1E-30	1E-10	1E10	1E-30	1E-10	1E10	1E-30	1E-10	1E10	1E-30	1E-10	1E10	1E-30	1E-10	1E10	1E-30	1E-10	1E10	1E-30	1E-10	2	-1	1
192	6.8E-10	1E10	1E10	1E-30	2.29156788434655E-12	1E10	1E-30	1E10	7.42428797286453E-03	1E-30	7.75695788556075E-11	3.23501807309793E-02	1.89706729853838E-09	7.03303509841597E-11	1.94286918504144	1.01489191677227E-09	5.56880433889161E-11	2.08879232336113	1.91399005924625E-09	1.41540364940117E-11	0.484583472178773	9.30028146241745E-10	1.73246001716025E-11	0.661468983736086	4.79289368435105E-11	8.13218249871933E-11	0.943840277883384	3.50251348209198E-11	2.73447038494182E-11	3.58270982977531	8.14582210982182E-13	5.2404718681684E-10	219.024822125458	1E10	1E-30	1E-10	1E10	1E-30	1E-10	1E10	1E-30	1E-10	1E10	1E-30	1E-10	1E10	1E-30	1E-10	1E10	1E-30	1E-10	1E10	1E-30	1E-10	2	-2	2
193	6.8E-10	1E10	1E10	1E-30	2.29156788434655E-12	1E10	1E-30	1E10	7.42428797286453E-03	1E-30	7.75695788556075E-11	3.23501807309793E-02	1.89706729853838E-09	7.03303509841597E-11	1.94286918504144	1.01489191677227E-09	5.56880433889161E-11	2.08879232336113	1.91399005924625E-09	1.41540364940117E-11	0.484583472178773	9.30028146241745E-10	1.73246001716025E-11	0.661468983736086	4.79289368435105E-11	8.13218249871933E-11	0.943840277883384	3.50251348209198E-11	2.73447038494182E-11	3.58270982977531	8.14582210982182E-13	5.2404718681684E-10	219.024822125458	1E10	1E-30	1E-10	1E10	1E-30	1E-10	1E10	1E-30	1E-10	1E10	1E-30	1E-10	1E10	1E-30	1E-10	1E10	1E-30	1E-10	1E10	1E-30	1E-10	2	-5	5
194	6.79999999999999E-10	1E10	1E10	1E-30	4.28489657814884E-12	1E10	1E-30	1E10	5.96848999727673E-02	1E-30	2.42965357736993E-10	5.9642200271921	3.88927833245899E-09	1.65261842216724E-11	0.299968394960551	8.11619170180851E-10	2.63654527577065E-11	0.799673789075072	1.01811289786358E-12	6.08930389373917E-10	1459.65356658256	1E10	1E-30	1E-10	1E10	1E-30	1E-10	1E10	1E-30	1E-10	1E10	1E-30	1E-10	1E10	1E-30	1E-10	1E10	1E-30	1E-10	1E10	1E-30	1E-10	1E10	1E-30	1E-10	1E10	1E-30	1E-10	1E10	1E-30	1E-10	1E10	1E-30	1E-10	2	-5	5
195	6.8E-10	1E10	1E10	1E-30	6.11755372405242E-11	1E10	1E-30	1E10	0.028718471263678	1E-30	1.45379108406051E-10	1.60216358300665	1.49173556913473E-09	8.62353315627103E-11	1.9440815114857	1.08105468242839E-09	4.92526922409274E-11	1.86931975513897	2.38733655075415E-09	1.0636263559287E-11	0.452175654967666	9.77429096117374E-10	1.57279493661661E-11	0.593178333616919	9.65192727068348E-13	3.98103945811591E-10	196.006980825424	1E10	1E-30	1E-10	1E10	1E-30	1E-10	1E10	1E-30	1E-10	1E10	1E-30	1E-10	1E10	1E-30	1E-10	1E10	1E-30	1E-10	1E10	1E-30	1E-10	1E10	1E-30	1E-10	1E10	1E-30	1E-10	2	-5	5
196	8.2E-10	1E10	1E10	1E-30	1.72488978660826E-12	1E10	1E-30	1E10	5.12390575693158E-02	3.25737877500466E-09	3.33725170049304E-11	0.803250442440726	7.20269332408168E-10	5.63655656578161E-11	1.25425002444357	3.52791068094708E-10	3.14754125903601E-11	0.542378605859648	6.72376509442991E-13	7.72395445081654E-10	461.538144111567	1E10	1E-30	1E-10	1E10	1E-30	1E-10	1E10	1E-30	1E-10	1E10	1E-30	1E-10	1E10	1E-30	1E-10	1E10	1E-30	1E-10	1E10	1E-30	1E-10	1E10	1E-30	1E-10	1E10	1E-30	1E-10	1E10	1E-30	1E-10	1E10	1E-30	1E-10	2	-1	1
197	8.2E-10	1E10	1E10	1E-30	1.72488978660826E-12	1E10	1E-30	1E10	5.12390575693158E-02	3.25737877500466E-09	3.33725170049304E-11	0.803250442440726	7.20269332408168E-10	5.63655656578161E-11	1.25425002444357	3.52791068094708E-10	3.14754125903601E-11	0.542378605859648	6.72376509442991E-13	7.72395445081654E-10	461.538144111567	1E10	1E-30	1E-10	1E10	1E-30	1E-10	1E10	1E-30	1E-10	1E10	1E-30	1E-10	1E10	1E-30	1E-10	1E10	1E-30	1E-10	1E10	1E-30	1E-10	1E10	1E-30	1E-10	1E10	1E-30	1E-10	1E10	1E-30	1E-10	1E10	1E-30	1E-10	2	-2	2
198	8.2E-10	1E10	1E10	1E-30	1.72488978660826E-12	1E10	1E-30	1E10	5.12390575693158E-02	3.25737877500466E-09	3.33725170049304E-11	0.803250442440726	7.20269332408168E-10	5.63655656578161E-11	1.25425002444357	3.52791068094708E-10	3.14754125903601E-11	0.542378605859648	6.72376509442991E-13	7.72395445081654E-10	461.538144111567	1E10	1E-30	1E-10	1E10	1E-30	1E-10	1E10	1E-30	1E-10	1E10	1E-30	1E-10	1E10	1E-30	1E-10	1E10	1E-30	1E-10	1E10	1E-30	1E-10	1E10	1E-30	1E-10	1E10	1E-30	1E-10	1E10	1E-30	1E-10	1E10	1E-30	1E-10	2	-5	5
199	8.2E-10	1E10	1E10	1E-30	1.60758722490674E-11	1E10	1E-30	1E10	2.47700369665127E-03	1.86563154796825E-06	1E10	7.95430089486386E-03	1E-30	9.87123187616365E-11	3.49600055561707E-02	2.71347746080445E-09	6.44312795117168E-11	1.81932418354793	1.51216148150279E-09	4.90366089638961E-11	1.72471319090431	4.31441468241509E-09	8.59678320944263E-12	0.344998006327148	1.50897305308054E-09	1.50897962920982E-11	0.525575175509187	4.11541053235537E-11	9.99874874573796E-11	0.851893485619468	1.8481630975501E-12	3.380813628811E-10	100.985159709954	2.20099170641162E-12	2.65572308326806E-10	538.455801052933	1E10	1E-30	1E-10	1E10	1E-30	1E-10	1E10	1E-30	1E-10	1E10	1E-30	1E-10	1E10	1E-30	1E-10	1E10	1E-30	1E-10	2	-1	1
200	8.2E-10	1E10	1E10	1E-30	1.60758722490674E-11	1E10	1E-30	1E10	2.47700369665127E-03	1.86563154796825E-06	1E10	7.95430089486386E-03	1E-30	9.87123187616365E-11	3.49600055561707E-02	2.71347746080445E-09	6.44312795117168E-11	1.81932418354793	1.51216148150279E-09	4.90366089638961E-11	1.72471319090431	4.31441468241509E-09	8.59678320944263E-12	0.344998006327148	1.50897305308054E-09	1.50897962920982E-11	0.525575175509187	4.11541053235537E-11	9.99874874573796E-11	0.851893485619468	1.8481630975501E-12	3.380813628811E-10	100.985159709954	2.20099170641162E-12	2.65572308326806E-10	538.455801052933	1E10	1E-30	1E-10	1E10	1E-30	1E-10	1E10	1E-30	1E-10	1E10	1E-30	1E-10	1E10	1E-30	1E-10	1E10	1E-30	1E-10	2	-2	2
201	8.2E-10	1E10	1E10	1E-30	1.60758722490674E-11	1E10	1E-30	1E10	2.47700369665127E-03	1.86563154796825E-06	1E10	7.95430089486386E-03	1E-30	9.87123187616365E-11	3.49600055561707E-02	2.71347746080445E-09	6.44312795117168E-11	1.81932418354793	1.51216148150279E-09	4.90366089638961E-11	1.72471319090431	4.31441468241509E-09	8.59678320944263E-12	0.344998006327148	1.50897305308054E-09	1.50897962920982E-11	0.525575175509187	4.11541053235537E-11	9.99874874573796E-11	0.851893485619468	1.8481630975501E-12	3.380813628811E-10	100.985159709954	2.20099170641162E-12	2.65572308326806E-10	538.455801052933	1E10	1E-30	1E-10	1E10	1E-30	1E-10	1E10	1E-30	1E-10	1E10	1E-30	1E-10	1E10	1E-30	1E-10	1E10	1E-30	1E-10	2	-5	5
202	8.19999999999999E-10	1E10	1E10	1E-30	2.33831459864877E-11	1E10	1E-30	1E10	4.91126307116975E-02	1E-30	8.26137054940231E-11	1.00917827431161	4.31462464367612E-09	2.0646845300741E-11	0.425782198148606	7.34812552017648E-10	4.35756927990698E-11	0.858570999867544	8.19769220028689E-12	8.76224460589089E-11	12.10740565502	1.04844743093291E-12	5.55613114226284E-10	523.615892930635	1E10	1E-30	1E-10	1E10	1E-30	1E-10	1E10	1E-30	1E-10	1E10	1E-30	1E-10	1E10	1E-30	1E-10	1E10	1E-30	1E-10	1E10	1E-30	1E-10	1E10	1E-30	1E-10	1E10	1E-30	1E-10	1E10	1E-30	1E-10	2	-5	5
203	8.2E-10	1E10	1E10	1E-30	1.31995616464096E-11	1E10	1E-30	1E10	1.32123694010345E-02	1E-30	1.28739570108727E-10	1.43913923871431	2.00714379692787E-09	9.00530933759948E-11	1.82617965281905	1.09409748174583E-09	6.7106987245084E-11	1.81254598449232	3.70883440663356E-09	9.62093420984779E-12	0.367819334614023	1.17494983820888E-09	1.85528324955695E-11	0.529801535112639	2.38483558717368E-11	3.64000223806344E-11	5.04330089301666	1.27002619000377E-12	5.4155060826935E-10	603.419052206278	1E10	1E-30	1E-10	1E10	1E-30	1E-10	1E10	1E-30	1E-10	1E10	1E-30	1E-10	1E10	1E-30	1E-10	1E10	1E-30	1E-10	1E10	1E-30	1E-10	1E10	1E-30	1E-10	2	-5	5
END DSCRDATA
